1998,2.44,"Canada",1.75.14,v53081093
1999,2.55,"Canada",1.75.14,v53081093
2000,1.74,"Canada",1.75.14,v53081093
2001,1.16,"Canada",1.75.14,v53081093
2002,1.38,"Canada",1.75.14,v53081093
2003,1.06,"Canada",1.75.14,v53081093
2004,0.54,"Canada",1.75.14,v53081093
2005,0.77,"Canada",1.75.14,v53081093
2006,0.88,"Canada",1.75.14,v53081093
2007,0.69,"Canada",1.75.14,v53081093
2008,1.81,"Canada",1.75.14,v53081093
2009,2.46,"Canada",1.75.14,v53081093
2010,2.02,"Canada",1.75.14,v53081093
2011,1.00,"Canada",1.75.14,v53081093
2012,1.23,"Canada",1.75.14,v53081093
2013,0.92,"Canada",1.75.14,v53081093
2014,1.02,"Canada",1.75.14,v53081093
2015,1.12,"Canada",1.75.14,v53081093
1998,8.02,"Newfoundland and Labrador",2.75.14,v53081363
1999,0.00,"Newfoundland and Labrador",2.75.14,v53081363
2000,0.00,"Newfoundland and Labrador",2.75.14,v53081363
2001,2.23,"Newfoundland and Labrador",2.75.14,v53081363
2002,0.00,"Newfoundland and Labrador",2.75.14,v53081363
2003,0.00,"Newfoundland and Labrador",2.75.14,v53081363
2004,2.42,"Newfoundland and Labrador",2.75.14,v53081363
2005,0.00,"Newfoundland and Labrador",2.75.14,v53081363
2006,0.00,"Newfoundland and Labrador",2.75.14,v53081363
2007,0.00,"Newfoundland and Labrador",2.75.14,v53081363
2008,13.70,"Newfoundland and Labrador",2.75.14,v53081363
2009,11.20,"Newfoundland and Labrador",2.75.14,v53081363
2010,34.24,"Newfoundland and Labrador",2.75.14,v53081363
2011,5.81,"Newfoundland and Labrador",2.75.14,v53081363
2012,8.87,"Newfoundland and Labrador",2.75.14,v53081363
2013,12.09,"Newfoundland and Labrador",2.75.14,v53081363
2014,0.00,"Newfoundland and Labrador",2.75.14,v53081363
2015,3.12,"Newfoundland and Labrador",2.75.14,v53081363
1998,0.00,"St. John's, Newfoundland and Labrador",3.75.14,v53082314
1999,0.00,"St. John's, Newfoundland and Labrador",3.75.14,v53082314
2000,0.00,"St. John's, Newfoundland and Labrador",3.75.14,v53082314
2001,..,"St. John's, Newfoundland and Labrador",3.75.14,v53082314
2002,0.00,"St. John's, Newfoundland and Labrador",3.75.14,v53082314
2003,..,"St. John's, Newfoundland and Labrador",3.75.14,v53082314
2004,0.00,"St. John's, Newfoundland and Labrador",3.75.14,v53082314
2005,0.00,"St. John's, Newfoundland and Labrador",3.75.14,v53082314
2006,0.00,"St. John's, Newfoundland and Labrador",3.75.14,v53082314
2007,0.00,"St. John's, Newfoundland and Labrador",3.75.14,v53082314
2008,7.55,"St. John's, Newfoundland and Labrador",3.75.14,v53082314
2009,15.34,"St. John's, Newfoundland and Labrador",3.75.14,v53082314
2010,93.77,"St. John's, Newfoundland and Labrador",3.75.14,v53082314
2011,15.78,"St. John's, Newfoundland and Labrador",3.75.14,v53082314
2012,23.85,"St. John's, Newfoundland and Labrador",3.75.14,v53082314
2013,32.22,"St. John's, Newfoundland and Labrador",3.75.14,v53082314
2014,0.00,"St. John's, Newfoundland and Labrador",3.75.14,v53082314
2015,8.21,"St. John's, Newfoundland and Labrador",3.75.14,v53082314
1998,16.35,"Prince Edward Island",4.75.14,v53080845
1999,0.00,"Prince Edward Island",4.75.14,v53080845
2000,8.20,"Prince Edward Island",4.75.14,v53080845
2001,0.00,"Prince Edward Island",4.75.14,v53080845
2002,0.00,"Prince Edward Island",4.75.14,v53080845
2003,0.00,"Prince Edward Island",4.75.14,v53080845
2004,0.00,"Prince Edward Island",4.75.14,v53080845
2005,0.00,"Prince Edward Island",4.75.14,v53080845
2006,0.00,"Prince Edward Island",4.75.14,v53080845
2007,0.00,"Prince Edward Island",4.75.14,v53080845
2008,8.82,"Prince Edward Island",4.75.14,v53080845
2009,8.95,"Prince Edward Island",4.75.14,v53080845
2010,27.34,"Prince Edward Island",4.75.14,v53080845
2011,0.00,"Prince Edward Island",4.75.14,v53080845
2012,0.00,"Prince Edward Island",4.75.14,v53080845
2013,0.00,"Prince Edward Island",4.75.14,v53080845
2014,0.00,"Prince Edward Island",4.75.14,v53080845
2015,20.43,"Prince Edward Island",4.75.14,v53080845
1998,5.32,"Nova Scotia",5.75.14,v53083023
1999,2.66,"Nova Scotia",5.75.14,v53083023
2000,4.00,"Nova Scotia",5.75.14,v53083023
2001,0.00,"Nova Scotia",5.75.14,v53083023
2002,0.00,"Nova Scotia",5.75.14,v53083023
2003,2.66,"Nova Scotia",5.75.14,v53083023
2004,2.68,"Nova Scotia",5.75.14,v53083023
2005,0.00,"Nova Scotia",5.75.14,v53083023
2006,12.26,"Nova Scotia",5.75.14,v53083023
2007,0.00,"Nova Scotia",5.75.14,v53083023
2008,0.00,"Nova Scotia",5.75.14,v53083023
2009,2.97,"Nova Scotia",5.75.14,v53083023
2010,3.04,"Nova Scotia",5.75.14,v53083023
2011,3.12,"Nova Scotia",5.75.14,v53083023
2012,0.00,"Nova Scotia",5.75.14,v53083023
2013,0.00,"Nova Scotia",5.75.14,v53083023
2014,0.00,"Nova Scotia",5.75.14,v53083023
2015,0.00,"Nova Scotia",5.75.14,v53083023
1998,0.00,"Halifax, Nova Scotia",6.75.14,v53124231
1999,0.00,"Halifax, Nova Scotia",6.75.14,v53124231
2000,0.00,"Halifax, Nova Scotia",6.75.14,v53124231
2001,..,"Halifax, Nova Scotia",6.75.14,v53124231
2002,..,"Halifax, Nova Scotia",6.75.14,v53124231
2003,..,"Halifax, Nova Scotia",6.75.14,v53124231
2004,..,"Halifax, Nova Scotia",6.75.14,v53124231
2005,..,"Halifax, Nova Scotia",6.75.14,v53124231
2006,0.00,"Halifax, Nova Scotia",6.75.14,v53124231
2007,0.00,"Halifax, Nova Scotia",6.75.14,v53124231
2008,0.00,"Halifax, Nova Scotia",6.75.14,v53124231
2009,0.00,"Halifax, Nova Scotia",6.75.14,v53124231
2010,0.00,"Halifax, Nova Scotia",6.75.14,v53124231
2011,0.00,"Halifax, Nova Scotia",6.75.14,v53124231
2012,0.00,"Halifax, Nova Scotia",6.75.14,v53124231
2013,0.00,"Halifax, Nova Scotia",6.75.14,v53124231
2014,0.00,"Halifax, Nova Scotia",6.75.14,v53124231
2015,0.00,"Halifax, Nova Scotia",6.75.14,v53124231
1998,12.89,"New Brunswick",7.75.14,v53082725
1999,6.52,"New Brunswick",7.75.14,v53082725
2000,3.30,"New Brunswick",7.75.14,v53082725
2001,1.67,"New Brunswick",7.75.14,v53082725
2002,0.00,"New Brunswick",7.75.14,v53082725
2003,6.81,"New Brunswick",7.75.14,v53082725
2004,0.00,"New Brunswick",7.75.14,v53082725
2005,12.06,"New Brunswick",7.75.14,v53082725
2006,3.48,"New Brunswick",7.75.14,v53082725
2007,0.00,"New Brunswick",7.75.14,v53082725
2008,0.00,"New Brunswick",7.75.14,v53082725
2009,3.71,"New Brunswick",7.75.14,v53082725
2010,0.00,"New Brunswick",7.75.14,v53082725
2011,0.00,"New Brunswick",7.75.14,v53082725
2012,0.00,"New Brunswick",7.75.14,v53082725
2013,0.00,"New Brunswick",7.75.14,v53082725
2014,0.00,"New Brunswick",7.75.14,v53082725
2015,0.00,"New Brunswick",7.75.14,v53082725
2005,..,"Moncton, New Brunswick",43.75.14,v53082755
2006,21.43,"Moncton, New Brunswick",43.75.14,v53082755
2007,0.00,"Moncton, New Brunswick",43.75.14,v53082755
2008,0.00,"Moncton, New Brunswick",43.75.14,v53082755
2009,21.77,"Moncton, New Brunswick",43.75.14,v53082755
2010,0.00,"Moncton, New Brunswick",43.75.14,v53082755
2011,0.00,"Moncton, New Brunswick",43.75.14,v53082755
2012,0.00,"Moncton, New Brunswick",43.75.14,v53082755
2013,0.00,"Moncton, New Brunswick",43.75.14,v53082755
2014,0.00,"Moncton, New Brunswick",43.75.14,v53082755
2015,0.00,"Moncton, New Brunswick",43.75.14,v53082755
1998,0.00,"Saint John, New Brunswick",8.75.14,v53083793
1999,0.00,"Saint John, New Brunswick",8.75.14,v53083793
2000,0.00,"Saint John, New Brunswick",8.75.14,v53083793
2001,0.00,"Saint John, New Brunswick",8.75.14,v53083793
2002,..,"Saint John, New Brunswick",8.75.14,v53083793
2003,0.00,"Saint John, New Brunswick",8.75.14,v53083793
2004,0.00,"Saint John, New Brunswick",8.75.14,v53083793
2005,0.00,"Saint John, New Brunswick",8.75.14,v53083793
2006,0.00,"Saint John, New Brunswick",8.75.14,v53083793
2007,0.00,"Saint John, New Brunswick",8.75.14,v53083793
2008,0.00,"Saint John, New Brunswick",8.75.14,v53083793
2009,0.00,"Saint John, New Brunswick",8.75.14,v53083793
2010,0.00,"Saint John, New Brunswick",8.75.14,v53083793
2011,0.00,"Saint John, New Brunswick",8.75.14,v53083793
2012,0.00,"Saint John, New Brunswick",8.75.14,v53083793
2013,0.00,"Saint John, New Brunswick",8.75.14,v53083793
2014,0.00,"Saint John, New Brunswick",8.75.14,v53083793
2015,0.00,"Saint John, New Brunswick",8.75.14,v53083793
1998,0.53,"Quebec",9.75.14,v53084118
1999,0.55,"Quebec",9.75.14,v53084118
2000,0.55,"Quebec",9.75.14,v53084118
2001,0.74,"Quebec",9.75.14,v53084118
2002,1.82,"Quebec",9.75.14,v53084118
2003,0.54,"Quebec",9.75.14,v53084118
2004,0.53,"Quebec",9.75.14,v53084118
2005,0.52,"Quebec",9.75.14,v53084118
2006,0.51,"Quebec",9.75.14,v53084118
2007,1.35,"Quebec",9.75.14,v53084118
2008,0.68,"Quebec",9.75.14,v53084118
2009,2.27,"Quebec",9.75.14,v53084118
2010,0.90,"Quebec",9.75.14,v53084118
2011,0.00,"Quebec",9.75.14,v53084118
2012,0.77,"Quebec",9.75.14,v53084118
2013,0.40,"Quebec",9.75.14,v53084118
2014,1.02,"Quebec",9.75.14,v53084118
2015,1.66,"Quebec",9.75.14,v53084118
1999,..,"Saguenay, Quebec",10.75.14,v53105073
2000,0.00,"Saguenay, Quebec",10.75.14,v53105073
2001,..,"Saguenay, Quebec",10.75.14,v53105073
2002,..,"Saguenay, Quebec",10.75.14,v53105073
2003,..,"Saguenay, Quebec",10.75.14,v53105073
2004,0.00,"Saguenay, Quebec",10.75.14,v53105073
2005,0.00,"Saguenay, Quebec",10.75.14,v53105073
2006,0.00,"Saguenay, Quebec",10.75.14,v53105073
2007,0.00,"Saguenay, Quebec",10.75.14,v53105073
2008,0.00,"Saguenay, Quebec",10.75.14,v53105073
2009,0.00,"Saguenay, Quebec",10.75.14,v53105073
2010,0.00,"Saguenay, Quebec",10.75.14,v53105073
2011,0.00,"Saguenay, Quebec",10.75.14,v53105073
2012,0.00,"Saguenay, Quebec",10.75.14,v53105073
2013,0.00,"Saguenay, Quebec",10.75.14,v53105073
2014,0.00,"Saguenay, Quebec",10.75.14,v53105073
2015,0.00,"Saguenay, Quebec",10.75.14,v53105073
1998,0.00,"Sherbrooke, Quebec",12.75.14,v53086735
1999,..,"Sherbrooke, Quebec",12.75.14,v53086735
2000,0.00,"Sherbrooke, Quebec",12.75.14,v53086735
2001,0.00,"Sherbrooke, Quebec",12.75.14,v53086735
2002,0.00,"Sherbrooke, Quebec",12.75.14,v53086735
2003,..,"Sherbrooke, Quebec",12.75.14,v53086735
2004,0.00,"Sherbrooke, Quebec",12.75.14,v53086735
2005,0.00,"Sherbrooke, Quebec",12.75.14,v53086735
2006,0.00,"Sherbrooke, Quebec",12.75.14,v53086735
2007,0.00,"Sherbrooke, Quebec",12.75.14,v53086735
2008,0.00,"Sherbrooke, Quebec",12.75.14,v53086735
2009,0.00,"Sherbrooke, Quebec",12.75.14,v53086735
2010,0.00,"Sherbrooke, Quebec",12.75.14,v53086735
2011,0.00,"Sherbrooke, Quebec",12.75.14,v53086735
2012,0.00,"Sherbrooke, Quebec",12.75.14,v53086735
2013,0.00,"Sherbrooke, Quebec",12.75.14,v53086735
2014,0.00,"Sherbrooke, Quebec",12.75.14,v53086735
2015,0.00,"Sherbrooke, Quebec",12.75.14,v53086735
1999,..,"Ottawa-Gatineau, Quebec part",15.75.14,v53085623
2000,0.00,"Ottawa-Gatineau, Quebec part",15.75.14,v53085623
2001,0.00,"Ottawa-Gatineau, Quebec part",15.75.14,v53085623
2002,0.00,"Ottawa-Gatineau, Quebec part",15.75.14,v53085623
2003,..,"Ottawa-Gatineau, Quebec part",15.75.14,v53085623
2004,0.00,"Ottawa-Gatineau, Quebec part",15.75.14,v53085623
2005,0.00,"Ottawa-Gatineau, Quebec part",15.75.14,v53085623
2006,0.00,"Ottawa-Gatineau, Quebec part",15.75.14,v53085623
2007,3.96,"Ottawa-Gatineau, Quebec part",15.75.14,v53085623
2008,0.00,"Ottawa-Gatineau, Quebec part",15.75.14,v53085623
2009,0.00,"Ottawa-Gatineau, Quebec part",15.75.14,v53085623
2010,0.00,"Ottawa-Gatineau, Quebec part",15.75.14,v53085623
2011,0.00,"Ottawa-Gatineau, Quebec part",15.75.14,v53085623
2012,13.45,"Ottawa-Gatineau, Quebec part",15.75.14,v53085623
2013,4.61,"Ottawa-Gatineau, Quebec part",15.75.14,v53085623
2014,18.89,"Ottawa-Gatineau, Quebec part",15.75.14,v53085623
2015,19.18,"Ottawa-Gatineau, Quebec part",15.75.14,v53085623
1998,0.22,"Ontario",16.75.14,v53085681
1999,1.19,"Ontario",16.75.14,v53085681
2000,0.96,"Ontario",16.75.14,v53085681
2001,0.52,"Ontario",16.75.14,v53085681
2002,0.81,"Ontario",16.75.14,v53085681
2003,0.90,"Ontario",16.75.14,v53085681
2004,0.39,"Ontario",16.75.14,v53085681
2005,0.49,"Ontario",16.75.14,v53085681
2006,0.48,"Ontario",16.75.14,v53085681
2007,0.68,"Ontario",16.75.14,v53085681
2008,1.85,"Ontario",16.75.14,v53085681
2009,2.55,"Ontario",16.75.14,v53085681
2010,1.48,"Ontario",16.75.14,v53085681
2011,1.10,"Ontario",16.75.14,v53085681
2012,1.22,"Ontario",16.75.14,v53085681
2013,0.31,"Ontario",16.75.14,v53085681
2014,0.85,"Ontario",16.75.14,v53085681
2015,1.41,"Ontario",16.75.14,v53085681
1998,0.00,"Ottawa-Gatineau, Ontario/Quebec",17.75.14,v53080223
1999,0.00,"Ottawa-Gatineau, Ontario/Quebec",17.75.14,v53080223
2000,0.00,"Ottawa-Gatineau, Ontario/Quebec",17.75.14,v53080223
2001,0.00,"Ottawa-Gatineau, Ontario/Quebec",17.75.14,v53080223
2002,0.00,"Ottawa-Gatineau, Ontario/Quebec",17.75.14,v53080223
2003,0.00,"Ottawa-Gatineau, Ontario/Quebec",17.75.14,v53080223
2004,0.00,"Ottawa-Gatineau, Ontario/Quebec",17.75.14,v53080223
2005,0.00,"Ottawa-Gatineau, Ontario/Quebec",17.75.14,v53080223
2006,0.00,"Ottawa-Gatineau, Ontario/Quebec",17.75.14,v53080223
2007,5.16,"Ottawa-Gatineau, Ontario/Quebec",17.75.14,v53080223
2008,4.12,"Ottawa-Gatineau, Ontario/Quebec",17.75.14,v53080223
2009,7.31,"Ottawa-Gatineau, Ontario/Quebec",17.75.14,v53080223
2010,3.20,"Ottawa-Gatineau, Ontario/Quebec",17.75.14,v53080223
2011,8.66,"Ottawa-Gatineau, Ontario/Quebec",17.75.14,v53080223
2012,13.24,"Ottawa-Gatineau, Ontario/Quebec",17.75.14,v53080223
2013,4.52,"Ottawa-Gatineau, Ontario/Quebec",17.75.14,v53080223
2014,4.60,"Ottawa-Gatineau, Ontario/Quebec",17.75.14,v53080223
2015,4.64,"Ottawa-Gatineau, Ontario/Quebec",17.75.14,v53080223
1998,0.00,"Ottawa-Gatineau, Ontario part",18.75.14,v53085790
1999,0.00,"Ottawa-Gatineau, Ontario part",18.75.14,v53085790
2000,0.00,"Ottawa-Gatineau, Ontario part",18.75.14,v53085790
2001,0.00,"Ottawa-Gatineau, Ontario part",18.75.14,v53085790
2002,0.00,"Ottawa-Gatineau, Ontario part",18.75.14,v53085790
2003,0.00,"Ottawa-Gatineau, Ontario part",18.75.14,v53085790
2004,0.00,"Ottawa-Gatineau, Ontario part",18.75.14,v53085790
2005,0.00,"Ottawa-Gatineau, Ontario part",18.75.14,v53085790
2006,0.00,"Ottawa-Gatineau, Ontario part",18.75.14,v53085790
2007,5.58,"Ottawa-Gatineau, Ontario part",18.75.14,v53085790
2008,5.54,"Ottawa-Gatineau, Ontario part",18.75.14,v53085790
2009,9.80,"Ottawa-Gatineau, Ontario part",18.75.14,v53085790
2010,4.28,"Ottawa-Gatineau, Ontario part",18.75.14,v53085790
2011,11.52,"Ottawa-Gatineau, Ontario part",18.75.14,v53085790
2012,13.17,"Ottawa-Gatineau, Ontario part",18.75.14,v53085790
2013,4.48,"Ottawa-Gatineau, Ontario part",18.75.14,v53085790
2014,0.00,"Ottawa-Gatineau, Ontario part",18.75.14,v53085790
2015,0.00,"Ottawa-Gatineau, Ontario part",18.75.14,v53085790
2001,..,"Kingston, Ontario",27.75.14,v53090090
2002,0.00,"Kingston, Ontario",27.75.14,v53090090
2003,0.00,"Kingston, Ontario",27.75.14,v53090090
2004,0.00,"Kingston, Ontario",27.75.14,v53090090
2005,0.00,"Kingston, Ontario",27.75.14,v53090090
2006,0.00,"Kingston, Ontario",27.75.14,v53090090
2007,0.00,"Kingston, Ontario",27.75.14,v53090090
2008,0.00,"Kingston, Ontario",27.75.14,v53090090
2009,0.00,"Kingston, Ontario",27.75.14,v53090090
2010,0.00,"Kingston, Ontario",27.75.14,v53090090
2011,0.00,"Kingston, Ontario",27.75.14,v53090090
2012,0.00,"Kingston, Ontario",27.75.14,v53090090
2013,0.00,"Kingston, Ontario",27.75.14,v53090090
2014,0.00,"Kingston, Ontario",27.75.14,v53090090
2015,0.00,"Kingston, Ontario",27.75.14,v53090090
2005,..,"Peterborough, Ontario",44.75.14,v53087234
2006,0.00,"Peterborough, Ontario",44.75.14,v53087234
2007,0.00,"Peterborough, Ontario",44.75.14,v53087234
2008,0.00,"Peterborough, Ontario",44.75.14,v53087234
2009,0.00,"Peterborough, Ontario",44.75.14,v53087234
2010,0.00,"Peterborough, Ontario",44.75.14,v53087234
2011,0.00,"Peterborough, Ontario",44.75.14,v53087234
2012,0.00,"Peterborough, Ontario",44.75.14,v53087234
2013,0.00,"Peterborough, Ontario",44.75.14,v53087234
2014,0.00,"Peterborough, Ontario",44.75.14,v53087234
2015,0.00,"Peterborough, Ontario",44.75.14,v53087234
1998,0.00,"Toronto, Ontario",19.75.14,v53088230
1999,0.00,"Toronto, Ontario",19.75.14,v53088230
2000,0.00,"Toronto, Ontario",19.75.14,v53088230
2001,0.00,"Toronto, Ontario",19.75.14,v53088230
2002,0.00,"Toronto, Ontario",19.75.14,v53088230
2003,0.00,"Toronto, Ontario",19.75.14,v53088230
2004,0.25,"Toronto, Ontario",19.75.14,v53088230
2005,0.00,"Toronto, Ontario",19.75.14,v53088230
2006,0.24,"Toronto, Ontario",19.75.14,v53088230
2007,0.24,"Toronto, Ontario",19.75.14,v53088230
2008,1.41,"Toronto, Ontario",19.75.14,v53088230
2009,1.87,"Toronto, Ontario",19.75.14,v53088230
2010,0.70,"Toronto, Ontario",19.75.14,v53088230
2011,0.00,"Toronto, Ontario",19.75.14,v53088230
2012,0.00,"Toronto, Ontario",19.75.14,v53088230
2013,0.00,"Toronto, Ontario",19.75.14,v53088230
2014,0.00,"Toronto, Ontario",19.75.14,v53088230
2015,1.23,"Toronto, Ontario",19.75.14,v53088230
1998,0.00,"Hamilton, Ontario",20.75.14,v53088327
1999,0.00,"Hamilton, Ontario",20.75.14,v53088327
2000,0.00,"Hamilton, Ontario",20.75.14,v53088327
2001,0.00,"Hamilton, Ontario",20.75.14,v53088327
2002,0.00,"Hamilton, Ontario",20.75.14,v53088327
2003,0.00,"Hamilton, Ontario",20.75.14,v53088327
2004,1.75,"Hamilton, Ontario",20.75.14,v53088327
2005,3.47,"Hamilton, Ontario",20.75.14,v53088327
2006,1.76,"Hamilton, Ontario",20.75.14,v53088327
2007,3.49,"Hamilton, Ontario",20.75.14,v53088327
2008,0.00,"Hamilton, Ontario",20.75.14,v53088327
2009,0.00,"Hamilton, Ontario",20.75.14,v53088327
2010,3.59,"Hamilton, Ontario",20.75.14,v53088327
2011,0.00,"Hamilton, Ontario",20.75.14,v53088327
2012,0.00,"Hamilton, Ontario",20.75.14,v53088327
2013,0.00,"Hamilton, Ontario",20.75.14,v53088327
2014,5.74,"Hamilton, Ontario",20.75.14,v53088327
2015,1.92,"Hamilton, Ontario",20.75.14,v53088327
1998,..,"St.Catharines-Niagara, Ontario",21.75.14,v53092828
1999,0.00,"St.Catharines-Niagara, Ontario",21.75.14,v53092828
2000,0.00,"St.Catharines-Niagara, Ontario",21.75.14,v53092828
2001,0.00,"St.Catharines-Niagara, Ontario",21.75.14,v53092828
2002,0.00,"St.Catharines-Niagara, Ontario",21.75.14,v53092828
2003,0.00,"St.Catharines-Niagara, Ontario",21.75.14,v53092828
2004,0.00,"St.Catharines-Niagara, Ontario",21.75.14,v53092828
2005,0.00,"St.Catharines-Niagara, Ontario",21.75.14,v53092828
2006,0.00,"St.Catharines-Niagara, Ontario",21.75.14,v53092828
2007,0.00,"St.Catharines-Niagara, Ontario",21.75.14,v53092828
2008,11.63,"St.Catharines-Niagara, Ontario",21.75.14,v53092828
2009,0.00,"St.Catharines-Niagara, Ontario",21.75.14,v53092828
2010,0.00,"St.Catharines-Niagara, Ontario",21.75.14,v53092828
2011,0.00,"St.Catharines-Niagara, Ontario",21.75.14,v53092828
2012,6.37,"St.Catharines-Niagara, Ontario",21.75.14,v53092828
2013,0.00,"St.Catharines-Niagara, Ontario",21.75.14,v53092828
2014,0.00,"St.Catharines-Niagara, Ontario",21.75.14,v53092828
2015,6.92,"St.Catharines-Niagara, Ontario",21.75.14,v53092828
1998,0.00,"Kitchener-Cambridge-Waterloo, Ontario",22.75.14,v53099783
1999,0.00,"Kitchener-Cambridge-Waterloo, Ontario",22.75.14,v53099783
2000,..,"Kitchener-Cambridge-Waterloo, Ontario",22.75.14,v53099783
2001,0.00,"Kitchener-Cambridge-Waterloo, Ontario",22.75.14,v53099783
2002,..,"Kitchener-Cambridge-Waterloo, Ontario",22.75.14,v53099783
2003,0.00,"Kitchener-Cambridge-Waterloo, Ontario",22.75.14,v53099783
2004,0.00,"Kitchener-Cambridge-Waterloo, Ontario",22.75.14,v53099783
2005,2.45,"Kitchener-Cambridge-Waterloo, Ontario",22.75.14,v53099783
2006,0.00,"Kitchener-Cambridge-Waterloo, Ontario",22.75.14,v53099783
2007,0.00,"Kitchener-Cambridge-Waterloo, Ontario",22.75.14,v53099783
2008,0.00,"Kitchener-Cambridge-Waterloo, Ontario",22.75.14,v53099783
2009,0.00,"Kitchener-Cambridge-Waterloo, Ontario",22.75.14,v53099783
2010,0.00,"Kitchener-Cambridge-Waterloo, Ontario",22.75.14,v53099783
2011,0.00,"Kitchener-Cambridge-Waterloo, Ontario",22.75.14,v53099783
2012,0.00,"Kitchener-Cambridge-Waterloo, Ontario",22.75.14,v53099783
2013,0.00,"Kitchener-Cambridge-Waterloo, Ontario",22.75.14,v53099783
2014,0.00,"Kitchener-Cambridge-Waterloo, Ontario",22.75.14,v53099783
2015,0.00,"Kitchener-Cambridge-Waterloo, Ontario",22.75.14,v53099783
2005,..,"Brantford, Ontario",45.75.14,v53087719
2006,0.00,"Brantford, Ontario",45.75.14,v53087719
2007,0.00,"Brantford, Ontario",45.75.14,v53087719
2008,0.00,"Brantford, Ontario",45.75.14,v53087719
2009,0.00,"Brantford, Ontario",45.75.14,v53087719
2010,0.00,"Brantford, Ontario",45.75.14,v53087719
2011,0.00,"Brantford, Ontario",45.75.14,v53087719
2012,0.00,"Brantford, Ontario",45.75.14,v53087719
2013,0.00,"Brantford, Ontario",45.75.14,v53087719
2014,0.00,"Brantford, Ontario",45.75.14,v53087719
2015,0.00,"Brantford, Ontario",45.75.14,v53087719
2005,..,"Guelph, Ontario",46.75.14,v53101731
2006,0.00,"Guelph, Ontario",46.75.14,v53101731
2007,0.00,"Guelph, Ontario",46.75.14,v53101731
2008,0.00,"Guelph, Ontario",46.75.14,v53101731
2009,0.00,"Guelph, Ontario",46.75.14,v53101731
2010,0.00,"Guelph, Ontario",46.75.14,v53101731
2011,0.00,"Guelph, Ontario",46.75.14,v53101731
2012,0.00,"Guelph, Ontario",46.75.14,v53101731
2013,0.00,"Guelph, Ontario",46.75.14,v53101731
2014,0.00,"Guelph, Ontario",46.75.14,v53101731
2015,0.00,"Guelph, Ontario",46.75.14,v53101731
1998,0.00,"London, Ontario",23.75.14,v53094970
1999,0.00,"London, Ontario",23.75.14,v53094970
2000,0.00,"London, Ontario",23.75.14,v53094970
2001,0.00,"London, Ontario",23.75.14,v53094970
2002,0.00,"London, Ontario",23.75.14,v53094970
2003,0.00,"London, Ontario",23.75.14,v53094970
2004,5.13,"London, Ontario",23.75.14,v53094970
2005,0.00,"London, Ontario",23.75.14,v53094970
2006,0.00,"London, Ontario",23.75.14,v53094970
2007,0.00,"London, Ontario",23.75.14,v53094970
2008,2.57,"London, Ontario",23.75.14,v53094970
2009,0.00,"London, Ontario",23.75.14,v53094970
2010,0.00,"London, Ontario",23.75.14,v53094970
2011,0.00,"London, Ontario",23.75.14,v53094970
2012,0.00,"London, Ontario",23.75.14,v53094970
2013,0.00,"London, Ontario",23.75.14,v53094970
2014,5.92,"London, Ontario",23.75.14,v53094970
2015,0.00,"London, Ontario",23.75.14,v53094970
1998,0.00,"Windsor, Ontario",24.75.14,v53087961
1999,0.00,"Windsor, Ontario",24.75.14,v53087961
2000,0.00,"Windsor, Ontario",24.75.14,v53087961
2001,0.00,"Windsor, Ontario",24.75.14,v53087961
2002,0.00,"Windsor, Ontario",24.75.14,v53087961
2003,0.00,"Windsor, Ontario",24.75.14,v53087961
2004,0.00,"Windsor, Ontario",24.75.14,v53087961
2005,7.39,"Windsor, Ontario",24.75.14,v53087961
2006,0.00,"Windsor, Ontario",24.75.14,v53087961
2007,0.00,"Windsor, Ontario",24.75.14,v53087961
2008,0.00,"Windsor, Ontario",24.75.14,v53087961
2009,0.00,"Windsor, Ontario",24.75.14,v53087961
2010,3.82,"Windsor, Ontario",24.75.14,v53087961
2011,0.00,"Windsor, Ontario",24.75.14,v53087961
2012,0.00,"Windsor, Ontario",24.75.14,v53087961
2013,0.00,"Windsor, Ontario",24.75.14,v53087961
2014,0.00,"Windsor, Ontario",24.75.14,v53087961
2015,0.00,"Windsor, Ontario",24.75.14,v53087961
2005,..,"Barrie, Ontario",47.75.14,v53088970
2006,0.00,"Barrie, Ontario",47.75.14,v53088970
2007,0.00,"Barrie, Ontario",47.75.14,v53088970
2008,0.00,"Barrie, Ontario",47.75.14,v53088970
2009,0.00,"Barrie, Ontario",47.75.14,v53088970
2010,11.26,"Barrie, Ontario",47.75.14,v53088970
2011,5.72,"Barrie, Ontario",47.75.14,v53088970
2012,0.00,"Barrie, Ontario",47.75.14,v53088970
2013,0.00,"Barrie, Ontario",47.75.14,v53088970
2014,0.00,"Barrie, Ontario",47.75.14,v53088970
2015,0.00,"Barrie, Ontario",47.75.14,v53088970
1998,..,"Sudbury, Ontario",25.75.14,v53105673
1999,0.00,"Sudbury, Ontario",25.75.14,v53105673
2000,..,"Sudbury, Ontario",25.75.14,v53105673
2001,0.00,"Sudbury, Ontario",25.75.14,v53105673
2002,0.00,"Sudbury, Ontario",25.75.14,v53105673
2003,..,"Sudbury, Ontario",25.75.14,v53105673
2004,0.00,"Sudbury, Ontario",25.75.14,v53105673
2005,0.00,"Sudbury, Ontario",25.75.14,v53105673
2006,0.00,"Sudbury, Ontario",25.75.14,v53105673
2007,0.00,"Sudbury, Ontario",25.75.14,v53105673
2008,0.00,"Sudbury, Ontario",25.75.14,v53105673
2009,0.00,"Sudbury, Ontario",25.75.14,v53105673
2010,0.00,"Sudbury, Ontario",25.75.14,v53105673
2011,0.00,"Sudbury, Ontario",25.75.14,v53105673
2012,0.00,"Sudbury, Ontario",25.75.14,v53105673
2013,0.00,"Sudbury, Ontario",25.75.14,v53105673
2014,0.00,"Sudbury, Ontario",25.75.14,v53105673
2015,0.00,"Sudbury, Ontario",25.75.14,v53105673
1998,0.00,"Thunder Bay, Ontario",26.75.14,v53122646
1999,0.00,"Thunder Bay, Ontario",26.75.14,v53122646
2000,0.00,"Thunder Bay, Ontario",26.75.14,v53122646
2001,0.00,"Thunder Bay, Ontario",26.75.14,v53122646
2002,0.00,"Thunder Bay, Ontario",26.75.14,v53122646
2003,..,"Thunder Bay, Ontario",26.75.14,v53122646
2004,..,"Thunder Bay, Ontario",26.75.14,v53122646
2005,..,"Thunder Bay, Ontario",26.75.14,v53122646
2006,0.00,"Thunder Bay, Ontario",26.75.14,v53122646
2007,0.00,"Thunder Bay, Ontario",26.75.14,v53122646
2008,0.00,"Thunder Bay, Ontario",26.75.14,v53122646
2009,0.00,"Thunder Bay, Ontario",26.75.14,v53122646
2010,0.00,"Thunder Bay, Ontario",26.75.14,v53122646
2011,0.00,"Thunder Bay, Ontario",26.75.14,v53122646
2012,0.00,"Thunder Bay, Ontario",26.75.14,v53122646
2013,0.00,"Thunder Bay, Ontario",26.75.14,v53122646
2014,0.00,"Thunder Bay, Ontario",26.75.14,v53122646
2015,0.00,"Thunder Bay, Ontario",26.75.14,v53122646
1998,4.09,"Manitoba",28.75.14,v53091234
1999,9.13,"Manitoba",28.75.14,v53091234
2000,3.03,"Manitoba",28.75.14,v53091234
2001,6.03,"Manitoba",28.75.14,v53091234
2002,2.98,"Manitoba",28.75.14,v53091234
2003,1.97,"Manitoba",28.75.14,v53091234
2004,0.97,"Manitoba",28.75.14,v53091234
2005,2.90,"Manitoba",28.75.14,v53091234
2006,0.00,"Manitoba",28.75.14,v53091234
2007,0.96,"Manitoba",28.75.14,v53091234
2008,2.91,"Manitoba",28.75.14,v53091234
2009,4.90,"Manitoba",28.75.14,v53091234
2010,0.00,"Manitoba",28.75.14,v53091234
2011,0.00,"Manitoba",28.75.14,v53091234
2012,0.99,"Manitoba",28.75.14,v53091234
2013,0.00,"Manitoba",28.75.14,v53091234
2014,2.03,"Manitoba",28.75.14,v53091234
2015,1.02,"Manitoba",28.75.14,v53091234
1998,0.00,"Winnipeg, Manitoba",29.75.14,v53091292
1999,0.00,"Winnipeg, Manitoba",29.75.14,v53091292
2000,0.00,"Winnipeg, Manitoba",29.75.14,v53091292
2001,0.00,"Winnipeg, Manitoba",29.75.14,v53091292
2002,0.00,"Winnipeg, Manitoba",29.75.14,v53091292
2003,0.00,"Winnipeg, Manitoba",29.75.14,v53091292
2004,1.76,"Winnipeg, Manitoba",29.75.14,v53091292
2005,3.53,"Winnipeg, Manitoba",29.75.14,v53091292
2006,0.00,"Winnipeg, Manitoba",29.75.14,v53091292
2007,1.64,"Winnipeg, Manitoba",29.75.14,v53091292
2008,4.98,"Winnipeg, Manitoba",29.75.14,v53091292
2009,8.35,"Winnipeg, Manitoba",29.75.14,v53091292
2010,0.00,"Winnipeg, Manitoba",29.75.14,v53091292
2011,0.00,"Winnipeg, Manitoba",29.75.14,v53091292
2012,0.00,"Winnipeg, Manitoba",29.75.14,v53091292
2013,0.00,"Winnipeg, Manitoba",29.75.14,v53091292
2014,0.00,"Winnipeg, Manitoba",29.75.14,v53091292
2015,1.77,"Winnipeg, Manitoba",29.75.14,v53091292
1998,3.09,"Saskatchewan",30.75.14,v53096245
1999,2.07,"Saskatchewan",30.75.14,v53096245
2000,0.00,"Saskatchewan",30.75.14,v53096245
2001,3.16,"Saskatchewan",30.75.14,v53096245
2002,1.06,"Saskatchewan",30.75.14,v53096245
2003,0.00,"Saskatchewan",30.75.14,v53096245
2004,1.08,"Saskatchewan",30.75.14,v53096245
2005,0.00,"Saskatchewan",30.75.14,v53096245
2006,0.00,"Saskatchewan",30.75.14,v53096245
2007,0.00,"Saskatchewan",30.75.14,v53096245
2008,2.30,"Saskatchewan",30.75.14,v53096245
2009,0.00,"Saskatchewan",30.75.14,v53096245
2010,1.18,"Saskatchewan",30.75.14,v53096245
2011,1.19,"Saskatchewan",30.75.14,v53096245
2012,1.20,"Saskatchewan",30.75.14,v53096245
2013,2.42,"Saskatchewan",30.75.14,v53096245
2014,2.43,"Saskatchewan",30.75.14,v53096245
2015,0.00,"Saskatchewan",30.75.14,v53096245
1998,..,"Regina, Saskatchewan",31.75.14,v53096400
1999,0.00,"Regina, Saskatchewan",31.75.14,v53096400
2000,0.00,"Regina, Saskatchewan",31.75.14,v53096400
2001,0.00,"Regina, Saskatchewan",31.75.14,v53096400
2002,..,"Regina, Saskatchewan",31.75.14,v53096400
2003,..,"Regina, Saskatchewan",31.75.14,v53096400
2004,0.00,"Regina, Saskatchewan",31.75.14,v53096400
2005,0.00,"Regina, Saskatchewan",31.75.14,v53096400
2006,0.00,"Regina, Saskatchewan",31.75.14,v53096400
2007,0.00,"Regina, Saskatchewan",31.75.14,v53096400
2008,0.00,"Regina, Saskatchewan",31.75.14,v53096400
2009,0.00,"Regina, Saskatchewan",31.75.14,v53096400
2010,0.00,"Regina, Saskatchewan",31.75.14,v53096400
2011,0.00,"Regina, Saskatchewan",31.75.14,v53096400
2012,0.00,"Regina, Saskatchewan",31.75.14,v53096400
2013,0.00,"Regina, Saskatchewan",31.75.14,v53096400
2014,0.00,"Regina, Saskatchewan",31.75.14,v53096400
2015,0.00,"Regina, Saskatchewan",31.75.14,v53096400
1998,..,"Saskatoon, Saskatchewan",32.75.14,v53090792
1999,0.00,"Saskatoon, Saskatchewan",32.75.14,v53090792
2000,..,"Saskatoon, Saskatchewan",32.75.14,v53090792
2001,..,"Saskatoon, Saskatchewan",32.75.14,v53090792
2002,..,"Saskatoon, Saskatchewan",32.75.14,v53090792
2003,0.00,"Saskatoon, Saskatchewan",32.75.14,v53090792
2004,0.00,"Saskatoon, Saskatchewan",32.75.14,v53090792
2005,0.00,"Saskatoon, Saskatchewan",32.75.14,v53090792
2006,0.00,"Saskatoon, Saskatchewan",32.75.14,v53090792
2007,0.00,"Saskatoon, Saskatchewan",32.75.14,v53090792
2008,0.00,"Saskatoon, Saskatchewan",32.75.14,v53090792
2009,0.00,"Saskatoon, Saskatchewan",32.75.14,v53090792
2010,4.92,"Saskatoon, Saskatchewan",32.75.14,v53090792
2011,0.00,"Saskatoon, Saskatchewan",32.75.14,v53090792
2012,0.00,"Saskatoon, Saskatchewan",32.75.14,v53090792
2013,4.95,"Saskatoon, Saskatchewan",32.75.14,v53090792
2014,4.92,"Saskatoon, Saskatchewan",32.75.14,v53090792
2015,0.00,"Saskatoon, Saskatchewan",32.75.14,v53090792
1998,4.22,"Alberta",33.75.14,v53090835
1999,4.54,"Alberta",33.75.14,v53090835
2000,1.50,"Alberta",33.75.14,v53090835
2001,1.11,"Alberta",33.75.14,v53090835
2002,1.08,"Alberta",33.75.14,v53090835
2003,0.72,"Alberta",33.75.14,v53090835
2004,0.36,"Alberta",33.75.14,v53090835
2005,0.00,"Alberta",33.75.14,v53090835
2006,1.39,"Alberta",33.75.14,v53090835
2007,0.35,"Alberta",33.75.14,v53090835
2008,1.40,"Alberta",33.75.14,v53090835
2009,0.00,"Alberta",33.75.14,v53090835
2010,2.13,"Alberta",33.75.14,v53090835
2011,1.42,"Alberta",33.75.14,v53090835
2012,2.50,"Alberta",33.75.14,v53090835
2013,1.07,"Alberta",33.75.14,v53090835
2014,1.08,"Alberta",33.75.14,v53090835
2015,0.00,"Alberta",33.75.14,v53090835
1998,0.00,"Calgary, Alberta",34.75.14,v53091911
1999,0.00,"Calgary, Alberta",34.75.14,v53091911
2000,0.00,"Calgary, Alberta",34.75.14,v53091911
2001,0.00,"Calgary, Alberta",34.75.14,v53091911
2002,0.00,"Calgary, Alberta",34.75.14,v53091911
2003,0.00,"Calgary, Alberta",34.75.14,v53091911
2004,0.00,"Calgary, Alberta",34.75.14,v53091911
2005,0.00,"Calgary, Alberta",34.75.14,v53091911
2006,0.00,"Calgary, Alberta",34.75.14,v53091911
2007,0.00,"Calgary, Alberta",34.75.14,v53091911
2008,0.00,"Calgary, Alberta",34.75.14,v53091911
2009,0.00,"Calgary, Alberta",34.75.14,v53091911
2010,2.25,"Calgary, Alberta",34.75.14,v53091911
2011,2.24,"Calgary, Alberta",34.75.14,v53091911
2012,0.00,"Calgary, Alberta",34.75.14,v53091911
2013,1.09,"Calgary, Alberta",34.75.14,v53091911
2014,1.09,"Calgary, Alberta",34.75.14,v53091911
2015,0.00,"Calgary, Alberta",34.75.14,v53091911
1998,0.00,"Edmonton, Alberta",35.75.14,v53092004
1999,0.00,"Edmonton, Alberta",35.75.14,v53092004
2000,0.00,"Edmonton, Alberta",35.75.14,v53092004
2001,0.00,"Edmonton, Alberta",35.75.14,v53092004
2002,0.00,"Edmonton, Alberta",35.75.14,v53092004
2003,0.00,"Edmonton, Alberta",35.75.14,v53092004
2004,0.00,"Edmonton, Alberta",35.75.14,v53092004
2005,0.00,"Edmonton, Alberta",35.75.14,v53092004
2006,1.14,"Edmonton, Alberta",35.75.14,v53092004
2007,1.14,"Edmonton, Alberta",35.75.14,v53092004
2008,4.57,"Edmonton, Alberta",35.75.14,v53092004
2009,0.00,"Edmonton, Alberta",35.75.14,v53092004
2010,2.35,"Edmonton, Alberta",35.75.14,v53092004
2011,2.34,"Edmonton, Alberta",35.75.14,v53092004
2012,0.00,"Edmonton, Alberta",35.75.14,v53092004
2013,0.00,"Edmonton, Alberta",35.75.14,v53092004
2014,1.18,"Edmonton, Alberta",35.75.14,v53092004
2015,0.00,"Edmonton, Alberta",35.75.14,v53092004
1998,3.12,"British Columbia",36.75.14,v53092100
1999,3.10,"British Columbia",36.75.14,v53092100
2000,4.01,"British Columbia",36.75.14,v53092100
2001,0.31,"British Columbia",36.75.14,v53092100
2002,1.85,"British Columbia",36.75.14,v53092100
2003,1.24,"British Columbia",36.75.14,v53092100
2004,0.00,"British Columbia",36.75.14,v53092100
2005,0.31,"British Columbia",36.75.14,v53092100
2006,0.00,"British Columbia",36.75.14,v53092100
2007,0.31,"British Columbia",36.75.14,v53092100
2008,2.80,"British Columbia",36.75.14,v53092100
2009,3.13,"British Columbia",36.75.14,v53092100
2010,1.57,"British Columbia",36.75.14,v53092100
2011,1.27,"British Columbia",36.75.14,v53092100
2012,0.00,"British Columbia",36.75.14,v53092100
2013,2.64,"British Columbia",36.75.14,v53092100
2014,1.35,"British Columbia",36.75.14,v53092100
2015,0.34,"British Columbia",36.75.14,v53092100
2005,..,"Kelowna, British Columbia",48.75.14,v53093951
2006,0.00,"Kelowna, British Columbia",48.75.14,v53093951
2007,0.00,"Kelowna, British Columbia",48.75.14,v53093951
2008,0.00,"Kelowna, British Columbia",48.75.14,v53093951
2009,39.32,"Kelowna, British Columbia",48.75.14,v53093951
2010,7.92,"Kelowna, British Columbia",48.75.14,v53093951
2011,0.00,"Kelowna, British Columbia",48.75.14,v53093951
2012,0.00,"Kelowna, British Columbia",48.75.14,v53093951
2013,16.78,"Kelowna, British Columbia",48.75.14,v53093951
2014,0.00,"Kelowna, British Columbia",48.75.14,v53093951
2015,0.00,"Kelowna, British Columbia",48.75.14,v53093951
2000,..,"Abbotsford-Mission, British Columbia",39.75.14,v53097965
2001,0.00,"Abbotsford-Mission, British Columbia",39.75.14,v53097965
2002,..,"Abbotsford-Mission, British Columbia",39.75.14,v53097965
2003,0.00,"Abbotsford-Mission, British Columbia",39.75.14,v53097965
2004,0.00,"Abbotsford-Mission, British Columbia",39.75.14,v53097965
2005,0.00,"Abbotsford-Mission, British Columbia",39.75.14,v53097965
2006,0.00,"Abbotsford-Mission, British Columbia",39.75.14,v53097965
2007,0.00,"Abbotsford-Mission, British Columbia",39.75.14,v53097965
2008,0.00,"Abbotsford-Mission, British Columbia",39.75.14,v53097965
2009,0.00,"Abbotsford-Mission, British Columbia",39.75.14,v53097965
2010,0.00,"Abbotsford-Mission, British Columbia",39.75.14,v53097965
2011,0.00,"Abbotsford-Mission, British Columbia",39.75.14,v53097965
2012,0.00,"Abbotsford-Mission, British Columbia",39.75.14,v53097965
2013,0.00,"Abbotsford-Mission, British Columbia",39.75.14,v53097965
2014,0.00,"Abbotsford-Mission, British Columbia",39.75.14,v53097965
2015,0.00,"Abbotsford-Mission, British Columbia",39.75.14,v53097965
1998,0.00,"Vancouver, British Columbia",37.75.14,v53098117
1999,0.00,"Vancouver, British Columbia",37.75.14,v53098117
2000,0.00,"Vancouver, British Columbia",37.75.14,v53098117
2001,0.00,"Vancouver, British Columbia",37.75.14,v53098117
2002,0.00,"Vancouver, British Columbia",37.75.14,v53098117
2003,0.00,"Vancouver, British Columbia",37.75.14,v53098117
2004,0.00,"Vancouver, British Columbia",37.75.14,v53098117
2005,0.00,"Vancouver, British Columbia",37.75.14,v53098117
2006,0.00,"Vancouver, British Columbia",37.75.14,v53098117
2007,0.00,"Vancouver, British Columbia",37.75.14,v53098117
2008,2.47,"Vancouver, British Columbia",37.75.14,v53098117
2009,0.61,"Vancouver, British Columbia",37.75.14,v53098117
2010,0.00,"Vancouver, British Columbia",37.75.14,v53098117
2011,2.42,"Vancouver, British Columbia",37.75.14,v53098117
2012,0.00,"Vancouver, British Columbia",37.75.14,v53098117
2013,0.62,"Vancouver, British Columbia",37.75.14,v53098117
2014,1.90,"Vancouver, British Columbia",37.75.14,v53098117
2015,0.64,"Vancouver, British Columbia",37.75.14,v53098117
1998,0.00,"Victoria, British Columbia",38.75.14,v53093679
1999,0.00,"Victoria, British Columbia",38.75.14,v53093679
2000,0.00,"Victoria, British Columbia",38.75.14,v53093679
2001,0.00,"Victoria, British Columbia",38.75.14,v53093679
2002,0.00,"Victoria, British Columbia",38.75.14,v53093679
2003,0.00,"Victoria, British Columbia",38.75.14,v53093679
2004,0.00,"Victoria, British Columbia",38.75.14,v53093679
2005,0.00,"Victoria, British Columbia",38.75.14,v53093679
2006,0.00,"Victoria, British Columbia",38.75.14,v53093679
2007,0.00,"Victoria, British Columbia",38.75.14,v53093679
2008,9.13,"Victoria, British Columbia",38.75.14,v53093679
2009,0.00,"Victoria, British Columbia",38.75.14,v53093679
2010,4.68,"Victoria, British Columbia",38.75.14,v53093679
2011,0.00,"Victoria, British Columbia",38.75.14,v53093679
2012,0.00,"Victoria, British Columbia",38.75.14,v53093679
2013,5.00,"Victoria, British Columbia",38.75.14,v53093679
2014,0.00,"Victoria, British Columbia",38.75.14,v53093679
2015,0.00,"Victoria, British Columbia",38.75.14,v53093679
1998,67.18,"Yukon",40.75.14,v53123643
1999,0.00,"Yukon",40.75.14,v53123643
2000,..,"Yukon",40.75.14,v53123643
2001,..,"Yukon",40.75.14,v53123643
2002,..,"Yukon",40.75.14,v53123643
2003,..,"Yukon",40.75.14,v53123643
2004,..,"Yukon",40.75.14,v53123643
2005,..,"Yukon",40.75.14,v53123643
2006,0.00,"Yukon",40.75.14,v53123643
2007,0.00,"Yukon",40.75.14,v53123643
2008,0.00,"Yukon",40.75.14,v53123643
2009,0.00,"Yukon",40.75.14,v53123643
2010,0.00,"Yukon",40.75.14,v53123643
2011,0.00,"Yukon",40.75.14,v53123643
2012,0.00,"Yukon",40.75.14,v53123643
2013,0.00,"Yukon",40.75.14,v53123643
2014,0.00,"Yukon",40.75.14,v53123643
2015,0.00,"Yukon",40.75.14,v53123643
1998,99.09,"Northwest Territories",41.75.14,v53098684
1999,99.65,"Northwest Territories",41.75.14,v53098684
2000,24.84,"Northwest Territories",41.75.14,v53098684
2001,0.00,"Northwest Territories",41.75.14,v53098684
2002,0.00,"Northwest Territories",41.75.14,v53098684
2003,0.00,"Northwest Territories",41.75.14,v53098684
2004,22.45,"Northwest Territories",41.75.14,v53098684
2005,0.00,"Northwest Territories",41.75.14,v53098684
2006,0.00,"Northwest Territories",41.75.14,v53098684
2007,0.00,"Northwest Territories",41.75.14,v53098684
2008,0.00,"Northwest Territories",41.75.14,v53098684
2009,0.00,"Northwest Territories",41.75.14,v53098684
2010,0.00,"Northwest Territories",41.75.14,v53098684
2011,0.00,"Northwest Territories",41.75.14,v53098684
2012,55.42,"Northwest Territories",41.75.14,v53098684
2013,0.00,"Northwest Territories",41.75.14,v53098684
2014,0.00,"Northwest Territories",41.75.14,v53098684
2015,0.00,"Northwest Territories",41.75.14,v53098684
1998,..,"Nunavut",42.75.14,v53098761
1999,187.44,"Nunavut",42.75.14,v53098761
2000,117.86,"Nunavut",42.75.14,v53098761
2001,140.06,"Nunavut",42.75.14,v53098761
2002,107.44,"Nunavut",42.75.14,v53098761
2003,25.99,"Nunavut",42.75.14,v53098761
2004,0.00,"Nunavut",42.75.14,v53098761
2005,25.30,"Nunavut",42.75.14,v53098761
2006,0.00,"Nunavut",42.75.14,v53098761
2007,0.00,"Nunavut",42.75.14,v53098761
2008,0.00,"Nunavut",42.75.14,v53098761
2009,0.00,"Nunavut",42.75.14,v53098761
2010,50.37,"Nunavut",42.75.14,v53098761
2011,25.61,"Nunavut",42.75.14,v53098761
2012,0.00,"Nunavut",42.75.14,v53098761
2013,0.00,"Nunavut",42.75.14,v53098761
2014,0.00,"Nunavut",42.75.14,v53098761
2015,0.00,"Nunavut",42.75.14,v53098761
