1998,1115.00,"Canada",1.89.1,v44398890
1999,130.00,"Canada",1.89.1,v44398890
2000,29.00,"Canada",1.89.1,v44398890
2001,6.00,"Canada",1.89.1,v44398890
2002,19.00,"Canada",1.89.1,v44398890
2003,18.00,"Canada",1.89.1,v44398890
2004,52.00,"Canada",1.89.1,v44398890
2005,14.00,"Canada",1.89.1,v44398890
2006,7.00,"Canada",1.89.1,v44398890
2007,5.00,"Canada",1.89.1,v44398890
2008,2.00,"Canada",1.89.1,v44398890
2009,3.00,"Canada",1.89.1,v44398890
2010,4.00,"Canada",1.89.1,v44398890
2011,3.00,"Canada",1.89.1,v44398890
2012,5.00,"Canada",1.89.1,v44398890
2013,0.00,"Canada",1.89.1,v44398890
2014,0.00,"Canada",1.89.1,v44398890
2015,0.00,"Canada",1.89.1,v44398890
1998,10.00,"Newfoundland and Labrador",2.89.1,v44393108
1999,0.00,"Newfoundland and Labrador",2.89.1,v44393108
2000,0.00,"Newfoundland and Labrador",2.89.1,v44393108
2001,0.00,"Newfoundland and Labrador",2.89.1,v44393108
2002,0.00,"Newfoundland and Labrador",2.89.1,v44393108
2003,0.00,"Newfoundland and Labrador",2.89.1,v44393108
2004,0.00,"Newfoundland and Labrador",2.89.1,v44393108
2005,0.00,"Newfoundland and Labrador",2.89.1,v44393108
2006,0.00,"Newfoundland and Labrador",2.89.1,v44393108
2007,0.00,"Newfoundland and Labrador",2.89.1,v44393108
2008,0.00,"Newfoundland and Labrador",2.89.1,v44393108
2009,0.00,"Newfoundland and Labrador",2.89.1,v44393108
2010,0.00,"Newfoundland and Labrador",2.89.1,v44393108
2011,0.00,"Newfoundland and Labrador",2.89.1,v44393108
2012,0.00,"Newfoundland and Labrador",2.89.1,v44393108
2013,0.00,"Newfoundland and Labrador",2.89.1,v44393108
2014,0.00,"Newfoundland and Labrador",2.89.1,v44393108
2015,0.00,"Newfoundland and Labrador",2.89.1,v44393108
1998,6.00,"St. John's, Newfoundland and Labrador",3.89.1,v44362055
1999,..,"St. John's, Newfoundland and Labrador",3.89.1,v44362055
2000,..,"St. John's, Newfoundland and Labrador",3.89.1,v44362055
2001,..,"St. John's, Newfoundland and Labrador",3.89.1,v44362055
2002,..,"St. John's, Newfoundland and Labrador",3.89.1,v44362055
2003,..,"St. John's, Newfoundland and Labrador",3.89.1,v44362055
2004,..,"St. John's, Newfoundland and Labrador",3.89.1,v44362055
2005,..,"St. John's, Newfoundland and Labrador",3.89.1,v44362055
2006,0.00,"St. John's, Newfoundland and Labrador",3.89.1,v44362055
2007,0.00,"St. John's, Newfoundland and Labrador",3.89.1,v44362055
2008,0.00,"St. John's, Newfoundland and Labrador",3.89.1,v44362055
2009,0.00,"St. John's, Newfoundland and Labrador",3.89.1,v44362055
2010,0.00,"St. John's, Newfoundland and Labrador",3.89.1,v44362055
2011,0.00,"St. John's, Newfoundland and Labrador",3.89.1,v44362055
2012,0.00,"St. John's, Newfoundland and Labrador",3.89.1,v44362055
2013,0.00,"St. John's, Newfoundland and Labrador",3.89.1,v44362055
2014,0.00,"St. John's, Newfoundland and Labrador",3.89.1,v44362055
2015,0.00,"St. John's, Newfoundland and Labrador",3.89.1,v44362055
1998,1.00,"Prince Edward Island",4.89.1,v44381598
1999,0.00,"Prince Edward Island",4.89.1,v44381598
2000,0.00,"Prince Edward Island",4.89.1,v44381598
2001,0.00,"Prince Edward Island",4.89.1,v44381598
2002,0.00,"Prince Edward Island",4.89.1,v44381598
2003,0.00,"Prince Edward Island",4.89.1,v44381598
2004,0.00,"Prince Edward Island",4.89.1,v44381598
2005,0.00,"Prince Edward Island",4.89.1,v44381598
2006,0.00,"Prince Edward Island",4.89.1,v44381598
2007,0.00,"Prince Edward Island",4.89.1,v44381598
2008,0.00,"Prince Edward Island",4.89.1,v44381598
2009,0.00,"Prince Edward Island",4.89.1,v44381598
2010,0.00,"Prince Edward Island",4.89.1,v44381598
2011,0.00,"Prince Edward Island",4.89.1,v44381598
2012,0.00,"Prince Edward Island",4.89.1,v44381598
2013,0.00,"Prince Edward Island",4.89.1,v44381598
2014,0.00,"Prince Edward Island",4.89.1,v44381598
2015,0.00,"Prince Edward Island",4.89.1,v44381598
1998,40.00,"Nova Scotia",5.89.1,v44337907
1999,4.00,"Nova Scotia",5.89.1,v44337907
2000,1.00,"Nova Scotia",5.89.1,v44337907
2001,0.00,"Nova Scotia",5.89.1,v44337907
2002,6.00,"Nova Scotia",5.89.1,v44337907
2003,0.00,"Nova Scotia",5.89.1,v44337907
2004,1.00,"Nova Scotia",5.89.1,v44337907
2005,0.00,"Nova Scotia",5.89.1,v44337907
2006,0.00,"Nova Scotia",5.89.1,v44337907
2007,0.00,"Nova Scotia",5.89.1,v44337907
2008,0.00,"Nova Scotia",5.89.1,v44337907
2009,0.00,"Nova Scotia",5.89.1,v44337907
2010,0.00,"Nova Scotia",5.89.1,v44337907
2011,0.00,"Nova Scotia",5.89.1,v44337907
2012,0.00,"Nova Scotia",5.89.1,v44337907
2013,0.00,"Nova Scotia",5.89.1,v44337907
2014,0.00,"Nova Scotia",5.89.1,v44337907
2015,0.00,"Nova Scotia",5.89.1,v44337907
1998,15.00,"Halifax, Nova Scotia",6.89.1,v44376033
1999,2.00,"Halifax, Nova Scotia",6.89.1,v44376033
2000,1.00,"Halifax, Nova Scotia",6.89.1,v44376033
2001,0.00,"Halifax, Nova Scotia",6.89.1,v44376033
2002,6.00,"Halifax, Nova Scotia",6.89.1,v44376033
2003,0.00,"Halifax, Nova Scotia",6.89.1,v44376033
2004,1.00,"Halifax, Nova Scotia",6.89.1,v44376033
2005,0.00,"Halifax, Nova Scotia",6.89.1,v44376033
2006,0.00,"Halifax, Nova Scotia",6.89.1,v44376033
2007,0.00,"Halifax, Nova Scotia",6.89.1,v44376033
2008,0.00,"Halifax, Nova Scotia",6.89.1,v44376033
2009,0.00,"Halifax, Nova Scotia",6.89.1,v44376033
2010,0.00,"Halifax, Nova Scotia",6.89.1,v44376033
2011,0.00,"Halifax, Nova Scotia",6.89.1,v44376033
2012,0.00,"Halifax, Nova Scotia",6.89.1,v44376033
2013,0.00,"Halifax, Nova Scotia",6.89.1,v44376033
2014,0.00,"Halifax, Nova Scotia",6.89.1,v44376033
2015,0.00,"Halifax, Nova Scotia",6.89.1,v44376033
1998,14.00,"New Brunswick",7.89.1,v44362608
1999,4.00,"New Brunswick",7.89.1,v44362608
2000,0.00,"New Brunswick",7.89.1,v44362608
2001,0.00,"New Brunswick",7.89.1,v44362608
2002,0.00,"New Brunswick",7.89.1,v44362608
2003,0.00,"New Brunswick",7.89.1,v44362608
2004,2.00,"New Brunswick",7.89.1,v44362608
2005,0.00,"New Brunswick",7.89.1,v44362608
2006,0.00,"New Brunswick",7.89.1,v44362608
2007,5.00,"New Brunswick",7.89.1,v44362608
2008,2.00,"New Brunswick",7.89.1,v44362608
2009,3.00,"New Brunswick",7.89.1,v44362608
2010,4.00,"New Brunswick",7.89.1,v44362608
2011,3.00,"New Brunswick",7.89.1,v44362608
2012,5.00,"New Brunswick",7.89.1,v44362608
2013,0.00,"New Brunswick",7.89.1,v44362608
2014,0.00,"New Brunswick",7.89.1,v44362608
2015,0.00,"New Brunswick",7.89.1,v44362608
2006,0.00,"Moncton, New Brunswick",43.89.1,v62126235
2007,0.00,"Moncton, New Brunswick",43.89.1,v62126235
2008,0.00,"Moncton, New Brunswick",43.89.1,v62126235
2009,0.00,"Moncton, New Brunswick",43.89.1,v62126235
2010,0.00,"Moncton, New Brunswick",43.89.1,v62126235
2011,0.00,"Moncton, New Brunswick",43.89.1,v62126235
2012,0.00,"Moncton, New Brunswick",43.89.1,v62126235
2013,0.00,"Moncton, New Brunswick",43.89.1,v62126235
2014,0.00,"Moncton, New Brunswick",43.89.1,v62126235
2015,0.00,"Moncton, New Brunswick",43.89.1,v62126235
1998,1.00,"Saint John, New Brunswick",8.89.1,v44382374
1999,2.00,"Saint John, New Brunswick",8.89.1,v44382374
2000,0.00,"Saint John, New Brunswick",8.89.1,v44382374
2001,0.00,"Saint John, New Brunswick",8.89.1,v44382374
2002,0.00,"Saint John, New Brunswick",8.89.1,v44382374
2003,0.00,"Saint John, New Brunswick",8.89.1,v44382374
2004,1.00,"Saint John, New Brunswick",8.89.1,v44382374
2005,0.00,"Saint John, New Brunswick",8.89.1,v44382374
2006,0.00,"Saint John, New Brunswick",8.89.1,v44382374
2007,5.00,"Saint John, New Brunswick",8.89.1,v44382374
2008,2.00,"Saint John, New Brunswick",8.89.1,v44382374
2009,3.00,"Saint John, New Brunswick",8.89.1,v44382374
2010,4.00,"Saint John, New Brunswick",8.89.1,v44382374
2011,3.00,"Saint John, New Brunswick",8.89.1,v44382374
2012,5.00,"Saint John, New Brunswick",8.89.1,v44382374
2013,0.00,"Saint John, New Brunswick",8.89.1,v44382374
2014,0.00,"Saint John, New Brunswick",8.89.1,v44382374
2015,0.00,"Saint John, New Brunswick",8.89.1,v44382374
1998,55.00,"Quebec",9.89.1,v44379914
1999,0.00,"Quebec",9.89.1,v44379914
2000,0.00,"Quebec",9.89.1,v44379914
2001,0.00,"Quebec",9.89.1,v44379914
2002,0.00,"Quebec",9.89.1,v44379914
2003,0.00,"Quebec",9.89.1,v44379914
2004,0.00,"Quebec",9.89.1,v44379914
2005,0.00,"Quebec",9.89.1,v44379914
2006,0.00,"Quebec",9.89.1,v44379914
2007,0.00,"Quebec",9.89.1,v44379914
2008,0.00,"Quebec",9.89.1,v44379914
2009,0.00,"Quebec",9.89.1,v44379914
2010,0.00,"Quebec",9.89.1,v44379914
2011,0.00,"Quebec",9.89.1,v44379914
2012,0.00,"Quebec",9.89.1,v44379914
2013,0.00,"Quebec",9.89.1,v44379914
2014,0.00,"Quebec",9.89.1,v44379914
2015,0.00,"Quebec",9.89.1,v44379914
1998,1.00,"Saguenay, Quebec",10.89.1,v44370316
1999,0.00,"Saguenay, Quebec",10.89.1,v44370316
2000,0.00,"Saguenay, Quebec",10.89.1,v44370316
2001,0.00,"Saguenay, Quebec",10.89.1,v44370316
2002,..,"Saguenay, Quebec",10.89.1,v44370316
2003,..,"Saguenay, Quebec",10.89.1,v44370316
2004,..,"Saguenay, Quebec",10.89.1,v44370316
2005,0.00,"Saguenay, Quebec",10.89.1,v44370316
2006,0.00,"Saguenay, Quebec",10.89.1,v44370316
2007,0.00,"Saguenay, Quebec",10.89.1,v44370316
2008,0.00,"Saguenay, Quebec",10.89.1,v44370316
2009,0.00,"Saguenay, Quebec",10.89.1,v44370316
2010,0.00,"Saguenay, Quebec",10.89.1,v44370316
2011,0.00,"Saguenay, Quebec",10.89.1,v44370316
2012,0.00,"Saguenay, Quebec",10.89.1,v44370316
2013,0.00,"Saguenay, Quebec",10.89.1,v44370316
2014,0.00,"Saguenay, Quebec",10.89.1,v44370316
2015,0.00,"Saguenay, Quebec",10.89.1,v44370316
1998,4.00,"Sherbrooke, Quebec",12.89.1,v44340009
1999,..,"Sherbrooke, Quebec",12.89.1,v44340009
2000,..,"Sherbrooke, Quebec",12.89.1,v44340009
2001,..,"Sherbrooke, Quebec",12.89.1,v44340009
2002,..,"Sherbrooke, Quebec",12.89.1,v44340009
2003,0.00,"Sherbrooke, Quebec",12.89.1,v44340009
2004,..,"Sherbrooke, Quebec",12.89.1,v44340009
2005,0.00,"Sherbrooke, Quebec",12.89.1,v44340009
2006,0.00,"Sherbrooke, Quebec",12.89.1,v44340009
2007,0.00,"Sherbrooke, Quebec",12.89.1,v44340009
2008,0.00,"Sherbrooke, Quebec",12.89.1,v44340009
2009,0.00,"Sherbrooke, Quebec",12.89.1,v44340009
2010,0.00,"Sherbrooke, Quebec",12.89.1,v44340009
2011,0.00,"Sherbrooke, Quebec",12.89.1,v44340009
2012,0.00,"Sherbrooke, Quebec",12.89.1,v44340009
2013,0.00,"Sherbrooke, Quebec",12.89.1,v44340009
2014,0.00,"Sherbrooke, Quebec",12.89.1,v44340009
2015,0.00,"Sherbrooke, Quebec",12.89.1,v44340009
1998,1.00,"Ottawa-Gatineau, Quebec part",15.89.1,v44396904
1999,0.00,"Ottawa-Gatineau, Quebec part",15.89.1,v44396904
2000,0.00,"Ottawa-Gatineau, Quebec part",15.89.1,v44396904
2001,0.00,"Ottawa-Gatineau, Quebec part",15.89.1,v44396904
2002,0.00,"Ottawa-Gatineau, Quebec part",15.89.1,v44396904
2003,0.00,"Ottawa-Gatineau, Quebec part",15.89.1,v44396904
2004,..,"Ottawa-Gatineau, Quebec part",15.89.1,v44396904
2005,0.00,"Ottawa-Gatineau, Quebec part",15.89.1,v44396904
2006,0.00,"Ottawa-Gatineau, Quebec part",15.89.1,v44396904
2007,0.00,"Ottawa-Gatineau, Quebec part",15.89.1,v44396904
2008,0.00,"Ottawa-Gatineau, Quebec part",15.89.1,v44396904
2009,0.00,"Ottawa-Gatineau, Quebec part",15.89.1,v44396904
2010,0.00,"Ottawa-Gatineau, Quebec part",15.89.1,v44396904
2011,0.00,"Ottawa-Gatineau, Quebec part",15.89.1,v44396904
2012,0.00,"Ottawa-Gatineau, Quebec part",15.89.1,v44396904
2013,0.00,"Ottawa-Gatineau, Quebec part",15.89.1,v44396904
2014,0.00,"Ottawa-Gatineau, Quebec part",15.89.1,v44396904
2015,0.00,"Ottawa-Gatineau, Quebec part",15.89.1,v44396904
1998,523.00,"Ontario",16.89.1,v44406836
1999,60.00,"Ontario",16.89.1,v44406836
2000,20.00,"Ontario",16.89.1,v44406836
2001,5.00,"Ontario",16.89.1,v44406836
2002,6.00,"Ontario",16.89.1,v44406836
2003,11.00,"Ontario",16.89.1,v44406836
2004,22.00,"Ontario",16.89.1,v44406836
2005,10.00,"Ontario",16.89.1,v44406836
2006,6.00,"Ontario",16.89.1,v44406836
2007,0.00,"Ontario",16.89.1,v44406836
2008,0.00,"Ontario",16.89.1,v44406836
2009,0.00,"Ontario",16.89.1,v44406836
2010,0.00,"Ontario",16.89.1,v44406836
2011,0.00,"Ontario",16.89.1,v44406836
2012,0.00,"Ontario",16.89.1,v44406836
2013,0.00,"Ontario",16.89.1,v44406836
2014,0.00,"Ontario",16.89.1,v44406836
2015,0.00,"Ontario",16.89.1,v44406836
1998,32.00,"Ottawa-Gatineau, Ontario/Quebec",17.89.1,v52148454
1999,0.00,"Ottawa-Gatineau, Ontario/Quebec",17.89.1,v52148454
2000,0.00,"Ottawa-Gatineau, Ontario/Quebec",17.89.1,v52148454
2001,0.00,"Ottawa-Gatineau, Ontario/Quebec",17.89.1,v52148454
2002,0.00,"Ottawa-Gatineau, Ontario/Quebec",17.89.1,v52148454
2003,0.00,"Ottawa-Gatineau, Ontario/Quebec",17.89.1,v52148454
2004,0.00,"Ottawa-Gatineau, Ontario/Quebec",17.89.1,v52148454
2005,0.00,"Ottawa-Gatineau, Ontario/Quebec",17.89.1,v52148454
2006,0.00,"Ottawa-Gatineau, Ontario/Quebec",17.89.1,v52148454
2007,0.00,"Ottawa-Gatineau, Ontario/Quebec",17.89.1,v52148454
2008,0.00,"Ottawa-Gatineau, Ontario/Quebec",17.89.1,v52148454
2009,0.00,"Ottawa-Gatineau, Ontario/Quebec",17.89.1,v52148454
2010,0.00,"Ottawa-Gatineau, Ontario/Quebec",17.89.1,v52148454
2011,0.00,"Ottawa-Gatineau, Ontario/Quebec",17.89.1,v52148454
2012,0.00,"Ottawa-Gatineau, Ontario/Quebec",17.89.1,v52148454
2013,0.00,"Ottawa-Gatineau, Ontario/Quebec",17.89.1,v52148454
2014,0.00,"Ottawa-Gatineau, Ontario/Quebec",17.89.1,v52148454
2015,0.00,"Ottawa-Gatineau, Ontario/Quebec",17.89.1,v52148454
1998,31.00,"Ottawa-Gatineau, Ontario part",18.89.1,v44327038
1999,0.00,"Ottawa-Gatineau, Ontario part",18.89.1,v44327038
2000,0.00,"Ottawa-Gatineau, Ontario part",18.89.1,v44327038
2001,0.00,"Ottawa-Gatineau, Ontario part",18.89.1,v44327038
2002,..,"Ottawa-Gatineau, Ontario part",18.89.1,v44327038
2003,..,"Ottawa-Gatineau, Ontario part",18.89.1,v44327038
2004,0.00,"Ottawa-Gatineau, Ontario part",18.89.1,v44327038
2005,0.00,"Ottawa-Gatineau, Ontario part",18.89.1,v44327038
2006,0.00,"Ottawa-Gatineau, Ontario part",18.89.1,v44327038
2007,0.00,"Ottawa-Gatineau, Ontario part",18.89.1,v44327038
2008,0.00,"Ottawa-Gatineau, Ontario part",18.89.1,v44327038
2009,0.00,"Ottawa-Gatineau, Ontario part",18.89.1,v44327038
2010,0.00,"Ottawa-Gatineau, Ontario part",18.89.1,v44327038
2011,0.00,"Ottawa-Gatineau, Ontario part",18.89.1,v44327038
2012,0.00,"Ottawa-Gatineau, Ontario part",18.89.1,v44327038
2013,0.00,"Ottawa-Gatineau, Ontario part",18.89.1,v44327038
2014,0.00,"Ottawa-Gatineau, Ontario part",18.89.1,v44327038
2015,0.00,"Ottawa-Gatineau, Ontario part",18.89.1,v44327038
2000,..,"Kingston, Ontario",27.89.1,v44336747
2001,1.00,"Kingston, Ontario",27.89.1,v44336747
2002,0.00,"Kingston, Ontario",27.89.1,v44336747
2003,0.00,"Kingston, Ontario",27.89.1,v44336747
2004,0.00,"Kingston, Ontario",27.89.1,v44336747
2005,0.00,"Kingston, Ontario",27.89.1,v44336747
2006,0.00,"Kingston, Ontario",27.89.1,v44336747
2007,0.00,"Kingston, Ontario",27.89.1,v44336747
2008,0.00,"Kingston, Ontario",27.89.1,v44336747
2009,0.00,"Kingston, Ontario",27.89.1,v44336747
2010,0.00,"Kingston, Ontario",27.89.1,v44336747
2011,0.00,"Kingston, Ontario",27.89.1,v44336747
2012,0.00,"Kingston, Ontario",27.89.1,v44336747
2013,0.00,"Kingston, Ontario",27.89.1,v44336747
2014,0.00,"Kingston, Ontario",27.89.1,v44336747
2015,0.00,"Kingston, Ontario",27.89.1,v44336747
2005,..,"Peterborough, Ontario",44.89.1,v52122622
2006,0.00,"Peterborough, Ontario",44.89.1,v52122622
2007,0.00,"Peterborough, Ontario",44.89.1,v52122622
2008,0.00,"Peterborough, Ontario",44.89.1,v52122622
2009,0.00,"Peterborough, Ontario",44.89.1,v52122622
2010,0.00,"Peterborough, Ontario",44.89.1,v52122622
2011,0.00,"Peterborough, Ontario",44.89.1,v52122622
2012,0.00,"Peterborough, Ontario",44.89.1,v52122622
2013,0.00,"Peterborough, Ontario",44.89.1,v52122622
2014,0.00,"Peterborough, Ontario",44.89.1,v52122622
2015,0.00,"Peterborough, Ontario",44.89.1,v52122622
1998,82.00,"Toronto, Ontario",19.89.1,v44366250
1999,6.00,"Toronto, Ontario",19.89.1,v44366250
2000,4.00,"Toronto, Ontario",19.89.1,v44366250
2001,0.00,"Toronto, Ontario",19.89.1,v44366250
2002,1.00,"Toronto, Ontario",19.89.1,v44366250
2003,4.00,"Toronto, Ontario",19.89.1,v44366250
2004,20.00,"Toronto, Ontario",19.89.1,v44366250
2005,9.00,"Toronto, Ontario",19.89.1,v44366250
2006,6.00,"Toronto, Ontario",19.89.1,v44366250
2007,0.00,"Toronto, Ontario",19.89.1,v44366250
2008,0.00,"Toronto, Ontario",19.89.1,v44366250
2009,0.00,"Toronto, Ontario",19.89.1,v44366250
2010,0.00,"Toronto, Ontario",19.89.1,v44366250
2011,0.00,"Toronto, Ontario",19.89.1,v44366250
2012,0.00,"Toronto, Ontario",19.89.1,v44366250
2013,0.00,"Toronto, Ontario",19.89.1,v44366250
2014,0.00,"Toronto, Ontario",19.89.1,v44366250
2015,0.00,"Toronto, Ontario",19.89.1,v44366250
1998,18.00,"Hamilton, Ontario",20.89.1,v44401132
1999,5.00,"Hamilton, Ontario",20.89.1,v44401132
2000,1.00,"Hamilton, Ontario",20.89.1,v44401132
2001,0.00,"Hamilton, Ontario",20.89.1,v44401132
2002,0.00,"Hamilton, Ontario",20.89.1,v44401132
2003,0.00,"Hamilton, Ontario",20.89.1,v44401132
2004,1.00,"Hamilton, Ontario",20.89.1,v44401132
2005,0.00,"Hamilton, Ontario",20.89.1,v44401132
2006,0.00,"Hamilton, Ontario",20.89.1,v44401132
2007,0.00,"Hamilton, Ontario",20.89.1,v44401132
2008,0.00,"Hamilton, Ontario",20.89.1,v44401132
2009,0.00,"Hamilton, Ontario",20.89.1,v44401132
2010,0.00,"Hamilton, Ontario",20.89.1,v44401132
2011,0.00,"Hamilton, Ontario",20.89.1,v44401132
2012,0.00,"Hamilton, Ontario",20.89.1,v44401132
2013,0.00,"Hamilton, Ontario",20.89.1,v44401132
2014,0.00,"Hamilton, Ontario",20.89.1,v44401132
2015,0.00,"Hamilton, Ontario",20.89.1,v44401132
1998,62.00,"St.Catharines-Niagara, Ontario",21.89.1,v44366020
1999,2.00,"St.Catharines-Niagara, Ontario",21.89.1,v44366020
2000,0.00,"St.Catharines-Niagara, Ontario",21.89.1,v44366020
2001,0.00,"St.Catharines-Niagara, Ontario",21.89.1,v44366020
2002,..,"St.Catharines-Niagara, Ontario",21.89.1,v44366020
2003,2.00,"St.Catharines-Niagara, Ontario",21.89.1,v44366020
2004,..,"St.Catharines-Niagara, Ontario",21.89.1,v44366020
2005,0.00,"St.Catharines-Niagara, Ontario",21.89.1,v44366020
2006,0.00,"St.Catharines-Niagara, Ontario",21.89.1,v44366020
2007,0.00,"St.Catharines-Niagara, Ontario",21.89.1,v44366020
2008,0.00,"St.Catharines-Niagara, Ontario",21.89.1,v44366020
2009,0.00,"St.Catharines-Niagara, Ontario",21.89.1,v44366020
2010,0.00,"St.Catharines-Niagara, Ontario",21.89.1,v44366020
2011,0.00,"St.Catharines-Niagara, Ontario",21.89.1,v44366020
2012,0.00,"St.Catharines-Niagara, Ontario",21.89.1,v44366020
2013,0.00,"St.Catharines-Niagara, Ontario",21.89.1,v44366020
2014,0.00,"St.Catharines-Niagara, Ontario",21.89.1,v44366020
2015,0.00,"St.Catharines-Niagara, Ontario",21.89.1,v44366020
1998,6.00,"Kitchener-Cambridge-Waterloo, Ontario",22.89.1,v44336940
1999,1.00,"Kitchener-Cambridge-Waterloo, Ontario",22.89.1,v44336940
2000,..,"Kitchener-Cambridge-Waterloo, Ontario",22.89.1,v44336940
2001,..,"Kitchener-Cambridge-Waterloo, Ontario",22.89.1,v44336940
2002,2.00,"Kitchener-Cambridge-Waterloo, Ontario",22.89.1,v44336940
2003,..,"Kitchener-Cambridge-Waterloo, Ontario",22.89.1,v44336940
2004,..,"Kitchener-Cambridge-Waterloo, Ontario",22.89.1,v44336940
2005,..,"Kitchener-Cambridge-Waterloo, Ontario",22.89.1,v44336940
2006,0.00,"Kitchener-Cambridge-Waterloo, Ontario",22.89.1,v44336940
2007,0.00,"Kitchener-Cambridge-Waterloo, Ontario",22.89.1,v44336940
2008,0.00,"Kitchener-Cambridge-Waterloo, Ontario",22.89.1,v44336940
2009,0.00,"Kitchener-Cambridge-Waterloo, Ontario",22.89.1,v44336940
2010,0.00,"Kitchener-Cambridge-Waterloo, Ontario",22.89.1,v44336940
2011,0.00,"Kitchener-Cambridge-Waterloo, Ontario",22.89.1,v44336940
2012,0.00,"Kitchener-Cambridge-Waterloo, Ontario",22.89.1,v44336940
2013,0.00,"Kitchener-Cambridge-Waterloo, Ontario",22.89.1,v44336940
2014,0.00,"Kitchener-Cambridge-Waterloo, Ontario",22.89.1,v44336940
2015,0.00,"Kitchener-Cambridge-Waterloo, Ontario",22.89.1,v44336940
2005,..,"Brantford, Ontario",45.89.1,v52119270
2006,0.00,"Brantford, Ontario",45.89.1,v52119270
2007,0.00,"Brantford, Ontario",45.89.1,v52119270
2008,0.00,"Brantford, Ontario",45.89.1,v52119270
2009,0.00,"Brantford, Ontario",45.89.1,v52119270
2010,0.00,"Brantford, Ontario",45.89.1,v52119270
2011,0.00,"Brantford, Ontario",45.89.1,v52119270
2012,0.00,"Brantford, Ontario",45.89.1,v52119270
2013,0.00,"Brantford, Ontario",45.89.1,v52119270
2014,0.00,"Brantford, Ontario",45.89.1,v52119270
2015,0.00,"Brantford, Ontario",45.89.1,v52119270
2005,..,"Guelph, Ontario",46.89.1,v52119703
2006,0.00,"Guelph, Ontario",46.89.1,v52119703
2007,0.00,"Guelph, Ontario",46.89.1,v52119703
2008,0.00,"Guelph, Ontario",46.89.1,v52119703
2009,0.00,"Guelph, Ontario",46.89.1,v52119703
2010,0.00,"Guelph, Ontario",46.89.1,v52119703
2011,0.00,"Guelph, Ontario",46.89.1,v52119703
2012,0.00,"Guelph, Ontario",46.89.1,v52119703
2013,0.00,"Guelph, Ontario",46.89.1,v52119703
2014,0.00,"Guelph, Ontario",46.89.1,v52119703
2015,0.00,"Guelph, Ontario",46.89.1,v52119703
1998,20.00,"London, Ontario",23.89.1,v44363243
1999,3.00,"London, Ontario",23.89.1,v44363243
2000,0.00,"London, Ontario",23.89.1,v44363243
2001,0.00,"London, Ontario",23.89.1,v44363243
2002,0.00,"London, Ontario",23.89.1,v44363243
2003,0.00,"London, Ontario",23.89.1,v44363243
2004,0.00,"London, Ontario",23.89.1,v44363243
2005,0.00,"London, Ontario",23.89.1,v44363243
2006,0.00,"London, Ontario",23.89.1,v44363243
2007,0.00,"London, Ontario",23.89.1,v44363243
2008,0.00,"London, Ontario",23.89.1,v44363243
2009,0.00,"London, Ontario",23.89.1,v44363243
2010,0.00,"London, Ontario",23.89.1,v44363243
2011,0.00,"London, Ontario",23.89.1,v44363243
2012,0.00,"London, Ontario",23.89.1,v44363243
2013,0.00,"London, Ontario",23.89.1,v44363243
2014,0.00,"London, Ontario",23.89.1,v44363243
2015,0.00,"London, Ontario",23.89.1,v44363243
1998,13.00,"Windsor, Ontario",24.89.1,v44390112
1999,8.00,"Windsor, Ontario",24.89.1,v44390112
2000,0.00,"Windsor, Ontario",24.89.1,v44390112
2001,0.00,"Windsor, Ontario",24.89.1,v44390112
2002,0.00,"Windsor, Ontario",24.89.1,v44390112
2003,0.00,"Windsor, Ontario",24.89.1,v44390112
2004,0.00,"Windsor, Ontario",24.89.1,v44390112
2005,0.00,"Windsor, Ontario",24.89.1,v44390112
2006,0.00,"Windsor, Ontario",24.89.1,v44390112
2007,0.00,"Windsor, Ontario",24.89.1,v44390112
2008,0.00,"Windsor, Ontario",24.89.1,v44390112
2009,0.00,"Windsor, Ontario",24.89.1,v44390112
2010,0.00,"Windsor, Ontario",24.89.1,v44390112
2011,0.00,"Windsor, Ontario",24.89.1,v44390112
2012,0.00,"Windsor, Ontario",24.89.1,v44390112
2013,0.00,"Windsor, Ontario",24.89.1,v44390112
2014,0.00,"Windsor, Ontario",24.89.1,v44390112
2015,0.00,"Windsor, Ontario",24.89.1,v44390112
2005,..,"Barrie, Ontario",47.89.1,v52145114
2006,0.00,"Barrie, Ontario",47.89.1,v52145114
2007,0.00,"Barrie, Ontario",47.89.1,v52145114
2008,0.00,"Barrie, Ontario",47.89.1,v52145114
2009,0.00,"Barrie, Ontario",47.89.1,v52145114
2010,0.00,"Barrie, Ontario",47.89.1,v52145114
2011,0.00,"Barrie, Ontario",47.89.1,v52145114
2012,0.00,"Barrie, Ontario",47.89.1,v52145114
2013,0.00,"Barrie, Ontario",47.89.1,v52145114
2014,0.00,"Barrie, Ontario",47.89.1,v52145114
2015,0.00,"Barrie, Ontario",47.89.1,v52145114
1998,4.00,"Sudbury, Ontario",25.89.1,v44341019
1999,0.00,"Sudbury, Ontario",25.89.1,v44341019
2000,0.00,"Sudbury, Ontario",25.89.1,v44341019
2001,0.00,"Sudbury, Ontario",25.89.1,v44341019
2002,0.00,"Sudbury, Ontario",25.89.1,v44341019
2003,0.00,"Sudbury, Ontario",25.89.1,v44341019
2004,0.00,"Sudbury, Ontario",25.89.1,v44341019
2005,0.00,"Sudbury, Ontario",25.89.1,v44341019
2006,0.00,"Sudbury, Ontario",25.89.1,v44341019
2007,0.00,"Sudbury, Ontario",25.89.1,v44341019
2008,0.00,"Sudbury, Ontario",25.89.1,v44341019
2009,0.00,"Sudbury, Ontario",25.89.1,v44341019
2010,0.00,"Sudbury, Ontario",25.89.1,v44341019
2011,0.00,"Sudbury, Ontario",25.89.1,v44341019
2012,0.00,"Sudbury, Ontario",25.89.1,v44341019
2013,0.00,"Sudbury, Ontario",25.89.1,v44341019
2014,0.00,"Sudbury, Ontario",25.89.1,v44341019
2015,0.00,"Sudbury, Ontario",25.89.1,v44341019
1998,8.00,"Thunder Bay, Ontario",26.89.1,v44327665
1999,2.00,"Thunder Bay, Ontario",26.89.1,v44327665
2000,4.00,"Thunder Bay, Ontario",26.89.1,v44327665
2001,4.00,"Thunder Bay, Ontario",26.89.1,v44327665
2002,2.00,"Thunder Bay, Ontario",26.89.1,v44327665
2003,1.00,"Thunder Bay, Ontario",26.89.1,v44327665
2004,0.00,"Thunder Bay, Ontario",26.89.1,v44327665
2005,0.00,"Thunder Bay, Ontario",26.89.1,v44327665
2006,0.00,"Thunder Bay, Ontario",26.89.1,v44327665
2007,0.00,"Thunder Bay, Ontario",26.89.1,v44327665
2008,0.00,"Thunder Bay, Ontario",26.89.1,v44327665
2009,0.00,"Thunder Bay, Ontario",26.89.1,v44327665
2010,0.00,"Thunder Bay, Ontario",26.89.1,v44327665
2011,0.00,"Thunder Bay, Ontario",26.89.1,v44327665
2012,0.00,"Thunder Bay, Ontario",26.89.1,v44327665
2013,0.00,"Thunder Bay, Ontario",26.89.1,v44327665
2014,0.00,"Thunder Bay, Ontario",26.89.1,v44327665
2015,0.00,"Thunder Bay, Ontario",26.89.1,v44327665
1998,81.00,"Manitoba",28.89.1,v44381444
1999,15.00,"Manitoba",28.89.1,v44381444
2000,0.00,"Manitoba",28.89.1,v44381444
2001,0.00,"Manitoba",28.89.1,v44381444
2002,1.00,"Manitoba",28.89.1,v44381444
2003,1.00,"Manitoba",28.89.1,v44381444
2004,2.00,"Manitoba",28.89.1,v44381444
2005,0.00,"Manitoba",28.89.1,v44381444
2006,0.00,"Manitoba",28.89.1,v44381444
2007,0.00,"Manitoba",28.89.1,v44381444
2008,0.00,"Manitoba",28.89.1,v44381444
2009,0.00,"Manitoba",28.89.1,v44381444
2010,0.00,"Manitoba",28.89.1,v44381444
2011,0.00,"Manitoba",28.89.1,v44381444
2012,0.00,"Manitoba",28.89.1,v44381444
2013,0.00,"Manitoba",28.89.1,v44381444
2014,0.00,"Manitoba",28.89.1,v44381444
2015,0.00,"Manitoba",28.89.1,v44381444
1998,33.00,"Winnipeg, Manitoba",29.89.1,v44395149
1999,8.00,"Winnipeg, Manitoba",29.89.1,v44395149
2000,0.00,"Winnipeg, Manitoba",29.89.1,v44395149
2001,0.00,"Winnipeg, Manitoba",29.89.1,v44395149
2002,0.00,"Winnipeg, Manitoba",29.89.1,v44395149
2003,0.00,"Winnipeg, Manitoba",29.89.1,v44395149
2004,0.00,"Winnipeg, Manitoba",29.89.1,v44395149
2005,0.00,"Winnipeg, Manitoba",29.89.1,v44395149
2006,0.00,"Winnipeg, Manitoba",29.89.1,v44395149
2007,0.00,"Winnipeg, Manitoba",29.89.1,v44395149
2008,0.00,"Winnipeg, Manitoba",29.89.1,v44395149
2009,0.00,"Winnipeg, Manitoba",29.89.1,v44395149
2010,0.00,"Winnipeg, Manitoba",29.89.1,v44395149
2011,0.00,"Winnipeg, Manitoba",29.89.1,v44395149
2012,0.00,"Winnipeg, Manitoba",29.89.1,v44395149
2013,0.00,"Winnipeg, Manitoba",29.89.1,v44395149
2014,0.00,"Winnipeg, Manitoba",29.89.1,v44395149
2015,0.00,"Winnipeg, Manitoba",29.89.1,v44395149
1998,54.00,"Saskatchewan",30.89.1,v44337810
1999,3.00,"Saskatchewan",30.89.1,v44337810
2000,1.00,"Saskatchewan",30.89.1,v44337810
2001,0.00,"Saskatchewan",30.89.1,v44337810
2002,1.00,"Saskatchewan",30.89.1,v44337810
2003,0.00,"Saskatchewan",30.89.1,v44337810
2004,1.00,"Saskatchewan",30.89.1,v44337810
2005,0.00,"Saskatchewan",30.89.1,v44337810
2006,0.00,"Saskatchewan",30.89.1,v44337810
2007,0.00,"Saskatchewan",30.89.1,v44337810
2008,0.00,"Saskatchewan",30.89.1,v44337810
2009,0.00,"Saskatchewan",30.89.1,v44337810
2010,0.00,"Saskatchewan",30.89.1,v44337810
2011,0.00,"Saskatchewan",30.89.1,v44337810
2012,0.00,"Saskatchewan",30.89.1,v44337810
2013,0.00,"Saskatchewan",30.89.1,v44337810
2014,0.00,"Saskatchewan",30.89.1,v44337810
2015,0.00,"Saskatchewan",30.89.1,v44337810
1998,15.00,"Regina, Saskatchewan",31.89.1,v44343626
1999,1.00,"Regina, Saskatchewan",31.89.1,v44343626
2000,0.00,"Regina, Saskatchewan",31.89.1,v44343626
2001,0.00,"Regina, Saskatchewan",31.89.1,v44343626
2002,0.00,"Regina, Saskatchewan",31.89.1,v44343626
2003,0.00,"Regina, Saskatchewan",31.89.1,v44343626
2004,0.00,"Regina, Saskatchewan",31.89.1,v44343626
2005,0.00,"Regina, Saskatchewan",31.89.1,v44343626
2006,0.00,"Regina, Saskatchewan",31.89.1,v44343626
2007,0.00,"Regina, Saskatchewan",31.89.1,v44343626
2008,0.00,"Regina, Saskatchewan",31.89.1,v44343626
2009,0.00,"Regina, Saskatchewan",31.89.1,v44343626
2010,0.00,"Regina, Saskatchewan",31.89.1,v44343626
2011,0.00,"Regina, Saskatchewan",31.89.1,v44343626
2012,0.00,"Regina, Saskatchewan",31.89.1,v44343626
2013,0.00,"Regina, Saskatchewan",31.89.1,v44343626
2014,0.00,"Regina, Saskatchewan",31.89.1,v44343626
2015,0.00,"Regina, Saskatchewan",31.89.1,v44343626
1998,1.00,"Saskatoon, Saskatchewan",32.89.1,v44389202
1999,1.00,"Saskatoon, Saskatchewan",32.89.1,v44389202
2000,0.00,"Saskatoon, Saskatchewan",32.89.1,v44389202
2001,0.00,"Saskatoon, Saskatchewan",32.89.1,v44389202
2002,0.00,"Saskatoon, Saskatchewan",32.89.1,v44389202
2003,0.00,"Saskatoon, Saskatchewan",32.89.1,v44389202
2004,0.00,"Saskatoon, Saskatchewan",32.89.1,v44389202
2005,0.00,"Saskatoon, Saskatchewan",32.89.1,v44389202
2006,0.00,"Saskatoon, Saskatchewan",32.89.1,v44389202
2007,0.00,"Saskatoon, Saskatchewan",32.89.1,v44389202
2008,0.00,"Saskatoon, Saskatchewan",32.89.1,v44389202
2009,0.00,"Saskatoon, Saskatchewan",32.89.1,v44389202
2010,0.00,"Saskatoon, Saskatchewan",32.89.1,v44389202
2011,0.00,"Saskatoon, Saskatchewan",32.89.1,v44389202
2012,0.00,"Saskatoon, Saskatchewan",32.89.1,v44389202
2013,0.00,"Saskatoon, Saskatchewan",32.89.1,v44389202
2014,0.00,"Saskatoon, Saskatchewan",32.89.1,v44389202
2015,0.00,"Saskatoon, Saskatchewan",32.89.1,v44389202
1998,108.00,"Alberta",33.89.1,v44355412
1999,13.00,"Alberta",33.89.1,v44355412
2000,1.00,"Alberta",33.89.1,v44355412
2001,0.00,"Alberta",33.89.1,v44355412
2002,0.00,"Alberta",33.89.1,v44355412
2003,0.00,"Alberta",33.89.1,v44355412
2004,4.00,"Alberta",33.89.1,v44355412
2005,0.00,"Alberta",33.89.1,v44355412
2006,0.00,"Alberta",33.89.1,v44355412
2007,0.00,"Alberta",33.89.1,v44355412
2008,0.00,"Alberta",33.89.1,v44355412
2009,0.00,"Alberta",33.89.1,v44355412
2010,0.00,"Alberta",33.89.1,v44355412
2011,0.00,"Alberta",33.89.1,v44355412
2012,0.00,"Alberta",33.89.1,v44355412
2013,0.00,"Alberta",33.89.1,v44355412
2014,0.00,"Alberta",33.89.1,v44355412
2015,0.00,"Alberta",33.89.1,v44355412
1998,5.00,"Calgary, Alberta",34.89.1,v44396580
1999,0.00,"Calgary, Alberta",34.89.1,v44396580
2000,0.00,"Calgary, Alberta",34.89.1,v44396580
2001,0.00,"Calgary, Alberta",34.89.1,v44396580
2002,0.00,"Calgary, Alberta",34.89.1,v44396580
2003,0.00,"Calgary, Alberta",34.89.1,v44396580
2004,1.00,"Calgary, Alberta",34.89.1,v44396580
2005,0.00,"Calgary, Alberta",34.89.1,v44396580
2006,0.00,"Calgary, Alberta",34.89.1,v44396580
2007,0.00,"Calgary, Alberta",34.89.1,v44396580
2008,0.00,"Calgary, Alberta",34.89.1,v44396580
2009,0.00,"Calgary, Alberta",34.89.1,v44396580
2010,0.00,"Calgary, Alberta",34.89.1,v44396580
2011,0.00,"Calgary, Alberta",34.89.1,v44396580
2012,0.00,"Calgary, Alberta",34.89.1,v44396580
2013,0.00,"Calgary, Alberta",34.89.1,v44396580
2014,0.00,"Calgary, Alberta",34.89.1,v44396580
2015,0.00,"Calgary, Alberta",34.89.1,v44396580
1998,18.00,"Edmonton, Alberta",35.89.1,v44342845
1999,9.00,"Edmonton, Alberta",35.89.1,v44342845
2000,1.00,"Edmonton, Alberta",35.89.1,v44342845
2001,0.00,"Edmonton, Alberta",35.89.1,v44342845
2002,0.00,"Edmonton, Alberta",35.89.1,v44342845
2003,0.00,"Edmonton, Alberta",35.89.1,v44342845
2004,1.00,"Edmonton, Alberta",35.89.1,v44342845
2005,0.00,"Edmonton, Alberta",35.89.1,v44342845
2006,0.00,"Edmonton, Alberta",35.89.1,v44342845
2007,0.00,"Edmonton, Alberta",35.89.1,v44342845
2008,0.00,"Edmonton, Alberta",35.89.1,v44342845
2009,0.00,"Edmonton, Alberta",35.89.1,v44342845
2010,0.00,"Edmonton, Alberta",35.89.1,v44342845
2011,0.00,"Edmonton, Alberta",35.89.1,v44342845
2012,0.00,"Edmonton, Alberta",35.89.1,v44342845
2013,0.00,"Edmonton, Alberta",35.89.1,v44342845
2014,0.00,"Edmonton, Alberta",35.89.1,v44342845
2015,0.00,"Edmonton, Alberta",35.89.1,v44342845
1998,216.00,"British Columbia",36.89.1,v44403893
1999,31.00,"British Columbia",36.89.1,v44403893
2000,6.00,"British Columbia",36.89.1,v44403893
2001,1.00,"British Columbia",36.89.1,v44403893
2002,5.00,"British Columbia",36.89.1,v44403893
2003,6.00,"British Columbia",36.89.1,v44403893
2004,20.00,"British Columbia",36.89.1,v44403893
2005,4.00,"British Columbia",36.89.1,v44403893
2006,1.00,"British Columbia",36.89.1,v44403893
2007,0.00,"British Columbia",36.89.1,v44403893
2008,0.00,"British Columbia",36.89.1,v44403893
2009,0.00,"British Columbia",36.89.1,v44403893
2010,0.00,"British Columbia",36.89.1,v44403893
2011,0.00,"British Columbia",36.89.1,v44403893
2012,0.00,"British Columbia",36.89.1,v44403893
2013,0.00,"British Columbia",36.89.1,v44403893
2014,0.00,"British Columbia",36.89.1,v44403893
2015,0.00,"British Columbia",36.89.1,v44403893
2005,..,"Kelowna, British Columbia",48.89.1,v52144211
2006,0.00,"Kelowna, British Columbia",48.89.1,v52144211
2007,0.00,"Kelowna, British Columbia",48.89.1,v52144211
2008,0.00,"Kelowna, British Columbia",48.89.1,v52144211
2009,0.00,"Kelowna, British Columbia",48.89.1,v52144211
2010,0.00,"Kelowna, British Columbia",48.89.1,v52144211
2011,0.00,"Kelowna, British Columbia",48.89.1,v52144211
2012,0.00,"Kelowna, British Columbia",48.89.1,v52144211
2013,0.00,"Kelowna, British Columbia",48.89.1,v52144211
2014,0.00,"Kelowna, British Columbia",48.89.1,v52144211
2015,0.00,"Kelowna, British Columbia",48.89.1,v52144211
2000,..,"Abbotsford-Mission, British Columbia",39.89.1,v44407032
2001,0.00,"Abbotsford-Mission, British Columbia",39.89.1,v44407032
2002,0.00,"Abbotsford-Mission, British Columbia",39.89.1,v44407032
2003,0.00,"Abbotsford-Mission, British Columbia",39.89.1,v44407032
2004,1.00,"Abbotsford-Mission, British Columbia",39.89.1,v44407032
2005,0.00,"Abbotsford-Mission, British Columbia",39.89.1,v44407032
2006,0.00,"Abbotsford-Mission, British Columbia",39.89.1,v44407032
2007,0.00,"Abbotsford-Mission, British Columbia",39.89.1,v44407032
2008,0.00,"Abbotsford-Mission, British Columbia",39.89.1,v44407032
2009,0.00,"Abbotsford-Mission, British Columbia",39.89.1,v44407032
2010,0.00,"Abbotsford-Mission, British Columbia",39.89.1,v44407032
2011,0.00,"Abbotsford-Mission, British Columbia",39.89.1,v44407032
2012,0.00,"Abbotsford-Mission, British Columbia",39.89.1,v44407032
2013,0.00,"Abbotsford-Mission, British Columbia",39.89.1,v44407032
2014,0.00,"Abbotsford-Mission, British Columbia",39.89.1,v44407032
2015,0.00,"Abbotsford-Mission, British Columbia",39.89.1,v44407032
1998,78.00,"Vancouver, British Columbia",37.89.1,v44400456
1999,17.00,"Vancouver, British Columbia",37.89.1,v44400456
2000,5.00,"Vancouver, British Columbia",37.89.1,v44400456
2001,1.00,"Vancouver, British Columbia",37.89.1,v44400456
2002,5.00,"Vancouver, British Columbia",37.89.1,v44400456
2003,6.00,"Vancouver, British Columbia",37.89.1,v44400456
2004,13.00,"Vancouver, British Columbia",37.89.1,v44400456
2005,3.00,"Vancouver, British Columbia",37.89.1,v44400456
2006,1.00,"Vancouver, British Columbia",37.89.1,v44400456
2007,0.00,"Vancouver, British Columbia",37.89.1,v44400456
2008,0.00,"Vancouver, British Columbia",37.89.1,v44400456
2009,0.00,"Vancouver, British Columbia",37.89.1,v44400456
2010,0.00,"Vancouver, British Columbia",37.89.1,v44400456
2011,0.00,"Vancouver, British Columbia",37.89.1,v44400456
2012,0.00,"Vancouver, British Columbia",37.89.1,v44400456
2013,0.00,"Vancouver, British Columbia",37.89.1,v44400456
2014,0.00,"Vancouver, British Columbia",37.89.1,v44400456
2015,0.00,"Vancouver, British Columbia",37.89.1,v44400456
1998,24.00,"Victoria, British Columbia",38.89.1,v44410996
1999,4.00,"Victoria, British Columbia",38.89.1,v44410996
2000,0.00,"Victoria, British Columbia",38.89.1,v44410996
2001,0.00,"Victoria, British Columbia",38.89.1,v44410996
2002,0.00,"Victoria, British Columbia",38.89.1,v44410996
2003,0.00,"Victoria, British Columbia",38.89.1,v44410996
2004,0.00,"Victoria, British Columbia",38.89.1,v44410996
2005,0.00,"Victoria, British Columbia",38.89.1,v44410996
2006,0.00,"Victoria, British Columbia",38.89.1,v44410996
2007,0.00,"Victoria, British Columbia",38.89.1,v44410996
2008,0.00,"Victoria, British Columbia",38.89.1,v44410996
2009,0.00,"Victoria, British Columbia",38.89.1,v44410996
2010,0.00,"Victoria, British Columbia",38.89.1,v44410996
2011,0.00,"Victoria, British Columbia",38.89.1,v44410996
2012,0.00,"Victoria, British Columbia",38.89.1,v44410996
2013,0.00,"Victoria, British Columbia",38.89.1,v44410996
2014,0.00,"Victoria, British Columbia",38.89.1,v44410996
2015,0.00,"Victoria, British Columbia",38.89.1,v44410996
1998,2.00,"Yukon",40.89.1,v44395994
1999,0.00,"Yukon",40.89.1,v44395994
2000,0.00,"Yukon",40.89.1,v44395994
2001,0.00,"Yukon",40.89.1,v44395994
2002,0.00,"Yukon",40.89.1,v44395994
2003,0.00,"Yukon",40.89.1,v44395994
2004,0.00,"Yukon",40.89.1,v44395994
2005,0.00,"Yukon",40.89.1,v44395994
2006,0.00,"Yukon",40.89.1,v44395994
2007,0.00,"Yukon",40.89.1,v44395994
2008,0.00,"Yukon",40.89.1,v44395994
2009,0.00,"Yukon",40.89.1,v44395994
2010,0.00,"Yukon",40.89.1,v44395994
2011,0.00,"Yukon",40.89.1,v44395994
2012,0.00,"Yukon",40.89.1,v44395994
2013,0.00,"Yukon",40.89.1,v44395994
2014,0.00,"Yukon",40.89.1,v44395994
2015,0.00,"Yukon",40.89.1,v44395994
1998,11.00,"Northwest Territories",41.89.1,v44386534
1999,0.00,"Northwest Territories",41.89.1,v44386534
2000,0.00,"Northwest Territories",41.89.1,v44386534
2001,0.00,"Northwest Territories",41.89.1,v44386534
2002,0.00,"Northwest Territories",41.89.1,v44386534
2003,0.00,"Northwest Territories",41.89.1,v44386534
2004,0.00,"Northwest Territories",41.89.1,v44386534
2005,0.00,"Northwest Territories",41.89.1,v44386534
2006,0.00,"Northwest Territories",41.89.1,v44386534
2007,0.00,"Northwest Territories",41.89.1,v44386534
2008,0.00,"Northwest Territories",41.89.1,v44386534
2009,0.00,"Northwest Territories",41.89.1,v44386534
2010,0.00,"Northwest Territories",41.89.1,v44386534
2011,0.00,"Northwest Territories",41.89.1,v44386534
2012,0.00,"Northwest Territories",41.89.1,v44386534
2013,0.00,"Northwest Territories",41.89.1,v44386534
2014,0.00,"Northwest Territories",41.89.1,v44386534
2015,0.00,"Northwest Territories",41.89.1,v44386534
1998,..,"Nunavut",42.89.1,v44333238
1999,0.00,"Nunavut",42.89.1,v44333238
2000,0.00,"Nunavut",42.89.1,v44333238
2001,0.00,"Nunavut",42.89.1,v44333238
2002,0.00,"Nunavut",42.89.1,v44333238
2003,0.00,"Nunavut",42.89.1,v44333238
2004,0.00,"Nunavut",42.89.1,v44333238
2005,0.00,"Nunavut",42.89.1,v44333238
2006,0.00,"Nunavut",42.89.1,v44333238
2007,0.00,"Nunavut",42.89.1,v44333238
2008,0.00,"Nunavut",42.89.1,v44333238
2009,0.00,"Nunavut",42.89.1,v44333238
2010,0.00,"Nunavut",42.89.1,v44333238
2011,0.00,"Nunavut",42.89.1,v44333238
2012,0.00,"Nunavut",42.89.1,v44333238
2013,0.00,"Nunavut",42.89.1,v44333238
2014,0.00,"Nunavut",42.89.1,v44333238
2015,0.00,"Nunavut",42.89.1,v44333238
