1998,591.00,"Canada",1.89.5,v44393762
1999,58.00,"Canada",1.89.5,v44393762
2000,16.00,"Canada",1.89.5,v44393762
2001,5.00,"Canada",1.89.5,v44393762
2002,6.00,"Canada",1.89.5,v44393762
2003,10.00,"Canada",1.89.5,v44393762
2004,22.00,"Canada",1.89.5,v44393762
2005,2.00,"Canada",1.89.5,v44393762
2006,0.00,"Canada",1.89.5,v44393762
2007,3.00,"Canada",1.89.5,v44393762
2008,0.00,"Canada",1.89.5,v44393762
2009,2.00,"Canada",1.89.5,v44393762
2010,3.00,"Canada",1.89.5,v44393762
2011,3.00,"Canada",1.89.5,v44393762
2012,2.00,"Canada",1.89.5,v44393762
2013,0.00,"Canada",1.89.5,v44393762
2014,0.00,"Canada",1.89.5,v44393762
2015,0.00,"Canada",1.89.5,v44393762
1998,3.00,"Newfoundland and Labrador",2.89.5,v44358651
1999,0.00,"Newfoundland and Labrador",2.89.5,v44358651
2000,0.00,"Newfoundland and Labrador",2.89.5,v44358651
2001,0.00,"Newfoundland and Labrador",2.89.5,v44358651
2002,0.00,"Newfoundland and Labrador",2.89.5,v44358651
2003,0.00,"Newfoundland and Labrador",2.89.5,v44358651
2004,0.00,"Newfoundland and Labrador",2.89.5,v44358651
2005,0.00,"Newfoundland and Labrador",2.89.5,v44358651
2006,0.00,"Newfoundland and Labrador",2.89.5,v44358651
2007,0.00,"Newfoundland and Labrador",2.89.5,v44358651
2008,0.00,"Newfoundland and Labrador",2.89.5,v44358651
2009,0.00,"Newfoundland and Labrador",2.89.5,v44358651
2010,0.00,"Newfoundland and Labrador",2.89.5,v44358651
2011,0.00,"Newfoundland and Labrador",2.89.5,v44358651
2012,0.00,"Newfoundland and Labrador",2.89.5,v44358651
2013,0.00,"Newfoundland and Labrador",2.89.5,v44358651
2014,0.00,"Newfoundland and Labrador",2.89.5,v44358651
2015,0.00,"Newfoundland and Labrador",2.89.5,v44358651
1998,1.00,"St. John's, Newfoundland and Labrador",3.89.5,v44408753
1999,..,"St. John's, Newfoundland and Labrador",3.89.5,v44408753
2000,..,"St. John's, Newfoundland and Labrador",3.89.5,v44408753
2001,..,"St. John's, Newfoundland and Labrador",3.89.5,v44408753
2002,..,"St. John's, Newfoundland and Labrador",3.89.5,v44408753
2003,..,"St. John's, Newfoundland and Labrador",3.89.5,v44408753
2004,..,"St. John's, Newfoundland and Labrador",3.89.5,v44408753
2005,..,"St. John's, Newfoundland and Labrador",3.89.5,v44408753
2006,0.00,"St. John's, Newfoundland and Labrador",3.89.5,v44408753
2007,0.00,"St. John's, Newfoundland and Labrador",3.89.5,v44408753
2008,0.00,"St. John's, Newfoundland and Labrador",3.89.5,v44408753
2009,0.00,"St. John's, Newfoundland and Labrador",3.89.5,v44408753
2010,0.00,"St. John's, Newfoundland and Labrador",3.89.5,v44408753
2011,0.00,"St. John's, Newfoundland and Labrador",3.89.5,v44408753
2012,0.00,"St. John's, Newfoundland and Labrador",3.89.5,v44408753
2013,0.00,"St. John's, Newfoundland and Labrador",3.89.5,v44408753
2014,0.00,"St. John's, Newfoundland and Labrador",3.89.5,v44408753
2015,0.00,"St. John's, Newfoundland and Labrador",3.89.5,v44408753
1998,1.00,"Prince Edward Island",4.89.5,v44395121
1999,0.00,"Prince Edward Island",4.89.5,v44395121
2000,0.00,"Prince Edward Island",4.89.5,v44395121
2001,0.00,"Prince Edward Island",4.89.5,v44395121
2002,0.00,"Prince Edward Island",4.89.5,v44395121
2003,0.00,"Prince Edward Island",4.89.5,v44395121
2004,0.00,"Prince Edward Island",4.89.5,v44395121
2005,0.00,"Prince Edward Island",4.89.5,v44395121
2006,0.00,"Prince Edward Island",4.89.5,v44395121
2007,0.00,"Prince Edward Island",4.89.5,v44395121
2008,0.00,"Prince Edward Island",4.89.5,v44395121
2009,0.00,"Prince Edward Island",4.89.5,v44395121
2010,0.00,"Prince Edward Island",4.89.5,v44395121
2011,0.00,"Prince Edward Island",4.89.5,v44395121
2012,0.00,"Prince Edward Island",4.89.5,v44395121
2013,0.00,"Prince Edward Island",4.89.5,v44395121
2014,0.00,"Prince Edward Island",4.89.5,v44395121
2015,0.00,"Prince Edward Island",4.89.5,v44395121
1998,26.00,"Nova Scotia",5.89.5,v44326225
1999,1.00,"Nova Scotia",5.89.5,v44326225
2000,1.00,"Nova Scotia",5.89.5,v44326225
2001,0.00,"Nova Scotia",5.89.5,v44326225
2002,0.00,"Nova Scotia",5.89.5,v44326225
2003,0.00,"Nova Scotia",5.89.5,v44326225
2004,0.00,"Nova Scotia",5.89.5,v44326225
2005,0.00,"Nova Scotia",5.89.5,v44326225
2006,0.00,"Nova Scotia",5.89.5,v44326225
2007,0.00,"Nova Scotia",5.89.5,v44326225
2008,0.00,"Nova Scotia",5.89.5,v44326225
2009,0.00,"Nova Scotia",5.89.5,v44326225
2010,0.00,"Nova Scotia",5.89.5,v44326225
2011,0.00,"Nova Scotia",5.89.5,v44326225
2012,0.00,"Nova Scotia",5.89.5,v44326225
2013,0.00,"Nova Scotia",5.89.5,v44326225
2014,0.00,"Nova Scotia",5.89.5,v44326225
2015,0.00,"Nova Scotia",5.89.5,v44326225
1998,8.00,"Halifax, Nova Scotia",6.89.5,v44334267
1999,1.00,"Halifax, Nova Scotia",6.89.5,v44334267
2000,1.00,"Halifax, Nova Scotia",6.89.5,v44334267
2001,0.00,"Halifax, Nova Scotia",6.89.5,v44334267
2002,0.00,"Halifax, Nova Scotia",6.89.5,v44334267
2003,0.00,"Halifax, Nova Scotia",6.89.5,v44334267
2004,0.00,"Halifax, Nova Scotia",6.89.5,v44334267
2005,0.00,"Halifax, Nova Scotia",6.89.5,v44334267
2006,0.00,"Halifax, Nova Scotia",6.89.5,v44334267
2007,0.00,"Halifax, Nova Scotia",6.89.5,v44334267
2008,0.00,"Halifax, Nova Scotia",6.89.5,v44334267
2009,0.00,"Halifax, Nova Scotia",6.89.5,v44334267
2010,0.00,"Halifax, Nova Scotia",6.89.5,v44334267
2011,0.00,"Halifax, Nova Scotia",6.89.5,v44334267
2012,0.00,"Halifax, Nova Scotia",6.89.5,v44334267
2013,0.00,"Halifax, Nova Scotia",6.89.5,v44334267
2014,0.00,"Halifax, Nova Scotia",6.89.5,v44334267
2015,0.00,"Halifax, Nova Scotia",6.89.5,v44334267
1998,8.00,"New Brunswick",7.89.5,v44397670
1999,2.00,"New Brunswick",7.89.5,v44397670
2000,0.00,"New Brunswick",7.89.5,v44397670
2001,0.00,"New Brunswick",7.89.5,v44397670
2002,0.00,"New Brunswick",7.89.5,v44397670
2003,0.00,"New Brunswick",7.89.5,v44397670
2004,1.00,"New Brunswick",7.89.5,v44397670
2005,0.00,"New Brunswick",7.89.5,v44397670
2006,0.00,"New Brunswick",7.89.5,v44397670
2007,3.00,"New Brunswick",7.89.5,v44397670
2008,0.00,"New Brunswick",7.89.5,v44397670
2009,2.00,"New Brunswick",7.89.5,v44397670
2010,3.00,"New Brunswick",7.89.5,v44397670
2011,3.00,"New Brunswick",7.89.5,v44397670
2012,2.00,"New Brunswick",7.89.5,v44397670
2013,0.00,"New Brunswick",7.89.5,v44397670
2014,0.00,"New Brunswick",7.89.5,v44397670
2015,0.00,"New Brunswick",7.89.5,v44397670
2006,0.00,"Moncton, New Brunswick",43.89.5,v62126239
2007,0.00,"Moncton, New Brunswick",43.89.5,v62126239
2008,0.00,"Moncton, New Brunswick",43.89.5,v62126239
2009,0.00,"Moncton, New Brunswick",43.89.5,v62126239
2010,0.00,"Moncton, New Brunswick",43.89.5,v62126239
2011,0.00,"Moncton, New Brunswick",43.89.5,v62126239
2012,0.00,"Moncton, New Brunswick",43.89.5,v62126239
2013,0.00,"Moncton, New Brunswick",43.89.5,v62126239
2014,0.00,"Moncton, New Brunswick",43.89.5,v62126239
2015,0.00,"Moncton, New Brunswick",43.89.5,v62126239
1998,0.00,"Saint John, New Brunswick",8.89.5,v44332457
1999,1.00,"Saint John, New Brunswick",8.89.5,v44332457
2000,0.00,"Saint John, New Brunswick",8.89.5,v44332457
2001,0.00,"Saint John, New Brunswick",8.89.5,v44332457
2002,0.00,"Saint John, New Brunswick",8.89.5,v44332457
2003,0.00,"Saint John, New Brunswick",8.89.5,v44332457
2004,1.00,"Saint John, New Brunswick",8.89.5,v44332457
2005,0.00,"Saint John, New Brunswick",8.89.5,v44332457
2006,0.00,"Saint John, New Brunswick",8.89.5,v44332457
2007,3.00,"Saint John, New Brunswick",8.89.5,v44332457
2008,0.00,"Saint John, New Brunswick",8.89.5,v44332457
2009,2.00,"Saint John, New Brunswick",8.89.5,v44332457
2010,3.00,"Saint John, New Brunswick",8.89.5,v44332457
2011,3.00,"Saint John, New Brunswick",8.89.5,v44332457
2012,2.00,"Saint John, New Brunswick",8.89.5,v44332457
2013,0.00,"Saint John, New Brunswick",8.89.5,v44332457
2014,0.00,"Saint John, New Brunswick",8.89.5,v44332457
2015,0.00,"Saint John, New Brunswick",8.89.5,v44332457
1998,39.00,"Quebec",9.89.5,v44327509
1999,0.00,"Quebec",9.89.5,v44327509
2000,0.00,"Quebec",9.89.5,v44327509
2001,0.00,"Quebec",9.89.5,v44327509
2002,0.00,"Quebec",9.89.5,v44327509
2003,0.00,"Quebec",9.89.5,v44327509
2004,0.00,"Quebec",9.89.5,v44327509
2005,0.00,"Quebec",9.89.5,v44327509
2006,0.00,"Quebec",9.89.5,v44327509
2007,0.00,"Quebec",9.89.5,v44327509
2008,0.00,"Quebec",9.89.5,v44327509
2009,0.00,"Quebec",9.89.5,v44327509
2010,0.00,"Quebec",9.89.5,v44327509
2011,0.00,"Quebec",9.89.5,v44327509
2012,0.00,"Quebec",9.89.5,v44327509
2013,0.00,"Quebec",9.89.5,v44327509
2014,0.00,"Quebec",9.89.5,v44327509
2015,0.00,"Quebec",9.89.5,v44327509
1998,1.00,"Saguenay, Quebec",10.89.5,v44360483
1999,0.00,"Saguenay, Quebec",10.89.5,v44360483
2000,0.00,"Saguenay, Quebec",10.89.5,v44360483
2001,0.00,"Saguenay, Quebec",10.89.5,v44360483
2002,..,"Saguenay, Quebec",10.89.5,v44360483
2003,..,"Saguenay, Quebec",10.89.5,v44360483
2004,..,"Saguenay, Quebec",10.89.5,v44360483
2005,0.00,"Saguenay, Quebec",10.89.5,v44360483
2006,0.00,"Saguenay, Quebec",10.89.5,v44360483
2007,0.00,"Saguenay, Quebec",10.89.5,v44360483
2008,0.00,"Saguenay, Quebec",10.89.5,v44360483
2009,0.00,"Saguenay, Quebec",10.89.5,v44360483
2010,0.00,"Saguenay, Quebec",10.89.5,v44360483
2011,0.00,"Saguenay, Quebec",10.89.5,v44360483
2012,0.00,"Saguenay, Quebec",10.89.5,v44360483
2013,0.00,"Saguenay, Quebec",10.89.5,v44360483
2014,0.00,"Saguenay, Quebec",10.89.5,v44360483
2015,0.00,"Saguenay, Quebec",10.89.5,v44360483
1998,3.00,"Sherbrooke, Quebec",12.89.5,v44379622
1999,..,"Sherbrooke, Quebec",12.89.5,v44379622
2000,..,"Sherbrooke, Quebec",12.89.5,v44379622
2001,..,"Sherbrooke, Quebec",12.89.5,v44379622
2002,..,"Sherbrooke, Quebec",12.89.5,v44379622
2003,0.00,"Sherbrooke, Quebec",12.89.5,v44379622
2004,..,"Sherbrooke, Quebec",12.89.5,v44379622
2005,0.00,"Sherbrooke, Quebec",12.89.5,v44379622
2006,0.00,"Sherbrooke, Quebec",12.89.5,v44379622
2007,0.00,"Sherbrooke, Quebec",12.89.5,v44379622
2008,0.00,"Sherbrooke, Quebec",12.89.5,v44379622
2009,0.00,"Sherbrooke, Quebec",12.89.5,v44379622
2010,0.00,"Sherbrooke, Quebec",12.89.5,v44379622
2011,0.00,"Sherbrooke, Quebec",12.89.5,v44379622
2012,0.00,"Sherbrooke, Quebec",12.89.5,v44379622
2013,0.00,"Sherbrooke, Quebec",12.89.5,v44379622
2014,0.00,"Sherbrooke, Quebec",12.89.5,v44379622
2015,0.00,"Sherbrooke, Quebec",12.89.5,v44379622
1998,1.00,"Ottawa-Gatineau, Quebec part",15.89.5,v44344192
1999,0.00,"Ottawa-Gatineau, Quebec part",15.89.5,v44344192
2000,0.00,"Ottawa-Gatineau, Quebec part",15.89.5,v44344192
2001,0.00,"Ottawa-Gatineau, Quebec part",15.89.5,v44344192
2002,0.00,"Ottawa-Gatineau, Quebec part",15.89.5,v44344192
2003,0.00,"Ottawa-Gatineau, Quebec part",15.89.5,v44344192
2004,..,"Ottawa-Gatineau, Quebec part",15.89.5,v44344192
2005,0.00,"Ottawa-Gatineau, Quebec part",15.89.5,v44344192
2006,0.00,"Ottawa-Gatineau, Quebec part",15.89.5,v44344192
2007,0.00,"Ottawa-Gatineau, Quebec part",15.89.5,v44344192
2008,0.00,"Ottawa-Gatineau, Quebec part",15.89.5,v44344192
2009,0.00,"Ottawa-Gatineau, Quebec part",15.89.5,v44344192
2010,0.00,"Ottawa-Gatineau, Quebec part",15.89.5,v44344192
2011,0.00,"Ottawa-Gatineau, Quebec part",15.89.5,v44344192
2012,0.00,"Ottawa-Gatineau, Quebec part",15.89.5,v44344192
2013,0.00,"Ottawa-Gatineau, Quebec part",15.89.5,v44344192
2014,0.00,"Ottawa-Gatineau, Quebec part",15.89.5,v44344192
2015,0.00,"Ottawa-Gatineau, Quebec part",15.89.5,v44344192
1998,284.00,"Ontario",16.89.5,v44361183
1999,29.00,"Ontario",16.89.5,v44361183
2000,13.00,"Ontario",16.89.5,v44361183
2001,5.00,"Ontario",16.89.5,v44361183
2002,5.00,"Ontario",16.89.5,v44361183
2003,8.00,"Ontario",16.89.5,v44361183
2004,17.00,"Ontario",16.89.5,v44361183
2005,2.00,"Ontario",16.89.5,v44361183
2006,0.00,"Ontario",16.89.5,v44361183
2007,0.00,"Ontario",16.89.5,v44361183
2008,0.00,"Ontario",16.89.5,v44361183
2009,0.00,"Ontario",16.89.5,v44361183
2010,0.00,"Ontario",16.89.5,v44361183
2011,0.00,"Ontario",16.89.5,v44361183
2012,0.00,"Ontario",16.89.5,v44361183
2013,0.00,"Ontario",16.89.5,v44361183
2014,0.00,"Ontario",16.89.5,v44361183
2015,0.00,"Ontario",16.89.5,v44361183
1998,13.00,"Ottawa-Gatineau, Ontario/Quebec",17.89.5,v52148461
1999,0.00,"Ottawa-Gatineau, Ontario/Quebec",17.89.5,v52148461
2000,0.00,"Ottawa-Gatineau, Ontario/Quebec",17.89.5,v52148461
2001,0.00,"Ottawa-Gatineau, Ontario/Quebec",17.89.5,v52148461
2002,0.00,"Ottawa-Gatineau, Ontario/Quebec",17.89.5,v52148461
2003,0.00,"Ottawa-Gatineau, Ontario/Quebec",17.89.5,v52148461
2004,0.00,"Ottawa-Gatineau, Ontario/Quebec",17.89.5,v52148461
2005,0.00,"Ottawa-Gatineau, Ontario/Quebec",17.89.5,v52148461
2006,0.00,"Ottawa-Gatineau, Ontario/Quebec",17.89.5,v52148461
2007,0.00,"Ottawa-Gatineau, Ontario/Quebec",17.89.5,v52148461
2008,0.00,"Ottawa-Gatineau, Ontario/Quebec",17.89.5,v52148461
2009,0.00,"Ottawa-Gatineau, Ontario/Quebec",17.89.5,v52148461
2010,0.00,"Ottawa-Gatineau, Ontario/Quebec",17.89.5,v52148461
2011,0.00,"Ottawa-Gatineau, Ontario/Quebec",17.89.5,v52148461
2012,0.00,"Ottawa-Gatineau, Ontario/Quebec",17.89.5,v52148461
2013,0.00,"Ottawa-Gatineau, Ontario/Quebec",17.89.5,v52148461
2014,0.00,"Ottawa-Gatineau, Ontario/Quebec",17.89.5,v52148461
2015,0.00,"Ottawa-Gatineau, Ontario/Quebec",17.89.5,v52148461
1998,12.00,"Ottawa-Gatineau, Ontario part",18.89.5,v44371859
1999,0.00,"Ottawa-Gatineau, Ontario part",18.89.5,v44371859
2000,0.00,"Ottawa-Gatineau, Ontario part",18.89.5,v44371859
2001,0.00,"Ottawa-Gatineau, Ontario part",18.89.5,v44371859
2002,..,"Ottawa-Gatineau, Ontario part",18.89.5,v44371859
2003,..,"Ottawa-Gatineau, Ontario part",18.89.5,v44371859
2004,0.00,"Ottawa-Gatineau, Ontario part",18.89.5,v44371859
2005,0.00,"Ottawa-Gatineau, Ontario part",18.89.5,v44371859
2006,0.00,"Ottawa-Gatineau, Ontario part",18.89.5,v44371859
2007,0.00,"Ottawa-Gatineau, Ontario part",18.89.5,v44371859
2008,0.00,"Ottawa-Gatineau, Ontario part",18.89.5,v44371859
2009,0.00,"Ottawa-Gatineau, Ontario part",18.89.5,v44371859
2010,0.00,"Ottawa-Gatineau, Ontario part",18.89.5,v44371859
2011,0.00,"Ottawa-Gatineau, Ontario part",18.89.5,v44371859
2012,0.00,"Ottawa-Gatineau, Ontario part",18.89.5,v44371859
2013,0.00,"Ottawa-Gatineau, Ontario part",18.89.5,v44371859
2014,0.00,"Ottawa-Gatineau, Ontario part",18.89.5,v44371859
2015,0.00,"Ottawa-Gatineau, Ontario part",18.89.5,v44371859
2000,..,"Kingston, Ontario",27.89.5,v44370753
2001,1.00,"Kingston, Ontario",27.89.5,v44370753
2002,0.00,"Kingston, Ontario",27.89.5,v44370753
2003,0.00,"Kingston, Ontario",27.89.5,v44370753
2004,0.00,"Kingston, Ontario",27.89.5,v44370753
2005,0.00,"Kingston, Ontario",27.89.5,v44370753
2006,0.00,"Kingston, Ontario",27.89.5,v44370753
2007,0.00,"Kingston, Ontario",27.89.5,v44370753
2008,0.00,"Kingston, Ontario",27.89.5,v44370753
2009,0.00,"Kingston, Ontario",27.89.5,v44370753
2010,0.00,"Kingston, Ontario",27.89.5,v44370753
2011,0.00,"Kingston, Ontario",27.89.5,v44370753
2012,0.00,"Kingston, Ontario",27.89.5,v44370753
2013,0.00,"Kingston, Ontario",27.89.5,v44370753
2014,0.00,"Kingston, Ontario",27.89.5,v44370753
2015,0.00,"Kingston, Ontario",27.89.5,v44370753
2005,..,"Peterborough, Ontario",44.89.5,v52122625
2006,0.00,"Peterborough, Ontario",44.89.5,v52122625
2007,0.00,"Peterborough, Ontario",44.89.5,v52122625
2008,0.00,"Peterborough, Ontario",44.89.5,v52122625
2009,0.00,"Peterborough, Ontario",44.89.5,v52122625
2010,0.00,"Peterborough, Ontario",44.89.5,v52122625
2011,0.00,"Peterborough, Ontario",44.89.5,v52122625
2012,0.00,"Peterborough, Ontario",44.89.5,v52122625
2013,0.00,"Peterborough, Ontario",44.89.5,v52122625
2014,0.00,"Peterborough, Ontario",44.89.5,v52122625
2015,0.00,"Peterborough, Ontario",44.89.5,v52122625
1998,59.00,"Toronto, Ontario",19.89.5,v44367619
1999,3.00,"Toronto, Ontario",19.89.5,v44367619
2000,3.00,"Toronto, Ontario",19.89.5,v44367619
2001,0.00,"Toronto, Ontario",19.89.5,v44367619
2002,0.00,"Toronto, Ontario",19.89.5,v44367619
2003,3.00,"Toronto, Ontario",19.89.5,v44367619
2004,16.00,"Toronto, Ontario",19.89.5,v44367619
2005,2.00,"Toronto, Ontario",19.89.5,v44367619
2006,0.00,"Toronto, Ontario",19.89.5,v44367619
2007,0.00,"Toronto, Ontario",19.89.5,v44367619
2008,0.00,"Toronto, Ontario",19.89.5,v44367619
2009,0.00,"Toronto, Ontario",19.89.5,v44367619
2010,0.00,"Toronto, Ontario",19.89.5,v44367619
2011,0.00,"Toronto, Ontario",19.89.5,v44367619
2012,0.00,"Toronto, Ontario",19.89.5,v44367619
2013,0.00,"Toronto, Ontario",19.89.5,v44367619
2014,0.00,"Toronto, Ontario",19.89.5,v44367619
2015,0.00,"Toronto, Ontario",19.89.5,v44367619
1998,10.00,"Hamilton, Ontario",20.89.5,v44406030
1999,3.00,"Hamilton, Ontario",20.89.5,v44406030
2000,1.00,"Hamilton, Ontario",20.89.5,v44406030
2001,0.00,"Hamilton, Ontario",20.89.5,v44406030
2002,0.00,"Hamilton, Ontario",20.89.5,v44406030
2003,0.00,"Hamilton, Ontario",20.89.5,v44406030
2004,1.00,"Hamilton, Ontario",20.89.5,v44406030
2005,0.00,"Hamilton, Ontario",20.89.5,v44406030
2006,0.00,"Hamilton, Ontario",20.89.5,v44406030
2007,0.00,"Hamilton, Ontario",20.89.5,v44406030
2008,0.00,"Hamilton, Ontario",20.89.5,v44406030
2009,0.00,"Hamilton, Ontario",20.89.5,v44406030
2010,0.00,"Hamilton, Ontario",20.89.5,v44406030
2011,0.00,"Hamilton, Ontario",20.89.5,v44406030
2012,0.00,"Hamilton, Ontario",20.89.5,v44406030
2013,0.00,"Hamilton, Ontario",20.89.5,v44406030
2014,0.00,"Hamilton, Ontario",20.89.5,v44406030
2015,0.00,"Hamilton, Ontario",20.89.5,v44406030
1998,31.00,"St.Catharines-Niagara, Ontario",21.89.5,v44379214
1999,2.00,"St.Catharines-Niagara, Ontario",21.89.5,v44379214
2000,0.00,"St.Catharines-Niagara, Ontario",21.89.5,v44379214
2001,0.00,"St.Catharines-Niagara, Ontario",21.89.5,v44379214
2002,..,"St.Catharines-Niagara, Ontario",21.89.5,v44379214
2003,2.00,"St.Catharines-Niagara, Ontario",21.89.5,v44379214
2004,..,"St.Catharines-Niagara, Ontario",21.89.5,v44379214
2005,0.00,"St.Catharines-Niagara, Ontario",21.89.5,v44379214
2006,0.00,"St.Catharines-Niagara, Ontario",21.89.5,v44379214
2007,0.00,"St.Catharines-Niagara, Ontario",21.89.5,v44379214
2008,0.00,"St.Catharines-Niagara, Ontario",21.89.5,v44379214
2009,0.00,"St.Catharines-Niagara, Ontario",21.89.5,v44379214
2010,0.00,"St.Catharines-Niagara, Ontario",21.89.5,v44379214
2011,0.00,"St.Catharines-Niagara, Ontario",21.89.5,v44379214
2012,0.00,"St.Catharines-Niagara, Ontario",21.89.5,v44379214
2013,0.00,"St.Catharines-Niagara, Ontario",21.89.5,v44379214
2014,0.00,"St.Catharines-Niagara, Ontario",21.89.5,v44379214
2015,0.00,"St.Catharines-Niagara, Ontario",21.89.5,v44379214
1998,1.00,"Kitchener-Cambridge-Waterloo, Ontario",22.89.5,v44375548
1999,0.00,"Kitchener-Cambridge-Waterloo, Ontario",22.89.5,v44375548
2000,..,"Kitchener-Cambridge-Waterloo, Ontario",22.89.5,v44375548
2001,..,"Kitchener-Cambridge-Waterloo, Ontario",22.89.5,v44375548
2002,2.00,"Kitchener-Cambridge-Waterloo, Ontario",22.89.5,v44375548
2003,..,"Kitchener-Cambridge-Waterloo, Ontario",22.89.5,v44375548
2004,..,"Kitchener-Cambridge-Waterloo, Ontario",22.89.5,v44375548
2005,..,"Kitchener-Cambridge-Waterloo, Ontario",22.89.5,v44375548
2006,0.00,"Kitchener-Cambridge-Waterloo, Ontario",22.89.5,v44375548
2007,0.00,"Kitchener-Cambridge-Waterloo, Ontario",22.89.5,v44375548
2008,0.00,"Kitchener-Cambridge-Waterloo, Ontario",22.89.5,v44375548
2009,0.00,"Kitchener-Cambridge-Waterloo, Ontario",22.89.5,v44375548
2010,0.00,"Kitchener-Cambridge-Waterloo, Ontario",22.89.5,v44375548
2011,0.00,"Kitchener-Cambridge-Waterloo, Ontario",22.89.5,v44375548
2012,0.00,"Kitchener-Cambridge-Waterloo, Ontario",22.89.5,v44375548
2013,0.00,"Kitchener-Cambridge-Waterloo, Ontario",22.89.5,v44375548
2014,0.00,"Kitchener-Cambridge-Waterloo, Ontario",22.89.5,v44375548
2015,0.00,"Kitchener-Cambridge-Waterloo, Ontario",22.89.5,v44375548
2005,..,"Brantford, Ontario",45.89.5,v52119273
2006,0.00,"Brantford, Ontario",45.89.5,v52119273
2007,0.00,"Brantford, Ontario",45.89.5,v52119273
2008,0.00,"Brantford, Ontario",45.89.5,v52119273
2009,0.00,"Brantford, Ontario",45.89.5,v52119273
2010,0.00,"Brantford, Ontario",45.89.5,v52119273
2011,0.00,"Brantford, Ontario",45.89.5,v52119273
2012,0.00,"Brantford, Ontario",45.89.5,v52119273
2013,0.00,"Brantford, Ontario",45.89.5,v52119273
2014,0.00,"Brantford, Ontario",45.89.5,v52119273
2015,0.00,"Brantford, Ontario",45.89.5,v52119273
2005,..,"Guelph, Ontario",46.89.5,v52119706
2006,0.00,"Guelph, Ontario",46.89.5,v52119706
2007,0.00,"Guelph, Ontario",46.89.5,v52119706
2008,0.00,"Guelph, Ontario",46.89.5,v52119706
2009,0.00,"Guelph, Ontario",46.89.5,v52119706
2010,0.00,"Guelph, Ontario",46.89.5,v52119706
2011,0.00,"Guelph, Ontario",46.89.5,v52119706
2012,0.00,"Guelph, Ontario",46.89.5,v52119706
2013,0.00,"Guelph, Ontario",46.89.5,v52119706
2014,0.00,"Guelph, Ontario",46.89.5,v52119706
2015,0.00,"Guelph, Ontario",46.89.5,v52119706
1998,8.00,"London, Ontario",23.89.5,v44379245
1999,1.00,"London, Ontario",23.89.5,v44379245
2000,0.00,"London, Ontario",23.89.5,v44379245
2001,0.00,"London, Ontario",23.89.5,v44379245
2002,0.00,"London, Ontario",23.89.5,v44379245
2003,0.00,"London, Ontario",23.89.5,v44379245
2004,0.00,"London, Ontario",23.89.5,v44379245
2005,0.00,"London, Ontario",23.89.5,v44379245
2006,0.00,"London, Ontario",23.89.5,v44379245
2007,0.00,"London, Ontario",23.89.5,v44379245
2008,0.00,"London, Ontario",23.89.5,v44379245
2009,0.00,"London, Ontario",23.89.5,v44379245
2010,0.00,"London, Ontario",23.89.5,v44379245
2011,0.00,"London, Ontario",23.89.5,v44379245
2012,0.00,"London, Ontario",23.89.5,v44379245
2013,0.00,"London, Ontario",23.89.5,v44379245
2014,0.00,"London, Ontario",23.89.5,v44379245
2015,0.00,"London, Ontario",23.89.5,v44379245
1998,7.00,"Windsor, Ontario",24.89.5,v44342354
1999,8.00,"Windsor, Ontario",24.89.5,v44342354
2000,0.00,"Windsor, Ontario",24.89.5,v44342354
2001,0.00,"Windsor, Ontario",24.89.5,v44342354
2002,0.00,"Windsor, Ontario",24.89.5,v44342354
2003,0.00,"Windsor, Ontario",24.89.5,v44342354
2004,0.00,"Windsor, Ontario",24.89.5,v44342354
2005,0.00,"Windsor, Ontario",24.89.5,v44342354
2006,0.00,"Windsor, Ontario",24.89.5,v44342354
2007,0.00,"Windsor, Ontario",24.89.5,v44342354
2008,0.00,"Windsor, Ontario",24.89.5,v44342354
2009,0.00,"Windsor, Ontario",24.89.5,v44342354
2010,0.00,"Windsor, Ontario",24.89.5,v44342354
2011,0.00,"Windsor, Ontario",24.89.5,v44342354
2012,0.00,"Windsor, Ontario",24.89.5,v44342354
2013,0.00,"Windsor, Ontario",24.89.5,v44342354
2014,0.00,"Windsor, Ontario",24.89.5,v44342354
2015,0.00,"Windsor, Ontario",24.89.5,v44342354
2005,..,"Barrie, Ontario",47.89.5,v52145117
2006,0.00,"Barrie, Ontario",47.89.5,v52145117
2007,0.00,"Barrie, Ontario",47.89.5,v52145117
2008,0.00,"Barrie, Ontario",47.89.5,v52145117
2009,0.00,"Barrie, Ontario",47.89.5,v52145117
2010,0.00,"Barrie, Ontario",47.89.5,v52145117
2011,0.00,"Barrie, Ontario",47.89.5,v52145117
2012,0.00,"Barrie, Ontario",47.89.5,v52145117
2013,0.00,"Barrie, Ontario",47.89.5,v52145117
2014,0.00,"Barrie, Ontario",47.89.5,v52145117
2015,0.00,"Barrie, Ontario",47.89.5,v52145117
1998,2.00,"Sudbury, Ontario",25.89.5,v44365134
1999,0.00,"Sudbury, Ontario",25.89.5,v44365134
2000,0.00,"Sudbury, Ontario",25.89.5,v44365134
2001,0.00,"Sudbury, Ontario",25.89.5,v44365134
2002,0.00,"Sudbury, Ontario",25.89.5,v44365134
2003,0.00,"Sudbury, Ontario",25.89.5,v44365134
2004,0.00,"Sudbury, Ontario",25.89.5,v44365134
2005,0.00,"Sudbury, Ontario",25.89.5,v44365134
2006,0.00,"Sudbury, Ontario",25.89.5,v44365134
2007,0.00,"Sudbury, Ontario",25.89.5,v44365134
2008,0.00,"Sudbury, Ontario",25.89.5,v44365134
2009,0.00,"Sudbury, Ontario",25.89.5,v44365134
2010,0.00,"Sudbury, Ontario",25.89.5,v44365134
2011,0.00,"Sudbury, Ontario",25.89.5,v44365134
2012,0.00,"Sudbury, Ontario",25.89.5,v44365134
2013,0.00,"Sudbury, Ontario",25.89.5,v44365134
2014,0.00,"Sudbury, Ontario",25.89.5,v44365134
2015,0.00,"Sudbury, Ontario",25.89.5,v44365134
1998,6.00,"Thunder Bay, Ontario",26.89.5,v44359031
1999,1.00,"Thunder Bay, Ontario",26.89.5,v44359031
2000,4.00,"Thunder Bay, Ontario",26.89.5,v44359031
2001,4.00,"Thunder Bay, Ontario",26.89.5,v44359031
2002,2.00,"Thunder Bay, Ontario",26.89.5,v44359031
2003,1.00,"Thunder Bay, Ontario",26.89.5,v44359031
2004,0.00,"Thunder Bay, Ontario",26.89.5,v44359031
2005,0.00,"Thunder Bay, Ontario",26.89.5,v44359031
2006,0.00,"Thunder Bay, Ontario",26.89.5,v44359031
2007,0.00,"Thunder Bay, Ontario",26.89.5,v44359031
2008,0.00,"Thunder Bay, Ontario",26.89.5,v44359031
2009,0.00,"Thunder Bay, Ontario",26.89.5,v44359031
2010,0.00,"Thunder Bay, Ontario",26.89.5,v44359031
2011,0.00,"Thunder Bay, Ontario",26.89.5,v44359031
2012,0.00,"Thunder Bay, Ontario",26.89.5,v44359031
2013,0.00,"Thunder Bay, Ontario",26.89.5,v44359031
2014,0.00,"Thunder Bay, Ontario",26.89.5,v44359031
2015,0.00,"Thunder Bay, Ontario",26.89.5,v44359031
1998,45.00,"Manitoba",28.89.5,v44326850
1999,10.00,"Manitoba",28.89.5,v44326850
2000,0.00,"Manitoba",28.89.5,v44326850
2001,0.00,"Manitoba",28.89.5,v44326850
2002,1.00,"Manitoba",28.89.5,v44326850
2003,1.00,"Manitoba",28.89.5,v44326850
2004,1.00,"Manitoba",28.89.5,v44326850
2005,0.00,"Manitoba",28.89.5,v44326850
2006,0.00,"Manitoba",28.89.5,v44326850
2007,0.00,"Manitoba",28.89.5,v44326850
2008,0.00,"Manitoba",28.89.5,v44326850
2009,0.00,"Manitoba",28.89.5,v44326850
2010,0.00,"Manitoba",28.89.5,v44326850
2011,0.00,"Manitoba",28.89.5,v44326850
2012,0.00,"Manitoba",28.89.5,v44326850
2013,0.00,"Manitoba",28.89.5,v44326850
2014,0.00,"Manitoba",28.89.5,v44326850
2015,0.00,"Manitoba",28.89.5,v44326850
1998,25.00,"Winnipeg, Manitoba",29.89.5,v44379604
1999,8.00,"Winnipeg, Manitoba",29.89.5,v44379604
2000,0.00,"Winnipeg, Manitoba",29.89.5,v44379604
2001,0.00,"Winnipeg, Manitoba",29.89.5,v44379604
2002,0.00,"Winnipeg, Manitoba",29.89.5,v44379604
2003,0.00,"Winnipeg, Manitoba",29.89.5,v44379604
2004,0.00,"Winnipeg, Manitoba",29.89.5,v44379604
2005,0.00,"Winnipeg, Manitoba",29.89.5,v44379604
2006,0.00,"Winnipeg, Manitoba",29.89.5,v44379604
2007,0.00,"Winnipeg, Manitoba",29.89.5,v44379604
2008,0.00,"Winnipeg, Manitoba",29.89.5,v44379604
2009,0.00,"Winnipeg, Manitoba",29.89.5,v44379604
2010,0.00,"Winnipeg, Manitoba",29.89.5,v44379604
2011,0.00,"Winnipeg, Manitoba",29.89.5,v44379604
2012,0.00,"Winnipeg, Manitoba",29.89.5,v44379604
2013,0.00,"Winnipeg, Manitoba",29.89.5,v44379604
2014,0.00,"Winnipeg, Manitoba",29.89.5,v44379604
2015,0.00,"Winnipeg, Manitoba",29.89.5,v44379604
1998,26.00,"Saskatchewan",30.89.5,v44331921
1999,1.00,"Saskatchewan",30.89.5,v44331921
2000,1.00,"Saskatchewan",30.89.5,v44331921
2001,0.00,"Saskatchewan",30.89.5,v44331921
2002,0.00,"Saskatchewan",30.89.5,v44331921
2003,0.00,"Saskatchewan",30.89.5,v44331921
2004,1.00,"Saskatchewan",30.89.5,v44331921
2005,0.00,"Saskatchewan",30.89.5,v44331921
2006,0.00,"Saskatchewan",30.89.5,v44331921
2007,0.00,"Saskatchewan",30.89.5,v44331921
2008,0.00,"Saskatchewan",30.89.5,v44331921
2009,0.00,"Saskatchewan",30.89.5,v44331921
2010,0.00,"Saskatchewan",30.89.5,v44331921
2011,0.00,"Saskatchewan",30.89.5,v44331921
2012,0.00,"Saskatchewan",30.89.5,v44331921
2013,0.00,"Saskatchewan",30.89.5,v44331921
2014,0.00,"Saskatchewan",30.89.5,v44331921
2015,0.00,"Saskatchewan",30.89.5,v44331921
1998,3.00,"Regina, Saskatchewan",31.89.5,v44372158
1999,0.00,"Regina, Saskatchewan",31.89.5,v44372158
2000,0.00,"Regina, Saskatchewan",31.89.5,v44372158
2001,0.00,"Regina, Saskatchewan",31.89.5,v44372158
2002,0.00,"Regina, Saskatchewan",31.89.5,v44372158
2003,0.00,"Regina, Saskatchewan",31.89.5,v44372158
2004,0.00,"Regina, Saskatchewan",31.89.5,v44372158
2005,0.00,"Regina, Saskatchewan",31.89.5,v44372158
2006,0.00,"Regina, Saskatchewan",31.89.5,v44372158
2007,0.00,"Regina, Saskatchewan",31.89.5,v44372158
2008,0.00,"Regina, Saskatchewan",31.89.5,v44372158
2009,0.00,"Regina, Saskatchewan",31.89.5,v44372158
2010,0.00,"Regina, Saskatchewan",31.89.5,v44372158
2011,0.00,"Regina, Saskatchewan",31.89.5,v44372158
2012,0.00,"Regina, Saskatchewan",31.89.5,v44372158
2013,0.00,"Regina, Saskatchewan",31.89.5,v44372158
2014,0.00,"Regina, Saskatchewan",31.89.5,v44372158
2015,0.00,"Regina, Saskatchewan",31.89.5,v44372158
1998,0.00,"Saskatoon, Saskatchewan",32.89.5,v44398626
1999,1.00,"Saskatoon, Saskatchewan",32.89.5,v44398626
2000,0.00,"Saskatoon, Saskatchewan",32.89.5,v44398626
2001,0.00,"Saskatoon, Saskatchewan",32.89.5,v44398626
2002,0.00,"Saskatoon, Saskatchewan",32.89.5,v44398626
2003,0.00,"Saskatoon, Saskatchewan",32.89.5,v44398626
2004,0.00,"Saskatoon, Saskatchewan",32.89.5,v44398626
2005,0.00,"Saskatoon, Saskatchewan",32.89.5,v44398626
2006,0.00,"Saskatoon, Saskatchewan",32.89.5,v44398626
2007,0.00,"Saskatoon, Saskatchewan",32.89.5,v44398626
2008,0.00,"Saskatoon, Saskatchewan",32.89.5,v44398626
2009,0.00,"Saskatoon, Saskatchewan",32.89.5,v44398626
2010,0.00,"Saskatoon, Saskatchewan",32.89.5,v44398626
2011,0.00,"Saskatoon, Saskatchewan",32.89.5,v44398626
2012,0.00,"Saskatoon, Saskatchewan",32.89.5,v44398626
2013,0.00,"Saskatoon, Saskatchewan",32.89.5,v44398626
2014,0.00,"Saskatoon, Saskatchewan",32.89.5,v44398626
2015,0.00,"Saskatoon, Saskatchewan",32.89.5,v44398626
1998,70.00,"Alberta",33.89.5,v44403504
1999,8.00,"Alberta",33.89.5,v44403504
2000,0.00,"Alberta",33.89.5,v44403504
2001,0.00,"Alberta",33.89.5,v44403504
2002,0.00,"Alberta",33.89.5,v44403504
2003,0.00,"Alberta",33.89.5,v44403504
2004,0.00,"Alberta",33.89.5,v44403504
2005,0.00,"Alberta",33.89.5,v44403504
2006,0.00,"Alberta",33.89.5,v44403504
2007,0.00,"Alberta",33.89.5,v44403504
2008,0.00,"Alberta",33.89.5,v44403504
2009,0.00,"Alberta",33.89.5,v44403504
2010,0.00,"Alberta",33.89.5,v44403504
2011,0.00,"Alberta",33.89.5,v44403504
2012,0.00,"Alberta",33.89.5,v44403504
2013,0.00,"Alberta",33.89.5,v44403504
2014,0.00,"Alberta",33.89.5,v44403504
2015,0.00,"Alberta",33.89.5,v44403504
1998,3.00,"Calgary, Alberta",34.89.5,v44344179
1999,0.00,"Calgary, Alberta",34.89.5,v44344179
2000,0.00,"Calgary, Alberta",34.89.5,v44344179
2001,0.00,"Calgary, Alberta",34.89.5,v44344179
2002,0.00,"Calgary, Alberta",34.89.5,v44344179
2003,0.00,"Calgary, Alberta",34.89.5,v44344179
2004,0.00,"Calgary, Alberta",34.89.5,v44344179
2005,0.00,"Calgary, Alberta",34.89.5,v44344179
2006,0.00,"Calgary, Alberta",34.89.5,v44344179
2007,0.00,"Calgary, Alberta",34.89.5,v44344179
2008,0.00,"Calgary, Alberta",34.89.5,v44344179
2009,0.00,"Calgary, Alberta",34.89.5,v44344179
2010,0.00,"Calgary, Alberta",34.89.5,v44344179
2011,0.00,"Calgary, Alberta",34.89.5,v44344179
2012,0.00,"Calgary, Alberta",34.89.5,v44344179
2013,0.00,"Calgary, Alberta",34.89.5,v44344179
2014,0.00,"Calgary, Alberta",34.89.5,v44344179
2015,0.00,"Calgary, Alberta",34.89.5,v44344179
1998,12.00,"Edmonton, Alberta",35.89.5,v44401959
1999,5.00,"Edmonton, Alberta",35.89.5,v44401959
2000,0.00,"Edmonton, Alberta",35.89.5,v44401959
2001,0.00,"Edmonton, Alberta",35.89.5,v44401959
2002,0.00,"Edmonton, Alberta",35.89.5,v44401959
2003,0.00,"Edmonton, Alberta",35.89.5,v44401959
2004,0.00,"Edmonton, Alberta",35.89.5,v44401959
2005,0.00,"Edmonton, Alberta",35.89.5,v44401959
2006,0.00,"Edmonton, Alberta",35.89.5,v44401959
2007,0.00,"Edmonton, Alberta",35.89.5,v44401959
2008,0.00,"Edmonton, Alberta",35.89.5,v44401959
2009,0.00,"Edmonton, Alberta",35.89.5,v44401959
2010,0.00,"Edmonton, Alberta",35.89.5,v44401959
2011,0.00,"Edmonton, Alberta",35.89.5,v44401959
2012,0.00,"Edmonton, Alberta",35.89.5,v44401959
2013,0.00,"Edmonton, Alberta",35.89.5,v44401959
2014,0.00,"Edmonton, Alberta",35.89.5,v44401959
2015,0.00,"Edmonton, Alberta",35.89.5,v44401959
1998,82.00,"British Columbia",36.89.5,v44337404
1999,7.00,"British Columbia",36.89.5,v44337404
2000,1.00,"British Columbia",36.89.5,v44337404
2001,0.00,"British Columbia",36.89.5,v44337404
2002,0.00,"British Columbia",36.89.5,v44337404
2003,1.00,"British Columbia",36.89.5,v44337404
2004,2.00,"British Columbia",36.89.5,v44337404
2005,0.00,"British Columbia",36.89.5,v44337404
2006,0.00,"British Columbia",36.89.5,v44337404
2007,0.00,"British Columbia",36.89.5,v44337404
2008,0.00,"British Columbia",36.89.5,v44337404
2009,0.00,"British Columbia",36.89.5,v44337404
2010,0.00,"British Columbia",36.89.5,v44337404
2011,0.00,"British Columbia",36.89.5,v44337404
2012,0.00,"British Columbia",36.89.5,v44337404
2013,0.00,"British Columbia",36.89.5,v44337404
2014,0.00,"British Columbia",36.89.5,v44337404
2015,0.00,"British Columbia",36.89.5,v44337404
2005,..,"Kelowna, British Columbia",48.89.5,v52144214
2006,0.00,"Kelowna, British Columbia",48.89.5,v52144214
2007,0.00,"Kelowna, British Columbia",48.89.5,v52144214
2008,0.00,"Kelowna, British Columbia",48.89.5,v52144214
2009,0.00,"Kelowna, British Columbia",48.89.5,v52144214
2010,0.00,"Kelowna, British Columbia",48.89.5,v52144214
2011,0.00,"Kelowna, British Columbia",48.89.5,v52144214
2012,0.00,"Kelowna, British Columbia",48.89.5,v52144214
2013,0.00,"Kelowna, British Columbia",48.89.5,v52144214
2014,0.00,"Kelowna, British Columbia",48.89.5,v52144214
2015,0.00,"Kelowna, British Columbia",48.89.5,v52144214
2000,..,"Abbotsford-Mission, British Columbia",39.89.5,v44326362
2001,0.00,"Abbotsford-Mission, British Columbia",39.89.5,v44326362
2002,0.00,"Abbotsford-Mission, British Columbia",39.89.5,v44326362
2003,0.00,"Abbotsford-Mission, British Columbia",39.89.5,v44326362
2004,1.00,"Abbotsford-Mission, British Columbia",39.89.5,v44326362
2005,0.00,"Abbotsford-Mission, British Columbia",39.89.5,v44326362
2006,0.00,"Abbotsford-Mission, British Columbia",39.89.5,v44326362
2007,0.00,"Abbotsford-Mission, British Columbia",39.89.5,v44326362
2008,0.00,"Abbotsford-Mission, British Columbia",39.89.5,v44326362
2009,0.00,"Abbotsford-Mission, British Columbia",39.89.5,v44326362
2010,0.00,"Abbotsford-Mission, British Columbia",39.89.5,v44326362
2011,0.00,"Abbotsford-Mission, British Columbia",39.89.5,v44326362
2012,0.00,"Abbotsford-Mission, British Columbia",39.89.5,v44326362
2013,0.00,"Abbotsford-Mission, British Columbia",39.89.5,v44326362
2014,0.00,"Abbotsford-Mission, British Columbia",39.89.5,v44326362
2015,0.00,"Abbotsford-Mission, British Columbia",39.89.5,v44326362
1998,20.00,"Vancouver, British Columbia",37.89.5,v44339752
1999,2.00,"Vancouver, British Columbia",37.89.5,v44339752
2000,1.00,"Vancouver, British Columbia",37.89.5,v44339752
2001,0.00,"Vancouver, British Columbia",37.89.5,v44339752
2002,0.00,"Vancouver, British Columbia",37.89.5,v44339752
2003,1.00,"Vancouver, British Columbia",37.89.5,v44339752
2004,1.00,"Vancouver, British Columbia",37.89.5,v44339752
2005,0.00,"Vancouver, British Columbia",37.89.5,v44339752
2006,0.00,"Vancouver, British Columbia",37.89.5,v44339752
2007,0.00,"Vancouver, British Columbia",37.89.5,v44339752
2008,0.00,"Vancouver, British Columbia",37.89.5,v44339752
2009,0.00,"Vancouver, British Columbia",37.89.5,v44339752
2010,0.00,"Vancouver, British Columbia",37.89.5,v44339752
2011,0.00,"Vancouver, British Columbia",37.89.5,v44339752
2012,0.00,"Vancouver, British Columbia",37.89.5,v44339752
2013,0.00,"Vancouver, British Columbia",37.89.5,v44339752
2014,0.00,"Vancouver, British Columbia",37.89.5,v44339752
2015,0.00,"Vancouver, British Columbia",37.89.5,v44339752
1998,14.00,"Victoria, British Columbia",38.89.5,v44329596
1999,0.00,"Victoria, British Columbia",38.89.5,v44329596
2000,0.00,"Victoria, British Columbia",38.89.5,v44329596
2001,0.00,"Victoria, British Columbia",38.89.5,v44329596
2002,0.00,"Victoria, British Columbia",38.89.5,v44329596
2003,0.00,"Victoria, British Columbia",38.89.5,v44329596
2004,0.00,"Victoria, British Columbia",38.89.5,v44329596
2005,0.00,"Victoria, British Columbia",38.89.5,v44329596
2006,0.00,"Victoria, British Columbia",38.89.5,v44329596
2007,0.00,"Victoria, British Columbia",38.89.5,v44329596
2008,0.00,"Victoria, British Columbia",38.89.5,v44329596
2009,0.00,"Victoria, British Columbia",38.89.5,v44329596
2010,0.00,"Victoria, British Columbia",38.89.5,v44329596
2011,0.00,"Victoria, British Columbia",38.89.5,v44329596
2012,0.00,"Victoria, British Columbia",38.89.5,v44329596
2013,0.00,"Victoria, British Columbia",38.89.5,v44329596
2014,0.00,"Victoria, British Columbia",38.89.5,v44329596
2015,0.00,"Victoria, British Columbia",38.89.5,v44329596
1998,1.00,"Yukon",40.89.5,v44412545
1999,0.00,"Yukon",40.89.5,v44412545
2000,0.00,"Yukon",40.89.5,v44412545
2001,0.00,"Yukon",40.89.5,v44412545
2002,0.00,"Yukon",40.89.5,v44412545
2003,0.00,"Yukon",40.89.5,v44412545
2004,0.00,"Yukon",40.89.5,v44412545
2005,0.00,"Yukon",40.89.5,v44412545
2006,0.00,"Yukon",40.89.5,v44412545
2007,0.00,"Yukon",40.89.5,v44412545
2008,0.00,"Yukon",40.89.5,v44412545
2009,0.00,"Yukon",40.89.5,v44412545
2010,0.00,"Yukon",40.89.5,v44412545
2011,0.00,"Yukon",40.89.5,v44412545
2012,0.00,"Yukon",40.89.5,v44412545
2013,0.00,"Yukon",40.89.5,v44412545
2014,0.00,"Yukon",40.89.5,v44412545
2015,0.00,"Yukon",40.89.5,v44412545
1998,6.00,"Northwest Territories",41.89.5,v44394000
1999,0.00,"Northwest Territories",41.89.5,v44394000
2000,0.00,"Northwest Territories",41.89.5,v44394000
2001,0.00,"Northwest Territories",41.89.5,v44394000
2002,0.00,"Northwest Territories",41.89.5,v44394000
2003,0.00,"Northwest Territories",41.89.5,v44394000
2004,0.00,"Northwest Territories",41.89.5,v44394000
2005,0.00,"Northwest Territories",41.89.5,v44394000
2006,0.00,"Northwest Territories",41.89.5,v44394000
2007,0.00,"Northwest Territories",41.89.5,v44394000
2008,0.00,"Northwest Territories",41.89.5,v44394000
2009,0.00,"Northwest Territories",41.89.5,v44394000
2010,0.00,"Northwest Territories",41.89.5,v44394000
2011,0.00,"Northwest Territories",41.89.5,v44394000
2012,0.00,"Northwest Territories",41.89.5,v44394000
2013,0.00,"Northwest Territories",41.89.5,v44394000
2014,0.00,"Northwest Territories",41.89.5,v44394000
2015,0.00,"Northwest Territories",41.89.5,v44394000
1998,..,"Nunavut",42.89.5,v44381170
1999,0.00,"Nunavut",42.89.5,v44381170
2000,0.00,"Nunavut",42.89.5,v44381170
2001,0.00,"Nunavut",42.89.5,v44381170
2002,0.00,"Nunavut",42.89.5,v44381170
2003,0.00,"Nunavut",42.89.5,v44381170
2004,0.00,"Nunavut",42.89.5,v44381170
2005,0.00,"Nunavut",42.89.5,v44381170
2006,0.00,"Nunavut",42.89.5,v44381170
2007,0.00,"Nunavut",42.89.5,v44381170
2008,0.00,"Nunavut",42.89.5,v44381170
2009,0.00,"Nunavut",42.89.5,v44381170
2010,0.00,"Nunavut",42.89.5,v44381170
2011,0.00,"Nunavut",42.89.5,v44381170
2012,0.00,"Nunavut",42.89.5,v44381170
2013,0.00,"Nunavut",42.89.5,v44381170
2014,0.00,"Nunavut",42.89.5,v44381170
2015,0.00,"Nunavut",42.89.5,v44381170
