1998,0.49,"Canada",1.89.12,v44353958
1999,0.08,"Canada",1.89.12,v44353958
2000,0.00,"Canada",1.89.12,v44353958
2001,0.00,"Canada",1.89.12,v44353958
2002,0.00,"Canada",1.89.12,v44353958
2003,0.08,"Canada",1.89.12,v44353958
2004,0.15,"Canada",1.89.12,v44353958
2005,0.00,"Canada",1.89.12,v44353958
2006,0.00,"Canada",1.89.12,v44353958
2007,0.00,"Canada",1.89.12,v44353958
2008,0.00,"Canada",1.89.12,v44353958
2009,0.04,"Canada",1.89.12,v44353958
2010,0.00,"Canada",1.89.12,v44353958
2011,0.00,"Canada",1.89.12,v44353958
2012,0.00,"Canada",1.89.12,v44353958
2013,0.00,"Canada",1.89.12,v44353958
2014,0.00,"Canada",1.89.12,v44353958
2015,0.00,"Canada",1.89.12,v44353958
1998,0.00,"Newfoundland and Labrador",2.89.12,v44332083
1999,0.00,"Newfoundland and Labrador",2.89.12,v44332083
2000,0.00,"Newfoundland and Labrador",2.89.12,v44332083
2001,0.00,"Newfoundland and Labrador",2.89.12,v44332083
2002,0.00,"Newfoundland and Labrador",2.89.12,v44332083
2003,0.00,"Newfoundland and Labrador",2.89.12,v44332083
2004,0.00,"Newfoundland and Labrador",2.89.12,v44332083
2005,0.00,"Newfoundland and Labrador",2.89.12,v44332083
2006,0.00,"Newfoundland and Labrador",2.89.12,v44332083
2007,0.00,"Newfoundland and Labrador",2.89.12,v44332083
2008,0.00,"Newfoundland and Labrador",2.89.12,v44332083
2009,0.00,"Newfoundland and Labrador",2.89.12,v44332083
2010,0.00,"Newfoundland and Labrador",2.89.12,v44332083
2011,0.00,"Newfoundland and Labrador",2.89.12,v44332083
2012,0.00,"Newfoundland and Labrador",2.89.12,v44332083
2013,0.00,"Newfoundland and Labrador",2.89.12,v44332083
2014,0.00,"Newfoundland and Labrador",2.89.12,v44332083
2015,0.00,"Newfoundland and Labrador",2.89.12,v44332083
1998,0.00,"St. John's, Newfoundland and Labrador",3.89.12,v44329204
1999,..,"St. John's, Newfoundland and Labrador",3.89.12,v44329204
2000,..,"St. John's, Newfoundland and Labrador",3.89.12,v44329204
2001,..,"St. John's, Newfoundland and Labrador",3.89.12,v44329204
2002,..,"St. John's, Newfoundland and Labrador",3.89.12,v44329204
2003,..,"St. John's, Newfoundland and Labrador",3.89.12,v44329204
2004,0.00,"St. John's, Newfoundland and Labrador",3.89.12,v44329204
2005,0.00,"St. John's, Newfoundland and Labrador",3.89.12,v44329204
2006,0.00,"St. John's, Newfoundland and Labrador",3.89.12,v44329204
2007,0.00,"St. John's, Newfoundland and Labrador",3.89.12,v44329204
2008,0.00,"St. John's, Newfoundland and Labrador",3.89.12,v44329204
2009,0.00,"St. John's, Newfoundland and Labrador",3.89.12,v44329204
2010,0.00,"St. John's, Newfoundland and Labrador",3.89.12,v44329204
2011,0.00,"St. John's, Newfoundland and Labrador",3.89.12,v44329204
2012,0.00,"St. John's, Newfoundland and Labrador",3.89.12,v44329204
2013,0.00,"St. John's, Newfoundland and Labrador",3.89.12,v44329204
2014,0.00,"St. John's, Newfoundland and Labrador",3.89.12,v44329204
2015,0.00,"St. John's, Newfoundland and Labrador",3.89.12,v44329204
1998,0.00,"Prince Edward Island",4.89.12,v44382896
1999,0.00,"Prince Edward Island",4.89.12,v44382896
2000,0.00,"Prince Edward Island",4.89.12,v44382896
2001,0.00,"Prince Edward Island",4.89.12,v44382896
2002,0.00,"Prince Edward Island",4.89.12,v44382896
2003,0.00,"Prince Edward Island",4.89.12,v44382896
2004,0.00,"Prince Edward Island",4.89.12,v44382896
2005,0.00,"Prince Edward Island",4.89.12,v44382896
2006,0.00,"Prince Edward Island",4.89.12,v44382896
2007,0.00,"Prince Edward Island",4.89.12,v44382896
2008,0.00,"Prince Edward Island",4.89.12,v44382896
2009,0.00,"Prince Edward Island",4.89.12,v44382896
2010,0.00,"Prince Edward Island",4.89.12,v44382896
2011,0.00,"Prince Edward Island",4.89.12,v44382896
2012,0.00,"Prince Edward Island",4.89.12,v44382896
2013,0.00,"Prince Edward Island",4.89.12,v44382896
2014,0.00,"Prince Edward Island",4.89.12,v44382896
2015,0.00,"Prince Edward Island",4.89.12,v44382896
1998,0.00,"Nova Scotia",5.89.12,v44332840
1999,0.00,"Nova Scotia",5.89.12,v44332840
2000,0.00,"Nova Scotia",5.89.12,v44332840
2001,0.00,"Nova Scotia",5.89.12,v44332840
2002,0.00,"Nova Scotia",5.89.12,v44332840
2003,0.00,"Nova Scotia",5.89.12,v44332840
2004,0.00,"Nova Scotia",5.89.12,v44332840
2005,0.00,"Nova Scotia",5.89.12,v44332840
2006,0.00,"Nova Scotia",5.89.12,v44332840
2007,0.00,"Nova Scotia",5.89.12,v44332840
2008,0.00,"Nova Scotia",5.89.12,v44332840
2009,0.00,"Nova Scotia",5.89.12,v44332840
2010,0.00,"Nova Scotia",5.89.12,v44332840
2011,0.00,"Nova Scotia",5.89.12,v44332840
2012,0.00,"Nova Scotia",5.89.12,v44332840
2013,0.00,"Nova Scotia",5.89.12,v44332840
2014,0.00,"Nova Scotia",5.89.12,v44332840
2015,0.00,"Nova Scotia",5.89.12,v44332840
1998,0.00,"Halifax, Nova Scotia",6.89.12,v44350406
1999,0.00,"Halifax, Nova Scotia",6.89.12,v44350406
2000,0.00,"Halifax, Nova Scotia",6.89.12,v44350406
2001,0.00,"Halifax, Nova Scotia",6.89.12,v44350406
2002,0.00,"Halifax, Nova Scotia",6.89.12,v44350406
2003,0.00,"Halifax, Nova Scotia",6.89.12,v44350406
2004,0.00,"Halifax, Nova Scotia",6.89.12,v44350406
2005,0.00,"Halifax, Nova Scotia",6.89.12,v44350406
2006,0.00,"Halifax, Nova Scotia",6.89.12,v44350406
2007,0.00,"Halifax, Nova Scotia",6.89.12,v44350406
2008,0.00,"Halifax, Nova Scotia",6.89.12,v44350406
2009,0.00,"Halifax, Nova Scotia",6.89.12,v44350406
2010,0.00,"Halifax, Nova Scotia",6.89.12,v44350406
2011,0.00,"Halifax, Nova Scotia",6.89.12,v44350406
2012,0.00,"Halifax, Nova Scotia",6.89.12,v44350406
2013,0.00,"Halifax, Nova Scotia",6.89.12,v44350406
2014,0.00,"Halifax, Nova Scotia",6.89.12,v44350406
2015,0.00,"Halifax, Nova Scotia",6.89.12,v44350406
1998,0.00,"New Brunswick",7.89.12,v44332969
1999,0.00,"New Brunswick",7.89.12,v44332969
2000,0.00,"New Brunswick",7.89.12,v44332969
2001,0.00,"New Brunswick",7.89.12,v44332969
2002,0.00,"New Brunswick",7.89.12,v44332969
2003,0.00,"New Brunswick",7.89.12,v44332969
2004,0.00,"New Brunswick",7.89.12,v44332969
2005,0.00,"New Brunswick",7.89.12,v44332969
2006,0.00,"New Brunswick",7.89.12,v44332969
2007,0.00,"New Brunswick",7.89.12,v44332969
2008,0.00,"New Brunswick",7.89.12,v44332969
2009,0.00,"New Brunswick",7.89.12,v44332969
2010,0.00,"New Brunswick",7.89.12,v44332969
2011,0.00,"New Brunswick",7.89.12,v44332969
2012,0.00,"New Brunswick",7.89.12,v44332969
2013,0.00,"New Brunswick",7.89.12,v44332969
2014,0.00,"New Brunswick",7.89.12,v44332969
2015,0.00,"New Brunswick",7.89.12,v44332969
2006,0.00,"Moncton, New Brunswick",43.89.12,v62126246
2007,0.00,"Moncton, New Brunswick",43.89.12,v62126246
2008,0.00,"Moncton, New Brunswick",43.89.12,v62126246
2009,0.00,"Moncton, New Brunswick",43.89.12,v62126246
2010,0.00,"Moncton, New Brunswick",43.89.12,v62126246
2011,0.00,"Moncton, New Brunswick",43.89.12,v62126246
2012,0.00,"Moncton, New Brunswick",43.89.12,v62126246
2013,0.00,"Moncton, New Brunswick",43.89.12,v62126246
2014,0.00,"Moncton, New Brunswick",43.89.12,v62126246
2015,0.00,"Moncton, New Brunswick",43.89.12,v62126246
1998,0.00,"Saint John, New Brunswick",8.89.12,v44414151
1999,0.00,"Saint John, New Brunswick",8.89.12,v44414151
2000,0.00,"Saint John, New Brunswick",8.89.12,v44414151
2001,0.00,"Saint John, New Brunswick",8.89.12,v44414151
2002,0.00,"Saint John, New Brunswick",8.89.12,v44414151
2003,0.00,"Saint John, New Brunswick",8.89.12,v44414151
2004,0.00,"Saint John, New Brunswick",8.89.12,v44414151
2005,0.00,"Saint John, New Brunswick",8.89.12,v44414151
2006,0.00,"Saint John, New Brunswick",8.89.12,v44414151
2007,0.00,"Saint John, New Brunswick",8.89.12,v44414151
2008,0.00,"Saint John, New Brunswick",8.89.12,v44414151
2009,0.00,"Saint John, New Brunswick",8.89.12,v44414151
2010,0.00,"Saint John, New Brunswick",8.89.12,v44414151
2011,0.00,"Saint John, New Brunswick",8.89.12,v44414151
2012,0.00,"Saint John, New Brunswick",8.89.12,v44414151
2013,0.00,"Saint John, New Brunswick",8.89.12,v44414151
2014,0.00,"Saint John, New Brunswick",8.89.12,v44414151
2015,0.00,"Saint John, New Brunswick",8.89.12,v44414151
1998,0.18,"Quebec",9.89.12,v44413730
1999,0.00,"Quebec",9.89.12,v44413730
2000,0.00,"Quebec",9.89.12,v44413730
2001,0.00,"Quebec",9.89.12,v44413730
2002,0.00,"Quebec",9.89.12,v44413730
2003,0.00,"Quebec",9.89.12,v44413730
2004,0.00,"Quebec",9.89.12,v44413730
2005,0.00,"Quebec",9.89.12,v44413730
2006,0.00,"Quebec",9.89.12,v44413730
2007,0.00,"Quebec",9.89.12,v44413730
2008,0.00,"Quebec",9.89.12,v44413730
2009,0.00,"Quebec",9.89.12,v44413730
2010,0.00,"Quebec",9.89.12,v44413730
2011,0.00,"Quebec",9.89.12,v44413730
2012,0.00,"Quebec",9.89.12,v44413730
2013,0.00,"Quebec",9.89.12,v44413730
2014,0.00,"Quebec",9.89.12,v44413730
2015,0.00,"Quebec",9.89.12,v44413730
1998,0.00,"Saguenay, Quebec",10.89.12,v44350974
1999,0.00,"Saguenay, Quebec",10.89.12,v44350974
2000,0.00,"Saguenay, Quebec",10.89.12,v44350974
2001,0.00,"Saguenay, Quebec",10.89.12,v44350974
2002,..,"Saguenay, Quebec",10.89.12,v44350974
2003,..,"Saguenay, Quebec",10.89.12,v44350974
2004,0.00,"Saguenay, Quebec",10.89.12,v44350974
2005,0.00,"Saguenay, Quebec",10.89.12,v44350974
2006,0.00,"Saguenay, Quebec",10.89.12,v44350974
2007,0.00,"Saguenay, Quebec",10.89.12,v44350974
2008,0.00,"Saguenay, Quebec",10.89.12,v44350974
2009,0.00,"Saguenay, Quebec",10.89.12,v44350974
2010,0.00,"Saguenay, Quebec",10.89.12,v44350974
2011,0.00,"Saguenay, Quebec",10.89.12,v44350974
2012,0.00,"Saguenay, Quebec",10.89.12,v44350974
2013,0.00,"Saguenay, Quebec",10.89.12,v44350974
2014,0.00,"Saguenay, Quebec",10.89.12,v44350974
2015,0.00,"Saguenay, Quebec",10.89.12,v44350974
1998,0.00,"Sherbrooke, Quebec",12.89.12,v44371146
1999,..,"Sherbrooke, Quebec",12.89.12,v44371146
2000,..,"Sherbrooke, Quebec",12.89.12,v44371146
2001,..,"Sherbrooke, Quebec",12.89.12,v44371146
2002,..,"Sherbrooke, Quebec",12.89.12,v44371146
2003,0.00,"Sherbrooke, Quebec",12.89.12,v44371146
2004,0.00,"Sherbrooke, Quebec",12.89.12,v44371146
2005,0.00,"Sherbrooke, Quebec",12.89.12,v44371146
2006,0.00,"Sherbrooke, Quebec",12.89.12,v44371146
2007,0.00,"Sherbrooke, Quebec",12.89.12,v44371146
2008,0.00,"Sherbrooke, Quebec",12.89.12,v44371146
2009,0.00,"Sherbrooke, Quebec",12.89.12,v44371146
2010,0.00,"Sherbrooke, Quebec",12.89.12,v44371146
2011,0.00,"Sherbrooke, Quebec",12.89.12,v44371146
2012,0.00,"Sherbrooke, Quebec",12.89.12,v44371146
2013,0.00,"Sherbrooke, Quebec",12.89.12,v44371146
2014,0.00,"Sherbrooke, Quebec",12.89.12,v44371146
2015,0.00,"Sherbrooke, Quebec",12.89.12,v44371146
1998,0.00,"Ottawa-Gatineau, Quebec part",15.89.12,v44356474
1999,0.00,"Ottawa-Gatineau, Quebec part",15.89.12,v44356474
2000,0.00,"Ottawa-Gatineau, Quebec part",15.89.12,v44356474
2001,0.00,"Ottawa-Gatineau, Quebec part",15.89.12,v44356474
2002,0.00,"Ottawa-Gatineau, Quebec part",15.89.12,v44356474
2003,0.00,"Ottawa-Gatineau, Quebec part",15.89.12,v44356474
2004,0.00,"Ottawa-Gatineau, Quebec part",15.89.12,v44356474
2005,0.00,"Ottawa-Gatineau, Quebec part",15.89.12,v44356474
2006,0.00,"Ottawa-Gatineau, Quebec part",15.89.12,v44356474
2007,0.00,"Ottawa-Gatineau, Quebec part",15.89.12,v44356474
2008,0.00,"Ottawa-Gatineau, Quebec part",15.89.12,v44356474
2009,0.00,"Ottawa-Gatineau, Quebec part",15.89.12,v44356474
2010,0.00,"Ottawa-Gatineau, Quebec part",15.89.12,v44356474
2011,0.00,"Ottawa-Gatineau, Quebec part",15.89.12,v44356474
2012,0.00,"Ottawa-Gatineau, Quebec part",15.89.12,v44356474
2013,0.00,"Ottawa-Gatineau, Quebec part",15.89.12,v44356474
2014,0.00,"Ottawa-Gatineau, Quebec part",15.89.12,v44356474
2015,0.00,"Ottawa-Gatineau, Quebec part",15.89.12,v44356474
1998,1.10,"Ontario",16.89.12,v44406466
1999,0.00,"Ontario",16.89.12,v44406466
2000,0.00,"Ontario",16.89.12,v44406466
2001,0.00,"Ontario",16.89.12,v44406466
2002,0.00,"Ontario",16.89.12,v44406466
2003,0.20,"Ontario",16.89.12,v44406466
2004,0.39,"Ontario",16.89.12,v44406466
2005,0.00,"Ontario",16.89.12,v44406466
2006,0.00,"Ontario",16.89.12,v44406466
2007,0.00,"Ontario",16.89.12,v44406466
2008,0.00,"Ontario",16.89.12,v44406466
2009,0.10,"Ontario",16.89.12,v44406466
2010,0.00,"Ontario",16.89.12,v44406466
2011,0.00,"Ontario",16.89.12,v44406466
2012,0.00,"Ontario",16.89.12,v44406466
2013,0.00,"Ontario",16.89.12,v44406466
2014,0.00,"Ontario",16.89.12,v44406466
2015,0.00,"Ontario",16.89.12,v44406466
1998,0.00,"Ottawa-Gatineau, Ontario/Quebec",17.89.12,v52148457
1999,0.00,"Ottawa-Gatineau, Ontario/Quebec",17.89.12,v52148457
2000,0.00,"Ottawa-Gatineau, Ontario/Quebec",17.89.12,v52148457
2001,0.00,"Ottawa-Gatineau, Ontario/Quebec",17.89.12,v52148457
2002,0.00,"Ottawa-Gatineau, Ontario/Quebec",17.89.12,v52148457
2003,0.00,"Ottawa-Gatineau, Ontario/Quebec",17.89.12,v52148457
2004,0.00,"Ottawa-Gatineau, Ontario/Quebec",17.89.12,v52148457
2005,0.00,"Ottawa-Gatineau, Ontario/Quebec",17.89.12,v52148457
2006,0.00,"Ottawa-Gatineau, Ontario/Quebec",17.89.12,v52148457
2007,0.00,"Ottawa-Gatineau, Ontario/Quebec",17.89.12,v52148457
2008,0.00,"Ottawa-Gatineau, Ontario/Quebec",17.89.12,v52148457
2009,0.00,"Ottawa-Gatineau, Ontario/Quebec",17.89.12,v52148457
2010,0.00,"Ottawa-Gatineau, Ontario/Quebec",17.89.12,v52148457
2011,0.00,"Ottawa-Gatineau, Ontario/Quebec",17.89.12,v52148457
2012,0.00,"Ottawa-Gatineau, Ontario/Quebec",17.89.12,v52148457
2013,0.00,"Ottawa-Gatineau, Ontario/Quebec",17.89.12,v52148457
2014,0.00,"Ottawa-Gatineau, Ontario/Quebec",17.89.12,v52148457
2015,0.00,"Ottawa-Gatineau, Ontario/Quebec",17.89.12,v52148457
1998,0.00,"Ottawa-Gatineau, Ontario part",18.89.12,v44358278
1999,0.00,"Ottawa-Gatineau, Ontario part",18.89.12,v44358278
2000,0.00,"Ottawa-Gatineau, Ontario part",18.89.12,v44358278
2001,0.00,"Ottawa-Gatineau, Ontario part",18.89.12,v44358278
2002,..,"Ottawa-Gatineau, Ontario part",18.89.12,v44358278
2003,..,"Ottawa-Gatineau, Ontario part",18.89.12,v44358278
2004,0.00,"Ottawa-Gatineau, Ontario part",18.89.12,v44358278
2005,0.00,"Ottawa-Gatineau, Ontario part",18.89.12,v44358278
2006,0.00,"Ottawa-Gatineau, Ontario part",18.89.12,v44358278
2007,0.00,"Ottawa-Gatineau, Ontario part",18.89.12,v44358278
2008,0.00,"Ottawa-Gatineau, Ontario part",18.89.12,v44358278
2009,0.00,"Ottawa-Gatineau, Ontario part",18.89.12,v44358278
2010,0.00,"Ottawa-Gatineau, Ontario part",18.89.12,v44358278
2011,0.00,"Ottawa-Gatineau, Ontario part",18.89.12,v44358278
2012,0.00,"Ottawa-Gatineau, Ontario part",18.89.12,v44358278
2013,0.00,"Ottawa-Gatineau, Ontario part",18.89.12,v44358278
2014,0.00,"Ottawa-Gatineau, Ontario part",18.89.12,v44358278
2015,0.00,"Ottawa-Gatineau, Ontario part",18.89.12,v44358278
2000,..,"Kingston, Ontario",27.89.12,v44372390
2001,0.00,"Kingston, Ontario",27.89.12,v44372390
2002,0.00,"Kingston, Ontario",27.89.12,v44372390
2003,0.00,"Kingston, Ontario",27.89.12,v44372390
2004,0.00,"Kingston, Ontario",27.89.12,v44372390
2005,0.00,"Kingston, Ontario",27.89.12,v44372390
2006,0.00,"Kingston, Ontario",27.89.12,v44372390
2007,0.00,"Kingston, Ontario",27.89.12,v44372390
2008,0.00,"Kingston, Ontario",27.89.12,v44372390
2009,0.00,"Kingston, Ontario",27.89.12,v44372390
2010,0.00,"Kingston, Ontario",27.89.12,v44372390
2011,0.00,"Kingston, Ontario",27.89.12,v44372390
2012,0.00,"Kingston, Ontario",27.89.12,v44372390
2013,0.00,"Kingston, Ontario",27.89.12,v44372390
2014,0.00,"Kingston, Ontario",27.89.12,v44372390
2015,0.00,"Kingston, Ontario",27.89.12,v44372390
2005,..,"Peterborough, Ontario",44.89.12,v52122632
2006,0.00,"Peterborough, Ontario",44.89.12,v52122632
2007,0.00,"Peterborough, Ontario",44.89.12,v52122632
2008,0.00,"Peterborough, Ontario",44.89.12,v52122632
2009,0.00,"Peterborough, Ontario",44.89.12,v52122632
2010,0.00,"Peterborough, Ontario",44.89.12,v52122632
2011,0.00,"Peterborough, Ontario",44.89.12,v52122632
2012,0.00,"Peterborough, Ontario",44.89.12,v52122632
2013,0.00,"Peterborough, Ontario",44.89.12,v52122632
2014,0.00,"Peterborough, Ontario",44.89.12,v52122632
2015,0.00,"Peterborough, Ontario",44.89.12,v52122632
1998,0.00,"Toronto, Ontario",19.89.12,v44339412
1999,0.00,"Toronto, Ontario",19.89.12,v44339412
2000,0.00,"Toronto, Ontario",19.89.12,v44339412
2001,0.00,"Toronto, Ontario",19.89.12,v44339412
2002,0.00,"Toronto, Ontario",19.89.12,v44339412
2003,0.00,"Toronto, Ontario",19.89.12,v44339412
2004,0.99,"Toronto, Ontario",19.89.12,v44339412
2005,0.00,"Toronto, Ontario",19.89.12,v44339412
2006,0.00,"Toronto, Ontario",19.89.12,v44339412
2007,0.00,"Toronto, Ontario",19.89.12,v44339412
2008,0.00,"Toronto, Ontario",19.89.12,v44339412
2009,0.00,"Toronto, Ontario",19.89.12,v44339412
2010,0.00,"Toronto, Ontario",19.89.12,v44339412
2011,0.00,"Toronto, Ontario",19.89.12,v44339412
2012,0.00,"Toronto, Ontario",19.89.12,v44339412
2013,0.00,"Toronto, Ontario",19.89.12,v44339412
2014,0.00,"Toronto, Ontario",19.89.12,v44339412
2015,0.00,"Toronto, Ontario",19.89.12,v44339412
1998,0.00,"Hamilton, Ontario",20.89.12,v44412091
1999,0.00,"Hamilton, Ontario",20.89.12,v44412091
2000,0.00,"Hamilton, Ontario",20.89.12,v44412091
2001,0.00,"Hamilton, Ontario",20.89.12,v44412091
2002,0.00,"Hamilton, Ontario",20.89.12,v44412091
2003,0.00,"Hamilton, Ontario",20.89.12,v44412091
2004,0.00,"Hamilton, Ontario",20.89.12,v44412091
2005,0.00,"Hamilton, Ontario",20.89.12,v44412091
2006,0.00,"Hamilton, Ontario",20.89.12,v44412091
2007,0.00,"Hamilton, Ontario",20.89.12,v44412091
2008,0.00,"Hamilton, Ontario",20.89.12,v44412091
2009,0.00,"Hamilton, Ontario",20.89.12,v44412091
2010,0.00,"Hamilton, Ontario",20.89.12,v44412091
2011,0.00,"Hamilton, Ontario",20.89.12,v44412091
2012,0.00,"Hamilton, Ontario",20.89.12,v44412091
2013,0.00,"Hamilton, Ontario",20.89.12,v44412091
2014,0.00,"Hamilton, Ontario",20.89.12,v44412091
2015,0.00,"Hamilton, Ontario",20.89.12,v44412091
1998,0.00,"St.Catharines-Niagara, Ontario",21.89.12,v44390837
1999,0.00,"St.Catharines-Niagara, Ontario",21.89.12,v44390837
2000,0.00,"St.Catharines-Niagara, Ontario",21.89.12,v44390837
2001,0.00,"St.Catharines-Niagara, Ontario",21.89.12,v44390837
2002,..,"St.Catharines-Niagara, Ontario",21.89.12,v44390837
2003,0.00,"St.Catharines-Niagara, Ontario",21.89.12,v44390837
2004,0.00,"St.Catharines-Niagara, Ontario",21.89.12,v44390837
2005,0.00,"St.Catharines-Niagara, Ontario",21.89.12,v44390837
2006,0.00,"St.Catharines-Niagara, Ontario",21.89.12,v44390837
2007,0.00,"St.Catharines-Niagara, Ontario",21.89.12,v44390837
2008,0.00,"St.Catharines-Niagara, Ontario",21.89.12,v44390837
2009,0.00,"St.Catharines-Niagara, Ontario",21.89.12,v44390837
2010,0.00,"St.Catharines-Niagara, Ontario",21.89.12,v44390837
2011,0.00,"St.Catharines-Niagara, Ontario",21.89.12,v44390837
2012,0.00,"St.Catharines-Niagara, Ontario",21.89.12,v44390837
2013,0.00,"St.Catharines-Niagara, Ontario",21.89.12,v44390837
2014,0.00,"St.Catharines-Niagara, Ontario",21.89.12,v44390837
2015,0.00,"St.Catharines-Niagara, Ontario",21.89.12,v44390837
1998,0.00,"Kitchener-Cambridge-Waterloo, Ontario",22.89.12,v44393000
1999,0.00,"Kitchener-Cambridge-Waterloo, Ontario",22.89.12,v44393000
2000,..,"Kitchener-Cambridge-Waterloo, Ontario",22.89.12,v44393000
2001,..,"Kitchener-Cambridge-Waterloo, Ontario",22.89.12,v44393000
2002,0.00,"Kitchener-Cambridge-Waterloo, Ontario",22.89.12,v44393000
2003,..,"Kitchener-Cambridge-Waterloo, Ontario",22.89.12,v44393000
2004,0.00,"Kitchener-Cambridge-Waterloo, Ontario",22.89.12,v44393000
2005,0.00,"Kitchener-Cambridge-Waterloo, Ontario",22.89.12,v44393000
2006,0.00,"Kitchener-Cambridge-Waterloo, Ontario",22.89.12,v44393000
2007,0.00,"Kitchener-Cambridge-Waterloo, Ontario",22.89.12,v44393000
2008,0.00,"Kitchener-Cambridge-Waterloo, Ontario",22.89.12,v44393000
2009,0.00,"Kitchener-Cambridge-Waterloo, Ontario",22.89.12,v44393000
2010,0.00,"Kitchener-Cambridge-Waterloo, Ontario",22.89.12,v44393000
2011,0.00,"Kitchener-Cambridge-Waterloo, Ontario",22.89.12,v44393000
2012,0.00,"Kitchener-Cambridge-Waterloo, Ontario",22.89.12,v44393000
2013,0.00,"Kitchener-Cambridge-Waterloo, Ontario",22.89.12,v44393000
2014,0.00,"Kitchener-Cambridge-Waterloo, Ontario",22.89.12,v44393000
2015,0.00,"Kitchener-Cambridge-Waterloo, Ontario",22.89.12,v44393000
2005,..,"Brantford, Ontario",45.89.12,v52119280
2006,0.00,"Brantford, Ontario",45.89.12,v52119280
2007,0.00,"Brantford, Ontario",45.89.12,v52119280
2008,0.00,"Brantford, Ontario",45.89.12,v52119280
2009,0.00,"Brantford, Ontario",45.89.12,v52119280
2010,0.00,"Brantford, Ontario",45.89.12,v52119280
2011,0.00,"Brantford, Ontario",45.89.12,v52119280
2012,0.00,"Brantford, Ontario",45.89.12,v52119280
2013,0.00,"Brantford, Ontario",45.89.12,v52119280
2014,0.00,"Brantford, Ontario",45.89.12,v52119280
2015,0.00,"Brantford, Ontario",45.89.12,v52119280
2005,..,"Guelph, Ontario",46.89.12,v52119713
2006,0.00,"Guelph, Ontario",46.89.12,v52119713
2007,0.00,"Guelph, Ontario",46.89.12,v52119713
2008,0.00,"Guelph, Ontario",46.89.12,v52119713
2009,0.00,"Guelph, Ontario",46.89.12,v52119713
2010,0.00,"Guelph, Ontario",46.89.12,v52119713
2011,0.00,"Guelph, Ontario",46.89.12,v52119713
2012,0.00,"Guelph, Ontario",46.89.12,v52119713
2013,0.00,"Guelph, Ontario",46.89.12,v52119713
2014,0.00,"Guelph, Ontario",46.89.12,v52119713
2015,0.00,"Guelph, Ontario",46.89.12,v52119713
1998,0.00,"London, Ontario",23.89.12,v44379969
1999,0.00,"London, Ontario",23.89.12,v44379969
2000,0.00,"London, Ontario",23.89.12,v44379969
2001,0.00,"London, Ontario",23.89.12,v44379969
2002,0.00,"London, Ontario",23.89.12,v44379969
2003,0.00,"London, Ontario",23.89.12,v44379969
2004,0.00,"London, Ontario",23.89.12,v44379969
2005,0.00,"London, Ontario",23.89.12,v44379969
2006,0.00,"London, Ontario",23.89.12,v44379969
2007,0.00,"London, Ontario",23.89.12,v44379969
2008,0.00,"London, Ontario",23.89.12,v44379969
2009,0.00,"London, Ontario",23.89.12,v44379969
2010,0.00,"London, Ontario",23.89.12,v44379969
2011,0.00,"London, Ontario",23.89.12,v44379969
2012,0.00,"London, Ontario",23.89.12,v44379969
2013,0.00,"London, Ontario",23.89.12,v44379969
2014,0.00,"London, Ontario",23.89.12,v44379969
2015,0.00,"London, Ontario",23.89.12,v44379969
1998,0.00,"Windsor, Ontario",24.89.12,v44354461
1999,0.00,"Windsor, Ontario",24.89.12,v44354461
2000,0.00,"Windsor, Ontario",24.89.12,v44354461
2001,0.00,"Windsor, Ontario",24.89.12,v44354461
2002,0.00,"Windsor, Ontario",24.89.12,v44354461
2003,0.00,"Windsor, Ontario",24.89.12,v44354461
2004,0.00,"Windsor, Ontario",24.89.12,v44354461
2005,0.00,"Windsor, Ontario",24.89.12,v44354461
2006,0.00,"Windsor, Ontario",24.89.12,v44354461
2007,0.00,"Windsor, Ontario",24.89.12,v44354461
2008,0.00,"Windsor, Ontario",24.89.12,v44354461
2009,0.00,"Windsor, Ontario",24.89.12,v44354461
2010,0.00,"Windsor, Ontario",24.89.12,v44354461
2011,0.00,"Windsor, Ontario",24.89.12,v44354461
2012,0.00,"Windsor, Ontario",24.89.12,v44354461
2013,0.00,"Windsor, Ontario",24.89.12,v44354461
2014,0.00,"Windsor, Ontario",24.89.12,v44354461
2015,0.00,"Windsor, Ontario",24.89.12,v44354461
2005,..,"Barrie, Ontario",47.89.12,v52145124
2006,0.00,"Barrie, Ontario",47.89.12,v52145124
2007,0.00,"Barrie, Ontario",47.89.12,v52145124
2008,0.00,"Barrie, Ontario",47.89.12,v52145124
2009,5.58,"Barrie, Ontario",47.89.12,v52145124
2010,0.00,"Barrie, Ontario",47.89.12,v52145124
2011,0.00,"Barrie, Ontario",47.89.12,v52145124
2012,0.00,"Barrie, Ontario",47.89.12,v52145124
2013,0.00,"Barrie, Ontario",47.89.12,v52145124
2014,0.00,"Barrie, Ontario",47.89.12,v52145124
2015,0.00,"Barrie, Ontario",47.89.12,v52145124
1998,0.00,"Sudbury, Ontario",25.89.12,v44355577
1999,0.00,"Sudbury, Ontario",25.89.12,v44355577
2000,0.00,"Sudbury, Ontario",25.89.12,v44355577
2001,0.00,"Sudbury, Ontario",25.89.12,v44355577
2002,0.00,"Sudbury, Ontario",25.89.12,v44355577
2003,0.00,"Sudbury, Ontario",25.89.12,v44355577
2004,0.00,"Sudbury, Ontario",25.89.12,v44355577
2005,0.00,"Sudbury, Ontario",25.89.12,v44355577
2006,0.00,"Sudbury, Ontario",25.89.12,v44355577
2007,0.00,"Sudbury, Ontario",25.89.12,v44355577
2008,0.00,"Sudbury, Ontario",25.89.12,v44355577
2009,0.00,"Sudbury, Ontario",25.89.12,v44355577
2010,0.00,"Sudbury, Ontario",25.89.12,v44355577
2011,0.00,"Sudbury, Ontario",25.89.12,v44355577
2012,0.00,"Sudbury, Ontario",25.89.12,v44355577
2013,0.00,"Sudbury, Ontario",25.89.12,v44355577
2014,0.00,"Sudbury, Ontario",25.89.12,v44355577
2015,0.00,"Sudbury, Ontario",25.89.12,v44355577
1998,0.00,"Thunder Bay, Ontario",26.89.12,v44333064
1999,0.00,"Thunder Bay, Ontario",26.89.12,v44333064
2000,0.00,"Thunder Bay, Ontario",26.89.12,v44333064
2001,0.00,"Thunder Bay, Ontario",26.89.12,v44333064
2002,0.00,"Thunder Bay, Ontario",26.89.12,v44333064
2003,0.00,"Thunder Bay, Ontario",26.89.12,v44333064
2004,0.00,"Thunder Bay, Ontario",26.89.12,v44333064
2005,0.00,"Thunder Bay, Ontario",26.89.12,v44333064
2006,0.00,"Thunder Bay, Ontario",26.89.12,v44333064
2007,0.00,"Thunder Bay, Ontario",26.89.12,v44333064
2008,0.00,"Thunder Bay, Ontario",26.89.12,v44333064
2009,0.00,"Thunder Bay, Ontario",26.89.12,v44333064
2010,0.00,"Thunder Bay, Ontario",26.89.12,v44333064
2011,0.00,"Thunder Bay, Ontario",26.89.12,v44333064
2012,0.00,"Thunder Bay, Ontario",26.89.12,v44333064
2013,0.00,"Thunder Bay, Ontario",26.89.12,v44333064
2014,0.00,"Thunder Bay, Ontario",26.89.12,v44333064
2015,0.00,"Thunder Bay, Ontario",26.89.12,v44333064
1998,1.02,"Manitoba",28.89.12,v44372710
1999,1.01,"Manitoba",28.89.12,v44372710
2000,0.00,"Manitoba",28.89.12,v44372710
2001,0.00,"Manitoba",28.89.12,v44372710
2002,0.00,"Manitoba",28.89.12,v44372710
2003,0.00,"Manitoba",28.89.12,v44372710
2004,0.00,"Manitoba",28.89.12,v44372710
2005,0.00,"Manitoba",28.89.12,v44372710
2006,0.00,"Manitoba",28.89.12,v44372710
2007,0.00,"Manitoba",28.89.12,v44372710
2008,0.00,"Manitoba",28.89.12,v44372710
2009,0.00,"Manitoba",28.89.12,v44372710
2010,0.00,"Manitoba",28.89.12,v44372710
2011,0.00,"Manitoba",28.89.12,v44372710
2012,0.00,"Manitoba",28.89.12,v44372710
2013,0.00,"Manitoba",28.89.12,v44372710
2014,0.00,"Manitoba",28.89.12,v44372710
2015,0.00,"Manitoba",28.89.12,v44372710
1998,0.00,"Winnipeg, Manitoba",29.89.12,v44372255
1999,0.00,"Winnipeg, Manitoba",29.89.12,v44372255
2000,0.00,"Winnipeg, Manitoba",29.89.12,v44372255
2001,0.00,"Winnipeg, Manitoba",29.89.12,v44372255
2002,0.00,"Winnipeg, Manitoba",29.89.12,v44372255
2003,0.00,"Winnipeg, Manitoba",29.89.12,v44372255
2004,0.00,"Winnipeg, Manitoba",29.89.12,v44372255
2005,0.00,"Winnipeg, Manitoba",29.89.12,v44372255
2006,0.00,"Winnipeg, Manitoba",29.89.12,v44372255
2007,0.00,"Winnipeg, Manitoba",29.89.12,v44372255
2008,0.00,"Winnipeg, Manitoba",29.89.12,v44372255
2009,0.00,"Winnipeg, Manitoba",29.89.12,v44372255
2010,0.00,"Winnipeg, Manitoba",29.89.12,v44372255
2011,0.00,"Winnipeg, Manitoba",29.89.12,v44372255
2012,0.00,"Winnipeg, Manitoba",29.89.12,v44372255
2013,0.00,"Winnipeg, Manitoba",29.89.12,v44372255
2014,0.00,"Winnipeg, Manitoba",29.89.12,v44372255
2015,0.00,"Winnipeg, Manitoba",29.89.12,v44372255
1998,0.00,"Saskatchewan",30.89.12,v44409229
1999,0.00,"Saskatchewan",30.89.12,v44409229
2000,0.00,"Saskatchewan",30.89.12,v44409229
2001,0.00,"Saskatchewan",30.89.12,v44409229
2002,0.00,"Saskatchewan",30.89.12,v44409229
2003,0.00,"Saskatchewan",30.89.12,v44409229
2004,0.00,"Saskatchewan",30.89.12,v44409229
2005,0.00,"Saskatchewan",30.89.12,v44409229
2006,0.00,"Saskatchewan",30.89.12,v44409229
2007,0.00,"Saskatchewan",30.89.12,v44409229
2008,0.00,"Saskatchewan",30.89.12,v44409229
2009,0.00,"Saskatchewan",30.89.12,v44409229
2010,0.00,"Saskatchewan",30.89.12,v44409229
2011,0.00,"Saskatchewan",30.89.12,v44409229
2012,0.00,"Saskatchewan",30.89.12,v44409229
2013,0.00,"Saskatchewan",30.89.12,v44409229
2014,0.00,"Saskatchewan",30.89.12,v44409229
2015,0.00,"Saskatchewan",30.89.12,v44409229
1998,0.00,"Regina, Saskatchewan",31.89.12,v44373508
1999,0.00,"Regina, Saskatchewan",31.89.12,v44373508
2000,0.00,"Regina, Saskatchewan",31.89.12,v44373508
2001,0.00,"Regina, Saskatchewan",31.89.12,v44373508
2002,0.00,"Regina, Saskatchewan",31.89.12,v44373508
2003,0.00,"Regina, Saskatchewan",31.89.12,v44373508
2004,0.00,"Regina, Saskatchewan",31.89.12,v44373508
2005,0.00,"Regina, Saskatchewan",31.89.12,v44373508
2006,0.00,"Regina, Saskatchewan",31.89.12,v44373508
2007,0.00,"Regina, Saskatchewan",31.89.12,v44373508
2008,0.00,"Regina, Saskatchewan",31.89.12,v44373508
2009,0.00,"Regina, Saskatchewan",31.89.12,v44373508
2010,0.00,"Regina, Saskatchewan",31.89.12,v44373508
2011,0.00,"Regina, Saskatchewan",31.89.12,v44373508
2012,0.00,"Regina, Saskatchewan",31.89.12,v44373508
2013,0.00,"Regina, Saskatchewan",31.89.12,v44373508
2014,0.00,"Regina, Saskatchewan",31.89.12,v44373508
2015,0.00,"Regina, Saskatchewan",31.89.12,v44373508
1998,0.00,"Saskatoon, Saskatchewan",32.89.12,v44330900
1999,0.00,"Saskatoon, Saskatchewan",32.89.12,v44330900
2000,0.00,"Saskatoon, Saskatchewan",32.89.12,v44330900
2001,0.00,"Saskatoon, Saskatchewan",32.89.12,v44330900
2002,0.00,"Saskatoon, Saskatchewan",32.89.12,v44330900
2003,0.00,"Saskatoon, Saskatchewan",32.89.12,v44330900
2004,0.00,"Saskatoon, Saskatchewan",32.89.12,v44330900
2005,0.00,"Saskatoon, Saskatchewan",32.89.12,v44330900
2006,0.00,"Saskatoon, Saskatchewan",32.89.12,v44330900
2007,0.00,"Saskatoon, Saskatchewan",32.89.12,v44330900
2008,0.00,"Saskatoon, Saskatchewan",32.89.12,v44330900
2009,0.00,"Saskatoon, Saskatchewan",32.89.12,v44330900
2010,0.00,"Saskatoon, Saskatchewan",32.89.12,v44330900
2011,0.00,"Saskatoon, Saskatchewan",32.89.12,v44330900
2012,0.00,"Saskatoon, Saskatchewan",32.89.12,v44330900
2013,0.00,"Saskatoon, Saskatchewan",32.89.12,v44330900
2014,0.00,"Saskatoon, Saskatchewan",32.89.12,v44330900
2015,0.00,"Saskatoon, Saskatchewan",32.89.12,v44330900
1998,0.00,"Alberta",33.89.12,v44407217
1999,0.38,"Alberta",33.89.12,v44407217
2000,0.00,"Alberta",33.89.12,v44407217
2001,0.00,"Alberta",33.89.12,v44407217
2002,0.00,"Alberta",33.89.12,v44407217
2003,0.00,"Alberta",33.89.12,v44407217
2004,0.00,"Alberta",33.89.12,v44407217
2005,0.00,"Alberta",33.89.12,v44407217
2006,0.00,"Alberta",33.89.12,v44407217
2007,0.00,"Alberta",33.89.12,v44407217
2008,0.00,"Alberta",33.89.12,v44407217
2009,0.00,"Alberta",33.89.12,v44407217
2010,0.00,"Alberta",33.89.12,v44407217
2011,0.00,"Alberta",33.89.12,v44407217
2012,0.00,"Alberta",33.89.12,v44407217
2013,0.00,"Alberta",33.89.12,v44407217
2014,0.00,"Alberta",33.89.12,v44407217
2015,0.00,"Alberta",33.89.12,v44407217
1998,0.00,"Calgary, Alberta",34.89.12,v44413578
1999,0.00,"Calgary, Alberta",34.89.12,v44413578
2000,0.00,"Calgary, Alberta",34.89.12,v44413578
2001,0.00,"Calgary, Alberta",34.89.12,v44413578
2002,0.00,"Calgary, Alberta",34.89.12,v44413578
2003,0.00,"Calgary, Alberta",34.89.12,v44413578
2004,0.00,"Calgary, Alberta",34.89.12,v44413578
2005,0.00,"Calgary, Alberta",34.89.12,v44413578
2006,0.00,"Calgary, Alberta",34.89.12,v44413578
2007,0.00,"Calgary, Alberta",34.89.12,v44413578
2008,0.00,"Calgary, Alberta",34.89.12,v44413578
2009,0.00,"Calgary, Alberta",34.89.12,v44413578
2010,0.00,"Calgary, Alberta",34.89.12,v44413578
2011,0.00,"Calgary, Alberta",34.89.12,v44413578
2012,0.00,"Calgary, Alberta",34.89.12,v44413578
2013,0.00,"Calgary, Alberta",34.89.12,v44413578
2014,0.00,"Calgary, Alberta",34.89.12,v44413578
2015,0.00,"Calgary, Alberta",34.89.12,v44413578
1998,0.00,"Edmonton, Alberta",35.89.12,v44374769
1999,0.00,"Edmonton, Alberta",35.89.12,v44374769
2000,0.00,"Edmonton, Alberta",35.89.12,v44374769
2001,0.00,"Edmonton, Alberta",35.89.12,v44374769
2002,0.00,"Edmonton, Alberta",35.89.12,v44374769
2003,0.00,"Edmonton, Alberta",35.89.12,v44374769
2004,0.00,"Edmonton, Alberta",35.89.12,v44374769
2005,0.00,"Edmonton, Alberta",35.89.12,v44374769
2006,0.00,"Edmonton, Alberta",35.89.12,v44374769
2007,0.00,"Edmonton, Alberta",35.89.12,v44374769
2008,0.00,"Edmonton, Alberta",35.89.12,v44374769
2009,0.00,"Edmonton, Alberta",35.89.12,v44374769
2010,0.00,"Edmonton, Alberta",35.89.12,v44374769
2011,0.00,"Edmonton, Alberta",35.89.12,v44374769
2012,0.00,"Edmonton, Alberta",35.89.12,v44374769
2013,0.00,"Edmonton, Alberta",35.89.12,v44374769
2014,0.00,"Edmonton, Alberta",35.89.12,v44374769
2015,0.00,"Edmonton, Alberta",35.89.12,v44374769
1998,0.00,"British Columbia",36.89.12,v44361130
1999,0.00,"British Columbia",36.89.12,v44361130
2000,0.00,"British Columbia",36.89.12,v44361130
2001,0.00,"British Columbia",36.89.12,v44361130
2002,0.00,"British Columbia",36.89.12,v44361130
2003,0.00,"British Columbia",36.89.12,v44361130
2004,0.00,"British Columbia",36.89.12,v44361130
2005,0.00,"British Columbia",36.89.12,v44361130
2006,0.00,"British Columbia",36.89.12,v44361130
2007,0.00,"British Columbia",36.89.12,v44361130
2008,0.00,"British Columbia",36.89.12,v44361130
2009,0.00,"British Columbia",36.89.12,v44361130
2010,0.00,"British Columbia",36.89.12,v44361130
2011,0.00,"British Columbia",36.89.12,v44361130
2012,0.00,"British Columbia",36.89.12,v44361130
2013,0.00,"British Columbia",36.89.12,v44361130
2014,0.00,"British Columbia",36.89.12,v44361130
2015,0.00,"British Columbia",36.89.12,v44361130
2005,..,"Kelowna, British Columbia",48.89.12,v52144222
2006,0.00,"Kelowna, British Columbia",48.89.12,v52144222
2007,0.00,"Kelowna, British Columbia",48.89.12,v52144222
2008,0.00,"Kelowna, British Columbia",48.89.12,v52144222
2009,0.00,"Kelowna, British Columbia",48.89.12,v52144222
2010,0.00,"Kelowna, British Columbia",48.89.12,v52144222
2011,0.00,"Kelowna, British Columbia",48.89.12,v52144222
2012,0.00,"Kelowna, British Columbia",48.89.12,v52144222
2013,0.00,"Kelowna, British Columbia",48.89.12,v52144222
2014,0.00,"Kelowna, British Columbia",48.89.12,v52144222
2015,0.00,"Kelowna, British Columbia",48.89.12,v52144222
2000,..,"Abbotsford-Mission, British Columbia",39.89.12,v44329651
2001,0.00,"Abbotsford-Mission, British Columbia",39.89.12,v44329651
2002,0.00,"Abbotsford-Mission, British Columbia",39.89.12,v44329651
2003,0.00,"Abbotsford-Mission, British Columbia",39.89.12,v44329651
2004,0.00,"Abbotsford-Mission, British Columbia",39.89.12,v44329651
2005,0.00,"Abbotsford-Mission, British Columbia",39.89.12,v44329651
2006,0.00,"Abbotsford-Mission, British Columbia",39.89.12,v44329651
2007,0.00,"Abbotsford-Mission, British Columbia",39.89.12,v44329651
2008,0.00,"Abbotsford-Mission, British Columbia",39.89.12,v44329651
2009,0.00,"Abbotsford-Mission, British Columbia",39.89.12,v44329651
2010,0.00,"Abbotsford-Mission, British Columbia",39.89.12,v44329651
2011,0.00,"Abbotsford-Mission, British Columbia",39.89.12,v44329651
2012,0.00,"Abbotsford-Mission, British Columbia",39.89.12,v44329651
2013,0.00,"Abbotsford-Mission, British Columbia",39.89.12,v44329651
2014,0.00,"Abbotsford-Mission, British Columbia",39.89.12,v44329651
2015,0.00,"Abbotsford-Mission, British Columbia",39.89.12,v44329651
1998,0.00,"Vancouver, British Columbia",37.89.12,v44364193
1999,0.00,"Vancouver, British Columbia",37.89.12,v44364193
2000,0.00,"Vancouver, British Columbia",37.89.12,v44364193
2001,0.00,"Vancouver, British Columbia",37.89.12,v44364193
2002,0.00,"Vancouver, British Columbia",37.89.12,v44364193
2003,0.00,"Vancouver, British Columbia",37.89.12,v44364193
2004,0.00,"Vancouver, British Columbia",37.89.12,v44364193
2005,0.00,"Vancouver, British Columbia",37.89.12,v44364193
2006,0.00,"Vancouver, British Columbia",37.89.12,v44364193
2007,0.00,"Vancouver, British Columbia",37.89.12,v44364193
2008,0.00,"Vancouver, British Columbia",37.89.12,v44364193
2009,0.00,"Vancouver, British Columbia",37.89.12,v44364193
2010,0.00,"Vancouver, British Columbia",37.89.12,v44364193
2011,0.00,"Vancouver, British Columbia",37.89.12,v44364193
2012,0.00,"Vancouver, British Columbia",37.89.12,v44364193
2013,0.00,"Vancouver, British Columbia",37.89.12,v44364193
2014,0.00,"Vancouver, British Columbia",37.89.12,v44364193
2015,0.00,"Vancouver, British Columbia",37.89.12,v44364193
1998,0.00,"Victoria, British Columbia",38.89.12,v44384691
1999,0.00,"Victoria, British Columbia",38.89.12,v44384691
2000,0.00,"Victoria, British Columbia",38.89.12,v44384691
2001,0.00,"Victoria, British Columbia",38.89.12,v44384691
2002,0.00,"Victoria, British Columbia",38.89.12,v44384691
2003,0.00,"Victoria, British Columbia",38.89.12,v44384691
2004,0.00,"Victoria, British Columbia",38.89.12,v44384691
2005,0.00,"Victoria, British Columbia",38.89.12,v44384691
2006,0.00,"Victoria, British Columbia",38.89.12,v44384691
2007,0.00,"Victoria, British Columbia",38.89.12,v44384691
2008,0.00,"Victoria, British Columbia",38.89.12,v44384691
2009,0.00,"Victoria, British Columbia",38.89.12,v44384691
2010,0.00,"Victoria, British Columbia",38.89.12,v44384691
2011,0.00,"Victoria, British Columbia",38.89.12,v44384691
2012,0.00,"Victoria, British Columbia",38.89.12,v44384691
2013,0.00,"Victoria, British Columbia",38.89.12,v44384691
2014,0.00,"Victoria, British Columbia",38.89.12,v44384691
2015,0.00,"Victoria, British Columbia",38.89.12,v44384691
1998,0.00,"Yukon",40.89.12,v44397264
1999,0.00,"Yukon",40.89.12,v44397264
2000,0.00,"Yukon",40.89.12,v44397264
2001,0.00,"Yukon",40.89.12,v44397264
2002,0.00,"Yukon",40.89.12,v44397264
2003,0.00,"Yukon",40.89.12,v44397264
2004,0.00,"Yukon",40.89.12,v44397264
2005,0.00,"Yukon",40.89.12,v44397264
2006,0.00,"Yukon",40.89.12,v44397264
2007,0.00,"Yukon",40.89.12,v44397264
2008,0.00,"Yukon",40.89.12,v44397264
2009,0.00,"Yukon",40.89.12,v44397264
2010,0.00,"Yukon",40.89.12,v44397264
2011,0.00,"Yukon",40.89.12,v44397264
2012,0.00,"Yukon",40.89.12,v44397264
2013,0.00,"Yukon",40.89.12,v44397264
2014,0.00,"Yukon",40.89.12,v44397264
2015,0.00,"Yukon",40.89.12,v44397264
1998,0.00,"Northwest Territories",41.89.12,v44342667
1999,0.00,"Northwest Territories",41.89.12,v44342667
2000,0.00,"Northwest Territories",41.89.12,v44342667
2001,0.00,"Northwest Territories",41.89.12,v44342667
2002,0.00,"Northwest Territories",41.89.12,v44342667
2003,0.00,"Northwest Territories",41.89.12,v44342667
2004,0.00,"Northwest Territories",41.89.12,v44342667
2005,0.00,"Northwest Territories",41.89.12,v44342667
2006,0.00,"Northwest Territories",41.89.12,v44342667
2007,0.00,"Northwest Territories",41.89.12,v44342667
2008,0.00,"Northwest Territories",41.89.12,v44342667
2009,0.00,"Northwest Territories",41.89.12,v44342667
2010,0.00,"Northwest Territories",41.89.12,v44342667
2011,0.00,"Northwest Territories",41.89.12,v44342667
2012,0.00,"Northwest Territories",41.89.12,v44342667
2013,0.00,"Northwest Territories",41.89.12,v44342667
2014,0.00,"Northwest Territories",41.89.12,v44342667
2015,0.00,"Northwest Territories",41.89.12,v44342667
1998,..,"Nunavut",42.89.12,v44351718
1999,0.00,"Nunavut",42.89.12,v44351718
2000,0.00,"Nunavut",42.89.12,v44351718
2001,0.00,"Nunavut",42.89.12,v44351718
2002,0.00,"Nunavut",42.89.12,v44351718
2003,0.00,"Nunavut",42.89.12,v44351718
2004,0.00,"Nunavut",42.89.12,v44351718
2005,0.00,"Nunavut",42.89.12,v44351718
2006,0.00,"Nunavut",42.89.12,v44351718
2007,0.00,"Nunavut",42.89.12,v44351718
2008,0.00,"Nunavut",42.89.12,v44351718
2009,0.00,"Nunavut",42.89.12,v44351718
2010,0.00,"Nunavut",42.89.12,v44351718
2011,0.00,"Nunavut",42.89.12,v44351718
2012,0.00,"Nunavut",42.89.12,v44351718
2013,0.00,"Nunavut",42.89.12,v44351718
2014,0.00,"Nunavut",42.89.12,v44351718
2015,0.00,"Nunavut",42.89.12,v44351718
