1998,0.16,"Canada",1.93.12,v44378984
1999,0.08,"Canada",1.93.12,v44378984
2000,0.32,"Canada",1.93.12,v44378984
2001,0.36,"Canada",1.93.12,v44378984
2002,0.40,"Canada",1.93.12,v44378984
2003,0.98,"Canada",1.93.12,v44378984
2004,1.08,"Canada",1.93.12,v44378984
2005,1.46,"Canada",1.93.12,v44378984
2006,1.22,"Canada",1.93.12,v44378984
2007,1.56,"Canada",1.93.12,v44378984
2008,1.89,"Canada",1.93.12,v44378984
2009,2.26,"Canada",1.93.12,v44378984
2010,1.90,"Canada",1.93.12,v44378984
2011,2.01,"Canada",1.93.12,v44378984
2012,2.41,"Canada",1.93.12,v44378984
2013,2.22,"Canada",1.93.12,v44378984
2014,2.00,"Canada",1.93.12,v44378984
2015,2.07,"Canada",1.93.12,v44378984
1998,0.00,"Newfoundland and Labrador",2.93.12,v44355544
1999,0.00,"Newfoundland and Labrador",2.93.12,v44355544
2000,0.00,"Newfoundland and Labrador",2.93.12,v44355544
2001,0.00,"Newfoundland and Labrador",2.93.12,v44355544
2002,0.00,"Newfoundland and Labrador",2.93.12,v44355544
2003,0.00,"Newfoundland and Labrador",2.93.12,v44355544
2004,0.00,"Newfoundland and Labrador",2.93.12,v44355544
2005,0.00,"Newfoundland and Labrador",2.93.12,v44355544
2006,0.00,"Newfoundland and Labrador",2.93.12,v44355544
2007,2.65,"Newfoundland and Labrador",2.93.12,v44355544
2008,0.00,"Newfoundland and Labrador",2.93.12,v44355544
2009,0.00,"Newfoundland and Labrador",2.93.12,v44355544
2010,0.00,"Newfoundland and Labrador",2.93.12,v44355544
2011,0.00,"Newfoundland and Labrador",2.93.12,v44355544
2012,0.00,"Newfoundland and Labrador",2.93.12,v44355544
2013,0.00,"Newfoundland and Labrador",2.93.12,v44355544
2014,0.00,"Newfoundland and Labrador",2.93.12,v44355544
2015,0.00,"Newfoundland and Labrador",2.93.12,v44355544
1998,0.00,"St. John's, Newfoundland and Labrador",3.93.12,v44386468
1999,..,"St. John's, Newfoundland and Labrador",3.93.12,v44386468
2000,..,"St. John's, Newfoundland and Labrador",3.93.12,v44386468
2001,0.00,"St. John's, Newfoundland and Labrador",3.93.12,v44386468
2002,0.00,"St. John's, Newfoundland and Labrador",3.93.12,v44386468
2003,0.00,"St. John's, Newfoundland and Labrador",3.93.12,v44386468
2004,0.00,"St. John's, Newfoundland and Labrador",3.93.12,v44386468
2005,0.00,"St. John's, Newfoundland and Labrador",3.93.12,v44386468
2006,0.00,"St. John's, Newfoundland and Labrador",3.93.12,v44386468
2007,7.48,"St. John's, Newfoundland and Labrador",3.93.12,v44386468
2008,0.00,"St. John's, Newfoundland and Labrador",3.93.12,v44386468
2009,0.00,"St. John's, Newfoundland and Labrador",3.93.12,v44386468
2010,0.00,"St. John's, Newfoundland and Labrador",3.93.12,v44386468
2011,0.00,"St. John's, Newfoundland and Labrador",3.93.12,v44386468
2012,0.00,"St. John's, Newfoundland and Labrador",3.93.12,v44386468
2013,0.00,"St. John's, Newfoundland and Labrador",3.93.12,v44386468
2014,0.00,"St. John's, Newfoundland and Labrador",3.93.12,v44386468
2015,0.00,"St. John's, Newfoundland and Labrador",3.93.12,v44386468
1998,0.00,"Prince Edward Island",4.93.12,v44337416
1999,0.00,"Prince Edward Island",4.93.12,v44337416
2000,0.00,"Prince Edward Island",4.93.12,v44337416
2001,0.00,"Prince Edward Island",4.93.12,v44337416
2002,0.00,"Prince Edward Island",4.93.12,v44337416
2003,8.27,"Prince Edward Island",4.93.12,v44337416
2004,0.00,"Prince Edward Island",4.93.12,v44337416
2005,0.00,"Prince Edward Island",4.93.12,v44337416
2006,0.00,"Prince Edward Island",4.93.12,v44337416
2007,0.00,"Prince Edward Island",4.93.12,v44337416
2008,0.00,"Prince Edward Island",4.93.12,v44337416
2009,0.00,"Prince Edward Island",4.93.12,v44337416
2010,0.00,"Prince Edward Island",4.93.12,v44337416
2011,9.11,"Prince Edward Island",4.93.12,v44337416
2012,0.00,"Prince Edward Island",4.93.12,v44337416
2013,0.00,"Prince Edward Island",4.93.12,v44337416
2014,0.00,"Prince Edward Island",4.93.12,v44337416
2015,0.00,"Prince Edward Island",4.93.12,v44337416
1998,0.00,"Nova Scotia",5.93.12,v44398000
1999,0.00,"Nova Scotia",5.93.12,v44398000
2000,0.00,"Nova Scotia",5.93.12,v44398000
2001,0.00,"Nova Scotia",5.93.12,v44398000
2002,0.00,"Nova Scotia",5.93.12,v44398000
2003,0.00,"Nova Scotia",5.93.12,v44398000
2004,0.00,"Nova Scotia",5.93.12,v44398000
2005,0.00,"Nova Scotia",5.93.12,v44398000
2006,0.00,"Nova Scotia",5.93.12,v44398000
2007,1.40,"Nova Scotia",5.93.12,v44398000
2008,1.44,"Nova Scotia",5.93.12,v44398000
2009,5.93,"Nova Scotia",5.93.12,v44398000
2010,0.00,"Nova Scotia",5.93.12,v44398000
2011,6.23,"Nova Scotia",5.93.12,v44398000
2012,1.59,"Nova Scotia",5.93.12,v44398000
2013,0.00,"Nova Scotia",5.93.12,v44398000
2014,0.00,"Nova Scotia",5.93.12,v44398000
2015,5.18,"Nova Scotia",5.93.12,v44398000
1998,0.00,"Halifax, Nova Scotia",6.93.12,v44405360
1999,0.00,"Halifax, Nova Scotia",6.93.12,v44405360
2000,0.00,"Halifax, Nova Scotia",6.93.12,v44405360
2001,0.00,"Halifax, Nova Scotia",6.93.12,v44405360
2002,0.00,"Halifax, Nova Scotia",6.93.12,v44405360
2003,0.00,"Halifax, Nova Scotia",6.93.12,v44405360
2004,0.00,"Halifax, Nova Scotia",6.93.12,v44405360
2005,0.00,"Halifax, Nova Scotia",6.93.12,v44405360
2006,0.00,"Halifax, Nova Scotia",6.93.12,v44405360
2007,0.00,"Halifax, Nova Scotia",6.93.12,v44405360
2008,3.55,"Halifax, Nova Scotia",6.93.12,v44405360
2009,14.67,"Halifax, Nova Scotia",6.93.12,v44405360
2010,0.00,"Halifax, Nova Scotia",6.93.12,v44405360
2011,7.64,"Halifax, Nova Scotia",6.93.12,v44405360
2012,3.88,"Halifax, Nova Scotia",6.93.12,v44405360
2013,0.00,"Halifax, Nova Scotia",6.93.12,v44405360
2014,0.00,"Halifax, Nova Scotia",6.93.12,v44405360
2015,12.36,"Halifax, Nova Scotia",6.93.12,v44405360
1998,0.00,"New Brunswick",7.93.12,v44340479
1999,0.00,"New Brunswick",7.93.12,v44340479
2000,0.00,"New Brunswick",7.93.12,v44340479
2001,0.00,"New Brunswick",7.93.12,v44340479
2002,0.00,"New Brunswick",7.93.12,v44340479
2003,0.00,"New Brunswick",7.93.12,v44340479
2004,0.00,"New Brunswick",7.93.12,v44340479
2005,0.00,"New Brunswick",7.93.12,v44340479
2006,0.00,"New Brunswick",7.93.12,v44340479
2007,1.77,"New Brunswick",7.93.12,v44340479
2008,1.81,"New Brunswick",7.93.12,v44340479
2009,0.00,"New Brunswick",7.93.12,v44340479
2010,0.00,"New Brunswick",7.93.12,v44340479
2011,0.00,"New Brunswick",7.93.12,v44340479
2012,0.00,"New Brunswick",7.93.12,v44340479
2013,0.00,"New Brunswick",7.93.12,v44340479
2014,0.00,"New Brunswick",7.93.12,v44340479
2015,0.00,"New Brunswick",7.93.12,v44340479
2006,0.00,"Moncton, New Brunswick",43.93.12,v52121257
2007,0.00,"Moncton, New Brunswick",43.93.12,v52121257
2008,10.74,"Moncton, New Brunswick",43.93.12,v52121257
2009,0.00,"Moncton, New Brunswick",43.93.12,v52121257
2010,0.00,"Moncton, New Brunswick",43.93.12,v52121257
2011,0.00,"Moncton, New Brunswick",43.93.12,v52121257
2012,0.00,"Moncton, New Brunswick",43.93.12,v52121257
2013,0.00,"Moncton, New Brunswick",43.93.12,v52121257
2014,0.00,"Moncton, New Brunswick",43.93.12,v52121257
2015,0.00,"Moncton, New Brunswick",43.93.12,v52121257
1998,0.00,"Saint John, New Brunswick",8.93.12,v44397308
1999,0.00,"Saint John, New Brunswick",8.93.12,v44397308
2000,0.00,"Saint John, New Brunswick",8.93.12,v44397308
2001,0.00,"Saint John, New Brunswick",8.93.12,v44397308
2002,0.00,"Saint John, New Brunswick",8.93.12,v44397308
2003,0.00,"Saint John, New Brunswick",8.93.12,v44397308
2004,0.00,"Saint John, New Brunswick",8.93.12,v44397308
2005,0.00,"Saint John, New Brunswick",8.93.12,v44397308
2006,0.00,"Saint John, New Brunswick",8.93.12,v44397308
2007,8.42,"Saint John, New Brunswick",8.93.12,v44397308
2008,0.00,"Saint John, New Brunswick",8.93.12,v44397308
2009,0.00,"Saint John, New Brunswick",8.93.12,v44397308
2010,0.00,"Saint John, New Brunswick",8.93.12,v44397308
2011,0.00,"Saint John, New Brunswick",8.93.12,v44397308
2012,0.00,"Saint John, New Brunswick",8.93.12,v44397308
2013,0.00,"Saint John, New Brunswick",8.93.12,v44397308
2014,0.00,"Saint John, New Brunswick",8.93.12,v44397308
2015,0.00,"Saint John, New Brunswick",8.93.12,v44397308
1998,0.00,"Quebec",9.93.12,v44394879
1999,0.00,"Quebec",9.93.12,v44394879
2000,0.00,"Quebec",9.93.12,v44394879
2001,0.18,"Quebec",9.93.12,v44394879
2002,0.18,"Quebec",9.93.12,v44394879
2003,0.36,"Quebec",9.93.12,v44394879
2004,0.00,"Quebec",9.93.12,v44394879
2005,0.34,"Quebec",9.93.12,v44394879
2006,0.51,"Quebec",9.93.12,v44394879
2007,0.34,"Quebec",9.93.12,v44394879
2008,1.53,"Quebec",9.93.12,v44394879
2009,0.52,"Quebec",9.93.12,v44394879
2010,0.90,"Quebec",9.93.12,v44394879
2011,0.74,"Quebec",9.93.12,v44394879
2012,0.96,"Quebec",9.93.12,v44394879
2013,0.99,"Quebec",9.93.12,v44394879
2014,1.02,"Quebec",9.93.12,v44394879
2015,0.21,"Quebec",9.93.12,v44394879
1998,..,"Saguenay, Quebec",10.93.12,v44361949
1999,0.00,"Saguenay, Quebec",10.93.12,v44361949
2000,0.00,"Saguenay, Quebec",10.93.12,v44361949
2001,0.00,"Saguenay, Quebec",10.93.12,v44361949
2002,0.00,"Saguenay, Quebec",10.93.12,v44361949
2003,0.00,"Saguenay, Quebec",10.93.12,v44361949
2004,0.00,"Saguenay, Quebec",10.93.12,v44361949
2005,0.00,"Saguenay, Quebec",10.93.12,v44361949
2006,0.00,"Saguenay, Quebec",10.93.12,v44361949
2007,0.00,"Saguenay, Quebec",10.93.12,v44361949
2008,0.00,"Saguenay, Quebec",10.93.12,v44361949
2009,0.00,"Saguenay, Quebec",10.93.12,v44361949
2010,0.00,"Saguenay, Quebec",10.93.12,v44361949
2011,0.00,"Saguenay, Quebec",10.93.12,v44361949
2012,0.00,"Saguenay, Quebec",10.93.12,v44361949
2013,0.00,"Saguenay, Quebec",10.93.12,v44361949
2014,0.00,"Saguenay, Quebec",10.93.12,v44361949
2015,0.00,"Saguenay, Quebec",10.93.12,v44361949
1999,..,"Sherbrooke, Quebec",12.93.12,v44410424
2000,0.00,"Sherbrooke, Quebec",12.93.12,v44410424
2001,..,"Sherbrooke, Quebec",12.93.12,v44410424
2002,0.00,"Sherbrooke, Quebec",12.93.12,v44410424
2003,0.00,"Sherbrooke, Quebec",12.93.12,v44410424
2004,0.00,"Sherbrooke, Quebec",12.93.12,v44410424
2005,0.00,"Sherbrooke, Quebec",12.93.12,v44410424
2006,0.00,"Sherbrooke, Quebec",12.93.12,v44410424
2007,0.00,"Sherbrooke, Quebec",12.93.12,v44410424
2008,0.00,"Sherbrooke, Quebec",12.93.12,v44410424
2009,0.00,"Sherbrooke, Quebec",12.93.12,v44410424
2010,0.00,"Sherbrooke, Quebec",12.93.12,v44410424
2011,0.00,"Sherbrooke, Quebec",12.93.12,v44410424
2012,0.00,"Sherbrooke, Quebec",12.93.12,v44410424
2013,0.00,"Sherbrooke, Quebec",12.93.12,v44410424
2014,0.00,"Sherbrooke, Quebec",12.93.12,v44410424
2015,0.00,"Sherbrooke, Quebec",12.93.12,v44410424
1998,0.00,"Ottawa-Gatineau, Quebec part",15.93.12,v44336833
1999,0.00,"Ottawa-Gatineau, Quebec part",15.93.12,v44336833
2000,0.00,"Ottawa-Gatineau, Quebec part",15.93.12,v44336833
2001,0.00,"Ottawa-Gatineau, Quebec part",15.93.12,v44336833
2002,0.00,"Ottawa-Gatineau, Quebec part",15.93.12,v44336833
2003,..,"Ottawa-Gatineau, Quebec part",15.93.12,v44336833
2004,0.00,"Ottawa-Gatineau, Quebec part",15.93.12,v44336833
2005,0.00,"Ottawa-Gatineau, Quebec part",15.93.12,v44336833
2006,0.00,"Ottawa-Gatineau, Quebec part",15.93.12,v44336833
2007,0.00,"Ottawa-Gatineau, Quebec part",15.93.12,v44336833
2008,0.00,"Ottawa-Gatineau, Quebec part",15.93.12,v44336833
2009,0.00,"Ottawa-Gatineau, Quebec part",15.93.12,v44336833
2010,0.00,"Ottawa-Gatineau, Quebec part",15.93.12,v44336833
2011,0.00,"Ottawa-Gatineau, Quebec part",15.93.12,v44336833
2012,0.00,"Ottawa-Gatineau, Quebec part",15.93.12,v44336833
2013,0.00,"Ottawa-Gatineau, Quebec part",15.93.12,v44336833
2014,9.45,"Ottawa-Gatineau, Quebec part",15.93.12,v44336833
2015,0.00,"Ottawa-Gatineau, Quebec part",15.93.12,v44336833
1998,0.44,"Ontario",16.93.12,v44358615
1999,0.22,"Ontario",16.93.12,v44358615
2000,0.32,"Ontario",16.93.12,v44358615
2001,0.52,"Ontario",16.93.12,v44358615
2002,0.71,"Ontario",16.93.12,v44358615
2003,1.50,"Ontario",16.93.12,v44358615
2004,2.37,"Ontario",16.93.12,v44358615
2005,1.76,"Ontario",16.93.12,v44358615
2006,1.84,"Ontario",16.93.12,v44358615
2007,1.84,"Ontario",16.93.12,v44358615
2008,1.75,"Ontario",16.93.12,v44358615
2009,2.06,"Ontario",16.93.12,v44358615
2010,1.58,"Ontario",16.93.12,v44358615
2011,1.90,"Ontario",16.93.12,v44358615
2012,2.44,"Ontario",16.93.12,v44358615
2013,1.56,"Ontario",16.93.12,v44358615
2014,0.85,"Ontario",16.93.12,v44358615
2015,1.95,"Ontario",16.93.12,v44358615
1998,0.00,"Ottawa-Gatineau, Ontario/Quebec",17.93.12,v52148505
1999,0.00,"Ottawa-Gatineau, Ontario/Quebec",17.93.12,v52148505
2000,0.00,"Ottawa-Gatineau, Ontario/Quebec",17.93.12,v52148505
2001,0.00,"Ottawa-Gatineau, Ontario/Quebec",17.93.12,v52148505
2002,0.00,"Ottawa-Gatineau, Ontario/Quebec",17.93.12,v52148505
2003,0.00,"Ottawa-Gatineau, Ontario/Quebec",17.93.12,v52148505
2004,0.00,"Ottawa-Gatineau, Ontario/Quebec",17.93.12,v52148505
2005,0.00,"Ottawa-Gatineau, Ontario/Quebec",17.93.12,v52148505
2006,0.00,"Ottawa-Gatineau, Ontario/Quebec",17.93.12,v52148505
2007,0.00,"Ottawa-Gatineau, Ontario/Quebec",17.93.12,v52148505
2008,1.03,"Ottawa-Gatineau, Ontario/Quebec",17.93.12,v52148505
2009,0.00,"Ottawa-Gatineau, Ontario/Quebec",17.93.12,v52148505
2010,0.00,"Ottawa-Gatineau, Ontario/Quebec",17.93.12,v52148505
2011,0.00,"Ottawa-Gatineau, Ontario/Quebec",17.93.12,v52148505
2012,0.00,"Ottawa-Gatineau, Ontario/Quebec",17.93.12,v52148505
2013,0.00,"Ottawa-Gatineau, Ontario/Quebec",17.93.12,v52148505
2014,2.30,"Ottawa-Gatineau, Ontario/Quebec",17.93.12,v52148505
2015,0.00,"Ottawa-Gatineau, Ontario/Quebec",17.93.12,v52148505
1998,0.00,"Ottawa-Gatineau, Ontario part",18.93.12,v44365336
1999,0.00,"Ottawa-Gatineau, Ontario part",18.93.12,v44365336
2000,0.00,"Ottawa-Gatineau, Ontario part",18.93.12,v44365336
2001,0.00,"Ottawa-Gatineau, Ontario part",18.93.12,v44365336
2002,0.00,"Ottawa-Gatineau, Ontario part",18.93.12,v44365336
2003,0.00,"Ottawa-Gatineau, Ontario part",18.93.12,v44365336
2004,0.00,"Ottawa-Gatineau, Ontario part",18.93.12,v44365336
2005,0.00,"Ottawa-Gatineau, Ontario part",18.93.12,v44365336
2006,0.00,"Ottawa-Gatineau, Ontario part",18.93.12,v44365336
2007,0.00,"Ottawa-Gatineau, Ontario part",18.93.12,v44365336
2008,1.38,"Ottawa-Gatineau, Ontario part",18.93.12,v44365336
2009,0.00,"Ottawa-Gatineau, Ontario part",18.93.12,v44365336
2010,0.00,"Ottawa-Gatineau, Ontario part",18.93.12,v44365336
2011,0.00,"Ottawa-Gatineau, Ontario part",18.93.12,v44365336
2012,0.00,"Ottawa-Gatineau, Ontario part",18.93.12,v44365336
2013,0.00,"Ottawa-Gatineau, Ontario part",18.93.12,v44365336
2014,0.00,"Ottawa-Gatineau, Ontario part",18.93.12,v44365336
2015,0.00,"Ottawa-Gatineau, Ontario part",18.93.12,v44365336
2000,..,"Kingston, Ontario",27.93.12,v44344196
2001,0.00,"Kingston, Ontario",27.93.12,v44344196
2002,0.00,"Kingston, Ontario",27.93.12,v44344196
2003,0.00,"Kingston, Ontario",27.93.12,v44344196
2004,0.00,"Kingston, Ontario",27.93.12,v44344196
2005,0.00,"Kingston, Ontario",27.93.12,v44344196
2006,0.00,"Kingston, Ontario",27.93.12,v44344196
2007,8.23,"Kingston, Ontario",27.93.12,v44344196
2008,0.00,"Kingston, Ontario",27.93.12,v44344196
2009,0.00,"Kingston, Ontario",27.93.12,v44344196
2010,0.00,"Kingston, Ontario",27.93.12,v44344196
2011,0.00,"Kingston, Ontario",27.93.12,v44344196
2012,9.40,"Kingston, Ontario",27.93.12,v44344196
2013,0.00,"Kingston, Ontario",27.93.12,v44344196
2014,0.00,"Kingston, Ontario",27.93.12,v44344196
2015,0.00,"Kingston, Ontario",27.93.12,v44344196
2005,..,"Peterborough, Ontario",44.93.12,v52122678
2006,0.00,"Peterborough, Ontario",44.93.12,v52122678
2007,20.91,"Peterborough, Ontario",44.93.12,v52122678
2008,0.00,"Peterborough, Ontario",44.93.12,v52122678
2009,0.00,"Peterborough, Ontario",44.93.12,v52122678
2010,0.00,"Peterborough, Ontario",44.93.12,v52122678
2011,23.78,"Peterborough, Ontario",44.93.12,v52122678
2012,0.00,"Peterborough, Ontario",44.93.12,v52122678
2013,13.02,"Peterborough, Ontario",44.93.12,v52122678
2014,0.00,"Peterborough, Ontario",44.93.12,v52122678
2015,14.15,"Peterborough, Ontario",44.93.12,v52122678
1998,0.00,"Toronto, Ontario",19.93.12,v44400051
1999,0.00,"Toronto, Ontario",19.93.12,v44400051
2000,0.00,"Toronto, Ontario",19.93.12,v44400051
2001,0.00,"Toronto, Ontario",19.93.12,v44400051
2002,0.00,"Toronto, Ontario",19.93.12,v44400051
2003,0.00,"Toronto, Ontario",19.93.12,v44400051
2004,4.21,"Toronto, Ontario",19.93.12,v44400051
2005,2.67,"Toronto, Ontario",19.93.12,v44400051
2006,3.12,"Toronto, Ontario",19.93.12,v44400051
2007,2.14,"Toronto, Ontario",19.93.12,v44400051
2008,2.59,"Toronto, Ontario",19.93.12,v44400051
2009,1.64,"Toronto, Ontario",19.93.12,v44400051
2010,1.62,"Toronto, Ontario",19.93.12,v44400051
2011,2.55,"Toronto, Ontario",19.93.12,v44400051
2012,3.29,"Toronto, Ontario",19.93.12,v44400051
2013,2.16,"Toronto, Ontario",19.93.12,v44400051
2014,0.49,"Toronto, Ontario",19.93.12,v44400051
2015,0.99,"Toronto, Ontario",19.93.12,v44400051
1998,0.00,"Hamilton, Ontario",20.93.12,v44331294
1999,0.00,"Hamilton, Ontario",20.93.12,v44331294
2000,0.00,"Hamilton, Ontario",20.93.12,v44331294
2001,0.00,"Hamilton, Ontario",20.93.12,v44331294
2002,0.00,"Hamilton, Ontario",20.93.12,v44331294
2003,0.00,"Hamilton, Ontario",20.93.12,v44331294
2004,0.00,"Hamilton, Ontario",20.93.12,v44331294
2005,1.73,"Hamilton, Ontario",20.93.12,v44331294
2006,3.51,"Hamilton, Ontario",20.93.12,v44331294
2007,1.75,"Hamilton, Ontario",20.93.12,v44331294
2008,1.76,"Hamilton, Ontario",20.93.12,v44331294
2009,1.77,"Hamilton, Ontario",20.93.12,v44331294
2010,3.59,"Hamilton, Ontario",20.93.12,v44331294
2011,0.00,"Hamilton, Ontario",20.93.12,v44331294
2012,3.70,"Hamilton, Ontario",20.93.12,v44331294
2013,0.00,"Hamilton, Ontario",20.93.12,v44331294
2014,0.00,"Hamilton, Ontario",20.93.12,v44331294
2015,3.85,"Hamilton, Ontario",20.93.12,v44331294
1998,0.00,"St.Catharines-Niagara, Ontario",21.93.12,v44413197
1999,0.00,"St.Catharines-Niagara, Ontario",21.93.12,v44413197
2000,0.00,"St.Catharines-Niagara, Ontario",21.93.12,v44413197
2001,0.00,"St.Catharines-Niagara, Ontario",21.93.12,v44413197
2002,0.00,"St.Catharines-Niagara, Ontario",21.93.12,v44413197
2003,0.00,"St.Catharines-Niagara, Ontario",21.93.12,v44413197
2004,0.00,"St.Catharines-Niagara, Ontario",21.93.12,v44413197
2005,0.00,"St.Catharines-Niagara, Ontario",21.93.12,v44413197
2006,0.00,"St.Catharines-Niagara, Ontario",21.93.12,v44413197
2007,0.00,"St.Catharines-Niagara, Ontario",21.93.12,v44413197
2008,0.00,"St.Catharines-Niagara, Ontario",21.93.12,v44413197
2009,2.97,"St.Catharines-Niagara, Ontario",21.93.12,v44413197
2010,0.00,"St.Catharines-Niagara, Ontario",21.93.12,v44413197
2011,0.00,"St.Catharines-Niagara, Ontario",21.93.12,v44413197
2012,0.00,"St.Catharines-Niagara, Ontario",21.93.12,v44413197
2013,0.00,"St.Catharines-Niagara, Ontario",21.93.12,v44413197
2014,0.00,"St.Catharines-Niagara, Ontario",21.93.12,v44413197
2015,0.00,"St.Catharines-Niagara, Ontario",21.93.12,v44413197
1998,0.00,"Kitchener-Cambridge-Waterloo, Ontario",22.93.12,v44381023
1999,0.00,"Kitchener-Cambridge-Waterloo, Ontario",22.93.12,v44381023
2000,0.00,"Kitchener-Cambridge-Waterloo, Ontario",22.93.12,v44381023
2001,0.00,"Kitchener-Cambridge-Waterloo, Ontario",22.93.12,v44381023
2002,0.00,"Kitchener-Cambridge-Waterloo, Ontario",22.93.12,v44381023
2003,0.00,"Kitchener-Cambridge-Waterloo, Ontario",22.93.12,v44381023
2004,2.45,"Kitchener-Cambridge-Waterloo, Ontario",22.93.12,v44381023
2005,4.91,"Kitchener-Cambridge-Waterloo, Ontario",22.93.12,v44381023
2006,0.00,"Kitchener-Cambridge-Waterloo, Ontario",22.93.12,v44381023
2007,2.42,"Kitchener-Cambridge-Waterloo, Ontario",22.93.12,v44381023
2008,4.86,"Kitchener-Cambridge-Waterloo, Ontario",22.93.12,v44381023
2009,7.38,"Kitchener-Cambridge-Waterloo, Ontario",22.93.12,v44381023
2010,2.48,"Kitchener-Cambridge-Waterloo, Ontario",22.93.12,v44381023
2011,2.48,"Kitchener-Cambridge-Waterloo, Ontario",22.93.12,v44381023
2012,2.50,"Kitchener-Cambridge-Waterloo, Ontario",22.93.12,v44381023
2013,0.00,"Kitchener-Cambridge-Waterloo, Ontario",22.93.12,v44381023
2014,2.61,"Kitchener-Cambridge-Waterloo, Ontario",22.93.12,v44381023
2015,2.64,"Kitchener-Cambridge-Waterloo, Ontario",22.93.12,v44381023
2005,..,"Brantford, Ontario",45.93.12,v52119325
2006,0.00,"Brantford, Ontario",45.93.12,v52119325
2007,0.00,"Brantford, Ontario",45.93.12,v52119325
2008,0.00,"Brantford, Ontario",45.93.12,v52119325
2009,8.62,"Brantford, Ontario",45.93.12,v52119325
2010,0.00,"Brantford, Ontario",45.93.12,v52119325
2011,0.00,"Brantford, Ontario",45.93.12,v52119325
2012,0.00,"Brantford, Ontario",45.93.12,v52119325
2013,0.00,"Brantford, Ontario",45.93.12,v52119325
2014,0.00,"Brantford, Ontario",45.93.12,v52119325
2015,19.10,"Brantford, Ontario",45.93.12,v52119325
2005,..,"Guelph, Ontario",46.93.12,v52119758
2006,0.00,"Guelph, Ontario",46.93.12,v52119758
2007,0.00,"Guelph, Ontario",46.93.12,v52119758
2008,0.00,"Guelph, Ontario",46.93.12,v52119758
2009,0.00,"Guelph, Ontario",46.93.12,v52119758
2010,0.00,"Guelph, Ontario",46.93.12,v52119758
2011,0.00,"Guelph, Ontario",46.93.12,v52119758
2012,0.00,"Guelph, Ontario",46.93.12,v52119758
2013,0.00,"Guelph, Ontario",46.93.12,v52119758
2014,0.00,"Guelph, Ontario",46.93.12,v52119758
2015,0.00,"Guelph, Ontario",46.93.12,v52119758
1998,0.00,"London, Ontario",23.93.12,v44416845
1999,0.00,"London, Ontario",23.93.12,v44416845
2000,0.00,"London, Ontario",23.93.12,v44416845
2001,0.00,"London, Ontario",23.93.12,v44416845
2002,0.00,"London, Ontario",23.93.12,v44416845
2003,0.00,"London, Ontario",23.93.12,v44416845
2004,0.00,"London, Ontario",23.93.12,v44416845
2005,2.56,"London, Ontario",23.93.12,v44416845
2006,0.00,"London, Ontario",23.93.12,v44416845
2007,2.53,"London, Ontario",23.93.12,v44416845
2008,0.00,"London, Ontario",23.93.12,v44416845
2009,2.62,"London, Ontario",23.93.12,v44416845
2010,0.00,"London, Ontario",23.93.12,v44416845
2011,0.00,"London, Ontario",23.93.12,v44416845
2012,0.00,"London, Ontario",23.93.12,v44416845
2013,0.00,"London, Ontario",23.93.12,v44416845
2014,0.00,"London, Ontario",23.93.12,v44416845
2015,0.00,"London, Ontario",23.93.12,v44416845
1998,0.00,"Windsor, Ontario",24.93.12,v44358887
1999,0.00,"Windsor, Ontario",24.93.12,v44358887
2000,0.00,"Windsor, Ontario",24.93.12,v44358887
2001,0.00,"Windsor, Ontario",24.93.12,v44358887
2002,0.00,"Windsor, Ontario",24.93.12,v44358887
2003,0.00,"Windsor, Ontario",24.93.12,v44358887
2004,0.00,"Windsor, Ontario",24.93.12,v44358887
2005,0.00,"Windsor, Ontario",24.93.12,v44358887
2006,3.70,"Windsor, Ontario",24.93.12,v44358887
2007,0.00,"Windsor, Ontario",24.93.12,v44358887
2008,0.00,"Windsor, Ontario",24.93.12,v44358887
2009,0.00,"Windsor, Ontario",24.93.12,v44358887
2010,0.00,"Windsor, Ontario",24.93.12,v44358887
2011,0.00,"Windsor, Ontario",24.93.12,v44358887
2012,0.00,"Windsor, Ontario",24.93.12,v44358887
2013,0.00,"Windsor, Ontario",24.93.12,v44358887
2014,0.00,"Windsor, Ontario",24.93.12,v44358887
2015,8.28,"Windsor, Ontario",24.93.12,v44358887
2005,..,"Barrie, Ontario",47.93.12,v52145170
2006,0.00,"Barrie, Ontario",47.93.12,v52145170
2007,11.24,"Barrie, Ontario",47.93.12,v52145170
2008,0.00,"Barrie, Ontario",47.93.12,v52145170
2009,0.00,"Barrie, Ontario",47.93.12,v52145170
2010,0.00,"Barrie, Ontario",47.93.12,v52145170
2011,5.72,"Barrie, Ontario",47.93.12,v52145170
2012,0.00,"Barrie, Ontario",47.93.12,v52145170
2013,6.01,"Barrie, Ontario",47.93.12,v52145170
2014,6.16,"Barrie, Ontario",47.93.12,v52145170
2015,0.00,"Barrie, Ontario",47.93.12,v52145170
1998,0.00,"Sudbury, Ontario",25.93.12,v44410095
1999,0.00,"Sudbury, Ontario",25.93.12,v44410095
2000,0.00,"Sudbury, Ontario",25.93.12,v44410095
2001,0.00,"Sudbury, Ontario",25.93.12,v44410095
2002,0.00,"Sudbury, Ontario",25.93.12,v44410095
2003,..,"Sudbury, Ontario",25.93.12,v44410095
2004,0.00,"Sudbury, Ontario",25.93.12,v44410095
2005,7.66,"Sudbury, Ontario",25.93.12,v44410095
2006,0.00,"Sudbury, Ontario",25.93.12,v44410095
2007,0.00,"Sudbury, Ontario",25.93.12,v44410095
2008,0.00,"Sudbury, Ontario",25.93.12,v44410095
2009,0.00,"Sudbury, Ontario",25.93.12,v44410095
2010,8.18,"Sudbury, Ontario",25.93.12,v44410095
2011,25.24,"Sudbury, Ontario",25.93.12,v44410095
2012,8.70,"Sudbury, Ontario",25.93.12,v44410095
2013,0.00,"Sudbury, Ontario",25.93.12,v44410095
2014,0.00,"Sudbury, Ontario",25.93.12,v44410095
2015,29.12,"Sudbury, Ontario",25.93.12,v44410095
1998,0.00,"Thunder Bay, Ontario",26.93.12,v44386310
1999,0.00,"Thunder Bay, Ontario",26.93.12,v44386310
2000,0.00,"Thunder Bay, Ontario",26.93.12,v44386310
2001,0.00,"Thunder Bay, Ontario",26.93.12,v44386310
2002,0.00,"Thunder Bay, Ontario",26.93.12,v44386310
2003,0.00,"Thunder Bay, Ontario",26.93.12,v44386310
2004,0.00,"Thunder Bay, Ontario",26.93.12,v44386310
2005,0.00,"Thunder Bay, Ontario",26.93.12,v44386310
2006,0.00,"Thunder Bay, Ontario",26.93.12,v44386310
2007,0.00,"Thunder Bay, Ontario",26.93.12,v44386310
2008,0.00,"Thunder Bay, Ontario",26.93.12,v44386310
2009,0.00,"Thunder Bay, Ontario",26.93.12,v44386310
2010,0.00,"Thunder Bay, Ontario",26.93.12,v44386310
2011,0.00,"Thunder Bay, Ontario",26.93.12,v44386310
2012,0.00,"Thunder Bay, Ontario",26.93.12,v44386310
2013,0.00,"Thunder Bay, Ontario",26.93.12,v44386310
2014,0.00,"Thunder Bay, Ontario",26.93.12,v44386310
2015,0.00,"Thunder Bay, Ontario",26.93.12,v44386310
1998,0.00,"Manitoba",28.93.12,v44397864
1999,0.00,"Manitoba",28.93.12,v44397864
2000,1.01,"Manitoba",28.93.12,v44397864
2001,1.01,"Manitoba",28.93.12,v44397864
2002,0.99,"Manitoba",28.93.12,v44397864
2003,4.91,"Manitoba",28.93.12,v44397864
2004,0.97,"Manitoba",28.93.12,v44397864
2005,2.90,"Manitoba",28.93.12,v44397864
2006,2.88,"Manitoba",28.93.12,v44397864
2007,9.62,"Manitoba",28.93.12,v44397864
2008,3.88,"Manitoba",28.93.12,v44397864
2009,10.78,"Manitoba",28.93.12,v44397864
2010,11.84,"Manitoba",28.93.12,v44397864
2011,13.85,"Manitoba",28.93.12,v44397864
2012,14.91,"Manitoba",28.93.12,v44397864
2013,19.14,"Manitoba",28.93.12,v44397864
2014,17.29,"Manitoba",28.93.12,v44397864
2015,9.20,"Manitoba",28.93.12,v44397864
1998,0.00,"Winnipeg, Manitoba",29.93.12,v44403201
1999,0.00,"Winnipeg, Manitoba",29.93.12,v44403201
2000,0.00,"Winnipeg, Manitoba",29.93.12,v44403201
2001,0.00,"Winnipeg, Manitoba",29.93.12,v44403201
2002,0.00,"Winnipeg, Manitoba",29.93.12,v44403201
2003,0.00,"Winnipeg, Manitoba",29.93.12,v44403201
2004,1.76,"Winnipeg, Manitoba",29.93.12,v44403201
2005,5.29,"Winnipeg, Manitoba",29.93.12,v44403201
2006,5.05,"Winnipeg, Manitoba",29.93.12,v44403201
2007,16.45,"Winnipeg, Manitoba",29.93.12,v44403201
2008,6.64,"Winnipeg, Manitoba",29.93.12,v44403201
2009,13.36,"Winnipeg, Manitoba",29.93.12,v44403201
2010,11.78,"Winnipeg, Manitoba",29.93.12,v44403201
2011,11.75,"Winnipeg, Manitoba",29.93.12,v44403201
2012,20.13,"Winnipeg, Manitoba",29.93.12,v44403201
2013,23.85,"Winnipeg, Manitoba",29.93.12,v44403201
2014,12.43,"Winnipeg, Manitoba",29.93.12,v44403201
2015,10.62,"Winnipeg, Manitoba",29.93.12,v44403201
1998,0.00,"Saskatchewan",30.93.12,v44362929
1999,0.00,"Saskatchewan",30.93.12,v44362929
2000,0.00,"Saskatchewan",30.93.12,v44362929
2001,1.05,"Saskatchewan",30.93.12,v44362929
2002,0.00,"Saskatchewan",30.93.12,v44362929
2003,0.00,"Saskatchewan",30.93.12,v44362929
2004,1.08,"Saskatchewan",30.93.12,v44362929
2005,3.29,"Saskatchewan",30.93.12,v44362929
2006,6.66,"Saskatchewan",30.93.12,v44362929
2007,2.25,"Saskatchewan",30.93.12,v44362929
2008,4.59,"Saskatchewan",30.93.12,v44362929
2009,8.15,"Saskatchewan",30.93.12,v44362929
2010,3.53,"Saskatchewan",30.93.12,v44362929
2011,3.58,"Saskatchewan",30.93.12,v44362929
2012,8.37,"Saskatchewan",30.93.12,v44362929
2013,2.42,"Saskatchewan",30.93.12,v44362929
2014,18.21,"Saskatchewan",30.93.12,v44362929
2015,7.32,"Saskatchewan",30.93.12,v44362929
1998,0.00,"Regina, Saskatchewan",31.93.12,v44411156
1999,0.00,"Regina, Saskatchewan",31.93.12,v44411156
2000,0.00,"Regina, Saskatchewan",31.93.12,v44411156
2001,0.00,"Regina, Saskatchewan",31.93.12,v44411156
2002,0.00,"Regina, Saskatchewan",31.93.12,v44411156
2003,0.00,"Regina, Saskatchewan",31.93.12,v44411156
2004,0.00,"Regina, Saskatchewan",31.93.12,v44411156
2005,0.00,"Regina, Saskatchewan",31.93.12,v44411156
2006,17.43,"Regina, Saskatchewan",31.93.12,v44411156
2007,5.90,"Regina, Saskatchewan",31.93.12,v44411156
2008,12.07,"Regina, Saskatchewan",31.93.12,v44411156
2009,18.37,"Regina, Saskatchewan",31.93.12,v44411156
2010,0.00,"Regina, Saskatchewan",31.93.12,v44411156
2011,0.00,"Regina, Saskatchewan",31.93.12,v44411156
2012,25.20,"Regina, Saskatchewan",31.93.12,v44411156
2013,6.35,"Regina, Saskatchewan",31.93.12,v44411156
2014,31.59,"Regina, Saskatchewan",31.93.12,v44411156
2015,18.88,"Regina, Saskatchewan",31.93.12,v44411156
1998,0.00,"Saskatoon, Saskatchewan",32.93.12,v44358323
1999,0.00,"Saskatoon, Saskatchewan",32.93.12,v44358323
2000,0.00,"Saskatoon, Saskatchewan",32.93.12,v44358323
2001,0.00,"Saskatoon, Saskatchewan",32.93.12,v44358323
2002,0.00,"Saskatoon, Saskatchewan",32.93.12,v44358323
2003,0.00,"Saskatoon, Saskatchewan",32.93.12,v44358323
2004,0.00,"Saskatoon, Saskatchewan",32.93.12,v44358323
2005,13.96,"Saskatoon, Saskatchewan",32.93.12,v44358323
2006,14.17,"Saskatoon, Saskatchewan",32.93.12,v44358323
2007,0.00,"Saskatoon, Saskatchewan",32.93.12,v44358323
2008,9.54,"Saskatoon, Saskatchewan",32.93.12,v44358323
2009,4.84,"Saskatoon, Saskatchewan",32.93.12,v44358323
2010,9.84,"Saskatoon, Saskatchewan",32.93.12,v44358323
2011,4.98,"Saskatoon, Saskatchewan",32.93.12,v44358323
2012,0.00,"Saskatoon, Saskatchewan",32.93.12,v44358323
2013,0.00,"Saskatoon, Saskatchewan",32.93.12,v44358323
2014,29.54,"Saskatoon, Saskatchewan",32.93.12,v44358323
2015,9.84,"Saskatoon, Saskatchewan",32.93.12,v44358323
1998,0.00,"Alberta",33.93.12,v44373205
1999,0.00,"Alberta",33.93.12,v44373205
2000,1.50,"Alberta",33.93.12,v44373205
2001,0.37,"Alberta",33.93.12,v44373205
2002,0.36,"Alberta",33.93.12,v44373205
2003,0.36,"Alberta",33.93.12,v44373205
2004,0.00,"Alberta",33.93.12,v44373205
2005,3.17,"Alberta",33.93.12,v44373205
2006,0.35,"Alberta",33.93.12,v44373205
2007,1.74,"Alberta",33.93.12,v44373205
2008,3.51,"Alberta",33.93.12,v44373205
2009,3.52,"Alberta",33.93.12,v44373205
2010,2.13,"Alberta",33.93.12,v44373205
2011,1.07,"Alberta",33.93.12,v44373205
2012,2.14,"Alberta",33.93.12,v44373205
2013,3.22,"Alberta",33.93.12,v44373205
2014,0.00,"Alberta",33.93.12,v44373205
2015,3.21,"Alberta",33.93.12,v44373205
1998,0.00,"Calgary, Alberta",34.93.12,v44355215
1999,0.00,"Calgary, Alberta",34.93.12,v44355215
2000,0.00,"Calgary, Alberta",34.93.12,v44355215
2001,0.00,"Calgary, Alberta",34.93.12,v44355215
2002,0.00,"Calgary, Alberta",34.93.12,v44355215
2003,0.00,"Calgary, Alberta",34.93.12,v44355215
2004,0.00,"Calgary, Alberta",34.93.12,v44355215
2005,6.89,"Calgary, Alberta",34.93.12,v44355215
2006,0.00,"Calgary, Alberta",34.93.12,v44355215
2007,4.53,"Calgary, Alberta",34.93.12,v44355215
2008,5.67,"Calgary, Alberta",34.93.12,v44355215
2009,2.26,"Calgary, Alberta",34.93.12,v44355215
2010,3.37,"Calgary, Alberta",34.93.12,v44355215
2011,1.12,"Calgary, Alberta",34.93.12,v44355215
2012,1.11,"Calgary, Alberta",34.93.12,v44355215
2013,3.28,"Calgary, Alberta",34.93.12,v44355215
2014,0.00,"Calgary, Alberta",34.93.12,v44355215
2015,2.16,"Calgary, Alberta",34.93.12,v44355215
1998,0.00,"Edmonton, Alberta",35.93.12,v44327624
1999,0.00,"Edmonton, Alberta",35.93.12,v44327624
2000,0.00,"Edmonton, Alberta",35.93.12,v44327624
2001,0.00,"Edmonton, Alberta",35.93.12,v44327624
2002,0.00,"Edmonton, Alberta",35.93.12,v44327624
2003,0.00,"Edmonton, Alberta",35.93.12,v44327624
2004,0.00,"Edmonton, Alberta",35.93.12,v44327624
2005,2.30,"Edmonton, Alberta",35.93.12,v44327624
2006,1.14,"Edmonton, Alberta",35.93.12,v44327624
2007,1.14,"Edmonton, Alberta",35.93.12,v44327624
2008,3.43,"Edmonton, Alberta",35.93.12,v44327624
2009,5.80,"Edmonton, Alberta",35.93.12,v44327624
2010,1.17,"Edmonton, Alberta",35.93.12,v44327624
2011,1.17,"Edmonton, Alberta",35.93.12,v44327624
2012,4.71,"Edmonton, Alberta",35.93.12,v44327624
2013,5.90,"Edmonton, Alberta",35.93.12,v44327624
2014,0.00,"Edmonton, Alberta",35.93.12,v44327624
2015,4.69,"Edmonton, Alberta",35.93.12,v44327624
1998,0.00,"British Columbia",36.93.12,v44351009
1999,0.00,"British Columbia",36.93.12,v44351009
2000,0.00,"British Columbia",36.93.12,v44351009
2001,0.00,"British Columbia",36.93.12,v44351009
2002,0.00,"British Columbia",36.93.12,v44351009
2003,0.31,"British Columbia",36.93.12,v44351009
2004,0.62,"British Columbia",36.93.12,v44351009
2005,0.92,"British Columbia",36.93.12,v44351009
2006,0.00,"British Columbia",36.93.12,v44351009
2007,0.00,"British Columbia",36.93.12,v44351009
2008,0.62,"British Columbia",36.93.12,v44351009
2009,0.63,"British Columbia",36.93.12,v44351009
2010,1.89,"British Columbia",36.93.12,v44351009
2011,0.32,"British Columbia",36.93.12,v44351009
2012,0.32,"British Columbia",36.93.12,v44351009
2013,0.66,"British Columbia",36.93.12,v44351009
2014,0.67,"British Columbia",36.93.12,v44351009
2015,0.68,"British Columbia",36.93.12,v44351009
2005,..,"Kelowna, British Columbia",48.93.12,v52144268
2006,0.00,"Kelowna, British Columbia",48.93.12,v52144268
2007,0.00,"Kelowna, British Columbia",48.93.12,v52144268
2008,0.00,"Kelowna, British Columbia",48.93.12,v52144268
2009,0.00,"Kelowna, British Columbia",48.93.12,v52144268
2010,0.00,"Kelowna, British Columbia",48.93.12,v52144268
2011,0.00,"Kelowna, British Columbia",48.93.12,v52144268
2012,0.00,"Kelowna, British Columbia",48.93.12,v52144268
2013,0.00,"Kelowna, British Columbia",48.93.12,v52144268
2014,0.00,"Kelowna, British Columbia",48.93.12,v52144268
2015,0.00,"Kelowna, British Columbia",48.93.12,v52144268
2000,..,"Abbotsford-Mission, British Columbia",39.93.12,v44358840
2001,0.00,"Abbotsford-Mission, British Columbia",39.93.12,v44358840
2002,0.00,"Abbotsford-Mission, British Columbia",39.93.12,v44358840
2003,0.00,"Abbotsford-Mission, British Columbia",39.93.12,v44358840
2004,0.00,"Abbotsford-Mission, British Columbia",39.93.12,v44358840
2005,0.00,"Abbotsford-Mission, British Columbia",39.93.12,v44358840
2006,0.00,"Abbotsford-Mission, British Columbia",39.93.12,v44358840
2007,0.00,"Abbotsford-Mission, British Columbia",39.93.12,v44358840
2008,0.00,"Abbotsford-Mission, British Columbia",39.93.12,v44358840
2009,0.00,"Abbotsford-Mission, British Columbia",39.93.12,v44358840
2010,0.00,"Abbotsford-Mission, British Columbia",39.93.12,v44358840
2011,0.00,"Abbotsford-Mission, British Columbia",39.93.12,v44358840
2012,7.09,"Abbotsford-Mission, British Columbia",39.93.12,v44358840
2013,0.00,"Abbotsford-Mission, British Columbia",39.93.12,v44358840
2014,0.00,"Abbotsford-Mission, British Columbia",39.93.12,v44358840
2015,0.00,"Abbotsford-Mission, British Columbia",39.93.12,v44358840
1998,0.00,"Vancouver, British Columbia",37.93.12,v44367023
1999,0.00,"Vancouver, British Columbia",37.93.12,v44367023
2000,0.00,"Vancouver, British Columbia",37.93.12,v44367023
2001,0.00,"Vancouver, British Columbia",37.93.12,v44367023
2002,0.00,"Vancouver, British Columbia",37.93.12,v44367023
2003,0.00,"Vancouver, British Columbia",37.93.12,v44367023
2004,1.25,"Vancouver, British Columbia",37.93.12,v44367023
2005,1.24,"Vancouver, British Columbia",37.93.12,v44367023
2006,0.00,"Vancouver, British Columbia",37.93.12,v44367023
2007,0.00,"Vancouver, British Columbia",37.93.12,v44367023
2008,0.62,"Vancouver, British Columbia",37.93.12,v44367023
2009,0.61,"Vancouver, British Columbia",37.93.12,v44367023
2010,1.82,"Vancouver, British Columbia",37.93.12,v44367023
2011,0.61,"Vancouver, British Columbia",37.93.12,v44367023
2012,0.00,"Vancouver, British Columbia",37.93.12,v44367023
2013,0.00,"Vancouver, British Columbia",37.93.12,v44367023
2014,0.63,"Vancouver, British Columbia",37.93.12,v44367023
2015,0.00,"Vancouver, British Columbia",37.93.12,v44367023
1998,0.00,"Victoria, British Columbia",38.93.12,v44411274
1999,0.00,"Victoria, British Columbia",38.93.12,v44411274
2000,0.00,"Victoria, British Columbia",38.93.12,v44411274
2001,0.00,"Victoria, British Columbia",38.93.12,v44411274
2002,0.00,"Victoria, British Columbia",38.93.12,v44411274
2003,0.00,"Victoria, British Columbia",38.93.12,v44411274
2004,0.00,"Victoria, British Columbia",38.93.12,v44411274
2005,4.35,"Victoria, British Columbia",38.93.12,v44411274
2006,0.00,"Victoria, British Columbia",38.93.12,v44411274
2007,0.00,"Victoria, British Columbia",38.93.12,v44411274
2008,0.00,"Victoria, British Columbia",38.93.12,v44411274
2009,0.00,"Victoria, British Columbia",38.93.12,v44411274
2010,0.00,"Victoria, British Columbia",38.93.12,v44411274
2011,0.00,"Victoria, British Columbia",38.93.12,v44411274
2012,0.00,"Victoria, British Columbia",38.93.12,v44411274
2013,0.00,"Victoria, British Columbia",38.93.12,v44411274
2014,0.00,"Victoria, British Columbia",38.93.12,v44411274
2015,0.00,"Victoria, British Columbia",38.93.12,v44411274
1998,0.00,"Yukon",40.93.12,v44405464
1999,0.00,"Yukon",40.93.12,v44405464
2000,0.00,"Yukon",40.93.12,v44405464
2001,0.00,"Yukon",40.93.12,v44405464
2002,0.00,"Yukon",40.93.12,v44405464
2003,0.00,"Yukon",40.93.12,v44405464
2004,0.00,"Yukon",40.93.12,v44405464
2005,0.00,"Yukon",40.93.12,v44405464
2006,0.00,"Yukon",40.93.12,v44405464
2007,0.00,"Yukon",40.93.12,v44405464
2008,0.00,"Yukon",40.93.12,v44405464
2009,0.00,"Yukon",40.93.12,v44405464
2010,0.00,"Yukon",40.93.12,v44405464
2011,0.00,"Yukon",40.93.12,v44405464
2012,0.00,"Yukon",40.93.12,v44405464
2013,0.00,"Yukon",40.93.12,v44405464
2014,0.00,"Yukon",40.93.12,v44405464
2015,0.00,"Yukon",40.93.12,v44405464
1998,0.00,"Northwest Territories",41.93.12,v44359350
1999,0.00,"Northwest Territories",41.93.12,v44359350
2000,0.00,"Northwest Territories",41.93.12,v44359350
2001,0.00,"Northwest Territories",41.93.12,v44359350
2002,0.00,"Northwest Territories",41.93.12,v44359350
2003,0.00,"Northwest Territories",41.93.12,v44359350
2004,0.00,"Northwest Territories",41.93.12,v44359350
2005,0.00,"Northwest Territories",41.93.12,v44359350
2006,0.00,"Northwest Territories",41.93.12,v44359350
2007,0.00,"Northwest Territories",41.93.12,v44359350
2008,0.00,"Northwest Territories",41.93.12,v44359350
2009,0.00,"Northwest Territories",41.93.12,v44359350
2010,0.00,"Northwest Territories",41.93.12,v44359350
2011,0.00,"Northwest Territories",41.93.12,v44359350
2012,0.00,"Northwest Territories",41.93.12,v44359350
2013,29.12,"Northwest Territories",41.93.12,v44359350
2014,0.00,"Northwest Territories",41.93.12,v44359350
2015,0.00,"Northwest Territories",41.93.12,v44359350
1998,..,"Nunavut",42.93.12,v44417391
1999,0.00,"Nunavut",42.93.12,v44417391
2000,0.00,"Nunavut",42.93.12,v44417391
2001,0.00,"Nunavut",42.93.12,v44417391
2002,0.00,"Nunavut",42.93.12,v44417391
2003,0.00,"Nunavut",42.93.12,v44417391
2004,0.00,"Nunavut",42.93.12,v44417391
2005,0.00,"Nunavut",42.93.12,v44417391
2006,0.00,"Nunavut",42.93.12,v44417391
2007,0.00,"Nunavut",42.93.12,v44417391
2008,0.00,"Nunavut",42.93.12,v44417391
2009,0.00,"Nunavut",42.93.12,v44417391
2010,0.00,"Nunavut",42.93.12,v44417391
2011,25.61,"Nunavut",42.93.12,v44417391
2012,0.00,"Nunavut",42.93.12,v44417391
2013,0.00,"Nunavut",42.93.12,v44417391
2014,0.00,"Nunavut",42.93.12,v44417391
2015,0.00,"Nunavut",42.93.12,v44417391
