1998,0.00,"Canada",1.93.14,v53080032
1999,0.04,"Canada",1.93.14,v53080032
2000,0.04,"Canada",1.93.14,v53080032
2001,0.12,"Canada",1.93.14,v53080032
2002,0.20,"Canada",1.93.14,v53080032
2003,0.20,"Canada",1.93.14,v53080032
2004,0.74,"Canada",1.93.14,v53080032
2005,0.27,"Canada",1.93.14,v53080032
2006,0.11,"Canada",1.93.14,v53080032
2007,0.46,"Canada",1.93.14,v53080032
2008,0.62,"Canada",1.93.14,v53080032
2009,0.39,"Canada",1.93.14,v53080032
2010,0.12,"Canada",1.93.14,v53080032
2011,0.32,"Canada",1.93.14,v53080032
2012,0.20,"Canada",1.93.14,v53080032
2013,0.08,"Canada",1.93.14,v53080032
2014,0.34,"Canada",1.93.14,v53080032
2015,0.52,"Canada",1.93.14,v53080032
1998,0.00,"Newfoundland and Labrador",2.93.14,v53081398
1999,0.00,"Newfoundland and Labrador",2.93.14,v53081398
2000,0.00,"Newfoundland and Labrador",2.93.14,v53081398
2001,0.00,"Newfoundland and Labrador",2.93.14,v53081398
2002,0.00,"Newfoundland and Labrador",2.93.14,v53081398
2003,0.00,"Newfoundland and Labrador",2.93.14,v53081398
2004,0.00,"Newfoundland and Labrador",2.93.14,v53081398
2005,0.00,"Newfoundland and Labrador",2.93.14,v53081398
2006,0.00,"Newfoundland and Labrador",2.93.14,v53081398
2007,0.00,"Newfoundland and Labrador",2.93.14,v53081398
2008,0.00,"Newfoundland and Labrador",2.93.14,v53081398
2009,0.00,"Newfoundland and Labrador",2.93.14,v53081398
2010,0.00,"Newfoundland and Labrador",2.93.14,v53081398
2011,0.00,"Newfoundland and Labrador",2.93.14,v53081398
2012,0.00,"Newfoundland and Labrador",2.93.14,v53081398
2013,0.00,"Newfoundland and Labrador",2.93.14,v53081398
2014,0.00,"Newfoundland and Labrador",2.93.14,v53081398
2015,0.00,"Newfoundland and Labrador",2.93.14,v53081398
1998,0.00,"St. John's, Newfoundland and Labrador",3.93.14,v53082349
1999,..,"St. John's, Newfoundland and Labrador",3.93.14,v53082349
2000,..,"St. John's, Newfoundland and Labrador",3.93.14,v53082349
2001,0.00,"St. John's, Newfoundland and Labrador",3.93.14,v53082349
2002,0.00,"St. John's, Newfoundland and Labrador",3.93.14,v53082349
2003,0.00,"St. John's, Newfoundland and Labrador",3.93.14,v53082349
2004,0.00,"St. John's, Newfoundland and Labrador",3.93.14,v53082349
2005,0.00,"St. John's, Newfoundland and Labrador",3.93.14,v53082349
2006,0.00,"St. John's, Newfoundland and Labrador",3.93.14,v53082349
2007,0.00,"St. John's, Newfoundland and Labrador",3.93.14,v53082349
2008,0.00,"St. John's, Newfoundland and Labrador",3.93.14,v53082349
2009,0.00,"St. John's, Newfoundland and Labrador",3.93.14,v53082349
2010,0.00,"St. John's, Newfoundland and Labrador",3.93.14,v53082349
2011,0.00,"St. John's, Newfoundland and Labrador",3.93.14,v53082349
2012,0.00,"St. John's, Newfoundland and Labrador",3.93.14,v53082349
2013,0.00,"St. John's, Newfoundland and Labrador",3.93.14,v53082349
2014,0.00,"St. John's, Newfoundland and Labrador",3.93.14,v53082349
2015,0.00,"St. John's, Newfoundland and Labrador",3.93.14,v53082349
1998,0.00,"Prince Edward Island",4.93.14,v53080867
1999,0.00,"Prince Edward Island",4.93.14,v53080867
2000,0.00,"Prince Edward Island",4.93.14,v53080867
2001,0.00,"Prince Edward Island",4.93.14,v53080867
2002,0.00,"Prince Edward Island",4.93.14,v53080867
2003,0.00,"Prince Edward Island",4.93.14,v53080867
2004,0.00,"Prince Edward Island",4.93.14,v53080867
2005,0.00,"Prince Edward Island",4.93.14,v53080867
2006,0.00,"Prince Edward Island",4.93.14,v53080867
2007,0.00,"Prince Edward Island",4.93.14,v53080867
2008,0.00,"Prince Edward Island",4.93.14,v53080867
2009,0.00,"Prince Edward Island",4.93.14,v53080867
2010,0.00,"Prince Edward Island",4.93.14,v53080867
2011,0.00,"Prince Edward Island",4.93.14,v53080867
2012,0.00,"Prince Edward Island",4.93.14,v53080867
2013,0.00,"Prince Edward Island",4.93.14,v53080867
2014,0.00,"Prince Edward Island",4.93.14,v53080867
2015,0.00,"Prince Edward Island",4.93.14,v53080867
1998,0.00,"Nova Scotia",5.93.14,v53083055
1999,0.00,"Nova Scotia",5.93.14,v53083055
2000,0.00,"Nova Scotia",5.93.14,v53083055
2001,0.00,"Nova Scotia",5.93.14,v53083055
2002,0.00,"Nova Scotia",5.93.14,v53083055
2003,0.00,"Nova Scotia",5.93.14,v53083055
2004,0.00,"Nova Scotia",5.93.14,v53083055
2005,0.00,"Nova Scotia",5.93.14,v53083055
2006,0.00,"Nova Scotia",5.93.14,v53083055
2007,0.00,"Nova Scotia",5.93.14,v53083055
2008,0.00,"Nova Scotia",5.93.14,v53083055
2009,0.00,"Nova Scotia",5.93.14,v53083055
2010,0.00,"Nova Scotia",5.93.14,v53083055
2011,0.00,"Nova Scotia",5.93.14,v53083055
2012,0.00,"Nova Scotia",5.93.14,v53083055
2013,0.00,"Nova Scotia",5.93.14,v53083055
2014,0.00,"Nova Scotia",5.93.14,v53083055
2015,0.00,"Nova Scotia",5.93.14,v53083055
1998,0.00,"Halifax, Nova Scotia",6.93.14,v53081802
1999,0.00,"Halifax, Nova Scotia",6.93.14,v53081802
2000,0.00,"Halifax, Nova Scotia",6.93.14,v53081802
2001,0.00,"Halifax, Nova Scotia",6.93.14,v53081802
2002,0.00,"Halifax, Nova Scotia",6.93.14,v53081802
2003,0.00,"Halifax, Nova Scotia",6.93.14,v53081802
2004,0.00,"Halifax, Nova Scotia",6.93.14,v53081802
2005,0.00,"Halifax, Nova Scotia",6.93.14,v53081802
2006,0.00,"Halifax, Nova Scotia",6.93.14,v53081802
2007,0.00,"Halifax, Nova Scotia",6.93.14,v53081802
2008,0.00,"Halifax, Nova Scotia",6.93.14,v53081802
2009,0.00,"Halifax, Nova Scotia",6.93.14,v53081802
2010,0.00,"Halifax, Nova Scotia",6.93.14,v53081802
2011,0.00,"Halifax, Nova Scotia",6.93.14,v53081802
2012,0.00,"Halifax, Nova Scotia",6.93.14,v53081802
2013,0.00,"Halifax, Nova Scotia",6.93.14,v53081802
2014,0.00,"Halifax, Nova Scotia",6.93.14,v53081802
2015,0.00,"Halifax, Nova Scotia",6.93.14,v53081802
1998,0.00,"New Brunswick",7.93.14,v53081847
1999,0.00,"New Brunswick",7.93.14,v53081847
2000,0.00,"New Brunswick",7.93.14,v53081847
2001,0.00,"New Brunswick",7.93.14,v53081847
2002,0.00,"New Brunswick",7.93.14,v53081847
2003,0.00,"New Brunswick",7.93.14,v53081847
2004,0.00,"New Brunswick",7.93.14,v53081847
2005,0.00,"New Brunswick",7.93.14,v53081847
2006,0.00,"New Brunswick",7.93.14,v53081847
2007,0.00,"New Brunswick",7.93.14,v53081847
2008,0.00,"New Brunswick",7.93.14,v53081847
2009,0.00,"New Brunswick",7.93.14,v53081847
2010,0.00,"New Brunswick",7.93.14,v53081847
2011,0.00,"New Brunswick",7.93.14,v53081847
2012,0.00,"New Brunswick",7.93.14,v53081847
2013,0.00,"New Brunswick",7.93.14,v53081847
2014,0.00,"New Brunswick",7.93.14,v53081847
2015,0.00,"New Brunswick",7.93.14,v53081847
2006,0.00,"Moncton, New Brunswick",43.93.14,v53082803
2007,0.00,"Moncton, New Brunswick",43.93.14,v53082803
2008,0.00,"Moncton, New Brunswick",43.93.14,v53082803
2009,0.00,"Moncton, New Brunswick",43.93.14,v53082803
2010,0.00,"Moncton, New Brunswick",43.93.14,v53082803
2011,0.00,"Moncton, New Brunswick",43.93.14,v53082803
2012,0.00,"Moncton, New Brunswick",43.93.14,v53082803
2013,0.00,"Moncton, New Brunswick",43.93.14,v53082803
2014,0.00,"Moncton, New Brunswick",43.93.14,v53082803
2015,0.00,"Moncton, New Brunswick",43.93.14,v53082803
1998,0.00,"Saint John, New Brunswick",8.93.14,v53102221
1999,0.00,"Saint John, New Brunswick",8.93.14,v53102221
2000,0.00,"Saint John, New Brunswick",8.93.14,v53102221
2001,0.00,"Saint John, New Brunswick",8.93.14,v53102221
2002,0.00,"Saint John, New Brunswick",8.93.14,v53102221
2003,0.00,"Saint John, New Brunswick",8.93.14,v53102221
2004,0.00,"Saint John, New Brunswick",8.93.14,v53102221
2005,0.00,"Saint John, New Brunswick",8.93.14,v53102221
2006,0.00,"Saint John, New Brunswick",8.93.14,v53102221
2007,0.00,"Saint John, New Brunswick",8.93.14,v53102221
2008,0.00,"Saint John, New Brunswick",8.93.14,v53102221
2009,0.00,"Saint John, New Brunswick",8.93.14,v53102221
2010,0.00,"Saint John, New Brunswick",8.93.14,v53102221
2011,0.00,"Saint John, New Brunswick",8.93.14,v53102221
2012,0.00,"Saint John, New Brunswick",8.93.14,v53102221
2013,0.00,"Saint John, New Brunswick",8.93.14,v53102221
2014,0.00,"Saint John, New Brunswick",8.93.14,v53102221
2015,0.00,"Saint John, New Brunswick",8.93.14,v53102221
1998,0.00,"Quebec",9.93.14,v53086020
1999,0.00,"Quebec",9.93.14,v53086020
2000,0.00,"Quebec",9.93.14,v53086020
2001,0.00,"Quebec",9.93.14,v53086020
2002,0.00,"Quebec",9.93.14,v53086020
2003,0.00,"Quebec",9.93.14,v53086020
2004,0.00,"Quebec",9.93.14,v53086020
2005,0.00,"Quebec",9.93.14,v53086020
2006,0.00,"Quebec",9.93.14,v53086020
2007,0.00,"Quebec",9.93.14,v53086020
2008,0.17,"Quebec",9.93.14,v53086020
2009,0.00,"Quebec",9.93.14,v53086020
2010,0.00,"Quebec",9.93.14,v53086020
2011,0.74,"Quebec",9.93.14,v53086020
2012,0.38,"Quebec",9.93.14,v53086020
2013,0.00,"Quebec",9.93.14,v53086020
2014,0.20,"Quebec",9.93.14,v53086020
2015,0.00,"Quebec",9.93.14,v53086020
1998,..,"Saguenay, Quebec",10.93.14,v53084273
1999,0.00,"Saguenay, Quebec",10.93.14,v53084273
2000,0.00,"Saguenay, Quebec",10.93.14,v53084273
2001,0.00,"Saguenay, Quebec",10.93.14,v53084273
2002,0.00,"Saguenay, Quebec",10.93.14,v53084273
2003,0.00,"Saguenay, Quebec",10.93.14,v53084273
2004,0.00,"Saguenay, Quebec",10.93.14,v53084273
2005,0.00,"Saguenay, Quebec",10.93.14,v53084273
2006,0.00,"Saguenay, Quebec",10.93.14,v53084273
2007,0.00,"Saguenay, Quebec",10.93.14,v53084273
2008,0.00,"Saguenay, Quebec",10.93.14,v53084273
2009,0.00,"Saguenay, Quebec",10.93.14,v53084273
2010,0.00,"Saguenay, Quebec",10.93.14,v53084273
2011,0.00,"Saguenay, Quebec",10.93.14,v53084273
2012,0.00,"Saguenay, Quebec",10.93.14,v53084273
2013,0.00,"Saguenay, Quebec",10.93.14,v53084273
2014,0.00,"Saguenay, Quebec",10.93.14,v53084273
2015,0.00,"Saguenay, Quebec",10.93.14,v53084273
1999,..,"Sherbrooke, Quebec",12.93.14,v53086771
2000,0.00,"Sherbrooke, Quebec",12.93.14,v53086771
2001,..,"Sherbrooke, Quebec",12.93.14,v53086771
2002,0.00,"Sherbrooke, Quebec",12.93.14,v53086771
2003,0.00,"Sherbrooke, Quebec",12.93.14,v53086771
2004,0.00,"Sherbrooke, Quebec",12.93.14,v53086771
2005,0.00,"Sherbrooke, Quebec",12.93.14,v53086771
2006,0.00,"Sherbrooke, Quebec",12.93.14,v53086771
2007,0.00,"Sherbrooke, Quebec",12.93.14,v53086771
2008,0.00,"Sherbrooke, Quebec",12.93.14,v53086771
2009,0.00,"Sherbrooke, Quebec",12.93.14,v53086771
2010,0.00,"Sherbrooke, Quebec",12.93.14,v53086771
2011,0.00,"Sherbrooke, Quebec",12.93.14,v53086771
2012,8.18,"Sherbrooke, Quebec",12.93.14,v53086771
2013,0.00,"Sherbrooke, Quebec",12.93.14,v53086771
2014,0.00,"Sherbrooke, Quebec",12.93.14,v53086771
2015,0.00,"Sherbrooke, Quebec",12.93.14,v53086771
1998,0.00,"Ottawa-Gatineau, Quebec part",15.93.14,v53084674
1999,0.00,"Ottawa-Gatineau, Quebec part",15.93.14,v53084674
2000,0.00,"Ottawa-Gatineau, Quebec part",15.93.14,v53084674
2001,0.00,"Ottawa-Gatineau, Quebec part",15.93.14,v53084674
2002,0.00,"Ottawa-Gatineau, Quebec part",15.93.14,v53084674
2003,..,"Ottawa-Gatineau, Quebec part",15.93.14,v53084674
2004,0.00,"Ottawa-Gatineau, Quebec part",15.93.14,v53084674
2005,0.00,"Ottawa-Gatineau, Quebec part",15.93.14,v53084674
2006,0.00,"Ottawa-Gatineau, Quebec part",15.93.14,v53084674
2007,0.00,"Ottawa-Gatineau, Quebec part",15.93.14,v53084674
2008,0.00,"Ottawa-Gatineau, Quebec part",15.93.14,v53084674
2009,0.00,"Ottawa-Gatineau, Quebec part",15.93.14,v53084674
2010,0.00,"Ottawa-Gatineau, Quebec part",15.93.14,v53084674
2011,0.00,"Ottawa-Gatineau, Quebec part",15.93.14,v53084674
2012,0.00,"Ottawa-Gatineau, Quebec part",15.93.14,v53084674
2013,0.00,"Ottawa-Gatineau, Quebec part",15.93.14,v53084674
2014,0.00,"Ottawa-Gatineau, Quebec part",15.93.14,v53084674
2015,0.00,"Ottawa-Gatineau, Quebec part",15.93.14,v53084674
1998,0.00,"Ontario",16.93.14,v53085720
1999,0.00,"Ontario",16.93.14,v53085720
2000,0.11,"Ontario",16.93.14,v53085720
2001,0.31,"Ontario",16.93.14,v53085720
2002,0.41,"Ontario",16.93.14,v53085720
2003,0.30,"Ontario",16.93.14,v53085720
2004,1.38,"Ontario",16.93.14,v53085720
2005,0.49,"Ontario",16.93.14,v53085720
2006,0.19,"Ontario",16.93.14,v53085720
2007,0.00,"Ontario",16.93.14,v53085720
2008,0.78,"Ontario",16.93.14,v53085720
2009,0.39,"Ontario",16.93.14,v53085720
2010,0.20,"Ontario",16.93.14,v53085720
2011,0.10,"Ontario",16.93.14,v53085720
2012,0.10,"Ontario",16.93.14,v53085720
2013,0.00,"Ontario",16.93.14,v53085720
2014,0.11,"Ontario",16.93.14,v53085720
2015,0.54,"Ontario",16.93.14,v53085720
1998,0.00,"Ottawa-Gatineau, Ontario/Quebec",17.93.14,v53080266
1999,0.00,"Ottawa-Gatineau, Ontario/Quebec",17.93.14,v53080266
2000,0.00,"Ottawa-Gatineau, Ontario/Quebec",17.93.14,v53080266
2001,0.00,"Ottawa-Gatineau, Ontario/Quebec",17.93.14,v53080266
2002,0.00,"Ottawa-Gatineau, Ontario/Quebec",17.93.14,v53080266
2003,0.00,"Ottawa-Gatineau, Ontario/Quebec",17.93.14,v53080266
2004,0.00,"Ottawa-Gatineau, Ontario/Quebec",17.93.14,v53080266
2005,0.00,"Ottawa-Gatineau, Ontario/Quebec",17.93.14,v53080266
2006,0.00,"Ottawa-Gatineau, Ontario/Quebec",17.93.14,v53080266
2007,0.00,"Ottawa-Gatineau, Ontario/Quebec",17.93.14,v53080266
2008,0.00,"Ottawa-Gatineau, Ontario/Quebec",17.93.14,v53080266
2009,0.00,"Ottawa-Gatineau, Ontario/Quebec",17.93.14,v53080266
2010,0.00,"Ottawa-Gatineau, Ontario/Quebec",17.93.14,v53080266
2011,0.00,"Ottawa-Gatineau, Ontario/Quebec",17.93.14,v53080266
2012,0.00,"Ottawa-Gatineau, Ontario/Quebec",17.93.14,v53080266
2013,0.00,"Ottawa-Gatineau, Ontario/Quebec",17.93.14,v53080266
2014,0.00,"Ottawa-Gatineau, Ontario/Quebec",17.93.14,v53080266
2015,0.00,"Ottawa-Gatineau, Ontario/Quebec",17.93.14,v53080266
1998,0.00,"Ottawa-Gatineau, Ontario part",18.93.14,v53085817
1999,0.00,"Ottawa-Gatineau, Ontario part",18.93.14,v53085817
2000,0.00,"Ottawa-Gatineau, Ontario part",18.93.14,v53085817
2001,0.00,"Ottawa-Gatineau, Ontario part",18.93.14,v53085817
2002,0.00,"Ottawa-Gatineau, Ontario part",18.93.14,v53085817
2003,0.00,"Ottawa-Gatineau, Ontario part",18.93.14,v53085817
2004,0.00,"Ottawa-Gatineau, Ontario part",18.93.14,v53085817
2005,0.00,"Ottawa-Gatineau, Ontario part",18.93.14,v53085817
2006,0.00,"Ottawa-Gatineau, Ontario part",18.93.14,v53085817
2007,0.00,"Ottawa-Gatineau, Ontario part",18.93.14,v53085817
2008,0.00,"Ottawa-Gatineau, Ontario part",18.93.14,v53085817
2009,0.00,"Ottawa-Gatineau, Ontario part",18.93.14,v53085817
2010,0.00,"Ottawa-Gatineau, Ontario part",18.93.14,v53085817
2011,0.00,"Ottawa-Gatineau, Ontario part",18.93.14,v53085817
2012,0.00,"Ottawa-Gatineau, Ontario part",18.93.14,v53085817
2013,0.00,"Ottawa-Gatineau, Ontario part",18.93.14,v53085817
2014,0.00,"Ottawa-Gatineau, Ontario part",18.93.14,v53085817
2015,0.00,"Ottawa-Gatineau, Ontario part",18.93.14,v53085817
2000,..,"Kingston, Ontario",27.93.14,v53090108
2001,0.00,"Kingston, Ontario",27.93.14,v53090108
2002,0.00,"Kingston, Ontario",27.93.14,v53090108
2003,0.00,"Kingston, Ontario",27.93.14,v53090108
2004,0.00,"Kingston, Ontario",27.93.14,v53090108
2005,0.00,"Kingston, Ontario",27.93.14,v53090108
2006,0.00,"Kingston, Ontario",27.93.14,v53090108
2007,0.00,"Kingston, Ontario",27.93.14,v53090108
2008,0.00,"Kingston, Ontario",27.93.14,v53090108
2009,0.00,"Kingston, Ontario",27.93.14,v53090108
2010,0.00,"Kingston, Ontario",27.93.14,v53090108
2011,0.00,"Kingston, Ontario",27.93.14,v53090108
2012,0.00,"Kingston, Ontario",27.93.14,v53090108
2013,0.00,"Kingston, Ontario",27.93.14,v53090108
2014,0.00,"Kingston, Ontario",27.93.14,v53090108
2015,0.00,"Kingston, Ontario",27.93.14,v53090108
2005,..,"Peterborough, Ontario",44.93.14,v53087266
2006,0.00,"Peterborough, Ontario",44.93.14,v53087266
2007,0.00,"Peterborough, Ontario",44.93.14,v53087266
2008,0.00,"Peterborough, Ontario",44.93.14,v53087266
2009,0.00,"Peterborough, Ontario",44.93.14,v53087266
2010,0.00,"Peterborough, Ontario",44.93.14,v53087266
2011,0.00,"Peterborough, Ontario",44.93.14,v53087266
2012,0.00,"Peterborough, Ontario",44.93.14,v53087266
2013,0.00,"Peterborough, Ontario",44.93.14,v53087266
2014,0.00,"Peterborough, Ontario",44.93.14,v53087266
2015,0.00,"Peterborough, Ontario",44.93.14,v53087266
1998,0.00,"Toronto, Ontario",19.93.14,v53087278
1999,0.00,"Toronto, Ontario",19.93.14,v53087278
2000,0.00,"Toronto, Ontario",19.93.14,v53087278
2001,0.00,"Toronto, Ontario",19.93.14,v53087278
2002,0.00,"Toronto, Ontario",19.93.14,v53087278
2003,0.00,"Toronto, Ontario",19.93.14,v53087278
2004,0.25,"Toronto, Ontario",19.93.14,v53087278
2005,0.73,"Toronto, Ontario",19.93.14,v53087278
2006,0.00,"Toronto, Ontario",19.93.14,v53087278
2007,0.00,"Toronto, Ontario",19.93.14,v53087278
2008,0.47,"Toronto, Ontario",19.93.14,v53087278
2009,0.23,"Toronto, Ontario",19.93.14,v53087278
2010,0.23,"Toronto, Ontario",19.93.14,v53087278
2011,0.23,"Toronto, Ontario",19.93.14,v53087278
2012,0.00,"Toronto, Ontario",19.93.14,v53087278
2013,0.00,"Toronto, Ontario",19.93.14,v53087278
2014,0.00,"Toronto, Ontario",19.93.14,v53087278
2015,0.25,"Toronto, Ontario",19.93.14,v53087278
1998,0.00,"Hamilton, Ontario",20.93.14,v53088364
1999,0.00,"Hamilton, Ontario",20.93.14,v53088364
2000,0.00,"Hamilton, Ontario",20.93.14,v53088364
2001,0.00,"Hamilton, Ontario",20.93.14,v53088364
2002,0.00,"Hamilton, Ontario",20.93.14,v53088364
2003,0.00,"Hamilton, Ontario",20.93.14,v53088364
2004,1.75,"Hamilton, Ontario",20.93.14,v53088364
2005,0.00,"Hamilton, Ontario",20.93.14,v53088364
2006,0.00,"Hamilton, Ontario",20.93.14,v53088364
2007,0.00,"Hamilton, Ontario",20.93.14,v53088364
2008,0.00,"Hamilton, Ontario",20.93.14,v53088364
2009,0.00,"Hamilton, Ontario",20.93.14,v53088364
2010,0.00,"Hamilton, Ontario",20.93.14,v53088364
2011,0.00,"Hamilton, Ontario",20.93.14,v53088364
2012,0.00,"Hamilton, Ontario",20.93.14,v53088364
2013,0.00,"Hamilton, Ontario",20.93.14,v53088364
2014,0.00,"Hamilton, Ontario",20.93.14,v53088364
2015,3.85,"Hamilton, Ontario",20.93.14,v53088364
1998,0.00,"St.Catharines-Niagara, Ontario",21.93.14,v53092855
1999,0.00,"St.Catharines-Niagara, Ontario",21.93.14,v53092855
2000,0.00,"St.Catharines-Niagara, Ontario",21.93.14,v53092855
2001,0.00,"St.Catharines-Niagara, Ontario",21.93.14,v53092855
2002,0.00,"St.Catharines-Niagara, Ontario",21.93.14,v53092855
2003,0.00,"St.Catharines-Niagara, Ontario",21.93.14,v53092855
2004,0.00,"St.Catharines-Niagara, Ontario",21.93.14,v53092855
2005,0.00,"St.Catharines-Niagara, Ontario",21.93.14,v53092855
2006,0.00,"St.Catharines-Niagara, Ontario",21.93.14,v53092855
2007,0.00,"St.Catharines-Niagara, Ontario",21.93.14,v53092855
2008,0.00,"St.Catharines-Niagara, Ontario",21.93.14,v53092855
2009,0.00,"St.Catharines-Niagara, Ontario",21.93.14,v53092855
2010,0.00,"St.Catharines-Niagara, Ontario",21.93.14,v53092855
2011,0.00,"St.Catharines-Niagara, Ontario",21.93.14,v53092855
2012,0.00,"St.Catharines-Niagara, Ontario",21.93.14,v53092855
2013,0.00,"St.Catharines-Niagara, Ontario",21.93.14,v53092855
2014,0.00,"St.Catharines-Niagara, Ontario",21.93.14,v53092855
2015,0.00,"St.Catharines-Niagara, Ontario",21.93.14,v53092855
1998,0.00,"Kitchener-Cambridge-Waterloo, Ontario",22.93.14,v53093045
1999,0.00,"Kitchener-Cambridge-Waterloo, Ontario",22.93.14,v53093045
2000,0.00,"Kitchener-Cambridge-Waterloo, Ontario",22.93.14,v53093045
2001,0.00,"Kitchener-Cambridge-Waterloo, Ontario",22.93.14,v53093045
2002,0.00,"Kitchener-Cambridge-Waterloo, Ontario",22.93.14,v53093045
2003,0.00,"Kitchener-Cambridge-Waterloo, Ontario",22.93.14,v53093045
2004,26.97,"Kitchener-Cambridge-Waterloo, Ontario",22.93.14,v53093045
2005,2.45,"Kitchener-Cambridge-Waterloo, Ontario",22.93.14,v53093045
2006,4.85,"Kitchener-Cambridge-Waterloo, Ontario",22.93.14,v53093045
2007,0.00,"Kitchener-Cambridge-Waterloo, Ontario",22.93.14,v53093045
2008,2.43,"Kitchener-Cambridge-Waterloo, Ontario",22.93.14,v53093045
2009,0.00,"Kitchener-Cambridge-Waterloo, Ontario",22.93.14,v53093045
2010,0.00,"Kitchener-Cambridge-Waterloo, Ontario",22.93.14,v53093045
2011,0.00,"Kitchener-Cambridge-Waterloo, Ontario",22.93.14,v53093045
2012,0.00,"Kitchener-Cambridge-Waterloo, Ontario",22.93.14,v53093045
2013,0.00,"Kitchener-Cambridge-Waterloo, Ontario",22.93.14,v53093045
2014,0.00,"Kitchener-Cambridge-Waterloo, Ontario",22.93.14,v53093045
2015,0.00,"Kitchener-Cambridge-Waterloo, Ontario",22.93.14,v53093045
2005,..,"Brantford, Ontario",45.93.14,v53087739
2006,0.00,"Brantford, Ontario",45.93.14,v53087739
2007,0.00,"Brantford, Ontario",45.93.14,v53087739
2008,0.00,"Brantford, Ontario",45.93.14,v53087739
2009,0.00,"Brantford, Ontario",45.93.14,v53087739
2010,0.00,"Brantford, Ontario",45.93.14,v53087739
2011,0.00,"Brantford, Ontario",45.93.14,v53087739
2012,0.00,"Brantford, Ontario",45.93.14,v53087739
2013,0.00,"Brantford, Ontario",45.93.14,v53087739
2014,0.00,"Brantford, Ontario",45.93.14,v53087739
2015,0.00,"Brantford, Ontario",45.93.14,v53087739
2005,..,"Guelph, Ontario",46.93.14,v53088711
2006,0.00,"Guelph, Ontario",46.93.14,v53088711
2007,0.00,"Guelph, Ontario",46.93.14,v53088711
2008,0.00,"Guelph, Ontario",46.93.14,v53088711
2009,0.00,"Guelph, Ontario",46.93.14,v53088711
2010,0.00,"Guelph, Ontario",46.93.14,v53088711
2011,0.00,"Guelph, Ontario",46.93.14,v53088711
2012,0.00,"Guelph, Ontario",46.93.14,v53088711
2013,0.00,"Guelph, Ontario",46.93.14,v53088711
2014,0.00,"Guelph, Ontario",46.93.14,v53088711
2015,0.00,"Guelph, Ontario",46.93.14,v53088711
1998,0.00,"London, Ontario",23.93.14,v53094995
1999,0.00,"London, Ontario",23.93.14,v53094995
2000,0.00,"London, Ontario",23.93.14,v53094995
2001,0.00,"London, Ontario",23.93.14,v53094995
2002,0.00,"London, Ontario",23.93.14,v53094995
2003,0.00,"London, Ontario",23.93.14,v53094995
2004,0.00,"London, Ontario",23.93.14,v53094995
2005,0.00,"London, Ontario",23.93.14,v53094995
2006,0.00,"London, Ontario",23.93.14,v53094995
2007,0.00,"London, Ontario",23.93.14,v53094995
2008,0.00,"London, Ontario",23.93.14,v53094995
2009,2.62,"London, Ontario",23.93.14,v53094995
2010,0.00,"London, Ontario",23.93.14,v53094995
2011,0.00,"London, Ontario",23.93.14,v53094995
2012,2.80,"London, Ontario",23.93.14,v53094995
2013,0.00,"London, Ontario",23.93.14,v53094995
2014,0.00,"London, Ontario",23.93.14,v53094995
2015,0.00,"London, Ontario",23.93.14,v53094995
1998,0.00,"Windsor, Ontario",24.93.14,v53087990
1999,0.00,"Windsor, Ontario",24.93.14,v53087990
2000,0.00,"Windsor, Ontario",24.93.14,v53087990
2001,0.00,"Windsor, Ontario",24.93.14,v53087990
2002,0.00,"Windsor, Ontario",24.93.14,v53087990
2003,0.00,"Windsor, Ontario",24.93.14,v53087990
2004,0.00,"Windsor, Ontario",24.93.14,v53087990
2005,0.00,"Windsor, Ontario",24.93.14,v53087990
2006,0.00,"Windsor, Ontario",24.93.14,v53087990
2007,0.00,"Windsor, Ontario",24.93.14,v53087990
2008,0.00,"Windsor, Ontario",24.93.14,v53087990
2009,3.82,"Windsor, Ontario",24.93.14,v53087990
2010,0.00,"Windsor, Ontario",24.93.14,v53087990
2011,0.00,"Windsor, Ontario",24.93.14,v53087990
2012,0.00,"Windsor, Ontario",24.93.14,v53087990
2013,0.00,"Windsor, Ontario",24.93.14,v53087990
2014,0.00,"Windsor, Ontario",24.93.14,v53087990
2015,4.14,"Windsor, Ontario",24.93.14,v53087990
2005,..,"Barrie, Ontario",47.93.14,v53088990
2006,0.00,"Barrie, Ontario",47.93.14,v53088990
2007,0.00,"Barrie, Ontario",47.93.14,v53088990
2008,0.00,"Barrie, Ontario",47.93.14,v53088990
2009,0.00,"Barrie, Ontario",47.93.14,v53088990
2010,0.00,"Barrie, Ontario",47.93.14,v53088990
2011,0.00,"Barrie, Ontario",47.93.14,v53088990
2012,0.00,"Barrie, Ontario",47.93.14,v53088990
2013,0.00,"Barrie, Ontario",47.93.14,v53088990
2014,0.00,"Barrie, Ontario",47.93.14,v53088990
2015,0.00,"Barrie, Ontario",47.93.14,v53088990
1998,0.00,"Sudbury, Ontario",25.93.14,v53095459
1999,0.00,"Sudbury, Ontario",25.93.14,v53095459
2000,0.00,"Sudbury, Ontario",25.93.14,v53095459
2001,0.00,"Sudbury, Ontario",25.93.14,v53095459
2002,0.00,"Sudbury, Ontario",25.93.14,v53095459
2003,..,"Sudbury, Ontario",25.93.14,v53095459
2004,0.00,"Sudbury, Ontario",25.93.14,v53095459
2005,0.00,"Sudbury, Ontario",25.93.14,v53095459
2006,0.00,"Sudbury, Ontario",25.93.14,v53095459
2007,0.00,"Sudbury, Ontario",25.93.14,v53095459
2008,0.00,"Sudbury, Ontario",25.93.14,v53095459
2009,0.00,"Sudbury, Ontario",25.93.14,v53095459
2010,0.00,"Sudbury, Ontario",25.93.14,v53095459
2011,0.00,"Sudbury, Ontario",25.93.14,v53095459
2012,0.00,"Sudbury, Ontario",25.93.14,v53095459
2013,0.00,"Sudbury, Ontario",25.93.14,v53095459
2014,0.00,"Sudbury, Ontario",25.93.14,v53095459
2015,0.00,"Sudbury, Ontario",25.93.14,v53095459
1998,0.00,"Thunder Bay, Ontario",26.93.14,v53090296
1999,0.00,"Thunder Bay, Ontario",26.93.14,v53090296
2000,0.00,"Thunder Bay, Ontario",26.93.14,v53090296
2001,0.00,"Thunder Bay, Ontario",26.93.14,v53090296
2002,0.00,"Thunder Bay, Ontario",26.93.14,v53090296
2003,0.00,"Thunder Bay, Ontario",26.93.14,v53090296
2004,0.00,"Thunder Bay, Ontario",26.93.14,v53090296
2005,0.00,"Thunder Bay, Ontario",26.93.14,v53090296
2006,0.00,"Thunder Bay, Ontario",26.93.14,v53090296
2007,0.00,"Thunder Bay, Ontario",26.93.14,v53090296
2008,0.00,"Thunder Bay, Ontario",26.93.14,v53090296
2009,0.00,"Thunder Bay, Ontario",26.93.14,v53090296
2010,0.00,"Thunder Bay, Ontario",26.93.14,v53090296
2011,0.00,"Thunder Bay, Ontario",26.93.14,v53090296
2012,0.00,"Thunder Bay, Ontario",26.93.14,v53090296
2013,0.00,"Thunder Bay, Ontario",26.93.14,v53090296
2014,0.00,"Thunder Bay, Ontario",26.93.14,v53090296
2015,0.00,"Thunder Bay, Ontario",26.93.14,v53090296
1998,0.00,"Manitoba",28.93.14,v53091270
1999,0.00,"Manitoba",28.93.14,v53091270
2000,0.00,"Manitoba",28.93.14,v53091270
2001,0.00,"Manitoba",28.93.14,v53091270
2002,0.00,"Manitoba",28.93.14,v53091270
2003,1.97,"Manitoba",28.93.14,v53091270
2004,0.00,"Manitoba",28.93.14,v53091270
2005,0.97,"Manitoba",28.93.14,v53091270
2006,0.00,"Manitoba",28.93.14,v53091270
2007,3.85,"Manitoba",28.93.14,v53091270
2008,0.97,"Manitoba",28.93.14,v53091270
2009,0.98,"Manitoba",28.93.14,v53091270
2010,0.00,"Manitoba",28.93.14,v53091270
2011,0.00,"Manitoba",28.93.14,v53091270
2012,0.00,"Manitoba",28.93.14,v53091270
2013,2.01,"Manitoba",28.93.14,v53091270
2014,3.05,"Manitoba",28.93.14,v53091270
2015,1.02,"Manitoba",28.93.14,v53091270
1998,0.00,"Winnipeg, Manitoba",29.93.14,v53091322
1999,0.00,"Winnipeg, Manitoba",29.93.14,v53091322
2000,0.00,"Winnipeg, Manitoba",29.93.14,v53091322
2001,0.00,"Winnipeg, Manitoba",29.93.14,v53091322
2002,0.00,"Winnipeg, Manitoba",29.93.14,v53091322
2003,0.00,"Winnipeg, Manitoba",29.93.14,v53091322
2004,0.00,"Winnipeg, Manitoba",29.93.14,v53091322
2005,1.76,"Winnipeg, Manitoba",29.93.14,v53091322
2006,0.00,"Winnipeg, Manitoba",29.93.14,v53091322
2007,6.58,"Winnipeg, Manitoba",29.93.14,v53091322
2008,0.00,"Winnipeg, Manitoba",29.93.14,v53091322
2009,0.00,"Winnipeg, Manitoba",29.93.14,v53091322
2010,0.00,"Winnipeg, Manitoba",29.93.14,v53091322
2011,0.00,"Winnipeg, Manitoba",29.93.14,v53091322
2012,0.00,"Winnipeg, Manitoba",29.93.14,v53091322
2013,3.41,"Winnipeg, Manitoba",29.93.14,v53091322
2014,5.33,"Winnipeg, Manitoba",29.93.14,v53091322
2015,1.77,"Winnipeg, Manitoba",29.93.14,v53091322
1998,0.00,"Saskatchewan",30.93.14,v53096280
1999,0.00,"Saskatchewan",30.93.14,v53096280
2000,0.00,"Saskatchewan",30.93.14,v53096280
2001,0.00,"Saskatchewan",30.93.14,v53096280
2002,0.00,"Saskatchewan",30.93.14,v53096280
2003,0.00,"Saskatchewan",30.93.14,v53096280
2004,0.00,"Saskatchewan",30.93.14,v53096280
2005,0.00,"Saskatchewan",30.93.14,v53096280
2006,0.00,"Saskatchewan",30.93.14,v53096280
2007,1.13,"Saskatchewan",30.93.14,v53096280
2008,2.30,"Saskatchewan",30.93.14,v53096280
2009,0.00,"Saskatchewan",30.93.14,v53096280
2010,0.00,"Saskatchewan",30.93.14,v53096280
2011,1.19,"Saskatchewan",30.93.14,v53096280
2012,0.00,"Saskatchewan",30.93.14,v53096280
2013,0.00,"Saskatchewan",30.93.14,v53096280
2014,1.21,"Saskatchewan",30.93.14,v53096280
2015,1.22,"Saskatchewan",30.93.14,v53096280
1998,0.00,"Regina, Saskatchewan",31.93.14,v53096422
1999,0.00,"Regina, Saskatchewan",31.93.14,v53096422
2000,0.00,"Regina, Saskatchewan",31.93.14,v53096422
2001,0.00,"Regina, Saskatchewan",31.93.14,v53096422
2002,0.00,"Regina, Saskatchewan",31.93.14,v53096422
2003,0.00,"Regina, Saskatchewan",31.93.14,v53096422
2004,0.00,"Regina, Saskatchewan",31.93.14,v53096422
2005,0.00,"Regina, Saskatchewan",31.93.14,v53096422
2006,0.00,"Regina, Saskatchewan",31.93.14,v53096422
2007,0.00,"Regina, Saskatchewan",31.93.14,v53096422
2008,0.00,"Regina, Saskatchewan",31.93.14,v53096422
2009,0.00,"Regina, Saskatchewan",31.93.14,v53096422
2010,0.00,"Regina, Saskatchewan",31.93.14,v53096422
2011,0.00,"Regina, Saskatchewan",31.93.14,v53096422
2012,0.00,"Regina, Saskatchewan",31.93.14,v53096422
2013,0.00,"Regina, Saskatchewan",31.93.14,v53096422
2014,0.00,"Regina, Saskatchewan",31.93.14,v53096422
2015,0.00,"Regina, Saskatchewan",31.93.14,v53096422
1998,0.00,"Saskatoon, Saskatchewan",32.93.14,v53090831
1999,0.00,"Saskatoon, Saskatchewan",32.93.14,v53090831
2000,0.00,"Saskatoon, Saskatchewan",32.93.14,v53090831
2001,0.00,"Saskatoon, Saskatchewan",32.93.14,v53090831
2002,0.00,"Saskatoon, Saskatchewan",32.93.14,v53090831
2003,0.00,"Saskatoon, Saskatchewan",32.93.14,v53090831
2004,0.00,"Saskatoon, Saskatchewan",32.93.14,v53090831
2005,0.00,"Saskatoon, Saskatchewan",32.93.14,v53090831
2006,0.00,"Saskatoon, Saskatchewan",32.93.14,v53090831
2007,4.70,"Saskatoon, Saskatchewan",32.93.14,v53090831
2008,0.00,"Saskatoon, Saskatchewan",32.93.14,v53090831
2009,0.00,"Saskatoon, Saskatchewan",32.93.14,v53090831
2010,0.00,"Saskatoon, Saskatchewan",32.93.14,v53090831
2011,0.00,"Saskatoon, Saskatchewan",32.93.14,v53090831
2012,0.00,"Saskatoon, Saskatchewan",32.93.14,v53090831
2013,0.00,"Saskatoon, Saskatchewan",32.93.14,v53090831
2014,0.00,"Saskatoon, Saskatchewan",32.93.14,v53090831
2015,0.00,"Saskatoon, Saskatchewan",32.93.14,v53090831
1998,0.00,"Alberta",33.93.14,v53090884
1999,0.00,"Alberta",33.93.14,v53090884
2000,0.00,"Alberta",33.93.14,v53090884
2001,0.00,"Alberta",33.93.14,v53090884
2002,0.00,"Alberta",33.93.14,v53090884
2003,0.00,"Alberta",33.93.14,v53090884
2004,0.00,"Alberta",33.93.14,v53090884
2005,0.00,"Alberta",33.93.14,v53090884
2006,0.00,"Alberta",33.93.14,v53090884
2007,1.39,"Alberta",33.93.14,v53090884
2008,0.35,"Alberta",33.93.14,v53090884
2009,0.35,"Alberta",33.93.14,v53090884
2010,0.00,"Alberta",33.93.14,v53090884
2011,0.36,"Alberta",33.93.14,v53090884
2012,0.36,"Alberta",33.93.14,v53090884
2013,0.00,"Alberta",33.93.14,v53090884
2014,0.72,"Alberta",33.93.14,v53090884
2015,0.71,"Alberta",33.93.14,v53090884
1998,0.00,"Calgary, Alberta",34.93.14,v53090995
1999,0.00,"Calgary, Alberta",34.93.14,v53090995
2000,0.00,"Calgary, Alberta",34.93.14,v53090995
2001,0.00,"Calgary, Alberta",34.93.14,v53090995
2002,0.00,"Calgary, Alberta",34.93.14,v53090995
2003,0.00,"Calgary, Alberta",34.93.14,v53090995
2004,0.00,"Calgary, Alberta",34.93.14,v53090995
2005,0.00,"Calgary, Alberta",34.93.14,v53090995
2006,0.00,"Calgary, Alberta",34.93.14,v53090995
2007,0.00,"Calgary, Alberta",34.93.14,v53090995
2008,0.00,"Calgary, Alberta",34.93.14,v53090995
2009,0.00,"Calgary, Alberta",34.93.14,v53090995
2010,0.00,"Calgary, Alberta",34.93.14,v53090995
2011,0.00,"Calgary, Alberta",34.93.14,v53090995
2012,0.00,"Calgary, Alberta",34.93.14,v53090995
2013,0.00,"Calgary, Alberta",34.93.14,v53090995
2014,0.00,"Calgary, Alberta",34.93.14,v53090995
2015,0.00,"Calgary, Alberta",34.93.14,v53090995
1998,0.00,"Edmonton, Alberta",35.93.14,v53092043
1999,0.00,"Edmonton, Alberta",35.93.14,v53092043
2000,0.00,"Edmonton, Alberta",35.93.14,v53092043
2001,0.00,"Edmonton, Alberta",35.93.14,v53092043
2002,0.00,"Edmonton, Alberta",35.93.14,v53092043
2003,0.00,"Edmonton, Alberta",35.93.14,v53092043
2004,0.00,"Edmonton, Alberta",35.93.14,v53092043
2005,0.00,"Edmonton, Alberta",35.93.14,v53092043
2006,0.00,"Edmonton, Alberta",35.93.14,v53092043
2007,0.00,"Edmonton, Alberta",35.93.14,v53092043
2008,0.00,"Edmonton, Alberta",35.93.14,v53092043
2009,1.16,"Edmonton, Alberta",35.93.14,v53092043
2010,0.00,"Edmonton, Alberta",35.93.14,v53092043
2011,0.00,"Edmonton, Alberta",35.93.14,v53092043
2012,1.18,"Edmonton, Alberta",35.93.14,v53092043
2013,0.00,"Edmonton, Alberta",35.93.14,v53092043
2014,2.36,"Edmonton, Alberta",35.93.14,v53092043
2015,1.17,"Edmonton, Alberta",35.93.14,v53092043
1998,0.00,"British Columbia",36.93.14,v53092140
1999,0.31,"British Columbia",36.93.14,v53092140
2000,0.00,"British Columbia",36.93.14,v53092140
2001,0.00,"British Columbia",36.93.14,v53092140
2002,0.31,"British Columbia",36.93.14,v53092140
2003,0.00,"British Columbia",36.93.14,v53092140
2004,1.54,"British Columbia",36.93.14,v53092140
2005,0.31,"British Columbia",36.93.14,v53092140
2006,0.31,"British Columbia",36.93.14,v53092140
2007,0.93,"British Columbia",36.93.14,v53092140
2008,0.93,"British Columbia",36.93.14,v53092140
2009,1.25,"British Columbia",36.93.14,v53092140
2010,0.31,"British Columbia",36.93.14,v53092140
2011,0.32,"British Columbia",36.93.14,v53092140
2012,0.32,"British Columbia",36.93.14,v53092140
2013,0.00,"British Columbia",36.93.14,v53092140
2014,0.00,"British Columbia",36.93.14,v53092140
2015,1.02,"British Columbia",36.93.14,v53092140
2005,..,"Kelowna, British Columbia",48.93.14,v53093982
2006,0.00,"Kelowna, British Columbia",48.93.14,v53093982
2007,0.00,"Kelowna, British Columbia",48.93.14,v53093982
2008,7.81,"Kelowna, British Columbia",48.93.14,v53093982
2009,0.00,"Kelowna, British Columbia",48.93.14,v53093982
2010,0.00,"Kelowna, British Columbia",48.93.14,v53093982
2011,0.00,"Kelowna, British Columbia",48.93.14,v53093982
2012,0.00,"Kelowna, British Columbia",48.93.14,v53093982
2013,0.00,"Kelowna, British Columbia",48.93.14,v53093982
2014,0.00,"Kelowna, British Columbia",48.93.14,v53093982
2015,0.00,"Kelowna, British Columbia",48.93.14,v53093982
2000,..,"Abbotsford-Mission, British Columbia",39.93.14,v53097987
2001,0.00,"Abbotsford-Mission, British Columbia",39.93.14,v53097987
2002,0.00,"Abbotsford-Mission, British Columbia",39.93.14,v53097987
2003,0.00,"Abbotsford-Mission, British Columbia",39.93.14,v53097987
2004,0.00,"Abbotsford-Mission, British Columbia",39.93.14,v53097987
2005,0.00,"Abbotsford-Mission, British Columbia",39.93.14,v53097987
2006,0.00,"Abbotsford-Mission, British Columbia",39.93.14,v53097987
2007,0.00,"Abbotsford-Mission, British Columbia",39.93.14,v53097987
2008,0.00,"Abbotsford-Mission, British Columbia",39.93.14,v53097987
2009,0.00,"Abbotsford-Mission, British Columbia",39.93.14,v53097987
2010,0.00,"Abbotsford-Mission, British Columbia",39.93.14,v53097987
2011,0.00,"Abbotsford-Mission, British Columbia",39.93.14,v53097987
2012,0.00,"Abbotsford-Mission, British Columbia",39.93.14,v53097987
2013,0.00,"Abbotsford-Mission, British Columbia",39.93.14,v53097987
2014,0.00,"Abbotsford-Mission, British Columbia",39.93.14,v53097987
2015,0.00,"Abbotsford-Mission, British Columbia",39.93.14,v53097987
1998,0.00,"Vancouver, British Columbia",37.93.14,v53098155
1999,0.00,"Vancouver, British Columbia",37.93.14,v53098155
2000,0.00,"Vancouver, British Columbia",37.93.14,v53098155
2001,0.00,"Vancouver, British Columbia",37.93.14,v53098155
2002,0.00,"Vancouver, British Columbia",37.93.14,v53098155
2003,0.00,"Vancouver, British Columbia",37.93.14,v53098155
2004,3.14,"Vancouver, British Columbia",37.93.14,v53098155
2005,0.62,"Vancouver, British Columbia",37.93.14,v53098155
2006,0.62,"Vancouver, British Columbia",37.93.14,v53098155
2007,1.24,"Vancouver, British Columbia",37.93.14,v53098155
2008,1.23,"Vancouver, British Columbia",37.93.14,v53098155
2009,2.45,"Vancouver, British Columbia",37.93.14,v53098155
2010,0.61,"Vancouver, British Columbia",37.93.14,v53098155
2011,0.00,"Vancouver, British Columbia",37.93.14,v53098155
2012,0.61,"Vancouver, British Columbia",37.93.14,v53098155
2013,0.00,"Vancouver, British Columbia",37.93.14,v53098155
2014,0.00,"Vancouver, British Columbia",37.93.14,v53098155
2015,0.64,"Vancouver, British Columbia",37.93.14,v53098155
1998,0.00,"Victoria, British Columbia",38.93.14,v53098325
1999,0.00,"Victoria, British Columbia",38.93.14,v53098325
2000,0.00,"Victoria, British Columbia",38.93.14,v53098325
2001,0.00,"Victoria, British Columbia",38.93.14,v53098325
2002,0.00,"Victoria, British Columbia",38.93.14,v53098325
2003,0.00,"Victoria, British Columbia",38.93.14,v53098325
2004,0.00,"Victoria, British Columbia",38.93.14,v53098325
2005,0.00,"Victoria, British Columbia",38.93.14,v53098325
2006,0.00,"Victoria, British Columbia",38.93.14,v53098325
2007,0.00,"Victoria, British Columbia",38.93.14,v53098325
2008,0.00,"Victoria, British Columbia",38.93.14,v53098325
2009,0.00,"Victoria, British Columbia",38.93.14,v53098325
2010,0.00,"Victoria, British Columbia",38.93.14,v53098325
2011,4.74,"Victoria, British Columbia",38.93.14,v53098325
2012,0.00,"Victoria, British Columbia",38.93.14,v53098325
2013,0.00,"Victoria, British Columbia",38.93.14,v53098325
2014,0.00,"Victoria, British Columbia",38.93.14,v53098325
2015,0.00,"Victoria, British Columbia",38.93.14,v53098325
1998,0.00,"Yukon",40.93.14,v53093705
1999,0.00,"Yukon",40.93.14,v53093705
2000,0.00,"Yukon",40.93.14,v53093705
2001,0.00,"Yukon",40.93.14,v53093705
2002,0.00,"Yukon",40.93.14,v53093705
2003,0.00,"Yukon",40.93.14,v53093705
2004,0.00,"Yukon",40.93.14,v53093705
2005,0.00,"Yukon",40.93.14,v53093705
2006,0.00,"Yukon",40.93.14,v53093705
2007,0.00,"Yukon",40.93.14,v53093705
2008,0.00,"Yukon",40.93.14,v53093705
2009,0.00,"Yukon",40.93.14,v53093705
2010,0.00,"Yukon",40.93.14,v53093705
2011,0.00,"Yukon",40.93.14,v53093705
2012,0.00,"Yukon",40.93.14,v53093705
2013,0.00,"Yukon",40.93.14,v53093705
2014,0.00,"Yukon",40.93.14,v53093705
2015,0.00,"Yukon",40.93.14,v53093705
1998,0.00,"Northwest Territories",41.93.14,v53098702
1999,0.00,"Northwest Territories",41.93.14,v53098702
2000,0.00,"Northwest Territories",41.93.14,v53098702
2001,0.00,"Northwest Territories",41.93.14,v53098702
2002,0.00,"Northwest Territories",41.93.14,v53098702
2003,0.00,"Northwest Territories",41.93.14,v53098702
2004,0.00,"Northwest Territories",41.93.14,v53098702
2005,0.00,"Northwest Territories",41.93.14,v53098702
2006,0.00,"Northwest Territories",41.93.14,v53098702
2007,0.00,"Northwest Territories",41.93.14,v53098702
2008,0.00,"Northwest Territories",41.93.14,v53098702
2009,0.00,"Northwest Territories",41.93.14,v53098702
2010,0.00,"Northwest Territories",41.93.14,v53098702
2011,0.00,"Northwest Territories",41.93.14,v53098702
2012,0.00,"Northwest Territories",41.93.14,v53098702
2013,0.00,"Northwest Territories",41.93.14,v53098702
2014,0.00,"Northwest Territories",41.93.14,v53098702
2015,0.00,"Northwest Territories",41.93.14,v53098702
1998,..,"Nunavut",42.93.14,v53098780
1999,0.00,"Nunavut",42.93.14,v53098780
2000,0.00,"Nunavut",42.93.14,v53098780
2001,0.00,"Nunavut",42.93.14,v53098780
2002,0.00,"Nunavut",42.93.14,v53098780
2003,0.00,"Nunavut",42.93.14,v53098780
2004,0.00,"Nunavut",42.93.14,v53098780
2005,0.00,"Nunavut",42.93.14,v53098780
2006,0.00,"Nunavut",42.93.14,v53098780
2007,0.00,"Nunavut",42.93.14,v53098780
2008,0.00,"Nunavut",42.93.14,v53098780
2009,0.00,"Nunavut",42.93.14,v53098780
2010,0.00,"Nunavut",42.93.14,v53098780
2011,0.00,"Nunavut",42.93.14,v53098780
2012,0.00,"Nunavut",42.93.14,v53098780
2013,0.00,"Nunavut",42.93.14,v53098780
2014,0.00,"Nunavut",42.93.14,v53098780
2015,0.00,"Nunavut",42.93.14,v53098780
