1998,2.78,"Canada",1.92.10,v44337352
1999,0.35,"Canada",1.92.10,v44337352
2000,0.28,"Canada",1.92.10,v44337352
2001,0.26,"Canada",1.92.10,v44337352
2002,0.21,"Canada",1.92.10,v44337352
2003,0.21,"Canada",1.92.10,v44337352
2004,0.32,"Canada",1.92.10,v44337352
2005,0.24,"Canada",1.92.10,v44337352
2006,0.25,"Canada",1.92.10,v44337352
2007,0.20,"Canada",1.92.10,v44337352
2008,0.42,"Canada",1.92.10,v44337352
2009,0.25,"Canada",1.92.10,v44337352
2010,0.35,"Canada",1.92.10,v44337352
2011,0.35,"Canada",1.92.10,v44337352
2012,0.31,"Canada",1.92.10,v44337352
2013,0.29,"Canada",1.92.10,v44337352
2014,0.26,"Canada",1.92.10,v44337352
2015,0.28,"Canada",1.92.10,v44337352
1998,0.00,"Newfoundland and Labrador",2.92.10,v44386593
1999,0.00,"Newfoundland and Labrador",2.92.10,v44386593
2000,..,"Newfoundland and Labrador",2.92.10,v44386593
2001,0.24,"Newfoundland and Labrador",2.92.10,v44386593
2002,..,"Newfoundland and Labrador",2.92.10,v44386593
2003,..,"Newfoundland and Labrador",2.92.10,v44386593
2004,0.00,"Newfoundland and Labrador",2.92.10,v44386593
2005,0.24,"Newfoundland and Labrador",2.92.10,v44386593
2006,0.24,"Newfoundland and Labrador",2.92.10,v44386593
2007,0.24,"Newfoundland and Labrador",2.92.10,v44386593
2008,0.00,"Newfoundland and Labrador",2.92.10,v44386593
2009,0.00,"Newfoundland and Labrador",2.92.10,v44386593
2010,0.00,"Newfoundland and Labrador",2.92.10,v44386593
2011,0.23,"Newfoundland and Labrador",2.92.10,v44386593
2012,0.00,"Newfoundland and Labrador",2.92.10,v44386593
2013,0.00,"Newfoundland and Labrador",2.92.10,v44386593
2014,0.00,"Newfoundland and Labrador",2.92.10,v44386593
2015,0.00,"Newfoundland and Labrador",2.92.10,v44386593
1998,0.00,"St. John's, Newfoundland and Labrador",3.92.10,v44403924
1999,0.00,"St. John's, Newfoundland and Labrador",3.92.10,v44403924
2000,..,"St. John's, Newfoundland and Labrador",3.92.10,v44403924
2001,..,"St. John's, Newfoundland and Labrador",3.92.10,v44403924
2002,..,"St. John's, Newfoundland and Labrador",3.92.10,v44403924
2003,..,"St. John's, Newfoundland and Labrador",3.92.10,v44403924
2004,0.00,"St. John's, Newfoundland and Labrador",3.92.10,v44403924
2005,0.70,"St. John's, Newfoundland and Labrador",3.92.10,v44403924
2006,0.00,"St. John's, Newfoundland and Labrador",3.92.10,v44403924
2007,0.00,"St. John's, Newfoundland and Labrador",3.92.10,v44403924
2008,0.00,"St. John's, Newfoundland and Labrador",3.92.10,v44403924
2009,0.00,"St. John's, Newfoundland and Labrador",3.92.10,v44403924
2010,0.00,"St. John's, Newfoundland and Labrador",3.92.10,v44403924
2011,0.00,"St. John's, Newfoundland and Labrador",3.92.10,v44403924
2012,0.00,"St. John's, Newfoundland and Labrador",3.92.10,v44403924
2013,0.00,"St. John's, Newfoundland and Labrador",3.92.10,v44403924
2014,0.00,"St. John's, Newfoundland and Labrador",3.92.10,v44403924
2015,0.00,"St. John's, Newfoundland and Labrador",3.92.10,v44403924
1998,0.00,"Prince Edward Island",4.92.10,v44357105
1999,0.00,"Prince Edward Island",4.92.10,v44357105
2000,0.00,"Prince Edward Island",4.92.10,v44357105
2001,..,"Prince Edward Island",4.92.10,v44357105
2002,..,"Prince Edward Island",4.92.10,v44357105
2003,..,"Prince Edward Island",4.92.10,v44357105
2004,0.00,"Prince Edward Island",4.92.10,v44357105
2005,0.00,"Prince Edward Island",4.92.10,v44357105
2006,0.00,"Prince Edward Island",4.92.10,v44357105
2007,0.00,"Prince Edward Island",4.92.10,v44357105
2008,0.00,"Prince Edward Island",4.92.10,v44357105
2009,0.00,"Prince Edward Island",4.92.10,v44357105
2010,0.00,"Prince Edward Island",4.92.10,v44357105
2011,0.87,"Prince Edward Island",4.92.10,v44357105
2012,0.00,"Prince Edward Island",4.92.10,v44357105
2013,0.00,"Prince Edward Island",4.92.10,v44357105
2014,0.00,"Prince Edward Island",4.92.10,v44357105
2015,0.00,"Prince Edward Island",4.92.10,v44357105
1998,1.25,"Nova Scotia",5.92.10,v44404699
1999,0.55,"Nova Scotia",5.92.10,v44404699
2000,0.00,"Nova Scotia",5.92.10,v44404699
2001,0.41,"Nova Scotia",5.92.10,v44404699
2002,0.14,"Nova Scotia",5.92.10,v44404699
2003,0.27,"Nova Scotia",5.92.10,v44404699
2004,0.13,"Nova Scotia",5.92.10,v44404699
2005,0.00,"Nova Scotia",5.92.10,v44404699
2006,0.13,"Nova Scotia",5.92.10,v44404699
2007,0.00,"Nova Scotia",5.92.10,v44404699
2008,0.26,"Nova Scotia",5.92.10,v44404699
2009,0.13,"Nova Scotia",5.92.10,v44404699
2010,0.26,"Nova Scotia",5.92.10,v44404699
2011,0.00,"Nova Scotia",5.92.10,v44404699
2012,0.39,"Nova Scotia",5.92.10,v44404699
2013,0.00,"Nova Scotia",5.92.10,v44404699
2014,0.13,"Nova Scotia",5.92.10,v44404699
2015,0.38,"Nova Scotia",5.92.10,v44404699
1998,0.00,"Halifax, Nova Scotia",6.92.10,v44388454
1999,0.00,"Halifax, Nova Scotia",6.92.10,v44388454
2000,..,"Halifax, Nova Scotia",6.92.10,v44388454
2001,..,"Halifax, Nova Scotia",6.92.10,v44388454
2002,..,"Halifax, Nova Scotia",6.92.10,v44388454
2003,..,"Halifax, Nova Scotia",6.92.10,v44388454
2004,0.33,"Halifax, Nova Scotia",6.92.10,v44388454
2005,0.00,"Halifax, Nova Scotia",6.92.10,v44388454
2006,0.00,"Halifax, Nova Scotia",6.92.10,v44388454
2007,0.00,"Halifax, Nova Scotia",6.92.10,v44388454
2008,0.00,"Halifax, Nova Scotia",6.92.10,v44388454
2009,0.00,"Halifax, Nova Scotia",6.92.10,v44388454
2010,0.00,"Halifax, Nova Scotia",6.92.10,v44388454
2011,0.00,"Halifax, Nova Scotia",6.92.10,v44388454
2012,0.60,"Halifax, Nova Scotia",6.92.10,v44388454
2013,0.00,"Halifax, Nova Scotia",6.92.10,v44388454
2014,0.29,"Halifax, Nova Scotia",6.92.10,v44388454
2015,0.00,"Halifax, Nova Scotia",6.92.10,v44388454
1998,2.07,"New Brunswick",7.92.10,v44387558
1999,0.86,"New Brunswick",7.92.10,v44387558
2000,0.51,"New Brunswick",7.92.10,v44387558
2001,0.68,"New Brunswick",7.92.10,v44387558
2002,0.17,"New Brunswick",7.92.10,v44387558
2003,0.00,"New Brunswick",7.92.10,v44387558
2004,0.00,"New Brunswick",7.92.10,v44387558
2005,0.17,"New Brunswick",7.92.10,v44387558
2006,0.17,"New Brunswick",7.92.10,v44387558
2007,0.00,"New Brunswick",7.92.10,v44387558
2008,0.33,"New Brunswick",7.92.10,v44387558
2009,0.00,"New Brunswick",7.92.10,v44387558
2010,0.00,"New Brunswick",7.92.10,v44387558
2011,0.32,"New Brunswick",7.92.10,v44387558
2012,0.00,"New Brunswick",7.92.10,v44387558
2013,0.16,"New Brunswick",7.92.10,v44387558
2014,0.48,"New Brunswick",7.92.10,v44387558
2015,0.48,"New Brunswick",7.92.10,v44387558
2006,0.00,"Moncton, New Brunswick",43.92.10,v52121237
2007,0.00,"Moncton, New Brunswick",43.92.10,v52121237
2008,1.86,"Moncton, New Brunswick",43.92.10,v52121237
2009,0.00,"Moncton, New Brunswick",43.92.10,v52121237
2010,0.00,"Moncton, New Brunswick",43.92.10,v52121237
2011,0.00,"Moncton, New Brunswick",43.92.10,v52121237
2012,0.00,"Moncton, New Brunswick",43.92.10,v52121237
2013,0.00,"Moncton, New Brunswick",43.92.10,v52121237
2014,0.00,"Moncton, New Brunswick",43.92.10,v52121237
2015,2.35,"Moncton, New Brunswick",43.92.10,v52121237
1998,0.00,"Saint John, New Brunswick",8.92.10,v44349097
1999,..,"Saint John, New Brunswick",8.92.10,v44349097
2000,0.00,"Saint John, New Brunswick",8.92.10,v44349097
2001,0.00,"Saint John, New Brunswick",8.92.10,v44349097
2002,..,"Saint John, New Brunswick",8.92.10,v44349097
2003,0.00,"Saint John, New Brunswick",8.92.10,v44349097
2004,0.00,"Saint John, New Brunswick",8.92.10,v44349097
2005,0.89,"Saint John, New Brunswick",8.92.10,v44349097
2006,0.89,"Saint John, New Brunswick",8.92.10,v44349097
2007,0.00,"Saint John, New Brunswick",8.92.10,v44349097
2008,0.00,"Saint John, New Brunswick",8.92.10,v44349097
2009,0.00,"Saint John, New Brunswick",8.92.10,v44349097
2010,0.00,"Saint John, New Brunswick",8.92.10,v44349097
2011,0.85,"Saint John, New Brunswick",8.92.10,v44349097
2012,0.00,"Saint John, New Brunswick",8.92.10,v44349097
2013,0.00,"Saint John, New Brunswick",8.92.10,v44349097
2014,0.00,"Saint John, New Brunswick",8.92.10,v44349097
2015,0.00,"Saint John, New Brunswick",8.92.10,v44349097
1998,1.26,"Quebec",9.92.10,v44410481
1999,0.12,"Quebec",9.92.10,v44410481
2000,0.10,"Quebec",9.92.10,v44410481
2001,0.00,"Quebec",9.92.10,v44410481
2002,0.19,"Quebec",9.92.10,v44410481
2003,0.15,"Quebec",9.92.10,v44410481
2004,0.18,"Quebec",9.92.10,v44410481
2005,0.15,"Quebec",9.92.10,v44410481
2006,0.08,"Quebec",9.92.10,v44410481
2007,0.08,"Quebec",9.92.10,v44410481
2008,0.22,"Quebec",9.92.10,v44410481
2009,0.11,"Quebec",9.92.10,v44410481
2010,0.30,"Quebec",9.92.10,v44410481
2011,0.37,"Quebec",9.92.10,v44410481
2012,0.37,"Quebec",9.92.10,v44410481
2013,0.35,"Quebec",9.92.10,v44410481
2014,0.24,"Quebec",9.92.10,v44410481
2015,0.27,"Quebec",9.92.10,v44410481
1998,0.00,"Saguenay, Quebec",10.92.10,v44366760
1999,0.00,"Saguenay, Quebec",10.92.10,v44366760
2000,..,"Saguenay, Quebec",10.92.10,v44366760
2001,0.00,"Saguenay, Quebec",10.92.10,v44366760
2002,..,"Saguenay, Quebec",10.92.10,v44366760
2003,..,"Saguenay, Quebec",10.92.10,v44366760
2004,0.00,"Saguenay, Quebec",10.92.10,v44366760
2005,0.00,"Saguenay, Quebec",10.92.10,v44366760
2006,0.00,"Saguenay, Quebec",10.92.10,v44366760
2007,0.84,"Saguenay, Quebec",10.92.10,v44366760
2008,0.00,"Saguenay, Quebec",10.92.10,v44366760
2009,0.00,"Saguenay, Quebec",10.92.10,v44366760
2010,0.00,"Saguenay, Quebec",10.92.10,v44366760
2011,0.00,"Saguenay, Quebec",10.92.10,v44366760
2012,0.00,"Saguenay, Quebec",10.92.10,v44366760
2013,0.00,"Saguenay, Quebec",10.92.10,v44366760
2014,1.43,"Saguenay, Quebec",10.92.10,v44366760
2015,0.00,"Saguenay, Quebec",10.92.10,v44366760
1998,0.00,"Sherbrooke, Quebec",12.92.10,v44370558
1999,..,"Sherbrooke, Quebec",12.92.10,v44370558
2000,..,"Sherbrooke, Quebec",12.92.10,v44370558
2001,..,"Sherbrooke, Quebec",12.92.10,v44370558
2002,0.00,"Sherbrooke, Quebec",12.92.10,v44370558
2003,0.00,"Sherbrooke, Quebec",12.92.10,v44370558
2004,0.00,"Sherbrooke, Quebec",12.92.10,v44370558
2005,0.00,"Sherbrooke, Quebec",12.92.10,v44370558
2006,0.00,"Sherbrooke, Quebec",12.92.10,v44370558
2007,0.00,"Sherbrooke, Quebec",12.92.10,v44370558
2008,0.00,"Sherbrooke, Quebec",12.92.10,v44370558
2009,0.00,"Sherbrooke, Quebec",12.92.10,v44370558
2010,0.00,"Sherbrooke, Quebec",12.92.10,v44370558
2011,0.00,"Sherbrooke, Quebec",12.92.10,v44370558
2012,0.00,"Sherbrooke, Quebec",12.92.10,v44370558
2013,0.00,"Sherbrooke, Quebec",12.92.10,v44370558
2014,0.00,"Sherbrooke, Quebec",12.92.10,v44370558
2015,0.00,"Sherbrooke, Quebec",12.92.10,v44370558
1998,0.00,"Ottawa-Gatineau, Quebec part",15.92.10,v44335708
1999,0.00,"Ottawa-Gatineau, Quebec part",15.92.10,v44335708
2000,..,"Ottawa-Gatineau, Quebec part",15.92.10,v44335708
2001,0.00,"Ottawa-Gatineau, Quebec part",15.92.10,v44335708
2002,..,"Ottawa-Gatineau, Quebec part",15.92.10,v44335708
2003,0.00,"Ottawa-Gatineau, Quebec part",15.92.10,v44335708
2004,0.00,"Ottawa-Gatineau, Quebec part",15.92.10,v44335708
2005,0.00,"Ottawa-Gatineau, Quebec part",15.92.10,v44335708
2006,0.00,"Ottawa-Gatineau, Quebec part",15.92.10,v44335708
2007,0.00,"Ottawa-Gatineau, Quebec part",15.92.10,v44335708
2008,0.00,"Ottawa-Gatineau, Quebec part",15.92.10,v44335708
2009,0.00,"Ottawa-Gatineau, Quebec part",15.92.10,v44335708
2010,0.00,"Ottawa-Gatineau, Quebec part",15.92.10,v44335708
2011,0.00,"Ottawa-Gatineau, Quebec part",15.92.10,v44335708
2012,0.00,"Ottawa-Gatineau, Quebec part",15.92.10,v44335708
2013,1.17,"Ottawa-Gatineau, Quebec part",15.92.10,v44335708
2014,0.00,"Ottawa-Gatineau, Quebec part",15.92.10,v44335708
2015,0.00,"Ottawa-Gatineau, Quebec part",15.92.10,v44335708
1998,4.06,"Ontario",16.92.10,v44355553
1999,0.25,"Ontario",16.92.10,v44355553
2000,0.49,"Ontario",16.92.10,v44355553
2001,0.34,"Ontario",16.92.10,v44355553
2002,0.31,"Ontario",16.92.10,v44355553
2003,0.20,"Ontario",16.92.10,v44355553
2004,0.43,"Ontario",16.92.10,v44355553
2005,0.33,"Ontario",16.92.10,v44355553
2006,0.31,"Ontario",16.92.10,v44355553
2007,0.32,"Ontario",16.92.10,v44355553
2008,0.52,"Ontario",16.92.10,v44355553
2009,0.32,"Ontario",16.92.10,v44355553
2010,0.41,"Ontario",16.92.10,v44355553
2011,0.45,"Ontario",16.92.10,v44355553
2012,0.32,"Ontario",16.92.10,v44355553
2013,0.23,"Ontario",16.92.10,v44355553
2014,0.22,"Ontario",16.92.10,v44355553
2015,0.17,"Ontario",16.92.10,v44355553
1998,0.00,"Ottawa-Gatineau, Ontario/Quebec",17.92.10,v52148491
1999,0.00,"Ottawa-Gatineau, Ontario/Quebec",17.92.10,v52148491
2000,0.00,"Ottawa-Gatineau, Ontario/Quebec",17.92.10,v52148491
2001,0.00,"Ottawa-Gatineau, Ontario/Quebec",17.92.10,v52148491
2002,0.00,"Ottawa-Gatineau, Ontario/Quebec",17.92.10,v52148491
2003,0.00,"Ottawa-Gatineau, Ontario/Quebec",17.92.10,v52148491
2004,0.00,"Ottawa-Gatineau, Ontario/Quebec",17.92.10,v52148491
2005,0.00,"Ottawa-Gatineau, Ontario/Quebec",17.92.10,v52148491
2006,0.11,"Ottawa-Gatineau, Ontario/Quebec",17.92.10,v52148491
2007,0.32,"Ottawa-Gatineau, Ontario/Quebec",17.92.10,v52148491
2008,0.10,"Ottawa-Gatineau, Ontario/Quebec",17.92.10,v52148491
2009,0.21,"Ottawa-Gatineau, Ontario/Quebec",17.92.10,v52148491
2010,0.40,"Ottawa-Gatineau, Ontario/Quebec",17.92.10,v52148491
2011,0.40,"Ottawa-Gatineau, Ontario/Quebec",17.92.10,v52148491
2012,0.29,"Ottawa-Gatineau, Ontario/Quebec",17.92.10,v52148491
2013,0.38,"Ottawa-Gatineau, Ontario/Quebec",17.92.10,v52148491
2014,0.09,"Ottawa-Gatineau, Ontario/Quebec",17.92.10,v52148491
2015,0.09,"Ottawa-Gatineau, Ontario/Quebec",17.92.10,v52148491
1998,0.00,"Ottawa-Gatineau, Ontario part",18.92.10,v44385144
1999,0.00,"Ottawa-Gatineau, Ontario part",18.92.10,v44385144
2000,0.00,"Ottawa-Gatineau, Ontario part",18.92.10,v44385144
2001,0.00,"Ottawa-Gatineau, Ontario part",18.92.10,v44385144
2002,0.00,"Ottawa-Gatineau, Ontario part",18.92.10,v44385144
2003,0.00,"Ottawa-Gatineau, Ontario part",18.92.10,v44385144
2004,0.00,"Ottawa-Gatineau, Ontario part",18.92.10,v44385144
2005,0.00,"Ottawa-Gatineau, Ontario part",18.92.10,v44385144
2006,0.14,"Ottawa-Gatineau, Ontario part",18.92.10,v44385144
2007,0.42,"Ottawa-Gatineau, Ontario part",18.92.10,v44385144
2008,0.14,"Ottawa-Gatineau, Ontario part",18.92.10,v44385144
2009,0.27,"Ottawa-Gatineau, Ontario part",18.92.10,v44385144
2010,0.54,"Ottawa-Gatineau, Ontario part",18.92.10,v44385144
2011,0.53,"Ottawa-Gatineau, Ontario part",18.92.10,v44385144
2012,0.39,"Ottawa-Gatineau, Ontario part",18.92.10,v44385144
2013,0.13,"Ottawa-Gatineau, Ontario part",18.92.10,v44385144
2014,0.13,"Ottawa-Gatineau, Ontario part",18.92.10,v44385144
2015,0.12,"Ottawa-Gatineau, Ontario part",18.92.10,v44385144
2000,..,"Kingston, Ontario",27.92.10,v44355034
2001,0.00,"Kingston, Ontario",27.92.10,v44355034
2002,0.00,"Kingston, Ontario",27.92.10,v44355034
2003,..,"Kingston, Ontario",27.92.10,v44355034
2004,0.00,"Kingston, Ontario",27.92.10,v44355034
2005,0.00,"Kingston, Ontario",27.92.10,v44355034
2006,0.00,"Kingston, Ontario",27.92.10,v44355034
2007,0.00,"Kingston, Ontario",27.92.10,v44355034
2008,0.00,"Kingston, Ontario",27.92.10,v44355034
2009,0.00,"Kingston, Ontario",27.92.10,v44355034
2010,0.00,"Kingston, Ontario",27.92.10,v44355034
2011,0.00,"Kingston, Ontario",27.92.10,v44355034
2012,0.00,"Kingston, Ontario",27.92.10,v44355034
2013,0.00,"Kingston, Ontario",27.92.10,v44355034
2014,0.00,"Kingston, Ontario",27.92.10,v44355034
2015,0.00,"Kingston, Ontario",27.92.10,v44355034
2005,..,"Peterborough, Ontario",44.92.10,v52122657
2006,1.04,"Peterborough, Ontario",44.92.10,v52122657
2007,1.04,"Peterborough, Ontario",44.92.10,v52122657
2008,4.11,"Peterborough, Ontario",44.92.10,v52122657
2009,0.00,"Peterborough, Ontario",44.92.10,v52122657
2010,0.00,"Peterborough, Ontario",44.92.10,v52122657
2011,0.00,"Peterborough, Ontario",44.92.10,v52122657
2012,0.00,"Peterborough, Ontario",44.92.10,v52122657
2013,1.98,"Peterborough, Ontario",44.92.10,v52122657
2014,0.00,"Peterborough, Ontario",44.92.10,v52122657
2015,0.00,"Peterborough, Ontario",44.92.10,v52122657
1998,0.00,"Toronto, Ontario",19.92.10,v44363052
1999,0.00,"Toronto, Ontario",19.92.10,v44363052
2000,0.00,"Toronto, Ontario",19.92.10,v44363052
2001,0.00,"Toronto, Ontario",19.92.10,v44363052
2002,0.00,"Toronto, Ontario",19.92.10,v44363052
2003,0.00,"Toronto, Ontario",19.92.10,v44363052
2004,0.53,"Toronto, Ontario",19.92.10,v44363052
2005,0.22,"Toronto, Ontario",19.92.10,v44363052
2006,0.34,"Toronto, Ontario",19.92.10,v44363052
2007,0.14,"Toronto, Ontario",19.92.10,v44363052
2008,0.23,"Toronto, Ontario",19.92.10,v44363052
2009,0.30,"Toronto, Ontario",19.92.10,v44363052
2010,0.16,"Toronto, Ontario",19.92.10,v44363052
2011,0.22,"Toronto, Ontario",19.92.10,v44363052
2012,0.17,"Toronto, Ontario",19.92.10,v44363052
2013,0.23,"Toronto, Ontario",19.92.10,v44363052
2014,0.23,"Toronto, Ontario",19.92.10,v44363052
2015,0.18,"Toronto, Ontario",19.92.10,v44363052
1998,0.00,"Hamilton, Ontario",20.92.10,v44358362
1999,0.00,"Hamilton, Ontario",20.92.10,v44358362
2000,0.00,"Hamilton, Ontario",20.92.10,v44358362
2001,..,"Hamilton, Ontario",20.92.10,v44358362
2002,..,"Hamilton, Ontario",20.92.10,v44358362
2003,0.00,"Hamilton, Ontario",20.92.10,v44358362
2004,0.19,"Hamilton, Ontario",20.92.10,v44358362
2005,0.00,"Hamilton, Ontario",20.92.10,v44358362
2006,0.00,"Hamilton, Ontario",20.92.10,v44358362
2007,0.00,"Hamilton, Ontario",20.92.10,v44358362
2008,0.91,"Hamilton, Ontario",20.92.10,v44358362
2009,0.18,"Hamilton, Ontario",20.92.10,v44358362
2010,0.00,"Hamilton, Ontario",20.92.10,v44358362
2011,0.00,"Hamilton, Ontario",20.92.10,v44358362
2012,0.00,"Hamilton, Ontario",20.92.10,v44358362
2013,0.17,"Hamilton, Ontario",20.92.10,v44358362
2014,0.00,"Hamilton, Ontario",20.92.10,v44358362
2015,0.33,"Hamilton, Ontario",20.92.10,v44358362
1998,0.00,"St.Catharines-Niagara, Ontario",21.92.10,v44399643
1999,0.00,"St.Catharines-Niagara, Ontario",21.92.10,v44399643
2000,0.00,"St.Catharines-Niagara, Ontario",21.92.10,v44399643
2001,..,"St.Catharines-Niagara, Ontario",21.92.10,v44399643
2002,0.00,"St.Catharines-Niagara, Ontario",21.92.10,v44399643
2003,..,"St.Catharines-Niagara, Ontario",21.92.10,v44399643
2004,0.29,"St.Catharines-Niagara, Ontario",21.92.10,v44399643
2005,0.86,"St.Catharines-Niagara, Ontario",21.92.10,v44399643
2006,0.57,"St.Catharines-Niagara, Ontario",21.92.10,v44399643
2007,0.57,"St.Catharines-Niagara, Ontario",21.92.10,v44399643
2008,0.00,"St.Catharines-Niagara, Ontario",21.92.10,v44399643
2009,0.28,"St.Catharines-Niagara, Ontario",21.92.10,v44399643
2010,0.00,"St.Catharines-Niagara, Ontario",21.92.10,v44399643
2011,0.28,"St.Catharines-Niagara, Ontario",21.92.10,v44399643
2012,0.55,"St.Catharines-Niagara, Ontario",21.92.10,v44399643
2013,0.00,"St.Catharines-Niagara, Ontario",21.92.10,v44399643
2014,0.00,"St.Catharines-Niagara, Ontario",21.92.10,v44399643
2015,0.00,"St.Catharines-Niagara, Ontario",21.92.10,v44399643
1998,0.00,"Kitchener-Cambridge-Waterloo, Ontario",22.92.10,v44344105
1999,..,"Kitchener-Cambridge-Waterloo, Ontario",22.92.10,v44344105
2000,..,"Kitchener-Cambridge-Waterloo, Ontario",22.92.10,v44344105
2001,..,"Kitchener-Cambridge-Waterloo, Ontario",22.92.10,v44344105
2002,..,"Kitchener-Cambridge-Waterloo, Ontario",22.92.10,v44344105
2003,..,"Kitchener-Cambridge-Waterloo, Ontario",22.92.10,v44344105
2004,0.82,"Kitchener-Cambridge-Waterloo, Ontario",22.92.10,v44344105
2005,0.53,"Kitchener-Cambridge-Waterloo, Ontario",22.92.10,v44344105
2006,0.26,"Kitchener-Cambridge-Waterloo, Ontario",22.92.10,v44344105
2007,0.00,"Kitchener-Cambridge-Waterloo, Ontario",22.92.10,v44344105
2008,1.27,"Kitchener-Cambridge-Waterloo, Ontario",22.92.10,v44344105
2009,0.00,"Kitchener-Cambridge-Waterloo, Ontario",22.92.10,v44344105
2010,0.25,"Kitchener-Cambridge-Waterloo, Ontario",22.92.10,v44344105
2011,0.49,"Kitchener-Cambridge-Waterloo, Ontario",22.92.10,v44344105
2012,0.96,"Kitchener-Cambridge-Waterloo, Ontario",22.92.10,v44344105
2013,0.48,"Kitchener-Cambridge-Waterloo, Ontario",22.92.10,v44344105
2014,0.24,"Kitchener-Cambridge-Waterloo, Ontario",22.92.10,v44344105
2015,0.00,"Kitchener-Cambridge-Waterloo, Ontario",22.92.10,v44344105
2006,0.00,"Brantford, Ontario",45.92.10,v52119305
2007,0.00,"Brantford, Ontario",45.92.10,v52119305
2008,0.00,"Brantford, Ontario",45.92.10,v52119305
2009,5.58,"Brantford, Ontario",45.92.10,v52119305
2010,0.00,"Brantford, Ontario",45.92.10,v52119305
2011,1.83,"Brantford, Ontario",45.92.10,v52119305
2012,0.00,"Brantford, Ontario",45.92.10,v52119305
2013,0.00,"Brantford, Ontario",45.92.10,v52119305
2014,0.00,"Brantford, Ontario",45.92.10,v52119305
2015,0.00,"Brantford, Ontario",45.92.10,v52119305
2005,..,"Guelph, Ontario",46.92.10,v52119738
2006,2.13,"Guelph, Ontario",46.92.10,v52119738
2007,0.00,"Guelph, Ontario",46.92.10,v52119738
2008,0.00,"Guelph, Ontario",46.92.10,v52119738
2009,0.00,"Guelph, Ontario",46.92.10,v52119738
2010,1.02,"Guelph, Ontario",46.92.10,v52119738
2011,0.00,"Guelph, Ontario",46.92.10,v52119738
2012,0.00,"Guelph, Ontario",46.92.10,v52119738
2013,0.00,"Guelph, Ontario",46.92.10,v52119738
2014,0.00,"Guelph, Ontario",46.92.10,v52119738
2015,0.00,"Guelph, Ontario",46.92.10,v52119738
1998,0.00,"London, Ontario",23.92.10,v44418056
1999,0.00,"London, Ontario",23.92.10,v44418056
2000,0.00,"London, Ontario",23.92.10,v44418056
2001,0.00,"London, Ontario",23.92.10,v44418056
2002,0.00,"London, Ontario",23.92.10,v44418056
2003,..,"London, Ontario",23.92.10,v44418056
2004,0.00,"London, Ontario",23.92.10,v44418056
2005,0.27,"London, Ontario",23.92.10,v44418056
2006,0.00,"London, Ontario",23.92.10,v44418056
2007,0.00,"London, Ontario",23.92.10,v44418056
2008,0.00,"London, Ontario",23.92.10,v44418056
2009,0.00,"London, Ontario",23.92.10,v44418056
2010,0.00,"London, Ontario",23.92.10,v44418056
2011,0.00,"London, Ontario",23.92.10,v44418056
2012,0.00,"London, Ontario",23.92.10,v44418056
2013,0.00,"London, Ontario",23.92.10,v44418056
2014,0.00,"London, Ontario",23.92.10,v44418056
2015,0.00,"London, Ontario",23.92.10,v44418056
1998,0.00,"Windsor, Ontario",24.92.10,v44347950
1999,0.00,"Windsor, Ontario",24.92.10,v44347950
2000,0.00,"Windsor, Ontario",24.92.10,v44347950
2001,0.00,"Windsor, Ontario",24.92.10,v44347950
2002,0.00,"Windsor, Ontario",24.92.10,v44347950
2003,..,"Windsor, Ontario",24.92.10,v44347950
2004,0.78,"Windsor, Ontario",24.92.10,v44347950
2005,0.00,"Windsor, Ontario",24.92.10,v44347950
2006,0.00,"Windsor, Ontario",24.92.10,v44347950
2007,0.77,"Windsor, Ontario",24.92.10,v44347950
2008,2.33,"Windsor, Ontario",24.92.10,v44347950
2009,0.00,"Windsor, Ontario",24.92.10,v44347950
2010,1.17,"Windsor, Ontario",24.92.10,v44347950
2011,0.78,"Windsor, Ontario",24.92.10,v44347950
2012,0.00,"Windsor, Ontario",24.92.10,v44347950
2013,0.00,"Windsor, Ontario",24.92.10,v44347950
2014,0.00,"Windsor, Ontario",24.92.10,v44347950
2015,0.00,"Windsor, Ontario",24.92.10,v44347950
2006,0.00,"Barrie, Ontario",47.92.10,v52145149
2007,0.68,"Barrie, Ontario",47.92.10,v52145149
2008,1.35,"Barrie, Ontario",47.92.10,v52145149
2009,0.00,"Barrie, Ontario",47.92.10,v52145149
2010,5.87,"Barrie, Ontario",47.92.10,v52145149
2011,0.00,"Barrie, Ontario",47.92.10,v52145149
2012,0.00,"Barrie, Ontario",47.92.10,v52145149
2013,0.00,"Barrie, Ontario",47.92.10,v52145149
2014,0.00,"Barrie, Ontario",47.92.10,v52145149
2015,0.00,"Barrie, Ontario",47.92.10,v52145149
1998,0.00,"Sudbury, Ontario",25.92.10,v44338214
1999,0.00,"Sudbury, Ontario",25.92.10,v44338214
2000,0.00,"Sudbury, Ontario",25.92.10,v44338214
2001,..,"Sudbury, Ontario",25.92.10,v44338214
2002,..,"Sudbury, Ontario",25.92.10,v44338214
2003,0.00,"Sudbury, Ontario",25.92.10,v44338214
2004,0.00,"Sudbury, Ontario",25.92.10,v44338214
2005,0.00,"Sudbury, Ontario",25.92.10,v44338214
2006,0.00,"Sudbury, Ontario",25.92.10,v44338214
2007,0.00,"Sudbury, Ontario",25.92.10,v44338214
2008,0.00,"Sudbury, Ontario",25.92.10,v44338214
2009,0.75,"Sudbury, Ontario",25.92.10,v44338214
2010,0.00,"Sudbury, Ontario",25.92.10,v44338214
2011,0.75,"Sudbury, Ontario",25.92.10,v44338214
2012,0.00,"Sudbury, Ontario",25.92.10,v44338214
2013,0.00,"Sudbury, Ontario",25.92.10,v44338214
2014,0.74,"Sudbury, Ontario",25.92.10,v44338214
2015,0.74,"Sudbury, Ontario",25.92.10,v44338214
1998,0.00,"Thunder Bay, Ontario",26.92.10,v44343900
1999,0.00,"Thunder Bay, Ontario",26.92.10,v44343900
2000,0.00,"Thunder Bay, Ontario",26.92.10,v44343900
2001,0.00,"Thunder Bay, Ontario",26.92.10,v44343900
2002,..,"Thunder Bay, Ontario",26.92.10,v44343900
2003,..,"Thunder Bay, Ontario",26.92.10,v44343900
2004,1.00,"Thunder Bay, Ontario",26.92.10,v44343900
2005,3.98,"Thunder Bay, Ontario",26.92.10,v44343900
2006,0.00,"Thunder Bay, Ontario",26.92.10,v44343900
2007,3.94,"Thunder Bay, Ontario",26.92.10,v44343900
2008,0.00,"Thunder Bay, Ontario",26.92.10,v44343900
2009,2.05,"Thunder Bay, Ontario",26.92.10,v44343900
2010,3.07,"Thunder Bay, Ontario",26.92.10,v44343900
2011,0.00,"Thunder Bay, Ontario",26.92.10,v44343900
2012,0.00,"Thunder Bay, Ontario",26.92.10,v44343900
2013,0.00,"Thunder Bay, Ontario",26.92.10,v44343900
2014,0.00,"Thunder Bay, Ontario",26.92.10,v44343900
2015,0.00,"Thunder Bay, Ontario",26.92.10,v44343900
1998,3.07,"Manitoba",28.92.10,v44363110
1999,2.23,"Manitoba",28.92.10,v44363110
2000,0.23,"Manitoba",28.92.10,v44363110
2001,0.00,"Manitoba",28.92.10,v44363110
2002,0.00,"Manitoba",28.92.10,v44363110
2003,0.11,"Manitoba",28.92.10,v44363110
2004,0.56,"Manitoba",28.92.10,v44363110
2005,0.45,"Manitoba",28.92.10,v44363110
2006,1.55,"Manitoba",28.92.10,v44363110
2007,0.33,"Manitoba",28.92.10,v44363110
2008,1.53,"Manitoba",28.92.10,v44363110
2009,1.19,"Manitoba",28.92.10,v44363110
2010,1.49,"Manitoba",28.92.10,v44363110
2011,0.74,"Manitoba",28.92.10,v44363110
2012,0.52,"Manitoba",28.92.10,v44363110
2013,0.61,"Manitoba",28.92.10,v44363110
2014,1.51,"Manitoba",28.92.10,v44363110
2015,0.50,"Manitoba",28.92.10,v44363110
1998,0.00,"Winnipeg, Manitoba",29.92.10,v44415144
1999,0.00,"Winnipeg, Manitoba",29.92.10,v44415144
2000,0.00,"Winnipeg, Manitoba",29.92.10,v44415144
2001,..,"Winnipeg, Manitoba",29.92.10,v44415144
2002,0.00,"Winnipeg, Manitoba",29.92.10,v44415144
2003,0.00,"Winnipeg, Manitoba",29.92.10,v44415144
2004,0.18,"Winnipeg, Manitoba",29.92.10,v44415144
2005,0.55,"Winnipeg, Manitoba",29.92.10,v44415144
2006,2.45,"Winnipeg, Manitoba",29.92.10,v44415144
2007,0.34,"Winnipeg, Manitoba",29.92.10,v44415144
2008,1.86,"Winnipeg, Manitoba",29.92.10,v44415144
2009,0.33,"Winnipeg, Manitoba",29.92.10,v44415144
2010,1.16,"Winnipeg, Manitoba",29.92.10,v44415144
2011,0.98,"Winnipeg, Manitoba",29.92.10,v44415144
2012,0.80,"Winnipeg, Manitoba",29.92.10,v44415144
2013,0.31,"Winnipeg, Manitoba",29.92.10,v44415144
2014,1.27,"Winnipeg, Manitoba",29.92.10,v44415144
2015,0.47,"Winnipeg, Manitoba",29.92.10,v44415144
1998,2.82,"Saskatchewan",30.92.10,v44378323
1999,0.81,"Saskatchewan",30.92.10,v44378323
2000,0.13,"Saskatchewan",30.92.10,v44378323
2001,0.67,"Saskatchewan",30.92.10,v44378323
2002,0.27,"Saskatchewan",30.92.10,v44378323
2003,0.94,"Saskatchewan",30.92.10,v44378323
2004,0.53,"Saskatchewan",30.92.10,v44378323
2005,0.40,"Saskatchewan",30.92.10,v44378323
2006,0.79,"Saskatchewan",30.92.10,v44378323
2007,0.39,"Saskatchewan",30.92.10,v44378323
2008,0.64,"Saskatchewan",30.92.10,v44378323
2009,0.00,"Saskatchewan",30.92.10,v44378323
2010,0.00,"Saskatchewan",30.92.10,v44378323
2011,0.36,"Saskatchewan",30.92.10,v44378323
2012,0.12,"Saskatchewan",30.92.10,v44378323
2013,0.70,"Saskatchewan",30.92.10,v44378323
2014,0.58,"Saskatchewan",30.92.10,v44378323
2015,1.60,"Saskatchewan",30.92.10,v44378323
1998,0.00,"Regina, Saskatchewan",31.92.10,v44410947
1999,0.00,"Regina, Saskatchewan",31.92.10,v44410947
2000,..,"Regina, Saskatchewan",31.92.10,v44410947
2001,..,"Regina, Saskatchewan",31.92.10,v44410947
2002,..,"Regina, Saskatchewan",31.92.10,v44410947
2003,..,"Regina, Saskatchewan",31.92.10,v44410947
2004,0.00,"Regina, Saskatchewan",31.92.10,v44410947
2005,0.64,"Regina, Saskatchewan",31.92.10,v44410947
2006,1.90,"Regina, Saskatchewan",31.92.10,v44410947
2007,0.00,"Regina, Saskatchewan",31.92.10,v44410947
2008,0.00,"Regina, Saskatchewan",31.92.10,v44410947
2009,0.00,"Regina, Saskatchewan",31.92.10,v44410947
2010,0.00,"Regina, Saskatchewan",31.92.10,v44410947
2011,0.57,"Regina, Saskatchewan",31.92.10,v44410947
2012,0.56,"Regina, Saskatchewan",31.92.10,v44410947
2013,0.54,"Regina, Saskatchewan",31.92.10,v44410947
2014,0.00,"Regina, Saskatchewan",31.92.10,v44410947
2015,2.09,"Regina, Saskatchewan",31.92.10,v44410947
1998,0.00,"Saskatoon, Saskatchewan",32.92.10,v44340450
1999,..,"Saskatoon, Saskatchewan",32.92.10,v44340450
2000,..,"Saskatoon, Saskatchewan",32.92.10,v44340450
2001,0.00,"Saskatoon, Saskatchewan",32.92.10,v44340450
2002,..,"Saskatoon, Saskatchewan",32.92.10,v44340450
2003,0.00,"Saskatoon, Saskatchewan",32.92.10,v44340450
2004,0.00,"Saskatoon, Saskatchewan",32.92.10,v44340450
2005,1.06,"Saskatoon, Saskatchewan",32.92.10,v44340450
2006,0.52,"Saskatoon, Saskatchewan",32.92.10,v44340450
2007,1.02,"Saskatoon, Saskatchewan",32.92.10,v44340450
2008,0.99,"Saskatoon, Saskatchewan",32.92.10,v44340450
2009,0.00,"Saskatoon, Saskatchewan",32.92.10,v44340450
2010,0.00,"Saskatoon, Saskatchewan",32.92.10,v44340450
2011,0.00,"Saskatoon, Saskatchewan",32.92.10,v44340450
2012,0.00,"Saskatoon, Saskatchewan",32.92.10,v44340450
2013,1.28,"Saskatoon, Saskatchewan",32.92.10,v44340450
2014,0.00,"Saskatoon, Saskatchewan",32.92.10,v44340450
2015,0.00,"Saskatoon, Saskatchewan",32.92.10,v44340450
1998,1.87,"Alberta",33.92.10,v44350305
1999,0.27,"Alberta",33.92.10,v44350305
2000,0.09,"Alberta",33.92.10,v44350305
2001,0.09,"Alberta",33.92.10,v44350305
2002,0.21,"Alberta",33.92.10,v44350305
2003,0.21,"Alberta",33.92.10,v44350305
2004,0.24,"Alberta",33.92.10,v44350305
2005,0.24,"Alberta",33.92.10,v44350305
2006,0.19,"Alberta",33.92.10,v44350305
2007,0.22,"Alberta",33.92.10,v44350305
2008,0.54,"Alberta",33.92.10,v44350305
2009,0.42,"Alberta",33.92.10,v44350305
2010,0.31,"Alberta",33.92.10,v44350305
2011,0.31,"Alberta",33.92.10,v44350305
2012,0.26,"Alberta",33.92.10,v44350305
2013,0.22,"Alberta",33.92.10,v44350305
2014,0.19,"Alberta",33.92.10,v44350305
2015,0.43,"Alberta",33.92.10,v44350305
1998,0.00,"Calgary, Alberta",34.92.10,v44399456
1999,0.00,"Calgary, Alberta",34.92.10,v44399456
2000,0.00,"Calgary, Alberta",34.92.10,v44399456
2001,0.00,"Calgary, Alberta",34.92.10,v44399456
2002,0.00,"Calgary, Alberta",34.92.10,v44399456
2003,0.00,"Calgary, Alberta",34.92.10,v44399456
2004,0.12,"Calgary, Alberta",34.92.10,v44399456
2005,0.00,"Calgary, Alberta",34.92.10,v44399456
2006,0.00,"Calgary, Alberta",34.92.10,v44399456
2007,0.55,"Calgary, Alberta",34.92.10,v44399456
2008,0.75,"Calgary, Alberta",34.92.10,v44399456
2009,0.52,"Calgary, Alberta",34.92.10,v44399456
2010,0.61,"Calgary, Alberta",34.92.10,v44399456
2011,0.50,"Calgary, Alberta",34.92.10,v44399456
2012,0.00,"Calgary, Alberta",34.92.10,v44399456
2013,0.00,"Calgary, Alberta",34.92.10,v44399456
2014,0.00,"Calgary, Alberta",34.92.10,v44399456
2015,0.18,"Calgary, Alberta",34.92.10,v44399456
1998,0.00,"Edmonton, Alberta",35.92.10,v44413646
1999,0.00,"Edmonton, Alberta",35.92.10,v44413646
2000,..,"Edmonton, Alberta",35.92.10,v44413646
2001,0.00,"Edmonton, Alberta",35.92.10,v44413646
2002,0.00,"Edmonton, Alberta",35.92.10,v44413646
2003,0.00,"Edmonton, Alberta",35.92.10,v44413646
2004,0.25,"Edmonton, Alberta",35.92.10,v44413646
2005,0.00,"Edmonton, Alberta",35.92.10,v44413646
2006,0.24,"Edmonton, Alberta",35.92.10,v44413646
2007,0.00,"Edmonton, Alberta",35.92.10,v44413646
2008,0.11,"Edmonton, Alberta",35.92.10,v44413646
2009,0.22,"Edmonton, Alberta",35.92.10,v44413646
2010,0.11,"Edmonton, Alberta",35.92.10,v44413646
2011,0.00,"Edmonton, Alberta",35.92.10,v44413646
2012,0.10,"Edmonton, Alberta",35.92.10,v44413646
2013,0.20,"Edmonton, Alberta",35.92.10,v44413646
2014,0.19,"Edmonton, Alberta",35.92.10,v44413646
2015,0.00,"Edmonton, Alberta",35.92.10,v44413646
1998,3.29,"British Columbia",36.92.10,v44417101
1999,0.39,"British Columbia",36.92.10,v44417101
2000,0.25,"British Columbia",36.92.10,v44417101
2001,0.50,"British Columbia",36.92.10,v44417101
2002,0.03,"British Columbia",36.92.10,v44417101
2003,0.22,"British Columbia",36.92.10,v44417101
2004,0.33,"British Columbia",36.92.10,v44417101
2005,0.12,"British Columbia",36.92.10,v44417101
2006,0.00,"British Columbia",36.92.10,v44417101
2007,0.06,"British Columbia",36.92.10,v44417101
2008,0.11,"British Columbia",36.92.10,v44417101
2009,0.06,"British Columbia",36.92.10,v44417101
2010,0.22,"British Columbia",36.92.10,v44417101
2011,0.05,"British Columbia",36.92.10,v44417101
2012,0.24,"British Columbia",36.92.10,v44417101
2013,0.27,"British Columbia",36.92.10,v44417101
2014,0.13,"British Columbia",36.92.10,v44417101
2015,0.10,"British Columbia",36.92.10,v44417101
2006,0.00,"Kelowna, British Columbia",48.92.10,v52144248
2007,0.00,"Kelowna, British Columbia",48.92.10,v52144248
2008,0.00,"Kelowna, British Columbia",48.92.10,v52144248
2009,0.00,"Kelowna, British Columbia",48.92.10,v52144248
2010,0.00,"Kelowna, British Columbia",48.92.10,v52144248
2011,0.00,"Kelowna, British Columbia",48.92.10,v52144248
2012,0.00,"Kelowna, British Columbia",48.92.10,v52144248
2013,0.00,"Kelowna, British Columbia",48.92.10,v52144248
2014,0.00,"Kelowna, British Columbia",48.92.10,v52144248
2015,0.00,"Kelowna, British Columbia",48.92.10,v52144248
2006,0.00,"Abbotsford-Mission, British Columbia",39.92.10,v44413355
2007,0.00,"Abbotsford-Mission, British Columbia",39.92.10,v44413355
2008,0.00,"Abbotsford-Mission, British Columbia",39.92.10,v44413355
2009,0.00,"Abbotsford-Mission, British Columbia",39.92.10,v44413355
2010,0.00,"Abbotsford-Mission, British Columbia",39.92.10,v44413355
2011,0.00,"Abbotsford-Mission, British Columbia",39.92.10,v44413355
2012,0.00,"Abbotsford-Mission, British Columbia",39.92.10,v44413355
2013,0.00,"Abbotsford-Mission, British Columbia",39.92.10,v44413355
2014,0.00,"Abbotsford-Mission, British Columbia",39.92.10,v44413355
2015,0.00,"Abbotsford-Mission, British Columbia",39.92.10,v44413355
1998,0.00,"Vancouver, British Columbia",37.92.10,v44401305
1999,0.00,"Vancouver, British Columbia",37.92.10,v44401305
2000,0.00,"Vancouver, British Columbia",37.92.10,v44401305
2001,0.00,"Vancouver, British Columbia",37.92.10,v44401305
2002,0.00,"Vancouver, British Columbia",37.92.10,v44401305
2003,0.00,"Vancouver, British Columbia",37.92.10,v44401305
2004,0.47,"Vancouver, British Columbia",37.92.10,v44401305
2005,0.00,"Vancouver, British Columbia",37.92.10,v44401305
2006,0.00,"Vancouver, British Columbia",37.92.10,v44401305
2007,0.06,"Vancouver, British Columbia",37.92.10,v44401305
2008,0.16,"Vancouver, British Columbia",37.92.10,v44401305
2009,0.11,"Vancouver, British Columbia",37.92.10,v44401305
2010,0.21,"Vancouver, British Columbia",37.92.10,v44401305
2011,0.05,"Vancouver, British Columbia",37.92.10,v44401305
2012,0.25,"Vancouver, British Columbia",37.92.10,v44401305
2013,0.40,"Vancouver, British Columbia",37.92.10,v44401305
2014,0.20,"Vancouver, British Columbia",37.92.10,v44401305
2015,0.05,"Vancouver, British Columbia",37.92.10,v44401305
1998,0.00,"Victoria, British Columbia",38.92.10,v44370527
1999,0.00,"Victoria, British Columbia",38.92.10,v44370527
2000,0.00,"Victoria, British Columbia",38.92.10,v44370527
2001,0.00,"Victoria, British Columbia",38.92.10,v44370527
2002,0.00,"Victoria, British Columbia",38.92.10,v44370527
2003,..,"Victoria, British Columbia",38.92.10,v44370527
2004,1.09,"Victoria, British Columbia",38.92.10,v44370527
2005,1.08,"Victoria, British Columbia",38.92.10,v44370527
2006,0.00,"Victoria, British Columbia",38.92.10,v44370527
2007,0.00,"Victoria, British Columbia",38.92.10,v44370527
2008,0.00,"Victoria, British Columbia",38.92.10,v44370527
2009,0.00,"Victoria, British Columbia",38.92.10,v44370527
2010,0.00,"Victoria, British Columbia",38.92.10,v44370527
2011,0.00,"Victoria, British Columbia",38.92.10,v44370527
2012,0.00,"Victoria, British Columbia",38.92.10,v44370527
2013,0.00,"Victoria, British Columbia",38.92.10,v44370527
2014,0.00,"Victoria, British Columbia",38.92.10,v44370527
2015,0.32,"Victoria, British Columbia",38.92.10,v44370527
1998,22.08,"Yukon",40.92.10,v44382511
1999,0.00,"Yukon",40.92.10,v44382511
2000,..,"Yukon",40.92.10,v44382511
2001,..,"Yukon",40.92.10,v44382511
2002,0.00,"Yukon",40.92.10,v44382511
2003,4.26,"Yukon",40.92.10,v44382511
2004,0.00,"Yukon",40.92.10,v44382511
2005,0.00,"Yukon",40.92.10,v44382511
2006,0.00,"Yukon",40.92.10,v44382511
2007,0.00,"Yukon",40.92.10,v44382511
2008,7.72,"Yukon",40.92.10,v44382511
2009,0.00,"Yukon",40.92.10,v44382511
2010,0.00,"Yukon",40.92.10,v44382511
2011,0.00,"Yukon",40.92.10,v44382511
2012,0.00,"Yukon",40.92.10,v44382511
2013,6.88,"Yukon",40.92.10,v44382511
2014,0.00,"Yukon",40.92.10,v44382511
2015,6.71,"Yukon",40.92.10,v44382511
1998,7.04,"Northwest Territories",41.92.10,v44403986
1999,..,"Northwest Territories",41.92.10,v44403986
2000,..,"Northwest Territories",41.92.10,v44403986
2001,0.00,"Northwest Territories",41.92.10,v44403986
2002,6.91,"Northwest Territories",41.92.10,v44403986
2003,0.00,"Northwest Territories",41.92.10,v44403986
2004,0.00,"Northwest Territories",41.92.10,v44403986
2005,0.00,"Northwest Territories",41.92.10,v44403986
2006,0.00,"Northwest Territories",41.92.10,v44403986
2007,0.00,"Northwest Territories",41.92.10,v44403986
2008,0.00,"Northwest Territories",41.92.10,v44403986
2009,0.00,"Northwest Territories",41.92.10,v44403986
2010,0.00,"Northwest Territories",41.92.10,v44403986
2011,0.00,"Northwest Territories",41.92.10,v44403986
2012,0.00,"Northwest Territories",41.92.10,v44403986
2013,3.05,"Northwest Territories",41.92.10,v44403986
2014,0.00,"Northwest Territories",41.92.10,v44403986
2015,0.00,"Northwest Territories",41.92.10,v44403986
2006,0.00,"Nunavut",42.92.10,v44402133
2007,0.00,"Nunavut",42.92.10,v44402133
2008,0.00,"Nunavut",42.92.10,v44402133
2009,0.00,"Nunavut",42.92.10,v44402133
2010,0.00,"Nunavut",42.92.10,v44402133
2011,4.68,"Nunavut",42.92.10,v44402133
2012,9.14,"Nunavut",42.92.10,v44402133
2013,0.00,"Nunavut",42.92.10,v44402133
2014,0.00,"Nunavut",42.92.10,v44402133
2015,0.00,"Nunavut",42.92.10,v44402133
