1998,142203.00,"Canada",1.24.4,v44348575
1999,141032.00,"Canada",1.24.4,v44348575
2000,144232.00,"Canada",1.24.4,v44348575
2001,143310.00,"Canada",1.24.4,v44348575
2002,139877.00,"Canada",1.24.4,v44348575
2003,137028.00,"Canada",1.24.4,v44348575
2004,132798.00,"Canada",1.24.4,v44348575
2005,136023.00,"Canada",1.24.4,v44348575
2006,142008.00,"Canada",1.24.4,v44348575
2007,141286.00,"Canada",1.24.4,v44348575
2008,141956.00,"Canada",1.24.4,v44348575
2009,142458.00,"Canada",1.24.4,v44348575
2010,139474.00,"Canada",1.24.4,v44348575
2011,136485.00,"Canada",1.24.4,v44348575
2012,133492.00,"Canada",1.24.4,v44348575
2013,124173.00,"Canada",1.24.4,v44348575
2014,120376.00,"Canada",1.24.4,v44348575
2015,120948.00,"Canada",1.24.4,v44348575
1998,2457.00,"Newfoundland and Labrador",2.24.4,v44370266
1999,2505.00,"Newfoundland and Labrador",2.24.4,v44370266
2000,2271.00,"Newfoundland and Labrador",2.24.4,v44370266
2001,2187.00,"Newfoundland and Labrador",2.24.4,v44370266
2002,2184.00,"Newfoundland and Labrador",2.24.4,v44370266
2003,2410.00,"Newfoundland and Labrador",2.24.4,v44370266
2004,2100.00,"Newfoundland and Labrador",2.24.4,v44370266
2005,1971.00,"Newfoundland and Labrador",2.24.4,v44370266
2006,2329.00,"Newfoundland and Labrador",2.24.4,v44370266
2007,2568.00,"Newfoundland and Labrador",2.24.4,v44370266
2008,2562.00,"Newfoundland and Labrador",2.24.4,v44370266
2009,2555.00,"Newfoundland and Labrador",2.24.4,v44370266
2010,2328.00,"Newfoundland and Labrador",2.24.4,v44370266
2011,2311.00,"Newfoundland and Labrador",2.24.4,v44370266
2012,2441.00,"Newfoundland and Labrador",2.24.4,v44370266
2013,2217.00,"Newfoundland and Labrador",2.24.4,v44370266
2014,2041.00,"Newfoundland and Labrador",2.24.4,v44370266
2015,1944.00,"Newfoundland and Labrador",2.24.4,v44370266
1998,636.00,"St. John's, Newfoundland and Labrador",3.24.4,v44348487
1999,581.00,"St. John's, Newfoundland and Labrador",3.24.4,v44348487
2000,569.00,"St. John's, Newfoundland and Labrador",3.24.4,v44348487
2001,537.00,"St. John's, Newfoundland and Labrador",3.24.4,v44348487
2002,508.00,"St. John's, Newfoundland and Labrador",3.24.4,v44348487
2003,459.00,"St. John's, Newfoundland and Labrador",3.24.4,v44348487
2004,382.00,"St. John's, Newfoundland and Labrador",3.24.4,v44348487
2005,423.00,"St. John's, Newfoundland and Labrador",3.24.4,v44348487
2006,404.00,"St. John's, Newfoundland and Labrador",3.24.4,v44348487
2007,514.00,"St. John's, Newfoundland and Labrador",3.24.4,v44348487
2008,612.00,"St. John's, Newfoundland and Labrador",3.24.4,v44348487
2009,596.00,"St. John's, Newfoundland and Labrador",3.24.4,v44348487
2010,533.00,"St. John's, Newfoundland and Labrador",3.24.4,v44348487
2011,601.00,"St. John's, Newfoundland and Labrador",3.24.4,v44348487
2012,918.00,"St. John's, Newfoundland and Labrador",3.24.4,v44348487
2013,864.00,"St. John's, Newfoundland and Labrador",3.24.4,v44348487
2014,761.00,"St. John's, Newfoundland and Labrador",3.24.4,v44348487
2015,699.00,"St. John's, Newfoundland and Labrador",3.24.4,v44348487
1998,526.00,"Prince Edward Island",4.24.4,v44405903
1999,378.00,"Prince Edward Island",4.24.4,v44405903
2000,384.00,"Prince Edward Island",4.24.4,v44405903
2001,433.00,"Prince Edward Island",4.24.4,v44405903
2002,485.00,"Prince Edward Island",4.24.4,v44405903
2003,534.00,"Prince Edward Island",4.24.4,v44405903
2004,490.00,"Prince Edward Island",4.24.4,v44405903
2005,537.00,"Prince Edward Island",4.24.4,v44405903
2006,655.00,"Prince Edward Island",4.24.4,v44405903
2007,602.00,"Prince Edward Island",4.24.4,v44405903
2008,564.00,"Prince Edward Island",4.24.4,v44405903
2009,582.00,"Prince Edward Island",4.24.4,v44405903
2010,527.00,"Prince Edward Island",4.24.4,v44405903
2011,509.00,"Prince Edward Island",4.24.4,v44405903
2012,621.00,"Prince Edward Island",4.24.4,v44405903
2013,464.00,"Prince Edward Island",4.24.4,v44405903
2014,372.00,"Prince Edward Island",4.24.4,v44405903
2015,335.00,"Prince Edward Island",4.24.4,v44405903
1998,4522.00,"Nova Scotia",5.24.4,v44410675
1999,4856.00,"Nova Scotia",5.24.4,v44410675
2000,4629.00,"Nova Scotia",5.24.4,v44410675
2001,4468.00,"Nova Scotia",5.24.4,v44410675
2002,4825.00,"Nova Scotia",5.24.4,v44410675
2003,5336.00,"Nova Scotia",5.24.4,v44410675
2004,5083.00,"Nova Scotia",5.24.4,v44410675
2005,5166.00,"Nova Scotia",5.24.4,v44410675
2006,5426.00,"Nova Scotia",5.24.4,v44410675
2007,5226.00,"Nova Scotia",5.24.4,v44410675
2008,5078.00,"Nova Scotia",5.24.4,v44410675
2009,4698.00,"Nova Scotia",5.24.4,v44410675
2010,4403.00,"Nova Scotia",5.24.4,v44410675
2011,4466.00,"Nova Scotia",5.24.4,v44410675
2012,4334.00,"Nova Scotia",5.24.4,v44410675
2013,3672.00,"Nova Scotia",5.24.4,v44410675
2014,3743.00,"Nova Scotia",5.24.4,v44410675
2015,3450.00,"Nova Scotia",5.24.4,v44410675
1998,1559.00,"Halifax, Nova Scotia",6.24.4,v44375955
1999,1562.00,"Halifax, Nova Scotia",6.24.4,v44375955
2000,1659.00,"Halifax, Nova Scotia",6.24.4,v44375955
2001,1815.00,"Halifax, Nova Scotia",6.24.4,v44375955
2002,1961.00,"Halifax, Nova Scotia",6.24.4,v44375955
2003,1934.00,"Halifax, Nova Scotia",6.24.4,v44375955
2004,1744.00,"Halifax, Nova Scotia",6.24.4,v44375955
2005,1650.00,"Halifax, Nova Scotia",6.24.4,v44375955
2006,1597.00,"Halifax, Nova Scotia",6.24.4,v44375955
2007,1534.00,"Halifax, Nova Scotia",6.24.4,v44375955
2008,1341.00,"Halifax, Nova Scotia",6.24.4,v44375955
2009,1233.00,"Halifax, Nova Scotia",6.24.4,v44375955
2010,1241.00,"Halifax, Nova Scotia",6.24.4,v44375955
2011,1383.00,"Halifax, Nova Scotia",6.24.4,v44375955
2012,1284.00,"Halifax, Nova Scotia",6.24.4,v44375955
2013,1196.00,"Halifax, Nova Scotia",6.24.4,v44375955
2014,1171.00,"Halifax, Nova Scotia",6.24.4,v44375955
2015,1092.00,"Halifax, Nova Scotia",6.24.4,v44375955
1998,3560.00,"New Brunswick",7.24.4,v44354192
1999,3521.00,"New Brunswick",7.24.4,v44354192
2000,2872.00,"New Brunswick",7.24.4,v44354192
2001,3025.00,"New Brunswick",7.24.4,v44354192
2002,2878.00,"New Brunswick",7.24.4,v44354192
2003,2831.00,"New Brunswick",7.24.4,v44354192
2004,3076.00,"New Brunswick",7.24.4,v44354192
2005,3091.00,"New Brunswick",7.24.4,v44354192
2006,3309.00,"New Brunswick",7.24.4,v44354192
2007,3530.00,"New Brunswick",7.24.4,v44354192
2008,3987.00,"New Brunswick",7.24.4,v44354192
2009,4140.00,"New Brunswick",7.24.4,v44354192
2010,4106.00,"New Brunswick",7.24.4,v44354192
2011,3603.00,"New Brunswick",7.24.4,v44354192
2012,3331.00,"New Brunswick",7.24.4,v44354192
2013,2745.00,"New Brunswick",7.24.4,v44354192
2014,2648.00,"New Brunswick",7.24.4,v44354192
2015,2418.00,"New Brunswick",7.24.4,v44354192
2005,..,"Moncton, New Brunswick",43.24.4,v52118582
2006,562.00,"Moncton, New Brunswick",43.24.4,v52118582
2007,643.00,"Moncton, New Brunswick",43.24.4,v52118582
2008,699.00,"Moncton, New Brunswick",43.24.4,v52118582
2009,679.00,"Moncton, New Brunswick",43.24.4,v52118582
2010,679.00,"Moncton, New Brunswick",43.24.4,v52118582
2011,790.00,"Moncton, New Brunswick",43.24.4,v52118582
2012,561.00,"Moncton, New Brunswick",43.24.4,v52118582
2013,416.00,"Moncton, New Brunswick",43.24.4,v52118582
2014,504.00,"Moncton, New Brunswick",43.24.4,v52118582
2015,415.00,"Moncton, New Brunswick",43.24.4,v52118582
1998,606.00,"Saint John, New Brunswick",8.24.4,v44325693
1999,521.00,"Saint John, New Brunswick",8.24.4,v44325693
2000,761.00,"Saint John, New Brunswick",8.24.4,v44325693
2001,772.00,"Saint John, New Brunswick",8.24.4,v44325693
2002,693.00,"Saint John, New Brunswick",8.24.4,v44325693
2003,622.00,"Saint John, New Brunswick",8.24.4,v44325693
2004,568.00,"Saint John, New Brunswick",8.24.4,v44325693
2005,522.00,"Saint John, New Brunswick",8.24.4,v44325693
2006,550.00,"Saint John, New Brunswick",8.24.4,v44325693
2007,801.00,"Saint John, New Brunswick",8.24.4,v44325693
2008,888.00,"Saint John, New Brunswick",8.24.4,v44325693
2009,908.00,"Saint John, New Brunswick",8.24.4,v44325693
2010,917.00,"Saint John, New Brunswick",8.24.4,v44325693
2011,834.00,"Saint John, New Brunswick",8.24.4,v44325693
2012,801.00,"Saint John, New Brunswick",8.24.4,v44325693
2013,710.00,"Saint John, New Brunswick",8.24.4,v44325693
2014,660.00,"Saint John, New Brunswick",8.24.4,v44325693
2015,666.00,"Saint John, New Brunswick",8.24.4,v44325693
1998,21617.00,"Quebec",9.24.4,v44359909
1999,21978.00,"Quebec",9.24.4,v44359909
2000,24312.00,"Quebec",9.24.4,v44359909
2001,24822.00,"Quebec",9.24.4,v44359909
2002,24266.00,"Quebec",9.24.4,v44359909
2003,25746.00,"Quebec",9.24.4,v44359909
2004,25009.00,"Quebec",9.24.4,v44359909
2005,25543.00,"Quebec",9.24.4,v44359909
2006,25396.00,"Quebec",9.24.4,v44359909
2007,24738.00,"Quebec",9.24.4,v44359909
2008,25634.00,"Quebec",9.24.4,v44359909
2009,26044.00,"Quebec",9.24.4,v44359909
2010,25863.00,"Quebec",9.24.4,v44359909
2011,25643.00,"Quebec",9.24.4,v44359909
2012,25301.00,"Quebec",9.24.4,v44359909
2013,24242.00,"Quebec",9.24.4,v44359909
2014,24569.00,"Quebec",9.24.4,v44359909
2015,24909.00,"Quebec",9.24.4,v44359909
1998,467.00,"Saguenay, Quebec",10.24.4,v44382455
1999,463.00,"Saguenay, Quebec",10.24.4,v44382455
2000,456.00,"Saguenay, Quebec",10.24.4,v44382455
2001,389.00,"Saguenay, Quebec",10.24.4,v44382455
2002,333.00,"Saguenay, Quebec",10.24.4,v44382455
2003,353.00,"Saguenay, Quebec",10.24.4,v44382455
2004,331.00,"Saguenay, Quebec",10.24.4,v44382455
2005,288.00,"Saguenay, Quebec",10.24.4,v44382455
2006,346.00,"Saguenay, Quebec",10.24.4,v44382455
2007,378.00,"Saguenay, Quebec",10.24.4,v44382455
2008,364.00,"Saguenay, Quebec",10.24.4,v44382455
2009,379.00,"Saguenay, Quebec",10.24.4,v44382455
2010,360.00,"Saguenay, Quebec",10.24.4,v44382455
2011,402.00,"Saguenay, Quebec",10.24.4,v44382455
2012,397.00,"Saguenay, Quebec",10.24.4,v44382455
2013,351.00,"Saguenay, Quebec",10.24.4,v44382455
2014,350.00,"Saguenay, Quebec",10.24.4,v44382455
2015,371.00,"Saguenay, Quebec",10.24.4,v44382455
1998,335.00,"Sherbrooke, Quebec",12.24.4,v44332781
1999,333.00,"Sherbrooke, Quebec",12.24.4,v44332781
2000,342.00,"Sherbrooke, Quebec",12.24.4,v44332781
2001,293.00,"Sherbrooke, Quebec",12.24.4,v44332781
2002,380.00,"Sherbrooke, Quebec",12.24.4,v44332781
2003,464.00,"Sherbrooke, Quebec",12.24.4,v44332781
2004,390.00,"Sherbrooke, Quebec",12.24.4,v44332781
2005,451.00,"Sherbrooke, Quebec",12.24.4,v44332781
2006,480.00,"Sherbrooke, Quebec",12.24.4,v44332781
2007,399.00,"Sherbrooke, Quebec",12.24.4,v44332781
2008,335.00,"Sherbrooke, Quebec",12.24.4,v44332781
2009,600.00,"Sherbrooke, Quebec",12.24.4,v44332781
2010,451.00,"Sherbrooke, Quebec",12.24.4,v44332781
2011,407.00,"Sherbrooke, Quebec",12.24.4,v44332781
2012,439.00,"Sherbrooke, Quebec",12.24.4,v44332781
2013,421.00,"Sherbrooke, Quebec",12.24.4,v44332781
2014,407.00,"Sherbrooke, Quebec",12.24.4,v44332781
2015,350.00,"Sherbrooke, Quebec",12.24.4,v44332781
1998,942.00,"Ottawa-Gatineau, Quebec part",15.24.4,v44368410
1999,880.00,"Ottawa-Gatineau, Quebec part",15.24.4,v44368410
2000,1065.00,"Ottawa-Gatineau, Quebec part",15.24.4,v44368410
2001,1342.00,"Ottawa-Gatineau, Quebec part",15.24.4,v44368410
2002,1433.00,"Ottawa-Gatineau, Quebec part",15.24.4,v44368410
2003,1228.00,"Ottawa-Gatineau, Quebec part",15.24.4,v44368410
2004,1459.00,"Ottawa-Gatineau, Quebec part",15.24.4,v44368410
2005,1362.00,"Ottawa-Gatineau, Quebec part",15.24.4,v44368410
2006,1373.00,"Ottawa-Gatineau, Quebec part",15.24.4,v44368410
2007,1248.00,"Ottawa-Gatineau, Quebec part",15.24.4,v44368410
2008,1359.00,"Ottawa-Gatineau, Quebec part",15.24.4,v44368410
2009,1383.00,"Ottawa-Gatineau, Quebec part",15.24.4,v44368410
2010,1286.00,"Ottawa-Gatineau, Quebec part",15.24.4,v44368410
2011,1460.00,"Ottawa-Gatineau, Quebec part",15.24.4,v44368410
2012,1452.00,"Ottawa-Gatineau, Quebec part",15.24.4,v44368410
2013,1286.00,"Ottawa-Gatineau, Quebec part",15.24.4,v44368410
2014,1329.00,"Ottawa-Gatineau, Quebec part",15.24.4,v44368410
2015,1323.00,"Ottawa-Gatineau, Quebec part",15.24.4,v44368410
1998,49625.00,"Ontario",16.24.4,v44390276
1999,47995.00,"Ontario",16.24.4,v44390276
2000,51874.00,"Ontario",16.24.4,v44390276
2001,52482.00,"Ontario",16.24.4,v44390276
2002,50548.00,"Ontario",16.24.4,v44390276
2003,45041.00,"Ontario",16.24.4,v44390276
2004,42731.00,"Ontario",16.24.4,v44390276
2005,43574.00,"Ontario",16.24.4,v44390276
2006,44496.00,"Ontario",16.24.4,v44390276
2007,43286.00,"Ontario",16.24.4,v44390276
2008,42566.00,"Ontario",16.24.4,v44390276
2009,41179.00,"Ontario",16.24.4,v44390276
2010,40803.00,"Ontario",16.24.4,v44390276
2011,40083.00,"Ontario",16.24.4,v44390276
2012,38430.00,"Ontario",16.24.4,v44390276
2013,36291.00,"Ontario",16.24.4,v44390276
2014,34490.00,"Ontario",16.24.4,v44390276
2015,34414.00,"Ontario",16.24.4,v44390276
1998,4263.00,"Ottawa-Gatineau, Ontario/Quebec",17.24.4,v52149278
1999,3412.00,"Ottawa-Gatineau, Ontario/Quebec",17.24.4,v52149278
2000,3339.00,"Ottawa-Gatineau, Ontario/Quebec",17.24.4,v52149278
2001,3976.00,"Ottawa-Gatineau, Ontario/Quebec",17.24.4,v52149278
2002,3937.00,"Ottawa-Gatineau, Ontario/Quebec",17.24.4,v52149278
2003,3776.00,"Ottawa-Gatineau, Ontario/Quebec",17.24.4,v52149278
2004,3995.00,"Ottawa-Gatineau, Ontario/Quebec",17.24.4,v52149278
2005,3400.00,"Ottawa-Gatineau, Ontario/Quebec",17.24.4,v52149278
2006,3421.00,"Ottawa-Gatineau, Ontario/Quebec",17.24.4,v52149278
2007,3264.00,"Ottawa-Gatineau, Ontario/Quebec",17.24.4,v52149278
2008,3315.00,"Ottawa-Gatineau, Ontario/Quebec",17.24.4,v52149278
2009,3309.00,"Ottawa-Gatineau, Ontario/Quebec",17.24.4,v52149278
2010,3061.00,"Ottawa-Gatineau, Ontario/Quebec",17.24.4,v52149278
2011,3149.00,"Ottawa-Gatineau, Ontario/Quebec",17.24.4,v52149278
2012,3183.00,"Ottawa-Gatineau, Ontario/Quebec",17.24.4,v52149278
2013,2827.00,"Ottawa-Gatineau, Ontario/Quebec",17.24.4,v52149278
2014,2727.00,"Ottawa-Gatineau, Ontario/Quebec",17.24.4,v52149278
2015,2733.00,"Ottawa-Gatineau, Ontario/Quebec",17.24.4,v52149278
1998,3321.00,"Ottawa-Gatineau, Ontario part",18.24.4,v44406188
1999,2532.00,"Ottawa-Gatineau, Ontario part",18.24.4,v44406188
2000,2274.00,"Ottawa-Gatineau, Ontario part",18.24.4,v44406188
2001,2634.00,"Ottawa-Gatineau, Ontario part",18.24.4,v44406188
2002,2504.00,"Ottawa-Gatineau, Ontario part",18.24.4,v44406188
2003,2548.00,"Ottawa-Gatineau, Ontario part",18.24.4,v44406188
2004,2536.00,"Ottawa-Gatineau, Ontario part",18.24.4,v44406188
2005,2038.00,"Ottawa-Gatineau, Ontario part",18.24.4,v44406188
2006,2048.00,"Ottawa-Gatineau, Ontario part",18.24.4,v44406188
2007,2016.00,"Ottawa-Gatineau, Ontario part",18.24.4,v44406188
2008,1956.00,"Ottawa-Gatineau, Ontario part",18.24.4,v44406188
2009,1926.00,"Ottawa-Gatineau, Ontario part",18.24.4,v44406188
2010,1775.00,"Ottawa-Gatineau, Ontario part",18.24.4,v44406188
2011,1689.00,"Ottawa-Gatineau, Ontario part",18.24.4,v44406188
2012,1731.00,"Ottawa-Gatineau, Ontario part",18.24.4,v44406188
2013,1541.00,"Ottawa-Gatineau, Ontario part",18.24.4,v44406188
2014,1398.00,"Ottawa-Gatineau, Ontario part",18.24.4,v44406188
2015,1410.00,"Ottawa-Gatineau, Ontario part",18.24.4,v44406188
2000,..,"Kingston, Ontario",27.24.4,v44414963
2001,561.00,"Kingston, Ontario",27.24.4,v44414963
2002,542.00,"Kingston, Ontario",27.24.4,v44414963
2003,568.00,"Kingston, Ontario",27.24.4,v44414963
2004,577.00,"Kingston, Ontario",27.24.4,v44414963
2005,545.00,"Kingston, Ontario",27.24.4,v44414963
2006,552.00,"Kingston, Ontario",27.24.4,v44414963
2007,522.00,"Kingston, Ontario",27.24.4,v44414963
2008,490.00,"Kingston, Ontario",27.24.4,v44414963
2009,553.00,"Kingston, Ontario",27.24.4,v44414963
2010,439.00,"Kingston, Ontario",27.24.4,v44414963
2011,473.00,"Kingston, Ontario",27.24.4,v44414963
2012,526.00,"Kingston, Ontario",27.24.4,v44414963
2013,553.00,"Kingston, Ontario",27.24.4,v44414963
2014,454.00,"Kingston, Ontario",27.24.4,v44414963
2015,448.00,"Kingston, Ontario",27.24.4,v44414963
2005,..,"Peterborough, Ontario",44.24.4,v52120055
2006,550.00,"Peterborough, Ontario",44.24.4,v52120055
2007,462.00,"Peterborough, Ontario",44.24.4,v52120055
2008,438.00,"Peterborough, Ontario",44.24.4,v52120055
2009,480.00,"Peterborough, Ontario",44.24.4,v52120055
2010,404.00,"Peterborough, Ontario",44.24.4,v52120055
2011,437.00,"Peterborough, Ontario",44.24.4,v52120055
2012,368.00,"Peterborough, Ontario",44.24.4,v52120055
2013,380.00,"Peterborough, Ontario",44.24.4,v52120055
2014,418.00,"Peterborough, Ontario",44.24.4,v52120055
2015,367.00,"Peterborough, Ontario",44.24.4,v52120055
1998,14318.00,"Toronto, Ontario",19.24.4,v44381967
1999,15341.00,"Toronto, Ontario",19.24.4,v44381967
2000,18483.00,"Toronto, Ontario",19.24.4,v44381967
2001,19818.00,"Toronto, Ontario",19.24.4,v44381967
2002,17923.00,"Toronto, Ontario",19.24.4,v44381967
2003,14928.00,"Toronto, Ontario",19.24.4,v44381967
2004,13212.00,"Toronto, Ontario",19.24.4,v44381967
2005,14992.00,"Toronto, Ontario",19.24.4,v44381967
2006,15405.00,"Toronto, Ontario",19.24.4,v44381967
2007,14709.00,"Toronto, Ontario",19.24.4,v44381967
2008,14274.00,"Toronto, Ontario",19.24.4,v44381967
2009,13316.00,"Toronto, Ontario",19.24.4,v44381967
2010,13570.00,"Toronto, Ontario",19.24.4,v44381967
2011,13390.00,"Toronto, Ontario",19.24.4,v44381967
2012,12529.00,"Toronto, Ontario",19.24.4,v44381967
2013,11991.00,"Toronto, Ontario",19.24.4,v44381967
2014,11430.00,"Toronto, Ontario",19.24.4,v44381967
2015,11681.00,"Toronto, Ontario",19.24.4,v44381967
1998,4016.00,"Hamilton, Ontario",20.24.4,v44392847
1999,3450.00,"Hamilton, Ontario",20.24.4,v44392847
2000,3561.00,"Hamilton, Ontario",20.24.4,v44392847
2001,3722.00,"Hamilton, Ontario",20.24.4,v44392847
2002,3299.00,"Hamilton, Ontario",20.24.4,v44392847
2003,3007.00,"Hamilton, Ontario",20.24.4,v44392847
2004,2377.00,"Hamilton, Ontario",20.24.4,v44392847
2005,2396.00,"Hamilton, Ontario",20.24.4,v44392847
2006,2278.00,"Hamilton, Ontario",20.24.4,v44392847
2007,2414.00,"Hamilton, Ontario",20.24.4,v44392847
2008,2476.00,"Hamilton, Ontario",20.24.4,v44392847
2009,2395.00,"Hamilton, Ontario",20.24.4,v44392847
2010,2230.00,"Hamilton, Ontario",20.24.4,v44392847
2011,2383.00,"Hamilton, Ontario",20.24.4,v44392847
2012,1903.00,"Hamilton, Ontario",20.24.4,v44392847
2013,1701.00,"Hamilton, Ontario",20.24.4,v44392847
2014,1876.00,"Hamilton, Ontario",20.24.4,v44392847
2015,1600.00,"Hamilton, Ontario",20.24.4,v44392847
1998,1337.00,"St.Catharines-Niagara, Ontario",21.24.4,v44353713
1999,1274.00,"St.Catharines-Niagara, Ontario",21.24.4,v44353713
2000,1361.00,"St.Catharines-Niagara, Ontario",21.24.4,v44353713
2001,1419.00,"St.Catharines-Niagara, Ontario",21.24.4,v44353713
2002,1534.00,"St.Catharines-Niagara, Ontario",21.24.4,v44353713
2003,1135.00,"St.Catharines-Niagara, Ontario",21.24.4,v44353713
2004,1039.00,"St.Catharines-Niagara, Ontario",21.24.4,v44353713
2005,966.00,"St.Catharines-Niagara, Ontario",21.24.4,v44353713
2006,1034.00,"St.Catharines-Niagara, Ontario",21.24.4,v44353713
2007,999.00,"St.Catharines-Niagara, Ontario",21.24.4,v44353713
2008,1100.00,"St.Catharines-Niagara, Ontario",21.24.4,v44353713
2009,1051.00,"St.Catharines-Niagara, Ontario",21.24.4,v44353713
2010,1056.00,"St.Catharines-Niagara, Ontario",21.24.4,v44353713
2011,1066.00,"St.Catharines-Niagara, Ontario",21.24.4,v44353713
2012,1047.00,"St.Catharines-Niagara, Ontario",21.24.4,v44353713
2013,1042.00,"St.Catharines-Niagara, Ontario",21.24.4,v44353713
2014,888.00,"St.Catharines-Niagara, Ontario",21.24.4,v44353713
2015,739.00,"St.Catharines-Niagara, Ontario",21.24.4,v44353713
1998,1904.00,"Kitchener-Cambridge-Waterloo, Ontario",22.24.4,v44386774
1999,1538.00,"Kitchener-Cambridge-Waterloo, Ontario",22.24.4,v44386774
2000,1520.00,"Kitchener-Cambridge-Waterloo, Ontario",22.24.4,v44386774
2001,1466.00,"Kitchener-Cambridge-Waterloo, Ontario",22.24.4,v44386774
2002,1264.00,"Kitchener-Cambridge-Waterloo, Ontario",22.24.4,v44386774
2003,1191.00,"Kitchener-Cambridge-Waterloo, Ontario",22.24.4,v44386774
2004,1283.00,"Kitchener-Cambridge-Waterloo, Ontario",22.24.4,v44386774
2005,1257.00,"Kitchener-Cambridge-Waterloo, Ontario",22.24.4,v44386774
2006,1429.00,"Kitchener-Cambridge-Waterloo, Ontario",22.24.4,v44386774
2007,1301.00,"Kitchener-Cambridge-Waterloo, Ontario",22.24.4,v44386774
2008,1309.00,"Kitchener-Cambridge-Waterloo, Ontario",22.24.4,v44386774
2009,1398.00,"Kitchener-Cambridge-Waterloo, Ontario",22.24.4,v44386774
2010,1391.00,"Kitchener-Cambridge-Waterloo, Ontario",22.24.4,v44386774
2011,1341.00,"Kitchener-Cambridge-Waterloo, Ontario",22.24.4,v44386774
2012,1199.00,"Kitchener-Cambridge-Waterloo, Ontario",22.24.4,v44386774
2013,1111.00,"Kitchener-Cambridge-Waterloo, Ontario",22.24.4,v44386774
2014,1090.00,"Kitchener-Cambridge-Waterloo, Ontario",22.24.4,v44386774
2015,1130.00,"Kitchener-Cambridge-Waterloo, Ontario",22.24.4,v44386774
2005,..,"Brantford, Ontario",45.24.4,v52125317
2006,786.00,"Brantford, Ontario",45.24.4,v52125317
2007,729.00,"Brantford, Ontario",45.24.4,v52125317
2008,760.00,"Brantford, Ontario",45.24.4,v52125317
2009,713.00,"Brantford, Ontario",45.24.4,v52125317
2010,746.00,"Brantford, Ontario",45.24.4,v52125317
2011,706.00,"Brantford, Ontario",45.24.4,v52125317
2012,629.00,"Brantford, Ontario",45.24.4,v52125317
2013,596.00,"Brantford, Ontario",45.24.4,v52125317
2014,622.00,"Brantford, Ontario",45.24.4,v52125317
2015,600.00,"Brantford, Ontario",45.24.4,v52125317
2005,..,"Guelph, Ontario",46.24.4,v52126399
2006,331.00,"Guelph, Ontario",46.24.4,v52126399
2007,400.00,"Guelph, Ontario",46.24.4,v52126399
2008,376.00,"Guelph, Ontario",46.24.4,v52126399
2009,371.00,"Guelph, Ontario",46.24.4,v52126399
2010,420.00,"Guelph, Ontario",46.24.4,v52126399
2011,344.00,"Guelph, Ontario",46.24.4,v52126399
2012,373.00,"Guelph, Ontario",46.24.4,v52126399
2013,283.00,"Guelph, Ontario",46.24.4,v52126399
2014,262.00,"Guelph, Ontario",46.24.4,v52126399
2015,272.00,"Guelph, Ontario",46.24.4,v52126399
1998,2228.00,"London, Ontario",23.24.4,v44350809
1999,2206.00,"London, Ontario",23.24.4,v44350809
2000,1975.00,"London, Ontario",23.24.4,v44350809
2001,1848.00,"London, Ontario",23.24.4,v44350809
2002,1715.00,"London, Ontario",23.24.4,v44350809
2003,1544.00,"London, Ontario",23.24.4,v44350809
2004,1583.00,"London, Ontario",23.24.4,v44350809
2005,1706.00,"London, Ontario",23.24.4,v44350809
2006,1738.00,"London, Ontario",23.24.4,v44350809
2007,1719.00,"London, Ontario",23.24.4,v44350809
2008,1768.00,"London, Ontario",23.24.4,v44350809
2009,1775.00,"London, Ontario",23.24.4,v44350809
2010,1733.00,"London, Ontario",23.24.4,v44350809
2011,1666.00,"London, Ontario",23.24.4,v44350809
2012,1580.00,"London, Ontario",23.24.4,v44350809
2013,1416.00,"London, Ontario",23.24.4,v44350809
2014,1393.00,"London, Ontario",23.24.4,v44350809
2015,1522.00,"London, Ontario",23.24.4,v44350809
1998,1539.00,"Windsor, Ontario",24.24.4,v44340904
1999,1220.00,"Windsor, Ontario",24.24.4,v44340904
2000,1239.00,"Windsor, Ontario",24.24.4,v44340904
2001,1332.00,"Windsor, Ontario",24.24.4,v44340904
2002,1334.00,"Windsor, Ontario",24.24.4,v44340904
2003,1178.00,"Windsor, Ontario",24.24.4,v44340904
2004,1097.00,"Windsor, Ontario",24.24.4,v44340904
2005,1069.00,"Windsor, Ontario",24.24.4,v44340904
2006,1098.00,"Windsor, Ontario",24.24.4,v44340904
2007,1065.00,"Windsor, Ontario",24.24.4,v44340904
2008,903.00,"Windsor, Ontario",24.24.4,v44340904
2009,1005.00,"Windsor, Ontario",24.24.4,v44340904
2010,938.00,"Windsor, Ontario",24.24.4,v44340904
2011,941.00,"Windsor, Ontario",24.24.4,v44340904
2012,975.00,"Windsor, Ontario",24.24.4,v44340904
2013,912.00,"Windsor, Ontario",24.24.4,v44340904
2014,886.00,"Windsor, Ontario",24.24.4,v44340904
2015,910.00,"Windsor, Ontario",24.24.4,v44340904
2005,..,"Barrie, Ontario",47.24.4,v52143746
2006,714.00,"Barrie, Ontario",47.24.4,v52143746
2007,629.00,"Barrie, Ontario",47.24.4,v52143746
2008,637.00,"Barrie, Ontario",47.24.4,v52143746
2009,659.00,"Barrie, Ontario",47.24.4,v52143746
2010,631.00,"Barrie, Ontario",47.24.4,v52143746
2011,608.00,"Barrie, Ontario",47.24.4,v52143746
2012,592.00,"Barrie, Ontario",47.24.4,v52143746
2013,547.00,"Barrie, Ontario",47.24.4,v52143746
2014,617.00,"Barrie, Ontario",47.24.4,v52143746
2015,501.00,"Barrie, Ontario",47.24.4,v52143746
1998,796.00,"Sudbury, Ontario",25.24.4,v44353439
1999,792.00,"Sudbury, Ontario",25.24.4,v44353439
2000,863.00,"Sudbury, Ontario",25.24.4,v44353439
2001,940.00,"Sudbury, Ontario",25.24.4,v44353439
2002,738.00,"Sudbury, Ontario",25.24.4,v44353439
2003,619.00,"Sudbury, Ontario",25.24.4,v44353439
2004,583.00,"Sudbury, Ontario",25.24.4,v44353439
2005,552.00,"Sudbury, Ontario",25.24.4,v44353439
2006,636.00,"Sudbury, Ontario",25.24.4,v44353439
2007,652.00,"Sudbury, Ontario",25.24.4,v44353439
2008,653.00,"Sudbury, Ontario",25.24.4,v44353439
2009,608.00,"Sudbury, Ontario",25.24.4,v44353439
2010,592.00,"Sudbury, Ontario",25.24.4,v44353439
2011,526.00,"Sudbury, Ontario",25.24.4,v44353439
2012,559.00,"Sudbury, Ontario",25.24.4,v44353439
2013,546.00,"Sudbury, Ontario",25.24.4,v44353439
2014,514.00,"Sudbury, Ontario",25.24.4,v44353439
2015,487.00,"Sudbury, Ontario",25.24.4,v44353439
1998,1473.00,"Thunder Bay, Ontario",26.24.4,v44362926
1999,1341.00,"Thunder Bay, Ontario",26.24.4,v44362926
2000,1042.00,"Thunder Bay, Ontario",26.24.4,v44362926
2001,1023.00,"Thunder Bay, Ontario",26.24.4,v44362926
2002,982.00,"Thunder Bay, Ontario",26.24.4,v44362926
2003,881.00,"Thunder Bay, Ontario",26.24.4,v44362926
2004,907.00,"Thunder Bay, Ontario",26.24.4,v44362926
2005,823.00,"Thunder Bay, Ontario",26.24.4,v44362926
2006,832.00,"Thunder Bay, Ontario",26.24.4,v44362926
2007,817.00,"Thunder Bay, Ontario",26.24.4,v44362926
2008,791.00,"Thunder Bay, Ontario",26.24.4,v44362926
2009,830.00,"Thunder Bay, Ontario",26.24.4,v44362926
2010,702.00,"Thunder Bay, Ontario",26.24.4,v44362926
2011,649.00,"Thunder Bay, Ontario",26.24.4,v44362926
2012,630.00,"Thunder Bay, Ontario",26.24.4,v44362926
2013,665.00,"Thunder Bay, Ontario",26.24.4,v44362926
2014,611.00,"Thunder Bay, Ontario",26.24.4,v44362926
2015,594.00,"Thunder Bay, Ontario",26.24.4,v44362926
1998,7878.00,"Manitoba",28.24.4,v44341161
1999,7867.00,"Manitoba",28.24.4,v44341161
2000,8705.00,"Manitoba",28.24.4,v44341161
2001,8259.00,"Manitoba",28.24.4,v44341161
2002,8427.00,"Manitoba",28.24.4,v44341161
2003,8164.00,"Manitoba",28.24.4,v44341161
2004,8272.00,"Manitoba",28.24.4,v44341161
2005,7968.00,"Manitoba",28.24.4,v44341161
2006,8383.00,"Manitoba",28.24.4,v44341161
2007,8533.00,"Manitoba",28.24.4,v44341161
2008,8650.00,"Manitoba",28.24.4,v44341161
2009,9083.00,"Manitoba",28.24.4,v44341161
2010,8870.00,"Manitoba",28.24.4,v44341161
2011,8761.00,"Manitoba",28.24.4,v44341161
2012,9124.00,"Manitoba",28.24.4,v44341161
2013,8176.00,"Manitoba",28.24.4,v44341161
2014,7827.00,"Manitoba",28.24.4,v44341161
2015,8461.00,"Manitoba",28.24.4,v44341161
1998,3063.00,"Winnipeg, Manitoba",29.24.4,v44356075
1999,2807.00,"Winnipeg, Manitoba",29.24.4,v44356075
2000,3854.00,"Winnipeg, Manitoba",29.24.4,v44356075
2001,3755.00,"Winnipeg, Manitoba",29.24.4,v44356075
2002,3710.00,"Winnipeg, Manitoba",29.24.4,v44356075
2003,3328.00,"Winnipeg, Manitoba",29.24.4,v44356075
2004,3201.00,"Winnipeg, Manitoba",29.24.4,v44356075
2005,2746.00,"Winnipeg, Manitoba",29.24.4,v44356075
2006,2746.00,"Winnipeg, Manitoba",29.24.4,v44356075
2007,2651.00,"Winnipeg, Manitoba",29.24.4,v44356075
2008,2666.00,"Winnipeg, Manitoba",29.24.4,v44356075
2009,2704.00,"Winnipeg, Manitoba",29.24.4,v44356075
2010,2685.00,"Winnipeg, Manitoba",29.24.4,v44356075
2011,2507.00,"Winnipeg, Manitoba",29.24.4,v44356075
2012,2600.00,"Winnipeg, Manitoba",29.24.4,v44356075
2013,2337.00,"Winnipeg, Manitoba",29.24.4,v44356075
2014,2263.00,"Winnipeg, Manitoba",29.24.4,v44356075
2015,2561.00,"Winnipeg, Manitoba",29.24.4,v44356075
1998,7382.00,"Saskatchewan",30.24.4,v44379508
1999,7902.00,"Saskatchewan",30.24.4,v44379508
2000,7972.00,"Saskatchewan",30.24.4,v44379508
2001,8244.00,"Saskatchewan",30.24.4,v44379508
2002,7776.00,"Saskatchewan",30.24.4,v44379508
2003,8605.00,"Saskatchewan",30.24.4,v44379508
2004,8840.00,"Saskatchewan",30.24.4,v44379508
2005,9843.00,"Saskatchewan",30.24.4,v44379508
2006,10320.00,"Saskatchewan",30.24.4,v44379508
2007,10591.00,"Saskatchewan",30.24.4,v44379508
2008,10313.00,"Saskatchewan",30.24.4,v44379508
2009,10282.00,"Saskatchewan",30.24.4,v44379508
2010,10517.00,"Saskatchewan",30.24.4,v44379508
2011,10073.00,"Saskatchewan",30.24.4,v44379508
2012,9831.00,"Saskatchewan",30.24.4,v44379508
2013,8469.00,"Saskatchewan",30.24.4,v44379508
2014,8158.00,"Saskatchewan",30.24.4,v44379508
2015,8044.00,"Saskatchewan",30.24.4,v44379508
1998,1329.00,"Regina, Saskatchewan",31.24.4,v44377336
1999,1321.00,"Regina, Saskatchewan",31.24.4,v44377336
2000,1292.00,"Regina, Saskatchewan",31.24.4,v44377336
2001,1211.00,"Regina, Saskatchewan",31.24.4,v44377336
2002,1139.00,"Regina, Saskatchewan",31.24.4,v44377336
2003,1144.00,"Regina, Saskatchewan",31.24.4,v44377336
2004,1223.00,"Regina, Saskatchewan",31.24.4,v44377336
2005,1336.00,"Regina, Saskatchewan",31.24.4,v44377336
2006,1186.00,"Regina, Saskatchewan",31.24.4,v44377336
2007,1116.00,"Regina, Saskatchewan",31.24.4,v44377336
2008,1260.00,"Regina, Saskatchewan",31.24.4,v44377336
2009,1260.00,"Regina, Saskatchewan",31.24.4,v44377336
2010,1312.00,"Regina, Saskatchewan",31.24.4,v44377336
2011,1285.00,"Regina, Saskatchewan",31.24.4,v44377336
2012,1252.00,"Regina, Saskatchewan",31.24.4,v44377336
2013,1021.00,"Regina, Saskatchewan",31.24.4,v44377336
2014,981.00,"Regina, Saskatchewan",31.24.4,v44377336
2015,909.00,"Regina, Saskatchewan",31.24.4,v44377336
1998,954.00,"Saskatoon, Saskatchewan",32.24.4,v44373037
1999,1171.00,"Saskatoon, Saskatchewan",32.24.4,v44373037
2000,1287.00,"Saskatoon, Saskatchewan",32.24.4,v44373037
2001,1410.00,"Saskatoon, Saskatchewan",32.24.4,v44373037
2002,1374.00,"Saskatoon, Saskatchewan",32.24.4,v44373037
2003,1388.00,"Saskatoon, Saskatchewan",32.24.4,v44373037
2004,1397.00,"Saskatoon, Saskatchewan",32.24.4,v44373037
2005,1196.00,"Saskatoon, Saskatchewan",32.24.4,v44373037
2006,1283.00,"Saskatoon, Saskatchewan",32.24.4,v44373037
2007,1376.00,"Saskatoon, Saskatchewan",32.24.4,v44373037
2008,1333.00,"Saskatoon, Saskatchewan",32.24.4,v44373037
2009,1156.00,"Saskatoon, Saskatchewan",32.24.4,v44373037
2010,1151.00,"Saskatoon, Saskatchewan",32.24.4,v44373037
2011,1261.00,"Saskatoon, Saskatchewan",32.24.4,v44373037
2012,1165.00,"Saskatoon, Saskatchewan",32.24.4,v44373037
2013,1027.00,"Saskatoon, Saskatchewan",32.24.4,v44373037
2014,1078.00,"Saskatoon, Saskatchewan",32.24.4,v44373037
2015,982.00,"Saskatoon, Saskatchewan",32.24.4,v44373037
1998,16007.00,"Alberta",33.24.4,v44373478
1999,16146.00,"Alberta",33.24.4,v44373478
2000,15638.00,"Alberta",33.24.4,v44373478
2001,15817.00,"Alberta",33.24.4,v44373478
2002,15631.00,"Alberta",33.24.4,v44373478
2003,15638.00,"Alberta",33.24.4,v44373478
2004,15372.00,"Alberta",33.24.4,v44373478
2005,16540.00,"Alberta",33.24.4,v44373478
2006,18903.00,"Alberta",33.24.4,v44373478
2007,19186.00,"Alberta",33.24.4,v44373478
2008,20108.00,"Alberta",33.24.4,v44373478
2009,20546.00,"Alberta",33.24.4,v44373478
2010,19284.00,"Alberta",33.24.4,v44373478
2011,18937.00,"Alberta",33.24.4,v44373478
2012,19051.00,"Alberta",33.24.4,v44373478
2013,17950.00,"Alberta",33.24.4,v44373478
2014,17818.00,"Alberta",33.24.4,v44373478
2015,18226.00,"Alberta",33.24.4,v44373478
1998,3849.00,"Calgary, Alberta",34.24.4,v44380458
1999,4016.00,"Calgary, Alberta",34.24.4,v44380458
2000,4437.00,"Calgary, Alberta",34.24.4,v44380458
2001,4215.00,"Calgary, Alberta",34.24.4,v44380458
2002,3955.00,"Calgary, Alberta",34.24.4,v44380458
2003,3932.00,"Calgary, Alberta",34.24.4,v44380458
2004,3924.00,"Calgary, Alberta",34.24.4,v44380458
2005,3796.00,"Calgary, Alberta",34.24.4,v44380458
2006,3653.00,"Calgary, Alberta",34.24.4,v44380458
2007,3162.00,"Calgary, Alberta",34.24.4,v44380458
2008,3278.00,"Calgary, Alberta",34.24.4,v44380458
2009,3423.00,"Calgary, Alberta",34.24.4,v44380458
2010,3363.00,"Calgary, Alberta",34.24.4,v44380458
2011,3417.00,"Calgary, Alberta",34.24.4,v44380458
2012,3123.00,"Calgary, Alberta",34.24.4,v44380458
2013,3020.00,"Calgary, Alberta",34.24.4,v44380458
2014,3533.00,"Calgary, Alberta",34.24.4,v44380458
2015,3601.00,"Calgary, Alberta",34.24.4,v44380458
1998,3766.00,"Edmonton, Alberta",35.24.4,v44360261
1999,3237.00,"Edmonton, Alberta",35.24.4,v44360261
2000,3411.00,"Edmonton, Alberta",35.24.4,v44360261
2001,3494.00,"Edmonton, Alberta",35.24.4,v44360261
2002,3312.00,"Edmonton, Alberta",35.24.4,v44360261
2003,3183.00,"Edmonton, Alberta",35.24.4,v44360261
2004,2783.00,"Edmonton, Alberta",35.24.4,v44360261
2005,3036.00,"Edmonton, Alberta",35.24.4,v44360261
2006,3517.00,"Edmonton, Alberta",35.24.4,v44360261
2007,4218.00,"Edmonton, Alberta",35.24.4,v44360261
2008,4368.00,"Edmonton, Alberta",35.24.4,v44360261
2009,4730.00,"Edmonton, Alberta",35.24.4,v44360261
2010,4439.00,"Edmonton, Alberta",35.24.4,v44360261
2011,4289.00,"Edmonton, Alberta",35.24.4,v44360261
2012,4261.00,"Edmonton, Alberta",35.24.4,v44360261
2013,4063.00,"Edmonton, Alberta",35.24.4,v44360261
2014,3874.00,"Edmonton, Alberta",35.24.4,v44360261
2015,4193.00,"Edmonton, Alberta",35.24.4,v44360261
1998,26194.00,"British Columbia",36.24.4,v44402242
1999,25418.00,"British Columbia",36.24.4,v44402242
2000,23167.00,"British Columbia",36.24.4,v44402242
2001,21141.00,"British Columbia",36.24.4,v44402242
2002,20117.00,"British Columbia",36.24.4,v44402242
2003,19496.00,"British Columbia",36.24.4,v44402242
2004,18302.00,"British Columbia",36.24.4,v44402242
2005,18419.00,"British Columbia",36.24.4,v44402242
2006,18925.00,"British Columbia",36.24.4,v44402242
2007,18929.00,"British Columbia",36.24.4,v44402242
2008,18261.00,"British Columbia",36.24.4,v44402242
2009,19136.00,"British Columbia",36.24.4,v44402242
2010,18712.00,"British Columbia",36.24.4,v44402242
2011,18094.00,"British Columbia",36.24.4,v44402242
2012,17155.00,"British Columbia",36.24.4,v44402242
2013,16279.00,"British Columbia",36.24.4,v44402242
2014,15251.00,"British Columbia",36.24.4,v44402242
2015,15212.00,"British Columbia",36.24.4,v44402242
2005,..,"Kelowna, British Columbia",48.24.4,v52143223
2006,777.00,"Kelowna, British Columbia",48.24.4,v52143223
2007,1161.00,"Kelowna, British Columbia",48.24.4,v52143223
2008,1060.00,"Kelowna, British Columbia",48.24.4,v52143223
2009,1145.00,"Kelowna, British Columbia",48.24.4,v52143223
2010,1084.00,"Kelowna, British Columbia",48.24.4,v52143223
2011,969.00,"Kelowna, British Columbia",48.24.4,v52143223
2012,967.00,"Kelowna, British Columbia",48.24.4,v52143223
2013,781.00,"Kelowna, British Columbia",48.24.4,v52143223
2014,675.00,"Kelowna, British Columbia",48.24.4,v52143223
2015,668.00,"Kelowna, British Columbia",48.24.4,v52143223
2000,..,"Abbotsford-Mission, British Columbia",39.24.4,v44396420
2001,676.00,"Abbotsford-Mission, British Columbia",39.24.4,v44396420
2002,631.00,"Abbotsford-Mission, British Columbia",39.24.4,v44396420
2003,633.00,"Abbotsford-Mission, British Columbia",39.24.4,v44396420
2004,661.00,"Abbotsford-Mission, British Columbia",39.24.4,v44396420
2005,608.00,"Abbotsford-Mission, British Columbia",39.24.4,v44396420
2006,643.00,"Abbotsford-Mission, British Columbia",39.24.4,v44396420
2007,597.00,"Abbotsford-Mission, British Columbia",39.24.4,v44396420
2008,623.00,"Abbotsford-Mission, British Columbia",39.24.4,v44396420
2009,655.00,"Abbotsford-Mission, British Columbia",39.24.4,v44396420
2010,653.00,"Abbotsford-Mission, British Columbia",39.24.4,v44396420
2011,547.00,"Abbotsford-Mission, British Columbia",39.24.4,v44396420
2012,556.00,"Abbotsford-Mission, British Columbia",39.24.4,v44396420
2013,507.00,"Abbotsford-Mission, British Columbia",39.24.4,v44396420
2014,519.00,"Abbotsford-Mission, British Columbia",39.24.4,v44396420
2015,544.00,"Abbotsford-Mission, British Columbia",39.24.4,v44396420
1998,9280.00,"Vancouver, British Columbia",37.24.4,v44341992
1999,9444.00,"Vancouver, British Columbia",37.24.4,v44341992
2000,8783.00,"Vancouver, British Columbia",37.24.4,v44341992
2001,7703.00,"Vancouver, British Columbia",37.24.4,v44341992
2002,7105.00,"Vancouver, British Columbia",37.24.4,v44341992
2003,6839.00,"Vancouver, British Columbia",37.24.4,v44341992
2004,6499.00,"Vancouver, British Columbia",37.24.4,v44341992
2005,6517.00,"Vancouver, British Columbia",37.24.4,v44341992
2006,6686.00,"Vancouver, British Columbia",37.24.4,v44341992
2007,6415.00,"Vancouver, British Columbia",37.24.4,v44341992
2008,6489.00,"Vancouver, British Columbia",37.24.4,v44341992
2009,6503.00,"Vancouver, British Columbia",37.24.4,v44341992
2010,6634.00,"Vancouver, British Columbia",37.24.4,v44341992
2011,6519.00,"Vancouver, British Columbia",37.24.4,v44341992
2012,6123.00,"Vancouver, British Columbia",37.24.4,v44341992
2013,5968.00,"Vancouver, British Columbia",37.24.4,v44341992
2014,5660.00,"Vancouver, British Columbia",37.24.4,v44341992
2015,5315.00,"Vancouver, British Columbia",37.24.4,v44341992
1998,2039.00,"Victoria, British Columbia",38.24.4,v44361027
1999,1883.00,"Victoria, British Columbia",38.24.4,v44361027
2000,1502.00,"Victoria, British Columbia",38.24.4,v44361027
2001,1574.00,"Victoria, British Columbia",38.24.4,v44361027
2002,1594.00,"Victoria, British Columbia",38.24.4,v44361027
2003,1561.00,"Victoria, British Columbia",38.24.4,v44361027
2004,1181.00,"Victoria, British Columbia",38.24.4,v44361027
2005,1123.00,"Victoria, British Columbia",38.24.4,v44361027
2006,971.00,"Victoria, British Columbia",38.24.4,v44361027
2007,1189.00,"Victoria, British Columbia",38.24.4,v44361027
2008,1228.00,"Victoria, British Columbia",38.24.4,v44361027
2009,1386.00,"Victoria, British Columbia",38.24.4,v44361027
2010,1444.00,"Victoria, British Columbia",38.24.4,v44361027
2011,1247.00,"Victoria, British Columbia",38.24.4,v44361027
2012,1178.00,"Victoria, British Columbia",38.24.4,v44361027
2013,1069.00,"Victoria, British Columbia",38.24.4,v44361027
2014,990.00,"Victoria, British Columbia",38.24.4,v44361027
2015,1035.00,"Victoria, British Columbia",38.24.4,v44361027
1998,486.00,"Yukon",40.24.4,v44338021
1999,531.00,"Yukon",40.24.4,v44338021
2000,501.00,"Yukon",40.24.4,v44338021
2001,529.00,"Yukon",40.24.4,v44338021
2002,537.00,"Yukon",40.24.4,v44338021
2003,561.00,"Yukon",40.24.4,v44338021
2004,625.00,"Yukon",40.24.4,v44338021
2005,603.00,"Yukon",40.24.4,v44338021
2006,591.00,"Yukon",40.24.4,v44338021
2007,598.00,"Yukon",40.24.4,v44338021
2008,600.00,"Yukon",40.24.4,v44338021
2009,660.00,"Yukon",40.24.4,v44338021
2010,586.00,"Yukon",40.24.4,v44338021
2011,643.00,"Yukon",40.24.4,v44338021
2012,615.00,"Yukon",40.24.4,v44338021
2013,692.00,"Yukon",40.24.4,v44338021
2014,675.00,"Yukon",40.24.4,v44338021
2015,649.00,"Yukon",40.24.4,v44338021
1998,1949.00,"Northwest Territories",41.24.4,v44345184
1999,1094.00,"Northwest Territories",41.24.4,v44345184
2000,988.00,"Northwest Territories",41.24.4,v44345184
2001,968.00,"Northwest Territories",41.24.4,v44345184
2002,1116.00,"Northwest Territories",41.24.4,v44345184
2003,1328.00,"Northwest Territories",41.24.4,v44345184
2004,1511.00,"Northwest Territories",41.24.4,v44345184
2005,1585.00,"Northwest Territories",41.24.4,v44345184
2006,1823.00,"Northwest Territories",41.24.4,v44345184
2007,2007.00,"Northwest Territories",41.24.4,v44345184
2008,1953.00,"Northwest Territories",41.24.4,v44345184
2009,1935.00,"Northwest Territories",41.24.4,v44345184
2010,1733.00,"Northwest Territories",41.24.4,v44345184
2011,1686.00,"Northwest Territories",41.24.4,v44345184
2012,1617.00,"Northwest Territories",41.24.4,v44345184
2013,1481.00,"Northwest Territories",41.24.4,v44345184
2014,1378.00,"Northwest Territories",41.24.4,v44345184
2015,1478.00,"Northwest Territories",41.24.4,v44345184
1998,..,"Nunavut",42.24.4,v44379008
1999,841.00,"Nunavut",42.24.4,v44379008
2000,919.00,"Nunavut",42.24.4,v44379008
2001,935.00,"Nunavut",42.24.4,v44379008
2002,1087.00,"Nunavut",42.24.4,v44379008
2003,1338.00,"Nunavut",42.24.4,v44379008
2004,1387.00,"Nunavut",42.24.4,v44379008
2005,1183.00,"Nunavut",42.24.4,v44379008
2006,1452.00,"Nunavut",42.24.4,v44379008
2007,1492.00,"Nunavut",42.24.4,v44379008
2008,1680.00,"Nunavut",42.24.4,v44379008
2009,1618.00,"Nunavut",42.24.4,v44379008
2010,1742.00,"Nunavut",42.24.4,v44379008
2011,1676.00,"Nunavut",42.24.4,v44379008
2012,1641.00,"Nunavut",42.24.4,v44379008
2013,1495.00,"Nunavut",42.24.4,v44379008
2014,1406.00,"Nunavut",42.24.4,v44379008
2015,1408.00,"Nunavut",42.24.4,v44379008
1998,142203.00,"Canada",1.24.4,v44348575
1999,141032.00,"Canada",1.24.4,v44348575
2000,144232.00,"Canada",1.24.4,v44348575
2001,143310.00,"Canada",1.24.4,v44348575
2002,139877.00,"Canada",1.24.4,v44348575
2003,137028.00,"Canada",1.24.4,v44348575
2004,132798.00,"Canada",1.24.4,v44348575
2005,136023.00,"Canada",1.24.4,v44348575
2006,142008.00,"Canada",1.24.4,v44348575
2007,141286.00,"Canada",1.24.4,v44348575
2008,141956.00,"Canada",1.24.4,v44348575
2009,142458.00,"Canada",1.24.4,v44348575
2010,139474.00,"Canada",1.24.4,v44348575
2011,136485.00,"Canada",1.24.4,v44348575
2012,133492.00,"Canada",1.24.4,v44348575
2013,124173.00,"Canada",1.24.4,v44348575
2014,120376.00,"Canada",1.24.4,v44348575
2015,120948.00,"Canada",1.24.4,v44348575
1998,2457.00,"Newfoundland and Labrador",2.24.4,v44370266
1999,2505.00,"Newfoundland and Labrador",2.24.4,v44370266
2000,2271.00,"Newfoundland and Labrador",2.24.4,v44370266
2001,2187.00,"Newfoundland and Labrador",2.24.4,v44370266
2002,2184.00,"Newfoundland and Labrador",2.24.4,v44370266
2003,2410.00,"Newfoundland and Labrador",2.24.4,v44370266
2004,2100.00,"Newfoundland and Labrador",2.24.4,v44370266
2005,1971.00,"Newfoundland and Labrador",2.24.4,v44370266
2006,2329.00,"Newfoundland and Labrador",2.24.4,v44370266
2007,2568.00,"Newfoundland and Labrador",2.24.4,v44370266
2008,2562.00,"Newfoundland and Labrador",2.24.4,v44370266
2009,2555.00,"Newfoundland and Labrador",2.24.4,v44370266
2010,2328.00,"Newfoundland and Labrador",2.24.4,v44370266
2011,2311.00,"Newfoundland and Labrador",2.24.4,v44370266
2012,2441.00,"Newfoundland and Labrador",2.24.4,v44370266
2013,2217.00,"Newfoundland and Labrador",2.24.4,v44370266
2014,2041.00,"Newfoundland and Labrador",2.24.4,v44370266
2015,1944.00,"Newfoundland and Labrador",2.24.4,v44370266
1998,636.00,"St. John's, Newfoundland and Labrador",3.24.4,v44348487
1999,581.00,"St. John's, Newfoundland and Labrador",3.24.4,v44348487
2000,569.00,"St. John's, Newfoundland and Labrador",3.24.4,v44348487
2001,537.00,"St. John's, Newfoundland and Labrador",3.24.4,v44348487
2002,508.00,"St. John's, Newfoundland and Labrador",3.24.4,v44348487
2003,459.00,"St. John's, Newfoundland and Labrador",3.24.4,v44348487
2004,382.00,"St. John's, Newfoundland and Labrador",3.24.4,v44348487
2005,423.00,"St. John's, Newfoundland and Labrador",3.24.4,v44348487
2006,404.00,"St. John's, Newfoundland and Labrador",3.24.4,v44348487
2007,514.00,"St. John's, Newfoundland and Labrador",3.24.4,v44348487
2008,612.00,"St. John's, Newfoundland and Labrador",3.24.4,v44348487
2009,596.00,"St. John's, Newfoundland and Labrador",3.24.4,v44348487
2010,533.00,"St. John's, Newfoundland and Labrador",3.24.4,v44348487
2011,601.00,"St. John's, Newfoundland and Labrador",3.24.4,v44348487
2012,918.00,"St. John's, Newfoundland and Labrador",3.24.4,v44348487
2013,864.00,"St. John's, Newfoundland and Labrador",3.24.4,v44348487
2014,761.00,"St. John's, Newfoundland and Labrador",3.24.4,v44348487
2015,699.00,"St. John's, Newfoundland and Labrador",3.24.4,v44348487
1998,526.00,"Prince Edward Island",4.24.4,v44405903
1999,378.00,"Prince Edward Island",4.24.4,v44405903
2000,384.00,"Prince Edward Island",4.24.4,v44405903
2001,433.00,"Prince Edward Island",4.24.4,v44405903
2002,485.00,"Prince Edward Island",4.24.4,v44405903
2003,534.00,"Prince Edward Island",4.24.4,v44405903
2004,490.00,"Prince Edward Island",4.24.4,v44405903
2005,537.00,"Prince Edward Island",4.24.4,v44405903
2006,655.00,"Prince Edward Island",4.24.4,v44405903
2007,602.00,"Prince Edward Island",4.24.4,v44405903
2008,564.00,"Prince Edward Island",4.24.4,v44405903
2009,582.00,"Prince Edward Island",4.24.4,v44405903
2010,527.00,"Prince Edward Island",4.24.4,v44405903
2011,509.00,"Prince Edward Island",4.24.4,v44405903
2012,621.00,"Prince Edward Island",4.24.4,v44405903
2013,464.00,"Prince Edward Island",4.24.4,v44405903
2014,372.00,"Prince Edward Island",4.24.4,v44405903
2015,335.00,"Prince Edward Island",4.24.4,v44405903
1998,4522.00,"Nova Scotia",5.24.4,v44410675
1999,4856.00,"Nova Scotia",5.24.4,v44410675
2000,4629.00,"Nova Scotia",5.24.4,v44410675
2001,4468.00,"Nova Scotia",5.24.4,v44410675
2002,4825.00,"Nova Scotia",5.24.4,v44410675
2003,5336.00,"Nova Scotia",5.24.4,v44410675
2004,5083.00,"Nova Scotia",5.24.4,v44410675
2005,5166.00,"Nova Scotia",5.24.4,v44410675
2006,5426.00,"Nova Scotia",5.24.4,v44410675
2007,5226.00,"Nova Scotia",5.24.4,v44410675
2008,5078.00,"Nova Scotia",5.24.4,v44410675
2009,4698.00,"Nova Scotia",5.24.4,v44410675
2010,4403.00,"Nova Scotia",5.24.4,v44410675
2011,4466.00,"Nova Scotia",5.24.4,v44410675
2012,4334.00,"Nova Scotia",5.24.4,v44410675
2013,3672.00,"Nova Scotia",5.24.4,v44410675
2014,3743.00,"Nova Scotia",5.24.4,v44410675
2015,3450.00,"Nova Scotia",5.24.4,v44410675
1998,1559.00,"Halifax, Nova Scotia",6.24.4,v44375955
1999,1562.00,"Halifax, Nova Scotia",6.24.4,v44375955
2000,1659.00,"Halifax, Nova Scotia",6.24.4,v44375955
2001,1815.00,"Halifax, Nova Scotia",6.24.4,v44375955
2002,1961.00,"Halifax, Nova Scotia",6.24.4,v44375955
2003,1934.00,"Halifax, Nova Scotia",6.24.4,v44375955
2004,1744.00,"Halifax, Nova Scotia",6.24.4,v44375955
2005,1650.00,"Halifax, Nova Scotia",6.24.4,v44375955
2006,1597.00,"Halifax, Nova Scotia",6.24.4,v44375955
2007,1534.00,"Halifax, Nova Scotia",6.24.4,v44375955
2008,1341.00,"Halifax, Nova Scotia",6.24.4,v44375955
2009,1233.00,"Halifax, Nova Scotia",6.24.4,v44375955
2010,1241.00,"Halifax, Nova Scotia",6.24.4,v44375955
2011,1383.00,"Halifax, Nova Scotia",6.24.4,v44375955
2012,1284.00,"Halifax, Nova Scotia",6.24.4,v44375955
2013,1196.00,"Halifax, Nova Scotia",6.24.4,v44375955
2014,1171.00,"Halifax, Nova Scotia",6.24.4,v44375955
2015,1092.00,"Halifax, Nova Scotia",6.24.4,v44375955
1998,3560.00,"New Brunswick",7.24.4,v44354192
1999,3521.00,"New Brunswick",7.24.4,v44354192
2000,2872.00,"New Brunswick",7.24.4,v44354192
2001,3025.00,"New Brunswick",7.24.4,v44354192
2002,2878.00,"New Brunswick",7.24.4,v44354192
2003,2831.00,"New Brunswick",7.24.4,v44354192
2004,3076.00,"New Brunswick",7.24.4,v44354192
2005,3091.00,"New Brunswick",7.24.4,v44354192
2006,3309.00,"New Brunswick",7.24.4,v44354192
2007,3530.00,"New Brunswick",7.24.4,v44354192
2008,3987.00,"New Brunswick",7.24.4,v44354192
2009,4140.00,"New Brunswick",7.24.4,v44354192
2010,4106.00,"New Brunswick",7.24.4,v44354192
2011,3603.00,"New Brunswick",7.24.4,v44354192
2012,3331.00,"New Brunswick",7.24.4,v44354192
2013,2745.00,"New Brunswick",7.24.4,v44354192
2014,2648.00,"New Brunswick",7.24.4,v44354192
2015,2418.00,"New Brunswick",7.24.4,v44354192
2005,..,"Moncton, New Brunswick",43.24.4,v52118582
2006,562.00,"Moncton, New Brunswick",43.24.4,v52118582
2007,643.00,"Moncton, New Brunswick",43.24.4,v52118582
2008,699.00,"Moncton, New Brunswick",43.24.4,v52118582
2009,679.00,"Moncton, New Brunswick",43.24.4,v52118582
2010,679.00,"Moncton, New Brunswick",43.24.4,v52118582
2011,790.00,"Moncton, New Brunswick",43.24.4,v52118582
2012,561.00,"Moncton, New Brunswick",43.24.4,v52118582
2013,416.00,"Moncton, New Brunswick",43.24.4,v52118582
2014,504.00,"Moncton, New Brunswick",43.24.4,v52118582
2015,415.00,"Moncton, New Brunswick",43.24.4,v52118582
1998,606.00,"Saint John, New Brunswick",8.24.4,v44325693
1999,521.00,"Saint John, New Brunswick",8.24.4,v44325693
2000,761.00,"Saint John, New Brunswick",8.24.4,v44325693
2001,772.00,"Saint John, New Brunswick",8.24.4,v44325693
2002,693.00,"Saint John, New Brunswick",8.24.4,v44325693
2003,622.00,"Saint John, New Brunswick",8.24.4,v44325693
2004,568.00,"Saint John, New Brunswick",8.24.4,v44325693
2005,522.00,"Saint John, New Brunswick",8.24.4,v44325693
2006,550.00,"Saint John, New Brunswick",8.24.4,v44325693
2007,801.00,"Saint John, New Brunswick",8.24.4,v44325693
2008,888.00,"Saint John, New Brunswick",8.24.4,v44325693
2009,908.00,"Saint John, New Brunswick",8.24.4,v44325693
2010,917.00,"Saint John, New Brunswick",8.24.4,v44325693
2011,834.00,"Saint John, New Brunswick",8.24.4,v44325693
2012,801.00,"Saint John, New Brunswick",8.24.4,v44325693
2013,710.00,"Saint John, New Brunswick",8.24.4,v44325693
2014,660.00,"Saint John, New Brunswick",8.24.4,v44325693
2015,666.00,"Saint John, New Brunswick",8.24.4,v44325693
1998,21617.00,"Quebec",9.24.4,v44359909
1999,21978.00,"Quebec",9.24.4,v44359909
2000,24312.00,"Quebec",9.24.4,v44359909
2001,24822.00,"Quebec",9.24.4,v44359909
2002,24266.00,"Quebec",9.24.4,v44359909
2003,25746.00,"Quebec",9.24.4,v44359909
2004,25009.00,"Quebec",9.24.4,v44359909
2005,25543.00,"Quebec",9.24.4,v44359909
2006,25396.00,"Quebec",9.24.4,v44359909
2007,24738.00,"Quebec",9.24.4,v44359909
2008,25634.00,"Quebec",9.24.4,v44359909
2009,26044.00,"Quebec",9.24.4,v44359909
2010,25863.00,"Quebec",9.24.4,v44359909
2011,25643.00,"Quebec",9.24.4,v44359909
2012,25301.00,"Quebec",9.24.4,v44359909
2013,24242.00,"Quebec",9.24.4,v44359909
2014,24569.00,"Quebec",9.24.4,v44359909
2015,24909.00,"Quebec",9.24.4,v44359909
1998,467.00,"Saguenay, Quebec",10.24.4,v44382455
1999,463.00,"Saguenay, Quebec",10.24.4,v44382455
2000,456.00,"Saguenay, Quebec",10.24.4,v44382455
2001,389.00,"Saguenay, Quebec",10.24.4,v44382455
2002,333.00,"Saguenay, Quebec",10.24.4,v44382455
2003,353.00,"Saguenay, Quebec",10.24.4,v44382455
2004,331.00,"Saguenay, Quebec",10.24.4,v44382455
2005,288.00,"Saguenay, Quebec",10.24.4,v44382455
2006,346.00,"Saguenay, Quebec",10.24.4,v44382455
2007,378.00,"Saguenay, Quebec",10.24.4,v44382455
2008,364.00,"Saguenay, Quebec",10.24.4,v44382455
2009,379.00,"Saguenay, Quebec",10.24.4,v44382455
2010,360.00,"Saguenay, Quebec",10.24.4,v44382455
2011,402.00,"Saguenay, Quebec",10.24.4,v44382455
2012,397.00,"Saguenay, Quebec",10.24.4,v44382455
2013,351.00,"Saguenay, Quebec",10.24.4,v44382455
2014,350.00,"Saguenay, Quebec",10.24.4,v44382455
2015,371.00,"Saguenay, Quebec",10.24.4,v44382455
1998,1492.00,"Quebec, Quebec",11.24.4,v44356130
1999,1331.00,"Quebec, Quebec",11.24.4,v44356130
2000,1611.00,"Quebec, Quebec",11.24.4,v44356130
2001,1779.00,"Quebec, Quebec",11.24.4,v44356130
2002,1480.00,"Quebec, Quebec",11.24.4,v44356130
2003,1626.00,"Quebec, Quebec",11.24.4,v44356130
2004,1281.00,"Quebec, Quebec",11.24.4,v44356130
2005,1729.00,"Quebec, Quebec",11.24.4,v44356130
2006,1356.00,"Quebec, Quebec",11.24.4,v44356130
2007,1618.00,"Quebec, Quebec",11.24.4,v44356130
2008,2019.00,"Quebec, Quebec",11.24.4,v44356130
2009,1651.00,"Quebec, Quebec",11.24.4,v44356130
2010,1844.00,"Quebec, Quebec",11.24.4,v44356130
2011,2249.00,"Quebec, Quebec",11.24.4,v44356130
2012,1873.00,"Quebec, Quebec",11.24.4,v44356130
2013,1796.00,"Quebec, Quebec",11.24.4,v44356130
2014,1715.00,"Quebec, Quebec",11.24.4,v44356130
2015,1662.00,"Quebec, Quebec",11.24.4,v44356130
1998,335.00,"Sherbrooke, Quebec",12.24.4,v44332781
1999,333.00,"Sherbrooke, Quebec",12.24.4,v44332781
2000,342.00,"Sherbrooke, Quebec",12.24.4,v44332781
2001,293.00,"Sherbrooke, Quebec",12.24.4,v44332781
2002,380.00,"Sherbrooke, Quebec",12.24.4,v44332781
2003,464.00,"Sherbrooke, Quebec",12.24.4,v44332781
2004,390.00,"Sherbrooke, Quebec",12.24.4,v44332781
2005,451.00,"Sherbrooke, Quebec",12.24.4,v44332781
2006,480.00,"Sherbrooke, Quebec",12.24.4,v44332781
2007,399.00,"Sherbrooke, Quebec",12.24.4,v44332781
2008,335.00,"Sherbrooke, Quebec",12.24.4,v44332781
2009,600.00,"Sherbrooke, Quebec",12.24.4,v44332781
2010,451.00,"Sherbrooke, Quebec",12.24.4,v44332781
2011,407.00,"Sherbrooke, Quebec",12.24.4,v44332781
2012,439.00,"Sherbrooke, Quebec",12.24.4,v44332781
2013,421.00,"Sherbrooke, Quebec",12.24.4,v44332781
2014,407.00,"Sherbrooke, Quebec",12.24.4,v44332781
2015,350.00,"Sherbrooke, Quebec",12.24.4,v44332781
1998,11660.00,"Montreal, Quebec",14.24.4,v44349665
1999,12011.00,"Montreal, Quebec",14.24.4,v44349665
2000,13756.00,"Montreal, Quebec",14.24.4,v44349665
2001,13275.00,"Montreal, Quebec",14.24.4,v44349665
2002,12721.00,"Montreal, Quebec",14.24.4,v44349665
2003,12928.00,"Montreal, Quebec",14.24.4,v44349665
2004,12410.00,"Montreal, Quebec",14.24.4,v44349665
2005,12168.00,"Montreal, Quebec",14.24.4,v44349665
2006,12218.00,"Montreal, Quebec",14.24.4,v44349665
2007,11524.00,"Montreal, Quebec",14.24.4,v44349665
2008,11426.00,"Montreal, Quebec",14.24.4,v44349665
2009,11673.00,"Montreal, Quebec",14.24.4,v44349665
2010,11038.00,"Montreal, Quebec",14.24.4,v44349665
2011,10995.00,"Montreal, Quebec",14.24.4,v44349665
2012,10467.00,"Montreal, Quebec",14.24.4,v44349665
2013,10110.00,"Montreal, Quebec",14.24.4,v44349665
2014,10405.00,"Montreal, Quebec",14.24.4,v44349665
2015,10860.00,"Montreal, Quebec",14.24.4,v44349665
1998,942.00,"Ottawa-Gatineau, Quebec part",15.24.4,v44368410
1999,880.00,"Ottawa-Gatineau, Quebec part",15.24.4,v44368410
2000,1065.00,"Ottawa-Gatineau, Quebec part",15.24.4,v44368410
2001,1342.00,"Ottawa-Gatineau, Quebec part",15.24.4,v44368410
2002,1433.00,"Ottawa-Gatineau, Quebec part",15.24.4,v44368410
2003,1228.00,"Ottawa-Gatineau, Quebec part",15.24.4,v44368410
2004,1459.00,"Ottawa-Gatineau, Quebec part",15.24.4,v44368410
2005,1362.00,"Ottawa-Gatineau, Quebec part",15.24.4,v44368410
2006,1373.00,"Ottawa-Gatineau, Quebec part",15.24.4,v44368410
2007,1248.00,"Ottawa-Gatineau, Quebec part",15.24.4,v44368410
2008,1359.00,"Ottawa-Gatineau, Quebec part",15.24.4,v44368410
2009,1383.00,"Ottawa-Gatineau, Quebec part",15.24.4,v44368410
2010,1286.00,"Ottawa-Gatineau, Quebec part",15.24.4,v44368410
2011,1460.00,"Ottawa-Gatineau, Quebec part",15.24.4,v44368410
2012,1452.00,"Ottawa-Gatineau, Quebec part",15.24.4,v44368410
2013,1286.00,"Ottawa-Gatineau, Quebec part",15.24.4,v44368410
2014,1329.00,"Ottawa-Gatineau, Quebec part",15.24.4,v44368410
2015,1323.00,"Ottawa-Gatineau, Quebec part",15.24.4,v44368410
1998,49625.00,"Ontario",16.24.4,v44390276
1999,47995.00,"Ontario",16.24.4,v44390276
2000,51874.00,"Ontario",16.24.4,v44390276
2001,52482.00,"Ontario",16.24.4,v44390276
2002,50548.00,"Ontario",16.24.4,v44390276
2003,45041.00,"Ontario",16.24.4,v44390276
2004,42731.00,"Ontario",16.24.4,v44390276
2005,43574.00,"Ontario",16.24.4,v44390276
2006,44496.00,"Ontario",16.24.4,v44390276
2007,43286.00,"Ontario",16.24.4,v44390276
2008,42566.00,"Ontario",16.24.4,v44390276
2009,41179.00,"Ontario",16.24.4,v44390276
2010,40803.00,"Ontario",16.24.4,v44390276
2011,40083.00,"Ontario",16.24.4,v44390276
2012,38430.00,"Ontario",16.24.4,v44390276
2013,36291.00,"Ontario",16.24.4,v44390276
2014,34490.00,"Ontario",16.24.4,v44390276
2015,34414.00,"Ontario",16.24.4,v44390276
1998,4263.00,"Ottawa-Gatineau, Ontario/Quebec",17.24.4,v52149278
1999,3412.00,"Ottawa-Gatineau, Ontario/Quebec",17.24.4,v52149278
2000,3339.00,"Ottawa-Gatineau, Ontario/Quebec",17.24.4,v52149278
2001,3976.00,"Ottawa-Gatineau, Ontario/Quebec",17.24.4,v52149278
2002,3937.00,"Ottawa-Gatineau, Ontario/Quebec",17.24.4,v52149278
2003,3776.00,"Ottawa-Gatineau, Ontario/Quebec",17.24.4,v52149278
2004,3995.00,"Ottawa-Gatineau, Ontario/Quebec",17.24.4,v52149278
2005,3400.00,"Ottawa-Gatineau, Ontario/Quebec",17.24.4,v52149278
2006,3421.00,"Ottawa-Gatineau, Ontario/Quebec",17.24.4,v52149278
2007,3264.00,"Ottawa-Gatineau, Ontario/Quebec",17.24.4,v52149278
2008,3315.00,"Ottawa-Gatineau, Ontario/Quebec",17.24.4,v52149278
2009,3309.00,"Ottawa-Gatineau, Ontario/Quebec",17.24.4,v52149278
2010,3061.00,"Ottawa-Gatineau, Ontario/Quebec",17.24.4,v52149278
2011,3149.00,"Ottawa-Gatineau, Ontario/Quebec",17.24.4,v52149278
2012,3183.00,"Ottawa-Gatineau, Ontario/Quebec",17.24.4,v52149278
2013,2827.00,"Ottawa-Gatineau, Ontario/Quebec",17.24.4,v52149278
2014,2727.00,"Ottawa-Gatineau, Ontario/Quebec",17.24.4,v52149278
2015,2733.00,"Ottawa-Gatineau, Ontario/Quebec",17.24.4,v52149278
1998,3321.00,"Ottawa-Gatineau, Ontario part",18.24.4,v44406188
1999,2532.00,"Ottawa-Gatineau, Ontario part",18.24.4,v44406188
2000,2274.00,"Ottawa-Gatineau, Ontario part",18.24.4,v44406188
2001,2634.00,"Ottawa-Gatineau, Ontario part",18.24.4,v44406188
2002,2504.00,"Ottawa-Gatineau, Ontario part",18.24.4,v44406188
2003,2548.00,"Ottawa-Gatineau, Ontario part",18.24.4,v44406188
2004,2536.00,"Ottawa-Gatineau, Ontario part",18.24.4,v44406188
2005,2038.00,"Ottawa-Gatineau, Ontario part",18.24.4,v44406188
2006,2048.00,"Ottawa-Gatineau, Ontario part",18.24.4,v44406188
2007,2016.00,"Ottawa-Gatineau, Ontario part",18.24.4,v44406188
2008,1956.00,"Ottawa-Gatineau, Ontario part",18.24.4,v44406188
2009,1926.00,"Ottawa-Gatineau, Ontario part",18.24.4,v44406188
2010,1775.00,"Ottawa-Gatineau, Ontario part",18.24.4,v44406188
2011,1689.00,"Ottawa-Gatineau, Ontario part",18.24.4,v44406188
2012,1731.00,"Ottawa-Gatineau, Ontario part",18.24.4,v44406188
2013,1541.00,"Ottawa-Gatineau, Ontario part",18.24.4,v44406188
2014,1398.00,"Ottawa-Gatineau, Ontario part",18.24.4,v44406188
2015,1410.00,"Ottawa-Gatineau, Ontario part",18.24.4,v44406188
2000,..,"Kingston, Ontario",27.24.4,v44414963
2001,561.00,"Kingston, Ontario",27.24.4,v44414963
2002,542.00,"Kingston, Ontario",27.24.4,v44414963
2003,568.00,"Kingston, Ontario",27.24.4,v44414963
2004,577.00,"Kingston, Ontario",27.24.4,v44414963
2005,545.00,"Kingston, Ontario",27.24.4,v44414963
2006,552.00,"Kingston, Ontario",27.24.4,v44414963
2007,522.00,"Kingston, Ontario",27.24.4,v44414963
2008,490.00,"Kingston, Ontario",27.24.4,v44414963
2009,553.00,"Kingston, Ontario",27.24.4,v44414963
2010,439.00,"Kingston, Ontario",27.24.4,v44414963
2011,473.00,"Kingston, Ontario",27.24.4,v44414963
2012,526.00,"Kingston, Ontario",27.24.4,v44414963
2013,553.00,"Kingston, Ontario",27.24.4,v44414963
2014,454.00,"Kingston, Ontario",27.24.4,v44414963
2015,448.00,"Kingston, Ontario",27.24.4,v44414963
2005,..,"Peterborough, Ontario",44.24.4,v52120055
2006,550.00,"Peterborough, Ontario",44.24.4,v52120055
2007,462.00,"Peterborough, Ontario",44.24.4,v52120055
2008,438.00,"Peterborough, Ontario",44.24.4,v52120055
2009,480.00,"Peterborough, Ontario",44.24.4,v52120055
2010,404.00,"Peterborough, Ontario",44.24.4,v52120055
2011,437.00,"Peterborough, Ontario",44.24.4,v52120055
2012,368.00,"Peterborough, Ontario",44.24.4,v52120055
2013,380.00,"Peterborough, Ontario",44.24.4,v52120055
2014,418.00,"Peterborough, Ontario",44.24.4,v52120055
2015,367.00,"Peterborough, Ontario",44.24.4,v52120055
1998,14318.00,"Toronto, Ontario",19.24.4,v44381967
1999,15341.00,"Toronto, Ontario",19.24.4,v44381967
2000,18483.00,"Toronto, Ontario",19.24.4,v44381967
2001,19818.00,"Toronto, Ontario",19.24.4,v44381967
2002,17923.00,"Toronto, Ontario",19.24.4,v44381967
2003,14928.00,"Toronto, Ontario",19.24.4,v44381967
2004,13212.00,"Toronto, Ontario",19.24.4,v44381967
2005,14992.00,"Toronto, Ontario",19.24.4,v44381967
2006,15405.00,"Toronto, Ontario",19.24.4,v44381967
2007,14709.00,"Toronto, Ontario",19.24.4,v44381967
2008,14274.00,"Toronto, Ontario",19.24.4,v44381967
2009,13316.00,"Toronto, Ontario",19.24.4,v44381967
2010,13570.00,"Toronto, Ontario",19.24.4,v44381967
2011,13390.00,"Toronto, Ontario",19.24.4,v44381967
2012,12529.00,"Toronto, Ontario",19.24.4,v44381967
2013,11991.00,"Toronto, Ontario",19.24.4,v44381967
2014,11430.00,"Toronto, Ontario",19.24.4,v44381967
2015,11681.00,"Toronto, Ontario",19.24.4,v44381967
1998,4016.00,"Hamilton, Ontario",20.24.4,v44392847
1999,3450.00,"Hamilton, Ontario",20.24.4,v44392847
2000,3561.00,"Hamilton, Ontario",20.24.4,v44392847
2001,3722.00,"Hamilton, Ontario",20.24.4,v44392847
2002,3299.00,"Hamilton, Ontario",20.24.4,v44392847
2003,3007.00,"Hamilton, Ontario",20.24.4,v44392847
2004,2377.00,"Hamilton, Ontario",20.24.4,v44392847
2005,2396.00,"Hamilton, Ontario",20.24.4,v44392847
2006,2278.00,"Hamilton, Ontario",20.24.4,v44392847
2007,2414.00,"Hamilton, Ontario",20.24.4,v44392847
2008,2476.00,"Hamilton, Ontario",20.24.4,v44392847
2009,2395.00,"Hamilton, Ontario",20.24.4,v44392847
2010,2230.00,"Hamilton, Ontario",20.24.4,v44392847
2011,2383.00,"Hamilton, Ontario",20.24.4,v44392847
2012,1903.00,"Hamilton, Ontario",20.24.4,v44392847
2013,1701.00,"Hamilton, Ontario",20.24.4,v44392847
2014,1876.00,"Hamilton, Ontario",20.24.4,v44392847
2015,1600.00,"Hamilton, Ontario",20.24.4,v44392847
1998,1337.00,"St.Catharines-Niagara, Ontario",21.24.4,v44353713
1999,1274.00,"St.Catharines-Niagara, Ontario",21.24.4,v44353713
2000,1361.00,"St.Catharines-Niagara, Ontario",21.24.4,v44353713
2001,1419.00,"St.Catharines-Niagara, Ontario",21.24.4,v44353713
2002,1534.00,"St.Catharines-Niagara, Ontario",21.24.4,v44353713
2003,1135.00,"St.Catharines-Niagara, Ontario",21.24.4,v44353713
2004,1039.00,"St.Catharines-Niagara, Ontario",21.24.4,v44353713
2005,966.00,"St.Catharines-Niagara, Ontario",21.24.4,v44353713
2006,1034.00,"St.Catharines-Niagara, Ontario",21.24.4,v44353713
2007,999.00,"St.Catharines-Niagara, Ontario",21.24.4,v44353713
2008,1100.00,"St.Catharines-Niagara, Ontario",21.24.4,v44353713
2009,1051.00,"St.Catharines-Niagara, Ontario",21.24.4,v44353713
2010,1056.00,"St.Catharines-Niagara, Ontario",21.24.4,v44353713
2011,1066.00,"St.Catharines-Niagara, Ontario",21.24.4,v44353713
2012,1047.00,"St.Catharines-Niagara, Ontario",21.24.4,v44353713
2013,1042.00,"St.Catharines-Niagara, Ontario",21.24.4,v44353713
2014,888.00,"St.Catharines-Niagara, Ontario",21.24.4,v44353713
2015,739.00,"St.Catharines-Niagara, Ontario",21.24.4,v44353713
1998,1904.00,"Kitchener-Cambridge-Waterloo, Ontario",22.24.4,v44386774
1999,1538.00,"Kitchener-Cambridge-Waterloo, Ontario",22.24.4,v44386774
2000,1520.00,"Kitchener-Cambridge-Waterloo, Ontario",22.24.4,v44386774
2001,1466.00,"Kitchener-Cambridge-Waterloo, Ontario",22.24.4,v44386774
2002,1264.00,"Kitchener-Cambridge-Waterloo, Ontario",22.24.4,v44386774
2003,1191.00,"Kitchener-Cambridge-Waterloo, Ontario",22.24.4,v44386774
2004,1283.00,"Kitchener-Cambridge-Waterloo, Ontario",22.24.4,v44386774
2005,1257.00,"Kitchener-Cambridge-Waterloo, Ontario",22.24.4,v44386774
2006,1429.00,"Kitchener-Cambridge-Waterloo, Ontario",22.24.4,v44386774
2007,1301.00,"Kitchener-Cambridge-Waterloo, Ontario",22.24.4,v44386774
2008,1309.00,"Kitchener-Cambridge-Waterloo, Ontario",22.24.4,v44386774
2009,1398.00,"Kitchener-Cambridge-Waterloo, Ontario",22.24.4,v44386774
2010,1391.00,"Kitchener-Cambridge-Waterloo, Ontario",22.24.4,v44386774
2011,1341.00,"Kitchener-Cambridge-Waterloo, Ontario",22.24.4,v44386774
2012,1199.00,"Kitchener-Cambridge-Waterloo, Ontario",22.24.4,v44386774
2013,1111.00,"Kitchener-Cambridge-Waterloo, Ontario",22.24.4,v44386774
2014,1090.00,"Kitchener-Cambridge-Waterloo, Ontario",22.24.4,v44386774
2015,1130.00,"Kitchener-Cambridge-Waterloo, Ontario",22.24.4,v44386774
2005,..,"Brantford, Ontario",45.24.4,v52125317
2006,786.00,"Brantford, Ontario",45.24.4,v52125317
2007,729.00,"Brantford, Ontario",45.24.4,v52125317
2008,760.00,"Brantford, Ontario",45.24.4,v52125317
2009,713.00,"Brantford, Ontario",45.24.4,v52125317
2010,746.00,"Brantford, Ontario",45.24.4,v52125317
2011,706.00,"Brantford, Ontario",45.24.4,v52125317
2012,629.00,"Brantford, Ontario",45.24.4,v52125317
2013,596.00,"Brantford, Ontario",45.24.4,v52125317
2014,622.00,"Brantford, Ontario",45.24.4,v52125317
2015,600.00,"Brantford, Ontario",45.24.4,v52125317
2005,..,"Guelph, Ontario",46.24.4,v52126399
2006,331.00,"Guelph, Ontario",46.24.4,v52126399
2007,400.00,"Guelph, Ontario",46.24.4,v52126399
2008,376.00,"Guelph, Ontario",46.24.4,v52126399
2009,371.00,"Guelph, Ontario",46.24.4,v52126399
2010,420.00,"Guelph, Ontario",46.24.4,v52126399
2011,344.00,"Guelph, Ontario",46.24.4,v52126399
2012,373.00,"Guelph, Ontario",46.24.4,v52126399
2013,283.00,"Guelph, Ontario",46.24.4,v52126399
2014,262.00,"Guelph, Ontario",46.24.4,v52126399
2015,272.00,"Guelph, Ontario",46.24.4,v52126399
1998,2228.00,"London, Ontario",23.24.4,v44350809
1999,2206.00,"London, Ontario",23.24.4,v44350809
2000,1975.00,"London, Ontario",23.24.4,v44350809
2001,1848.00,"London, Ontario",23.24.4,v44350809
2002,1715.00,"London, Ontario",23.24.4,v44350809
2003,1544.00,"London, Ontario",23.24.4,v44350809
2004,1583.00,"London, Ontario",23.24.4,v44350809
2005,1706.00,"London, Ontario",23.24.4,v44350809
2006,1738.00,"London, Ontario",23.24.4,v44350809
2007,1719.00,"London, Ontario",23.24.4,v44350809
2008,1768.00,"London, Ontario",23.24.4,v44350809
2009,1775.00,"London, Ontario",23.24.4,v44350809
2010,1733.00,"London, Ontario",23.24.4,v44350809
2011,1666.00,"London, Ontario",23.24.4,v44350809
2012,1580.00,"London, Ontario",23.24.4,v44350809
2013,1416.00,"London, Ontario",23.24.4,v44350809
2014,1393.00,"London, Ontario",23.24.4,v44350809
2015,1522.00,"London, Ontario",23.24.4,v44350809
1998,1539.00,"Windsor, Ontario",24.24.4,v44340904
1999,1220.00,"Windsor, Ontario",24.24.4,v44340904
2000,1239.00,"Windsor, Ontario",24.24.4,v44340904
2001,1332.00,"Windsor, Ontario",24.24.4,v44340904
2002,1334.00,"Windsor, Ontario",24.24.4,v44340904
2003,1178.00,"Windsor, Ontario",24.24.4,v44340904
2004,1097.00,"Windsor, Ontario",24.24.4,v44340904
2005,1069.00,"Windsor, Ontario",24.24.4,v44340904
2006,1098.00,"Windsor, Ontario",24.24.4,v44340904
2007,1065.00,"Windsor, Ontario",24.24.4,v44340904
2008,903.00,"Windsor, Ontario",24.24.4,v44340904
2009,1005.00,"Windsor, Ontario",24.24.4,v44340904
2010,938.00,"Windsor, Ontario",24.24.4,v44340904
2011,941.00,"Windsor, Ontario",24.24.4,v44340904
2012,975.00,"Windsor, Ontario",24.24.4,v44340904
2013,912.00,"Windsor, Ontario",24.24.4,v44340904
2014,886.00,"Windsor, Ontario",24.24.4,v44340904
2015,910.00,"Windsor, Ontario",24.24.4,v44340904
2005,..,"Barrie, Ontario",47.24.4,v52143746
2006,714.00,"Barrie, Ontario",47.24.4,v52143746
2007,629.00,"Barrie, Ontario",47.24.4,v52143746
2008,637.00,"Barrie, Ontario",47.24.4,v52143746
2009,659.00,"Barrie, Ontario",47.24.4,v52143746
2010,631.00,"Barrie, Ontario",47.24.4,v52143746
2011,608.00,"Barrie, Ontario",47.24.4,v52143746
2012,592.00,"Barrie, Ontario",47.24.4,v52143746
2013,547.00,"Barrie, Ontario",47.24.4,v52143746
2014,617.00,"Barrie, Ontario",47.24.4,v52143746
2015,501.00,"Barrie, Ontario",47.24.4,v52143746
1998,796.00,"Sudbury, Ontario",25.24.4,v44353439
1999,792.00,"Sudbury, Ontario",25.24.4,v44353439
2000,863.00,"Sudbury, Ontario",25.24.4,v44353439
2001,940.00,"Sudbury, Ontario",25.24.4,v44353439
2002,738.00,"Sudbury, Ontario",25.24.4,v44353439
2003,619.00,"Sudbury, Ontario",25.24.4,v44353439
2004,583.00,"Sudbury, Ontario",25.24.4,v44353439
2005,552.00,"Sudbury, Ontario",25.24.4,v44353439
2006,636.00,"Sudbury, Ontario",25.24.4,v44353439
2007,652.00,"Sudbury, Ontario",25.24.4,v44353439
2008,653.00,"Sudbury, Ontario",25.24.4,v44353439
2009,608.00,"Sudbury, Ontario",25.24.4,v44353439
2010,592.00,"Sudbury, Ontario",25.24.4,v44353439
2011,526.00,"Sudbury, Ontario",25.24.4,v44353439
2012,559.00,"Sudbury, Ontario",25.24.4,v44353439
2013,546.00,"Sudbury, Ontario",25.24.4,v44353439
2014,514.00,"Sudbury, Ontario",25.24.4,v44353439
2015,487.00,"Sudbury, Ontario",25.24.4,v44353439
1998,1473.00,"Thunder Bay, Ontario",26.24.4,v44362926
1999,1341.00,"Thunder Bay, Ontario",26.24.4,v44362926
2000,1042.00,"Thunder Bay, Ontario",26.24.4,v44362926
2001,1023.00,"Thunder Bay, Ontario",26.24.4,v44362926
2002,982.00,"Thunder Bay, Ontario",26.24.4,v44362926
2003,881.00,"Thunder Bay, Ontario",26.24.4,v44362926
2004,907.00,"Thunder Bay, Ontario",26.24.4,v44362926
2005,823.00,"Thunder Bay, Ontario",26.24.4,v44362926
2006,832.00,"Thunder Bay, Ontario",26.24.4,v44362926
2007,817.00,"Thunder Bay, Ontario",26.24.4,v44362926
2008,791.00,"Thunder Bay, Ontario",26.24.4,v44362926
2009,830.00,"Thunder Bay, Ontario",26.24.4,v44362926
2010,702.00,"Thunder Bay, Ontario",26.24.4,v44362926
2011,649.00,"Thunder Bay, Ontario",26.24.4,v44362926
2012,630.00,"Thunder Bay, Ontario",26.24.4,v44362926
2013,665.00,"Thunder Bay, Ontario",26.24.4,v44362926
2014,611.00,"Thunder Bay, Ontario",26.24.4,v44362926
2015,594.00,"Thunder Bay, Ontario",26.24.4,v44362926
1998,7878.00,"Manitoba",28.24.4,v44341161
1999,7867.00,"Manitoba",28.24.4,v44341161
2000,8705.00,"Manitoba",28.24.4,v44341161
2001,8259.00,"Manitoba",28.24.4,v44341161
2002,8427.00,"Manitoba",28.24.4,v44341161
2003,8164.00,"Manitoba",28.24.4,v44341161
2004,8272.00,"Manitoba",28.24.4,v44341161
2005,7968.00,"Manitoba",28.24.4,v44341161
2006,8383.00,"Manitoba",28.24.4,v44341161
2007,8533.00,"Manitoba",28.24.4,v44341161
2008,8650.00,"Manitoba",28.24.4,v44341161
2009,9083.00,"Manitoba",28.24.4,v44341161
2010,8870.00,"Manitoba",28.24.4,v44341161
2011,8761.00,"Manitoba",28.24.4,v44341161
2012,9124.00,"Manitoba",28.24.4,v44341161
2013,8176.00,"Manitoba",28.24.4,v44341161
2014,7827.00,"Manitoba",28.24.4,v44341161
2015,8461.00,"Manitoba",28.24.4,v44341161
1998,3063.00,"Winnipeg, Manitoba",29.24.4,v44356075
1999,2807.00,"Winnipeg, Manitoba",29.24.4,v44356075
2000,3854.00,"Winnipeg, Manitoba",29.24.4,v44356075
2001,3755.00,"Winnipeg, Manitoba",29.24.4,v44356075
2002,3710.00,"Winnipeg, Manitoba",29.24.4,v44356075
2003,3328.00,"Winnipeg, Manitoba",29.24.4,v44356075
2004,3201.00,"Winnipeg, Manitoba",29.24.4,v44356075
2005,2746.00,"Winnipeg, Manitoba",29.24.4,v44356075
2006,2746.00,"Winnipeg, Manitoba",29.24.4,v44356075
2007,2651.00,"Winnipeg, Manitoba",29.24.4,v44356075
2008,2666.00,"Winnipeg, Manitoba",29.24.4,v44356075
2009,2704.00,"Winnipeg, Manitoba",29.24.4,v44356075
2010,2685.00,"Winnipeg, Manitoba",29.24.4,v44356075
2011,2507.00,"Winnipeg, Manitoba",29.24.4,v44356075
2012,2600.00,"Winnipeg, Manitoba",29.24.4,v44356075
2013,2337.00,"Winnipeg, Manitoba",29.24.4,v44356075
2014,2263.00,"Winnipeg, Manitoba",29.24.4,v44356075
2015,2561.00,"Winnipeg, Manitoba",29.24.4,v44356075
1998,7382.00,"Saskatchewan",30.24.4,v44379508
1999,7902.00,"Saskatchewan",30.24.4,v44379508
2000,7972.00,"Saskatchewan",30.24.4,v44379508
2001,8244.00,"Saskatchewan",30.24.4,v44379508
2002,7776.00,"Saskatchewan",30.24.4,v44379508
2003,8605.00,"Saskatchewan",30.24.4,v44379508
2004,8840.00,"Saskatchewan",30.24.4,v44379508
2005,9843.00,"Saskatchewan",30.24.4,v44379508
2006,10320.00,"Saskatchewan",30.24.4,v44379508
2007,10591.00,"Saskatchewan",30.24.4,v44379508
2008,10313.00,"Saskatchewan",30.24.4,v44379508
2009,10282.00,"Saskatchewan",30.24.4,v44379508
2010,10517.00,"Saskatchewan",30.24.4,v44379508
2011,10073.00,"Saskatchewan",30.24.4,v44379508
2012,9831.00,"Saskatchewan",30.24.4,v44379508
2013,8469.00,"Saskatchewan",30.24.4,v44379508
2014,8158.00,"Saskatchewan",30.24.4,v44379508
2015,8044.00,"Saskatchewan",30.24.4,v44379508
1998,1329.00,"Regina, Saskatchewan",31.24.4,v44377336
1999,1321.00,"Regina, Saskatchewan",31.24.4,v44377336
2000,1292.00,"Regina, Saskatchewan",31.24.4,v44377336
2001,1211.00,"Regina, Saskatchewan",31.24.4,v44377336
2002,1139.00,"Regina, Saskatchewan",31.24.4,v44377336
2003,1144.00,"Regina, Saskatchewan",31.24.4,v44377336
2004,1223.00,"Regina, Saskatchewan",31.24.4,v44377336
2005,1336.00,"Regina, Saskatchewan",31.24.4,v44377336
2006,1186.00,"Regina, Saskatchewan",31.24.4,v44377336
2007,1116.00,"Regina, Saskatchewan",31.24.4,v44377336
2008,1260.00,"Regina, Saskatchewan",31.24.4,v44377336
2009,1260.00,"Regina, Saskatchewan",31.24.4,v44377336
2010,1312.00,"Regina, Saskatchewan",31.24.4,v44377336
2011,1285.00,"Regina, Saskatchewan",31.24.4,v44377336
2012,1252.00,"Regina, Saskatchewan",31.24.4,v44377336
2013,1021.00,"Regina, Saskatchewan",31.24.4,v44377336
2014,981.00,"Regina, Saskatchewan",31.24.4,v44377336
2015,909.00,"Regina, Saskatchewan",31.24.4,v44377336
1998,954.00,"Saskatoon, Saskatchewan",32.24.4,v44373037
1999,1171.00,"Saskatoon, Saskatchewan",32.24.4,v44373037
2000,1287.00,"Saskatoon, Saskatchewan",32.24.4,v44373037
2001,1410.00,"Saskatoon, Saskatchewan",32.24.4,v44373037
2002,1374.00,"Saskatoon, Saskatchewan",32.24.4,v44373037
2003,1388.00,"Saskatoon, Saskatchewan",32.24.4,v44373037
2004,1397.00,"Saskatoon, Saskatchewan",32.24.4,v44373037
2005,1196.00,"Saskatoon, Saskatchewan",32.24.4,v44373037
2006,1283.00,"Saskatoon, Saskatchewan",32.24.4,v44373037
2007,1376.00,"Saskatoon, Saskatchewan",32.24.4,v44373037
2008,1333.00,"Saskatoon, Saskatchewan",32.24.4,v44373037
2009,1156.00,"Saskatoon, Saskatchewan",32.24.4,v44373037
2010,1151.00,"Saskatoon, Saskatchewan",32.24.4,v44373037
2011,1261.00,"Saskatoon, Saskatchewan",32.24.4,v44373037
2012,1165.00,"Saskatoon, Saskatchewan",32.24.4,v44373037
2013,1027.00,"Saskatoon, Saskatchewan",32.24.4,v44373037
2014,1078.00,"Saskatoon, Saskatchewan",32.24.4,v44373037
2015,982.00,"Saskatoon, Saskatchewan",32.24.4,v44373037
1998,16007.00,"Alberta",33.24.4,v44373478
1999,16146.00,"Alberta",33.24.4,v44373478
2000,15638.00,"Alberta",33.24.4,v44373478
2001,15817.00,"Alberta",33.24.4,v44373478
2002,15631.00,"Alberta",33.24.4,v44373478
2003,15638.00,"Alberta",33.24.4,v44373478
2004,15372.00,"Alberta",33.24.4,v44373478
2005,16540.00,"Alberta",33.24.4,v44373478
2006,18903.00,"Alberta",33.24.4,v44373478
2007,19186.00,"Alberta",33.24.4,v44373478
2008,20108.00,"Alberta",33.24.4,v44373478
2009,20546.00,"Alberta",33.24.4,v44373478
2010,19284.00,"Alberta",33.24.4,v44373478
2011,18937.00,"Alberta",33.24.4,v44373478
2012,19051.00,"Alberta",33.24.4,v44373478
2013,17950.00,"Alberta",33.24.4,v44373478
2014,17818.00,"Alberta",33.24.4,v44373478
2015,18226.00,"Alberta",33.24.4,v44373478
1998,3849.00,"Calgary, Alberta",34.24.4,v44380458
1999,4016.00,"Calgary, Alberta",34.24.4,v44380458
2000,4437.00,"Calgary, Alberta",34.24.4,v44380458
2001,4215.00,"Calgary, Alberta",34.24.4,v44380458
2002,3955.00,"Calgary, Alberta",34.24.4,v44380458
2003,3932.00,"Calgary, Alberta",34.24.4,v44380458
2004,3924.00,"Calgary, Alberta",34.24.4,v44380458
2005,3796.00,"Calgary, Alberta",34.24.4,v44380458
2006,3653.00,"Calgary, Alberta",34.24.4,v44380458
2007,3162.00,"Calgary, Alberta",34.24.4,v44380458
2008,3278.00,"Calgary, Alberta",34.24.4,v44380458
2009,3423.00,"Calgary, Alberta",34.24.4,v44380458
2010,3363.00,"Calgary, Alberta",34.24.4,v44380458
2011,3417.00,"Calgary, Alberta",34.24.4,v44380458
2012,3123.00,"Calgary, Alberta",34.24.4,v44380458
2013,3020.00,"Calgary, Alberta",34.24.4,v44380458
2014,3533.00,"Calgary, Alberta",34.24.4,v44380458
2015,3601.00,"Calgary, Alberta",34.24.4,v44380458
1998,3766.00,"Edmonton, Alberta",35.24.4,v44360261
1999,3237.00,"Edmonton, Alberta",35.24.4,v44360261
2000,3411.00,"Edmonton, Alberta",35.24.4,v44360261
2001,3494.00,"Edmonton, Alberta",35.24.4,v44360261
2002,3312.00,"Edmonton, Alberta",35.24.4,v44360261
2003,3183.00,"Edmonton, Alberta",35.24.4,v44360261
2004,2783.00,"Edmonton, Alberta",35.24.4,v44360261
2005,3036.00,"Edmonton, Alberta",35.24.4,v44360261
2006,3517.00,"Edmonton, Alberta",35.24.4,v44360261
2007,4218.00,"Edmonton, Alberta",35.24.4,v44360261
2008,4368.00,"Edmonton, Alberta",35.24.4,v44360261
2009,4730.00,"Edmonton, Alberta",35.24.4,v44360261
2010,4439.00,"Edmonton, Alberta",35.24.4,v44360261
2011,4289.00,"Edmonton, Alberta",35.24.4,v44360261
2012,4261.00,"Edmonton, Alberta",35.24.4,v44360261
2013,4063.00,"Edmonton, Alberta",35.24.4,v44360261
2014,3874.00,"Edmonton, Alberta",35.24.4,v44360261
2015,4193.00,"Edmonton, Alberta",35.24.4,v44360261
1998,26194.00,"British Columbia",36.24.4,v44402242
1999,25418.00,"British Columbia",36.24.4,v44402242
2000,23167.00,"British Columbia",36.24.4,v44402242
2001,21141.00,"British Columbia",36.24.4,v44402242
2002,20117.00,"British Columbia",36.24.4,v44402242
2003,19496.00,"British Columbia",36.24.4,v44402242
2004,18302.00,"British Columbia",36.24.4,v44402242
2005,18419.00,"British Columbia",36.24.4,v44402242
2006,18925.00,"British Columbia",36.24.4,v44402242
2007,18929.00,"British Columbia",36.24.4,v44402242
2008,18261.00,"British Columbia",36.24.4,v44402242
2009,19136.00,"British Columbia",36.24.4,v44402242
2010,18712.00,"British Columbia",36.24.4,v44402242
2011,18094.00,"British Columbia",36.24.4,v44402242
2012,17155.00,"British Columbia",36.24.4,v44402242
2013,16279.00,"British Columbia",36.24.4,v44402242
2014,15251.00,"British Columbia",36.24.4,v44402242
2015,15212.00,"British Columbia",36.24.4,v44402242
2005,..,"Kelowna, British Columbia",48.24.4,v52143223
2006,777.00,"Kelowna, British Columbia",48.24.4,v52143223
2007,1161.00,"Kelowna, British Columbia",48.24.4,v52143223
2008,1060.00,"Kelowna, British Columbia",48.24.4,v52143223
2009,1145.00,"Kelowna, British Columbia",48.24.4,v52143223
2010,1084.00,"Kelowna, British Columbia",48.24.4,v52143223
2011,969.00,"Kelowna, British Columbia",48.24.4,v52143223
2012,967.00,"Kelowna, British Columbia",48.24.4,v52143223
2013,781.00,"Kelowna, British Columbia",48.24.4,v52143223
2014,675.00,"Kelowna, British Columbia",48.24.4,v52143223
2015,668.00,"Kelowna, British Columbia",48.24.4,v52143223
2000,..,"Abbotsford-Mission, British Columbia",39.24.4,v44396420
2001,676.00,"Abbotsford-Mission, British Columbia",39.24.4,v44396420
2002,631.00,"Abbotsford-Mission, British Columbia",39.24.4,v44396420
2003,633.00,"Abbotsford-Mission, British Columbia",39.24.4,v44396420
2004,661.00,"Abbotsford-Mission, British Columbia",39.24.4,v44396420
2005,608.00,"Abbotsford-Mission, British Columbia",39.24.4,v44396420
2006,643.00,"Abbotsford-Mission, British Columbia",39.24.4,v44396420
2007,597.00,"Abbotsford-Mission, British Columbia",39.24.4,v44396420
2008,623.00,"Abbotsford-Mission, British Columbia",39.24.4,v44396420
2009,655.00,"Abbotsford-Mission, British Columbia",39.24.4,v44396420
2010,653.00,"Abbotsford-Mission, British Columbia",39.24.4,v44396420
2011,547.00,"Abbotsford-Mission, British Columbia",39.24.4,v44396420
2012,556.00,"Abbotsford-Mission, British Columbia",39.24.4,v44396420
2013,507.00,"Abbotsford-Mission, British Columbia",39.24.4,v44396420
2014,519.00,"Abbotsford-Mission, British Columbia",39.24.4,v44396420
2015,544.00,"Abbotsford-Mission, British Columbia",39.24.4,v44396420
1998,9280.00,"Vancouver, British Columbia",37.24.4,v44341992
1999,9444.00,"Vancouver, British Columbia",37.24.4,v44341992
2000,8783.00,"Vancouver, British Columbia",37.24.4,v44341992
2001,7703.00,"Vancouver, British Columbia",37.24.4,v44341992
2002,7105.00,"Vancouver, British Columbia",37.24.4,v44341992
2003,6839.00,"Vancouver, British Columbia",37.24.4,v44341992
2004,6499.00,"Vancouver, British Columbia",37.24.4,v44341992
2005,6517.00,"Vancouver, British Columbia",37.24.4,v44341992
2006,6686.00,"Vancouver, British Columbia",37.24.4,v44341992
2007,6415.00,"Vancouver, British Columbia",37.24.4,v44341992
2008,6489.00,"Vancouver, British Columbia",37.24.4,v44341992
2009,6503.00,"Vancouver, British Columbia",37.24.4,v44341992
2010,6634.00,"Vancouver, British Columbia",37.24.4,v44341992
2011,6519.00,"Vancouver, British Columbia",37.24.4,v44341992
2012,6123.00,"Vancouver, British Columbia",37.24.4,v44341992
2013,5968.00,"Vancouver, British Columbia",37.24.4,v44341992
2014,5660.00,"Vancouver, British Columbia",37.24.4,v44341992
2015,5315.00,"Vancouver, British Columbia",37.24.4,v44341992
1998,2039.00,"Victoria, British Columbia",38.24.4,v44361027
1999,1883.00,"Victoria, British Columbia",38.24.4,v44361027
2000,1502.00,"Victoria, British Columbia",38.24.4,v44361027
2001,1574.00,"Victoria, British Columbia",38.24.4,v44361027
2002,1594.00,"Victoria, British Columbia",38.24.4,v44361027
2003,1561.00,"Victoria, British Columbia",38.24.4,v44361027
2004,1181.00,"Victoria, British Columbia",38.24.4,v44361027
2005,1123.00,"Victoria, British Columbia",38.24.4,v44361027
2006,971.00,"Victoria, British Columbia",38.24.4,v44361027
2007,1189.00,"Victoria, British Columbia",38.24.4,v44361027
2008,1228.00,"Victoria, British Columbia",38.24.4,v44361027
2009,1386.00,"Victoria, British Columbia",38.24.4,v44361027
2010,1444.00,"Victoria, British Columbia",38.24.4,v44361027
2011,1247.00,"Victoria, British Columbia",38.24.4,v44361027
2012,1178.00,"Victoria, British Columbia",38.24.4,v44361027
2013,1069.00,"Victoria, British Columbia",38.24.4,v44361027
2014,990.00,"Victoria, British Columbia",38.24.4,v44361027
2015,1035.00,"Victoria, British Columbia",38.24.4,v44361027
1998,486.00,"Yukon",40.24.4,v44338021
1999,531.00,"Yukon",40.24.4,v44338021
2000,501.00,"Yukon",40.24.4,v44338021
2001,529.00,"Yukon",40.24.4,v44338021
2002,537.00,"Yukon",40.24.4,v44338021
2003,561.00,"Yukon",40.24.4,v44338021
2004,625.00,"Yukon",40.24.4,v44338021
2005,603.00,"Yukon",40.24.4,v44338021
2006,591.00,"Yukon",40.24.4,v44338021
2007,598.00,"Yukon",40.24.4,v44338021
2008,600.00,"Yukon",40.24.4,v44338021
2009,660.00,"Yukon",40.24.4,v44338021
2010,586.00,"Yukon",40.24.4,v44338021
2011,643.00,"Yukon",40.24.4,v44338021
2012,615.00,"Yukon",40.24.4,v44338021
2013,692.00,"Yukon",40.24.4,v44338021
2014,675.00,"Yukon",40.24.4,v44338021
2015,649.00,"Yukon",40.24.4,v44338021
1998,1949.00,"Northwest Territories",41.24.4,v44345184
1999,1094.00,"Northwest Territories",41.24.4,v44345184
2000,988.00,"Northwest Territories",41.24.4,v44345184
2001,968.00,"Northwest Territories",41.24.4,v44345184
2002,1116.00,"Northwest Territories",41.24.4,v44345184
2003,1328.00,"Northwest Territories",41.24.4,v44345184
2004,1511.00,"Northwest Territories",41.24.4,v44345184
2005,1585.00,"Northwest Territories",41.24.4,v44345184
2006,1823.00,"Northwest Territories",41.24.4,v44345184
2007,2007.00,"Northwest Territories",41.24.4,v44345184
2008,1953.00,"Northwest Territories",41.24.4,v44345184
2009,1935.00,"Northwest Territories",41.24.4,v44345184
2010,1733.00,"Northwest Territories",41.24.4,v44345184
2011,1686.00,"Northwest Territories",41.24.4,v44345184
2012,1617.00,"Northwest Territories",41.24.4,v44345184
2013,1481.00,"Northwest Territories",41.24.4,v44345184
2014,1378.00,"Northwest Territories",41.24.4,v44345184
2015,1478.00,"Northwest Territories",41.24.4,v44345184
1998,..,"Nunavut",42.24.4,v44379008
1999,841.00,"Nunavut",42.24.4,v44379008
2000,919.00,"Nunavut",42.24.4,v44379008
2001,935.00,"Nunavut",42.24.4,v44379008
2002,1087.00,"Nunavut",42.24.4,v44379008
2003,1338.00,"Nunavut",42.24.4,v44379008
2004,1387.00,"Nunavut",42.24.4,v44379008
2005,1183.00,"Nunavut",42.24.4,v44379008
2006,1452.00,"Nunavut",42.24.4,v44379008
2007,1492.00,"Nunavut",42.24.4,v44379008
2008,1680.00,"Nunavut",42.24.4,v44379008
2009,1618.00,"Nunavut",42.24.4,v44379008
2010,1742.00,"Nunavut",42.24.4,v44379008
2011,1676.00,"Nunavut",42.24.4,v44379008
2012,1641.00,"Nunavut",42.24.4,v44379008
2013,1495.00,"Nunavut",42.24.4,v44379008
2014,1406.00,"Nunavut",42.24.4,v44379008
2015,1408.00,"Nunavut",42.24.4,v44379008
