1998,5.31,"Canada",1.85.2,v44374449
1999,5.62,"Canada",1.85.2,v44374449
2000,4.43,"Canada",1.85.2,v44374449
2001,5.60,"Canada",1.85.2,v44374449
2002,8.05,"Canada",1.85.2,v44374449
2003,8.73,"Canada",1.85.2,v44374449
2004,6.83,"Canada",1.85.2,v44374449
2005,4.70,"Canada",1.85.2,v44374449
2006,3.52,"Canada",1.85.2,v44374449
2007,2.19,"Canada",1.85.2,v44374449
2008,3.09,"Canada",1.85.2,v44374449
2009,2.43,"Canada",1.85.2,v44374449
2010,2.40,"Canada",1.85.2,v44374449
2011,1.81,"Canada",1.85.2,v44374449
2012,1.27,"Canada",1.85.2,v44374449
2013,1.79,"Canada",1.85.2,v44374449
2014,1.65,"Canada",1.85.2,v44374449
2015,1.87,"Canada",1.85.2,v44374449
1998,0.56,"Newfoundland and Labrador",2.85.2,v44368899
1999,4.31,"Newfoundland and Labrador",2.85.2,v44368899
2000,1.70,"Newfoundland and Labrador",2.85.2,v44368899
2001,0.96,"Newfoundland and Labrador",2.85.2,v44368899
2002,1.35,"Newfoundland and Labrador",2.85.2,v44368899
2003,2.89,"Newfoundland and Labrador",2.85.2,v44368899
2004,2.13,"Newfoundland and Labrador",2.85.2,v44368899
2005,0.97,"Newfoundland and Labrador",2.85.2,v44368899
2006,1.18,"Newfoundland and Labrador",2.85.2,v44368899
2007,0.79,"Newfoundland and Labrador",2.85.2,v44368899
2008,2.93,"Newfoundland and Labrador",2.85.2,v44368899
2009,0.97,"Newfoundland and Labrador",2.85.2,v44368899
2010,0.38,"Newfoundland and Labrador",2.85.2,v44368899
2011,0.38,"Newfoundland and Labrador",2.85.2,v44368899
2012,1.14,"Newfoundland and Labrador",2.85.2,v44368899
2013,0.38,"Newfoundland and Labrador",2.85.2,v44368899
2014,0.00,"Newfoundland and Labrador",2.85.2,v44368899
2015,0.38,"Newfoundland and Labrador",2.85.2,v44368899
1998,0.58,"St. John's, Newfoundland and Labrador",3.85.2,v44332002
1999,4.63,"St. John's, Newfoundland and Labrador",3.85.2,v44332002
2000,2.30,"St. John's, Newfoundland and Labrador",3.85.2,v44332002
2001,2.30,"St. John's, Newfoundland and Labrador",3.85.2,v44332002
2002,2.85,"St. John's, Newfoundland and Labrador",3.85.2,v44332002
2003,3.95,"St. John's, Newfoundland and Labrador",3.85.2,v44332002
2004,3.34,"St. John's, Newfoundland and Labrador",3.85.2,v44332002
2005,1.11,"St. John's, Newfoundland and Labrador",3.85.2,v44332002
2006,1.10,"St. John's, Newfoundland and Labrador",3.85.2,v44332002
2007,1.63,"St. John's, Newfoundland and Labrador",3.85.2,v44332002
2008,5.34,"St. John's, Newfoundland and Labrador",3.85.2,v44332002
2009,1.04,"St. John's, Newfoundland and Labrador",3.85.2,v44332002
2010,0.00,"St. John's, Newfoundland and Labrador",3.85.2,v44332002
2011,0.00,"St. John's, Newfoundland and Labrador",3.85.2,v44332002
2012,0.00,"St. John's, Newfoundland and Labrador",3.85.2,v44332002
2013,0.00,"St. John's, Newfoundland and Labrador",3.85.2,v44332002
2014,0.00,"St. John's, Newfoundland and Labrador",3.85.2,v44332002
2015,0.00,"St. John's, Newfoundland and Labrador",3.85.2,v44332002
1998,8.10,"Prince Edward Island",4.85.2,v44356454
1999,19.81,"Prince Edward Island",4.85.2,v44356454
2000,15.39,"Prince Edward Island",4.85.2,v44356454
2001,0.73,"Prince Edward Island",4.85.2,v44356454
2002,8.04,"Prince Edward Island",4.85.2,v44356454
2003,15.30,"Prince Edward Island",4.85.2,v44356454
2004,3.63,"Prince Edward Island",4.85.2,v44356454
2005,0.72,"Prince Edward Island",4.85.2,v44356454
2006,2.90,"Prince Edward Island",4.85.2,v44356454
2007,2.90,"Prince Edward Island",4.85.2,v44356454
2008,0.00,"Prince Edward Island",4.85.2,v44356454
2009,0.71,"Prince Edward Island",4.85.2,v44356454
2010,15.53,"Prince Edward Island",4.85.2,v44356454
2011,0.69,"Prince Edward Island",4.85.2,v44356454
2012,0.00,"Prince Edward Island",4.85.2,v44356454
2013,1.38,"Prince Edward Island",4.85.2,v44356454
2014,0.00,"Prince Edward Island",4.85.2,v44356454
2015,0.68,"Prince Edward Island",4.85.2,v44356454
1998,2.47,"Nova Scotia",5.85.2,v44407937
1999,8.03,"Nova Scotia",5.85.2,v44407937
2000,2.03,"Nova Scotia",5.85.2,v44407937
2001,1.07,"Nova Scotia",5.85.2,v44407937
2002,5.67,"Nova Scotia",5.85.2,v44407937
2003,9.92,"Nova Scotia",5.85.2,v44407937
2004,5.43,"Nova Scotia",5.85.2,v44407937
2005,2.35,"Nova Scotia",5.85.2,v44407937
2006,1.07,"Nova Scotia",5.85.2,v44407937
2007,1.28,"Nova Scotia",5.85.2,v44407937
2008,2.78,"Nova Scotia",5.85.2,v44407937
2009,0.75,"Nova Scotia",5.85.2,v44407937
2010,3.08,"Nova Scotia",5.85.2,v44407937
2011,3.18,"Nova Scotia",5.85.2,v44407937
2012,4.23,"Nova Scotia",5.85.2,v44407937
2013,0.85,"Nova Scotia",5.85.2,v44407937
2014,0.32,"Nova Scotia",5.85.2,v44407937
2015,0.53,"Nova Scotia",5.85.2,v44407937
1998,0.59,"Halifax, Nova Scotia",6.85.2,v44394703
1999,5.80,"Halifax, Nova Scotia",6.85.2,v44394703
2000,1.36,"Halifax, Nova Scotia",6.85.2,v44394703
2001,0.54,"Halifax, Nova Scotia",6.85.2,v44394703
2002,8.03,"Halifax, Nova Scotia",6.85.2,v44394703
2003,5.57,"Halifax, Nova Scotia",6.85.2,v44394703
2004,8.14,"Halifax, Nova Scotia",6.85.2,v44394703
2005,1.83,"Halifax, Nova Scotia",6.85.2,v44394703
2006,1.04,"Halifax, Nova Scotia",6.85.2,v44394703
2007,0.78,"Halifax, Nova Scotia",6.85.2,v44394703
2008,0.77,"Halifax, Nova Scotia",6.85.2,v44394703
2009,0.51,"Halifax, Nova Scotia",6.85.2,v44394703
2010,2.01,"Halifax, Nova Scotia",6.85.2,v44394703
2011,3.98,"Halifax, Nova Scotia",6.85.2,v44394703
2012,4.43,"Halifax, Nova Scotia",6.85.2,v44394703
2013,0.49,"Halifax, Nova Scotia",6.85.2,v44394703
2014,0.24,"Halifax, Nova Scotia",6.85.2,v44394703
2015,0.72,"Halifax, Nova Scotia",6.85.2,v44394703
1998,8.39,"New Brunswick",7.85.2,v44337325
1999,9.73,"New Brunswick",7.85.2,v44337325
2000,3.46,"New Brunswick",7.85.2,v44337325
2001,2.67,"New Brunswick",7.85.2,v44337325
2002,8.94,"New Brunswick",7.85.2,v44337325
2003,7.34,"New Brunswick",7.85.2,v44337325
2004,7.47,"New Brunswick",7.85.2,v44337325
2005,5.08,"New Brunswick",7.85.2,v44337325
2006,4.56,"New Brunswick",7.85.2,v44337325
2007,2.15,"New Brunswick",7.85.2,v44337325
2008,2.41,"New Brunswick",7.85.2,v44337325
2009,1.20,"New Brunswick",7.85.2,v44337325
2010,0.80,"New Brunswick",7.85.2,v44337325
2011,2.38,"New Brunswick",7.85.2,v44337325
2012,0.40,"New Brunswick",7.85.2,v44337325
2013,4.23,"New Brunswick",7.85.2,v44337325
2014,0.40,"New Brunswick",7.85.2,v44337325
2015,0.40,"New Brunswick",7.85.2,v44337325
2005,..,"Moncton, New Brunswick",43.85.2,v52121300
2006,3.84,"Moncton, New Brunswick",43.85.2,v52121300
2007,0.76,"Moncton, New Brunswick",43.85.2,v52121300
2008,0.75,"Moncton, New Brunswick",43.85.2,v52121300
2009,1.48,"Moncton, New Brunswick",43.85.2,v52121300
2010,0.73,"Moncton, New Brunswick",43.85.2,v52121300
2011,3.57,"Moncton, New Brunswick",43.85.2,v52121300
2012,0.70,"Moncton, New Brunswick",43.85.2,v52121300
2013,17.49,"Moncton, New Brunswick",43.85.2,v52121300
2014,0.00,"Moncton, New Brunswick",43.85.2,v52121300
2015,0.00,"Moncton, New Brunswick",43.85.2,v52121300
1998,4.01,"Saint John, New Brunswick",8.85.2,v44375024
1999,5.46,"Saint John, New Brunswick",8.85.2,v44375024
2000,0.00,"Saint John, New Brunswick",8.85.2,v44375024
2001,0.69,"Saint John, New Brunswick",8.85.2,v44375024
2002,29.49,"Saint John, New Brunswick",8.85.2,v44375024
2003,26.92,"Saint John, New Brunswick",8.85.2,v44375024
2004,12.50,"Saint John, New Brunswick",8.85.2,v44375024
2005,3.48,"Saint John, New Brunswick",8.85.2,v44375024
2006,6.28,"Saint John, New Brunswick",8.85.2,v44375024
2007,2.78,"Saint John, New Brunswick",8.85.2,v44375024
2008,6.23,"Saint John, New Brunswick",8.85.2,v44375024
2009,0.69,"Saint John, New Brunswick",8.85.2,v44375024
2010,3.41,"Saint John, New Brunswick",8.85.2,v44375024
2011,6.12,"Saint John, New Brunswick",8.85.2,v44375024
2012,0.00,"Saint John, New Brunswick",8.85.2,v44375024
2013,0.00,"Saint John, New Brunswick",8.85.2,v44375024
2014,0.00,"Saint John, New Brunswick",8.85.2,v44375024
2015,0.79,"Saint John, New Brunswick",8.85.2,v44375024
1998,3.69,"Quebec",9.85.2,v44340001
1999,3.54,"Quebec",9.85.2,v44340001
2000,3.09,"Quebec",9.85.2,v44340001
2001,4.68,"Quebec",9.85.2,v44340001
2002,11.77,"Quebec",9.85.2,v44340001
2003,11.97,"Quebec",9.85.2,v44340001
2004,5.41,"Quebec",9.85.2,v44340001
2005,2.70,"Quebec",9.85.2,v44340001
2006,3.00,"Quebec",9.85.2,v44340001
2007,2.63,"Quebec",9.85.2,v44340001
2008,2.02,"Quebec",9.85.2,v44340001
2009,2.28,"Quebec",9.85.2,v44340001
2010,1.98,"Quebec",9.85.2,v44340001
2011,1.59,"Quebec",9.85.2,v44340001
2012,1.52,"Quebec",9.85.2,v44340001
2013,2.64,"Quebec",9.85.2,v44340001
2014,2.74,"Quebec",9.85.2,v44340001
2015,1.61,"Quebec",9.85.2,v44340001
1998,0.60,"Saguenay, Quebec",10.85.2,v44350316
1999,5.43,"Saguenay, Quebec",10.85.2,v44350316
2000,0.61,"Saguenay, Quebec",10.85.2,v44350316
2001,1.85,"Saguenay, Quebec",10.85.2,v44350316
2002,0.67,"Saguenay, Quebec",10.85.2,v44350316
2003,16.87,"Saguenay, Quebec",10.85.2,v44350316
2004,2.03,"Saguenay, Quebec",10.85.2,v44350316
2005,0.68,"Saguenay, Quebec",10.85.2,v44350316
2006,0.69,"Saguenay, Quebec",10.85.2,v44350316
2007,1.37,"Saguenay, Quebec",10.85.2,v44350316
2008,2.74,"Saguenay, Quebec",10.85.2,v44350316
2009,0.00,"Saguenay, Quebec",10.85.2,v44350316
2010,2.05,"Saguenay, Quebec",10.85.2,v44350316
2011,0.00,"Saguenay, Quebec",10.85.2,v44350316
2012,0.00,"Saguenay, Quebec",10.85.2,v44350316
2013,0.00,"Saguenay, Quebec",10.85.2,v44350316
2014,1.19,"Saguenay, Quebec",10.85.2,v44350316
2015,0.00,"Saguenay, Quebec",10.85.2,v44350316
1998,0.00,"Sherbrooke, Quebec",12.85.2,v44380199
1999,0.00,"Sherbrooke, Quebec",12.85.2,v44380199
2000,2.07,"Sherbrooke, Quebec",12.85.2,v44380199
2001,2.08,"Sherbrooke, Quebec",12.85.2,v44380199
2002,7.64,"Sherbrooke, Quebec",12.85.2,v44380199
2003,6.87,"Sherbrooke, Quebec",12.85.2,v44380199
2004,3.42,"Sherbrooke, Quebec",12.85.2,v44380199
2005,0.68,"Sherbrooke, Quebec",12.85.2,v44380199
2006,0.56,"Sherbrooke, Quebec",12.85.2,v44380199
2007,5.53,"Sherbrooke, Quebec",12.85.2,v44380199
2008,1.64,"Sherbrooke, Quebec",12.85.2,v44380199
2009,3.24,"Sherbrooke, Quebec",12.85.2,v44380199
2010,0.53,"Sherbrooke, Quebec",12.85.2,v44380199
2011,1.58,"Sherbrooke, Quebec",12.85.2,v44380199
2012,2.59,"Sherbrooke, Quebec",12.85.2,v44380199
2013,12.31,"Sherbrooke, Quebec",12.85.2,v44380199
2014,1.52,"Sherbrooke, Quebec",12.85.2,v44380199
2015,2.01,"Sherbrooke, Quebec",12.85.2,v44380199
1998,2.32,"Ottawa-Gatineau, Quebec part",15.85.2,v44366447
1999,9.99,"Ottawa-Gatineau, Quebec part",15.85.2,v44366447
2000,4.18,"Ottawa-Gatineau, Quebec part",15.85.2,v44366447
2001,14.97,"Ottawa-Gatineau, Quebec part",15.85.2,v44366447
2002,8.83,"Ottawa-Gatineau, Quebec part",15.85.2,v44366447
2003,14.81,"Ottawa-Gatineau, Quebec part",15.85.2,v44366447
2004,6.07,"Ottawa-Gatineau, Quebec part",15.85.2,v44366447
2005,1.76,"Ottawa-Gatineau, Quebec part",15.85.2,v44366447
2006,2.09,"Ottawa-Gatineau, Quebec part",15.85.2,v44366447
2007,0.34,"Ottawa-Gatineau, Quebec part",15.85.2,v44366447
2008,1.01,"Ottawa-Gatineau, Quebec part",15.85.2,v44366447
2009,1.32,"Ottawa-Gatineau, Quebec part",15.85.2,v44366447
2010,0.97,"Ottawa-Gatineau, Quebec part",15.85.2,v44366447
2011,1.27,"Ottawa-Gatineau, Quebec part",15.85.2,v44366447
2012,2.19,"Ottawa-Gatineau, Quebec part",15.85.2,v44366447
2013,7.43,"Ottawa-Gatineau, Quebec part",15.85.2,v44366447
2014,3.07,"Ottawa-Gatineau, Quebec part",15.85.2,v44366447
2015,0.61,"Ottawa-Gatineau, Quebec part",15.85.2,v44366447
1998,7.35,"Ontario",16.85.2,v44393098
1999,6.34,"Ontario",16.85.2,v44393098
2000,5.55,"Ontario",16.85.2,v44393098
2001,8.51,"Ontario",16.85.2,v44393098
2002,9.35,"Ontario",16.85.2,v44393098
2003,9.58,"Ontario",16.85.2,v44393098
2004,7.27,"Ontario",16.85.2,v44393098
2005,5.13,"Ontario",16.85.2,v44393098
2006,3.79,"Ontario",16.85.2,v44393098
2007,1.79,"Ontario",16.85.2,v44393098
2008,3.39,"Ontario",16.85.2,v44393098
2009,1.48,"Ontario",16.85.2,v44393098
2010,1.57,"Ontario",16.85.2,v44393098
2011,1.29,"Ontario",16.85.2,v44393098
2012,0.91,"Ontario",16.85.2,v44393098
2013,1.51,"Ontario",16.85.2,v44393098
2014,1.41,"Ontario",16.85.2,v44393098
2015,1.70,"Ontario",16.85.2,v44393098
1998,4.82,"Ottawa-Gatineau, Ontario/Quebec",17.85.2,v52148410
1999,3.83,"Ottawa-Gatineau, Ontario/Quebec",17.85.2,v52148410
2000,1.74,"Ottawa-Gatineau, Ontario/Quebec",17.85.2,v52148410
2001,4.66,"Ottawa-Gatineau, Ontario/Quebec",17.85.2,v52148410
2002,5.21,"Ottawa-Gatineau, Ontario/Quebec",17.85.2,v52148410
2003,17.37,"Ottawa-Gatineau, Ontario/Quebec",17.85.2,v52148410
2004,4.75,"Ottawa-Gatineau, Ontario/Quebec",17.85.2,v52148410
2005,1.45,"Ottawa-Gatineau, Ontario/Quebec",17.85.2,v52148410
2006,2.29,"Ottawa-Gatineau, Ontario/Quebec",17.85.2,v52148410
2007,1.01,"Ottawa-Gatineau, Ontario/Quebec",17.85.2,v52148410
2008,0.99,"Ottawa-Gatineau, Ontario/Quebec",17.85.2,v52148410
2009,1.54,"Ottawa-Gatineau, Ontario/Quebec",17.85.2,v52148410
2010,0.32,"Ottawa-Gatineau, Ontario/Quebec",17.85.2,v52148410
2011,0.55,"Ottawa-Gatineau, Ontario/Quebec",17.85.2,v52148410
2012,0.93,"Ottawa-Gatineau, Ontario/Quebec",17.85.2,v52148410
2013,3.00,"Ottawa-Gatineau, Ontario/Quebec",17.85.2,v52148410
2014,2.29,"Ottawa-Gatineau, Ontario/Quebec",17.85.2,v52148410
2015,1.36,"Ottawa-Gatineau, Ontario/Quebec",17.85.2,v52148410
1998,5.65,"Ottawa-Gatineau, Ontario part",18.85.2,v44376726
1999,1.85,"Ottawa-Gatineau, Ontario part",18.85.2,v44376726
2000,0.97,"Ottawa-Gatineau, Ontario part",18.85.2,v44376726
2001,1.41,"Ottawa-Gatineau, Ontario part",18.85.2,v44376726
2002,4.07,"Ottawa-Gatineau, Ontario part",18.85.2,v44376726
2003,18.18,"Ottawa-Gatineau, Ontario part",18.85.2,v44376726
2004,4.32,"Ottawa-Gatineau, Ontario part",18.85.2,v44376726
2005,1.35,"Ottawa-Gatineau, Ontario part",18.85.2,v44376726
2006,2.36,"Ottawa-Gatineau, Ontario part",18.85.2,v44376726
2007,1.22,"Ottawa-Gatineau, Ontario part",18.85.2,v44376726
2008,0.98,"Ottawa-Gatineau, Ontario part",18.85.2,v44376726
2009,1.61,"Ottawa-Gatineau, Ontario part",18.85.2,v44376726
2010,0.11,"Ottawa-Gatineau, Ontario part",18.85.2,v44376726
2011,0.32,"Ottawa-Gatineau, Ontario part",18.85.2,v44376726
2012,0.52,"Ottawa-Gatineau, Ontario part",18.85.2,v44376726
2013,1.54,"Ottawa-Gatineau, Ontario part",18.85.2,v44376726
2014,2.03,"Ottawa-Gatineau, Ontario part",18.85.2,v44376726
2015,1.61,"Ottawa-Gatineau, Ontario part",18.85.2,v44376726
2000,..,"Kingston, Ontario",27.85.2,v44350364
2001,1.33,"Kingston, Ontario",27.85.2,v44350364
2002,1.97,"Kingston, Ontario",27.85.2,v44350364
2003,5.20,"Kingston, Ontario",27.85.2,v44350364
2004,23.76,"Kingston, Ontario",27.85.2,v44350364
2005,2.56,"Kingston, Ontario",27.85.2,v44350364
2006,2.56,"Kingston, Ontario",27.85.2,v44350364
2007,1.92,"Kingston, Ontario",27.85.2,v44350364
2008,0.63,"Kingston, Ontario",27.85.2,v44350364
2009,1.88,"Kingston, Ontario",27.85.2,v44350364
2010,8.69,"Kingston, Ontario",27.85.2,v44350364
2011,3.08,"Kingston, Ontario",27.85.2,v44350364
2012,1.22,"Kingston, Ontario",27.85.2,v44350364
2013,0.00,"Kingston, Ontario",27.85.2,v44350364
2014,0.00,"Kingston, Ontario",27.85.2,v44350364
2015,1.80,"Kingston, Ontario",27.85.2,v44350364
2005,..,"Peterborough, Ontario",44.85.2,v52122743
2006,5.02,"Peterborough, Ontario",44.85.2,v52122743
2007,1.67,"Peterborough, Ontario",44.85.2,v52122743
2008,1.67,"Peterborough, Ontario",44.85.2,v52122743
2009,0.83,"Peterborough, Ontario",44.85.2,v52122743
2010,3.31,"Peterborough, Ontario",44.85.2,v52122743
2011,0.83,"Peterborough, Ontario",44.85.2,v52122743
2012,0.00,"Peterborough, Ontario",44.85.2,v52122743
2013,1.64,"Peterborough, Ontario",44.85.2,v52122743
2014,0.00,"Peterborough, Ontario",44.85.2,v52122743
2015,8.18,"Peterborough, Ontario",44.85.2,v52122743
1998,6.98,"Toronto, Ontario",19.85.2,v44359716
1999,6.23,"Toronto, Ontario",19.85.2,v44359716
2000,6.62,"Toronto, Ontario",19.85.2,v44359716
2001,5.70,"Toronto, Ontario",19.85.2,v44359716
2002,6.34,"Toronto, Ontario",19.85.2,v44359716
2003,9.70,"Toronto, Ontario",19.85.2,v44359716
2004,6.10,"Toronto, Ontario",19.85.2,v44359716
2005,5.72,"Toronto, Ontario",19.85.2,v44359716
2006,4.35,"Toronto, Ontario",19.85.2,v44359716
2007,1.19,"Toronto, Ontario",19.85.2,v44359716
2008,3.29,"Toronto, Ontario",19.85.2,v44359716
2009,1.03,"Toronto, Ontario",19.85.2,v44359716
2010,0.78,"Toronto, Ontario",19.85.2,v44359716
2011,0.59,"Toronto, Ontario",19.85.2,v44359716
2012,0.57,"Toronto, Ontario",19.85.2,v44359716
2013,1.13,"Toronto, Ontario",19.85.2,v44359716
2014,1.07,"Toronto, Ontario",19.85.2,v44359716
2015,0.91,"Toronto, Ontario",19.85.2,v44359716
1998,6.42,"Hamilton, Ontario",20.85.2,v44353619
1999,3.24,"Hamilton, Ontario",20.85.2,v44353619
2000,3.96,"Hamilton, Ontario",20.85.2,v44353619
2001,6.75,"Hamilton, Ontario",20.85.2,v44353619
2002,6.80,"Hamilton, Ontario",20.85.2,v44353619
2003,12.42,"Hamilton, Ontario",20.85.2,v44353619
2004,13.53,"Hamilton, Ontario",20.85.2,v44353619
2005,5.69,"Hamilton, Ontario",20.85.2,v44353619
2006,3.90,"Hamilton, Ontario",20.85.2,v44353619
2007,0.86,"Hamilton, Ontario",20.85.2,v44353619
2008,0.72,"Hamilton, Ontario",20.85.2,v44353619
2009,0.43,"Hamilton, Ontario",20.85.2,v44353619
2010,0.56,"Hamilton, Ontario",20.85.2,v44353619
2011,0.56,"Hamilton, Ontario",20.85.2,v44353619
2012,0.55,"Hamilton, Ontario",20.85.2,v44353619
2013,1.09,"Hamilton, Ontario",20.85.2,v44353619
2014,1.34,"Hamilton, Ontario",20.85.2,v44353619
2015,1.20,"Hamilton, Ontario",20.85.2,v44353619
1998,9.53,"St.Catharines-Niagara, Ontario",21.85.2,v44368340
1999,4.51,"St.Catharines-Niagara, Ontario",21.85.2,v44368340
2000,4.71,"St.Catharines-Niagara, Ontario",21.85.2,v44368340
2001,34.23,"St.Catharines-Niagara, Ontario",21.85.2,v44368340
2002,36.39,"St.Catharines-Niagara, Ontario",21.85.2,v44368340
2003,20.67,"St.Catharines-Niagara, Ontario",21.85.2,v44368340
2004,8.70,"St.Catharines-Niagara, Ontario",21.85.2,v44368340
2005,5.23,"St.Catharines-Niagara, Ontario",21.85.2,v44368340
2006,2.71,"St.Catharines-Niagara, Ontario",21.85.2,v44368340
2007,0.68,"St.Catharines-Niagara, Ontario",21.85.2,v44368340
2008,3.40,"St.Catharines-Niagara, Ontario",21.85.2,v44368340
2009,1.59,"St.Catharines-Niagara, Ontario",21.85.2,v44368340
2010,4.07,"St.Catharines-Niagara, Ontario",21.85.2,v44368340
2011,4.07,"St.Catharines-Niagara, Ontario",21.85.2,v44368340
2012,2.70,"St.Catharines-Niagara, Ontario",21.85.2,v44368340
2013,2.02,"St.Catharines-Niagara, Ontario",21.85.2,v44368340
2014,1.34,"St.Catharines-Niagara, Ontario",21.85.2,v44368340
2015,3.34,"St.Catharines-Niagara, Ontario",21.85.2,v44368340
1998,3.25,"Kitchener-Cambridge-Waterloo, Ontario",22.85.2,v44378190
1999,5.24,"Kitchener-Cambridge-Waterloo, Ontario",22.85.2,v44378190
2000,1.12,"Kitchener-Cambridge-Waterloo, Ontario",22.85.2,v44378190
2001,3.07,"Kitchener-Cambridge-Waterloo, Ontario",22.85.2,v44378190
2002,2.37,"Kitchener-Cambridge-Waterloo, Ontario",22.85.2,v44378190
2003,4.04,"Kitchener-Cambridge-Waterloo, Ontario",22.85.2,v44378190
2004,8.94,"Kitchener-Cambridge-Waterloo, Ontario",22.85.2,v44378190
2005,15.74,"Kitchener-Cambridge-Waterloo, Ontario",22.85.2,v44378190
2006,7.62,"Kitchener-Cambridge-Waterloo, Ontario",22.85.2,v44378190
2007,0.80,"Kitchener-Cambridge-Waterloo, Ontario",22.85.2,v44378190
2008,5.31,"Kitchener-Cambridge-Waterloo, Ontario",22.85.2,v44378190
2009,2.73,"Kitchener-Cambridge-Waterloo, Ontario",22.85.2,v44378190
2010,4.25,"Kitchener-Cambridge-Waterloo, Ontario",22.85.2,v44378190
2011,4.39,"Kitchener-Cambridge-Waterloo, Ontario",22.85.2,v44378190
2012,0.57,"Kitchener-Cambridge-Waterloo, Ontario",22.85.2,v44378190
2013,3.93,"Kitchener-Cambridge-Waterloo, Ontario",22.85.2,v44378190
2014,3.16,"Kitchener-Cambridge-Waterloo, Ontario",22.85.2,v44378190
2015,4.24,"Kitchener-Cambridge-Waterloo, Ontario",22.85.2,v44378190
2005,..,"Brantford, Ontario",45.85.2,v52124354
2006,5.14,"Brantford, Ontario",45.85.2,v52124354
2007,0.00,"Brantford, Ontario",45.85.2,v52124354
2008,2.91,"Brantford, Ontario",45.85.2,v52124354
2009,1.44,"Brantford, Ontario",45.85.2,v52124354
2010,2.87,"Brantford, Ontario",45.85.2,v52124354
2011,2.14,"Brantford, Ontario",45.85.2,v52124354
2012,2.12,"Brantford, Ontario",45.85.2,v52124354
2013,2.10,"Brantford, Ontario",45.85.2,v52124354
2014,3.48,"Brantford, Ontario",45.85.2,v52124354
2015,0.69,"Brantford, Ontario",45.85.2,v52124354
2005,..,"Guelph, Ontario",46.85.2,v52119823
2006,2.50,"Guelph, Ontario",46.85.2,v52119823
2007,1.66,"Guelph, Ontario",46.85.2,v52119823
2008,6.57,"Guelph, Ontario",46.85.2,v52119823
2009,0.81,"Guelph, Ontario",46.85.2,v52119823
2010,1.61,"Guelph, Ontario",46.85.2,v52119823
2011,0.00,"Guelph, Ontario",46.85.2,v52119823
2012,0.79,"Guelph, Ontario",46.85.2,v52119823
2013,2.34,"Guelph, Ontario",46.85.2,v52119823
2014,5.41,"Guelph, Ontario",46.85.2,v52119823
2015,0.00,"Guelph, Ontario",46.85.2,v52119823
1998,8.11,"London, Ontario",23.85.2,v44338677
1999,2.54,"London, Ontario",23.85.2,v44338677
2000,6.41,"London, Ontario",23.85.2,v44338677
2001,10.51,"London, Ontario",23.85.2,v44338677
2002,6.51,"London, Ontario",23.85.2,v44338677
2003,6.89,"London, Ontario",23.85.2,v44338677
2004,4.04,"London, Ontario",23.85.2,v44338677
2005,6.75,"London, Ontario",23.85.2,v44338677
2006,0.63,"London, Ontario",23.85.2,v44338677
2007,4.79,"London, Ontario",23.85.2,v44338677
2008,6.41,"London, Ontario",23.85.2,v44338677
2009,3.09,"London, Ontario",23.85.2,v44338677
2010,2.25,"London, Ontario",23.85.2,v44338677
2011,2.44,"London, Ontario",23.85.2,v44338677
2012,5.44,"London, Ontario",23.85.2,v44338677
2013,2.20,"London, Ontario",23.85.2,v44338677
2014,3.96,"London, Ontario",23.85.2,v44338677
2015,3.34,"London, Ontario",23.85.2,v44338677
1998,16.20,"Windsor, Ontario",24.85.2,v44381075
1999,10.39,"Windsor, Ontario",24.85.2,v44381075
2000,11.78,"Windsor, Ontario",24.85.2,v44381075
2001,8.11,"Windsor, Ontario",24.85.2,v44381075
2002,15.66,"Windsor, Ontario",24.85.2,v44381075
2003,6.69,"Windsor, Ontario",24.85.2,v44381075
2004,9.01,"Windsor, Ontario",24.85.2,v44381075
2005,5.38,"Windsor, Ontario",24.85.2,v44381075
2006,2.68,"Windsor, Ontario",24.85.2,v44381075
2007,2.10,"Windsor, Ontario",24.85.2,v44381075
2008,1.81,"Windsor, Ontario",24.85.2,v44381075
2009,1.82,"Windsor, Ontario",24.85.2,v44381075
2010,1.52,"Windsor, Ontario",24.85.2,v44381075
2011,1.52,"Windsor, Ontario",24.85.2,v44381075
2012,0.30,"Windsor, Ontario",24.85.2,v44381075
2013,4.24,"Windsor, Ontario",24.85.2,v44381075
2014,2.72,"Windsor, Ontario",24.85.2,v44381075
2015,2.11,"Windsor, Ontario",24.85.2,v44381075
2005,..,"Barrie, Ontario",47.85.2,v52145236
2006,3.13,"Barrie, Ontario",47.85.2,v52145236
2007,6.20,"Barrie, Ontario",47.85.2,v52145236
2008,2.55,"Barrie, Ontario",47.85.2,v52145236
2009,1.52,"Barrie, Ontario",47.85.2,v52145236
2010,2.00,"Barrie, Ontario",47.85.2,v52145236
2011,1.48,"Barrie, Ontario",47.85.2,v52145236
2012,0.00,"Barrie, Ontario",47.85.2,v52145236
2013,0.00,"Barrie, Ontario",47.85.2,v52145236
2014,3.80,"Barrie, Ontario",47.85.2,v52145236
2015,2.81,"Barrie, Ontario",47.85.2,v52145236
1998,5.41,"Sudbury, Ontario",25.85.2,v44413034
1999,9.17,"Sudbury, Ontario",25.85.2,v44413034
2000,9.88,"Sudbury, Ontario",25.85.2,v44413034
2001,4.34,"Sudbury, Ontario",25.85.2,v44413034
2002,2.49,"Sudbury, Ontario",25.85.2,v44413034
2003,4.97,"Sudbury, Ontario",25.85.2,v44413034
2004,1.24,"Sudbury, Ontario",25.85.2,v44413034
2005,1.23,"Sudbury, Ontario",25.85.2,v44413034
2006,1.83,"Sudbury, Ontario",25.85.2,v44413034
2007,4.26,"Sudbury, Ontario",25.85.2,v44413034
2008,10.91,"Sudbury, Ontario",25.85.2,v44413034
2009,1.21,"Sudbury, Ontario",25.85.2,v44413034
2010,0.61,"Sudbury, Ontario",25.85.2,v44413034
2011,10.32,"Sudbury, Ontario",25.85.2,v44413034
2012,4.24,"Sudbury, Ontario",25.85.2,v44413034
2013,0.61,"Sudbury, Ontario",25.85.2,v44413034
2014,0.00,"Sudbury, Ontario",25.85.2,v44413034
2015,0.00,"Sudbury, Ontario",25.85.2,v44413034
1998,0.00,"Thunder Bay, Ontario",26.85.2,v44342145
1999,3.14,"Thunder Bay, Ontario",26.85.2,v44342145
2000,0.79,"Thunder Bay, Ontario",26.85.2,v44342145
2001,0.79,"Thunder Bay, Ontario",26.85.2,v44342145
2002,7.97,"Thunder Bay, Ontario",26.85.2,v44342145
2003,6.38,"Thunder Bay, Ontario",26.85.2,v44342145
2004,29.98,"Thunder Bay, Ontario",26.85.2,v44342145
2005,5.53,"Thunder Bay, Ontario",26.85.2,v44342145
2006,1.58,"Thunder Bay, Ontario",26.85.2,v44342145
2007,0.00,"Thunder Bay, Ontario",26.85.2,v44342145
2008,2.50,"Thunder Bay, Ontario",26.85.2,v44342145
2009,0.83,"Thunder Bay, Ontario",26.85.2,v44342145
2010,0.83,"Thunder Bay, Ontario",26.85.2,v44342145
2011,0.00,"Thunder Bay, Ontario",26.85.2,v44342145
2012,0.00,"Thunder Bay, Ontario",26.85.2,v44342145
2013,0.82,"Thunder Bay, Ontario",26.85.2,v44342145
2014,0.00,"Thunder Bay, Ontario",26.85.2,v44342145
2015,0.00,"Thunder Bay, Ontario",26.85.2,v44342145
1998,4.48,"Manitoba",28.85.2,v44381180
1999,3.41,"Manitoba",28.85.2,v44381180
2000,3.92,"Manitoba",28.85.2,v44381180
2001,3.04,"Manitoba",28.85.2,v44381180
2002,2.77,"Manitoba",28.85.2,v44381180
2003,3.78,"Manitoba",28.85.2,v44381180
2004,1.87,"Manitoba",28.85.2,v44381180
2005,3.22,"Manitoba",28.85.2,v44381180
2006,3.80,"Manitoba",28.85.2,v44381180
2007,1.60,"Manitoba",28.85.2,v44381180
2008,4.01,"Manitoba",28.85.2,v44381180
2009,2.73,"Manitoba",28.85.2,v44381180
2010,3.28,"Manitoba",28.85.2,v44381180
2011,1.70,"Manitoba",28.85.2,v44381180
2012,0.80,"Manitoba",28.85.2,v44381180
2013,1.50,"Manitoba",28.85.2,v44381180
2014,1.02,"Manitoba",28.85.2,v44381180
2015,0.46,"Manitoba",28.85.2,v44381180
1998,5.98,"Winnipeg, Manitoba",29.85.2,v44328176
1999,3.57,"Winnipeg, Manitoba",29.85.2,v44328176
2000,5.47,"Winnipeg, Manitoba",29.85.2,v44328176
2001,3.97,"Winnipeg, Manitoba",29.85.2,v44328176
2002,2.49,"Winnipeg, Manitoba",29.85.2,v44328176
2003,5.07,"Winnipeg, Manitoba",29.85.2,v44328176
2004,2.01,"Winnipeg, Manitoba",29.85.2,v44328176
2005,3.15,"Winnipeg, Manitoba",29.85.2,v44328176
2006,4.93,"Winnipeg, Manitoba",29.85.2,v44328176
2007,1.34,"Winnipeg, Manitoba",29.85.2,v44328176
2008,5.72,"Winnipeg, Manitoba",29.85.2,v44328176
2009,3.56,"Winnipeg, Manitoba",29.85.2,v44328176
2010,1.83,"Winnipeg, Manitoba",29.85.2,v44328176
2011,2.32,"Winnipeg, Manitoba",29.85.2,v44328176
2012,0.89,"Winnipeg, Manitoba",29.85.2,v44328176
2013,1.50,"Winnipeg, Manitoba",29.85.2,v44328176
2014,1.26,"Winnipeg, Manitoba",29.85.2,v44328176
2015,0.50,"Winnipeg, Manitoba",29.85.2,v44328176
1998,3.34,"Saskatchewan",30.85.2,v44412423
1999,4.43,"Saskatchewan",30.85.2,v44412423
2000,3.67,"Saskatchewan",30.85.2,v44412423
2001,6.90,"Saskatchewan",30.85.2,v44412423
2002,4.51,"Saskatchewan",30.85.2,v44412423
2003,2.51,"Saskatchewan",30.85.2,v44412423
2004,8.62,"Saskatchewan",30.85.2,v44412423
2005,5.03,"Saskatchewan",30.85.2,v44412423
2006,6.15,"Saskatchewan",30.85.2,v44412423
2007,1.10,"Saskatchewan",30.85.2,v44412423
2008,3.05,"Saskatchewan",30.85.2,v44412423
2009,8.60,"Saskatchewan",30.85.2,v44412423
2010,1.81,"Saskatchewan",30.85.2,v44412423
2011,2.81,"Saskatchewan",30.85.2,v44412423
2012,3.04,"Saskatchewan",30.85.2,v44412423
2013,0.09,"Saskatchewan",30.85.2,v44412423
2014,1.16,"Saskatchewan",30.85.2,v44412423
2015,1.68,"Saskatchewan",30.85.2,v44412423
1998,2.50,"Regina, Saskatchewan",31.85.2,v44398977
1999,8.49,"Regina, Saskatchewan",31.85.2,v44398977
2000,7.52,"Regina, Saskatchewan",31.85.2,v44398977
2001,3.53,"Regina, Saskatchewan",31.85.2,v44398977
2002,6.06,"Regina, Saskatchewan",31.85.2,v44398977
2003,0.00,"Regina, Saskatchewan",31.85.2,v44398977
2004,19.82,"Regina, Saskatchewan",31.85.2,v44398977
2005,5.94,"Regina, Saskatchewan",31.85.2,v44398977
2006,1.97,"Regina, Saskatchewan",31.85.2,v44398977
2007,0.49,"Regina, Saskatchewan",31.85.2,v44398977
2008,6.25,"Regina, Saskatchewan",31.85.2,v44398977
2009,6.12,"Regina, Saskatchewan",31.85.2,v44398977
2010,2.77,"Regina, Saskatchewan",31.85.2,v44398977
2011,9.51,"Regina, Saskatchewan",31.85.2,v44398977
2012,0.00,"Regina, Saskatchewan",31.85.2,v44398977
2013,0.00,"Regina, Saskatchewan",31.85.2,v44398977
2014,2.93,"Regina, Saskatchewan",31.85.2,v44398977
2015,1.24,"Regina, Saskatchewan",31.85.2,v44398977
1998,7.85,"Saskatoon, Saskatchewan",32.85.2,v44380172
1999,5.21,"Saskatoon, Saskatchewan",32.85.2,v44380172
2000,3.47,"Saskatoon, Saskatchewan",32.85.2,v44380172
2001,8.41,"Saskatoon, Saskatchewan",32.85.2,v44380172
2002,5.02,"Saskatoon, Saskatchewan",32.85.2,v44380172
2003,4.55,"Saskatoon, Saskatchewan",32.85.2,v44380172
2004,7.35,"Saskatoon, Saskatchewan",32.85.2,v44380172
2005,6.91,"Saskatoon, Saskatchewan",32.85.2,v44380172
2006,11.26,"Saskatoon, Saskatchewan",32.85.2,v44380172
2007,1.19,"Saskatoon, Saskatchewan",32.85.2,v44380172
2008,2.32,"Saskatoon, Saskatchewan",32.85.2,v44380172
2009,7.93,"Saskatoon, Saskatchewan",32.85.2,v44380172
2010,2.58,"Saskatoon, Saskatchewan",32.85.2,v44380172
2011,3.23,"Saskatoon, Saskatchewan",32.85.2,v44380172
2012,7.97,"Saskatoon, Saskatchewan",32.85.2,v44380172
2013,0.00,"Saskatoon, Saskatchewan",32.85.2,v44380172
2014,0.00,"Saskatoon, Saskatchewan",32.85.2,v44380172
2015,4.18,"Saskatoon, Saskatchewan",32.85.2,v44380172
1998,2.17,"Alberta",33.85.2,v44360323
1999,6.60,"Alberta",33.85.2,v44360323
2000,4.56,"Alberta",33.85.2,v44360323
2001,4.97,"Alberta",33.85.2,v44360323
2002,6.43,"Alberta",33.85.2,v44360323
2003,6.13,"Alberta",33.85.2,v44360323
2004,9.11,"Alberta",33.85.2,v44360323
2005,5.30,"Alberta",33.85.2,v44360323
2006,1.99,"Alberta",33.85.2,v44360323
2007,2.67,"Alberta",33.85.2,v44360323
2008,5.23,"Alberta",33.85.2,v44360323
2009,3.67,"Alberta",33.85.2,v44360323
2010,2.76,"Alberta",33.85.2,v44360323
2011,2.06,"Alberta",33.85.2,v44360323
2012,1.26,"Alberta",33.85.2,v44360323
2013,0.85,"Alberta",33.85.2,v44360323
2014,0.83,"Alberta",33.85.2,v44360323
2015,3.93,"Alberta",33.85.2,v44360323
1998,0.99,"Calgary, Alberta",34.85.2,v44355165
1999,4.50,"Calgary, Alberta",34.85.2,v44355165
2000,4.70,"Calgary, Alberta",34.85.2,v44355165
2001,6.42,"Calgary, Alberta",34.85.2,v44355165
2002,5.86,"Calgary, Alberta",34.85.2,v44355165
2003,8.14,"Calgary, Alberta",34.85.2,v44355165
2004,11.27,"Calgary, Alberta",34.85.2,v44355165
2005,3.03,"Calgary, Alberta",34.85.2,v44355165
2006,0.98,"Calgary, Alberta",34.85.2,v44355165
2007,2.07,"Calgary, Alberta",34.85.2,v44355165
2008,6.05,"Calgary, Alberta",34.85.2,v44355165
2009,3.43,"Calgary, Alberta",34.85.2,v44355165
2010,3.13,"Calgary, Alberta",34.85.2,v44355165
2011,1.66,"Calgary, Alberta",34.85.2,v44355165
2012,0.84,"Calgary, Alberta",34.85.2,v44355165
2013,0.29,"Calgary, Alberta",34.85.2,v44355165
2014,0.57,"Calgary, Alberta",34.85.2,v44355165
2015,4.84,"Calgary, Alberta",34.85.2,v44355165
1998,3.67,"Edmonton, Alberta",35.85.2,v44359309
1999,11.69,"Edmonton, Alberta",35.85.2,v44359309
2000,5.33,"Edmonton, Alberta",35.85.2,v44359309
2001,4.22,"Edmonton, Alberta",35.85.2,v44359309
2002,8.39,"Edmonton, Alberta",35.85.2,v44359309
2003,7.21,"Edmonton, Alberta",35.85.2,v44359309
2004,9.76,"Edmonton, Alberta",35.85.2,v44359309
2005,8.29,"Edmonton, Alberta",35.85.2,v44359309
2006,3.51,"Edmonton, Alberta",35.85.2,v44359309
2007,2.87,"Edmonton, Alberta",35.85.2,v44359309
2008,6.22,"Edmonton, Alberta",35.85.2,v44359309
2009,4.19,"Edmonton, Alberta",35.85.2,v44359309
2010,1.18,"Edmonton, Alberta",35.85.2,v44359309
2011,2.47,"Edmonton, Alberta",35.85.2,v44359309
2012,0.72,"Edmonton, Alberta",35.85.2,v44359309
2013,0.78,"Edmonton, Alberta",35.85.2,v44359309
2014,1.13,"Edmonton, Alberta",35.85.2,v44359309
2015,1.18,"Edmonton, Alberta",35.85.2,v44359309
1998,6.20,"British Columbia",36.85.2,v44327722
1999,5.98,"British Columbia",36.85.2,v44327722
2000,4.65,"British Columbia",36.85.2,v44327722
2001,2.04,"British Columbia",36.85.2,v44327722
2002,2.24,"British Columbia",36.85.2,v44327722
2003,5.46,"British Columbia",36.85.2,v44327722
2004,8.23,"British Columbia",36.85.2,v44327722
2005,7.91,"British Columbia",36.85.2,v44327722
2006,4.90,"British Columbia",36.85.2,v44327722
2007,2.89,"British Columbia",36.85.2,v44327722
2008,2.44,"British Columbia",36.85.2,v44327722
2009,3.76,"British Columbia",36.85.2,v44327722
2010,5.04,"British Columbia",36.85.2,v44327722
2011,3.09,"British Columbia",36.85.2,v44327722
2012,1.17,"British Columbia",36.85.2,v44327722
2013,2.42,"British Columbia",36.85.2,v44327722
2014,2.20,"British Columbia",36.85.2,v44327722
2015,2.07,"British Columbia",36.85.2,v44327722
2005,..,"Kelowna, British Columbia",48.85.2,v52144323
2006,1.80,"Kelowna, British Columbia",48.85.2,v52144323
2007,1.17,"Kelowna, British Columbia",48.85.2,v52144323
2008,4.00,"Kelowna, British Columbia",48.85.2,v52144323
2009,5.61,"Kelowna, British Columbia",48.85.2,v52144323
2010,9.37,"Kelowna, British Columbia",48.85.2,v52144323
2011,0.00,"Kelowna, British Columbia",48.85.2,v52144323
2012,0.00,"Kelowna, British Columbia",48.85.2,v52144323
2013,6.43,"Kelowna, British Columbia",48.85.2,v52144323
2014,2.63,"Kelowna, British Columbia",48.85.2,v52144323
2015,3.06,"Kelowna, British Columbia",48.85.2,v52144323
2000,..,"Abbotsford-Mission, British Columbia",39.85.2,v44385110
2001,0.65,"Abbotsford-Mission, British Columbia",39.85.2,v44385110
2002,3.23,"Abbotsford-Mission, British Columbia",39.85.2,v44385110
2003,11.16,"Abbotsford-Mission, British Columbia",39.85.2,v44385110
2004,8.18,"Abbotsford-Mission, British Columbia",39.85.2,v44385110
2005,3.10,"Abbotsford-Mission, British Columbia",39.85.2,v44385110
2006,3.66,"Abbotsford-Mission, British Columbia",39.85.2,v44385110
2007,1.20,"Abbotsford-Mission, British Columbia",39.85.2,v44385110
2008,1.19,"Abbotsford-Mission, British Columbia",39.85.2,v44385110
2009,0.59,"Abbotsford-Mission, British Columbia",39.85.2,v44385110
2010,1.74,"Abbotsford-Mission, British Columbia",39.85.2,v44385110
2011,0.57,"Abbotsford-Mission, British Columbia",39.85.2,v44385110
2012,0.00,"Abbotsford-Mission, British Columbia",39.85.2,v44385110
2013,1.69,"Abbotsford-Mission, British Columbia",39.85.2,v44385110
2014,1.11,"Abbotsford-Mission, British Columbia",39.85.2,v44385110
2015,0.54,"Abbotsford-Mission, British Columbia",39.85.2,v44385110
1998,5.87,"Vancouver, British Columbia",37.85.2,v44389223
1999,5.69,"Vancouver, British Columbia",37.85.2,v44389223
2000,4.82,"Vancouver, British Columbia",37.85.2,v44389223
2001,1.60,"Vancouver, British Columbia",37.85.2,v44389223
2002,2.19,"Vancouver, British Columbia",37.85.2,v44389223
2003,3.83,"Vancouver, British Columbia",37.85.2,v44389223
2004,9.70,"Vancouver, British Columbia",37.85.2,v44389223
2005,9.90,"Vancouver, British Columbia",37.85.2,v44389223
2006,6.53,"Vancouver, British Columbia",37.85.2,v44389223
2007,2.52,"Vancouver, British Columbia",37.85.2,v44389223
2008,2.13,"Vancouver, British Columbia",37.85.2,v44389223
2009,3.78,"Vancouver, British Columbia",37.85.2,v44389223
2010,4.90,"Vancouver, British Columbia",37.85.2,v44389223
2011,3.58,"Vancouver, British Columbia",37.85.2,v44389223
2012,1.54,"Vancouver, British Columbia",37.85.2,v44389223
2013,2.54,"Vancouver, British Columbia",37.85.2,v44389223
2014,2.91,"Vancouver, British Columbia",37.85.2,v44389223
2015,2.20,"Vancouver, British Columbia",37.85.2,v44389223
1998,12.69,"Victoria, British Columbia",38.85.2,v44364297
1999,11.02,"Victoria, British Columbia",38.85.2,v44364297
2000,9.36,"Victoria, British Columbia",38.85.2,v44364297
2001,2.56,"Victoria, British Columbia",38.85.2,v44364297
2002,2.86,"Victoria, British Columbia",38.85.2,v44364297
2003,11.50,"Victoria, British Columbia",38.85.2,v44364297
2004,5.40,"Victoria, British Columbia",38.85.2,v44364297
2005,5.64,"Victoria, British Columbia",38.85.2,v44364297
2006,1.47,"Victoria, British Columbia",38.85.2,v44364297
2007,2.34,"Victoria, British Columbia",38.85.2,v44364297
2008,0.29,"Victoria, British Columbia",38.85.2,v44364297
2009,3.16,"Victoria, British Columbia",38.85.2,v44364297
2010,6.82,"Victoria, British Columbia",38.85.2,v44364297
2011,3.12,"Victoria, British Columbia",38.85.2,v44364297
2012,1.13,"Victoria, British Columbia",38.85.2,v44364297
2013,1.96,"Victoria, British Columbia",38.85.2,v44364297
2014,3.32,"Victoria, British Columbia",38.85.2,v44364297
2015,5.75,"Victoria, British Columbia",38.85.2,v44364297
1998,0.00,"Yukon",40.85.2,v44393179
1999,0.00,"Yukon",40.85.2,v44393179
2000,0.00,"Yukon",40.85.2,v44393179
2001,3.32,"Yukon",40.85.2,v44393179
2002,3.29,"Yukon",40.85.2,v44393179
2003,38.76,"Yukon",40.85.2,v44393179
2004,6.35,"Yukon",40.85.2,v44393179
2005,6.27,"Yukon",40.85.2,v44393179
2006,0.00,"Yukon",40.85.2,v44393179
2007,3.07,"Yukon",40.85.2,v44393179
2008,6.04,"Yukon",40.85.2,v44393179
2009,2.96,"Yukon",40.85.2,v44393179
2010,2.89,"Yukon",40.85.2,v44393179
2011,0.00,"Yukon",40.85.2,v44393179
2012,0.00,"Yukon",40.85.2,v44393179
2013,0.00,"Yukon",40.85.2,v44393179
2014,0.00,"Yukon",40.85.2,v44393179
2015,2.67,"Yukon",40.85.2,v44393179
1998,1.49,"Northwest Territories",41.85.2,v44415095
1999,0.00,"Northwest Territories",41.85.2,v44415095
2000,2.47,"Northwest Territories",41.85.2,v44415095
2001,4.90,"Northwest Territories",41.85.2,v44415095
2002,2.40,"Northwest Territories",41.85.2,v44415095
2003,21.15,"Northwest Territories",41.85.2,v44415095
2004,4.62,"Northwest Territories",41.85.2,v44415095
2005,11.52,"Northwest Territories",41.85.2,v44415095
2006,4.63,"Northwest Territories",41.85.2,v44415095
2007,6.92,"Northwest Territories",41.85.2,v44415095
2008,0.00,"Northwest Territories",41.85.2,v44415095
2009,0.00,"Northwest Territories",41.85.2,v44415095
2010,9.24,"Northwest Territories",41.85.2,v44415095
2011,2.30,"Northwest Territories",41.85.2,v44415095
2012,2.29,"Northwest Territories",41.85.2,v44415095
2013,4.56,"Northwest Territories",41.85.2,v44415095
2014,0.00,"Northwest Territories",41.85.2,v44415095
2015,2.27,"Northwest Territories",41.85.2,v44415095
1998,..,"Nunavut",42.85.2,v44341927
1999,11.18,"Nunavut",42.85.2,v44341927
2000,7.27,"Nunavut",42.85.2,v44341927
2001,3.55,"Nunavut",42.85.2,v44341927
2002,24.29,"Nunavut",42.85.2,v44341927
2003,0.00,"Nunavut",42.85.2,v44341927
2004,6.70,"Nunavut",42.85.2,v44341927
2005,0.00,"Nunavut",42.85.2,v44341927
2006,0.00,"Nunavut",42.85.2,v44341927
2007,3.19,"Nunavut",42.85.2,v44341927
2008,0.00,"Nunavut",42.85.2,v44341927
2009,0.00,"Nunavut",42.85.2,v44341927
2010,3.00,"Nunavut",42.85.2,v44341927
2011,11.70,"Nunavut",42.85.2,v44341927
2012,0.00,"Nunavut",42.85.2,v44341927
2013,0.00,"Nunavut",42.85.2,v44341927
2014,0.00,"Nunavut",42.85.2,v44341927
2015,5.42,"Nunavut",42.85.2,v44341927
