1998,927.00,"Canada",1.85.7,v44372722
1999,967.00,"Canada",1.85.7,v44372722
2000,856.00,"Canada",1.85.7,v44372722
2001,723.00,"Canada",1.85.7,v44372722
2002,989.00,"Canada",1.85.7,v44372722
2003,1385.00,"Canada",1.85.7,v44372722
2004,1331.00,"Canada",1.85.7,v44372722
2005,935.00,"Canada",1.85.7,v44372722
2006,646.00,"Canada",1.85.7,v44372722
2007,432.00,"Canada",1.85.7,v44372722
2008,672.00,"Canada",1.85.7,v44372722
2009,531.00,"Canada",1.85.7,v44372722
2010,527.00,"Canada",1.85.7,v44372722
2011,390.00,"Canada",1.85.7,v44372722
2012,294.00,"Canada",1.85.7,v44372722
2013,374.00,"Canada",1.85.7,v44372722
2014,367.00,"Canada",1.85.7,v44372722
2015,444.00,"Canada",1.85.7,v44372722
1998,0.00,"Newfoundland and Labrador",2.85.7,v44344704
1999,19.00,"Newfoundland and Labrador",2.85.7,v44344704
2000,2.00,"Newfoundland and Labrador",2.85.7,v44344704
2001,6.00,"Newfoundland and Labrador",2.85.7,v44344704
2002,5.00,"Newfoundland and Labrador",2.85.7,v44344704
2003,10.00,"Newfoundland and Labrador",2.85.7,v44344704
2004,8.00,"Newfoundland and Labrador",2.85.7,v44344704
2005,1.00,"Newfoundland and Labrador",2.85.7,v44344704
2006,3.00,"Newfoundland and Labrador",2.85.7,v44344704
2007,3.00,"Newfoundland and Labrador",2.85.7,v44344704
2008,12.00,"Newfoundland and Labrador",2.85.7,v44344704
2009,2.00,"Newfoundland and Labrador",2.85.7,v44344704
2010,0.00,"Newfoundland and Labrador",2.85.7,v44344704
2011,0.00,"Newfoundland and Labrador",2.85.7,v44344704
2012,4.00,"Newfoundland and Labrador",2.85.7,v44344704
2013,1.00,"Newfoundland and Labrador",2.85.7,v44344704
2014,0.00,"Newfoundland and Labrador",2.85.7,v44344704
2015,2.00,"Newfoundland and Labrador",2.85.7,v44344704
1998,0.00,"St. John's, Newfoundland and Labrador",3.85.7,v44394503
1999,9.00,"St. John's, Newfoundland and Labrador",3.85.7,v44394503
2000,1.00,"St. John's, Newfoundland and Labrador",3.85.7,v44394503
2001,4.00,"St. John's, Newfoundland and Labrador",3.85.7,v44394503
2002,4.00,"St. John's, Newfoundland and Labrador",3.85.7,v44394503
2003,7.00,"St. John's, Newfoundland and Labrador",3.85.7,v44394503
2004,7.00,"St. John's, Newfoundland and Labrador",3.85.7,v44394503
2005,1.00,"St. John's, Newfoundland and Labrador",3.85.7,v44394503
2006,2.00,"St. John's, Newfoundland and Labrador",3.85.7,v44394503
2007,3.00,"St. John's, Newfoundland and Labrador",3.85.7,v44394503
2008,7.00,"St. John's, Newfoundland and Labrador",3.85.7,v44394503
2009,2.00,"St. John's, Newfoundland and Labrador",3.85.7,v44394503
2010,0.00,"St. John's, Newfoundland and Labrador",3.85.7,v44394503
2011,0.00,"St. John's, Newfoundland and Labrador",3.85.7,v44394503
2012,0.00,"St. John's, Newfoundland and Labrador",3.85.7,v44394503
2013,0.00,"St. John's, Newfoundland and Labrador",3.85.7,v44394503
2014,0.00,"St. John's, Newfoundland and Labrador",3.85.7,v44394503
2015,0.00,"St. John's, Newfoundland and Labrador",3.85.7,v44394503
1998,1.00,"Prince Edward Island",4.85.7,v44336439
1999,6.00,"Prince Edward Island",4.85.7,v44336439
2000,8.00,"Prince Edward Island",4.85.7,v44336439
2001,0.00,"Prince Edward Island",4.85.7,v44336439
2002,13.00,"Prince Edward Island",4.85.7,v44336439
2003,12.00,"Prince Edward Island",4.85.7,v44336439
2004,2.00,"Prince Edward Island",4.85.7,v44336439
2005,0.00,"Prince Edward Island",4.85.7,v44336439
2006,5.00,"Prince Edward Island",4.85.7,v44336439
2007,2.00,"Prince Edward Island",4.85.7,v44336439
2008,0.00,"Prince Edward Island",4.85.7,v44336439
2009,0.00,"Prince Edward Island",4.85.7,v44336439
2010,11.00,"Prince Edward Island",4.85.7,v44336439
2011,1.00,"Prince Edward Island",4.85.7,v44336439
2012,0.00,"Prince Edward Island",4.85.7,v44336439
2013,2.00,"Prince Edward Island",4.85.7,v44336439
2014,0.00,"Prince Edward Island",4.85.7,v44336439
2015,1.00,"Prince Edward Island",4.85.7,v44336439
1998,9.00,"Nova Scotia",5.85.7,v44365387
1999,31.00,"Nova Scotia",5.85.7,v44365387
2000,10.00,"Nova Scotia",5.85.7,v44365387
2001,5.00,"Nova Scotia",5.85.7,v44365387
2002,31.00,"Nova Scotia",5.85.7,v44365387
2003,70.00,"Nova Scotia",5.85.7,v44365387
2004,27.00,"Nova Scotia",5.85.7,v44365387
2005,17.00,"Nova Scotia",5.85.7,v44365387
2006,6.00,"Nova Scotia",5.85.7,v44365387
2007,6.00,"Nova Scotia",5.85.7,v44365387
2008,12.00,"Nova Scotia",5.85.7,v44365387
2009,4.00,"Nova Scotia",5.85.7,v44365387
2010,15.00,"Nova Scotia",5.85.7,v44365387
2011,12.00,"Nova Scotia",5.85.7,v44365387
2012,24.00,"Nova Scotia",5.85.7,v44365387
2013,4.00,"Nova Scotia",5.85.7,v44365387
2014,3.00,"Nova Scotia",5.85.7,v44365387
2015,4.00,"Nova Scotia",5.85.7,v44365387
1998,2.00,"Halifax, Nova Scotia",6.85.7,v44368054
1999,11.00,"Halifax, Nova Scotia",6.85.7,v44368054
2000,2.00,"Halifax, Nova Scotia",6.85.7,v44368054
2001,2.00,"Halifax, Nova Scotia",6.85.7,v44368054
2002,20.00,"Halifax, Nova Scotia",6.85.7,v44368054
2003,20.00,"Halifax, Nova Scotia",6.85.7,v44368054
2004,15.00,"Halifax, Nova Scotia",6.85.7,v44368054
2005,9.00,"Halifax, Nova Scotia",6.85.7,v44368054
2006,5.00,"Halifax, Nova Scotia",6.85.7,v44368054
2007,5.00,"Halifax, Nova Scotia",6.85.7,v44368054
2008,1.00,"Halifax, Nova Scotia",6.85.7,v44368054
2009,2.00,"Halifax, Nova Scotia",6.85.7,v44368054
2010,5.00,"Halifax, Nova Scotia",6.85.7,v44368054
2011,4.00,"Halifax, Nova Scotia",6.85.7,v44368054
2012,11.00,"Halifax, Nova Scotia",6.85.7,v44368054
2013,1.00,"Halifax, Nova Scotia",6.85.7,v44368054
2014,1.00,"Halifax, Nova Scotia",6.85.7,v44368054
2015,4.00,"Halifax, Nova Scotia",6.85.7,v44368054
1998,29.00,"New Brunswick",7.85.7,v44384542
1999,36.00,"New Brunswick",7.85.7,v44384542
2000,19.00,"New Brunswick",7.85.7,v44384542
2001,11.00,"New Brunswick",7.85.7,v44384542
2002,57.00,"New Brunswick",7.85.7,v44384542
2003,19.00,"New Brunswick",7.85.7,v44384542
2004,36.00,"New Brunswick",7.85.7,v44384542
2005,21.00,"New Brunswick",7.85.7,v44384542
2006,9.00,"New Brunswick",7.85.7,v44384542
2007,15.00,"New Brunswick",7.85.7,v44384542
2008,4.00,"New Brunswick",7.85.7,v44384542
2009,10.00,"New Brunswick",7.85.7,v44384542
2010,0.00,"New Brunswick",7.85.7,v44384542
2011,15.00,"New Brunswick",7.85.7,v44384542
2012,2.00,"New Brunswick",7.85.7,v44384542
2013,14.00,"New Brunswick",7.85.7,v44384542
2014,4.00,"New Brunswick",7.85.7,v44384542
2015,1.00,"New Brunswick",7.85.7,v44384542
2005,..,"Moncton, New Brunswick",43.85.7,v52121301
2006,3.00,"Moncton, New Brunswick",43.85.7,v52121301
2007,1.00,"Moncton, New Brunswick",43.85.7,v52121301
2008,1.00,"Moncton, New Brunswick",43.85.7,v52121301
2009,2.00,"Moncton, New Brunswick",43.85.7,v52121301
2010,0.00,"Moncton, New Brunswick",43.85.7,v52121301
2011,5.00,"Moncton, New Brunswick",43.85.7,v52121301
2012,1.00,"Moncton, New Brunswick",43.85.7,v52121301
2013,8.00,"Moncton, New Brunswick",43.85.7,v52121301
2014,0.00,"Moncton, New Brunswick",43.85.7,v52121301
2015,0.00,"Moncton, New Brunswick",43.85.7,v52121301
1998,5.00,"Saint John, New Brunswick",8.85.7,v44348315
1999,6.00,"Saint John, New Brunswick",8.85.7,v44348315
2000,0.00,"Saint John, New Brunswick",8.85.7,v44348315
2001,0.00,"Saint John, New Brunswick",8.85.7,v44348315
2002,35.00,"Saint John, New Brunswick",8.85.7,v44348315
2003,5.00,"Saint John, New Brunswick",8.85.7,v44348315
2004,8.00,"Saint John, New Brunswick",8.85.7,v44348315
2005,0.00,"Saint John, New Brunswick",8.85.7,v44348315
2006,0.00,"Saint John, New Brunswick",8.85.7,v44348315
2007,4.00,"Saint John, New Brunswick",8.85.7,v44348315
2008,2.00,"Saint John, New Brunswick",8.85.7,v44348315
2009,0.00,"Saint John, New Brunswick",8.85.7,v44348315
2010,0.00,"Saint John, New Brunswick",8.85.7,v44348315
2011,7.00,"Saint John, New Brunswick",8.85.7,v44348315
2012,0.00,"Saint John, New Brunswick",8.85.7,v44348315
2013,0.00,"Saint John, New Brunswick",8.85.7,v44348315
2014,0.00,"Saint John, New Brunswick",8.85.7,v44348315
2015,0.00,"Saint John, New Brunswick",8.85.7,v44348315
1998,174.00,"Quebec",9.85.7,v44410226
1999,137.00,"Quebec",9.85.7,v44410226
2000,138.00,"Quebec",9.85.7,v44410226
2001,105.00,"Quebec",9.85.7,v44410226
2002,221.00,"Quebec",9.85.7,v44410226
2003,265.00,"Quebec",9.85.7,v44410226
2004,199.00,"Quebec",9.85.7,v44410226
2005,105.00,"Quebec",9.85.7,v44410226
2006,111.00,"Quebec",9.85.7,v44410226
2007,92.00,"Quebec",9.85.7,v44410226
2008,94.00,"Quebec",9.85.7,v44410226
2009,115.00,"Quebec",9.85.7,v44410226
2010,92.00,"Quebec",9.85.7,v44410226
2011,75.00,"Quebec",9.85.7,v44410226
2012,90.00,"Quebec",9.85.7,v44410226
2013,122.00,"Quebec",9.85.7,v44410226
2014,131.00,"Quebec",9.85.7,v44410226
2015,95.00,"Quebec",9.85.7,v44410226
1998,1.00,"Saguenay, Quebec",10.85.7,v44398093
1999,5.00,"Saguenay, Quebec",10.85.7,v44398093
2000,1.00,"Saguenay, Quebec",10.85.7,v44398093
2001,3.00,"Saguenay, Quebec",10.85.7,v44398093
2002,0.00,"Saguenay, Quebec",10.85.7,v44398093
2003,8.00,"Saguenay, Quebec",10.85.7,v44398093
2004,2.00,"Saguenay, Quebec",10.85.7,v44398093
2005,1.00,"Saguenay, Quebec",10.85.7,v44398093
2006,0.00,"Saguenay, Quebec",10.85.7,v44398093
2007,1.00,"Saguenay, Quebec",10.85.7,v44398093
2008,7.00,"Saguenay, Quebec",10.85.7,v44398093
2009,0.00,"Saguenay, Quebec",10.85.7,v44398093
2010,1.00,"Saguenay, Quebec",10.85.7,v44398093
2011,0.00,"Saguenay, Quebec",10.85.7,v44398093
2012,0.00,"Saguenay, Quebec",10.85.7,v44398093
2013,0.00,"Saguenay, Quebec",10.85.7,v44398093
2014,1.00,"Saguenay, Quebec",10.85.7,v44398093
2015,0.00,"Saguenay, Quebec",10.85.7,v44398093
1998,0.00,"Sherbrooke, Quebec",12.85.7,v44329789
1999,0.00,"Sherbrooke, Quebec",12.85.7,v44329789
2000,1.00,"Sherbrooke, Quebec",12.85.7,v44329789
2001,4.00,"Sherbrooke, Quebec",12.85.7,v44329789
2002,10.00,"Sherbrooke, Quebec",12.85.7,v44329789
2003,8.00,"Sherbrooke, Quebec",12.85.7,v44329789
2004,4.00,"Sherbrooke, Quebec",12.85.7,v44329789
2005,0.00,"Sherbrooke, Quebec",12.85.7,v44329789
2006,2.00,"Sherbrooke, Quebec",12.85.7,v44329789
2007,5.00,"Sherbrooke, Quebec",12.85.7,v44329789
2008,3.00,"Sherbrooke, Quebec",12.85.7,v44329789
2009,5.00,"Sherbrooke, Quebec",12.85.7,v44329789
2010,1.00,"Sherbrooke, Quebec",12.85.7,v44329789
2011,1.00,"Sherbrooke, Quebec",12.85.7,v44329789
2012,4.00,"Sherbrooke, Quebec",12.85.7,v44329789
2013,7.00,"Sherbrooke, Quebec",12.85.7,v44329789
2014,2.00,"Sherbrooke, Quebec",12.85.7,v44329789
2015,9.00,"Sherbrooke, Quebec",12.85.7,v44329789
1998,5.00,"Ottawa-Gatineau, Quebec part",15.85.7,v44392378
1999,17.00,"Ottawa-Gatineau, Quebec part",15.85.7,v44392378
2000,8.00,"Ottawa-Gatineau, Quebec part",15.85.7,v44392378
2001,6.00,"Ottawa-Gatineau, Quebec part",15.85.7,v44392378
2002,22.00,"Ottawa-Gatineau, Quebec part",15.85.7,v44392378
2003,36.00,"Ottawa-Gatineau, Quebec part",15.85.7,v44392378
2004,8.00,"Ottawa-Gatineau, Quebec part",15.85.7,v44392378
2005,3.00,"Ottawa-Gatineau, Quebec part",15.85.7,v44392378
2006,2.00,"Ottawa-Gatineau, Quebec part",15.85.7,v44392378
2007,1.00,"Ottawa-Gatineau, Quebec part",15.85.7,v44392378
2008,2.00,"Ottawa-Gatineau, Quebec part",15.85.7,v44392378
2009,2.00,"Ottawa-Gatineau, Quebec part",15.85.7,v44392378
2010,1.00,"Ottawa-Gatineau, Quebec part",15.85.7,v44392378
2011,6.00,"Ottawa-Gatineau, Quebec part",15.85.7,v44392378
2012,8.00,"Ottawa-Gatineau, Quebec part",15.85.7,v44392378
2013,11.00,"Ottawa-Gatineau, Quebec part",15.85.7,v44392378
2014,10.00,"Ottawa-Gatineau, Quebec part",15.85.7,v44392378
2015,2.00,"Ottawa-Gatineau, Quebec part",15.85.7,v44392378
1998,482.00,"Ontario",16.85.7,v44356782
1999,412.00,"Ontario",16.85.7,v44356782
2000,415.00,"Ontario",16.85.7,v44356782
2001,364.00,"Ontario",16.85.7,v44356782
2002,370.00,"Ontario",16.85.7,v44356782
2003,666.00,"Ontario",16.85.7,v44356782
2004,535.00,"Ontario",16.85.7,v44356782
2005,440.00,"Ontario",16.85.7,v44356782
2006,277.00,"Ontario",16.85.7,v44356782
2007,142.00,"Ontario",16.85.7,v44356782
2008,293.00,"Ontario",16.85.7,v44356782
2009,139.00,"Ontario",16.85.7,v44356782
2010,154.00,"Ontario",16.85.7,v44356782
2011,102.00,"Ontario",16.85.7,v44356782
2012,88.00,"Ontario",16.85.7,v44356782
2013,115.00,"Ontario",16.85.7,v44356782
2014,123.00,"Ontario",16.85.7,v44356782
2015,134.00,"Ontario",16.85.7,v44356782
1998,25.00,"Ottawa-Gatineau, Ontario/Quebec",17.85.7,v52148415
1999,23.00,"Ottawa-Gatineau, Ontario/Quebec",17.85.7,v52148415
2000,12.00,"Ottawa-Gatineau, Ontario/Quebec",17.85.7,v52148415
2001,23.00,"Ottawa-Gatineau, Ontario/Quebec",17.85.7,v52148415
2002,28.00,"Ottawa-Gatineau, Ontario/Quebec",17.85.7,v52148415
2003,69.00,"Ottawa-Gatineau, Ontario/Quebec",17.85.7,v52148415
2004,41.00,"Ottawa-Gatineau, Ontario/Quebec",17.85.7,v52148415
2005,11.00,"Ottawa-Gatineau, Ontario/Quebec",17.85.7,v52148415
2006,13.00,"Ottawa-Gatineau, Ontario/Quebec",17.85.7,v52148415
2007,10.00,"Ottawa-Gatineau, Ontario/Quebec",17.85.7,v52148415
2008,12.00,"Ottawa-Gatineau, Ontario/Quebec",17.85.7,v52148415
2009,15.00,"Ottawa-Gatineau, Ontario/Quebec",17.85.7,v52148415
2010,2.00,"Ottawa-Gatineau, Ontario/Quebec",17.85.7,v52148415
2011,8.00,"Ottawa-Gatineau, Ontario/Quebec",17.85.7,v52148415
2012,9.00,"Ottawa-Gatineau, Ontario/Quebec",17.85.7,v52148415
2013,18.00,"Ottawa-Gatineau, Ontario/Quebec",17.85.7,v52148415
2014,26.00,"Ottawa-Gatineau, Ontario/Quebec",17.85.7,v52148415
2015,9.00,"Ottawa-Gatineau, Ontario/Quebec",17.85.7,v52148415
1998,20.00,"Ottawa-Gatineau, Ontario part",18.85.7,v44361659
1999,6.00,"Ottawa-Gatineau, Ontario part",18.85.7,v44361659
2000,4.00,"Ottawa-Gatineau, Ontario part",18.85.7,v44361659
2001,17.00,"Ottawa-Gatineau, Ontario part",18.85.7,v44361659
2002,6.00,"Ottawa-Gatineau, Ontario part",18.85.7,v44361659
2003,33.00,"Ottawa-Gatineau, Ontario part",18.85.7,v44361659
2004,33.00,"Ottawa-Gatineau, Ontario part",18.85.7,v44361659
2005,8.00,"Ottawa-Gatineau, Ontario part",18.85.7,v44361659
2006,11.00,"Ottawa-Gatineau, Ontario part",18.85.7,v44361659
2007,9.00,"Ottawa-Gatineau, Ontario part",18.85.7,v44361659
2008,10.00,"Ottawa-Gatineau, Ontario part",18.85.7,v44361659
2009,13.00,"Ottawa-Gatineau, Ontario part",18.85.7,v44361659
2010,1.00,"Ottawa-Gatineau, Ontario part",18.85.7,v44361659
2011,2.00,"Ottawa-Gatineau, Ontario part",18.85.7,v44361659
2012,1.00,"Ottawa-Gatineau, Ontario part",18.85.7,v44361659
2013,7.00,"Ottawa-Gatineau, Ontario part",18.85.7,v44361659
2014,16.00,"Ottawa-Gatineau, Ontario part",18.85.7,v44361659
2015,7.00,"Ottawa-Gatineau, Ontario part",18.85.7,v44361659
2000,..,"Kingston, Ontario",27.85.7,v44370882
2001,1.00,"Kingston, Ontario",27.85.7,v44370882
2002,1.00,"Kingston, Ontario",27.85.7,v44370882
2003,7.00,"Kingston, Ontario",27.85.7,v44370882
2004,1.00,"Kingston, Ontario",27.85.7,v44370882
2005,3.00,"Kingston, Ontario",27.85.7,v44370882
2006,4.00,"Kingston, Ontario",27.85.7,v44370882
2007,4.00,"Kingston, Ontario",27.85.7,v44370882
2008,0.00,"Kingston, Ontario",27.85.7,v44370882
2009,3.00,"Kingston, Ontario",27.85.7,v44370882
2010,3.00,"Kingston, Ontario",27.85.7,v44370882
2011,1.00,"Kingston, Ontario",27.85.7,v44370882
2012,0.00,"Kingston, Ontario",27.85.7,v44370882
2013,0.00,"Kingston, Ontario",27.85.7,v44370882
2014,0.00,"Kingston, Ontario",27.85.7,v44370882
2015,1.00,"Kingston, Ontario",27.85.7,v44370882
2005,..,"Peterborough, Ontario",44.85.7,v52122744
2006,8.00,"Peterborough, Ontario",44.85.7,v52122744
2007,2.00,"Peterborough, Ontario",44.85.7,v52122744
2008,2.00,"Peterborough, Ontario",44.85.7,v52122744
2009,1.00,"Peterborough, Ontario",44.85.7,v52122744
2010,4.00,"Peterborough, Ontario",44.85.7,v52122744
2011,1.00,"Peterborough, Ontario",44.85.7,v52122744
2012,0.00,"Peterborough, Ontario",44.85.7,v52122744
2013,2.00,"Peterborough, Ontario",44.85.7,v52122744
2014,0.00,"Peterborough, Ontario",44.85.7,v52122744
2015,4.00,"Peterborough, Ontario",44.85.7,v52122744
1998,272.00,"Toronto, Ontario",19.85.7,v44399134
1999,251.00,"Toronto, Ontario",19.85.7,v44399134
2000,283.00,"Toronto, Ontario",19.85.7,v44399134
2001,177.00,"Toronto, Ontario",19.85.7,v44399134
2002,225.00,"Toronto, Ontario",19.85.7,v44399134
2003,369.00,"Toronto, Ontario",19.85.7,v44399134
2004,286.00,"Toronto, Ontario",19.85.7,v44399134
2005,232.00,"Toronto, Ontario",19.85.7,v44399134
2006,158.00,"Toronto, Ontario",19.85.7,v44399134
2007,65.00,"Toronto, Ontario",19.85.7,v44399134
2008,124.00,"Toronto, Ontario",19.85.7,v44399134
2009,41.00,"Toronto, Ontario",19.85.7,v44399134
2010,43.00,"Toronto, Ontario",19.85.7,v44399134
2011,36.00,"Toronto, Ontario",19.85.7,v44399134
2012,26.00,"Toronto, Ontario",19.85.7,v44399134
2013,62.00,"Toronto, Ontario",19.85.7,v44399134
2014,40.00,"Toronto, Ontario",19.85.7,v44399134
2015,40.00,"Toronto, Ontario",19.85.7,v44399134
1998,16.00,"Hamilton, Ontario",20.85.7,v44391167
1999,8.00,"Hamilton, Ontario",20.85.7,v44391167
2000,5.00,"Hamilton, Ontario",20.85.7,v44391167
2001,12.00,"Hamilton, Ontario",20.85.7,v44391167
2002,9.00,"Hamilton, Ontario",20.85.7,v44391167
2003,31.00,"Hamilton, Ontario",20.85.7,v44391167
2004,18.00,"Hamilton, Ontario",20.85.7,v44391167
2005,19.00,"Hamilton, Ontario",20.85.7,v44391167
2006,5.00,"Hamilton, Ontario",20.85.7,v44391167
2007,4.00,"Hamilton, Ontario",20.85.7,v44391167
2008,1.00,"Hamilton, Ontario",20.85.7,v44391167
2009,2.00,"Hamilton, Ontario",20.85.7,v44391167
2010,2.00,"Hamilton, Ontario",20.85.7,v44391167
2011,1.00,"Hamilton, Ontario",20.85.7,v44391167
2012,0.00,"Hamilton, Ontario",20.85.7,v44391167
2013,5.00,"Hamilton, Ontario",20.85.7,v44391167
2014,10.00,"Hamilton, Ontario",20.85.7,v44391167
2015,4.00,"Hamilton, Ontario",20.85.7,v44391167
1998,32.00,"St.Catharines-Niagara, Ontario",21.85.7,v44377442
1999,12.00,"St.Catharines-Niagara, Ontario",21.85.7,v44377442
2000,13.00,"St.Catharines-Niagara, Ontario",21.85.7,v44377442
2001,19.00,"St.Catharines-Niagara, Ontario",21.85.7,v44377442
2002,14.00,"St.Catharines-Niagara, Ontario",21.85.7,v44377442
2003,40.00,"St.Catharines-Niagara, Ontario",21.85.7,v44377442
2004,25.00,"St.Catharines-Niagara, Ontario",21.85.7,v44377442
2005,21.00,"St.Catharines-Niagara, Ontario",21.85.7,v44377442
2006,8.00,"St.Catharines-Niagara, Ontario",21.85.7,v44377442
2007,2.00,"St.Catharines-Niagara, Ontario",21.85.7,v44377442
2008,12.00,"St.Catharines-Niagara, Ontario",21.85.7,v44377442
2009,8.00,"St.Catharines-Niagara, Ontario",21.85.7,v44377442
2010,10.00,"St.Catharines-Niagara, Ontario",21.85.7,v44377442
2011,7.00,"St.Catharines-Niagara, Ontario",21.85.7,v44377442
2012,8.00,"St.Catharines-Niagara, Ontario",21.85.7,v44377442
2013,3.00,"St.Catharines-Niagara, Ontario",21.85.7,v44377442
2014,4.00,"St.Catharines-Niagara, Ontario",21.85.7,v44377442
2015,15.00,"St.Catharines-Niagara, Ontario",21.85.7,v44377442
1998,13.00,"Kitchener-Cambridge-Waterloo, Ontario",22.85.7,v44364133
1999,19.00,"Kitchener-Cambridge-Waterloo, Ontario",22.85.7,v44364133
2000,4.00,"Kitchener-Cambridge-Waterloo, Ontario",22.85.7,v44364133
2001,17.00,"Kitchener-Cambridge-Waterloo, Ontario",22.85.7,v44364133
2002,6.00,"Kitchener-Cambridge-Waterloo, Ontario",22.85.7,v44364133
2003,18.00,"Kitchener-Cambridge-Waterloo, Ontario",22.85.7,v44364133
2004,23.00,"Kitchener-Cambridge-Waterloo, Ontario",22.85.7,v44364133
2005,39.00,"Kitchener-Cambridge-Waterloo, Ontario",22.85.7,v44364133
2006,13.00,"Kitchener-Cambridge-Waterloo, Ontario",22.85.7,v44364133
2007,2.00,"Kitchener-Cambridge-Waterloo, Ontario",22.85.7,v44364133
2008,7.00,"Kitchener-Cambridge-Waterloo, Ontario",22.85.7,v44364133
2009,5.00,"Kitchener-Cambridge-Waterloo, Ontario",22.85.7,v44364133
2010,12.00,"Kitchener-Cambridge-Waterloo, Ontario",22.85.7,v44364133
2011,4.00,"Kitchener-Cambridge-Waterloo, Ontario",22.85.7,v44364133
2012,6.00,"Kitchener-Cambridge-Waterloo, Ontario",22.85.7,v44364133
2013,4.00,"Kitchener-Cambridge-Waterloo, Ontario",22.85.7,v44364133
2014,10.00,"Kitchener-Cambridge-Waterloo, Ontario",22.85.7,v44364133
2015,6.00,"Kitchener-Cambridge-Waterloo, Ontario",22.85.7,v44364133
2005,..,"Brantford, Ontario",45.85.7,v52124355
2006,6.00,"Brantford, Ontario",45.85.7,v52124355
2007,0.00,"Brantford, Ontario",45.85.7,v52124355
2008,3.00,"Brantford, Ontario",45.85.7,v52124355
2009,1.00,"Brantford, Ontario",45.85.7,v52124355
2010,0.00,"Brantford, Ontario",45.85.7,v52124355
2011,1.00,"Brantford, Ontario",45.85.7,v52124355
2012,2.00,"Brantford, Ontario",45.85.7,v52124355
2013,2.00,"Brantford, Ontario",45.85.7,v52124355
2014,3.00,"Brantford, Ontario",45.85.7,v52124355
2015,1.00,"Brantford, Ontario",45.85.7,v52124355
2005,..,"Guelph, Ontario",46.85.7,v52119824
2006,2.00,"Guelph, Ontario",46.85.7,v52119824
2007,1.00,"Guelph, Ontario",46.85.7,v52119824
2008,7.00,"Guelph, Ontario",46.85.7,v52119824
2009,0.00,"Guelph, Ontario",46.85.7,v52119824
2010,1.00,"Guelph, Ontario",46.85.7,v52119824
2011,0.00,"Guelph, Ontario",46.85.7,v52119824
2012,0.00,"Guelph, Ontario",46.85.7,v52119824
2013,1.00,"Guelph, Ontario",46.85.7,v52119824
2014,2.00,"Guelph, Ontario",46.85.7,v52119824
2015,0.00,"Guelph, Ontario",46.85.7,v52119824
1998,11.00,"London, Ontario",23.85.7,v44330707
1999,3.00,"London, Ontario",23.85.7,v44330707
2000,15.00,"London, Ontario",23.85.7,v44330707
2001,26.00,"London, Ontario",23.85.7,v44330707
2002,6.00,"London, Ontario",23.85.7,v44330707
2003,17.00,"London, Ontario",23.85.7,v44330707
2004,5.00,"London, Ontario",23.85.7,v44330707
2005,12.00,"London, Ontario",23.85.7,v44330707
2006,2.00,"London, Ontario",23.85.7,v44330707
2007,7.00,"London, Ontario",23.85.7,v44330707
2008,12.00,"London, Ontario",23.85.7,v44330707
2009,8.00,"London, Ontario",23.85.7,v44330707
2010,6.00,"London, Ontario",23.85.7,v44330707
2011,8.00,"London, Ontario",23.85.7,v44330707
2012,10.00,"London, Ontario",23.85.7,v44330707
2013,5.00,"London, Ontario",23.85.7,v44330707
2014,7.00,"London, Ontario",23.85.7,v44330707
2015,4.00,"London, Ontario",23.85.7,v44330707
1998,14.00,"Windsor, Ontario",24.85.7,v44373080
1999,14.00,"Windsor, Ontario",24.85.7,v44373080
2000,15.00,"Windsor, Ontario",24.85.7,v44373080
2001,22.00,"Windsor, Ontario",24.85.7,v44373080
2002,22.00,"Windsor, Ontario",24.85.7,v44373080
2003,18.00,"Windsor, Ontario",24.85.7,v44373080
2004,23.00,"Windsor, Ontario",24.85.7,v44373080
2005,11.00,"Windsor, Ontario",24.85.7,v44373080
2006,7.00,"Windsor, Ontario",24.85.7,v44373080
2007,0.00,"Windsor, Ontario",24.85.7,v44373080
2008,6.00,"Windsor, Ontario",24.85.7,v44373080
2009,4.00,"Windsor, Ontario",24.85.7,v44373080
2010,2.00,"Windsor, Ontario",24.85.7,v44373080
2011,2.00,"Windsor, Ontario",24.85.7,v44373080
2012,1.00,"Windsor, Ontario",24.85.7,v44373080
2013,2.00,"Windsor, Ontario",24.85.7,v44373080
2014,5.00,"Windsor, Ontario",24.85.7,v44373080
2015,2.00,"Windsor, Ontario",24.85.7,v44373080
2005,..,"Barrie, Ontario",47.85.7,v52145237
2006,2.00,"Barrie, Ontario",47.85.7,v52145237
2007,8.00,"Barrie, Ontario",47.85.7,v52145237
2008,8.00,"Barrie, Ontario",47.85.7,v52145237
2009,3.00,"Barrie, Ontario",47.85.7,v52145237
2010,3.00,"Barrie, Ontario",47.85.7,v52145237
2011,2.00,"Barrie, Ontario",47.85.7,v52145237
2012,0.00,"Barrie, Ontario",47.85.7,v52145237
2013,0.00,"Barrie, Ontario",47.85.7,v52145237
2014,9.00,"Barrie, Ontario",47.85.7,v52145237
2015,4.00,"Barrie, Ontario",47.85.7,v52145237
1998,6.00,"Sudbury, Ontario",25.85.7,v44379962
1999,7.00,"Sudbury, Ontario",25.85.7,v44379962
2000,15.00,"Sudbury, Ontario",25.85.7,v44379962
2001,4.00,"Sudbury, Ontario",25.85.7,v44379962
2002,2.00,"Sudbury, Ontario",25.85.7,v44379962
2003,5.00,"Sudbury, Ontario",25.85.7,v44379962
2004,3.00,"Sudbury, Ontario",25.85.7,v44379962
2005,1.00,"Sudbury, Ontario",25.85.7,v44379962
2006,5.00,"Sudbury, Ontario",25.85.7,v44379962
2007,6.00,"Sudbury, Ontario",25.85.7,v44379962
2008,17.00,"Sudbury, Ontario",25.85.7,v44379962
2009,3.00,"Sudbury, Ontario",25.85.7,v44379962
2010,1.00,"Sudbury, Ontario",25.85.7,v44379962
2011,9.00,"Sudbury, Ontario",25.85.7,v44379962
2012,7.00,"Sudbury, Ontario",25.85.7,v44379962
2013,2.00,"Sudbury, Ontario",25.85.7,v44379962
2014,0.00,"Sudbury, Ontario",25.85.7,v44379962
2015,0.00,"Sudbury, Ontario",25.85.7,v44379962
1998,0.00,"Thunder Bay, Ontario",26.85.7,v44388894
1999,3.00,"Thunder Bay, Ontario",26.85.7,v44388894
2000,0.00,"Thunder Bay, Ontario",26.85.7,v44388894
2001,1.00,"Thunder Bay, Ontario",26.85.7,v44388894
2002,5.00,"Thunder Bay, Ontario",26.85.7,v44388894
2003,5.00,"Thunder Bay, Ontario",26.85.7,v44388894
2004,9.00,"Thunder Bay, Ontario",26.85.7,v44388894
2005,5.00,"Thunder Bay, Ontario",26.85.7,v44388894
2006,1.00,"Thunder Bay, Ontario",26.85.7,v44388894
2007,0.00,"Thunder Bay, Ontario",26.85.7,v44388894
2008,1.00,"Thunder Bay, Ontario",26.85.7,v44388894
2009,2.00,"Thunder Bay, Ontario",26.85.7,v44388894
2010,0.00,"Thunder Bay, Ontario",26.85.7,v44388894
2011,0.00,"Thunder Bay, Ontario",26.85.7,v44388894
2012,0.00,"Thunder Bay, Ontario",26.85.7,v44388894
2013,0.00,"Thunder Bay, Ontario",26.85.7,v44388894
2014,0.00,"Thunder Bay, Ontario",26.85.7,v44388894
2015,0.00,"Thunder Bay, Ontario",26.85.7,v44388894
1998,44.00,"Manitoba",28.85.7,v44367415
1999,25.00,"Manitoba",28.85.7,v44367415
2000,14.00,"Manitoba",28.85.7,v44367415
2001,32.00,"Manitoba",28.85.7,v44367415
2002,31.00,"Manitoba",28.85.7,v44367415
2003,22.00,"Manitoba",28.85.7,v44367415
2004,15.00,"Manitoba",28.85.7,v44367415
2005,32.00,"Manitoba",28.85.7,v44367415
2006,26.00,"Manitoba",28.85.7,v44367415
2007,13.00,"Manitoba",28.85.7,v44367415
2008,25.00,"Manitoba",28.85.7,v44367415
2009,14.00,"Manitoba",28.85.7,v44367415
2010,18.00,"Manitoba",28.85.7,v44367415
2011,14.00,"Manitoba",28.85.7,v44367415
2012,6.00,"Manitoba",28.85.7,v44367415
2013,15.00,"Manitoba",28.85.7,v44367415
2014,10.00,"Manitoba",28.85.7,v44367415
2015,2.00,"Manitoba",28.85.7,v44367415
1998,34.00,"Winnipeg, Manitoba",29.85.7,v44336297
1999,20.00,"Winnipeg, Manitoba",29.85.7,v44336297
2000,12.00,"Winnipeg, Manitoba",29.85.7,v44336297
2001,23.00,"Winnipeg, Manitoba",29.85.7,v44336297
2002,17.00,"Winnipeg, Manitoba",29.85.7,v44336297
2003,16.00,"Winnipeg, Manitoba",29.85.7,v44336297
2004,10.00,"Winnipeg, Manitoba",29.85.7,v44336297
2005,21.00,"Winnipeg, Manitoba",29.85.7,v44336297
2006,20.00,"Winnipeg, Manitoba",29.85.7,v44336297
2007,8.00,"Winnipeg, Manitoba",29.85.7,v44336297
2008,21.00,"Winnipeg, Manitoba",29.85.7,v44336297
2009,11.00,"Winnipeg, Manitoba",29.85.7,v44336297
2010,11.00,"Winnipeg, Manitoba",29.85.7,v44336297
2011,13.00,"Winnipeg, Manitoba",29.85.7,v44336297
2012,6.00,"Winnipeg, Manitoba",29.85.7,v44336297
2013,8.00,"Winnipeg, Manitoba",29.85.7,v44336297
2014,9.00,"Winnipeg, Manitoba",29.85.7,v44336297
2015,0.00,"Winnipeg, Manitoba",29.85.7,v44336297
1998,27.00,"Saskatchewan",30.85.7,v44395282
1999,34.00,"Saskatchewan",30.85.7,v44395282
2000,25.00,"Saskatchewan",30.85.7,v44395282
2001,25.00,"Saskatchewan",30.85.7,v44395282
2002,34.00,"Saskatchewan",30.85.7,v44395282
2003,10.00,"Saskatchewan",30.85.7,v44395282
2004,70.00,"Saskatchewan",30.85.7,v44395282
2005,29.00,"Saskatchewan",30.85.7,v44395282
2006,31.00,"Saskatchewan",30.85.7,v44395282
2007,2.00,"Saskatchewan",30.85.7,v44395282
2008,28.00,"Saskatchewan",30.85.7,v44395282
2009,26.00,"Saskatchewan",30.85.7,v44395282
2010,13.00,"Saskatchewan",30.85.7,v44395282
2011,9.00,"Saskatchewan",30.85.7,v44395282
2012,8.00,"Saskatchewan",30.85.7,v44395282
2013,1.00,"Saskatchewan",30.85.7,v44395282
2014,13.00,"Saskatchewan",30.85.7,v44395282
2015,17.00,"Saskatchewan",30.85.7,v44395282
1998,7.00,"Regina, Saskatchewan",31.85.7,v44400384
1999,14.00,"Regina, Saskatchewan",31.85.7,v44400384
2000,13.00,"Regina, Saskatchewan",31.85.7,v44400384
2001,2.00,"Regina, Saskatchewan",31.85.7,v44400384
2002,9.00,"Regina, Saskatchewan",31.85.7,v44400384
2003,0.00,"Regina, Saskatchewan",31.85.7,v44400384
2004,36.00,"Regina, Saskatchewan",31.85.7,v44400384
2005,13.00,"Regina, Saskatchewan",31.85.7,v44400384
2006,4.00,"Regina, Saskatchewan",31.85.7,v44400384
2007,0.00,"Regina, Saskatchewan",31.85.7,v44400384
2008,10.00,"Regina, Saskatchewan",31.85.7,v44400384
2009,5.00,"Regina, Saskatchewan",31.85.7,v44400384
2010,5.00,"Regina, Saskatchewan",31.85.7,v44400384
2011,7.00,"Regina, Saskatchewan",31.85.7,v44400384
2012,0.00,"Regina, Saskatchewan",31.85.7,v44400384
2013,0.00,"Regina, Saskatchewan",31.85.7,v44400384
2014,7.00,"Regina, Saskatchewan",31.85.7,v44400384
2015,6.00,"Regina, Saskatchewan",31.85.7,v44400384
1998,10.00,"Saskatoon, Saskatchewan",32.85.7,v44370135
1999,10.00,"Saskatoon, Saskatchewan",32.85.7,v44370135
2000,4.00,"Saskatoon, Saskatchewan",32.85.7,v44370135
2001,12.00,"Saskatoon, Saskatchewan",32.85.7,v44370135
2002,11.00,"Saskatoon, Saskatchewan",32.85.7,v44370135
2003,5.00,"Saskatoon, Saskatchewan",32.85.7,v44370135
2004,14.00,"Saskatoon, Saskatchewan",32.85.7,v44370135
2005,10.00,"Saskatoon, Saskatchewan",32.85.7,v44370135
2006,8.00,"Saskatoon, Saskatchewan",32.85.7,v44370135
2007,2.00,"Saskatoon, Saskatchewan",32.85.7,v44370135
2008,8.00,"Saskatoon, Saskatchewan",32.85.7,v44370135
2009,12.00,"Saskatoon, Saskatchewan",32.85.7,v44370135
2010,7.00,"Saskatoon, Saskatchewan",32.85.7,v44370135
2011,2.00,"Saskatoon, Saskatchewan",32.85.7,v44370135
2012,6.00,"Saskatoon, Saskatchewan",32.85.7,v44370135
2013,0.00,"Saskatoon, Saskatchewan",32.85.7,v44370135
2014,0.00,"Saskatoon, Saskatchewan",32.85.7,v44370135
2015,6.00,"Saskatoon, Saskatchewan",32.85.7,v44370135
1998,32.00,"Alberta",33.85.7,v44341608
1999,123.00,"Alberta",33.85.7,v44341608
2000,95.00,"Alberta",33.85.7,v44341608
2001,96.00,"Alberta",33.85.7,v44341608
2002,166.00,"Alberta",33.85.7,v44341608
2003,143.00,"Alberta",33.85.7,v44341608
2004,232.00,"Alberta",33.85.7,v44341608
2005,127.00,"Alberta",33.85.7,v44341608
2006,44.00,"Alberta",33.85.7,v44341608
2007,63.00,"Alberta",33.85.7,v44341608
2008,118.00,"Alberta",33.85.7,v44341608
2009,102.00,"Alberta",33.85.7,v44341608
2010,67.00,"Alberta",33.85.7,v44341608
2011,64.00,"Alberta",33.85.7,v44341608
2012,35.00,"Alberta",33.85.7,v44341608
2013,22.00,"Alberta",33.85.7,v44341608
2014,21.00,"Alberta",33.85.7,v44341608
2015,107.00,"Alberta",33.85.7,v44341608
1998,3.00,"Calgary, Alberta",34.85.7,v44403841
1999,29.00,"Calgary, Alberta",34.85.7,v44403841
2000,29.00,"Calgary, Alberta",34.85.7,v44403841
2001,33.00,"Calgary, Alberta",34.85.7,v44403841
2002,44.00,"Calgary, Alberta",34.85.7,v44403841
2003,42.00,"Calgary, Alberta",34.85.7,v44403841
2004,87.00,"Calgary, Alberta",34.85.7,v44403841
2005,19.00,"Calgary, Alberta",34.85.7,v44403841
2006,5.00,"Calgary, Alberta",34.85.7,v44403841
2007,9.00,"Calgary, Alberta",34.85.7,v44403841
2008,33.00,"Calgary, Alberta",34.85.7,v44403841
2009,24.00,"Calgary, Alberta",34.85.7,v44403841
2010,22.00,"Calgary, Alberta",34.85.7,v44403841
2011,9.00,"Calgary, Alberta",34.85.7,v44403841
2012,8.00,"Calgary, Alberta",34.85.7,v44403841
2013,4.00,"Calgary, Alberta",34.85.7,v44403841
2014,3.00,"Calgary, Alberta",34.85.7,v44403841
2015,57.00,"Calgary, Alberta",34.85.7,v44403841
1998,23.00,"Edmonton, Alberta",35.85.7,v44372337
1999,85.00,"Edmonton, Alberta",35.85.7,v44372337
2000,47.00,"Edmonton, Alberta",35.85.7,v44372337
2001,42.00,"Edmonton, Alberta",35.85.7,v44372337
2002,90.00,"Edmonton, Alberta",35.85.7,v44372337
2003,71.00,"Edmonton, Alberta",35.85.7,v44372337
2004,88.00,"Edmonton, Alberta",35.85.7,v44372337
2005,70.00,"Edmonton, Alberta",35.85.7,v44372337
2006,28.00,"Edmonton, Alberta",35.85.7,v44372337
2007,25.00,"Edmonton, Alberta",35.85.7,v44372337
2008,60.00,"Edmonton, Alberta",35.85.7,v44372337
2009,45.00,"Edmonton, Alberta",35.85.7,v44372337
2010,10.00,"Edmonton, Alberta",35.85.7,v44372337
2011,36.00,"Edmonton, Alberta",35.85.7,v44372337
2012,6.00,"Edmonton, Alberta",35.85.7,v44372337
2013,8.00,"Edmonton, Alberta",35.85.7,v44372337
2014,12.00,"Edmonton, Alberta",35.85.7,v44372337
2015,7.00,"Edmonton, Alberta",35.85.7,v44372337
1998,129.00,"British Columbia",36.85.7,v44401049
1999,144.00,"British Columbia",36.85.7,v44401049
2000,129.00,"British Columbia",36.85.7,v44401049
2001,77.00,"British Columbia",36.85.7,v44401049
2002,54.00,"British Columbia",36.85.7,v44401049
2003,143.00,"British Columbia",36.85.7,v44401049
2004,206.00,"British Columbia",36.85.7,v44401049
2005,162.00,"British Columbia",36.85.7,v44401049
2006,130.00,"British Columbia",36.85.7,v44401049
2007,91.00,"British Columbia",36.85.7,v44401049
2008,83.00,"British Columbia",36.85.7,v44401049
2009,119.00,"British Columbia",36.85.7,v44401049
2010,154.00,"British Columbia",36.85.7,v44401049
2011,97.00,"British Columbia",36.85.7,v44401049
2012,37.00,"British Columbia",36.85.7,v44401049
2013,78.00,"British Columbia",36.85.7,v44401049
2014,62.00,"British Columbia",36.85.7,v44401049
2015,79.00,"British Columbia",36.85.7,v44401049
2005,..,"Kelowna, British Columbia",48.85.7,v52144324
2006,3.00,"Kelowna, British Columbia",48.85.7,v52144324
2007,0.00,"Kelowna, British Columbia",48.85.7,v52144324
2008,6.00,"Kelowna, British Columbia",48.85.7,v52144324
2009,6.00,"Kelowna, British Columbia",48.85.7,v52144324
2010,13.00,"Kelowna, British Columbia",48.85.7,v52144324
2011,0.00,"Kelowna, British Columbia",48.85.7,v52144324
2012,0.00,"Kelowna, British Columbia",48.85.7,v52144324
2013,9.00,"Kelowna, British Columbia",48.85.7,v52144324
2014,6.00,"Kelowna, British Columbia",48.85.7,v52144324
2015,4.00,"Kelowna, British Columbia",48.85.7,v52144324
2000,..,"Abbotsford-Mission, British Columbia",39.85.7,v44404524
2001,0.00,"Abbotsford-Mission, British Columbia",39.85.7,v44404524
2002,3.00,"Abbotsford-Mission, British Columbia",39.85.7,v44404524
2003,12.00,"Abbotsford-Mission, British Columbia",39.85.7,v44404524
2004,7.00,"Abbotsford-Mission, British Columbia",39.85.7,v44404524
2005,2.00,"Abbotsford-Mission, British Columbia",39.85.7,v44404524
2006,2.00,"Abbotsford-Mission, British Columbia",39.85.7,v44404524
2007,1.00,"Abbotsford-Mission, British Columbia",39.85.7,v44404524
2008,2.00,"Abbotsford-Mission, British Columbia",39.85.7,v44404524
2009,0.00,"Abbotsford-Mission, British Columbia",39.85.7,v44404524
2010,1.00,"Abbotsford-Mission, British Columbia",39.85.7,v44404524
2011,0.00,"Abbotsford-Mission, British Columbia",39.85.7,v44404524
2012,0.00,"Abbotsford-Mission, British Columbia",39.85.7,v44404524
2013,4.00,"Abbotsford-Mission, British Columbia",39.85.7,v44404524
2014,0.00,"Abbotsford-Mission, British Columbia",39.85.7,v44404524
2015,0.00,"Abbotsford-Mission, British Columbia",39.85.7,v44404524
1998,56.00,"Vancouver, British Columbia",37.85.7,v44341525
1999,65.00,"Vancouver, British Columbia",37.85.7,v44341525
2000,63.00,"Vancouver, British Columbia",37.85.7,v44341525
2001,36.00,"Vancouver, British Columbia",37.85.7,v44341525
2002,29.00,"Vancouver, British Columbia",37.85.7,v44341525
2003,61.00,"Vancouver, British Columbia",37.85.7,v44341525
2004,121.00,"Vancouver, British Columbia",37.85.7,v44341525
2005,101.00,"Vancouver, British Columbia",37.85.7,v44341525
2006,93.00,"Vancouver, British Columbia",37.85.7,v44341525
2007,33.00,"Vancouver, British Columbia",37.85.7,v44341525
2008,37.00,"Vancouver, British Columbia",37.85.7,v44341525
2009,72.00,"Vancouver, British Columbia",37.85.7,v44341525
2010,73.00,"Vancouver, British Columbia",37.85.7,v44341525
2011,58.00,"Vancouver, British Columbia",37.85.7,v44341525
2012,26.00,"Vancouver, British Columbia",37.85.7,v44341525
2013,43.00,"Vancouver, British Columbia",37.85.7,v44341525
2014,35.00,"Vancouver, British Columbia",37.85.7,v44341525
2015,36.00,"Vancouver, British Columbia",37.85.7,v44341525
1998,21.00,"Victoria, British Columbia",38.85.7,v44381354
1999,25.00,"Victoria, British Columbia",38.85.7,v44381354
2000,21.00,"Victoria, British Columbia",38.85.7,v44381354
2001,6.00,"Victoria, British Columbia",38.85.7,v44381354
2002,5.00,"Victoria, British Columbia",38.85.7,v44381354
2003,1.00,"Victoria, British Columbia",38.85.7,v44381354
2004,13.00,"Victoria, British Columbia",38.85.7,v44381354
2005,14.00,"Victoria, British Columbia",38.85.7,v44381354
2006,2.00,"Victoria, British Columbia",38.85.7,v44381354
2007,10.00,"Victoria, British Columbia",38.85.7,v44381354
2008,2.00,"Victoria, British Columbia",38.85.7,v44381354
2009,10.00,"Victoria, British Columbia",38.85.7,v44381354
2010,13.00,"Victoria, British Columbia",38.85.7,v44381354
2011,3.00,"Victoria, British Columbia",38.85.7,v44381354
2012,3.00,"Victoria, British Columbia",38.85.7,v44381354
2013,8.00,"Victoria, British Columbia",38.85.7,v44381354
2014,14.00,"Victoria, British Columbia",38.85.7,v44381354
2015,21.00,"Victoria, British Columbia",38.85.7,v44381354
1998,0.00,"Yukon",40.85.7,v44345534
1999,0.00,"Yukon",40.85.7,v44345534
2000,0.00,"Yukon",40.85.7,v44345534
2001,0.00,"Yukon",40.85.7,v44345534
2002,0.00,"Yukon",40.85.7,v44345534
2003,12.00,"Yukon",40.85.7,v44345534
2004,0.00,"Yukon",40.85.7,v44345534
2005,0.00,"Yukon",40.85.7,v44345534
2006,0.00,"Yukon",40.85.7,v44345534
2007,0.00,"Yukon",40.85.7,v44345534
2008,3.00,"Yukon",40.85.7,v44345534
2009,0.00,"Yukon",40.85.7,v44345534
2010,1.00,"Yukon",40.85.7,v44345534
2011,0.00,"Yukon",40.85.7,v44345534
2012,0.00,"Yukon",40.85.7,v44345534
2013,0.00,"Yukon",40.85.7,v44345534
2014,0.00,"Yukon",40.85.7,v44345534
2015,1.00,"Yukon",40.85.7,v44345534
1998,0.00,"Northwest Territories",41.85.7,v44333445
1999,0.00,"Northwest Territories",41.85.7,v44333445
2000,0.00,"Northwest Territories",41.85.7,v44333445
2001,0.00,"Northwest Territories",41.85.7,v44333445
2002,1.00,"Northwest Territories",41.85.7,v44333445
2003,13.00,"Northwest Territories",41.85.7,v44333445
2004,1.00,"Northwest Territories",41.85.7,v44333445
2005,1.00,"Northwest Territories",41.85.7,v44333445
2006,4.00,"Northwest Territories",41.85.7,v44333445
2007,3.00,"Northwest Territories",41.85.7,v44333445
2008,0.00,"Northwest Territories",41.85.7,v44333445
2009,0.00,"Northwest Territories",41.85.7,v44333445
2010,2.00,"Northwest Territories",41.85.7,v44333445
2011,0.00,"Northwest Territories",41.85.7,v44333445
2012,0.00,"Northwest Territories",41.85.7,v44333445
2013,0.00,"Northwest Territories",41.85.7,v44333445
2014,0.00,"Northwest Territories",41.85.7,v44333445
2015,1.00,"Northwest Territories",41.85.7,v44333445
1998,..,"Nunavut",42.85.7,v44350497
1999,0.00,"Nunavut",42.85.7,v44350497
2000,1.00,"Nunavut",42.85.7,v44350497
2001,2.00,"Nunavut",42.85.7,v44350497
2002,6.00,"Nunavut",42.85.7,v44350497
2003,0.00,"Nunavut",42.85.7,v44350497
2004,0.00,"Nunavut",42.85.7,v44350497
2005,0.00,"Nunavut",42.85.7,v44350497
2006,0.00,"Nunavut",42.85.7,v44350497
2007,0.00,"Nunavut",42.85.7,v44350497
2008,0.00,"Nunavut",42.85.7,v44350497
2009,0.00,"Nunavut",42.85.7,v44350497
2010,0.00,"Nunavut",42.85.7,v44350497
2011,1.00,"Nunavut",42.85.7,v44350497
2012,0.00,"Nunavut",42.85.7,v44350497
2013,0.00,"Nunavut",42.85.7,v44350497
2014,0.00,"Nunavut",42.85.7,v44350497
2015,0.00,"Nunavut",42.85.7,v44350497
