1998,2.00,"Canada",1.43.11,v44333634
1999,0.00,"Canada",1.43.11,v44333634
2000,0.00,"Canada",1.43.11,v44333634
2001,1.00,"Canada",1.43.11,v44333634
2002,1.00,"Canada",1.43.11,v44333634
2003,0.00,"Canada",1.43.11,v44333634
2004,1.00,"Canada",1.43.11,v44333634
2005,0.00,"Canada",1.43.11,v44333634
2006,0.00,"Canada",1.43.11,v44333634
2007,0.00,"Canada",1.43.11,v44333634
2008,0.00,"Canada",1.43.11,v44333634
2009,0.00,"Canada",1.43.11,v44333634
2010,0.00,"Canada",1.43.11,v44333634
2011,0.00,"Canada",1.43.11,v44333634
2012,0.00,"Canada",1.43.11,v44333634
2013,0.00,"Canada",1.43.11,v44333634
2014,0.00,"Canada",1.43.11,v44333634
2015,0.00,"Canada",1.43.11,v44333634
1998,0.00,"Newfoundland and Labrador",2.43.11,v44414278
1999,0.00,"Newfoundland and Labrador",2.43.11,v44414278
2000,0.00,"Newfoundland and Labrador",2.43.11,v44414278
2001,0.00,"Newfoundland and Labrador",2.43.11,v44414278
2002,0.00,"Newfoundland and Labrador",2.43.11,v44414278
2003,0.00,"Newfoundland and Labrador",2.43.11,v44414278
2004,0.00,"Newfoundland and Labrador",2.43.11,v44414278
2005,0.00,"Newfoundland and Labrador",2.43.11,v44414278
2006,0.00,"Newfoundland and Labrador",2.43.11,v44414278
2007,0.00,"Newfoundland and Labrador",2.43.11,v44414278
2008,0.00,"Newfoundland and Labrador",2.43.11,v44414278
2009,0.00,"Newfoundland and Labrador",2.43.11,v44414278
2010,0.00,"Newfoundland and Labrador",2.43.11,v44414278
2011,0.00,"Newfoundland and Labrador",2.43.11,v44414278
2012,0.00,"Newfoundland and Labrador",2.43.11,v44414278
2013,0.00,"Newfoundland and Labrador",2.43.11,v44414278
2014,0.00,"Newfoundland and Labrador",2.43.11,v44414278
2015,0.00,"Newfoundland and Labrador",2.43.11,v44414278
1998,0.00,"St. John's, Newfoundland and Labrador",3.43.11,v44412643
1999,0.00,"St. John's, Newfoundland and Labrador",3.43.11,v44412643
2000,..,"St. John's, Newfoundland and Labrador",3.43.11,v44412643
2001,..,"St. John's, Newfoundland and Labrador",3.43.11,v44412643
2002,0.00,"St. John's, Newfoundland and Labrador",3.43.11,v44412643
2003,..,"St. John's, Newfoundland and Labrador",3.43.11,v44412643
2004,0.00,"St. John's, Newfoundland and Labrador",3.43.11,v44412643
2005,..,"St. John's, Newfoundland and Labrador",3.43.11,v44412643
2006,0.00,"St. John's, Newfoundland and Labrador",3.43.11,v44412643
2007,0.00,"St. John's, Newfoundland and Labrador",3.43.11,v44412643
2008,0.00,"St. John's, Newfoundland and Labrador",3.43.11,v44412643
2009,0.00,"St. John's, Newfoundland and Labrador",3.43.11,v44412643
2010,0.00,"St. John's, Newfoundland and Labrador",3.43.11,v44412643
2011,0.00,"St. John's, Newfoundland and Labrador",3.43.11,v44412643
2012,0.00,"St. John's, Newfoundland and Labrador",3.43.11,v44412643
2013,0.00,"St. John's, Newfoundland and Labrador",3.43.11,v44412643
2014,0.00,"St. John's, Newfoundland and Labrador",3.43.11,v44412643
2015,0.00,"St. John's, Newfoundland and Labrador",3.43.11,v44412643
1998,..,"Prince Edward Island",4.43.11,v44329297
1999,0.00,"Prince Edward Island",4.43.11,v44329297
2000,0.00,"Prince Edward Island",4.43.11,v44329297
2001,0.00,"Prince Edward Island",4.43.11,v44329297
2002,..,"Prince Edward Island",4.43.11,v44329297
2003,0.00,"Prince Edward Island",4.43.11,v44329297
2004,..,"Prince Edward Island",4.43.11,v44329297
2005,..,"Prince Edward Island",4.43.11,v44329297
2006,0.00,"Prince Edward Island",4.43.11,v44329297
2007,0.00,"Prince Edward Island",4.43.11,v44329297
2008,0.00,"Prince Edward Island",4.43.11,v44329297
2009,0.00,"Prince Edward Island",4.43.11,v44329297
2010,0.00,"Prince Edward Island",4.43.11,v44329297
2011,0.00,"Prince Edward Island",4.43.11,v44329297
2012,0.00,"Prince Edward Island",4.43.11,v44329297
2013,0.00,"Prince Edward Island",4.43.11,v44329297
2014,0.00,"Prince Edward Island",4.43.11,v44329297
2015,0.00,"Prince Edward Island",4.43.11,v44329297
1998,0.00,"Nova Scotia",5.43.11,v44348443
1999,0.00,"Nova Scotia",5.43.11,v44348443
2000,0.00,"Nova Scotia",5.43.11,v44348443
2001,0.00,"Nova Scotia",5.43.11,v44348443
2002,0.00,"Nova Scotia",5.43.11,v44348443
2003,0.00,"Nova Scotia",5.43.11,v44348443
2004,0.00,"Nova Scotia",5.43.11,v44348443
2005,0.00,"Nova Scotia",5.43.11,v44348443
2006,0.00,"Nova Scotia",5.43.11,v44348443
2007,0.00,"Nova Scotia",5.43.11,v44348443
2008,0.00,"Nova Scotia",5.43.11,v44348443
2009,0.00,"Nova Scotia",5.43.11,v44348443
2010,0.00,"Nova Scotia",5.43.11,v44348443
2011,0.00,"Nova Scotia",5.43.11,v44348443
2012,0.00,"Nova Scotia",5.43.11,v44348443
2013,0.00,"Nova Scotia",5.43.11,v44348443
2014,0.00,"Nova Scotia",5.43.11,v44348443
2015,0.00,"Nova Scotia",5.43.11,v44348443
1998,0.00,"Halifax, Nova Scotia",6.43.11,v44392154
1999,0.00,"Halifax, Nova Scotia",6.43.11,v44392154
2000,..,"Halifax, Nova Scotia",6.43.11,v44392154
2001,0.00,"Halifax, Nova Scotia",6.43.11,v44392154
2002,0.00,"Halifax, Nova Scotia",6.43.11,v44392154
2003,0.00,"Halifax, Nova Scotia",6.43.11,v44392154
2004,0.00,"Halifax, Nova Scotia",6.43.11,v44392154
2005,0.00,"Halifax, Nova Scotia",6.43.11,v44392154
2006,0.00,"Halifax, Nova Scotia",6.43.11,v44392154
2007,0.00,"Halifax, Nova Scotia",6.43.11,v44392154
2008,0.00,"Halifax, Nova Scotia",6.43.11,v44392154
2009,0.00,"Halifax, Nova Scotia",6.43.11,v44392154
2010,0.00,"Halifax, Nova Scotia",6.43.11,v44392154
2011,0.00,"Halifax, Nova Scotia",6.43.11,v44392154
2012,0.00,"Halifax, Nova Scotia",6.43.11,v44392154
2013,0.00,"Halifax, Nova Scotia",6.43.11,v44392154
2014,0.00,"Halifax, Nova Scotia",6.43.11,v44392154
2015,0.00,"Halifax, Nova Scotia",6.43.11,v44392154
1998,0.00,"New Brunswick",7.43.11,v44370599
1999,0.00,"New Brunswick",7.43.11,v44370599
2000,0.00,"New Brunswick",7.43.11,v44370599
2001,0.00,"New Brunswick",7.43.11,v44370599
2002,0.00,"New Brunswick",7.43.11,v44370599
2003,0.00,"New Brunswick",7.43.11,v44370599
2004,0.00,"New Brunswick",7.43.11,v44370599
2005,0.00,"New Brunswick",7.43.11,v44370599
2006,0.00,"New Brunswick",7.43.11,v44370599
2007,0.00,"New Brunswick",7.43.11,v44370599
2008,0.00,"New Brunswick",7.43.11,v44370599
2009,0.00,"New Brunswick",7.43.11,v44370599
2010,0.00,"New Brunswick",7.43.11,v44370599
2011,0.00,"New Brunswick",7.43.11,v44370599
2012,0.00,"New Brunswick",7.43.11,v44370599
2013,0.00,"New Brunswick",7.43.11,v44370599
2014,0.00,"New Brunswick",7.43.11,v44370599
2015,0.00,"New Brunswick",7.43.11,v44370599
2005,..,"Moncton, New Brunswick",43.43.11,v52120889
2006,0.00,"Moncton, New Brunswick",43.43.11,v52120889
2007,0.00,"Moncton, New Brunswick",43.43.11,v52120889
2008,0.00,"Moncton, New Brunswick",43.43.11,v52120889
2009,0.00,"Moncton, New Brunswick",43.43.11,v52120889
2010,0.00,"Moncton, New Brunswick",43.43.11,v52120889
2011,0.00,"Moncton, New Brunswick",43.43.11,v52120889
2012,0.00,"Moncton, New Brunswick",43.43.11,v52120889
2013,0.00,"Moncton, New Brunswick",43.43.11,v52120889
2014,0.00,"Moncton, New Brunswick",43.43.11,v52120889
2015,0.00,"Moncton, New Brunswick",43.43.11,v52120889
1998,0.00,"Saint John, New Brunswick",8.43.11,v44328640
1999,0.00,"Saint John, New Brunswick",8.43.11,v44328640
2000,0.00,"Saint John, New Brunswick",8.43.11,v44328640
2001,..,"Saint John, New Brunswick",8.43.11,v44328640
2002,0.00,"Saint John, New Brunswick",8.43.11,v44328640
2003,0.00,"Saint John, New Brunswick",8.43.11,v44328640
2004,0.00,"Saint John, New Brunswick",8.43.11,v44328640
2005,0.00,"Saint John, New Brunswick",8.43.11,v44328640
2006,0.00,"Saint John, New Brunswick",8.43.11,v44328640
2007,0.00,"Saint John, New Brunswick",8.43.11,v44328640
2008,0.00,"Saint John, New Brunswick",8.43.11,v44328640
2009,0.00,"Saint John, New Brunswick",8.43.11,v44328640
2010,0.00,"Saint John, New Brunswick",8.43.11,v44328640
2011,0.00,"Saint John, New Brunswick",8.43.11,v44328640
2012,0.00,"Saint John, New Brunswick",8.43.11,v44328640
2013,0.00,"Saint John, New Brunswick",8.43.11,v44328640
2014,0.00,"Saint John, New Brunswick",8.43.11,v44328640
2015,0.00,"Saint John, New Brunswick",8.43.11,v44328640
1998,0.00,"Quebec",9.43.11,v44349832
1999,0.00,"Quebec",9.43.11,v44349832
2000,0.00,"Quebec",9.43.11,v44349832
2001,0.00,"Quebec",9.43.11,v44349832
2002,0.00,"Quebec",9.43.11,v44349832
2003,0.00,"Quebec",9.43.11,v44349832
2004,1.00,"Quebec",9.43.11,v44349832
2005,0.00,"Quebec",9.43.11,v44349832
2006,0.00,"Quebec",9.43.11,v44349832
2007,0.00,"Quebec",9.43.11,v44349832
2008,0.00,"Quebec",9.43.11,v44349832
2009,0.00,"Quebec",9.43.11,v44349832
2010,0.00,"Quebec",9.43.11,v44349832
2011,0.00,"Quebec",9.43.11,v44349832
2012,0.00,"Quebec",9.43.11,v44349832
2013,0.00,"Quebec",9.43.11,v44349832
2014,0.00,"Quebec",9.43.11,v44349832
2015,0.00,"Quebec",9.43.11,v44349832
1998,0.00,"Saguenay, Quebec",10.43.11,v44335052
1999,..,"Saguenay, Quebec",10.43.11,v44335052
2000,..,"Saguenay, Quebec",10.43.11,v44335052
2001,..,"Saguenay, Quebec",10.43.11,v44335052
2002,..,"Saguenay, Quebec",10.43.11,v44335052
2003,..,"Saguenay, Quebec",10.43.11,v44335052
2004,..,"Saguenay, Quebec",10.43.11,v44335052
2005,..,"Saguenay, Quebec",10.43.11,v44335052
2006,0.00,"Saguenay, Quebec",10.43.11,v44335052
2007,0.00,"Saguenay, Quebec",10.43.11,v44335052
2008,0.00,"Saguenay, Quebec",10.43.11,v44335052
2009,0.00,"Saguenay, Quebec",10.43.11,v44335052
2010,0.00,"Saguenay, Quebec",10.43.11,v44335052
2011,0.00,"Saguenay, Quebec",10.43.11,v44335052
2012,0.00,"Saguenay, Quebec",10.43.11,v44335052
2013,0.00,"Saguenay, Quebec",10.43.11,v44335052
2014,0.00,"Saguenay, Quebec",10.43.11,v44335052
2015,0.00,"Saguenay, Quebec",10.43.11,v44335052
2001,..,"Sherbrooke, Quebec",12.43.11,v44409914
2002,0.00,"Sherbrooke, Quebec",12.43.11,v44409914
2003,..,"Sherbrooke, Quebec",12.43.11,v44409914
2004,..,"Sherbrooke, Quebec",12.43.11,v44409914
2005,..,"Sherbrooke, Quebec",12.43.11,v44409914
2006,0.00,"Sherbrooke, Quebec",12.43.11,v44409914
2007,0.00,"Sherbrooke, Quebec",12.43.11,v44409914
2008,0.00,"Sherbrooke, Quebec",12.43.11,v44409914
2009,0.00,"Sherbrooke, Quebec",12.43.11,v44409914
2010,0.00,"Sherbrooke, Quebec",12.43.11,v44409914
2011,0.00,"Sherbrooke, Quebec",12.43.11,v44409914
2012,0.00,"Sherbrooke, Quebec",12.43.11,v44409914
2013,0.00,"Sherbrooke, Quebec",12.43.11,v44409914
2014,0.00,"Sherbrooke, Quebec",12.43.11,v44409914
2015,0.00,"Sherbrooke, Quebec",12.43.11,v44409914
1998,0.00,"Ottawa-Gatineau, Quebec part",15.43.11,v44385114
1999,..,"Ottawa-Gatineau, Quebec part",15.43.11,v44385114
2000,..,"Ottawa-Gatineau, Quebec part",15.43.11,v44385114
2001,0.00,"Ottawa-Gatineau, Quebec part",15.43.11,v44385114
2002,..,"Ottawa-Gatineau, Quebec part",15.43.11,v44385114
2003,0.00,"Ottawa-Gatineau, Quebec part",15.43.11,v44385114
2004,0.00,"Ottawa-Gatineau, Quebec part",15.43.11,v44385114
2005,0.00,"Ottawa-Gatineau, Quebec part",15.43.11,v44385114
2006,0.00,"Ottawa-Gatineau, Quebec part",15.43.11,v44385114
2007,0.00,"Ottawa-Gatineau, Quebec part",15.43.11,v44385114
2008,0.00,"Ottawa-Gatineau, Quebec part",15.43.11,v44385114
2009,0.00,"Ottawa-Gatineau, Quebec part",15.43.11,v44385114
2010,0.00,"Ottawa-Gatineau, Quebec part",15.43.11,v44385114
2011,0.00,"Ottawa-Gatineau, Quebec part",15.43.11,v44385114
2012,0.00,"Ottawa-Gatineau, Quebec part",15.43.11,v44385114
2013,0.00,"Ottawa-Gatineau, Quebec part",15.43.11,v44385114
2014,0.00,"Ottawa-Gatineau, Quebec part",15.43.11,v44385114
2015,0.00,"Ottawa-Gatineau, Quebec part",15.43.11,v44385114
1998,2.00,"Ontario",16.43.11,v44407675
1999,0.00,"Ontario",16.43.11,v44407675
2000,0.00,"Ontario",16.43.11,v44407675
2001,1.00,"Ontario",16.43.11,v44407675
2002,0.00,"Ontario",16.43.11,v44407675
2003,0.00,"Ontario",16.43.11,v44407675
2004,0.00,"Ontario",16.43.11,v44407675
2005,0.00,"Ontario",16.43.11,v44407675
2006,0.00,"Ontario",16.43.11,v44407675
2007,0.00,"Ontario",16.43.11,v44407675
2008,0.00,"Ontario",16.43.11,v44407675
2009,0.00,"Ontario",16.43.11,v44407675
2010,0.00,"Ontario",16.43.11,v44407675
2011,0.00,"Ontario",16.43.11,v44407675
2012,0.00,"Ontario",16.43.11,v44407675
2013,0.00,"Ontario",16.43.11,v44407675
2014,0.00,"Ontario",16.43.11,v44407675
2015,0.00,"Ontario",16.43.11,v44407675
1998,0.00,"Ottawa-Gatineau, Ontario/Quebec",17.43.11,v52147873
1999,0.00,"Ottawa-Gatineau, Ontario/Quebec",17.43.11,v52147873
2000,0.00,"Ottawa-Gatineau, Ontario/Quebec",17.43.11,v52147873
2001,0.00,"Ottawa-Gatineau, Ontario/Quebec",17.43.11,v52147873
2002,0.00,"Ottawa-Gatineau, Ontario/Quebec",17.43.11,v52147873
2003,0.00,"Ottawa-Gatineau, Ontario/Quebec",17.43.11,v52147873
2004,0.00,"Ottawa-Gatineau, Ontario/Quebec",17.43.11,v52147873
2005,0.00,"Ottawa-Gatineau, Ontario/Quebec",17.43.11,v52147873
2006,0.00,"Ottawa-Gatineau, Ontario/Quebec",17.43.11,v52147873
2007,0.00,"Ottawa-Gatineau, Ontario/Quebec",17.43.11,v52147873
2008,0.00,"Ottawa-Gatineau, Ontario/Quebec",17.43.11,v52147873
2009,0.00,"Ottawa-Gatineau, Ontario/Quebec",17.43.11,v52147873
2010,0.00,"Ottawa-Gatineau, Ontario/Quebec",17.43.11,v52147873
2011,0.00,"Ottawa-Gatineau, Ontario/Quebec",17.43.11,v52147873
2012,0.00,"Ottawa-Gatineau, Ontario/Quebec",17.43.11,v52147873
2013,0.00,"Ottawa-Gatineau, Ontario/Quebec",17.43.11,v52147873
2014,0.00,"Ottawa-Gatineau, Ontario/Quebec",17.43.11,v52147873
2015,0.00,"Ottawa-Gatineau, Ontario/Quebec",17.43.11,v52147873
1998,0.00,"Ottawa-Gatineau, Ontario part",18.43.11,v44354874
1999,0.00,"Ottawa-Gatineau, Ontario part",18.43.11,v44354874
2000,0.00,"Ottawa-Gatineau, Ontario part",18.43.11,v44354874
2001,0.00,"Ottawa-Gatineau, Ontario part",18.43.11,v44354874
2002,0.00,"Ottawa-Gatineau, Ontario part",18.43.11,v44354874
2003,0.00,"Ottawa-Gatineau, Ontario part",18.43.11,v44354874
2004,0.00,"Ottawa-Gatineau, Ontario part",18.43.11,v44354874
2005,..,"Ottawa-Gatineau, Ontario part",18.43.11,v44354874
2006,0.00,"Ottawa-Gatineau, Ontario part",18.43.11,v44354874
2007,0.00,"Ottawa-Gatineau, Ontario part",18.43.11,v44354874
2008,0.00,"Ottawa-Gatineau, Ontario part",18.43.11,v44354874
2009,0.00,"Ottawa-Gatineau, Ontario part",18.43.11,v44354874
2010,0.00,"Ottawa-Gatineau, Ontario part",18.43.11,v44354874
2011,0.00,"Ottawa-Gatineau, Ontario part",18.43.11,v44354874
2012,0.00,"Ottawa-Gatineau, Ontario part",18.43.11,v44354874
2013,0.00,"Ottawa-Gatineau, Ontario part",18.43.11,v44354874
2014,0.00,"Ottawa-Gatineau, Ontario part",18.43.11,v44354874
2015,0.00,"Ottawa-Gatineau, Ontario part",18.43.11,v44354874
2000,..,"Kingston, Ontario",27.43.11,v44396410
2001,0.00,"Kingston, Ontario",27.43.11,v44396410
2002,..,"Kingston, Ontario",27.43.11,v44396410
2003,..,"Kingston, Ontario",27.43.11,v44396410
2004,0.00,"Kingston, Ontario",27.43.11,v44396410
2005,..,"Kingston, Ontario",27.43.11,v44396410
2006,0.00,"Kingston, Ontario",27.43.11,v44396410
2007,0.00,"Kingston, Ontario",27.43.11,v44396410
2008,0.00,"Kingston, Ontario",27.43.11,v44396410
2009,0.00,"Kingston, Ontario",27.43.11,v44396410
2010,0.00,"Kingston, Ontario",27.43.11,v44396410
2011,0.00,"Kingston, Ontario",27.43.11,v44396410
2012,0.00,"Kingston, Ontario",27.43.11,v44396410
2013,0.00,"Kingston, Ontario",27.43.11,v44396410
2014,0.00,"Kingston, Ontario",27.43.11,v44396410
2015,0.00,"Kingston, Ontario",27.43.11,v44396410
2006,0.00,"Peterborough, Ontario",44.43.11,v62128779
2007,0.00,"Peterborough, Ontario",44.43.11,v62128779
2008,0.00,"Peterborough, Ontario",44.43.11,v62128779
2009,0.00,"Peterborough, Ontario",44.43.11,v62128779
2010,0.00,"Peterborough, Ontario",44.43.11,v62128779
2011,0.00,"Peterborough, Ontario",44.43.11,v62128779
2012,0.00,"Peterborough, Ontario",44.43.11,v62128779
2013,0.00,"Peterborough, Ontario",44.43.11,v62128779
2014,0.00,"Peterborough, Ontario",44.43.11,v62128779
2015,0.00,"Peterborough, Ontario",44.43.11,v62128779
1998,0.00,"Toronto, Ontario",19.43.11,v44412603
1999,0.00,"Toronto, Ontario",19.43.11,v44412603
2000,0.00,"Toronto, Ontario",19.43.11,v44412603
2001,0.00,"Toronto, Ontario",19.43.11,v44412603
2002,0.00,"Toronto, Ontario",19.43.11,v44412603
2003,0.00,"Toronto, Ontario",19.43.11,v44412603
2004,0.00,"Toronto, Ontario",19.43.11,v44412603
2005,0.00,"Toronto, Ontario",19.43.11,v44412603
2006,0.00,"Toronto, Ontario",19.43.11,v44412603
2007,0.00,"Toronto, Ontario",19.43.11,v44412603
2008,0.00,"Toronto, Ontario",19.43.11,v44412603
2009,0.00,"Toronto, Ontario",19.43.11,v44412603
2010,0.00,"Toronto, Ontario",19.43.11,v44412603
2011,0.00,"Toronto, Ontario",19.43.11,v44412603
2012,0.00,"Toronto, Ontario",19.43.11,v44412603
2013,0.00,"Toronto, Ontario",19.43.11,v44412603
2014,0.00,"Toronto, Ontario",19.43.11,v44412603
2015,0.00,"Toronto, Ontario",19.43.11,v44412603
1998,0.00,"Hamilton, Ontario",20.43.11,v44368916
1999,0.00,"Hamilton, Ontario",20.43.11,v44368916
2000,0.00,"Hamilton, Ontario",20.43.11,v44368916
2001,0.00,"Hamilton, Ontario",20.43.11,v44368916
2002,0.00,"Hamilton, Ontario",20.43.11,v44368916
2003,0.00,"Hamilton, Ontario",20.43.11,v44368916
2004,0.00,"Hamilton, Ontario",20.43.11,v44368916
2005,0.00,"Hamilton, Ontario",20.43.11,v44368916
2006,0.00,"Hamilton, Ontario",20.43.11,v44368916
2007,0.00,"Hamilton, Ontario",20.43.11,v44368916
2008,0.00,"Hamilton, Ontario",20.43.11,v44368916
2009,0.00,"Hamilton, Ontario",20.43.11,v44368916
2010,0.00,"Hamilton, Ontario",20.43.11,v44368916
2011,0.00,"Hamilton, Ontario",20.43.11,v44368916
2012,0.00,"Hamilton, Ontario",20.43.11,v44368916
2013,0.00,"Hamilton, Ontario",20.43.11,v44368916
2014,0.00,"Hamilton, Ontario",20.43.11,v44368916
2015,0.00,"Hamilton, Ontario",20.43.11,v44368916
1998,..,"St.Catharines-Niagara, Ontario",21.43.11,v44368088
1999,0.00,"St.Catharines-Niagara, Ontario",21.43.11,v44368088
2000,0.00,"St.Catharines-Niagara, Ontario",21.43.11,v44368088
2001,0.00,"St.Catharines-Niagara, Ontario",21.43.11,v44368088
2002,0.00,"St.Catharines-Niagara, Ontario",21.43.11,v44368088
2003,0.00,"St.Catharines-Niagara, Ontario",21.43.11,v44368088
2004,0.00,"St.Catharines-Niagara, Ontario",21.43.11,v44368088
2005,..,"St.Catharines-Niagara, Ontario",21.43.11,v44368088
2006,0.00,"St.Catharines-Niagara, Ontario",21.43.11,v44368088
2007,0.00,"St.Catharines-Niagara, Ontario",21.43.11,v44368088
2008,0.00,"St.Catharines-Niagara, Ontario",21.43.11,v44368088
2009,0.00,"St.Catharines-Niagara, Ontario",21.43.11,v44368088
2010,0.00,"St.Catharines-Niagara, Ontario",21.43.11,v44368088
2011,0.00,"St.Catharines-Niagara, Ontario",21.43.11,v44368088
2012,0.00,"St.Catharines-Niagara, Ontario",21.43.11,v44368088
2013,0.00,"St.Catharines-Niagara, Ontario",21.43.11,v44368088
2014,0.00,"St.Catharines-Niagara, Ontario",21.43.11,v44368088
2015,0.00,"St.Catharines-Niagara, Ontario",21.43.11,v44368088
1999,..,"Kitchener-Cambridge-Waterloo, Ontario",22.43.11,v44351191
2000,0.00,"Kitchener-Cambridge-Waterloo, Ontario",22.43.11,v44351191
2001,..,"Kitchener-Cambridge-Waterloo, Ontario",22.43.11,v44351191
2002,0.00,"Kitchener-Cambridge-Waterloo, Ontario",22.43.11,v44351191
2003,..,"Kitchener-Cambridge-Waterloo, Ontario",22.43.11,v44351191
2004,..,"Kitchener-Cambridge-Waterloo, Ontario",22.43.11,v44351191
2005,0.00,"Kitchener-Cambridge-Waterloo, Ontario",22.43.11,v44351191
2006,0.00,"Kitchener-Cambridge-Waterloo, Ontario",22.43.11,v44351191
2007,0.00,"Kitchener-Cambridge-Waterloo, Ontario",22.43.11,v44351191
2008,0.00,"Kitchener-Cambridge-Waterloo, Ontario",22.43.11,v44351191
2009,0.00,"Kitchener-Cambridge-Waterloo, Ontario",22.43.11,v44351191
2010,0.00,"Kitchener-Cambridge-Waterloo, Ontario",22.43.11,v44351191
2011,0.00,"Kitchener-Cambridge-Waterloo, Ontario",22.43.11,v44351191
2012,0.00,"Kitchener-Cambridge-Waterloo, Ontario",22.43.11,v44351191
2013,0.00,"Kitchener-Cambridge-Waterloo, Ontario",22.43.11,v44351191
2014,0.00,"Kitchener-Cambridge-Waterloo, Ontario",22.43.11,v44351191
2015,0.00,"Kitchener-Cambridge-Waterloo, Ontario",22.43.11,v44351191
2006,0.00,"Brantford, Ontario",45.43.11,v53087675
2007,0.00,"Brantford, Ontario",45.43.11,v53087675
2008,0.00,"Brantford, Ontario",45.43.11,v53087675
2009,0.00,"Brantford, Ontario",45.43.11,v53087675
2010,0.00,"Brantford, Ontario",45.43.11,v53087675
2011,0.00,"Brantford, Ontario",45.43.11,v53087675
2012,0.00,"Brantford, Ontario",45.43.11,v53087675
2013,0.00,"Brantford, Ontario",45.43.11,v53087675
2014,0.00,"Brantford, Ontario",45.43.11,v53087675
2015,0.00,"Brantford, Ontario",45.43.11,v53087675
2006,0.00,"Guelph, Ontario",46.43.11,v62135079
2007,0.00,"Guelph, Ontario",46.43.11,v62135079
2008,0.00,"Guelph, Ontario",46.43.11,v62135079
2009,0.00,"Guelph, Ontario",46.43.11,v62135079
2010,0.00,"Guelph, Ontario",46.43.11,v62135079
2011,0.00,"Guelph, Ontario",46.43.11,v62135079
2012,0.00,"Guelph, Ontario",46.43.11,v62135079
2013,0.00,"Guelph, Ontario",46.43.11,v62135079
2014,0.00,"Guelph, Ontario",46.43.11,v62135079
2015,0.00,"Guelph, Ontario",46.43.11,v62135079
1998,0.00,"London, Ontario",23.43.11,v44332505
1999,0.00,"London, Ontario",23.43.11,v44332505
2000,0.00,"London, Ontario",23.43.11,v44332505
2001,..,"London, Ontario",23.43.11,v44332505
2002,..,"London, Ontario",23.43.11,v44332505
2003,0.00,"London, Ontario",23.43.11,v44332505
2004,0.00,"London, Ontario",23.43.11,v44332505
2005,0.00,"London, Ontario",23.43.11,v44332505
2006,0.00,"London, Ontario",23.43.11,v44332505
2007,0.00,"London, Ontario",23.43.11,v44332505
2008,0.00,"London, Ontario",23.43.11,v44332505
2009,0.00,"London, Ontario",23.43.11,v44332505
2010,0.00,"London, Ontario",23.43.11,v44332505
2011,0.00,"London, Ontario",23.43.11,v44332505
2012,0.00,"London, Ontario",23.43.11,v44332505
2013,0.00,"London, Ontario",23.43.11,v44332505
2014,0.00,"London, Ontario",23.43.11,v44332505
2015,0.00,"London, Ontario",23.43.11,v44332505
1998,0.00,"Windsor, Ontario",24.43.11,v44333117
1999,0.00,"Windsor, Ontario",24.43.11,v44333117
2000,..,"Windsor, Ontario",24.43.11,v44333117
2001,0.00,"Windsor, Ontario",24.43.11,v44333117
2002,0.00,"Windsor, Ontario",24.43.11,v44333117
2003,0.00,"Windsor, Ontario",24.43.11,v44333117
2004,..,"Windsor, Ontario",24.43.11,v44333117
2005,0.00,"Windsor, Ontario",24.43.11,v44333117
2006,0.00,"Windsor, Ontario",24.43.11,v44333117
2007,0.00,"Windsor, Ontario",24.43.11,v44333117
2008,0.00,"Windsor, Ontario",24.43.11,v44333117
2009,0.00,"Windsor, Ontario",24.43.11,v44333117
2010,0.00,"Windsor, Ontario",24.43.11,v44333117
2011,0.00,"Windsor, Ontario",24.43.11,v44333117
2012,0.00,"Windsor, Ontario",24.43.11,v44333117
2013,0.00,"Windsor, Ontario",24.43.11,v44333117
2014,0.00,"Windsor, Ontario",24.43.11,v44333117
2015,0.00,"Windsor, Ontario",24.43.11,v44333117
2006,0.00,"Barrie, Ontario",47.43.11,v52144117
2007,0.00,"Barrie, Ontario",47.43.11,v52144117
2008,0.00,"Barrie, Ontario",47.43.11,v52144117
2009,0.00,"Barrie, Ontario",47.43.11,v52144117
2010,0.00,"Barrie, Ontario",47.43.11,v52144117
2011,0.00,"Barrie, Ontario",47.43.11,v52144117
2012,0.00,"Barrie, Ontario",47.43.11,v52144117
2013,0.00,"Barrie, Ontario",47.43.11,v52144117
2014,0.00,"Barrie, Ontario",47.43.11,v52144117
2015,0.00,"Barrie, Ontario",47.43.11,v52144117
2006,0.00,"Sudbury, Ontario",25.43.11,v62068929
2007,0.00,"Sudbury, Ontario",25.43.11,v62068929
2008,0.00,"Sudbury, Ontario",25.43.11,v62068929
2009,0.00,"Sudbury, Ontario",25.43.11,v62068929
2010,0.00,"Sudbury, Ontario",25.43.11,v62068929
2011,0.00,"Sudbury, Ontario",25.43.11,v62068929
2012,0.00,"Sudbury, Ontario",25.43.11,v62068929
2013,0.00,"Sudbury, Ontario",25.43.11,v62068929
2014,0.00,"Sudbury, Ontario",25.43.11,v62068929
2015,0.00,"Sudbury, Ontario",25.43.11,v62068929
1998,0.00,"Thunder Bay, Ontario",26.43.11,v44386065
1999,0.00,"Thunder Bay, Ontario",26.43.11,v44386065
2000,0.00,"Thunder Bay, Ontario",26.43.11,v44386065
2001,..,"Thunder Bay, Ontario",26.43.11,v44386065
2002,0.00,"Thunder Bay, Ontario",26.43.11,v44386065
2003,..,"Thunder Bay, Ontario",26.43.11,v44386065
2004,..,"Thunder Bay, Ontario",26.43.11,v44386065
2005,0.00,"Thunder Bay, Ontario",26.43.11,v44386065
2006,0.00,"Thunder Bay, Ontario",26.43.11,v44386065
2007,0.00,"Thunder Bay, Ontario",26.43.11,v44386065
2008,0.00,"Thunder Bay, Ontario",26.43.11,v44386065
2009,0.00,"Thunder Bay, Ontario",26.43.11,v44386065
2010,0.00,"Thunder Bay, Ontario",26.43.11,v44386065
2011,0.00,"Thunder Bay, Ontario",26.43.11,v44386065
2012,0.00,"Thunder Bay, Ontario",26.43.11,v44386065
2013,0.00,"Thunder Bay, Ontario",26.43.11,v44386065
2014,0.00,"Thunder Bay, Ontario",26.43.11,v44386065
2015,0.00,"Thunder Bay, Ontario",26.43.11,v44386065
1998,0.00,"Manitoba",28.43.11,v44348224
1999,0.00,"Manitoba",28.43.11,v44348224
2000,0.00,"Manitoba",28.43.11,v44348224
2001,0.00,"Manitoba",28.43.11,v44348224
2002,0.00,"Manitoba",28.43.11,v44348224
2003,0.00,"Manitoba",28.43.11,v44348224
2004,0.00,"Manitoba",28.43.11,v44348224
2005,0.00,"Manitoba",28.43.11,v44348224
2006,0.00,"Manitoba",28.43.11,v44348224
2007,0.00,"Manitoba",28.43.11,v44348224
2008,0.00,"Manitoba",28.43.11,v44348224
2009,0.00,"Manitoba",28.43.11,v44348224
2010,0.00,"Manitoba",28.43.11,v44348224
2011,0.00,"Manitoba",28.43.11,v44348224
2012,0.00,"Manitoba",28.43.11,v44348224
2013,0.00,"Manitoba",28.43.11,v44348224
2014,0.00,"Manitoba",28.43.11,v44348224
2015,0.00,"Manitoba",28.43.11,v44348224
1998,0.00,"Winnipeg, Manitoba",29.43.11,v44393166
1999,0.00,"Winnipeg, Manitoba",29.43.11,v44393166
2000,0.00,"Winnipeg, Manitoba",29.43.11,v44393166
2001,0.00,"Winnipeg, Manitoba",29.43.11,v44393166
2002,0.00,"Winnipeg, Manitoba",29.43.11,v44393166
2003,0.00,"Winnipeg, Manitoba",29.43.11,v44393166
2004,0.00,"Winnipeg, Manitoba",29.43.11,v44393166
2005,0.00,"Winnipeg, Manitoba",29.43.11,v44393166
2006,0.00,"Winnipeg, Manitoba",29.43.11,v44393166
2007,0.00,"Winnipeg, Manitoba",29.43.11,v44393166
2008,0.00,"Winnipeg, Manitoba",29.43.11,v44393166
2009,0.00,"Winnipeg, Manitoba",29.43.11,v44393166
2010,0.00,"Winnipeg, Manitoba",29.43.11,v44393166
2011,0.00,"Winnipeg, Manitoba",29.43.11,v44393166
2012,0.00,"Winnipeg, Manitoba",29.43.11,v44393166
2013,0.00,"Winnipeg, Manitoba",29.43.11,v44393166
2014,0.00,"Winnipeg, Manitoba",29.43.11,v44393166
2015,0.00,"Winnipeg, Manitoba",29.43.11,v44393166
1998,0.00,"Saskatchewan",30.43.11,v44409724
1999,0.00,"Saskatchewan",30.43.11,v44409724
2000,0.00,"Saskatchewan",30.43.11,v44409724
2001,0.00,"Saskatchewan",30.43.11,v44409724
2002,1.00,"Saskatchewan",30.43.11,v44409724
2003,0.00,"Saskatchewan",30.43.11,v44409724
2004,0.00,"Saskatchewan",30.43.11,v44409724
2005,0.00,"Saskatchewan",30.43.11,v44409724
2006,0.00,"Saskatchewan",30.43.11,v44409724
2007,0.00,"Saskatchewan",30.43.11,v44409724
2008,0.00,"Saskatchewan",30.43.11,v44409724
2009,0.00,"Saskatchewan",30.43.11,v44409724
2010,0.00,"Saskatchewan",30.43.11,v44409724
2011,0.00,"Saskatchewan",30.43.11,v44409724
2012,0.00,"Saskatchewan",30.43.11,v44409724
2013,0.00,"Saskatchewan",30.43.11,v44409724
2014,0.00,"Saskatchewan",30.43.11,v44409724
2015,0.00,"Saskatchewan",30.43.11,v44409724
1998,0.00,"Regina, Saskatchewan",31.43.11,v44406700
1999,0.00,"Regina, Saskatchewan",31.43.11,v44406700
2000,0.00,"Regina, Saskatchewan",31.43.11,v44406700
2001,0.00,"Regina, Saskatchewan",31.43.11,v44406700
2002,0.00,"Regina, Saskatchewan",31.43.11,v44406700
2003,..,"Regina, Saskatchewan",31.43.11,v44406700
2004,..,"Regina, Saskatchewan",31.43.11,v44406700
2005,..,"Regina, Saskatchewan",31.43.11,v44406700
2006,0.00,"Regina, Saskatchewan",31.43.11,v44406700
2007,0.00,"Regina, Saskatchewan",31.43.11,v44406700
2008,0.00,"Regina, Saskatchewan",31.43.11,v44406700
2009,0.00,"Regina, Saskatchewan",31.43.11,v44406700
2010,0.00,"Regina, Saskatchewan",31.43.11,v44406700
2011,0.00,"Regina, Saskatchewan",31.43.11,v44406700
2012,0.00,"Regina, Saskatchewan",31.43.11,v44406700
2013,0.00,"Regina, Saskatchewan",31.43.11,v44406700
2014,0.00,"Regina, Saskatchewan",31.43.11,v44406700
2015,0.00,"Regina, Saskatchewan",31.43.11,v44406700
1998,0.00,"Saskatoon, Saskatchewan",32.43.11,v44363371
1999,0.00,"Saskatoon, Saskatchewan",32.43.11,v44363371
2000,0.00,"Saskatoon, Saskatchewan",32.43.11,v44363371
2001,0.00,"Saskatoon, Saskatchewan",32.43.11,v44363371
2002,0.00,"Saskatoon, Saskatchewan",32.43.11,v44363371
2003,0.00,"Saskatoon, Saskatchewan",32.43.11,v44363371
2004,0.00,"Saskatoon, Saskatchewan",32.43.11,v44363371
2005,0.00,"Saskatoon, Saskatchewan",32.43.11,v44363371
2006,0.00,"Saskatoon, Saskatchewan",32.43.11,v44363371
2007,0.00,"Saskatoon, Saskatchewan",32.43.11,v44363371
2008,0.00,"Saskatoon, Saskatchewan",32.43.11,v44363371
2009,0.00,"Saskatoon, Saskatchewan",32.43.11,v44363371
2010,0.00,"Saskatoon, Saskatchewan",32.43.11,v44363371
2011,0.00,"Saskatoon, Saskatchewan",32.43.11,v44363371
2012,0.00,"Saskatoon, Saskatchewan",32.43.11,v44363371
2013,0.00,"Saskatoon, Saskatchewan",32.43.11,v44363371
2014,0.00,"Saskatoon, Saskatchewan",32.43.11,v44363371
2015,0.00,"Saskatoon, Saskatchewan",32.43.11,v44363371
1998,0.00,"Alberta",33.43.11,v44346297
1999,0.00,"Alberta",33.43.11,v44346297
2000,0.00,"Alberta",33.43.11,v44346297
2001,0.00,"Alberta",33.43.11,v44346297
2002,0.00,"Alberta",33.43.11,v44346297
2003,0.00,"Alberta",33.43.11,v44346297
2004,0.00,"Alberta",33.43.11,v44346297
2005,0.00,"Alberta",33.43.11,v44346297
2006,0.00,"Alberta",33.43.11,v44346297
2007,0.00,"Alberta",33.43.11,v44346297
2008,0.00,"Alberta",33.43.11,v44346297
2009,0.00,"Alberta",33.43.11,v44346297
2010,0.00,"Alberta",33.43.11,v44346297
2011,0.00,"Alberta",33.43.11,v44346297
2012,0.00,"Alberta",33.43.11,v44346297
2013,0.00,"Alberta",33.43.11,v44346297
2014,0.00,"Alberta",33.43.11,v44346297
2015,0.00,"Alberta",33.43.11,v44346297
1998,0.00,"Calgary, Alberta",34.43.11,v44334172
1999,0.00,"Calgary, Alberta",34.43.11,v44334172
2000,0.00,"Calgary, Alberta",34.43.11,v44334172
2001,0.00,"Calgary, Alberta",34.43.11,v44334172
2002,0.00,"Calgary, Alberta",34.43.11,v44334172
2003,0.00,"Calgary, Alberta",34.43.11,v44334172
2004,0.00,"Calgary, Alberta",34.43.11,v44334172
2005,0.00,"Calgary, Alberta",34.43.11,v44334172
2006,0.00,"Calgary, Alberta",34.43.11,v44334172
2007,0.00,"Calgary, Alberta",34.43.11,v44334172
2008,0.00,"Calgary, Alberta",34.43.11,v44334172
2009,0.00,"Calgary, Alberta",34.43.11,v44334172
2010,0.00,"Calgary, Alberta",34.43.11,v44334172
2011,0.00,"Calgary, Alberta",34.43.11,v44334172
2012,0.00,"Calgary, Alberta",34.43.11,v44334172
2013,0.00,"Calgary, Alberta",34.43.11,v44334172
2014,0.00,"Calgary, Alberta",34.43.11,v44334172
2015,0.00,"Calgary, Alberta",34.43.11,v44334172
1998,..,"Edmonton, Alberta",35.43.11,v44399325
1999,0.00,"Edmonton, Alberta",35.43.11,v44399325
2000,0.00,"Edmonton, Alberta",35.43.11,v44399325
2001,0.00,"Edmonton, Alberta",35.43.11,v44399325
2002,0.00,"Edmonton, Alberta",35.43.11,v44399325
2003,0.00,"Edmonton, Alberta",35.43.11,v44399325
2004,0.00,"Edmonton, Alberta",35.43.11,v44399325
2005,0.00,"Edmonton, Alberta",35.43.11,v44399325
2006,0.00,"Edmonton, Alberta",35.43.11,v44399325
2007,0.00,"Edmonton, Alberta",35.43.11,v44399325
2008,0.00,"Edmonton, Alberta",35.43.11,v44399325
2009,0.00,"Edmonton, Alberta",35.43.11,v44399325
2010,0.00,"Edmonton, Alberta",35.43.11,v44399325
2011,0.00,"Edmonton, Alberta",35.43.11,v44399325
2012,0.00,"Edmonton, Alberta",35.43.11,v44399325
2013,0.00,"Edmonton, Alberta",35.43.11,v44399325
2014,0.00,"Edmonton, Alberta",35.43.11,v44399325
2015,0.00,"Edmonton, Alberta",35.43.11,v44399325
1998,0.00,"British Columbia",36.43.11,v44340076
1999,0.00,"British Columbia",36.43.11,v44340076
2000,0.00,"British Columbia",36.43.11,v44340076
2001,0.00,"British Columbia",36.43.11,v44340076
2002,0.00,"British Columbia",36.43.11,v44340076
2003,0.00,"British Columbia",36.43.11,v44340076
2004,0.00,"British Columbia",36.43.11,v44340076
2005,0.00,"British Columbia",36.43.11,v44340076
2006,0.00,"British Columbia",36.43.11,v44340076
2007,0.00,"British Columbia",36.43.11,v44340076
2008,0.00,"British Columbia",36.43.11,v44340076
2009,0.00,"British Columbia",36.43.11,v44340076
2010,0.00,"British Columbia",36.43.11,v44340076
2011,0.00,"British Columbia",36.43.11,v44340076
2012,0.00,"British Columbia",36.43.11,v44340076
2013,0.00,"British Columbia",36.43.11,v44340076
2014,0.00,"British Columbia",36.43.11,v44340076
2015,0.00,"British Columbia",36.43.11,v44340076
2006,0.00,"Kelowna, British Columbia",48.43.11,v62141379
2007,0.00,"Kelowna, British Columbia",48.43.11,v62141379
2008,0.00,"Kelowna, British Columbia",48.43.11,v62141379
2009,0.00,"Kelowna, British Columbia",48.43.11,v62141379
2010,0.00,"Kelowna, British Columbia",48.43.11,v62141379
2011,0.00,"Kelowna, British Columbia",48.43.11,v62141379
2012,0.00,"Kelowna, British Columbia",48.43.11,v62141379
2013,0.00,"Kelowna, British Columbia",48.43.11,v62141379
2014,0.00,"Kelowna, British Columbia",48.43.11,v62141379
2015,0.00,"Kelowna, British Columbia",48.43.11,v62141379
2000,..,"Abbotsford-Mission, British Columbia",39.43.11,v44361713
2001,0.00,"Abbotsford-Mission, British Columbia",39.43.11,v44361713
2002,0.00,"Abbotsford-Mission, British Columbia",39.43.11,v44361713
2003,0.00,"Abbotsford-Mission, British Columbia",39.43.11,v44361713
2004,0.00,"Abbotsford-Mission, British Columbia",39.43.11,v44361713
2005,0.00,"Abbotsford-Mission, British Columbia",39.43.11,v44361713
2006,0.00,"Abbotsford-Mission, British Columbia",39.43.11,v44361713
2007,0.00,"Abbotsford-Mission, British Columbia",39.43.11,v44361713
2008,0.00,"Abbotsford-Mission, British Columbia",39.43.11,v44361713
2009,0.00,"Abbotsford-Mission, British Columbia",39.43.11,v44361713
2010,0.00,"Abbotsford-Mission, British Columbia",39.43.11,v44361713
2011,0.00,"Abbotsford-Mission, British Columbia",39.43.11,v44361713
2012,0.00,"Abbotsford-Mission, British Columbia",39.43.11,v44361713
2013,0.00,"Abbotsford-Mission, British Columbia",39.43.11,v44361713
2014,0.00,"Abbotsford-Mission, British Columbia",39.43.11,v44361713
2015,0.00,"Abbotsford-Mission, British Columbia",39.43.11,v44361713
1998,0.00,"Vancouver, British Columbia",37.43.11,v44389881
1999,0.00,"Vancouver, British Columbia",37.43.11,v44389881
2000,0.00,"Vancouver, British Columbia",37.43.11,v44389881
2001,0.00,"Vancouver, British Columbia",37.43.11,v44389881
2002,0.00,"Vancouver, British Columbia",37.43.11,v44389881
2003,0.00,"Vancouver, British Columbia",37.43.11,v44389881
2004,0.00,"Vancouver, British Columbia",37.43.11,v44389881
2005,0.00,"Vancouver, British Columbia",37.43.11,v44389881
2006,0.00,"Vancouver, British Columbia",37.43.11,v44389881
2007,0.00,"Vancouver, British Columbia",37.43.11,v44389881
2008,0.00,"Vancouver, British Columbia",37.43.11,v44389881
2009,0.00,"Vancouver, British Columbia",37.43.11,v44389881
2010,0.00,"Vancouver, British Columbia",37.43.11,v44389881
2011,0.00,"Vancouver, British Columbia",37.43.11,v44389881
2012,0.00,"Vancouver, British Columbia",37.43.11,v44389881
2013,0.00,"Vancouver, British Columbia",37.43.11,v44389881
2014,0.00,"Vancouver, British Columbia",37.43.11,v44389881
2015,0.00,"Vancouver, British Columbia",37.43.11,v44389881
1998,0.00,"Victoria, British Columbia",38.43.11,v44359831
1999,0.00,"Victoria, British Columbia",38.43.11,v44359831
2000,..,"Victoria, British Columbia",38.43.11,v44359831
2001,0.00,"Victoria, British Columbia",38.43.11,v44359831
2002,0.00,"Victoria, British Columbia",38.43.11,v44359831
2003,0.00,"Victoria, British Columbia",38.43.11,v44359831
2004,..,"Victoria, British Columbia",38.43.11,v44359831
2005,..,"Victoria, British Columbia",38.43.11,v44359831
2006,0.00,"Victoria, British Columbia",38.43.11,v44359831
2007,0.00,"Victoria, British Columbia",38.43.11,v44359831
2008,0.00,"Victoria, British Columbia",38.43.11,v44359831
2009,0.00,"Victoria, British Columbia",38.43.11,v44359831
2010,0.00,"Victoria, British Columbia",38.43.11,v44359831
2011,0.00,"Victoria, British Columbia",38.43.11,v44359831
2012,0.00,"Victoria, British Columbia",38.43.11,v44359831
2013,0.00,"Victoria, British Columbia",38.43.11,v44359831
2014,0.00,"Victoria, British Columbia",38.43.11,v44359831
2015,0.00,"Victoria, British Columbia",38.43.11,v44359831
1998,..,"Yukon",40.43.11,v44357648
1999,0.00,"Yukon",40.43.11,v44357648
2000,0.00,"Yukon",40.43.11,v44357648
2001,0.00,"Yukon",40.43.11,v44357648
2002,0.00,"Yukon",40.43.11,v44357648
2003,0.00,"Yukon",40.43.11,v44357648
2004,0.00,"Yukon",40.43.11,v44357648
2005,..,"Yukon",40.43.11,v44357648
2006,0.00,"Yukon",40.43.11,v44357648
2007,0.00,"Yukon",40.43.11,v44357648
2008,0.00,"Yukon",40.43.11,v44357648
2009,0.00,"Yukon",40.43.11,v44357648
2010,0.00,"Yukon",40.43.11,v44357648
2011,0.00,"Yukon",40.43.11,v44357648
2012,0.00,"Yukon",40.43.11,v44357648
2013,0.00,"Yukon",40.43.11,v44357648
2014,0.00,"Yukon",40.43.11,v44357648
2015,0.00,"Yukon",40.43.11,v44357648
1998,0.00,"Northwest Territories",41.43.11,v44417524
1999,0.00,"Northwest Territories",41.43.11,v44417524
2000,0.00,"Northwest Territories",41.43.11,v44417524
2001,0.00,"Northwest Territories",41.43.11,v44417524
2002,0.00,"Northwest Territories",41.43.11,v44417524
2003,0.00,"Northwest Territories",41.43.11,v44417524
2004,0.00,"Northwest Territories",41.43.11,v44417524
2005,..,"Northwest Territories",41.43.11,v44417524
2006,0.00,"Northwest Territories",41.43.11,v44417524
2007,0.00,"Northwest Territories",41.43.11,v44417524
2008,0.00,"Northwest Territories",41.43.11,v44417524
2009,0.00,"Northwest Territories",41.43.11,v44417524
2010,0.00,"Northwest Territories",41.43.11,v44417524
2011,0.00,"Northwest Territories",41.43.11,v44417524
2012,0.00,"Northwest Territories",41.43.11,v44417524
2013,0.00,"Northwest Territories",41.43.11,v44417524
2014,0.00,"Northwest Territories",41.43.11,v44417524
2015,0.00,"Northwest Territories",41.43.11,v44417524
2006,0.00,"Nunavut",42.43.11,v62122479
2007,0.00,"Nunavut",42.43.11,v62122479
2008,0.00,"Nunavut",42.43.11,v62122479
2009,0.00,"Nunavut",42.43.11,v62122479
2010,0.00,"Nunavut",42.43.11,v62122479
2011,0.00,"Nunavut",42.43.11,v62122479
2012,0.00,"Nunavut",42.43.11,v62122479
2013,0.00,"Nunavut",42.43.11,v62122479
2014,0.00,"Nunavut",42.43.11,v62122479
2015,0.00,"Nunavut",42.43.11,v62122479
1998,2.00,"Canada",1.43.11,v44333634
1999,0.00,"Canada",1.43.11,v44333634
2000,0.00,"Canada",1.43.11,v44333634
2001,1.00,"Canada",1.43.11,v44333634
2002,1.00,"Canada",1.43.11,v44333634
2003,0.00,"Canada",1.43.11,v44333634
2004,1.00,"Canada",1.43.11,v44333634
2005,0.00,"Canada",1.43.11,v44333634
2006,0.00,"Canada",1.43.11,v44333634
2007,0.00,"Canada",1.43.11,v44333634
2008,0.00,"Canada",1.43.11,v44333634
2009,0.00,"Canada",1.43.11,v44333634
2010,0.00,"Canada",1.43.11,v44333634
2011,0.00,"Canada",1.43.11,v44333634
2012,0.00,"Canada",1.43.11,v44333634
2013,0.00,"Canada",1.43.11,v44333634
2014,0.00,"Canada",1.43.11,v44333634
2015,0.00,"Canada",1.43.11,v44333634
1998,0.00,"Newfoundland and Labrador",2.43.11,v44414278
1999,0.00,"Newfoundland and Labrador",2.43.11,v44414278
2000,0.00,"Newfoundland and Labrador",2.43.11,v44414278
2001,0.00,"Newfoundland and Labrador",2.43.11,v44414278
2002,0.00,"Newfoundland and Labrador",2.43.11,v44414278
2003,0.00,"Newfoundland and Labrador",2.43.11,v44414278
2004,0.00,"Newfoundland and Labrador",2.43.11,v44414278
2005,0.00,"Newfoundland and Labrador",2.43.11,v44414278
2006,0.00,"Newfoundland and Labrador",2.43.11,v44414278
2007,0.00,"Newfoundland and Labrador",2.43.11,v44414278
2008,0.00,"Newfoundland and Labrador",2.43.11,v44414278
2009,0.00,"Newfoundland and Labrador",2.43.11,v44414278
2010,0.00,"Newfoundland and Labrador",2.43.11,v44414278
2011,0.00,"Newfoundland and Labrador",2.43.11,v44414278
2012,0.00,"Newfoundland and Labrador",2.43.11,v44414278
2013,0.00,"Newfoundland and Labrador",2.43.11,v44414278
2014,0.00,"Newfoundland and Labrador",2.43.11,v44414278
2015,0.00,"Newfoundland and Labrador",2.43.11,v44414278
1998,0.00,"St. John's, Newfoundland and Labrador",3.43.11,v44412643
1999,0.00,"St. John's, Newfoundland and Labrador",3.43.11,v44412643
2000,..,"St. John's, Newfoundland and Labrador",3.43.11,v44412643
2001,..,"St. John's, Newfoundland and Labrador",3.43.11,v44412643
2002,0.00,"St. John's, Newfoundland and Labrador",3.43.11,v44412643
2003,..,"St. John's, Newfoundland and Labrador",3.43.11,v44412643
2004,0.00,"St. John's, Newfoundland and Labrador",3.43.11,v44412643
2005,..,"St. John's, Newfoundland and Labrador",3.43.11,v44412643
2006,0.00,"St. John's, Newfoundland and Labrador",3.43.11,v44412643
2007,0.00,"St. John's, Newfoundland and Labrador",3.43.11,v44412643
2008,0.00,"St. John's, Newfoundland and Labrador",3.43.11,v44412643
2009,0.00,"St. John's, Newfoundland and Labrador",3.43.11,v44412643
2010,0.00,"St. John's, Newfoundland and Labrador",3.43.11,v44412643
2011,0.00,"St. John's, Newfoundland and Labrador",3.43.11,v44412643
2012,0.00,"St. John's, Newfoundland and Labrador",3.43.11,v44412643
2013,0.00,"St. John's, Newfoundland and Labrador",3.43.11,v44412643
2014,0.00,"St. John's, Newfoundland and Labrador",3.43.11,v44412643
2015,0.00,"St. John's, Newfoundland and Labrador",3.43.11,v44412643
1998,..,"Prince Edward Island",4.43.11,v44329297
1999,0.00,"Prince Edward Island",4.43.11,v44329297
2000,0.00,"Prince Edward Island",4.43.11,v44329297
2001,0.00,"Prince Edward Island",4.43.11,v44329297
2002,..,"Prince Edward Island",4.43.11,v44329297
2003,0.00,"Prince Edward Island",4.43.11,v44329297
2004,..,"Prince Edward Island",4.43.11,v44329297
2005,..,"Prince Edward Island",4.43.11,v44329297
2006,0.00,"Prince Edward Island",4.43.11,v44329297
2007,0.00,"Prince Edward Island",4.43.11,v44329297
2008,0.00,"Prince Edward Island",4.43.11,v44329297
2009,0.00,"Prince Edward Island",4.43.11,v44329297
2010,0.00,"Prince Edward Island",4.43.11,v44329297
2011,0.00,"Prince Edward Island",4.43.11,v44329297
2012,0.00,"Prince Edward Island",4.43.11,v44329297
2013,0.00,"Prince Edward Island",4.43.11,v44329297
2014,0.00,"Prince Edward Island",4.43.11,v44329297
2015,0.00,"Prince Edward Island",4.43.11,v44329297
1998,0.00,"Nova Scotia",5.43.11,v44348443
1999,0.00,"Nova Scotia",5.43.11,v44348443
2000,0.00,"Nova Scotia",5.43.11,v44348443
2001,0.00,"Nova Scotia",5.43.11,v44348443
2002,0.00,"Nova Scotia",5.43.11,v44348443
2003,0.00,"Nova Scotia",5.43.11,v44348443
2004,0.00,"Nova Scotia",5.43.11,v44348443
2005,0.00,"Nova Scotia",5.43.11,v44348443
2006,0.00,"Nova Scotia",5.43.11,v44348443
2007,0.00,"Nova Scotia",5.43.11,v44348443
2008,0.00,"Nova Scotia",5.43.11,v44348443
2009,0.00,"Nova Scotia",5.43.11,v44348443
2010,0.00,"Nova Scotia",5.43.11,v44348443
2011,0.00,"Nova Scotia",5.43.11,v44348443
2012,0.00,"Nova Scotia",5.43.11,v44348443
2013,0.00,"Nova Scotia",5.43.11,v44348443
2014,0.00,"Nova Scotia",5.43.11,v44348443
2015,0.00,"Nova Scotia",5.43.11,v44348443
1998,0.00,"Halifax, Nova Scotia",6.43.11,v44392154
1999,0.00,"Halifax, Nova Scotia",6.43.11,v44392154
2000,..,"Halifax, Nova Scotia",6.43.11,v44392154
2001,0.00,"Halifax, Nova Scotia",6.43.11,v44392154
2002,0.00,"Halifax, Nova Scotia",6.43.11,v44392154
2003,0.00,"Halifax, Nova Scotia",6.43.11,v44392154
2004,0.00,"Halifax, Nova Scotia",6.43.11,v44392154
2005,0.00,"Halifax, Nova Scotia",6.43.11,v44392154
2006,0.00,"Halifax, Nova Scotia",6.43.11,v44392154
2007,0.00,"Halifax, Nova Scotia",6.43.11,v44392154
2008,0.00,"Halifax, Nova Scotia",6.43.11,v44392154
2009,0.00,"Halifax, Nova Scotia",6.43.11,v44392154
2010,0.00,"Halifax, Nova Scotia",6.43.11,v44392154
2011,0.00,"Halifax, Nova Scotia",6.43.11,v44392154
2012,0.00,"Halifax, Nova Scotia",6.43.11,v44392154
2013,0.00,"Halifax, Nova Scotia",6.43.11,v44392154
2014,0.00,"Halifax, Nova Scotia",6.43.11,v44392154
2015,0.00,"Halifax, Nova Scotia",6.43.11,v44392154
1998,0.00,"New Brunswick",7.43.11,v44370599
1999,0.00,"New Brunswick",7.43.11,v44370599
2000,0.00,"New Brunswick",7.43.11,v44370599
2001,0.00,"New Brunswick",7.43.11,v44370599
2002,0.00,"New Brunswick",7.43.11,v44370599
2003,0.00,"New Brunswick",7.43.11,v44370599
2004,0.00,"New Brunswick",7.43.11,v44370599
2005,0.00,"New Brunswick",7.43.11,v44370599
2006,0.00,"New Brunswick",7.43.11,v44370599
2007,0.00,"New Brunswick",7.43.11,v44370599
2008,0.00,"New Brunswick",7.43.11,v44370599
2009,0.00,"New Brunswick",7.43.11,v44370599
2010,0.00,"New Brunswick",7.43.11,v44370599
2011,0.00,"New Brunswick",7.43.11,v44370599
2012,0.00,"New Brunswick",7.43.11,v44370599
2013,0.00,"New Brunswick",7.43.11,v44370599
2014,0.00,"New Brunswick",7.43.11,v44370599
2015,0.00,"New Brunswick",7.43.11,v44370599
2005,..,"Moncton, New Brunswick",43.43.11,v52120889
2006,0.00,"Moncton, New Brunswick",43.43.11,v52120889
2007,0.00,"Moncton, New Brunswick",43.43.11,v52120889
2008,0.00,"Moncton, New Brunswick",43.43.11,v52120889
2009,0.00,"Moncton, New Brunswick",43.43.11,v52120889
2010,0.00,"Moncton, New Brunswick",43.43.11,v52120889
2011,0.00,"Moncton, New Brunswick",43.43.11,v52120889
2012,0.00,"Moncton, New Brunswick",43.43.11,v52120889
2013,0.00,"Moncton, New Brunswick",43.43.11,v52120889
2014,0.00,"Moncton, New Brunswick",43.43.11,v52120889
2015,0.00,"Moncton, New Brunswick",43.43.11,v52120889
1998,0.00,"Saint John, New Brunswick",8.43.11,v44328640
1999,0.00,"Saint John, New Brunswick",8.43.11,v44328640
2000,0.00,"Saint John, New Brunswick",8.43.11,v44328640
2001,..,"Saint John, New Brunswick",8.43.11,v44328640
2002,0.00,"Saint John, New Brunswick",8.43.11,v44328640
2003,0.00,"Saint John, New Brunswick",8.43.11,v44328640
2004,0.00,"Saint John, New Brunswick",8.43.11,v44328640
2005,0.00,"Saint John, New Brunswick",8.43.11,v44328640
2006,0.00,"Saint John, New Brunswick",8.43.11,v44328640
2007,0.00,"Saint John, New Brunswick",8.43.11,v44328640
2008,0.00,"Saint John, New Brunswick",8.43.11,v44328640
2009,0.00,"Saint John, New Brunswick",8.43.11,v44328640
2010,0.00,"Saint John, New Brunswick",8.43.11,v44328640
2011,0.00,"Saint John, New Brunswick",8.43.11,v44328640
2012,0.00,"Saint John, New Brunswick",8.43.11,v44328640
2013,0.00,"Saint John, New Brunswick",8.43.11,v44328640
2014,0.00,"Saint John, New Brunswick",8.43.11,v44328640
2015,0.00,"Saint John, New Brunswick",8.43.11,v44328640
1998,0.00,"Quebec",9.43.11,v44349832
1999,0.00,"Quebec",9.43.11,v44349832
2000,0.00,"Quebec",9.43.11,v44349832
2001,0.00,"Quebec",9.43.11,v44349832
2002,0.00,"Quebec",9.43.11,v44349832
2003,0.00,"Quebec",9.43.11,v44349832
2004,1.00,"Quebec",9.43.11,v44349832
2005,0.00,"Quebec",9.43.11,v44349832
2006,0.00,"Quebec",9.43.11,v44349832
2007,0.00,"Quebec",9.43.11,v44349832
2008,0.00,"Quebec",9.43.11,v44349832
2009,0.00,"Quebec",9.43.11,v44349832
2010,0.00,"Quebec",9.43.11,v44349832
2011,0.00,"Quebec",9.43.11,v44349832
2012,0.00,"Quebec",9.43.11,v44349832
2013,0.00,"Quebec",9.43.11,v44349832
2014,0.00,"Quebec",9.43.11,v44349832
2015,0.00,"Quebec",9.43.11,v44349832
1998,0.00,"Saguenay, Quebec",10.43.11,v44335052
1999,..,"Saguenay, Quebec",10.43.11,v44335052
2000,..,"Saguenay, Quebec",10.43.11,v44335052
2001,..,"Saguenay, Quebec",10.43.11,v44335052
2002,..,"Saguenay, Quebec",10.43.11,v44335052
2003,..,"Saguenay, Quebec",10.43.11,v44335052
2004,..,"Saguenay, Quebec",10.43.11,v44335052
2005,..,"Saguenay, Quebec",10.43.11,v44335052
2006,0.00,"Saguenay, Quebec",10.43.11,v44335052
2007,0.00,"Saguenay, Quebec",10.43.11,v44335052
2008,0.00,"Saguenay, Quebec",10.43.11,v44335052
2009,0.00,"Saguenay, Quebec",10.43.11,v44335052
2010,0.00,"Saguenay, Quebec",10.43.11,v44335052
2011,0.00,"Saguenay, Quebec",10.43.11,v44335052
2012,0.00,"Saguenay, Quebec",10.43.11,v44335052
2013,0.00,"Saguenay, Quebec",10.43.11,v44335052
2014,0.00,"Saguenay, Quebec",10.43.11,v44335052
2015,0.00,"Saguenay, Quebec",10.43.11,v44335052
1998,..,"Quebec, Quebec",11.43.11,v44361729
1999,0.00,"Quebec, Quebec",11.43.11,v44361729
2000,..,"Quebec, Quebec",11.43.11,v44361729
2001,0.00,"Quebec, Quebec",11.43.11,v44361729
2002,..,"Quebec, Quebec",11.43.11,v44361729
2003,0.00,"Quebec, Quebec",11.43.11,v44361729
2004,0.00,"Quebec, Quebec",11.43.11,v44361729
2005,0.00,"Quebec, Quebec",11.43.11,v44361729
2006,0.00,"Quebec, Quebec",11.43.11,v44361729
2007,0.00,"Quebec, Quebec",11.43.11,v44361729
2008,0.00,"Quebec, Quebec",11.43.11,v44361729
2009,0.00,"Quebec, Quebec",11.43.11,v44361729
2010,0.00,"Quebec, Quebec",11.43.11,v44361729
2011,0.00,"Quebec, Quebec",11.43.11,v44361729
2012,0.00,"Quebec, Quebec",11.43.11,v44361729
2013,0.00,"Quebec, Quebec",11.43.11,v44361729
2014,0.00,"Quebec, Quebec",11.43.11,v44361729
2015,0.00,"Quebec, Quebec",11.43.11,v44361729
2001,..,"Sherbrooke, Quebec",12.43.11,v44409914
2002,0.00,"Sherbrooke, Quebec",12.43.11,v44409914
2003,..,"Sherbrooke, Quebec",12.43.11,v44409914
2004,..,"Sherbrooke, Quebec",12.43.11,v44409914
2005,..,"Sherbrooke, Quebec",12.43.11,v44409914
2006,0.00,"Sherbrooke, Quebec",12.43.11,v44409914
2007,0.00,"Sherbrooke, Quebec",12.43.11,v44409914
2008,0.00,"Sherbrooke, Quebec",12.43.11,v44409914
2009,0.00,"Sherbrooke, Quebec",12.43.11,v44409914
2010,0.00,"Sherbrooke, Quebec",12.43.11,v44409914
2011,0.00,"Sherbrooke, Quebec",12.43.11,v44409914
2012,0.00,"Sherbrooke, Quebec",12.43.11,v44409914
2013,0.00,"Sherbrooke, Quebec",12.43.11,v44409914
2014,0.00,"Sherbrooke, Quebec",12.43.11,v44409914
2015,0.00,"Sherbrooke, Quebec",12.43.11,v44409914
1998,0.00,"Montreal, Quebec",14.43.11,v44386944
1999,0.00,"Montreal, Quebec",14.43.11,v44386944
2000,0.00,"Montreal, Quebec",14.43.11,v44386944
2001,0.00,"Montreal, Quebec",14.43.11,v44386944
2002,0.00,"Montreal, Quebec",14.43.11,v44386944
2003,0.00,"Montreal, Quebec",14.43.11,v44386944
2004,1.00,"Montreal, Quebec",14.43.11,v44386944
2005,0.00,"Montreal, Quebec",14.43.11,v44386944
2006,0.00,"Montreal, Quebec",14.43.11,v44386944
2007,0.00,"Montreal, Quebec",14.43.11,v44386944
2008,0.00,"Montreal, Quebec",14.43.11,v44386944
2009,0.00,"Montreal, Quebec",14.43.11,v44386944
2010,0.00,"Montreal, Quebec",14.43.11,v44386944
2011,0.00,"Montreal, Quebec",14.43.11,v44386944
2012,0.00,"Montreal, Quebec",14.43.11,v44386944
2013,0.00,"Montreal, Quebec",14.43.11,v44386944
2014,0.00,"Montreal, Quebec",14.43.11,v44386944
2015,0.00,"Montreal, Quebec",14.43.11,v44386944
1998,0.00,"Ottawa-Gatineau, Quebec part",15.43.11,v44385114
1999,..,"Ottawa-Gatineau, Quebec part",15.43.11,v44385114
2000,..,"Ottawa-Gatineau, Quebec part",15.43.11,v44385114
2001,0.00,"Ottawa-Gatineau, Quebec part",15.43.11,v44385114
2002,..,"Ottawa-Gatineau, Quebec part",15.43.11,v44385114
2003,0.00,"Ottawa-Gatineau, Quebec part",15.43.11,v44385114
2004,0.00,"Ottawa-Gatineau, Quebec part",15.43.11,v44385114
2005,0.00,"Ottawa-Gatineau, Quebec part",15.43.11,v44385114
2006,0.00,"Ottawa-Gatineau, Quebec part",15.43.11,v44385114
2007,0.00,"Ottawa-Gatineau, Quebec part",15.43.11,v44385114
2008,0.00,"Ottawa-Gatineau, Quebec part",15.43.11,v44385114
2009,0.00,"Ottawa-Gatineau, Quebec part",15.43.11,v44385114
2010,0.00,"Ottawa-Gatineau, Quebec part",15.43.11,v44385114
2011,0.00,"Ottawa-Gatineau, Quebec part",15.43.11,v44385114
2012,0.00,"Ottawa-Gatineau, Quebec part",15.43.11,v44385114
2013,0.00,"Ottawa-Gatineau, Quebec part",15.43.11,v44385114
2014,0.00,"Ottawa-Gatineau, Quebec part",15.43.11,v44385114
2015,0.00,"Ottawa-Gatineau, Quebec part",15.43.11,v44385114
1998,2.00,"Ontario",16.43.11,v44407675
1999,0.00,"Ontario",16.43.11,v44407675
2000,0.00,"Ontario",16.43.11,v44407675
2001,1.00,"Ontario",16.43.11,v44407675
2002,0.00,"Ontario",16.43.11,v44407675
2003,0.00,"Ontario",16.43.11,v44407675
2004,0.00,"Ontario",16.43.11,v44407675
2005,0.00,"Ontario",16.43.11,v44407675
2006,0.00,"Ontario",16.43.11,v44407675
2007,0.00,"Ontario",16.43.11,v44407675
2008,0.00,"Ontario",16.43.11,v44407675
2009,0.00,"Ontario",16.43.11,v44407675
2010,0.00,"Ontario",16.43.11,v44407675
2011,0.00,"Ontario",16.43.11,v44407675
2012,0.00,"Ontario",16.43.11,v44407675
2013,0.00,"Ontario",16.43.11,v44407675
2014,0.00,"Ontario",16.43.11,v44407675
2015,0.00,"Ontario",16.43.11,v44407675
1998,0.00,"Ottawa-Gatineau, Ontario/Quebec",17.43.11,v52147873
1999,0.00,"Ottawa-Gatineau, Ontario/Quebec",17.43.11,v52147873
2000,0.00,"Ottawa-Gatineau, Ontario/Quebec",17.43.11,v52147873
2001,0.00,"Ottawa-Gatineau, Ontario/Quebec",17.43.11,v52147873
2002,0.00,"Ottawa-Gatineau, Ontario/Quebec",17.43.11,v52147873
2003,0.00,"Ottawa-Gatineau, Ontario/Quebec",17.43.11,v52147873
2004,0.00,"Ottawa-Gatineau, Ontario/Quebec",17.43.11,v52147873
2005,0.00,"Ottawa-Gatineau, Ontario/Quebec",17.43.11,v52147873
2006,0.00,"Ottawa-Gatineau, Ontario/Quebec",17.43.11,v52147873
2007,0.00,"Ottawa-Gatineau, Ontario/Quebec",17.43.11,v52147873
2008,0.00,"Ottawa-Gatineau, Ontario/Quebec",17.43.11,v52147873
2009,0.00,"Ottawa-Gatineau, Ontario/Quebec",17.43.11,v52147873
2010,0.00,"Ottawa-Gatineau, Ontario/Quebec",17.43.11,v52147873
2011,0.00,"Ottawa-Gatineau, Ontario/Quebec",17.43.11,v52147873
2012,0.00,"Ottawa-Gatineau, Ontario/Quebec",17.43.11,v52147873
2013,0.00,"Ottawa-Gatineau, Ontario/Quebec",17.43.11,v52147873
2014,0.00,"Ottawa-Gatineau, Ontario/Quebec",17.43.11,v52147873
2015,0.00,"Ottawa-Gatineau, Ontario/Quebec",17.43.11,v52147873
1998,0.00,"Ottawa-Gatineau, Ontario part",18.43.11,v44354874
1999,0.00,"Ottawa-Gatineau, Ontario part",18.43.11,v44354874
2000,0.00,"Ottawa-Gatineau, Ontario part",18.43.11,v44354874
2001,0.00,"Ottawa-Gatineau, Ontario part",18.43.11,v44354874
2002,0.00,"Ottawa-Gatineau, Ontario part",18.43.11,v44354874
2003,0.00,"Ottawa-Gatineau, Ontario part",18.43.11,v44354874
2004,0.00,"Ottawa-Gatineau, Ontario part",18.43.11,v44354874
2005,..,"Ottawa-Gatineau, Ontario part",18.43.11,v44354874
2006,0.00,"Ottawa-Gatineau, Ontario part",18.43.11,v44354874
2007,0.00,"Ottawa-Gatineau, Ontario part",18.43.11,v44354874
2008,0.00,"Ottawa-Gatineau, Ontario part",18.43.11,v44354874
2009,0.00,"Ottawa-Gatineau, Ontario part",18.43.11,v44354874
2010,0.00,"Ottawa-Gatineau, Ontario part",18.43.11,v44354874
2011,0.00,"Ottawa-Gatineau, Ontario part",18.43.11,v44354874
2012,0.00,"Ottawa-Gatineau, Ontario part",18.43.11,v44354874
2013,0.00,"Ottawa-Gatineau, Ontario part",18.43.11,v44354874
2014,0.00,"Ottawa-Gatineau, Ontario part",18.43.11,v44354874
2015,0.00,"Ottawa-Gatineau, Ontario part",18.43.11,v44354874
2000,..,"Kingston, Ontario",27.43.11,v44396410
2001,0.00,"Kingston, Ontario",27.43.11,v44396410
2002,..,"Kingston, Ontario",27.43.11,v44396410
2003,..,"Kingston, Ontario",27.43.11,v44396410
2004,0.00,"Kingston, Ontario",27.43.11,v44396410
2005,..,"Kingston, Ontario",27.43.11,v44396410
2006,0.00,"Kingston, Ontario",27.43.11,v44396410
2007,0.00,"Kingston, Ontario",27.43.11,v44396410
2008,0.00,"Kingston, Ontario",27.43.11,v44396410
2009,0.00,"Kingston, Ontario",27.43.11,v44396410
2010,0.00,"Kingston, Ontario",27.43.11,v44396410
2011,0.00,"Kingston, Ontario",27.43.11,v44396410
2012,0.00,"Kingston, Ontario",27.43.11,v44396410
2013,0.00,"Kingston, Ontario",27.43.11,v44396410
2014,0.00,"Kingston, Ontario",27.43.11,v44396410
2015,0.00,"Kingston, Ontario",27.43.11,v44396410
2006,0.00,"Peterborough, Ontario",44.43.11,v62128779
2007,0.00,"Peterborough, Ontario",44.43.11,v62128779
2008,0.00,"Peterborough, Ontario",44.43.11,v62128779
2009,0.00,"Peterborough, Ontario",44.43.11,v62128779
2010,0.00,"Peterborough, Ontario",44.43.11,v62128779
2011,0.00,"Peterborough, Ontario",44.43.11,v62128779
2012,0.00,"Peterborough, Ontario",44.43.11,v62128779
2013,0.00,"Peterborough, Ontario",44.43.11,v62128779
2014,0.00,"Peterborough, Ontario",44.43.11,v62128779
2015,0.00,"Peterborough, Ontario",44.43.11,v62128779
1998,0.00,"Toronto, Ontario",19.43.11,v44412603
1999,0.00,"Toronto, Ontario",19.43.11,v44412603
2000,0.00,"Toronto, Ontario",19.43.11,v44412603
2001,0.00,"Toronto, Ontario",19.43.11,v44412603
2002,0.00,"Toronto, Ontario",19.43.11,v44412603
2003,0.00,"Toronto, Ontario",19.43.11,v44412603
2004,0.00,"Toronto, Ontario",19.43.11,v44412603
2005,0.00,"Toronto, Ontario",19.43.11,v44412603
2006,0.00,"Toronto, Ontario",19.43.11,v44412603
2007,0.00,"Toronto, Ontario",19.43.11,v44412603
2008,0.00,"Toronto, Ontario",19.43.11,v44412603
2009,0.00,"Toronto, Ontario",19.43.11,v44412603
2010,0.00,"Toronto, Ontario",19.43.11,v44412603
2011,0.00,"Toronto, Ontario",19.43.11,v44412603
2012,0.00,"Toronto, Ontario",19.43.11,v44412603
2013,0.00,"Toronto, Ontario",19.43.11,v44412603
2014,0.00,"Toronto, Ontario",19.43.11,v44412603
2015,0.00,"Toronto, Ontario",19.43.11,v44412603
1998,0.00,"Hamilton, Ontario",20.43.11,v44368916
1999,0.00,"Hamilton, Ontario",20.43.11,v44368916
2000,0.00,"Hamilton, Ontario",20.43.11,v44368916
2001,0.00,"Hamilton, Ontario",20.43.11,v44368916
2002,0.00,"Hamilton, Ontario",20.43.11,v44368916
2003,0.00,"Hamilton, Ontario",20.43.11,v44368916
2004,0.00,"Hamilton, Ontario",20.43.11,v44368916
2005,0.00,"Hamilton, Ontario",20.43.11,v44368916
2006,0.00,"Hamilton, Ontario",20.43.11,v44368916
2007,0.00,"Hamilton, Ontario",20.43.11,v44368916
2008,0.00,"Hamilton, Ontario",20.43.11,v44368916
2009,0.00,"Hamilton, Ontario",20.43.11,v44368916
2010,0.00,"Hamilton, Ontario",20.43.11,v44368916
2011,0.00,"Hamilton, Ontario",20.43.11,v44368916
2012,0.00,"Hamilton, Ontario",20.43.11,v44368916
2013,0.00,"Hamilton, Ontario",20.43.11,v44368916
2014,0.00,"Hamilton, Ontario",20.43.11,v44368916
2015,0.00,"Hamilton, Ontario",20.43.11,v44368916
1998,..,"St.Catharines-Niagara, Ontario",21.43.11,v44368088
1999,0.00,"St.Catharines-Niagara, Ontario",21.43.11,v44368088
2000,0.00,"St.Catharines-Niagara, Ontario",21.43.11,v44368088
2001,0.00,"St.Catharines-Niagara, Ontario",21.43.11,v44368088
2002,0.00,"St.Catharines-Niagara, Ontario",21.43.11,v44368088
2003,0.00,"St.Catharines-Niagara, Ontario",21.43.11,v44368088
2004,0.00,"St.Catharines-Niagara, Ontario",21.43.11,v44368088
2005,..,"St.Catharines-Niagara, Ontario",21.43.11,v44368088
2006,0.00,"St.Catharines-Niagara, Ontario",21.43.11,v44368088
2007,0.00,"St.Catharines-Niagara, Ontario",21.43.11,v44368088
2008,0.00,"St.Catharines-Niagara, Ontario",21.43.11,v44368088
2009,0.00,"St.Catharines-Niagara, Ontario",21.43.11,v44368088
2010,0.00,"St.Catharines-Niagara, Ontario",21.43.11,v44368088
2011,0.00,"St.Catharines-Niagara, Ontario",21.43.11,v44368088
2012,0.00,"St.Catharines-Niagara, Ontario",21.43.11,v44368088
2013,0.00,"St.Catharines-Niagara, Ontario",21.43.11,v44368088
2014,0.00,"St.Catharines-Niagara, Ontario",21.43.11,v44368088
2015,0.00,"St.Catharines-Niagara, Ontario",21.43.11,v44368088
1999,..,"Kitchener-Cambridge-Waterloo, Ontario",22.43.11,v44351191
2000,0.00,"Kitchener-Cambridge-Waterloo, Ontario",22.43.11,v44351191
2001,..,"Kitchener-Cambridge-Waterloo, Ontario",22.43.11,v44351191
2002,0.00,"Kitchener-Cambridge-Waterloo, Ontario",22.43.11,v44351191
2003,..,"Kitchener-Cambridge-Waterloo, Ontario",22.43.11,v44351191
2004,..,"Kitchener-Cambridge-Waterloo, Ontario",22.43.11,v44351191
2005,0.00,"Kitchener-Cambridge-Waterloo, Ontario",22.43.11,v44351191
2006,0.00,"Kitchener-Cambridge-Waterloo, Ontario",22.43.11,v44351191
2007,0.00,"Kitchener-Cambridge-Waterloo, Ontario",22.43.11,v44351191
2008,0.00,"Kitchener-Cambridge-Waterloo, Ontario",22.43.11,v44351191
2009,0.00,"Kitchener-Cambridge-Waterloo, Ontario",22.43.11,v44351191
2010,0.00,"Kitchener-Cambridge-Waterloo, Ontario",22.43.11,v44351191
2011,0.00,"Kitchener-Cambridge-Waterloo, Ontario",22.43.11,v44351191
2012,0.00,"Kitchener-Cambridge-Waterloo, Ontario",22.43.11,v44351191
2013,0.00,"Kitchener-Cambridge-Waterloo, Ontario",22.43.11,v44351191
2014,0.00,"Kitchener-Cambridge-Waterloo, Ontario",22.43.11,v44351191
2015,0.00,"Kitchener-Cambridge-Waterloo, Ontario",22.43.11,v44351191
2006,0.00,"Brantford, Ontario",45.43.11,v53087675
2007,0.00,"Brantford, Ontario",45.43.11,v53087675
2008,0.00,"Brantford, Ontario",45.43.11,v53087675
2009,0.00,"Brantford, Ontario",45.43.11,v53087675
2010,0.00,"Brantford, Ontario",45.43.11,v53087675
2011,0.00,"Brantford, Ontario",45.43.11,v53087675
2012,0.00,"Brantford, Ontario",45.43.11,v53087675
2013,0.00,"Brantford, Ontario",45.43.11,v53087675
2014,0.00,"Brantford, Ontario",45.43.11,v53087675
2015,0.00,"Brantford, Ontario",45.43.11,v53087675
2006,0.00,"Guelph, Ontario",46.43.11,v62135079
2007,0.00,"Guelph, Ontario",46.43.11,v62135079
2008,0.00,"Guelph, Ontario",46.43.11,v62135079
2009,0.00,"Guelph, Ontario",46.43.11,v62135079
2010,0.00,"Guelph, Ontario",46.43.11,v62135079
2011,0.00,"Guelph, Ontario",46.43.11,v62135079
2012,0.00,"Guelph, Ontario",46.43.11,v62135079
2013,0.00,"Guelph, Ontario",46.43.11,v62135079
2014,0.00,"Guelph, Ontario",46.43.11,v62135079
2015,0.00,"Guelph, Ontario",46.43.11,v62135079
1998,0.00,"London, Ontario",23.43.11,v44332505
1999,0.00,"London, Ontario",23.43.11,v44332505
2000,0.00,"London, Ontario",23.43.11,v44332505
2001,..,"London, Ontario",23.43.11,v44332505
2002,..,"London, Ontario",23.43.11,v44332505
2003,0.00,"London, Ontario",23.43.11,v44332505
2004,0.00,"London, Ontario",23.43.11,v44332505
2005,0.00,"London, Ontario",23.43.11,v44332505
2006,0.00,"London, Ontario",23.43.11,v44332505
2007,0.00,"London, Ontario",23.43.11,v44332505
2008,0.00,"London, Ontario",23.43.11,v44332505
2009,0.00,"London, Ontario",23.43.11,v44332505
2010,0.00,"London, Ontario",23.43.11,v44332505
2011,0.00,"London, Ontario",23.43.11,v44332505
2012,0.00,"London, Ontario",23.43.11,v44332505
2013,0.00,"London, Ontario",23.43.11,v44332505
2014,0.00,"London, Ontario",23.43.11,v44332505
2015,0.00,"London, Ontario",23.43.11,v44332505
1998,0.00,"Windsor, Ontario",24.43.11,v44333117
1999,0.00,"Windsor, Ontario",24.43.11,v44333117
2000,..,"Windsor, Ontario",24.43.11,v44333117
2001,0.00,"Windsor, Ontario",24.43.11,v44333117
2002,0.00,"Windsor, Ontario",24.43.11,v44333117
2003,0.00,"Windsor, Ontario",24.43.11,v44333117
2004,..,"Windsor, Ontario",24.43.11,v44333117
2005,0.00,"Windsor, Ontario",24.43.11,v44333117
2006,0.00,"Windsor, Ontario",24.43.11,v44333117
2007,0.00,"Windsor, Ontario",24.43.11,v44333117
2008,0.00,"Windsor, Ontario",24.43.11,v44333117
2009,0.00,"Windsor, Ontario",24.43.11,v44333117
2010,0.00,"Windsor, Ontario",24.43.11,v44333117
2011,0.00,"Windsor, Ontario",24.43.11,v44333117
2012,0.00,"Windsor, Ontario",24.43.11,v44333117
2013,0.00,"Windsor, Ontario",24.43.11,v44333117
2014,0.00,"Windsor, Ontario",24.43.11,v44333117
2015,0.00,"Windsor, Ontario",24.43.11,v44333117
2006,0.00,"Barrie, Ontario",47.43.11,v52144117
2007,0.00,"Barrie, Ontario",47.43.11,v52144117
2008,0.00,"Barrie, Ontario",47.43.11,v52144117
2009,0.00,"Barrie, Ontario",47.43.11,v52144117
2010,0.00,"Barrie, Ontario",47.43.11,v52144117
2011,0.00,"Barrie, Ontario",47.43.11,v52144117
2012,0.00,"Barrie, Ontario",47.43.11,v52144117
2013,0.00,"Barrie, Ontario",47.43.11,v52144117
2014,0.00,"Barrie, Ontario",47.43.11,v52144117
2015,0.00,"Barrie, Ontario",47.43.11,v52144117
2006,0.00,"Sudbury, Ontario",25.43.11,v62068929
2007,0.00,"Sudbury, Ontario",25.43.11,v62068929
2008,0.00,"Sudbury, Ontario",25.43.11,v62068929
2009,0.00,"Sudbury, Ontario",25.43.11,v62068929
2010,0.00,"Sudbury, Ontario",25.43.11,v62068929
2011,0.00,"Sudbury, Ontario",25.43.11,v62068929
2012,0.00,"Sudbury, Ontario",25.43.11,v62068929
2013,0.00,"Sudbury, Ontario",25.43.11,v62068929
2014,0.00,"Sudbury, Ontario",25.43.11,v62068929
2015,0.00,"Sudbury, Ontario",25.43.11,v62068929
1998,0.00,"Thunder Bay, Ontario",26.43.11,v44386065
1999,0.00,"Thunder Bay, Ontario",26.43.11,v44386065
2000,0.00,"Thunder Bay, Ontario",26.43.11,v44386065
2001,..,"Thunder Bay, Ontario",26.43.11,v44386065
2002,0.00,"Thunder Bay, Ontario",26.43.11,v44386065
2003,..,"Thunder Bay, Ontario",26.43.11,v44386065
2004,..,"Thunder Bay, Ontario",26.43.11,v44386065
2005,0.00,"Thunder Bay, Ontario",26.43.11,v44386065
2006,0.00,"Thunder Bay, Ontario",26.43.11,v44386065
2007,0.00,"Thunder Bay, Ontario",26.43.11,v44386065
2008,0.00,"Thunder Bay, Ontario",26.43.11,v44386065
2009,0.00,"Thunder Bay, Ontario",26.43.11,v44386065
2010,0.00,"Thunder Bay, Ontario",26.43.11,v44386065
2011,0.00,"Thunder Bay, Ontario",26.43.11,v44386065
2012,0.00,"Thunder Bay, Ontario",26.43.11,v44386065
2013,0.00,"Thunder Bay, Ontario",26.43.11,v44386065
2014,0.00,"Thunder Bay, Ontario",26.43.11,v44386065
2015,0.00,"Thunder Bay, Ontario",26.43.11,v44386065
1998,0.00,"Manitoba",28.43.11,v44348224
1999,0.00,"Manitoba",28.43.11,v44348224
2000,0.00,"Manitoba",28.43.11,v44348224
2001,0.00,"Manitoba",28.43.11,v44348224
2002,0.00,"Manitoba",28.43.11,v44348224
2003,0.00,"Manitoba",28.43.11,v44348224
2004,0.00,"Manitoba",28.43.11,v44348224
2005,0.00,"Manitoba",28.43.11,v44348224
2006,0.00,"Manitoba",28.43.11,v44348224
2007,0.00,"Manitoba",28.43.11,v44348224
2008,0.00,"Manitoba",28.43.11,v44348224
2009,0.00,"Manitoba",28.43.11,v44348224
2010,0.00,"Manitoba",28.43.11,v44348224
2011,0.00,"Manitoba",28.43.11,v44348224
2012,0.00,"Manitoba",28.43.11,v44348224
2013,0.00,"Manitoba",28.43.11,v44348224
2014,0.00,"Manitoba",28.43.11,v44348224
2015,0.00,"Manitoba",28.43.11,v44348224
1998,0.00,"Winnipeg, Manitoba",29.43.11,v44393166
1999,0.00,"Winnipeg, Manitoba",29.43.11,v44393166
2000,0.00,"Winnipeg, Manitoba",29.43.11,v44393166
2001,0.00,"Winnipeg, Manitoba",29.43.11,v44393166
2002,0.00,"Winnipeg, Manitoba",29.43.11,v44393166
2003,0.00,"Winnipeg, Manitoba",29.43.11,v44393166
2004,0.00,"Winnipeg, Manitoba",29.43.11,v44393166
2005,0.00,"Winnipeg, Manitoba",29.43.11,v44393166
2006,0.00,"Winnipeg, Manitoba",29.43.11,v44393166
2007,0.00,"Winnipeg, Manitoba",29.43.11,v44393166
2008,0.00,"Winnipeg, Manitoba",29.43.11,v44393166
2009,0.00,"Winnipeg, Manitoba",29.43.11,v44393166
2010,0.00,"Winnipeg, Manitoba",29.43.11,v44393166
2011,0.00,"Winnipeg, Manitoba",29.43.11,v44393166
2012,0.00,"Winnipeg, Manitoba",29.43.11,v44393166
2013,0.00,"Winnipeg, Manitoba",29.43.11,v44393166
2014,0.00,"Winnipeg, Manitoba",29.43.11,v44393166
2015,0.00,"Winnipeg, Manitoba",29.43.11,v44393166
1998,0.00,"Saskatchewan",30.43.11,v44409724
1999,0.00,"Saskatchewan",30.43.11,v44409724
2000,0.00,"Saskatchewan",30.43.11,v44409724
2001,0.00,"Saskatchewan",30.43.11,v44409724
2002,1.00,"Saskatchewan",30.43.11,v44409724
2003,0.00,"Saskatchewan",30.43.11,v44409724
2004,0.00,"Saskatchewan",30.43.11,v44409724
2005,0.00,"Saskatchewan",30.43.11,v44409724
2006,0.00,"Saskatchewan",30.43.11,v44409724
2007,0.00,"Saskatchewan",30.43.11,v44409724
2008,0.00,"Saskatchewan",30.43.11,v44409724
2009,0.00,"Saskatchewan",30.43.11,v44409724
2010,0.00,"Saskatchewan",30.43.11,v44409724
2011,0.00,"Saskatchewan",30.43.11,v44409724
2012,0.00,"Saskatchewan",30.43.11,v44409724
2013,0.00,"Saskatchewan",30.43.11,v44409724
2014,0.00,"Saskatchewan",30.43.11,v44409724
2015,0.00,"Saskatchewan",30.43.11,v44409724
1998,0.00,"Regina, Saskatchewan",31.43.11,v44406700
1999,0.00,"Regina, Saskatchewan",31.43.11,v44406700
2000,0.00,"Regina, Saskatchewan",31.43.11,v44406700
2001,0.00,"Regina, Saskatchewan",31.43.11,v44406700
2002,0.00,"Regina, Saskatchewan",31.43.11,v44406700
2003,..,"Regina, Saskatchewan",31.43.11,v44406700
2004,..,"Regina, Saskatchewan",31.43.11,v44406700
2005,..,"Regina, Saskatchewan",31.43.11,v44406700
2006,0.00,"Regina, Saskatchewan",31.43.11,v44406700
2007,0.00,"Regina, Saskatchewan",31.43.11,v44406700
2008,0.00,"Regina, Saskatchewan",31.43.11,v44406700
2009,0.00,"Regina, Saskatchewan",31.43.11,v44406700
2010,0.00,"Regina, Saskatchewan",31.43.11,v44406700
2011,0.00,"Regina, Saskatchewan",31.43.11,v44406700
2012,0.00,"Regina, Saskatchewan",31.43.11,v44406700
2013,0.00,"Regina, Saskatchewan",31.43.11,v44406700
2014,0.00,"Regina, Saskatchewan",31.43.11,v44406700
2015,0.00,"Regina, Saskatchewan",31.43.11,v44406700
1998,0.00,"Saskatoon, Saskatchewan",32.43.11,v44363371
1999,0.00,"Saskatoon, Saskatchewan",32.43.11,v44363371
2000,0.00,"Saskatoon, Saskatchewan",32.43.11,v44363371
2001,0.00,"Saskatoon, Saskatchewan",32.43.11,v44363371
2002,0.00,"Saskatoon, Saskatchewan",32.43.11,v44363371
2003,0.00,"Saskatoon, Saskatchewan",32.43.11,v44363371
2004,0.00,"Saskatoon, Saskatchewan",32.43.11,v44363371
2005,0.00,"Saskatoon, Saskatchewan",32.43.11,v44363371
2006,0.00,"Saskatoon, Saskatchewan",32.43.11,v44363371
2007,0.00,"Saskatoon, Saskatchewan",32.43.11,v44363371
2008,0.00,"Saskatoon, Saskatchewan",32.43.11,v44363371
2009,0.00,"Saskatoon, Saskatchewan",32.43.11,v44363371
2010,0.00,"Saskatoon, Saskatchewan",32.43.11,v44363371
2011,0.00,"Saskatoon, Saskatchewan",32.43.11,v44363371
2012,0.00,"Saskatoon, Saskatchewan",32.43.11,v44363371
2013,0.00,"Saskatoon, Saskatchewan",32.43.11,v44363371
2014,0.00,"Saskatoon, Saskatchewan",32.43.11,v44363371
2015,0.00,"Saskatoon, Saskatchewan",32.43.11,v44363371
1998,0.00,"Alberta",33.43.11,v44346297
1999,0.00,"Alberta",33.43.11,v44346297
2000,0.00,"Alberta",33.43.11,v44346297
2001,0.00,"Alberta",33.43.11,v44346297
2002,0.00,"Alberta",33.43.11,v44346297
2003,0.00,"Alberta",33.43.11,v44346297
2004,0.00,"Alberta",33.43.11,v44346297
2005,0.00,"Alberta",33.43.11,v44346297
2006,0.00,"Alberta",33.43.11,v44346297
2007,0.00,"Alberta",33.43.11,v44346297
2008,0.00,"Alberta",33.43.11,v44346297
2009,0.00,"Alberta",33.43.11,v44346297
2010,0.00,"Alberta",33.43.11,v44346297
2011,0.00,"Alberta",33.43.11,v44346297
2012,0.00,"Alberta",33.43.11,v44346297
2013,0.00,"Alberta",33.43.11,v44346297
2014,0.00,"Alberta",33.43.11,v44346297
2015,0.00,"Alberta",33.43.11,v44346297
1998,0.00,"Calgary, Alberta",34.43.11,v44334172
1999,0.00,"Calgary, Alberta",34.43.11,v44334172
2000,0.00,"Calgary, Alberta",34.43.11,v44334172
2001,0.00,"Calgary, Alberta",34.43.11,v44334172
2002,0.00,"Calgary, Alberta",34.43.11,v44334172
2003,0.00,"Calgary, Alberta",34.43.11,v44334172
2004,0.00,"Calgary, Alberta",34.43.11,v44334172
2005,0.00,"Calgary, Alberta",34.43.11,v44334172
2006,0.00,"Calgary, Alberta",34.43.11,v44334172
2007,0.00,"Calgary, Alberta",34.43.11,v44334172
2008,0.00,"Calgary, Alberta",34.43.11,v44334172
2009,0.00,"Calgary, Alberta",34.43.11,v44334172
2010,0.00,"Calgary, Alberta",34.43.11,v44334172
2011,0.00,"Calgary, Alberta",34.43.11,v44334172
2012,0.00,"Calgary, Alberta",34.43.11,v44334172
2013,0.00,"Calgary, Alberta",34.43.11,v44334172
2014,0.00,"Calgary, Alberta",34.43.11,v44334172
2015,0.00,"Calgary, Alberta",34.43.11,v44334172
1998,..,"Edmonton, Alberta",35.43.11,v44399325
1999,0.00,"Edmonton, Alberta",35.43.11,v44399325
2000,0.00,"Edmonton, Alberta",35.43.11,v44399325
2001,0.00,"Edmonton, Alberta",35.43.11,v44399325
2002,0.00,"Edmonton, Alberta",35.43.11,v44399325
2003,0.00,"Edmonton, Alberta",35.43.11,v44399325
2004,0.00,"Edmonton, Alberta",35.43.11,v44399325
2005,0.00,"Edmonton, Alberta",35.43.11,v44399325
2006,0.00,"Edmonton, Alberta",35.43.11,v44399325
2007,0.00,"Edmonton, Alberta",35.43.11,v44399325
2008,0.00,"Edmonton, Alberta",35.43.11,v44399325
2009,0.00,"Edmonton, Alberta",35.43.11,v44399325
2010,0.00,"Edmonton, Alberta",35.43.11,v44399325
2011,0.00,"Edmonton, Alberta",35.43.11,v44399325
2012,0.00,"Edmonton, Alberta",35.43.11,v44399325
2013,0.00,"Edmonton, Alberta",35.43.11,v44399325
2014,0.00,"Edmonton, Alberta",35.43.11,v44399325
2015,0.00,"Edmonton, Alberta",35.43.11,v44399325
1998,0.00,"British Columbia",36.43.11,v44340076
1999,0.00,"British Columbia",36.43.11,v44340076
2000,0.00,"British Columbia",36.43.11,v44340076
2001,0.00,"British Columbia",36.43.11,v44340076
2002,0.00,"British Columbia",36.43.11,v44340076
2003,0.00,"British Columbia",36.43.11,v44340076
2004,0.00,"British Columbia",36.43.11,v44340076
2005,0.00,"British Columbia",36.43.11,v44340076
2006,0.00,"British Columbia",36.43.11,v44340076
2007,0.00,"British Columbia",36.43.11,v44340076
2008,0.00,"British Columbia",36.43.11,v44340076
2009,0.00,"British Columbia",36.43.11,v44340076
2010,0.00,"British Columbia",36.43.11,v44340076
2011,0.00,"British Columbia",36.43.11,v44340076
2012,0.00,"British Columbia",36.43.11,v44340076
2013,0.00,"British Columbia",36.43.11,v44340076
2014,0.00,"British Columbia",36.43.11,v44340076
2015,0.00,"British Columbia",36.43.11,v44340076
2006,0.00,"Kelowna, British Columbia",48.43.11,v62141379
2007,0.00,"Kelowna, British Columbia",48.43.11,v62141379
2008,0.00,"Kelowna, British Columbia",48.43.11,v62141379
2009,0.00,"Kelowna, British Columbia",48.43.11,v62141379
2010,0.00,"Kelowna, British Columbia",48.43.11,v62141379
2011,0.00,"Kelowna, British Columbia",48.43.11,v62141379
2012,0.00,"Kelowna, British Columbia",48.43.11,v62141379
2013,0.00,"Kelowna, British Columbia",48.43.11,v62141379
2014,0.00,"Kelowna, British Columbia",48.43.11,v62141379
2015,0.00,"Kelowna, British Columbia",48.43.11,v62141379
2000,..,"Abbotsford-Mission, British Columbia",39.43.11,v44361713
2001,0.00,"Abbotsford-Mission, British Columbia",39.43.11,v44361713
2002,0.00,"Abbotsford-Mission, British Columbia",39.43.11,v44361713
2003,0.00,"Abbotsford-Mission, British Columbia",39.43.11,v44361713
2004,0.00,"Abbotsford-Mission, British Columbia",39.43.11,v44361713
2005,0.00,"Abbotsford-Mission, British Columbia",39.43.11,v44361713
2006,0.00,"Abbotsford-Mission, British Columbia",39.43.11,v44361713
2007,0.00,"Abbotsford-Mission, British Columbia",39.43.11,v44361713
2008,0.00,"Abbotsford-Mission, British Columbia",39.43.11,v44361713
2009,0.00,"Abbotsford-Mission, British Columbia",39.43.11,v44361713
2010,0.00,"Abbotsford-Mission, British Columbia",39.43.11,v44361713
2011,0.00,"Abbotsford-Mission, British Columbia",39.43.11,v44361713
2012,0.00,"Abbotsford-Mission, British Columbia",39.43.11,v44361713
2013,0.00,"Abbotsford-Mission, British Columbia",39.43.11,v44361713
2014,0.00,"Abbotsford-Mission, British Columbia",39.43.11,v44361713
2015,0.00,"Abbotsford-Mission, British Columbia",39.43.11,v44361713
1998,0.00,"Vancouver, British Columbia",37.43.11,v44389881
1999,0.00,"Vancouver, British Columbia",37.43.11,v44389881
2000,0.00,"Vancouver, British Columbia",37.43.11,v44389881
2001,0.00,"Vancouver, British Columbia",37.43.11,v44389881
2002,0.00,"Vancouver, British Columbia",37.43.11,v44389881
2003,0.00,"Vancouver, British Columbia",37.43.11,v44389881
2004,0.00,"Vancouver, British Columbia",37.43.11,v44389881
2005,0.00,"Vancouver, British Columbia",37.43.11,v44389881
2006,0.00,"Vancouver, British Columbia",37.43.11,v44389881
2007,0.00,"Vancouver, British Columbia",37.43.11,v44389881
2008,0.00,"Vancouver, British Columbia",37.43.11,v44389881
2009,0.00,"Vancouver, British Columbia",37.43.11,v44389881
2010,0.00,"Vancouver, British Columbia",37.43.11,v44389881
2011,0.00,"Vancouver, British Columbia",37.43.11,v44389881
2012,0.00,"Vancouver, British Columbia",37.43.11,v44389881
2013,0.00,"Vancouver, British Columbia",37.43.11,v44389881
2014,0.00,"Vancouver, British Columbia",37.43.11,v44389881
2015,0.00,"Vancouver, British Columbia",37.43.11,v44389881
1998,0.00,"Victoria, British Columbia",38.43.11,v44359831
1999,0.00,"Victoria, British Columbia",38.43.11,v44359831
2000,..,"Victoria, British Columbia",38.43.11,v44359831
2001,0.00,"Victoria, British Columbia",38.43.11,v44359831
2002,0.00,"Victoria, British Columbia",38.43.11,v44359831
2003,0.00,"Victoria, British Columbia",38.43.11,v44359831
2004,..,"Victoria, British Columbia",38.43.11,v44359831
2005,..,"Victoria, British Columbia",38.43.11,v44359831
2006,0.00,"Victoria, British Columbia",38.43.11,v44359831
2007,0.00,"Victoria, British Columbia",38.43.11,v44359831
2008,0.00,"Victoria, British Columbia",38.43.11,v44359831
2009,0.00,"Victoria, British Columbia",38.43.11,v44359831
2010,0.00,"Victoria, British Columbia",38.43.11,v44359831
2011,0.00,"Victoria, British Columbia",38.43.11,v44359831
2012,0.00,"Victoria, British Columbia",38.43.11,v44359831
2013,0.00,"Victoria, British Columbia",38.43.11,v44359831
2014,0.00,"Victoria, British Columbia",38.43.11,v44359831
2015,0.00,"Victoria, British Columbia",38.43.11,v44359831
1998,..,"Yukon",40.43.11,v44357648
1999,0.00,"Yukon",40.43.11,v44357648
2000,0.00,"Yukon",40.43.11,v44357648
2001,0.00,"Yukon",40.43.11,v44357648
2002,0.00,"Yukon",40.43.11,v44357648
2003,0.00,"Yukon",40.43.11,v44357648
2004,0.00,"Yukon",40.43.11,v44357648
2005,..,"Yukon",40.43.11,v44357648
2006,0.00,"Yukon",40.43.11,v44357648
2007,0.00,"Yukon",40.43.11,v44357648
2008,0.00,"Yukon",40.43.11,v44357648
2009,0.00,"Yukon",40.43.11,v44357648
2010,0.00,"Yukon",40.43.11,v44357648
2011,0.00,"Yukon",40.43.11,v44357648
2012,0.00,"Yukon",40.43.11,v44357648
2013,0.00,"Yukon",40.43.11,v44357648
2014,0.00,"Yukon",40.43.11,v44357648
2015,0.00,"Yukon",40.43.11,v44357648
1998,0.00,"Northwest Territories",41.43.11,v44417524
1999,0.00,"Northwest Territories",41.43.11,v44417524
2000,0.00,"Northwest Territories",41.43.11,v44417524
2001,0.00,"Northwest Territories",41.43.11,v44417524
2002,0.00,"Northwest Territories",41.43.11,v44417524
2003,0.00,"Northwest Territories",41.43.11,v44417524
2004,0.00,"Northwest Territories",41.43.11,v44417524
2005,..,"Northwest Territories",41.43.11,v44417524
2006,0.00,"Northwest Territories",41.43.11,v44417524
2007,0.00,"Northwest Territories",41.43.11,v44417524
2008,0.00,"Northwest Territories",41.43.11,v44417524
2009,0.00,"Northwest Territories",41.43.11,v44417524
2010,0.00,"Northwest Territories",41.43.11,v44417524
2011,0.00,"Northwest Territories",41.43.11,v44417524
2012,0.00,"Northwest Territories",41.43.11,v44417524
2013,0.00,"Northwest Territories",41.43.11,v44417524
2014,0.00,"Northwest Territories",41.43.11,v44417524
2015,0.00,"Northwest Territories",41.43.11,v44417524
2006,0.00,"Nunavut",42.43.11,v62122479
2007,0.00,"Nunavut",42.43.11,v62122479
2008,0.00,"Nunavut",42.43.11,v62122479
2009,0.00,"Nunavut",42.43.11,v62122479
2010,0.00,"Nunavut",42.43.11,v62122479
2011,0.00,"Nunavut",42.43.11,v62122479
2012,0.00,"Nunavut",42.43.11,v62122479
2013,0.00,"Nunavut",42.43.11,v62122479
2014,0.00,"Nunavut",42.43.11,v62122479
2015,0.00,"Nunavut",42.43.11,v62122479
