1998,266.00,"Canada",1.90.5,v44336315
1999,135.00,"Canada",1.90.5,v44336315
2000,45.00,"Canada",1.90.5,v44336315
2001,2.00,"Canada",1.90.5,v44336315
2002,0.00,"Canada",1.90.5,v44336315
2003,0.00,"Canada",1.90.5,v44336315
2004,1.00,"Canada",1.90.5,v44336315
2005,0.00,"Canada",1.90.5,v44336315
2006,0.00,"Canada",1.90.5,v44336315
2007,0.00,"Canada",1.90.5,v44336315
2008,..,"Canada",1.90.5,v44336315
2009,..,"Canada",1.90.5,v44336315
2010,..,"Canada",1.90.5,v44336315
2011,..,"Canada",1.90.5,v44336315
2012,..,"Canada",1.90.5,v44336315
2013,0.00,"Canada",1.90.5,v44336315
2014,0.00,"Canada",1.90.5,v44336315
2015,0.00,"Canada",1.90.5,v44336315
1998,3.00,"Newfoundland and Labrador",2.90.5,v44331777
1999,3.00,"Newfoundland and Labrador",2.90.5,v44331777
2000,0.00,"Newfoundland and Labrador",2.90.5,v44331777
2001,0.00,"Newfoundland and Labrador",2.90.5,v44331777
2002,..,"Newfoundland and Labrador",2.90.5,v44331777
2003,0.00,"Newfoundland and Labrador",2.90.5,v44331777
2004,0.00,"Newfoundland and Labrador",2.90.5,v44331777
2005,0.00,"Newfoundland and Labrador",2.90.5,v44331777
2006,0.00,"Newfoundland and Labrador",2.90.5,v44331777
2007,0.00,"Newfoundland and Labrador",2.90.5,v44331777
2008,..,"Newfoundland and Labrador",2.90.5,v44331777
2009,..,"Newfoundland and Labrador",2.90.5,v44331777
2010,..,"Newfoundland and Labrador",2.90.5,v44331777
2011,..,"Newfoundland and Labrador",2.90.5,v44331777
2012,..,"Newfoundland and Labrador",2.90.5,v44331777
2013,0.00,"Newfoundland and Labrador",2.90.5,v44331777
2014,0.00,"Newfoundland and Labrador",2.90.5,v44331777
2015,0.00,"Newfoundland and Labrador",2.90.5,v44331777
1998,1.00,"St. John's, Newfoundland and Labrador",3.90.5,v44329582
1999,..,"St. John's, Newfoundland and Labrador",3.90.5,v44329582
2000,..,"St. John's, Newfoundland and Labrador",3.90.5,v44329582
2001,..,"St. John's, Newfoundland and Labrador",3.90.5,v44329582
2002,..,"St. John's, Newfoundland and Labrador",3.90.5,v44329582
2003,..,"St. John's, Newfoundland and Labrador",3.90.5,v44329582
2004,..,"St. John's, Newfoundland and Labrador",3.90.5,v44329582
2005,..,"St. John's, Newfoundland and Labrador",3.90.5,v44329582
2006,0.00,"St. John's, Newfoundland and Labrador",3.90.5,v44329582
2007,0.00,"St. John's, Newfoundland and Labrador",3.90.5,v44329582
2008,..,"St. John's, Newfoundland and Labrador",3.90.5,v44329582
2009,..,"St. John's, Newfoundland and Labrador",3.90.5,v44329582
2010,..,"St. John's, Newfoundland and Labrador",3.90.5,v44329582
2011,..,"St. John's, Newfoundland and Labrador",3.90.5,v44329582
2012,..,"St. John's, Newfoundland and Labrador",3.90.5,v44329582
2013,0.00,"St. John's, Newfoundland and Labrador",3.90.5,v44329582
2014,0.00,"St. John's, Newfoundland and Labrador",3.90.5,v44329582
2015,0.00,"St. John's, Newfoundland and Labrador",3.90.5,v44329582
1998,0.00,"Prince Edward Island",4.90.5,v44338729
1999,1.00,"Prince Edward Island",4.90.5,v44338729
2000,0.00,"Prince Edward Island",4.90.5,v44338729
2001,0.00,"Prince Edward Island",4.90.5,v44338729
2002,0.00,"Prince Edward Island",4.90.5,v44338729
2003,0.00,"Prince Edward Island",4.90.5,v44338729
2004,0.00,"Prince Edward Island",4.90.5,v44338729
2005,0.00,"Prince Edward Island",4.90.5,v44338729
2006,0.00,"Prince Edward Island",4.90.5,v44338729
2007,0.00,"Prince Edward Island",4.90.5,v44338729
2008,..,"Prince Edward Island",4.90.5,v44338729
2009,..,"Prince Edward Island",4.90.5,v44338729
2010,..,"Prince Edward Island",4.90.5,v44338729
2011,..,"Prince Edward Island",4.90.5,v44338729
2012,..,"Prince Edward Island",4.90.5,v44338729
2013,0.00,"Prince Edward Island",4.90.5,v44338729
2014,0.00,"Prince Edward Island",4.90.5,v44338729
2015,0.00,"Prince Edward Island",4.90.5,v44338729
1998,14.00,"Nova Scotia",5.90.5,v44411558
1999,10.00,"Nova Scotia",5.90.5,v44411558
2000,1.00,"Nova Scotia",5.90.5,v44411558
2001,1.00,"Nova Scotia",5.90.5,v44411558
2002,0.00,"Nova Scotia",5.90.5,v44411558
2003,0.00,"Nova Scotia",5.90.5,v44411558
2004,0.00,"Nova Scotia",5.90.5,v44411558
2005,0.00,"Nova Scotia",5.90.5,v44411558
2006,0.00,"Nova Scotia",5.90.5,v44411558
2007,0.00,"Nova Scotia",5.90.5,v44411558
2008,..,"Nova Scotia",5.90.5,v44411558
2009,..,"Nova Scotia",5.90.5,v44411558
2010,..,"Nova Scotia",5.90.5,v44411558
2011,..,"Nova Scotia",5.90.5,v44411558
2012,..,"Nova Scotia",5.90.5,v44411558
2013,0.00,"Nova Scotia",5.90.5,v44411558
2014,0.00,"Nova Scotia",5.90.5,v44411558
2015,0.00,"Nova Scotia",5.90.5,v44411558
1998,4.00,"Halifax, Nova Scotia",6.90.5,v44361128
1999,2.00,"Halifax, Nova Scotia",6.90.5,v44361128
2000,0.00,"Halifax, Nova Scotia",6.90.5,v44361128
2001,1.00,"Halifax, Nova Scotia",6.90.5,v44361128
2002,..,"Halifax, Nova Scotia",6.90.5,v44361128
2003,0.00,"Halifax, Nova Scotia",6.90.5,v44361128
2004,0.00,"Halifax, Nova Scotia",6.90.5,v44361128
2005,0.00,"Halifax, Nova Scotia",6.90.5,v44361128
2006,0.00,"Halifax, Nova Scotia",6.90.5,v44361128
2007,0.00,"Halifax, Nova Scotia",6.90.5,v44361128
2008,..,"Halifax, Nova Scotia",6.90.5,v44361128
2009,..,"Halifax, Nova Scotia",6.90.5,v44361128
2010,..,"Halifax, Nova Scotia",6.90.5,v44361128
2011,..,"Halifax, Nova Scotia",6.90.5,v44361128
2012,..,"Halifax, Nova Scotia",6.90.5,v44361128
2013,0.00,"Halifax, Nova Scotia",6.90.5,v44361128
2014,0.00,"Halifax, Nova Scotia",6.90.5,v44361128
2015,0.00,"Halifax, Nova Scotia",6.90.5,v44361128
1998,4.00,"New Brunswick",7.90.5,v44398489
1999,5.00,"New Brunswick",7.90.5,v44398489
2000,0.00,"New Brunswick",7.90.5,v44398489
2001,0.00,"New Brunswick",7.90.5,v44398489
2002,..,"New Brunswick",7.90.5,v44398489
2003,0.00,"New Brunswick",7.90.5,v44398489
2004,0.00,"New Brunswick",7.90.5,v44398489
2005,0.00,"New Brunswick",7.90.5,v44398489
2006,0.00,"New Brunswick",7.90.5,v44398489
2007,0.00,"New Brunswick",7.90.5,v44398489
2008,..,"New Brunswick",7.90.5,v44398489
2009,..,"New Brunswick",7.90.5,v44398489
2010,..,"New Brunswick",7.90.5,v44398489
2011,..,"New Brunswick",7.90.5,v44398489
2012,..,"New Brunswick",7.90.5,v44398489
2013,0.00,"New Brunswick",7.90.5,v44398489
2014,0.00,"New Brunswick",7.90.5,v44398489
2015,0.00,"New Brunswick",7.90.5,v44398489
2006,0.00,"Moncton, New Brunswick",43.90.5,v62126253
2007,0.00,"Moncton, New Brunswick",43.90.5,v62126253
2008,..,"Moncton, New Brunswick",43.90.5,v62126253
2009,..,"Moncton, New Brunswick",43.90.5,v62126253
2010,..,"Moncton, New Brunswick",43.90.5,v62126253
2011,..,"Moncton, New Brunswick",43.90.5,v62126253
2012,..,"Moncton, New Brunswick",43.90.5,v62126253
2013,0.00,"Moncton, New Brunswick",43.90.5,v62126253
2014,0.00,"Moncton, New Brunswick",43.90.5,v62126253
2015,0.00,"Moncton, New Brunswick",43.90.5,v62126253
1998,0.00,"Saint John, New Brunswick",8.90.5,v44403034
1999,1.00,"Saint John, New Brunswick",8.90.5,v44403034
2000,0.00,"Saint John, New Brunswick",8.90.5,v44403034
2001,0.00,"Saint John, New Brunswick",8.90.5,v44403034
2002,..,"Saint John, New Brunswick",8.90.5,v44403034
2003,0.00,"Saint John, New Brunswick",8.90.5,v44403034
2004,0.00,"Saint John, New Brunswick",8.90.5,v44403034
2005,0.00,"Saint John, New Brunswick",8.90.5,v44403034
2006,0.00,"Saint John, New Brunswick",8.90.5,v44403034
2007,0.00,"Saint John, New Brunswick",8.90.5,v44403034
2008,..,"Saint John, New Brunswick",8.90.5,v44403034
2009,..,"Saint John, New Brunswick",8.90.5,v44403034
2010,..,"Saint John, New Brunswick",8.90.5,v44403034
2011,..,"Saint John, New Brunswick",8.90.5,v44403034
2012,..,"Saint John, New Brunswick",8.90.5,v44403034
2013,0.00,"Saint John, New Brunswick",8.90.5,v44403034
2014,0.00,"Saint John, New Brunswick",8.90.5,v44403034
2015,0.00,"Saint John, New Brunswick",8.90.5,v44403034
1998,10.00,"Quebec",9.90.5,v44348358
1999,11.00,"Quebec",9.90.5,v44348358
2000,9.00,"Quebec",9.90.5,v44348358
2001,0.00,"Quebec",9.90.5,v44348358
2002,0.00,"Quebec",9.90.5,v44348358
2003,0.00,"Quebec",9.90.5,v44348358
2004,0.00,"Quebec",9.90.5,v44348358
2005,0.00,"Quebec",9.90.5,v44348358
2006,0.00,"Quebec",9.90.5,v44348358
2007,0.00,"Quebec",9.90.5,v44348358
2008,..,"Quebec",9.90.5,v44348358
2009,..,"Quebec",9.90.5,v44348358
2010,..,"Quebec",9.90.5,v44348358
2011,..,"Quebec",9.90.5,v44348358
2012,..,"Quebec",9.90.5,v44348358
2013,0.00,"Quebec",9.90.5,v44348358
2014,0.00,"Quebec",9.90.5,v44348358
2015,0.00,"Quebec",9.90.5,v44348358
1998,0.00,"Saguenay, Quebec",10.90.5,v44327272
1999,0.00,"Saguenay, Quebec",10.90.5,v44327272
2000,0.00,"Saguenay, Quebec",10.90.5,v44327272
2001,0.00,"Saguenay, Quebec",10.90.5,v44327272
2002,..,"Saguenay, Quebec",10.90.5,v44327272
2003,..,"Saguenay, Quebec",10.90.5,v44327272
2004,..,"Saguenay, Quebec",10.90.5,v44327272
2005,0.00,"Saguenay, Quebec",10.90.5,v44327272
2006,0.00,"Saguenay, Quebec",10.90.5,v44327272
2007,0.00,"Saguenay, Quebec",10.90.5,v44327272
2008,..,"Saguenay, Quebec",10.90.5,v44327272
2009,..,"Saguenay, Quebec",10.90.5,v44327272
2010,..,"Saguenay, Quebec",10.90.5,v44327272
2011,..,"Saguenay, Quebec",10.90.5,v44327272
2012,..,"Saguenay, Quebec",10.90.5,v44327272
2013,0.00,"Saguenay, Quebec",10.90.5,v44327272
2014,0.00,"Saguenay, Quebec",10.90.5,v44327272
2015,0.00,"Saguenay, Quebec",10.90.5,v44327272
1998,0.00,"Sherbrooke, Quebec",12.90.5,v44385067
1999,0.00,"Sherbrooke, Quebec",12.90.5,v44385067
2000,..,"Sherbrooke, Quebec",12.90.5,v44385067
2001,..,"Sherbrooke, Quebec",12.90.5,v44385067
2002,..,"Sherbrooke, Quebec",12.90.5,v44385067
2003,0.00,"Sherbrooke, Quebec",12.90.5,v44385067
2004,..,"Sherbrooke, Quebec",12.90.5,v44385067
2005,0.00,"Sherbrooke, Quebec",12.90.5,v44385067
2006,0.00,"Sherbrooke, Quebec",12.90.5,v44385067
2007,0.00,"Sherbrooke, Quebec",12.90.5,v44385067
2008,..,"Sherbrooke, Quebec",12.90.5,v44385067
2009,..,"Sherbrooke, Quebec",12.90.5,v44385067
2010,..,"Sherbrooke, Quebec",12.90.5,v44385067
2011,..,"Sherbrooke, Quebec",12.90.5,v44385067
2012,..,"Sherbrooke, Quebec",12.90.5,v44385067
2013,0.00,"Sherbrooke, Quebec",12.90.5,v44385067
2014,0.00,"Sherbrooke, Quebec",12.90.5,v44385067
2015,0.00,"Sherbrooke, Quebec",12.90.5,v44385067
1998,1.00,"Ottawa-Gatineau, Quebec part",15.90.5,v44412227
1999,0.00,"Ottawa-Gatineau, Quebec part",15.90.5,v44412227
2000,0.00,"Ottawa-Gatineau, Quebec part",15.90.5,v44412227
2001,0.00,"Ottawa-Gatineau, Quebec part",15.90.5,v44412227
2002,..,"Ottawa-Gatineau, Quebec part",15.90.5,v44412227
2003,0.00,"Ottawa-Gatineau, Quebec part",15.90.5,v44412227
2004,0.00,"Ottawa-Gatineau, Quebec part",15.90.5,v44412227
2005,0.00,"Ottawa-Gatineau, Quebec part",15.90.5,v44412227
2006,0.00,"Ottawa-Gatineau, Quebec part",15.90.5,v44412227
2007,0.00,"Ottawa-Gatineau, Quebec part",15.90.5,v44412227
2008,..,"Ottawa-Gatineau, Quebec part",15.90.5,v44412227
2009,..,"Ottawa-Gatineau, Quebec part",15.90.5,v44412227
2010,..,"Ottawa-Gatineau, Quebec part",15.90.5,v44412227
2011,..,"Ottawa-Gatineau, Quebec part",15.90.5,v44412227
2012,..,"Ottawa-Gatineau, Quebec part",15.90.5,v44412227
2013,0.00,"Ottawa-Gatineau, Quebec part",15.90.5,v44412227
2014,0.00,"Ottawa-Gatineau, Quebec part",15.90.5,v44412227
2015,0.00,"Ottawa-Gatineau, Quebec part",15.90.5,v44412227
1998,116.00,"Ontario",16.90.5,v44401136
1999,57.00,"Ontario",16.90.5,v44401136
2000,30.00,"Ontario",16.90.5,v44401136
2001,1.00,"Ontario",16.90.5,v44401136
2002,0.00,"Ontario",16.90.5,v44401136
2003,0.00,"Ontario",16.90.5,v44401136
2004,1.00,"Ontario",16.90.5,v44401136
2005,0.00,"Ontario",16.90.5,v44401136
2006,0.00,"Ontario",16.90.5,v44401136
2007,0.00,"Ontario",16.90.5,v44401136
2008,..,"Ontario",16.90.5,v44401136
2009,..,"Ontario",16.90.5,v44401136
2010,..,"Ontario",16.90.5,v44401136
2011,..,"Ontario",16.90.5,v44401136
2012,..,"Ontario",16.90.5,v44401136
2013,0.00,"Ontario",16.90.5,v44401136
2014,0.00,"Ontario",16.90.5,v44401136
2015,0.00,"Ontario",16.90.5,v44401136
1998,4.00,"Ottawa-Gatineau, Ontario/Quebec",17.90.5,v52148473
1999,0.00,"Ottawa-Gatineau, Ontario/Quebec",17.90.5,v52148473
2000,0.00,"Ottawa-Gatineau, Ontario/Quebec",17.90.5,v52148473
2001,0.00,"Ottawa-Gatineau, Ontario/Quebec",17.90.5,v52148473
2002,..,"Ottawa-Gatineau, Ontario/Quebec",17.90.5,v52148473
2003,0.00,"Ottawa-Gatineau, Ontario/Quebec",17.90.5,v52148473
2004,0.00,"Ottawa-Gatineau, Ontario/Quebec",17.90.5,v52148473
2005,0.00,"Ottawa-Gatineau, Ontario/Quebec",17.90.5,v52148473
2006,0.00,"Ottawa-Gatineau, Ontario/Quebec",17.90.5,v52148473
2007,0.00,"Ottawa-Gatineau, Ontario/Quebec",17.90.5,v52148473
2008,..,"Ottawa-Gatineau, Ontario/Quebec",17.90.5,v52148473
2009,..,"Ottawa-Gatineau, Ontario/Quebec",17.90.5,v52148473
2010,..,"Ottawa-Gatineau, Ontario/Quebec",17.90.5,v52148473
2011,..,"Ottawa-Gatineau, Ontario/Quebec",17.90.5,v52148473
2012,..,"Ottawa-Gatineau, Ontario/Quebec",17.90.5,v52148473
2013,0.00,"Ottawa-Gatineau, Ontario/Quebec",17.90.5,v52148473
2014,0.00,"Ottawa-Gatineau, Ontario/Quebec",17.90.5,v52148473
2015,0.00,"Ottawa-Gatineau, Ontario/Quebec",17.90.5,v52148473
1998,3.00,"Ottawa-Gatineau, Ontario part",18.90.5,v44375167
1999,0.00,"Ottawa-Gatineau, Ontario part",18.90.5,v44375167
2000,0.00,"Ottawa-Gatineau, Ontario part",18.90.5,v44375167
2001,0.00,"Ottawa-Gatineau, Ontario part",18.90.5,v44375167
2002,..,"Ottawa-Gatineau, Ontario part",18.90.5,v44375167
2003,..,"Ottawa-Gatineau, Ontario part",18.90.5,v44375167
2004,0.00,"Ottawa-Gatineau, Ontario part",18.90.5,v44375167
2005,0.00,"Ottawa-Gatineau, Ontario part",18.90.5,v44375167
2006,0.00,"Ottawa-Gatineau, Ontario part",18.90.5,v44375167
2007,0.00,"Ottawa-Gatineau, Ontario part",18.90.5,v44375167
2008,..,"Ottawa-Gatineau, Ontario part",18.90.5,v44375167
2009,..,"Ottawa-Gatineau, Ontario part",18.90.5,v44375167
2010,..,"Ottawa-Gatineau, Ontario part",18.90.5,v44375167
2011,..,"Ottawa-Gatineau, Ontario part",18.90.5,v44375167
2012,..,"Ottawa-Gatineau, Ontario part",18.90.5,v44375167
2013,0.00,"Ottawa-Gatineau, Ontario part",18.90.5,v44375167
2014,0.00,"Ottawa-Gatineau, Ontario part",18.90.5,v44375167
2015,0.00,"Ottawa-Gatineau, Ontario part",18.90.5,v44375167
2000,..,"Kingston, Ontario",27.90.5,v44405792
2001,0.00,"Kingston, Ontario",27.90.5,v44405792
2002,..,"Kingston, Ontario",27.90.5,v44405792
2003,0.00,"Kingston, Ontario",27.90.5,v44405792
2004,0.00,"Kingston, Ontario",27.90.5,v44405792
2005,0.00,"Kingston, Ontario",27.90.5,v44405792
2006,0.00,"Kingston, Ontario",27.90.5,v44405792
2007,0.00,"Kingston, Ontario",27.90.5,v44405792
2008,..,"Kingston, Ontario",27.90.5,v44405792
2009,..,"Kingston, Ontario",27.90.5,v44405792
2010,..,"Kingston, Ontario",27.90.5,v44405792
2011,..,"Kingston, Ontario",27.90.5,v44405792
2012,..,"Kingston, Ontario",27.90.5,v44405792
2013,0.00,"Kingston, Ontario",27.90.5,v44405792
2014,0.00,"Kingston, Ontario",27.90.5,v44405792
2015,0.00,"Kingston, Ontario",27.90.5,v44405792
2005,..,"Peterborough, Ontario",44.90.5,v52122636
2006,0.00,"Peterborough, Ontario",44.90.5,v52122636
2007,0.00,"Peterborough, Ontario",44.90.5,v52122636
2008,..,"Peterborough, Ontario",44.90.5,v52122636
2009,..,"Peterborough, Ontario",44.90.5,v52122636
2010,..,"Peterborough, Ontario",44.90.5,v52122636
2011,..,"Peterborough, Ontario",44.90.5,v52122636
2012,..,"Peterborough, Ontario",44.90.5,v52122636
2013,0.00,"Peterborough, Ontario",44.90.5,v52122636
2014,0.00,"Peterborough, Ontario",44.90.5,v52122636
2015,0.00,"Peterborough, Ontario",44.90.5,v52122636
1998,18.00,"Toronto, Ontario",19.90.5,v44364529
1999,2.00,"Toronto, Ontario",19.90.5,v44364529
2000,2.00,"Toronto, Ontario",19.90.5,v44364529
2001,0.00,"Toronto, Ontario",19.90.5,v44364529
2002,..,"Toronto, Ontario",19.90.5,v44364529
2003,0.00,"Toronto, Ontario",19.90.5,v44364529
2004,1.00,"Toronto, Ontario",19.90.5,v44364529
2005,0.00,"Toronto, Ontario",19.90.5,v44364529
2006,0.00,"Toronto, Ontario",19.90.5,v44364529
2007,0.00,"Toronto, Ontario",19.90.5,v44364529
2008,..,"Toronto, Ontario",19.90.5,v44364529
2009,..,"Toronto, Ontario",19.90.5,v44364529
2010,..,"Toronto, Ontario",19.90.5,v44364529
2011,..,"Toronto, Ontario",19.90.5,v44364529
2012,..,"Toronto, Ontario",19.90.5,v44364529
2013,0.00,"Toronto, Ontario",19.90.5,v44364529
2014,0.00,"Toronto, Ontario",19.90.5,v44364529
2015,0.00,"Toronto, Ontario",19.90.5,v44364529
1998,2.00,"Hamilton, Ontario",20.90.5,v44364982
1999,2.00,"Hamilton, Ontario",20.90.5,v44364982
2000,1.00,"Hamilton, Ontario",20.90.5,v44364982
2001,0.00,"Hamilton, Ontario",20.90.5,v44364982
2002,..,"Hamilton, Ontario",20.90.5,v44364982
2003,0.00,"Hamilton, Ontario",20.90.5,v44364982
2004,0.00,"Hamilton, Ontario",20.90.5,v44364982
2005,0.00,"Hamilton, Ontario",20.90.5,v44364982
2006,0.00,"Hamilton, Ontario",20.90.5,v44364982
2007,0.00,"Hamilton, Ontario",20.90.5,v44364982
2008,..,"Hamilton, Ontario",20.90.5,v44364982
2009,..,"Hamilton, Ontario",20.90.5,v44364982
2010,..,"Hamilton, Ontario",20.90.5,v44364982
2011,..,"Hamilton, Ontario",20.90.5,v44364982
2012,..,"Hamilton, Ontario",20.90.5,v44364982
2013,0.00,"Hamilton, Ontario",20.90.5,v44364982
2014,0.00,"Hamilton, Ontario",20.90.5,v44364982
2015,0.00,"Hamilton, Ontario",20.90.5,v44364982
1998,2.00,"St.Catharines-Niagara, Ontario",21.90.5,v44362667
1999,0.00,"St.Catharines-Niagara, Ontario",21.90.5,v44362667
2000,1.00,"St.Catharines-Niagara, Ontario",21.90.5,v44362667
2001,0.00,"St.Catharines-Niagara, Ontario",21.90.5,v44362667
2002,..,"St.Catharines-Niagara, Ontario",21.90.5,v44362667
2003,..,"St.Catharines-Niagara, Ontario",21.90.5,v44362667
2004,..,"St.Catharines-Niagara, Ontario",21.90.5,v44362667
2005,0.00,"St.Catharines-Niagara, Ontario",21.90.5,v44362667
2006,0.00,"St.Catharines-Niagara, Ontario",21.90.5,v44362667
2007,0.00,"St.Catharines-Niagara, Ontario",21.90.5,v44362667
2008,..,"St.Catharines-Niagara, Ontario",21.90.5,v44362667
2009,..,"St.Catharines-Niagara, Ontario",21.90.5,v44362667
2010,..,"St.Catharines-Niagara, Ontario",21.90.5,v44362667
2011,..,"St.Catharines-Niagara, Ontario",21.90.5,v44362667
2012,..,"St.Catharines-Niagara, Ontario",21.90.5,v44362667
2013,0.00,"St.Catharines-Niagara, Ontario",21.90.5,v44362667
2014,0.00,"St.Catharines-Niagara, Ontario",21.90.5,v44362667
2015,0.00,"St.Catharines-Niagara, Ontario",21.90.5,v44362667
1998,..,"Kitchener-Cambridge-Waterloo, Ontario",22.90.5,v44391972
1999,0.00,"Kitchener-Cambridge-Waterloo, Ontario",22.90.5,v44391972
2000,..,"Kitchener-Cambridge-Waterloo, Ontario",22.90.5,v44391972
2001,..,"Kitchener-Cambridge-Waterloo, Ontario",22.90.5,v44391972
2002,0.00,"Kitchener-Cambridge-Waterloo, Ontario",22.90.5,v44391972
2003,..,"Kitchener-Cambridge-Waterloo, Ontario",22.90.5,v44391972
2004,..,"Kitchener-Cambridge-Waterloo, Ontario",22.90.5,v44391972
2005,..,"Kitchener-Cambridge-Waterloo, Ontario",22.90.5,v44391972
2006,0.00,"Kitchener-Cambridge-Waterloo, Ontario",22.90.5,v44391972
2007,0.00,"Kitchener-Cambridge-Waterloo, Ontario",22.90.5,v44391972
2008,..,"Kitchener-Cambridge-Waterloo, Ontario",22.90.5,v44391972
2009,..,"Kitchener-Cambridge-Waterloo, Ontario",22.90.5,v44391972
2010,..,"Kitchener-Cambridge-Waterloo, Ontario",22.90.5,v44391972
2011,..,"Kitchener-Cambridge-Waterloo, Ontario",22.90.5,v44391972
2012,..,"Kitchener-Cambridge-Waterloo, Ontario",22.90.5,v44391972
2013,0.00,"Kitchener-Cambridge-Waterloo, Ontario",22.90.5,v44391972
2014,0.00,"Kitchener-Cambridge-Waterloo, Ontario",22.90.5,v44391972
2015,0.00,"Kitchener-Cambridge-Waterloo, Ontario",22.90.5,v44391972
2005,..,"Brantford, Ontario",45.90.5,v52119284
2006,0.00,"Brantford, Ontario",45.90.5,v52119284
2007,0.00,"Brantford, Ontario",45.90.5,v52119284
2008,..,"Brantford, Ontario",45.90.5,v52119284
2009,..,"Brantford, Ontario",45.90.5,v52119284
2010,..,"Brantford, Ontario",45.90.5,v52119284
2011,..,"Brantford, Ontario",45.90.5,v52119284
2012,..,"Brantford, Ontario",45.90.5,v52119284
2013,0.00,"Brantford, Ontario",45.90.5,v52119284
2014,0.00,"Brantford, Ontario",45.90.5,v52119284
2015,0.00,"Brantford, Ontario",45.90.5,v52119284
2005,..,"Guelph, Ontario",46.90.5,v52119717
2006,0.00,"Guelph, Ontario",46.90.5,v52119717
2007,0.00,"Guelph, Ontario",46.90.5,v52119717
2008,..,"Guelph, Ontario",46.90.5,v52119717
2009,..,"Guelph, Ontario",46.90.5,v52119717
2010,..,"Guelph, Ontario",46.90.5,v52119717
2011,..,"Guelph, Ontario",46.90.5,v52119717
2012,..,"Guelph, Ontario",46.90.5,v52119717
2013,0.00,"Guelph, Ontario",46.90.5,v52119717
2014,0.00,"Guelph, Ontario",46.90.5,v52119717
2015,0.00,"Guelph, Ontario",46.90.5,v52119717
1998,4.00,"London, Ontario",23.90.5,v44391821
1999,3.00,"London, Ontario",23.90.5,v44391821
2000,3.00,"London, Ontario",23.90.5,v44391821
2001,0.00,"London, Ontario",23.90.5,v44391821
2002,..,"London, Ontario",23.90.5,v44391821
2003,0.00,"London, Ontario",23.90.5,v44391821
2004,0.00,"London, Ontario",23.90.5,v44391821
2005,0.00,"London, Ontario",23.90.5,v44391821
2006,0.00,"London, Ontario",23.90.5,v44391821
2007,0.00,"London, Ontario",23.90.5,v44391821
2008,..,"London, Ontario",23.90.5,v44391821
2009,..,"London, Ontario",23.90.5,v44391821
2010,..,"London, Ontario",23.90.5,v44391821
2011,..,"London, Ontario",23.90.5,v44391821
2012,..,"London, Ontario",23.90.5,v44391821
2013,0.00,"London, Ontario",23.90.5,v44391821
2014,0.00,"London, Ontario",23.90.5,v44391821
2015,0.00,"London, Ontario",23.90.5,v44391821
1998,2.00,"Windsor, Ontario",24.90.5,v44353149
1999,0.00,"Windsor, Ontario",24.90.5,v44353149
2000,1.00,"Windsor, Ontario",24.90.5,v44353149
2001,0.00,"Windsor, Ontario",24.90.5,v44353149
2002,..,"Windsor, Ontario",24.90.5,v44353149
2003,0.00,"Windsor, Ontario",24.90.5,v44353149
2004,0.00,"Windsor, Ontario",24.90.5,v44353149
2005,0.00,"Windsor, Ontario",24.90.5,v44353149
2006,0.00,"Windsor, Ontario",24.90.5,v44353149
2007,0.00,"Windsor, Ontario",24.90.5,v44353149
2008,..,"Windsor, Ontario",24.90.5,v44353149
2009,..,"Windsor, Ontario",24.90.5,v44353149
2010,..,"Windsor, Ontario",24.90.5,v44353149
2011,..,"Windsor, Ontario",24.90.5,v44353149
2012,..,"Windsor, Ontario",24.90.5,v44353149
2013,0.00,"Windsor, Ontario",24.90.5,v44353149
2014,0.00,"Windsor, Ontario",24.90.5,v44353149
2015,0.00,"Windsor, Ontario",24.90.5,v44353149
2005,..,"Barrie, Ontario",47.90.5,v52145128
2006,0.00,"Barrie, Ontario",47.90.5,v52145128
2007,0.00,"Barrie, Ontario",47.90.5,v52145128
2008,..,"Barrie, Ontario",47.90.5,v52145128
2009,..,"Barrie, Ontario",47.90.5,v52145128
2010,..,"Barrie, Ontario",47.90.5,v52145128
2011,..,"Barrie, Ontario",47.90.5,v52145128
2012,..,"Barrie, Ontario",47.90.5,v52145128
2013,0.00,"Barrie, Ontario",47.90.5,v52145128
2014,0.00,"Barrie, Ontario",47.90.5,v52145128
2015,0.00,"Barrie, Ontario",47.90.5,v52145128
1998,1.00,"Sudbury, Ontario",25.90.5,v44333887
1999,1.00,"Sudbury, Ontario",25.90.5,v44333887
2000,1.00,"Sudbury, Ontario",25.90.5,v44333887
2001,0.00,"Sudbury, Ontario",25.90.5,v44333887
2002,..,"Sudbury, Ontario",25.90.5,v44333887
2003,0.00,"Sudbury, Ontario",25.90.5,v44333887
2004,0.00,"Sudbury, Ontario",25.90.5,v44333887
2005,0.00,"Sudbury, Ontario",25.90.5,v44333887
2006,0.00,"Sudbury, Ontario",25.90.5,v44333887
2007,0.00,"Sudbury, Ontario",25.90.5,v44333887
2008,..,"Sudbury, Ontario",25.90.5,v44333887
2009,..,"Sudbury, Ontario",25.90.5,v44333887
2010,..,"Sudbury, Ontario",25.90.5,v44333887
2011,..,"Sudbury, Ontario",25.90.5,v44333887
2012,..,"Sudbury, Ontario",25.90.5,v44333887
2013,0.00,"Sudbury, Ontario",25.90.5,v44333887
2014,0.00,"Sudbury, Ontario",25.90.5,v44333887
2015,0.00,"Sudbury, Ontario",25.90.5,v44333887
1998,4.00,"Thunder Bay, Ontario",26.90.5,v44326487
1999,3.00,"Thunder Bay, Ontario",26.90.5,v44326487
2000,0.00,"Thunder Bay, Ontario",26.90.5,v44326487
2001,0.00,"Thunder Bay, Ontario",26.90.5,v44326487
2002,..,"Thunder Bay, Ontario",26.90.5,v44326487
2003,0.00,"Thunder Bay, Ontario",26.90.5,v44326487
2004,0.00,"Thunder Bay, Ontario",26.90.5,v44326487
2005,0.00,"Thunder Bay, Ontario",26.90.5,v44326487
2006,0.00,"Thunder Bay, Ontario",26.90.5,v44326487
2007,0.00,"Thunder Bay, Ontario",26.90.5,v44326487
2008,..,"Thunder Bay, Ontario",26.90.5,v44326487
2009,..,"Thunder Bay, Ontario",26.90.5,v44326487
2010,..,"Thunder Bay, Ontario",26.90.5,v44326487
2011,..,"Thunder Bay, Ontario",26.90.5,v44326487
2012,..,"Thunder Bay, Ontario",26.90.5,v44326487
2013,0.00,"Thunder Bay, Ontario",26.90.5,v44326487
2014,0.00,"Thunder Bay, Ontario",26.90.5,v44326487
2015,0.00,"Thunder Bay, Ontario",26.90.5,v44326487
1998,20.00,"Manitoba",28.90.5,v44407220
1999,19.00,"Manitoba",28.90.5,v44407220
2000,2.00,"Manitoba",28.90.5,v44407220
2001,0.00,"Manitoba",28.90.5,v44407220
2002,0.00,"Manitoba",28.90.5,v44407220
2003,0.00,"Manitoba",28.90.5,v44407220
2004,0.00,"Manitoba",28.90.5,v44407220
2005,0.00,"Manitoba",28.90.5,v44407220
2006,0.00,"Manitoba",28.90.5,v44407220
2007,0.00,"Manitoba",28.90.5,v44407220
2008,..,"Manitoba",28.90.5,v44407220
2009,..,"Manitoba",28.90.5,v44407220
2010,..,"Manitoba",28.90.5,v44407220
2011,..,"Manitoba",28.90.5,v44407220
2012,..,"Manitoba",28.90.5,v44407220
2013,0.00,"Manitoba",28.90.5,v44407220
2014,0.00,"Manitoba",28.90.5,v44407220
2015,0.00,"Manitoba",28.90.5,v44407220
1998,7.00,"Winnipeg, Manitoba",29.90.5,v44338912
1999,9.00,"Winnipeg, Manitoba",29.90.5,v44338912
2000,0.00,"Winnipeg, Manitoba",29.90.5,v44338912
2001,0.00,"Winnipeg, Manitoba",29.90.5,v44338912
2002,..,"Winnipeg, Manitoba",29.90.5,v44338912
2003,0.00,"Winnipeg, Manitoba",29.90.5,v44338912
2004,0.00,"Winnipeg, Manitoba",29.90.5,v44338912
2005,0.00,"Winnipeg, Manitoba",29.90.5,v44338912
2006,0.00,"Winnipeg, Manitoba",29.90.5,v44338912
2007,0.00,"Winnipeg, Manitoba",29.90.5,v44338912
2008,..,"Winnipeg, Manitoba",29.90.5,v44338912
2009,..,"Winnipeg, Manitoba",29.90.5,v44338912
2010,..,"Winnipeg, Manitoba",29.90.5,v44338912
2011,..,"Winnipeg, Manitoba",29.90.5,v44338912
2012,..,"Winnipeg, Manitoba",29.90.5,v44338912
2013,0.00,"Winnipeg, Manitoba",29.90.5,v44338912
2014,0.00,"Winnipeg, Manitoba",29.90.5,v44338912
2015,0.00,"Winnipeg, Manitoba",29.90.5,v44338912
1998,13.00,"Saskatchewan",30.90.5,v44339172
1999,7.00,"Saskatchewan",30.90.5,v44339172
2000,1.00,"Saskatchewan",30.90.5,v44339172
2001,0.00,"Saskatchewan",30.90.5,v44339172
2002,0.00,"Saskatchewan",30.90.5,v44339172
2003,0.00,"Saskatchewan",30.90.5,v44339172
2004,0.00,"Saskatchewan",30.90.5,v44339172
2005,0.00,"Saskatchewan",30.90.5,v44339172
2006,0.00,"Saskatchewan",30.90.5,v44339172
2007,0.00,"Saskatchewan",30.90.5,v44339172
2008,..,"Saskatchewan",30.90.5,v44339172
2009,..,"Saskatchewan",30.90.5,v44339172
2010,..,"Saskatchewan",30.90.5,v44339172
2011,..,"Saskatchewan",30.90.5,v44339172
2012,..,"Saskatchewan",30.90.5,v44339172
2013,0.00,"Saskatchewan",30.90.5,v44339172
2014,0.00,"Saskatchewan",30.90.5,v44339172
2015,0.00,"Saskatchewan",30.90.5,v44339172
1998,0.00,"Regina, Saskatchewan",31.90.5,v44404092
1999,0.00,"Regina, Saskatchewan",31.90.5,v44404092
2000,0.00,"Regina, Saskatchewan",31.90.5,v44404092
2001,0.00,"Regina, Saskatchewan",31.90.5,v44404092
2002,..,"Regina, Saskatchewan",31.90.5,v44404092
2003,0.00,"Regina, Saskatchewan",31.90.5,v44404092
2004,0.00,"Regina, Saskatchewan",31.90.5,v44404092
2005,0.00,"Regina, Saskatchewan",31.90.5,v44404092
2006,0.00,"Regina, Saskatchewan",31.90.5,v44404092
2007,0.00,"Regina, Saskatchewan",31.90.5,v44404092
2008,..,"Regina, Saskatchewan",31.90.5,v44404092
2009,..,"Regina, Saskatchewan",31.90.5,v44404092
2010,..,"Regina, Saskatchewan",31.90.5,v44404092
2011,..,"Regina, Saskatchewan",31.90.5,v44404092
2012,..,"Regina, Saskatchewan",31.90.5,v44404092
2013,0.00,"Regina, Saskatchewan",31.90.5,v44404092
2014,0.00,"Regina, Saskatchewan",31.90.5,v44404092
2015,0.00,"Regina, Saskatchewan",31.90.5,v44404092
1998,0.00,"Saskatoon, Saskatchewan",32.90.5,v44336489
1999,1.00,"Saskatoon, Saskatchewan",32.90.5,v44336489
2000,0.00,"Saskatoon, Saskatchewan",32.90.5,v44336489
2001,0.00,"Saskatoon, Saskatchewan",32.90.5,v44336489
2002,..,"Saskatoon, Saskatchewan",32.90.5,v44336489
2003,0.00,"Saskatoon, Saskatchewan",32.90.5,v44336489
2004,0.00,"Saskatoon, Saskatchewan",32.90.5,v44336489
2005,0.00,"Saskatoon, Saskatchewan",32.90.5,v44336489
2006,0.00,"Saskatoon, Saskatchewan",32.90.5,v44336489
2007,0.00,"Saskatoon, Saskatchewan",32.90.5,v44336489
2008,..,"Saskatoon, Saskatchewan",32.90.5,v44336489
2009,..,"Saskatoon, Saskatchewan",32.90.5,v44336489
2010,..,"Saskatoon, Saskatchewan",32.90.5,v44336489
2011,..,"Saskatoon, Saskatchewan",32.90.5,v44336489
2012,..,"Saskatoon, Saskatchewan",32.90.5,v44336489
2013,0.00,"Saskatoon, Saskatchewan",32.90.5,v44336489
2014,0.00,"Saskatoon, Saskatchewan",32.90.5,v44336489
2015,0.00,"Saskatoon, Saskatchewan",32.90.5,v44336489
1998,52.00,"Alberta",33.90.5,v44405605
1999,14.00,"Alberta",33.90.5,v44405605
2000,1.00,"Alberta",33.90.5,v44405605
2001,0.00,"Alberta",33.90.5,v44405605
2002,0.00,"Alberta",33.90.5,v44405605
2003,0.00,"Alberta",33.90.5,v44405605
2004,0.00,"Alberta",33.90.5,v44405605
2005,0.00,"Alberta",33.90.5,v44405605
2006,0.00,"Alberta",33.90.5,v44405605
2007,0.00,"Alberta",33.90.5,v44405605
2008,..,"Alberta",33.90.5,v44405605
2009,..,"Alberta",33.90.5,v44405605
2010,..,"Alberta",33.90.5,v44405605
2011,..,"Alberta",33.90.5,v44405605
2012,..,"Alberta",33.90.5,v44405605
2013,0.00,"Alberta",33.90.5,v44405605
2014,0.00,"Alberta",33.90.5,v44405605
2015,0.00,"Alberta",33.90.5,v44405605
1998,5.00,"Calgary, Alberta",34.90.5,v44397332
1999,1.00,"Calgary, Alberta",34.90.5,v44397332
2000,0.00,"Calgary, Alberta",34.90.5,v44397332
2001,0.00,"Calgary, Alberta",34.90.5,v44397332
2002,..,"Calgary, Alberta",34.90.5,v44397332
2003,0.00,"Calgary, Alberta",34.90.5,v44397332
2004,0.00,"Calgary, Alberta",34.90.5,v44397332
2005,0.00,"Calgary, Alberta",34.90.5,v44397332
2006,0.00,"Calgary, Alberta",34.90.5,v44397332
2007,0.00,"Calgary, Alberta",34.90.5,v44397332
2008,..,"Calgary, Alberta",34.90.5,v44397332
2009,..,"Calgary, Alberta",34.90.5,v44397332
2010,..,"Calgary, Alberta",34.90.5,v44397332
2011,..,"Calgary, Alberta",34.90.5,v44397332
2012,..,"Calgary, Alberta",34.90.5,v44397332
2013,0.00,"Calgary, Alberta",34.90.5,v44397332
2014,0.00,"Calgary, Alberta",34.90.5,v44397332
2015,0.00,"Calgary, Alberta",34.90.5,v44397332
1998,8.00,"Edmonton, Alberta",35.90.5,v44414513
1999,3.00,"Edmonton, Alberta",35.90.5,v44414513
2000,1.00,"Edmonton, Alberta",35.90.5,v44414513
2001,0.00,"Edmonton, Alberta",35.90.5,v44414513
2002,0.00,"Edmonton, Alberta",35.90.5,v44414513
2003,0.00,"Edmonton, Alberta",35.90.5,v44414513
2004,0.00,"Edmonton, Alberta",35.90.5,v44414513
2005,0.00,"Edmonton, Alberta",35.90.5,v44414513
2006,0.00,"Edmonton, Alberta",35.90.5,v44414513
2007,0.00,"Edmonton, Alberta",35.90.5,v44414513
2008,..,"Edmonton, Alberta",35.90.5,v44414513
2009,..,"Edmonton, Alberta",35.90.5,v44414513
2010,..,"Edmonton, Alberta",35.90.5,v44414513
2011,..,"Edmonton, Alberta",35.90.5,v44414513
2012,..,"Edmonton, Alberta",35.90.5,v44414513
2013,0.00,"Edmonton, Alberta",35.90.5,v44414513
2014,0.00,"Edmonton, Alberta",35.90.5,v44414513
2015,0.00,"Edmonton, Alberta",35.90.5,v44414513
1998,31.00,"British Columbia",36.90.5,v44356105
1999,7.00,"British Columbia",36.90.5,v44356105
2000,1.00,"British Columbia",36.90.5,v44356105
2001,0.00,"British Columbia",36.90.5,v44356105
2002,0.00,"British Columbia",36.90.5,v44356105
2003,0.00,"British Columbia",36.90.5,v44356105
2004,0.00,"British Columbia",36.90.5,v44356105
2005,0.00,"British Columbia",36.90.5,v44356105
2006,0.00,"British Columbia",36.90.5,v44356105
2007,0.00,"British Columbia",36.90.5,v44356105
2008,..,"British Columbia",36.90.5,v44356105
2009,..,"British Columbia",36.90.5,v44356105
2010,..,"British Columbia",36.90.5,v44356105
2011,..,"British Columbia",36.90.5,v44356105
2012,..,"British Columbia",36.90.5,v44356105
2013,0.00,"British Columbia",36.90.5,v44356105
2014,0.00,"British Columbia",36.90.5,v44356105
2015,0.00,"British Columbia",36.90.5,v44356105
2005,..,"Kelowna, British Columbia",48.90.5,v52144226
2006,0.00,"Kelowna, British Columbia",48.90.5,v52144226
2007,0.00,"Kelowna, British Columbia",48.90.5,v52144226
2008,..,"Kelowna, British Columbia",48.90.5,v52144226
2009,..,"Kelowna, British Columbia",48.90.5,v52144226
2010,..,"Kelowna, British Columbia",48.90.5,v52144226
2011,..,"Kelowna, British Columbia",48.90.5,v52144226
2012,..,"Kelowna, British Columbia",48.90.5,v52144226
2013,0.00,"Kelowna, British Columbia",48.90.5,v52144226
2014,0.00,"Kelowna, British Columbia",48.90.5,v52144226
2015,0.00,"Kelowna, British Columbia",48.90.5,v52144226
2000,..,"Abbotsford-Mission, British Columbia",39.90.5,v44380496
2001,0.00,"Abbotsford-Mission, British Columbia",39.90.5,v44380496
2002,..,"Abbotsford-Mission, British Columbia",39.90.5,v44380496
2003,0.00,"Abbotsford-Mission, British Columbia",39.90.5,v44380496
2004,0.00,"Abbotsford-Mission, British Columbia",39.90.5,v44380496
2005,0.00,"Abbotsford-Mission, British Columbia",39.90.5,v44380496
2006,0.00,"Abbotsford-Mission, British Columbia",39.90.5,v44380496
2007,0.00,"Abbotsford-Mission, British Columbia",39.90.5,v44380496
2008,..,"Abbotsford-Mission, British Columbia",39.90.5,v44380496
2009,..,"Abbotsford-Mission, British Columbia",39.90.5,v44380496
2010,..,"Abbotsford-Mission, British Columbia",39.90.5,v44380496
2011,..,"Abbotsford-Mission, British Columbia",39.90.5,v44380496
2012,..,"Abbotsford-Mission, British Columbia",39.90.5,v44380496
2013,0.00,"Abbotsford-Mission, British Columbia",39.90.5,v44380496
2014,0.00,"Abbotsford-Mission, British Columbia",39.90.5,v44380496
2015,0.00,"Abbotsford-Mission, British Columbia",39.90.5,v44380496
1998,2.00,"Vancouver, British Columbia",37.90.5,v44344522
1999,0.00,"Vancouver, British Columbia",37.90.5,v44344522
2000,1.00,"Vancouver, British Columbia",37.90.5,v44344522
2001,0.00,"Vancouver, British Columbia",37.90.5,v44344522
2002,..,"Vancouver, British Columbia",37.90.5,v44344522
2003,0.00,"Vancouver, British Columbia",37.90.5,v44344522
2004,0.00,"Vancouver, British Columbia",37.90.5,v44344522
2005,0.00,"Vancouver, British Columbia",37.90.5,v44344522
2006,0.00,"Vancouver, British Columbia",37.90.5,v44344522
2007,0.00,"Vancouver, British Columbia",37.90.5,v44344522
2008,..,"Vancouver, British Columbia",37.90.5,v44344522
2009,..,"Vancouver, British Columbia",37.90.5,v44344522
2010,..,"Vancouver, British Columbia",37.90.5,v44344522
2011,..,"Vancouver, British Columbia",37.90.5,v44344522
2012,..,"Vancouver, British Columbia",37.90.5,v44344522
2013,0.00,"Vancouver, British Columbia",37.90.5,v44344522
2014,0.00,"Vancouver, British Columbia",37.90.5,v44344522
2015,0.00,"Vancouver, British Columbia",37.90.5,v44344522
1998,8.00,"Victoria, British Columbia",38.90.5,v44388927
1999,1.00,"Victoria, British Columbia",38.90.5,v44388927
2000,0.00,"Victoria, British Columbia",38.90.5,v44388927
2001,0.00,"Victoria, British Columbia",38.90.5,v44388927
2002,..,"Victoria, British Columbia",38.90.5,v44388927
2003,0.00,"Victoria, British Columbia",38.90.5,v44388927
2004,0.00,"Victoria, British Columbia",38.90.5,v44388927
2005,0.00,"Victoria, British Columbia",38.90.5,v44388927
2006,0.00,"Victoria, British Columbia",38.90.5,v44388927
2007,0.00,"Victoria, British Columbia",38.90.5,v44388927
2008,..,"Victoria, British Columbia",38.90.5,v44388927
2009,..,"Victoria, British Columbia",38.90.5,v44388927
2010,..,"Victoria, British Columbia",38.90.5,v44388927
2011,..,"Victoria, British Columbia",38.90.5,v44388927
2012,..,"Victoria, British Columbia",38.90.5,v44388927
2013,0.00,"Victoria, British Columbia",38.90.5,v44388927
2014,0.00,"Victoria, British Columbia",38.90.5,v44388927
2015,0.00,"Victoria, British Columbia",38.90.5,v44388927
1998,0.00,"Yukon",40.90.5,v44352552
1999,0.00,"Yukon",40.90.5,v44352552
2000,0.00,"Yukon",40.90.5,v44352552
2001,0.00,"Yukon",40.90.5,v44352552
2002,0.00,"Yukon",40.90.5,v44352552
2003,0.00,"Yukon",40.90.5,v44352552
2004,0.00,"Yukon",40.90.5,v44352552
2005,0.00,"Yukon",40.90.5,v44352552
2006,0.00,"Yukon",40.90.5,v44352552
2007,0.00,"Yukon",40.90.5,v44352552
2008,..,"Yukon",40.90.5,v44352552
2009,..,"Yukon",40.90.5,v44352552
2010,..,"Yukon",40.90.5,v44352552
2011,..,"Yukon",40.90.5,v44352552
2012,..,"Yukon",40.90.5,v44352552
2013,0.00,"Yukon",40.90.5,v44352552
2014,0.00,"Yukon",40.90.5,v44352552
2015,0.00,"Yukon",40.90.5,v44352552
1998,3.00,"Northwest Territories",41.90.5,v44359844
1999,0.00,"Northwest Territories",41.90.5,v44359844
2000,0.00,"Northwest Territories",41.90.5,v44359844
2001,0.00,"Northwest Territories",41.90.5,v44359844
2002,..,"Northwest Territories",41.90.5,v44359844
2003,0.00,"Northwest Territories",41.90.5,v44359844
2004,0.00,"Northwest Territories",41.90.5,v44359844
2005,0.00,"Northwest Territories",41.90.5,v44359844
2006,0.00,"Northwest Territories",41.90.5,v44359844
2007,0.00,"Northwest Territories",41.90.5,v44359844
2008,..,"Northwest Territories",41.90.5,v44359844
2009,..,"Northwest Territories",41.90.5,v44359844
2010,..,"Northwest Territories",41.90.5,v44359844
2011,..,"Northwest Territories",41.90.5,v44359844
2012,..,"Northwest Territories",41.90.5,v44359844
2013,0.00,"Northwest Territories",41.90.5,v44359844
2014,0.00,"Northwest Territories",41.90.5,v44359844
2015,0.00,"Northwest Territories",41.90.5,v44359844
1998,..,"Nunavut",42.90.5,v44349025
1999,1.00,"Nunavut",42.90.5,v44349025
2000,0.00,"Nunavut",42.90.5,v44349025
2001,0.00,"Nunavut",42.90.5,v44349025
2002,0.00,"Nunavut",42.90.5,v44349025
2003,0.00,"Nunavut",42.90.5,v44349025
2004,0.00,"Nunavut",42.90.5,v44349025
2005,0.00,"Nunavut",42.90.5,v44349025
2006,0.00,"Nunavut",42.90.5,v44349025
2007,0.00,"Nunavut",42.90.5,v44349025
2008,..,"Nunavut",42.90.5,v44349025
2009,..,"Nunavut",42.90.5,v44349025
2010,..,"Nunavut",42.90.5,v44349025
2011,..,"Nunavut",42.90.5,v44349025
2012,..,"Nunavut",42.90.5,v44349025
2013,0.00,"Nunavut",42.90.5,v44349025
2014,0.00,"Nunavut",42.90.5,v44349025
2015,0.00,"Nunavut",42.90.5,v44349025
