1998,0.39,"Canada",1.90.8,v44356154
1999,0.24,"Canada",1.90.8,v44356154
2000,0.08,"Canada",1.90.8,v44356154
2001,0.01,"Canada",1.90.8,v44356154
2002,0.00,"Canada",1.90.8,v44356154
2003,0.00,"Canada",1.90.8,v44356154
2004,0.00,"Canada",1.90.8,v44356154
2005,0.00,"Canada",1.90.8,v44356154
2006,0.00,"Canada",1.90.8,v44356154
2007,0.00,"Canada",1.90.8,v44356154
2008,..,"Canada",1.90.8,v44356154
2009,..,"Canada",1.90.8,v44356154
2010,..,"Canada",1.90.8,v44356154
2011,..,"Canada",1.90.8,v44356154
2012,..,"Canada",1.90.8,v44356154
2013,0.00,"Canada",1.90.8,v44356154
2014,0.00,"Canada",1.90.8,v44356154
2015,0.00,"Canada",1.90.8,v44356154
1998,0.22,"Newfoundland and Labrador",2.90.8,v44348792
1999,0.22,"Newfoundland and Labrador",2.90.8,v44348792
2000,0.00,"Newfoundland and Labrador",2.90.8,v44348792
2001,0.00,"Newfoundland and Labrador",2.90.8,v44348792
2002,..,"Newfoundland and Labrador",2.90.8,v44348792
2003,0.00,"Newfoundland and Labrador",2.90.8,v44348792
2004,0.00,"Newfoundland and Labrador",2.90.8,v44348792
2005,0.00,"Newfoundland and Labrador",2.90.8,v44348792
2006,0.00,"Newfoundland and Labrador",2.90.8,v44348792
2007,0.00,"Newfoundland and Labrador",2.90.8,v44348792
2008,..,"Newfoundland and Labrador",2.90.8,v44348792
2009,..,"Newfoundland and Labrador",2.90.8,v44348792
2010,..,"Newfoundland and Labrador",2.90.8,v44348792
2011,..,"Newfoundland and Labrador",2.90.8,v44348792
2012,..,"Newfoundland and Labrador",2.90.8,v44348792
2013,0.00,"Newfoundland and Labrador",2.90.8,v44348792
2014,0.00,"Newfoundland and Labrador",2.90.8,v44348792
2015,0.00,"Newfoundland and Labrador",2.90.8,v44348792
1998,0.00,"St. John's, Newfoundland and Labrador",3.90.8,v44378183
1999,..,"St. John's, Newfoundland and Labrador",3.90.8,v44378183
2000,..,"St. John's, Newfoundland and Labrador",3.90.8,v44378183
2001,..,"St. John's, Newfoundland and Labrador",3.90.8,v44378183
2002,..,"St. John's, Newfoundland and Labrador",3.90.8,v44378183
2003,..,"St. John's, Newfoundland and Labrador",3.90.8,v44378183
2004,0.00,"St. John's, Newfoundland and Labrador",3.90.8,v44378183
2005,0.00,"St. John's, Newfoundland and Labrador",3.90.8,v44378183
2006,0.00,"St. John's, Newfoundland and Labrador",3.90.8,v44378183
2007,0.00,"St. John's, Newfoundland and Labrador",3.90.8,v44378183
2008,..,"St. John's, Newfoundland and Labrador",3.90.8,v44378183
2009,..,"St. John's, Newfoundland and Labrador",3.90.8,v44378183
2010,..,"St. John's, Newfoundland and Labrador",3.90.8,v44378183
2011,..,"St. John's, Newfoundland and Labrador",3.90.8,v44378183
2012,..,"St. John's, Newfoundland and Labrador",3.90.8,v44378183
2013,0.00,"St. John's, Newfoundland and Labrador",3.90.8,v44378183
2014,0.00,"St. John's, Newfoundland and Labrador",3.90.8,v44378183
2015,0.00,"St. John's, Newfoundland and Labrador",3.90.8,v44378183
1998,0.00,"Prince Edward Island",4.90.8,v44356406
1999,0.87,"Prince Edward Island",4.90.8,v44356406
2000,0.00,"Prince Edward Island",4.90.8,v44356406
2001,0.00,"Prince Edward Island",4.90.8,v44356406
2002,0.00,"Prince Edward Island",4.90.8,v44356406
2003,0.00,"Prince Edward Island",4.90.8,v44356406
2004,0.00,"Prince Edward Island",4.90.8,v44356406
2005,0.00,"Prince Edward Island",4.90.8,v44356406
2006,0.00,"Prince Edward Island",4.90.8,v44356406
2007,0.00,"Prince Edward Island",4.90.8,v44356406
2008,..,"Prince Edward Island",4.90.8,v44356406
2009,..,"Prince Edward Island",4.90.8,v44356406
2010,..,"Prince Edward Island",4.90.8,v44356406
2011,..,"Prince Edward Island",4.90.8,v44356406
2012,..,"Prince Edward Island",4.90.8,v44356406
2013,0.00,"Prince Edward Island",4.90.8,v44356406
2014,0.00,"Prince Edward Island",4.90.8,v44356406
2015,0.00,"Prince Edward Island",4.90.8,v44356406
1998,0.50,"Nova Scotia",5.90.8,v44363779
1999,0.50,"Nova Scotia",5.90.8,v44363779
2000,0.12,"Nova Scotia",5.90.8,v44363779
2001,0.12,"Nova Scotia",5.90.8,v44363779
2002,0.00,"Nova Scotia",5.90.8,v44363779
2003,0.00,"Nova Scotia",5.90.8,v44363779
2004,0.00,"Nova Scotia",5.90.8,v44363779
2005,0.00,"Nova Scotia",5.90.8,v44363779
2006,0.00,"Nova Scotia",5.90.8,v44363779
2007,0.00,"Nova Scotia",5.90.8,v44363779
2008,..,"Nova Scotia",5.90.8,v44363779
2009,..,"Nova Scotia",5.90.8,v44363779
2010,..,"Nova Scotia",5.90.8,v44363779
2011,..,"Nova Scotia",5.90.8,v44363779
2012,..,"Nova Scotia",5.90.8,v44363779
2013,0.00,"Nova Scotia",5.90.8,v44363779
2014,0.00,"Nova Scotia",5.90.8,v44363779
2015,0.00,"Nova Scotia",5.90.8,v44363779
1998,0.00,"Halifax, Nova Scotia",6.90.8,v44339845
1999,0.00,"Halifax, Nova Scotia",6.90.8,v44339845
2000,0.00,"Halifax, Nova Scotia",6.90.8,v44339845
2001,0.00,"Halifax, Nova Scotia",6.90.8,v44339845
2002,0.00,"Halifax, Nova Scotia",6.90.8,v44339845
2003,0.00,"Halifax, Nova Scotia",6.90.8,v44339845
2004,0.00,"Halifax, Nova Scotia",6.90.8,v44339845
2005,0.00,"Halifax, Nova Scotia",6.90.8,v44339845
2006,0.00,"Halifax, Nova Scotia",6.90.8,v44339845
2007,0.00,"Halifax, Nova Scotia",6.90.8,v44339845
2008,..,"Halifax, Nova Scotia",6.90.8,v44339845
2009,..,"Halifax, Nova Scotia",6.90.8,v44339845
2010,..,"Halifax, Nova Scotia",6.90.8,v44339845
2011,..,"Halifax, Nova Scotia",6.90.8,v44339845
2012,..,"Halifax, Nova Scotia",6.90.8,v44339845
2013,0.00,"Halifax, Nova Scotia",6.90.8,v44339845
2014,0.00,"Halifax, Nova Scotia",6.90.8,v44339845
2015,0.00,"Halifax, Nova Scotia",6.90.8,v44339845
1998,0.31,"New Brunswick",7.90.8,v44337039
1999,0.31,"New Brunswick",7.90.8,v44337039
2000,0.00,"New Brunswick",7.90.8,v44337039
2001,0.00,"New Brunswick",7.90.8,v44337039
2002,..,"New Brunswick",7.90.8,v44337039
2003,0.00,"New Brunswick",7.90.8,v44337039
2004,0.00,"New Brunswick",7.90.8,v44337039
2005,0.00,"New Brunswick",7.90.8,v44337039
2006,0.00,"New Brunswick",7.90.8,v44337039
2007,0.00,"New Brunswick",7.90.8,v44337039
2008,..,"New Brunswick",7.90.8,v44337039
2009,..,"New Brunswick",7.90.8,v44337039
2010,..,"New Brunswick",7.90.8,v44337039
2011,..,"New Brunswick",7.90.8,v44337039
2012,..,"New Brunswick",7.90.8,v44337039
2013,0.00,"New Brunswick",7.90.8,v44337039
2014,0.00,"New Brunswick",7.90.8,v44337039
2015,0.00,"New Brunswick",7.90.8,v44337039
2006,0.00,"Moncton, New Brunswick",43.90.8,v62126256
2007,0.00,"Moncton, New Brunswick",43.90.8,v62126256
2008,..,"Moncton, New Brunswick",43.90.8,v62126256
2009,..,"Moncton, New Brunswick",43.90.8,v62126256
2010,..,"Moncton, New Brunswick",43.90.8,v62126256
2011,..,"Moncton, New Brunswick",43.90.8,v62126256
2012,..,"Moncton, New Brunswick",43.90.8,v62126256
2013,0.00,"Moncton, New Brunswick",43.90.8,v62126256
2014,0.00,"Moncton, New Brunswick",43.90.8,v62126256
2015,0.00,"Moncton, New Brunswick",43.90.8,v62126256
1998,0.00,"Saint John, New Brunswick",8.90.8,v44340977
1999,0.00,"Saint John, New Brunswick",8.90.8,v44340977
2000,0.00,"Saint John, New Brunswick",8.90.8,v44340977
2001,0.00,"Saint John, New Brunswick",8.90.8,v44340977
2002,0.00,"Saint John, New Brunswick",8.90.8,v44340977
2003,0.00,"Saint John, New Brunswick",8.90.8,v44340977
2004,0.00,"Saint John, New Brunswick",8.90.8,v44340977
2005,0.00,"Saint John, New Brunswick",8.90.8,v44340977
2006,0.00,"Saint John, New Brunswick",8.90.8,v44340977
2007,0.00,"Saint John, New Brunswick",8.90.8,v44340977
2008,..,"Saint John, New Brunswick",8.90.8,v44340977
2009,..,"Saint John, New Brunswick",8.90.8,v44340977
2010,..,"Saint John, New Brunswick",8.90.8,v44340977
2011,..,"Saint John, New Brunswick",8.90.8,v44340977
2012,..,"Saint John, New Brunswick",8.90.8,v44340977
2013,0.00,"Saint John, New Brunswick",8.90.8,v44340977
2014,0.00,"Saint John, New Brunswick",8.90.8,v44340977
2015,0.00,"Saint John, New Brunswick",8.90.8,v44340977
1998,0.14,"Quebec",9.90.8,v44395714
1999,0.13,"Quebec",9.90.8,v44395714
2000,0.14,"Quebec",9.90.8,v44395714
2001,0.00,"Quebec",9.90.8,v44395714
2002,0.00,"Quebec",9.90.8,v44395714
2003,0.00,"Quebec",9.90.8,v44395714
2004,0.00,"Quebec",9.90.8,v44395714
2005,0.00,"Quebec",9.90.8,v44395714
2006,0.00,"Quebec",9.90.8,v44395714
2007,0.00,"Quebec",9.90.8,v44395714
2008,..,"Quebec",9.90.8,v44395714
2009,..,"Quebec",9.90.8,v44395714
2010,..,"Quebec",9.90.8,v44395714
2011,..,"Quebec",9.90.8,v44395714
2012,..,"Quebec",9.90.8,v44395714
2013,0.00,"Quebec",9.90.8,v44395714
2014,0.00,"Quebec",9.90.8,v44395714
2015,0.00,"Quebec",9.90.8,v44395714
1998,0.00,"Saguenay, Quebec",10.90.8,v44342202
1999,0.00,"Saguenay, Quebec",10.90.8,v44342202
2000,0.00,"Saguenay, Quebec",10.90.8,v44342202
2001,0.00,"Saguenay, Quebec",10.90.8,v44342202
2002,..,"Saguenay, Quebec",10.90.8,v44342202
2003,..,"Saguenay, Quebec",10.90.8,v44342202
2004,0.00,"Saguenay, Quebec",10.90.8,v44342202
2005,0.00,"Saguenay, Quebec",10.90.8,v44342202
2006,0.00,"Saguenay, Quebec",10.90.8,v44342202
2007,0.00,"Saguenay, Quebec",10.90.8,v44342202
2008,..,"Saguenay, Quebec",10.90.8,v44342202
2009,..,"Saguenay, Quebec",10.90.8,v44342202
2010,..,"Saguenay, Quebec",10.90.8,v44342202
2011,..,"Saguenay, Quebec",10.90.8,v44342202
2012,..,"Saguenay, Quebec",10.90.8,v44342202
2013,0.00,"Saguenay, Quebec",10.90.8,v44342202
2014,0.00,"Saguenay, Quebec",10.90.8,v44342202
2015,0.00,"Saguenay, Quebec",10.90.8,v44342202
1998,0.00,"Sherbrooke, Quebec",12.90.8,v44417147
1999,0.00,"Sherbrooke, Quebec",12.90.8,v44417147
2000,..,"Sherbrooke, Quebec",12.90.8,v44417147
2001,..,"Sherbrooke, Quebec",12.90.8,v44417147
2002,..,"Sherbrooke, Quebec",12.90.8,v44417147
2003,0.00,"Sherbrooke, Quebec",12.90.8,v44417147
2004,0.00,"Sherbrooke, Quebec",12.90.8,v44417147
2005,0.00,"Sherbrooke, Quebec",12.90.8,v44417147
2006,0.00,"Sherbrooke, Quebec",12.90.8,v44417147
2007,0.00,"Sherbrooke, Quebec",12.90.8,v44417147
2008,..,"Sherbrooke, Quebec",12.90.8,v44417147
2009,..,"Sherbrooke, Quebec",12.90.8,v44417147
2010,..,"Sherbrooke, Quebec",12.90.8,v44417147
2011,..,"Sherbrooke, Quebec",12.90.8,v44417147
2012,..,"Sherbrooke, Quebec",12.90.8,v44417147
2013,0.00,"Sherbrooke, Quebec",12.90.8,v44417147
2014,0.00,"Sherbrooke, Quebec",12.90.8,v44417147
2015,0.00,"Sherbrooke, Quebec",12.90.8,v44417147
1998,0.00,"Ottawa-Gatineau, Quebec part",15.90.8,v44414763
1999,0.00,"Ottawa-Gatineau, Quebec part",15.90.8,v44414763
2000,0.00,"Ottawa-Gatineau, Quebec part",15.90.8,v44414763
2001,0.00,"Ottawa-Gatineau, Quebec part",15.90.8,v44414763
2002,0.00,"Ottawa-Gatineau, Quebec part",15.90.8,v44414763
2003,0.00,"Ottawa-Gatineau, Quebec part",15.90.8,v44414763
2004,0.00,"Ottawa-Gatineau, Quebec part",15.90.8,v44414763
2005,0.00,"Ottawa-Gatineau, Quebec part",15.90.8,v44414763
2006,0.00,"Ottawa-Gatineau, Quebec part",15.90.8,v44414763
2007,0.00,"Ottawa-Gatineau, Quebec part",15.90.8,v44414763
2008,..,"Ottawa-Gatineau, Quebec part",15.90.8,v44414763
2009,..,"Ottawa-Gatineau, Quebec part",15.90.8,v44414763
2010,..,"Ottawa-Gatineau, Quebec part",15.90.8,v44414763
2011,..,"Ottawa-Gatineau, Quebec part",15.90.8,v44414763
2012,..,"Ottawa-Gatineau, Quebec part",15.90.8,v44414763
2013,0.00,"Ottawa-Gatineau, Quebec part",15.90.8,v44414763
2014,0.00,"Ottawa-Gatineau, Quebec part",15.90.8,v44414763
2015,0.00,"Ottawa-Gatineau, Quebec part",15.90.8,v44414763
1998,0.49,"Ontario",16.90.8,v44339928
1999,0.24,"Ontario",16.90.8,v44339928
2000,0.08,"Ontario",16.90.8,v44339928
2001,0.01,"Ontario",16.90.8,v44339928
2002,0.00,"Ontario",16.90.8,v44339928
2003,0.00,"Ontario",16.90.8,v44339928
2004,0.01,"Ontario",16.90.8,v44339928
2005,0.00,"Ontario",16.90.8,v44339928
2006,0.00,"Ontario",16.90.8,v44339928
2007,0.00,"Ontario",16.90.8,v44339928
2008,..,"Ontario",16.90.8,v44339928
2009,..,"Ontario",16.90.8,v44339928
2010,..,"Ontario",16.90.8,v44339928
2011,..,"Ontario",16.90.8,v44339928
2012,..,"Ontario",16.90.8,v44339928
2013,0.00,"Ontario",16.90.8,v44339928
2014,0.00,"Ontario",16.90.8,v44339928
2015,0.00,"Ontario",16.90.8,v44339928
1998,0.00,"Ottawa-Gatineau, Ontario/Quebec",17.90.8,v52148476
1999,0.00,"Ottawa-Gatineau, Ontario/Quebec",17.90.8,v52148476
2000,0.00,"Ottawa-Gatineau, Ontario/Quebec",17.90.8,v52148476
2001,0.00,"Ottawa-Gatineau, Ontario/Quebec",17.90.8,v52148476
2002,0.00,"Ottawa-Gatineau, Ontario/Quebec",17.90.8,v52148476
2003,0.00,"Ottawa-Gatineau, Ontario/Quebec",17.90.8,v52148476
2004,0.00,"Ottawa-Gatineau, Ontario/Quebec",17.90.8,v52148476
2005,0.00,"Ottawa-Gatineau, Ontario/Quebec",17.90.8,v52148476
2006,0.00,"Ottawa-Gatineau, Ontario/Quebec",17.90.8,v52148476
2007,0.00,"Ottawa-Gatineau, Ontario/Quebec",17.90.8,v52148476
2008,..,"Ottawa-Gatineau, Ontario/Quebec",17.90.8,v52148476
2009,..,"Ottawa-Gatineau, Ontario/Quebec",17.90.8,v52148476
2010,..,"Ottawa-Gatineau, Ontario/Quebec",17.90.8,v52148476
2011,..,"Ottawa-Gatineau, Ontario/Quebec",17.90.8,v52148476
2012,..,"Ottawa-Gatineau, Ontario/Quebec",17.90.8,v52148476
2013,0.00,"Ottawa-Gatineau, Ontario/Quebec",17.90.8,v52148476
2014,0.00,"Ottawa-Gatineau, Ontario/Quebec",17.90.8,v52148476
2015,0.00,"Ottawa-Gatineau, Ontario/Quebec",17.90.8,v52148476
1998,0.00,"Ottawa-Gatineau, Ontario part",18.90.8,v44409928
1999,0.00,"Ottawa-Gatineau, Ontario part",18.90.8,v44409928
2000,0.00,"Ottawa-Gatineau, Ontario part",18.90.8,v44409928
2001,0.00,"Ottawa-Gatineau, Ontario part",18.90.8,v44409928
2002,..,"Ottawa-Gatineau, Ontario part",18.90.8,v44409928
2003,..,"Ottawa-Gatineau, Ontario part",18.90.8,v44409928
2004,0.00,"Ottawa-Gatineau, Ontario part",18.90.8,v44409928
2005,0.00,"Ottawa-Gatineau, Ontario part",18.90.8,v44409928
2006,0.00,"Ottawa-Gatineau, Ontario part",18.90.8,v44409928
2007,0.00,"Ottawa-Gatineau, Ontario part",18.90.8,v44409928
2008,..,"Ottawa-Gatineau, Ontario part",18.90.8,v44409928
2009,..,"Ottawa-Gatineau, Ontario part",18.90.8,v44409928
2010,..,"Ottawa-Gatineau, Ontario part",18.90.8,v44409928
2011,..,"Ottawa-Gatineau, Ontario part",18.90.8,v44409928
2012,..,"Ottawa-Gatineau, Ontario part",18.90.8,v44409928
2013,0.00,"Ottawa-Gatineau, Ontario part",18.90.8,v44409928
2014,0.00,"Ottawa-Gatineau, Ontario part",18.90.8,v44409928
2015,0.00,"Ottawa-Gatineau, Ontario part",18.90.8,v44409928
2000,..,"Kingston, Ontario",27.90.8,v44328911
2001,0.00,"Kingston, Ontario",27.90.8,v44328911
2002,0.00,"Kingston, Ontario",27.90.8,v44328911
2003,0.00,"Kingston, Ontario",27.90.8,v44328911
2004,0.00,"Kingston, Ontario",27.90.8,v44328911
2005,0.00,"Kingston, Ontario",27.90.8,v44328911
2006,0.00,"Kingston, Ontario",27.90.8,v44328911
2007,0.00,"Kingston, Ontario",27.90.8,v44328911
2008,..,"Kingston, Ontario",27.90.8,v44328911
2009,..,"Kingston, Ontario",27.90.8,v44328911
2010,..,"Kingston, Ontario",27.90.8,v44328911
2011,..,"Kingston, Ontario",27.90.8,v44328911
2012,..,"Kingston, Ontario",27.90.8,v44328911
2013,0.00,"Kingston, Ontario",27.90.8,v44328911
2014,0.00,"Kingston, Ontario",27.90.8,v44328911
2015,0.00,"Kingston, Ontario",27.90.8,v44328911
2005,..,"Peterborough, Ontario",44.90.8,v52122641
2006,0.00,"Peterborough, Ontario",44.90.8,v52122641
2007,0.00,"Peterborough, Ontario",44.90.8,v52122641
2008,..,"Peterborough, Ontario",44.90.8,v52122641
2009,..,"Peterborough, Ontario",44.90.8,v52122641
2010,..,"Peterborough, Ontario",44.90.8,v52122641
2011,..,"Peterborough, Ontario",44.90.8,v52122641
2012,..,"Peterborough, Ontario",44.90.8,v52122641
2013,0.00,"Peterborough, Ontario",44.90.8,v52122641
2014,0.00,"Peterborough, Ontario",44.90.8,v52122641
2015,0.00,"Peterborough, Ontario",44.90.8,v52122641
1998,0.00,"Toronto, Ontario",19.90.8,v44385280
1999,0.00,"Toronto, Ontario",19.90.8,v44385280
2000,0.00,"Toronto, Ontario",19.90.8,v44385280
2001,0.00,"Toronto, Ontario",19.90.8,v44385280
2002,0.00,"Toronto, Ontario",19.90.8,v44385280
2003,0.00,"Toronto, Ontario",19.90.8,v44385280
2004,0.02,"Toronto, Ontario",19.90.8,v44385280
2005,0.00,"Toronto, Ontario",19.90.8,v44385280
2006,0.00,"Toronto, Ontario",19.90.8,v44385280
2007,0.00,"Toronto, Ontario",19.90.8,v44385280
2008,..,"Toronto, Ontario",19.90.8,v44385280
2009,..,"Toronto, Ontario",19.90.8,v44385280
2010,..,"Toronto, Ontario",19.90.8,v44385280
2011,..,"Toronto, Ontario",19.90.8,v44385280
2012,..,"Toronto, Ontario",19.90.8,v44385280
2013,0.00,"Toronto, Ontario",19.90.8,v44385280
2014,0.00,"Toronto, Ontario",19.90.8,v44385280
2015,0.00,"Toronto, Ontario",19.90.8,v44385280
1998,0.00,"Hamilton, Ontario",20.90.8,v44415956
1999,0.00,"Hamilton, Ontario",20.90.8,v44415956
2000,0.00,"Hamilton, Ontario",20.90.8,v44415956
2001,0.00,"Hamilton, Ontario",20.90.8,v44415956
2002,0.00,"Hamilton, Ontario",20.90.8,v44415956
2003,0.00,"Hamilton, Ontario",20.90.8,v44415956
2004,0.00,"Hamilton, Ontario",20.90.8,v44415956
2005,0.00,"Hamilton, Ontario",20.90.8,v44415956
2006,0.00,"Hamilton, Ontario",20.90.8,v44415956
2007,0.00,"Hamilton, Ontario",20.90.8,v44415956
2008,..,"Hamilton, Ontario",20.90.8,v44415956
2009,..,"Hamilton, Ontario",20.90.8,v44415956
2010,..,"Hamilton, Ontario",20.90.8,v44415956
2011,..,"Hamilton, Ontario",20.90.8,v44415956
2012,..,"Hamilton, Ontario",20.90.8,v44415956
2013,0.00,"Hamilton, Ontario",20.90.8,v44415956
2014,0.00,"Hamilton, Ontario",20.90.8,v44415956
2015,0.00,"Hamilton, Ontario",20.90.8,v44415956
1998,0.00,"St.Catharines-Niagara, Ontario",21.90.8,v44331680
1999,0.00,"St.Catharines-Niagara, Ontario",21.90.8,v44331680
2000,0.00,"St.Catharines-Niagara, Ontario",21.90.8,v44331680
2001,0.00,"St.Catharines-Niagara, Ontario",21.90.8,v44331680
2002,..,"St.Catharines-Niagara, Ontario",21.90.8,v44331680
2003,..,"St.Catharines-Niagara, Ontario",21.90.8,v44331680
2004,0.00,"St.Catharines-Niagara, Ontario",21.90.8,v44331680
2005,0.00,"St.Catharines-Niagara, Ontario",21.90.8,v44331680
2006,0.00,"St.Catharines-Niagara, Ontario",21.90.8,v44331680
2007,0.00,"St.Catharines-Niagara, Ontario",21.90.8,v44331680
2008,..,"St.Catharines-Niagara, Ontario",21.90.8,v44331680
2009,..,"St.Catharines-Niagara, Ontario",21.90.8,v44331680
2010,..,"St.Catharines-Niagara, Ontario",21.90.8,v44331680
2011,..,"St.Catharines-Niagara, Ontario",21.90.8,v44331680
2012,..,"St.Catharines-Niagara, Ontario",21.90.8,v44331680
2013,0.00,"St.Catharines-Niagara, Ontario",21.90.8,v44331680
2014,0.00,"St.Catharines-Niagara, Ontario",21.90.8,v44331680
2015,0.00,"St.Catharines-Niagara, Ontario",21.90.8,v44331680
1998,..,"Kitchener-Cambridge-Waterloo, Ontario",22.90.8,v44394708
1999,0.00,"Kitchener-Cambridge-Waterloo, Ontario",22.90.8,v44394708
2000,..,"Kitchener-Cambridge-Waterloo, Ontario",22.90.8,v44394708
2001,..,"Kitchener-Cambridge-Waterloo, Ontario",22.90.8,v44394708
2002,0.00,"Kitchener-Cambridge-Waterloo, Ontario",22.90.8,v44394708
2003,..,"Kitchener-Cambridge-Waterloo, Ontario",22.90.8,v44394708
2004,0.00,"Kitchener-Cambridge-Waterloo, Ontario",22.90.8,v44394708
2005,0.00,"Kitchener-Cambridge-Waterloo, Ontario",22.90.8,v44394708
2006,0.00,"Kitchener-Cambridge-Waterloo, Ontario",22.90.8,v44394708
2007,0.00,"Kitchener-Cambridge-Waterloo, Ontario",22.90.8,v44394708
2008,..,"Kitchener-Cambridge-Waterloo, Ontario",22.90.8,v44394708
2009,..,"Kitchener-Cambridge-Waterloo, Ontario",22.90.8,v44394708
2010,..,"Kitchener-Cambridge-Waterloo, Ontario",22.90.8,v44394708
2011,..,"Kitchener-Cambridge-Waterloo, Ontario",22.90.8,v44394708
2012,..,"Kitchener-Cambridge-Waterloo, Ontario",22.90.8,v44394708
2013,0.00,"Kitchener-Cambridge-Waterloo, Ontario",22.90.8,v44394708
2014,0.00,"Kitchener-Cambridge-Waterloo, Ontario",22.90.8,v44394708
2015,0.00,"Kitchener-Cambridge-Waterloo, Ontario",22.90.8,v44394708
2005,..,"Brantford, Ontario",45.90.8,v52119289
2006,0.00,"Brantford, Ontario",45.90.8,v52119289
2007,0.00,"Brantford, Ontario",45.90.8,v52119289
2008,..,"Brantford, Ontario",45.90.8,v52119289
2009,..,"Brantford, Ontario",45.90.8,v52119289
2010,..,"Brantford, Ontario",45.90.8,v52119289
2011,..,"Brantford, Ontario",45.90.8,v52119289
2012,..,"Brantford, Ontario",45.90.8,v52119289
2013,0.00,"Brantford, Ontario",45.90.8,v52119289
2014,0.00,"Brantford, Ontario",45.90.8,v52119289
2015,0.00,"Brantford, Ontario",45.90.8,v52119289
2005,..,"Guelph, Ontario",46.90.8,v52119722
2006,0.00,"Guelph, Ontario",46.90.8,v52119722
2007,0.00,"Guelph, Ontario",46.90.8,v52119722
2008,..,"Guelph, Ontario",46.90.8,v52119722
2009,..,"Guelph, Ontario",46.90.8,v52119722
2010,..,"Guelph, Ontario",46.90.8,v52119722
2011,..,"Guelph, Ontario",46.90.8,v52119722
2012,..,"Guelph, Ontario",46.90.8,v52119722
2013,0.00,"Guelph, Ontario",46.90.8,v52119722
2014,0.00,"Guelph, Ontario",46.90.8,v52119722
2015,0.00,"Guelph, Ontario",46.90.8,v52119722
1998,0.00,"London, Ontario",23.90.8,v44360681
1999,0.00,"London, Ontario",23.90.8,v44360681
2000,0.00,"London, Ontario",23.90.8,v44360681
2001,0.00,"London, Ontario",23.90.8,v44360681
2002,0.00,"London, Ontario",23.90.8,v44360681
2003,0.00,"London, Ontario",23.90.8,v44360681
2004,0.00,"London, Ontario",23.90.8,v44360681
2005,0.00,"London, Ontario",23.90.8,v44360681
2006,0.00,"London, Ontario",23.90.8,v44360681
2007,0.00,"London, Ontario",23.90.8,v44360681
2008,..,"London, Ontario",23.90.8,v44360681
2009,..,"London, Ontario",23.90.8,v44360681
2010,..,"London, Ontario",23.90.8,v44360681
2011,..,"London, Ontario",23.90.8,v44360681
2012,..,"London, Ontario",23.90.8,v44360681
2013,0.00,"London, Ontario",23.90.8,v44360681
2014,0.00,"London, Ontario",23.90.8,v44360681
2015,0.00,"London, Ontario",23.90.8,v44360681
1998,0.00,"Windsor, Ontario",24.90.8,v44372458
1999,0.00,"Windsor, Ontario",24.90.8,v44372458
2000,0.00,"Windsor, Ontario",24.90.8,v44372458
2001,0.00,"Windsor, Ontario",24.90.8,v44372458
2002,0.00,"Windsor, Ontario",24.90.8,v44372458
2003,0.00,"Windsor, Ontario",24.90.8,v44372458
2004,0.00,"Windsor, Ontario",24.90.8,v44372458
2005,0.00,"Windsor, Ontario",24.90.8,v44372458
2006,0.00,"Windsor, Ontario",24.90.8,v44372458
2007,0.00,"Windsor, Ontario",24.90.8,v44372458
2008,..,"Windsor, Ontario",24.90.8,v44372458
2009,..,"Windsor, Ontario",24.90.8,v44372458
2010,..,"Windsor, Ontario",24.90.8,v44372458
2011,..,"Windsor, Ontario",24.90.8,v44372458
2012,..,"Windsor, Ontario",24.90.8,v44372458
2013,0.00,"Windsor, Ontario",24.90.8,v44372458
2014,0.00,"Windsor, Ontario",24.90.8,v44372458
2015,0.00,"Windsor, Ontario",24.90.8,v44372458
2005,..,"Barrie, Ontario",47.90.8,v52145133
2006,0.00,"Barrie, Ontario",47.90.8,v52145133
2007,0.00,"Barrie, Ontario",47.90.8,v52145133
2008,..,"Barrie, Ontario",47.90.8,v52145133
2009,..,"Barrie, Ontario",47.90.8,v52145133
2010,..,"Barrie, Ontario",47.90.8,v52145133
2011,..,"Barrie, Ontario",47.90.8,v52145133
2012,..,"Barrie, Ontario",47.90.8,v52145133
2013,0.00,"Barrie, Ontario",47.90.8,v52145133
2014,0.00,"Barrie, Ontario",47.90.8,v52145133
2015,0.00,"Barrie, Ontario",47.90.8,v52145133
1998,0.00,"Sudbury, Ontario",25.90.8,v44396889
1999,0.00,"Sudbury, Ontario",25.90.8,v44396889
2000,0.00,"Sudbury, Ontario",25.90.8,v44396889
2001,0.00,"Sudbury, Ontario",25.90.8,v44396889
2002,0.00,"Sudbury, Ontario",25.90.8,v44396889
2003,0.00,"Sudbury, Ontario",25.90.8,v44396889
2004,0.00,"Sudbury, Ontario",25.90.8,v44396889
2005,0.00,"Sudbury, Ontario",25.90.8,v44396889
2006,0.00,"Sudbury, Ontario",25.90.8,v44396889
2007,0.00,"Sudbury, Ontario",25.90.8,v44396889
2008,..,"Sudbury, Ontario",25.90.8,v44396889
2009,..,"Sudbury, Ontario",25.90.8,v44396889
2010,..,"Sudbury, Ontario",25.90.8,v44396889
2011,..,"Sudbury, Ontario",25.90.8,v44396889
2012,..,"Sudbury, Ontario",25.90.8,v44396889
2013,0.00,"Sudbury, Ontario",25.90.8,v44396889
2014,0.00,"Sudbury, Ontario",25.90.8,v44396889
2015,0.00,"Sudbury, Ontario",25.90.8,v44396889
1998,0.00,"Thunder Bay, Ontario",26.90.8,v44413621
1999,0.00,"Thunder Bay, Ontario",26.90.8,v44413621
2000,0.00,"Thunder Bay, Ontario",26.90.8,v44413621
2001,0.00,"Thunder Bay, Ontario",26.90.8,v44413621
2002,0.00,"Thunder Bay, Ontario",26.90.8,v44413621
2003,0.00,"Thunder Bay, Ontario",26.90.8,v44413621
2004,0.00,"Thunder Bay, Ontario",26.90.8,v44413621
2005,0.00,"Thunder Bay, Ontario",26.90.8,v44413621
2006,0.00,"Thunder Bay, Ontario",26.90.8,v44413621
2007,0.00,"Thunder Bay, Ontario",26.90.8,v44413621
2008,..,"Thunder Bay, Ontario",26.90.8,v44413621
2009,..,"Thunder Bay, Ontario",26.90.8,v44413621
2010,..,"Thunder Bay, Ontario",26.90.8,v44413621
2011,..,"Thunder Bay, Ontario",26.90.8,v44413621
2012,..,"Thunder Bay, Ontario",26.90.8,v44413621
2013,0.00,"Thunder Bay, Ontario",26.90.8,v44413621
2014,0.00,"Thunder Bay, Ontario",26.90.8,v44413621
2015,0.00,"Thunder Bay, Ontario",26.90.8,v44413621
1998,0.53,"Manitoba",28.90.8,v44395128
1999,1.16,"Manitoba",28.90.8,v44395128
2000,0.00,"Manitoba",28.90.8,v44395128
2001,0.00,"Manitoba",28.90.8,v44395128
2002,0.00,"Manitoba",28.90.8,v44395128
2003,0.00,"Manitoba",28.90.8,v44395128
2004,0.00,"Manitoba",28.90.8,v44395128
2005,0.00,"Manitoba",28.90.8,v44395128
2006,0.00,"Manitoba",28.90.8,v44395128
2007,0.00,"Manitoba",28.90.8,v44395128
2008,..,"Manitoba",28.90.8,v44395128
2009,..,"Manitoba",28.90.8,v44395128
2010,..,"Manitoba",28.90.8,v44395128
2011,..,"Manitoba",28.90.8,v44395128
2012,..,"Manitoba",28.90.8,v44395128
2013,0.00,"Manitoba",28.90.8,v44395128
2014,0.00,"Manitoba",28.90.8,v44395128
2015,0.00,"Manitoba",28.90.8,v44395128
1998,0.00,"Winnipeg, Manitoba",29.90.8,v44408652
1999,0.00,"Winnipeg, Manitoba",29.90.8,v44408652
2000,0.00,"Winnipeg, Manitoba",29.90.8,v44408652
2001,0.00,"Winnipeg, Manitoba",29.90.8,v44408652
2002,0.00,"Winnipeg, Manitoba",29.90.8,v44408652
2003,0.00,"Winnipeg, Manitoba",29.90.8,v44408652
2004,0.00,"Winnipeg, Manitoba",29.90.8,v44408652
2005,0.00,"Winnipeg, Manitoba",29.90.8,v44408652
2006,0.00,"Winnipeg, Manitoba",29.90.8,v44408652
2007,0.00,"Winnipeg, Manitoba",29.90.8,v44408652
2008,..,"Winnipeg, Manitoba",29.90.8,v44408652
2009,..,"Winnipeg, Manitoba",29.90.8,v44408652
2010,..,"Winnipeg, Manitoba",29.90.8,v44408652
2011,..,"Winnipeg, Manitoba",29.90.8,v44408652
2012,..,"Winnipeg, Manitoba",29.90.8,v44408652
2013,0.00,"Winnipeg, Manitoba",29.90.8,v44408652
2014,0.00,"Winnipeg, Manitoba",29.90.8,v44408652
2015,0.00,"Winnipeg, Manitoba",29.90.8,v44408652
1998,0.36,"Saskatchewan",30.90.8,v44386360
1999,0.12,"Saskatchewan",30.90.8,v44386360
2000,0.12,"Saskatchewan",30.90.8,v44386360
2001,0.00,"Saskatchewan",30.90.8,v44386360
2002,0.00,"Saskatchewan",30.90.8,v44386360
2003,0.00,"Saskatchewan",30.90.8,v44386360
2004,0.00,"Saskatchewan",30.90.8,v44386360
2005,0.00,"Saskatchewan",30.90.8,v44386360
2006,0.00,"Saskatchewan",30.90.8,v44386360
2007,0.00,"Saskatchewan",30.90.8,v44386360
2008,..,"Saskatchewan",30.90.8,v44386360
2009,..,"Saskatchewan",30.90.8,v44386360
2010,..,"Saskatchewan",30.90.8,v44386360
2011,..,"Saskatchewan",30.90.8,v44386360
2012,..,"Saskatchewan",30.90.8,v44386360
2013,0.00,"Saskatchewan",30.90.8,v44386360
2014,0.00,"Saskatchewan",30.90.8,v44386360
2015,0.00,"Saskatchewan",30.90.8,v44386360
1998,0.00,"Regina, Saskatchewan",31.90.8,v44372696
1999,0.00,"Regina, Saskatchewan",31.90.8,v44372696
2000,0.00,"Regina, Saskatchewan",31.90.8,v44372696
2001,0.00,"Regina, Saskatchewan",31.90.8,v44372696
2002,0.00,"Regina, Saskatchewan",31.90.8,v44372696
2003,0.00,"Regina, Saskatchewan",31.90.8,v44372696
2004,0.00,"Regina, Saskatchewan",31.90.8,v44372696
2005,0.00,"Regina, Saskatchewan",31.90.8,v44372696
2006,0.00,"Regina, Saskatchewan",31.90.8,v44372696
2007,0.00,"Regina, Saskatchewan",31.90.8,v44372696
2008,..,"Regina, Saskatchewan",31.90.8,v44372696
2009,..,"Regina, Saskatchewan",31.90.8,v44372696
2010,..,"Regina, Saskatchewan",31.90.8,v44372696
2011,..,"Regina, Saskatchewan",31.90.8,v44372696
2012,..,"Regina, Saskatchewan",31.90.8,v44372696
2013,0.00,"Regina, Saskatchewan",31.90.8,v44372696
2014,0.00,"Regina, Saskatchewan",31.90.8,v44372696
2015,0.00,"Regina, Saskatchewan",31.90.8,v44372696
1998,0.00,"Saskatoon, Saskatchewan",32.90.8,v44336375
1999,0.00,"Saskatoon, Saskatchewan",32.90.8,v44336375
2000,0.00,"Saskatoon, Saskatchewan",32.90.8,v44336375
2001,0.00,"Saskatoon, Saskatchewan",32.90.8,v44336375
2002,0.00,"Saskatoon, Saskatchewan",32.90.8,v44336375
2003,0.00,"Saskatoon, Saskatchewan",32.90.8,v44336375
2004,0.00,"Saskatoon, Saskatchewan",32.90.8,v44336375
2005,0.00,"Saskatoon, Saskatchewan",32.90.8,v44336375
2006,0.00,"Saskatoon, Saskatchewan",32.90.8,v44336375
2007,0.00,"Saskatoon, Saskatchewan",32.90.8,v44336375
2008,..,"Saskatoon, Saskatchewan",32.90.8,v44336375
2009,..,"Saskatoon, Saskatchewan",32.90.8,v44336375
2010,..,"Saskatoon, Saskatchewan",32.90.8,v44336375
2011,..,"Saskatoon, Saskatchewan",32.90.8,v44336375
2012,..,"Saskatoon, Saskatchewan",32.90.8,v44336375
2013,0.00,"Saskatoon, Saskatchewan",32.90.8,v44336375
2014,0.00,"Saskatoon, Saskatchewan",32.90.8,v44336375
2015,0.00,"Saskatoon, Saskatchewan",32.90.8,v44336375
1998,0.67,"Alberta",33.90.8,v44376342
1999,0.24,"Alberta",33.90.8,v44376342
2000,0.04,"Alberta",33.90.8,v44376342
2001,0.00,"Alberta",33.90.8,v44376342
2002,0.00,"Alberta",33.90.8,v44376342
2003,0.00,"Alberta",33.90.8,v44376342
2004,0.00,"Alberta",33.90.8,v44376342
2005,0.00,"Alberta",33.90.8,v44376342
2006,0.00,"Alberta",33.90.8,v44376342
2007,0.00,"Alberta",33.90.8,v44376342
2008,..,"Alberta",33.90.8,v44376342
2009,..,"Alberta",33.90.8,v44376342
2010,..,"Alberta",33.90.8,v44376342
2011,..,"Alberta",33.90.8,v44376342
2012,..,"Alberta",33.90.8,v44376342
2013,0.00,"Alberta",33.90.8,v44376342
2014,0.00,"Alberta",33.90.8,v44376342
2015,0.00,"Alberta",33.90.8,v44376342
1998,0.00,"Calgary, Alberta",34.90.8,v44374908
1999,0.00,"Calgary, Alberta",34.90.8,v44374908
2000,0.00,"Calgary, Alberta",34.90.8,v44374908
2001,0.00,"Calgary, Alberta",34.90.8,v44374908
2002,0.00,"Calgary, Alberta",34.90.8,v44374908
2003,0.00,"Calgary, Alberta",34.90.8,v44374908
2004,0.00,"Calgary, Alberta",34.90.8,v44374908
2005,0.00,"Calgary, Alberta",34.90.8,v44374908
2006,0.00,"Calgary, Alberta",34.90.8,v44374908
2007,0.00,"Calgary, Alberta",34.90.8,v44374908
2008,..,"Calgary, Alberta",34.90.8,v44374908
2009,..,"Calgary, Alberta",34.90.8,v44374908
2010,..,"Calgary, Alberta",34.90.8,v44374908
2011,..,"Calgary, Alberta",34.90.8,v44374908
2012,..,"Calgary, Alberta",34.90.8,v44374908
2013,0.00,"Calgary, Alberta",34.90.8,v44374908
2014,0.00,"Calgary, Alberta",34.90.8,v44374908
2015,0.00,"Calgary, Alberta",34.90.8,v44374908
1998,0.00,"Edmonton, Alberta",35.90.8,v44399350
1999,0.00,"Edmonton, Alberta",35.90.8,v44399350
2000,0.00,"Edmonton, Alberta",35.90.8,v44399350
2001,0.00,"Edmonton, Alberta",35.90.8,v44399350
2002,0.00,"Edmonton, Alberta",35.90.8,v44399350
2003,0.00,"Edmonton, Alberta",35.90.8,v44399350
2004,0.00,"Edmonton, Alberta",35.90.8,v44399350
2005,0.00,"Edmonton, Alberta",35.90.8,v44399350
2006,0.00,"Edmonton, Alberta",35.90.8,v44399350
2007,0.00,"Edmonton, Alberta",35.90.8,v44399350
2008,..,"Edmonton, Alberta",35.90.8,v44399350
2009,..,"Edmonton, Alberta",35.90.8,v44399350
2010,..,"Edmonton, Alberta",35.90.8,v44399350
2011,..,"Edmonton, Alberta",35.90.8,v44399350
2012,..,"Edmonton, Alberta",35.90.8,v44399350
2013,0.00,"Edmonton, Alberta",35.90.8,v44399350
2014,0.00,"Edmonton, Alberta",35.90.8,v44399350
2015,0.00,"Edmonton, Alberta",35.90.8,v44399350
1998,0.32,"British Columbia",36.90.8,v44330848
1999,0.12,"British Columbia",36.90.8,v44330848
2000,0.03,"British Columbia",36.90.8,v44330848
2001,0.00,"British Columbia",36.90.8,v44330848
2002,0.00,"British Columbia",36.90.8,v44330848
2003,0.00,"British Columbia",36.90.8,v44330848
2004,0.00,"British Columbia",36.90.8,v44330848
2005,0.00,"British Columbia",36.90.8,v44330848
2006,0.00,"British Columbia",36.90.8,v44330848
2007,0.00,"British Columbia",36.90.8,v44330848
2008,..,"British Columbia",36.90.8,v44330848
2009,..,"British Columbia",36.90.8,v44330848
2010,..,"British Columbia",36.90.8,v44330848
2011,..,"British Columbia",36.90.8,v44330848
2012,..,"British Columbia",36.90.8,v44330848
2013,0.00,"British Columbia",36.90.8,v44330848
2014,0.00,"British Columbia",36.90.8,v44330848
2015,0.00,"British Columbia",36.90.8,v44330848
2005,..,"Kelowna, British Columbia",48.90.8,v52144232
2006,0.00,"Kelowna, British Columbia",48.90.8,v52144232
2007,0.00,"Kelowna, British Columbia",48.90.8,v52144232
2008,..,"Kelowna, British Columbia",48.90.8,v52144232
2009,..,"Kelowna, British Columbia",48.90.8,v52144232
2010,..,"Kelowna, British Columbia",48.90.8,v52144232
2011,..,"Kelowna, British Columbia",48.90.8,v52144232
2012,..,"Kelowna, British Columbia",48.90.8,v52144232
2013,0.00,"Kelowna, British Columbia",48.90.8,v52144232
2014,0.00,"Kelowna, British Columbia",48.90.8,v52144232
2015,0.00,"Kelowna, British Columbia",48.90.8,v52144232
2000,..,"Abbotsford-Mission, British Columbia",39.90.8,v44353659
2001,0.00,"Abbotsford-Mission, British Columbia",39.90.8,v44353659
2002,0.00,"Abbotsford-Mission, British Columbia",39.90.8,v44353659
2003,0.00,"Abbotsford-Mission, British Columbia",39.90.8,v44353659
2004,0.00,"Abbotsford-Mission, British Columbia",39.90.8,v44353659
2005,0.00,"Abbotsford-Mission, British Columbia",39.90.8,v44353659
2006,0.00,"Abbotsford-Mission, British Columbia",39.90.8,v44353659
2007,0.00,"Abbotsford-Mission, British Columbia",39.90.8,v44353659
2008,..,"Abbotsford-Mission, British Columbia",39.90.8,v44353659
2009,..,"Abbotsford-Mission, British Columbia",39.90.8,v44353659
2010,..,"Abbotsford-Mission, British Columbia",39.90.8,v44353659
2011,..,"Abbotsford-Mission, British Columbia",39.90.8,v44353659
2012,..,"Abbotsford-Mission, British Columbia",39.90.8,v44353659
2013,0.00,"Abbotsford-Mission, British Columbia",39.90.8,v44353659
2014,0.00,"Abbotsford-Mission, British Columbia",39.90.8,v44353659
2015,0.00,"Abbotsford-Mission, British Columbia",39.90.8,v44353659
1998,0.00,"Vancouver, British Columbia",37.90.8,v44343347
1999,0.00,"Vancouver, British Columbia",37.90.8,v44343347
2000,0.00,"Vancouver, British Columbia",37.90.8,v44343347
2001,0.00,"Vancouver, British Columbia",37.90.8,v44343347
2002,0.00,"Vancouver, British Columbia",37.90.8,v44343347
2003,0.00,"Vancouver, British Columbia",37.90.8,v44343347
2004,0.00,"Vancouver, British Columbia",37.90.8,v44343347
2005,0.00,"Vancouver, British Columbia",37.90.8,v44343347
2006,0.00,"Vancouver, British Columbia",37.90.8,v44343347
2007,0.00,"Vancouver, British Columbia",37.90.8,v44343347
2008,..,"Vancouver, British Columbia",37.90.8,v44343347
2009,..,"Vancouver, British Columbia",37.90.8,v44343347
2010,..,"Vancouver, British Columbia",37.90.8,v44343347
2011,..,"Vancouver, British Columbia",37.90.8,v44343347
2012,..,"Vancouver, British Columbia",37.90.8,v44343347
2013,0.00,"Vancouver, British Columbia",37.90.8,v44343347
2014,0.00,"Vancouver, British Columbia",37.90.8,v44343347
2015,0.00,"Vancouver, British Columbia",37.90.8,v44343347
1998,0.00,"Victoria, British Columbia",38.90.8,v44405941
1999,0.00,"Victoria, British Columbia",38.90.8,v44405941
2000,0.00,"Victoria, British Columbia",38.90.8,v44405941
2001,0.00,"Victoria, British Columbia",38.90.8,v44405941
2002,0.00,"Victoria, British Columbia",38.90.8,v44405941
2003,0.00,"Victoria, British Columbia",38.90.8,v44405941
2004,0.00,"Victoria, British Columbia",38.90.8,v44405941
2005,0.00,"Victoria, British Columbia",38.90.8,v44405941
2006,0.00,"Victoria, British Columbia",38.90.8,v44405941
2007,0.00,"Victoria, British Columbia",38.90.8,v44405941
2008,..,"Victoria, British Columbia",38.90.8,v44405941
2009,..,"Victoria, British Columbia",38.90.8,v44405941
2010,..,"Victoria, British Columbia",38.90.8,v44405941
2011,..,"Victoria, British Columbia",38.90.8,v44405941
2012,..,"Victoria, British Columbia",38.90.8,v44405941
2013,0.00,"Victoria, British Columbia",38.90.8,v44405941
2014,0.00,"Victoria, British Columbia",38.90.8,v44405941
2015,0.00,"Victoria, British Columbia",38.90.8,v44405941
1998,0.00,"Yukon",40.90.8,v44354127
1999,0.00,"Yukon",40.90.8,v44354127
2000,0.00,"Yukon",40.90.8,v44354127
2001,0.00,"Yukon",40.90.8,v44354127
2002,0.00,"Yukon",40.90.8,v44354127
2003,0.00,"Yukon",40.90.8,v44354127
2004,0.00,"Yukon",40.90.8,v44354127
2005,0.00,"Yukon",40.90.8,v44354127
2006,0.00,"Yukon",40.90.8,v44354127
2007,0.00,"Yukon",40.90.8,v44354127
2008,..,"Yukon",40.90.8,v44354127
2009,..,"Yukon",40.90.8,v44354127
2010,..,"Yukon",40.90.8,v44354127
2011,..,"Yukon",40.90.8,v44354127
2012,..,"Yukon",40.90.8,v44354127
2013,0.00,"Yukon",40.90.8,v44354127
2014,0.00,"Yukon",40.90.8,v44354127
2015,0.00,"Yukon",40.90.8,v44354127
1998,4.03,"Northwest Territories",41.90.8,v44376514
1999,0.00,"Northwest Territories",41.90.8,v44376514
2000,0.00,"Northwest Territories",41.90.8,v44376514
2001,0.00,"Northwest Territories",41.90.8,v44376514
2002,..,"Northwest Territories",41.90.8,v44376514
2003,0.00,"Northwest Territories",41.90.8,v44376514
2004,0.00,"Northwest Territories",41.90.8,v44376514
2005,0.00,"Northwest Territories",41.90.8,v44376514
2006,0.00,"Northwest Territories",41.90.8,v44376514
2007,0.00,"Northwest Territories",41.90.8,v44376514
2008,..,"Northwest Territories",41.90.8,v44376514
2009,..,"Northwest Territories",41.90.8,v44376514
2010,..,"Northwest Territories",41.90.8,v44376514
2011,..,"Northwest Territories",41.90.8,v44376514
2012,..,"Northwest Territories",41.90.8,v44376514
2013,0.00,"Northwest Territories",41.90.8,v44376514
2014,0.00,"Northwest Territories",41.90.8,v44376514
2015,0.00,"Northwest Territories",41.90.8,v44376514
1998,..,"Nunavut",42.90.8,v44404212
1999,5.40,"Nunavut",42.90.8,v44404212
2000,0.00,"Nunavut",42.90.8,v44404212
2001,0.00,"Nunavut",42.90.8,v44404212
2002,0.00,"Nunavut",42.90.8,v44404212
2003,0.00,"Nunavut",42.90.8,v44404212
2004,0.00,"Nunavut",42.90.8,v44404212
2005,0.00,"Nunavut",42.90.8,v44404212
2006,0.00,"Nunavut",42.90.8,v44404212
2007,0.00,"Nunavut",42.90.8,v44404212
2008,..,"Nunavut",42.90.8,v44404212
2009,..,"Nunavut",42.90.8,v44404212
2010,..,"Nunavut",42.90.8,v44404212
2011,..,"Nunavut",42.90.8,v44404212
2012,..,"Nunavut",42.90.8,v44404212
2013,0.00,"Nunavut",42.90.8,v44404212
2014,0.00,"Nunavut",42.90.8,v44404212
2015,0.00,"Nunavut",42.90.8,v44404212
