2006,..,"Canada",1.83.3,v52136012
2007,..,"Canada",1.83.3,v52136012
2008,268.72,"Canada",1.83.3,v52136012
2009,73.61,"Canada",1.83.3,v52136012
2010,-9.35,"Canada",1.83.3,v52136012
2011,-45.99,"Canada",1.83.3,v52136012
2012,7.06,"Canada",1.83.3,v52136012
2013,-30.30,"Canada",1.83.3,v52136012
2014,72.64,"Canada",1.83.3,v52136012
2015,-18.42,"Canada",1.83.3,v52136012
2006,..,"Newfoundland and Labrador",2.83.3,v61997003
2007,..,"Newfoundland and Labrador",2.83.3,v61997003
2008,0.00,"Newfoundland and Labrador",2.83.3,v61997003
2009,0.00,"Newfoundland and Labrador",2.83.3,v61997003
2010,-1.00,"Newfoundland and Labrador",2.83.3,v61997003
2011,98.83,"Newfoundland and Labrador",2.83.3,v61997003
2012,-100.00,"Newfoundland and Labrador",2.83.3,v61997003
2013,0.00,"Newfoundland and Labrador",2.83.3,v61997003
2014,0.00,"Newfoundland and Labrador",2.83.3,v61997003
2015,0.00,"Newfoundland and Labrador",2.83.3,v61997003
2006,..,"St. John's, Newfoundland and Labrador",3.83.3,v62000153
2007,..,"St. John's, Newfoundland and Labrador",3.83.3,v62000153
2008,0.00,"St. John's, Newfoundland and Labrador",3.83.3,v62000153
2009,0.00,"St. John's, Newfoundland and Labrador",3.83.3,v62000153
2010,-2.37,"St. John's, Newfoundland and Labrador",3.83.3,v62000153
2011,96.23,"St. John's, Newfoundland and Labrador",3.83.3,v62000153
2012,-100.00,"St. John's, Newfoundland and Labrador",3.83.3,v62000153
2013,0.00,"St. John's, Newfoundland and Labrador",3.83.3,v62000153
2014,0.00,"St. John's, Newfoundland and Labrador",3.83.3,v62000153
2015,0.00,"St. John's, Newfoundland and Labrador",3.83.3,v62000153
2006,..,"Prince Edward Island",4.83.3,v62003303
2007,..,"Prince Edward Island",4.83.3,v62003303
2008,0.00,"Prince Edward Island",4.83.3,v62003303
2009,0.00,"Prince Edward Island",4.83.3,v62003303
2010,0.00,"Prince Edward Island",4.83.3,v62003303
2011,0.00,"Prince Edward Island",4.83.3,v62003303
2012,-50.42,"Prince Edward Island",4.83.3,v62003303
2013,-100.00,"Prince Edward Island",4.83.3,v62003303
2014,0.00,"Prince Edward Island",4.83.3,v62003303
2015,0.00,"Prince Edward Island",4.83.3,v62003303
2006,..,"Nova Scotia",5.83.3,v62006453
2007,..,"Nova Scotia",5.83.3,v62006453
2008,0.00,"Nova Scotia",5.83.3,v62006453
2009,0.00,"Nova Scotia",5.83.3,v62006453
2010,0.00,"Nova Scotia",5.83.3,v62006453
2011,-100.00,"Nova Scotia",5.83.3,v62006453
2012,0.00,"Nova Scotia",5.83.3,v62006453
2013,0.00,"Nova Scotia",5.83.3,v62006453
2014,100.13,"Nova Scotia",5.83.3,v62006453
2015,-100.00,"Nova Scotia",5.83.3,v62006453
2006,..,"Halifax, Nova Scotia",6.83.3,v62009603
2007,..,"Halifax, Nova Scotia",6.83.3,v62009603
2008,0.00,"Halifax, Nova Scotia",6.83.3,v62009603
2009,0.00,"Halifax, Nova Scotia",6.83.3,v62009603
2010,0.00,"Halifax, Nova Scotia",6.83.3,v62009603
2011,-100.00,"Halifax, Nova Scotia",6.83.3,v62009603
2012,0.00,"Halifax, Nova Scotia",6.83.3,v62009603
2013,0.00,"Halifax, Nova Scotia",6.83.3,v62009603
2014,98.28,"Halifax, Nova Scotia",6.83.3,v62009603
2015,-100.00,"Halifax, Nova Scotia",6.83.3,v62009603
2006,..,"New Brunswick",7.83.3,v62012753
2007,..,"New Brunswick",7.83.3,v62012753
2008,0.00,"New Brunswick",7.83.3,v62012753
2009,0.00,"New Brunswick",7.83.3,v62012753
2010,-0.41,"New Brunswick",7.83.3,v62012753
2011,-0.33,"New Brunswick",7.83.3,v62012753
2012,-100.00,"New Brunswick",7.83.3,v62012753
2013,0.00,"New Brunswick",7.83.3,v62012753
2014,0.15,"New Brunswick",7.83.3,v62012753
2015,100.19,"New Brunswick",7.83.3,v62012753
2006,..,"Moncton, New Brunswick",43.83.3,v62126153
2007,..,"Moncton, New Brunswick",43.83.3,v62126153
2008,0.00,"Moncton, New Brunswick",43.83.3,v62126153
2009,0.00,"Moncton, New Brunswick",43.83.3,v62126153
2010,-1.68,"Moncton, New Brunswick",43.83.3,v62126153
2011,-100.00,"Moncton, New Brunswick",43.83.3,v62126153
2012,0.00,"Moncton, New Brunswick",43.83.3,v62126153
2013,0.00,"Moncton, New Brunswick",43.83.3,v62126153
2014,0.00,"Moncton, New Brunswick",43.83.3,v62126153
2015,0.00,"Moncton, New Brunswick",43.83.3,v62126153
2006,..,"Saint John, New Brunswick",8.83.3,v62015903
2007,..,"Saint John, New Brunswick",8.83.3,v62015903
2008,0.00,"Saint John, New Brunswick",8.83.3,v62015903
2009,0.00,"Saint John, New Brunswick",8.83.3,v62015903
2010,0.00,"Saint John, New Brunswick",8.83.3,v62015903
2011,0.00,"Saint John, New Brunswick",8.83.3,v62015903
2012,0.00,"Saint John, New Brunswick",8.83.3,v62015903
2013,0.00,"Saint John, New Brunswick",8.83.3,v62015903
2014,0.00,"Saint John, New Brunswick",8.83.3,v62015903
2015,0.00,"Saint John, New Brunswick",8.83.3,v62015903
2006,..,"Quebec",9.83.3,v53084147
2007,..,"Quebec",9.83.3,v53084147
2008,0.00,"Quebec",9.83.3,v53084147
2009,522.00,"Quebec",9.83.3,v53084147
2010,-5.58,"Quebec",9.83.3,v53084147
2011,-36.34,"Quebec",9.83.3,v53084147
2012,39.40,"Quebec",9.83.3,v53084147
2013,-63.47,"Quebec",9.83.3,v53084147
2014,119.81,"Quebec",9.83.3,v53084147
2015,15.44,"Quebec",9.83.3,v53084147
2006,..,"Saguenay, Quebec",10.83.3,v62022203
2007,..,"Saguenay, Quebec",10.83.3,v62022203
2008,0.00,"Saguenay, Quebec",10.83.3,v62022203
2009,0.00,"Saguenay, Quebec",10.83.3,v62022203
2010,-100.00,"Saguenay, Quebec",10.83.3,v62022203
2011,0.00,"Saguenay, Quebec",10.83.3,v62022203
2012,0.00,"Saguenay, Quebec",10.83.3,v62022203
2013,0.00,"Saguenay, Quebec",10.83.3,v62022203
2014,0.00,"Saguenay, Quebec",10.83.3,v62022203
2015,0.00,"Saguenay, Quebec",10.83.3,v62022203
2006,..,"Sherbrooke, Quebec",12.83.3,v62028503
2007,..,"Sherbrooke, Quebec",12.83.3,v62028503
2008,0.00,"Sherbrooke, Quebec",12.83.3,v62028503
2009,0.00,"Sherbrooke, Quebec",12.83.3,v62028503
2010,0.00,"Sherbrooke, Quebec",12.83.3,v62028503
2011,0.00,"Sherbrooke, Quebec",12.83.3,v62028503
2012,0.00,"Sherbrooke, Quebec",12.83.3,v62028503
2013,97.66,"Sherbrooke, Quebec",12.83.3,v62028503
2014,97.38,"Sherbrooke, Quebec",12.83.3,v62028503
2015,-100.00,"Sherbrooke, Quebec",12.83.3,v62028503
2006,..,"Ottawa-Gatineau, Quebec part",15.83.3,v62037953
2007,..,"Ottawa-Gatineau, Quebec part",15.83.3,v62037953
2008,0.00,"Ottawa-Gatineau, Quebec part",15.83.3,v62037953
2009,0.00,"Ottawa-Gatineau, Quebec part",15.83.3,v62037953
2010,-2.00,"Ottawa-Gatineau, Quebec part",15.83.3,v62037953
2011,-34.61,"Ottawa-Gatineau, Quebec part",15.83.3,v62037953
2012,146.87,"Ottawa-Gatineau, Quebec part",15.83.3,v62037953
2013,-100.00,"Ottawa-Gatineau, Quebec part",15.83.3,v62037953
2014,0.00,"Ottawa-Gatineau, Quebec part",15.83.3,v62037953
2015,0.00,"Ottawa-Gatineau, Quebec part",15.83.3,v62037953
2006,..,"Ontario",16.83.3,v53085696
2007,..,"Ontario",16.83.3,v53085696
2008,0.00,"Ontario",16.83.3,v53085696
2009,62.19,"Ontario",16.83.3,v53085696
2010,-17.54,"Ontario",16.83.3,v53085696
2011,-47.18,"Ontario",16.83.3,v53085696
2012,-19.63,"Ontario",16.83.3,v53085696
2013,14.18,"Ontario",16.83.3,v53085696
2014,48.61,"Ontario",16.83.3,v53085696
2015,-60.33,"Ontario",16.83.3,v53085696
2006,..,"Ottawa-Gatineau, Ontario/Quebec",17.83.3,v53080252
2007,..,"Ottawa-Gatineau, Ontario/Quebec",17.83.3,v53080252
2008,0.00,"Ottawa-Gatineau, Ontario/Quebec",17.83.3,v53080252
2009,158.70,"Ottawa-Gatineau, Ontario/Quebec",17.83.3,v53080252
2010,-57.66,"Ottawa-Gatineau, Ontario/Quebec",17.83.3,v53080252
2011,-61.72,"Ottawa-Gatineau, Ontario/Quebec",17.83.3,v53080252
2012,26.95,"Ottawa-Gatineau, Ontario/Quebec",17.83.3,v53080252
2013,-78.03,"Ottawa-Gatineau, Ontario/Quebec",17.83.3,v53080252
2014,97.95,"Ottawa-Gatineau, Ontario/Quebec",17.83.3,v53080252
2015,23.79,"Ottawa-Gatineau, Ontario/Quebec",17.83.3,v53080252
2006,..,"Ottawa-Gatineau, Ontario part",18.83.3,v53085805
2007,..,"Ottawa-Gatineau, Ontario part",18.83.3,v53085805
2008,0.00,"Ottawa-Gatineau, Ontario part",18.83.3,v53085805
2009,140.63,"Ottawa-Gatineau, Ontario part",18.83.3,v53085805
2010,-61.91,"Ottawa-Gatineau, Ontario part",18.83.3,v53085805
2011,-67.15,"Ottawa-Gatineau, Ontario part",18.83.3,v53085805
2012,-21.01,"Ottawa-Gatineau, Ontario part",18.83.3,v53085805
2013,-50.60,"Ottawa-Gatineau, Ontario part",18.83.3,v53085805
2014,97.86,"Ottawa-Gatineau, Ontario part",18.83.3,v53085805
2015,23.69,"Ottawa-Gatineau, Ontario part",18.83.3,v53085805
2006,..,"Kingston, Ontario",27.83.3,v62075753
2007,..,"Kingston, Ontario",27.83.3,v62075753
2008,0.00,"Kingston, Ontario",27.83.3,v62075753
2009,0.00,"Kingston, Ontario",27.83.3,v62075753
2010,0.00,"Kingston, Ontario",27.83.3,v62075753
2011,0.00,"Kingston, Ontario",27.83.3,v62075753
2012,0.00,"Kingston, Ontario",27.83.3,v62075753
2013,0.00,"Kingston, Ontario",27.83.3,v62075753
2014,0.00,"Kingston, Ontario",27.83.3,v62075753
2015,-0.61,"Kingston, Ontario",27.83.3,v62075753
2006,..,"Peterborough, Ontario",44.83.3,v62129303
2007,..,"Peterborough, Ontario",44.83.3,v62129303
2008,0.00,"Peterborough, Ontario",44.83.3,v62129303
2009,0.00,"Peterborough, Ontario",44.83.3,v62129303
2010,-100.00,"Peterborough, Ontario",44.83.3,v62129303
2011,0.00,"Peterborough, Ontario",44.83.3,v62129303
2012,-100.00,"Peterborough, Ontario",44.83.3,v62129303
2013,0.00,"Peterborough, Ontario",44.83.3,v62129303
2014,0.00,"Peterborough, Ontario",44.83.3,v62129303
2015,0.00,"Peterborough, Ontario",44.83.3,v62129303
2006,..,"Toronto, Ontario",19.83.3,v53088245
2007,..,"Toronto, Ontario",19.83.3,v53088245
2008,0.00,"Toronto, Ontario",19.83.3,v53088245
2009,20.56,"Toronto, Ontario",19.83.3,v53088245
2010,29.53,"Toronto, Ontario",19.83.3,v53088245
2011,-52.53,"Toronto, Ontario",19.83.3,v53088245
2012,-43.70,"Toronto, Ontario",19.83.3,v53088245
2013,72.45,"Toronto, Ontario",19.83.3,v53088245
2014,118.42,"Toronto, Ontario",19.83.3,v53088245
2015,-84.04,"Toronto, Ontario",19.83.3,v53088245
2006,..,"Hamilton, Ontario",20.83.3,v53088342
2007,..,"Hamilton, Ontario",20.83.3,v53088342
2008,0.00,"Hamilton, Ontario",20.83.3,v53088342
2009,-0.99,"Hamilton, Ontario",20.83.3,v53088342
2010,-0.52,"Hamilton, Ontario",20.83.3,v53088342
2011,394.71,"Hamilton, Ontario",20.83.3,v53088342
2012,-60.51,"Hamilton, Ontario",20.83.3,v53088342
2013,-1.32,"Hamilton, Ontario",20.83.3,v53088342
2014,-50.57,"Hamilton, Ontario",20.83.3,v53088342
2015,-100.00,"Hamilton, Ontario",20.83.3,v53088342
2006,..,"St.Catharines-Niagara, Ontario",21.83.3,v53092843
2007,..,"St.Catharines-Niagara, Ontario",21.83.3,v53092843
2008,0.00,"St.Catharines-Niagara, Ontario",21.83.3,v53092843
2009,-33.35,"St.Catharines-Niagara, Ontario",21.83.3,v53092843
2010,199.29,"St.Catharines-Niagara, Ontario",21.83.3,v53092843
2011,-83.37,"St.Catharines-Niagara, Ontario",21.83.3,v53092843
2012,-0.35,"St.Catharines-Niagara, Ontario",21.83.3,v53092843
2013,-0.26,"St.Catharines-Niagara, Ontario",21.83.3,v53092843
2014,198.74,"St.Catharines-Niagara, Ontario",21.83.3,v53092843
2015,-0.38,"St.Catharines-Niagara, Ontario",21.83.3,v53092843
2006,..,"Kitchener-Cambridge-Waterloo, Ontario",22.83.3,v62060003
2007,..,"Kitchener-Cambridge-Waterloo, Ontario",22.83.3,v62060003
2008,0.00,"Kitchener-Cambridge-Waterloo, Ontario",22.83.3,v62060003
2009,0.00,"Kitchener-Cambridge-Waterloo, Ontario",22.83.3,v62060003
2010,0.00,"Kitchener-Cambridge-Waterloo, Ontario",22.83.3,v62060003
2011,0.00,"Kitchener-Cambridge-Waterloo, Ontario",22.83.3,v62060003
2012,0.00,"Kitchener-Cambridge-Waterloo, Ontario",22.83.3,v62060003
2013,0.00,"Kitchener-Cambridge-Waterloo, Ontario",22.83.3,v62060003
2014,0.00,"Kitchener-Cambridge-Waterloo, Ontario",22.83.3,v62060003
2015,0.00,"Kitchener-Cambridge-Waterloo, Ontario",22.83.3,v62060003
2006,..,"Brantford, Ontario",45.83.3,v62132453
2007,..,"Brantford, Ontario",45.83.3,v62132453
2008,0.00,"Brantford, Ontario",45.83.3,v62132453
2009,0.00,"Brantford, Ontario",45.83.3,v62132453
2010,0.00,"Brantford, Ontario",45.83.3,v62132453
2011,0.00,"Brantford, Ontario",45.83.3,v62132453
2012,0.00,"Brantford, Ontario",45.83.3,v62132453
2013,0.00,"Brantford, Ontario",45.83.3,v62132453
2014,0.00,"Brantford, Ontario",45.83.3,v62132453
2015,0.00,"Brantford, Ontario",45.83.3,v62132453
2006,..,"Guelph, Ontario",46.83.3,v62135603
2007,..,"Guelph, Ontario",46.83.3,v62135603
2008,0.00,"Guelph, Ontario",46.83.3,v62135603
2009,0.00,"Guelph, Ontario",46.83.3,v62135603
2010,0.00,"Guelph, Ontario",46.83.3,v62135603
2011,-100.00,"Guelph, Ontario",46.83.3,v62135603
2012,0.00,"Guelph, Ontario",46.83.3,v62135603
2013,0.00,"Guelph, Ontario",46.83.3,v62135603
2014,0.00,"Guelph, Ontario",46.83.3,v62135603
2015,0.00,"Guelph, Ontario",46.83.3,v62135603
2006,..,"London, Ontario",23.83.3,v53094985
2007,..,"London, Ontario",23.83.3,v53094985
2008,0.00,"London, Ontario",23.83.3,v53094985
2009,-100.00,"London, Ontario",23.83.3,v53094985
2010,0.00,"London, Ontario",23.83.3,v53094985
2011,-50.32,"London, Ontario",23.83.3,v53094985
2012,-1.00,"London, Ontario",23.83.3,v53094985
2013,-0.84,"London, Ontario",23.83.3,v53094985
2014,-0.78,"London, Ontario",23.83.3,v53094985
2015,-0.73,"London, Ontario",23.83.3,v53094985
2006,..,"Windsor, Ontario",24.83.3,v62066303
2007,..,"Windsor, Ontario",24.83.3,v62066303
2008,0.00,"Windsor, Ontario",24.83.3,v62066303
2009,-100.00,"Windsor, Ontario",24.83.3,v62066303
2010,0.00,"Windsor, Ontario",24.83.3,v62066303
2011,0.00,"Windsor, Ontario",24.83.3,v62066303
2012,-100.00,"Windsor, Ontario",24.83.3,v62066303
2013,0.00,"Windsor, Ontario",24.83.3,v62066303
2014,-100.00,"Windsor, Ontario",24.83.3,v62066303
2015,0.00,"Windsor, Ontario",24.83.3,v62066303
2006,..,"Barrie, Ontario",47.83.3,v62138753
2007,..,"Barrie, Ontario",47.83.3,v62138753
2008,0.00,"Barrie, Ontario",47.83.3,v62138753
2009,0.00,"Barrie, Ontario",47.83.3,v62138753
2010,0.00,"Barrie, Ontario",47.83.3,v62138753
2011,0.00,"Barrie, Ontario",47.83.3,v62138753
2012,0.00,"Barrie, Ontario",47.83.3,v62138753
2013,-100.00,"Barrie, Ontario",47.83.3,v62138753
2014,0.00,"Barrie, Ontario",47.83.3,v62138753
2015,0.00,"Barrie, Ontario",47.83.3,v62138753
2006,..,"Sudbury, Ontario",25.83.3,v62069453
2007,..,"Sudbury, Ontario",25.83.3,v62069453
2008,0.00,"Sudbury, Ontario",25.83.3,v62069453
2009,0.00,"Sudbury, Ontario",25.83.3,v62069453
2010,0.00,"Sudbury, Ontario",25.83.3,v62069453
2011,0.00,"Sudbury, Ontario",25.83.3,v62069453
2012,0.00,"Sudbury, Ontario",25.83.3,v62069453
2013,-100.00,"Sudbury, Ontario",25.83.3,v62069453
2014,0.00,"Sudbury, Ontario",25.83.3,v62069453
2015,0.00,"Sudbury, Ontario",25.83.3,v62069453
2006,..,"Thunder Bay, Ontario",26.83.3,v62072603
2007,..,"Thunder Bay, Ontario",26.83.3,v62072603
2008,0.00,"Thunder Bay, Ontario",26.83.3,v62072603
2009,0.00,"Thunder Bay, Ontario",26.83.3,v62072603
2010,0.00,"Thunder Bay, Ontario",26.83.3,v62072603
2011,0.00,"Thunder Bay, Ontario",26.83.3,v62072603
2012,0.00,"Thunder Bay, Ontario",26.83.3,v62072603
2013,0.00,"Thunder Bay, Ontario",26.83.3,v62072603
2014,0.00,"Thunder Bay, Ontario",26.83.3,v62072603
2015,0.00,"Thunder Bay, Ontario",26.83.3,v62072603
2006,..,"Manitoba",28.83.3,v62078903
2007,..,"Manitoba",28.83.3,v62078903
2008,0.00,"Manitoba",28.83.3,v62078903
2009,0.00,"Manitoba",28.83.3,v62078903
2010,0.00,"Manitoba",28.83.3,v62078903
2011,-1.04,"Manitoba",28.83.3,v62078903
2012,-100.00,"Manitoba",28.83.3,v62078903
2013,0.00,"Manitoba",28.83.3,v62078903
2014,0.00,"Manitoba",28.83.3,v62078903
2015,-75.25,"Manitoba",28.83.3,v62078903
2006,..,"Winnipeg, Manitoba",29.83.3,v62082053
2007,..,"Winnipeg, Manitoba",29.83.3,v62082053
2008,0.00,"Winnipeg, Manitoba",29.83.3,v62082053
2009,0.00,"Winnipeg, Manitoba",29.83.3,v62082053
2010,0.00,"Winnipeg, Manitoba",29.83.3,v62082053
2011,-100.00,"Winnipeg, Manitoba",29.83.3,v62082053
2012,0.00,"Winnipeg, Manitoba",29.83.3,v62082053
2013,0.00,"Winnipeg, Manitoba",29.83.3,v62082053
2014,0.00,"Winnipeg, Manitoba",29.83.3,v62082053
2015,-75.54,"Winnipeg, Manitoba",29.83.3,v62082053
2006,..,"Saskatchewan",30.83.3,v53096260
2007,..,"Saskatchewan",30.83.3,v53096260
2008,0.00,"Saskatchewan",30.83.3,v53096260
2009,-1.68,"Saskatchewan",30.83.3,v53096260
2010,64.03,"Saskatchewan",30.83.3,v53096260
2011,-40.84,"Saskatchewan",30.83.3,v53096260
2012,-1.92,"Saskatchewan",30.83.3,v53096260
2013,-100.00,"Saskatchewan",30.83.3,v53096260
2014,0.00,"Saskatchewan",30.83.3,v53096260
2015,-1.00,"Saskatchewan",30.83.3,v53096260
2006,..,"Regina, Saskatchewan",31.83.3,v62088353
2007,..,"Regina, Saskatchewan",31.83.3,v62088353
2008,0.00,"Regina, Saskatchewan",31.83.3,v62088353
2009,0.00,"Regina, Saskatchewan",31.83.3,v62088353
2010,0.00,"Regina, Saskatchewan",31.83.3,v62088353
2011,0.00,"Regina, Saskatchewan",31.83.3,v62088353
2012,0.00,"Regina, Saskatchewan",31.83.3,v62088353
2013,0.00,"Regina, Saskatchewan",31.83.3,v62088353
2014,0.00,"Regina, Saskatchewan",31.83.3,v62088353
2015,-100.00,"Regina, Saskatchewan",31.83.3,v62088353
2006,..,"Saskatoon, Saskatchewan",32.83.3,v62091503
2007,..,"Saskatoon, Saskatchewan",32.83.3,v62091503
2008,0.00,"Saskatoon, Saskatchewan",32.83.3,v62091503
2009,0.00,"Saskatoon, Saskatchewan",32.83.3,v62091503
2010,-100.00,"Saskatoon, Saskatchewan",32.83.3,v62091503
2011,0.00,"Saskatoon, Saskatchewan",32.83.3,v62091503
2012,-100.00,"Saskatoon, Saskatchewan",32.83.3,v62091503
2013,0.00,"Saskatoon, Saskatchewan",32.83.3,v62091503
2014,0.00,"Saskatoon, Saskatchewan",32.83.3,v62091503
2015,0.00,"Saskatoon, Saskatchewan",32.83.3,v62091503
2006,..,"Alberta",33.83.3,v53090864
2007,..,"Alberta",33.83.3,v53090864
2008,0.00,"Alberta",33.83.3,v53090864
2009,681.88,"Alberta",33.83.3,v53090864
2010,-26.07,"Alberta",33.83.3,v53090864
2011,-83.59,"Alberta",33.83.3,v53090864
2012,289.88,"Alberta",33.83.3,v53090864
2013,-2.97,"Alberta",33.83.3,v53090864
2014,143.14,"Alberta",33.83.3,v53090864
2015,8.02,"Alberta",33.83.3,v53090864
2006,..,"Calgary, Alberta",34.83.3,v62097803
2007,..,"Calgary, Alberta",34.83.3,v62097803
2008,0.00,"Calgary, Alberta",34.83.3,v62097803
2009,0.00,"Calgary, Alberta",34.83.3,v62097803
2010,-100.00,"Calgary, Alberta",34.83.3,v62097803
2011,0.00,"Calgary, Alberta",34.83.3,v62097803
2012,-3.18,"Calgary, Alberta",34.83.3,v62097803
2013,-4.26,"Calgary, Alberta",34.83.3,v62097803
2014,190.28,"Calgary, Alberta",34.83.3,v62097803
2015,-2.20,"Calgary, Alberta",34.83.3,v62097803
2006,..,"Edmonton, Alberta",35.83.3,v62100953
2007,..,"Edmonton, Alberta",35.83.3,v62100953
2008,0.00,"Edmonton, Alberta",35.83.3,v62100953
2009,0.00,"Edmonton, Alberta",35.83.3,v62100953
2010,-83.63,"Edmonton, Alberta",35.83.3,v62100953
2011,-100.00,"Edmonton, Alberta",35.83.3,v62100953
2012,0.00,"Edmonton, Alberta",35.83.3,v62100953
2013,-100.00,"Edmonton, Alberta",35.83.3,v62100953
2014,0.00,"Edmonton, Alberta",35.83.3,v62100953
2015,63.10,"Edmonton, Alberta",35.83.3,v62100953
2006,..,"British Columbia",36.83.3,v52137557
2007,..,"British Columbia",36.83.3,v52137557
2008,21.08,"British Columbia",36.83.3,v52137557
2009,-45.22,"British Columbia",36.83.3,v52137557
2010,-20.99,"British Columbia",36.83.3,v52137557
2011,-75.18,"British Columbia",36.83.3,v52137557
2012,98.09,"British Columbia",36.83.3,v52137557
2013,-17.39,"British Columbia",36.83.3,v52137557
2014,-80.24,"British Columbia",36.83.3,v52137557
2015,593.31,"British Columbia",36.83.3,v52137557
2006,..,"Kelowna, British Columbia",48.83.3,v53093966
2007,..,"Kelowna, British Columbia",48.83.3,v53093966
2008,0.00,"Kelowna, British Columbia",48.83.3,v53093966
2009,145.55,"Kelowna, British Columbia",48.83.3,v53093966
2010,-41.03,"Kelowna, British Columbia",48.83.3,v53093966
2011,-66.88,"Kelowna, British Columbia",48.83.3,v53093966
2012,-100.00,"Kelowna, British Columbia",48.83.3,v53093966
2013,0.00,"Kelowna, British Columbia",48.83.3,v53093966
2014,0.00,"Kelowna, British Columbia",48.83.3,v53093966
2015,0.00,"Kelowna, British Columbia",48.83.3,v53093966
2006,..,"Abbotsford-Mission, British Columbia",39.83.3,v62113553
2007,..,"Abbotsford-Mission, British Columbia",39.83.3,v62113553
2008,0.00,"Abbotsford-Mission, British Columbia",39.83.3,v62113553
2009,0.00,"Abbotsford-Mission, British Columbia",39.83.3,v62113553
2010,0.00,"Abbotsford-Mission, British Columbia",39.83.3,v62113553
2011,-100.00,"Abbotsford-Mission, British Columbia",39.83.3,v62113553
2012,0.00,"Abbotsford-Mission, British Columbia",39.83.3,v62113553
2013,0.00,"Abbotsford-Mission, British Columbia",39.83.3,v62113553
2014,0.00,"Abbotsford-Mission, British Columbia",39.83.3,v62113553
2015,0.00,"Abbotsford-Mission, British Columbia",39.83.3,v62113553
2006,..,"Vancouver, British Columbia",37.83.3,v52137686
2007,..,"Vancouver, British Columbia",37.83.3,v52137686
2008,-50.80,"Vancouver, British Columbia",37.83.3,v52137686
2009,-51.02,"Vancouver, British Columbia",37.83.3,v52137686
2010,-34.55,"Vancouver, British Columbia",37.83.3,v52137686
2011,-100.00,"Vancouver, British Columbia",37.83.3,v52137686
2012,0.00,"Vancouver, British Columbia",37.83.3,v52137686
2013,-34.17,"Vancouver, British Columbia",37.83.3,v52137686
2014,-50.75,"Vancouver, British Columbia",37.83.3,v52137686
2015,196.57,"Vancouver, British Columbia",37.83.3,v52137686
2006,..,"Victoria, British Columbia",38.83.3,v53098311
2007,..,"Victoria, British Columbia",38.83.3,v53098311
2008,0.00,"Victoria, British Columbia",38.83.3,v53098311
2009,-100.00,"Victoria, British Columbia",38.83.3,v53098311
2010,0.00,"Victoria, British Columbia",38.83.3,v53098311
2011,-0.25,"Victoria, British Columbia",38.83.3,v53098311
2012,98.41,"Victoria, British Columbia",38.83.3,v53098311
2013,-50.35,"Victoria, British Columbia",38.83.3,v53098311
2014,-100.00,"Victoria, British Columbia",38.83.3,v53098311
2015,0.00,"Victoria, British Columbia",38.83.3,v53098311
2006,..,"Yukon",40.83.3,v62116703
2007,..,"Yukon",40.83.3,v62116703
2008,0.00,"Yukon",40.83.3,v62116703
2009,0.00,"Yukon",40.83.3,v62116703
2010,0.00,"Yukon",40.83.3,v62116703
2011,0.00,"Yukon",40.83.3,v62116703
2012,0.00,"Yukon",40.83.3,v62116703
2013,0.00,"Yukon",40.83.3,v62116703
2014,0.00,"Yukon",40.83.3,v62116703
2015,0.00,"Yukon",40.83.3,v62116703
2006,..,"Northwest Territories",41.83.3,v62119853
2007,..,"Northwest Territories",41.83.3,v62119853
2008,0.00,"Northwest Territories",41.83.3,v62119853
2009,0.00,"Northwest Territories",41.83.3,v62119853
2010,0.00,"Northwest Territories",41.83.3,v62119853
2011,-100.00,"Northwest Territories",41.83.3,v62119853
2012,0.00,"Northwest Territories",41.83.3,v62119853
2013,0.00,"Northwest Territories",41.83.3,v62119853
2014,0.00,"Northwest Territories",41.83.3,v62119853
2015,0.00,"Northwest Territories",41.83.3,v62119853
2006,..,"Nunavut",42.83.3,v62123003
2007,..,"Nunavut",42.83.3,v62123003
2008,0.00,"Nunavut",42.83.3,v62123003
2009,0.00,"Nunavut",42.83.3,v62123003
2010,0.00,"Nunavut",42.83.3,v62123003
2011,0.00,"Nunavut",42.83.3,v62123003
2012,0.00,"Nunavut",42.83.3,v62123003
2013,0.00,"Nunavut",42.83.3,v62123003
2014,0.00,"Nunavut",42.83.3,v62123003
2015,0.00,"Nunavut",42.83.3,v62123003
