1998,1357.00,"Canada",1.94.7,v44390591
1999,3722.00,"Canada",1.94.7,v44390591
2000,4122.00,"Canada",1.94.7,v44390591
2001,5141.00,"Canada",1.94.7,v44390591
2002,5358.00,"Canada",1.94.7,v44390591
2003,5536.00,"Canada",1.94.7,v44390591
2004,6032.00,"Canada",1.94.7,v44390591
2005,6850.00,"Canada",1.94.7,v44390591
2006,7532.00,"Canada",1.94.7,v44390591
2007,7268.00,"Canada",1.94.7,v44390591
2008,6748.00,"Canada",1.94.7,v44390591
2009,6511.00,"Canada",1.94.7,v44390591
2010,6524.00,"Canada",1.94.7,v44390591
2011,6218.00,"Canada",1.94.7,v44390591
2012,6264.00,"Canada",1.94.7,v44390591
2013,6430.00,"Canada",1.94.7,v44390591
2014,6729.00,"Canada",1.94.7,v44390591
2015,7281.00,"Canada",1.94.7,v44390591
1998,1.00,"Newfoundland and Labrador",2.94.7,v44381259
1999,10.00,"Newfoundland and Labrador",2.94.7,v44381259
2000,22.00,"Newfoundland and Labrador",2.94.7,v44381259
2001,29.00,"Newfoundland and Labrador",2.94.7,v44381259
2002,33.00,"Newfoundland and Labrador",2.94.7,v44381259
2003,32.00,"Newfoundland and Labrador",2.94.7,v44381259
2004,31.00,"Newfoundland and Labrador",2.94.7,v44381259
2005,41.00,"Newfoundland and Labrador",2.94.7,v44381259
2006,35.00,"Newfoundland and Labrador",2.94.7,v44381259
2007,46.00,"Newfoundland and Labrador",2.94.7,v44381259
2008,40.00,"Newfoundland and Labrador",2.94.7,v44381259
2009,55.00,"Newfoundland and Labrador",2.94.7,v44381259
2010,55.00,"Newfoundland and Labrador",2.94.7,v44381259
2011,37.00,"Newfoundland and Labrador",2.94.7,v44381259
2012,47.00,"Newfoundland and Labrador",2.94.7,v44381259
2013,67.00,"Newfoundland and Labrador",2.94.7,v44381259
2014,47.00,"Newfoundland and Labrador",2.94.7,v44381259
2015,35.00,"Newfoundland and Labrador",2.94.7,v44381259
1998,0.00,"St. John's, Newfoundland and Labrador",3.94.7,v44357975
1999,4.00,"St. John's, Newfoundland and Labrador",3.94.7,v44357975
2000,4.00,"St. John's, Newfoundland and Labrador",3.94.7,v44357975
2001,15.00,"St. John's, Newfoundland and Labrador",3.94.7,v44357975
2002,6.00,"St. John's, Newfoundland and Labrador",3.94.7,v44357975
2003,14.00,"St. John's, Newfoundland and Labrador",3.94.7,v44357975
2004,12.00,"St. John's, Newfoundland and Labrador",3.94.7,v44357975
2005,18.00,"St. John's, Newfoundland and Labrador",3.94.7,v44357975
2006,20.00,"St. John's, Newfoundland and Labrador",3.94.7,v44357975
2007,27.00,"St. John's, Newfoundland and Labrador",3.94.7,v44357975
2008,21.00,"St. John's, Newfoundland and Labrador",3.94.7,v44357975
2009,21.00,"St. John's, Newfoundland and Labrador",3.94.7,v44357975
2010,32.00,"St. John's, Newfoundland and Labrador",3.94.7,v44357975
2011,12.00,"St. John's, Newfoundland and Labrador",3.94.7,v44357975
2012,26.00,"St. John's, Newfoundland and Labrador",3.94.7,v44357975
2013,37.00,"St. John's, Newfoundland and Labrador",3.94.7,v44357975
2014,26.00,"St. John's, Newfoundland and Labrador",3.94.7,v44357975
2015,14.00,"St. John's, Newfoundland and Labrador",3.94.7,v44357975
1998,2.00,"Prince Edward Island",4.94.7,v44384027
1999,3.00,"Prince Edward Island",4.94.7,v44384027
2000,5.00,"Prince Edward Island",4.94.7,v44384027
2001,9.00,"Prince Edward Island",4.94.7,v44384027
2002,5.00,"Prince Edward Island",4.94.7,v44384027
2003,12.00,"Prince Edward Island",4.94.7,v44384027
2004,12.00,"Prince Edward Island",4.94.7,v44384027
2005,14.00,"Prince Edward Island",4.94.7,v44384027
2006,19.00,"Prince Edward Island",4.94.7,v44384027
2007,8.00,"Prince Edward Island",4.94.7,v44384027
2008,6.00,"Prince Edward Island",4.94.7,v44384027
2009,10.00,"Prince Edward Island",4.94.7,v44384027
2010,4.00,"Prince Edward Island",4.94.7,v44384027
2011,10.00,"Prince Edward Island",4.94.7,v44384027
2012,11.00,"Prince Edward Island",4.94.7,v44384027
2013,11.00,"Prince Edward Island",4.94.7,v44384027
2014,7.00,"Prince Edward Island",4.94.7,v44384027
2015,5.00,"Prince Edward Island",4.94.7,v44384027
1998,25.00,"Nova Scotia",5.94.7,v44397325
1999,47.00,"Nova Scotia",5.94.7,v44397325
2000,83.00,"Nova Scotia",5.94.7,v44397325
2001,88.00,"Nova Scotia",5.94.7,v44397325
2002,89.00,"Nova Scotia",5.94.7,v44397325
2003,119.00,"Nova Scotia",5.94.7,v44397325
2004,155.00,"Nova Scotia",5.94.7,v44397325
2005,172.00,"Nova Scotia",5.94.7,v44397325
2006,218.00,"Nova Scotia",5.94.7,v44397325
2007,237.00,"Nova Scotia",5.94.7,v44397325
2008,232.00,"Nova Scotia",5.94.7,v44397325
2009,206.00,"Nova Scotia",5.94.7,v44397325
2010,246.00,"Nova Scotia",5.94.7,v44397325
2011,296.00,"Nova Scotia",5.94.7,v44397325
2012,211.00,"Nova Scotia",5.94.7,v44397325
2013,186.00,"Nova Scotia",5.94.7,v44397325
2014,200.00,"Nova Scotia",5.94.7,v44397325
2015,168.00,"Nova Scotia",5.94.7,v44397325
1998,10.00,"Halifax, Nova Scotia",6.94.7,v44362021
1999,26.00,"Halifax, Nova Scotia",6.94.7,v44362021
2000,25.00,"Halifax, Nova Scotia",6.94.7,v44362021
2001,31.00,"Halifax, Nova Scotia",6.94.7,v44362021
2002,30.00,"Halifax, Nova Scotia",6.94.7,v44362021
2003,47.00,"Halifax, Nova Scotia",6.94.7,v44362021
2004,66.00,"Halifax, Nova Scotia",6.94.7,v44362021
2005,87.00,"Halifax, Nova Scotia",6.94.7,v44362021
2006,113.00,"Halifax, Nova Scotia",6.94.7,v44362021
2007,137.00,"Halifax, Nova Scotia",6.94.7,v44362021
2008,144.00,"Halifax, Nova Scotia",6.94.7,v44362021
2009,125.00,"Halifax, Nova Scotia",6.94.7,v44362021
2010,144.00,"Halifax, Nova Scotia",6.94.7,v44362021
2011,181.00,"Halifax, Nova Scotia",6.94.7,v44362021
2012,108.00,"Halifax, Nova Scotia",6.94.7,v44362021
2013,117.00,"Halifax, Nova Scotia",6.94.7,v44362021
2014,114.00,"Halifax, Nova Scotia",6.94.7,v44362021
2015,91.00,"Halifax, Nova Scotia",6.94.7,v44362021
1998,26.00,"New Brunswick",7.94.7,v44359591
1999,59.00,"New Brunswick",7.94.7,v44359591
2000,61.00,"New Brunswick",7.94.7,v44359591
2001,73.00,"New Brunswick",7.94.7,v44359591
2002,65.00,"New Brunswick",7.94.7,v44359591
2003,92.00,"New Brunswick",7.94.7,v44359591
2004,81.00,"New Brunswick",7.94.7,v44359591
2005,65.00,"New Brunswick",7.94.7,v44359591
2006,98.00,"New Brunswick",7.94.7,v44359591
2007,105.00,"New Brunswick",7.94.7,v44359591
2008,108.00,"New Brunswick",7.94.7,v44359591
2009,78.00,"New Brunswick",7.94.7,v44359591
2010,92.00,"New Brunswick",7.94.7,v44359591
2011,69.00,"New Brunswick",7.94.7,v44359591
2012,73.00,"New Brunswick",7.94.7,v44359591
2013,92.00,"New Brunswick",7.94.7,v44359591
2014,77.00,"New Brunswick",7.94.7,v44359591
2015,87.00,"New Brunswick",7.94.7,v44359591
2005,..,"Moncton, New Brunswick",43.94.7,v52121265
2006,18.00,"Moncton, New Brunswick",43.94.7,v52121265
2007,19.00,"Moncton, New Brunswick",43.94.7,v52121265
2008,24.00,"Moncton, New Brunswick",43.94.7,v52121265
2009,9.00,"Moncton, New Brunswick",43.94.7,v52121265
2010,12.00,"Moncton, New Brunswick",43.94.7,v52121265
2011,19.00,"Moncton, New Brunswick",43.94.7,v52121265
2012,16.00,"Moncton, New Brunswick",43.94.7,v52121265
2013,11.00,"Moncton, New Brunswick",43.94.7,v52121265
2014,16.00,"Moncton, New Brunswick",43.94.7,v52121265
2015,16.00,"Moncton, New Brunswick",43.94.7,v52121265
1998,8.00,"Saint John, New Brunswick",8.94.7,v44362932
1999,38.00,"Saint John, New Brunswick",8.94.7,v44362932
2000,7.00,"Saint John, New Brunswick",8.94.7,v44362932
2001,10.00,"Saint John, New Brunswick",8.94.7,v44362932
2002,11.00,"Saint John, New Brunswick",8.94.7,v44362932
2003,14.00,"Saint John, New Brunswick",8.94.7,v44362932
2004,10.00,"Saint John, New Brunswick",8.94.7,v44362932
2005,11.00,"Saint John, New Brunswick",8.94.7,v44362932
2006,23.00,"Saint John, New Brunswick",8.94.7,v44362932
2007,21.00,"Saint John, New Brunswick",8.94.7,v44362932
2008,22.00,"Saint John, New Brunswick",8.94.7,v44362932
2009,16.00,"Saint John, New Brunswick",8.94.7,v44362932
2010,23.00,"Saint John, New Brunswick",8.94.7,v44362932
2011,6.00,"Saint John, New Brunswick",8.94.7,v44362932
2012,24.00,"Saint John, New Brunswick",8.94.7,v44362932
2013,32.00,"Saint John, New Brunswick",8.94.7,v44362932
2014,24.00,"Saint John, New Brunswick",8.94.7,v44362932
2015,20.00,"Saint John, New Brunswick",8.94.7,v44362932
1998,156.00,"Quebec",9.94.7,v44386108
1999,603.00,"Quebec",9.94.7,v44386108
2000,380.00,"Quebec",9.94.7,v44386108
2001,415.00,"Quebec",9.94.7,v44386108
2002,408.00,"Quebec",9.94.7,v44386108
2003,449.00,"Quebec",9.94.7,v44386108
2004,402.00,"Quebec",9.94.7,v44386108
2005,460.00,"Quebec",9.94.7,v44386108
2006,520.00,"Quebec",9.94.7,v44386108
2007,515.00,"Quebec",9.94.7,v44386108
2008,561.00,"Quebec",9.94.7,v44386108
2009,547.00,"Quebec",9.94.7,v44386108
2010,577.00,"Quebec",9.94.7,v44386108
2011,655.00,"Quebec",9.94.7,v44386108
2012,732.00,"Quebec",9.94.7,v44386108
2013,727.00,"Quebec",9.94.7,v44386108
2014,725.00,"Quebec",9.94.7,v44386108
2015,798.00,"Quebec",9.94.7,v44386108
1998,1.00,"Saguenay, Quebec",10.94.7,v44395372
1999,6.00,"Saguenay, Quebec",10.94.7,v44395372
2000,9.00,"Saguenay, Quebec",10.94.7,v44395372
2001,8.00,"Saguenay, Quebec",10.94.7,v44395372
2002,3.00,"Saguenay, Quebec",10.94.7,v44395372
2003,2.00,"Saguenay, Quebec",10.94.7,v44395372
2004,2.00,"Saguenay, Quebec",10.94.7,v44395372
2005,4.00,"Saguenay, Quebec",10.94.7,v44395372
2006,4.00,"Saguenay, Quebec",10.94.7,v44395372
2007,4.00,"Saguenay, Quebec",10.94.7,v44395372
2008,4.00,"Saguenay, Quebec",10.94.7,v44395372
2009,4.00,"Saguenay, Quebec",10.94.7,v44395372
2010,3.00,"Saguenay, Quebec",10.94.7,v44395372
2011,9.00,"Saguenay, Quebec",10.94.7,v44395372
2012,13.00,"Saguenay, Quebec",10.94.7,v44395372
2013,11.00,"Saguenay, Quebec",10.94.7,v44395372
2014,13.00,"Saguenay, Quebec",10.94.7,v44395372
2015,14.00,"Saguenay, Quebec",10.94.7,v44395372
1998,3.00,"Sherbrooke, Quebec",12.94.7,v44349015
1999,3.00,"Sherbrooke, Quebec",12.94.7,v44349015
2000,7.00,"Sherbrooke, Quebec",12.94.7,v44349015
2001,4.00,"Sherbrooke, Quebec",12.94.7,v44349015
2002,5.00,"Sherbrooke, Quebec",12.94.7,v44349015
2003,7.00,"Sherbrooke, Quebec",12.94.7,v44349015
2004,13.00,"Sherbrooke, Quebec",12.94.7,v44349015
2005,13.00,"Sherbrooke, Quebec",12.94.7,v44349015
2006,9.00,"Sherbrooke, Quebec",12.94.7,v44349015
2007,4.00,"Sherbrooke, Quebec",12.94.7,v44349015
2008,10.00,"Sherbrooke, Quebec",12.94.7,v44349015
2009,13.00,"Sherbrooke, Quebec",12.94.7,v44349015
2010,16.00,"Sherbrooke, Quebec",12.94.7,v44349015
2011,16.00,"Sherbrooke, Quebec",12.94.7,v44349015
2012,21.00,"Sherbrooke, Quebec",12.94.7,v44349015
2013,12.00,"Sherbrooke, Quebec",12.94.7,v44349015
2014,28.00,"Sherbrooke, Quebec",12.94.7,v44349015
2015,25.00,"Sherbrooke, Quebec",12.94.7,v44349015
1998,5.00,"Ottawa-Gatineau, Quebec part",15.94.7,v44341642
1999,11.00,"Ottawa-Gatineau, Quebec part",15.94.7,v44341642
2000,7.00,"Ottawa-Gatineau, Quebec part",15.94.7,v44341642
2001,25.00,"Ottawa-Gatineau, Quebec part",15.94.7,v44341642
2002,13.00,"Ottawa-Gatineau, Quebec part",15.94.7,v44341642
2003,6.00,"Ottawa-Gatineau, Quebec part",15.94.7,v44341642
2004,9.00,"Ottawa-Gatineau, Quebec part",15.94.7,v44341642
2005,25.00,"Ottawa-Gatineau, Quebec part",15.94.7,v44341642
2006,20.00,"Ottawa-Gatineau, Quebec part",15.94.7,v44341642
2007,22.00,"Ottawa-Gatineau, Quebec part",15.94.7,v44341642
2008,22.00,"Ottawa-Gatineau, Quebec part",15.94.7,v44341642
2009,36.00,"Ottawa-Gatineau, Quebec part",15.94.7,v44341642
2010,22.00,"Ottawa-Gatineau, Quebec part",15.94.7,v44341642
2011,26.00,"Ottawa-Gatineau, Quebec part",15.94.7,v44341642
2012,22.00,"Ottawa-Gatineau, Quebec part",15.94.7,v44341642
2013,40.00,"Ottawa-Gatineau, Quebec part",15.94.7,v44341642
2014,75.00,"Ottawa-Gatineau, Quebec part",15.94.7,v44341642
2015,53.00,"Ottawa-Gatineau, Quebec part",15.94.7,v44341642
1998,608.00,"Ontario",16.94.7,v44386716
1999,1595.00,"Ontario",16.94.7,v44386716
2000,1851.00,"Ontario",16.94.7,v44386716
2001,2085.00,"Ontario",16.94.7,v44386716
2002,2125.00,"Ontario",16.94.7,v44386716
2003,1941.00,"Ontario",16.94.7,v44386716
2004,2199.00,"Ontario",16.94.7,v44386716
2005,2800.00,"Ontario",16.94.7,v44386716
2006,3025.00,"Ontario",16.94.7,v44386716
2007,2768.00,"Ontario",16.94.7,v44386716
2008,2514.00,"Ontario",16.94.7,v44386716
2009,2349.00,"Ontario",16.94.7,v44386716
2010,2358.00,"Ontario",16.94.7,v44386716
2011,2057.00,"Ontario",16.94.7,v44386716
2012,2014.00,"Ontario",16.94.7,v44386716
2013,2126.00,"Ontario",16.94.7,v44386716
2014,2074.00,"Ontario",16.94.7,v44386716
2015,2248.00,"Ontario",16.94.7,v44386716
1998,19.00,"Ottawa-Gatineau, Ontario/Quebec",17.94.7,v52148523
1999,59.00,"Ottawa-Gatineau, Ontario/Quebec",17.94.7,v52148523
2000,98.00,"Ottawa-Gatineau, Ontario/Quebec",17.94.7,v52148523
2001,136.00,"Ottawa-Gatineau, Ontario/Quebec",17.94.7,v52148523
2002,115.00,"Ottawa-Gatineau, Ontario/Quebec",17.94.7,v52148523
2003,97.00,"Ottawa-Gatineau, Ontario/Quebec",17.94.7,v52148523
2004,157.00,"Ottawa-Gatineau, Ontario/Quebec",17.94.7,v52148523
2005,165.00,"Ottawa-Gatineau, Ontario/Quebec",17.94.7,v52148523
2006,199.00,"Ottawa-Gatineau, Ontario/Quebec",17.94.7,v52148523
2007,185.00,"Ottawa-Gatineau, Ontario/Quebec",17.94.7,v52148523
2008,156.00,"Ottawa-Gatineau, Ontario/Quebec",17.94.7,v52148523
2009,162.00,"Ottawa-Gatineau, Ontario/Quebec",17.94.7,v52148523
2010,119.00,"Ottawa-Gatineau, Ontario/Quebec",17.94.7,v52148523
2011,135.00,"Ottawa-Gatineau, Ontario/Quebec",17.94.7,v52148523
2012,128.00,"Ottawa-Gatineau, Ontario/Quebec",17.94.7,v52148523
2013,142.00,"Ottawa-Gatineau, Ontario/Quebec",17.94.7,v52148523
2014,186.00,"Ottawa-Gatineau, Ontario/Quebec",17.94.7,v52148523
2015,153.00,"Ottawa-Gatineau, Ontario/Quebec",17.94.7,v52148523
1998,14.00,"Ottawa-Gatineau, Ontario part",18.94.7,v44328706
1999,48.00,"Ottawa-Gatineau, Ontario part",18.94.7,v44328706
2000,91.00,"Ottawa-Gatineau, Ontario part",18.94.7,v44328706
2001,111.00,"Ottawa-Gatineau, Ontario part",18.94.7,v44328706
2002,102.00,"Ottawa-Gatineau, Ontario part",18.94.7,v44328706
2003,91.00,"Ottawa-Gatineau, Ontario part",18.94.7,v44328706
2004,148.00,"Ottawa-Gatineau, Ontario part",18.94.7,v44328706
2005,140.00,"Ottawa-Gatineau, Ontario part",18.94.7,v44328706
2006,179.00,"Ottawa-Gatineau, Ontario part",18.94.7,v44328706
2007,163.00,"Ottawa-Gatineau, Ontario part",18.94.7,v44328706
2008,134.00,"Ottawa-Gatineau, Ontario part",18.94.7,v44328706
2009,126.00,"Ottawa-Gatineau, Ontario part",18.94.7,v44328706
2010,97.00,"Ottawa-Gatineau, Ontario part",18.94.7,v44328706
2011,109.00,"Ottawa-Gatineau, Ontario part",18.94.7,v44328706
2012,106.00,"Ottawa-Gatineau, Ontario part",18.94.7,v44328706
2013,102.00,"Ottawa-Gatineau, Ontario part",18.94.7,v44328706
2014,111.00,"Ottawa-Gatineau, Ontario part",18.94.7,v44328706
2015,100.00,"Ottawa-Gatineau, Ontario part",18.94.7,v44328706
2000,..,"Kingston, Ontario",27.94.7,v44397778
2001,26.00,"Kingston, Ontario",27.94.7,v44397778
2002,14.00,"Kingston, Ontario",27.94.7,v44397778
2003,46.00,"Kingston, Ontario",27.94.7,v44397778
2004,37.00,"Kingston, Ontario",27.94.7,v44397778
2005,40.00,"Kingston, Ontario",27.94.7,v44397778
2006,52.00,"Kingston, Ontario",27.94.7,v44397778
2007,37.00,"Kingston, Ontario",27.94.7,v44397778
2008,53.00,"Kingston, Ontario",27.94.7,v44397778
2009,32.00,"Kingston, Ontario",27.94.7,v44397778
2010,35.00,"Kingston, Ontario",27.94.7,v44397778
2011,28.00,"Kingston, Ontario",27.94.7,v44397778
2012,22.00,"Kingston, Ontario",27.94.7,v44397778
2013,23.00,"Kingston, Ontario",27.94.7,v44397778
2014,31.00,"Kingston, Ontario",27.94.7,v44397778
2015,21.00,"Kingston, Ontario",27.94.7,v44397778
2005,..,"Peterborough, Ontario",44.94.7,v52122686
2006,34.00,"Peterborough, Ontario",44.94.7,v52122686
2007,29.00,"Peterborough, Ontario",44.94.7,v52122686
2008,40.00,"Peterborough, Ontario",44.94.7,v52122686
2009,18.00,"Peterborough, Ontario",44.94.7,v52122686
2010,18.00,"Peterborough, Ontario",44.94.7,v52122686
2011,27.00,"Peterborough, Ontario",44.94.7,v52122686
2012,14.00,"Peterborough, Ontario",44.94.7,v52122686
2013,37.00,"Peterborough, Ontario",44.94.7,v52122686
2014,27.00,"Peterborough, Ontario",44.94.7,v52122686
2015,29.00,"Peterborough, Ontario",44.94.7,v52122686
1998,305.00,"Toronto, Ontario",19.94.7,v44325670
1999,671.00,"Toronto, Ontario",19.94.7,v44325670
2000,856.00,"Toronto, Ontario",19.94.7,v44325670
2001,939.00,"Toronto, Ontario",19.94.7,v44325670
2002,836.00,"Toronto, Ontario",19.94.7,v44325670
2003,799.00,"Toronto, Ontario",19.94.7,v44325670
2004,813.00,"Toronto, Ontario",19.94.7,v44325670
2005,1346.00,"Toronto, Ontario",19.94.7,v44325670
2006,1488.00,"Toronto, Ontario",19.94.7,v44325670
2007,1215.00,"Toronto, Ontario",19.94.7,v44325670
2008,1104.00,"Toronto, Ontario",19.94.7,v44325670
2009,1044.00,"Toronto, Ontario",19.94.7,v44325670
2010,1065.00,"Toronto, Ontario",19.94.7,v44325670
2011,872.00,"Toronto, Ontario",19.94.7,v44325670
2012,817.00,"Toronto, Ontario",19.94.7,v44325670
2013,845.00,"Toronto, Ontario",19.94.7,v44325670
2014,865.00,"Toronto, Ontario",19.94.7,v44325670
2015,955.00,"Toronto, Ontario",19.94.7,v44325670
1998,27.00,"Hamilton, Ontario",20.94.7,v44329401
1999,43.00,"Hamilton, Ontario",20.94.7,v44329401
2000,84.00,"Hamilton, Ontario",20.94.7,v44329401
2001,72.00,"Hamilton, Ontario",20.94.7,v44329401
2002,101.00,"Hamilton, Ontario",20.94.7,v44329401
2003,68.00,"Hamilton, Ontario",20.94.7,v44329401
2004,96.00,"Hamilton, Ontario",20.94.7,v44329401
2005,79.00,"Hamilton, Ontario",20.94.7,v44329401
2006,60.00,"Hamilton, Ontario",20.94.7,v44329401
2007,84.00,"Hamilton, Ontario",20.94.7,v44329401
2008,50.00,"Hamilton, Ontario",20.94.7,v44329401
2009,47.00,"Hamilton, Ontario",20.94.7,v44329401
2010,66.00,"Hamilton, Ontario",20.94.7,v44329401
2011,50.00,"Hamilton, Ontario",20.94.7,v44329401
2012,57.00,"Hamilton, Ontario",20.94.7,v44329401
2013,45.00,"Hamilton, Ontario",20.94.7,v44329401
2014,50.00,"Hamilton, Ontario",20.94.7,v44329401
2015,63.00,"Hamilton, Ontario",20.94.7,v44329401
1998,34.00,"St.Catharines-Niagara, Ontario",21.94.7,v44335352
1999,112.00,"St.Catharines-Niagara, Ontario",21.94.7,v44335352
2000,120.00,"St.Catharines-Niagara, Ontario",21.94.7,v44335352
2001,147.00,"St.Catharines-Niagara, Ontario",21.94.7,v44335352
2002,86.00,"St.Catharines-Niagara, Ontario",21.94.7,v44335352
2003,65.00,"St.Catharines-Niagara, Ontario",21.94.7,v44335352
2004,93.00,"St.Catharines-Niagara, Ontario",21.94.7,v44335352
2005,84.00,"St.Catharines-Niagara, Ontario",21.94.7,v44335352
2006,74.00,"St.Catharines-Niagara, Ontario",21.94.7,v44335352
2007,102.00,"St.Catharines-Niagara, Ontario",21.94.7,v44335352
2008,68.00,"St.Catharines-Niagara, Ontario",21.94.7,v44335352
2009,69.00,"St.Catharines-Niagara, Ontario",21.94.7,v44335352
2010,84.00,"St.Catharines-Niagara, Ontario",21.94.7,v44335352
2011,66.00,"St.Catharines-Niagara, Ontario",21.94.7,v44335352
2012,78.00,"St.Catharines-Niagara, Ontario",21.94.7,v44335352
2013,56.00,"St.Catharines-Niagara, Ontario",21.94.7,v44335352
2014,57.00,"St.Catharines-Niagara, Ontario",21.94.7,v44335352
2015,37.00,"St.Catharines-Niagara, Ontario",21.94.7,v44335352
1998,11.00,"Kitchener-Cambridge-Waterloo, Ontario",22.94.7,v44360986
1999,42.00,"Kitchener-Cambridge-Waterloo, Ontario",22.94.7,v44360986
2000,62.00,"Kitchener-Cambridge-Waterloo, Ontario",22.94.7,v44360986
2001,74.00,"Kitchener-Cambridge-Waterloo, Ontario",22.94.7,v44360986
2002,87.00,"Kitchener-Cambridge-Waterloo, Ontario",22.94.7,v44360986
2003,68.00,"Kitchener-Cambridge-Waterloo, Ontario",22.94.7,v44360986
2004,89.00,"Kitchener-Cambridge-Waterloo, Ontario",22.94.7,v44360986
2005,76.00,"Kitchener-Cambridge-Waterloo, Ontario",22.94.7,v44360986
2006,106.00,"Kitchener-Cambridge-Waterloo, Ontario",22.94.7,v44360986
2007,92.00,"Kitchener-Cambridge-Waterloo, Ontario",22.94.7,v44360986
2008,58.00,"Kitchener-Cambridge-Waterloo, Ontario",22.94.7,v44360986
2009,92.00,"Kitchener-Cambridge-Waterloo, Ontario",22.94.7,v44360986
2010,76.00,"Kitchener-Cambridge-Waterloo, Ontario",22.94.7,v44360986
2011,95.00,"Kitchener-Cambridge-Waterloo, Ontario",22.94.7,v44360986
2012,79.00,"Kitchener-Cambridge-Waterloo, Ontario",22.94.7,v44360986
2013,114.00,"Kitchener-Cambridge-Waterloo, Ontario",22.94.7,v44360986
2014,105.00,"Kitchener-Cambridge-Waterloo, Ontario",22.94.7,v44360986
2015,112.00,"Kitchener-Cambridge-Waterloo, Ontario",22.94.7,v44360986
2005,..,"Brantford, Ontario",45.94.7,v52119333
2006,37.00,"Brantford, Ontario",45.94.7,v52119333
2007,32.00,"Brantford, Ontario",45.94.7,v52119333
2008,28.00,"Brantford, Ontario",45.94.7,v52119333
2009,40.00,"Brantford, Ontario",45.94.7,v52119333
2010,44.00,"Brantford, Ontario",45.94.7,v52119333
2011,29.00,"Brantford, Ontario",45.94.7,v52119333
2012,24.00,"Brantford, Ontario",45.94.7,v52119333
2013,20.00,"Brantford, Ontario",45.94.7,v52119333
2014,28.00,"Brantford, Ontario",45.94.7,v52119333
2015,31.00,"Brantford, Ontario",45.94.7,v52119333
2005,..,"Guelph, Ontario",46.94.7,v52119766
2006,13.00,"Guelph, Ontario",46.94.7,v52119766
2007,14.00,"Guelph, Ontario",46.94.7,v52119766
2008,14.00,"Guelph, Ontario",46.94.7,v52119766
2009,9.00,"Guelph, Ontario",46.94.7,v52119766
2010,20.00,"Guelph, Ontario",46.94.7,v52119766
2011,13.00,"Guelph, Ontario",46.94.7,v52119766
2012,15.00,"Guelph, Ontario",46.94.7,v52119766
2013,32.00,"Guelph, Ontario",46.94.7,v52119766
2014,33.00,"Guelph, Ontario",46.94.7,v52119766
2015,35.00,"Guelph, Ontario",46.94.7,v52119766
1998,20.00,"London, Ontario",23.94.7,v44367476
1999,92.00,"London, Ontario",23.94.7,v44367476
2000,78.00,"London, Ontario",23.94.7,v44367476
2001,125.00,"London, Ontario",23.94.7,v44367476
2002,124.00,"London, Ontario",23.94.7,v44367476
2003,84.00,"London, Ontario",23.94.7,v44367476
2004,104.00,"London, Ontario",23.94.7,v44367476
2005,145.00,"London, Ontario",23.94.7,v44367476
2006,143.00,"London, Ontario",23.94.7,v44367476
2007,161.00,"London, Ontario",23.94.7,v44367476
2008,131.00,"London, Ontario",23.94.7,v44367476
2009,127.00,"London, Ontario",23.94.7,v44367476
2010,129.00,"London, Ontario",23.94.7,v44367476
2011,100.00,"London, Ontario",23.94.7,v44367476
2012,148.00,"London, Ontario",23.94.7,v44367476
2013,177.00,"London, Ontario",23.94.7,v44367476
2014,129.00,"London, Ontario",23.94.7,v44367476
2015,180.00,"London, Ontario",23.94.7,v44367476
1998,20.00,"Windsor, Ontario",24.94.7,v44386804
1999,34.00,"Windsor, Ontario",24.94.7,v44386804
2000,76.00,"Windsor, Ontario",24.94.7,v44386804
2001,61.00,"Windsor, Ontario",24.94.7,v44386804
2002,57.00,"Windsor, Ontario",24.94.7,v44386804
2003,54.00,"Windsor, Ontario",24.94.7,v44386804
2004,80.00,"Windsor, Ontario",24.94.7,v44386804
2005,58.00,"Windsor, Ontario",24.94.7,v44386804
2006,63.00,"Windsor, Ontario",24.94.7,v44386804
2007,63.00,"Windsor, Ontario",24.94.7,v44386804
2008,45.00,"Windsor, Ontario",24.94.7,v44386804
2009,38.00,"Windsor, Ontario",24.94.7,v44386804
2010,43.00,"Windsor, Ontario",24.94.7,v44386804
2011,55.00,"Windsor, Ontario",24.94.7,v44386804
2012,44.00,"Windsor, Ontario",24.94.7,v44386804
2013,42.00,"Windsor, Ontario",24.94.7,v44386804
2014,39.00,"Windsor, Ontario",24.94.7,v44386804
2015,72.00,"Windsor, Ontario",24.94.7,v44386804
2005,..,"Barrie, Ontario",47.94.7,v52145178
2006,51.00,"Barrie, Ontario",47.94.7,v52145178
2007,51.00,"Barrie, Ontario",47.94.7,v52145178
2008,48.00,"Barrie, Ontario",47.94.7,v52145178
2009,40.00,"Barrie, Ontario",47.94.7,v52145178
2010,38.00,"Barrie, Ontario",47.94.7,v52145178
2011,25.00,"Barrie, Ontario",47.94.7,v52145178
2012,46.00,"Barrie, Ontario",47.94.7,v52145178
2013,24.00,"Barrie, Ontario",47.94.7,v52145178
2014,14.00,"Barrie, Ontario",47.94.7,v52145178
2015,38.00,"Barrie, Ontario",47.94.7,v52145178
1998,5.00,"Sudbury, Ontario",25.94.7,v44378208
1999,48.00,"Sudbury, Ontario",25.94.7,v44378208
2000,57.00,"Sudbury, Ontario",25.94.7,v44378208
2001,38.00,"Sudbury, Ontario",25.94.7,v44378208
2002,35.00,"Sudbury, Ontario",25.94.7,v44378208
2003,38.00,"Sudbury, Ontario",25.94.7,v44378208
2004,40.00,"Sudbury, Ontario",25.94.7,v44378208
2005,57.00,"Sudbury, Ontario",25.94.7,v44378208
2006,57.00,"Sudbury, Ontario",25.94.7,v44378208
2007,69.00,"Sudbury, Ontario",25.94.7,v44378208
2008,75.00,"Sudbury, Ontario",25.94.7,v44378208
2009,67.00,"Sudbury, Ontario",25.94.7,v44378208
2010,72.00,"Sudbury, Ontario",25.94.7,v44378208
2011,66.00,"Sudbury, Ontario",25.94.7,v44378208
2012,42.00,"Sudbury, Ontario",25.94.7,v44378208
2013,39.00,"Sudbury, Ontario",25.94.7,v44378208
2014,52.00,"Sudbury, Ontario",25.94.7,v44378208
2015,29.00,"Sudbury, Ontario",25.94.7,v44378208
1998,7.00,"Thunder Bay, Ontario",26.94.7,v44333034
1999,17.00,"Thunder Bay, Ontario",26.94.7,v44333034
2000,10.00,"Thunder Bay, Ontario",26.94.7,v44333034
2001,27.00,"Thunder Bay, Ontario",26.94.7,v44333034
2002,40.00,"Thunder Bay, Ontario",26.94.7,v44333034
2003,36.00,"Thunder Bay, Ontario",26.94.7,v44333034
2004,39.00,"Thunder Bay, Ontario",26.94.7,v44333034
2005,39.00,"Thunder Bay, Ontario",26.94.7,v44333034
2006,40.00,"Thunder Bay, Ontario",26.94.7,v44333034
2007,35.00,"Thunder Bay, Ontario",26.94.7,v44333034
2008,33.00,"Thunder Bay, Ontario",26.94.7,v44333034
2009,27.00,"Thunder Bay, Ontario",26.94.7,v44333034
2010,26.00,"Thunder Bay, Ontario",26.94.7,v44333034
2011,23.00,"Thunder Bay, Ontario",26.94.7,v44333034
2012,23.00,"Thunder Bay, Ontario",26.94.7,v44333034
2013,15.00,"Thunder Bay, Ontario",26.94.7,v44333034
2014,17.00,"Thunder Bay, Ontario",26.94.7,v44333034
2015,26.00,"Thunder Bay, Ontario",26.94.7,v44333034
1998,110.00,"Manitoba",28.94.7,v44381661
1999,204.00,"Manitoba",28.94.7,v44381661
2000,338.00,"Manitoba",28.94.7,v44381661
2001,406.00,"Manitoba",28.94.7,v44381661
2002,393.00,"Manitoba",28.94.7,v44381661
2003,448.00,"Manitoba",28.94.7,v44381661
2004,462.00,"Manitoba",28.94.7,v44381661
2005,509.00,"Manitoba",28.94.7,v44381661
2006,570.00,"Manitoba",28.94.7,v44381661
2007,508.00,"Manitoba",28.94.7,v44381661
2008,493.00,"Manitoba",28.94.7,v44381661
2009,633.00,"Manitoba",28.94.7,v44381661
2010,703.00,"Manitoba",28.94.7,v44381661
2011,641.00,"Manitoba",28.94.7,v44381661
2012,663.00,"Manitoba",28.94.7,v44381661
2013,592.00,"Manitoba",28.94.7,v44381661
2014,532.00,"Manitoba",28.94.7,v44381661
2015,524.00,"Manitoba",28.94.7,v44381661
1998,71.00,"Winnipeg, Manitoba",29.94.7,v44352114
1999,111.00,"Winnipeg, Manitoba",29.94.7,v44352114
2000,225.00,"Winnipeg, Manitoba",29.94.7,v44352114
2001,250.00,"Winnipeg, Manitoba",29.94.7,v44352114
2002,218.00,"Winnipeg, Manitoba",29.94.7,v44352114
2003,254.00,"Winnipeg, Manitoba",29.94.7,v44352114
2004,247.00,"Winnipeg, Manitoba",29.94.7,v44352114
2005,288.00,"Winnipeg, Manitoba",29.94.7,v44352114
2006,319.00,"Winnipeg, Manitoba",29.94.7,v44352114
2007,254.00,"Winnipeg, Manitoba",29.94.7,v44352114
2008,255.00,"Winnipeg, Manitoba",29.94.7,v44352114
2009,382.00,"Winnipeg, Manitoba",29.94.7,v44352114
2010,369.00,"Winnipeg, Manitoba",29.94.7,v44352114
2011,403.00,"Winnipeg, Manitoba",29.94.7,v44352114
2012,393.00,"Winnipeg, Manitoba",29.94.7,v44352114
2013,376.00,"Winnipeg, Manitoba",29.94.7,v44352114
2014,308.00,"Winnipeg, Manitoba",29.94.7,v44352114
2015,346.00,"Winnipeg, Manitoba",29.94.7,v44352114
1998,32.00,"Saskatchewan",30.94.7,v44404441
1999,176.00,"Saskatchewan",30.94.7,v44404441
2000,187.00,"Saskatchewan",30.94.7,v44404441
2001,287.00,"Saskatchewan",30.94.7,v44404441
2002,340.00,"Saskatchewan",30.94.7,v44404441
2003,391.00,"Saskatchewan",30.94.7,v44404441
2004,477.00,"Saskatchewan",30.94.7,v44404441
2005,577.00,"Saskatchewan",30.94.7,v44404441
2006,507.00,"Saskatchewan",30.94.7,v44404441
2007,623.00,"Saskatchewan",30.94.7,v44404441
2008,570.00,"Saskatchewan",30.94.7,v44404441
2009,559.00,"Saskatchewan",30.94.7,v44404441
2010,553.00,"Saskatchewan",30.94.7,v44404441
2011,538.00,"Saskatchewan",30.94.7,v44404441
2012,586.00,"Saskatchewan",30.94.7,v44404441
2013,575.00,"Saskatchewan",30.94.7,v44404441
2014,684.00,"Saskatchewan",30.94.7,v44404441
2015,829.00,"Saskatchewan",30.94.7,v44404441
1998,11.00,"Regina, Saskatchewan",31.94.7,v44402260
1999,43.00,"Regina, Saskatchewan",31.94.7,v44402260
2000,47.00,"Regina, Saskatchewan",31.94.7,v44402260
2001,60.00,"Regina, Saskatchewan",31.94.7,v44402260
2002,44.00,"Regina, Saskatchewan",31.94.7,v44402260
2003,45.00,"Regina, Saskatchewan",31.94.7,v44402260
2004,56.00,"Regina, Saskatchewan",31.94.7,v44402260
2005,84.00,"Regina, Saskatchewan",31.94.7,v44402260
2006,71.00,"Regina, Saskatchewan",31.94.7,v44402260
2007,123.00,"Regina, Saskatchewan",31.94.7,v44402260
2008,80.00,"Regina, Saskatchewan",31.94.7,v44402260
2009,117.00,"Regina, Saskatchewan",31.94.7,v44402260
2010,116.00,"Regina, Saskatchewan",31.94.7,v44402260
2011,128.00,"Regina, Saskatchewan",31.94.7,v44402260
2012,157.00,"Regina, Saskatchewan",31.94.7,v44402260
2013,126.00,"Regina, Saskatchewan",31.94.7,v44402260
2014,149.00,"Regina, Saskatchewan",31.94.7,v44402260
2015,221.00,"Regina, Saskatchewan",31.94.7,v44402260
1998,7.00,"Saskatoon, Saskatchewan",32.94.7,v44377703
1999,70.00,"Saskatoon, Saskatchewan",32.94.7,v44377703
2000,80.00,"Saskatoon, Saskatchewan",32.94.7,v44377703
2001,110.00,"Saskatoon, Saskatchewan",32.94.7,v44377703
2002,170.00,"Saskatoon, Saskatchewan",32.94.7,v44377703
2003,188.00,"Saskatoon, Saskatchewan",32.94.7,v44377703
2004,249.00,"Saskatoon, Saskatchewan",32.94.7,v44377703
2005,281.00,"Saskatoon, Saskatchewan",32.94.7,v44377703
2006,193.00,"Saskatoon, Saskatchewan",32.94.7,v44377703
2007,269.00,"Saskatoon, Saskatchewan",32.94.7,v44377703
2008,262.00,"Saskatoon, Saskatchewan",32.94.7,v44377703
2009,225.00,"Saskatoon, Saskatchewan",32.94.7,v44377703
2010,220.00,"Saskatoon, Saskatchewan",32.94.7,v44377703
2011,211.00,"Saskatoon, Saskatchewan",32.94.7,v44377703
2012,247.00,"Saskatoon, Saskatchewan",32.94.7,v44377703
2013,235.00,"Saskatoon, Saskatchewan",32.94.7,v44377703
2014,285.00,"Saskatoon, Saskatchewan",32.94.7,v44377703
2015,317.00,"Saskatoon, Saskatchewan",32.94.7,v44377703
1998,159.00,"Alberta",33.94.7,v44385577
1999,386.00,"Alberta",33.94.7,v44385577
2000,596.00,"Alberta",33.94.7,v44385577
2001,902.00,"Alberta",33.94.7,v44385577
2002,912.00,"Alberta",33.94.7,v44385577
2003,1021.00,"Alberta",33.94.7,v44385577
2004,1151.00,"Alberta",33.94.7,v44385577
2005,1115.00,"Alberta",33.94.7,v44385577
2006,1241.00,"Alberta",33.94.7,v44385577
2007,1179.00,"Alberta",33.94.7,v44385577
2008,1147.00,"Alberta",33.94.7,v44385577
2009,1061.00,"Alberta",33.94.7,v44385577
2010,993.00,"Alberta",33.94.7,v44385577
2011,1014.00,"Alberta",33.94.7,v44385577
2012,1019.00,"Alberta",33.94.7,v44385577
2013,1135.00,"Alberta",33.94.7,v44385577
2014,1490.00,"Alberta",33.94.7,v44385577
2015,1711.00,"Alberta",33.94.7,v44385577
1998,53.00,"Calgary, Alberta",34.94.7,v44373030
1999,136.00,"Calgary, Alberta",34.94.7,v44373030
2000,183.00,"Calgary, Alberta",34.94.7,v44373030
2001,222.00,"Calgary, Alberta",34.94.7,v44373030
2002,281.00,"Calgary, Alberta",34.94.7,v44373030
2003,291.00,"Calgary, Alberta",34.94.7,v44373030
2004,374.00,"Calgary, Alberta",34.94.7,v44373030
2005,413.00,"Calgary, Alberta",34.94.7,v44373030
2006,401.00,"Calgary, Alberta",34.94.7,v44373030
2007,281.00,"Calgary, Alberta",34.94.7,v44373030
2008,238.00,"Calgary, Alberta",34.94.7,v44373030
2009,254.00,"Calgary, Alberta",34.94.7,v44373030
2010,275.00,"Calgary, Alberta",34.94.7,v44373030
2011,241.00,"Calgary, Alberta",34.94.7,v44373030
2012,262.00,"Calgary, Alberta",34.94.7,v44373030
2013,228.00,"Calgary, Alberta",34.94.7,v44373030
2014,232.00,"Calgary, Alberta",34.94.7,v44373030
2015,246.00,"Calgary, Alberta",34.94.7,v44373030
1998,63.00,"Edmonton, Alberta",35.94.7,v44367673
1999,132.00,"Edmonton, Alberta",35.94.7,v44367673
2000,263.00,"Edmonton, Alberta",35.94.7,v44367673
2001,375.00,"Edmonton, Alberta",35.94.7,v44367673
2002,317.00,"Edmonton, Alberta",35.94.7,v44367673
2003,334.00,"Edmonton, Alberta",35.94.7,v44367673
2004,348.00,"Edmonton, Alberta",35.94.7,v44367673
2005,267.00,"Edmonton, Alberta",35.94.7,v44367673
2006,329.00,"Edmonton, Alberta",35.94.7,v44367673
2007,353.00,"Edmonton, Alberta",35.94.7,v44367673
2008,358.00,"Edmonton, Alberta",35.94.7,v44367673
2009,324.00,"Edmonton, Alberta",35.94.7,v44367673
2010,332.00,"Edmonton, Alberta",35.94.7,v44367673
2011,356.00,"Edmonton, Alberta",35.94.7,v44367673
2012,356.00,"Edmonton, Alberta",35.94.7,v44367673
2013,513.00,"Edmonton, Alberta",35.94.7,v44367673
2014,695.00,"Edmonton, Alberta",35.94.7,v44367673
2015,903.00,"Edmonton, Alberta",35.94.7,v44367673
1998,232.00,"British Columbia",36.94.7,v44350691
1999,501.00,"British Columbia",36.94.7,v44350691
2000,582.00,"British Columbia",36.94.7,v44350691
2001,816.00,"British Columbia",36.94.7,v44350691
2002,958.00,"British Columbia",36.94.7,v44350691
2003,992.00,"British Columbia",36.94.7,v44350691
2004,1032.00,"British Columbia",36.94.7,v44350691
2005,1065.00,"British Columbia",36.94.7,v44350691
2006,1261.00,"British Columbia",36.94.7,v44350691
2007,1220.00,"British Columbia",36.94.7,v44350691
2008,1039.00,"British Columbia",36.94.7,v44350691
2009,966.00,"British Columbia",36.94.7,v44350691
2010,910.00,"British Columbia",36.94.7,v44350691
2011,863.00,"British Columbia",36.94.7,v44350691
2012,868.00,"British Columbia",36.94.7,v44350691
2013,891.00,"British Columbia",36.94.7,v44350691
2014,854.00,"British Columbia",36.94.7,v44350691
2015,847.00,"British Columbia",36.94.7,v44350691
2005,..,"Kelowna, British Columbia",48.94.7,v52144276
2006,49.00,"Kelowna, British Columbia",48.94.7,v52144276
2007,59.00,"Kelowna, British Columbia",48.94.7,v52144276
2008,38.00,"Kelowna, British Columbia",48.94.7,v52144276
2009,23.00,"Kelowna, British Columbia",48.94.7,v52144276
2010,38.00,"Kelowna, British Columbia",48.94.7,v52144276
2011,40.00,"Kelowna, British Columbia",48.94.7,v52144276
2012,40.00,"Kelowna, British Columbia",48.94.7,v52144276
2013,42.00,"Kelowna, British Columbia",48.94.7,v52144276
2014,33.00,"Kelowna, British Columbia",48.94.7,v52144276
2015,28.00,"Kelowna, British Columbia",48.94.7,v52144276
2000,..,"Abbotsford-Mission, British Columbia",39.94.7,v44363855
2001,37.00,"Abbotsford-Mission, British Columbia",39.94.7,v44363855
2002,30.00,"Abbotsford-Mission, British Columbia",39.94.7,v44363855
2003,34.00,"Abbotsford-Mission, British Columbia",39.94.7,v44363855
2004,41.00,"Abbotsford-Mission, British Columbia",39.94.7,v44363855
2005,36.00,"Abbotsford-Mission, British Columbia",39.94.7,v44363855
2006,39.00,"Abbotsford-Mission, British Columbia",39.94.7,v44363855
2007,41.00,"Abbotsford-Mission, British Columbia",39.94.7,v44363855
2008,42.00,"Abbotsford-Mission, British Columbia",39.94.7,v44363855
2009,33.00,"Abbotsford-Mission, British Columbia",39.94.7,v44363855
2010,39.00,"Abbotsford-Mission, British Columbia",39.94.7,v44363855
2011,30.00,"Abbotsford-Mission, British Columbia",39.94.7,v44363855
2012,32.00,"Abbotsford-Mission, British Columbia",39.94.7,v44363855
2013,26.00,"Abbotsford-Mission, British Columbia",39.94.7,v44363855
2014,32.00,"Abbotsford-Mission, British Columbia",39.94.7,v44363855
2015,36.00,"Abbotsford-Mission, British Columbia",39.94.7,v44363855
1998,100.00,"Vancouver, British Columbia",37.94.7,v44344572
1999,230.00,"Vancouver, British Columbia",37.94.7,v44344572
2000,288.00,"Vancouver, British Columbia",37.94.7,v44344572
2001,403.00,"Vancouver, British Columbia",37.94.7,v44344572
2002,471.00,"Vancouver, British Columbia",37.94.7,v44344572
2003,515.00,"Vancouver, British Columbia",37.94.7,v44344572
2004,513.00,"Vancouver, British Columbia",37.94.7,v44344572
2005,533.00,"Vancouver, British Columbia",37.94.7,v44344572
2006,638.00,"Vancouver, British Columbia",37.94.7,v44344572
2007,683.00,"Vancouver, British Columbia",37.94.7,v44344572
2008,550.00,"Vancouver, British Columbia",37.94.7,v44344572
2009,484.00,"Vancouver, British Columbia",37.94.7,v44344572
2010,467.00,"Vancouver, British Columbia",37.94.7,v44344572
2011,475.00,"Vancouver, British Columbia",37.94.7,v44344572
2012,411.00,"Vancouver, British Columbia",37.94.7,v44344572
2013,450.00,"Vancouver, British Columbia",37.94.7,v44344572
2014,381.00,"Vancouver, British Columbia",37.94.7,v44344572
2015,366.00,"Vancouver, British Columbia",37.94.7,v44344572
1998,29.00,"Victoria, British Columbia",38.94.7,v44332797
1999,61.00,"Victoria, British Columbia",38.94.7,v44332797
2000,79.00,"Victoria, British Columbia",38.94.7,v44332797
2001,70.00,"Victoria, British Columbia",38.94.7,v44332797
2002,93.00,"Victoria, British Columbia",38.94.7,v44332797
2003,98.00,"Victoria, British Columbia",38.94.7,v44332797
2004,118.00,"Victoria, British Columbia",38.94.7,v44332797
2005,130.00,"Victoria, British Columbia",38.94.7,v44332797
2006,127.00,"Victoria, British Columbia",38.94.7,v44332797
2007,101.00,"Victoria, British Columbia",38.94.7,v44332797
2008,106.00,"Victoria, British Columbia",38.94.7,v44332797
2009,127.00,"Victoria, British Columbia",38.94.7,v44332797
2010,90.00,"Victoria, British Columbia",38.94.7,v44332797
2011,54.00,"Victoria, British Columbia",38.94.7,v44332797
2012,67.00,"Victoria, British Columbia",38.94.7,v44332797
2013,89.00,"Victoria, British Columbia",38.94.7,v44332797
2014,91.00,"Victoria, British Columbia",38.94.7,v44332797
2015,88.00,"Victoria, British Columbia",38.94.7,v44332797
1998,3.00,"Yukon",40.94.7,v44343786
1999,8.00,"Yukon",40.94.7,v44343786
2000,6.00,"Yukon",40.94.7,v44343786
2001,11.00,"Yukon",40.94.7,v44343786
2002,11.00,"Yukon",40.94.7,v44343786
2003,8.00,"Yukon",40.94.7,v44343786
2004,5.00,"Yukon",40.94.7,v44343786
2005,12.00,"Yukon",40.94.7,v44343786
2006,9.00,"Yukon",40.94.7,v44343786
2007,11.00,"Yukon",40.94.7,v44343786
2008,9.00,"Yukon",40.94.7,v44343786
2009,6.00,"Yukon",40.94.7,v44343786
2010,2.00,"Yukon",40.94.7,v44343786
2011,6.00,"Yukon",40.94.7,v44343786
2012,12.00,"Yukon",40.94.7,v44343786
2013,8.00,"Yukon",40.94.7,v44343786
2014,17.00,"Yukon",40.94.7,v44343786
2015,6.00,"Yukon",40.94.7,v44343786
1998,3.00,"Northwest Territories",41.94.7,v44347855
1999,129.00,"Northwest Territories",41.94.7,v44347855
2000,7.00,"Northwest Territories",41.94.7,v44347855
2001,12.00,"Northwest Territories",41.94.7,v44347855
2002,16.00,"Northwest Territories",41.94.7,v44347855
2003,16.00,"Northwest Territories",41.94.7,v44347855
2004,13.00,"Northwest Territories",41.94.7,v44347855
2005,12.00,"Northwest Territories",41.94.7,v44347855
2006,18.00,"Northwest Territories",41.94.7,v44347855
2007,19.00,"Northwest Territories",41.94.7,v44347855
2008,14.00,"Northwest Territories",41.94.7,v44347855
2009,20.00,"Northwest Territories",41.94.7,v44347855
2010,14.00,"Northwest Territories",41.94.7,v44347855
2011,17.00,"Northwest Territories",41.94.7,v44347855
2012,16.00,"Northwest Territories",41.94.7,v44347855
2013,9.00,"Northwest Territories",41.94.7,v44347855
2014,10.00,"Northwest Territories",41.94.7,v44347855
2015,11.00,"Northwest Territories",41.94.7,v44347855
1998,..,"Nunavut",42.94.7,v44358880
1999,1.00,"Nunavut",42.94.7,v44358880
2000,4.00,"Nunavut",42.94.7,v44358880
2001,8.00,"Nunavut",42.94.7,v44358880
2002,3.00,"Nunavut",42.94.7,v44358880
2003,15.00,"Nunavut",42.94.7,v44358880
2004,12.00,"Nunavut",42.94.7,v44358880
2005,8.00,"Nunavut",42.94.7,v44358880
2006,11.00,"Nunavut",42.94.7,v44358880
2007,29.00,"Nunavut",42.94.7,v44358880
2008,15.00,"Nunavut",42.94.7,v44358880
2009,21.00,"Nunavut",42.94.7,v44358880
2010,17.00,"Nunavut",42.94.7,v44358880
2011,15.00,"Nunavut",42.94.7,v44358880
2012,12.00,"Nunavut",42.94.7,v44358880
2013,11.00,"Nunavut",42.94.7,v44358880
2014,12.00,"Nunavut",42.94.7,v44358880
2015,12.00,"Nunavut",42.94.7,v44358880
