1998,21.00,"Canada",1.100.6,v44343960
1999,18.00,"Canada",1.100.6,v44343960
2000,13.00,"Canada",1.100.6,v44343960
2001,13.00,"Canada",1.100.6,v44343960
2002,9.00,"Canada",1.100.6,v44343960
2003,10.00,"Canada",1.100.6,v44343960
2004,7.00,"Canada",1.100.6,v44343960
2005,13.00,"Canada",1.100.6,v44343960
2006,13.00,"Canada",1.100.6,v44343960
2007,5.00,"Canada",1.100.6,v44343960
2008,6.00,"Canada",1.100.6,v44343960
2009,3.00,"Canada",1.100.6,v44343960
2010,11.00,"Canada",1.100.6,v44343960
2011,7.00,"Canada",1.100.6,v44343960
2012,27.00,"Canada",1.100.6,v44343960
2013,28.00,"Canada",1.100.6,v44343960
2014,18.00,"Canada",1.100.6,v44343960
2015,7.00,"Canada",1.100.6,v44343960
1999,..,"Newfoundland and Labrador",2.100.6,v44388356
2000,0.00,"Newfoundland and Labrador",2.100.6,v44388356
2001,..,"Newfoundland and Labrador",2.100.6,v44388356
2002,..,"Newfoundland and Labrador",2.100.6,v44388356
2003,..,"Newfoundland and Labrador",2.100.6,v44388356
2004,..,"Newfoundland and Labrador",2.100.6,v44388356
2005,..,"Newfoundland and Labrador",2.100.6,v44388356
2006,0.00,"Newfoundland and Labrador",2.100.6,v44388356
2007,0.00,"Newfoundland and Labrador",2.100.6,v44388356
2008,0.00,"Newfoundland and Labrador",2.100.6,v44388356
2009,0.00,"Newfoundland and Labrador",2.100.6,v44388356
2010,0.00,"Newfoundland and Labrador",2.100.6,v44388356
2011,0.00,"Newfoundland and Labrador",2.100.6,v44388356
2012,0.00,"Newfoundland and Labrador",2.100.6,v44388356
2013,0.00,"Newfoundland and Labrador",2.100.6,v44388356
2014,0.00,"Newfoundland and Labrador",2.100.6,v44388356
2015,0.00,"Newfoundland and Labrador",2.100.6,v44388356
1999,..,"St. John's, Newfoundland and Labrador",3.100.6,v44371829
2000,0.00,"St. John's, Newfoundland and Labrador",3.100.6,v44371829
2001,..,"St. John's, Newfoundland and Labrador",3.100.6,v44371829
2002,..,"St. John's, Newfoundland and Labrador",3.100.6,v44371829
2003,..,"St. John's, Newfoundland and Labrador",3.100.6,v44371829
2004,..,"St. John's, Newfoundland and Labrador",3.100.6,v44371829
2005,..,"St. John's, Newfoundland and Labrador",3.100.6,v44371829
2006,0.00,"St. John's, Newfoundland and Labrador",3.100.6,v44371829
2007,0.00,"St. John's, Newfoundland and Labrador",3.100.6,v44371829
2008,0.00,"St. John's, Newfoundland and Labrador",3.100.6,v44371829
2009,0.00,"St. John's, Newfoundland and Labrador",3.100.6,v44371829
2010,0.00,"St. John's, Newfoundland and Labrador",3.100.6,v44371829
2011,0.00,"St. John's, Newfoundland and Labrador",3.100.6,v44371829
2012,0.00,"St. John's, Newfoundland and Labrador",3.100.6,v44371829
2013,0.00,"St. John's, Newfoundland and Labrador",3.100.6,v44371829
2014,0.00,"St. John's, Newfoundland and Labrador",3.100.6,v44371829
2015,0.00,"St. John's, Newfoundland and Labrador",3.100.6,v44371829
2001,..,"Prince Edward Island",4.100.6,v44333655
2002,0.00,"Prince Edward Island",4.100.6,v44333655
2003,..,"Prince Edward Island",4.100.6,v44333655
2004,..,"Prince Edward Island",4.100.6,v44333655
2005,..,"Prince Edward Island",4.100.6,v44333655
2006,0.00,"Prince Edward Island",4.100.6,v44333655
2007,0.00,"Prince Edward Island",4.100.6,v44333655
2008,0.00,"Prince Edward Island",4.100.6,v44333655
2009,0.00,"Prince Edward Island",4.100.6,v44333655
2010,0.00,"Prince Edward Island",4.100.6,v44333655
2011,0.00,"Prince Edward Island",4.100.6,v44333655
2012,0.00,"Prince Edward Island",4.100.6,v44333655
2013,0.00,"Prince Edward Island",4.100.6,v44333655
2014,0.00,"Prince Edward Island",4.100.6,v44333655
2015,0.00,"Prince Edward Island",4.100.6,v44333655
1998,0.00,"Nova Scotia",5.100.6,v44337509
1999,0.00,"Nova Scotia",5.100.6,v44337509
2000,..,"Nova Scotia",5.100.6,v44337509
2001,0.00,"Nova Scotia",5.100.6,v44337509
2002,0.00,"Nova Scotia",5.100.6,v44337509
2003,..,"Nova Scotia",5.100.6,v44337509
2004,0.00,"Nova Scotia",5.100.6,v44337509
2005,0.00,"Nova Scotia",5.100.6,v44337509
2006,0.00,"Nova Scotia",5.100.6,v44337509
2007,0.00,"Nova Scotia",5.100.6,v44337509
2008,0.00,"Nova Scotia",5.100.6,v44337509
2009,0.00,"Nova Scotia",5.100.6,v44337509
2010,0.00,"Nova Scotia",5.100.6,v44337509
2011,0.00,"Nova Scotia",5.100.6,v44337509
2012,0.00,"Nova Scotia",5.100.6,v44337509
2013,1.00,"Nova Scotia",5.100.6,v44337509
2014,0.00,"Nova Scotia",5.100.6,v44337509
2015,0.00,"Nova Scotia",5.100.6,v44337509
1998,..,"Halifax, Nova Scotia",6.100.6,v44388340
1999,0.00,"Halifax, Nova Scotia",6.100.6,v44388340
2000,..,"Halifax, Nova Scotia",6.100.6,v44388340
2001,0.00,"Halifax, Nova Scotia",6.100.6,v44388340
2002,0.00,"Halifax, Nova Scotia",6.100.6,v44388340
2003,..,"Halifax, Nova Scotia",6.100.6,v44388340
2004,0.00,"Halifax, Nova Scotia",6.100.6,v44388340
2005,0.00,"Halifax, Nova Scotia",6.100.6,v44388340
2006,0.00,"Halifax, Nova Scotia",6.100.6,v44388340
2007,0.00,"Halifax, Nova Scotia",6.100.6,v44388340
2008,0.00,"Halifax, Nova Scotia",6.100.6,v44388340
2009,0.00,"Halifax, Nova Scotia",6.100.6,v44388340
2010,0.00,"Halifax, Nova Scotia",6.100.6,v44388340
2011,0.00,"Halifax, Nova Scotia",6.100.6,v44388340
2012,0.00,"Halifax, Nova Scotia",6.100.6,v44388340
2013,1.00,"Halifax, Nova Scotia",6.100.6,v44388340
2014,0.00,"Halifax, Nova Scotia",6.100.6,v44388340
2015,0.00,"Halifax, Nova Scotia",6.100.6,v44388340
1998,1.00,"New Brunswick",7.100.6,v44375474
1999,0.00,"New Brunswick",7.100.6,v44375474
2000,0.00,"New Brunswick",7.100.6,v44375474
2001,0.00,"New Brunswick",7.100.6,v44375474
2002,0.00,"New Brunswick",7.100.6,v44375474
2003,..,"New Brunswick",7.100.6,v44375474
2004,2.00,"New Brunswick",7.100.6,v44375474
2005,0.00,"New Brunswick",7.100.6,v44375474
2006,0.00,"New Brunswick",7.100.6,v44375474
2007,0.00,"New Brunswick",7.100.6,v44375474
2008,1.00,"New Brunswick",7.100.6,v44375474
2009,0.00,"New Brunswick",7.100.6,v44375474
2010,0.00,"New Brunswick",7.100.6,v44375474
2011,0.00,"New Brunswick",7.100.6,v44375474
2012,0.00,"New Brunswick",7.100.6,v44375474
2013,0.00,"New Brunswick",7.100.6,v44375474
2014,0.00,"New Brunswick",7.100.6,v44375474
2015,0.00,"New Brunswick",7.100.6,v44375474
2005,..,"Moncton, New Brunswick",43.100.6,v52121157
2006,0.00,"Moncton, New Brunswick",43.100.6,v52121157
2007,0.00,"Moncton, New Brunswick",43.100.6,v52121157
2008,1.00,"Moncton, New Brunswick",43.100.6,v52121157
2009,0.00,"Moncton, New Brunswick",43.100.6,v52121157
2010,0.00,"Moncton, New Brunswick",43.100.6,v52121157
2011,0.00,"Moncton, New Brunswick",43.100.6,v52121157
2012,0.00,"Moncton, New Brunswick",43.100.6,v52121157
2013,0.00,"Moncton, New Brunswick",43.100.6,v52121157
2014,0.00,"Moncton, New Brunswick",43.100.6,v52121157
2015,0.00,"Moncton, New Brunswick",43.100.6,v52121157
1999,..,"Saint John, New Brunswick",8.100.6,v44409565
2000,0.00,"Saint John, New Brunswick",8.100.6,v44409565
2001,0.00,"Saint John, New Brunswick",8.100.6,v44409565
2002,..,"Saint John, New Brunswick",8.100.6,v44409565
2003,..,"Saint John, New Brunswick",8.100.6,v44409565
2004,0.00,"Saint John, New Brunswick",8.100.6,v44409565
2005,0.00,"Saint John, New Brunswick",8.100.6,v44409565
2006,0.00,"Saint John, New Brunswick",8.100.6,v44409565
2007,0.00,"Saint John, New Brunswick",8.100.6,v44409565
2008,0.00,"Saint John, New Brunswick",8.100.6,v44409565
2009,0.00,"Saint John, New Brunswick",8.100.6,v44409565
2010,0.00,"Saint John, New Brunswick",8.100.6,v44409565
2011,0.00,"Saint John, New Brunswick",8.100.6,v44409565
2012,0.00,"Saint John, New Brunswick",8.100.6,v44409565
2013,0.00,"Saint John, New Brunswick",8.100.6,v44409565
2014,0.00,"Saint John, New Brunswick",8.100.6,v44409565
2015,0.00,"Saint John, New Brunswick",8.100.6,v44409565
1998,10.00,"Quebec",9.100.6,v44342148
1999,10.00,"Quebec",9.100.6,v44342148
2000,6.00,"Quebec",9.100.6,v44342148
2001,6.00,"Quebec",9.100.6,v44342148
2002,6.00,"Quebec",9.100.6,v44342148
2003,3.00,"Quebec",9.100.6,v44342148
2004,2.00,"Quebec",9.100.6,v44342148
2005,9.00,"Quebec",9.100.6,v44342148
2006,6.00,"Quebec",9.100.6,v44342148
2007,1.00,"Quebec",9.100.6,v44342148
2008,2.00,"Quebec",9.100.6,v44342148
2009,2.00,"Quebec",9.100.6,v44342148
2010,2.00,"Quebec",9.100.6,v44342148
2011,1.00,"Quebec",9.100.6,v44342148
2012,5.00,"Quebec",9.100.6,v44342148
2013,1.00,"Quebec",9.100.6,v44342148
2014,8.00,"Quebec",9.100.6,v44342148
2015,6.00,"Quebec",9.100.6,v44342148
1998,0.00,"Saguenay, Quebec",10.100.6,v44334925
1999,..,"Saguenay, Quebec",10.100.6,v44334925
2000,0.00,"Saguenay, Quebec",10.100.6,v44334925
2001,0.00,"Saguenay, Quebec",10.100.6,v44334925
2002,..,"Saguenay, Quebec",10.100.6,v44334925
2003,..,"Saguenay, Quebec",10.100.6,v44334925
2004,1.00,"Saguenay, Quebec",10.100.6,v44334925
2005,0.00,"Saguenay, Quebec",10.100.6,v44334925
2006,0.00,"Saguenay, Quebec",10.100.6,v44334925
2007,0.00,"Saguenay, Quebec",10.100.6,v44334925
2008,0.00,"Saguenay, Quebec",10.100.6,v44334925
2009,0.00,"Saguenay, Quebec",10.100.6,v44334925
2010,0.00,"Saguenay, Quebec",10.100.6,v44334925
2011,0.00,"Saguenay, Quebec",10.100.6,v44334925
2012,0.00,"Saguenay, Quebec",10.100.6,v44334925
2013,0.00,"Saguenay, Quebec",10.100.6,v44334925
2014,0.00,"Saguenay, Quebec",10.100.6,v44334925
2015,0.00,"Saguenay, Quebec",10.100.6,v44334925
2005,..,"Sherbrooke, Quebec",12.100.6,v44335274
2006,1.00,"Sherbrooke, Quebec",12.100.6,v44335274
2007,0.00,"Sherbrooke, Quebec",12.100.6,v44335274
2008,0.00,"Sherbrooke, Quebec",12.100.6,v44335274
2009,0.00,"Sherbrooke, Quebec",12.100.6,v44335274
2010,0.00,"Sherbrooke, Quebec",12.100.6,v44335274
2011,0.00,"Sherbrooke, Quebec",12.100.6,v44335274
2012,0.00,"Sherbrooke, Quebec",12.100.6,v44335274
2013,0.00,"Sherbrooke, Quebec",12.100.6,v44335274
2014,0.00,"Sherbrooke, Quebec",12.100.6,v44335274
2015,0.00,"Sherbrooke, Quebec",12.100.6,v44335274
1998,..,"Ottawa-Gatineau, Quebec part",15.100.6,v44415713
1999,0.00,"Ottawa-Gatineau, Quebec part",15.100.6,v44415713
2000,0.00,"Ottawa-Gatineau, Quebec part",15.100.6,v44415713
2001,..,"Ottawa-Gatineau, Quebec part",15.100.6,v44415713
2002,0.00,"Ottawa-Gatineau, Quebec part",15.100.6,v44415713
2003,0.00,"Ottawa-Gatineau, Quebec part",15.100.6,v44415713
2004,0.00,"Ottawa-Gatineau, Quebec part",15.100.6,v44415713
2005,..,"Ottawa-Gatineau, Quebec part",15.100.6,v44415713
2006,0.00,"Ottawa-Gatineau, Quebec part",15.100.6,v44415713
2007,0.00,"Ottawa-Gatineau, Quebec part",15.100.6,v44415713
2008,0.00,"Ottawa-Gatineau, Quebec part",15.100.6,v44415713
2009,0.00,"Ottawa-Gatineau, Quebec part",15.100.6,v44415713
2010,0.00,"Ottawa-Gatineau, Quebec part",15.100.6,v44415713
2011,0.00,"Ottawa-Gatineau, Quebec part",15.100.6,v44415713
2012,1.00,"Ottawa-Gatineau, Quebec part",15.100.6,v44415713
2013,0.00,"Ottawa-Gatineau, Quebec part",15.100.6,v44415713
2014,5.00,"Ottawa-Gatineau, Quebec part",15.100.6,v44415713
2015,0.00,"Ottawa-Gatineau, Quebec part",15.100.6,v44415713
1998,0.00,"Ontario",16.100.6,v44345653
1999,1.00,"Ontario",16.100.6,v44345653
2000,5.00,"Ontario",16.100.6,v44345653
2001,5.00,"Ontario",16.100.6,v44345653
2002,0.00,"Ontario",16.100.6,v44345653
2003,4.00,"Ontario",16.100.6,v44345653
2004,1.00,"Ontario",16.100.6,v44345653
2005,1.00,"Ontario",16.100.6,v44345653
2006,5.00,"Ontario",16.100.6,v44345653
2007,2.00,"Ontario",16.100.6,v44345653
2008,1.00,"Ontario",16.100.6,v44345653
2009,1.00,"Ontario",16.100.6,v44345653
2010,2.00,"Ontario",16.100.6,v44345653
2011,3.00,"Ontario",16.100.6,v44345653
2012,17.00,"Ontario",16.100.6,v44345653
2013,24.00,"Ontario",16.100.6,v44345653
2014,6.00,"Ontario",16.100.6,v44345653
2015,1.00,"Ontario",16.100.6,v44345653
1998,0.00,"Ottawa-Gatineau, Ontario/Quebec",17.100.6,v52146978
1999,0.00,"Ottawa-Gatineau, Ontario/Quebec",17.100.6,v52146978
2000,2.00,"Ottawa-Gatineau, Ontario/Quebec",17.100.6,v52146978
2001,0.00,"Ottawa-Gatineau, Ontario/Quebec",17.100.6,v52146978
2002,0.00,"Ottawa-Gatineau, Ontario/Quebec",17.100.6,v52146978
2003,2.00,"Ottawa-Gatineau, Ontario/Quebec",17.100.6,v52146978
2004,0.00,"Ottawa-Gatineau, Ontario/Quebec",17.100.6,v52146978
2005,0.00,"Ottawa-Gatineau, Ontario/Quebec",17.100.6,v52146978
2006,0.00,"Ottawa-Gatineau, Ontario/Quebec",17.100.6,v52146978
2007,0.00,"Ottawa-Gatineau, Ontario/Quebec",17.100.6,v52146978
2008,0.00,"Ottawa-Gatineau, Ontario/Quebec",17.100.6,v52146978
2009,0.00,"Ottawa-Gatineau, Ontario/Quebec",17.100.6,v52146978
2010,0.00,"Ottawa-Gatineau, Ontario/Quebec",17.100.6,v52146978
2011,0.00,"Ottawa-Gatineau, Ontario/Quebec",17.100.6,v52146978
2012,1.00,"Ottawa-Gatineau, Ontario/Quebec",17.100.6,v52146978
2013,2.00,"Ottawa-Gatineau, Ontario/Quebec",17.100.6,v52146978
2014,6.00,"Ottawa-Gatineau, Ontario/Quebec",17.100.6,v52146978
2015,0.00,"Ottawa-Gatineau, Ontario/Quebec",17.100.6,v52146978
1998,0.00,"Ottawa-Gatineau, Ontario part",18.100.6,v44339380
1999,0.00,"Ottawa-Gatineau, Ontario part",18.100.6,v44339380
2000,2.00,"Ottawa-Gatineau, Ontario part",18.100.6,v44339380
2001,0.00,"Ottawa-Gatineau, Ontario part",18.100.6,v44339380
2002,0.00,"Ottawa-Gatineau, Ontario part",18.100.6,v44339380
2003,2.00,"Ottawa-Gatineau, Ontario part",18.100.6,v44339380
2004,0.00,"Ottawa-Gatineau, Ontario part",18.100.6,v44339380
2005,0.00,"Ottawa-Gatineau, Ontario part",18.100.6,v44339380
2006,0.00,"Ottawa-Gatineau, Ontario part",18.100.6,v44339380
2007,0.00,"Ottawa-Gatineau, Ontario part",18.100.6,v44339380
2008,0.00,"Ottawa-Gatineau, Ontario part",18.100.6,v44339380
2009,0.00,"Ottawa-Gatineau, Ontario part",18.100.6,v44339380
2010,0.00,"Ottawa-Gatineau, Ontario part",18.100.6,v44339380
2011,0.00,"Ottawa-Gatineau, Ontario part",18.100.6,v44339380
2012,0.00,"Ottawa-Gatineau, Ontario part",18.100.6,v44339380
2013,2.00,"Ottawa-Gatineau, Ontario part",18.100.6,v44339380
2014,1.00,"Ottawa-Gatineau, Ontario part",18.100.6,v44339380
2015,0.00,"Ottawa-Gatineau, Ontario part",18.100.6,v44339380
2006,0.00,"Kingston, Ontario",27.100.6,v62075994
2007,0.00,"Kingston, Ontario",27.100.6,v62075994
2008,0.00,"Kingston, Ontario",27.100.6,v62075994
2009,0.00,"Kingston, Ontario",27.100.6,v62075994
2010,0.00,"Kingston, Ontario",27.100.6,v62075994
2011,0.00,"Kingston, Ontario",27.100.6,v62075994
2012,0.00,"Kingston, Ontario",27.100.6,v62075994
2013,0.00,"Kingston, Ontario",27.100.6,v62075994
2014,0.00,"Kingston, Ontario",27.100.6,v62075994
2015,0.00,"Kingston, Ontario",27.100.6,v62075994
2005,..,"Peterborough, Ontario",44.100.6,v52122592
2006,0.00,"Peterborough, Ontario",44.100.6,v52122592
2007,0.00,"Peterborough, Ontario",44.100.6,v52122592
2008,0.00,"Peterborough, Ontario",44.100.6,v52122592
2009,0.00,"Peterborough, Ontario",44.100.6,v52122592
2010,0.00,"Peterborough, Ontario",44.100.6,v52122592
2011,0.00,"Peterborough, Ontario",44.100.6,v52122592
2012,0.00,"Peterborough, Ontario",44.100.6,v52122592
2013,0.00,"Peterborough, Ontario",44.100.6,v52122592
2014,0.00,"Peterborough, Ontario",44.100.6,v52122592
2015,0.00,"Peterborough, Ontario",44.100.6,v52122592
1998,0.00,"Toronto, Ontario",19.100.6,v44348608
1999,1.00,"Toronto, Ontario",19.100.6,v44348608
2000,1.00,"Toronto, Ontario",19.100.6,v44348608
2001,1.00,"Toronto, Ontario",19.100.6,v44348608
2002,0.00,"Toronto, Ontario",19.100.6,v44348608
2003,1.00,"Toronto, Ontario",19.100.6,v44348608
2004,0.00,"Toronto, Ontario",19.100.6,v44348608
2005,1.00,"Toronto, Ontario",19.100.6,v44348608
2006,3.00,"Toronto, Ontario",19.100.6,v44348608
2007,2.00,"Toronto, Ontario",19.100.6,v44348608
2008,1.00,"Toronto, Ontario",19.100.6,v44348608
2009,0.00,"Toronto, Ontario",19.100.6,v44348608
2010,1.00,"Toronto, Ontario",19.100.6,v44348608
2011,1.00,"Toronto, Ontario",19.100.6,v44348608
2012,16.00,"Toronto, Ontario",19.100.6,v44348608
2013,22.00,"Toronto, Ontario",19.100.6,v44348608
2014,5.00,"Toronto, Ontario",19.100.6,v44348608
2015,0.00,"Toronto, Ontario",19.100.6,v44348608
1998,..,"Hamilton, Ontario",20.100.6,v44326769
1999,0.00,"Hamilton, Ontario",20.100.6,v44326769
2000,0.00,"Hamilton, Ontario",20.100.6,v44326769
2001,0.00,"Hamilton, Ontario",20.100.6,v44326769
2002,0.00,"Hamilton, Ontario",20.100.6,v44326769
2003,..,"Hamilton, Ontario",20.100.6,v44326769
2004,0.00,"Hamilton, Ontario",20.100.6,v44326769
2005,0.00,"Hamilton, Ontario",20.100.6,v44326769
2006,0.00,"Hamilton, Ontario",20.100.6,v44326769
2007,0.00,"Hamilton, Ontario",20.100.6,v44326769
2008,0.00,"Hamilton, Ontario",20.100.6,v44326769
2009,0.00,"Hamilton, Ontario",20.100.6,v44326769
2010,0.00,"Hamilton, Ontario",20.100.6,v44326769
2011,0.00,"Hamilton, Ontario",20.100.6,v44326769
2012,0.00,"Hamilton, Ontario",20.100.6,v44326769
2013,0.00,"Hamilton, Ontario",20.100.6,v44326769
2014,0.00,"Hamilton, Ontario",20.100.6,v44326769
2015,0.00,"Hamilton, Ontario",20.100.6,v44326769
1999,..,"St.Catharines-Niagara, Ontario",21.100.6,v44358746
2000,1.00,"St.Catharines-Niagara, Ontario",21.100.6,v44358746
2001,..,"St.Catharines-Niagara, Ontario",21.100.6,v44358746
2002,..,"St.Catharines-Niagara, Ontario",21.100.6,v44358746
2003,..,"St.Catharines-Niagara, Ontario",21.100.6,v44358746
2004,..,"St.Catharines-Niagara, Ontario",21.100.6,v44358746
2005,..,"St.Catharines-Niagara, Ontario",21.100.6,v44358746
2006,0.00,"St.Catharines-Niagara, Ontario",21.100.6,v44358746
2007,0.00,"St.Catharines-Niagara, Ontario",21.100.6,v44358746
2008,0.00,"St.Catharines-Niagara, Ontario",21.100.6,v44358746
2009,0.00,"St.Catharines-Niagara, Ontario",21.100.6,v44358746
2010,0.00,"St.Catharines-Niagara, Ontario",21.100.6,v44358746
2011,0.00,"St.Catharines-Niagara, Ontario",21.100.6,v44358746
2012,0.00,"St.Catharines-Niagara, Ontario",21.100.6,v44358746
2013,0.00,"St.Catharines-Niagara, Ontario",21.100.6,v44358746
2014,0.00,"St.Catharines-Niagara, Ontario",21.100.6,v44358746
2015,0.00,"St.Catharines-Niagara, Ontario",21.100.6,v44358746
1998,0.00,"Kitchener-Cambridge-Waterloo, Ontario",22.100.6,v44368673
1999,..,"Kitchener-Cambridge-Waterloo, Ontario",22.100.6,v44368673
2000,..,"Kitchener-Cambridge-Waterloo, Ontario",22.100.6,v44368673
2001,0.00,"Kitchener-Cambridge-Waterloo, Ontario",22.100.6,v44368673
2002,..,"Kitchener-Cambridge-Waterloo, Ontario",22.100.6,v44368673
2003,..,"Kitchener-Cambridge-Waterloo, Ontario",22.100.6,v44368673
2004,..,"Kitchener-Cambridge-Waterloo, Ontario",22.100.6,v44368673
2005,..,"Kitchener-Cambridge-Waterloo, Ontario",22.100.6,v44368673
2006,0.00,"Kitchener-Cambridge-Waterloo, Ontario",22.100.6,v44368673
2007,0.00,"Kitchener-Cambridge-Waterloo, Ontario",22.100.6,v44368673
2008,0.00,"Kitchener-Cambridge-Waterloo, Ontario",22.100.6,v44368673
2009,0.00,"Kitchener-Cambridge-Waterloo, Ontario",22.100.6,v44368673
2010,0.00,"Kitchener-Cambridge-Waterloo, Ontario",22.100.6,v44368673
2011,0.00,"Kitchener-Cambridge-Waterloo, Ontario",22.100.6,v44368673
2012,0.00,"Kitchener-Cambridge-Waterloo, Ontario",22.100.6,v44368673
2013,0.00,"Kitchener-Cambridge-Waterloo, Ontario",22.100.6,v44368673
2014,0.00,"Kitchener-Cambridge-Waterloo, Ontario",22.100.6,v44368673
2015,0.00,"Kitchener-Cambridge-Waterloo, Ontario",22.100.6,v44368673
2006,0.00,"Brantford, Ontario",45.100.6,v62132694
2007,0.00,"Brantford, Ontario",45.100.6,v62132694
2008,0.00,"Brantford, Ontario",45.100.6,v62132694
2009,0.00,"Brantford, Ontario",45.100.6,v62132694
2010,0.00,"Brantford, Ontario",45.100.6,v62132694
2011,0.00,"Brantford, Ontario",45.100.6,v62132694
2012,0.00,"Brantford, Ontario",45.100.6,v62132694
2013,0.00,"Brantford, Ontario",45.100.6,v62132694
2014,0.00,"Brantford, Ontario",45.100.6,v62132694
2015,0.00,"Brantford, Ontario",45.100.6,v62132694
2006,0.00,"Guelph, Ontario",46.100.6,v62135844
2007,0.00,"Guelph, Ontario",46.100.6,v62135844
2008,0.00,"Guelph, Ontario",46.100.6,v62135844
2009,0.00,"Guelph, Ontario",46.100.6,v62135844
2010,0.00,"Guelph, Ontario",46.100.6,v62135844
2011,0.00,"Guelph, Ontario",46.100.6,v62135844
2012,0.00,"Guelph, Ontario",46.100.6,v62135844
2013,0.00,"Guelph, Ontario",46.100.6,v62135844
2014,0.00,"Guelph, Ontario",46.100.6,v62135844
2015,0.00,"Guelph, Ontario",46.100.6,v62135844
1998,..,"London, Ontario",23.100.6,v44354166
1999,0.00,"London, Ontario",23.100.6,v44354166
2000,0.00,"London, Ontario",23.100.6,v44354166
2001,0.00,"London, Ontario",23.100.6,v44354166
2002,..,"London, Ontario",23.100.6,v44354166
2003,..,"London, Ontario",23.100.6,v44354166
2004,0.00,"London, Ontario",23.100.6,v44354166
2005,..,"London, Ontario",23.100.6,v44354166
2006,1.00,"London, Ontario",23.100.6,v44354166
2007,0.00,"London, Ontario",23.100.6,v44354166
2008,0.00,"London, Ontario",23.100.6,v44354166
2009,0.00,"London, Ontario",23.100.6,v44354166
2010,0.00,"London, Ontario",23.100.6,v44354166
2011,0.00,"London, Ontario",23.100.6,v44354166
2012,0.00,"London, Ontario",23.100.6,v44354166
2013,0.00,"London, Ontario",23.100.6,v44354166
2014,0.00,"London, Ontario",23.100.6,v44354166
2015,0.00,"London, Ontario",23.100.6,v44354166
1998,0.00,"Windsor, Ontario",24.100.6,v44395999
1999,0.00,"Windsor, Ontario",24.100.6,v44395999
2000,1.00,"Windsor, Ontario",24.100.6,v44395999
2001,0.00,"Windsor, Ontario",24.100.6,v44395999
2002,0.00,"Windsor, Ontario",24.100.6,v44395999
2003,1.00,"Windsor, Ontario",24.100.6,v44395999
2004,0.00,"Windsor, Ontario",24.100.6,v44395999
2005,0.00,"Windsor, Ontario",24.100.6,v44395999
2006,0.00,"Windsor, Ontario",24.100.6,v44395999
2007,0.00,"Windsor, Ontario",24.100.6,v44395999
2008,0.00,"Windsor, Ontario",24.100.6,v44395999
2009,0.00,"Windsor, Ontario",24.100.6,v44395999
2010,0.00,"Windsor, Ontario",24.100.6,v44395999
2011,1.00,"Windsor, Ontario",24.100.6,v44395999
2012,0.00,"Windsor, Ontario",24.100.6,v44395999
2013,0.00,"Windsor, Ontario",24.100.6,v44395999
2014,0.00,"Windsor, Ontario",24.100.6,v44395999
2015,0.00,"Windsor, Ontario",24.100.6,v44395999
2005,..,"Barrie, Ontario",47.100.6,v52145071
2006,0.00,"Barrie, Ontario",47.100.6,v52145071
2007,0.00,"Barrie, Ontario",47.100.6,v52145071
2008,0.00,"Barrie, Ontario",47.100.6,v52145071
2009,0.00,"Barrie, Ontario",47.100.6,v52145071
2010,0.00,"Barrie, Ontario",47.100.6,v52145071
2011,0.00,"Barrie, Ontario",47.100.6,v52145071
2012,0.00,"Barrie, Ontario",47.100.6,v52145071
2013,0.00,"Barrie, Ontario",47.100.6,v52145071
2014,0.00,"Barrie, Ontario",47.100.6,v52145071
2015,0.00,"Barrie, Ontario",47.100.6,v52145071
2006,0.00,"Sudbury, Ontario",25.100.6,v62069694
2007,0.00,"Sudbury, Ontario",25.100.6,v62069694
2008,0.00,"Sudbury, Ontario",25.100.6,v62069694
2009,0.00,"Sudbury, Ontario",25.100.6,v62069694
2010,0.00,"Sudbury, Ontario",25.100.6,v62069694
2011,0.00,"Sudbury, Ontario",25.100.6,v62069694
2012,0.00,"Sudbury, Ontario",25.100.6,v62069694
2013,0.00,"Sudbury, Ontario",25.100.6,v62069694
2014,0.00,"Sudbury, Ontario",25.100.6,v62069694
2015,0.00,"Sudbury, Ontario",25.100.6,v62069694
2006,0.00,"Thunder Bay, Ontario",26.100.6,v62072844
2007,0.00,"Thunder Bay, Ontario",26.100.6,v62072844
2008,0.00,"Thunder Bay, Ontario",26.100.6,v62072844
2009,0.00,"Thunder Bay, Ontario",26.100.6,v62072844
2010,0.00,"Thunder Bay, Ontario",26.100.6,v62072844
2011,0.00,"Thunder Bay, Ontario",26.100.6,v62072844
2012,0.00,"Thunder Bay, Ontario",26.100.6,v62072844
2013,0.00,"Thunder Bay, Ontario",26.100.6,v62072844
2014,0.00,"Thunder Bay, Ontario",26.100.6,v62072844
2015,0.00,"Thunder Bay, Ontario",26.100.6,v62072844
1998,1.00,"Manitoba",28.100.6,v44407824
1999,1.00,"Manitoba",28.100.6,v44407824
2000,..,"Manitoba",28.100.6,v44407824
2001,0.00,"Manitoba",28.100.6,v44407824
2002,..,"Manitoba",28.100.6,v44407824
2003,0.00,"Manitoba",28.100.6,v44407824
2004,..,"Manitoba",28.100.6,v44407824
2005,..,"Manitoba",28.100.6,v44407824
2006,0.00,"Manitoba",28.100.6,v44407824
2007,0.00,"Manitoba",28.100.6,v44407824
2008,0.00,"Manitoba",28.100.6,v44407824
2009,0.00,"Manitoba",28.100.6,v44407824
2010,0.00,"Manitoba",28.100.6,v44407824
2011,0.00,"Manitoba",28.100.6,v44407824
2012,0.00,"Manitoba",28.100.6,v44407824
2013,0.00,"Manitoba",28.100.6,v44407824
2014,0.00,"Manitoba",28.100.6,v44407824
2015,0.00,"Manitoba",28.100.6,v44407824
2005,..,"Winnipeg, Manitoba",29.100.6,v44384709
2006,0.00,"Winnipeg, Manitoba",29.100.6,v44384709
2007,0.00,"Winnipeg, Manitoba",29.100.6,v44384709
2008,0.00,"Winnipeg, Manitoba",29.100.6,v44384709
2009,0.00,"Winnipeg, Manitoba",29.100.6,v44384709
2010,0.00,"Winnipeg, Manitoba",29.100.6,v44384709
2011,0.00,"Winnipeg, Manitoba",29.100.6,v44384709
2012,0.00,"Winnipeg, Manitoba",29.100.6,v44384709
2013,0.00,"Winnipeg, Manitoba",29.100.6,v44384709
2014,0.00,"Winnipeg, Manitoba",29.100.6,v44384709
2015,0.00,"Winnipeg, Manitoba",29.100.6,v44384709
1998,1.00,"Saskatchewan",30.100.6,v44390526
1999,1.00,"Saskatchewan",30.100.6,v44390526
2000,1.00,"Saskatchewan",30.100.6,v44390526
2001,0.00,"Saskatchewan",30.100.6,v44390526
2002,0.00,"Saskatchewan",30.100.6,v44390526
2003,..,"Saskatchewan",30.100.6,v44390526
2004,..,"Saskatchewan",30.100.6,v44390526
2005,0.00,"Saskatchewan",30.100.6,v44390526
2006,0.00,"Saskatchewan",30.100.6,v44390526
2007,0.00,"Saskatchewan",30.100.6,v44390526
2008,0.00,"Saskatchewan",30.100.6,v44390526
2009,0.00,"Saskatchewan",30.100.6,v44390526
2010,0.00,"Saskatchewan",30.100.6,v44390526
2011,0.00,"Saskatchewan",30.100.6,v44390526
2012,1.00,"Saskatchewan",30.100.6,v44390526
2013,0.00,"Saskatchewan",30.100.6,v44390526
2014,0.00,"Saskatchewan",30.100.6,v44390526
2015,0.00,"Saskatchewan",30.100.6,v44390526
2000,..,"Regina, Saskatchewan",31.100.6,v44406599
2001,0.00,"Regina, Saskatchewan",31.100.6,v44406599
2002,0.00,"Regina, Saskatchewan",31.100.6,v44406599
2003,..,"Regina, Saskatchewan",31.100.6,v44406599
2004,..,"Regina, Saskatchewan",31.100.6,v44406599
2005,..,"Regina, Saskatchewan",31.100.6,v44406599
2006,0.00,"Regina, Saskatchewan",31.100.6,v44406599
2007,0.00,"Regina, Saskatchewan",31.100.6,v44406599
2008,0.00,"Regina, Saskatchewan",31.100.6,v44406599
2009,0.00,"Regina, Saskatchewan",31.100.6,v44406599
2010,0.00,"Regina, Saskatchewan",31.100.6,v44406599
2011,0.00,"Regina, Saskatchewan",31.100.6,v44406599
2012,1.00,"Regina, Saskatchewan",31.100.6,v44406599
2013,0.00,"Regina, Saskatchewan",31.100.6,v44406599
2014,0.00,"Regina, Saskatchewan",31.100.6,v44406599
2015,0.00,"Regina, Saskatchewan",31.100.6,v44406599
1998,..,"Saskatoon, Saskatchewan",32.100.6,v44340692
1999,1.00,"Saskatoon, Saskatchewan",32.100.6,v44340692
2000,0.00,"Saskatoon, Saskatchewan",32.100.6,v44340692
2001,..,"Saskatoon, Saskatchewan",32.100.6,v44340692
2002,..,"Saskatoon, Saskatchewan",32.100.6,v44340692
2003,..,"Saskatoon, Saskatchewan",32.100.6,v44340692
2004,..,"Saskatoon, Saskatchewan",32.100.6,v44340692
2005,..,"Saskatoon, Saskatchewan",32.100.6,v44340692
2006,0.00,"Saskatoon, Saskatchewan",32.100.6,v44340692
2007,0.00,"Saskatoon, Saskatchewan",32.100.6,v44340692
2008,0.00,"Saskatoon, Saskatchewan",32.100.6,v44340692
2009,0.00,"Saskatoon, Saskatchewan",32.100.6,v44340692
2010,0.00,"Saskatoon, Saskatchewan",32.100.6,v44340692
2011,0.00,"Saskatoon, Saskatchewan",32.100.6,v44340692
2012,0.00,"Saskatoon, Saskatchewan",32.100.6,v44340692
2013,0.00,"Saskatoon, Saskatchewan",32.100.6,v44340692
2014,0.00,"Saskatoon, Saskatchewan",32.100.6,v44340692
2015,0.00,"Saskatoon, Saskatchewan",32.100.6,v44340692
1998,0.00,"Alberta",33.100.6,v44411980
1999,0.00,"Alberta",33.100.6,v44411980
2000,0.00,"Alberta",33.100.6,v44411980
2001,0.00,"Alberta",33.100.6,v44411980
2002,0.00,"Alberta",33.100.6,v44411980
2003,0.00,"Alberta",33.100.6,v44411980
2004,0.00,"Alberta",33.100.6,v44411980
2005,..,"Alberta",33.100.6,v44411980
2006,0.00,"Alberta",33.100.6,v44411980
2007,0.00,"Alberta",33.100.6,v44411980
2008,1.00,"Alberta",33.100.6,v44411980
2009,0.00,"Alberta",33.100.6,v44411980
2010,5.00,"Alberta",33.100.6,v44411980
2011,0.00,"Alberta",33.100.6,v44411980
2012,1.00,"Alberta",33.100.6,v44411980
2013,1.00,"Alberta",33.100.6,v44411980
2014,3.00,"Alberta",33.100.6,v44411980
2015,0.00,"Alberta",33.100.6,v44411980
1998,0.00,"Calgary, Alberta",34.100.6,v44341063
1999,0.00,"Calgary, Alberta",34.100.6,v44341063
2000,0.00,"Calgary, Alberta",34.100.6,v44341063
2001,0.00,"Calgary, Alberta",34.100.6,v44341063
2002,0.00,"Calgary, Alberta",34.100.6,v44341063
2003,0.00,"Calgary, Alberta",34.100.6,v44341063
2004,0.00,"Calgary, Alberta",34.100.6,v44341063
2005,..,"Calgary, Alberta",34.100.6,v44341063
2006,0.00,"Calgary, Alberta",34.100.6,v44341063
2007,0.00,"Calgary, Alberta",34.100.6,v44341063
2008,0.00,"Calgary, Alberta",34.100.6,v44341063
2009,0.00,"Calgary, Alberta",34.100.6,v44341063
2010,3.00,"Calgary, Alberta",34.100.6,v44341063
2011,0.00,"Calgary, Alberta",34.100.6,v44341063
2012,1.00,"Calgary, Alberta",34.100.6,v44341063
2013,0.00,"Calgary, Alberta",34.100.6,v44341063
2014,1.00,"Calgary, Alberta",34.100.6,v44341063
2015,0.00,"Calgary, Alberta",34.100.6,v44341063
1998,0.00,"Edmonton, Alberta",35.100.6,v44356983
1999,..,"Edmonton, Alberta",35.100.6,v44356983
2000,..,"Edmonton, Alberta",35.100.6,v44356983
2001,0.00,"Edmonton, Alberta",35.100.6,v44356983
2002,..,"Edmonton, Alberta",35.100.6,v44356983
2003,..,"Edmonton, Alberta",35.100.6,v44356983
2004,0.00,"Edmonton, Alberta",35.100.6,v44356983
2005,..,"Edmonton, Alberta",35.100.6,v44356983
2006,0.00,"Edmonton, Alberta",35.100.6,v44356983
2007,0.00,"Edmonton, Alberta",35.100.6,v44356983
2008,0.00,"Edmonton, Alberta",35.100.6,v44356983
2009,0.00,"Edmonton, Alberta",35.100.6,v44356983
2010,0.00,"Edmonton, Alberta",35.100.6,v44356983
2011,0.00,"Edmonton, Alberta",35.100.6,v44356983
2012,0.00,"Edmonton, Alberta",35.100.6,v44356983
2013,1.00,"Edmonton, Alberta",35.100.6,v44356983
2014,1.00,"Edmonton, Alberta",35.100.6,v44356983
2015,0.00,"Edmonton, Alberta",35.100.6,v44356983
1998,5.00,"British Columbia",36.100.6,v44339361
1999,5.00,"British Columbia",36.100.6,v44339361
2000,1.00,"British Columbia",36.100.6,v44339361
2001,2.00,"British Columbia",36.100.6,v44339361
2002,3.00,"British Columbia",36.100.6,v44339361
2003,3.00,"British Columbia",36.100.6,v44339361
2004,2.00,"British Columbia",36.100.6,v44339361
2005,3.00,"British Columbia",36.100.6,v44339361
2006,2.00,"British Columbia",36.100.6,v44339361
2007,2.00,"British Columbia",36.100.6,v44339361
2008,1.00,"British Columbia",36.100.6,v44339361
2009,0.00,"British Columbia",36.100.6,v44339361
2010,2.00,"British Columbia",36.100.6,v44339361
2011,3.00,"British Columbia",36.100.6,v44339361
2012,3.00,"British Columbia",36.100.6,v44339361
2013,1.00,"British Columbia",36.100.6,v44339361
2014,1.00,"British Columbia",36.100.6,v44339361
2015,0.00,"British Columbia",36.100.6,v44339361
2005,..,"Kelowna, British Columbia",48.100.6,v52146459
2006,0.00,"Kelowna, British Columbia",48.100.6,v52146459
2007,0.00,"Kelowna, British Columbia",48.100.6,v52146459
2008,0.00,"Kelowna, British Columbia",48.100.6,v52146459
2009,0.00,"Kelowna, British Columbia",48.100.6,v52146459
2010,0.00,"Kelowna, British Columbia",48.100.6,v52146459
2011,0.00,"Kelowna, British Columbia",48.100.6,v52146459
2012,0.00,"Kelowna, British Columbia",48.100.6,v52146459
2013,0.00,"Kelowna, British Columbia",48.100.6,v52146459
2014,0.00,"Kelowna, British Columbia",48.100.6,v52146459
2015,0.00,"Kelowna, British Columbia",48.100.6,v52146459
2004,..,"Abbotsford-Mission, British Columbia",39.100.6,v44344798
2005,0.00,"Abbotsford-Mission, British Columbia",39.100.6,v44344798
2006,0.00,"Abbotsford-Mission, British Columbia",39.100.6,v44344798
2007,0.00,"Abbotsford-Mission, British Columbia",39.100.6,v44344798
2008,0.00,"Abbotsford-Mission, British Columbia",39.100.6,v44344798
2009,0.00,"Abbotsford-Mission, British Columbia",39.100.6,v44344798
2010,0.00,"Abbotsford-Mission, British Columbia",39.100.6,v44344798
2011,0.00,"Abbotsford-Mission, British Columbia",39.100.6,v44344798
2012,0.00,"Abbotsford-Mission, British Columbia",39.100.6,v44344798
2013,0.00,"Abbotsford-Mission, British Columbia",39.100.6,v44344798
2014,0.00,"Abbotsford-Mission, British Columbia",39.100.6,v44344798
2015,0.00,"Abbotsford-Mission, British Columbia",39.100.6,v44344798
1998,1.00,"Vancouver, British Columbia",37.100.6,v44354816
1999,2.00,"Vancouver, British Columbia",37.100.6,v44354816
2000,0.00,"Vancouver, British Columbia",37.100.6,v44354816
2001,0.00,"Vancouver, British Columbia",37.100.6,v44354816
2002,1.00,"Vancouver, British Columbia",37.100.6,v44354816
2003,1.00,"Vancouver, British Columbia",37.100.6,v44354816
2004,2.00,"Vancouver, British Columbia",37.100.6,v44354816
2005,3.00,"Vancouver, British Columbia",37.100.6,v44354816
2006,0.00,"Vancouver, British Columbia",37.100.6,v44354816
2007,2.00,"Vancouver, British Columbia",37.100.6,v44354816
2008,1.00,"Vancouver, British Columbia",37.100.6,v44354816
2009,0.00,"Vancouver, British Columbia",37.100.6,v44354816
2010,2.00,"Vancouver, British Columbia",37.100.6,v44354816
2011,3.00,"Vancouver, British Columbia",37.100.6,v44354816
2012,2.00,"Vancouver, British Columbia",37.100.6,v44354816
2013,1.00,"Vancouver, British Columbia",37.100.6,v44354816
2014,1.00,"Vancouver, British Columbia",37.100.6,v44354816
2015,0.00,"Vancouver, British Columbia",37.100.6,v44354816
1998,..,"Victoria, British Columbia",38.100.6,v44342743
1999,1.00,"Victoria, British Columbia",38.100.6,v44342743
2000,1.00,"Victoria, British Columbia",38.100.6,v44342743
2001,1.00,"Victoria, British Columbia",38.100.6,v44342743
2002,1.00,"Victoria, British Columbia",38.100.6,v44342743
2003,1.00,"Victoria, British Columbia",38.100.6,v44342743
2004,..,"Victoria, British Columbia",38.100.6,v44342743
2005,..,"Victoria, British Columbia",38.100.6,v44342743
2006,0.00,"Victoria, British Columbia",38.100.6,v44342743
2007,0.00,"Victoria, British Columbia",38.100.6,v44342743
2008,0.00,"Victoria, British Columbia",38.100.6,v44342743
2009,0.00,"Victoria, British Columbia",38.100.6,v44342743
2010,0.00,"Victoria, British Columbia",38.100.6,v44342743
2011,0.00,"Victoria, British Columbia",38.100.6,v44342743
2012,1.00,"Victoria, British Columbia",38.100.6,v44342743
2013,0.00,"Victoria, British Columbia",38.100.6,v44342743
2014,0.00,"Victoria, British Columbia",38.100.6,v44342743
2015,0.00,"Victoria, British Columbia",38.100.6,v44342743
2006,0.00,"Yukon",40.100.6,v62116944
2007,0.00,"Yukon",40.100.6,v62116944
2008,0.00,"Yukon",40.100.6,v62116944
2009,0.00,"Yukon",40.100.6,v62116944
2010,0.00,"Yukon",40.100.6,v62116944
2011,0.00,"Yukon",40.100.6,v62116944
2012,0.00,"Yukon",40.100.6,v62116944
2013,0.00,"Yukon",40.100.6,v62116944
2014,0.00,"Yukon",40.100.6,v62116944
2015,0.00,"Yukon",40.100.6,v62116944
1998,3.00,"Northwest Territories",41.100.6,v44403862
1999,..,"Northwest Territories",41.100.6,v44403862
2000,..,"Northwest Territories",41.100.6,v44403862
2001,..,"Northwest Territories",41.100.6,v44403862
2002,..,"Northwest Territories",41.100.6,v44403862
2003,..,"Northwest Territories",41.100.6,v44403862
2004,..,"Northwest Territories",41.100.6,v44403862
2005,..,"Northwest Territories",41.100.6,v44403862
2006,0.00,"Northwest Territories",41.100.6,v44403862
2007,0.00,"Northwest Territories",41.100.6,v44403862
2008,0.00,"Northwest Territories",41.100.6,v44403862
2009,0.00,"Northwest Territories",41.100.6,v44403862
2010,0.00,"Northwest Territories",41.100.6,v44403862
2011,0.00,"Northwest Territories",41.100.6,v44403862
2012,0.00,"Northwest Territories",41.100.6,v44403862
2013,0.00,"Northwest Territories",41.100.6,v44403862
2014,0.00,"Northwest Territories",41.100.6,v44403862
2015,0.00,"Northwest Territories",41.100.6,v44403862
2006,0.00,"Nunavut",42.100.6,v62123244
2007,0.00,"Nunavut",42.100.6,v62123244
2008,0.00,"Nunavut",42.100.6,v62123244
2009,0.00,"Nunavut",42.100.6,v62123244
2010,0.00,"Nunavut",42.100.6,v62123244
2011,0.00,"Nunavut",42.100.6,v62123244
2012,0.00,"Nunavut",42.100.6,v62123244
2013,0.00,"Nunavut",42.100.6,v62123244
2014,0.00,"Nunavut",42.100.6,v62123244
2015,0.00,"Nunavut",42.100.6,v62123244
