2006,0.00,"Canada",1.171.9,v52135887
2007,1.00,"Canada",1.171.9,v52135887
2008,1.00,"Canada",1.171.9,v52135887
2009,3.00,"Canada",1.171.9,v52135887
2010,6.00,"Canada",1.171.9,v52135887
2011,2.00,"Canada",1.171.9,v52135887
2012,1.00,"Canada",1.171.9,v52135887
2013,1.00,"Canada",1.171.9,v52135887
2014,0.00,"Canada",1.171.9,v52135887
2015,5.00,"Canada",1.171.9,v52135887
2006,0.00,"Newfoundland and Labrador",2.171.9,v54049201
2007,0.00,"Newfoundland and Labrador",2.171.9,v54049201
2008,0.00,"Newfoundland and Labrador",2.171.9,v54049201
2009,0.00,"Newfoundland and Labrador",2.171.9,v54049201
2010,1.00,"Newfoundland and Labrador",2.171.9,v54049201
2011,0.00,"Newfoundland and Labrador",2.171.9,v54049201
2012,0.00,"Newfoundland and Labrador",2.171.9,v54049201
2013,0.00,"Newfoundland and Labrador",2.171.9,v54049201
2014,0.00,"Newfoundland and Labrador",2.171.9,v54049201
2015,0.00,"Newfoundland and Labrador",2.171.9,v54049201
2006,0.00,"St. John's, Newfoundland and Labrador",3.171.9,v54049209
2007,0.00,"St. John's, Newfoundland and Labrador",3.171.9,v54049209
2008,0.00,"St. John's, Newfoundland and Labrador",3.171.9,v54049209
2009,0.00,"St. John's, Newfoundland and Labrador",3.171.9,v54049209
2010,1.00,"St. John's, Newfoundland and Labrador",3.171.9,v54049209
2011,0.00,"St. John's, Newfoundland and Labrador",3.171.9,v54049209
2012,0.00,"St. John's, Newfoundland and Labrador",3.171.9,v54049209
2013,0.00,"St. John's, Newfoundland and Labrador",3.171.9,v54049209
2014,0.00,"St. John's, Newfoundland and Labrador",3.171.9,v54049209
2015,0.00,"St. John's, Newfoundland and Labrador",3.171.9,v54049209
2006,0.00,"Prince Edward Island",4.171.9,v62004541
2007,0.00,"Prince Edward Island",4.171.9,v62004541
2008,0.00,"Prince Edward Island",4.171.9,v62004541
2009,0.00,"Prince Edward Island",4.171.9,v62004541
2010,0.00,"Prince Edward Island",4.171.9,v62004541
2011,0.00,"Prince Edward Island",4.171.9,v62004541
2012,0.00,"Prince Edward Island",4.171.9,v62004541
2013,0.00,"Prince Edward Island",4.171.9,v62004541
2014,0.00,"Prince Edward Island",4.171.9,v62004541
2015,0.00,"Prince Edward Island",4.171.9,v62004541
2006,0.00,"Nova Scotia",5.171.9,v62007691
2007,0.00,"Nova Scotia",5.171.9,v62007691
2008,0.00,"Nova Scotia",5.171.9,v62007691
2009,0.00,"Nova Scotia",5.171.9,v62007691
2010,0.00,"Nova Scotia",5.171.9,v62007691
2011,0.00,"Nova Scotia",5.171.9,v62007691
2012,0.00,"Nova Scotia",5.171.9,v62007691
2013,0.00,"Nova Scotia",5.171.9,v62007691
2014,0.00,"Nova Scotia",5.171.9,v62007691
2015,0.00,"Nova Scotia",5.171.9,v62007691
2006,0.00,"Halifax, Nova Scotia",6.171.9,v62010841
2007,0.00,"Halifax, Nova Scotia",6.171.9,v62010841
2008,0.00,"Halifax, Nova Scotia",6.171.9,v62010841
2009,0.00,"Halifax, Nova Scotia",6.171.9,v62010841
2010,0.00,"Halifax, Nova Scotia",6.171.9,v62010841
2011,0.00,"Halifax, Nova Scotia",6.171.9,v62010841
2012,0.00,"Halifax, Nova Scotia",6.171.9,v62010841
2013,0.00,"Halifax, Nova Scotia",6.171.9,v62010841
2014,0.00,"Halifax, Nova Scotia",6.171.9,v62010841
2015,0.00,"Halifax, Nova Scotia",6.171.9,v62010841
2006,0.00,"New Brunswick",7.171.9,v62013991
2007,0.00,"New Brunswick",7.171.9,v62013991
2008,0.00,"New Brunswick",7.171.9,v62013991
2009,0.00,"New Brunswick",7.171.9,v62013991
2010,0.00,"New Brunswick",7.171.9,v62013991
2011,0.00,"New Brunswick",7.171.9,v62013991
2012,0.00,"New Brunswick",7.171.9,v62013991
2013,0.00,"New Brunswick",7.171.9,v62013991
2014,0.00,"New Brunswick",7.171.9,v62013991
2015,0.00,"New Brunswick",7.171.9,v62013991
2006,0.00,"Moncton, New Brunswick",43.171.9,v62127391
2007,0.00,"Moncton, New Brunswick",43.171.9,v62127391
2008,0.00,"Moncton, New Brunswick",43.171.9,v62127391
2009,0.00,"Moncton, New Brunswick",43.171.9,v62127391
2010,0.00,"Moncton, New Brunswick",43.171.9,v62127391
2011,0.00,"Moncton, New Brunswick",43.171.9,v62127391
2012,0.00,"Moncton, New Brunswick",43.171.9,v62127391
2013,0.00,"Moncton, New Brunswick",43.171.9,v62127391
2014,0.00,"Moncton, New Brunswick",43.171.9,v62127391
2015,0.00,"Moncton, New Brunswick",43.171.9,v62127391
2006,0.00,"Saint John, New Brunswick",8.171.9,v62017141
2007,0.00,"Saint John, New Brunswick",8.171.9,v62017141
2008,0.00,"Saint John, New Brunswick",8.171.9,v62017141
2009,0.00,"Saint John, New Brunswick",8.171.9,v62017141
2010,0.00,"Saint John, New Brunswick",8.171.9,v62017141
2011,0.00,"Saint John, New Brunswick",8.171.9,v62017141
2012,0.00,"Saint John, New Brunswick",8.171.9,v62017141
2013,0.00,"Saint John, New Brunswick",8.171.9,v62017141
2014,0.00,"Saint John, New Brunswick",8.171.9,v62017141
2015,0.00,"Saint John, New Brunswick",8.171.9,v62017141
2006,0.00,"Quebec",9.171.9,v52138143
2007,0.00,"Quebec",9.171.9,v52138143
2008,1.00,"Quebec",9.171.9,v52138143
2009,2.00,"Quebec",9.171.9,v52138143
2010,2.00,"Quebec",9.171.9,v52138143
2011,0.00,"Quebec",9.171.9,v52138143
2012,0.00,"Quebec",9.171.9,v52138143
2013,1.00,"Quebec",9.171.9,v52138143
2014,0.00,"Quebec",9.171.9,v52138143
2015,3.00,"Quebec",9.171.9,v52138143
2006,0.00,"Saguenay, Quebec",10.171.9,v62023441
2007,0.00,"Saguenay, Quebec",10.171.9,v62023441
2008,0.00,"Saguenay, Quebec",10.171.9,v62023441
2009,0.00,"Saguenay, Quebec",10.171.9,v62023441
2010,0.00,"Saguenay, Quebec",10.171.9,v62023441
2011,0.00,"Saguenay, Quebec",10.171.9,v62023441
2012,0.00,"Saguenay, Quebec",10.171.9,v62023441
2013,0.00,"Saguenay, Quebec",10.171.9,v62023441
2014,0.00,"Saguenay, Quebec",10.171.9,v62023441
2015,0.00,"Saguenay, Quebec",10.171.9,v62023441
2006,0.00,"Sherbrooke, Quebec",12.171.9,v62029741
2007,0.00,"Sherbrooke, Quebec",12.171.9,v62029741
2008,0.00,"Sherbrooke, Quebec",12.171.9,v62029741
2009,0.00,"Sherbrooke, Quebec",12.171.9,v62029741
2010,0.00,"Sherbrooke, Quebec",12.171.9,v62029741
2011,0.00,"Sherbrooke, Quebec",12.171.9,v62029741
2012,0.00,"Sherbrooke, Quebec",12.171.9,v62029741
2013,0.00,"Sherbrooke, Quebec",12.171.9,v62029741
2014,0.00,"Sherbrooke, Quebec",12.171.9,v62029741
2015,0.00,"Sherbrooke, Quebec",12.171.9,v62029741
2006,0.00,"Ottawa-Gatineau, Quebec part",15.171.9,v62039191
2007,0.00,"Ottawa-Gatineau, Quebec part",15.171.9,v62039191
2008,0.00,"Ottawa-Gatineau, Quebec part",15.171.9,v62039191
2009,0.00,"Ottawa-Gatineau, Quebec part",15.171.9,v62039191
2010,0.00,"Ottawa-Gatineau, Quebec part",15.171.9,v62039191
2011,0.00,"Ottawa-Gatineau, Quebec part",15.171.9,v62039191
2012,0.00,"Ottawa-Gatineau, Quebec part",15.171.9,v62039191
2013,0.00,"Ottawa-Gatineau, Quebec part",15.171.9,v62039191
2014,0.00,"Ottawa-Gatineau, Quebec part",15.171.9,v62039191
2015,0.00,"Ottawa-Gatineau, Quebec part",15.171.9,v62039191
2006,0.00,"Ontario",16.171.9,v62042341
2007,0.00,"Ontario",16.171.9,v62042341
2008,0.00,"Ontario",16.171.9,v62042341
2009,0.00,"Ontario",16.171.9,v62042341
2010,0.00,"Ontario",16.171.9,v62042341
2011,2.00,"Ontario",16.171.9,v62042341
2012,0.00,"Ontario",16.171.9,v62042341
2013,0.00,"Ontario",16.171.9,v62042341
2014,0.00,"Ontario",16.171.9,v62042341
2015,2.00,"Ontario",16.171.9,v62042341
2006,0.00,"Ottawa-Gatineau, Ontario/Quebec",17.171.9,v62045491
2007,0.00,"Ottawa-Gatineau, Ontario/Quebec",17.171.9,v62045491
2008,0.00,"Ottawa-Gatineau, Ontario/Quebec",17.171.9,v62045491
2009,0.00,"Ottawa-Gatineau, Ontario/Quebec",17.171.9,v62045491
2010,0.00,"Ottawa-Gatineau, Ontario/Quebec",17.171.9,v62045491
2011,0.00,"Ottawa-Gatineau, Ontario/Quebec",17.171.9,v62045491
2012,0.00,"Ottawa-Gatineau, Ontario/Quebec",17.171.9,v62045491
2013,0.00,"Ottawa-Gatineau, Ontario/Quebec",17.171.9,v62045491
2014,0.00,"Ottawa-Gatineau, Ontario/Quebec",17.171.9,v62045491
2015,0.00,"Ottawa-Gatineau, Ontario/Quebec",17.171.9,v62045491
2006,0.00,"Ottawa-Gatineau, Ontario part",18.171.9,v62048641
2007,0.00,"Ottawa-Gatineau, Ontario part",18.171.9,v62048641
2008,0.00,"Ottawa-Gatineau, Ontario part",18.171.9,v62048641
2009,0.00,"Ottawa-Gatineau, Ontario part",18.171.9,v62048641
2010,0.00,"Ottawa-Gatineau, Ontario part",18.171.9,v62048641
2011,0.00,"Ottawa-Gatineau, Ontario part",18.171.9,v62048641
2012,0.00,"Ottawa-Gatineau, Ontario part",18.171.9,v62048641
2013,0.00,"Ottawa-Gatineau, Ontario part",18.171.9,v62048641
2014,0.00,"Ottawa-Gatineau, Ontario part",18.171.9,v62048641
2015,0.00,"Ottawa-Gatineau, Ontario part",18.171.9,v62048641
2006,0.00,"Kingston, Ontario",27.171.9,v62076991
2007,0.00,"Kingston, Ontario",27.171.9,v62076991
2008,0.00,"Kingston, Ontario",27.171.9,v62076991
2009,0.00,"Kingston, Ontario",27.171.9,v62076991
2010,0.00,"Kingston, Ontario",27.171.9,v62076991
2011,0.00,"Kingston, Ontario",27.171.9,v62076991
2012,0.00,"Kingston, Ontario",27.171.9,v62076991
2013,0.00,"Kingston, Ontario",27.171.9,v62076991
2014,0.00,"Kingston, Ontario",27.171.9,v62076991
2015,0.00,"Kingston, Ontario",27.171.9,v62076991
2006,0.00,"Peterborough, Ontario",44.171.9,v62130541
2007,0.00,"Peterborough, Ontario",44.171.9,v62130541
2008,0.00,"Peterborough, Ontario",44.171.9,v62130541
2009,0.00,"Peterborough, Ontario",44.171.9,v62130541
2010,0.00,"Peterborough, Ontario",44.171.9,v62130541
2011,0.00,"Peterborough, Ontario",44.171.9,v62130541
2012,0.00,"Peterborough, Ontario",44.171.9,v62130541
2013,0.00,"Peterborough, Ontario",44.171.9,v62130541
2014,0.00,"Peterborough, Ontario",44.171.9,v62130541
2015,0.00,"Peterborough, Ontario",44.171.9,v62130541
2006,0.00,"Toronto, Ontario",19.171.9,v62051791
2007,0.00,"Toronto, Ontario",19.171.9,v62051791
2008,0.00,"Toronto, Ontario",19.171.9,v62051791
2009,0.00,"Toronto, Ontario",19.171.9,v62051791
2010,0.00,"Toronto, Ontario",19.171.9,v62051791
2011,0.00,"Toronto, Ontario",19.171.9,v62051791
2012,0.00,"Toronto, Ontario",19.171.9,v62051791
2013,0.00,"Toronto, Ontario",19.171.9,v62051791
2014,0.00,"Toronto, Ontario",19.171.9,v62051791
2015,2.00,"Toronto, Ontario",19.171.9,v62051791
2006,0.00,"Hamilton, Ontario",20.171.9,v62054941
2007,0.00,"Hamilton, Ontario",20.171.9,v62054941
2008,0.00,"Hamilton, Ontario",20.171.9,v62054941
2009,0.00,"Hamilton, Ontario",20.171.9,v62054941
2010,0.00,"Hamilton, Ontario",20.171.9,v62054941
2011,0.00,"Hamilton, Ontario",20.171.9,v62054941
2012,0.00,"Hamilton, Ontario",20.171.9,v62054941
2013,0.00,"Hamilton, Ontario",20.171.9,v62054941
2014,0.00,"Hamilton, Ontario",20.171.9,v62054941
2015,0.00,"Hamilton, Ontario",20.171.9,v62054941
2006,0.00,"St.Catharines-Niagara, Ontario",21.171.9,v62058091
2007,0.00,"St.Catharines-Niagara, Ontario",21.171.9,v62058091
2008,0.00,"St.Catharines-Niagara, Ontario",21.171.9,v62058091
2009,0.00,"St.Catharines-Niagara, Ontario",21.171.9,v62058091
2010,0.00,"St.Catharines-Niagara, Ontario",21.171.9,v62058091
2011,0.00,"St.Catharines-Niagara, Ontario",21.171.9,v62058091
2012,0.00,"St.Catharines-Niagara, Ontario",21.171.9,v62058091
2013,0.00,"St.Catharines-Niagara, Ontario",21.171.9,v62058091
2014,0.00,"St.Catharines-Niagara, Ontario",21.171.9,v62058091
2015,0.00,"St.Catharines-Niagara, Ontario",21.171.9,v62058091
2006,0.00,"Kitchener-Cambridge-Waterloo, Ontario",22.171.9,v62061241
2007,0.00,"Kitchener-Cambridge-Waterloo, Ontario",22.171.9,v62061241
2008,0.00,"Kitchener-Cambridge-Waterloo, Ontario",22.171.9,v62061241
2009,0.00,"Kitchener-Cambridge-Waterloo, Ontario",22.171.9,v62061241
2010,0.00,"Kitchener-Cambridge-Waterloo, Ontario",22.171.9,v62061241
2011,0.00,"Kitchener-Cambridge-Waterloo, Ontario",22.171.9,v62061241
2012,0.00,"Kitchener-Cambridge-Waterloo, Ontario",22.171.9,v62061241
2013,0.00,"Kitchener-Cambridge-Waterloo, Ontario",22.171.9,v62061241
2014,0.00,"Kitchener-Cambridge-Waterloo, Ontario",22.171.9,v62061241
2015,0.00,"Kitchener-Cambridge-Waterloo, Ontario",22.171.9,v62061241
2006,0.00,"Brantford, Ontario",45.171.9,v62133691
2007,0.00,"Brantford, Ontario",45.171.9,v62133691
2008,0.00,"Brantford, Ontario",45.171.9,v62133691
2009,0.00,"Brantford, Ontario",45.171.9,v62133691
2010,0.00,"Brantford, Ontario",45.171.9,v62133691
2011,0.00,"Brantford, Ontario",45.171.9,v62133691
2012,0.00,"Brantford, Ontario",45.171.9,v62133691
2013,0.00,"Brantford, Ontario",45.171.9,v62133691
2014,0.00,"Brantford, Ontario",45.171.9,v62133691
2015,0.00,"Brantford, Ontario",45.171.9,v62133691
2006,0.00,"Guelph, Ontario",46.171.9,v62136841
2007,0.00,"Guelph, Ontario",46.171.9,v62136841
2008,0.00,"Guelph, Ontario",46.171.9,v62136841
2009,0.00,"Guelph, Ontario",46.171.9,v62136841
2010,0.00,"Guelph, Ontario",46.171.9,v62136841
2011,0.00,"Guelph, Ontario",46.171.9,v62136841
2012,0.00,"Guelph, Ontario",46.171.9,v62136841
2013,0.00,"Guelph, Ontario",46.171.9,v62136841
2014,0.00,"Guelph, Ontario",46.171.9,v62136841
2015,0.00,"Guelph, Ontario",46.171.9,v62136841
2006,0.00,"London, Ontario",23.171.9,v62064391
2007,0.00,"London, Ontario",23.171.9,v62064391
2008,0.00,"London, Ontario",23.171.9,v62064391
2009,0.00,"London, Ontario",23.171.9,v62064391
2010,0.00,"London, Ontario",23.171.9,v62064391
2011,0.00,"London, Ontario",23.171.9,v62064391
2012,0.00,"London, Ontario",23.171.9,v62064391
2013,0.00,"London, Ontario",23.171.9,v62064391
2014,0.00,"London, Ontario",23.171.9,v62064391
2015,0.00,"London, Ontario",23.171.9,v62064391
2006,0.00,"Windsor, Ontario",24.171.9,v62067541
2007,0.00,"Windsor, Ontario",24.171.9,v62067541
2008,0.00,"Windsor, Ontario",24.171.9,v62067541
2009,0.00,"Windsor, Ontario",24.171.9,v62067541
2010,0.00,"Windsor, Ontario",24.171.9,v62067541
2011,0.00,"Windsor, Ontario",24.171.9,v62067541
2012,0.00,"Windsor, Ontario",24.171.9,v62067541
2013,0.00,"Windsor, Ontario",24.171.9,v62067541
2014,0.00,"Windsor, Ontario",24.171.9,v62067541
2015,0.00,"Windsor, Ontario",24.171.9,v62067541
2006,0.00,"Barrie, Ontario",47.171.9,v62139991
2007,0.00,"Barrie, Ontario",47.171.9,v62139991
2008,0.00,"Barrie, Ontario",47.171.9,v62139991
2009,0.00,"Barrie, Ontario",47.171.9,v62139991
2010,0.00,"Barrie, Ontario",47.171.9,v62139991
2011,0.00,"Barrie, Ontario",47.171.9,v62139991
2012,0.00,"Barrie, Ontario",47.171.9,v62139991
2013,0.00,"Barrie, Ontario",47.171.9,v62139991
2014,0.00,"Barrie, Ontario",47.171.9,v62139991
2015,0.00,"Barrie, Ontario",47.171.9,v62139991
2006,0.00,"Sudbury, Ontario",25.171.9,v62070691
2007,0.00,"Sudbury, Ontario",25.171.9,v62070691
2008,0.00,"Sudbury, Ontario",25.171.9,v62070691
2009,0.00,"Sudbury, Ontario",25.171.9,v62070691
2010,0.00,"Sudbury, Ontario",25.171.9,v62070691
2011,0.00,"Sudbury, Ontario",25.171.9,v62070691
2012,0.00,"Sudbury, Ontario",25.171.9,v62070691
2013,0.00,"Sudbury, Ontario",25.171.9,v62070691
2014,0.00,"Sudbury, Ontario",25.171.9,v62070691
2015,0.00,"Sudbury, Ontario",25.171.9,v62070691
2006,0.00,"Thunder Bay, Ontario",26.171.9,v62073841
2007,0.00,"Thunder Bay, Ontario",26.171.9,v62073841
2008,0.00,"Thunder Bay, Ontario",26.171.9,v62073841
2009,0.00,"Thunder Bay, Ontario",26.171.9,v62073841
2010,0.00,"Thunder Bay, Ontario",26.171.9,v62073841
2011,0.00,"Thunder Bay, Ontario",26.171.9,v62073841
2012,0.00,"Thunder Bay, Ontario",26.171.9,v62073841
2013,0.00,"Thunder Bay, Ontario",26.171.9,v62073841
2014,0.00,"Thunder Bay, Ontario",26.171.9,v62073841
2015,0.00,"Thunder Bay, Ontario",26.171.9,v62073841
2006,0.00,"Manitoba",28.171.9,v54049216
2007,0.00,"Manitoba",28.171.9,v54049216
2008,0.00,"Manitoba",28.171.9,v54049216
2009,0.00,"Manitoba",28.171.9,v54049216
2010,3.00,"Manitoba",28.171.9,v54049216
2011,0.00,"Manitoba",28.171.9,v54049216
2012,0.00,"Manitoba",28.171.9,v54049216
2013,0.00,"Manitoba",28.171.9,v54049216
2014,0.00,"Manitoba",28.171.9,v54049216
2015,0.00,"Manitoba",28.171.9,v54049216
2006,0.00,"Winnipeg, Manitoba",29.171.9,v62083291
2007,0.00,"Winnipeg, Manitoba",29.171.9,v62083291
2008,0.00,"Winnipeg, Manitoba",29.171.9,v62083291
2009,0.00,"Winnipeg, Manitoba",29.171.9,v62083291
2010,0.00,"Winnipeg, Manitoba",29.171.9,v62083291
2011,0.00,"Winnipeg, Manitoba",29.171.9,v62083291
2012,0.00,"Winnipeg, Manitoba",29.171.9,v62083291
2013,0.00,"Winnipeg, Manitoba",29.171.9,v62083291
2014,0.00,"Winnipeg, Manitoba",29.171.9,v62083291
2015,0.00,"Winnipeg, Manitoba",29.171.9,v62083291
2006,0.00,"Saskatchewan",30.171.9,v53090594
2007,0.00,"Saskatchewan",30.171.9,v53090594
2008,0.00,"Saskatchewan",30.171.9,v53090594
2009,1.00,"Saskatchewan",30.171.9,v53090594
2010,0.00,"Saskatchewan",30.171.9,v53090594
2011,0.00,"Saskatchewan",30.171.9,v53090594
2012,0.00,"Saskatchewan",30.171.9,v53090594
2013,0.00,"Saskatchewan",30.171.9,v53090594
2014,0.00,"Saskatchewan",30.171.9,v53090594
2015,0.00,"Saskatchewan",30.171.9,v53090594
2006,0.00,"Regina, Saskatchewan",31.171.9,v62089591
2007,0.00,"Regina, Saskatchewan",31.171.9,v62089591
2008,0.00,"Regina, Saskatchewan",31.171.9,v62089591
2009,0.00,"Regina, Saskatchewan",31.171.9,v62089591
2010,0.00,"Regina, Saskatchewan",31.171.9,v62089591
2011,0.00,"Regina, Saskatchewan",31.171.9,v62089591
2012,0.00,"Regina, Saskatchewan",31.171.9,v62089591
2013,0.00,"Regina, Saskatchewan",31.171.9,v62089591
2014,0.00,"Regina, Saskatchewan",31.171.9,v62089591
2015,0.00,"Regina, Saskatchewan",31.171.9,v62089591
2006,0.00,"Saskatoon, Saskatchewan",32.171.9,v53096653
2007,0.00,"Saskatoon, Saskatchewan",32.171.9,v53096653
2008,0.00,"Saskatoon, Saskatchewan",32.171.9,v53096653
2009,1.00,"Saskatoon, Saskatchewan",32.171.9,v53096653
2010,0.00,"Saskatoon, Saskatchewan",32.171.9,v53096653
2011,0.00,"Saskatoon, Saskatchewan",32.171.9,v53096653
2012,0.00,"Saskatoon, Saskatchewan",32.171.9,v53096653
2013,0.00,"Saskatoon, Saskatchewan",32.171.9,v53096653
2014,0.00,"Saskatoon, Saskatchewan",32.171.9,v53096653
2015,0.00,"Saskatoon, Saskatchewan",32.171.9,v53096653
2006,0.00,"Alberta",33.171.9,v62095891
2007,0.00,"Alberta",33.171.9,v62095891
2008,0.00,"Alberta",33.171.9,v62095891
2009,0.00,"Alberta",33.171.9,v62095891
2010,0.00,"Alberta",33.171.9,v62095891
2011,0.00,"Alberta",33.171.9,v62095891
2012,1.00,"Alberta",33.171.9,v62095891
2013,0.00,"Alberta",33.171.9,v62095891
2014,0.00,"Alberta",33.171.9,v62095891
2015,0.00,"Alberta",33.171.9,v62095891
2006,0.00,"Calgary, Alberta",34.171.9,v62099041
2007,0.00,"Calgary, Alberta",34.171.9,v62099041
2008,0.00,"Calgary, Alberta",34.171.9,v62099041
2009,0.00,"Calgary, Alberta",34.171.9,v62099041
2010,0.00,"Calgary, Alberta",34.171.9,v62099041
2011,0.00,"Calgary, Alberta",34.171.9,v62099041
2012,0.00,"Calgary, Alberta",34.171.9,v62099041
2013,0.00,"Calgary, Alberta",34.171.9,v62099041
2014,0.00,"Calgary, Alberta",34.171.9,v62099041
2015,0.00,"Calgary, Alberta",34.171.9,v62099041
2006,0.00,"Edmonton, Alberta",35.171.9,v62102191
2007,0.00,"Edmonton, Alberta",35.171.9,v62102191
2008,0.00,"Edmonton, Alberta",35.171.9,v62102191
2009,0.00,"Edmonton, Alberta",35.171.9,v62102191
2010,0.00,"Edmonton, Alberta",35.171.9,v62102191
2011,0.00,"Edmonton, Alberta",35.171.9,v62102191
2012,1.00,"Edmonton, Alberta",35.171.9,v62102191
2013,0.00,"Edmonton, Alberta",35.171.9,v62102191
2014,0.00,"Edmonton, Alberta",35.171.9,v62102191
2015,0.00,"Edmonton, Alberta",35.171.9,v62102191
2006,0.00,"British Columbia",36.171.9,v52137444
2007,1.00,"British Columbia",36.171.9,v52137444
2008,0.00,"British Columbia",36.171.9,v52137444
2009,0.00,"British Columbia",36.171.9,v52137444
2010,0.00,"British Columbia",36.171.9,v52137444
2011,0.00,"British Columbia",36.171.9,v52137444
2012,0.00,"British Columbia",36.171.9,v52137444
2013,0.00,"British Columbia",36.171.9,v52137444
2014,0.00,"British Columbia",36.171.9,v52137444
2015,0.00,"British Columbia",36.171.9,v52137444
2006,0.00,"Kelowna, British Columbia",48.171.9,v62143141
2007,0.00,"Kelowna, British Columbia",48.171.9,v62143141
2008,0.00,"Kelowna, British Columbia",48.171.9,v62143141
2009,0.00,"Kelowna, British Columbia",48.171.9,v62143141
2010,0.00,"Kelowna, British Columbia",48.171.9,v62143141
2011,0.00,"Kelowna, British Columbia",48.171.9,v62143141
2012,0.00,"Kelowna, British Columbia",48.171.9,v62143141
2013,0.00,"Kelowna, British Columbia",48.171.9,v62143141
2014,0.00,"Kelowna, British Columbia",48.171.9,v62143141
2015,0.00,"Kelowna, British Columbia",48.171.9,v62143141
2006,0.00,"Abbotsford-Mission, British Columbia",39.171.9,v62114791
2007,0.00,"Abbotsford-Mission, British Columbia",39.171.9,v62114791
2008,0.00,"Abbotsford-Mission, British Columbia",39.171.9,v62114791
2009,0.00,"Abbotsford-Mission, British Columbia",39.171.9,v62114791
2010,0.00,"Abbotsford-Mission, British Columbia",39.171.9,v62114791
2011,0.00,"Abbotsford-Mission, British Columbia",39.171.9,v62114791
2012,0.00,"Abbotsford-Mission, British Columbia",39.171.9,v62114791
2013,0.00,"Abbotsford-Mission, British Columbia",39.171.9,v62114791
2014,0.00,"Abbotsford-Mission, British Columbia",39.171.9,v62114791
2015,0.00,"Abbotsford-Mission, British Columbia",39.171.9,v62114791
2006,0.00,"Vancouver, British Columbia",37.171.9,v52137607
2007,1.00,"Vancouver, British Columbia",37.171.9,v52137607
2008,0.00,"Vancouver, British Columbia",37.171.9,v52137607
2009,0.00,"Vancouver, British Columbia",37.171.9,v52137607
2010,0.00,"Vancouver, British Columbia",37.171.9,v52137607
2011,0.00,"Vancouver, British Columbia",37.171.9,v52137607
2012,0.00,"Vancouver, British Columbia",37.171.9,v52137607
2013,0.00,"Vancouver, British Columbia",37.171.9,v52137607
2014,0.00,"Vancouver, British Columbia",37.171.9,v52137607
2015,0.00,"Vancouver, British Columbia",37.171.9,v52137607
2006,0.00,"Victoria, British Columbia",38.171.9,v62111641
2007,0.00,"Victoria, British Columbia",38.171.9,v62111641
2008,0.00,"Victoria, British Columbia",38.171.9,v62111641
2009,0.00,"Victoria, British Columbia",38.171.9,v62111641
2010,0.00,"Victoria, British Columbia",38.171.9,v62111641
2011,0.00,"Victoria, British Columbia",38.171.9,v62111641
2012,0.00,"Victoria, British Columbia",38.171.9,v62111641
2013,0.00,"Victoria, British Columbia",38.171.9,v62111641
2014,0.00,"Victoria, British Columbia",38.171.9,v62111641
2015,0.00,"Victoria, British Columbia",38.171.9,v62111641
2006,0.00,"Yukon",40.171.9,v62117941
2007,0.00,"Yukon",40.171.9,v62117941
2008,0.00,"Yukon",40.171.9,v62117941
2009,0.00,"Yukon",40.171.9,v62117941
2010,0.00,"Yukon",40.171.9,v62117941
2011,0.00,"Yukon",40.171.9,v62117941
2012,0.00,"Yukon",40.171.9,v62117941
2013,0.00,"Yukon",40.171.9,v62117941
2014,0.00,"Yukon",40.171.9,v62117941
2015,0.00,"Yukon",40.171.9,v62117941
2006,0.00,"Northwest Territories",41.171.9,v62121091
2007,0.00,"Northwest Territories",41.171.9,v62121091
2008,0.00,"Northwest Territories",41.171.9,v62121091
2009,0.00,"Northwest Territories",41.171.9,v62121091
2010,0.00,"Northwest Territories",41.171.9,v62121091
2011,0.00,"Northwest Territories",41.171.9,v62121091
2012,0.00,"Northwest Territories",41.171.9,v62121091
2013,0.00,"Northwest Territories",41.171.9,v62121091
2014,0.00,"Northwest Territories",41.171.9,v62121091
2015,0.00,"Northwest Territories",41.171.9,v62121091
2006,0.00,"Nunavut",42.171.9,v62124241
2007,0.00,"Nunavut",42.171.9,v62124241
2008,0.00,"Nunavut",42.171.9,v62124241
2009,0.00,"Nunavut",42.171.9,v62124241
2010,0.00,"Nunavut",42.171.9,v62124241
2011,0.00,"Nunavut",42.171.9,v62124241
2012,0.00,"Nunavut",42.171.9,v62124241
2013,0.00,"Nunavut",42.171.9,v62124241
2014,0.00,"Nunavut",42.171.9,v62124241
2015,0.00,"Nunavut",42.171.9,v62124241
2006,0.00,"Canada",1.171.9,v52135887
2007,1.00,"Canada",1.171.9,v52135887
2008,1.00,"Canada",1.171.9,v52135887
2009,3.00,"Canada",1.171.9,v52135887
2010,6.00,"Canada",1.171.9,v52135887
2011,2.00,"Canada",1.171.9,v52135887
2012,1.00,"Canada",1.171.9,v52135887
2013,1.00,"Canada",1.171.9,v52135887
2014,0.00,"Canada",1.171.9,v52135887
2015,5.00,"Canada",1.171.9,v52135887
2006,0.00,"Newfoundland and Labrador",2.171.9,v54049201
2007,0.00,"Newfoundland and Labrador",2.171.9,v54049201
2008,0.00,"Newfoundland and Labrador",2.171.9,v54049201
2009,0.00,"Newfoundland and Labrador",2.171.9,v54049201
2010,1.00,"Newfoundland and Labrador",2.171.9,v54049201
2011,0.00,"Newfoundland and Labrador",2.171.9,v54049201
2012,0.00,"Newfoundland and Labrador",2.171.9,v54049201
2013,0.00,"Newfoundland and Labrador",2.171.9,v54049201
2014,0.00,"Newfoundland and Labrador",2.171.9,v54049201
2015,0.00,"Newfoundland and Labrador",2.171.9,v54049201
2006,0.00,"St. John's, Newfoundland and Labrador",3.171.9,v54049209
2007,0.00,"St. John's, Newfoundland and Labrador",3.171.9,v54049209
2008,0.00,"St. John's, Newfoundland and Labrador",3.171.9,v54049209
2009,0.00,"St. John's, Newfoundland and Labrador",3.171.9,v54049209
2010,1.00,"St. John's, Newfoundland and Labrador",3.171.9,v54049209
2011,0.00,"St. John's, Newfoundland and Labrador",3.171.9,v54049209
2012,0.00,"St. John's, Newfoundland and Labrador",3.171.9,v54049209
2013,0.00,"St. John's, Newfoundland and Labrador",3.171.9,v54049209
2014,0.00,"St. John's, Newfoundland and Labrador",3.171.9,v54049209
2015,0.00,"St. John's, Newfoundland and Labrador",3.171.9,v54049209
2006,0.00,"Prince Edward Island",4.171.9,v62004541
2007,0.00,"Prince Edward Island",4.171.9,v62004541
2008,0.00,"Prince Edward Island",4.171.9,v62004541
2009,0.00,"Prince Edward Island",4.171.9,v62004541
2010,0.00,"Prince Edward Island",4.171.9,v62004541
2011,0.00,"Prince Edward Island",4.171.9,v62004541
2012,0.00,"Prince Edward Island",4.171.9,v62004541
2013,0.00,"Prince Edward Island",4.171.9,v62004541
2014,0.00,"Prince Edward Island",4.171.9,v62004541
2015,0.00,"Prince Edward Island",4.171.9,v62004541
2006,0.00,"Nova Scotia",5.171.9,v62007691
2007,0.00,"Nova Scotia",5.171.9,v62007691
2008,0.00,"Nova Scotia",5.171.9,v62007691
2009,0.00,"Nova Scotia",5.171.9,v62007691
2010,0.00,"Nova Scotia",5.171.9,v62007691
2011,0.00,"Nova Scotia",5.171.9,v62007691
2012,0.00,"Nova Scotia",5.171.9,v62007691
2013,0.00,"Nova Scotia",5.171.9,v62007691
2014,0.00,"Nova Scotia",5.171.9,v62007691
2015,0.00,"Nova Scotia",5.171.9,v62007691
2006,0.00,"Halifax, Nova Scotia",6.171.9,v62010841
2007,0.00,"Halifax, Nova Scotia",6.171.9,v62010841
2008,0.00,"Halifax, Nova Scotia",6.171.9,v62010841
2009,0.00,"Halifax, Nova Scotia",6.171.9,v62010841
2010,0.00,"Halifax, Nova Scotia",6.171.9,v62010841
2011,0.00,"Halifax, Nova Scotia",6.171.9,v62010841
2012,0.00,"Halifax, Nova Scotia",6.171.9,v62010841
2013,0.00,"Halifax, Nova Scotia",6.171.9,v62010841
2014,0.00,"Halifax, Nova Scotia",6.171.9,v62010841
2015,0.00,"Halifax, Nova Scotia",6.171.9,v62010841
2006,0.00,"New Brunswick",7.171.9,v62013991
2007,0.00,"New Brunswick",7.171.9,v62013991
2008,0.00,"New Brunswick",7.171.9,v62013991
2009,0.00,"New Brunswick",7.171.9,v62013991
2010,0.00,"New Brunswick",7.171.9,v62013991
2011,0.00,"New Brunswick",7.171.9,v62013991
2012,0.00,"New Brunswick",7.171.9,v62013991
2013,0.00,"New Brunswick",7.171.9,v62013991
2014,0.00,"New Brunswick",7.171.9,v62013991
2015,0.00,"New Brunswick",7.171.9,v62013991
2006,0.00,"Moncton, New Brunswick",43.171.9,v62127391
2007,0.00,"Moncton, New Brunswick",43.171.9,v62127391
2008,0.00,"Moncton, New Brunswick",43.171.9,v62127391
2009,0.00,"Moncton, New Brunswick",43.171.9,v62127391
2010,0.00,"Moncton, New Brunswick",43.171.9,v62127391
2011,0.00,"Moncton, New Brunswick",43.171.9,v62127391
2012,0.00,"Moncton, New Brunswick",43.171.9,v62127391
2013,0.00,"Moncton, New Brunswick",43.171.9,v62127391
2014,0.00,"Moncton, New Brunswick",43.171.9,v62127391
2015,0.00,"Moncton, New Brunswick",43.171.9,v62127391
2006,0.00,"Saint John, New Brunswick",8.171.9,v62017141
2007,0.00,"Saint John, New Brunswick",8.171.9,v62017141
2008,0.00,"Saint John, New Brunswick",8.171.9,v62017141
2009,0.00,"Saint John, New Brunswick",8.171.9,v62017141
2010,0.00,"Saint John, New Brunswick",8.171.9,v62017141
2011,0.00,"Saint John, New Brunswick",8.171.9,v62017141
2012,0.00,"Saint John, New Brunswick",8.171.9,v62017141
2013,0.00,"Saint John, New Brunswick",8.171.9,v62017141
2014,0.00,"Saint John, New Brunswick",8.171.9,v62017141
2015,0.00,"Saint John, New Brunswick",8.171.9,v62017141
2006,0.00,"Quebec",9.171.9,v52138143
2007,0.00,"Quebec",9.171.9,v52138143
2008,1.00,"Quebec",9.171.9,v52138143
2009,2.00,"Quebec",9.171.9,v52138143
2010,2.00,"Quebec",9.171.9,v52138143
2011,0.00,"Quebec",9.171.9,v52138143
2012,0.00,"Quebec",9.171.9,v52138143
2013,1.00,"Quebec",9.171.9,v52138143
2014,0.00,"Quebec",9.171.9,v52138143
2015,3.00,"Quebec",9.171.9,v52138143
2006,0.00,"Saguenay, Quebec",10.171.9,v62023441
2007,0.00,"Saguenay, Quebec",10.171.9,v62023441
2008,0.00,"Saguenay, Quebec",10.171.9,v62023441
2009,0.00,"Saguenay, Quebec",10.171.9,v62023441
2010,0.00,"Saguenay, Quebec",10.171.9,v62023441
2011,0.00,"Saguenay, Quebec",10.171.9,v62023441
2012,0.00,"Saguenay, Quebec",10.171.9,v62023441
2013,0.00,"Saguenay, Quebec",10.171.9,v62023441
2014,0.00,"Saguenay, Quebec",10.171.9,v62023441
2015,0.00,"Saguenay, Quebec",10.171.9,v62023441
2006,0.00,"Quebec, Quebec",11.171.9,v62026591
2007,0.00,"Quebec, Quebec",11.171.9,v62026591
2008,0.00,"Quebec, Quebec",11.171.9,v62026591
2009,0.00,"Quebec, Quebec",11.171.9,v62026591
2010,0.00,"Quebec, Quebec",11.171.9,v62026591
2011,0.00,"Quebec, Quebec",11.171.9,v62026591
2012,0.00,"Quebec, Quebec",11.171.9,v62026591
2013,0.00,"Quebec, Quebec",11.171.9,v62026591
2014,0.00,"Quebec, Quebec",11.171.9,v62026591
2015,0.00,"Quebec, Quebec",11.171.9,v62026591
2006,0.00,"Sherbrooke, Quebec",12.171.9,v62029741
2007,0.00,"Sherbrooke, Quebec",12.171.9,v62029741
2008,0.00,"Sherbrooke, Quebec",12.171.9,v62029741
2009,0.00,"Sherbrooke, Quebec",12.171.9,v62029741
2010,0.00,"Sherbrooke, Quebec",12.171.9,v62029741
2011,0.00,"Sherbrooke, Quebec",12.171.9,v62029741
2012,0.00,"Sherbrooke, Quebec",12.171.9,v62029741
2013,0.00,"Sherbrooke, Quebec",12.171.9,v62029741
2014,0.00,"Sherbrooke, Quebec",12.171.9,v62029741
2015,0.00,"Sherbrooke, Quebec",12.171.9,v62029741
2006,0.00,"Montreal, Quebec",14.171.9,v53089327
2007,0.00,"Montreal, Quebec",14.171.9,v53089327
2008,0.00,"Montreal, Quebec",14.171.9,v53089327
2009,2.00,"Montreal, Quebec",14.171.9,v53089327
2010,0.00,"Montreal, Quebec",14.171.9,v53089327
2011,0.00,"Montreal, Quebec",14.171.9,v53089327
2012,0.00,"Montreal, Quebec",14.171.9,v53089327
2013,0.00,"Montreal, Quebec",14.171.9,v53089327
2014,0.00,"Montreal, Quebec",14.171.9,v53089327
2015,3.00,"Montreal, Quebec",14.171.9,v53089327
2006,0.00,"Ottawa-Gatineau, Quebec part",15.171.9,v62039191
2007,0.00,"Ottawa-Gatineau, Quebec part",15.171.9,v62039191
2008,0.00,"Ottawa-Gatineau, Quebec part",15.171.9,v62039191
2009,0.00,"Ottawa-Gatineau, Quebec part",15.171.9,v62039191
2010,0.00,"Ottawa-Gatineau, Quebec part",15.171.9,v62039191
2011,0.00,"Ottawa-Gatineau, Quebec part",15.171.9,v62039191
2012,0.00,"Ottawa-Gatineau, Quebec part",15.171.9,v62039191
2013,0.00,"Ottawa-Gatineau, Quebec part",15.171.9,v62039191
2014,0.00,"Ottawa-Gatineau, Quebec part",15.171.9,v62039191
2015,0.00,"Ottawa-Gatineau, Quebec part",15.171.9,v62039191
2006,0.00,"Ontario",16.171.9,v62042341
2007,0.00,"Ontario",16.171.9,v62042341
2008,0.00,"Ontario",16.171.9,v62042341
2009,0.00,"Ontario",16.171.9,v62042341
2010,0.00,"Ontario",16.171.9,v62042341
2011,2.00,"Ontario",16.171.9,v62042341
2012,0.00,"Ontario",16.171.9,v62042341
2013,0.00,"Ontario",16.171.9,v62042341
2014,0.00,"Ontario",16.171.9,v62042341
2015,2.00,"Ontario",16.171.9,v62042341
2006,0.00,"Ottawa-Gatineau, Ontario/Quebec",17.171.9,v62045491
2007,0.00,"Ottawa-Gatineau, Ontario/Quebec",17.171.9,v62045491
2008,0.00,"Ottawa-Gatineau, Ontario/Quebec",17.171.9,v62045491
2009,0.00,"Ottawa-Gatineau, Ontario/Quebec",17.171.9,v62045491
2010,0.00,"Ottawa-Gatineau, Ontario/Quebec",17.171.9,v62045491
2011,0.00,"Ottawa-Gatineau, Ontario/Quebec",17.171.9,v62045491
2012,0.00,"Ottawa-Gatineau, Ontario/Quebec",17.171.9,v62045491
2013,0.00,"Ottawa-Gatineau, Ontario/Quebec",17.171.9,v62045491
2014,0.00,"Ottawa-Gatineau, Ontario/Quebec",17.171.9,v62045491
2015,0.00,"Ottawa-Gatineau, Ontario/Quebec",17.171.9,v62045491
2006,0.00,"Ottawa-Gatineau, Ontario part",18.171.9,v62048641
2007,0.00,"Ottawa-Gatineau, Ontario part",18.171.9,v62048641
2008,0.00,"Ottawa-Gatineau, Ontario part",18.171.9,v62048641
2009,0.00,"Ottawa-Gatineau, Ontario part",18.171.9,v62048641
2010,0.00,"Ottawa-Gatineau, Ontario part",18.171.9,v62048641
2011,0.00,"Ottawa-Gatineau, Ontario part",18.171.9,v62048641
2012,0.00,"Ottawa-Gatineau, Ontario part",18.171.9,v62048641
2013,0.00,"Ottawa-Gatineau, Ontario part",18.171.9,v62048641
2014,0.00,"Ottawa-Gatineau, Ontario part",18.171.9,v62048641
2015,0.00,"Ottawa-Gatineau, Ontario part",18.171.9,v62048641
2006,0.00,"Kingston, Ontario",27.171.9,v62076991
2007,0.00,"Kingston, Ontario",27.171.9,v62076991
2008,0.00,"Kingston, Ontario",27.171.9,v62076991
2009,0.00,"Kingston, Ontario",27.171.9,v62076991
2010,0.00,"Kingston, Ontario",27.171.9,v62076991
2011,0.00,"Kingston, Ontario",27.171.9,v62076991
2012,0.00,"Kingston, Ontario",27.171.9,v62076991
2013,0.00,"Kingston, Ontario",27.171.9,v62076991
2014,0.00,"Kingston, Ontario",27.171.9,v62076991
2015,0.00,"Kingston, Ontario",27.171.9,v62076991
2006,0.00,"Peterborough, Ontario",44.171.9,v62130541
2007,0.00,"Peterborough, Ontario",44.171.9,v62130541
2008,0.00,"Peterborough, Ontario",44.171.9,v62130541
2009,0.00,"Peterborough, Ontario",44.171.9,v62130541
2010,0.00,"Peterborough, Ontario",44.171.9,v62130541
2011,0.00,"Peterborough, Ontario",44.171.9,v62130541
2012,0.00,"Peterborough, Ontario",44.171.9,v62130541
2013,0.00,"Peterborough, Ontario",44.171.9,v62130541
2014,0.00,"Peterborough, Ontario",44.171.9,v62130541
2015,0.00,"Peterborough, Ontario",44.171.9,v62130541
2006,0.00,"Toronto, Ontario",19.171.9,v62051791
2007,0.00,"Toronto, Ontario",19.171.9,v62051791
2008,0.00,"Toronto, Ontario",19.171.9,v62051791
2009,0.00,"Toronto, Ontario",19.171.9,v62051791
2010,0.00,"Toronto, Ontario",19.171.9,v62051791
2011,0.00,"Toronto, Ontario",19.171.9,v62051791
2012,0.00,"Toronto, Ontario",19.171.9,v62051791
2013,0.00,"Toronto, Ontario",19.171.9,v62051791
2014,0.00,"Toronto, Ontario",19.171.9,v62051791
2015,2.00,"Toronto, Ontario",19.171.9,v62051791
2006,0.00,"Hamilton, Ontario",20.171.9,v62054941
2007,0.00,"Hamilton, Ontario",20.171.9,v62054941
2008,0.00,"Hamilton, Ontario",20.171.9,v62054941
2009,0.00,"Hamilton, Ontario",20.171.9,v62054941
2010,0.00,"Hamilton, Ontario",20.171.9,v62054941
2011,0.00,"Hamilton, Ontario",20.171.9,v62054941
2012,0.00,"Hamilton, Ontario",20.171.9,v62054941
2013,0.00,"Hamilton, Ontario",20.171.9,v62054941
2014,0.00,"Hamilton, Ontario",20.171.9,v62054941
2015,0.00,"Hamilton, Ontario",20.171.9,v62054941
2006,0.00,"St.Catharines-Niagara, Ontario",21.171.9,v62058091
2007,0.00,"St.Catharines-Niagara, Ontario",21.171.9,v62058091
2008,0.00,"St.Catharines-Niagara, Ontario",21.171.9,v62058091
2009,0.00,"St.Catharines-Niagara, Ontario",21.171.9,v62058091
2010,0.00,"St.Catharines-Niagara, Ontario",21.171.9,v62058091
2011,0.00,"St.Catharines-Niagara, Ontario",21.171.9,v62058091
2012,0.00,"St.Catharines-Niagara, Ontario",21.171.9,v62058091
2013,0.00,"St.Catharines-Niagara, Ontario",21.171.9,v62058091
2014,0.00,"St.Catharines-Niagara, Ontario",21.171.9,v62058091
2015,0.00,"St.Catharines-Niagara, Ontario",21.171.9,v62058091
2006,0.00,"Kitchener-Cambridge-Waterloo, Ontario",22.171.9,v62061241
2007,0.00,"Kitchener-Cambridge-Waterloo, Ontario",22.171.9,v62061241
2008,0.00,"Kitchener-Cambridge-Waterloo, Ontario",22.171.9,v62061241
2009,0.00,"Kitchener-Cambridge-Waterloo, Ontario",22.171.9,v62061241
2010,0.00,"Kitchener-Cambridge-Waterloo, Ontario",22.171.9,v62061241
2011,0.00,"Kitchener-Cambridge-Waterloo, Ontario",22.171.9,v62061241
2012,0.00,"Kitchener-Cambridge-Waterloo, Ontario",22.171.9,v62061241
2013,0.00,"Kitchener-Cambridge-Waterloo, Ontario",22.171.9,v62061241
2014,0.00,"Kitchener-Cambridge-Waterloo, Ontario",22.171.9,v62061241
2015,0.00,"Kitchener-Cambridge-Waterloo, Ontario",22.171.9,v62061241
2006,0.00,"Brantford, Ontario",45.171.9,v62133691
2007,0.00,"Brantford, Ontario",45.171.9,v62133691
2008,0.00,"Brantford, Ontario",45.171.9,v62133691
2009,0.00,"Brantford, Ontario",45.171.9,v62133691
2010,0.00,"Brantford, Ontario",45.171.9,v62133691
2011,0.00,"Brantford, Ontario",45.171.9,v62133691
2012,0.00,"Brantford, Ontario",45.171.9,v62133691
2013,0.00,"Brantford, Ontario",45.171.9,v62133691
2014,0.00,"Brantford, Ontario",45.171.9,v62133691
2015,0.00,"Brantford, Ontario",45.171.9,v62133691
2006,0.00,"Guelph, Ontario",46.171.9,v62136841
2007,0.00,"Guelph, Ontario",46.171.9,v62136841
2008,0.00,"Guelph, Ontario",46.171.9,v62136841
2009,0.00,"Guelph, Ontario",46.171.9,v62136841
2010,0.00,"Guelph, Ontario",46.171.9,v62136841
2011,0.00,"Guelph, Ontario",46.171.9,v62136841
2012,0.00,"Guelph, Ontario",46.171.9,v62136841
2013,0.00,"Guelph, Ontario",46.171.9,v62136841
2014,0.00,"Guelph, Ontario",46.171.9,v62136841
2015,0.00,"Guelph, Ontario",46.171.9,v62136841
2006,0.00,"London, Ontario",23.171.9,v62064391
2007,0.00,"London, Ontario",23.171.9,v62064391
2008,0.00,"London, Ontario",23.171.9,v62064391
2009,0.00,"London, Ontario",23.171.9,v62064391
2010,0.00,"London, Ontario",23.171.9,v62064391
2011,0.00,"London, Ontario",23.171.9,v62064391
2012,0.00,"London, Ontario",23.171.9,v62064391
2013,0.00,"London, Ontario",23.171.9,v62064391
2014,0.00,"London, Ontario",23.171.9,v62064391
2015,0.00,"London, Ontario",23.171.9,v62064391
2006,0.00,"Windsor, Ontario",24.171.9,v62067541
2007,0.00,"Windsor, Ontario",24.171.9,v62067541
2008,0.00,"Windsor, Ontario",24.171.9,v62067541
2009,0.00,"Windsor, Ontario",24.171.9,v62067541
2010,0.00,"Windsor, Ontario",24.171.9,v62067541
2011,0.00,"Windsor, Ontario",24.171.9,v62067541
2012,0.00,"Windsor, Ontario",24.171.9,v62067541
2013,0.00,"Windsor, Ontario",24.171.9,v62067541
2014,0.00,"Windsor, Ontario",24.171.9,v62067541
2015,0.00,"Windsor, Ontario",24.171.9,v62067541
2006,0.00,"Barrie, Ontario",47.171.9,v62139991
2007,0.00,"Barrie, Ontario",47.171.9,v62139991
2008,0.00,"Barrie, Ontario",47.171.9,v62139991
2009,0.00,"Barrie, Ontario",47.171.9,v62139991
2010,0.00,"Barrie, Ontario",47.171.9,v62139991
2011,0.00,"Barrie, Ontario",47.171.9,v62139991
2012,0.00,"Barrie, Ontario",47.171.9,v62139991
2013,0.00,"Barrie, Ontario",47.171.9,v62139991
2014,0.00,"Barrie, Ontario",47.171.9,v62139991
2015,0.00,"Barrie, Ontario",47.171.9,v62139991
2006,0.00,"Sudbury, Ontario",25.171.9,v62070691
2007,0.00,"Sudbury, Ontario",25.171.9,v62070691
2008,0.00,"Sudbury, Ontario",25.171.9,v62070691
2009,0.00,"Sudbury, Ontario",25.171.9,v62070691
2010,0.00,"Sudbury, Ontario",25.171.9,v62070691
2011,0.00,"Sudbury, Ontario",25.171.9,v62070691
2012,0.00,"Sudbury, Ontario",25.171.9,v62070691
2013,0.00,"Sudbury, Ontario",25.171.9,v62070691
2014,0.00,"Sudbury, Ontario",25.171.9,v62070691
2015,0.00,"Sudbury, Ontario",25.171.9,v62070691
2006,0.00,"Thunder Bay, Ontario",26.171.9,v62073841
2007,0.00,"Thunder Bay, Ontario",26.171.9,v62073841
2008,0.00,"Thunder Bay, Ontario",26.171.9,v62073841
2009,0.00,"Thunder Bay, Ontario",26.171.9,v62073841
2010,0.00,"Thunder Bay, Ontario",26.171.9,v62073841
2011,0.00,"Thunder Bay, Ontario",26.171.9,v62073841
2012,0.00,"Thunder Bay, Ontario",26.171.9,v62073841
2013,0.00,"Thunder Bay, Ontario",26.171.9,v62073841
2014,0.00,"Thunder Bay, Ontario",26.171.9,v62073841
2015,0.00,"Thunder Bay, Ontario",26.171.9,v62073841
2006,0.00,"Manitoba",28.171.9,v54049216
2007,0.00,"Manitoba",28.171.9,v54049216
2008,0.00,"Manitoba",28.171.9,v54049216
2009,0.00,"Manitoba",28.171.9,v54049216
2010,3.00,"Manitoba",28.171.9,v54049216
2011,0.00,"Manitoba",28.171.9,v54049216
2012,0.00,"Manitoba",28.171.9,v54049216
2013,0.00,"Manitoba",28.171.9,v54049216
2014,0.00,"Manitoba",28.171.9,v54049216
2015,0.00,"Manitoba",28.171.9,v54049216
2006,0.00,"Winnipeg, Manitoba",29.171.9,v62083291
2007,0.00,"Winnipeg, Manitoba",29.171.9,v62083291
2008,0.00,"Winnipeg, Manitoba",29.171.9,v62083291
2009,0.00,"Winnipeg, Manitoba",29.171.9,v62083291
2010,0.00,"Winnipeg, Manitoba",29.171.9,v62083291
2011,0.00,"Winnipeg, Manitoba",29.171.9,v62083291
2012,0.00,"Winnipeg, Manitoba",29.171.9,v62083291
2013,0.00,"Winnipeg, Manitoba",29.171.9,v62083291
2014,0.00,"Winnipeg, Manitoba",29.171.9,v62083291
2015,0.00,"Winnipeg, Manitoba",29.171.9,v62083291
2006,0.00,"Saskatchewan",30.171.9,v53090594
2007,0.00,"Saskatchewan",30.171.9,v53090594
2008,0.00,"Saskatchewan",30.171.9,v53090594
2009,1.00,"Saskatchewan",30.171.9,v53090594
2010,0.00,"Saskatchewan",30.171.9,v53090594
2011,0.00,"Saskatchewan",30.171.9,v53090594
2012,0.00,"Saskatchewan",30.171.9,v53090594
2013,0.00,"Saskatchewan",30.171.9,v53090594
2014,0.00,"Saskatchewan",30.171.9,v53090594
2015,0.00,"Saskatchewan",30.171.9,v53090594
2006,0.00,"Regina, Saskatchewan",31.171.9,v62089591
2007,0.00,"Regina, Saskatchewan",31.171.9,v62089591
2008,0.00,"Regina, Saskatchewan",31.171.9,v62089591
2009,0.00,"Regina, Saskatchewan",31.171.9,v62089591
2010,0.00,"Regina, Saskatchewan",31.171.9,v62089591
2011,0.00,"Regina, Saskatchewan",31.171.9,v62089591
2012,0.00,"Regina, Saskatchewan",31.171.9,v62089591
2013,0.00,"Regina, Saskatchewan",31.171.9,v62089591
2014,0.00,"Regina, Saskatchewan",31.171.9,v62089591
2015,0.00,"Regina, Saskatchewan",31.171.9,v62089591
2006,0.00,"Saskatoon, Saskatchewan",32.171.9,v53096653
2007,0.00,"Saskatoon, Saskatchewan",32.171.9,v53096653
2008,0.00,"Saskatoon, Saskatchewan",32.171.9,v53096653
2009,1.00,"Saskatoon, Saskatchewan",32.171.9,v53096653
2010,0.00,"Saskatoon, Saskatchewan",32.171.9,v53096653
2011,0.00,"Saskatoon, Saskatchewan",32.171.9,v53096653
2012,0.00,"Saskatoon, Saskatchewan",32.171.9,v53096653
2013,0.00,"Saskatoon, Saskatchewan",32.171.9,v53096653
2014,0.00,"Saskatoon, Saskatchewan",32.171.9,v53096653
2015,0.00,"Saskatoon, Saskatchewan",32.171.9,v53096653
2006,0.00,"Alberta",33.171.9,v62095891
2007,0.00,"Alberta",33.171.9,v62095891
2008,0.00,"Alberta",33.171.9,v62095891
2009,0.00,"Alberta",33.171.9,v62095891
2010,0.00,"Alberta",33.171.9,v62095891
2011,0.00,"Alberta",33.171.9,v62095891
2012,1.00,"Alberta",33.171.9,v62095891
2013,0.00,"Alberta",33.171.9,v62095891
2014,0.00,"Alberta",33.171.9,v62095891
2015,0.00,"Alberta",33.171.9,v62095891
2006,0.00,"Calgary, Alberta",34.171.9,v62099041
2007,0.00,"Calgary, Alberta",34.171.9,v62099041
2008,0.00,"Calgary, Alberta",34.171.9,v62099041
2009,0.00,"Calgary, Alberta",34.171.9,v62099041
2010,0.00,"Calgary, Alberta",34.171.9,v62099041
2011,0.00,"Calgary, Alberta",34.171.9,v62099041
2012,0.00,"Calgary, Alberta",34.171.9,v62099041
2013,0.00,"Calgary, Alberta",34.171.9,v62099041
2014,0.00,"Calgary, Alberta",34.171.9,v62099041
2015,0.00,"Calgary, Alberta",34.171.9,v62099041
2006,0.00,"Edmonton, Alberta",35.171.9,v62102191
2007,0.00,"Edmonton, Alberta",35.171.9,v62102191
2008,0.00,"Edmonton, Alberta",35.171.9,v62102191
2009,0.00,"Edmonton, Alberta",35.171.9,v62102191
2010,0.00,"Edmonton, Alberta",35.171.9,v62102191
2011,0.00,"Edmonton, Alberta",35.171.9,v62102191
2012,1.00,"Edmonton, Alberta",35.171.9,v62102191
2013,0.00,"Edmonton, Alberta",35.171.9,v62102191
2014,0.00,"Edmonton, Alberta",35.171.9,v62102191
2015,0.00,"Edmonton, Alberta",35.171.9,v62102191
2006,0.00,"British Columbia",36.171.9,v52137444
2007,1.00,"British Columbia",36.171.9,v52137444
2008,0.00,"British Columbia",36.171.9,v52137444
2009,0.00,"British Columbia",36.171.9,v52137444
2010,0.00,"British Columbia",36.171.9,v52137444
2011,0.00,"British Columbia",36.171.9,v52137444
2012,0.00,"British Columbia",36.171.9,v52137444
2013,0.00,"British Columbia",36.171.9,v52137444
2014,0.00,"British Columbia",36.171.9,v52137444
2015,0.00,"British Columbia",36.171.9,v52137444
2006,0.00,"Kelowna, British Columbia",48.171.9,v62143141
2007,0.00,"Kelowna, British Columbia",48.171.9,v62143141
2008,0.00,"Kelowna, British Columbia",48.171.9,v62143141
2009,0.00,"Kelowna, British Columbia",48.171.9,v62143141
2010,0.00,"Kelowna, British Columbia",48.171.9,v62143141
2011,0.00,"Kelowna, British Columbia",48.171.9,v62143141
2012,0.00,"Kelowna, British Columbia",48.171.9,v62143141
2013,0.00,"Kelowna, British Columbia",48.171.9,v62143141
2014,0.00,"Kelowna, British Columbia",48.171.9,v62143141
2015,0.00,"Kelowna, British Columbia",48.171.9,v62143141
2006,0.00,"Abbotsford-Mission, British Columbia",39.171.9,v62114791
2007,0.00,"Abbotsford-Mission, British Columbia",39.171.9,v62114791
2008,0.00,"Abbotsford-Mission, British Columbia",39.171.9,v62114791
2009,0.00,"Abbotsford-Mission, British Columbia",39.171.9,v62114791
2010,0.00,"Abbotsford-Mission, British Columbia",39.171.9,v62114791
2011,0.00,"Abbotsford-Mission, British Columbia",39.171.9,v62114791
2012,0.00,"Abbotsford-Mission, British Columbia",39.171.9,v62114791
2013,0.00,"Abbotsford-Mission, British Columbia",39.171.9,v62114791
2014,0.00,"Abbotsford-Mission, British Columbia",39.171.9,v62114791
2015,0.00,"Abbotsford-Mission, British Columbia",39.171.9,v62114791
2006,0.00,"Vancouver, British Columbia",37.171.9,v52137607
2007,1.00,"Vancouver, British Columbia",37.171.9,v52137607
2008,0.00,"Vancouver, British Columbia",37.171.9,v52137607
2009,0.00,"Vancouver, British Columbia",37.171.9,v52137607
2010,0.00,"Vancouver, British Columbia",37.171.9,v52137607
2011,0.00,"Vancouver, British Columbia",37.171.9,v52137607
2012,0.00,"Vancouver, British Columbia",37.171.9,v52137607
2013,0.00,"Vancouver, British Columbia",37.171.9,v52137607
2014,0.00,"Vancouver, British Columbia",37.171.9,v52137607
2015,0.00,"Vancouver, British Columbia",37.171.9,v52137607
2006,0.00,"Victoria, British Columbia",38.171.9,v62111641
2007,0.00,"Victoria, British Columbia",38.171.9,v62111641
2008,0.00,"Victoria, British Columbia",38.171.9,v62111641
2009,0.00,"Victoria, British Columbia",38.171.9,v62111641
2010,0.00,"Victoria, British Columbia",38.171.9,v62111641
2011,0.00,"Victoria, British Columbia",38.171.9,v62111641
2012,0.00,"Victoria, British Columbia",38.171.9,v62111641
2013,0.00,"Victoria, British Columbia",38.171.9,v62111641
2014,0.00,"Victoria, British Columbia",38.171.9,v62111641
2015,0.00,"Victoria, British Columbia",38.171.9,v62111641
2006,0.00,"Yukon",40.171.9,v62117941
2007,0.00,"Yukon",40.171.9,v62117941
2008,0.00,"Yukon",40.171.9,v62117941
2009,0.00,"Yukon",40.171.9,v62117941
2010,0.00,"Yukon",40.171.9,v62117941
2011,0.00,"Yukon",40.171.9,v62117941
2012,0.00,"Yukon",40.171.9,v62117941
2013,0.00,"Yukon",40.171.9,v62117941
2014,0.00,"Yukon",40.171.9,v62117941
2015,0.00,"Yukon",40.171.9,v62117941
2006,0.00,"Northwest Territories",41.171.9,v62121091
2007,0.00,"Northwest Territories",41.171.9,v62121091
2008,0.00,"Northwest Territories",41.171.9,v62121091
2009,0.00,"Northwest Territories",41.171.9,v62121091
2010,0.00,"Northwest Territories",41.171.9,v62121091
2011,0.00,"Northwest Territories",41.171.9,v62121091
2012,0.00,"Northwest Territories",41.171.9,v62121091
2013,0.00,"Northwest Territories",41.171.9,v62121091
2014,0.00,"Northwest Territories",41.171.9,v62121091
2015,0.00,"Northwest Territories",41.171.9,v62121091
2006,0.00,"Nunavut",42.171.9,v62124241
2007,0.00,"Nunavut",42.171.9,v62124241
2008,0.00,"Nunavut",42.171.9,v62124241
2009,0.00,"Nunavut",42.171.9,v62124241
2010,0.00,"Nunavut",42.171.9,v62124241
2011,0.00,"Nunavut",42.171.9,v62124241
2012,0.00,"Nunavut",42.171.9,v62124241
2013,0.00,"Nunavut",42.171.9,v62124241
2014,0.00,"Nunavut",42.171.9,v62124241
2015,0.00,"Nunavut",42.171.9,v62124241
