2006,..,"Canada",1.224.2,v53079995
2007,..,"Canada",1.224.2,v53079995
2008,0.32,"Canada",1.224.2,v53079995
2009,1.68,"Canada",1.224.2,v53079995
2010,18.20,"Canada",1.224.2,v53079995
2011,23.36,"Canada",1.224.2,v53079995
2012,25.76,"Canada",1.224.2,v53079995
2013,27.09,"Canada",1.224.2,v53079995
2014,30.28,"Canada",1.224.2,v53079995
2015,32.65,"Canada",1.224.2,v53079995
2006,..,"Newfoundland and Labrador",2.224.2,v54049819
2007,..,"Newfoundland and Labrador",2.224.2,v54049819
2008,0.00,"Newfoundland and Labrador",2.224.2,v54049819
2009,0.00,"Newfoundland and Labrador",2.224.2,v54049819
2010,4.41,"Newfoundland and Labrador",2.224.2,v54049819
2011,4.00,"Newfoundland and Labrador",2.224.2,v54049819
2012,2.85,"Newfoundland and Labrador",2.224.2,v54049819
2013,4.73,"Newfoundland and Labrador",2.224.2,v54049819
2014,7.56,"Newfoundland and Labrador",2.224.2,v54049819
2015,7.96,"Newfoundland and Labrador",2.224.2,v54049819
2006,..,"St. John's, Newfoundland and Labrador",3.224.2,v54049827
2007,..,"St. John's, Newfoundland and Labrador",3.224.2,v54049827
2008,0.00,"St. John's, Newfoundland and Labrador",3.224.2,v54049827
2009,0.00,"St. John's, Newfoundland and Labrador",3.224.2,v54049827
2010,0.51,"St. John's, Newfoundland and Labrador",3.224.2,v54049827
2011,0.50,"St. John's, Newfoundland and Labrador",3.224.2,v54049827
2012,0.50,"St. John's, Newfoundland and Labrador",3.224.2,v54049827
2013,2.95,"St. John's, Newfoundland and Labrador",3.224.2,v54049827
2014,2.44,"St. John's, Newfoundland and Labrador",3.224.2,v54049827
2015,2.43,"St. John's, Newfoundland and Labrador",3.224.2,v54049827
2006,..,"Prince Edward Island",4.224.2,v54049860
2007,..,"Prince Edward Island",4.224.2,v54049860
2008,0.00,"Prince Edward Island",4.224.2,v54049860
2009,0.00,"Prince Edward Island",4.224.2,v54049860
2010,8.47,"Prince Edward Island",4.224.2,v54049860
2011,8.33,"Prince Edward Island",4.224.2,v54049860
2012,11.01,"Prince Edward Island",4.224.2,v54049860
2013,8.25,"Prince Edward Island",4.224.2,v54049860
2014,8.21,"Prince Edward Island",4.224.2,v54049860
2015,10.24,"Prince Edward Island",4.224.2,v54049860
2006,..,"Nova Scotia",5.224.2,v54049923
2007,..,"Nova Scotia",5.224.2,v54049923
2008,0.00,"Nova Scotia",5.224.2,v54049923
2009,0.00,"Nova Scotia",5.224.2,v54049923
2010,6.16,"Nova Scotia",5.224.2,v54049923
2011,12.49,"Nova Scotia",5.224.2,v54049923
2012,17.78,"Nova Scotia",5.224.2,v54049923
2013,16.54,"Nova Scotia",5.224.2,v54049923
2014,16.55,"Nova Scotia",5.224.2,v54049923
2015,12.73,"Nova Scotia",5.224.2,v54049923
2006,..,"Halifax, Nova Scotia",6.224.2,v54050103
2007,..,"Halifax, Nova Scotia",6.224.2,v54050103
2008,0.00,"Halifax, Nova Scotia",6.224.2,v54050103
2009,0.00,"Halifax, Nova Scotia",6.224.2,v54050103
2010,5.27,"Halifax, Nova Scotia",6.224.2,v54050103
2011,17.89,"Halifax, Nova Scotia",6.224.2,v54050103
2012,23.85,"Halifax, Nova Scotia",6.224.2,v54050103
2013,22.93,"Halifax, Nova Scotia",6.224.2,v54050103
2014,17.65,"Halifax, Nova Scotia",6.224.2,v54050103
2015,9.81,"Halifax, Nova Scotia",6.224.2,v54050103
2006,..,"New Brunswick",7.224.2,v54049967
2007,..,"New Brunswick",7.224.2,v54049967
2008,0.00,"New Brunswick",7.224.2,v54049967
2009,0.00,"New Brunswick",7.224.2,v54049967
2010,8.76,"New Brunswick",7.224.2,v54049967
2011,9.66,"New Brunswick",7.224.2,v54049967
2012,10.04,"New Brunswick",7.224.2,v54049967
2013,11.25,"New Brunswick",7.224.2,v54049967
2014,11.26,"New Brunswick",7.224.2,v54049967
2015,11.94,"New Brunswick",7.224.2,v54049967
2006,..,"Moncton, New Brunswick",43.224.2,v54050110
2007,..,"Moncton, New Brunswick",43.224.2,v54050110
2008,0.00,"Moncton, New Brunswick",43.224.2,v54050110
2009,0.00,"Moncton, New Brunswick",43.224.2,v54050110
2010,5.08,"Moncton, New Brunswick",43.224.2,v54050110
2011,12.14,"Moncton, New Brunswick",43.224.2,v54050110
2012,11.98,"Moncton, New Brunswick",43.224.2,v54050110
2013,14.69,"Moncton, New Brunswick",43.224.2,v54050110
2014,6.47,"Moncton, New Brunswick",43.224.2,v54050110
2015,16.65,"Moncton, New Brunswick",43.224.2,v54050110
2006,..,"Saint John, New Brunswick",8.224.2,v54049835
2007,..,"Saint John, New Brunswick",8.224.2,v54049835
2008,0.00,"Saint John, New Brunswick",8.224.2,v54049835
2009,0.00,"Saint John, New Brunswick",8.224.2,v54049835
2010,2.73,"Saint John, New Brunswick",8.224.2,v54049835
2011,2.04,"Saint John, New Brunswick",8.224.2,v54049835
2012,2.04,"Saint John, New Brunswick",8.224.2,v54049835
2013,5.47,"Saint John, New Brunswick",8.224.2,v54049835
2014,1.56,"Saint John, New Brunswick",8.224.2,v54049835
2015,3.14,"Saint John, New Brunswick",8.224.2,v54049835
2006,..,"Quebec",9.224.2,v53084137
2007,..,"Quebec",9.224.2,v53084137
2008,1.08,"Quebec",9.224.2,v53084137
2009,6.50,"Quebec",9.224.2,v53084137
2010,32.87,"Quebec",9.224.2,v53084137
2011,36.98,"Quebec",9.224.2,v53084137
2012,36.41,"Quebec",9.224.2,v53084137
2013,34.34,"Quebec",9.224.2,v53084137
2014,31.75,"Quebec",9.224.2,v53084137
2015,39.09,"Quebec",9.224.2,v53084137
2006,..,"Saguenay, Quebec",10.224.2,v53084247
2007,..,"Saguenay, Quebec",10.224.2,v53084247
2008,2.06,"Saguenay, Quebec",10.224.2,v53084247
2009,7.53,"Saguenay, Quebec",10.224.2,v53084247
2010,15.68,"Saguenay, Quebec",10.224.2,v53084247
2011,13.78,"Saguenay, Quebec",10.224.2,v53084247
2012,10.15,"Saguenay, Quebec",10.224.2,v53084247
2013,10.73,"Saguenay, Quebec",10.224.2,v53084247
2014,17.88,"Saguenay, Quebec",10.224.2,v53084247
2015,14.33,"Saguenay, Quebec",10.224.2,v53084247
2006,..,"Sherbrooke, Quebec",12.224.2,v53086754
2007,..,"Sherbrooke, Quebec",12.224.2,v53086754
2008,1.09,"Sherbrooke, Quebec",12.224.2,v53086754
2009,9.19,"Sherbrooke, Quebec",12.224.2,v53086754
2010,41.65,"Sherbrooke, Quebec",12.224.2,v53086754
2011,35.76,"Sherbrooke, Quebec",12.224.2,v53086754
2012,39.43,"Sherbrooke, Quebec",12.224.2,v53086754
2013,37.43,"Sherbrooke, Quebec",12.224.2,v53086754
2014,33.90,"Sherbrooke, Quebec",12.224.2,v53086754
2015,37.21,"Sherbrooke, Quebec",12.224.2,v53086754
2006,..,"Ottawa-Gatineau, Quebec part",15.224.2,v53085642
2007,..,"Ottawa-Gatineau, Quebec part",15.224.2,v53085642
2008,0.67,"Ottawa-Gatineau, Quebec part",15.224.2,v53085642
2009,0.99,"Ottawa-Gatineau, Quebec part",15.224.2,v53085642
2010,20.02,"Ottawa-Gatineau, Quebec part",15.224.2,v53085642
2011,36.10,"Ottawa-Gatineau, Quebec part",15.224.2,v53085642
2012,41.59,"Ottawa-Gatineau, Quebec part",15.224.2,v53085642
2013,51.73,"Ottawa-Gatineau, Quebec part",15.224.2,v53085642
2014,38.68,"Ottawa-Gatineau, Quebec part",15.224.2,v53085642
2015,53.03,"Ottawa-Gatineau, Quebec part",15.224.2,v53085642
2006,..,"Ontario",16.224.2,v54049980
2007,..,"Ontario",16.224.2,v54049980
2008,0.00,"Ontario",16.224.2,v54049980
2009,0.00,"Ontario",16.224.2,v54049980
2010,7.77,"Ontario",16.224.2,v54049980
2011,14.76,"Ontario",16.224.2,v54049980
2012,18.28,"Ontario",16.224.2,v54049980
2013,18.29,"Ontario",16.224.2,v54049980
2014,25.87,"Ontario",16.224.2,v54049980
2015,25.91,"Ontario",16.224.2,v54049980
2006,..,"Ottawa-Gatineau, Ontario/Quebec",17.224.2,v53080242
2007,..,"Ottawa-Gatineau, Ontario/Quebec",17.224.2,v53080242
2008,0.16,"Ottawa-Gatineau, Ontario/Quebec",17.224.2,v53080242
2009,0.24,"Ottawa-Gatineau, Ontario/Quebec",17.224.2,v53080242
2010,17.71,"Ottawa-Gatineau, Ontario/Quebec",17.224.2,v53080242
2011,35.66,"Ottawa-Gatineau, Ontario/Quebec",17.224.2,v53080242
2012,43.47,"Ottawa-Gatineau, Ontario/Quebec",17.224.2,v53080242
2013,35.89,"Ottawa-Gatineau, Ontario/Quebec",17.224.2,v53080242
2014,29.65,"Ottawa-Gatineau, Ontario/Quebec",17.224.2,v53080242
2015,31.40,"Ottawa-Gatineau, Ontario/Quebec",17.224.2,v53080242
2006,..,"Ottawa-Gatineau, Ontario part",18.224.2,v54049934
2007,..,"Ottawa-Gatineau, Ontario part",18.224.2,v54049934
2008,0.00,"Ottawa-Gatineau, Ontario part",18.224.2,v54049934
2009,0.00,"Ottawa-Gatineau, Ontario part",18.224.2,v54049934
2010,16.95,"Ottawa-Gatineau, Ontario part",18.224.2,v54049934
2011,35.51,"Ottawa-Gatineau, Ontario part",18.224.2,v54049934
2012,44.09,"Ottawa-Gatineau, Ontario part",18.224.2,v54049934
2013,30.65,"Ottawa-Gatineau, Ontario part",18.224.2,v54049934
2014,26.67,"Ottawa-Gatineau, Ontario part",18.224.2,v54049934
2015,24.28,"Ottawa-Gatineau, Ontario part",18.224.2,v54049934
2006,..,"Kingston, Ontario",27.224.2,v62077698
2007,..,"Kingston, Ontario",27.224.2,v62077698
2008,0.00,"Kingston, Ontario",27.224.2,v62077698
2009,0.00,"Kingston, Ontario",27.224.2,v62077698
2010,0.00,"Kingston, Ontario",27.224.2,v62077698
2011,2.46,"Kingston, Ontario",27.224.2,v62077698
2012,0.00,"Kingston, Ontario",27.224.2,v62077698
2013,1.22,"Kingston, Ontario",27.224.2,v62077698
2014,0.60,"Kingston, Ontario",27.224.2,v62077698
2015,2.40,"Kingston, Ontario",27.224.2,v62077698
2006,..,"Peterborough, Ontario",44.224.2,v54050105
2007,..,"Peterborough, Ontario",44.224.2,v54050105
2008,0.00,"Peterborough, Ontario",44.224.2,v54050105
2009,0.00,"Peterborough, Ontario",44.224.2,v54050105
2010,2.48,"Peterborough, Ontario",44.224.2,v54050105
2011,9.08,"Peterborough, Ontario",44.224.2,v54050105
2012,23.88,"Peterborough, Ontario",44.224.2,v54050105
2013,10.67,"Peterborough, Ontario",44.224.2,v54050105
2014,14.74,"Peterborough, Ontario",44.224.2,v54050105
2015,10.63,"Peterborough, Ontario",44.224.2,v54050105
2006,..,"Toronto, Ontario",19.224.2,v54050068
2007,..,"Toronto, Ontario",19.224.2,v54050068
2008,0.00,"Toronto, Ontario",19.224.2,v54050068
2009,0.00,"Toronto, Ontario",19.224.2,v54050068
2010,8.45,"Toronto, Ontario",19.224.2,v54050068
2011,12.37,"Toronto, Ontario",19.224.2,v54050068
2012,13.52,"Toronto, Ontario",19.224.2,v54050068
2013,16.02,"Toronto, Ontario",19.224.2,v54050068
2014,27.97,"Toronto, Ontario",19.224.2,v54050068
2015,31.26,"Toronto, Ontario",19.224.2,v54050068
2006,..,"Hamilton, Ontario",20.224.2,v54049869
2007,..,"Hamilton, Ontario",20.224.2,v54049869
2008,0.00,"Hamilton, Ontario",20.224.2,v54049869
2009,0.00,"Hamilton, Ontario",20.224.2,v54049869
2010,13.12,"Hamilton, Ontario",20.224.2,v54049869
2011,26.79,"Hamilton, Ontario",20.224.2,v54049869
2012,53.73,"Hamilton, Ontario",20.224.2,v54049869
2013,42.28,"Hamilton, Ontario",20.224.2,v54049869
2014,49.32,"Hamilton, Ontario",20.224.2,v54049869
2015,50.79,"Hamilton, Ontario",20.224.2,v54049869
2006,..,"St.Catharines-Niagara, Ontario",21.224.2,v54049878
2007,..,"St.Catharines-Niagara, Ontario",21.224.2,v54049878
2008,0.00,"St.Catharines-Niagara, Ontario",21.224.2,v54049878
2009,0.00,"St.Catharines-Niagara, Ontario",21.224.2,v54049878
2010,23.31,"St.Catharines-Niagara, Ontario",21.224.2,v54049878
2011,21.45,"St.Catharines-Niagara, Ontario",21.224.2,v54049878
2012,23.40,"St.Catharines-Niagara, Ontario",21.224.2,v54049878
2013,33.89,"St.Catharines-Niagara, Ontario",21.224.2,v54049878
2014,36.21,"St.Catharines-Niagara, Ontario",21.224.2,v54049878
2015,44.09,"St.Catharines-Niagara, Ontario",21.224.2,v54049878
2006,..,"Kitchener-Cambridge-Waterloo, Ontario",22.224.2,v54050098
2007,..,"Kitchener-Cambridge-Waterloo, Ontario",22.224.2,v54050098
2008,0.00,"Kitchener-Cambridge-Waterloo, Ontario",22.224.2,v54050098
2009,0.00,"Kitchener-Cambridge-Waterloo, Ontario",22.224.2,v54050098
2010,3.09,"Kitchener-Cambridge-Waterloo, Ontario",22.224.2,v54050098
2011,39.14,"Kitchener-Cambridge-Waterloo, Ontario",22.224.2,v54050098
2012,48.54,"Kitchener-Cambridge-Waterloo, Ontario",22.224.2,v54050098
2013,44.93,"Kitchener-Cambridge-Waterloo, Ontario",22.224.2,v54050098
2014,68.90,"Kitchener-Cambridge-Waterloo, Ontario",22.224.2,v54050098
2015,59.35,"Kitchener-Cambridge-Waterloo, Ontario",22.224.2,v54050098
2006,..,"Brantford, Ontario",45.224.2,v62134398
2007,..,"Brantford, Ontario",45.224.2,v62134398
2008,0.00,"Brantford, Ontario",45.224.2,v62134398
2009,0.00,"Brantford, Ontario",45.224.2,v62134398
2010,3.59,"Brantford, Ontario",45.224.2,v62134398
2011,14.96,"Brantford, Ontario",45.224.2,v62134398
2012,30.43,"Brantford, Ontario",45.224.2,v62134398
2013,27.34,"Brantford, Ontario",45.224.2,v62134398
2014,23.67,"Brantford, Ontario",45.224.2,v62134398
2015,27.65,"Brantford, Ontario",45.224.2,v62134398
2006,..,"Guelph, Ontario",46.224.2,v62137548
2007,..,"Guelph, Ontario",46.224.2,v62137548
2008,0.00,"Guelph, Ontario",46.224.2,v62137548
2009,0.00,"Guelph, Ontario",46.224.2,v62137548
2010,0.00,"Guelph, Ontario",46.224.2,v62137548
2011,19.89,"Guelph, Ontario",46.224.2,v62137548
2012,30.67,"Guelph, Ontario",46.224.2,v62137548
2013,31.21,"Guelph, Ontario",46.224.2,v62137548
2014,30.15,"Guelph, Ontario",46.224.2,v62137548
2015,29.90,"Guelph, Ontario",46.224.2,v62137548
2006,..,"London, Ontario",23.224.2,v54049887
2007,..,"London, Ontario",23.224.2,v54049887
2008,0.00,"London, Ontario",23.224.2,v54049887
2009,0.00,"London, Ontario",23.224.2,v54049887
2010,13.92,"London, Ontario",23.224.2,v54049887
2011,13.42,"London, Ontario",23.224.2,v54049887
2012,12.68,"London, Ontario",23.224.2,v54049887
2013,21.56,"London, Ontario",23.224.2,v54049887
2014,30.89,"London, Ontario",23.224.2,v54049887
2015,25.36,"London, Ontario",23.224.2,v54049887
2006,..,"Windsor, Ontario",24.224.2,v54049896
2007,..,"Windsor, Ontario",24.224.2,v54049896
2008,0.00,"Windsor, Ontario",24.224.2,v54049896
2009,0.00,"Windsor, Ontario",24.224.2,v54049896
2010,11.57,"Windsor, Ontario",24.224.2,v54049896
2011,6.40,"Windsor, Ontario",24.224.2,v54049896
2012,5.77,"Windsor, Ontario",24.224.2,v54049896
2013,6.97,"Windsor, Ontario",24.224.2,v54049896
2014,5.44,"Windsor, Ontario",24.224.2,v54049896
2015,9.05,"Windsor, Ontario",24.224.2,v54049896
2006,..,"Barrie, Ontario",47.224.2,v62140698
2007,..,"Barrie, Ontario",47.224.2,v62140698
2008,0.00,"Barrie, Ontario",47.224.2,v62140698
2009,0.00,"Barrie, Ontario",47.224.2,v62140698
2010,6.99,"Barrie, Ontario",47.224.2,v62140698
2011,6.40,"Barrie, Ontario",47.224.2,v62140698
2012,1.95,"Barrie, Ontario",47.224.2,v62140698
2013,3.84,"Barrie, Ontario",47.224.2,v62140698
2014,1.90,"Barrie, Ontario",47.224.2,v62140698
2015,6.56,"Barrie, Ontario",47.224.2,v62140698
2006,..,"Sudbury, Ontario",25.224.2,v54050107
2007,..,"Sudbury, Ontario",25.224.2,v54050107
2008,0.00,"Sudbury, Ontario",25.224.2,v54050107
2009,0.00,"Sudbury, Ontario",25.224.2,v54050107
2010,3.64,"Sudbury, Ontario",25.224.2,v54050107
2011,21.85,"Sudbury, Ontario",25.224.2,v54050107
2012,18.79,"Sudbury, Ontario",25.224.2,v54050107
2013,29.67,"Sudbury, Ontario",25.224.2,v54050107
2014,20.64,"Sudbury, Ontario",25.224.2,v54050107
2015,14.61,"Sudbury, Ontario",25.224.2,v54050107
2006,..,"Thunder Bay, Ontario",26.224.2,v62074548
2007,..,"Thunder Bay, Ontario",26.224.2,v62074548
2008,0.00,"Thunder Bay, Ontario",26.224.2,v62074548
2009,0.00,"Thunder Bay, Ontario",26.224.2,v62074548
2010,0.00,"Thunder Bay, Ontario",26.224.2,v62074548
2011,0.00,"Thunder Bay, Ontario",26.224.2,v62074548
2012,0.00,"Thunder Bay, Ontario",26.224.2,v62074548
2013,9.03,"Thunder Bay, Ontario",26.224.2,v62074548
2014,158.03,"Thunder Bay, Ontario",26.224.2,v62074548
2015,23.12,"Thunder Bay, Ontario",26.224.2,v62074548
2006,..,"Manitoba",28.224.2,v54049993
2007,..,"Manitoba",28.224.2,v54049993
2008,0.00,"Manitoba",28.224.2,v54049993
2009,0.00,"Manitoba",28.224.2,v54049993
2010,5.57,"Manitoba",28.224.2,v54049993
2011,6.40,"Manitoba",28.224.2,v54049993
2012,8.08,"Manitoba",28.224.2,v54049993
2013,14.15,"Manitoba",28.224.2,v54049993
2014,17.73,"Manitoba",28.224.2,v54049993
2015,16.55,"Manitoba",28.224.2,v54049993
2006,..,"Winnipeg, Manitoba",29.224.2,v54050079
2007,..,"Winnipeg, Manitoba",29.224.2,v54050079
2008,0.00,"Winnipeg, Manitoba",29.224.2,v54050079
2009,0.00,"Winnipeg, Manitoba",29.224.2,v54050079
2010,1.44,"Winnipeg, Manitoba",29.224.2,v54050079
2011,2.71,"Winnipeg, Manitoba",29.224.2,v54050079
2012,1.64,"Winnipeg, Manitoba",29.224.2,v54050079
2013,10.10,"Winnipeg, Manitoba",29.224.2,v54050079
2014,13.66,"Winnipeg, Manitoba",29.224.2,v54050079
2015,13.61,"Winnipeg, Manitoba",29.224.2,v54050079
2006,..,"Saskatchewan",30.224.2,v54050006
2007,..,"Saskatchewan",30.224.2,v54050006
2008,0.00,"Saskatchewan",30.224.2,v54050006
2009,0.00,"Saskatchewan",30.224.2,v54050006
2010,19.88,"Saskatchewan",30.224.2,v54050006
2011,31.60,"Saskatchewan",30.224.2,v54050006
2012,22.26,"Saskatchewan",30.224.2,v54050006
2013,28.57,"Saskatchewan",30.224.2,v54050006
2014,32.26,"Saskatchewan",30.224.2,v54050006
2015,40.93,"Saskatchewan",30.224.2,v54050006
2006,..,"Regina, Saskatchewan",31.224.2,v54049905
2007,..,"Regina, Saskatchewan",31.224.2,v54049905
2008,0.00,"Regina, Saskatchewan",31.224.2,v54049905
2009,0.00,"Regina, Saskatchewan",31.224.2,v54049905
2010,13.40,"Regina, Saskatchewan",31.224.2,v54049905
2011,23.55,"Regina, Saskatchewan",31.224.2,v54049905
2012,30.31,"Regina, Saskatchewan",31.224.2,v54049905
2013,40.68,"Regina, Saskatchewan",31.224.2,v54049905
2014,23.04,"Regina, Saskatchewan",31.224.2,v54049905
2015,73.34,"Regina, Saskatchewan",31.224.2,v54049905
2006,..,"Saskatoon, Saskatchewan",32.224.2,v54049945
2007,..,"Saskatoon, Saskatchewan",32.224.2,v54049945
2008,0.00,"Saskatoon, Saskatchewan",32.224.2,v54049945
2009,0.00,"Saskatoon, Saskatchewan",32.224.2,v54049945
2010,44.16,"Saskatoon, Saskatchewan",32.224.2,v54049945
2011,74.74,"Saskatoon, Saskatchewan",32.224.2,v54049945
2012,34.29,"Saskatoon, Saskatchewan",32.224.2,v54049945
2013,34.93,"Saskatoon, Saskatchewan",32.224.2,v54049945
2014,51.76,"Saskatoon, Saskatchewan",32.224.2,v54049945
2015,45.03,"Saskatoon, Saskatchewan",32.224.2,v54049945
2006,..,"Alberta",33.224.2,v53090854
2007,..,"Alberta",33.224.2,v53090854
2008,0.58,"Alberta",33.224.2,v53090854
2009,1.47,"Alberta",33.224.2,v53090854
2010,16.10,"Alberta",33.224.2,v53090854
2011,21.08,"Alberta",33.224.2,v53090854
2012,26.08,"Alberta",33.224.2,v53090854
2013,29.12,"Alberta",33.224.2,v53090854
2014,32.95,"Alberta",33.224.2,v53090854
2015,37.58,"Alberta",33.224.2,v53090854
2006,..,"Calgary, Alberta",34.224.2,v53090957
2007,..,"Calgary, Alberta",34.224.2,v53090957
2008,1.76,"Calgary, Alberta",34.224.2,v53090957
2009,4.41,"Calgary, Alberta",34.224.2,v53090957
2010,19.28,"Calgary, Alberta",34.224.2,v53090957
2011,22.16,"Calgary, Alberta",34.224.2,v53090957
2012,20.77,"Calgary, Alberta",34.224.2,v53090957
2013,19.30,"Calgary, Alberta",34.224.2,v53090957
2014,21.57,"Calgary, Alberta",34.224.2,v53090957
2015,26.36,"Calgary, Alberta",34.224.2,v53090957
2006,..,"Edmonton, Alberta",35.224.2,v54050090
2007,..,"Edmonton, Alberta",35.224.2,v54050090
2008,0.00,"Edmonton, Alberta",35.224.2,v54050090
2009,0.00,"Edmonton, Alberta",35.224.2,v54050090
2010,5.38,"Edmonton, Alberta",35.224.2,v54050090
2011,17.48,"Edmonton, Alberta",35.224.2,v54050090
2012,31.79,"Edmonton, Alberta",35.224.2,v54050090
2013,34.93,"Edmonton, Alberta",35.224.2,v54050090
2014,44.77,"Edmonton, Alberta",35.224.2,v54050090
2015,49.77,"Edmonton, Alberta",35.224.2,v54050090
2006,..,"British Columbia",36.224.2,v54050019
2007,..,"British Columbia",36.224.2,v54050019
2008,0.00,"British Columbia",36.224.2,v54050019
2009,0.00,"British Columbia",36.224.2,v54050019
2010,33.90,"British Columbia",36.224.2,v54050019
2011,36.50,"British Columbia",36.224.2,v54050019
2012,42.13,"British Columbia",36.224.2,v54050019
2013,49.97,"British Columbia",36.224.2,v54050019
2014,51.01,"British Columbia",36.224.2,v54050019
2015,50.61,"British Columbia",36.224.2,v54050019
2006,..,"Kelowna, British Columbia",48.224.2,v54049956
2007,..,"Kelowna, British Columbia",48.224.2,v54049956
2008,0.00,"Kelowna, British Columbia",48.224.2,v54049956
2009,0.00,"Kelowna, British Columbia",48.224.2,v54049956
2010,33.63,"Kelowna, British Columbia",48.224.2,v54049956
2011,36.71,"Kelowna, British Columbia",48.224.2,v54049956
2012,61.75,"Kelowna, British Columbia",48.224.2,v54049956
2013,64.83,"Kelowna, British Columbia",48.224.2,v54049956
2014,56.85,"Kelowna, British Columbia",48.224.2,v54049956
2015,58.67,"Kelowna, British Columbia",48.224.2,v54049956
2006,..,"Abbotsford-Mission, British Columbia",39.224.2,v54049914
2007,..,"Abbotsford-Mission, British Columbia",39.224.2,v54049914
2008,0.00,"Abbotsford-Mission, British Columbia",39.224.2,v54049914
2009,0.00,"Abbotsford-Mission, British Columbia",39.224.2,v54049914
2010,33.55,"Abbotsford-Mission, British Columbia",39.224.2,v54049914
2011,32.73,"Abbotsford-Mission, British Columbia",39.224.2,v54049914
2012,37.46,"Abbotsford-Mission, British Columbia",39.224.2,v54049914
2013,47.76,"Abbotsford-Mission, British Columbia",39.224.2,v54049914
2014,35.46,"Abbotsford-Mission, British Columbia",39.224.2,v54049914
2015,55.87,"Abbotsford-Mission, British Columbia",39.224.2,v54049914
2006,..,"Vancouver, British Columbia",37.224.2,v54050032
2007,..,"Vancouver, British Columbia",37.224.2,v54050032
2008,0.00,"Vancouver, British Columbia",37.224.2,v54050032
2009,0.00,"Vancouver, British Columbia",37.224.2,v54050032
2010,46.52,"Vancouver, British Columbia",37.224.2,v54050032
2011,46.76,"Vancouver, British Columbia",37.224.2,v54050032
2012,52.97,"Vancouver, British Columbia",37.224.2,v54050032
2013,62.47,"Vancouver, British Columbia",37.224.2,v54050032
2014,65.46,"Vancouver, British Columbia",37.224.2,v54050032
2015,61.04,"Vancouver, British Columbia",37.224.2,v54050032
2006,..,"Victoria, British Columbia",38.224.2,v54050045
2007,..,"Victoria, British Columbia",38.224.2,v54050045
2008,0.00,"Victoria, British Columbia",38.224.2,v54050045
2009,0.00,"Victoria, British Columbia",38.224.2,v54050045
2010,19.90,"Victoria, British Columbia",38.224.2,v54050045
2011,20.71,"Victoria, British Columbia",38.224.2,v54050045
2012,16.32,"Victoria, British Columbia",38.224.2,v54050045
2013,22.91,"Victoria, British Columbia",38.224.2,v54050045
2014,26.00,"Victoria, British Columbia",38.224.2,v54050045
2015,27.11,"Victoria, British Columbia",38.224.2,v54050045
2006,..,"Yukon",40.224.2,v54049843
2007,..,"Yukon",40.224.2,v54049843
2008,0.00,"Yukon",40.224.2,v54049843
2009,0.00,"Yukon",40.224.2,v54049843
2010,14.45,"Yukon",40.224.2,v54049843
2011,33.90,"Yukon",40.224.2,v54049843
2012,8.29,"Yukon",40.224.2,v54049843
2013,10.98,"Yukon",40.224.2,v54049843
2014,10.81,"Yukon",40.224.2,v54049843
2015,10.69,"Yukon",40.224.2,v54049843
2006,..,"Northwest Territories",41.224.2,v54049851
2007,..,"Northwest Territories",41.224.2,v54049851
2008,0.00,"Northwest Territories",41.224.2,v54049851
2009,0.00,"Northwest Territories",41.224.2,v54049851
2010,4.62,"Northwest Territories",41.224.2,v54049851
2011,20.69,"Northwest Territories",41.224.2,v54049851
2012,18.33,"Northwest Territories",41.224.2,v54049851
2013,15.95,"Northwest Territories",41.224.2,v54049851
2014,2.27,"Northwest Territories",41.224.2,v54049851
2015,6.80,"Northwest Territories",41.224.2,v54049851
2006,..,"Nunavut",42.224.2,v54050057
2007,..,"Nunavut",42.224.2,v54050057
2008,0.00,"Nunavut",42.224.2,v54050057
2009,0.00,"Nunavut",42.224.2,v54050057
2010,8.99,"Nunavut",42.224.2,v54050057
2011,2.92,"Nunavut",42.224.2,v54050057
2012,2.88,"Nunavut",42.224.2,v54050057
2013,11.29,"Nunavut",42.224.2,v54050057
2014,11.09,"Nunavut",42.224.2,v54050057
2015,2.71,"Nunavut",42.224.2,v54050057
