2006,..,"Canada",1.224.13,v53080000
2007,..,"Canada",1.224.13,v53080000
2008,0.00,"Canada",1.224.13,v53080000
2009,0.00,"Canada",1.224.13,v53080000
2010,56.00,"Canada",1.224.13,v53080000
2011,67.00,"Canada",1.224.13,v53080000
2012,63.00,"Canada",1.224.13,v53080000
2013,49.00,"Canada",1.224.13,v53080000
2014,46.00,"Canada",1.224.13,v53080000
2015,34.00,"Canada",1.224.13,v53080000
2006,..,"Newfoundland and Labrador",2.224.13,v61998959
2007,..,"Newfoundland and Labrador",2.224.13,v61998959
2008,0.00,"Newfoundland and Labrador",2.224.13,v61998959
2009,0.00,"Newfoundland and Labrador",2.224.13,v61998959
2010,0.00,"Newfoundland and Labrador",2.224.13,v61998959
2011,0.00,"Newfoundland and Labrador",2.224.13,v61998959
2012,0.00,"Newfoundland and Labrador",2.224.13,v61998959
2013,0.00,"Newfoundland and Labrador",2.224.13,v61998959
2014,0.00,"Newfoundland and Labrador",2.224.13,v61998959
2015,0.00,"Newfoundland and Labrador",2.224.13,v61998959
2006,..,"St. John's, Newfoundland and Labrador",3.224.13,v62002109
2007,..,"St. John's, Newfoundland and Labrador",3.224.13,v62002109
2008,0.00,"St. John's, Newfoundland and Labrador",3.224.13,v62002109
2009,0.00,"St. John's, Newfoundland and Labrador",3.224.13,v62002109
2010,0.00,"St. John's, Newfoundland and Labrador",3.224.13,v62002109
2011,0.00,"St. John's, Newfoundland and Labrador",3.224.13,v62002109
2012,0.00,"St. John's, Newfoundland and Labrador",3.224.13,v62002109
2013,0.00,"St. John's, Newfoundland and Labrador",3.224.13,v62002109
2014,0.00,"St. John's, Newfoundland and Labrador",3.224.13,v62002109
2015,0.00,"St. John's, Newfoundland and Labrador",3.224.13,v62002109
2006,..,"Prince Edward Island",4.224.13,v62005259
2007,..,"Prince Edward Island",4.224.13,v62005259
2008,0.00,"Prince Edward Island",4.224.13,v62005259
2009,0.00,"Prince Edward Island",4.224.13,v62005259
2010,0.00,"Prince Edward Island",4.224.13,v62005259
2011,0.00,"Prince Edward Island",4.224.13,v62005259
2012,0.00,"Prince Edward Island",4.224.13,v62005259
2013,2.00,"Prince Edward Island",4.224.13,v62005259
2014,0.00,"Prince Edward Island",4.224.13,v62005259
2015,0.00,"Prince Edward Island",4.224.13,v62005259
2006,..,"Nova Scotia",5.224.13,v54049927
2007,..,"Nova Scotia",5.224.13,v54049927
2008,0.00,"Nova Scotia",5.224.13,v54049927
2009,0.00,"Nova Scotia",5.224.13,v54049927
2010,2.00,"Nova Scotia",5.224.13,v54049927
2011,1.00,"Nova Scotia",5.224.13,v54049927
2012,0.00,"Nova Scotia",5.224.13,v54049927
2013,0.00,"Nova Scotia",5.224.13,v54049927
2014,1.00,"Nova Scotia",5.224.13,v54049927
2015,0.00,"Nova Scotia",5.224.13,v54049927
2006,..,"Halifax, Nova Scotia",6.224.13,v62011559
2007,..,"Halifax, Nova Scotia",6.224.13,v62011559
2008,0.00,"Halifax, Nova Scotia",6.224.13,v62011559
2009,0.00,"Halifax, Nova Scotia",6.224.13,v62011559
2010,0.00,"Halifax, Nova Scotia",6.224.13,v62011559
2011,1.00,"Halifax, Nova Scotia",6.224.13,v62011559
2012,0.00,"Halifax, Nova Scotia",6.224.13,v62011559
2013,0.00,"Halifax, Nova Scotia",6.224.13,v62011559
2014,0.00,"Halifax, Nova Scotia",6.224.13,v62011559
2015,0.00,"Halifax, Nova Scotia",6.224.13,v62011559
2006,..,"New Brunswick",7.224.13,v54049972
2007,..,"New Brunswick",7.224.13,v54049972
2008,0.00,"New Brunswick",7.224.13,v54049972
2009,0.00,"New Brunswick",7.224.13,v54049972
2010,1.00,"New Brunswick",7.224.13,v54049972
2011,1.00,"New Brunswick",7.224.13,v54049972
2012,0.00,"New Brunswick",7.224.13,v54049972
2013,1.00,"New Brunswick",7.224.13,v54049972
2014,1.00,"New Brunswick",7.224.13,v54049972
2015,1.00,"New Brunswick",7.224.13,v54049972
2006,..,"Moncton, New Brunswick",43.224.13,v62128109
2007,..,"Moncton, New Brunswick",43.224.13,v62128109
2008,0.00,"Moncton, New Brunswick",43.224.13,v62128109
2009,0.00,"Moncton, New Brunswick",43.224.13,v62128109
2010,0.00,"Moncton, New Brunswick",43.224.13,v62128109
2011,0.00,"Moncton, New Brunswick",43.224.13,v62128109
2012,0.00,"Moncton, New Brunswick",43.224.13,v62128109
2013,0.00,"Moncton, New Brunswick",43.224.13,v62128109
2014,1.00,"Moncton, New Brunswick",43.224.13,v62128109
2015,1.00,"Moncton, New Brunswick",43.224.13,v62128109
2006,..,"Saint John, New Brunswick",8.224.13,v62017859
2007,..,"Saint John, New Brunswick",8.224.13,v62017859
2008,0.00,"Saint John, New Brunswick",8.224.13,v62017859
2009,0.00,"Saint John, New Brunswick",8.224.13,v62017859
2010,0.00,"Saint John, New Brunswick",8.224.13,v62017859
2011,0.00,"Saint John, New Brunswick",8.224.13,v62017859
2012,0.00,"Saint John, New Brunswick",8.224.13,v62017859
2013,0.00,"Saint John, New Brunswick",8.224.13,v62017859
2014,0.00,"Saint John, New Brunswick",8.224.13,v62017859
2015,0.00,"Saint John, New Brunswick",8.224.13,v62017859
2006,..,"Quebec",9.224.13,v53084142
2007,..,"Quebec",9.224.13,v53084142
2008,0.00,"Quebec",9.224.13,v53084142
2009,0.00,"Quebec",9.224.13,v53084142
2010,27.00,"Quebec",9.224.13,v53084142
2011,31.00,"Quebec",9.224.13,v53084142
2012,28.00,"Quebec",9.224.13,v53084142
2013,16.00,"Quebec",9.224.13,v53084142
2014,19.00,"Quebec",9.224.13,v53084142
2015,10.00,"Quebec",9.224.13,v53084142
2006,..,"Saguenay, Quebec",10.224.13,v53084252
2007,..,"Saguenay, Quebec",10.224.13,v53084252
2008,0.00,"Saguenay, Quebec",10.224.13,v53084252
2009,0.00,"Saguenay, Quebec",10.224.13,v53084252
2010,0.00,"Saguenay, Quebec",10.224.13,v53084252
2011,5.00,"Saguenay, Quebec",10.224.13,v53084252
2012,0.00,"Saguenay, Quebec",10.224.13,v53084252
2013,0.00,"Saguenay, Quebec",10.224.13,v53084252
2014,0.00,"Saguenay, Quebec",10.224.13,v53084252
2015,0.00,"Saguenay, Quebec",10.224.13,v53084252
2006,..,"Sherbrooke, Quebec",12.224.13,v53086759
2007,..,"Sherbrooke, Quebec",12.224.13,v53086759
2008,0.00,"Sherbrooke, Quebec",12.224.13,v53086759
2009,0.00,"Sherbrooke, Quebec",12.224.13,v53086759
2010,0.00,"Sherbrooke, Quebec",12.224.13,v53086759
2011,2.00,"Sherbrooke, Quebec",12.224.13,v53086759
2012,2.00,"Sherbrooke, Quebec",12.224.13,v53086759
2013,0.00,"Sherbrooke, Quebec",12.224.13,v53086759
2014,1.00,"Sherbrooke, Quebec",12.224.13,v53086759
2015,0.00,"Sherbrooke, Quebec",12.224.13,v53086759
2006,..,"Ottawa-Gatineau, Quebec part",15.224.13,v53085647
2007,..,"Ottawa-Gatineau, Quebec part",15.224.13,v53085647
2008,0.00,"Ottawa-Gatineau, Quebec part",15.224.13,v53085647
2009,0.00,"Ottawa-Gatineau, Quebec part",15.224.13,v53085647
2010,6.00,"Ottawa-Gatineau, Quebec part",15.224.13,v53085647
2011,5.00,"Ottawa-Gatineau, Quebec part",15.224.13,v53085647
2012,7.00,"Ottawa-Gatineau, Quebec part",15.224.13,v53085647
2013,2.00,"Ottawa-Gatineau, Quebec part",15.224.13,v53085647
2014,1.00,"Ottawa-Gatineau, Quebec part",15.224.13,v53085647
2015,1.00,"Ottawa-Gatineau, Quebec part",15.224.13,v53085647
2006,..,"Ontario",16.224.13,v54049985
2007,..,"Ontario",16.224.13,v54049985
2008,0.00,"Ontario",16.224.13,v54049985
2009,0.00,"Ontario",16.224.13,v54049985
2010,2.00,"Ontario",16.224.13,v54049985
2011,5.00,"Ontario",16.224.13,v54049985
2012,14.00,"Ontario",16.224.13,v54049985
2013,10.00,"Ontario",16.224.13,v54049985
2014,6.00,"Ontario",16.224.13,v54049985
2015,4.00,"Ontario",16.224.13,v54049985
2006,..,"Ottawa-Gatineau, Ontario/Quebec",17.224.13,v53080247
2007,..,"Ottawa-Gatineau, Ontario/Quebec",17.224.13,v53080247
2008,0.00,"Ottawa-Gatineau, Ontario/Quebec",17.224.13,v53080247
2009,0.00,"Ottawa-Gatineau, Ontario/Quebec",17.224.13,v53080247
2010,7.00,"Ottawa-Gatineau, Ontario/Quebec",17.224.13,v53080247
2011,5.00,"Ottawa-Gatineau, Ontario/Quebec",17.224.13,v53080247
2012,8.00,"Ottawa-Gatineau, Ontario/Quebec",17.224.13,v53080247
2013,3.00,"Ottawa-Gatineau, Ontario/Quebec",17.224.13,v53080247
2014,1.00,"Ottawa-Gatineau, Ontario/Quebec",17.224.13,v53080247
2015,1.00,"Ottawa-Gatineau, Ontario/Quebec",17.224.13,v53080247
2006,..,"Ottawa-Gatineau, Ontario part",18.224.13,v54049938
2007,..,"Ottawa-Gatineau, Ontario part",18.224.13,v54049938
2008,0.00,"Ottawa-Gatineau, Ontario part",18.224.13,v54049938
2009,0.00,"Ottawa-Gatineau, Ontario part",18.224.13,v54049938
2010,1.00,"Ottawa-Gatineau, Ontario part",18.224.13,v54049938
2011,0.00,"Ottawa-Gatineau, Ontario part",18.224.13,v54049938
2012,1.00,"Ottawa-Gatineau, Ontario part",18.224.13,v54049938
2013,1.00,"Ottawa-Gatineau, Ontario part",18.224.13,v54049938
2014,0.00,"Ottawa-Gatineau, Ontario part",18.224.13,v54049938
2015,0.00,"Ottawa-Gatineau, Ontario part",18.224.13,v54049938
2006,..,"Kingston, Ontario",27.224.13,v62077709
2007,..,"Kingston, Ontario",27.224.13,v62077709
2008,0.00,"Kingston, Ontario",27.224.13,v62077709
2009,0.00,"Kingston, Ontario",27.224.13,v62077709
2010,0.00,"Kingston, Ontario",27.224.13,v62077709
2011,0.00,"Kingston, Ontario",27.224.13,v62077709
2012,0.00,"Kingston, Ontario",27.224.13,v62077709
2013,0.00,"Kingston, Ontario",27.224.13,v62077709
2014,0.00,"Kingston, Ontario",27.224.13,v62077709
2015,0.00,"Kingston, Ontario",27.224.13,v62077709
2006,..,"Peterborough, Ontario",44.224.13,v62131259
2007,..,"Peterborough, Ontario",44.224.13,v62131259
2008,0.00,"Peterborough, Ontario",44.224.13,v62131259
2009,0.00,"Peterborough, Ontario",44.224.13,v62131259
2010,0.00,"Peterborough, Ontario",44.224.13,v62131259
2011,0.00,"Peterborough, Ontario",44.224.13,v62131259
2012,0.00,"Peterborough, Ontario",44.224.13,v62131259
2013,0.00,"Peterborough, Ontario",44.224.13,v62131259
2014,0.00,"Peterborough, Ontario",44.224.13,v62131259
2015,0.00,"Peterborough, Ontario",44.224.13,v62131259
2006,..,"Toronto, Ontario",19.224.13,v62052509
2007,..,"Toronto, Ontario",19.224.13,v62052509
2008,0.00,"Toronto, Ontario",19.224.13,v62052509
2009,0.00,"Toronto, Ontario",19.224.13,v62052509
2010,0.00,"Toronto, Ontario",19.224.13,v62052509
2011,0.00,"Toronto, Ontario",19.224.13,v62052509
2012,5.00,"Toronto, Ontario",19.224.13,v62052509
2013,3.00,"Toronto, Ontario",19.224.13,v62052509
2014,0.00,"Toronto, Ontario",19.224.13,v62052509
2015,2.00,"Toronto, Ontario",19.224.13,v62052509
2006,..,"Hamilton, Ontario",20.224.13,v62055659
2007,..,"Hamilton, Ontario",20.224.13,v62055659
2008,0.00,"Hamilton, Ontario",20.224.13,v62055659
2009,0.00,"Hamilton, Ontario",20.224.13,v62055659
2010,0.00,"Hamilton, Ontario",20.224.13,v62055659
2011,0.00,"Hamilton, Ontario",20.224.13,v62055659
2012,0.00,"Hamilton, Ontario",20.224.13,v62055659
2013,1.00,"Hamilton, Ontario",20.224.13,v62055659
2014,0.00,"Hamilton, Ontario",20.224.13,v62055659
2015,1.00,"Hamilton, Ontario",20.224.13,v62055659
2006,..,"St.Catharines-Niagara, Ontario",21.224.13,v62058809
2007,..,"St.Catharines-Niagara, Ontario",21.224.13,v62058809
2008,0.00,"St.Catharines-Niagara, Ontario",21.224.13,v62058809
2009,0.00,"St.Catharines-Niagara, Ontario",21.224.13,v62058809
2010,0.00,"St.Catharines-Niagara, Ontario",21.224.13,v62058809
2011,0.00,"St.Catharines-Niagara, Ontario",21.224.13,v62058809
2012,0.00,"St.Catharines-Niagara, Ontario",21.224.13,v62058809
2013,0.00,"St.Catharines-Niagara, Ontario",21.224.13,v62058809
2014,0.00,"St.Catharines-Niagara, Ontario",21.224.13,v62058809
2015,0.00,"St.Catharines-Niagara, Ontario",21.224.13,v62058809
2006,..,"Kitchener-Cambridge-Waterloo, Ontario",22.224.13,v54050100
2007,..,"Kitchener-Cambridge-Waterloo, Ontario",22.224.13,v54050100
2008,0.00,"Kitchener-Cambridge-Waterloo, Ontario",22.224.13,v54050100
2009,0.00,"Kitchener-Cambridge-Waterloo, Ontario",22.224.13,v54050100
2010,1.00,"Kitchener-Cambridge-Waterloo, Ontario",22.224.13,v54050100
2011,1.00,"Kitchener-Cambridge-Waterloo, Ontario",22.224.13,v54050100
2012,1.00,"Kitchener-Cambridge-Waterloo, Ontario",22.224.13,v54050100
2013,0.00,"Kitchener-Cambridge-Waterloo, Ontario",22.224.13,v54050100
2014,2.00,"Kitchener-Cambridge-Waterloo, Ontario",22.224.13,v54050100
2015,1.00,"Kitchener-Cambridge-Waterloo, Ontario",22.224.13,v54050100
2006,..,"Brantford, Ontario",45.224.13,v62134409
2007,..,"Brantford, Ontario",45.224.13,v62134409
2008,0.00,"Brantford, Ontario",45.224.13,v62134409
2009,0.00,"Brantford, Ontario",45.224.13,v62134409
2010,0.00,"Brantford, Ontario",45.224.13,v62134409
2011,0.00,"Brantford, Ontario",45.224.13,v62134409
2012,1.00,"Brantford, Ontario",45.224.13,v62134409
2013,0.00,"Brantford, Ontario",45.224.13,v62134409
2014,0.00,"Brantford, Ontario",45.224.13,v62134409
2015,0.00,"Brantford, Ontario",45.224.13,v62134409
2006,..,"Guelph, Ontario",46.224.13,v62137559
2007,..,"Guelph, Ontario",46.224.13,v62137559
2008,0.00,"Guelph, Ontario",46.224.13,v62137559
2009,0.00,"Guelph, Ontario",46.224.13,v62137559
2010,0.00,"Guelph, Ontario",46.224.13,v62137559
2011,0.00,"Guelph, Ontario",46.224.13,v62137559
2012,1.00,"Guelph, Ontario",46.224.13,v62137559
2013,0.00,"Guelph, Ontario",46.224.13,v62137559
2014,1.00,"Guelph, Ontario",46.224.13,v62137559
2015,0.00,"Guelph, Ontario",46.224.13,v62137559
2006,..,"London, Ontario",23.224.13,v62065109
2007,..,"London, Ontario",23.224.13,v62065109
2008,0.00,"London, Ontario",23.224.13,v62065109
2009,0.00,"London, Ontario",23.224.13,v62065109
2010,0.00,"London, Ontario",23.224.13,v62065109
2011,0.00,"London, Ontario",23.224.13,v62065109
2012,0.00,"London, Ontario",23.224.13,v62065109
2013,0.00,"London, Ontario",23.224.13,v62065109
2014,0.00,"London, Ontario",23.224.13,v62065109
2015,0.00,"London, Ontario",23.224.13,v62065109
2006,..,"Windsor, Ontario",24.224.13,v62068259
2007,..,"Windsor, Ontario",24.224.13,v62068259
2008,0.00,"Windsor, Ontario",24.224.13,v62068259
2009,0.00,"Windsor, Ontario",24.224.13,v62068259
2010,0.00,"Windsor, Ontario",24.224.13,v62068259
2011,1.00,"Windsor, Ontario",24.224.13,v62068259
2012,0.00,"Windsor, Ontario",24.224.13,v62068259
2013,0.00,"Windsor, Ontario",24.224.13,v62068259
2014,0.00,"Windsor, Ontario",24.224.13,v62068259
2015,0.00,"Windsor, Ontario",24.224.13,v62068259
2006,..,"Barrie, Ontario",47.224.13,v62140709
2007,..,"Barrie, Ontario",47.224.13,v62140709
2008,0.00,"Barrie, Ontario",47.224.13,v62140709
2009,0.00,"Barrie, Ontario",47.224.13,v62140709
2010,0.00,"Barrie, Ontario",47.224.13,v62140709
2011,0.00,"Barrie, Ontario",47.224.13,v62140709
2012,0.00,"Barrie, Ontario",47.224.13,v62140709
2013,0.00,"Barrie, Ontario",47.224.13,v62140709
2014,0.00,"Barrie, Ontario",47.224.13,v62140709
2015,0.00,"Barrie, Ontario",47.224.13,v62140709
2006,..,"Sudbury, Ontario",25.224.13,v62071409
2007,..,"Sudbury, Ontario",25.224.13,v62071409
2008,0.00,"Sudbury, Ontario",25.224.13,v62071409
2009,0.00,"Sudbury, Ontario",25.224.13,v62071409
2010,0.00,"Sudbury, Ontario",25.224.13,v62071409
2011,2.00,"Sudbury, Ontario",25.224.13,v62071409
2012,1.00,"Sudbury, Ontario",25.224.13,v62071409
2013,0.00,"Sudbury, Ontario",25.224.13,v62071409
2014,0.00,"Sudbury, Ontario",25.224.13,v62071409
2015,0.00,"Sudbury, Ontario",25.224.13,v62071409
2006,..,"Thunder Bay, Ontario",26.224.13,v62074559
2007,..,"Thunder Bay, Ontario",26.224.13,v62074559
2008,0.00,"Thunder Bay, Ontario",26.224.13,v62074559
2009,0.00,"Thunder Bay, Ontario",26.224.13,v62074559
2010,0.00,"Thunder Bay, Ontario",26.224.13,v62074559
2011,0.00,"Thunder Bay, Ontario",26.224.13,v62074559
2012,0.00,"Thunder Bay, Ontario",26.224.13,v62074559
2013,0.00,"Thunder Bay, Ontario",26.224.13,v62074559
2014,1.00,"Thunder Bay, Ontario",26.224.13,v62074559
2015,0.00,"Thunder Bay, Ontario",26.224.13,v62074559
2006,..,"Manitoba",28.224.13,v54049998
2007,..,"Manitoba",28.224.13,v54049998
2008,0.00,"Manitoba",28.224.13,v54049998
2009,0.00,"Manitoba",28.224.13,v54049998
2010,1.00,"Manitoba",28.224.13,v54049998
2011,1.00,"Manitoba",28.224.13,v54049998
2012,1.00,"Manitoba",28.224.13,v54049998
2013,0.00,"Manitoba",28.224.13,v54049998
2014,2.00,"Manitoba",28.224.13,v54049998
2015,7.00,"Manitoba",28.224.13,v54049998
2006,..,"Winnipeg, Manitoba",29.224.13,v62084009
2007,..,"Winnipeg, Manitoba",29.224.13,v62084009
2008,0.00,"Winnipeg, Manitoba",29.224.13,v62084009
2009,0.00,"Winnipeg, Manitoba",29.224.13,v62084009
2010,0.00,"Winnipeg, Manitoba",29.224.13,v62084009
2011,0.00,"Winnipeg, Manitoba",29.224.13,v62084009
2012,0.00,"Winnipeg, Manitoba",29.224.13,v62084009
2013,0.00,"Winnipeg, Manitoba",29.224.13,v62084009
2014,0.00,"Winnipeg, Manitoba",29.224.13,v62084009
2015,2.00,"Winnipeg, Manitoba",29.224.13,v62084009
2006,..,"Saskatchewan",30.224.13,v54050011
2007,..,"Saskatchewan",30.224.13,v54050011
2008,0.00,"Saskatchewan",30.224.13,v54050011
2009,0.00,"Saskatchewan",30.224.13,v54050011
2010,2.00,"Saskatchewan",30.224.13,v54050011
2011,2.00,"Saskatchewan",30.224.13,v54050011
2012,3.00,"Saskatchewan",30.224.13,v54050011
2013,1.00,"Saskatchewan",30.224.13,v54050011
2014,4.00,"Saskatchewan",30.224.13,v54050011
2015,0.00,"Saskatchewan",30.224.13,v54050011
2006,..,"Regina, Saskatchewan",31.224.13,v62090309
2007,..,"Regina, Saskatchewan",31.224.13,v62090309
2008,0.00,"Regina, Saskatchewan",31.224.13,v62090309
2009,0.00,"Regina, Saskatchewan",31.224.13,v62090309
2010,0.00,"Regina, Saskatchewan",31.224.13,v62090309
2011,0.00,"Regina, Saskatchewan",31.224.13,v62090309
2012,0.00,"Regina, Saskatchewan",31.224.13,v62090309
2013,0.00,"Regina, Saskatchewan",31.224.13,v62090309
2014,0.00,"Regina, Saskatchewan",31.224.13,v62090309
2015,0.00,"Regina, Saskatchewan",31.224.13,v62090309
2006,..,"Saskatoon, Saskatchewan",32.224.13,v54049949
2007,..,"Saskatoon, Saskatchewan",32.224.13,v54049949
2008,0.00,"Saskatoon, Saskatchewan",32.224.13,v54049949
2009,0.00,"Saskatoon, Saskatchewan",32.224.13,v54049949
2010,2.00,"Saskatoon, Saskatchewan",32.224.13,v54049949
2011,0.00,"Saskatoon, Saskatchewan",32.224.13,v54049949
2012,0.00,"Saskatoon, Saskatchewan",32.224.13,v54049949
2013,0.00,"Saskatoon, Saskatchewan",32.224.13,v54049949
2014,0.00,"Saskatoon, Saskatchewan",32.224.13,v54049949
2015,0.00,"Saskatoon, Saskatchewan",32.224.13,v54049949
2006,..,"Alberta",33.224.13,v53090859
2007,..,"Alberta",33.224.13,v53090859
2008,0.00,"Alberta",33.224.13,v53090859
2009,0.00,"Alberta",33.224.13,v53090859
2010,6.00,"Alberta",33.224.13,v53090859
2011,12.00,"Alberta",33.224.13,v53090859
2012,4.00,"Alberta",33.224.13,v53090859
2013,5.00,"Alberta",33.224.13,v53090859
2014,2.00,"Alberta",33.224.13,v53090859
2015,9.00,"Alberta",33.224.13,v53090859
2006,..,"Calgary, Alberta",34.224.13,v53090962
2007,..,"Calgary, Alberta",34.224.13,v53090962
2008,0.00,"Calgary, Alberta",34.224.13,v53090962
2009,0.00,"Calgary, Alberta",34.224.13,v53090962
2010,2.00,"Calgary, Alberta",34.224.13,v53090962
2011,1.00,"Calgary, Alberta",34.224.13,v53090962
2012,1.00,"Calgary, Alberta",34.224.13,v53090962
2013,0.00,"Calgary, Alberta",34.224.13,v53090962
2014,0.00,"Calgary, Alberta",34.224.13,v53090962
2015,2.00,"Calgary, Alberta",34.224.13,v53090962
2006,..,"Edmonton, Alberta",35.224.13,v62102909
2007,..,"Edmonton, Alberta",35.224.13,v62102909
2008,0.00,"Edmonton, Alberta",35.224.13,v62102909
2009,0.00,"Edmonton, Alberta",35.224.13,v62102909
2010,0.00,"Edmonton, Alberta",35.224.13,v62102909
2011,9.00,"Edmonton, Alberta",35.224.13,v62102909
2012,0.00,"Edmonton, Alberta",35.224.13,v62102909
2013,1.00,"Edmonton, Alberta",35.224.13,v62102909
2014,0.00,"Edmonton, Alberta",35.224.13,v62102909
2015,3.00,"Edmonton, Alberta",35.224.13,v62102909
2006,..,"British Columbia",36.224.13,v54050024
2007,..,"British Columbia",36.224.13,v54050024
2008,0.00,"British Columbia",36.224.13,v54050024
2009,0.00,"British Columbia",36.224.13,v54050024
2010,15.00,"British Columbia",36.224.13,v54050024
2011,14.00,"British Columbia",36.224.13,v54050024
2012,13.00,"British Columbia",36.224.13,v54050024
2013,13.00,"British Columbia",36.224.13,v54050024
2014,11.00,"British Columbia",36.224.13,v54050024
2015,3.00,"British Columbia",36.224.13,v54050024
2006,..,"Kelowna, British Columbia",48.224.13,v54049960
2007,..,"Kelowna, British Columbia",48.224.13,v54049960
2008,0.00,"Kelowna, British Columbia",48.224.13,v54049960
2009,0.00,"Kelowna, British Columbia",48.224.13,v54049960
2010,1.00,"Kelowna, British Columbia",48.224.13,v54049960
2011,0.00,"Kelowna, British Columbia",48.224.13,v54049960
2012,0.00,"Kelowna, British Columbia",48.224.13,v54049960
2013,3.00,"Kelowna, British Columbia",48.224.13,v54049960
2014,2.00,"Kelowna, British Columbia",48.224.13,v54049960
2015,0.00,"Kelowna, British Columbia",48.224.13,v54049960
2006,..,"Abbotsford-Mission, British Columbia",39.224.13,v62115509
2007,..,"Abbotsford-Mission, British Columbia",39.224.13,v62115509
2008,0.00,"Abbotsford-Mission, British Columbia",39.224.13,v62115509
2009,0.00,"Abbotsford-Mission, British Columbia",39.224.13,v62115509
2010,0.00,"Abbotsford-Mission, British Columbia",39.224.13,v62115509
2011,0.00,"Abbotsford-Mission, British Columbia",39.224.13,v62115509
2012,1.00,"Abbotsford-Mission, British Columbia",39.224.13,v62115509
2013,0.00,"Abbotsford-Mission, British Columbia",39.224.13,v62115509
2014,0.00,"Abbotsford-Mission, British Columbia",39.224.13,v62115509
2015,0.00,"Abbotsford-Mission, British Columbia",39.224.13,v62115509
2006,..,"Vancouver, British Columbia",37.224.13,v54050037
2007,..,"Vancouver, British Columbia",37.224.13,v54050037
2008,0.00,"Vancouver, British Columbia",37.224.13,v54050037
2009,0.00,"Vancouver, British Columbia",37.224.13,v54050037
2010,6.00,"Vancouver, British Columbia",37.224.13,v54050037
2011,4.00,"Vancouver, British Columbia",37.224.13,v54050037
2012,6.00,"Vancouver, British Columbia",37.224.13,v54050037
2013,3.00,"Vancouver, British Columbia",37.224.13,v54050037
2014,6.00,"Vancouver, British Columbia",37.224.13,v54050037
2015,2.00,"Vancouver, British Columbia",37.224.13,v54050037
2006,..,"Victoria, British Columbia",38.224.13,v54050050
2007,..,"Victoria, British Columbia",38.224.13,v54050050
2008,0.00,"Victoria, British Columbia",38.224.13,v54050050
2009,0.00,"Victoria, British Columbia",38.224.13,v54050050
2010,1.00,"Victoria, British Columbia",38.224.13,v54050050
2011,2.00,"Victoria, British Columbia",38.224.13,v54050050
2012,0.00,"Victoria, British Columbia",38.224.13,v54050050
2013,1.00,"Victoria, British Columbia",38.224.13,v54050050
2014,0.00,"Victoria, British Columbia",38.224.13,v54050050
2015,0.00,"Victoria, British Columbia",38.224.13,v54050050
2006,..,"Yukon",40.224.13,v62118659
2007,..,"Yukon",40.224.13,v62118659
2008,0.00,"Yukon",40.224.13,v62118659
2009,0.00,"Yukon",40.224.13,v62118659
2010,0.00,"Yukon",40.224.13,v62118659
2011,0.00,"Yukon",40.224.13,v62118659
2012,0.00,"Yukon",40.224.13,v62118659
2013,1.00,"Yukon",40.224.13,v62118659
2014,0.00,"Yukon",40.224.13,v62118659
2015,0.00,"Yukon",40.224.13,v62118659
2006,..,"Northwest Territories",41.224.13,v62121809
2007,..,"Northwest Territories",41.224.13,v62121809
2008,0.00,"Northwest Territories",41.224.13,v62121809
2009,0.00,"Northwest Territories",41.224.13,v62121809
2010,0.00,"Northwest Territories",41.224.13,v62121809
2011,0.00,"Northwest Territories",41.224.13,v62121809
2012,0.00,"Northwest Territories",41.224.13,v62121809
2013,0.00,"Northwest Territories",41.224.13,v62121809
2014,0.00,"Northwest Territories",41.224.13,v62121809
2015,0.00,"Northwest Territories",41.224.13,v62121809
2006,..,"Nunavut",42.224.13,v62124959
2007,..,"Nunavut",42.224.13,v62124959
2008,0.00,"Nunavut",42.224.13,v62124959
2009,0.00,"Nunavut",42.224.13,v62124959
2010,0.00,"Nunavut",42.224.13,v62124959
2011,0.00,"Nunavut",42.224.13,v62124959
2012,0.00,"Nunavut",42.224.13,v62124959
2013,0.00,"Nunavut",42.224.13,v62124959
2014,0.00,"Nunavut",42.224.13,v62124959
2015,0.00,"Nunavut",42.224.13,v62124959
