1998,0.07,"Canada",1.98.8,v44371376
1999,0.19,"Canada",1.98.8,v44371376
2000,0.20,"Canada",1.98.8,v44371376
2001,0.30,"Canada",1.98.8,v44371376
2002,0.36,"Canada",1.98.8,v44371376
2003,0.71,"Canada",1.98.8,v44371376
2004,1.07,"Canada",1.98.8,v44371376
2005,1.11,"Canada",1.98.8,v44371376
2006,1.39,"Canada",1.98.8,v44371376
2007,1.54,"Canada",1.98.8,v44371376
2008,1.45,"Canada",1.98.8,v44371376
2009,1.51,"Canada",1.98.8,v44371376
2010,1.78,"Canada",1.98.8,v44371376
2011,1.75,"Canada",1.98.8,v44371376
2012,1.70,"Canada",1.98.8,v44371376
2013,2.10,"Canada",1.98.8,v44371376
2014,2.30,"Canada",1.98.8,v44371376
2015,2.30,"Canada",1.98.8,v44371376
1998,0.00,"Newfoundland and Labrador",2.98.8,v44409216
1999,0.00,"Newfoundland and Labrador",2.98.8,v44409216
2000,0.22,"Newfoundland and Labrador",2.98.8,v44409216
2001,0.22,"Newfoundland and Labrador",2.98.8,v44409216
2002,0.00,"Newfoundland and Labrador",2.98.8,v44409216
2003,0.22,"Newfoundland and Labrador",2.98.8,v44409216
2004,0.22,"Newfoundland and Labrador",2.98.8,v44409216
2005,0.44,"Newfoundland and Labrador",2.98.8,v44409216
2006,0.44,"Newfoundland and Labrador",2.98.8,v44409216
2007,0.67,"Newfoundland and Labrador",2.98.8,v44409216
2008,0.44,"Newfoundland and Labrador",2.98.8,v44409216
2009,1.31,"Newfoundland and Labrador",2.98.8,v44409216
2010,1.52,"Newfoundland and Labrador",2.98.8,v44409216
2011,1.29,"Newfoundland and Labrador",2.98.8,v44409216
2012,0.64,"Newfoundland and Labrador",2.98.8,v44409216
2013,2.78,"Newfoundland and Labrador",2.98.8,v44409216
2014,1.92,"Newfoundland and Labrador",2.98.8,v44409216
2015,1.71,"Newfoundland and Labrador",2.98.8,v44409216
1998,0.00,"St. John's, Newfoundland and Labrador",3.98.8,v44408741
1999,0.00,"St. John's, Newfoundland and Labrador",3.98.8,v44408741
2000,0.00,"St. John's, Newfoundland and Labrador",3.98.8,v44408741
2001,0.00,"St. John's, Newfoundland and Labrador",3.98.8,v44408741
2002,0.00,"St. John's, Newfoundland and Labrador",3.98.8,v44408741
2003,0.00,"St. John's, Newfoundland and Labrador",3.98.8,v44408741
2004,0.64,"St. John's, Newfoundland and Labrador",3.98.8,v44408741
2005,1.27,"St. John's, Newfoundland and Labrador",3.98.8,v44408741
2006,0.00,"St. John's, Newfoundland and Labrador",3.98.8,v44408741
2007,0.00,"St. John's, Newfoundland and Labrador",3.98.8,v44408741
2008,0.00,"St. John's, Newfoundland and Labrador",3.98.8,v44408741
2009,1.79,"St. John's, Newfoundland and Labrador",3.98.8,v44408741
2010,1.16,"St. John's, Newfoundland and Labrador",3.98.8,v44408741
2011,1.14,"St. John's, Newfoundland and Labrador",3.98.8,v44408741
2012,0.57,"St. John's, Newfoundland and Labrador",3.98.8,v44408741
2013,1.68,"St. John's, Newfoundland and Labrador",3.98.8,v44408741
2014,0.56,"St. John's, Newfoundland and Labrador",3.98.8,v44408741
2015,2.77,"St. John's, Newfoundland and Labrador",3.98.8,v44408741
1998,0.00,"Prince Edward Island",4.98.8,v44387509
1999,0.00,"Prince Edward Island",4.98.8,v44387509
2000,0.00,"Prince Edward Island",4.98.8,v44387509
2001,0.86,"Prince Edward Island",4.98.8,v44387509
2002,0.00,"Prince Edward Island",4.98.8,v44387509
2003,0.00,"Prince Edward Island",4.98.8,v44387509
2004,3.37,"Prince Edward Island",4.98.8,v44387509
2005,3.35,"Prince Edward Island",4.98.8,v44387509
2006,2.51,"Prince Edward Island",4.98.8,v44387509
2007,0.00,"Prince Edward Island",4.98.8,v44387509
2008,0.00,"Prince Edward Island",4.98.8,v44387509
2009,1.64,"Prince Edward Island",4.98.8,v44387509
2010,0.00,"Prince Edward Island",4.98.8,v44387509
2011,1.59,"Prince Edward Island",4.98.8,v44387509
2012,0.79,"Prince Edward Island",4.98.8,v44387509
2013,3.14,"Prince Edward Island",4.98.8,v44387509
2014,4.70,"Prince Edward Island",4.98.8,v44387509
2015,3.13,"Prince Edward Island",4.98.8,v44387509
1998,0.13,"Nova Scotia",5.98.8,v44382651
1999,0.38,"Nova Scotia",5.98.8,v44382651
2000,0.12,"Nova Scotia",5.98.8,v44382651
2001,0.00,"Nova Scotia",5.98.8,v44382651
2002,0.25,"Nova Scotia",5.98.8,v44382651
2003,1.23,"Nova Scotia",5.98.8,v44382651
2004,1.10,"Nova Scotia",5.98.8,v44382651
2005,3.16,"Nova Scotia",5.98.8,v44382651
2006,2.06,"Nova Scotia",5.98.8,v44382651
2007,1.46,"Nova Scotia",5.98.8,v44382651
2008,2.30,"Nova Scotia",5.98.8,v44382651
2009,4.10,"Nova Scotia",5.98.8,v44382651
2010,3.48,"Nova Scotia",5.98.8,v44382651
2011,4.06,"Nova Scotia",5.98.8,v44382651
2012,2.86,"Nova Scotia",5.98.8,v44382651
2013,1.91,"Nova Scotia",5.98.8,v44382651
2014,4.42,"Nova Scotia",5.98.8,v44382651
2015,2.74,"Nova Scotia",5.98.8,v44382651
1998,0.00,"Halifax, Nova Scotia",6.98.8,v44383295
1999,0.00,"Halifax, Nova Scotia",6.98.8,v44383295
2000,0.00,"Halifax, Nova Scotia",6.98.8,v44383295
2001,0.00,"Halifax, Nova Scotia",6.98.8,v44383295
2002,0.00,"Halifax, Nova Scotia",6.98.8,v44383295
2003,0.00,"Halifax, Nova Scotia",6.98.8,v44383295
2004,2.71,"Halifax, Nova Scotia",6.98.8,v44383295
2005,6.28,"Halifax, Nova Scotia",6.98.8,v44383295
2006,2.96,"Halifax, Nova Scotia",6.98.8,v44383295
2007,3.24,"Halifax, Nova Scotia",6.98.8,v44383295
2008,3.79,"Halifax, Nova Scotia",6.98.8,v44383295
2009,6.64,"Halifax, Nova Scotia",6.98.8,v44383295
2010,6.27,"Halifax, Nova Scotia",6.98.8,v44383295
2011,4.78,"Halifax, Nova Scotia",6.98.8,v44383295
2012,2.78,"Halifax, Nova Scotia",6.98.8,v44383295
2013,2.76,"Halifax, Nova Scotia",6.98.8,v44383295
2014,4.10,"Halifax, Nova Scotia",6.98.8,v44383295
2015,4.32,"Halifax, Nova Scotia",6.98.8,v44383295
1998,0.00,"New Brunswick",7.98.8,v44394452
1999,0.00,"New Brunswick",7.98.8,v44394452
2000,0.62,"New Brunswick",7.98.8,v44394452
2001,0.15,"New Brunswick",7.98.8,v44394452
2002,0.31,"New Brunswick",7.98.8,v44394452
2003,0.15,"New Brunswick",7.98.8,v44394452
2004,0.46,"New Brunswick",7.98.8,v44394452
2005,0.92,"New Brunswick",7.98.8,v44394452
2006,2.14,"New Brunswick",7.98.8,v44394452
2007,1.53,"New Brunswick",7.98.8,v44394452
2008,1.06,"New Brunswick",7.98.8,v44394452
2009,1.82,"New Brunswick",7.98.8,v44394452
2010,1.05,"New Brunswick",7.98.8,v44394452
2011,2.70,"New Brunswick",7.98.8,v44394452
2012,1.20,"New Brunswick",7.98.8,v44394452
2013,1.20,"New Brunswick",7.98.8,v44394452
2014,1.65,"New Brunswick",7.98.8,v44394452
2015,0.75,"New Brunswick",7.98.8,v44394452
2005,..,"Moncton, New Brunswick",43.98.8,v52121351
2006,0.00,"Moncton, New Brunswick",43.98.8,v52121351
2007,2.60,"Moncton, New Brunswick",43.98.8,v52121351
2008,0.86,"Moncton, New Brunswick",43.98.8,v52121351
2009,1.68,"Moncton, New Brunswick",43.98.8,v52121351
2010,0.83,"Moncton, New Brunswick",43.98.8,v52121351
2011,4.89,"Moncton, New Brunswick",43.98.8,v52121351
2012,2.41,"Moncton, New Brunswick",43.98.8,v52121351
2013,0.80,"Moncton, New Brunswick",43.98.8,v52121351
2014,2.21,"Moncton, New Brunswick",43.98.8,v52121351
2015,2.19,"Moncton, New Brunswick",43.98.8,v52121351
1998,0.00,"Saint John, New Brunswick",8.98.8,v44360669
1999,0.00,"Saint John, New Brunswick",8.98.8,v44360669
2000,0.00,"Saint John, New Brunswick",8.98.8,v44360669
2001,0.00,"Saint John, New Brunswick",8.98.8,v44360669
2002,0.00,"Saint John, New Brunswick",8.98.8,v44360669
2003,0.00,"Saint John, New Brunswick",8.98.8,v44360669
2004,0.81,"Saint John, New Brunswick",8.98.8,v44360669
2005,0.00,"Saint John, New Brunswick",8.98.8,v44360669
2006,4.82,"Saint John, New Brunswick",8.98.8,v44360669
2007,0.80,"Saint John, New Brunswick",8.98.8,v44360669
2008,1.59,"Saint John, New Brunswick",8.98.8,v44360669
2009,3.94,"Saint John, New Brunswick",8.98.8,v44360669
2010,0.00,"Saint John, New Brunswick",8.98.8,v44360669
2011,4.67,"Saint John, New Brunswick",8.98.8,v44360669
2012,0.00,"Saint John, New Brunswick",8.98.8,v44360669
2013,1.56,"Saint John, New Brunswick",8.98.8,v44360669
2014,0.89,"Saint John, New Brunswick",8.98.8,v44360669
2015,0.00,"Saint John, New Brunswick",8.98.8,v44360669
1998,0.02,"Quebec",9.98.8,v44399974
1999,0.19,"Quebec",9.98.8,v44399974
2000,0.17,"Quebec",9.98.8,v44399974
2001,0.22,"Quebec",9.98.8,v44399974
2002,0.33,"Quebec",9.98.8,v44399974
2003,0.46,"Quebec",9.98.8,v44399974
2004,0.72,"Quebec",9.98.8,v44399974
2005,0.54,"Quebec",9.98.8,v44399974
2006,0.94,"Quebec",9.98.8,v44399974
2007,0.95,"Quebec",9.98.8,v44399974
2008,1.00,"Quebec",9.98.8,v44399974
2009,0.68,"Quebec",9.98.8,v44399974
2010,1.87,"Quebec",9.98.8,v44399974
2011,1.00,"Quebec",9.98.8,v44399974
2012,1.07,"Quebec",9.98.8,v44399974
2013,2.68,"Quebec",9.98.8,v44399974
2014,2.45,"Quebec",9.98.8,v44399974
2015,2.71,"Quebec",9.98.8,v44399974
1998,0.00,"Saguenay, Quebec",10.98.8,v44365083
1999,0.00,"Saguenay, Quebec",10.98.8,v44365083
2000,..,"Saguenay, Quebec",10.98.8,v44365083
2001,0.00,"Saguenay, Quebec",10.98.8,v44365083
2002,0.00,"Saguenay, Quebec",10.98.8,v44365083
2003,0.00,"Saguenay, Quebec",10.98.8,v44365083
2004,0.77,"Saguenay, Quebec",10.98.8,v44365083
2005,0.77,"Saguenay, Quebec",10.98.8,v44365083
2006,2.32,"Saguenay, Quebec",10.98.8,v44365083
2007,0.77,"Saguenay, Quebec",10.98.8,v44365083
2008,1.54,"Saguenay, Quebec",10.98.8,v44365083
2009,1.53,"Saguenay, Quebec",10.98.8,v44365083
2010,0.76,"Saguenay, Quebec",10.98.8,v44365083
2011,0.67,"Saguenay, Quebec",10.98.8,v44365083
2012,2.01,"Saguenay, Quebec",10.98.8,v44365083
2013,1.34,"Saguenay, Quebec",10.98.8,v44365083
2014,2.69,"Saguenay, Quebec",10.98.8,v44365083
2015,4.05,"Saguenay, Quebec",10.98.8,v44365083
1998,0.00,"Sherbrooke, Quebec",12.98.8,v44368292
1999,0.00,"Sherbrooke, Quebec",12.98.8,v44368292
2000,0.00,"Sherbrooke, Quebec",12.98.8,v44368292
2001,..,"Sherbrooke, Quebec",12.98.8,v44368292
2002,0.00,"Sherbrooke, Quebec",12.98.8,v44368292
2003,0.00,"Sherbrooke, Quebec",12.98.8,v44368292
2004,0.00,"Sherbrooke, Quebec",12.98.8,v44368292
2005,0.00,"Sherbrooke, Quebec",12.98.8,v44368292
2006,0.64,"Sherbrooke, Quebec",12.98.8,v44368292
2007,0.00,"Sherbrooke, Quebec",12.98.8,v44368292
2008,0.62,"Sherbrooke, Quebec",12.98.8,v44368292
2009,0.61,"Sherbrooke, Quebec",12.98.8,v44368292
2010,1.21,"Sherbrooke, Quebec",12.98.8,v44368292
2011,1.19,"Sherbrooke, Quebec",12.98.8,v44368292
2012,1.18,"Sherbrooke, Quebec",12.98.8,v44368292
2013,1.16,"Sherbrooke, Quebec",12.98.8,v44368292
2014,1.15,"Sherbrooke, Quebec",12.98.8,v44368292
2015,2.29,"Sherbrooke, Quebec",12.98.8,v44368292
1998,0.00,"Ottawa-Gatineau, Quebec part",15.98.8,v44399340
1999,0.00,"Ottawa-Gatineau, Quebec part",15.98.8,v44399340
2000,0.00,"Ottawa-Gatineau, Quebec part",15.98.8,v44399340
2001,0.00,"Ottawa-Gatineau, Quebec part",15.98.8,v44399340
2002,0.00,"Ottawa-Gatineau, Quebec part",15.98.8,v44399340
2003,0.00,"Ottawa-Gatineau, Quebec part",15.98.8,v44399340
2004,0.00,"Ottawa-Gatineau, Quebec part",15.98.8,v44399340
2005,0.00,"Ottawa-Gatineau, Quebec part",15.98.8,v44399340
2006,1.21,"Ottawa-Gatineau, Quebec part",15.98.8,v44399340
2007,1.19,"Ottawa-Gatineau, Quebec part",15.98.8,v44399340
2008,0.78,"Ottawa-Gatineau, Quebec part",15.98.8,v44399340
2009,0.76,"Ottawa-Gatineau, Quebec part",15.98.8,v44399340
2010,0.37,"Ottawa-Gatineau, Quebec part",15.98.8,v44399340
2011,1.47,"Ottawa-Gatineau, Quebec part",15.98.8,v44399340
2012,0.36,"Ottawa-Gatineau, Quebec part",15.98.8,v44399340
2013,4.31,"Ottawa-Gatineau, Quebec part",15.98.8,v44399340
2014,1.43,"Ottawa-Gatineau, Quebec part",15.98.8,v44399340
2015,2.84,"Ottawa-Gatineau, Quebec part",15.98.8,v44399340
1998,0.12,"Ontario",16.98.8,v44351399
1999,0.22,"Ontario",16.98.8,v44351399
2000,0.20,"Ontario",16.98.8,v44351399
2001,0.38,"Ontario",16.98.8,v44351399
2002,0.38,"Ontario",16.98.8,v44351399
2003,0.75,"Ontario",16.98.8,v44351399
2004,1.18,"Ontario",16.98.8,v44351399
2005,1.01,"Ontario",16.98.8,v44351399
2006,1.26,"Ontario",16.98.8,v44351399
2007,1.62,"Ontario",16.98.8,v44351399
2008,1.42,"Ontario",16.98.8,v44351399
2009,1.69,"Ontario",16.98.8,v44351399
2010,1.93,"Ontario",16.98.8,v44351399
2011,2.12,"Ontario",16.98.8,v44351399
2012,2.13,"Ontario",16.98.8,v44351399
2013,1.89,"Ontario",16.98.8,v44351399
2014,2.26,"Ontario",16.98.8,v44351399
2015,2.12,"Ontario",16.98.8,v44351399
1998,0.00,"Ottawa-Gatineau, Ontario/Quebec",17.98.8,v52148572
1999,0.00,"Ottawa-Gatineau, Ontario/Quebec",17.98.8,v52148572
2000,0.00,"Ottawa-Gatineau, Ontario/Quebec",17.98.8,v52148572
2001,0.00,"Ottawa-Gatineau, Ontario/Quebec",17.98.8,v52148572
2002,0.00,"Ottawa-Gatineau, Ontario/Quebec",17.98.8,v52148572
2003,0.00,"Ottawa-Gatineau, Ontario/Quebec",17.98.8,v52148572
2004,0.00,"Ottawa-Gatineau, Ontario/Quebec",17.98.8,v52148572
2005,0.10,"Ottawa-Gatineau, Ontario/Quebec",17.98.8,v52148572
2006,0.39,"Ottawa-Gatineau, Ontario/Quebec",17.98.8,v52148572
2007,0.29,"Ottawa-Gatineau, Ontario/Quebec",17.98.8,v52148572
2008,0.19,"Ottawa-Gatineau, Ontario/Quebec",17.98.8,v52148572
2009,0.19,"Ottawa-Gatineau, Ontario/Quebec",17.98.8,v52148572
2010,0.28,"Ottawa-Gatineau, Ontario/Quebec",17.98.8,v52148572
2011,1.36,"Ottawa-Gatineau, Ontario/Quebec",17.98.8,v52148572
2012,1.26,"Ottawa-Gatineau, Ontario/Quebec",17.98.8,v52148572
2013,2.48,"Ottawa-Gatineau, Ontario/Quebec",17.98.8,v52148572
2014,1.23,"Ottawa-Gatineau, Ontario/Quebec",17.98.8,v52148572
2015,1.30,"Ottawa-Gatineau, Ontario/Quebec",17.98.8,v52148572
1998,0.00,"Ottawa-Gatineau, Ontario part",18.98.8,v44394257
1999,..,"Ottawa-Gatineau, Ontario part",18.98.8,v44394257
2000,..,"Ottawa-Gatineau, Ontario part",18.98.8,v44394257
2001,0.00,"Ottawa-Gatineau, Ontario part",18.98.8,v44394257
2002,0.00,"Ottawa-Gatineau, Ontario part",18.98.8,v44394257
2003,0.00,"Ottawa-Gatineau, Ontario part",18.98.8,v44394257
2004,0.00,"Ottawa-Gatineau, Ontario part",18.98.8,v44394257
2005,0.13,"Ottawa-Gatineau, Ontario part",18.98.8,v44394257
2006,0.13,"Ottawa-Gatineau, Ontario part",18.98.8,v44394257
2007,0.00,"Ottawa-Gatineau, Ontario part",18.98.8,v44394257
2008,0.00,"Ottawa-Gatineau, Ontario part",18.98.8,v44394257
2009,0.00,"Ottawa-Gatineau, Ontario part",18.98.8,v44394257
2010,0.25,"Ottawa-Gatineau, Ontario part",18.98.8,v44394257
2011,1.33,"Ottawa-Gatineau, Ontario part",18.98.8,v44394257
2012,1.55,"Ottawa-Gatineau, Ontario part",18.98.8,v44394257
2013,1.88,"Ottawa-Gatineau, Ontario part",18.98.8,v44394257
2014,1.16,"Ottawa-Gatineau, Ontario part",18.98.8,v44394257
2015,0.81,"Ottawa-Gatineau, Ontario part",18.98.8,v44394257
2000,..,"Kingston, Ontario",27.98.8,v44407409
2001,0.00,"Kingston, Ontario",27.98.8,v44407409
2002,0.00,"Kingston, Ontario",27.98.8,v44407409
2003,0.00,"Kingston, Ontario",27.98.8,v44407409
2004,2.21,"Kingston, Ontario",27.98.8,v44407409
2005,2.19,"Kingston, Ontario",27.98.8,v44407409
2006,0.73,"Kingston, Ontario",27.98.8,v44407409
2007,0.73,"Kingston, Ontario",27.98.8,v44407409
2008,1.43,"Kingston, Ontario",27.98.8,v44407409
2009,4.97,"Kingston, Ontario",27.98.8,v44407409
2010,7.72,"Kingston, Ontario",27.98.8,v44407409
2011,4.87,"Kingston, Ontario",27.98.8,v44407409
2012,2.76,"Kingston, Ontario",27.98.8,v44407409
2013,0.69,"Kingston, Ontario",27.98.8,v44407409
2014,3.41,"Kingston, Ontario",27.98.8,v44407409
2015,0.68,"Kingston, Ontario",27.98.8,v44407409
2005,..,"Peterborough, Ontario",44.98.8,v52122794
2006,2.84,"Peterborough, Ontario",44.98.8,v52122794
2007,2.83,"Peterborough, Ontario",44.98.8,v52122794
2008,0.94,"Peterborough, Ontario",44.98.8,v52122794
2009,0.94,"Peterborough, Ontario",44.98.8,v52122794
2010,3.72,"Peterborough, Ontario",44.98.8,v52122794
2011,1.86,"Peterborough, Ontario",44.98.8,v52122794
2012,1.85,"Peterborough, Ontario",44.98.8,v52122794
2013,2.76,"Peterborough, Ontario",44.98.8,v52122794
2014,2.76,"Peterborough, Ontario",44.98.8,v52122794
2015,2.76,"Peterborough, Ontario",44.98.8,v52122794
1998,0.00,"Toronto, Ontario",19.98.8,v44382288
1999,0.00,"Toronto, Ontario",19.98.8,v44382288
2000,0.00,"Toronto, Ontario",19.98.8,v44382288
2001,0.00,"Toronto, Ontario",19.98.8,v44382288
2002,0.00,"Toronto, Ontario",19.98.8,v44382288
2003,0.00,"Toronto, Ontario",19.98.8,v44382288
2004,1.41,"Toronto, Ontario",19.98.8,v44382288
2005,1.07,"Toronto, Ontario",19.98.8,v44382288
2006,1.32,"Toronto, Ontario",19.98.8,v44382288
2007,1.17,"Toronto, Ontario",19.98.8,v44382288
2008,1.12,"Toronto, Ontario",19.98.8,v44382288
2009,1.50,"Toronto, Ontario",19.98.8,v44382288
2010,1.37,"Toronto, Ontario",19.98.8,v44382288
2011,1.61,"Toronto, Ontario",19.98.8,v44382288
2012,1.34,"Toronto, Ontario",19.98.8,v44382288
2013,1.13,"Toronto, Ontario",19.98.8,v44382288
2014,1.63,"Toronto, Ontario",19.98.8,v44382288
2015,1.31,"Toronto, Ontario",19.98.8,v44382288
1998,0.00,"Hamilton, Ontario",20.98.8,v44362895
1999,0.00,"Hamilton, Ontario",20.98.8,v44362895
2000,0.00,"Hamilton, Ontario",20.98.8,v44362895
2001,0.00,"Hamilton, Ontario",20.98.8,v44362895
2002,0.00,"Hamilton, Ontario",20.98.8,v44362895
2003,0.00,"Hamilton, Ontario",20.98.8,v44362895
2004,0.17,"Hamilton, Ontario",20.98.8,v44362895
2005,0.00,"Hamilton, Ontario",20.98.8,v44362895
2006,1.17,"Hamilton, Ontario",20.98.8,v44362895
2007,1.50,"Hamilton, Ontario",20.98.8,v44362895
2008,1.66,"Hamilton, Ontario",20.98.8,v44362895
2009,1.31,"Hamilton, Ontario",20.98.8,v44362895
2010,1.63,"Hamilton, Ontario",20.98.8,v44362895
2011,1.93,"Hamilton, Ontario",20.98.8,v44362895
2012,1.90,"Hamilton, Ontario",20.98.8,v44362895
2013,2.04,"Hamilton, Ontario",20.98.8,v44362895
2014,2.94,"Hamilton, Ontario",20.98.8,v44362895
2015,3.06,"Hamilton, Ontario",20.98.8,v44362895
1998,0.00,"St.Catharines-Niagara, Ontario",21.98.8,v44350304
1999,0.00,"St.Catharines-Niagara, Ontario",21.98.8,v44350304
2000,0.00,"St.Catharines-Niagara, Ontario",21.98.8,v44350304
2001,0.00,"St.Catharines-Niagara, Ontario",21.98.8,v44350304
2002,0.00,"St.Catharines-Niagara, Ontario",21.98.8,v44350304
2003,0.00,"St.Catharines-Niagara, Ontario",21.98.8,v44350304
2004,2.11,"St.Catharines-Niagara, Ontario",21.98.8,v44350304
2005,0.26,"St.Catharines-Niagara, Ontario",21.98.8,v44350304
2006,2.33,"St.Catharines-Niagara, Ontario",21.98.8,v44350304
2007,2.33,"St.Catharines-Niagara, Ontario",21.98.8,v44350304
2008,1.55,"St.Catharines-Niagara, Ontario",21.98.8,v44350304
2009,1.55,"St.Catharines-Niagara, Ontario",21.98.8,v44350304
2010,3.34,"St.Catharines-Niagara, Ontario",21.98.8,v44350304
2011,3.84,"St.Catharines-Niagara, Ontario",21.98.8,v44350304
2012,2.80,"St.Catharines-Niagara, Ontario",21.98.8,v44350304
2013,3.81,"St.Catharines-Niagara, Ontario",21.98.8,v44350304
2014,1.01,"St.Catharines-Niagara, Ontario",21.98.8,v44350304
2015,2.01,"St.Catharines-Niagara, Ontario",21.98.8,v44350304
1998,0.00,"Kitchener-Cambridge-Waterloo, Ontario",22.98.8,v44387849
1999,0.00,"Kitchener-Cambridge-Waterloo, Ontario",22.98.8,v44387849
2000,0.00,"Kitchener-Cambridge-Waterloo, Ontario",22.98.8,v44387849
2001,0.00,"Kitchener-Cambridge-Waterloo, Ontario",22.98.8,v44387849
2002,0.00,"Kitchener-Cambridge-Waterloo, Ontario",22.98.8,v44387849
2003,0.00,"Kitchener-Cambridge-Waterloo, Ontario",22.98.8,v44387849
2004,0.74,"Kitchener-Cambridge-Waterloo, Ontario",22.98.8,v44387849
2005,1.20,"Kitchener-Cambridge-Waterloo, Ontario",22.98.8,v44387849
2006,0.71,"Kitchener-Cambridge-Waterloo, Ontario",22.98.8,v44387849
2007,1.86,"Kitchener-Cambridge-Waterloo, Ontario",22.98.8,v44387849
2008,0.69,"Kitchener-Cambridge-Waterloo, Ontario",22.98.8,v44387849
2009,1.82,"Kitchener-Cambridge-Waterloo, Ontario",22.98.8,v44387849
2010,2.25,"Kitchener-Cambridge-Waterloo, Ontario",22.98.8,v44387849
2011,2.00,"Kitchener-Cambridge-Waterloo, Ontario",22.98.8,v44387849
2012,2.64,"Kitchener-Cambridge-Waterloo, Ontario",22.98.8,v44387849
2013,2.40,"Kitchener-Cambridge-Waterloo, Ontario",22.98.8,v44387849
2014,1.94,"Kitchener-Cambridge-Waterloo, Ontario",22.98.8,v44387849
2015,0.43,"Kitchener-Cambridge-Waterloo, Ontario",22.98.8,v44387849
2005,..,"Brantford, Ontario",45.98.8,v52124405
2006,0.86,"Brantford, Ontario",45.98.8,v52124405
2007,0.85,"Brantford, Ontario",45.98.8,v52124405
2008,3.39,"Brantford, Ontario",45.98.8,v52124405
2009,3.36,"Brantford, Ontario",45.98.8,v52124405
2010,2.50,"Brantford, Ontario",45.98.8,v52124405
2011,2.49,"Brantford, Ontario",45.98.8,v52124405
2012,4.93,"Brantford, Ontario",45.98.8,v52124405
2013,0.00,"Brantford, Ontario",45.98.8,v52124405
2014,4.03,"Brantford, Ontario",45.98.8,v52124405
2015,3.20,"Brantford, Ontario",45.98.8,v52124405
2006,0.00,"Guelph, Ontario",46.98.8,v52119874
2007,2.90,"Guelph, Ontario",46.98.8,v52119874
2008,1.91,"Guelph, Ontario",46.98.8,v52119874
2009,2.84,"Guelph, Ontario",46.98.8,v52119874
2010,3.74,"Guelph, Ontario",46.98.8,v52119874
2011,0.00,"Guelph, Ontario",46.98.8,v52119874
2012,1.82,"Guelph, Ontario",46.98.8,v52119874
2013,2.71,"Guelph, Ontario",46.98.8,v52119874
2014,3.57,"Guelph, Ontario",46.98.8,v52119874
2015,5.31,"Guelph, Ontario",46.98.8,v52119874
1998,0.00,"London, Ontario",23.98.8,v44367810
1999,0.00,"London, Ontario",23.98.8,v44367810
2000,0.00,"London, Ontario",23.98.8,v44367810
2001,0.00,"London, Ontario",23.98.8,v44367810
2002,0.00,"London, Ontario",23.98.8,v44367810
2003,0.00,"London, Ontario",23.98.8,v44367810
2004,2.23,"London, Ontario",23.98.8,v44367810
2005,1.95,"London, Ontario",23.98.8,v44367810
2006,1.93,"London, Ontario",23.98.8,v44367810
2007,5.27,"London, Ontario",23.98.8,v44367810
2008,4.28,"London, Ontario",23.98.8,v44367810
2009,6.15,"London, Ontario",23.98.8,v44367810
2010,4.46,"London, Ontario",23.98.8,v44367810
2011,3.73,"London, Ontario",23.98.8,v44367810
2012,3.92,"London, Ontario",23.98.8,v44367810
2013,5.95,"London, Ontario",23.98.8,v44367810
2014,3.63,"London, Ontario",23.98.8,v44367810
2015,4.51,"London, Ontario",23.98.8,v44367810
1998,0.00,"Windsor, Ontario",24.98.8,v44382528
1999,0.00,"Windsor, Ontario",24.98.8,v44382528
2000,0.00,"Windsor, Ontario",24.98.8,v44382528
2001,0.00,"Windsor, Ontario",24.98.8,v44382528
2002,0.00,"Windsor, Ontario",24.98.8,v44382528
2003,0.00,"Windsor, Ontario",24.98.8,v44382528
2004,1.77,"Windsor, Ontario",24.98.8,v44382528
2005,1.05,"Windsor, Ontario",24.98.8,v44382528
2006,1.74,"Windsor, Ontario",24.98.8,v44382528
2007,1.05,"Windsor, Ontario",24.98.8,v44382528
2008,1.41,"Windsor, Ontario",24.98.8,v44382528
2009,0.71,"Windsor, Ontario",24.98.8,v44382528
2010,1.76,"Windsor, Ontario",24.98.8,v44382528
2011,0.70,"Windsor, Ontario",24.98.8,v44382528
2012,3.15,"Windsor, Ontario",24.98.8,v44382528
2013,3.84,"Windsor, Ontario",24.98.8,v44382528
2014,3.13,"Windsor, Ontario",24.98.8,v44382528
2015,3.46,"Windsor, Ontario",24.98.8,v44382528
2005,..,"Barrie, Ontario",47.98.8,v52145287
2006,2.48,"Barrie, Ontario",47.98.8,v52145287
2007,1.83,"Barrie, Ontario",47.98.8,v52145287
2008,3.01,"Barrie, Ontario",47.98.8,v52145287
2009,1.78,"Barrie, Ontario",47.98.8,v52145287
2010,1.75,"Barrie, Ontario",47.98.8,v52145287
2011,1.73,"Barrie, Ontario",47.98.8,v52145287
2012,2.84,"Barrie, Ontario",47.98.8,v52145287
2013,0.56,"Barrie, Ontario",47.98.8,v52145287
2014,2.21,"Barrie, Ontario",47.98.8,v52145287
2015,4.36,"Barrie, Ontario",47.98.8,v52145287
1998,0.00,"Sudbury, Ontario",25.98.8,v44338047
1999,0.00,"Sudbury, Ontario",25.98.8,v44338047
2000,0.00,"Sudbury, Ontario",25.98.8,v44338047
2001,0.00,"Sudbury, Ontario",25.98.8,v44338047
2002,0.00,"Sudbury, Ontario",25.98.8,v44338047
2003,0.00,"Sudbury, Ontario",25.98.8,v44338047
2004,1.42,"Sudbury, Ontario",25.98.8,v44338047
2005,0.71,"Sudbury, Ontario",25.98.8,v44338047
2006,0.70,"Sudbury, Ontario",25.98.8,v44338047
2007,4.86,"Sudbury, Ontario",25.98.8,v44338047
2008,4.14,"Sudbury, Ontario",25.98.8,v44338047
2009,3.44,"Sudbury, Ontario",25.98.8,v44338047
2010,4.13,"Sudbury, Ontario",25.98.8,v44338047
2011,6.20,"Sudbury, Ontario",25.98.8,v44338047
2012,4.81,"Sudbury, Ontario",25.98.8,v44338047
2013,0.69,"Sudbury, Ontario",25.98.8,v44338047
2014,5.49,"Sudbury, Ontario",25.98.8,v44338047
2015,6.88,"Sudbury, Ontario",25.98.8,v44338047
1998,0.00,"Thunder Bay, Ontario",26.98.8,v44345220
1999,0.00,"Thunder Bay, Ontario",26.98.8,v44345220
2000,0.00,"Thunder Bay, Ontario",26.98.8,v44345220
2001,0.00,"Thunder Bay, Ontario",26.98.8,v44345220
2002,0.00,"Thunder Bay, Ontario",26.98.8,v44345220
2003,0.00,"Thunder Bay, Ontario",26.98.8,v44345220
2004,1.81,"Thunder Bay, Ontario",26.98.8,v44345220
2005,2.71,"Thunder Bay, Ontario",26.98.8,v44345220
2006,1.80,"Thunder Bay, Ontario",26.98.8,v44345220
2007,3.59,"Thunder Bay, Ontario",26.98.8,v44345220
2008,0.94,"Thunder Bay, Ontario",26.98.8,v44345220
2009,2.82,"Thunder Bay, Ontario",26.98.8,v44345220
2010,1.88,"Thunder Bay, Ontario",26.98.8,v44345220
2011,0.94,"Thunder Bay, Ontario",26.98.8,v44345220
2012,5.63,"Thunder Bay, Ontario",26.98.8,v44345220
2013,4.62,"Thunder Bay, Ontario",26.98.8,v44345220
2014,6.48,"Thunder Bay, Ontario",26.98.8,v44345220
2015,3.72,"Thunder Bay, Ontario",26.98.8,v44345220
1998,0.11,"Manitoba",28.98.8,v44356323
1999,0.21,"Manitoba",28.98.8,v44356323
2000,0.31,"Manitoba",28.98.8,v44356323
2001,0.73,"Manitoba",28.98.8,v44356323
2002,1.13,"Manitoba",28.98.8,v44356323
2003,2.96,"Manitoba",28.98.8,v44356323
2004,3.83,"Manitoba",28.98.8,v44356323
2005,2.50,"Manitoba",28.98.8,v44356323
2006,2.29,"Manitoba",28.98.8,v44356323
2007,2.27,"Manitoba",28.98.8,v44356323
2008,2.65,"Manitoba",28.98.8,v44356323
2009,1.94,"Manitoba",28.98.8,v44356323
2010,1.54,"Manitoba",28.98.8,v44356323
2011,1.33,"Manitoba",28.98.8,v44356323
2012,1.22,"Manitoba",28.98.8,v44356323
2013,0.93,"Manitoba",28.98.8,v44356323
2014,0.92,"Manitoba",28.98.8,v44356323
2015,1.91,"Manitoba",28.98.8,v44356323
1998,0.00,"Winnipeg, Manitoba",29.98.8,v44389350
1999,0.00,"Winnipeg, Manitoba",29.98.8,v44389350
2000,0.00,"Winnipeg, Manitoba",29.98.8,v44389350
2001,0.00,"Winnipeg, Manitoba",29.98.8,v44389350
2002,..,"Winnipeg, Manitoba",29.98.8,v44389350
2003,0.00,"Winnipeg, Manitoba",29.98.8,v44389350
2004,2.68,"Winnipeg, Manitoba",29.98.8,v44389350
2005,3.33,"Winnipeg, Manitoba",29.98.8,v44389350
2006,2.86,"Winnipeg, Manitoba",29.98.8,v44389350
2007,2.17,"Winnipeg, Manitoba",29.98.8,v44389350
2008,2.46,"Winnipeg, Manitoba",29.98.8,v44389350
2009,2.13,"Winnipeg, Manitoba",29.98.8,v44389350
2010,1.21,"Winnipeg, Manitoba",29.98.8,v44389350
2011,1.04,"Winnipeg, Manitoba",29.98.8,v44389350
2012,1.31,"Winnipeg, Manitoba",29.98.8,v44389350
2013,0.58,"Winnipeg, Manitoba",29.98.8,v44389350
2014,1.02,"Winnipeg, Manitoba",29.98.8,v44389350
2015,1.57,"Winnipeg, Manitoba",29.98.8,v44389350
1998,0.00,"Saskatchewan",30.98.8,v44383236
1999,0.00,"Saskatchewan",30.98.8,v44383236
2000,0.12,"Saskatchewan",30.98.8,v44383236
2001,0.48,"Saskatchewan",30.98.8,v44383236
2002,0.12,"Saskatchewan",30.98.8,v44383236
2003,1.31,"Saskatchewan",30.98.8,v44383236
2004,0.47,"Saskatchewan",30.98.8,v44383236
2005,1.78,"Saskatchewan",30.98.8,v44383236
2006,1.66,"Saskatchewan",30.98.8,v44383236
2007,4.33,"Saskatchewan",30.98.8,v44383236
2008,3.12,"Saskatchewan",30.98.8,v44383236
2009,2.95,"Saskatchewan",30.98.8,v44383236
2010,2.68,"Saskatchewan",30.98.8,v44383236
2011,2.43,"Saskatchewan",30.98.8,v44383236
2012,3.47,"Saskatchewan",30.98.8,v44383236
2013,3.30,"Saskatchewan",30.98.8,v44383236
2014,2.21,"Saskatchewan",30.98.8,v44383236
2015,2.09,"Saskatchewan",30.98.8,v44383236
1998,0.00,"Regina, Saskatchewan",31.98.8,v44380149
1999,0.00,"Regina, Saskatchewan",31.98.8,v44380149
2000,0.00,"Regina, Saskatchewan",31.98.8,v44380149
2001,0.00,"Regina, Saskatchewan",31.98.8,v44380149
2002,0.00,"Regina, Saskatchewan",31.98.8,v44380149
2003,0.00,"Regina, Saskatchewan",31.98.8,v44380149
2004,0.58,"Regina, Saskatchewan",31.98.8,v44380149
2005,0.00,"Regina, Saskatchewan",31.98.8,v44380149
2006,1.14,"Regina, Saskatchewan",31.98.8,v44380149
2007,3.96,"Regina, Saskatchewan",31.98.8,v44380149
2008,1.67,"Regina, Saskatchewan",31.98.8,v44380149
2009,2.18,"Regina, Saskatchewan",31.98.8,v44380149
2010,2.15,"Regina, Saskatchewan",31.98.8,v44380149
2011,1.58,"Regina, Saskatchewan",31.98.8,v44380149
2012,3.06,"Regina, Saskatchewan",31.98.8,v44380149
2013,4.99,"Regina, Saskatchewan",31.98.8,v44380149
2014,2.93,"Regina, Saskatchewan",31.98.8,v44380149
2015,0.96,"Regina, Saskatchewan",31.98.8,v44380149
1998,0.00,"Saskatoon, Saskatchewan",32.98.8,v44400458
1999,0.00,"Saskatoon, Saskatchewan",32.98.8,v44400458
2000,0.00,"Saskatoon, Saskatchewan",32.98.8,v44400458
2001,0.00,"Saskatoon, Saskatchewan",32.98.8,v44400458
2002,0.00,"Saskatoon, Saskatchewan",32.98.8,v44400458
2003,0.00,"Saskatoon, Saskatchewan",32.98.8,v44400458
2004,0.00,"Saskatoon, Saskatchewan",32.98.8,v44400458
2005,3.32,"Saskatoon, Saskatchewan",32.98.8,v44400458
2006,0.94,"Saskatoon, Saskatchewan",32.98.8,v44400458
2007,7.37,"Saskatoon, Saskatchewan",32.98.8,v44400458
2008,6.30,"Saskatoon, Saskatchewan",32.98.8,v44400458
2009,3.51,"Saskatoon, Saskatchewan",32.98.8,v44400458
2010,1.28,"Saskatoon, Saskatchewan",32.98.8,v44400458
2011,3.35,"Saskatoon, Saskatchewan",32.98.8,v44400458
2012,4.03,"Saskatoon, Saskatchewan",32.98.8,v44400458
2013,1.57,"Saskatoon, Saskatchewan",32.98.8,v44400458
2014,1.53,"Saskatoon, Saskatchewan",32.98.8,v44400458
2015,2.26,"Saskatoon, Saskatchewan",32.98.8,v44400458
1998,0.00,"Alberta",33.98.8,v44364029
1999,0.20,"Alberta",33.98.8,v44364029
2000,0.12,"Alberta",33.98.8,v44364029
2001,0.23,"Alberta",33.98.8,v44364029
2002,0.27,"Alberta",33.98.8,v44364029
2003,0.37,"Alberta",33.98.8,v44364029
2004,0.95,"Alberta",33.98.8,v44364029
2005,1.10,"Alberta",33.98.8,v44364029
2006,1.24,"Alberta",33.98.8,v44364029
2007,0.97,"Alberta",33.98.8,v44364029
2008,1.07,"Alberta",33.98.8,v44364029
2009,1.18,"Alberta",33.98.8,v44364029
2010,1.13,"Alberta",33.98.8,v44364029
2011,1.27,"Alberta",33.98.8,v44364029
2012,1.36,"Alberta",33.98.8,v44364029
2013,1.38,"Alberta",33.98.8,v44364029
2014,1.71,"Alberta",33.98.8,v44364029
2015,1.49,"Alberta",33.98.8,v44364029
1998,0.00,"Calgary, Alberta",34.98.8,v44357879
1999,0.00,"Calgary, Alberta",34.98.8,v44357879
2000,0.00,"Calgary, Alberta",34.98.8,v44357879
2001,0.00,"Calgary, Alberta",34.98.8,v44357879
2002,0.00,"Calgary, Alberta",34.98.8,v44357879
2003,0.00,"Calgary, Alberta",34.98.8,v44357879
2004,1.10,"Calgary, Alberta",34.98.8,v44357879
2005,1.61,"Calgary, Alberta",34.98.8,v44357879
2006,1.14,"Calgary, Alberta",34.98.8,v44357879
2007,0.70,"Calgary, Alberta",34.98.8,v44357879
2008,0.78,"Calgary, Alberta",34.98.8,v44357879
2009,1.62,"Calgary, Alberta",34.98.8,v44357879
2010,1.69,"Calgary, Alberta",34.98.8,v44357879
2011,1.66,"Calgary, Alberta",34.98.8,v44357879
2012,2.23,"Calgary, Alberta",34.98.8,v44357879
2013,1.80,"Calgary, Alberta",34.98.8,v44357879
2014,1.74,"Calgary, Alberta",34.98.8,v44357879
2015,1.05,"Calgary, Alberta",34.98.8,v44357879
1998,0.00,"Edmonton, Alberta",35.98.8,v44336314
1999,0.00,"Edmonton, Alberta",35.98.8,v44336314
2000,0.00,"Edmonton, Alberta",35.98.8,v44336314
2001,0.00,"Edmonton, Alberta",35.98.8,v44336314
2002,0.00,"Edmonton, Alberta",35.98.8,v44336314
2003,0.00,"Edmonton, Alberta",35.98.8,v44336314
2004,0.80,"Edmonton, Alberta",35.98.8,v44336314
2005,0.89,"Edmonton, Alberta",35.98.8,v44336314
2006,1.18,"Edmonton, Alberta",35.98.8,v44336314
2007,1.25,"Edmonton, Alberta",35.98.8,v44336314
2008,0.91,"Edmonton, Alberta",35.98.8,v44336314
2009,0.79,"Edmonton, Alberta",35.98.8,v44336314
2010,0.88,"Edmonton, Alberta",35.98.8,v44336314
2011,0.38,"Edmonton, Alberta",35.98.8,v44336314
2012,0.65,"Edmonton, Alberta",35.98.8,v44336314
2013,0.99,"Edmonton, Alberta",35.98.8,v44336314
2014,1.14,"Edmonton, Alberta",35.98.8,v44336314
2015,1.46,"Edmonton, Alberta",35.98.8,v44336314
1998,0.09,"British Columbia",36.98.8,v44339835
1999,0.12,"British Columbia",36.98.8,v44339835
2000,0.20,"British Columbia",36.98.8,v44339835
2001,0.20,"British Columbia",36.98.8,v44339835
2002,0.34,"British Columbia",36.98.8,v44339835
2003,0.62,"British Columbia",36.98.8,v44339835
2004,1.05,"British Columbia",36.98.8,v44339835
2005,1.53,"British Columbia",36.98.8,v44339835
2006,2.24,"British Columbia",36.98.8,v44339835
2007,2.13,"British Columbia",36.98.8,v44339835
2008,1.99,"British Columbia",36.98.8,v44339835
2009,1.68,"British Columbia",36.98.8,v44339835
2010,1.50,"British Columbia",36.98.8,v44339835
2011,1.79,"British Columbia",36.98.8,v44339835
2012,1.60,"British Columbia",36.98.8,v44339835
2013,2.37,"British Columbia",36.98.8,v44339835
2014,2.68,"British Columbia",36.98.8,v44339835
2015,3.12,"British Columbia",36.98.8,v44339835
2005,..,"Kelowna, British Columbia",48.98.8,v52144374
2006,1.36,"Kelowna, British Columbia",48.98.8,v52144374
2007,1.99,"Kelowna, British Columbia",48.98.8,v52144374
2008,0.65,"Kelowna, British Columbia",48.98.8,v52144374
2009,0.63,"Kelowna, British Columbia",48.98.8,v52144374
2010,1.87,"Kelowna, British Columbia",48.98.8,v52144374
2011,1.23,"Kelowna, British Columbia",48.98.8,v52144374
2012,1.22,"Kelowna, British Columbia",48.98.8,v52144374
2013,2.41,"Kelowna, British Columbia",48.98.8,v52144374
2014,1.18,"Kelowna, British Columbia",48.98.8,v52144374
2015,2.29,"Kelowna, British Columbia",48.98.8,v52144374
2000,..,"Abbotsford-Mission, British Columbia",39.98.8,v44392149
2001,0.00,"Abbotsford-Mission, British Columbia",39.98.8,v44392149
2002,0.00,"Abbotsford-Mission, British Columbia",39.98.8,v44392149
2003,0.00,"Abbotsford-Mission, British Columbia",39.98.8,v44392149
2004,0.75,"Abbotsford-Mission, British Columbia",39.98.8,v44392149
2005,0.74,"Abbotsford-Mission, British Columbia",39.98.8,v44392149
2006,2.16,"Abbotsford-Mission, British Columbia",39.98.8,v44392149
2007,1.42,"Abbotsford-Mission, British Columbia",39.98.8,v44392149
2008,3.50,"Abbotsford-Mission, British Columbia",39.98.8,v44392149
2009,3.45,"Abbotsford-Mission, British Columbia",39.98.8,v44392149
2010,0.00,"Abbotsford-Mission, British Columbia",39.98.8,v44392149
2011,0.67,"Abbotsford-Mission, British Columbia",39.98.8,v44392149
2012,1.33,"Abbotsford-Mission, British Columbia",39.98.8,v44392149
2013,2.63,"Abbotsford-Mission, British Columbia",39.98.8,v44392149
2014,7.14,"Abbotsford-Mission, British Columbia",39.98.8,v44392149
2015,2.54,"Abbotsford-Mission, British Columbia",39.98.8,v44392149
1998,0.00,"Vancouver, British Columbia",37.98.8,v44339540
1999,0.00,"Vancouver, British Columbia",37.98.8,v44339540
2000,0.00,"Vancouver, British Columbia",37.98.8,v44339540
2001,0.00,"Vancouver, British Columbia",37.98.8,v44339540
2002,0.00,"Vancouver, British Columbia",37.98.8,v44339540
2003,0.00,"Vancouver, British Columbia",37.98.8,v44339540
2004,1.24,"Vancouver, British Columbia",37.98.8,v44339540
2005,1.32,"Vancouver, British Columbia",37.98.8,v44339540
2006,2.29,"Vancouver, British Columbia",37.98.8,v44339540
2007,1.34,"Vancouver, British Columbia",37.98.8,v44339540
2008,2.02,"Vancouver, British Columbia",37.98.8,v44339540
2009,1.73,"Vancouver, British Columbia",37.98.8,v44339540
2010,1.21,"Vancouver, British Columbia",37.98.8,v44339540
2011,1.58,"Vancouver, British Columbia",37.98.8,v44339540
2012,1.27,"Vancouver, British Columbia",37.98.8,v44339540
2013,1.62,"Vancouver, British Columbia",37.98.8,v44339540
2014,1.28,"Vancouver, British Columbia",37.98.8,v44339540
2015,3.11,"Vancouver, British Columbia",37.98.8,v44339540
1998,0.00,"Victoria, British Columbia",38.98.8,v44403059
1999,0.00,"Victoria, British Columbia",38.98.8,v44403059
2000,0.00,"Victoria, British Columbia",38.98.8,v44403059
2001,0.00,"Victoria, British Columbia",38.98.8,v44403059
2002,0.00,"Victoria, British Columbia",38.98.8,v44403059
2003,0.00,"Victoria, British Columbia",38.98.8,v44403059
2004,1.01,"Victoria, British Columbia",38.98.8,v44403059
2005,2.33,"Victoria, British Columbia",38.98.8,v44403059
2006,1.97,"Victoria, British Columbia",38.98.8,v44403059
2007,5.23,"Victoria, British Columbia",38.98.8,v44403059
2008,2.27,"Victoria, British Columbia",38.98.8,v44403059
2009,2.56,"Victoria, British Columbia",38.98.8,v44403059
2010,1.58,"Victoria, British Columbia",38.98.8,v44403059
2011,1.58,"Victoria, British Columbia",38.98.8,v44403059
2012,1.25,"Victoria, British Columbia",38.98.8,v44403059
2013,1.87,"Victoria, British Columbia",38.98.8,v44403059
2014,4.00,"Victoria, British Columbia",38.98.8,v44403059
2015,4.27,"Victoria, British Columbia",38.98.8,v44403059
1998,0.00,"Yukon",40.98.8,v44352347
1999,3.93,"Yukon",40.98.8,v44352347
2000,3.94,"Yukon",40.98.8,v44352347
2001,0.00,"Yukon",40.98.8,v44352347
2002,0.00,"Yukon",40.98.8,v44352347
2003,3.80,"Yukon",40.98.8,v44352347
2004,0.00,"Yukon",40.98.8,v44352347
2005,0.00,"Yukon",40.98.8,v44352347
2006,3.60,"Yukon",40.98.8,v44352347
2007,7.12,"Yukon",40.98.8,v44352347
2008,0.00,"Yukon",40.98.8,v44352347
2009,0.00,"Yukon",40.98.8,v44352347
2010,0.00,"Yukon",40.98.8,v44352347
2011,0.00,"Yukon",40.98.8,v44352347
2012,3.19,"Yukon",40.98.8,v44352347
2013,3.17,"Yukon",40.98.8,v44352347
2014,0.00,"Yukon",40.98.8,v44352347
2015,3.10,"Yukon",40.98.8,v44352347
1998,0.00,"Northwest Territories",41.98.8,v44359588
1999,0.00,"Northwest Territories",41.98.8,v44359588
2000,0.00,"Northwest Territories",41.98.8,v44359588
2001,0.00,"Northwest Territories",41.98.8,v44359588
2002,0.00,"Northwest Territories",41.98.8,v44359588
2003,0.00,"Northwest Territories",41.98.8,v44359588
2004,0.00,"Northwest Territories",41.98.8,v44359588
2005,0.00,"Northwest Territories",41.98.8,v44359588
2006,0.00,"Northwest Territories",41.98.8,v44359588
2007,2.80,"Northwest Territories",41.98.8,v44359588
2008,0.00,"Northwest Territories",41.98.8,v44359588
2009,8.39,"Northwest Territories",41.98.8,v44359588
2010,0.00,"Northwest Territories",41.98.8,v44359588
2011,0.00,"Northwest Territories",41.98.8,v44359588
2012,0.00,"Northwest Territories",41.98.8,v44359588
2013,2.76,"Northwest Territories",41.98.8,v44359588
2014,2.76,"Northwest Territories",41.98.8,v44359588
2015,5.53,"Northwest Territories",41.98.8,v44359588
1998,..,"Nunavut",42.98.8,v44410276
1999,0.00,"Nunavut",42.98.8,v44410276
2000,0.00,"Nunavut",42.98.8,v44410276
2001,0.00,"Nunavut",42.98.8,v44410276
2002,4.89,"Nunavut",42.98.8,v44410276
2003,0.00,"Nunavut",42.98.8,v44410276
2004,0.00,"Nunavut",42.98.8,v44410276
2005,0.00,"Nunavut",42.98.8,v44410276
2006,0.00,"Nunavut",42.98.8,v44410276
2007,0.00,"Nunavut",42.98.8,v44410276
2008,4.23,"Nunavut",42.98.8,v44410276
2009,0.00,"Nunavut",42.98.8,v44410276
2010,0.00,"Nunavut",42.98.8,v44410276
2011,3.96,"Nunavut",42.98.8,v44410276
2012,0.00,"Nunavut",42.98.8,v44410276
2013,3.81,"Nunavut",42.98.8,v44410276
2014,0.00,"Nunavut",42.98.8,v44410276
2015,3.65,"Nunavut",42.98.8,v44410276
1998,0.07,"Canada",1.98.8,v44371376
1999,0.19,"Canada",1.98.8,v44371376
2000,0.20,"Canada",1.98.8,v44371376
2001,0.30,"Canada",1.98.8,v44371376
2002,0.36,"Canada",1.98.8,v44371376
2003,0.71,"Canada",1.98.8,v44371376
2004,1.07,"Canada",1.98.8,v44371376
2005,1.11,"Canada",1.98.8,v44371376
2006,1.39,"Canada",1.98.8,v44371376
2007,1.54,"Canada",1.98.8,v44371376
2008,1.45,"Canada",1.98.8,v44371376
2009,1.51,"Canada",1.98.8,v44371376
2010,1.78,"Canada",1.98.8,v44371376
2011,1.75,"Canada",1.98.8,v44371376
2012,1.70,"Canada",1.98.8,v44371376
2013,2.10,"Canada",1.98.8,v44371376
2014,2.30,"Canada",1.98.8,v44371376
2015,2.30,"Canada",1.98.8,v44371376
1998,0.00,"Newfoundland and Labrador",2.98.8,v44409216
1999,0.00,"Newfoundland and Labrador",2.98.8,v44409216
2000,0.22,"Newfoundland and Labrador",2.98.8,v44409216
2001,0.22,"Newfoundland and Labrador",2.98.8,v44409216
2002,0.00,"Newfoundland and Labrador",2.98.8,v44409216
2003,0.22,"Newfoundland and Labrador",2.98.8,v44409216
2004,0.22,"Newfoundland and Labrador",2.98.8,v44409216
2005,0.44,"Newfoundland and Labrador",2.98.8,v44409216
2006,0.44,"Newfoundland and Labrador",2.98.8,v44409216
2007,0.67,"Newfoundland and Labrador",2.98.8,v44409216
2008,0.44,"Newfoundland and Labrador",2.98.8,v44409216
2009,1.31,"Newfoundland and Labrador",2.98.8,v44409216
2010,1.52,"Newfoundland and Labrador",2.98.8,v44409216
2011,1.29,"Newfoundland and Labrador",2.98.8,v44409216
2012,0.64,"Newfoundland and Labrador",2.98.8,v44409216
2013,2.78,"Newfoundland and Labrador",2.98.8,v44409216
2014,1.92,"Newfoundland and Labrador",2.98.8,v44409216
2015,1.71,"Newfoundland and Labrador",2.98.8,v44409216
1998,0.00,"St. John's, Newfoundland and Labrador",3.98.8,v44408741
1999,0.00,"St. John's, Newfoundland and Labrador",3.98.8,v44408741
2000,0.00,"St. John's, Newfoundland and Labrador",3.98.8,v44408741
2001,0.00,"St. John's, Newfoundland and Labrador",3.98.8,v44408741
2002,0.00,"St. John's, Newfoundland and Labrador",3.98.8,v44408741
2003,0.00,"St. John's, Newfoundland and Labrador",3.98.8,v44408741
2004,0.64,"St. John's, Newfoundland and Labrador",3.98.8,v44408741
2005,1.27,"St. John's, Newfoundland and Labrador",3.98.8,v44408741
2006,0.00,"St. John's, Newfoundland and Labrador",3.98.8,v44408741
2007,0.00,"St. John's, Newfoundland and Labrador",3.98.8,v44408741
2008,0.00,"St. John's, Newfoundland and Labrador",3.98.8,v44408741
2009,1.79,"St. John's, Newfoundland and Labrador",3.98.8,v44408741
2010,1.16,"St. John's, Newfoundland and Labrador",3.98.8,v44408741
2011,1.14,"St. John's, Newfoundland and Labrador",3.98.8,v44408741
2012,0.57,"St. John's, Newfoundland and Labrador",3.98.8,v44408741
2013,1.68,"St. John's, Newfoundland and Labrador",3.98.8,v44408741
2014,0.56,"St. John's, Newfoundland and Labrador",3.98.8,v44408741
2015,2.77,"St. John's, Newfoundland and Labrador",3.98.8,v44408741
1998,0.00,"Prince Edward Island",4.98.8,v44387509
1999,0.00,"Prince Edward Island",4.98.8,v44387509
2000,0.00,"Prince Edward Island",4.98.8,v44387509
2001,0.86,"Prince Edward Island",4.98.8,v44387509
2002,0.00,"Prince Edward Island",4.98.8,v44387509
2003,0.00,"Prince Edward Island",4.98.8,v44387509
2004,3.37,"Prince Edward Island",4.98.8,v44387509
2005,3.35,"Prince Edward Island",4.98.8,v44387509
2006,2.51,"Prince Edward Island",4.98.8,v44387509
2007,0.00,"Prince Edward Island",4.98.8,v44387509
2008,0.00,"Prince Edward Island",4.98.8,v44387509
2009,1.64,"Prince Edward Island",4.98.8,v44387509
2010,0.00,"Prince Edward Island",4.98.8,v44387509
2011,1.59,"Prince Edward Island",4.98.8,v44387509
2012,0.79,"Prince Edward Island",4.98.8,v44387509
2013,3.14,"Prince Edward Island",4.98.8,v44387509
2014,4.70,"Prince Edward Island",4.98.8,v44387509
2015,3.13,"Prince Edward Island",4.98.8,v44387509
1998,0.13,"Nova Scotia",5.98.8,v44382651
1999,0.38,"Nova Scotia",5.98.8,v44382651
2000,0.12,"Nova Scotia",5.98.8,v44382651
2001,0.00,"Nova Scotia",5.98.8,v44382651
2002,0.25,"Nova Scotia",5.98.8,v44382651
2003,1.23,"Nova Scotia",5.98.8,v44382651
2004,1.10,"Nova Scotia",5.98.8,v44382651
2005,3.16,"Nova Scotia",5.98.8,v44382651
2006,2.06,"Nova Scotia",5.98.8,v44382651
2007,1.46,"Nova Scotia",5.98.8,v44382651
2008,2.30,"Nova Scotia",5.98.8,v44382651
2009,4.10,"Nova Scotia",5.98.8,v44382651
2010,3.48,"Nova Scotia",5.98.8,v44382651
2011,4.06,"Nova Scotia",5.98.8,v44382651
2012,2.86,"Nova Scotia",5.98.8,v44382651
2013,1.91,"Nova Scotia",5.98.8,v44382651
2014,4.42,"Nova Scotia",5.98.8,v44382651
2015,2.74,"Nova Scotia",5.98.8,v44382651
1998,0.00,"Halifax, Nova Scotia",6.98.8,v44383295
1999,0.00,"Halifax, Nova Scotia",6.98.8,v44383295
2000,0.00,"Halifax, Nova Scotia",6.98.8,v44383295
2001,0.00,"Halifax, Nova Scotia",6.98.8,v44383295
2002,0.00,"Halifax, Nova Scotia",6.98.8,v44383295
2003,0.00,"Halifax, Nova Scotia",6.98.8,v44383295
2004,2.71,"Halifax, Nova Scotia",6.98.8,v44383295
2005,6.28,"Halifax, Nova Scotia",6.98.8,v44383295
2006,2.96,"Halifax, Nova Scotia",6.98.8,v44383295
2007,3.24,"Halifax, Nova Scotia",6.98.8,v44383295
2008,3.79,"Halifax, Nova Scotia",6.98.8,v44383295
2009,6.64,"Halifax, Nova Scotia",6.98.8,v44383295
2010,6.27,"Halifax, Nova Scotia",6.98.8,v44383295
2011,4.78,"Halifax, Nova Scotia",6.98.8,v44383295
2012,2.78,"Halifax, Nova Scotia",6.98.8,v44383295
2013,2.76,"Halifax, Nova Scotia",6.98.8,v44383295
2014,4.10,"Halifax, Nova Scotia",6.98.8,v44383295
2015,4.32,"Halifax, Nova Scotia",6.98.8,v44383295
1998,0.00,"New Brunswick",7.98.8,v44394452
1999,0.00,"New Brunswick",7.98.8,v44394452
2000,0.62,"New Brunswick",7.98.8,v44394452
2001,0.15,"New Brunswick",7.98.8,v44394452
2002,0.31,"New Brunswick",7.98.8,v44394452
2003,0.15,"New Brunswick",7.98.8,v44394452
2004,0.46,"New Brunswick",7.98.8,v44394452
2005,0.92,"New Brunswick",7.98.8,v44394452
2006,2.14,"New Brunswick",7.98.8,v44394452
2007,1.53,"New Brunswick",7.98.8,v44394452
2008,1.06,"New Brunswick",7.98.8,v44394452
2009,1.82,"New Brunswick",7.98.8,v44394452
2010,1.05,"New Brunswick",7.98.8,v44394452
2011,2.70,"New Brunswick",7.98.8,v44394452
2012,1.20,"New Brunswick",7.98.8,v44394452
2013,1.20,"New Brunswick",7.98.8,v44394452
2014,1.65,"New Brunswick",7.98.8,v44394452
2015,0.75,"New Brunswick",7.98.8,v44394452
2005,..,"Moncton, New Brunswick",43.98.8,v52121351
2006,0.00,"Moncton, New Brunswick",43.98.8,v52121351
2007,2.60,"Moncton, New Brunswick",43.98.8,v52121351
2008,0.86,"Moncton, New Brunswick",43.98.8,v52121351
2009,1.68,"Moncton, New Brunswick",43.98.8,v52121351
2010,0.83,"Moncton, New Brunswick",43.98.8,v52121351
2011,4.89,"Moncton, New Brunswick",43.98.8,v52121351
2012,2.41,"Moncton, New Brunswick",43.98.8,v52121351
2013,0.80,"Moncton, New Brunswick",43.98.8,v52121351
2014,2.21,"Moncton, New Brunswick",43.98.8,v52121351
2015,2.19,"Moncton, New Brunswick",43.98.8,v52121351
1998,0.00,"Saint John, New Brunswick",8.98.8,v44360669
1999,0.00,"Saint John, New Brunswick",8.98.8,v44360669
2000,0.00,"Saint John, New Brunswick",8.98.8,v44360669
2001,0.00,"Saint John, New Brunswick",8.98.8,v44360669
2002,0.00,"Saint John, New Brunswick",8.98.8,v44360669
2003,0.00,"Saint John, New Brunswick",8.98.8,v44360669
2004,0.81,"Saint John, New Brunswick",8.98.8,v44360669
2005,0.00,"Saint John, New Brunswick",8.98.8,v44360669
2006,4.82,"Saint John, New Brunswick",8.98.8,v44360669
2007,0.80,"Saint John, New Brunswick",8.98.8,v44360669
2008,1.59,"Saint John, New Brunswick",8.98.8,v44360669
2009,3.94,"Saint John, New Brunswick",8.98.8,v44360669
2010,0.00,"Saint John, New Brunswick",8.98.8,v44360669
2011,4.67,"Saint John, New Brunswick",8.98.8,v44360669
2012,0.00,"Saint John, New Brunswick",8.98.8,v44360669
2013,1.56,"Saint John, New Brunswick",8.98.8,v44360669
2014,0.89,"Saint John, New Brunswick",8.98.8,v44360669
2015,0.00,"Saint John, New Brunswick",8.98.8,v44360669
1998,0.02,"Quebec",9.98.8,v44399974
1999,0.19,"Quebec",9.98.8,v44399974
2000,0.17,"Quebec",9.98.8,v44399974
2001,0.22,"Quebec",9.98.8,v44399974
2002,0.33,"Quebec",9.98.8,v44399974
2003,0.46,"Quebec",9.98.8,v44399974
2004,0.72,"Quebec",9.98.8,v44399974
2005,0.54,"Quebec",9.98.8,v44399974
2006,0.94,"Quebec",9.98.8,v44399974
2007,0.95,"Quebec",9.98.8,v44399974
2008,1.00,"Quebec",9.98.8,v44399974
2009,0.68,"Quebec",9.98.8,v44399974
2010,1.87,"Quebec",9.98.8,v44399974
2011,1.00,"Quebec",9.98.8,v44399974
2012,1.07,"Quebec",9.98.8,v44399974
2013,2.68,"Quebec",9.98.8,v44399974
2014,2.45,"Quebec",9.98.8,v44399974
2015,2.71,"Quebec",9.98.8,v44399974
1998,0.00,"Saguenay, Quebec",10.98.8,v44365083
1999,0.00,"Saguenay, Quebec",10.98.8,v44365083
2000,..,"Saguenay, Quebec",10.98.8,v44365083
2001,0.00,"Saguenay, Quebec",10.98.8,v44365083
2002,0.00,"Saguenay, Quebec",10.98.8,v44365083
2003,0.00,"Saguenay, Quebec",10.98.8,v44365083
2004,0.77,"Saguenay, Quebec",10.98.8,v44365083
2005,0.77,"Saguenay, Quebec",10.98.8,v44365083
2006,2.32,"Saguenay, Quebec",10.98.8,v44365083
2007,0.77,"Saguenay, Quebec",10.98.8,v44365083
2008,1.54,"Saguenay, Quebec",10.98.8,v44365083
2009,1.53,"Saguenay, Quebec",10.98.8,v44365083
2010,0.76,"Saguenay, Quebec",10.98.8,v44365083
2011,0.67,"Saguenay, Quebec",10.98.8,v44365083
2012,2.01,"Saguenay, Quebec",10.98.8,v44365083
2013,1.34,"Saguenay, Quebec",10.98.8,v44365083
2014,2.69,"Saguenay, Quebec",10.98.8,v44365083
2015,4.05,"Saguenay, Quebec",10.98.8,v44365083
1998,0.00,"Quebec, Quebec",11.98.8,v44376607
1999,0.00,"Quebec, Quebec",11.98.8,v44376607
2000,0.00,"Quebec, Quebec",11.98.8,v44376607
2001,0.00,"Quebec, Quebec",11.98.8,v44376607
2002,0.00,"Quebec, Quebec",11.98.8,v44376607
2003,0.00,"Quebec, Quebec",11.98.8,v44376607
2004,0.63,"Quebec, Quebec",11.98.8,v44376607
2005,0.47,"Quebec, Quebec",11.98.8,v44376607
2006,1.09,"Quebec, Quebec",11.98.8,v44376607
2007,0.00,"Quebec, Quebec",11.98.8,v44376607
2008,0.00,"Quebec, Quebec",11.98.8,v44376607
2009,0.60,"Quebec, Quebec",11.98.8,v44376607
2010,0.44,"Quebec, Quebec",11.98.8,v44376607
2011,1.17,"Quebec, Quebec",11.98.8,v44376607
2012,1.01,"Quebec, Quebec",11.98.8,v44376607
2013,3.16,"Quebec, Quebec",11.98.8,v44376607
2014,4.42,"Quebec, Quebec",11.98.8,v44376607
2015,1.98,"Quebec, Quebec",11.98.8,v44376607
1998,0.00,"Sherbrooke, Quebec",12.98.8,v44368292
1999,0.00,"Sherbrooke, Quebec",12.98.8,v44368292
2000,0.00,"Sherbrooke, Quebec",12.98.8,v44368292
2001,..,"Sherbrooke, Quebec",12.98.8,v44368292
2002,0.00,"Sherbrooke, Quebec",12.98.8,v44368292
2003,0.00,"Sherbrooke, Quebec",12.98.8,v44368292
2004,0.00,"Sherbrooke, Quebec",12.98.8,v44368292
2005,0.00,"Sherbrooke, Quebec",12.98.8,v44368292
2006,0.64,"Sherbrooke, Quebec",12.98.8,v44368292
2007,0.00,"Sherbrooke, Quebec",12.98.8,v44368292
2008,0.62,"Sherbrooke, Quebec",12.98.8,v44368292
2009,0.61,"Sherbrooke, Quebec",12.98.8,v44368292
2010,1.21,"Sherbrooke, Quebec",12.98.8,v44368292
2011,1.19,"Sherbrooke, Quebec",12.98.8,v44368292
2012,1.18,"Sherbrooke, Quebec",12.98.8,v44368292
2013,1.16,"Sherbrooke, Quebec",12.98.8,v44368292
2014,1.15,"Sherbrooke, Quebec",12.98.8,v44368292
2015,2.29,"Sherbrooke, Quebec",12.98.8,v44368292
1998,0.00,"Montreal, Quebec",14.98.8,v44332720
1999,0.00,"Montreal, Quebec",14.98.8,v44332720
2000,0.00,"Montreal, Quebec",14.98.8,v44332720
2001,0.00,"Montreal, Quebec",14.98.8,v44332720
2002,0.00,"Montreal, Quebec",14.98.8,v44332720
2003,0.00,"Montreal, Quebec",14.98.8,v44332720
2004,0.67,"Montreal, Quebec",14.98.8,v44332720
2005,0.75,"Montreal, Quebec",14.98.8,v44332720
2006,1.12,"Montreal, Quebec",14.98.8,v44332720
2007,1.05,"Montreal, Quebec",14.98.8,v44332720
2008,1.50,"Montreal, Quebec",14.98.8,v44332720
2009,0.69,"Montreal, Quebec",14.98.8,v44332720
2010,3.22,"Montreal, Quebec",14.98.8,v44332720
2011,1.06,"Montreal, Quebec",14.98.8,v44332720
2012,1.13,"Montreal, Quebec",14.98.8,v44332720
2013,1.93,"Montreal, Quebec",14.98.8,v44332720
2014,1.85,"Montreal, Quebec",14.98.8,v44332720
2015,1.87,"Montreal, Quebec",14.98.8,v44332720
1998,0.00,"Ottawa-Gatineau, Quebec part",15.98.8,v44399340
1999,0.00,"Ottawa-Gatineau, Quebec part",15.98.8,v44399340
2000,0.00,"Ottawa-Gatineau, Quebec part",15.98.8,v44399340
2001,0.00,"Ottawa-Gatineau, Quebec part",15.98.8,v44399340
2002,0.00,"Ottawa-Gatineau, Quebec part",15.98.8,v44399340
2003,0.00,"Ottawa-Gatineau, Quebec part",15.98.8,v44399340
2004,0.00,"Ottawa-Gatineau, Quebec part",15.98.8,v44399340
2005,0.00,"Ottawa-Gatineau, Quebec part",15.98.8,v44399340
2006,1.21,"Ottawa-Gatineau, Quebec part",15.98.8,v44399340
2007,1.19,"Ottawa-Gatineau, Quebec part",15.98.8,v44399340
2008,0.78,"Ottawa-Gatineau, Quebec part",15.98.8,v44399340
2009,0.76,"Ottawa-Gatineau, Quebec part",15.98.8,v44399340
2010,0.37,"Ottawa-Gatineau, Quebec part",15.98.8,v44399340
2011,1.47,"Ottawa-Gatineau, Quebec part",15.98.8,v44399340
2012,0.36,"Ottawa-Gatineau, Quebec part",15.98.8,v44399340
2013,4.31,"Ottawa-Gatineau, Quebec part",15.98.8,v44399340
2014,1.43,"Ottawa-Gatineau, Quebec part",15.98.8,v44399340
2015,2.84,"Ottawa-Gatineau, Quebec part",15.98.8,v44399340
1998,0.12,"Ontario",16.98.8,v44351399
1999,0.22,"Ontario",16.98.8,v44351399
2000,0.20,"Ontario",16.98.8,v44351399
2001,0.38,"Ontario",16.98.8,v44351399
2002,0.38,"Ontario",16.98.8,v44351399
2003,0.75,"Ontario",16.98.8,v44351399
2004,1.18,"Ontario",16.98.8,v44351399
2005,1.01,"Ontario",16.98.8,v44351399
2006,1.26,"Ontario",16.98.8,v44351399
2007,1.62,"Ontario",16.98.8,v44351399
2008,1.42,"Ontario",16.98.8,v44351399
2009,1.69,"Ontario",16.98.8,v44351399
2010,1.93,"Ontario",16.98.8,v44351399
2011,2.12,"Ontario",16.98.8,v44351399
2012,2.13,"Ontario",16.98.8,v44351399
2013,1.89,"Ontario",16.98.8,v44351399
2014,2.26,"Ontario",16.98.8,v44351399
2015,2.12,"Ontario",16.98.8,v44351399
1998,0.00,"Ottawa-Gatineau, Ontario/Quebec",17.98.8,v52148572
1999,0.00,"Ottawa-Gatineau, Ontario/Quebec",17.98.8,v52148572
2000,0.00,"Ottawa-Gatineau, Ontario/Quebec",17.98.8,v52148572
2001,0.00,"Ottawa-Gatineau, Ontario/Quebec",17.98.8,v52148572
2002,0.00,"Ottawa-Gatineau, Ontario/Quebec",17.98.8,v52148572
2003,0.00,"Ottawa-Gatineau, Ontario/Quebec",17.98.8,v52148572
2004,0.00,"Ottawa-Gatineau, Ontario/Quebec",17.98.8,v52148572
2005,0.10,"Ottawa-Gatineau, Ontario/Quebec",17.98.8,v52148572
2006,0.39,"Ottawa-Gatineau, Ontario/Quebec",17.98.8,v52148572
2007,0.29,"Ottawa-Gatineau, Ontario/Quebec",17.98.8,v52148572
2008,0.19,"Ottawa-Gatineau, Ontario/Quebec",17.98.8,v52148572
2009,0.19,"Ottawa-Gatineau, Ontario/Quebec",17.98.8,v52148572
2010,0.28,"Ottawa-Gatineau, Ontario/Quebec",17.98.8,v52148572
2011,1.36,"Ottawa-Gatineau, Ontario/Quebec",17.98.8,v52148572
2012,1.26,"Ottawa-Gatineau, Ontario/Quebec",17.98.8,v52148572
2013,2.48,"Ottawa-Gatineau, Ontario/Quebec",17.98.8,v52148572
2014,1.23,"Ottawa-Gatineau, Ontario/Quebec",17.98.8,v52148572
2015,1.30,"Ottawa-Gatineau, Ontario/Quebec",17.98.8,v52148572
1998,0.00,"Ottawa-Gatineau, Ontario part",18.98.8,v44394257
1999,..,"Ottawa-Gatineau, Ontario part",18.98.8,v44394257
2000,..,"Ottawa-Gatineau, Ontario part",18.98.8,v44394257
2001,0.00,"Ottawa-Gatineau, Ontario part",18.98.8,v44394257
2002,0.00,"Ottawa-Gatineau, Ontario part",18.98.8,v44394257
2003,0.00,"Ottawa-Gatineau, Ontario part",18.98.8,v44394257
2004,0.00,"Ottawa-Gatineau, Ontario part",18.98.8,v44394257
2005,0.13,"Ottawa-Gatineau, Ontario part",18.98.8,v44394257
2006,0.13,"Ottawa-Gatineau, Ontario part",18.98.8,v44394257
2007,0.00,"Ottawa-Gatineau, Ontario part",18.98.8,v44394257
2008,0.00,"Ottawa-Gatineau, Ontario part",18.98.8,v44394257
2009,0.00,"Ottawa-Gatineau, Ontario part",18.98.8,v44394257
2010,0.25,"Ottawa-Gatineau, Ontario part",18.98.8,v44394257
2011,1.33,"Ottawa-Gatineau, Ontario part",18.98.8,v44394257
2012,1.55,"Ottawa-Gatineau, Ontario part",18.98.8,v44394257
2013,1.88,"Ottawa-Gatineau, Ontario part",18.98.8,v44394257
2014,1.16,"Ottawa-Gatineau, Ontario part",18.98.8,v44394257
2015,0.81,"Ottawa-Gatineau, Ontario part",18.98.8,v44394257
2000,..,"Kingston, Ontario",27.98.8,v44407409
2001,0.00,"Kingston, Ontario",27.98.8,v44407409
2002,0.00,"Kingston, Ontario",27.98.8,v44407409
2003,0.00,"Kingston, Ontario",27.98.8,v44407409
2004,2.21,"Kingston, Ontario",27.98.8,v44407409
2005,2.19,"Kingston, Ontario",27.98.8,v44407409
2006,0.73,"Kingston, Ontario",27.98.8,v44407409
2007,0.73,"Kingston, Ontario",27.98.8,v44407409
2008,1.43,"Kingston, Ontario",27.98.8,v44407409
2009,4.97,"Kingston, Ontario",27.98.8,v44407409
2010,7.72,"Kingston, Ontario",27.98.8,v44407409
2011,4.87,"Kingston, Ontario",27.98.8,v44407409
2012,2.76,"Kingston, Ontario",27.98.8,v44407409
2013,0.69,"Kingston, Ontario",27.98.8,v44407409
2014,3.41,"Kingston, Ontario",27.98.8,v44407409
2015,0.68,"Kingston, Ontario",27.98.8,v44407409
2005,..,"Peterborough, Ontario",44.98.8,v52122794
2006,2.84,"Peterborough, Ontario",44.98.8,v52122794
2007,2.83,"Peterborough, Ontario",44.98.8,v52122794
2008,0.94,"Peterborough, Ontario",44.98.8,v52122794
2009,0.94,"Peterborough, Ontario",44.98.8,v52122794
2010,3.72,"Peterborough, Ontario",44.98.8,v52122794
2011,1.86,"Peterborough, Ontario",44.98.8,v52122794
2012,1.85,"Peterborough, Ontario",44.98.8,v52122794
2013,2.76,"Peterborough, Ontario",44.98.8,v52122794
2014,2.76,"Peterborough, Ontario",44.98.8,v52122794
2015,2.76,"Peterborough, Ontario",44.98.8,v52122794
1998,0.00,"Toronto, Ontario",19.98.8,v44382288
1999,0.00,"Toronto, Ontario",19.98.8,v44382288
2000,0.00,"Toronto, Ontario",19.98.8,v44382288
2001,0.00,"Toronto, Ontario",19.98.8,v44382288
2002,0.00,"Toronto, Ontario",19.98.8,v44382288
2003,0.00,"Toronto, Ontario",19.98.8,v44382288
2004,1.41,"Toronto, Ontario",19.98.8,v44382288
2005,1.07,"Toronto, Ontario",19.98.8,v44382288
2006,1.32,"Toronto, Ontario",19.98.8,v44382288
2007,1.17,"Toronto, Ontario",19.98.8,v44382288
2008,1.12,"Toronto, Ontario",19.98.8,v44382288
2009,1.50,"Toronto, Ontario",19.98.8,v44382288
2010,1.37,"Toronto, Ontario",19.98.8,v44382288
2011,1.61,"Toronto, Ontario",19.98.8,v44382288
2012,1.34,"Toronto, Ontario",19.98.8,v44382288
2013,1.13,"Toronto, Ontario",19.98.8,v44382288
2014,1.63,"Toronto, Ontario",19.98.8,v44382288
2015,1.31,"Toronto, Ontario",19.98.8,v44382288
1998,0.00,"Hamilton, Ontario",20.98.8,v44362895
1999,0.00,"Hamilton, Ontario",20.98.8,v44362895
2000,0.00,"Hamilton, Ontario",20.98.8,v44362895
2001,0.00,"Hamilton, Ontario",20.98.8,v44362895
2002,0.00,"Hamilton, Ontario",20.98.8,v44362895
2003,0.00,"Hamilton, Ontario",20.98.8,v44362895
2004,0.17,"Hamilton, Ontario",20.98.8,v44362895
2005,0.00,"Hamilton, Ontario",20.98.8,v44362895
2006,1.17,"Hamilton, Ontario",20.98.8,v44362895
2007,1.50,"Hamilton, Ontario",20.98.8,v44362895
2008,1.66,"Hamilton, Ontario",20.98.8,v44362895
2009,1.31,"Hamilton, Ontario",20.98.8,v44362895
2010,1.63,"Hamilton, Ontario",20.98.8,v44362895
2011,1.93,"Hamilton, Ontario",20.98.8,v44362895
2012,1.90,"Hamilton, Ontario",20.98.8,v44362895
2013,2.04,"Hamilton, Ontario",20.98.8,v44362895
2014,2.94,"Hamilton, Ontario",20.98.8,v44362895
2015,3.06,"Hamilton, Ontario",20.98.8,v44362895
1998,0.00,"St.Catharines-Niagara, Ontario",21.98.8,v44350304
1999,0.00,"St.Catharines-Niagara, Ontario",21.98.8,v44350304
2000,0.00,"St.Catharines-Niagara, Ontario",21.98.8,v44350304
2001,0.00,"St.Catharines-Niagara, Ontario",21.98.8,v44350304
2002,0.00,"St.Catharines-Niagara, Ontario",21.98.8,v44350304
2003,0.00,"St.Catharines-Niagara, Ontario",21.98.8,v44350304
2004,2.11,"St.Catharines-Niagara, Ontario",21.98.8,v44350304
2005,0.26,"St.Catharines-Niagara, Ontario",21.98.8,v44350304
2006,2.33,"St.Catharines-Niagara, Ontario",21.98.8,v44350304
2007,2.33,"St.Catharines-Niagara, Ontario",21.98.8,v44350304
2008,1.55,"St.Catharines-Niagara, Ontario",21.98.8,v44350304
2009,1.55,"St.Catharines-Niagara, Ontario",21.98.8,v44350304
2010,3.34,"St.Catharines-Niagara, Ontario",21.98.8,v44350304
2011,3.84,"St.Catharines-Niagara, Ontario",21.98.8,v44350304
2012,2.80,"St.Catharines-Niagara, Ontario",21.98.8,v44350304
2013,3.81,"St.Catharines-Niagara, Ontario",21.98.8,v44350304
2014,1.01,"St.Catharines-Niagara, Ontario",21.98.8,v44350304
2015,2.01,"St.Catharines-Niagara, Ontario",21.98.8,v44350304
1998,0.00,"Kitchener-Cambridge-Waterloo, Ontario",22.98.8,v44387849
1999,0.00,"Kitchener-Cambridge-Waterloo, Ontario",22.98.8,v44387849
2000,0.00,"Kitchener-Cambridge-Waterloo, Ontario",22.98.8,v44387849
2001,0.00,"Kitchener-Cambridge-Waterloo, Ontario",22.98.8,v44387849
2002,0.00,"Kitchener-Cambridge-Waterloo, Ontario",22.98.8,v44387849
2003,0.00,"Kitchener-Cambridge-Waterloo, Ontario",22.98.8,v44387849
2004,0.74,"Kitchener-Cambridge-Waterloo, Ontario",22.98.8,v44387849
2005,1.20,"Kitchener-Cambridge-Waterloo, Ontario",22.98.8,v44387849
2006,0.71,"Kitchener-Cambridge-Waterloo, Ontario",22.98.8,v44387849
2007,1.86,"Kitchener-Cambridge-Waterloo, Ontario",22.98.8,v44387849
2008,0.69,"Kitchener-Cambridge-Waterloo, Ontario",22.98.8,v44387849
2009,1.82,"Kitchener-Cambridge-Waterloo, Ontario",22.98.8,v44387849
2010,2.25,"Kitchener-Cambridge-Waterloo, Ontario",22.98.8,v44387849
2011,2.00,"Kitchener-Cambridge-Waterloo, Ontario",22.98.8,v44387849
2012,2.64,"Kitchener-Cambridge-Waterloo, Ontario",22.98.8,v44387849
2013,2.40,"Kitchener-Cambridge-Waterloo, Ontario",22.98.8,v44387849
2014,1.94,"Kitchener-Cambridge-Waterloo, Ontario",22.98.8,v44387849
2015,0.43,"Kitchener-Cambridge-Waterloo, Ontario",22.98.8,v44387849
2005,..,"Brantford, Ontario",45.98.8,v52124405
2006,0.86,"Brantford, Ontario",45.98.8,v52124405
2007,0.85,"Brantford, Ontario",45.98.8,v52124405
2008,3.39,"Brantford, Ontario",45.98.8,v52124405
2009,3.36,"Brantford, Ontario",45.98.8,v52124405
2010,2.50,"Brantford, Ontario",45.98.8,v52124405
2011,2.49,"Brantford, Ontario",45.98.8,v52124405
2012,4.93,"Brantford, Ontario",45.98.8,v52124405
2013,0.00,"Brantford, Ontario",45.98.8,v52124405
2014,4.03,"Brantford, Ontario",45.98.8,v52124405
2015,3.20,"Brantford, Ontario",45.98.8,v52124405
2006,0.00,"Guelph, Ontario",46.98.8,v52119874
2007,2.90,"Guelph, Ontario",46.98.8,v52119874
2008,1.91,"Guelph, Ontario",46.98.8,v52119874
2009,2.84,"Guelph, Ontario",46.98.8,v52119874
2010,3.74,"Guelph, Ontario",46.98.8,v52119874
2011,0.00,"Guelph, Ontario",46.98.8,v52119874
2012,1.82,"Guelph, Ontario",46.98.8,v52119874
2013,2.71,"Guelph, Ontario",46.98.8,v52119874
2014,3.57,"Guelph, Ontario",46.98.8,v52119874
2015,5.31,"Guelph, Ontario",46.98.8,v52119874
1998,0.00,"London, Ontario",23.98.8,v44367810
1999,0.00,"London, Ontario",23.98.8,v44367810
2000,0.00,"London, Ontario",23.98.8,v44367810
2001,0.00,"London, Ontario",23.98.8,v44367810
2002,0.00,"London, Ontario",23.98.8,v44367810
2003,0.00,"London, Ontario",23.98.8,v44367810
2004,2.23,"London, Ontario",23.98.8,v44367810
2005,1.95,"London, Ontario",23.98.8,v44367810
2006,1.93,"London, Ontario",23.98.8,v44367810
2007,5.27,"London, Ontario",23.98.8,v44367810
2008,4.28,"London, Ontario",23.98.8,v44367810
2009,6.15,"London, Ontario",23.98.8,v44367810
2010,4.46,"London, Ontario",23.98.8,v44367810
2011,3.73,"London, Ontario",23.98.8,v44367810
2012,3.92,"London, Ontario",23.98.8,v44367810
2013,5.95,"London, Ontario",23.98.8,v44367810
2014,3.63,"London, Ontario",23.98.8,v44367810
2015,4.51,"London, Ontario",23.98.8,v44367810
1998,0.00,"Windsor, Ontario",24.98.8,v44382528
1999,0.00,"Windsor, Ontario",24.98.8,v44382528
2000,0.00,"Windsor, Ontario",24.98.8,v44382528
2001,0.00,"Windsor, Ontario",24.98.8,v44382528
2002,0.00,"Windsor, Ontario",24.98.8,v44382528
2003,0.00,"Windsor, Ontario",24.98.8,v44382528
2004,1.77,"Windsor, Ontario",24.98.8,v44382528
2005,1.05,"Windsor, Ontario",24.98.8,v44382528
2006,1.74,"Windsor, Ontario",24.98.8,v44382528
2007,1.05,"Windsor, Ontario",24.98.8,v44382528
2008,1.41,"Windsor, Ontario",24.98.8,v44382528
2009,0.71,"Windsor, Ontario",24.98.8,v44382528
2010,1.76,"Windsor, Ontario",24.98.8,v44382528
2011,0.70,"Windsor, Ontario",24.98.8,v44382528
2012,3.15,"Windsor, Ontario",24.98.8,v44382528
2013,3.84,"Windsor, Ontario",24.98.8,v44382528
2014,3.13,"Windsor, Ontario",24.98.8,v44382528
2015,3.46,"Windsor, Ontario",24.98.8,v44382528
2005,..,"Barrie, Ontario",47.98.8,v52145287
2006,2.48,"Barrie, Ontario",47.98.8,v52145287
2007,1.83,"Barrie, Ontario",47.98.8,v52145287
2008,3.01,"Barrie, Ontario",47.98.8,v52145287
2009,1.78,"Barrie, Ontario",47.98.8,v52145287
2010,1.75,"Barrie, Ontario",47.98.8,v52145287
2011,1.73,"Barrie, Ontario",47.98.8,v52145287
2012,2.84,"Barrie, Ontario",47.98.8,v52145287
2013,0.56,"Barrie, Ontario",47.98.8,v52145287
2014,2.21,"Barrie, Ontario",47.98.8,v52145287
2015,4.36,"Barrie, Ontario",47.98.8,v52145287
1998,0.00,"Sudbury, Ontario",25.98.8,v44338047
1999,0.00,"Sudbury, Ontario",25.98.8,v44338047
2000,0.00,"Sudbury, Ontario",25.98.8,v44338047
2001,0.00,"Sudbury, Ontario",25.98.8,v44338047
2002,0.00,"Sudbury, Ontario",25.98.8,v44338047
2003,0.00,"Sudbury, Ontario",25.98.8,v44338047
2004,1.42,"Sudbury, Ontario",25.98.8,v44338047
2005,0.71,"Sudbury, Ontario",25.98.8,v44338047
2006,0.70,"Sudbury, Ontario",25.98.8,v44338047
2007,4.86,"Sudbury, Ontario",25.98.8,v44338047
2008,4.14,"Sudbury, Ontario",25.98.8,v44338047
2009,3.44,"Sudbury, Ontario",25.98.8,v44338047
2010,4.13,"Sudbury, Ontario",25.98.8,v44338047
2011,6.20,"Sudbury, Ontario",25.98.8,v44338047
2012,4.81,"Sudbury, Ontario",25.98.8,v44338047
2013,0.69,"Sudbury, Ontario",25.98.8,v44338047
2014,5.49,"Sudbury, Ontario",25.98.8,v44338047
2015,6.88,"Sudbury, Ontario",25.98.8,v44338047
1998,0.00,"Thunder Bay, Ontario",26.98.8,v44345220
1999,0.00,"Thunder Bay, Ontario",26.98.8,v44345220
2000,0.00,"Thunder Bay, Ontario",26.98.8,v44345220
2001,0.00,"Thunder Bay, Ontario",26.98.8,v44345220
2002,0.00,"Thunder Bay, Ontario",26.98.8,v44345220
2003,0.00,"Thunder Bay, Ontario",26.98.8,v44345220
2004,1.81,"Thunder Bay, Ontario",26.98.8,v44345220
2005,2.71,"Thunder Bay, Ontario",26.98.8,v44345220
2006,1.80,"Thunder Bay, Ontario",26.98.8,v44345220
2007,3.59,"Thunder Bay, Ontario",26.98.8,v44345220
2008,0.94,"Thunder Bay, Ontario",26.98.8,v44345220
2009,2.82,"Thunder Bay, Ontario",26.98.8,v44345220
2010,1.88,"Thunder Bay, Ontario",26.98.8,v44345220
2011,0.94,"Thunder Bay, Ontario",26.98.8,v44345220
2012,5.63,"Thunder Bay, Ontario",26.98.8,v44345220
2013,4.62,"Thunder Bay, Ontario",26.98.8,v44345220
2014,6.48,"Thunder Bay, Ontario",26.98.8,v44345220
2015,3.72,"Thunder Bay, Ontario",26.98.8,v44345220
1998,0.11,"Manitoba",28.98.8,v44356323
1999,0.21,"Manitoba",28.98.8,v44356323
2000,0.31,"Manitoba",28.98.8,v44356323
2001,0.73,"Manitoba",28.98.8,v44356323
2002,1.13,"Manitoba",28.98.8,v44356323
2003,2.96,"Manitoba",28.98.8,v44356323
2004,3.83,"Manitoba",28.98.8,v44356323
2005,2.50,"Manitoba",28.98.8,v44356323
2006,2.29,"Manitoba",28.98.8,v44356323
2007,2.27,"Manitoba",28.98.8,v44356323
2008,2.65,"Manitoba",28.98.8,v44356323
2009,1.94,"Manitoba",28.98.8,v44356323
2010,1.54,"Manitoba",28.98.8,v44356323
2011,1.33,"Manitoba",28.98.8,v44356323
2012,1.22,"Manitoba",28.98.8,v44356323
2013,0.93,"Manitoba",28.98.8,v44356323
2014,0.92,"Manitoba",28.98.8,v44356323
2015,1.91,"Manitoba",28.98.8,v44356323
1998,0.00,"Winnipeg, Manitoba",29.98.8,v44389350
1999,0.00,"Winnipeg, Manitoba",29.98.8,v44389350
2000,0.00,"Winnipeg, Manitoba",29.98.8,v44389350
2001,0.00,"Winnipeg, Manitoba",29.98.8,v44389350
2002,..,"Winnipeg, Manitoba",29.98.8,v44389350
2003,0.00,"Winnipeg, Manitoba",29.98.8,v44389350
2004,2.68,"Winnipeg, Manitoba",29.98.8,v44389350
2005,3.33,"Winnipeg, Manitoba",29.98.8,v44389350
2006,2.86,"Winnipeg, Manitoba",29.98.8,v44389350
2007,2.17,"Winnipeg, Manitoba",29.98.8,v44389350
2008,2.46,"Winnipeg, Manitoba",29.98.8,v44389350
2009,2.13,"Winnipeg, Manitoba",29.98.8,v44389350
2010,1.21,"Winnipeg, Manitoba",29.98.8,v44389350
2011,1.04,"Winnipeg, Manitoba",29.98.8,v44389350
2012,1.31,"Winnipeg, Manitoba",29.98.8,v44389350
2013,0.58,"Winnipeg, Manitoba",29.98.8,v44389350
2014,1.02,"Winnipeg, Manitoba",29.98.8,v44389350
2015,1.57,"Winnipeg, Manitoba",29.98.8,v44389350
1998,0.00,"Saskatchewan",30.98.8,v44383236
1999,0.00,"Saskatchewan",30.98.8,v44383236
2000,0.12,"Saskatchewan",30.98.8,v44383236
2001,0.48,"Saskatchewan",30.98.8,v44383236
2002,0.12,"Saskatchewan",30.98.8,v44383236
2003,1.31,"Saskatchewan",30.98.8,v44383236
2004,0.47,"Saskatchewan",30.98.8,v44383236
2005,1.78,"Saskatchewan",30.98.8,v44383236
2006,1.66,"Saskatchewan",30.98.8,v44383236
2007,4.33,"Saskatchewan",30.98.8,v44383236
2008,3.12,"Saskatchewan",30.98.8,v44383236
2009,2.95,"Saskatchewan",30.98.8,v44383236
2010,2.68,"Saskatchewan",30.98.8,v44383236
2011,2.43,"Saskatchewan",30.98.8,v44383236
2012,3.47,"Saskatchewan",30.98.8,v44383236
2013,3.30,"Saskatchewan",30.98.8,v44383236
2014,2.21,"Saskatchewan",30.98.8,v44383236
2015,2.09,"Saskatchewan",30.98.8,v44383236
1998,0.00,"Regina, Saskatchewan",31.98.8,v44380149
1999,0.00,"Regina, Saskatchewan",31.98.8,v44380149
2000,0.00,"Regina, Saskatchewan",31.98.8,v44380149
2001,0.00,"Regina, Saskatchewan",31.98.8,v44380149
2002,0.00,"Regina, Saskatchewan",31.98.8,v44380149
2003,0.00,"Regina, Saskatchewan",31.98.8,v44380149
2004,0.58,"Regina, Saskatchewan",31.98.8,v44380149
2005,0.00,"Regina, Saskatchewan",31.98.8,v44380149
2006,1.14,"Regina, Saskatchewan",31.98.8,v44380149
2007,3.96,"Regina, Saskatchewan",31.98.8,v44380149
2008,1.67,"Regina, Saskatchewan",31.98.8,v44380149
2009,2.18,"Regina, Saskatchewan",31.98.8,v44380149
2010,2.15,"Regina, Saskatchewan",31.98.8,v44380149
2011,1.58,"Regina, Saskatchewan",31.98.8,v44380149
2012,3.06,"Regina, Saskatchewan",31.98.8,v44380149
2013,4.99,"Regina, Saskatchewan",31.98.8,v44380149
2014,2.93,"Regina, Saskatchewan",31.98.8,v44380149
2015,0.96,"Regina, Saskatchewan",31.98.8,v44380149
1998,0.00,"Saskatoon, Saskatchewan",32.98.8,v44400458
1999,0.00,"Saskatoon, Saskatchewan",32.98.8,v44400458
2000,0.00,"Saskatoon, Saskatchewan",32.98.8,v44400458
2001,0.00,"Saskatoon, Saskatchewan",32.98.8,v44400458
2002,0.00,"Saskatoon, Saskatchewan",32.98.8,v44400458
2003,0.00,"Saskatoon, Saskatchewan",32.98.8,v44400458
2004,0.00,"Saskatoon, Saskatchewan",32.98.8,v44400458
2005,3.32,"Saskatoon, Saskatchewan",32.98.8,v44400458
2006,0.94,"Saskatoon, Saskatchewan",32.98.8,v44400458
2007,7.37,"Saskatoon, Saskatchewan",32.98.8,v44400458
2008,6.30,"Saskatoon, Saskatchewan",32.98.8,v44400458
2009,3.51,"Saskatoon, Saskatchewan",32.98.8,v44400458
2010,1.28,"Saskatoon, Saskatchewan",32.98.8,v44400458
2011,3.35,"Saskatoon, Saskatchewan",32.98.8,v44400458
2012,4.03,"Saskatoon, Saskatchewan",32.98.8,v44400458
2013,1.57,"Saskatoon, Saskatchewan",32.98.8,v44400458
2014,1.53,"Saskatoon, Saskatchewan",32.98.8,v44400458
2015,2.26,"Saskatoon, Saskatchewan",32.98.8,v44400458
1998,0.00,"Alberta",33.98.8,v44364029
1999,0.20,"Alberta",33.98.8,v44364029
2000,0.12,"Alberta",33.98.8,v44364029
2001,0.23,"Alberta",33.98.8,v44364029
2002,0.27,"Alberta",33.98.8,v44364029
2003,0.37,"Alberta",33.98.8,v44364029
2004,0.95,"Alberta",33.98.8,v44364029
2005,1.10,"Alberta",33.98.8,v44364029
2006,1.24,"Alberta",33.98.8,v44364029
2007,0.97,"Alberta",33.98.8,v44364029
2008,1.07,"Alberta",33.98.8,v44364029
2009,1.18,"Alberta",33.98.8,v44364029
2010,1.13,"Alberta",33.98.8,v44364029
2011,1.27,"Alberta",33.98.8,v44364029
2012,1.36,"Alberta",33.98.8,v44364029
2013,1.38,"Alberta",33.98.8,v44364029
2014,1.71,"Alberta",33.98.8,v44364029
2015,1.49,"Alberta",33.98.8,v44364029
1998,0.00,"Calgary, Alberta",34.98.8,v44357879
1999,0.00,"Calgary, Alberta",34.98.8,v44357879
2000,0.00,"Calgary, Alberta",34.98.8,v44357879
2001,0.00,"Calgary, Alberta",34.98.8,v44357879
2002,0.00,"Calgary, Alberta",34.98.8,v44357879
2003,0.00,"Calgary, Alberta",34.98.8,v44357879
2004,1.10,"Calgary, Alberta",34.98.8,v44357879
2005,1.61,"Calgary, Alberta",34.98.8,v44357879
2006,1.14,"Calgary, Alberta",34.98.8,v44357879
2007,0.70,"Calgary, Alberta",34.98.8,v44357879
2008,0.78,"Calgary, Alberta",34.98.8,v44357879
2009,1.62,"Calgary, Alberta",34.98.8,v44357879
2010,1.69,"Calgary, Alberta",34.98.8,v44357879
2011,1.66,"Calgary, Alberta",34.98.8,v44357879
2012,2.23,"Calgary, Alberta",34.98.8,v44357879
2013,1.80,"Calgary, Alberta",34.98.8,v44357879
2014,1.74,"Calgary, Alberta",34.98.8,v44357879
2015,1.05,"Calgary, Alberta",34.98.8,v44357879
1998,0.00,"Edmonton, Alberta",35.98.8,v44336314
1999,0.00,"Edmonton, Alberta",35.98.8,v44336314
2000,0.00,"Edmonton, Alberta",35.98.8,v44336314
2001,0.00,"Edmonton, Alberta",35.98.8,v44336314
2002,0.00,"Edmonton, Alberta",35.98.8,v44336314
2003,0.00,"Edmonton, Alberta",35.98.8,v44336314
2004,0.80,"Edmonton, Alberta",35.98.8,v44336314
2005,0.89,"Edmonton, Alberta",35.98.8,v44336314
2006,1.18,"Edmonton, Alberta",35.98.8,v44336314
2007,1.25,"Edmonton, Alberta",35.98.8,v44336314
2008,0.91,"Edmonton, Alberta",35.98.8,v44336314
2009,0.79,"Edmonton, Alberta",35.98.8,v44336314
2010,0.88,"Edmonton, Alberta",35.98.8,v44336314
2011,0.38,"Edmonton, Alberta",35.98.8,v44336314
2012,0.65,"Edmonton, Alberta",35.98.8,v44336314
2013,0.99,"Edmonton, Alberta",35.98.8,v44336314
2014,1.14,"Edmonton, Alberta",35.98.8,v44336314
2015,1.46,"Edmonton, Alberta",35.98.8,v44336314
1998,0.09,"British Columbia",36.98.8,v44339835
1999,0.12,"British Columbia",36.98.8,v44339835
2000,0.20,"British Columbia",36.98.8,v44339835
2001,0.20,"British Columbia",36.98.8,v44339835
2002,0.34,"British Columbia",36.98.8,v44339835
2003,0.62,"British Columbia",36.98.8,v44339835
2004,1.05,"British Columbia",36.98.8,v44339835
2005,1.53,"British Columbia",36.98.8,v44339835
2006,2.24,"British Columbia",36.98.8,v44339835
2007,2.13,"British Columbia",36.98.8,v44339835
2008,1.99,"British Columbia",36.98.8,v44339835
2009,1.68,"British Columbia",36.98.8,v44339835
2010,1.50,"British Columbia",36.98.8,v44339835
2011,1.79,"British Columbia",36.98.8,v44339835
2012,1.60,"British Columbia",36.98.8,v44339835
2013,2.37,"British Columbia",36.98.8,v44339835
2014,2.68,"British Columbia",36.98.8,v44339835
2015,3.12,"British Columbia",36.98.8,v44339835
2005,..,"Kelowna, British Columbia",48.98.8,v52144374
2006,1.36,"Kelowna, British Columbia",48.98.8,v52144374
2007,1.99,"Kelowna, British Columbia",48.98.8,v52144374
2008,0.65,"Kelowna, British Columbia",48.98.8,v52144374
2009,0.63,"Kelowna, British Columbia",48.98.8,v52144374
2010,1.87,"Kelowna, British Columbia",48.98.8,v52144374
2011,1.23,"Kelowna, British Columbia",48.98.8,v52144374
2012,1.22,"Kelowna, British Columbia",48.98.8,v52144374
2013,2.41,"Kelowna, British Columbia",48.98.8,v52144374
2014,1.18,"Kelowna, British Columbia",48.98.8,v52144374
2015,2.29,"Kelowna, British Columbia",48.98.8,v52144374
2000,..,"Abbotsford-Mission, British Columbia",39.98.8,v44392149
2001,0.00,"Abbotsford-Mission, British Columbia",39.98.8,v44392149
2002,0.00,"Abbotsford-Mission, British Columbia",39.98.8,v44392149
2003,0.00,"Abbotsford-Mission, British Columbia",39.98.8,v44392149
2004,0.75,"Abbotsford-Mission, British Columbia",39.98.8,v44392149
2005,0.74,"Abbotsford-Mission, British Columbia",39.98.8,v44392149
2006,2.16,"Abbotsford-Mission, British Columbia",39.98.8,v44392149
2007,1.42,"Abbotsford-Mission, British Columbia",39.98.8,v44392149
2008,3.50,"Abbotsford-Mission, British Columbia",39.98.8,v44392149
2009,3.45,"Abbotsford-Mission, British Columbia",39.98.8,v44392149
2010,0.00,"Abbotsford-Mission, British Columbia",39.98.8,v44392149
2011,0.67,"Abbotsford-Mission, British Columbia",39.98.8,v44392149
2012,1.33,"Abbotsford-Mission, British Columbia",39.98.8,v44392149
2013,2.63,"Abbotsford-Mission, British Columbia",39.98.8,v44392149
2014,7.14,"Abbotsford-Mission, British Columbia",39.98.8,v44392149
2015,2.54,"Abbotsford-Mission, British Columbia",39.98.8,v44392149
1998,0.00,"Vancouver, British Columbia",37.98.8,v44339540
1999,0.00,"Vancouver, British Columbia",37.98.8,v44339540
2000,0.00,"Vancouver, British Columbia",37.98.8,v44339540
2001,0.00,"Vancouver, British Columbia",37.98.8,v44339540
2002,0.00,"Vancouver, British Columbia",37.98.8,v44339540
2003,0.00,"Vancouver, British Columbia",37.98.8,v44339540
2004,1.24,"Vancouver, British Columbia",37.98.8,v44339540
2005,1.32,"Vancouver, British Columbia",37.98.8,v44339540
2006,2.29,"Vancouver, British Columbia",37.98.8,v44339540
2007,1.34,"Vancouver, British Columbia",37.98.8,v44339540
2008,2.02,"Vancouver, British Columbia",37.98.8,v44339540
2009,1.73,"Vancouver, British Columbia",37.98.8,v44339540
2010,1.21,"Vancouver, British Columbia",37.98.8,v44339540
2011,1.58,"Vancouver, British Columbia",37.98.8,v44339540
2012,1.27,"Vancouver, British Columbia",37.98.8,v44339540
2013,1.62,"Vancouver, British Columbia",37.98.8,v44339540
2014,1.28,"Vancouver, British Columbia",37.98.8,v44339540
2015,3.11,"Vancouver, British Columbia",37.98.8,v44339540
1998,0.00,"Victoria, British Columbia",38.98.8,v44403059
1999,0.00,"Victoria, British Columbia",38.98.8,v44403059
2000,0.00,"Victoria, British Columbia",38.98.8,v44403059
2001,0.00,"Victoria, British Columbia",38.98.8,v44403059
2002,0.00,"Victoria, British Columbia",38.98.8,v44403059
2003,0.00,"Victoria, British Columbia",38.98.8,v44403059
2004,1.01,"Victoria, British Columbia",38.98.8,v44403059
2005,2.33,"Victoria, British Columbia",38.98.8,v44403059
2006,1.97,"Victoria, British Columbia",38.98.8,v44403059
2007,5.23,"Victoria, British Columbia",38.98.8,v44403059
2008,2.27,"Victoria, British Columbia",38.98.8,v44403059
2009,2.56,"Victoria, British Columbia",38.98.8,v44403059
2010,1.58,"Victoria, British Columbia",38.98.8,v44403059
2011,1.58,"Victoria, British Columbia",38.98.8,v44403059
2012,1.25,"Victoria, British Columbia",38.98.8,v44403059
2013,1.87,"Victoria, British Columbia",38.98.8,v44403059
2014,4.00,"Victoria, British Columbia",38.98.8,v44403059
2015,4.27,"Victoria, British Columbia",38.98.8,v44403059
1998,0.00,"Yukon",40.98.8,v44352347
1999,3.93,"Yukon",40.98.8,v44352347
2000,3.94,"Yukon",40.98.8,v44352347
2001,0.00,"Yukon",40.98.8,v44352347
2002,0.00,"Yukon",40.98.8,v44352347
2003,3.80,"Yukon",40.98.8,v44352347
2004,0.00,"Yukon",40.98.8,v44352347
2005,0.00,"Yukon",40.98.8,v44352347
2006,3.60,"Yukon",40.98.8,v44352347
2007,7.12,"Yukon",40.98.8,v44352347
2008,0.00,"Yukon",40.98.8,v44352347
2009,0.00,"Yukon",40.98.8,v44352347
2010,0.00,"Yukon",40.98.8,v44352347
2011,0.00,"Yukon",40.98.8,v44352347
2012,3.19,"Yukon",40.98.8,v44352347
2013,3.17,"Yukon",40.98.8,v44352347
2014,0.00,"Yukon",40.98.8,v44352347
2015,3.10,"Yukon",40.98.8,v44352347
1998,0.00,"Northwest Territories",41.98.8,v44359588
1999,0.00,"Northwest Territories",41.98.8,v44359588
2000,0.00,"Northwest Territories",41.98.8,v44359588
2001,0.00,"Northwest Territories",41.98.8,v44359588
2002,0.00,"Northwest Territories",41.98.8,v44359588
2003,0.00,"Northwest Territories",41.98.8,v44359588
2004,0.00,"Northwest Territories",41.98.8,v44359588
2005,0.00,"Northwest Territories",41.98.8,v44359588
2006,0.00,"Northwest Territories",41.98.8,v44359588
2007,2.80,"Northwest Territories",41.98.8,v44359588
2008,0.00,"Northwest Territories",41.98.8,v44359588
2009,8.39,"Northwest Territories",41.98.8,v44359588
2010,0.00,"Northwest Territories",41.98.8,v44359588
2011,0.00,"Northwest Territories",41.98.8,v44359588
2012,0.00,"Northwest Territories",41.98.8,v44359588
2013,2.76,"Northwest Territories",41.98.8,v44359588
2014,2.76,"Northwest Territories",41.98.8,v44359588
2015,5.53,"Northwest Territories",41.98.8,v44359588
1998,..,"Nunavut",42.98.8,v44410276
1999,0.00,"Nunavut",42.98.8,v44410276
2000,0.00,"Nunavut",42.98.8,v44410276
2001,0.00,"Nunavut",42.98.8,v44410276
2002,4.89,"Nunavut",42.98.8,v44410276
2003,0.00,"Nunavut",42.98.8,v44410276
2004,0.00,"Nunavut",42.98.8,v44410276
2005,0.00,"Nunavut",42.98.8,v44410276
2006,0.00,"Nunavut",42.98.8,v44410276
2007,0.00,"Nunavut",42.98.8,v44410276
2008,4.23,"Nunavut",42.98.8,v44410276
2009,0.00,"Nunavut",42.98.8,v44410276
2010,0.00,"Nunavut",42.98.8,v44410276
2011,3.96,"Nunavut",42.98.8,v44410276
2012,0.00,"Nunavut",42.98.8,v44410276
2013,3.81,"Nunavut",42.98.8,v44410276
2014,0.00,"Nunavut",42.98.8,v44410276
2015,3.65,"Nunavut",42.98.8,v44410276
