1998,1.00,"Canada",1.98.13,v53080051
1999,5.00,"Canada",1.98.13,v53080051
2000,6.00,"Canada",1.98.13,v53080051
2001,9.00,"Canada",1.98.13,v53080051
2002,10.00,"Canada",1.98.13,v53080051
2003,13.00,"Canada",1.98.13,v53080051
2004,21.00,"Canada",1.98.13,v53080051
2005,22.00,"Canada",1.98.13,v53080051
2006,49.00,"Canada",1.98.13,v53080051
2007,63.00,"Canada",1.98.13,v53080051
2008,33.00,"Canada",1.98.13,v53080051
2009,66.00,"Canada",1.98.13,v53080051
2010,129.00,"Canada",1.98.13,v53080051
2011,183.00,"Canada",1.98.13,v53080051
2012,267.00,"Canada",1.98.13,v53080051
2013,379.00,"Canada",1.98.13,v53080051
2014,592.00,"Canada",1.98.13,v53080051
2015,533.00,"Canada",1.98.13,v53080051
1998,0.00,"Newfoundland and Labrador",2.98.13,v53080441
1999,0.00,"Newfoundland and Labrador",2.98.13,v53080441
2000,0.00,"Newfoundland and Labrador",2.98.13,v53080441
2001,0.00,"Newfoundland and Labrador",2.98.13,v53080441
2002,0.00,"Newfoundland and Labrador",2.98.13,v53080441
2003,0.00,"Newfoundland and Labrador",2.98.13,v53080441
2004,0.00,"Newfoundland and Labrador",2.98.13,v53080441
2005,0.00,"Newfoundland and Labrador",2.98.13,v53080441
2006,0.00,"Newfoundland and Labrador",2.98.13,v53080441
2007,1.00,"Newfoundland and Labrador",2.98.13,v53080441
2008,0.00,"Newfoundland and Labrador",2.98.13,v53080441
2009,0.00,"Newfoundland and Labrador",2.98.13,v53080441
2010,0.00,"Newfoundland and Labrador",2.98.13,v53080441
2011,2.00,"Newfoundland and Labrador",2.98.13,v53080441
2012,5.00,"Newfoundland and Labrador",2.98.13,v53080441
2013,2.00,"Newfoundland and Labrador",2.98.13,v53080441
2014,18.00,"Newfoundland and Labrador",2.98.13,v53080441
2015,12.00,"Newfoundland and Labrador",2.98.13,v53080441
1998,0.00,"St. John's, Newfoundland and Labrador",3.98.13,v53081403
1999,0.00,"St. John's, Newfoundland and Labrador",3.98.13,v53081403
2000,0.00,"St. John's, Newfoundland and Labrador",3.98.13,v53081403
2001,0.00,"St. John's, Newfoundland and Labrador",3.98.13,v53081403
2002,0.00,"St. John's, Newfoundland and Labrador",3.98.13,v53081403
2003,0.00,"St. John's, Newfoundland and Labrador",3.98.13,v53081403
2004,0.00,"St. John's, Newfoundland and Labrador",3.98.13,v53081403
2005,0.00,"St. John's, Newfoundland and Labrador",3.98.13,v53081403
2006,0.00,"St. John's, Newfoundland and Labrador",3.98.13,v53081403
2007,0.00,"St. John's, Newfoundland and Labrador",3.98.13,v53081403
2008,0.00,"St. John's, Newfoundland and Labrador",3.98.13,v53081403
2009,0.00,"St. John's, Newfoundland and Labrador",3.98.13,v53081403
2010,0.00,"St. John's, Newfoundland and Labrador",3.98.13,v53081403
2011,0.00,"St. John's, Newfoundland and Labrador",3.98.13,v53081403
2012,1.00,"St. John's, Newfoundland and Labrador",3.98.13,v53081403
2013,0.00,"St. John's, Newfoundland and Labrador",3.98.13,v53081403
2014,1.00,"St. John's, Newfoundland and Labrador",3.98.13,v53081403
2015,1.00,"St. John's, Newfoundland and Labrador",3.98.13,v53081403
1998,0.00,"Prince Edward Island",4.98.13,v53080882
1999,0.00,"Prince Edward Island",4.98.13,v53080882
2000,0.00,"Prince Edward Island",4.98.13,v53080882
2001,0.00,"Prince Edward Island",4.98.13,v53080882
2002,0.00,"Prince Edward Island",4.98.13,v53080882
2003,0.00,"Prince Edward Island",4.98.13,v53080882
2004,0.00,"Prince Edward Island",4.98.13,v53080882
2005,0.00,"Prince Edward Island",4.98.13,v53080882
2006,0.00,"Prince Edward Island",4.98.13,v53080882
2007,0.00,"Prince Edward Island",4.98.13,v53080882
2008,1.00,"Prince Edward Island",4.98.13,v53080882
2009,2.00,"Prince Edward Island",4.98.13,v53080882
2010,2.00,"Prince Edward Island",4.98.13,v53080882
2011,2.00,"Prince Edward Island",4.98.13,v53080882
2012,2.00,"Prince Edward Island",4.98.13,v53080882
2013,2.00,"Prince Edward Island",4.98.13,v53080882
2014,3.00,"Prince Edward Island",4.98.13,v53080882
2015,0.00,"Prince Edward Island",4.98.13,v53080882
1998,0.00,"Nova Scotia",5.98.13,v53083074
1999,0.00,"Nova Scotia",5.98.13,v53083074
2000,0.00,"Nova Scotia",5.98.13,v53083074
2001,0.00,"Nova Scotia",5.98.13,v53083074
2002,3.00,"Nova Scotia",5.98.13,v53083074
2003,0.00,"Nova Scotia",5.98.13,v53083074
2004,0.00,"Nova Scotia",5.98.13,v53083074
2005,1.00,"Nova Scotia",5.98.13,v53083074
2006,1.00,"Nova Scotia",5.98.13,v53083074
2007,0.00,"Nova Scotia",5.98.13,v53083074
2008,3.00,"Nova Scotia",5.98.13,v53083074
2009,3.00,"Nova Scotia",5.98.13,v53083074
2010,7.00,"Nova Scotia",5.98.13,v53083074
2011,12.00,"Nova Scotia",5.98.13,v53083074
2012,13.00,"Nova Scotia",5.98.13,v53083074
2013,19.00,"Nova Scotia",5.98.13,v53083074
2014,39.00,"Nova Scotia",5.98.13,v53083074
2015,26.00,"Nova Scotia",5.98.13,v53083074
1998,0.00,"Halifax, Nova Scotia",6.98.13,v53083235
1999,0.00,"Halifax, Nova Scotia",6.98.13,v53083235
2000,0.00,"Halifax, Nova Scotia",6.98.13,v53083235
2001,0.00,"Halifax, Nova Scotia",6.98.13,v53083235
2002,2.00,"Halifax, Nova Scotia",6.98.13,v53083235
2003,0.00,"Halifax, Nova Scotia",6.98.13,v53083235
2004,0.00,"Halifax, Nova Scotia",6.98.13,v53083235
2005,1.00,"Halifax, Nova Scotia",6.98.13,v53083235
2006,1.00,"Halifax, Nova Scotia",6.98.13,v53083235
2007,0.00,"Halifax, Nova Scotia",6.98.13,v53083235
2008,0.00,"Halifax, Nova Scotia",6.98.13,v53083235
2009,0.00,"Halifax, Nova Scotia",6.98.13,v53083235
2010,2.00,"Halifax, Nova Scotia",6.98.13,v53083235
2011,0.00,"Halifax, Nova Scotia",6.98.13,v53083235
2012,1.00,"Halifax, Nova Scotia",6.98.13,v53083235
2013,1.00,"Halifax, Nova Scotia",6.98.13,v53083235
2014,0.00,"Halifax, Nova Scotia",6.98.13,v53083235
2015,5.00,"Halifax, Nova Scotia",6.98.13,v53083235
1998,0.00,"New Brunswick",7.98.13,v53081864
1999,0.00,"New Brunswick",7.98.13,v53081864
2000,0.00,"New Brunswick",7.98.13,v53081864
2001,0.00,"New Brunswick",7.98.13,v53081864
2002,0.00,"New Brunswick",7.98.13,v53081864
2003,0.00,"New Brunswick",7.98.13,v53081864
2004,0.00,"New Brunswick",7.98.13,v53081864
2005,0.00,"New Brunswick",7.98.13,v53081864
2006,2.00,"New Brunswick",7.98.13,v53081864
2007,6.00,"New Brunswick",7.98.13,v53081864
2008,2.00,"New Brunswick",7.98.13,v53081864
2009,1.00,"New Brunswick",7.98.13,v53081864
2010,2.00,"New Brunswick",7.98.13,v53081864
2011,4.00,"New Brunswick",7.98.13,v53081864
2012,9.00,"New Brunswick",7.98.13,v53081864
2013,23.00,"New Brunswick",7.98.13,v53081864
2014,23.00,"New Brunswick",7.98.13,v53081864
2015,20.00,"New Brunswick",7.98.13,v53081864
2005,..,"Moncton, New Brunswick",43.98.13,v53082818
2006,0.00,"Moncton, New Brunswick",43.98.13,v53082818
2007,2.00,"Moncton, New Brunswick",43.98.13,v53082818
2008,0.00,"Moncton, New Brunswick",43.98.13,v53082818
2009,0.00,"Moncton, New Brunswick",43.98.13,v53082818
2010,1.00,"Moncton, New Brunswick",43.98.13,v53082818
2011,1.00,"Moncton, New Brunswick",43.98.13,v53082818
2012,3.00,"Moncton, New Brunswick",43.98.13,v53082818
2013,7.00,"Moncton, New Brunswick",43.98.13,v53082818
2014,0.00,"Moncton, New Brunswick",43.98.13,v53082818
2015,11.00,"Moncton, New Brunswick",43.98.13,v53082818
1998,0.00,"Saint John, New Brunswick",8.98.13,v53083832
1999,0.00,"Saint John, New Brunswick",8.98.13,v53083832
2000,0.00,"Saint John, New Brunswick",8.98.13,v53083832
2001,0.00,"Saint John, New Brunswick",8.98.13,v53083832
2002,0.00,"Saint John, New Brunswick",8.98.13,v53083832
2003,0.00,"Saint John, New Brunswick",8.98.13,v53083832
2004,0.00,"Saint John, New Brunswick",8.98.13,v53083832
2005,0.00,"Saint John, New Brunswick",8.98.13,v53083832
2006,0.00,"Saint John, New Brunswick",8.98.13,v53083832
2007,0.00,"Saint John, New Brunswick",8.98.13,v53083832
2008,0.00,"Saint John, New Brunswick",8.98.13,v53083832
2009,0.00,"Saint John, New Brunswick",8.98.13,v53083832
2010,0.00,"Saint John, New Brunswick",8.98.13,v53083832
2011,0.00,"Saint John, New Brunswick",8.98.13,v53083832
2012,4.00,"Saint John, New Brunswick",8.98.13,v53083832
2013,5.00,"Saint John, New Brunswick",8.98.13,v53083832
2014,0.00,"Saint John, New Brunswick",8.98.13,v53083832
2015,6.00,"Saint John, New Brunswick",8.98.13,v53083832
1998,0.00,"Quebec",9.98.13,v53086039
1999,2.00,"Quebec",9.98.13,v53086039
2000,2.00,"Quebec",9.98.13,v53086039
2001,3.00,"Quebec",9.98.13,v53086039
2002,3.00,"Quebec",9.98.13,v53086039
2003,4.00,"Quebec",9.98.13,v53086039
2004,5.00,"Quebec",9.98.13,v53086039
2005,10.00,"Quebec",9.98.13,v53086039
2006,29.00,"Quebec",9.98.13,v53086039
2007,17.00,"Quebec",9.98.13,v53086039
2008,10.00,"Quebec",9.98.13,v53086039
2009,9.00,"Quebec",9.98.13,v53086039
2010,23.00,"Quebec",9.98.13,v53086039
2011,7.00,"Quebec",9.98.13,v53086039
2012,12.00,"Quebec",9.98.13,v53086039
2013,52.00,"Quebec",9.98.13,v53086039
2014,128.00,"Quebec",9.98.13,v53086039
2015,143.00,"Quebec",9.98.13,v53086039
1998,0.00,"Saguenay, Quebec",10.98.13,v53084286
1999,0.00,"Saguenay, Quebec",10.98.13,v53084286
2000,..,"Saguenay, Quebec",10.98.13,v53084286
2001,0.00,"Saguenay, Quebec",10.98.13,v53084286
2002,0.00,"Saguenay, Quebec",10.98.13,v53084286
2003,0.00,"Saguenay, Quebec",10.98.13,v53084286
2004,0.00,"Saguenay, Quebec",10.98.13,v53084286
2005,0.00,"Saguenay, Quebec",10.98.13,v53084286
2006,0.00,"Saguenay, Quebec",10.98.13,v53084286
2007,0.00,"Saguenay, Quebec",10.98.13,v53084286
2008,1.00,"Saguenay, Quebec",10.98.13,v53084286
2009,0.00,"Saguenay, Quebec",10.98.13,v53084286
2010,2.00,"Saguenay, Quebec",10.98.13,v53084286
2011,0.00,"Saguenay, Quebec",10.98.13,v53084286
2012,1.00,"Saguenay, Quebec",10.98.13,v53084286
2013,0.00,"Saguenay, Quebec",10.98.13,v53084286
2014,1.00,"Saguenay, Quebec",10.98.13,v53084286
2015,4.00,"Saguenay, Quebec",10.98.13,v53084286
1998,0.00,"Sherbrooke, Quebec",12.98.13,v53086786
1999,0.00,"Sherbrooke, Quebec",12.98.13,v53086786
2000,0.00,"Sherbrooke, Quebec",12.98.13,v53086786
2001,..,"Sherbrooke, Quebec",12.98.13,v53086786
2002,0.00,"Sherbrooke, Quebec",12.98.13,v53086786
2003,0.00,"Sherbrooke, Quebec",12.98.13,v53086786
2004,0.00,"Sherbrooke, Quebec",12.98.13,v53086786
2005,0.00,"Sherbrooke, Quebec",12.98.13,v53086786
2006,0.00,"Sherbrooke, Quebec",12.98.13,v53086786
2007,1.00,"Sherbrooke, Quebec",12.98.13,v53086786
2008,1.00,"Sherbrooke, Quebec",12.98.13,v53086786
2009,2.00,"Sherbrooke, Quebec",12.98.13,v53086786
2010,4.00,"Sherbrooke, Quebec",12.98.13,v53086786
2011,0.00,"Sherbrooke, Quebec",12.98.13,v53086786
2012,2.00,"Sherbrooke, Quebec",12.98.13,v53086786
2013,2.00,"Sherbrooke, Quebec",12.98.13,v53086786
2014,4.00,"Sherbrooke, Quebec",12.98.13,v53086786
2015,5.00,"Sherbrooke, Quebec",12.98.13,v53086786
1998,0.00,"Ottawa-Gatineau, Quebec part",15.98.13,v53084689
1999,0.00,"Ottawa-Gatineau, Quebec part",15.98.13,v53084689
2000,0.00,"Ottawa-Gatineau, Quebec part",15.98.13,v53084689
2001,0.00,"Ottawa-Gatineau, Quebec part",15.98.13,v53084689
2002,1.00,"Ottawa-Gatineau, Quebec part",15.98.13,v53084689
2003,0.00,"Ottawa-Gatineau, Quebec part",15.98.13,v53084689
2004,0.00,"Ottawa-Gatineau, Quebec part",15.98.13,v53084689
2005,0.00,"Ottawa-Gatineau, Quebec part",15.98.13,v53084689
2006,0.00,"Ottawa-Gatineau, Quebec part",15.98.13,v53084689
2007,0.00,"Ottawa-Gatineau, Quebec part",15.98.13,v53084689
2008,0.00,"Ottawa-Gatineau, Quebec part",15.98.13,v53084689
2009,4.00,"Ottawa-Gatineau, Quebec part",15.98.13,v53084689
2010,0.00,"Ottawa-Gatineau, Quebec part",15.98.13,v53084689
2011,1.00,"Ottawa-Gatineau, Quebec part",15.98.13,v53084689
2012,1.00,"Ottawa-Gatineau, Quebec part",15.98.13,v53084689
2013,0.00,"Ottawa-Gatineau, Quebec part",15.98.13,v53084689
2014,14.00,"Ottawa-Gatineau, Quebec part",15.98.13,v53084689
2015,9.00,"Ottawa-Gatineau, Quebec part",15.98.13,v53084689
1998,1.00,"Ontario",16.98.13,v53085739
1999,3.00,"Ontario",16.98.13,v53085739
2000,1.00,"Ontario",16.98.13,v53085739
2001,5.00,"Ontario",16.98.13,v53085739
2002,0.00,"Ontario",16.98.13,v53085739
2003,3.00,"Ontario",16.98.13,v53085739
2004,7.00,"Ontario",16.98.13,v53085739
2005,7.00,"Ontario",16.98.13,v53085739
2006,8.00,"Ontario",16.98.13,v53085739
2007,13.00,"Ontario",16.98.13,v53085739
2008,11.00,"Ontario",16.98.13,v53085739
2009,24.00,"Ontario",16.98.13,v53085739
2010,48.00,"Ontario",16.98.13,v53085739
2011,72.00,"Ontario",16.98.13,v53085739
2012,148.00,"Ontario",16.98.13,v53085739
2013,164.00,"Ontario",16.98.13,v53085739
2014,247.00,"Ontario",16.98.13,v53085739
2015,208.00,"Ontario",16.98.13,v53085739
1998,0.00,"Ottawa-Gatineau, Ontario/Quebec",17.98.13,v53080283
1999,0.00,"Ottawa-Gatineau, Ontario/Quebec",17.98.13,v53080283
2000,0.00,"Ottawa-Gatineau, Ontario/Quebec",17.98.13,v53080283
2001,0.00,"Ottawa-Gatineau, Ontario/Quebec",17.98.13,v53080283
2002,1.00,"Ottawa-Gatineau, Ontario/Quebec",17.98.13,v53080283
2003,0.00,"Ottawa-Gatineau, Ontario/Quebec",17.98.13,v53080283
2004,0.00,"Ottawa-Gatineau, Ontario/Quebec",17.98.13,v53080283
2005,0.00,"Ottawa-Gatineau, Ontario/Quebec",17.98.13,v53080283
2006,0.00,"Ottawa-Gatineau, Ontario/Quebec",17.98.13,v53080283
2007,0.00,"Ottawa-Gatineau, Ontario/Quebec",17.98.13,v53080283
2008,0.00,"Ottawa-Gatineau, Ontario/Quebec",17.98.13,v53080283
2009,4.00,"Ottawa-Gatineau, Ontario/Quebec",17.98.13,v53080283
2010,4.00,"Ottawa-Gatineau, Ontario/Quebec",17.98.13,v53080283
2011,14.00,"Ottawa-Gatineau, Ontario/Quebec",17.98.13,v53080283
2012,17.00,"Ottawa-Gatineau, Ontario/Quebec",17.98.13,v53080283
2013,11.00,"Ottawa-Gatineau, Ontario/Quebec",17.98.13,v53080283
2014,49.00,"Ottawa-Gatineau, Ontario/Quebec",17.98.13,v53080283
2015,17.00,"Ottawa-Gatineau, Ontario/Quebec",17.98.13,v53080283
1998,0.00,"Ottawa-Gatineau, Ontario part",18.98.13,v53085834
1999,..,"Ottawa-Gatineau, Ontario part",18.98.13,v53085834
2000,..,"Ottawa-Gatineau, Ontario part",18.98.13,v53085834
2001,0.00,"Ottawa-Gatineau, Ontario part",18.98.13,v53085834
2002,0.00,"Ottawa-Gatineau, Ontario part",18.98.13,v53085834
2003,0.00,"Ottawa-Gatineau, Ontario part",18.98.13,v53085834
2004,0.00,"Ottawa-Gatineau, Ontario part",18.98.13,v53085834
2005,0.00,"Ottawa-Gatineau, Ontario part",18.98.13,v53085834
2006,0.00,"Ottawa-Gatineau, Ontario part",18.98.13,v53085834
2007,0.00,"Ottawa-Gatineau, Ontario part",18.98.13,v53085834
2008,0.00,"Ottawa-Gatineau, Ontario part",18.98.13,v53085834
2009,0.00,"Ottawa-Gatineau, Ontario part",18.98.13,v53085834
2010,4.00,"Ottawa-Gatineau, Ontario part",18.98.13,v53085834
2011,13.00,"Ottawa-Gatineau, Ontario part",18.98.13,v53085834
2012,16.00,"Ottawa-Gatineau, Ontario part",18.98.13,v53085834
2013,11.00,"Ottawa-Gatineau, Ontario part",18.98.13,v53085834
2014,35.00,"Ottawa-Gatineau, Ontario part",18.98.13,v53085834
2015,8.00,"Ottawa-Gatineau, Ontario part",18.98.13,v53085834
2000,..,"Kingston, Ontario",27.98.13,v53090125
2001,0.00,"Kingston, Ontario",27.98.13,v53090125
2002,0.00,"Kingston, Ontario",27.98.13,v53090125
2003,0.00,"Kingston, Ontario",27.98.13,v53090125
2004,0.00,"Kingston, Ontario",27.98.13,v53090125
2005,0.00,"Kingston, Ontario",27.98.13,v53090125
2006,0.00,"Kingston, Ontario",27.98.13,v53090125
2007,0.00,"Kingston, Ontario",27.98.13,v53090125
2008,0.00,"Kingston, Ontario",27.98.13,v53090125
2009,1.00,"Kingston, Ontario",27.98.13,v53090125
2010,1.00,"Kingston, Ontario",27.98.13,v53090125
2011,1.00,"Kingston, Ontario",27.98.13,v53090125
2012,0.00,"Kingston, Ontario",27.98.13,v53090125
2013,1.00,"Kingston, Ontario",27.98.13,v53090125
2014,3.00,"Kingston, Ontario",27.98.13,v53090125
2015,0.00,"Kingston, Ontario",27.98.13,v53090125
2005,..,"Peterborough, Ontario",44.98.13,v53092193
2006,0.00,"Peterborough, Ontario",44.98.13,v53092193
2007,0.00,"Peterborough, Ontario",44.98.13,v53092193
2008,0.00,"Peterborough, Ontario",44.98.13,v53092193
2009,0.00,"Peterborough, Ontario",44.98.13,v53092193
2010,0.00,"Peterborough, Ontario",44.98.13,v53092193
2011,0.00,"Peterborough, Ontario",44.98.13,v53092193
2012,1.00,"Peterborough, Ontario",44.98.13,v53092193
2013,0.00,"Peterborough, Ontario",44.98.13,v53092193
2014,0.00,"Peterborough, Ontario",44.98.13,v53092193
2015,0.00,"Peterborough, Ontario",44.98.13,v53092193
1998,1.00,"Toronto, Ontario",19.98.13,v53087297
1999,1.00,"Toronto, Ontario",19.98.13,v53087297
2000,1.00,"Toronto, Ontario",19.98.13,v53087297
2001,0.00,"Toronto, Ontario",19.98.13,v53087297
2002,0.00,"Toronto, Ontario",19.98.13,v53087297
2003,1.00,"Toronto, Ontario",19.98.13,v53087297
2004,1.00,"Toronto, Ontario",19.98.13,v53087297
2005,1.00,"Toronto, Ontario",19.98.13,v53087297
2006,1.00,"Toronto, Ontario",19.98.13,v53087297
2007,3.00,"Toronto, Ontario",19.98.13,v53087297
2008,3.00,"Toronto, Ontario",19.98.13,v53087297
2009,6.00,"Toronto, Ontario",19.98.13,v53087297
2010,11.00,"Toronto, Ontario",19.98.13,v53087297
2011,24.00,"Toronto, Ontario",19.98.13,v53087297
2012,43.00,"Toronto, Ontario",19.98.13,v53087297
2013,19.00,"Toronto, Ontario",19.98.13,v53087297
2014,61.00,"Toronto, Ontario",19.98.13,v53087297
2015,60.00,"Toronto, Ontario",19.98.13,v53087297
1998,0.00,"Hamilton, Ontario",20.98.13,v53087370
1999,0.00,"Hamilton, Ontario",20.98.13,v53087370
2000,0.00,"Hamilton, Ontario",20.98.13,v53087370
2001,0.00,"Hamilton, Ontario",20.98.13,v53087370
2002,0.00,"Hamilton, Ontario",20.98.13,v53087370
2003,0.00,"Hamilton, Ontario",20.98.13,v53087370
2004,0.00,"Hamilton, Ontario",20.98.13,v53087370
2005,0.00,"Hamilton, Ontario",20.98.13,v53087370
2006,1.00,"Hamilton, Ontario",20.98.13,v53087370
2007,0.00,"Hamilton, Ontario",20.98.13,v53087370
2008,2.00,"Hamilton, Ontario",20.98.13,v53087370
2009,3.00,"Hamilton, Ontario",20.98.13,v53087370
2010,2.00,"Hamilton, Ontario",20.98.13,v53087370
2011,4.00,"Hamilton, Ontario",20.98.13,v53087370
2012,18.00,"Hamilton, Ontario",20.98.13,v53087370
2013,12.00,"Hamilton, Ontario",20.98.13,v53087370
2014,20.00,"Hamilton, Ontario",20.98.13,v53087370
2015,10.00,"Hamilton, Ontario",20.98.13,v53087370
1998,0.00,"St.Catharines-Niagara, Ontario",21.98.13,v53088392
1999,0.00,"St.Catharines-Niagara, Ontario",21.98.13,v53088392
2000,0.00,"St.Catharines-Niagara, Ontario",21.98.13,v53088392
2001,0.00,"St.Catharines-Niagara, Ontario",21.98.13,v53088392
2002,0.00,"St.Catharines-Niagara, Ontario",21.98.13,v53088392
2003,0.00,"St.Catharines-Niagara, Ontario",21.98.13,v53088392
2004,0.00,"St.Catharines-Niagara, Ontario",21.98.13,v53088392
2005,1.00,"St.Catharines-Niagara, Ontario",21.98.13,v53088392
2006,1.00,"St.Catharines-Niagara, Ontario",21.98.13,v53088392
2007,3.00,"St.Catharines-Niagara, Ontario",21.98.13,v53088392
2008,0.00,"St.Catharines-Niagara, Ontario",21.98.13,v53088392
2009,6.00,"St.Catharines-Niagara, Ontario",21.98.13,v53088392
2010,8.00,"St.Catharines-Niagara, Ontario",21.98.13,v53088392
2011,5.00,"St.Catharines-Niagara, Ontario",21.98.13,v53088392
2012,9.00,"St.Catharines-Niagara, Ontario",21.98.13,v53088392
2013,18.00,"St.Catharines-Niagara, Ontario",21.98.13,v53088392
2014,14.00,"St.Catharines-Niagara, Ontario",21.98.13,v53088392
2015,8.00,"St.Catharines-Niagara, Ontario",21.98.13,v53088392
1998,0.00,"Kitchener-Cambridge-Waterloo, Ontario",22.98.13,v53093062
1999,0.00,"Kitchener-Cambridge-Waterloo, Ontario",22.98.13,v53093062
2000,0.00,"Kitchener-Cambridge-Waterloo, Ontario",22.98.13,v53093062
2001,0.00,"Kitchener-Cambridge-Waterloo, Ontario",22.98.13,v53093062
2002,0.00,"Kitchener-Cambridge-Waterloo, Ontario",22.98.13,v53093062
2003,0.00,"Kitchener-Cambridge-Waterloo, Ontario",22.98.13,v53093062
2004,0.00,"Kitchener-Cambridge-Waterloo, Ontario",22.98.13,v53093062
2005,2.00,"Kitchener-Cambridge-Waterloo, Ontario",22.98.13,v53093062
2006,0.00,"Kitchener-Cambridge-Waterloo, Ontario",22.98.13,v53093062
2007,0.00,"Kitchener-Cambridge-Waterloo, Ontario",22.98.13,v53093062
2008,1.00,"Kitchener-Cambridge-Waterloo, Ontario",22.98.13,v53093062
2009,0.00,"Kitchener-Cambridge-Waterloo, Ontario",22.98.13,v53093062
2010,6.00,"Kitchener-Cambridge-Waterloo, Ontario",22.98.13,v53093062
2011,4.00,"Kitchener-Cambridge-Waterloo, Ontario",22.98.13,v53093062
2012,9.00,"Kitchener-Cambridge-Waterloo, Ontario",22.98.13,v53093062
2013,9.00,"Kitchener-Cambridge-Waterloo, Ontario",22.98.13,v53093062
2014,16.00,"Kitchener-Cambridge-Waterloo, Ontario",22.98.13,v53093062
2015,14.00,"Kitchener-Cambridge-Waterloo, Ontario",22.98.13,v53093062
2005,..,"Brantford, Ontario",45.98.13,v53094612
2006,0.00,"Brantford, Ontario",45.98.13,v53094612
2007,1.00,"Brantford, Ontario",45.98.13,v53094612
2008,0.00,"Brantford, Ontario",45.98.13,v53094612
2009,0.00,"Brantford, Ontario",45.98.13,v53094612
2010,0.00,"Brantford, Ontario",45.98.13,v53094612
2011,0.00,"Brantford, Ontario",45.98.13,v53094612
2012,5.00,"Brantford, Ontario",45.98.13,v53094612
2013,5.00,"Brantford, Ontario",45.98.13,v53094612
2014,4.00,"Brantford, Ontario",45.98.13,v53094612
2015,3.00,"Brantford, Ontario",45.98.13,v53094612
2006,0.00,"Guelph, Ontario",46.98.13,v53088728
2007,0.00,"Guelph, Ontario",46.98.13,v53088728
2008,0.00,"Guelph, Ontario",46.98.13,v53088728
2009,1.00,"Guelph, Ontario",46.98.13,v53088728
2010,0.00,"Guelph, Ontario",46.98.13,v53088728
2011,0.00,"Guelph, Ontario",46.98.13,v53088728
2012,0.00,"Guelph, Ontario",46.98.13,v53088728
2013,10.00,"Guelph, Ontario",46.98.13,v53088728
2014,3.00,"Guelph, Ontario",46.98.13,v53088728
2015,4.00,"Guelph, Ontario",46.98.13,v53088728
1998,0.00,"London, Ontario",23.98.13,v53095012
1999,1.00,"London, Ontario",23.98.13,v53095012
2000,0.00,"London, Ontario",23.98.13,v53095012
2001,2.00,"London, Ontario",23.98.13,v53095012
2002,0.00,"London, Ontario",23.98.13,v53095012
2003,1.00,"London, Ontario",23.98.13,v53095012
2004,0.00,"London, Ontario",23.98.13,v53095012
2005,0.00,"London, Ontario",23.98.13,v53095012
2006,0.00,"London, Ontario",23.98.13,v53095012
2007,0.00,"London, Ontario",23.98.13,v53095012
2008,0.00,"London, Ontario",23.98.13,v53095012
2009,0.00,"London, Ontario",23.98.13,v53095012
2010,0.00,"London, Ontario",23.98.13,v53095012
2011,0.00,"London, Ontario",23.98.13,v53095012
2012,10.00,"London, Ontario",23.98.13,v53095012
2013,13.00,"London, Ontario",23.98.13,v53095012
2014,14.00,"London, Ontario",23.98.13,v53095012
2015,13.00,"London, Ontario",23.98.13,v53095012
1998,0.00,"Windsor, Ontario",24.98.13,v53095109
1999,0.00,"Windsor, Ontario",24.98.13,v53095109
2000,0.00,"Windsor, Ontario",24.98.13,v53095109
2001,0.00,"Windsor, Ontario",24.98.13,v53095109
2002,0.00,"Windsor, Ontario",24.98.13,v53095109
2003,1.00,"Windsor, Ontario",24.98.13,v53095109
2004,0.00,"Windsor, Ontario",24.98.13,v53095109
2005,0.00,"Windsor, Ontario",24.98.13,v53095109
2006,1.00,"Windsor, Ontario",24.98.13,v53095109
2007,0.00,"Windsor, Ontario",24.98.13,v53095109
2008,0.00,"Windsor, Ontario",24.98.13,v53095109
2009,0.00,"Windsor, Ontario",24.98.13,v53095109
2010,0.00,"Windsor, Ontario",24.98.13,v53095109
2011,3.00,"Windsor, Ontario",24.98.13,v53095109
2012,5.00,"Windsor, Ontario",24.98.13,v53095109
2013,5.00,"Windsor, Ontario",24.98.13,v53095109
2014,5.00,"Windsor, Ontario",24.98.13,v53095109
2015,1.00,"Windsor, Ontario",24.98.13,v53095109
2005,..,"Barrie, Ontario",47.98.13,v53089007
2006,0.00,"Barrie, Ontario",47.98.13,v53089007
2007,1.00,"Barrie, Ontario",47.98.13,v53089007
2008,1.00,"Barrie, Ontario",47.98.13,v53089007
2009,0.00,"Barrie, Ontario",47.98.13,v53089007
2010,0.00,"Barrie, Ontario",47.98.13,v53089007
2011,0.00,"Barrie, Ontario",47.98.13,v53089007
2012,0.00,"Barrie, Ontario",47.98.13,v53089007
2013,0.00,"Barrie, Ontario",47.98.13,v53089007
2014,0.00,"Barrie, Ontario",47.98.13,v53089007
2015,0.00,"Barrie, Ontario",47.98.13,v53089007
1998,0.00,"Sudbury, Ontario",25.98.13,v53095474
1999,0.00,"Sudbury, Ontario",25.98.13,v53095474
2000,0.00,"Sudbury, Ontario",25.98.13,v53095474
2001,0.00,"Sudbury, Ontario",25.98.13,v53095474
2002,0.00,"Sudbury, Ontario",25.98.13,v53095474
2003,0.00,"Sudbury, Ontario",25.98.13,v53095474
2004,1.00,"Sudbury, Ontario",25.98.13,v53095474
2005,0.00,"Sudbury, Ontario",25.98.13,v53095474
2006,0.00,"Sudbury, Ontario",25.98.13,v53095474
2007,3.00,"Sudbury, Ontario",25.98.13,v53095474
2008,0.00,"Sudbury, Ontario",25.98.13,v53095474
2009,0.00,"Sudbury, Ontario",25.98.13,v53095474
2010,1.00,"Sudbury, Ontario",25.98.13,v53095474
2011,0.00,"Sudbury, Ontario",25.98.13,v53095474
2012,2.00,"Sudbury, Ontario",25.98.13,v53095474
2013,6.00,"Sudbury, Ontario",25.98.13,v53095474
2014,6.00,"Sudbury, Ontario",25.98.13,v53095474
2015,14.00,"Sudbury, Ontario",25.98.13,v53095474
1998,0.00,"Thunder Bay, Ontario",26.98.13,v53095547
1999,0.00,"Thunder Bay, Ontario",26.98.13,v53095547
2000,0.00,"Thunder Bay, Ontario",26.98.13,v53095547
2001,1.00,"Thunder Bay, Ontario",26.98.13,v53095547
2002,0.00,"Thunder Bay, Ontario",26.98.13,v53095547
2003,0.00,"Thunder Bay, Ontario",26.98.13,v53095547
2004,0.00,"Thunder Bay, Ontario",26.98.13,v53095547
2005,0.00,"Thunder Bay, Ontario",26.98.13,v53095547
2006,0.00,"Thunder Bay, Ontario",26.98.13,v53095547
2007,0.00,"Thunder Bay, Ontario",26.98.13,v53095547
2008,1.00,"Thunder Bay, Ontario",26.98.13,v53095547
2009,0.00,"Thunder Bay, Ontario",26.98.13,v53095547
2010,0.00,"Thunder Bay, Ontario",26.98.13,v53095547
2011,0.00,"Thunder Bay, Ontario",26.98.13,v53095547
2012,0.00,"Thunder Bay, Ontario",26.98.13,v53095547
2013,7.00,"Thunder Bay, Ontario",26.98.13,v53095547
2014,3.00,"Thunder Bay, Ontario",26.98.13,v53095547
2015,4.00,"Thunder Bay, Ontario",26.98.13,v53095547
1998,0.00,"Manitoba",28.98.13,v53090309
1999,0.00,"Manitoba",28.98.13,v53090309
2000,0.00,"Manitoba",28.98.13,v53090309
2001,0.00,"Manitoba",28.98.13,v53090309
2002,0.00,"Manitoba",28.98.13,v53090309
2003,0.00,"Manitoba",28.98.13,v53090309
2004,0.00,"Manitoba",28.98.13,v53090309
2005,1.00,"Manitoba",28.98.13,v53090309
2006,0.00,"Manitoba",28.98.13,v53090309
2007,1.00,"Manitoba",28.98.13,v53090309
2008,0.00,"Manitoba",28.98.13,v53090309
2009,1.00,"Manitoba",28.98.13,v53090309
2010,2.00,"Manitoba",28.98.13,v53090309
2011,3.00,"Manitoba",28.98.13,v53090309
2012,10.00,"Manitoba",28.98.13,v53090309
2013,22.00,"Manitoba",28.98.13,v53090309
2014,19.00,"Manitoba",28.98.13,v53090309
2015,23.00,"Manitoba",28.98.13,v53090309
1998,0.00,"Winnipeg, Manitoba",29.98.13,v53091339
1999,0.00,"Winnipeg, Manitoba",29.98.13,v53091339
2000,0.00,"Winnipeg, Manitoba",29.98.13,v53091339
2001,0.00,"Winnipeg, Manitoba",29.98.13,v53091339
2002,..,"Winnipeg, Manitoba",29.98.13,v53091339
2003,0.00,"Winnipeg, Manitoba",29.98.13,v53091339
2004,0.00,"Winnipeg, Manitoba",29.98.13,v53091339
2005,1.00,"Winnipeg, Manitoba",29.98.13,v53091339
2006,0.00,"Winnipeg, Manitoba",29.98.13,v53091339
2007,1.00,"Winnipeg, Manitoba",29.98.13,v53091339
2008,0.00,"Winnipeg, Manitoba",29.98.13,v53091339
2009,0.00,"Winnipeg, Manitoba",29.98.13,v53091339
2010,1.00,"Winnipeg, Manitoba",29.98.13,v53091339
2011,2.00,"Winnipeg, Manitoba",29.98.13,v53091339
2012,2.00,"Winnipeg, Manitoba",29.98.13,v53091339
2013,5.00,"Winnipeg, Manitoba",29.98.13,v53091339
2014,2.00,"Winnipeg, Manitoba",29.98.13,v53091339
2015,2.00,"Winnipeg, Manitoba",29.98.13,v53091339
1998,0.00,"Saskatchewan",30.98.13,v53091385
1999,0.00,"Saskatchewan",30.98.13,v53091385
2000,0.00,"Saskatchewan",30.98.13,v53091385
2001,0.00,"Saskatchewan",30.98.13,v53091385
2002,1.00,"Saskatchewan",30.98.13,v53091385
2003,0.00,"Saskatchewan",30.98.13,v53091385
2004,3.00,"Saskatchewan",30.98.13,v53091385
2005,0.00,"Saskatchewan",30.98.13,v53091385
2006,1.00,"Saskatchewan",30.98.13,v53091385
2007,2.00,"Saskatchewan",30.98.13,v53091385
2008,1.00,"Saskatchewan",30.98.13,v53091385
2009,3.00,"Saskatchewan",30.98.13,v53091385
2010,1.00,"Saskatchewan",30.98.13,v53091385
2011,2.00,"Saskatchewan",30.98.13,v53091385
2012,10.00,"Saskatchewan",30.98.13,v53091385
2013,17.00,"Saskatchewan",30.98.13,v53091385
2014,17.00,"Saskatchewan",30.98.13,v53091385
2015,24.00,"Saskatchewan",30.98.13,v53091385
1998,0.00,"Regina, Saskatchewan",31.98.13,v53096439
1999,0.00,"Regina, Saskatchewan",31.98.13,v53096439
2000,0.00,"Regina, Saskatchewan",31.98.13,v53096439
2001,0.00,"Regina, Saskatchewan",31.98.13,v53096439
2002,0.00,"Regina, Saskatchewan",31.98.13,v53096439
2003,0.00,"Regina, Saskatchewan",31.98.13,v53096439
2004,0.00,"Regina, Saskatchewan",31.98.13,v53096439
2005,0.00,"Regina, Saskatchewan",31.98.13,v53096439
2006,0.00,"Regina, Saskatchewan",31.98.13,v53096439
2007,1.00,"Regina, Saskatchewan",31.98.13,v53096439
2008,0.00,"Regina, Saskatchewan",31.98.13,v53096439
2009,0.00,"Regina, Saskatchewan",31.98.13,v53096439
2010,0.00,"Regina, Saskatchewan",31.98.13,v53096439
2011,1.00,"Regina, Saskatchewan",31.98.13,v53096439
2012,1.00,"Regina, Saskatchewan",31.98.13,v53096439
2013,2.00,"Regina, Saskatchewan",31.98.13,v53096439
2014,0.00,"Regina, Saskatchewan",31.98.13,v53096439
2015,0.00,"Regina, Saskatchewan",31.98.13,v53096439
1998,0.00,"Saskatoon, Saskatchewan",32.98.13,v53096530
1999,0.00,"Saskatoon, Saskatchewan",32.98.13,v53096530
2000,0.00,"Saskatoon, Saskatchewan",32.98.13,v53096530
2001,0.00,"Saskatoon, Saskatchewan",32.98.13,v53096530
2002,1.00,"Saskatoon, Saskatchewan",32.98.13,v53096530
2003,0.00,"Saskatoon, Saskatchewan",32.98.13,v53096530
2004,0.00,"Saskatoon, Saskatchewan",32.98.13,v53096530
2005,0.00,"Saskatoon, Saskatchewan",32.98.13,v53096530
2006,0.00,"Saskatoon, Saskatchewan",32.98.13,v53096530
2007,0.00,"Saskatoon, Saskatchewan",32.98.13,v53096530
2008,0.00,"Saskatoon, Saskatchewan",32.98.13,v53096530
2009,0.00,"Saskatoon, Saskatchewan",32.98.13,v53096530
2010,0.00,"Saskatoon, Saskatchewan",32.98.13,v53096530
2011,0.00,"Saskatoon, Saskatchewan",32.98.13,v53096530
2012,0.00,"Saskatoon, Saskatchewan",32.98.13,v53096530
2013,5.00,"Saskatoon, Saskatchewan",32.98.13,v53096530
2014,6.00,"Saskatoon, Saskatchewan",32.98.13,v53096530
2015,8.00,"Saskatoon, Saskatchewan",32.98.13,v53096530
1998,0.00,"Alberta",33.98.13,v53090903
1999,0.00,"Alberta",33.98.13,v53090903
2000,0.00,"Alberta",33.98.13,v53090903
2001,0.00,"Alberta",33.98.13,v53090903
2002,0.00,"Alberta",33.98.13,v53090903
2003,1.00,"Alberta",33.98.13,v53090903
2004,3.00,"Alberta",33.98.13,v53090903
2005,1.00,"Alberta",33.98.13,v53090903
2006,5.00,"Alberta",33.98.13,v53090903
2007,8.00,"Alberta",33.98.13,v53090903
2008,3.00,"Alberta",33.98.13,v53090903
2009,20.00,"Alberta",33.98.13,v53090903
2010,36.00,"Alberta",33.98.13,v53090903
2011,49.00,"Alberta",33.98.13,v53090903
2012,40.00,"Alberta",33.98.13,v53090903
2013,43.00,"Alberta",33.98.13,v53090903
2014,56.00,"Alberta",33.98.13,v53090903
2015,40.00,"Alberta",33.98.13,v53090903
1998,0.00,"Calgary, Alberta",34.98.13,v53091014
1999,0.00,"Calgary, Alberta",34.98.13,v53091014
2000,0.00,"Calgary, Alberta",34.98.13,v53091014
2001,0.00,"Calgary, Alberta",34.98.13,v53091014
2002,0.00,"Calgary, Alberta",34.98.13,v53091014
2003,0.00,"Calgary, Alberta",34.98.13,v53091014
2004,0.00,"Calgary, Alberta",34.98.13,v53091014
2005,1.00,"Calgary, Alberta",34.98.13,v53091014
2006,2.00,"Calgary, Alberta",34.98.13,v53091014
2007,4.00,"Calgary, Alberta",34.98.13,v53091014
2008,1.00,"Calgary, Alberta",34.98.13,v53091014
2009,4.00,"Calgary, Alberta",34.98.13,v53091014
2010,2.00,"Calgary, Alberta",34.98.13,v53091014
2011,5.00,"Calgary, Alberta",34.98.13,v53091014
2012,3.00,"Calgary, Alberta",34.98.13,v53091014
2013,3.00,"Calgary, Alberta",34.98.13,v53091014
2014,15.00,"Calgary, Alberta",34.98.13,v53091014
2015,8.00,"Calgary, Alberta",34.98.13,v53091014
1998,0.00,"Edmonton, Alberta",35.98.13,v53091071
1999,0.00,"Edmonton, Alberta",35.98.13,v53091071
2000,0.00,"Edmonton, Alberta",35.98.13,v53091071
2001,0.00,"Edmonton, Alberta",35.98.13,v53091071
2002,0.00,"Edmonton, Alberta",35.98.13,v53091071
2003,0.00,"Edmonton, Alberta",35.98.13,v53091071
2004,0.00,"Edmonton, Alberta",35.98.13,v53091071
2005,0.00,"Edmonton, Alberta",35.98.13,v53091071
2006,1.00,"Edmonton, Alberta",35.98.13,v53091071
2007,1.00,"Edmonton, Alberta",35.98.13,v53091071
2008,2.00,"Edmonton, Alberta",35.98.13,v53091071
2009,8.00,"Edmonton, Alberta",35.98.13,v53091071
2010,14.00,"Edmonton, Alberta",35.98.13,v53091071
2011,11.00,"Edmonton, Alberta",35.98.13,v53091071
2012,5.00,"Edmonton, Alberta",35.98.13,v53091071
2013,18.00,"Edmonton, Alberta",35.98.13,v53091071
2014,10.00,"Edmonton, Alberta",35.98.13,v53091071
2015,13.00,"Edmonton, Alberta",35.98.13,v53091071
1998,0.00,"British Columbia",36.98.13,v53093934
1999,0.00,"British Columbia",36.98.13,v53093934
2000,1.00,"British Columbia",36.98.13,v53093934
2001,1.00,"British Columbia",36.98.13,v53093934
2002,3.00,"British Columbia",36.98.13,v53093934
2003,5.00,"British Columbia",36.98.13,v53093934
2004,2.00,"British Columbia",36.98.13,v53093934
2005,1.00,"British Columbia",36.98.13,v53093934
2006,3.00,"British Columbia",36.98.13,v53093934
2007,15.00,"British Columbia",36.98.13,v53093934
2008,2.00,"British Columbia",36.98.13,v53093934
2009,3.00,"British Columbia",36.98.13,v53093934
2010,7.00,"British Columbia",36.98.13,v53093934
2011,30.00,"British Columbia",36.98.13,v53093934
2012,18.00,"British Columbia",36.98.13,v53093934
2013,33.00,"British Columbia",36.98.13,v53093934
2014,38.00,"British Columbia",36.98.13,v53093934
2015,34.00,"British Columbia",36.98.13,v53093934
2005,..,"Kelowna, British Columbia",48.98.13,v53093999
2006,1.00,"Kelowna, British Columbia",48.98.13,v53093999
2007,2.00,"Kelowna, British Columbia",48.98.13,v53093999
2008,0.00,"Kelowna, British Columbia",48.98.13,v53093999
2009,0.00,"Kelowna, British Columbia",48.98.13,v53093999
2010,0.00,"Kelowna, British Columbia",48.98.13,v53093999
2011,3.00,"Kelowna, British Columbia",48.98.13,v53093999
2012,0.00,"Kelowna, British Columbia",48.98.13,v53093999
2013,0.00,"Kelowna, British Columbia",48.98.13,v53093999
2014,7.00,"Kelowna, British Columbia",48.98.13,v53093999
2015,9.00,"Kelowna, British Columbia",48.98.13,v53093999
2000,..,"Abbotsford-Mission, British Columbia",39.98.13,v53098017
2001,0.00,"Abbotsford-Mission, British Columbia",39.98.13,v53098017
2002,0.00,"Abbotsford-Mission, British Columbia",39.98.13,v53098017
2003,0.00,"Abbotsford-Mission, British Columbia",39.98.13,v53098017
2004,0.00,"Abbotsford-Mission, British Columbia",39.98.13,v53098017
2005,0.00,"Abbotsford-Mission, British Columbia",39.98.13,v53098017
2006,0.00,"Abbotsford-Mission, British Columbia",39.98.13,v53098017
2007,0.00,"Abbotsford-Mission, British Columbia",39.98.13,v53098017
2008,0.00,"Abbotsford-Mission, British Columbia",39.98.13,v53098017
2009,1.00,"Abbotsford-Mission, British Columbia",39.98.13,v53098017
2010,0.00,"Abbotsford-Mission, British Columbia",39.98.13,v53098017
2011,0.00,"Abbotsford-Mission, British Columbia",39.98.13,v53098017
2012,1.00,"Abbotsford-Mission, British Columbia",39.98.13,v53098017
2013,0.00,"Abbotsford-Mission, British Columbia",39.98.13,v53098017
2014,1.00,"Abbotsford-Mission, British Columbia",39.98.13,v53098017
2015,1.00,"Abbotsford-Mission, British Columbia",39.98.13,v53098017
1998,0.00,"Vancouver, British Columbia",37.98.13,v53098174
1999,0.00,"Vancouver, British Columbia",37.98.13,v53098174
2000,0.00,"Vancouver, British Columbia",37.98.13,v53098174
2001,0.00,"Vancouver, British Columbia",37.98.13,v53098174
2002,2.00,"Vancouver, British Columbia",37.98.13,v53098174
2003,2.00,"Vancouver, British Columbia",37.98.13,v53098174
2004,0.00,"Vancouver, British Columbia",37.98.13,v53098174
2005,0.00,"Vancouver, British Columbia",37.98.13,v53098174
2006,1.00,"Vancouver, British Columbia",37.98.13,v53098174
2007,0.00,"Vancouver, British Columbia",37.98.13,v53098174
2008,0.00,"Vancouver, British Columbia",37.98.13,v53098174
2009,1.00,"Vancouver, British Columbia",37.98.13,v53098174
2010,0.00,"Vancouver, British Columbia",37.98.13,v53098174
2011,16.00,"Vancouver, British Columbia",37.98.13,v53098174
2012,12.00,"Vancouver, British Columbia",37.98.13,v53098174
2013,13.00,"Vancouver, British Columbia",37.98.13,v53098174
2014,15.00,"Vancouver, British Columbia",37.98.13,v53098174
2015,5.00,"Vancouver, British Columbia",37.98.13,v53098174
1998,0.00,"Victoria, British Columbia",38.98.13,v53098344
1999,0.00,"Victoria, British Columbia",38.98.13,v53098344
2000,0.00,"Victoria, British Columbia",38.98.13,v53098344
2001,0.00,"Victoria, British Columbia",38.98.13,v53098344
2002,0.00,"Victoria, British Columbia",38.98.13,v53098344
2003,2.00,"Victoria, British Columbia",38.98.13,v53098344
2004,0.00,"Victoria, British Columbia",38.98.13,v53098344
2005,0.00,"Victoria, British Columbia",38.98.13,v53098344
2006,0.00,"Victoria, British Columbia",38.98.13,v53098344
2007,0.00,"Victoria, British Columbia",38.98.13,v53098344
2008,0.00,"Victoria, British Columbia",38.98.13,v53098344
2009,0.00,"Victoria, British Columbia",38.98.13,v53098344
2010,2.00,"Victoria, British Columbia",38.98.13,v53098344
2011,2.00,"Victoria, British Columbia",38.98.13,v53098344
2012,2.00,"Victoria, British Columbia",38.98.13,v53098344
2013,0.00,"Victoria, British Columbia",38.98.13,v53098344
2014,1.00,"Victoria, British Columbia",38.98.13,v53098344
2015,2.00,"Victoria, British Columbia",38.98.13,v53098344
1998,0.00,"Yukon",40.98.13,v53093722
1999,0.00,"Yukon",40.98.13,v53093722
2000,2.00,"Yukon",40.98.13,v53093722
2001,0.00,"Yukon",40.98.13,v53093722
2002,0.00,"Yukon",40.98.13,v53093722
2003,0.00,"Yukon",40.98.13,v53093722
2004,0.00,"Yukon",40.98.13,v53093722
2005,0.00,"Yukon",40.98.13,v53093722
2006,0.00,"Yukon",40.98.13,v53093722
2007,0.00,"Yukon",40.98.13,v53093722
2008,0.00,"Yukon",40.98.13,v53093722
2009,0.00,"Yukon",40.98.13,v53093722
2010,0.00,"Yukon",40.98.13,v53093722
2011,0.00,"Yukon",40.98.13,v53093722
2012,0.00,"Yukon",40.98.13,v53093722
2013,2.00,"Yukon",40.98.13,v53093722
2014,1.00,"Yukon",40.98.13,v53093722
2015,0.00,"Yukon",40.98.13,v53093722
1998,0.00,"Northwest Territories",41.98.13,v53098715
1999,0.00,"Northwest Territories",41.98.13,v53098715
2000,0.00,"Northwest Territories",41.98.13,v53098715
2001,0.00,"Northwest Territories",41.98.13,v53098715
2002,0.00,"Northwest Territories",41.98.13,v53098715
2003,0.00,"Northwest Territories",41.98.13,v53098715
2004,1.00,"Northwest Territories",41.98.13,v53098715
2005,1.00,"Northwest Territories",41.98.13,v53098715
2006,0.00,"Northwest Territories",41.98.13,v53098715
2007,0.00,"Northwest Territories",41.98.13,v53098715
2008,0.00,"Northwest Territories",41.98.13,v53098715
2009,0.00,"Northwest Territories",41.98.13,v53098715
2010,1.00,"Northwest Territories",41.98.13,v53098715
2011,0.00,"Northwest Territories",41.98.13,v53098715
2012,0.00,"Northwest Territories",41.98.13,v53098715
2013,0.00,"Northwest Territories",41.98.13,v53098715
2014,2.00,"Northwest Territories",41.98.13,v53098715
2015,3.00,"Northwest Territories",41.98.13,v53098715
1998,..,"Nunavut",42.98.13,v53098795
1999,0.00,"Nunavut",42.98.13,v53098795
2000,0.00,"Nunavut",42.98.13,v53098795
2001,0.00,"Nunavut",42.98.13,v53098795
2002,0.00,"Nunavut",42.98.13,v53098795
2003,0.00,"Nunavut",42.98.13,v53098795
2004,0.00,"Nunavut",42.98.13,v53098795
2005,0.00,"Nunavut",42.98.13,v53098795
2006,0.00,"Nunavut",42.98.13,v53098795
2007,0.00,"Nunavut",42.98.13,v53098795
2008,0.00,"Nunavut",42.98.13,v53098795
2009,0.00,"Nunavut",42.98.13,v53098795
2010,0.00,"Nunavut",42.98.13,v53098795
2011,0.00,"Nunavut",42.98.13,v53098795
2012,0.00,"Nunavut",42.98.13,v53098795
2013,0.00,"Nunavut",42.98.13,v53098795
2014,1.00,"Nunavut",42.98.13,v53098795
2015,0.00,"Nunavut",42.98.13,v53098795
1998,1.00,"Canada",1.98.13,v53080051
1999,5.00,"Canada",1.98.13,v53080051
2000,6.00,"Canada",1.98.13,v53080051
2001,9.00,"Canada",1.98.13,v53080051
2002,10.00,"Canada",1.98.13,v53080051
2003,13.00,"Canada",1.98.13,v53080051
2004,21.00,"Canada",1.98.13,v53080051
2005,22.00,"Canada",1.98.13,v53080051
2006,49.00,"Canada",1.98.13,v53080051
2007,63.00,"Canada",1.98.13,v53080051
2008,33.00,"Canada",1.98.13,v53080051
2009,66.00,"Canada",1.98.13,v53080051
2010,129.00,"Canada",1.98.13,v53080051
2011,183.00,"Canada",1.98.13,v53080051
2012,267.00,"Canada",1.98.13,v53080051
2013,379.00,"Canada",1.98.13,v53080051
2014,592.00,"Canada",1.98.13,v53080051
2015,533.00,"Canada",1.98.13,v53080051
1998,0.00,"Newfoundland and Labrador",2.98.13,v53080441
1999,0.00,"Newfoundland and Labrador",2.98.13,v53080441
2000,0.00,"Newfoundland and Labrador",2.98.13,v53080441
2001,0.00,"Newfoundland and Labrador",2.98.13,v53080441
2002,0.00,"Newfoundland and Labrador",2.98.13,v53080441
2003,0.00,"Newfoundland and Labrador",2.98.13,v53080441
2004,0.00,"Newfoundland and Labrador",2.98.13,v53080441
2005,0.00,"Newfoundland and Labrador",2.98.13,v53080441
2006,0.00,"Newfoundland and Labrador",2.98.13,v53080441
2007,1.00,"Newfoundland and Labrador",2.98.13,v53080441
2008,0.00,"Newfoundland and Labrador",2.98.13,v53080441
2009,0.00,"Newfoundland and Labrador",2.98.13,v53080441
2010,0.00,"Newfoundland and Labrador",2.98.13,v53080441
2011,2.00,"Newfoundland and Labrador",2.98.13,v53080441
2012,5.00,"Newfoundland and Labrador",2.98.13,v53080441
2013,2.00,"Newfoundland and Labrador",2.98.13,v53080441
2014,18.00,"Newfoundland and Labrador",2.98.13,v53080441
2015,12.00,"Newfoundland and Labrador",2.98.13,v53080441
1998,0.00,"St. John's, Newfoundland and Labrador",3.98.13,v53081403
1999,0.00,"St. John's, Newfoundland and Labrador",3.98.13,v53081403
2000,0.00,"St. John's, Newfoundland and Labrador",3.98.13,v53081403
2001,0.00,"St. John's, Newfoundland and Labrador",3.98.13,v53081403
2002,0.00,"St. John's, Newfoundland and Labrador",3.98.13,v53081403
2003,0.00,"St. John's, Newfoundland and Labrador",3.98.13,v53081403
2004,0.00,"St. John's, Newfoundland and Labrador",3.98.13,v53081403
2005,0.00,"St. John's, Newfoundland and Labrador",3.98.13,v53081403
2006,0.00,"St. John's, Newfoundland and Labrador",3.98.13,v53081403
2007,0.00,"St. John's, Newfoundland and Labrador",3.98.13,v53081403
2008,0.00,"St. John's, Newfoundland and Labrador",3.98.13,v53081403
2009,0.00,"St. John's, Newfoundland and Labrador",3.98.13,v53081403
2010,0.00,"St. John's, Newfoundland and Labrador",3.98.13,v53081403
2011,0.00,"St. John's, Newfoundland and Labrador",3.98.13,v53081403
2012,1.00,"St. John's, Newfoundland and Labrador",3.98.13,v53081403
2013,0.00,"St. John's, Newfoundland and Labrador",3.98.13,v53081403
2014,1.00,"St. John's, Newfoundland and Labrador",3.98.13,v53081403
2015,1.00,"St. John's, Newfoundland and Labrador",3.98.13,v53081403
1998,0.00,"Prince Edward Island",4.98.13,v53080882
1999,0.00,"Prince Edward Island",4.98.13,v53080882
2000,0.00,"Prince Edward Island",4.98.13,v53080882
2001,0.00,"Prince Edward Island",4.98.13,v53080882
2002,0.00,"Prince Edward Island",4.98.13,v53080882
2003,0.00,"Prince Edward Island",4.98.13,v53080882
2004,0.00,"Prince Edward Island",4.98.13,v53080882
2005,0.00,"Prince Edward Island",4.98.13,v53080882
2006,0.00,"Prince Edward Island",4.98.13,v53080882
2007,0.00,"Prince Edward Island",4.98.13,v53080882
2008,1.00,"Prince Edward Island",4.98.13,v53080882
2009,2.00,"Prince Edward Island",4.98.13,v53080882
2010,2.00,"Prince Edward Island",4.98.13,v53080882
2011,2.00,"Prince Edward Island",4.98.13,v53080882
2012,2.00,"Prince Edward Island",4.98.13,v53080882
2013,2.00,"Prince Edward Island",4.98.13,v53080882
2014,3.00,"Prince Edward Island",4.98.13,v53080882
2015,0.00,"Prince Edward Island",4.98.13,v53080882
1998,0.00,"Nova Scotia",5.98.13,v53083074
1999,0.00,"Nova Scotia",5.98.13,v53083074
2000,0.00,"Nova Scotia",5.98.13,v53083074
2001,0.00,"Nova Scotia",5.98.13,v53083074
2002,3.00,"Nova Scotia",5.98.13,v53083074
2003,0.00,"Nova Scotia",5.98.13,v53083074
2004,0.00,"Nova Scotia",5.98.13,v53083074
2005,1.00,"Nova Scotia",5.98.13,v53083074
2006,1.00,"Nova Scotia",5.98.13,v53083074
2007,0.00,"Nova Scotia",5.98.13,v53083074
2008,3.00,"Nova Scotia",5.98.13,v53083074
2009,3.00,"Nova Scotia",5.98.13,v53083074
2010,7.00,"Nova Scotia",5.98.13,v53083074
2011,12.00,"Nova Scotia",5.98.13,v53083074
2012,13.00,"Nova Scotia",5.98.13,v53083074
2013,19.00,"Nova Scotia",5.98.13,v53083074
2014,39.00,"Nova Scotia",5.98.13,v53083074
2015,26.00,"Nova Scotia",5.98.13,v53083074
1998,0.00,"Halifax, Nova Scotia",6.98.13,v53083235
1999,0.00,"Halifax, Nova Scotia",6.98.13,v53083235
2000,0.00,"Halifax, Nova Scotia",6.98.13,v53083235
2001,0.00,"Halifax, Nova Scotia",6.98.13,v53083235
2002,2.00,"Halifax, Nova Scotia",6.98.13,v53083235
2003,0.00,"Halifax, Nova Scotia",6.98.13,v53083235
2004,0.00,"Halifax, Nova Scotia",6.98.13,v53083235
2005,1.00,"Halifax, Nova Scotia",6.98.13,v53083235
2006,1.00,"Halifax, Nova Scotia",6.98.13,v53083235
2007,0.00,"Halifax, Nova Scotia",6.98.13,v53083235
2008,0.00,"Halifax, Nova Scotia",6.98.13,v53083235
2009,0.00,"Halifax, Nova Scotia",6.98.13,v53083235
2010,2.00,"Halifax, Nova Scotia",6.98.13,v53083235
2011,0.00,"Halifax, Nova Scotia",6.98.13,v53083235
2012,1.00,"Halifax, Nova Scotia",6.98.13,v53083235
2013,1.00,"Halifax, Nova Scotia",6.98.13,v53083235
2014,0.00,"Halifax, Nova Scotia",6.98.13,v53083235
2015,5.00,"Halifax, Nova Scotia",6.98.13,v53083235
1998,0.00,"New Brunswick",7.98.13,v53081864
1999,0.00,"New Brunswick",7.98.13,v53081864
2000,0.00,"New Brunswick",7.98.13,v53081864
2001,0.00,"New Brunswick",7.98.13,v53081864
2002,0.00,"New Brunswick",7.98.13,v53081864
2003,0.00,"New Brunswick",7.98.13,v53081864
2004,0.00,"New Brunswick",7.98.13,v53081864
2005,0.00,"New Brunswick",7.98.13,v53081864
2006,2.00,"New Brunswick",7.98.13,v53081864
2007,6.00,"New Brunswick",7.98.13,v53081864
2008,2.00,"New Brunswick",7.98.13,v53081864
2009,1.00,"New Brunswick",7.98.13,v53081864
2010,2.00,"New Brunswick",7.98.13,v53081864
2011,4.00,"New Brunswick",7.98.13,v53081864
2012,9.00,"New Brunswick",7.98.13,v53081864
2013,23.00,"New Brunswick",7.98.13,v53081864
2014,23.00,"New Brunswick",7.98.13,v53081864
2015,20.00,"New Brunswick",7.98.13,v53081864
2005,..,"Moncton, New Brunswick",43.98.13,v53082818
2006,0.00,"Moncton, New Brunswick",43.98.13,v53082818
2007,2.00,"Moncton, New Brunswick",43.98.13,v53082818
2008,0.00,"Moncton, New Brunswick",43.98.13,v53082818
2009,0.00,"Moncton, New Brunswick",43.98.13,v53082818
2010,1.00,"Moncton, New Brunswick",43.98.13,v53082818
2011,1.00,"Moncton, New Brunswick",43.98.13,v53082818
2012,3.00,"Moncton, New Brunswick",43.98.13,v53082818
2013,7.00,"Moncton, New Brunswick",43.98.13,v53082818
2014,0.00,"Moncton, New Brunswick",43.98.13,v53082818
2015,11.00,"Moncton, New Brunswick",43.98.13,v53082818
1998,0.00,"Saint John, New Brunswick",8.98.13,v53083832
1999,0.00,"Saint John, New Brunswick",8.98.13,v53083832
2000,0.00,"Saint John, New Brunswick",8.98.13,v53083832
2001,0.00,"Saint John, New Brunswick",8.98.13,v53083832
2002,0.00,"Saint John, New Brunswick",8.98.13,v53083832
2003,0.00,"Saint John, New Brunswick",8.98.13,v53083832
2004,0.00,"Saint John, New Brunswick",8.98.13,v53083832
2005,0.00,"Saint John, New Brunswick",8.98.13,v53083832
2006,0.00,"Saint John, New Brunswick",8.98.13,v53083832
2007,0.00,"Saint John, New Brunswick",8.98.13,v53083832
2008,0.00,"Saint John, New Brunswick",8.98.13,v53083832
2009,0.00,"Saint John, New Brunswick",8.98.13,v53083832
2010,0.00,"Saint John, New Brunswick",8.98.13,v53083832
2011,0.00,"Saint John, New Brunswick",8.98.13,v53083832
2012,4.00,"Saint John, New Brunswick",8.98.13,v53083832
2013,5.00,"Saint John, New Brunswick",8.98.13,v53083832
2014,0.00,"Saint John, New Brunswick",8.98.13,v53083832
2015,6.00,"Saint John, New Brunswick",8.98.13,v53083832
1998,0.00,"Quebec",9.98.13,v53086039
1999,2.00,"Quebec",9.98.13,v53086039
2000,2.00,"Quebec",9.98.13,v53086039
2001,3.00,"Quebec",9.98.13,v53086039
2002,3.00,"Quebec",9.98.13,v53086039
2003,4.00,"Quebec",9.98.13,v53086039
2004,5.00,"Quebec",9.98.13,v53086039
2005,10.00,"Quebec",9.98.13,v53086039
2006,29.00,"Quebec",9.98.13,v53086039
2007,17.00,"Quebec",9.98.13,v53086039
2008,10.00,"Quebec",9.98.13,v53086039
2009,9.00,"Quebec",9.98.13,v53086039
2010,23.00,"Quebec",9.98.13,v53086039
2011,7.00,"Quebec",9.98.13,v53086039
2012,12.00,"Quebec",9.98.13,v53086039
2013,52.00,"Quebec",9.98.13,v53086039
2014,128.00,"Quebec",9.98.13,v53086039
2015,143.00,"Quebec",9.98.13,v53086039
1998,0.00,"Saguenay, Quebec",10.98.13,v53084286
1999,0.00,"Saguenay, Quebec",10.98.13,v53084286
2000,..,"Saguenay, Quebec",10.98.13,v53084286
2001,0.00,"Saguenay, Quebec",10.98.13,v53084286
2002,0.00,"Saguenay, Quebec",10.98.13,v53084286
2003,0.00,"Saguenay, Quebec",10.98.13,v53084286
2004,0.00,"Saguenay, Quebec",10.98.13,v53084286
2005,0.00,"Saguenay, Quebec",10.98.13,v53084286
2006,0.00,"Saguenay, Quebec",10.98.13,v53084286
2007,0.00,"Saguenay, Quebec",10.98.13,v53084286
2008,1.00,"Saguenay, Quebec",10.98.13,v53084286
2009,0.00,"Saguenay, Quebec",10.98.13,v53084286
2010,2.00,"Saguenay, Quebec",10.98.13,v53084286
2011,0.00,"Saguenay, Quebec",10.98.13,v53084286
2012,1.00,"Saguenay, Quebec",10.98.13,v53084286
2013,0.00,"Saguenay, Quebec",10.98.13,v53084286
2014,1.00,"Saguenay, Quebec",10.98.13,v53084286
2015,4.00,"Saguenay, Quebec",10.98.13,v53084286
1998,0.00,"Quebec, Quebec",11.98.13,v53085195
1999,0.00,"Quebec, Quebec",11.98.13,v53085195
2000,0.00,"Quebec, Quebec",11.98.13,v53085195
2001,0.00,"Quebec, Quebec",11.98.13,v53085195
2002,0.00,"Quebec, Quebec",11.98.13,v53085195
2003,0.00,"Quebec, Quebec",11.98.13,v53085195
2004,0.00,"Quebec, Quebec",11.98.13,v53085195
2005,0.00,"Quebec, Quebec",11.98.13,v53085195
2006,0.00,"Quebec, Quebec",11.98.13,v53085195
2007,0.00,"Quebec, Quebec",11.98.13,v53085195
2008,0.00,"Quebec, Quebec",11.98.13,v53085195
2009,1.00,"Quebec, Quebec",11.98.13,v53085195
2010,0.00,"Quebec, Quebec",11.98.13,v53085195
2011,0.00,"Quebec, Quebec",11.98.13,v53085195
2012,0.00,"Quebec, Quebec",11.98.13,v53085195
2013,3.00,"Quebec, Quebec",11.98.13,v53085195
2014,13.00,"Quebec, Quebec",11.98.13,v53085195
2015,5.00,"Quebec, Quebec",11.98.13,v53085195
1998,0.00,"Sherbrooke, Quebec",12.98.13,v53086786
1999,0.00,"Sherbrooke, Quebec",12.98.13,v53086786
2000,0.00,"Sherbrooke, Quebec",12.98.13,v53086786
2001,..,"Sherbrooke, Quebec",12.98.13,v53086786
2002,0.00,"Sherbrooke, Quebec",12.98.13,v53086786
2003,0.00,"Sherbrooke, Quebec",12.98.13,v53086786
2004,0.00,"Sherbrooke, Quebec",12.98.13,v53086786
2005,0.00,"Sherbrooke, Quebec",12.98.13,v53086786
2006,0.00,"Sherbrooke, Quebec",12.98.13,v53086786
2007,1.00,"Sherbrooke, Quebec",12.98.13,v53086786
2008,1.00,"Sherbrooke, Quebec",12.98.13,v53086786
2009,2.00,"Sherbrooke, Quebec",12.98.13,v53086786
2010,4.00,"Sherbrooke, Quebec",12.98.13,v53086786
2011,0.00,"Sherbrooke, Quebec",12.98.13,v53086786
2012,2.00,"Sherbrooke, Quebec",12.98.13,v53086786
2013,2.00,"Sherbrooke, Quebec",12.98.13,v53086786
2014,4.00,"Sherbrooke, Quebec",12.98.13,v53086786
2015,5.00,"Sherbrooke, Quebec",12.98.13,v53086786
1998,0.00,"Montreal, Quebec",14.98.13,v53084602
1999,2.00,"Montreal, Quebec",14.98.13,v53084602
2000,1.00,"Montreal, Quebec",14.98.13,v53084602
2001,2.00,"Montreal, Quebec",14.98.13,v53084602
2002,1.00,"Montreal, Quebec",14.98.13,v53084602
2003,4.00,"Montreal, Quebec",14.98.13,v53084602
2004,1.00,"Montreal, Quebec",14.98.13,v53084602
2005,6.00,"Montreal, Quebec",14.98.13,v53084602
2006,5.00,"Montreal, Quebec",14.98.13,v53084602
2007,5.00,"Montreal, Quebec",14.98.13,v53084602
2008,3.00,"Montreal, Quebec",14.98.13,v53084602
2009,0.00,"Montreal, Quebec",14.98.13,v53084602
2010,14.00,"Montreal, Quebec",14.98.13,v53084602
2011,3.00,"Montreal, Quebec",14.98.13,v53084602
2012,3.00,"Montreal, Quebec",14.98.13,v53084602
2013,19.00,"Montreal, Quebec",14.98.13,v53084602
2014,30.00,"Montreal, Quebec",14.98.13,v53084602
2015,60.00,"Montreal, Quebec",14.98.13,v53084602
1998,0.00,"Ottawa-Gatineau, Quebec part",15.98.13,v53084689
1999,0.00,"Ottawa-Gatineau, Quebec part",15.98.13,v53084689
2000,0.00,"Ottawa-Gatineau, Quebec part",15.98.13,v53084689
2001,0.00,"Ottawa-Gatineau, Quebec part",15.98.13,v53084689
2002,1.00,"Ottawa-Gatineau, Quebec part",15.98.13,v53084689
2003,0.00,"Ottawa-Gatineau, Quebec part",15.98.13,v53084689
2004,0.00,"Ottawa-Gatineau, Quebec part",15.98.13,v53084689
2005,0.00,"Ottawa-Gatineau, Quebec part",15.98.13,v53084689
2006,0.00,"Ottawa-Gatineau, Quebec part",15.98.13,v53084689
2007,0.00,"Ottawa-Gatineau, Quebec part",15.98.13,v53084689
2008,0.00,"Ottawa-Gatineau, Quebec part",15.98.13,v53084689
2009,4.00,"Ottawa-Gatineau, Quebec part",15.98.13,v53084689
2010,0.00,"Ottawa-Gatineau, Quebec part",15.98.13,v53084689
2011,1.00,"Ottawa-Gatineau, Quebec part",15.98.13,v53084689
2012,1.00,"Ottawa-Gatineau, Quebec part",15.98.13,v53084689
2013,0.00,"Ottawa-Gatineau, Quebec part",15.98.13,v53084689
2014,14.00,"Ottawa-Gatineau, Quebec part",15.98.13,v53084689
2015,9.00,"Ottawa-Gatineau, Quebec part",15.98.13,v53084689
1998,1.00,"Ontario",16.98.13,v53085739
1999,3.00,"Ontario",16.98.13,v53085739
2000,1.00,"Ontario",16.98.13,v53085739
2001,5.00,"Ontario",16.98.13,v53085739
2002,0.00,"Ontario",16.98.13,v53085739
2003,3.00,"Ontario",16.98.13,v53085739
2004,7.00,"Ontario",16.98.13,v53085739
2005,7.00,"Ontario",16.98.13,v53085739
2006,8.00,"Ontario",16.98.13,v53085739
2007,13.00,"Ontario",16.98.13,v53085739
2008,11.00,"Ontario",16.98.13,v53085739
2009,24.00,"Ontario",16.98.13,v53085739
2010,48.00,"Ontario",16.98.13,v53085739
2011,72.00,"Ontario",16.98.13,v53085739
2012,148.00,"Ontario",16.98.13,v53085739
2013,164.00,"Ontario",16.98.13,v53085739
2014,247.00,"Ontario",16.98.13,v53085739
2015,208.00,"Ontario",16.98.13,v53085739
1998,0.00,"Ottawa-Gatineau, Ontario/Quebec",17.98.13,v53080283
1999,0.00,"Ottawa-Gatineau, Ontario/Quebec",17.98.13,v53080283
2000,0.00,"Ottawa-Gatineau, Ontario/Quebec",17.98.13,v53080283
2001,0.00,"Ottawa-Gatineau, Ontario/Quebec",17.98.13,v53080283
2002,1.00,"Ottawa-Gatineau, Ontario/Quebec",17.98.13,v53080283
2003,0.00,"Ottawa-Gatineau, Ontario/Quebec",17.98.13,v53080283
2004,0.00,"Ottawa-Gatineau, Ontario/Quebec",17.98.13,v53080283
2005,0.00,"Ottawa-Gatineau, Ontario/Quebec",17.98.13,v53080283
2006,0.00,"Ottawa-Gatineau, Ontario/Quebec",17.98.13,v53080283
2007,0.00,"Ottawa-Gatineau, Ontario/Quebec",17.98.13,v53080283
2008,0.00,"Ottawa-Gatineau, Ontario/Quebec",17.98.13,v53080283
2009,4.00,"Ottawa-Gatineau, Ontario/Quebec",17.98.13,v53080283
2010,4.00,"Ottawa-Gatineau, Ontario/Quebec",17.98.13,v53080283
2011,14.00,"Ottawa-Gatineau, Ontario/Quebec",17.98.13,v53080283
2012,17.00,"Ottawa-Gatineau, Ontario/Quebec",17.98.13,v53080283
2013,11.00,"Ottawa-Gatineau, Ontario/Quebec",17.98.13,v53080283
2014,49.00,"Ottawa-Gatineau, Ontario/Quebec",17.98.13,v53080283
2015,17.00,"Ottawa-Gatineau, Ontario/Quebec",17.98.13,v53080283
1998,0.00,"Ottawa-Gatineau, Ontario part",18.98.13,v53085834
1999,..,"Ottawa-Gatineau, Ontario part",18.98.13,v53085834
2000,..,"Ottawa-Gatineau, Ontario part",18.98.13,v53085834
2001,0.00,"Ottawa-Gatineau, Ontario part",18.98.13,v53085834
2002,0.00,"Ottawa-Gatineau, Ontario part",18.98.13,v53085834
2003,0.00,"Ottawa-Gatineau, Ontario part",18.98.13,v53085834
2004,0.00,"Ottawa-Gatineau, Ontario part",18.98.13,v53085834
2005,0.00,"Ottawa-Gatineau, Ontario part",18.98.13,v53085834
2006,0.00,"Ottawa-Gatineau, Ontario part",18.98.13,v53085834
2007,0.00,"Ottawa-Gatineau, Ontario part",18.98.13,v53085834
2008,0.00,"Ottawa-Gatineau, Ontario part",18.98.13,v53085834
2009,0.00,"Ottawa-Gatineau, Ontario part",18.98.13,v53085834
2010,4.00,"Ottawa-Gatineau, Ontario part",18.98.13,v53085834
2011,13.00,"Ottawa-Gatineau, Ontario part",18.98.13,v53085834
2012,16.00,"Ottawa-Gatineau, Ontario part",18.98.13,v53085834
2013,11.00,"Ottawa-Gatineau, Ontario part",18.98.13,v53085834
2014,35.00,"Ottawa-Gatineau, Ontario part",18.98.13,v53085834
2015,8.00,"Ottawa-Gatineau, Ontario part",18.98.13,v53085834
2000,..,"Kingston, Ontario",27.98.13,v53090125
2001,0.00,"Kingston, Ontario",27.98.13,v53090125
2002,0.00,"Kingston, Ontario",27.98.13,v53090125
2003,0.00,"Kingston, Ontario",27.98.13,v53090125
2004,0.00,"Kingston, Ontario",27.98.13,v53090125
2005,0.00,"Kingston, Ontario",27.98.13,v53090125
2006,0.00,"Kingston, Ontario",27.98.13,v53090125
2007,0.00,"Kingston, Ontario",27.98.13,v53090125
2008,0.00,"Kingston, Ontario",27.98.13,v53090125
2009,1.00,"Kingston, Ontario",27.98.13,v53090125
2010,1.00,"Kingston, Ontario",27.98.13,v53090125
2011,1.00,"Kingston, Ontario",27.98.13,v53090125
2012,0.00,"Kingston, Ontario",27.98.13,v53090125
2013,1.00,"Kingston, Ontario",27.98.13,v53090125
2014,3.00,"Kingston, Ontario",27.98.13,v53090125
2015,0.00,"Kingston, Ontario",27.98.13,v53090125
2005,..,"Peterborough, Ontario",44.98.13,v53092193
2006,0.00,"Peterborough, Ontario",44.98.13,v53092193
2007,0.00,"Peterborough, Ontario",44.98.13,v53092193
2008,0.00,"Peterborough, Ontario",44.98.13,v53092193
2009,0.00,"Peterborough, Ontario",44.98.13,v53092193
2010,0.00,"Peterborough, Ontario",44.98.13,v53092193
2011,0.00,"Peterborough, Ontario",44.98.13,v53092193
2012,1.00,"Peterborough, Ontario",44.98.13,v53092193
2013,0.00,"Peterborough, Ontario",44.98.13,v53092193
2014,0.00,"Peterborough, Ontario",44.98.13,v53092193
2015,0.00,"Peterborough, Ontario",44.98.13,v53092193
1998,1.00,"Toronto, Ontario",19.98.13,v53087297
1999,1.00,"Toronto, Ontario",19.98.13,v53087297
2000,1.00,"Toronto, Ontario",19.98.13,v53087297
2001,0.00,"Toronto, Ontario",19.98.13,v53087297
2002,0.00,"Toronto, Ontario",19.98.13,v53087297
2003,1.00,"Toronto, Ontario",19.98.13,v53087297
2004,1.00,"Toronto, Ontario",19.98.13,v53087297
2005,1.00,"Toronto, Ontario",19.98.13,v53087297
2006,1.00,"Toronto, Ontario",19.98.13,v53087297
2007,3.00,"Toronto, Ontario",19.98.13,v53087297
2008,3.00,"Toronto, Ontario",19.98.13,v53087297
2009,6.00,"Toronto, Ontario",19.98.13,v53087297
2010,11.00,"Toronto, Ontario",19.98.13,v53087297
2011,24.00,"Toronto, Ontario",19.98.13,v53087297
2012,43.00,"Toronto, Ontario",19.98.13,v53087297
2013,19.00,"Toronto, Ontario",19.98.13,v53087297
2014,61.00,"Toronto, Ontario",19.98.13,v53087297
2015,60.00,"Toronto, Ontario",19.98.13,v53087297
1998,0.00,"Hamilton, Ontario",20.98.13,v53087370
1999,0.00,"Hamilton, Ontario",20.98.13,v53087370
2000,0.00,"Hamilton, Ontario",20.98.13,v53087370
2001,0.00,"Hamilton, Ontario",20.98.13,v53087370
2002,0.00,"Hamilton, Ontario",20.98.13,v53087370
2003,0.00,"Hamilton, Ontario",20.98.13,v53087370
2004,0.00,"Hamilton, Ontario",20.98.13,v53087370
2005,0.00,"Hamilton, Ontario",20.98.13,v53087370
2006,1.00,"Hamilton, Ontario",20.98.13,v53087370
2007,0.00,"Hamilton, Ontario",20.98.13,v53087370
2008,2.00,"Hamilton, Ontario",20.98.13,v53087370
2009,3.00,"Hamilton, Ontario",20.98.13,v53087370
2010,2.00,"Hamilton, Ontario",20.98.13,v53087370
2011,4.00,"Hamilton, Ontario",20.98.13,v53087370
2012,18.00,"Hamilton, Ontario",20.98.13,v53087370
2013,12.00,"Hamilton, Ontario",20.98.13,v53087370
2014,20.00,"Hamilton, Ontario",20.98.13,v53087370
2015,10.00,"Hamilton, Ontario",20.98.13,v53087370
1998,0.00,"St.Catharines-Niagara, Ontario",21.98.13,v53088392
1999,0.00,"St.Catharines-Niagara, Ontario",21.98.13,v53088392
2000,0.00,"St.Catharines-Niagara, Ontario",21.98.13,v53088392
2001,0.00,"St.Catharines-Niagara, Ontario",21.98.13,v53088392
2002,0.00,"St.Catharines-Niagara, Ontario",21.98.13,v53088392
2003,0.00,"St.Catharines-Niagara, Ontario",21.98.13,v53088392
2004,0.00,"St.Catharines-Niagara, Ontario",21.98.13,v53088392
2005,1.00,"St.Catharines-Niagara, Ontario",21.98.13,v53088392
2006,1.00,"St.Catharines-Niagara, Ontario",21.98.13,v53088392
2007,3.00,"St.Catharines-Niagara, Ontario",21.98.13,v53088392
2008,0.00,"St.Catharines-Niagara, Ontario",21.98.13,v53088392
2009,6.00,"St.Catharines-Niagara, Ontario",21.98.13,v53088392
2010,8.00,"St.Catharines-Niagara, Ontario",21.98.13,v53088392
2011,5.00,"St.Catharines-Niagara, Ontario",21.98.13,v53088392
2012,9.00,"St.Catharines-Niagara, Ontario",21.98.13,v53088392
2013,18.00,"St.Catharines-Niagara, Ontario",21.98.13,v53088392
2014,14.00,"St.Catharines-Niagara, Ontario",21.98.13,v53088392
2015,8.00,"St.Catharines-Niagara, Ontario",21.98.13,v53088392
1998,0.00,"Kitchener-Cambridge-Waterloo, Ontario",22.98.13,v53093062
1999,0.00,"Kitchener-Cambridge-Waterloo, Ontario",22.98.13,v53093062
2000,0.00,"Kitchener-Cambridge-Waterloo, Ontario",22.98.13,v53093062
2001,0.00,"Kitchener-Cambridge-Waterloo, Ontario",22.98.13,v53093062
2002,0.00,"Kitchener-Cambridge-Waterloo, Ontario",22.98.13,v53093062
2003,0.00,"Kitchener-Cambridge-Waterloo, Ontario",22.98.13,v53093062
2004,0.00,"Kitchener-Cambridge-Waterloo, Ontario",22.98.13,v53093062
2005,2.00,"Kitchener-Cambridge-Waterloo, Ontario",22.98.13,v53093062
2006,0.00,"Kitchener-Cambridge-Waterloo, Ontario",22.98.13,v53093062
2007,0.00,"Kitchener-Cambridge-Waterloo, Ontario",22.98.13,v53093062
2008,1.00,"Kitchener-Cambridge-Waterloo, Ontario",22.98.13,v53093062
2009,0.00,"Kitchener-Cambridge-Waterloo, Ontario",22.98.13,v53093062
2010,6.00,"Kitchener-Cambridge-Waterloo, Ontario",22.98.13,v53093062
2011,4.00,"Kitchener-Cambridge-Waterloo, Ontario",22.98.13,v53093062
2012,9.00,"Kitchener-Cambridge-Waterloo, Ontario",22.98.13,v53093062
2013,9.00,"Kitchener-Cambridge-Waterloo, Ontario",22.98.13,v53093062
2014,16.00,"Kitchener-Cambridge-Waterloo, Ontario",22.98.13,v53093062
2015,14.00,"Kitchener-Cambridge-Waterloo, Ontario",22.98.13,v53093062
2005,..,"Brantford, Ontario",45.98.13,v53094612
2006,0.00,"Brantford, Ontario",45.98.13,v53094612
2007,1.00,"Brantford, Ontario",45.98.13,v53094612
2008,0.00,"Brantford, Ontario",45.98.13,v53094612
2009,0.00,"Brantford, Ontario",45.98.13,v53094612
2010,0.00,"Brantford, Ontario",45.98.13,v53094612
2011,0.00,"Brantford, Ontario",45.98.13,v53094612
2012,5.00,"Brantford, Ontario",45.98.13,v53094612
2013,5.00,"Brantford, Ontario",45.98.13,v53094612
2014,4.00,"Brantford, Ontario",45.98.13,v53094612
2015,3.00,"Brantford, Ontario",45.98.13,v53094612
2006,0.00,"Guelph, Ontario",46.98.13,v53088728
2007,0.00,"Guelph, Ontario",46.98.13,v53088728
2008,0.00,"Guelph, Ontario",46.98.13,v53088728
2009,1.00,"Guelph, Ontario",46.98.13,v53088728
2010,0.00,"Guelph, Ontario",46.98.13,v53088728
2011,0.00,"Guelph, Ontario",46.98.13,v53088728
2012,0.00,"Guelph, Ontario",46.98.13,v53088728
2013,10.00,"Guelph, Ontario",46.98.13,v53088728
2014,3.00,"Guelph, Ontario",46.98.13,v53088728
2015,4.00,"Guelph, Ontario",46.98.13,v53088728
1998,0.00,"London, Ontario",23.98.13,v53095012
1999,1.00,"London, Ontario",23.98.13,v53095012
2000,0.00,"London, Ontario",23.98.13,v53095012
2001,2.00,"London, Ontario",23.98.13,v53095012
2002,0.00,"London, Ontario",23.98.13,v53095012
2003,1.00,"London, Ontario",23.98.13,v53095012
2004,0.00,"London, Ontario",23.98.13,v53095012
2005,0.00,"London, Ontario",23.98.13,v53095012
2006,0.00,"London, Ontario",23.98.13,v53095012
2007,0.00,"London, Ontario",23.98.13,v53095012
2008,0.00,"London, Ontario",23.98.13,v53095012
2009,0.00,"London, Ontario",23.98.13,v53095012
2010,0.00,"London, Ontario",23.98.13,v53095012
2011,0.00,"London, Ontario",23.98.13,v53095012
2012,10.00,"London, Ontario",23.98.13,v53095012
2013,13.00,"London, Ontario",23.98.13,v53095012
2014,14.00,"London, Ontario",23.98.13,v53095012
2015,13.00,"London, Ontario",23.98.13,v53095012
1998,0.00,"Windsor, Ontario",24.98.13,v53095109
1999,0.00,"Windsor, Ontario",24.98.13,v53095109
2000,0.00,"Windsor, Ontario",24.98.13,v53095109
2001,0.00,"Windsor, Ontario",24.98.13,v53095109
2002,0.00,"Windsor, Ontario",24.98.13,v53095109
2003,1.00,"Windsor, Ontario",24.98.13,v53095109
2004,0.00,"Windsor, Ontario",24.98.13,v53095109
2005,0.00,"Windsor, Ontario",24.98.13,v53095109
2006,1.00,"Windsor, Ontario",24.98.13,v53095109
2007,0.00,"Windsor, Ontario",24.98.13,v53095109
2008,0.00,"Windsor, Ontario",24.98.13,v53095109
2009,0.00,"Windsor, Ontario",24.98.13,v53095109
2010,0.00,"Windsor, Ontario",24.98.13,v53095109
2011,3.00,"Windsor, Ontario",24.98.13,v53095109
2012,5.00,"Windsor, Ontario",24.98.13,v53095109
2013,5.00,"Windsor, Ontario",24.98.13,v53095109
2014,5.00,"Windsor, Ontario",24.98.13,v53095109
2015,1.00,"Windsor, Ontario",24.98.13,v53095109
2005,..,"Barrie, Ontario",47.98.13,v53089007
2006,0.00,"Barrie, Ontario",47.98.13,v53089007
2007,1.00,"Barrie, Ontario",47.98.13,v53089007
2008,1.00,"Barrie, Ontario",47.98.13,v53089007
2009,0.00,"Barrie, Ontario",47.98.13,v53089007
2010,0.00,"Barrie, Ontario",47.98.13,v53089007
2011,0.00,"Barrie, Ontario",47.98.13,v53089007
2012,0.00,"Barrie, Ontario",47.98.13,v53089007
2013,0.00,"Barrie, Ontario",47.98.13,v53089007
2014,0.00,"Barrie, Ontario",47.98.13,v53089007
2015,0.00,"Barrie, Ontario",47.98.13,v53089007
1998,0.00,"Sudbury, Ontario",25.98.13,v53095474
1999,0.00,"Sudbury, Ontario",25.98.13,v53095474
2000,0.00,"Sudbury, Ontario",25.98.13,v53095474
2001,0.00,"Sudbury, Ontario",25.98.13,v53095474
2002,0.00,"Sudbury, Ontario",25.98.13,v53095474
2003,0.00,"Sudbury, Ontario",25.98.13,v53095474
2004,1.00,"Sudbury, Ontario",25.98.13,v53095474
2005,0.00,"Sudbury, Ontario",25.98.13,v53095474
2006,0.00,"Sudbury, Ontario",25.98.13,v53095474
2007,3.00,"Sudbury, Ontario",25.98.13,v53095474
2008,0.00,"Sudbury, Ontario",25.98.13,v53095474
2009,0.00,"Sudbury, Ontario",25.98.13,v53095474
2010,1.00,"Sudbury, Ontario",25.98.13,v53095474
2011,0.00,"Sudbury, Ontario",25.98.13,v53095474
2012,2.00,"Sudbury, Ontario",25.98.13,v53095474
2013,6.00,"Sudbury, Ontario",25.98.13,v53095474
2014,6.00,"Sudbury, Ontario",25.98.13,v53095474
2015,14.00,"Sudbury, Ontario",25.98.13,v53095474
1998,0.00,"Thunder Bay, Ontario",26.98.13,v53095547
1999,0.00,"Thunder Bay, Ontario",26.98.13,v53095547
2000,0.00,"Thunder Bay, Ontario",26.98.13,v53095547
2001,1.00,"Thunder Bay, Ontario",26.98.13,v53095547
2002,0.00,"Thunder Bay, Ontario",26.98.13,v53095547
2003,0.00,"Thunder Bay, Ontario",26.98.13,v53095547
2004,0.00,"Thunder Bay, Ontario",26.98.13,v53095547
2005,0.00,"Thunder Bay, Ontario",26.98.13,v53095547
2006,0.00,"Thunder Bay, Ontario",26.98.13,v53095547
2007,0.00,"Thunder Bay, Ontario",26.98.13,v53095547
2008,1.00,"Thunder Bay, Ontario",26.98.13,v53095547
2009,0.00,"Thunder Bay, Ontario",26.98.13,v53095547
2010,0.00,"Thunder Bay, Ontario",26.98.13,v53095547
2011,0.00,"Thunder Bay, Ontario",26.98.13,v53095547
2012,0.00,"Thunder Bay, Ontario",26.98.13,v53095547
2013,7.00,"Thunder Bay, Ontario",26.98.13,v53095547
2014,3.00,"Thunder Bay, Ontario",26.98.13,v53095547
2015,4.00,"Thunder Bay, Ontario",26.98.13,v53095547
1998,0.00,"Manitoba",28.98.13,v53090309
1999,0.00,"Manitoba",28.98.13,v53090309
2000,0.00,"Manitoba",28.98.13,v53090309
2001,0.00,"Manitoba",28.98.13,v53090309
2002,0.00,"Manitoba",28.98.13,v53090309
2003,0.00,"Manitoba",28.98.13,v53090309
2004,0.00,"Manitoba",28.98.13,v53090309
2005,1.00,"Manitoba",28.98.13,v53090309
2006,0.00,"Manitoba",28.98.13,v53090309
2007,1.00,"Manitoba",28.98.13,v53090309
2008,0.00,"Manitoba",28.98.13,v53090309
2009,1.00,"Manitoba",28.98.13,v53090309
2010,2.00,"Manitoba",28.98.13,v53090309
2011,3.00,"Manitoba",28.98.13,v53090309
2012,10.00,"Manitoba",28.98.13,v53090309
2013,22.00,"Manitoba",28.98.13,v53090309
2014,19.00,"Manitoba",28.98.13,v53090309
2015,23.00,"Manitoba",28.98.13,v53090309
1998,0.00,"Winnipeg, Manitoba",29.98.13,v53091339
1999,0.00,"Winnipeg, Manitoba",29.98.13,v53091339
2000,0.00,"Winnipeg, Manitoba",29.98.13,v53091339
2001,0.00,"Winnipeg, Manitoba",29.98.13,v53091339
2002,..,"Winnipeg, Manitoba",29.98.13,v53091339
2003,0.00,"Winnipeg, Manitoba",29.98.13,v53091339
2004,0.00,"Winnipeg, Manitoba",29.98.13,v53091339
2005,1.00,"Winnipeg, Manitoba",29.98.13,v53091339
2006,0.00,"Winnipeg, Manitoba",29.98.13,v53091339
2007,1.00,"Winnipeg, Manitoba",29.98.13,v53091339
2008,0.00,"Winnipeg, Manitoba",29.98.13,v53091339
2009,0.00,"Winnipeg, Manitoba",29.98.13,v53091339
2010,1.00,"Winnipeg, Manitoba",29.98.13,v53091339
2011,2.00,"Winnipeg, Manitoba",29.98.13,v53091339
2012,2.00,"Winnipeg, Manitoba",29.98.13,v53091339
2013,5.00,"Winnipeg, Manitoba",29.98.13,v53091339
2014,2.00,"Winnipeg, Manitoba",29.98.13,v53091339
2015,2.00,"Winnipeg, Manitoba",29.98.13,v53091339
1998,0.00,"Saskatchewan",30.98.13,v53091385
1999,0.00,"Saskatchewan",30.98.13,v53091385
2000,0.00,"Saskatchewan",30.98.13,v53091385
2001,0.00,"Saskatchewan",30.98.13,v53091385
2002,1.00,"Saskatchewan",30.98.13,v53091385
2003,0.00,"Saskatchewan",30.98.13,v53091385
2004,3.00,"Saskatchewan",30.98.13,v53091385
2005,0.00,"Saskatchewan",30.98.13,v53091385
2006,1.00,"Saskatchewan",30.98.13,v53091385
2007,2.00,"Saskatchewan",30.98.13,v53091385
2008,1.00,"Saskatchewan",30.98.13,v53091385
2009,3.00,"Saskatchewan",30.98.13,v53091385
2010,1.00,"Saskatchewan",30.98.13,v53091385
2011,2.00,"Saskatchewan",30.98.13,v53091385
2012,10.00,"Saskatchewan",30.98.13,v53091385
2013,17.00,"Saskatchewan",30.98.13,v53091385
2014,17.00,"Saskatchewan",30.98.13,v53091385
2015,24.00,"Saskatchewan",30.98.13,v53091385
1998,0.00,"Regina, Saskatchewan",31.98.13,v53096439
1999,0.00,"Regina, Saskatchewan",31.98.13,v53096439
2000,0.00,"Regina, Saskatchewan",31.98.13,v53096439
2001,0.00,"Regina, Saskatchewan",31.98.13,v53096439
2002,0.00,"Regina, Saskatchewan",31.98.13,v53096439
2003,0.00,"Regina, Saskatchewan",31.98.13,v53096439
2004,0.00,"Regina, Saskatchewan",31.98.13,v53096439
2005,0.00,"Regina, Saskatchewan",31.98.13,v53096439
2006,0.00,"Regina, Saskatchewan",31.98.13,v53096439
2007,1.00,"Regina, Saskatchewan",31.98.13,v53096439
2008,0.00,"Regina, Saskatchewan",31.98.13,v53096439
2009,0.00,"Regina, Saskatchewan",31.98.13,v53096439
2010,0.00,"Regina, Saskatchewan",31.98.13,v53096439
2011,1.00,"Regina, Saskatchewan",31.98.13,v53096439
2012,1.00,"Regina, Saskatchewan",31.98.13,v53096439
2013,2.00,"Regina, Saskatchewan",31.98.13,v53096439
2014,0.00,"Regina, Saskatchewan",31.98.13,v53096439
2015,0.00,"Regina, Saskatchewan",31.98.13,v53096439
1998,0.00,"Saskatoon, Saskatchewan",32.98.13,v53096530
1999,0.00,"Saskatoon, Saskatchewan",32.98.13,v53096530
2000,0.00,"Saskatoon, Saskatchewan",32.98.13,v53096530
2001,0.00,"Saskatoon, Saskatchewan",32.98.13,v53096530
2002,1.00,"Saskatoon, Saskatchewan",32.98.13,v53096530
2003,0.00,"Saskatoon, Saskatchewan",32.98.13,v53096530
2004,0.00,"Saskatoon, Saskatchewan",32.98.13,v53096530
2005,0.00,"Saskatoon, Saskatchewan",32.98.13,v53096530
2006,0.00,"Saskatoon, Saskatchewan",32.98.13,v53096530
2007,0.00,"Saskatoon, Saskatchewan",32.98.13,v53096530
2008,0.00,"Saskatoon, Saskatchewan",32.98.13,v53096530
2009,0.00,"Saskatoon, Saskatchewan",32.98.13,v53096530
2010,0.00,"Saskatoon, Saskatchewan",32.98.13,v53096530
2011,0.00,"Saskatoon, Saskatchewan",32.98.13,v53096530
2012,0.00,"Saskatoon, Saskatchewan",32.98.13,v53096530
2013,5.00,"Saskatoon, Saskatchewan",32.98.13,v53096530
2014,6.00,"Saskatoon, Saskatchewan",32.98.13,v53096530
2015,8.00,"Saskatoon, Saskatchewan",32.98.13,v53096530
1998,0.00,"Alberta",33.98.13,v53090903
1999,0.00,"Alberta",33.98.13,v53090903
2000,0.00,"Alberta",33.98.13,v53090903
2001,0.00,"Alberta",33.98.13,v53090903
2002,0.00,"Alberta",33.98.13,v53090903
2003,1.00,"Alberta",33.98.13,v53090903
2004,3.00,"Alberta",33.98.13,v53090903
2005,1.00,"Alberta",33.98.13,v53090903
2006,5.00,"Alberta",33.98.13,v53090903
2007,8.00,"Alberta",33.98.13,v53090903
2008,3.00,"Alberta",33.98.13,v53090903
2009,20.00,"Alberta",33.98.13,v53090903
2010,36.00,"Alberta",33.98.13,v53090903
2011,49.00,"Alberta",33.98.13,v53090903
2012,40.00,"Alberta",33.98.13,v53090903
2013,43.00,"Alberta",33.98.13,v53090903
2014,56.00,"Alberta",33.98.13,v53090903
2015,40.00,"Alberta",33.98.13,v53090903
1998,0.00,"Calgary, Alberta",34.98.13,v53091014
1999,0.00,"Calgary, Alberta",34.98.13,v53091014
2000,0.00,"Calgary, Alberta",34.98.13,v53091014
2001,0.00,"Calgary, Alberta",34.98.13,v53091014
2002,0.00,"Calgary, Alberta",34.98.13,v53091014
2003,0.00,"Calgary, Alberta",34.98.13,v53091014
2004,0.00,"Calgary, Alberta",34.98.13,v53091014
2005,1.00,"Calgary, Alberta",34.98.13,v53091014
2006,2.00,"Calgary, Alberta",34.98.13,v53091014
2007,4.00,"Calgary, Alberta",34.98.13,v53091014
2008,1.00,"Calgary, Alberta",34.98.13,v53091014
2009,4.00,"Calgary, Alberta",34.98.13,v53091014
2010,2.00,"Calgary, Alberta",34.98.13,v53091014
2011,5.00,"Calgary, Alberta",34.98.13,v53091014
2012,3.00,"Calgary, Alberta",34.98.13,v53091014
2013,3.00,"Calgary, Alberta",34.98.13,v53091014
2014,15.00,"Calgary, Alberta",34.98.13,v53091014
2015,8.00,"Calgary, Alberta",34.98.13,v53091014
1998,0.00,"Edmonton, Alberta",35.98.13,v53091071
1999,0.00,"Edmonton, Alberta",35.98.13,v53091071
2000,0.00,"Edmonton, Alberta",35.98.13,v53091071
2001,0.00,"Edmonton, Alberta",35.98.13,v53091071
2002,0.00,"Edmonton, Alberta",35.98.13,v53091071
2003,0.00,"Edmonton, Alberta",35.98.13,v53091071
2004,0.00,"Edmonton, Alberta",35.98.13,v53091071
2005,0.00,"Edmonton, Alberta",35.98.13,v53091071
2006,1.00,"Edmonton, Alberta",35.98.13,v53091071
2007,1.00,"Edmonton, Alberta",35.98.13,v53091071
2008,2.00,"Edmonton, Alberta",35.98.13,v53091071
2009,8.00,"Edmonton, Alberta",35.98.13,v53091071
2010,14.00,"Edmonton, Alberta",35.98.13,v53091071
2011,11.00,"Edmonton, Alberta",35.98.13,v53091071
2012,5.00,"Edmonton, Alberta",35.98.13,v53091071
2013,18.00,"Edmonton, Alberta",35.98.13,v53091071
2014,10.00,"Edmonton, Alberta",35.98.13,v53091071
2015,13.00,"Edmonton, Alberta",35.98.13,v53091071
1998,0.00,"British Columbia",36.98.13,v53093934
1999,0.00,"British Columbia",36.98.13,v53093934
2000,1.00,"British Columbia",36.98.13,v53093934
2001,1.00,"British Columbia",36.98.13,v53093934
2002,3.00,"British Columbia",36.98.13,v53093934
2003,5.00,"British Columbia",36.98.13,v53093934
2004,2.00,"British Columbia",36.98.13,v53093934
2005,1.00,"British Columbia",36.98.13,v53093934
2006,3.00,"British Columbia",36.98.13,v53093934
2007,15.00,"British Columbia",36.98.13,v53093934
2008,2.00,"British Columbia",36.98.13,v53093934
2009,3.00,"British Columbia",36.98.13,v53093934
2010,7.00,"British Columbia",36.98.13,v53093934
2011,30.00,"British Columbia",36.98.13,v53093934
2012,18.00,"British Columbia",36.98.13,v53093934
2013,33.00,"British Columbia",36.98.13,v53093934
2014,38.00,"British Columbia",36.98.13,v53093934
2015,34.00,"British Columbia",36.98.13,v53093934
2005,..,"Kelowna, British Columbia",48.98.13,v53093999
2006,1.00,"Kelowna, British Columbia",48.98.13,v53093999
2007,2.00,"Kelowna, British Columbia",48.98.13,v53093999
2008,0.00,"Kelowna, British Columbia",48.98.13,v53093999
2009,0.00,"Kelowna, British Columbia",48.98.13,v53093999
2010,0.00,"Kelowna, British Columbia",48.98.13,v53093999
2011,3.00,"Kelowna, British Columbia",48.98.13,v53093999
2012,0.00,"Kelowna, British Columbia",48.98.13,v53093999
2013,0.00,"Kelowna, British Columbia",48.98.13,v53093999
2014,7.00,"Kelowna, British Columbia",48.98.13,v53093999
2015,9.00,"Kelowna, British Columbia",48.98.13,v53093999
2000,..,"Abbotsford-Mission, British Columbia",39.98.13,v53098017
2001,0.00,"Abbotsford-Mission, British Columbia",39.98.13,v53098017
2002,0.00,"Abbotsford-Mission, British Columbia",39.98.13,v53098017
2003,0.00,"Abbotsford-Mission, British Columbia",39.98.13,v53098017
2004,0.00,"Abbotsford-Mission, British Columbia",39.98.13,v53098017
2005,0.00,"Abbotsford-Mission, British Columbia",39.98.13,v53098017
2006,0.00,"Abbotsford-Mission, British Columbia",39.98.13,v53098017
2007,0.00,"Abbotsford-Mission, British Columbia",39.98.13,v53098017
2008,0.00,"Abbotsford-Mission, British Columbia",39.98.13,v53098017
2009,1.00,"Abbotsford-Mission, British Columbia",39.98.13,v53098017
2010,0.00,"Abbotsford-Mission, British Columbia",39.98.13,v53098017
2011,0.00,"Abbotsford-Mission, British Columbia",39.98.13,v53098017
2012,1.00,"Abbotsford-Mission, British Columbia",39.98.13,v53098017
2013,0.00,"Abbotsford-Mission, British Columbia",39.98.13,v53098017
2014,1.00,"Abbotsford-Mission, British Columbia",39.98.13,v53098017
2015,1.00,"Abbotsford-Mission, British Columbia",39.98.13,v53098017
1998,0.00,"Vancouver, British Columbia",37.98.13,v53098174
1999,0.00,"Vancouver, British Columbia",37.98.13,v53098174
2000,0.00,"Vancouver, British Columbia",37.98.13,v53098174
2001,0.00,"Vancouver, British Columbia",37.98.13,v53098174
2002,2.00,"Vancouver, British Columbia",37.98.13,v53098174
2003,2.00,"Vancouver, British Columbia",37.98.13,v53098174
2004,0.00,"Vancouver, British Columbia",37.98.13,v53098174
2005,0.00,"Vancouver, British Columbia",37.98.13,v53098174
2006,1.00,"Vancouver, British Columbia",37.98.13,v53098174
2007,0.00,"Vancouver, British Columbia",37.98.13,v53098174
2008,0.00,"Vancouver, British Columbia",37.98.13,v53098174
2009,1.00,"Vancouver, British Columbia",37.98.13,v53098174
2010,0.00,"Vancouver, British Columbia",37.98.13,v53098174
2011,16.00,"Vancouver, British Columbia",37.98.13,v53098174
2012,12.00,"Vancouver, British Columbia",37.98.13,v53098174
2013,13.00,"Vancouver, British Columbia",37.98.13,v53098174
2014,15.00,"Vancouver, British Columbia",37.98.13,v53098174
2015,5.00,"Vancouver, British Columbia",37.98.13,v53098174
1998,0.00,"Victoria, British Columbia",38.98.13,v53098344
1999,0.00,"Victoria, British Columbia",38.98.13,v53098344
2000,0.00,"Victoria, British Columbia",38.98.13,v53098344
2001,0.00,"Victoria, British Columbia",38.98.13,v53098344
2002,0.00,"Victoria, British Columbia",38.98.13,v53098344
2003,2.00,"Victoria, British Columbia",38.98.13,v53098344
2004,0.00,"Victoria, British Columbia",38.98.13,v53098344
2005,0.00,"Victoria, British Columbia",38.98.13,v53098344
2006,0.00,"Victoria, British Columbia",38.98.13,v53098344
2007,0.00,"Victoria, British Columbia",38.98.13,v53098344
2008,0.00,"Victoria, British Columbia",38.98.13,v53098344
2009,0.00,"Victoria, British Columbia",38.98.13,v53098344
2010,2.00,"Victoria, British Columbia",38.98.13,v53098344
2011,2.00,"Victoria, British Columbia",38.98.13,v53098344
2012,2.00,"Victoria, British Columbia",38.98.13,v53098344
2013,0.00,"Victoria, British Columbia",38.98.13,v53098344
2014,1.00,"Victoria, British Columbia",38.98.13,v53098344
2015,2.00,"Victoria, British Columbia",38.98.13,v53098344
1998,0.00,"Yukon",40.98.13,v53093722
1999,0.00,"Yukon",40.98.13,v53093722
2000,2.00,"Yukon",40.98.13,v53093722
2001,0.00,"Yukon",40.98.13,v53093722
2002,0.00,"Yukon",40.98.13,v53093722
2003,0.00,"Yukon",40.98.13,v53093722
2004,0.00,"Yukon",40.98.13,v53093722
2005,0.00,"Yukon",40.98.13,v53093722
2006,0.00,"Yukon",40.98.13,v53093722
2007,0.00,"Yukon",40.98.13,v53093722
2008,0.00,"Yukon",40.98.13,v53093722
2009,0.00,"Yukon",40.98.13,v53093722
2010,0.00,"Yukon",40.98.13,v53093722
2011,0.00,"Yukon",40.98.13,v53093722
2012,0.00,"Yukon",40.98.13,v53093722
2013,2.00,"Yukon",40.98.13,v53093722
2014,1.00,"Yukon",40.98.13,v53093722
2015,0.00,"Yukon",40.98.13,v53093722
1998,0.00,"Northwest Territories",41.98.13,v53098715
1999,0.00,"Northwest Territories",41.98.13,v53098715
2000,0.00,"Northwest Territories",41.98.13,v53098715
2001,0.00,"Northwest Territories",41.98.13,v53098715
2002,0.00,"Northwest Territories",41.98.13,v53098715
2003,0.00,"Northwest Territories",41.98.13,v53098715
2004,1.00,"Northwest Territories",41.98.13,v53098715
2005,1.00,"Northwest Territories",41.98.13,v53098715
2006,0.00,"Northwest Territories",41.98.13,v53098715
2007,0.00,"Northwest Territories",41.98.13,v53098715
2008,0.00,"Northwest Territories",41.98.13,v53098715
2009,0.00,"Northwest Territories",41.98.13,v53098715
2010,1.00,"Northwest Territories",41.98.13,v53098715
2011,0.00,"Northwest Territories",41.98.13,v53098715
2012,0.00,"Northwest Territories",41.98.13,v53098715
2013,0.00,"Northwest Territories",41.98.13,v53098715
2014,2.00,"Northwest Territories",41.98.13,v53098715
2015,3.00,"Northwest Territories",41.98.13,v53098715
1998,..,"Nunavut",42.98.13,v53098795
1999,0.00,"Nunavut",42.98.13,v53098795
2000,0.00,"Nunavut",42.98.13,v53098795
2001,0.00,"Nunavut",42.98.13,v53098795
2002,0.00,"Nunavut",42.98.13,v53098795
2003,0.00,"Nunavut",42.98.13,v53098795
2004,0.00,"Nunavut",42.98.13,v53098795
2005,0.00,"Nunavut",42.98.13,v53098795
2006,0.00,"Nunavut",42.98.13,v53098795
2007,0.00,"Nunavut",42.98.13,v53098795
2008,0.00,"Nunavut",42.98.13,v53098795
2009,0.00,"Nunavut",42.98.13,v53098795
2010,0.00,"Nunavut",42.98.13,v53098795
2011,0.00,"Nunavut",42.98.13,v53098795
2012,0.00,"Nunavut",42.98.13,v53098795
2013,0.00,"Nunavut",42.98.13,v53098795
2014,1.00,"Nunavut",42.98.13,v53098795
2015,0.00,"Nunavut",42.98.13,v53098795
