1998,294.00,"Canada",1.97.6,v44377270
1999,984.00,"Canada",1.97.6,v44377270
2000,665.00,"Canada",1.97.6,v44377270
2001,476.00,"Canada",1.97.6,v44377270
2002,462.00,"Canada",1.97.6,v44377270
2003,438.00,"Canada",1.97.6,v44377270
2004,279.00,"Canada",1.97.6,v44377270
2005,366.00,"Canada",1.97.6,v44377270
2006,442.00,"Canada",1.97.6,v44377270
2007,373.00,"Canada",1.97.6,v44377270
2008,394.00,"Canada",1.97.6,v44377270
2009,421.00,"Canada",1.97.6,v44377270
2010,407.00,"Canada",1.97.6,v44377270
2011,370.00,"Canada",1.97.6,v44377270
2012,421.00,"Canada",1.97.6,v44377270
2013,392.00,"Canada",1.97.6,v44377270
2014,348.00,"Canada",1.97.6,v44377270
2015,334.00,"Canada",1.97.6,v44377270
1998,7.00,"Newfoundland and Labrador",2.97.6,v44389720
1999,6.00,"Newfoundland and Labrador",2.97.6,v44389720
2000,15.00,"Newfoundland and Labrador",2.97.6,v44389720
2001,2.00,"Newfoundland and Labrador",2.97.6,v44389720
2002,4.00,"Newfoundland and Labrador",2.97.6,v44389720
2003,3.00,"Newfoundland and Labrador",2.97.6,v44389720
2004,4.00,"Newfoundland and Labrador",2.97.6,v44389720
2005,3.00,"Newfoundland and Labrador",2.97.6,v44389720
2006,2.00,"Newfoundland and Labrador",2.97.6,v44389720
2007,7.00,"Newfoundland and Labrador",2.97.6,v44389720
2008,9.00,"Newfoundland and Labrador",2.97.6,v44389720
2009,9.00,"Newfoundland and Labrador",2.97.6,v44389720
2010,14.00,"Newfoundland and Labrador",2.97.6,v44389720
2011,9.00,"Newfoundland and Labrador",2.97.6,v44389720
2012,11.00,"Newfoundland and Labrador",2.97.6,v44389720
2013,9.00,"Newfoundland and Labrador",2.97.6,v44389720
2014,13.00,"Newfoundland and Labrador",2.97.6,v44389720
2015,9.00,"Newfoundland and Labrador",2.97.6,v44389720
1998,2.00,"St. John's, Newfoundland and Labrador",3.97.6,v44382225
1999,0.00,"St. John's, Newfoundland and Labrador",3.97.6,v44382225
2000,0.00,"St. John's, Newfoundland and Labrador",3.97.6,v44382225
2001,0.00,"St. John's, Newfoundland and Labrador",3.97.6,v44382225
2002,0.00,"St. John's, Newfoundland and Labrador",3.97.6,v44382225
2003,0.00,"St. John's, Newfoundland and Labrador",3.97.6,v44382225
2004,0.00,"St. John's, Newfoundland and Labrador",3.97.6,v44382225
2005,0.00,"St. John's, Newfoundland and Labrador",3.97.6,v44382225
2006,0.00,"St. John's, Newfoundland and Labrador",3.97.6,v44382225
2007,0.00,"St. John's, Newfoundland and Labrador",3.97.6,v44382225
2008,0.00,"St. John's, Newfoundland and Labrador",3.97.6,v44382225
2009,0.00,"St. John's, Newfoundland and Labrador",3.97.6,v44382225
2010,0.00,"St. John's, Newfoundland and Labrador",3.97.6,v44382225
2011,0.00,"St. John's, Newfoundland and Labrador",3.97.6,v44382225
2012,0.00,"St. John's, Newfoundland and Labrador",3.97.6,v44382225
2013,0.00,"St. John's, Newfoundland and Labrador",3.97.6,v44382225
2014,0.00,"St. John's, Newfoundland and Labrador",3.97.6,v44382225
2015,0.00,"St. John's, Newfoundland and Labrador",3.97.6,v44382225
1998,1.00,"Prince Edward Island",4.97.6,v44329213
1999,0.00,"Prince Edward Island",4.97.6,v44329213
2000,1.00,"Prince Edward Island",4.97.6,v44329213
2001,1.00,"Prince Edward Island",4.97.6,v44329213
2002,2.00,"Prince Edward Island",4.97.6,v44329213
2003,1.00,"Prince Edward Island",4.97.6,v44329213
2004,1.00,"Prince Edward Island",4.97.6,v44329213
2005,0.00,"Prince Edward Island",4.97.6,v44329213
2006,1.00,"Prince Edward Island",4.97.6,v44329213
2007,3.00,"Prince Edward Island",4.97.6,v44329213
2008,4.00,"Prince Edward Island",4.97.6,v44329213
2009,1.00,"Prince Edward Island",4.97.6,v44329213
2010,2.00,"Prince Edward Island",4.97.6,v44329213
2011,4.00,"Prince Edward Island",4.97.6,v44329213
2012,2.00,"Prince Edward Island",4.97.6,v44329213
2013,2.00,"Prince Edward Island",4.97.6,v44329213
2014,2.00,"Prince Edward Island",4.97.6,v44329213
2015,0.00,"Prince Edward Island",4.97.6,v44329213
1998,16.00,"Nova Scotia",5.97.6,v44354827
1999,39.00,"Nova Scotia",5.97.6,v44354827
2000,36.00,"Nova Scotia",5.97.6,v44354827
2001,27.00,"Nova Scotia",5.97.6,v44354827
2002,20.00,"Nova Scotia",5.97.6,v44354827
2003,27.00,"Nova Scotia",5.97.6,v44354827
2004,9.00,"Nova Scotia",5.97.6,v44354827
2005,16.00,"Nova Scotia",5.97.6,v44354827
2006,17.00,"Nova Scotia",5.97.6,v44354827
2007,15.00,"Nova Scotia",5.97.6,v44354827
2008,24.00,"Nova Scotia",5.97.6,v44354827
2009,13.00,"Nova Scotia",5.97.6,v44354827
2010,14.00,"Nova Scotia",5.97.6,v44354827
2011,19.00,"Nova Scotia",5.97.6,v44354827
2012,26.00,"Nova Scotia",5.97.6,v44354827
2013,16.00,"Nova Scotia",5.97.6,v44354827
2014,18.00,"Nova Scotia",5.97.6,v44354827
2015,21.00,"Nova Scotia",5.97.6,v44354827
1998,2.00,"Halifax, Nova Scotia",6.97.6,v44384525
1999,14.00,"Halifax, Nova Scotia",6.97.6,v44384525
2000,6.00,"Halifax, Nova Scotia",6.97.6,v44384525
2001,12.00,"Halifax, Nova Scotia",6.97.6,v44384525
2002,10.00,"Halifax, Nova Scotia",6.97.6,v44384525
2003,11.00,"Halifax, Nova Scotia",6.97.6,v44384525
2004,2.00,"Halifax, Nova Scotia",6.97.6,v44384525
2005,6.00,"Halifax, Nova Scotia",6.97.6,v44384525
2006,3.00,"Halifax, Nova Scotia",6.97.6,v44384525
2007,0.00,"Halifax, Nova Scotia",6.97.6,v44384525
2008,2.00,"Halifax, Nova Scotia",6.97.6,v44384525
2009,1.00,"Halifax, Nova Scotia",6.97.6,v44384525
2010,3.00,"Halifax, Nova Scotia",6.97.6,v44384525
2011,1.00,"Halifax, Nova Scotia",6.97.6,v44384525
2012,5.00,"Halifax, Nova Scotia",6.97.6,v44384525
2013,4.00,"Halifax, Nova Scotia",6.97.6,v44384525
2014,2.00,"Halifax, Nova Scotia",6.97.6,v44384525
2015,0.00,"Halifax, Nova Scotia",6.97.6,v44384525
1998,7.00,"New Brunswick",7.97.6,v44341091
1999,20.00,"New Brunswick",7.97.6,v44341091
2000,22.00,"New Brunswick",7.97.6,v44341091
2001,7.00,"New Brunswick",7.97.6,v44341091
2002,8.00,"New Brunswick",7.97.6,v44341091
2003,8.00,"New Brunswick",7.97.6,v44341091
2004,4.00,"New Brunswick",7.97.6,v44341091
2005,10.00,"New Brunswick",7.97.6,v44341091
2006,12.00,"New Brunswick",7.97.6,v44341091
2007,19.00,"New Brunswick",7.97.6,v44341091
2008,17.00,"New Brunswick",7.97.6,v44341091
2009,21.00,"New Brunswick",7.97.6,v44341091
2010,19.00,"New Brunswick",7.97.6,v44341091
2011,17.00,"New Brunswick",7.97.6,v44341091
2012,17.00,"New Brunswick",7.97.6,v44341091
2013,12.00,"New Brunswick",7.97.6,v44341091
2014,6.00,"New Brunswick",7.97.6,v44341091
2015,8.00,"New Brunswick",7.97.6,v44341091
2005,..,"Moncton, New Brunswick",43.97.6,v52121274
2006,0.00,"Moncton, New Brunswick",43.97.6,v52121274
2007,4.00,"Moncton, New Brunswick",43.97.6,v52121274
2008,0.00,"Moncton, New Brunswick",43.97.6,v52121274
2009,3.00,"Moncton, New Brunswick",43.97.6,v52121274
2010,1.00,"Moncton, New Brunswick",43.97.6,v52121274
2011,4.00,"Moncton, New Brunswick",43.97.6,v52121274
2012,4.00,"Moncton, New Brunswick",43.97.6,v52121274
2013,3.00,"Moncton, New Brunswick",43.97.6,v52121274
2014,0.00,"Moncton, New Brunswick",43.97.6,v52121274
2015,1.00,"Moncton, New Brunswick",43.97.6,v52121274
1998,0.00,"Saint John, New Brunswick",8.97.6,v44347880
1999,2.00,"Saint John, New Brunswick",8.97.6,v44347880
2000,6.00,"Saint John, New Brunswick",8.97.6,v44347880
2001,3.00,"Saint John, New Brunswick",8.97.6,v44347880
2002,3.00,"Saint John, New Brunswick",8.97.6,v44347880
2003,2.00,"Saint John, New Brunswick",8.97.6,v44347880
2004,0.00,"Saint John, New Brunswick",8.97.6,v44347880
2005,3.00,"Saint John, New Brunswick",8.97.6,v44347880
2006,2.00,"Saint John, New Brunswick",8.97.6,v44347880
2007,2.00,"Saint John, New Brunswick",8.97.6,v44347880
2008,2.00,"Saint John, New Brunswick",8.97.6,v44347880
2009,4.00,"Saint John, New Brunswick",8.97.6,v44347880
2010,5.00,"Saint John, New Brunswick",8.97.6,v44347880
2011,3.00,"Saint John, New Brunswick",8.97.6,v44347880
2012,0.00,"Saint John, New Brunswick",8.97.6,v44347880
2013,2.00,"Saint John, New Brunswick",8.97.6,v44347880
2014,1.00,"Saint John, New Brunswick",8.97.6,v44347880
2015,0.00,"Saint John, New Brunswick",8.97.6,v44347880
1998,16.00,"Quebec",9.97.6,v44398653
1999,51.00,"Quebec",9.97.6,v44398653
2000,33.00,"Quebec",9.97.6,v44398653
2001,31.00,"Quebec",9.97.6,v44398653
2002,28.00,"Quebec",9.97.6,v44398653
2003,41.00,"Quebec",9.97.6,v44398653
2004,37.00,"Quebec",9.97.6,v44398653
2005,43.00,"Quebec",9.97.6,v44398653
2006,44.00,"Quebec",9.97.6,v44398653
2007,79.00,"Quebec",9.97.6,v44398653
2008,75.00,"Quebec",9.97.6,v44398653
2009,79.00,"Quebec",9.97.6,v44398653
2010,86.00,"Quebec",9.97.6,v44398653
2011,76.00,"Quebec",9.97.6,v44398653
2012,86.00,"Quebec",9.97.6,v44398653
2013,95.00,"Quebec",9.97.6,v44398653
2014,80.00,"Quebec",9.97.6,v44398653
2015,60.00,"Quebec",9.97.6,v44398653
1998,0.00,"Saguenay, Quebec",10.97.6,v44345593
1999,3.00,"Saguenay, Quebec",10.97.6,v44345593
2000,1.00,"Saguenay, Quebec",10.97.6,v44345593
2001,0.00,"Saguenay, Quebec",10.97.6,v44345593
2002,1.00,"Saguenay, Quebec",10.97.6,v44345593
2003,2.00,"Saguenay, Quebec",10.97.6,v44345593
2004,0.00,"Saguenay, Quebec",10.97.6,v44345593
2005,1.00,"Saguenay, Quebec",10.97.6,v44345593
2006,1.00,"Saguenay, Quebec",10.97.6,v44345593
2007,0.00,"Saguenay, Quebec",10.97.6,v44345593
2008,0.00,"Saguenay, Quebec",10.97.6,v44345593
2009,2.00,"Saguenay, Quebec",10.97.6,v44345593
2010,1.00,"Saguenay, Quebec",10.97.6,v44345593
2011,2.00,"Saguenay, Quebec",10.97.6,v44345593
2012,3.00,"Saguenay, Quebec",10.97.6,v44345593
2013,5.00,"Saguenay, Quebec",10.97.6,v44345593
2014,6.00,"Saguenay, Quebec",10.97.6,v44345593
2015,3.00,"Saguenay, Quebec",10.97.6,v44345593
1998,0.00,"Sherbrooke, Quebec",12.97.6,v44393752
1999,0.00,"Sherbrooke, Quebec",12.97.6,v44393752
2000,0.00,"Sherbrooke, Quebec",12.97.6,v44393752
2001,0.00,"Sherbrooke, Quebec",12.97.6,v44393752
2002,0.00,"Sherbrooke, Quebec",12.97.6,v44393752
2003,0.00,"Sherbrooke, Quebec",12.97.6,v44393752
2004,0.00,"Sherbrooke, Quebec",12.97.6,v44393752
2005,1.00,"Sherbrooke, Quebec",12.97.6,v44393752
2006,1.00,"Sherbrooke, Quebec",12.97.6,v44393752
2007,2.00,"Sherbrooke, Quebec",12.97.6,v44393752
2008,0.00,"Sherbrooke, Quebec",12.97.6,v44393752
2009,2.00,"Sherbrooke, Quebec",12.97.6,v44393752
2010,1.00,"Sherbrooke, Quebec",12.97.6,v44393752
2011,0.00,"Sherbrooke, Quebec",12.97.6,v44393752
2012,2.00,"Sherbrooke, Quebec",12.97.6,v44393752
2013,0.00,"Sherbrooke, Quebec",12.97.6,v44393752
2014,2.00,"Sherbrooke, Quebec",12.97.6,v44393752
2015,1.00,"Sherbrooke, Quebec",12.97.6,v44393752
1998,0.00,"Ottawa-Gatineau, Quebec part",15.97.6,v44398721
1999,2.00,"Ottawa-Gatineau, Quebec part",15.97.6,v44398721
2000,0.00,"Ottawa-Gatineau, Quebec part",15.97.6,v44398721
2001,1.00,"Ottawa-Gatineau, Quebec part",15.97.6,v44398721
2002,0.00,"Ottawa-Gatineau, Quebec part",15.97.6,v44398721
2003,0.00,"Ottawa-Gatineau, Quebec part",15.97.6,v44398721
2004,4.00,"Ottawa-Gatineau, Quebec part",15.97.6,v44398721
2005,3.00,"Ottawa-Gatineau, Quebec part",15.97.6,v44398721
2006,2.00,"Ottawa-Gatineau, Quebec part",15.97.6,v44398721
2007,3.00,"Ottawa-Gatineau, Quebec part",15.97.6,v44398721
2008,0.00,"Ottawa-Gatineau, Quebec part",15.97.6,v44398721
2009,3.00,"Ottawa-Gatineau, Quebec part",15.97.6,v44398721
2010,1.00,"Ottawa-Gatineau, Quebec part",15.97.6,v44398721
2011,1.00,"Ottawa-Gatineau, Quebec part",15.97.6,v44398721
2012,4.00,"Ottawa-Gatineau, Quebec part",15.97.6,v44398721
2013,0.00,"Ottawa-Gatineau, Quebec part",15.97.6,v44398721
2014,2.00,"Ottawa-Gatineau, Quebec part",15.97.6,v44398721
2015,0.00,"Ottawa-Gatineau, Quebec part",15.97.6,v44398721
1998,73.00,"Ontario",16.97.6,v44327830
1999,252.00,"Ontario",16.97.6,v44327830
2000,149.00,"Ontario",16.97.6,v44327830
2001,119.00,"Ontario",16.97.6,v44327830
2002,119.00,"Ontario",16.97.6,v44327830
2003,88.00,"Ontario",16.97.6,v44327830
2004,54.00,"Ontario",16.97.6,v44327830
2005,62.00,"Ontario",16.97.6,v44327830
2006,71.00,"Ontario",16.97.6,v44327830
2007,42.00,"Ontario",16.97.6,v44327830
2008,41.00,"Ontario",16.97.6,v44327830
2009,36.00,"Ontario",16.97.6,v44327830
2010,38.00,"Ontario",16.97.6,v44327830
2011,27.00,"Ontario",16.97.6,v44327830
2012,35.00,"Ontario",16.97.6,v44327830
2013,46.00,"Ontario",16.97.6,v44327830
2014,31.00,"Ontario",16.97.6,v44327830
2015,23.00,"Ontario",16.97.6,v44327830
1998,1.00,"Ottawa-Gatineau, Ontario/Quebec",17.97.6,v52148558
1999,8.00,"Ottawa-Gatineau, Ontario/Quebec",17.97.6,v52148558
2000,4.00,"Ottawa-Gatineau, Ontario/Quebec",17.97.6,v52148558
2001,6.00,"Ottawa-Gatineau, Ontario/Quebec",17.97.6,v52148558
2002,4.00,"Ottawa-Gatineau, Ontario/Quebec",17.97.6,v52148558
2003,8.00,"Ottawa-Gatineau, Ontario/Quebec",17.97.6,v52148558
2004,8.00,"Ottawa-Gatineau, Ontario/Quebec",17.97.6,v52148558
2005,6.00,"Ottawa-Gatineau, Ontario/Quebec",17.97.6,v52148558
2006,12.00,"Ottawa-Gatineau, Ontario/Quebec",17.97.6,v52148558
2007,8.00,"Ottawa-Gatineau, Ontario/Quebec",17.97.6,v52148558
2008,3.00,"Ottawa-Gatineau, Ontario/Quebec",17.97.6,v52148558
2009,8.00,"Ottawa-Gatineau, Ontario/Quebec",17.97.6,v52148558
2010,2.00,"Ottawa-Gatineau, Ontario/Quebec",17.97.6,v52148558
2011,7.00,"Ottawa-Gatineau, Ontario/Quebec",17.97.6,v52148558
2012,8.00,"Ottawa-Gatineau, Ontario/Quebec",17.97.6,v52148558
2013,8.00,"Ottawa-Gatineau, Ontario/Quebec",17.97.6,v52148558
2014,4.00,"Ottawa-Gatineau, Ontario/Quebec",17.97.6,v52148558
2015,6.00,"Ottawa-Gatineau, Ontario/Quebec",17.97.6,v52148558
1998,1.00,"Ottawa-Gatineau, Ontario part",18.97.6,v44378260
1999,6.00,"Ottawa-Gatineau, Ontario part",18.97.6,v44378260
2000,4.00,"Ottawa-Gatineau, Ontario part",18.97.6,v44378260
2001,5.00,"Ottawa-Gatineau, Ontario part",18.97.6,v44378260
2002,4.00,"Ottawa-Gatineau, Ontario part",18.97.6,v44378260
2003,8.00,"Ottawa-Gatineau, Ontario part",18.97.6,v44378260
2004,4.00,"Ottawa-Gatineau, Ontario part",18.97.6,v44378260
2005,3.00,"Ottawa-Gatineau, Ontario part",18.97.6,v44378260
2006,10.00,"Ottawa-Gatineau, Ontario part",18.97.6,v44378260
2007,5.00,"Ottawa-Gatineau, Ontario part",18.97.6,v44378260
2008,3.00,"Ottawa-Gatineau, Ontario part",18.97.6,v44378260
2009,5.00,"Ottawa-Gatineau, Ontario part",18.97.6,v44378260
2010,1.00,"Ottawa-Gatineau, Ontario part",18.97.6,v44378260
2011,6.00,"Ottawa-Gatineau, Ontario part",18.97.6,v44378260
2012,4.00,"Ottawa-Gatineau, Ontario part",18.97.6,v44378260
2013,8.00,"Ottawa-Gatineau, Ontario part",18.97.6,v44378260
2014,2.00,"Ottawa-Gatineau, Ontario part",18.97.6,v44378260
2015,6.00,"Ottawa-Gatineau, Ontario part",18.97.6,v44378260
2000,..,"Kingston, Ontario",27.97.6,v44393442
2001,0.00,"Kingston, Ontario",27.97.6,v44393442
2002,1.00,"Kingston, Ontario",27.97.6,v44393442
2003,0.00,"Kingston, Ontario",27.97.6,v44393442
2004,0.00,"Kingston, Ontario",27.97.6,v44393442
2005,2.00,"Kingston, Ontario",27.97.6,v44393442
2006,0.00,"Kingston, Ontario",27.97.6,v44393442
2007,0.00,"Kingston, Ontario",27.97.6,v44393442
2008,0.00,"Kingston, Ontario",27.97.6,v44393442
2009,0.00,"Kingston, Ontario",27.97.6,v44393442
2010,0.00,"Kingston, Ontario",27.97.6,v44393442
2011,0.00,"Kingston, Ontario",27.97.6,v44393442
2012,1.00,"Kingston, Ontario",27.97.6,v44393442
2013,0.00,"Kingston, Ontario",27.97.6,v44393442
2014,0.00,"Kingston, Ontario",27.97.6,v44393442
2015,0.00,"Kingston, Ontario",27.97.6,v44393442
2005,..,"Peterborough, Ontario",44.97.6,v52122718
2006,0.00,"Peterborough, Ontario",44.97.6,v52122718
2007,0.00,"Peterborough, Ontario",44.97.6,v52122718
2008,0.00,"Peterborough, Ontario",44.97.6,v52122718
2009,0.00,"Peterborough, Ontario",44.97.6,v52122718
2010,1.00,"Peterborough, Ontario",44.97.6,v52122718
2011,0.00,"Peterborough, Ontario",44.97.6,v52122718
2012,0.00,"Peterborough, Ontario",44.97.6,v52122718
2013,0.00,"Peterborough, Ontario",44.97.6,v52122718
2014,1.00,"Peterborough, Ontario",44.97.6,v52122718
2015,0.00,"Peterborough, Ontario",44.97.6,v52122718
1998,4.00,"Toronto, Ontario",19.97.6,v44373297
1999,30.00,"Toronto, Ontario",19.97.6,v44373297
2000,16.00,"Toronto, Ontario",19.97.6,v44373297
2001,19.00,"Toronto, Ontario",19.97.6,v44373297
2002,26.00,"Toronto, Ontario",19.97.6,v44373297
2003,18.00,"Toronto, Ontario",19.97.6,v44373297
2004,11.00,"Toronto, Ontario",19.97.6,v44373297
2005,16.00,"Toronto, Ontario",19.97.6,v44373297
2006,10.00,"Toronto, Ontario",19.97.6,v44373297
2007,7.00,"Toronto, Ontario",19.97.6,v44373297
2008,8.00,"Toronto, Ontario",19.97.6,v44373297
2009,3.00,"Toronto, Ontario",19.97.6,v44373297
2010,1.00,"Toronto, Ontario",19.97.6,v44373297
2011,3.00,"Toronto, Ontario",19.97.6,v44373297
2012,3.00,"Toronto, Ontario",19.97.6,v44373297
2013,7.00,"Toronto, Ontario",19.97.6,v44373297
2014,5.00,"Toronto, Ontario",19.97.6,v44373297
2015,4.00,"Toronto, Ontario",19.97.6,v44373297
1998,0.00,"Hamilton, Ontario",20.97.6,v44338978
1999,18.00,"Hamilton, Ontario",20.97.6,v44338978
2000,6.00,"Hamilton, Ontario",20.97.6,v44338978
2001,9.00,"Hamilton, Ontario",20.97.6,v44338978
2002,7.00,"Hamilton, Ontario",20.97.6,v44338978
2003,5.00,"Hamilton, Ontario",20.97.6,v44338978
2004,5.00,"Hamilton, Ontario",20.97.6,v44338978
2005,7.00,"Hamilton, Ontario",20.97.6,v44338978
2006,0.00,"Hamilton, Ontario",20.97.6,v44338978
2007,0.00,"Hamilton, Ontario",20.97.6,v44338978
2008,1.00,"Hamilton, Ontario",20.97.6,v44338978
2009,2.00,"Hamilton, Ontario",20.97.6,v44338978
2010,3.00,"Hamilton, Ontario",20.97.6,v44338978
2011,1.00,"Hamilton, Ontario",20.97.6,v44338978
2012,3.00,"Hamilton, Ontario",20.97.6,v44338978
2013,1.00,"Hamilton, Ontario",20.97.6,v44338978
2014,1.00,"Hamilton, Ontario",20.97.6,v44338978
2015,0.00,"Hamilton, Ontario",20.97.6,v44338978
1998,1.00,"St.Catharines-Niagara, Ontario",21.97.6,v44407092
1999,3.00,"St.Catharines-Niagara, Ontario",21.97.6,v44407092
2000,0.00,"St.Catharines-Niagara, Ontario",21.97.6,v44407092
2001,3.00,"St.Catharines-Niagara, Ontario",21.97.6,v44407092
2002,1.00,"St.Catharines-Niagara, Ontario",21.97.6,v44407092
2003,1.00,"St.Catharines-Niagara, Ontario",21.97.6,v44407092
2004,0.00,"St.Catharines-Niagara, Ontario",21.97.6,v44407092
2005,0.00,"St.Catharines-Niagara, Ontario",21.97.6,v44407092
2006,2.00,"St.Catharines-Niagara, Ontario",21.97.6,v44407092
2007,3.00,"St.Catharines-Niagara, Ontario",21.97.6,v44407092
2008,1.00,"St.Catharines-Niagara, Ontario",21.97.6,v44407092
2009,3.00,"St.Catharines-Niagara, Ontario",21.97.6,v44407092
2010,1.00,"St.Catharines-Niagara, Ontario",21.97.6,v44407092
2011,0.00,"St.Catharines-Niagara, Ontario",21.97.6,v44407092
2012,2.00,"St.Catharines-Niagara, Ontario",21.97.6,v44407092
2013,4.00,"St.Catharines-Niagara, Ontario",21.97.6,v44407092
2014,0.00,"St.Catharines-Niagara, Ontario",21.97.6,v44407092
2015,0.00,"St.Catharines-Niagara, Ontario",21.97.6,v44407092
1998,..,"Kitchener-Cambridge-Waterloo, Ontario",22.97.6,v44375610
1999,0.00,"Kitchener-Cambridge-Waterloo, Ontario",22.97.6,v44375610
2000,0.00,"Kitchener-Cambridge-Waterloo, Ontario",22.97.6,v44375610
2001,0.00,"Kitchener-Cambridge-Waterloo, Ontario",22.97.6,v44375610
2002,0.00,"Kitchener-Cambridge-Waterloo, Ontario",22.97.6,v44375610
2003,1.00,"Kitchener-Cambridge-Waterloo, Ontario",22.97.6,v44375610
2004,..,"Kitchener-Cambridge-Waterloo, Ontario",22.97.6,v44375610
2005,0.00,"Kitchener-Cambridge-Waterloo, Ontario",22.97.6,v44375610
2006,0.00,"Kitchener-Cambridge-Waterloo, Ontario",22.97.6,v44375610
2007,1.00,"Kitchener-Cambridge-Waterloo, Ontario",22.97.6,v44375610
2008,1.00,"Kitchener-Cambridge-Waterloo, Ontario",22.97.6,v44375610
2009,1.00,"Kitchener-Cambridge-Waterloo, Ontario",22.97.6,v44375610
2010,4.00,"Kitchener-Cambridge-Waterloo, Ontario",22.97.6,v44375610
2011,2.00,"Kitchener-Cambridge-Waterloo, Ontario",22.97.6,v44375610
2012,3.00,"Kitchener-Cambridge-Waterloo, Ontario",22.97.6,v44375610
2013,3.00,"Kitchener-Cambridge-Waterloo, Ontario",22.97.6,v44375610
2014,3.00,"Kitchener-Cambridge-Waterloo, Ontario",22.97.6,v44375610
2015,1.00,"Kitchener-Cambridge-Waterloo, Ontario",22.97.6,v44375610
2005,..,"Brantford, Ontario",45.97.6,v52119354
2006,1.00,"Brantford, Ontario",45.97.6,v52119354
2007,1.00,"Brantford, Ontario",45.97.6,v52119354
2008,1.00,"Brantford, Ontario",45.97.6,v52119354
2009,0.00,"Brantford, Ontario",45.97.6,v52119354
2010,3.00,"Brantford, Ontario",45.97.6,v52119354
2011,1.00,"Brantford, Ontario",45.97.6,v52119354
2012,2.00,"Brantford, Ontario",45.97.6,v52119354
2013,0.00,"Brantford, Ontario",45.97.6,v52119354
2014,0.00,"Brantford, Ontario",45.97.6,v52119354
2015,0.00,"Brantford, Ontario",45.97.6,v52119354
2005,..,"Guelph, Ontario",46.97.6,v52119797
2006,0.00,"Guelph, Ontario",46.97.6,v52119797
2007,1.00,"Guelph, Ontario",46.97.6,v52119797
2008,0.00,"Guelph, Ontario",46.97.6,v52119797
2009,1.00,"Guelph, Ontario",46.97.6,v52119797
2010,1.00,"Guelph, Ontario",46.97.6,v52119797
2011,0.00,"Guelph, Ontario",46.97.6,v52119797
2012,0.00,"Guelph, Ontario",46.97.6,v52119797
2013,1.00,"Guelph, Ontario",46.97.6,v52119797
2014,0.00,"Guelph, Ontario",46.97.6,v52119797
2015,0.00,"Guelph, Ontario",46.97.6,v52119797
1998,4.00,"London, Ontario",23.97.6,v44375007
1999,8.00,"London, Ontario",23.97.6,v44375007
2000,6.00,"London, Ontario",23.97.6,v44375007
2001,1.00,"London, Ontario",23.97.6,v44375007
2002,1.00,"London, Ontario",23.97.6,v44375007
2003,1.00,"London, Ontario",23.97.6,v44375007
2004,0.00,"London, Ontario",23.97.6,v44375007
2005,3.00,"London, Ontario",23.97.6,v44375007
2006,1.00,"London, Ontario",23.97.6,v44375007
2007,3.00,"London, Ontario",23.97.6,v44375007
2008,0.00,"London, Ontario",23.97.6,v44375007
2009,1.00,"London, Ontario",23.97.6,v44375007
2010,0.00,"London, Ontario",23.97.6,v44375007
2011,0.00,"London, Ontario",23.97.6,v44375007
2012,0.00,"London, Ontario",23.97.6,v44375007
2013,1.00,"London, Ontario",23.97.6,v44375007
2014,1.00,"London, Ontario",23.97.6,v44375007
2015,1.00,"London, Ontario",23.97.6,v44375007
1998,1.00,"Windsor, Ontario",24.97.6,v44374704
1999,1.00,"Windsor, Ontario",24.97.6,v44374704
2000,4.00,"Windsor, Ontario",24.97.6,v44374704
2001,2.00,"Windsor, Ontario",24.97.6,v44374704
2002,3.00,"Windsor, Ontario",24.97.6,v44374704
2003,1.00,"Windsor, Ontario",24.97.6,v44374704
2004,0.00,"Windsor, Ontario",24.97.6,v44374704
2005,0.00,"Windsor, Ontario",24.97.6,v44374704
2006,1.00,"Windsor, Ontario",24.97.6,v44374704
2007,1.00,"Windsor, Ontario",24.97.6,v44374704
2008,1.00,"Windsor, Ontario",24.97.6,v44374704
2009,1.00,"Windsor, Ontario",24.97.6,v44374704
2010,2.00,"Windsor, Ontario",24.97.6,v44374704
2011,1.00,"Windsor, Ontario",24.97.6,v44374704
2012,1.00,"Windsor, Ontario",24.97.6,v44374704
2013,0.00,"Windsor, Ontario",24.97.6,v44374704
2014,1.00,"Windsor, Ontario",24.97.6,v44374704
2015,2.00,"Windsor, Ontario",24.97.6,v44374704
2005,..,"Barrie, Ontario",47.97.6,v52145210
2006,4.00,"Barrie, Ontario",47.97.6,v52145210
2007,1.00,"Barrie, Ontario",47.97.6,v52145210
2008,0.00,"Barrie, Ontario",47.97.6,v52145210
2009,2.00,"Barrie, Ontario",47.97.6,v52145210
2010,1.00,"Barrie, Ontario",47.97.6,v52145210
2011,0.00,"Barrie, Ontario",47.97.6,v52145210
2012,0.00,"Barrie, Ontario",47.97.6,v52145210
2013,1.00,"Barrie, Ontario",47.97.6,v52145210
2014,0.00,"Barrie, Ontario",47.97.6,v52145210
2015,0.00,"Barrie, Ontario",47.97.6,v52145210
1998,0.00,"Sudbury, Ontario",25.97.6,v44382145
1999,2.00,"Sudbury, Ontario",25.97.6,v44382145
2000,0.00,"Sudbury, Ontario",25.97.6,v44382145
2001,0.00,"Sudbury, Ontario",25.97.6,v44382145
2002,0.00,"Sudbury, Ontario",25.97.6,v44382145
2003,0.00,"Sudbury, Ontario",25.97.6,v44382145
2004,0.00,"Sudbury, Ontario",25.97.6,v44382145
2005,0.00,"Sudbury, Ontario",25.97.6,v44382145
2006,1.00,"Sudbury, Ontario",25.97.6,v44382145
2007,1.00,"Sudbury, Ontario",25.97.6,v44382145
2008,2.00,"Sudbury, Ontario",25.97.6,v44382145
2009,0.00,"Sudbury, Ontario",25.97.6,v44382145
2010,2.00,"Sudbury, Ontario",25.97.6,v44382145
2011,1.00,"Sudbury, Ontario",25.97.6,v44382145
2012,1.00,"Sudbury, Ontario",25.97.6,v44382145
2013,0.00,"Sudbury, Ontario",25.97.6,v44382145
2014,3.00,"Sudbury, Ontario",25.97.6,v44382145
2015,1.00,"Sudbury, Ontario",25.97.6,v44382145
1998,1.00,"Thunder Bay, Ontario",26.97.6,v44326308
1999,3.00,"Thunder Bay, Ontario",26.97.6,v44326308
2000,3.00,"Thunder Bay, Ontario",26.97.6,v44326308
2001,1.00,"Thunder Bay, Ontario",26.97.6,v44326308
2002,0.00,"Thunder Bay, Ontario",26.97.6,v44326308
2003,0.00,"Thunder Bay, Ontario",26.97.6,v44326308
2004,0.00,"Thunder Bay, Ontario",26.97.6,v44326308
2005,0.00,"Thunder Bay, Ontario",26.97.6,v44326308
2006,5.00,"Thunder Bay, Ontario",26.97.6,v44326308
2007,1.00,"Thunder Bay, Ontario",26.97.6,v44326308
2008,0.00,"Thunder Bay, Ontario",26.97.6,v44326308
2009,0.00,"Thunder Bay, Ontario",26.97.6,v44326308
2010,0.00,"Thunder Bay, Ontario",26.97.6,v44326308
2011,0.00,"Thunder Bay, Ontario",26.97.6,v44326308
2012,1.00,"Thunder Bay, Ontario",26.97.6,v44326308
2013,0.00,"Thunder Bay, Ontario",26.97.6,v44326308
2014,0.00,"Thunder Bay, Ontario",26.97.6,v44326308
2015,0.00,"Thunder Bay, Ontario",26.97.6,v44326308
1998,30.00,"Manitoba",28.97.6,v44417548
1999,78.00,"Manitoba",28.97.6,v44417548
2000,59.00,"Manitoba",28.97.6,v44417548
2001,31.00,"Manitoba",28.97.6,v44417548
2002,30.00,"Manitoba",28.97.6,v44417548
2003,23.00,"Manitoba",28.97.6,v44417548
2004,10.00,"Manitoba",28.97.6,v44417548
2005,19.00,"Manitoba",28.97.6,v44417548
2006,26.00,"Manitoba",28.97.6,v44417548
2007,21.00,"Manitoba",28.97.6,v44417548
2008,32.00,"Manitoba",28.97.6,v44417548
2009,34.00,"Manitoba",28.97.6,v44417548
2010,26.00,"Manitoba",28.97.6,v44417548
2011,28.00,"Manitoba",28.97.6,v44417548
2012,36.00,"Manitoba",28.97.6,v44417548
2013,18.00,"Manitoba",28.97.6,v44417548
2014,22.00,"Manitoba",28.97.6,v44417548
2015,22.00,"Manitoba",28.97.6,v44417548
1998,1.00,"Winnipeg, Manitoba",29.97.6,v44347232
1999,6.00,"Winnipeg, Manitoba",29.97.6,v44347232
2000,6.00,"Winnipeg, Manitoba",29.97.6,v44347232
2001,2.00,"Winnipeg, Manitoba",29.97.6,v44347232
2002,3.00,"Winnipeg, Manitoba",29.97.6,v44347232
2003,1.00,"Winnipeg, Manitoba",29.97.6,v44347232
2004,1.00,"Winnipeg, Manitoba",29.97.6,v44347232
2005,2.00,"Winnipeg, Manitoba",29.97.6,v44347232
2006,2.00,"Winnipeg, Manitoba",29.97.6,v44347232
2007,1.00,"Winnipeg, Manitoba",29.97.6,v44347232
2008,4.00,"Winnipeg, Manitoba",29.97.6,v44347232
2009,3.00,"Winnipeg, Manitoba",29.97.6,v44347232
2010,4.00,"Winnipeg, Manitoba",29.97.6,v44347232
2011,2.00,"Winnipeg, Manitoba",29.97.6,v44347232
2012,8.00,"Winnipeg, Manitoba",29.97.6,v44347232
2013,2.00,"Winnipeg, Manitoba",29.97.6,v44347232
2014,2.00,"Winnipeg, Manitoba",29.97.6,v44347232
2015,0.00,"Winnipeg, Manitoba",29.97.6,v44347232
1998,22.00,"Saskatchewan",30.97.6,v44406209
1999,68.00,"Saskatchewan",30.97.6,v44406209
2000,43.00,"Saskatchewan",30.97.6,v44406209
2001,32.00,"Saskatchewan",30.97.6,v44406209
2002,23.00,"Saskatchewan",30.97.6,v44406209
2003,40.00,"Saskatchewan",30.97.6,v44406209
2004,22.00,"Saskatchewan",30.97.6,v44406209
2005,26.00,"Saskatchewan",30.97.6,v44406209
2006,27.00,"Saskatchewan",30.97.6,v44406209
2007,25.00,"Saskatchewan",30.97.6,v44406209
2008,44.00,"Saskatchewan",30.97.6,v44406209
2009,41.00,"Saskatchewan",30.97.6,v44406209
2010,33.00,"Saskatchewan",30.97.6,v44406209
2011,33.00,"Saskatchewan",30.97.6,v44406209
2012,33.00,"Saskatchewan",30.97.6,v44406209
2013,36.00,"Saskatchewan",30.97.6,v44406209
2014,34.00,"Saskatchewan",30.97.6,v44406209
2015,28.00,"Saskatchewan",30.97.6,v44406209
1998,0.00,"Regina, Saskatchewan",31.97.6,v44359259
1999,1.00,"Regina, Saskatchewan",31.97.6,v44359259
2000,1.00,"Regina, Saskatchewan",31.97.6,v44359259
2001,4.00,"Regina, Saskatchewan",31.97.6,v44359259
2002,1.00,"Regina, Saskatchewan",31.97.6,v44359259
2003,2.00,"Regina, Saskatchewan",31.97.6,v44359259
2004,3.00,"Regina, Saskatchewan",31.97.6,v44359259
2005,3.00,"Regina, Saskatchewan",31.97.6,v44359259
2006,0.00,"Regina, Saskatchewan",31.97.6,v44359259
2007,1.00,"Regina, Saskatchewan",31.97.6,v44359259
2008,1.00,"Regina, Saskatchewan",31.97.6,v44359259
2009,1.00,"Regina, Saskatchewan",31.97.6,v44359259
2010,0.00,"Regina, Saskatchewan",31.97.6,v44359259
2011,4.00,"Regina, Saskatchewan",31.97.6,v44359259
2012,2.00,"Regina, Saskatchewan",31.97.6,v44359259
2013,0.00,"Regina, Saskatchewan",31.97.6,v44359259
2014,2.00,"Regina, Saskatchewan",31.97.6,v44359259
2015,1.00,"Regina, Saskatchewan",31.97.6,v44359259
1998,0.00,"Saskatoon, Saskatchewan",32.97.6,v44350191
1999,9.00,"Saskatoon, Saskatchewan",32.97.6,v44350191
2000,1.00,"Saskatoon, Saskatchewan",32.97.6,v44350191
2001,2.00,"Saskatoon, Saskatchewan",32.97.6,v44350191
2002,1.00,"Saskatoon, Saskatchewan",32.97.6,v44350191
2003,5.00,"Saskatoon, Saskatchewan",32.97.6,v44350191
2004,4.00,"Saskatoon, Saskatchewan",32.97.6,v44350191
2005,2.00,"Saskatoon, Saskatchewan",32.97.6,v44350191
2006,1.00,"Saskatoon, Saskatchewan",32.97.6,v44350191
2007,1.00,"Saskatoon, Saskatchewan",32.97.6,v44350191
2008,2.00,"Saskatoon, Saskatchewan",32.97.6,v44350191
2009,2.00,"Saskatoon, Saskatchewan",32.97.6,v44350191
2010,2.00,"Saskatoon, Saskatchewan",32.97.6,v44350191
2011,3.00,"Saskatoon, Saskatchewan",32.97.6,v44350191
2012,2.00,"Saskatoon, Saskatchewan",32.97.6,v44350191
2013,1.00,"Saskatoon, Saskatchewan",32.97.6,v44350191
2014,0.00,"Saskatoon, Saskatchewan",32.97.6,v44350191
2015,0.00,"Saskatoon, Saskatchewan",32.97.6,v44350191
1998,44.00,"Alberta",33.97.6,v44335382
1999,155.00,"Alberta",33.97.6,v44335382
2000,104.00,"Alberta",33.97.6,v44335382
2001,87.00,"Alberta",33.97.6,v44335382
2002,73.00,"Alberta",33.97.6,v44335382
2003,79.00,"Alberta",33.97.6,v44335382
2004,43.00,"Alberta",33.97.6,v44335382
2005,51.00,"Alberta",33.97.6,v44335382
2006,71.00,"Alberta",33.97.6,v44335382
2007,63.00,"Alberta",33.97.6,v44335382
2008,80.00,"Alberta",33.97.6,v44335382
2009,83.00,"Alberta",33.97.6,v44335382
2010,67.00,"Alberta",33.97.6,v44335382
2011,64.00,"Alberta",33.97.6,v44335382
2012,69.00,"Alberta",33.97.6,v44335382
2013,59.00,"Alberta",33.97.6,v44335382
2014,59.00,"Alberta",33.97.6,v44335382
2015,69.00,"Alberta",33.97.6,v44335382
1998,3.00,"Calgary, Alberta",34.97.6,v44378879
1999,9.00,"Calgary, Alberta",34.97.6,v44378879
2000,9.00,"Calgary, Alberta",34.97.6,v44378879
2001,3.00,"Calgary, Alberta",34.97.6,v44378879
2002,5.00,"Calgary, Alberta",34.97.6,v44378879
2003,5.00,"Calgary, Alberta",34.97.6,v44378879
2004,5.00,"Calgary, Alberta",34.97.6,v44378879
2005,3.00,"Calgary, Alberta",34.97.6,v44378879
2006,7.00,"Calgary, Alberta",34.97.6,v44378879
2007,4.00,"Calgary, Alberta",34.97.6,v44378879
2008,5.00,"Calgary, Alberta",34.97.6,v44378879
2009,4.00,"Calgary, Alberta",34.97.6,v44378879
2010,4.00,"Calgary, Alberta",34.97.6,v44378879
2011,3.00,"Calgary, Alberta",34.97.6,v44378879
2012,2.00,"Calgary, Alberta",34.97.6,v44378879
2013,2.00,"Calgary, Alberta",34.97.6,v44378879
2014,3.00,"Calgary, Alberta",34.97.6,v44378879
2015,8.00,"Calgary, Alberta",34.97.6,v44378879
1998,4.00,"Edmonton, Alberta",35.97.6,v44334708
1999,39.00,"Edmonton, Alberta",35.97.6,v44334708
2000,24.00,"Edmonton, Alberta",35.97.6,v44334708
2001,20.00,"Edmonton, Alberta",35.97.6,v44334708
2002,16.00,"Edmonton, Alberta",35.97.6,v44334708
2003,23.00,"Edmonton, Alberta",35.97.6,v44334708
2004,9.00,"Edmonton, Alberta",35.97.6,v44334708
2005,6.00,"Edmonton, Alberta",35.97.6,v44334708
2006,8.00,"Edmonton, Alberta",35.97.6,v44334708
2007,8.00,"Edmonton, Alberta",35.97.6,v44334708
2008,10.00,"Edmonton, Alberta",35.97.6,v44334708
2009,11.00,"Edmonton, Alberta",35.97.6,v44334708
2010,6.00,"Edmonton, Alberta",35.97.6,v44334708
2011,7.00,"Edmonton, Alberta",35.97.6,v44334708
2012,7.00,"Edmonton, Alberta",35.97.6,v44334708
2013,10.00,"Edmonton, Alberta",35.97.6,v44334708
2014,11.00,"Edmonton, Alberta",35.97.6,v44334708
2015,14.00,"Edmonton, Alberta",35.97.6,v44334708
1998,63.00,"British Columbia",36.97.6,v44353709
1999,287.00,"British Columbia",36.97.6,v44353709
2000,188.00,"British Columbia",36.97.6,v44353709
2001,131.00,"British Columbia",36.97.6,v44353709
2002,145.00,"British Columbia",36.97.6,v44353709
2003,114.00,"British Columbia",36.97.6,v44353709
2004,87.00,"British Columbia",36.97.6,v44353709
2005,121.00,"British Columbia",36.97.6,v44353709
2006,166.00,"British Columbia",36.97.6,v44353709
2007,80.00,"British Columbia",36.97.6,v44353709
2008,51.00,"British Columbia",36.97.6,v44353709
2009,78.00,"British Columbia",36.97.6,v44353709
2010,84.00,"British Columbia",36.97.6,v44353709
2011,69.00,"British Columbia",36.97.6,v44353709
2012,77.00,"British Columbia",36.97.6,v44353709
2013,76.00,"British Columbia",36.97.6,v44353709
2014,69.00,"British Columbia",36.97.6,v44353709
2015,70.00,"British Columbia",36.97.6,v44353709
2005,..,"Kelowna, British Columbia",48.97.6,v52144297
2006,2.00,"Kelowna, British Columbia",48.97.6,v52144297
2007,2.00,"Kelowna, British Columbia",48.97.6,v52144297
2008,3.00,"Kelowna, British Columbia",48.97.6,v52144297
2009,3.00,"Kelowna, British Columbia",48.97.6,v52144297
2010,8.00,"Kelowna, British Columbia",48.97.6,v52144297
2011,5.00,"Kelowna, British Columbia",48.97.6,v52144297
2012,11.00,"Kelowna, British Columbia",48.97.6,v52144297
2013,5.00,"Kelowna, British Columbia",48.97.6,v52144297
2014,5.00,"Kelowna, British Columbia",48.97.6,v52144297
2015,11.00,"Kelowna, British Columbia",48.97.6,v52144297
2000,..,"Abbotsford-Mission, British Columbia",39.97.6,v44334505
2001,1.00,"Abbotsford-Mission, British Columbia",39.97.6,v44334505
2002,3.00,"Abbotsford-Mission, British Columbia",39.97.6,v44334505
2003,3.00,"Abbotsford-Mission, British Columbia",39.97.6,v44334505
2004,3.00,"Abbotsford-Mission, British Columbia",39.97.6,v44334505
2005,3.00,"Abbotsford-Mission, British Columbia",39.97.6,v44334505
2006,4.00,"Abbotsford-Mission, British Columbia",39.97.6,v44334505
2007,3.00,"Abbotsford-Mission, British Columbia",39.97.6,v44334505
2008,0.00,"Abbotsford-Mission, British Columbia",39.97.6,v44334505
2009,3.00,"Abbotsford-Mission, British Columbia",39.97.6,v44334505
2010,4.00,"Abbotsford-Mission, British Columbia",39.97.6,v44334505
2011,2.00,"Abbotsford-Mission, British Columbia",39.97.6,v44334505
2012,2.00,"Abbotsford-Mission, British Columbia",39.97.6,v44334505
2013,5.00,"Abbotsford-Mission, British Columbia",39.97.6,v44334505
2014,0.00,"Abbotsford-Mission, British Columbia",39.97.6,v44334505
2015,0.00,"Abbotsford-Mission, British Columbia",39.97.6,v44334505
1998,1.00,"Vancouver, British Columbia",37.97.6,v44372656
1999,75.00,"Vancouver, British Columbia",37.97.6,v44372656
2000,50.00,"Vancouver, British Columbia",37.97.6,v44372656
2001,40.00,"Vancouver, British Columbia",37.97.6,v44372656
2002,43.00,"Vancouver, British Columbia",37.97.6,v44372656
2003,28.00,"Vancouver, British Columbia",37.97.6,v44372656
2004,22.00,"Vancouver, British Columbia",37.97.6,v44372656
2005,36.00,"Vancouver, British Columbia",37.97.6,v44372656
2006,55.00,"Vancouver, British Columbia",37.97.6,v44372656
2007,10.00,"Vancouver, British Columbia",37.97.6,v44372656
2008,6.00,"Vancouver, British Columbia",37.97.6,v44372656
2009,9.00,"Vancouver, British Columbia",37.97.6,v44372656
2010,10.00,"Vancouver, British Columbia",37.97.6,v44372656
2011,8.00,"Vancouver, British Columbia",37.97.6,v44372656
2012,11.00,"Vancouver, British Columbia",37.97.6,v44372656
2013,8.00,"Vancouver, British Columbia",37.97.6,v44372656
2014,7.00,"Vancouver, British Columbia",37.97.6,v44372656
2015,5.00,"Vancouver, British Columbia",37.97.6,v44372656
1998,0.00,"Victoria, British Columbia",38.97.6,v44376387
1999,24.00,"Victoria, British Columbia",38.97.6,v44376387
2000,12.00,"Victoria, British Columbia",38.97.6,v44376387
2001,9.00,"Victoria, British Columbia",38.97.6,v44376387
2002,7.00,"Victoria, British Columbia",38.97.6,v44376387
2003,10.00,"Victoria, British Columbia",38.97.6,v44376387
2004,2.00,"Victoria, British Columbia",38.97.6,v44376387
2005,3.00,"Victoria, British Columbia",38.97.6,v44376387
2006,4.00,"Victoria, British Columbia",38.97.6,v44376387
2007,1.00,"Victoria, British Columbia",38.97.6,v44376387
2008,3.00,"Victoria, British Columbia",38.97.6,v44376387
2009,1.00,"Victoria, British Columbia",38.97.6,v44376387
2010,2.00,"Victoria, British Columbia",38.97.6,v44376387
2011,2.00,"Victoria, British Columbia",38.97.6,v44376387
2012,3.00,"Victoria, British Columbia",38.97.6,v44376387
2013,6.00,"Victoria, British Columbia",38.97.6,v44376387
2014,1.00,"Victoria, British Columbia",38.97.6,v44376387
2015,1.00,"Victoria, British Columbia",38.97.6,v44376387
1998,1.00,"Yukon",40.97.6,v44394301
1999,10.00,"Yukon",40.97.6,v44394301
2000,4.00,"Yukon",40.97.6,v44394301
2001,2.00,"Yukon",40.97.6,v44394301
2002,3.00,"Yukon",40.97.6,v44394301
2003,3.00,"Yukon",40.97.6,v44394301
2004,2.00,"Yukon",40.97.6,v44394301
2005,5.00,"Yukon",40.97.6,v44394301
2006,0.00,"Yukon",40.97.6,v44394301
2007,5.00,"Yukon",40.97.6,v44394301
2008,1.00,"Yukon",40.97.6,v44394301
2009,4.00,"Yukon",40.97.6,v44394301
2010,6.00,"Yukon",40.97.6,v44394301
2011,8.00,"Yukon",40.97.6,v44394301
2012,7.00,"Yukon",40.97.6,v44394301
2013,6.00,"Yukon",40.97.6,v44394301
2014,3.00,"Yukon",40.97.6,v44394301
2015,1.00,"Yukon",40.97.6,v44394301
1998,14.00,"Northwest Territories",41.97.6,v44392313
1999,10.00,"Northwest Territories",41.97.6,v44392313
2000,10.00,"Northwest Territories",41.97.6,v44392313
2001,3.00,"Northwest Territories",41.97.6,v44392313
2002,3.00,"Northwest Territories",41.97.6,v44392313
2003,4.00,"Northwest Territories",41.97.6,v44392313
2004,4.00,"Northwest Territories",41.97.6,v44392313
2005,8.00,"Northwest Territories",41.97.6,v44392313
2006,3.00,"Northwest Territories",41.97.6,v44392313
2007,9.00,"Northwest Territories",41.97.6,v44392313
2008,9.00,"Northwest Territories",41.97.6,v44392313
2009,13.00,"Northwest Territories",41.97.6,v44392313
2010,10.00,"Northwest Territories",41.97.6,v44392313
2011,12.00,"Northwest Territories",41.97.6,v44392313
2012,12.00,"Northwest Territories",41.97.6,v44392313
2013,10.00,"Northwest Territories",41.97.6,v44392313
2014,5.00,"Northwest Territories",41.97.6,v44392313
2015,12.00,"Northwest Territories",41.97.6,v44392313
1998,..,"Nunavut",42.97.6,v44409653
1999,8.00,"Nunavut",42.97.6,v44409653
2000,1.00,"Nunavut",42.97.6,v44409653
2001,3.00,"Nunavut",42.97.6,v44409653
2002,4.00,"Nunavut",42.97.6,v44409653
2003,7.00,"Nunavut",42.97.6,v44409653
2004,2.00,"Nunavut",42.97.6,v44409653
2005,2.00,"Nunavut",42.97.6,v44409653
2006,2.00,"Nunavut",42.97.6,v44409653
2007,5.00,"Nunavut",42.97.6,v44409653
2008,7.00,"Nunavut",42.97.6,v44409653
2009,9.00,"Nunavut",42.97.6,v44409653
2010,8.00,"Nunavut",42.97.6,v44409653
2011,4.00,"Nunavut",42.97.6,v44409653
2012,10.00,"Nunavut",42.97.6,v44409653
2013,7.00,"Nunavut",42.97.6,v44409653
2014,6.00,"Nunavut",42.97.6,v44409653
2015,11.00,"Nunavut",42.97.6,v44409653
