1998,31.00,"Canada",1.97.13,v53080039
1999,116.00,"Canada",1.97.13,v53080039
2000,148.00,"Canada",1.97.13,v53080039
2001,187.00,"Canada",1.97.13,v53080039
2002,160.00,"Canada",1.97.13,v53080039
2003,73.00,"Canada",1.97.13,v53080039
2004,9.00,"Canada",1.97.13,v53080039
2005,21.00,"Canada",1.97.13,v53080039
2006,41.00,"Canada",1.97.13,v53080039
2007,12.00,"Canada",1.97.13,v53080039
2008,16.00,"Canada",1.97.13,v53080039
2009,13.00,"Canada",1.97.13,v53080039
2010,13.00,"Canada",1.97.13,v53080039
2011,10.00,"Canada",1.97.13,v53080039
2012,19.00,"Canada",1.97.13,v53080039
2013,10.00,"Canada",1.97.13,v53080039
2014,21.00,"Canada",1.97.13,v53080039
2015,14.00,"Canada",1.97.13,v53080039
1998,0.00,"Newfoundland and Labrador",2.97.13,v53080429
1999,2.00,"Newfoundland and Labrador",2.97.13,v53080429
2000,6.00,"Newfoundland and Labrador",2.97.13,v53080429
2001,0.00,"Newfoundland and Labrador",2.97.13,v53080429
2002,1.00,"Newfoundland and Labrador",2.97.13,v53080429
2003,0.00,"Newfoundland and Labrador",2.97.13,v53080429
2004,0.00,"Newfoundland and Labrador",2.97.13,v53080429
2005,0.00,"Newfoundland and Labrador",2.97.13,v53080429
2006,0.00,"Newfoundland and Labrador",2.97.13,v53080429
2007,0.00,"Newfoundland and Labrador",2.97.13,v53080429
2008,0.00,"Newfoundland and Labrador",2.97.13,v53080429
2009,1.00,"Newfoundland and Labrador",2.97.13,v53080429
2010,0.00,"Newfoundland and Labrador",2.97.13,v53080429
2011,1.00,"Newfoundland and Labrador",2.97.13,v53080429
2012,0.00,"Newfoundland and Labrador",2.97.13,v53080429
2013,0.00,"Newfoundland and Labrador",2.97.13,v53080429
2014,1.00,"Newfoundland and Labrador",2.97.13,v53080429
2015,0.00,"Newfoundland and Labrador",2.97.13,v53080429
1998,0.00,"St. John's, Newfoundland and Labrador",3.97.13,v53082354
1999,0.00,"St. John's, Newfoundland and Labrador",3.97.13,v53082354
2000,0.00,"St. John's, Newfoundland and Labrador",3.97.13,v53082354
2001,0.00,"St. John's, Newfoundland and Labrador",3.97.13,v53082354
2002,0.00,"St. John's, Newfoundland and Labrador",3.97.13,v53082354
2003,0.00,"St. John's, Newfoundland and Labrador",3.97.13,v53082354
2004,0.00,"St. John's, Newfoundland and Labrador",3.97.13,v53082354
2005,0.00,"St. John's, Newfoundland and Labrador",3.97.13,v53082354
2006,0.00,"St. John's, Newfoundland and Labrador",3.97.13,v53082354
2007,0.00,"St. John's, Newfoundland and Labrador",3.97.13,v53082354
2008,0.00,"St. John's, Newfoundland and Labrador",3.97.13,v53082354
2009,0.00,"St. John's, Newfoundland and Labrador",3.97.13,v53082354
2010,0.00,"St. John's, Newfoundland and Labrador",3.97.13,v53082354
2011,0.00,"St. John's, Newfoundland and Labrador",3.97.13,v53082354
2012,0.00,"St. John's, Newfoundland and Labrador",3.97.13,v53082354
2013,0.00,"St. John's, Newfoundland and Labrador",3.97.13,v53082354
2014,0.00,"St. John's, Newfoundland and Labrador",3.97.13,v53082354
2015,0.00,"St. John's, Newfoundland and Labrador",3.97.13,v53082354
1998,0.00,"Prince Edward Island",4.97.13,v53080870
1999,0.00,"Prince Edward Island",4.97.13,v53080870
2000,0.00,"Prince Edward Island",4.97.13,v53080870
2001,3.00,"Prince Edward Island",4.97.13,v53080870
2002,2.00,"Prince Edward Island",4.97.13,v53080870
2003,0.00,"Prince Edward Island",4.97.13,v53080870
2004,0.00,"Prince Edward Island",4.97.13,v53080870
2005,0.00,"Prince Edward Island",4.97.13,v53080870
2006,0.00,"Prince Edward Island",4.97.13,v53080870
2007,0.00,"Prince Edward Island",4.97.13,v53080870
2008,0.00,"Prince Edward Island",4.97.13,v53080870
2009,0.00,"Prince Edward Island",4.97.13,v53080870
2010,0.00,"Prince Edward Island",4.97.13,v53080870
2011,0.00,"Prince Edward Island",4.97.13,v53080870
2012,0.00,"Prince Edward Island",4.97.13,v53080870
2013,0.00,"Prince Edward Island",4.97.13,v53080870
2014,0.00,"Prince Edward Island",4.97.13,v53080870
2015,0.00,"Prince Edward Island",4.97.13,v53080870
1998,1.00,"Nova Scotia",5.97.13,v53083062
1999,0.00,"Nova Scotia",5.97.13,v53083062
2000,2.00,"Nova Scotia",5.97.13,v53083062
2001,15.00,"Nova Scotia",5.97.13,v53083062
2002,11.00,"Nova Scotia",5.97.13,v53083062
2003,5.00,"Nova Scotia",5.97.13,v53083062
2004,0.00,"Nova Scotia",5.97.13,v53083062
2005,1.00,"Nova Scotia",5.97.13,v53083062
2006,1.00,"Nova Scotia",5.97.13,v53083062
2007,0.00,"Nova Scotia",5.97.13,v53083062
2008,4.00,"Nova Scotia",5.97.13,v53083062
2009,0.00,"Nova Scotia",5.97.13,v53083062
2010,0.00,"Nova Scotia",5.97.13,v53083062
2011,0.00,"Nova Scotia",5.97.13,v53083062
2012,1.00,"Nova Scotia",5.97.13,v53083062
2013,0.00,"Nova Scotia",5.97.13,v53083062
2014,1.00,"Nova Scotia",5.97.13,v53083062
2015,4.00,"Nova Scotia",5.97.13,v53083062
1998,1.00,"Halifax, Nova Scotia",6.97.13,v53083223
1999,0.00,"Halifax, Nova Scotia",6.97.13,v53083223
2000,0.00,"Halifax, Nova Scotia",6.97.13,v53083223
2001,7.00,"Halifax, Nova Scotia",6.97.13,v53083223
2002,5.00,"Halifax, Nova Scotia",6.97.13,v53083223
2003,0.00,"Halifax, Nova Scotia",6.97.13,v53083223
2004,0.00,"Halifax, Nova Scotia",6.97.13,v53083223
2005,1.00,"Halifax, Nova Scotia",6.97.13,v53083223
2006,0.00,"Halifax, Nova Scotia",6.97.13,v53083223
2007,0.00,"Halifax, Nova Scotia",6.97.13,v53083223
2008,1.00,"Halifax, Nova Scotia",6.97.13,v53083223
2009,0.00,"Halifax, Nova Scotia",6.97.13,v53083223
2010,0.00,"Halifax, Nova Scotia",6.97.13,v53083223
2011,0.00,"Halifax, Nova Scotia",6.97.13,v53083223
2012,0.00,"Halifax, Nova Scotia",6.97.13,v53083223
2013,0.00,"Halifax, Nova Scotia",6.97.13,v53083223
2014,0.00,"Halifax, Nova Scotia",6.97.13,v53083223
2015,0.00,"Halifax, Nova Scotia",6.97.13,v53083223
1998,0.00,"New Brunswick",7.97.13,v53081852
1999,1.00,"New Brunswick",7.97.13,v53081852
2000,5.00,"New Brunswick",7.97.13,v53081852
2001,3.00,"New Brunswick",7.97.13,v53081852
2002,4.00,"New Brunswick",7.97.13,v53081852
2003,1.00,"New Brunswick",7.97.13,v53081852
2004,0.00,"New Brunswick",7.97.13,v53081852
2005,0.00,"New Brunswick",7.97.13,v53081852
2006,3.00,"New Brunswick",7.97.13,v53081852
2007,0.00,"New Brunswick",7.97.13,v53081852
2008,1.00,"New Brunswick",7.97.13,v53081852
2009,0.00,"New Brunswick",7.97.13,v53081852
2010,0.00,"New Brunswick",7.97.13,v53081852
2011,2.00,"New Brunswick",7.97.13,v53081852
2012,2.00,"New Brunswick",7.97.13,v53081852
2013,0.00,"New Brunswick",7.97.13,v53081852
2014,0.00,"New Brunswick",7.97.13,v53081852
2015,0.00,"New Brunswick",7.97.13,v53081852
2005,..,"Moncton, New Brunswick",43.97.13,v53082806
2006,0.00,"Moncton, New Brunswick",43.97.13,v53082806
2007,0.00,"Moncton, New Brunswick",43.97.13,v53082806
2008,0.00,"Moncton, New Brunswick",43.97.13,v53082806
2009,0.00,"Moncton, New Brunswick",43.97.13,v53082806
2010,0.00,"Moncton, New Brunswick",43.97.13,v53082806
2011,0.00,"Moncton, New Brunswick",43.97.13,v53082806
2012,0.00,"Moncton, New Brunswick",43.97.13,v53082806
2013,0.00,"Moncton, New Brunswick",43.97.13,v53082806
2014,0.00,"Moncton, New Brunswick",43.97.13,v53082806
2015,0.00,"Moncton, New Brunswick",43.97.13,v53082806
1998,0.00,"Saint John, New Brunswick",8.97.13,v53083820
1999,0.00,"Saint John, New Brunswick",8.97.13,v53083820
2000,0.00,"Saint John, New Brunswick",8.97.13,v53083820
2001,0.00,"Saint John, New Brunswick",8.97.13,v53083820
2002,0.00,"Saint John, New Brunswick",8.97.13,v53083820
2003,1.00,"Saint John, New Brunswick",8.97.13,v53083820
2004,0.00,"Saint John, New Brunswick",8.97.13,v53083820
2005,0.00,"Saint John, New Brunswick",8.97.13,v53083820
2006,0.00,"Saint John, New Brunswick",8.97.13,v53083820
2007,0.00,"Saint John, New Brunswick",8.97.13,v53083820
2008,0.00,"Saint John, New Brunswick",8.97.13,v53083820
2009,0.00,"Saint John, New Brunswick",8.97.13,v53083820
2010,0.00,"Saint John, New Brunswick",8.97.13,v53083820
2011,0.00,"Saint John, New Brunswick",8.97.13,v53083820
2012,0.00,"Saint John, New Brunswick",8.97.13,v53083820
2013,0.00,"Saint John, New Brunswick",8.97.13,v53083820
2014,0.00,"Saint John, New Brunswick",8.97.13,v53083820
2015,0.00,"Saint John, New Brunswick",8.97.13,v53083820
1998,2.00,"Quebec",9.97.13,v53086027
1999,5.00,"Quebec",9.97.13,v53086027
2000,3.00,"Quebec",9.97.13,v53086027
2001,6.00,"Quebec",9.97.13,v53086027
2002,9.00,"Quebec",9.97.13,v53086027
2003,9.00,"Quebec",9.97.13,v53086027
2004,0.00,"Quebec",9.97.13,v53086027
2005,2.00,"Quebec",9.97.13,v53086027
2006,1.00,"Quebec",9.97.13,v53086027
2007,2.00,"Quebec",9.97.13,v53086027
2008,1.00,"Quebec",9.97.13,v53086027
2009,0.00,"Quebec",9.97.13,v53086027
2010,0.00,"Quebec",9.97.13,v53086027
2011,0.00,"Quebec",9.97.13,v53086027
2012,2.00,"Quebec",9.97.13,v53086027
2013,2.00,"Quebec",9.97.13,v53086027
2014,3.00,"Quebec",9.97.13,v53086027
2015,0.00,"Quebec",9.97.13,v53086027
1998,0.00,"Saguenay, Quebec",10.97.13,v53084276
1999,0.00,"Saguenay, Quebec",10.97.13,v53084276
2000,0.00,"Saguenay, Quebec",10.97.13,v53084276
2001,0.00,"Saguenay, Quebec",10.97.13,v53084276
2002,0.00,"Saguenay, Quebec",10.97.13,v53084276
2003,0.00,"Saguenay, Quebec",10.97.13,v53084276
2004,0.00,"Saguenay, Quebec",10.97.13,v53084276
2005,0.00,"Saguenay, Quebec",10.97.13,v53084276
2006,0.00,"Saguenay, Quebec",10.97.13,v53084276
2007,0.00,"Saguenay, Quebec",10.97.13,v53084276
2008,0.00,"Saguenay, Quebec",10.97.13,v53084276
2009,0.00,"Saguenay, Quebec",10.97.13,v53084276
2010,0.00,"Saguenay, Quebec",10.97.13,v53084276
2011,0.00,"Saguenay, Quebec",10.97.13,v53084276
2012,1.00,"Saguenay, Quebec",10.97.13,v53084276
2013,0.00,"Saguenay, Quebec",10.97.13,v53084276
2014,0.00,"Saguenay, Quebec",10.97.13,v53084276
2015,0.00,"Saguenay, Quebec",10.97.13,v53084276
1998,0.00,"Sherbrooke, Quebec",12.97.13,v53086774
1999,0.00,"Sherbrooke, Quebec",12.97.13,v53086774
2000,0.00,"Sherbrooke, Quebec",12.97.13,v53086774
2001,0.00,"Sherbrooke, Quebec",12.97.13,v53086774
2002,0.00,"Sherbrooke, Quebec",12.97.13,v53086774
2003,0.00,"Sherbrooke, Quebec",12.97.13,v53086774
2004,0.00,"Sherbrooke, Quebec",12.97.13,v53086774
2005,0.00,"Sherbrooke, Quebec",12.97.13,v53086774
2006,0.00,"Sherbrooke, Quebec",12.97.13,v53086774
2007,0.00,"Sherbrooke, Quebec",12.97.13,v53086774
2008,0.00,"Sherbrooke, Quebec",12.97.13,v53086774
2009,0.00,"Sherbrooke, Quebec",12.97.13,v53086774
2010,0.00,"Sherbrooke, Quebec",12.97.13,v53086774
2011,0.00,"Sherbrooke, Quebec",12.97.13,v53086774
2012,0.00,"Sherbrooke, Quebec",12.97.13,v53086774
2013,0.00,"Sherbrooke, Quebec",12.97.13,v53086774
2014,0.00,"Sherbrooke, Quebec",12.97.13,v53086774
2015,0.00,"Sherbrooke, Quebec",12.97.13,v53086774
1998,0.00,"Ottawa-Gatineau, Quebec part",15.97.13,v53084677
1999,0.00,"Ottawa-Gatineau, Quebec part",15.97.13,v53084677
2000,0.00,"Ottawa-Gatineau, Quebec part",15.97.13,v53084677
2001,1.00,"Ottawa-Gatineau, Quebec part",15.97.13,v53084677
2002,6.00,"Ottawa-Gatineau, Quebec part",15.97.13,v53084677
2003,0.00,"Ottawa-Gatineau, Quebec part",15.97.13,v53084677
2004,0.00,"Ottawa-Gatineau, Quebec part",15.97.13,v53084677
2005,0.00,"Ottawa-Gatineau, Quebec part",15.97.13,v53084677
2006,0.00,"Ottawa-Gatineau, Quebec part",15.97.13,v53084677
2007,0.00,"Ottawa-Gatineau, Quebec part",15.97.13,v53084677
2008,0.00,"Ottawa-Gatineau, Quebec part",15.97.13,v53084677
2009,0.00,"Ottawa-Gatineau, Quebec part",15.97.13,v53084677
2010,0.00,"Ottawa-Gatineau, Quebec part",15.97.13,v53084677
2011,0.00,"Ottawa-Gatineau, Quebec part",15.97.13,v53084677
2012,0.00,"Ottawa-Gatineau, Quebec part",15.97.13,v53084677
2013,0.00,"Ottawa-Gatineau, Quebec part",15.97.13,v53084677
2014,1.00,"Ottawa-Gatineau, Quebec part",15.97.13,v53084677
2015,0.00,"Ottawa-Gatineau, Quebec part",15.97.13,v53084677
1998,2.00,"Ontario",16.97.13,v53085727
1999,13.00,"Ontario",16.97.13,v53085727
2000,9.00,"Ontario",16.97.13,v53085727
2001,22.00,"Ontario",16.97.13,v53085727
2002,9.00,"Ontario",16.97.13,v53085727
2003,9.00,"Ontario",16.97.13,v53085727
2004,3.00,"Ontario",16.97.13,v53085727
2005,3.00,"Ontario",16.97.13,v53085727
2006,10.00,"Ontario",16.97.13,v53085727
2007,3.00,"Ontario",16.97.13,v53085727
2008,0.00,"Ontario",16.97.13,v53085727
2009,1.00,"Ontario",16.97.13,v53085727
2010,0.00,"Ontario",16.97.13,v53085727
2011,1.00,"Ontario",16.97.13,v53085727
2012,4.00,"Ontario",16.97.13,v53085727
2013,1.00,"Ontario",16.97.13,v53085727
2014,2.00,"Ontario",16.97.13,v53085727
2015,3.00,"Ontario",16.97.13,v53085727
1998,0.00,"Ottawa-Gatineau, Ontario/Quebec",17.97.13,v53080271
1999,0.00,"Ottawa-Gatineau, Ontario/Quebec",17.97.13,v53080271
2000,0.00,"Ottawa-Gatineau, Ontario/Quebec",17.97.13,v53080271
2001,1.00,"Ottawa-Gatineau, Ontario/Quebec",17.97.13,v53080271
2002,6.00,"Ottawa-Gatineau, Ontario/Quebec",17.97.13,v53080271
2003,0.00,"Ottawa-Gatineau, Ontario/Quebec",17.97.13,v53080271
2004,0.00,"Ottawa-Gatineau, Ontario/Quebec",17.97.13,v53080271
2005,0.00,"Ottawa-Gatineau, Ontario/Quebec",17.97.13,v53080271
2006,1.00,"Ottawa-Gatineau, Ontario/Quebec",17.97.13,v53080271
2007,0.00,"Ottawa-Gatineau, Ontario/Quebec",17.97.13,v53080271
2008,0.00,"Ottawa-Gatineau, Ontario/Quebec",17.97.13,v53080271
2009,0.00,"Ottawa-Gatineau, Ontario/Quebec",17.97.13,v53080271
2010,0.00,"Ottawa-Gatineau, Ontario/Quebec",17.97.13,v53080271
2011,0.00,"Ottawa-Gatineau, Ontario/Quebec",17.97.13,v53080271
2012,0.00,"Ottawa-Gatineau, Ontario/Quebec",17.97.13,v53080271
2013,0.00,"Ottawa-Gatineau, Ontario/Quebec",17.97.13,v53080271
2014,1.00,"Ottawa-Gatineau, Ontario/Quebec",17.97.13,v53080271
2015,0.00,"Ottawa-Gatineau, Ontario/Quebec",17.97.13,v53080271
1998,0.00,"Ottawa-Gatineau, Ontario part",18.97.13,v53085822
1999,0.00,"Ottawa-Gatineau, Ontario part",18.97.13,v53085822
2000,0.00,"Ottawa-Gatineau, Ontario part",18.97.13,v53085822
2001,0.00,"Ottawa-Gatineau, Ontario part",18.97.13,v53085822
2002,0.00,"Ottawa-Gatineau, Ontario part",18.97.13,v53085822
2003,0.00,"Ottawa-Gatineau, Ontario part",18.97.13,v53085822
2004,0.00,"Ottawa-Gatineau, Ontario part",18.97.13,v53085822
2005,0.00,"Ottawa-Gatineau, Ontario part",18.97.13,v53085822
2006,1.00,"Ottawa-Gatineau, Ontario part",18.97.13,v53085822
2007,0.00,"Ottawa-Gatineau, Ontario part",18.97.13,v53085822
2008,0.00,"Ottawa-Gatineau, Ontario part",18.97.13,v53085822
2009,0.00,"Ottawa-Gatineau, Ontario part",18.97.13,v53085822
2010,0.00,"Ottawa-Gatineau, Ontario part",18.97.13,v53085822
2011,0.00,"Ottawa-Gatineau, Ontario part",18.97.13,v53085822
2012,0.00,"Ottawa-Gatineau, Ontario part",18.97.13,v53085822
2013,0.00,"Ottawa-Gatineau, Ontario part",18.97.13,v53085822
2014,0.00,"Ottawa-Gatineau, Ontario part",18.97.13,v53085822
2015,0.00,"Ottawa-Gatineau, Ontario part",18.97.13,v53085822
2000,..,"Kingston, Ontario",27.97.13,v53090113
2001,0.00,"Kingston, Ontario",27.97.13,v53090113
2002,0.00,"Kingston, Ontario",27.97.13,v53090113
2003,0.00,"Kingston, Ontario",27.97.13,v53090113
2004,0.00,"Kingston, Ontario",27.97.13,v53090113
2005,0.00,"Kingston, Ontario",27.97.13,v53090113
2006,0.00,"Kingston, Ontario",27.97.13,v53090113
2007,0.00,"Kingston, Ontario",27.97.13,v53090113
2008,0.00,"Kingston, Ontario",27.97.13,v53090113
2009,0.00,"Kingston, Ontario",27.97.13,v53090113
2010,0.00,"Kingston, Ontario",27.97.13,v53090113
2011,0.00,"Kingston, Ontario",27.97.13,v53090113
2012,0.00,"Kingston, Ontario",27.97.13,v53090113
2013,0.00,"Kingston, Ontario",27.97.13,v53090113
2014,0.00,"Kingston, Ontario",27.97.13,v53090113
2015,0.00,"Kingston, Ontario",27.97.13,v53090113
2005,..,"Peterborough, Ontario",44.97.13,v53092181
2006,0.00,"Peterborough, Ontario",44.97.13,v53092181
2007,0.00,"Peterborough, Ontario",44.97.13,v53092181
2008,0.00,"Peterborough, Ontario",44.97.13,v53092181
2009,0.00,"Peterborough, Ontario",44.97.13,v53092181
2010,0.00,"Peterborough, Ontario",44.97.13,v53092181
2011,0.00,"Peterborough, Ontario",44.97.13,v53092181
2012,0.00,"Peterborough, Ontario",44.97.13,v53092181
2013,0.00,"Peterborough, Ontario",44.97.13,v53092181
2014,1.00,"Peterborough, Ontario",44.97.13,v53092181
2015,0.00,"Peterborough, Ontario",44.97.13,v53092181
1998,0.00,"Toronto, Ontario",19.97.13,v53087285
1999,4.00,"Toronto, Ontario",19.97.13,v53087285
2000,1.00,"Toronto, Ontario",19.97.13,v53087285
2001,3.00,"Toronto, Ontario",19.97.13,v53087285
2002,4.00,"Toronto, Ontario",19.97.13,v53087285
2003,2.00,"Toronto, Ontario",19.97.13,v53087285
2004,1.00,"Toronto, Ontario",19.97.13,v53087285
2005,1.00,"Toronto, Ontario",19.97.13,v53087285
2006,1.00,"Toronto, Ontario",19.97.13,v53087285
2007,2.00,"Toronto, Ontario",19.97.13,v53087285
2008,0.00,"Toronto, Ontario",19.97.13,v53087285
2009,1.00,"Toronto, Ontario",19.97.13,v53087285
2010,0.00,"Toronto, Ontario",19.97.13,v53087285
2011,0.00,"Toronto, Ontario",19.97.13,v53087285
2012,0.00,"Toronto, Ontario",19.97.13,v53087285
2013,0.00,"Toronto, Ontario",19.97.13,v53087285
2014,0.00,"Toronto, Ontario",19.97.13,v53087285
2015,0.00,"Toronto, Ontario",19.97.13,v53087285
1998,0.00,"Hamilton, Ontario",20.97.13,v53088369
1999,1.00,"Hamilton, Ontario",20.97.13,v53088369
2000,1.00,"Hamilton, Ontario",20.97.13,v53088369
2001,12.00,"Hamilton, Ontario",20.97.13,v53088369
2002,2.00,"Hamilton, Ontario",20.97.13,v53088369
2003,0.00,"Hamilton, Ontario",20.97.13,v53088369
2004,0.00,"Hamilton, Ontario",20.97.13,v53088369
2005,1.00,"Hamilton, Ontario",20.97.13,v53088369
2006,0.00,"Hamilton, Ontario",20.97.13,v53088369
2007,0.00,"Hamilton, Ontario",20.97.13,v53088369
2008,0.00,"Hamilton, Ontario",20.97.13,v53088369
2009,0.00,"Hamilton, Ontario",20.97.13,v53088369
2010,0.00,"Hamilton, Ontario",20.97.13,v53088369
2011,0.00,"Hamilton, Ontario",20.97.13,v53088369
2012,0.00,"Hamilton, Ontario",20.97.13,v53088369
2013,0.00,"Hamilton, Ontario",20.97.13,v53088369
2014,0.00,"Hamilton, Ontario",20.97.13,v53088369
2015,0.00,"Hamilton, Ontario",20.97.13,v53088369
1998,0.00,"St.Catharines-Niagara, Ontario",21.97.13,v53092860
1999,0.00,"St.Catharines-Niagara, Ontario",21.97.13,v53092860
2000,0.00,"St.Catharines-Niagara, Ontario",21.97.13,v53092860
2001,0.00,"St.Catharines-Niagara, Ontario",21.97.13,v53092860
2002,0.00,"St.Catharines-Niagara, Ontario",21.97.13,v53092860
2003,0.00,"St.Catharines-Niagara, Ontario",21.97.13,v53092860
2004,0.00,"St.Catharines-Niagara, Ontario",21.97.13,v53092860
2005,0.00,"St.Catharines-Niagara, Ontario",21.97.13,v53092860
2006,1.00,"St.Catharines-Niagara, Ontario",21.97.13,v53092860
2007,0.00,"St.Catharines-Niagara, Ontario",21.97.13,v53092860
2008,0.00,"St.Catharines-Niagara, Ontario",21.97.13,v53092860
2009,0.00,"St.Catharines-Niagara, Ontario",21.97.13,v53092860
2010,0.00,"St.Catharines-Niagara, Ontario",21.97.13,v53092860
2011,0.00,"St.Catharines-Niagara, Ontario",21.97.13,v53092860
2012,0.00,"St.Catharines-Niagara, Ontario",21.97.13,v53092860
2013,0.00,"St.Catharines-Niagara, Ontario",21.97.13,v53092860
2014,0.00,"St.Catharines-Niagara, Ontario",21.97.13,v53092860
2015,0.00,"St.Catharines-Niagara, Ontario",21.97.13,v53092860
1998,..,"Kitchener-Cambridge-Waterloo, Ontario",22.97.13,v53093050
1999,0.00,"Kitchener-Cambridge-Waterloo, Ontario",22.97.13,v53093050
2000,0.00,"Kitchener-Cambridge-Waterloo, Ontario",22.97.13,v53093050
2001,0.00,"Kitchener-Cambridge-Waterloo, Ontario",22.97.13,v53093050
2002,0.00,"Kitchener-Cambridge-Waterloo, Ontario",22.97.13,v53093050
2003,0.00,"Kitchener-Cambridge-Waterloo, Ontario",22.97.13,v53093050
2004,..,"Kitchener-Cambridge-Waterloo, Ontario",22.97.13,v53093050
2005,0.00,"Kitchener-Cambridge-Waterloo, Ontario",22.97.13,v53093050
2006,0.00,"Kitchener-Cambridge-Waterloo, Ontario",22.97.13,v53093050
2007,0.00,"Kitchener-Cambridge-Waterloo, Ontario",22.97.13,v53093050
2008,0.00,"Kitchener-Cambridge-Waterloo, Ontario",22.97.13,v53093050
2009,0.00,"Kitchener-Cambridge-Waterloo, Ontario",22.97.13,v53093050
2010,0.00,"Kitchener-Cambridge-Waterloo, Ontario",22.97.13,v53093050
2011,0.00,"Kitchener-Cambridge-Waterloo, Ontario",22.97.13,v53093050
2012,0.00,"Kitchener-Cambridge-Waterloo, Ontario",22.97.13,v53093050
2013,0.00,"Kitchener-Cambridge-Waterloo, Ontario",22.97.13,v53093050
2014,0.00,"Kitchener-Cambridge-Waterloo, Ontario",22.97.13,v53093050
2015,0.00,"Kitchener-Cambridge-Waterloo, Ontario",22.97.13,v53093050
2005,..,"Brantford, Ontario",45.97.13,v53094599
2006,0.00,"Brantford, Ontario",45.97.13,v53094599
2007,0.00,"Brantford, Ontario",45.97.13,v53094599
2008,0.00,"Brantford, Ontario",45.97.13,v53094599
2009,0.00,"Brantford, Ontario",45.97.13,v53094599
2010,0.00,"Brantford, Ontario",45.97.13,v53094599
2011,0.00,"Brantford, Ontario",45.97.13,v53094599
2012,1.00,"Brantford, Ontario",45.97.13,v53094599
2013,0.00,"Brantford, Ontario",45.97.13,v53094599
2014,0.00,"Brantford, Ontario",45.97.13,v53094599
2015,0.00,"Brantford, Ontario",45.97.13,v53094599
2005,..,"Guelph, Ontario",46.97.13,v53088716
2006,0.00,"Guelph, Ontario",46.97.13,v53088716
2007,0.00,"Guelph, Ontario",46.97.13,v53088716
2008,0.00,"Guelph, Ontario",46.97.13,v53088716
2009,0.00,"Guelph, Ontario",46.97.13,v53088716
2010,0.00,"Guelph, Ontario",46.97.13,v53088716
2011,0.00,"Guelph, Ontario",46.97.13,v53088716
2012,0.00,"Guelph, Ontario",46.97.13,v53088716
2013,0.00,"Guelph, Ontario",46.97.13,v53088716
2014,0.00,"Guelph, Ontario",46.97.13,v53088716
2015,0.00,"Guelph, Ontario",46.97.13,v53088716
1998,0.00,"London, Ontario",23.97.13,v53095000
1999,3.00,"London, Ontario",23.97.13,v53095000
2000,0.00,"London, Ontario",23.97.13,v53095000
2001,0.00,"London, Ontario",23.97.13,v53095000
2002,0.00,"London, Ontario",23.97.13,v53095000
2003,0.00,"London, Ontario",23.97.13,v53095000
2004,0.00,"London, Ontario",23.97.13,v53095000
2005,0.00,"London, Ontario",23.97.13,v53095000
2006,0.00,"London, Ontario",23.97.13,v53095000
2007,0.00,"London, Ontario",23.97.13,v53095000
2008,0.00,"London, Ontario",23.97.13,v53095000
2009,0.00,"London, Ontario",23.97.13,v53095000
2010,0.00,"London, Ontario",23.97.13,v53095000
2011,0.00,"London, Ontario",23.97.13,v53095000
2012,0.00,"London, Ontario",23.97.13,v53095000
2013,0.00,"London, Ontario",23.97.13,v53095000
2014,0.00,"London, Ontario",23.97.13,v53095000
2015,0.00,"London, Ontario",23.97.13,v53095000
1998,0.00,"Windsor, Ontario",24.97.13,v53095097
1999,0.00,"Windsor, Ontario",24.97.13,v53095097
2000,0.00,"Windsor, Ontario",24.97.13,v53095097
2001,0.00,"Windsor, Ontario",24.97.13,v53095097
2002,0.00,"Windsor, Ontario",24.97.13,v53095097
2003,0.00,"Windsor, Ontario",24.97.13,v53095097
2004,0.00,"Windsor, Ontario",24.97.13,v53095097
2005,0.00,"Windsor, Ontario",24.97.13,v53095097
2006,0.00,"Windsor, Ontario",24.97.13,v53095097
2007,0.00,"Windsor, Ontario",24.97.13,v53095097
2008,0.00,"Windsor, Ontario",24.97.13,v53095097
2009,0.00,"Windsor, Ontario",24.97.13,v53095097
2010,0.00,"Windsor, Ontario",24.97.13,v53095097
2011,0.00,"Windsor, Ontario",24.97.13,v53095097
2012,1.00,"Windsor, Ontario",24.97.13,v53095097
2013,0.00,"Windsor, Ontario",24.97.13,v53095097
2014,0.00,"Windsor, Ontario",24.97.13,v53095097
2015,3.00,"Windsor, Ontario",24.97.13,v53095097
2005,..,"Barrie, Ontario",47.97.13,v53088995
2006,1.00,"Barrie, Ontario",47.97.13,v53088995
2007,0.00,"Barrie, Ontario",47.97.13,v53088995
2008,0.00,"Barrie, Ontario",47.97.13,v53088995
2009,0.00,"Barrie, Ontario",47.97.13,v53088995
2010,0.00,"Barrie, Ontario",47.97.13,v53088995
2011,0.00,"Barrie, Ontario",47.97.13,v53088995
2012,0.00,"Barrie, Ontario",47.97.13,v53088995
2013,0.00,"Barrie, Ontario",47.97.13,v53088995
2014,0.00,"Barrie, Ontario",47.97.13,v53088995
2015,0.00,"Barrie, Ontario",47.97.13,v53088995
1998,0.00,"Sudbury, Ontario",25.97.13,v53095462
1999,0.00,"Sudbury, Ontario",25.97.13,v53095462
2000,0.00,"Sudbury, Ontario",25.97.13,v53095462
2001,0.00,"Sudbury, Ontario",25.97.13,v53095462
2002,0.00,"Sudbury, Ontario",25.97.13,v53095462
2003,0.00,"Sudbury, Ontario",25.97.13,v53095462
2004,0.00,"Sudbury, Ontario",25.97.13,v53095462
2005,0.00,"Sudbury, Ontario",25.97.13,v53095462
2006,0.00,"Sudbury, Ontario",25.97.13,v53095462
2007,0.00,"Sudbury, Ontario",25.97.13,v53095462
2008,0.00,"Sudbury, Ontario",25.97.13,v53095462
2009,0.00,"Sudbury, Ontario",25.97.13,v53095462
2010,0.00,"Sudbury, Ontario",25.97.13,v53095462
2011,0.00,"Sudbury, Ontario",25.97.13,v53095462
2012,0.00,"Sudbury, Ontario",25.97.13,v53095462
2013,0.00,"Sudbury, Ontario",25.97.13,v53095462
2014,0.00,"Sudbury, Ontario",25.97.13,v53095462
2015,0.00,"Sudbury, Ontario",25.97.13,v53095462
1998,0.00,"Thunder Bay, Ontario",26.97.13,v53100122
1999,0.00,"Thunder Bay, Ontario",26.97.13,v53100122
2000,0.00,"Thunder Bay, Ontario",26.97.13,v53100122
2001,0.00,"Thunder Bay, Ontario",26.97.13,v53100122
2002,0.00,"Thunder Bay, Ontario",26.97.13,v53100122
2003,0.00,"Thunder Bay, Ontario",26.97.13,v53100122
2004,0.00,"Thunder Bay, Ontario",26.97.13,v53100122
2005,0.00,"Thunder Bay, Ontario",26.97.13,v53100122
2006,0.00,"Thunder Bay, Ontario",26.97.13,v53100122
2007,0.00,"Thunder Bay, Ontario",26.97.13,v53100122
2008,0.00,"Thunder Bay, Ontario",26.97.13,v53100122
2009,0.00,"Thunder Bay, Ontario",26.97.13,v53100122
2010,0.00,"Thunder Bay, Ontario",26.97.13,v53100122
2011,0.00,"Thunder Bay, Ontario",26.97.13,v53100122
2012,0.00,"Thunder Bay, Ontario",26.97.13,v53100122
2013,0.00,"Thunder Bay, Ontario",26.97.13,v53100122
2014,0.00,"Thunder Bay, Ontario",26.97.13,v53100122
2015,0.00,"Thunder Bay, Ontario",26.97.13,v53100122
1998,3.00,"Manitoba",28.97.13,v53091277
1999,7.00,"Manitoba",28.97.13,v53091277
2000,17.00,"Manitoba",28.97.13,v53091277
2001,15.00,"Manitoba",28.97.13,v53091277
2002,16.00,"Manitoba",28.97.13,v53091277
2003,2.00,"Manitoba",28.97.13,v53091277
2004,0.00,"Manitoba",28.97.13,v53091277
2005,2.00,"Manitoba",28.97.13,v53091277
2006,1.00,"Manitoba",28.97.13,v53091277
2007,0.00,"Manitoba",28.97.13,v53091277
2008,0.00,"Manitoba",28.97.13,v53091277
2009,2.00,"Manitoba",28.97.13,v53091277
2010,0.00,"Manitoba",28.97.13,v53091277
2011,1.00,"Manitoba",28.97.13,v53091277
2012,1.00,"Manitoba",28.97.13,v53091277
2013,0.00,"Manitoba",28.97.13,v53091277
2014,0.00,"Manitoba",28.97.13,v53091277
2015,1.00,"Manitoba",28.97.13,v53091277
1998,0.00,"Winnipeg, Manitoba",29.97.13,v53091327
1999,1.00,"Winnipeg, Manitoba",29.97.13,v53091327
2000,1.00,"Winnipeg, Manitoba",29.97.13,v53091327
2001,0.00,"Winnipeg, Manitoba",29.97.13,v53091327
2002,0.00,"Winnipeg, Manitoba",29.97.13,v53091327
2003,0.00,"Winnipeg, Manitoba",29.97.13,v53091327
2004,0.00,"Winnipeg, Manitoba",29.97.13,v53091327
2005,0.00,"Winnipeg, Manitoba",29.97.13,v53091327
2006,0.00,"Winnipeg, Manitoba",29.97.13,v53091327
2007,0.00,"Winnipeg, Manitoba",29.97.13,v53091327
2008,0.00,"Winnipeg, Manitoba",29.97.13,v53091327
2009,0.00,"Winnipeg, Manitoba",29.97.13,v53091327
2010,0.00,"Winnipeg, Manitoba",29.97.13,v53091327
2011,0.00,"Winnipeg, Manitoba",29.97.13,v53091327
2012,0.00,"Winnipeg, Manitoba",29.97.13,v53091327
2013,0.00,"Winnipeg, Manitoba",29.97.13,v53091327
2014,0.00,"Winnipeg, Manitoba",29.97.13,v53091327
2015,0.00,"Winnipeg, Manitoba",29.97.13,v53091327
1998,7.00,"Saskatchewan",30.97.13,v53096287
1999,4.00,"Saskatchewan",30.97.13,v53096287
2000,13.00,"Saskatchewan",30.97.13,v53096287
2001,18.00,"Saskatchewan",30.97.13,v53096287
2002,8.00,"Saskatchewan",30.97.13,v53096287
2003,18.00,"Saskatchewan",30.97.13,v53096287
2004,1.00,"Saskatchewan",30.97.13,v53096287
2005,2.00,"Saskatchewan",30.97.13,v53096287
2006,4.00,"Saskatchewan",30.97.13,v53096287
2007,1.00,"Saskatchewan",30.97.13,v53096287
2008,2.00,"Saskatchewan",30.97.13,v53096287
2009,3.00,"Saskatchewan",30.97.13,v53096287
2010,8.00,"Saskatchewan",30.97.13,v53096287
2011,0.00,"Saskatchewan",30.97.13,v53096287
2012,2.00,"Saskatchewan",30.97.13,v53096287
2013,3.00,"Saskatchewan",30.97.13,v53096287
2014,6.00,"Saskatchewan",30.97.13,v53096287
2015,3.00,"Saskatchewan",30.97.13,v53096287
1998,0.00,"Regina, Saskatchewan",31.97.13,v53096427
1999,0.00,"Regina, Saskatchewan",31.97.13,v53096427
2000,2.00,"Regina, Saskatchewan",31.97.13,v53096427
2001,0.00,"Regina, Saskatchewan",31.97.13,v53096427
2002,0.00,"Regina, Saskatchewan",31.97.13,v53096427
2003,0.00,"Regina, Saskatchewan",31.97.13,v53096427
2004,0.00,"Regina, Saskatchewan",31.97.13,v53096427
2005,0.00,"Regina, Saskatchewan",31.97.13,v53096427
2006,0.00,"Regina, Saskatchewan",31.97.13,v53096427
2007,0.00,"Regina, Saskatchewan",31.97.13,v53096427
2008,0.00,"Regina, Saskatchewan",31.97.13,v53096427
2009,0.00,"Regina, Saskatchewan",31.97.13,v53096427
2010,0.00,"Regina, Saskatchewan",31.97.13,v53096427
2011,0.00,"Regina, Saskatchewan",31.97.13,v53096427
2012,0.00,"Regina, Saskatchewan",31.97.13,v53096427
2013,0.00,"Regina, Saskatchewan",31.97.13,v53096427
2014,2.00,"Regina, Saskatchewan",31.97.13,v53096427
2015,0.00,"Regina, Saskatchewan",31.97.13,v53096427
1998,0.00,"Saskatoon, Saskatchewan",32.97.13,v53096518
1999,0.00,"Saskatoon, Saskatchewan",32.97.13,v53096518
2000,0.00,"Saskatoon, Saskatchewan",32.97.13,v53096518
2001,0.00,"Saskatoon, Saskatchewan",32.97.13,v53096518
2002,2.00,"Saskatoon, Saskatchewan",32.97.13,v53096518
2003,5.00,"Saskatoon, Saskatchewan",32.97.13,v53096518
2004,0.00,"Saskatoon, Saskatchewan",32.97.13,v53096518
2005,0.00,"Saskatoon, Saskatchewan",32.97.13,v53096518
2006,0.00,"Saskatoon, Saskatchewan",32.97.13,v53096518
2007,0.00,"Saskatoon, Saskatchewan",32.97.13,v53096518
2008,0.00,"Saskatoon, Saskatchewan",32.97.13,v53096518
2009,0.00,"Saskatoon, Saskatchewan",32.97.13,v53096518
2010,0.00,"Saskatoon, Saskatchewan",32.97.13,v53096518
2011,0.00,"Saskatoon, Saskatchewan",32.97.13,v53096518
2012,0.00,"Saskatoon, Saskatchewan",32.97.13,v53096518
2013,0.00,"Saskatoon, Saskatchewan",32.97.13,v53096518
2014,0.00,"Saskatoon, Saskatchewan",32.97.13,v53096518
2015,0.00,"Saskatoon, Saskatchewan",32.97.13,v53096518
1998,6.00,"Alberta",33.97.13,v53090891
1999,14.00,"Alberta",33.97.13,v53090891
2000,37.00,"Alberta",33.97.13,v53090891
2001,44.00,"Alberta",33.97.13,v53090891
2002,49.00,"Alberta",33.97.13,v53090891
2003,11.00,"Alberta",33.97.13,v53090891
2004,2.00,"Alberta",33.97.13,v53090891
2005,6.00,"Alberta",33.97.13,v53090891
2006,6.00,"Alberta",33.97.13,v53090891
2007,1.00,"Alberta",33.97.13,v53090891
2008,5.00,"Alberta",33.97.13,v53090891
2009,4.00,"Alberta",33.97.13,v53090891
2010,1.00,"Alberta",33.97.13,v53090891
2011,1.00,"Alberta",33.97.13,v53090891
2012,6.00,"Alberta",33.97.13,v53090891
2013,1.00,"Alberta",33.97.13,v53090891
2014,1.00,"Alberta",33.97.13,v53090891
2015,1.00,"Alberta",33.97.13,v53090891
1998,2.00,"Calgary, Alberta",34.97.13,v53091002
1999,1.00,"Calgary, Alberta",34.97.13,v53091002
2000,4.00,"Calgary, Alberta",34.97.13,v53091002
2001,1.00,"Calgary, Alberta",34.97.13,v53091002
2002,0.00,"Calgary, Alberta",34.97.13,v53091002
2003,1.00,"Calgary, Alberta",34.97.13,v53091002
2004,0.00,"Calgary, Alberta",34.97.13,v53091002
2005,1.00,"Calgary, Alberta",34.97.13,v53091002
2006,1.00,"Calgary, Alberta",34.97.13,v53091002
2007,0.00,"Calgary, Alberta",34.97.13,v53091002
2008,2.00,"Calgary, Alberta",34.97.13,v53091002
2009,0.00,"Calgary, Alberta",34.97.13,v53091002
2010,0.00,"Calgary, Alberta",34.97.13,v53091002
2011,0.00,"Calgary, Alberta",34.97.13,v53091002
2012,0.00,"Calgary, Alberta",34.97.13,v53091002
2013,0.00,"Calgary, Alberta",34.97.13,v53091002
2014,0.00,"Calgary, Alberta",34.97.13,v53091002
2015,0.00,"Calgary, Alberta",34.97.13,v53091002
1998,0.00,"Edmonton, Alberta",35.97.13,v53092050
1999,0.00,"Edmonton, Alberta",35.97.13,v53092050
2000,2.00,"Edmonton, Alberta",35.97.13,v53092050
2001,17.00,"Edmonton, Alberta",35.97.13,v53092050
2002,8.00,"Edmonton, Alberta",35.97.13,v53092050
2003,1.00,"Edmonton, Alberta",35.97.13,v53092050
2004,0.00,"Edmonton, Alberta",35.97.13,v53092050
2005,0.00,"Edmonton, Alberta",35.97.13,v53092050
2006,1.00,"Edmonton, Alberta",35.97.13,v53092050
2007,0.00,"Edmonton, Alberta",35.97.13,v53092050
2008,0.00,"Edmonton, Alberta",35.97.13,v53092050
2009,0.00,"Edmonton, Alberta",35.97.13,v53092050
2010,0.00,"Edmonton, Alberta",35.97.13,v53092050
2011,0.00,"Edmonton, Alberta",35.97.13,v53092050
2012,0.00,"Edmonton, Alberta",35.97.13,v53092050
2013,0.00,"Edmonton, Alberta",35.97.13,v53092050
2014,0.00,"Edmonton, Alberta",35.97.13,v53092050
2015,0.00,"Edmonton, Alberta",35.97.13,v53092050
1998,10.00,"British Columbia",36.97.13,v53093922
1999,68.00,"British Columbia",36.97.13,v53093922
2000,56.00,"British Columbia",36.97.13,v53093922
2001,59.00,"British Columbia",36.97.13,v53093922
2002,44.00,"British Columbia",36.97.13,v53093922
2003,16.00,"British Columbia",36.97.13,v53093922
2004,3.00,"British Columbia",36.97.13,v53093922
2005,5.00,"British Columbia",36.97.13,v53093922
2006,15.00,"British Columbia",36.97.13,v53093922
2007,5.00,"British Columbia",36.97.13,v53093922
2008,3.00,"British Columbia",36.97.13,v53093922
2009,1.00,"British Columbia",36.97.13,v53093922
2010,3.00,"British Columbia",36.97.13,v53093922
2011,2.00,"British Columbia",36.97.13,v53093922
2012,0.00,"British Columbia",36.97.13,v53093922
2013,2.00,"British Columbia",36.97.13,v53093922
2014,3.00,"British Columbia",36.97.13,v53093922
2015,1.00,"British Columbia",36.97.13,v53093922
2005,..,"Kelowna, British Columbia",48.97.13,v53093987
2006,1.00,"Kelowna, British Columbia",48.97.13,v53093987
2007,0.00,"Kelowna, British Columbia",48.97.13,v53093987
2008,0.00,"Kelowna, British Columbia",48.97.13,v53093987
2009,0.00,"Kelowna, British Columbia",48.97.13,v53093987
2010,0.00,"Kelowna, British Columbia",48.97.13,v53093987
2011,0.00,"Kelowna, British Columbia",48.97.13,v53093987
2012,0.00,"Kelowna, British Columbia",48.97.13,v53093987
2013,0.00,"Kelowna, British Columbia",48.97.13,v53093987
2014,0.00,"Kelowna, British Columbia",48.97.13,v53093987
2015,0.00,"Kelowna, British Columbia",48.97.13,v53093987
2000,..,"Abbotsford-Mission, British Columbia",39.97.13,v53098005
2001,0.00,"Abbotsford-Mission, British Columbia",39.97.13,v53098005
2002,0.00,"Abbotsford-Mission, British Columbia",39.97.13,v53098005
2003,1.00,"Abbotsford-Mission, British Columbia",39.97.13,v53098005
2004,0.00,"Abbotsford-Mission, British Columbia",39.97.13,v53098005
2005,0.00,"Abbotsford-Mission, British Columbia",39.97.13,v53098005
2006,0.00,"Abbotsford-Mission, British Columbia",39.97.13,v53098005
2007,0.00,"Abbotsford-Mission, British Columbia",39.97.13,v53098005
2008,0.00,"Abbotsford-Mission, British Columbia",39.97.13,v53098005
2009,0.00,"Abbotsford-Mission, British Columbia",39.97.13,v53098005
2010,0.00,"Abbotsford-Mission, British Columbia",39.97.13,v53098005
2011,0.00,"Abbotsford-Mission, British Columbia",39.97.13,v53098005
2012,0.00,"Abbotsford-Mission, British Columbia",39.97.13,v53098005
2013,0.00,"Abbotsford-Mission, British Columbia",39.97.13,v53098005
2014,0.00,"Abbotsford-Mission, British Columbia",39.97.13,v53098005
2015,0.00,"Abbotsford-Mission, British Columbia",39.97.13,v53098005
1998,0.00,"Vancouver, British Columbia",37.97.13,v53098162
1999,16.00,"Vancouver, British Columbia",37.97.13,v53098162
2000,13.00,"Vancouver, British Columbia",37.97.13,v53098162
2001,16.00,"Vancouver, British Columbia",37.97.13,v53098162
2002,5.00,"Vancouver, British Columbia",37.97.13,v53098162
2003,5.00,"Vancouver, British Columbia",37.97.13,v53098162
2004,0.00,"Vancouver, British Columbia",37.97.13,v53098162
2005,1.00,"Vancouver, British Columbia",37.97.13,v53098162
2006,4.00,"Vancouver, British Columbia",37.97.13,v53098162
2007,0.00,"Vancouver, British Columbia",37.97.13,v53098162
2008,0.00,"Vancouver, British Columbia",37.97.13,v53098162
2009,1.00,"Vancouver, British Columbia",37.97.13,v53098162
2010,0.00,"Vancouver, British Columbia",37.97.13,v53098162
2011,0.00,"Vancouver, British Columbia",37.97.13,v53098162
2012,0.00,"Vancouver, British Columbia",37.97.13,v53098162
2013,0.00,"Vancouver, British Columbia",37.97.13,v53098162
2014,0.00,"Vancouver, British Columbia",37.97.13,v53098162
2015,0.00,"Vancouver, British Columbia",37.97.13,v53098162
1998,0.00,"Victoria, British Columbia",38.97.13,v53098332
1999,4.00,"Victoria, British Columbia",38.97.13,v53098332
2000,6.00,"Victoria, British Columbia",38.97.13,v53098332
2001,7.00,"Victoria, British Columbia",38.97.13,v53098332
2002,1.00,"Victoria, British Columbia",38.97.13,v53098332
2003,3.00,"Victoria, British Columbia",38.97.13,v53098332
2004,1.00,"Victoria, British Columbia",38.97.13,v53098332
2005,0.00,"Victoria, British Columbia",38.97.13,v53098332
2006,0.00,"Victoria, British Columbia",38.97.13,v53098332
2007,0.00,"Victoria, British Columbia",38.97.13,v53098332
2008,2.00,"Victoria, British Columbia",38.97.13,v53098332
2009,0.00,"Victoria, British Columbia",38.97.13,v53098332
2010,0.00,"Victoria, British Columbia",38.97.13,v53098332
2011,0.00,"Victoria, British Columbia",38.97.13,v53098332
2012,0.00,"Victoria, British Columbia",38.97.13,v53098332
2013,0.00,"Victoria, British Columbia",38.97.13,v53098332
2014,0.00,"Victoria, British Columbia",38.97.13,v53098332
2015,0.00,"Victoria, British Columbia",38.97.13,v53098332
1998,0.00,"Yukon",40.97.13,v53093710
1999,2.00,"Yukon",40.97.13,v53093710
2000,0.00,"Yukon",40.97.13,v53093710
2001,0.00,"Yukon",40.97.13,v53093710
2002,4.00,"Yukon",40.97.13,v53093710
2003,0.00,"Yukon",40.97.13,v53093710
2004,0.00,"Yukon",40.97.13,v53093710
2005,0.00,"Yukon",40.97.13,v53093710
2006,0.00,"Yukon",40.97.13,v53093710
2007,0.00,"Yukon",40.97.13,v53093710
2008,0.00,"Yukon",40.97.13,v53093710
2009,0.00,"Yukon",40.97.13,v53093710
2010,0.00,"Yukon",40.97.13,v53093710
2011,0.00,"Yukon",40.97.13,v53093710
2012,0.00,"Yukon",40.97.13,v53093710
2013,0.00,"Yukon",40.97.13,v53093710
2014,2.00,"Yukon",40.97.13,v53093710
2015,0.00,"Yukon",40.97.13,v53093710
1998,0.00,"Northwest Territories",41.97.13,v53098705
1999,0.00,"Northwest Territories",41.97.13,v53098705
2000,0.00,"Northwest Territories",41.97.13,v53098705
2001,2.00,"Northwest Territories",41.97.13,v53098705
2002,2.00,"Northwest Territories",41.97.13,v53098705
2003,0.00,"Northwest Territories",41.97.13,v53098705
2004,0.00,"Northwest Territories",41.97.13,v53098705
2005,0.00,"Northwest Territories",41.97.13,v53098705
2006,0.00,"Northwest Territories",41.97.13,v53098705
2007,0.00,"Northwest Territories",41.97.13,v53098705
2008,0.00,"Northwest Territories",41.97.13,v53098705
2009,0.00,"Northwest Territories",41.97.13,v53098705
2010,1.00,"Northwest Territories",41.97.13,v53098705
2011,2.00,"Northwest Territories",41.97.13,v53098705
2012,0.00,"Northwest Territories",41.97.13,v53098705
2013,0.00,"Northwest Territories",41.97.13,v53098705
2014,2.00,"Northwest Territories",41.97.13,v53098705
2015,0.00,"Northwest Territories",41.97.13,v53098705
1998,..,"Nunavut",42.97.13,v53098785
1999,0.00,"Nunavut",42.97.13,v53098785
2000,0.00,"Nunavut",42.97.13,v53098785
2001,0.00,"Nunavut",42.97.13,v53098785
2002,1.00,"Nunavut",42.97.13,v53098785
2003,2.00,"Nunavut",42.97.13,v53098785
2004,0.00,"Nunavut",42.97.13,v53098785
2005,0.00,"Nunavut",42.97.13,v53098785
2006,0.00,"Nunavut",42.97.13,v53098785
2007,0.00,"Nunavut",42.97.13,v53098785
2008,0.00,"Nunavut",42.97.13,v53098785
2009,1.00,"Nunavut",42.97.13,v53098785
2010,0.00,"Nunavut",42.97.13,v53098785
2011,0.00,"Nunavut",42.97.13,v53098785
2012,1.00,"Nunavut",42.97.13,v53098785
2013,1.00,"Nunavut",42.97.13,v53098785
2014,0.00,"Nunavut",42.97.13,v53098785
2015,1.00,"Nunavut",42.97.13,v53098785
