1998,84760.00,"Canada",1.225.6,v53079950
1999,68522.00,"Canada",1.225.6,v53079950
2000,61447.00,"Canada",1.225.6,v53079950
2001,61372.00,"Canada",1.225.6,v53079950
2002,64643.00,"Canada",1.225.6,v53079950
2003,69501.00,"Canada",1.225.6,v53079950
2004,72943.00,"Canada",1.225.6,v53079950
2005,78793.00,"Canada",1.225.6,v53079950
2006,85806.00,"Canada",1.225.6,v53079950
2007,81151.00,"Canada",1.225.6,v53079950
2008,82941.00,"Canada",1.225.6,v53079950
2009,84860.00,"Canada",1.225.6,v53079950
2010,86734.00,"Canada",1.225.6,v53079950
2011,84248.00,"Canada",1.225.6,v53079950
2012,81944.00,"Canada",1.225.6,v53079950
2013,80998.00,"Canada",1.225.6,v53079950
2014,75296.00,"Canada",1.225.6,v53079950
2015,71071.00,"Canada",1.225.6,v53079950
1998,1494.00,"Newfoundland and Labrador",2.225.6,v53082182
1999,993.00,"Newfoundland and Labrador",2.225.6,v53082182
2000,724.00,"Newfoundland and Labrador",2.225.6,v53082182
2001,760.00,"Newfoundland and Labrador",2.225.6,v53082182
2002,841.00,"Newfoundland and Labrador",2.225.6,v53082182
2003,1291.00,"Newfoundland and Labrador",2.225.6,v53082182
2004,1414.00,"Newfoundland and Labrador",2.225.6,v53082182
2005,1377.00,"Newfoundland and Labrador",2.225.6,v53082182
2006,1821.00,"Newfoundland and Labrador",2.225.6,v53082182
2007,1316.00,"Newfoundland and Labrador",2.225.6,v53082182
2008,1583.00,"Newfoundland and Labrador",2.225.6,v53082182
2009,1525.00,"Newfoundland and Labrador",2.225.6,v53082182
2010,1438.00,"Newfoundland and Labrador",2.225.6,v53082182
2011,1196.00,"Newfoundland and Labrador",2.225.6,v53082182
2012,1050.00,"Newfoundland and Labrador",2.225.6,v53082182
2013,1268.00,"Newfoundland and Labrador",2.225.6,v53082182
2014,1289.00,"Newfoundland and Labrador",2.225.6,v53082182
2015,1090.00,"Newfoundland and Labrador",2.225.6,v53082182
1998,151.00,"St. John's, Newfoundland and Labrador",3.225.6,v53080647
1999,57.00,"St. John's, Newfoundland and Labrador",3.225.6,v53080647
2000,35.00,"St. John's, Newfoundland and Labrador",3.225.6,v53080647
2001,57.00,"St. John's, Newfoundland and Labrador",3.225.6,v53080647
2002,60.00,"St. John's, Newfoundland and Labrador",3.225.6,v53080647
2003,28.00,"St. John's, Newfoundland and Labrador",3.225.6,v53080647
2004,12.00,"St. John's, Newfoundland and Labrador",3.225.6,v53080647
2005,22.00,"St. John's, Newfoundland and Labrador",3.225.6,v53080647
2006,41.00,"St. John's, Newfoundland and Labrador",3.225.6,v53080647
2007,72.00,"St. John's, Newfoundland and Labrador",3.225.6,v53080647
2008,72.00,"St. John's, Newfoundland and Labrador",3.225.6,v53080647
2009,68.00,"St. John's, Newfoundland and Labrador",3.225.6,v53080647
2010,65.00,"St. John's, Newfoundland and Labrador",3.225.6,v53080647
2011,99.00,"St. John's, Newfoundland and Labrador",3.225.6,v53080647
2012,120.00,"St. John's, Newfoundland and Labrador",3.225.6,v53080647
2013,160.00,"St. John's, Newfoundland and Labrador",3.225.6,v53080647
2014,106.00,"St. John's, Newfoundland and Labrador",3.225.6,v53080647
2015,81.00,"St. John's, Newfoundland and Labrador",3.225.6,v53080647
1998,663.00,"Prince Edward Island",4.225.6,v53080727
1999,233.00,"Prince Edward Island",4.225.6,v53080727
2000,154.00,"Prince Edward Island",4.225.6,v53080727
2001,137.00,"Prince Edward Island",4.225.6,v53080727
2002,167.00,"Prince Edward Island",4.225.6,v53080727
2003,248.00,"Prince Edward Island",4.225.6,v53080727
2004,243.00,"Prince Edward Island",4.225.6,v53080727
2005,291.00,"Prince Edward Island",4.225.6,v53080727
2006,388.00,"Prince Edward Island",4.225.6,v53080727
2007,274.00,"Prince Edward Island",4.225.6,v53080727
2008,242.00,"Prince Edward Island",4.225.6,v53080727
2009,280.00,"Prince Edward Island",4.225.6,v53080727
2010,226.00,"Prince Edward Island",4.225.6,v53080727
2011,192.00,"Prince Edward Island",4.225.6,v53080727
2012,205.00,"Prince Edward Island",4.225.6,v53080727
2013,152.00,"Prince Edward Island",4.225.6,v53080727
2014,120.00,"Prince Edward Island",4.225.6,v53080727
2015,90.00,"Prince Edward Island",4.225.6,v53080727
1998,3330.00,"Nova Scotia",5.225.6,v53082465
1999,3349.00,"Nova Scotia",5.225.6,v53082465
2000,2321.00,"Nova Scotia",5.225.6,v53082465
2001,2156.00,"Nova Scotia",5.225.6,v53082465
2002,2265.00,"Nova Scotia",5.225.6,v53082465
2003,2726.00,"Nova Scotia",5.225.6,v53082465
2004,2647.00,"Nova Scotia",5.225.6,v53082465
2005,2762.00,"Nova Scotia",5.225.6,v53082465
2006,3200.00,"Nova Scotia",5.225.6,v53082465
2007,2887.00,"Nova Scotia",5.225.6,v53082465
2008,2609.00,"Nova Scotia",5.225.6,v53082465
2009,2524.00,"Nova Scotia",5.225.6,v53082465
2010,2588.00,"Nova Scotia",5.225.6,v53082465
2011,2583.00,"Nova Scotia",5.225.6,v53082465
2012,2461.00,"Nova Scotia",5.225.6,v53082465
2013,2241.00,"Nova Scotia",5.225.6,v53082465
2014,1911.00,"Nova Scotia",5.225.6,v53082465
2015,1934.00,"Nova Scotia",5.225.6,v53082465
1998,674.00,"Halifax, Nova Scotia",6.225.6,v53082523
1999,554.00,"Halifax, Nova Scotia",6.225.6,v53082523
2000,237.00,"Halifax, Nova Scotia",6.225.6,v53082523
2001,372.00,"Halifax, Nova Scotia",6.225.6,v53082523
2002,339.00,"Halifax, Nova Scotia",6.225.6,v53082523
2003,394.00,"Halifax, Nova Scotia",6.225.6,v53082523
2004,302.00,"Halifax, Nova Scotia",6.225.6,v53082523
2005,256.00,"Halifax, Nova Scotia",6.225.6,v53082523
2006,176.00,"Halifax, Nova Scotia",6.225.6,v53082523
2007,185.00,"Halifax, Nova Scotia",6.225.6,v53082523
2008,142.00,"Halifax, Nova Scotia",6.225.6,v53082523
2009,148.00,"Halifax, Nova Scotia",6.225.6,v53082523
2010,234.00,"Halifax, Nova Scotia",6.225.6,v53082523
2011,406.00,"Halifax, Nova Scotia",6.225.6,v53082523
2012,348.00,"Halifax, Nova Scotia",6.225.6,v53082523
2013,336.00,"Halifax, Nova Scotia",6.225.6,v53082523
2014,189.00,"Halifax, Nova Scotia",6.225.6,v53082523
2015,200.00,"Halifax, Nova Scotia",6.225.6,v53082523
1998,3401.00,"New Brunswick",7.225.6,v53083418
1999,2263.00,"New Brunswick",7.225.6,v53083418
2000,1142.00,"New Brunswick",7.225.6,v53083418
2001,1141.00,"New Brunswick",7.225.6,v53083418
2002,1119.00,"New Brunswick",7.225.6,v53083418
2003,1803.00,"New Brunswick",7.225.6,v53083418
2004,1900.00,"New Brunswick",7.225.6,v53083418
2005,2265.00,"New Brunswick",7.225.6,v53083418
2006,1815.00,"New Brunswick",7.225.6,v53083418
2007,1426.00,"New Brunswick",7.225.6,v53083418
2008,1493.00,"New Brunswick",7.225.6,v53083418
2009,1385.00,"New Brunswick",7.225.6,v53083418
2010,1198.00,"New Brunswick",7.225.6,v53083418
2011,1011.00,"New Brunswick",7.225.6,v53083418
2012,897.00,"New Brunswick",7.225.6,v53083418
2013,744.00,"New Brunswick",7.225.6,v53083418
2014,714.00,"New Brunswick",7.225.6,v53083418
2015,606.00,"New Brunswick",7.225.6,v53083418
2005,..,"Moncton, New Brunswick",43.225.6,v53083587
2006,564.00,"Moncton, New Brunswick",43.225.6,v53083587
2007,384.00,"Moncton, New Brunswick",43.225.6,v53083587
2008,352.00,"Moncton, New Brunswick",43.225.6,v53083587
2009,279.00,"Moncton, New Brunswick",43.225.6,v53083587
2010,282.00,"Moncton, New Brunswick",43.225.6,v53083587
2011,258.00,"Moncton, New Brunswick",43.225.6,v53083587
2012,178.00,"Moncton, New Brunswick",43.225.6,v53083587
2013,140.00,"Moncton, New Brunswick",43.225.6,v53083587
2014,136.00,"Moncton, New Brunswick",43.225.6,v53083587
2015,109.00,"Moncton, New Brunswick",43.225.6,v53083587
1998,240.00,"Saint John, New Brunswick",8.225.6,v53083939
1999,234.00,"Saint John, New Brunswick",8.225.6,v53083939
2000,128.00,"Saint John, New Brunswick",8.225.6,v53083939
2001,97.00,"Saint John, New Brunswick",8.225.6,v53083939
2002,135.00,"Saint John, New Brunswick",8.225.6,v53083939
2003,127.00,"Saint John, New Brunswick",8.225.6,v53083939
2004,140.00,"Saint John, New Brunswick",8.225.6,v53083939
2005,140.00,"Saint John, New Brunswick",8.225.6,v53083939
2006,166.00,"Saint John, New Brunswick",8.225.6,v53083939
2007,244.00,"Saint John, New Brunswick",8.225.6,v53083939
2008,320.00,"Saint John, New Brunswick",8.225.6,v53083939
2009,339.00,"Saint John, New Brunswick",8.225.6,v53083939
2010,215.00,"Saint John, New Brunswick",8.225.6,v53083939
2011,196.00,"Saint John, New Brunswick",8.225.6,v53083939
2012,189.00,"Saint John, New Brunswick",8.225.6,v53083939
2013,157.00,"Saint John, New Brunswick",8.225.6,v53083939
2014,159.00,"Saint John, New Brunswick",8.225.6,v53083939
2015,141.00,"Saint John, New Brunswick",8.225.6,v53083939
1998,7295.00,"Quebec",9.225.6,v53082889
1999,4009.00,"Quebec",9.225.6,v53082889
2000,4039.00,"Quebec",9.225.6,v53082889
2001,4191.00,"Quebec",9.225.6,v53082889
2002,4374.00,"Quebec",9.225.6,v53082889
2003,5374.00,"Quebec",9.225.6,v53082889
2004,5358.00,"Quebec",9.225.6,v53082889
2005,6029.00,"Quebec",9.225.6,v53082889
2006,5511.00,"Quebec",9.225.6,v53082889
2007,5593.00,"Quebec",9.225.6,v53082889
2008,5528.00,"Quebec",9.225.6,v53082889
2009,5832.00,"Quebec",9.225.6,v53082889
2010,6057.00,"Quebec",9.225.6,v53082889
2011,5857.00,"Quebec",9.225.6,v53082889
2012,6085.00,"Quebec",9.225.6,v53082889
2013,6385.00,"Quebec",9.225.6,v53082889
2014,5788.00,"Quebec",9.225.6,v53082889
2015,4982.00,"Quebec",9.225.6,v53082889
1998,231.00,"Saguenay, Quebec",10.225.6,v53085047
1999,135.00,"Saguenay, Quebec",10.225.6,v53085047
2000,110.00,"Saguenay, Quebec",10.225.6,v53085047
2001,87.00,"Saguenay, Quebec",10.225.6,v53085047
2002,125.00,"Saguenay, Quebec",10.225.6,v53085047
2003,133.00,"Saguenay, Quebec",10.225.6,v53085047
2004,169.00,"Saguenay, Quebec",10.225.6,v53085047
2005,134.00,"Saguenay, Quebec",10.225.6,v53085047
2006,121.00,"Saguenay, Quebec",10.225.6,v53085047
2007,93.00,"Saguenay, Quebec",10.225.6,v53085047
2008,107.00,"Saguenay, Quebec",10.225.6,v53085047
2009,107.00,"Saguenay, Quebec",10.225.6,v53085047
2010,155.00,"Saguenay, Quebec",10.225.6,v53085047
2011,132.00,"Saguenay, Quebec",10.225.6,v53085047
2012,151.00,"Saguenay, Quebec",10.225.6,v53085047
2013,180.00,"Saguenay, Quebec",10.225.6,v53085047
2014,126.00,"Saguenay, Quebec",10.225.6,v53085047
2015,107.00,"Saguenay, Quebec",10.225.6,v53085047
1998,308.00,"Sherbrooke, Quebec",12.225.6,v53086542
1999,180.00,"Sherbrooke, Quebec",12.225.6,v53086542
2000,153.00,"Sherbrooke, Quebec",12.225.6,v53086542
2001,134.00,"Sherbrooke, Quebec",12.225.6,v53086542
2002,165.00,"Sherbrooke, Quebec",12.225.6,v53086542
2003,287.00,"Sherbrooke, Quebec",12.225.6,v53086542
2004,189.00,"Sherbrooke, Quebec",12.225.6,v53086542
2005,313.00,"Sherbrooke, Quebec",12.225.6,v53086542
2006,201.00,"Sherbrooke, Quebec",12.225.6,v53086542
2007,189.00,"Sherbrooke, Quebec",12.225.6,v53086542
2008,205.00,"Sherbrooke, Quebec",12.225.6,v53086542
2009,347.00,"Sherbrooke, Quebec",12.225.6,v53086542
2010,253.00,"Sherbrooke, Quebec",12.225.6,v53086542
2011,165.00,"Sherbrooke, Quebec",12.225.6,v53086542
2012,259.00,"Sherbrooke, Quebec",12.225.6,v53086542
2013,174.00,"Sherbrooke, Quebec",12.225.6,v53086542
2014,186.00,"Sherbrooke, Quebec",12.225.6,v53086542
2015,141.00,"Sherbrooke, Quebec",12.225.6,v53086542
1998,282.00,"Ottawa-Gatineau, Quebec part",15.225.6,v53089396
1999,116.00,"Ottawa-Gatineau, Quebec part",15.225.6,v53089396
2000,132.00,"Ottawa-Gatineau, Quebec part",15.225.6,v53089396
2001,148.00,"Ottawa-Gatineau, Quebec part",15.225.6,v53089396
2002,88.00,"Ottawa-Gatineau, Quebec part",15.225.6,v53089396
2003,99.00,"Ottawa-Gatineau, Quebec part",15.225.6,v53089396
2004,154.00,"Ottawa-Gatineau, Quebec part",15.225.6,v53089396
2005,149.00,"Ottawa-Gatineau, Quebec part",15.225.6,v53089396
2006,189.00,"Ottawa-Gatineau, Quebec part",15.225.6,v53089396
2007,273.00,"Ottawa-Gatineau, Quebec part",15.225.6,v53089396
2008,225.00,"Ottawa-Gatineau, Quebec part",15.225.6,v53089396
2009,232.00,"Ottawa-Gatineau, Quebec part",15.225.6,v53089396
2010,222.00,"Ottawa-Gatineau, Quebec part",15.225.6,v53089396
2011,229.00,"Ottawa-Gatineau, Quebec part",15.225.6,v53089396
2012,266.00,"Ottawa-Gatineau, Quebec part",15.225.6,v53089396
2013,229.00,"Ottawa-Gatineau, Quebec part",15.225.6,v53089396
2014,230.00,"Ottawa-Gatineau, Quebec part",15.225.6,v53089396
2015,502.00,"Ottawa-Gatineau, Quebec part",15.225.6,v53089396
1998,19970.00,"Ontario",16.225.6,v53089514
1999,14408.00,"Ontario",16.225.6,v53089514
2000,15958.00,"Ontario",16.225.6,v53089514
2001,14973.00,"Ontario",16.225.6,v53089514
2002,15964.00,"Ontario",16.225.6,v53089514
2003,12162.00,"Ontario",16.225.6,v53089514
2004,11490.00,"Ontario",16.225.6,v53089514
2005,11480.00,"Ontario",16.225.6,v53089514
2006,10644.00,"Ontario",16.225.6,v53089514
2007,9691.00,"Ontario",16.225.6,v53089514
2008,9823.00,"Ontario",16.225.6,v53089514
2009,9566.00,"Ontario",16.225.6,v53089514
2010,10515.00,"Ontario",16.225.6,v53089514
2011,9841.00,"Ontario",16.225.6,v53089514
2012,9646.00,"Ontario",16.225.6,v53089514
2013,10710.00,"Ontario",16.225.6,v53089514
2014,9966.00,"Ontario",16.225.6,v53089514
2015,9624.00,"Ontario",16.225.6,v53089514
1998,2275.00,"Ottawa-Gatineau, Ontario/Quebec",17.225.6,v53082092
1999,725.00,"Ottawa-Gatineau, Ontario/Quebec",17.225.6,v53082092
2000,646.00,"Ottawa-Gatineau, Ontario/Quebec",17.225.6,v53082092
2001,706.00,"Ottawa-Gatineau, Ontario/Quebec",17.225.6,v53082092
2002,761.00,"Ottawa-Gatineau, Ontario/Quebec",17.225.6,v53082092
2003,928.00,"Ottawa-Gatineau, Ontario/Quebec",17.225.6,v53082092
2004,869.00,"Ottawa-Gatineau, Ontario/Quebec",17.225.6,v53082092
2005,779.00,"Ottawa-Gatineau, Ontario/Quebec",17.225.6,v53082092
2006,1088.00,"Ottawa-Gatineau, Ontario/Quebec",17.225.6,v53082092
2007,1045.00,"Ottawa-Gatineau, Ontario/Quebec",17.225.6,v53082092
2008,1088.00,"Ottawa-Gatineau, Ontario/Quebec",17.225.6,v53082092
2009,1014.00,"Ottawa-Gatineau, Ontario/Quebec",17.225.6,v53082092
2010,1188.00,"Ottawa-Gatineau, Ontario/Quebec",17.225.6,v53082092
2011,1139.00,"Ottawa-Gatineau, Ontario/Quebec",17.225.6,v53082092
2012,1076.00,"Ottawa-Gatineau, Ontario/Quebec",17.225.6,v53082092
2013,930.00,"Ottawa-Gatineau, Ontario/Quebec",17.225.6,v53082092
2014,842.00,"Ottawa-Gatineau, Ontario/Quebec",17.225.6,v53082092
2015,1134.00,"Ottawa-Gatineau, Ontario/Quebec",17.225.6,v53082092
1998,1993.00,"Ottawa-Gatineau, Ontario part",18.225.6,v53089820
1999,609.00,"Ottawa-Gatineau, Ontario part",18.225.6,v53089820
2000,514.00,"Ottawa-Gatineau, Ontario part",18.225.6,v53089820
2001,558.00,"Ottawa-Gatineau, Ontario part",18.225.6,v53089820
2002,673.00,"Ottawa-Gatineau, Ontario part",18.225.6,v53089820
2003,829.00,"Ottawa-Gatineau, Ontario part",18.225.6,v53089820
2004,715.00,"Ottawa-Gatineau, Ontario part",18.225.6,v53089820
2005,630.00,"Ottawa-Gatineau, Ontario part",18.225.6,v53089820
2006,899.00,"Ottawa-Gatineau, Ontario part",18.225.6,v53089820
2007,772.00,"Ottawa-Gatineau, Ontario part",18.225.6,v53089820
2008,863.00,"Ottawa-Gatineau, Ontario part",18.225.6,v53089820
2009,782.00,"Ottawa-Gatineau, Ontario part",18.225.6,v53089820
2010,966.00,"Ottawa-Gatineau, Ontario part",18.225.6,v53089820
2011,910.00,"Ottawa-Gatineau, Ontario part",18.225.6,v53089820
2012,810.00,"Ottawa-Gatineau, Ontario part",18.225.6,v53089820
2013,701.00,"Ottawa-Gatineau, Ontario part",18.225.6,v53089820
2014,612.00,"Ottawa-Gatineau, Ontario part",18.225.6,v53089820
2015,632.00,"Ottawa-Gatineau, Ontario part",18.225.6,v53089820
2000,..,"Kingston, Ontario",27.225.6,v53089997
2001,59.00,"Kingston, Ontario",27.225.6,v53089997
2002,98.00,"Kingston, Ontario",27.225.6,v53089997
2003,84.00,"Kingston, Ontario",27.225.6,v53089997
2004,194.00,"Kingston, Ontario",27.225.6,v53089997
2005,114.00,"Kingston, Ontario",27.225.6,v53089997
2006,77.00,"Kingston, Ontario",27.225.6,v53089997
2007,82.00,"Kingston, Ontario",27.225.6,v53089997
2008,107.00,"Kingston, Ontario",27.225.6,v53089997
2009,67.00,"Kingston, Ontario",27.225.6,v53089997
2010,55.00,"Kingston, Ontario",27.225.6,v53089997
2011,64.00,"Kingston, Ontario",27.225.6,v53089997
2012,63.00,"Kingston, Ontario",27.225.6,v53089997
2013,85.00,"Kingston, Ontario",27.225.6,v53089997
2014,92.00,"Kingston, Ontario",27.225.6,v53089997
2015,57.00,"Kingston, Ontario",27.225.6,v53089997
2005,..,"Peterborough, Ontario",44.225.6,v53088074
2006,75.00,"Peterborough, Ontario",44.225.6,v53088074
2007,87.00,"Peterborough, Ontario",44.225.6,v53088074
2008,42.00,"Peterborough, Ontario",44.225.6,v53088074
2009,54.00,"Peterborough, Ontario",44.225.6,v53088074
2010,32.00,"Peterborough, Ontario",44.225.6,v53088074
2011,61.00,"Peterborough, Ontario",44.225.6,v53088074
2012,96.00,"Peterborough, Ontario",44.225.6,v53088074
2013,210.00,"Peterborough, Ontario",44.225.6,v53088074
2014,217.00,"Peterborough, Ontario",44.225.6,v53088074
2015,199.00,"Peterborough, Ontario",44.225.6,v53088074
1998,2626.00,"Toronto, Ontario",19.225.6,v53092320
1999,1976.00,"Toronto, Ontario",19.225.6,v53092320
2000,1333.00,"Toronto, Ontario",19.225.6,v53092320
2001,1425.00,"Toronto, Ontario",19.225.6,v53092320
2002,1590.00,"Toronto, Ontario",19.225.6,v53092320
2003,2227.00,"Toronto, Ontario",19.225.6,v53092320
2004,1762.00,"Toronto, Ontario",19.225.6,v53092320
2005,2551.00,"Toronto, Ontario",19.225.6,v53092320
2006,1942.00,"Toronto, Ontario",19.225.6,v53092320
2007,1307.00,"Toronto, Ontario",19.225.6,v53092320
2008,1567.00,"Toronto, Ontario",19.225.6,v53092320
2009,1450.00,"Toronto, Ontario",19.225.6,v53092320
2010,1508.00,"Toronto, Ontario",19.225.6,v53092320
2011,1244.00,"Toronto, Ontario",19.225.6,v53092320
2012,1174.00,"Toronto, Ontario",19.225.6,v53092320
2013,1256.00,"Toronto, Ontario",19.225.6,v53092320
2014,1749.00,"Toronto, Ontario",19.225.6,v53092320
2015,1848.00,"Toronto, Ontario",19.225.6,v53092320
1998,1313.00,"Hamilton, Ontario",20.225.6,v53092544
1999,681.00,"Hamilton, Ontario",20.225.6,v53092544
2000,706.00,"Hamilton, Ontario",20.225.6,v53092544
2001,802.00,"Hamilton, Ontario",20.225.6,v53092544
2002,561.00,"Hamilton, Ontario",20.225.6,v53092544
2003,562.00,"Hamilton, Ontario",20.225.6,v53092544
2004,588.00,"Hamilton, Ontario",20.225.6,v53092544
2005,535.00,"Hamilton, Ontario",20.225.6,v53092544
2006,278.00,"Hamilton, Ontario",20.225.6,v53092544
2007,312.00,"Hamilton, Ontario",20.225.6,v53092544
2008,243.00,"Hamilton, Ontario",20.225.6,v53092544
2009,268.00,"Hamilton, Ontario",20.225.6,v53092544
2010,267.00,"Hamilton, Ontario",20.225.6,v53092544
2011,239.00,"Hamilton, Ontario",20.225.6,v53092544
2012,277.00,"Hamilton, Ontario",20.225.6,v53092544
2013,249.00,"Hamilton, Ontario",20.225.6,v53092544
2014,300.00,"Hamilton, Ontario",20.225.6,v53092544
2015,242.00,"Hamilton, Ontario",20.225.6,v53092544
1998,991.00,"St.Catharines-Niagara, Ontario",21.225.6,v53092706
1999,927.00,"St.Catharines-Niagara, Ontario",21.225.6,v53092706
2000,1117.00,"St.Catharines-Niagara, Ontario",21.225.6,v53092706
2001,1495.00,"St.Catharines-Niagara, Ontario",21.225.6,v53092706
2002,1472.00,"St.Catharines-Niagara, Ontario",21.225.6,v53092706
2003,632.00,"St.Catharines-Niagara, Ontario",21.225.6,v53092706
2004,507.00,"St.Catharines-Niagara, Ontario",21.225.6,v53092706
2005,542.00,"St.Catharines-Niagara, Ontario",21.225.6,v53092706
2006,187.00,"St.Catharines-Niagara, Ontario",21.225.6,v53092706
2007,257.00,"St.Catharines-Niagara, Ontario",21.225.6,v53092706
2008,276.00,"St.Catharines-Niagara, Ontario",21.225.6,v53092706
2009,247.00,"St.Catharines-Niagara, Ontario",21.225.6,v53092706
2010,238.00,"St.Catharines-Niagara, Ontario",21.225.6,v53092706
2011,243.00,"St.Catharines-Niagara, Ontario",21.225.6,v53092706
2012,205.00,"St.Catharines-Niagara, Ontario",21.225.6,v53092706
2013,219.00,"St.Catharines-Niagara, Ontario",21.225.6,v53092706
2014,193.00,"St.Catharines-Niagara, Ontario",21.225.6,v53092706
2015,202.00,"St.Catharines-Niagara, Ontario",21.225.6,v53092706
1998,254.00,"Kitchener-Cambridge-Waterloo, Ontario",22.225.6,v53087574
1999,213.00,"Kitchener-Cambridge-Waterloo, Ontario",22.225.6,v53087574
2000,189.00,"Kitchener-Cambridge-Waterloo, Ontario",22.225.6,v53087574
2001,114.00,"Kitchener-Cambridge-Waterloo, Ontario",22.225.6,v53087574
2002,68.00,"Kitchener-Cambridge-Waterloo, Ontario",22.225.6,v53087574
2003,140.00,"Kitchener-Cambridge-Waterloo, Ontario",22.225.6,v53087574
2004,241.00,"Kitchener-Cambridge-Waterloo, Ontario",22.225.6,v53087574
2005,275.00,"Kitchener-Cambridge-Waterloo, Ontario",22.225.6,v53087574
2006,235.00,"Kitchener-Cambridge-Waterloo, Ontario",22.225.6,v53087574
2007,219.00,"Kitchener-Cambridge-Waterloo, Ontario",22.225.6,v53087574
2008,345.00,"Kitchener-Cambridge-Waterloo, Ontario",22.225.6,v53087574
2009,275.00,"Kitchener-Cambridge-Waterloo, Ontario",22.225.6,v53087574
2010,317.00,"Kitchener-Cambridge-Waterloo, Ontario",22.225.6,v53087574
2011,247.00,"Kitchener-Cambridge-Waterloo, Ontario",22.225.6,v53087574
2012,228.00,"Kitchener-Cambridge-Waterloo, Ontario",22.225.6,v53087574
2013,203.00,"Kitchener-Cambridge-Waterloo, Ontario",22.225.6,v53087574
2014,168.00,"Kitchener-Cambridge-Waterloo, Ontario",22.225.6,v53087574
2015,150.00,"Kitchener-Cambridge-Waterloo, Ontario",22.225.6,v53087574
2005,..,"Brantford, Ontario",45.225.6,v53088607
2006,139.00,"Brantford, Ontario",45.225.6,v53088607
2007,135.00,"Brantford, Ontario",45.225.6,v53088607
2008,149.00,"Brantford, Ontario",45.225.6,v53088607
2009,193.00,"Brantford, Ontario",45.225.6,v53088607
2010,193.00,"Brantford, Ontario",45.225.6,v53088607
2011,149.00,"Brantford, Ontario",45.225.6,v53088607
2012,168.00,"Brantford, Ontario",45.225.6,v53088607
2013,155.00,"Brantford, Ontario",45.225.6,v53088607
2014,108.00,"Brantford, Ontario",45.225.6,v53088607
2015,120.00,"Brantford, Ontario",45.225.6,v53088607
2005,..,"Guelph, Ontario",46.225.6,v53094798
2006,36.00,"Guelph, Ontario",46.225.6,v53094798
2007,80.00,"Guelph, Ontario",46.225.6,v53094798
2008,72.00,"Guelph, Ontario",46.225.6,v53094798
2009,75.00,"Guelph, Ontario",46.225.6,v53094798
2010,90.00,"Guelph, Ontario",46.225.6,v53094798
2011,46.00,"Guelph, Ontario",46.225.6,v53094798
2012,90.00,"Guelph, Ontario",46.225.6,v53094798
2013,87.00,"Guelph, Ontario",46.225.6,v53094798
2014,65.00,"Guelph, Ontario",46.225.6,v53094798
2015,49.00,"Guelph, Ontario",46.225.6,v53094798
1998,516.00,"London, Ontario",23.225.6,v53087829
1999,387.00,"London, Ontario",23.225.6,v53087829
2000,317.00,"London, Ontario",23.225.6,v53087829
2001,336.00,"London, Ontario",23.225.6,v53087829
2002,337.00,"London, Ontario",23.225.6,v53087829
2003,239.00,"London, Ontario",23.225.6,v53087829
2004,167.00,"London, Ontario",23.225.6,v53087829
2005,197.00,"London, Ontario",23.225.6,v53087829
2006,266.00,"London, Ontario",23.225.6,v53087829
2007,274.00,"London, Ontario",23.225.6,v53087829
2008,265.00,"London, Ontario",23.225.6,v53087829
2009,294.00,"London, Ontario",23.225.6,v53087829
2010,245.00,"London, Ontario",23.225.6,v53087829
2011,295.00,"London, Ontario",23.225.6,v53087829
2012,371.00,"London, Ontario",23.225.6,v53087829
2013,340.00,"London, Ontario",23.225.6,v53087829
2014,384.00,"London, Ontario",23.225.6,v53087829
2015,387.00,"London, Ontario",23.225.6,v53087829
1998,461.00,"Windsor, Ontario",24.225.6,v53088855
1999,281.00,"Windsor, Ontario",24.225.6,v53088855
2000,250.00,"Windsor, Ontario",24.225.6,v53088855
2001,214.00,"Windsor, Ontario",24.225.6,v53088855
2002,376.00,"Windsor, Ontario",24.225.6,v53088855
2003,443.00,"Windsor, Ontario",24.225.6,v53088855
2004,473.00,"Windsor, Ontario",24.225.6,v53088855
2005,341.00,"Windsor, Ontario",24.225.6,v53088855
2006,344.00,"Windsor, Ontario",24.225.6,v53088855
2007,292.00,"Windsor, Ontario",24.225.6,v53088855
2008,252.00,"Windsor, Ontario",24.225.6,v53088855
2009,247.00,"Windsor, Ontario",24.225.6,v53088855
2010,248.00,"Windsor, Ontario",24.225.6,v53088855
2011,256.00,"Windsor, Ontario",24.225.6,v53088855
2012,241.00,"Windsor, Ontario",24.225.6,v53088855
2013,234.00,"Windsor, Ontario",24.225.6,v53088855
2014,190.00,"Windsor, Ontario",24.225.6,v53088855
2015,199.00,"Windsor, Ontario",24.225.6,v53088855
2005,..,"Barrie, Ontario",47.225.6,v53095246
2006,730.00,"Barrie, Ontario",47.225.6,v53095246
2007,463.00,"Barrie, Ontario",47.225.6,v53095246
2008,307.00,"Barrie, Ontario",47.225.6,v53095246
2009,273.00,"Barrie, Ontario",47.225.6,v53095246
2010,316.00,"Barrie, Ontario",47.225.6,v53095246
2011,336.00,"Barrie, Ontario",47.225.6,v53095246
2012,266.00,"Barrie, Ontario",47.225.6,v53095246
2013,262.00,"Barrie, Ontario",47.225.6,v53095246
2014,251.00,"Barrie, Ontario",47.225.6,v53095246
2015,198.00,"Barrie, Ontario",47.225.6,v53095246
1998,210.00,"Sudbury, Ontario",25.225.6,v53095334
1999,97.00,"Sudbury, Ontario",25.225.6,v53095334
2000,74.00,"Sudbury, Ontario",25.225.6,v53095334
2001,64.00,"Sudbury, Ontario",25.225.6,v53095334
2002,38.00,"Sudbury, Ontario",25.225.6,v53095334
2003,27.00,"Sudbury, Ontario",25.225.6,v53095334
2004,30.00,"Sudbury, Ontario",25.225.6,v53095334
2005,31.00,"Sudbury, Ontario",25.225.6,v53095334
2006,62.00,"Sudbury, Ontario",25.225.6,v53095334
2007,68.00,"Sudbury, Ontario",25.225.6,v53095334
2008,36.00,"Sudbury, Ontario",25.225.6,v53095334
2009,61.00,"Sudbury, Ontario",25.225.6,v53095334
2010,59.00,"Sudbury, Ontario",25.225.6,v53095334
2011,83.00,"Sudbury, Ontario",25.225.6,v53095334
2012,72.00,"Sudbury, Ontario",25.225.6,v53095334
2013,61.00,"Sudbury, Ontario",25.225.6,v53095334
2014,75.00,"Sudbury, Ontario",25.225.6,v53095334
2015,66.00,"Sudbury, Ontario",25.225.6,v53095334
1998,363.00,"Thunder Bay, Ontario",26.225.6,v53091146
1999,273.00,"Thunder Bay, Ontario",26.225.6,v53091146
2000,96.00,"Thunder Bay, Ontario",26.225.6,v53091146
2001,80.00,"Thunder Bay, Ontario",26.225.6,v53091146
2002,77.00,"Thunder Bay, Ontario",26.225.6,v53091146
2003,70.00,"Thunder Bay, Ontario",26.225.6,v53091146
2004,129.00,"Thunder Bay, Ontario",26.225.6,v53091146
2005,151.00,"Thunder Bay, Ontario",26.225.6,v53091146
2006,105.00,"Thunder Bay, Ontario",26.225.6,v53091146
2007,118.00,"Thunder Bay, Ontario",26.225.6,v53091146
2008,142.00,"Thunder Bay, Ontario",26.225.6,v53091146
2009,34.00,"Thunder Bay, Ontario",26.225.6,v53091146
2010,84.00,"Thunder Bay, Ontario",26.225.6,v53091146
2011,57.00,"Thunder Bay, Ontario",26.225.6,v53091146
2012,72.00,"Thunder Bay, Ontario",26.225.6,v53091146
2013,74.00,"Thunder Bay, Ontario",26.225.6,v53091146
2014,95.00,"Thunder Bay, Ontario",26.225.6,v53091146
2015,76.00,"Thunder Bay, Ontario",26.225.6,v53091146
1998,3756.00,"Manitoba",28.225.6,v53095666
1999,3217.00,"Manitoba",28.225.6,v53095666
2000,2658.00,"Manitoba",28.225.6,v53095666
2001,3010.00,"Manitoba",28.225.6,v53095666
2002,1923.00,"Manitoba",28.225.6,v53095666
2003,2402.00,"Manitoba",28.225.6,v53095666
2004,4017.00,"Manitoba",28.225.6,v53095666
2005,5745.00,"Manitoba",28.225.6,v53095666
2006,7796.00,"Manitoba",28.225.6,v53095666
2007,7778.00,"Manitoba",28.225.6,v53095666
2008,8108.00,"Manitoba",28.225.6,v53095666
2009,8219.00,"Manitoba",28.225.6,v53095666
2010,8333.00,"Manitoba",28.225.6,v53095666
2011,9532.00,"Manitoba",28.225.6,v53095666
2012,8277.00,"Manitoba",28.225.6,v53095666
2013,8419.00,"Manitoba",28.225.6,v53095666
2014,8040.00,"Manitoba",28.225.6,v53095666
2015,7460.00,"Manitoba",28.225.6,v53095666
1998,334.00,"Winnipeg, Manitoba",29.225.6,v53095897
1999,234.00,"Winnipeg, Manitoba",29.225.6,v53095897
2000,333.00,"Winnipeg, Manitoba",29.225.6,v53095897
2001,418.00,"Winnipeg, Manitoba",29.225.6,v53095897
2002,380.00,"Winnipeg, Manitoba",29.225.6,v53095897
2003,324.00,"Winnipeg, Manitoba",29.225.6,v53095897
2004,281.00,"Winnipeg, Manitoba",29.225.6,v53095897
2005,223.00,"Winnipeg, Manitoba",29.225.6,v53095897
2006,428.00,"Winnipeg, Manitoba",29.225.6,v53095897
2007,282.00,"Winnipeg, Manitoba",29.225.6,v53095897
2008,304.00,"Winnipeg, Manitoba",29.225.6,v53095897
2009,315.00,"Winnipeg, Manitoba",29.225.6,v53095897
2010,353.00,"Winnipeg, Manitoba",29.225.6,v53095897
2011,309.00,"Winnipeg, Manitoba",29.225.6,v53095897
2012,336.00,"Winnipeg, Manitoba",29.225.6,v53095897
2013,292.00,"Winnipeg, Manitoba",29.225.6,v53095897
2014,277.00,"Winnipeg, Manitoba",29.225.6,v53095897
2015,323.00,"Winnipeg, Manitoba",29.225.6,v53095897
1998,5944.00,"Saskatchewan",30.225.6,v53096050
1999,5367.00,"Saskatchewan",30.225.6,v53096050
2000,4993.00,"Saskatchewan",30.225.6,v53096050
2001,5253.00,"Saskatchewan",30.225.6,v53096050
2002,5334.00,"Saskatchewan",30.225.6,v53096050
2003,5871.00,"Saskatchewan",30.225.6,v53096050
2004,5802.00,"Saskatchewan",30.225.6,v53096050
2005,6229.00,"Saskatchewan",30.225.6,v53096050
2006,7064.00,"Saskatchewan",30.225.6,v53096050
2007,7124.00,"Saskatchewan",30.225.6,v53096050
2008,6353.00,"Saskatchewan",30.225.6,v53096050
2009,6338.00,"Saskatchewan",30.225.6,v53096050
2010,6234.00,"Saskatchewan",30.225.6,v53096050
2011,5704.00,"Saskatchewan",30.225.6,v53096050
2012,5668.00,"Saskatchewan",30.225.6,v53096050
2013,5250.00,"Saskatchewan",30.225.6,v53096050
2014,4649.00,"Saskatchewan",30.225.6,v53096050
2015,4451.00,"Saskatchewan",30.225.6,v53096050
1998,124.00,"Regina, Saskatchewan",31.225.6,v53090647
1999,101.00,"Regina, Saskatchewan",31.225.6,v53090647
2000,130.00,"Regina, Saskatchewan",31.225.6,v53090647
2001,151.00,"Regina, Saskatchewan",31.225.6,v53090647
2002,150.00,"Regina, Saskatchewan",31.225.6,v53090647
2003,118.00,"Regina, Saskatchewan",31.225.6,v53090647
2004,133.00,"Regina, Saskatchewan",31.225.6,v53090647
2005,157.00,"Regina, Saskatchewan",31.225.6,v53090647
2006,294.00,"Regina, Saskatchewan",31.225.6,v53090647
2007,139.00,"Regina, Saskatchewan",31.225.6,v53090647
2008,133.00,"Regina, Saskatchewan",31.225.6,v53090647
2009,130.00,"Regina, Saskatchewan",31.225.6,v53090647
2010,170.00,"Regina, Saskatchewan",31.225.6,v53090647
2011,157.00,"Regina, Saskatchewan",31.225.6,v53090647
2012,193.00,"Regina, Saskatchewan",31.225.6,v53090647
2013,193.00,"Regina, Saskatchewan",31.225.6,v53090647
2014,165.00,"Regina, Saskatchewan",31.225.6,v53090647
2015,120.00,"Regina, Saskatchewan",31.225.6,v53090647
1998,247.00,"Saskatoon, Saskatchewan",32.225.6,v53091576
1999,327.00,"Saskatoon, Saskatchewan",32.225.6,v53091576
2000,293.00,"Saskatoon, Saskatchewan",32.225.6,v53091576
2001,394.00,"Saskatoon, Saskatchewan",32.225.6,v53091576
2002,424.00,"Saskatoon, Saskatchewan",32.225.6,v53091576
2003,536.00,"Saskatoon, Saskatchewan",32.225.6,v53091576
2004,548.00,"Saskatoon, Saskatchewan",32.225.6,v53091576
2005,455.00,"Saskatoon, Saskatchewan",32.225.6,v53091576
2006,628.00,"Saskatoon, Saskatchewan",32.225.6,v53091576
2007,632.00,"Saskatoon, Saskatchewan",32.225.6,v53091576
2008,638.00,"Saskatoon, Saskatchewan",32.225.6,v53091576
2009,197.00,"Saskatoon, Saskatchewan",32.225.6,v53091576
2010,222.00,"Saskatoon, Saskatchewan",32.225.6,v53091576
2011,215.00,"Saskatoon, Saskatchewan",32.225.6,v53091576
2012,206.00,"Saskatoon, Saskatchewan",32.225.6,v53091576
2013,181.00,"Saskatoon, Saskatchewan",32.225.6,v53091576
2014,198.00,"Saskatoon, Saskatchewan",32.225.6,v53091576
2015,187.00,"Saskatoon, Saskatchewan",32.225.6,v53091576
1998,11339.00,"Alberta",33.225.6,v53096708
1999,11295.00,"Alberta",33.225.6,v53096708
2000,9298.00,"Alberta",33.225.6,v53096708
2001,9810.00,"Alberta",33.225.6,v53096708
2002,10461.00,"Alberta",33.225.6,v53096708
2003,13322.00,"Alberta",33.225.6,v53096708
2004,14394.00,"Alberta",33.225.6,v53096708
2005,15596.00,"Alberta",33.225.6,v53096708
2006,17596.00,"Alberta",33.225.6,v53096708
2007,18107.00,"Alberta",33.225.6,v53096708
2008,19329.00,"Alberta",33.225.6,v53096708
2009,19414.00,"Alberta",33.225.6,v53096708
2010,20012.00,"Alberta",33.225.6,v53096708
2011,18277.00,"Alberta",33.225.6,v53096708
2012,17635.00,"Alberta",33.225.6,v53096708
2013,16640.00,"Alberta",33.225.6,v53096708
2014,16489.00,"Alberta",33.225.6,v53096708
2015,15310.00,"Alberta",33.225.6,v53096708
1998,656.00,"Calgary, Alberta",34.225.6,v53096980
1999,438.00,"Calgary, Alberta",34.225.6,v53096980
2000,366.00,"Calgary, Alberta",34.225.6,v53096980
2001,323.00,"Calgary, Alberta",34.225.6,v53096980
2002,464.00,"Calgary, Alberta",34.225.6,v53096980
2003,825.00,"Calgary, Alberta",34.225.6,v53096980
2004,728.00,"Calgary, Alberta",34.225.6,v53096980
2005,619.00,"Calgary, Alberta",34.225.6,v53096980
2006,774.00,"Calgary, Alberta",34.225.6,v53096980
2007,928.00,"Calgary, Alberta",34.225.6,v53096980
2008,909.00,"Calgary, Alberta",34.225.6,v53096980
2009,878.00,"Calgary, Alberta",34.225.6,v53096980
2010,870.00,"Calgary, Alberta",34.225.6,v53096980
2011,901.00,"Calgary, Alberta",34.225.6,v53096980
2012,852.00,"Calgary, Alberta",34.225.6,v53096980
2013,893.00,"Calgary, Alberta",34.225.6,v53096980
2014,1039.00,"Calgary, Alberta",34.225.6,v53096980
2015,939.00,"Calgary, Alberta",34.225.6,v53096980
1998,1511.00,"Edmonton, Alberta",35.225.6,v53097184
1999,1220.00,"Edmonton, Alberta",35.225.6,v53097184
2000,922.00,"Edmonton, Alberta",35.225.6,v53097184
2001,1100.00,"Edmonton, Alberta",35.225.6,v53097184
2002,939.00,"Edmonton, Alberta",35.225.6,v53097184
2003,967.00,"Edmonton, Alberta",35.225.6,v53097184
2004,1011.00,"Edmonton, Alberta",35.225.6,v53097184
2005,1225.00,"Edmonton, Alberta",35.225.6,v53097184
2006,1857.00,"Edmonton, Alberta",35.225.6,v53097184
2007,1868.00,"Edmonton, Alberta",35.225.6,v53097184
2008,2035.00,"Edmonton, Alberta",35.225.6,v53097184
2009,2517.00,"Edmonton, Alberta",35.225.6,v53097184
2010,2625.00,"Edmonton, Alberta",35.225.6,v53097184
2011,2387.00,"Edmonton, Alberta",35.225.6,v53097184
2012,2420.00,"Edmonton, Alberta",35.225.6,v53097184
2013,2221.00,"Edmonton, Alberta",35.225.6,v53097184
2014,2727.00,"Edmonton, Alberta",35.225.6,v53097184
2015,2602.00,"Edmonton, Alberta",35.225.6,v53097184
1998,25226.00,"British Columbia",36.225.6,v53097405
1999,21319.00,"British Columbia",36.225.6,v53097405
2000,17338.00,"British Columbia",36.225.6,v53097405
2001,16168.00,"British Columbia",36.225.6,v53097405
2002,17891.00,"British Columbia",36.225.6,v53097405
2003,19871.00,"British Columbia",36.225.6,v53097405
2004,19960.00,"British Columbia",36.225.6,v53097405
2005,20050.00,"British Columbia",36.225.6,v53097405
2006,23030.00,"British Columbia",36.225.6,v53097405
2007,20320.00,"British Columbia",36.225.6,v53097405
2008,20438.00,"British Columbia",36.225.6,v53097405
2009,21521.00,"British Columbia",36.225.6,v53097405
2010,21481.00,"British Columbia",36.225.6,v53097405
2011,21406.00,"British Columbia",36.225.6,v53097405
2012,21487.00,"British Columbia",36.225.6,v53097405
2013,20892.00,"British Columbia",36.225.6,v53097405
2014,18411.00,"British Columbia",36.225.6,v53097405
2015,17565.00,"British Columbia",36.225.6,v53097405
2005,..,"Kelowna, British Columbia",48.225.6,v53097680
2006,940.00,"Kelowna, British Columbia",48.225.6,v53097680
2007,1573.00,"Kelowna, British Columbia",48.225.6,v53097680
2008,1624.00,"Kelowna, British Columbia",48.225.6,v53097680
2009,1788.00,"Kelowna, British Columbia",48.225.6,v53097680
2010,1598.00,"Kelowna, British Columbia",48.225.6,v53097680
2011,1229.00,"Kelowna, British Columbia",48.225.6,v53097680
2012,1288.00,"Kelowna, British Columbia",48.225.6,v53097680
2013,1030.00,"Kelowna, British Columbia",48.225.6,v53097680
2014,1244.00,"Kelowna, British Columbia",48.225.6,v53097680
2015,1448.00,"Kelowna, British Columbia",48.225.6,v53097680
2000,..,"Abbotsford-Mission, British Columbia",39.225.6,v53093431
2001,159.00,"Abbotsford-Mission, British Columbia",39.225.6,v53093431
2002,158.00,"Abbotsford-Mission, British Columbia",39.225.6,v53093431
2003,198.00,"Abbotsford-Mission, British Columbia",39.225.6,v53093431
2004,251.00,"Abbotsford-Mission, British Columbia",39.225.6,v53093431
2005,410.00,"Abbotsford-Mission, British Columbia",39.225.6,v53093431
2006,504.00,"Abbotsford-Mission, British Columbia",39.225.6,v53093431
2007,343.00,"Abbotsford-Mission, British Columbia",39.225.6,v53093431
2008,532.00,"Abbotsford-Mission, British Columbia",39.225.6,v53093431
2009,434.00,"Abbotsford-Mission, British Columbia",39.225.6,v53093431
2010,370.00,"Abbotsford-Mission, British Columbia",39.225.6,v53093431
2011,328.00,"Abbotsford-Mission, British Columbia",39.225.6,v53093431
2012,263.00,"Abbotsford-Mission, British Columbia",39.225.6,v53093431
2013,258.00,"Abbotsford-Mission, British Columbia",39.225.6,v53093431
2014,267.00,"Abbotsford-Mission, British Columbia",39.225.6,v53093431
2015,259.00,"Abbotsford-Mission, British Columbia",39.225.6,v53093431
1998,5937.00,"Vancouver, British Columbia",37.225.6,v53094167
1999,4872.00,"Vancouver, British Columbia",37.225.6,v53094167
2000,3888.00,"Vancouver, British Columbia",37.225.6,v53094167
2001,3533.00,"Vancouver, British Columbia",37.225.6,v53094167
2002,3935.00,"Vancouver, British Columbia",37.225.6,v53094167
2003,4355.00,"Vancouver, British Columbia",37.225.6,v53094167
2004,5224.00,"Vancouver, British Columbia",37.225.6,v53094167
2005,5515.00,"Vancouver, British Columbia",37.225.6,v53094167
2006,7895.00,"Vancouver, British Columbia",37.225.6,v53094167
2007,5950.00,"Vancouver, British Columbia",37.225.6,v53094167
2008,6044.00,"Vancouver, British Columbia",37.225.6,v53094167
2009,6025.00,"Vancouver, British Columbia",37.225.6,v53094167
2010,6300.00,"Vancouver, British Columbia",37.225.6,v53094167
2011,6502.00,"Vancouver, British Columbia",37.225.6,v53094167
2012,6307.00,"Vancouver, British Columbia",37.225.6,v53094167
2013,6867.00,"Vancouver, British Columbia",37.225.6,v53094167
2014,4722.00,"Vancouver, British Columbia",37.225.6,v53094167
2015,3470.00,"Vancouver, British Columbia",37.225.6,v53094167
1998,1974.00,"Victoria, British Columbia",38.225.6,v53094273
1999,1651.00,"Victoria, British Columbia",38.225.6,v53094273
2000,1368.00,"Victoria, British Columbia",38.225.6,v53094273
2001,1228.00,"Victoria, British Columbia",38.225.6,v53094273
2002,1346.00,"Victoria, British Columbia",38.225.6,v53094273
2003,2155.00,"Victoria, British Columbia",38.225.6,v53094273
2004,1028.00,"Victoria, British Columbia",38.225.6,v53094273
2005,635.00,"Victoria, British Columbia",38.225.6,v53094273
2006,700.00,"Victoria, British Columbia",38.225.6,v53094273
2007,1089.00,"Victoria, British Columbia",38.225.6,v53094273
2008,903.00,"Victoria, British Columbia",38.225.6,v53094273
2009,886.00,"Victoria, British Columbia",38.225.6,v53094273
2010,1128.00,"Victoria, British Columbia",38.225.6,v53094273
2011,1191.00,"Victoria, British Columbia",38.225.6,v53094273
2012,798.00,"Victoria, British Columbia",38.225.6,v53094273
2013,812.00,"Victoria, British Columbia",38.225.6,v53094273
2014,783.00,"Victoria, British Columbia",38.225.6,v53094273
2015,603.00,"Victoria, British Columbia",38.225.6,v53094273
1998,607.00,"Yukon",40.225.6,v53094307
1999,452.00,"Yukon",40.225.6,v53094307
2000,562.00,"Yukon",40.225.6,v53094307
2001,829.00,"Yukon",40.225.6,v53094307
2002,1071.00,"Yukon",40.225.6,v53094307
2003,981.00,"Yukon",40.225.6,v53094307
2004,1309.00,"Yukon",40.225.6,v53094307
2005,1297.00,"Yukon",40.225.6,v53094307
2006,1207.00,"Yukon",40.225.6,v53094307
2007,1357.00,"Yukon",40.225.6,v53094307
2008,1491.00,"Yukon",40.225.6,v53094307
2009,1917.00,"Yukon",40.225.6,v53094307
2010,1575.00,"Yukon",40.225.6,v53094307
2011,1455.00,"Yukon",40.225.6,v53094307
2012,1482.00,"Yukon",40.225.6,v53094307
2013,2088.00,"Yukon",40.225.6,v53094307
2014,2136.00,"Yukon",40.225.6,v53094307
2015,2217.00,"Yukon",40.225.6,v53094307
1998,1735.00,"Northwest Territories",41.225.6,v53098573
1999,1204.00,"Northwest Territories",41.225.6,v53098573
2000,1957.00,"Northwest Territories",41.225.6,v53098573
2001,2516.00,"Northwest Territories",41.225.6,v53098573
2002,2133.00,"Northwest Territories",41.225.6,v53098573
2003,2012.00,"Northwest Territories",41.225.6,v53098573
2004,2833.00,"Northwest Territories",41.225.6,v53098573
2005,4012.00,"Northwest Territories",41.225.6,v53098573
2006,3712.00,"Northwest Territories",41.225.6,v53098573
2007,3685.00,"Northwest Territories",41.225.6,v53098573
2008,3870.00,"Northwest Territories",41.225.6,v53098573
2009,3646.00,"Northwest Territories",41.225.6,v53098573
2010,4257.00,"Northwest Territories",41.225.6,v53098573
2011,4367.00,"Northwest Territories",41.225.6,v53098573
2012,4146.00,"Northwest Territories",41.225.6,v53098573
2013,3617.00,"Northwest Territories",41.225.6,v53098573
2014,3539.00,"Northwest Territories",41.225.6,v53098573
2015,3342.00,"Northwest Territories",41.225.6,v53098573
1998,..,"Nunavut",42.225.6,v53093815
1999,413.00,"Nunavut",42.225.6,v53093815
2000,303.00,"Nunavut",42.225.6,v53093815
2001,428.00,"Nunavut",42.225.6,v53093815
2002,1100.00,"Nunavut",42.225.6,v53093815
2003,1438.00,"Nunavut",42.225.6,v53093815
2004,1576.00,"Nunavut",42.225.6,v53093815
2005,1660.00,"Nunavut",42.225.6,v53093815
2006,2022.00,"Nunavut",42.225.6,v53093815
2007,1593.00,"Nunavut",42.225.6,v53093815
2008,2074.00,"Nunavut",42.225.6,v53093815
2009,2693.00,"Nunavut",42.225.6,v53093815
2010,2820.00,"Nunavut",42.225.6,v53093815
2011,2827.00,"Nunavut",42.225.6,v53093815
2012,2905.00,"Nunavut",42.225.6,v53093815
2013,2592.00,"Nunavut",42.225.6,v53093815
2014,2244.00,"Nunavut",42.225.6,v53093815
2015,2400.00,"Nunavut",42.225.6,v53093815
