1998,79.71,"Canada",1.80.12,v44401276
1999,82.99,"Canada",1.80.12,v44401276
2000,82.74,"Canada",1.80.12,v44401276
2001,78.35,"Canada",1.80.12,v44401276
2002,68.02,"Canada",1.80.12,v44401276
2003,54.20,"Canada",1.80.12,v44401276
2004,47.17,"Canada",1.80.12,v44401276
2005,43.25,"Canada",1.80.12,v44401276
2006,42.30,"Canada",1.80.12,v44401276
2007,40.45,"Canada",1.80.12,v44401276
2008,42.24,"Canada",1.80.12,v44401276
2009,40.74,"Canada",1.80.12,v44401276
2010,29.61,"Canada",1.80.12,v44401276
2011,23.74,"Canada",1.80.12,v44401276
2012,22.73,"Canada",1.80.12,v44401276
2013,21.20,"Canada",1.80.12,v44401276
2014,18.13,"Canada",1.80.12,v44401276
2015,17.61,"Canada",1.80.12,v44401276
1998,116.29,"Newfoundland and Labrador",2.80.12,v44333890
1999,132.85,"Newfoundland and Labrador",2.80.12,v44333890
2000,73.08,"Newfoundland and Labrador",2.80.12,v44333890
2001,93.75,"Newfoundland and Labrador",2.80.12,v44333890
2002,50.48,"Newfoundland and Labrador",2.80.12,v44333890
2003,54.04,"Newfoundland and Labrador",2.80.12,v44333890
2004,48.36,"Newfoundland and Labrador",2.80.12,v44333890
2005,14.92,"Newfoundland and Labrador",2.80.12,v44333890
2006,43.74,"Newfoundland and Labrador",2.80.12,v44333890
2007,52.96,"Newfoundland and Labrador",2.80.12,v44333890
2008,49.32,"Newfoundland and Labrador",2.80.12,v44333890
2009,44.82,"Newfoundland and Labrador",2.80.12,v44333890
2010,22.83,"Newfoundland and Labrador",2.80.12,v44333890
2011,20.34,"Newfoundland and Labrador",2.80.12,v44333890
2012,20.70,"Newfoundland and Labrador",2.80.12,v44333890
2013,27.21,"Newfoundland and Labrador",2.80.12,v44333890
2014,46.26,"Newfoundland and Labrador",2.80.12,v44333890
2015,15.60,"Newfoundland and Labrador",2.80.12,v44333890
1998,0.00,"St. John's, Newfoundland and Labrador",3.80.12,v44328421
1999,0.00,"St. John's, Newfoundland and Labrador",3.80.12,v44328421
2000,0.00,"St. John's, Newfoundland and Labrador",3.80.12,v44328421
2001,0.00,"St. John's, Newfoundland and Labrador",3.80.12,v44328421
2002,0.00,"St. John's, Newfoundland and Labrador",3.80.12,v44328421
2003,0.00,"St. John's, Newfoundland and Labrador",3.80.12,v44328421
2004,71.95,"St. John's, Newfoundland and Labrador",3.80.12,v44328421
2005,14.65,"St. John's, Newfoundland and Labrador",3.80.12,v44328421
2006,52.16,"St. John's, Newfoundland and Labrador",3.80.12,v44328421
2007,59.82,"St. John's, Newfoundland and Labrador",3.80.12,v44328421
2008,22.64,"St. John's, Newfoundland and Labrador",3.80.12,v44328421
2009,53.68,"St. John's, Newfoundland and Labrador",3.80.12,v44328421
2010,39.07,"St. John's, Newfoundland and Labrador",3.80.12,v44328421
2011,31.56,"St. John's, Newfoundland and Labrador",3.80.12,v44328421
2012,39.75,"St. John's, Newfoundland and Labrador",3.80.12,v44328421
2013,32.22,"St. John's, Newfoundland and Labrador",3.80.12,v44328421
2014,40.88,"St. John's, Newfoundland and Labrador",3.80.12,v44328421
2015,32.83,"St. John's, Newfoundland and Labrador",3.80.12,v44328421
1998,89.90,"Prince Edward Island",4.80.12,v44397393
1999,105.85,"Prince Edward Island",4.80.12,v44397393
2000,172.15,"Prince Edward Island",4.80.12,v44397393
2001,49.17,"Prince Edward Island",4.80.12,v44397393
2002,40.93,"Prince Edward Island",4.80.12,v44397393
2003,57.91,"Prince Edward Island",4.80.12,v44397393
2004,41.81,"Prince Edward Island",4.80.12,v44397393
2005,33.64,"Prince Edward Island",4.80.12,v44397393
2006,76.54,"Prince Edward Island",4.80.12,v44397393
2007,17.46,"Prince Edward Island",4.80.12,v44397393
2008,44.10,"Prince Edward Island",4.80.12,v44397393
2009,17.89,"Prince Edward Island",4.80.12,v44397393
2010,27.34,"Prince Edward Island",4.80.12,v44397393
2011,27.32,"Prince Edward Island",4.80.12,v44397393
2012,27.84,"Prince Edward Island",4.80.12,v44397393
2013,38.59,"Prince Edward Island",4.80.12,v44397393
2014,39.97,"Prince Edward Island",4.80.12,v44397393
2015,20.43,"Prince Edward Island",4.80.12,v44397393
1998,74.45,"Nova Scotia",5.80.12,v44360877
1999,110.45,"Nova Scotia",5.80.12,v44360877
2000,83.97,"Nova Scotia",5.80.12,v44360877
2001,53.36,"Nova Scotia",5.80.12,v44360877
2002,49.38,"Nova Scotia",5.80.12,v44360877
2003,39.97,"Nova Scotia",5.80.12,v44360877
2004,40.14,"Nova Scotia",5.80.12,v44360877
2005,48.54,"Nova Scotia",5.80.12,v44360877
2006,43.61,"Nova Scotia",5.80.12,v44360877
2007,34.90,"Nova Scotia",5.80.12,v44360877
2008,27.29,"Nova Scotia",5.80.12,v44360877
2009,47.46,"Nova Scotia",5.80.12,v44360877
2010,45.60,"Nova Scotia",5.80.12,v44360877
2011,35.85,"Nova Scotia",5.80.12,v44360877
2012,35.04,"Nova Scotia",5.80.12,v44360877
2013,22.97,"Nova Scotia",5.80.12,v44360877
2014,20.25,"Nova Scotia",5.80.12,v44360877
2015,19.00,"Nova Scotia",5.80.12,v44360877
1998,0.00,"Halifax, Nova Scotia",6.80.12,v44334749
1999,0.00,"Halifax, Nova Scotia",6.80.12,v44334749
2000,0.00,"Halifax, Nova Scotia",6.80.12,v44334749
2001,0.00,"Halifax, Nova Scotia",6.80.12,v44334749
2002,0.00,"Halifax, Nova Scotia",6.80.12,v44334749
2003,0.00,"Halifax, Nova Scotia",6.80.12,v44334749
2004,40.75,"Halifax, Nova Scotia",6.80.12,v44334749
2005,27.27,"Halifax, Nova Scotia",6.80.12,v44334749
2006,13.87,"Halifax, Nova Scotia",6.80.12,v44334749
2007,45.34,"Halifax, Nova Scotia",6.80.12,v44334749
2008,14.19,"Halifax, Nova Scotia",6.80.12,v44334749
2009,33.02,"Halifax, Nova Scotia",6.80.12,v44334749
2010,52.47,"Halifax, Nova Scotia",6.80.12,v44334749
2011,30.58,"Halifax, Nova Scotia",6.80.12,v44334749
2012,38.76,"Halifax, Nova Scotia",6.80.12,v44334749
2013,23.80,"Halifax, Nova Scotia",6.80.12,v44334749
2014,24.33,"Halifax, Nova Scotia",6.80.12,v44334749
2015,12.36,"Halifax, Nova Scotia",6.80.12,v44334749
1998,61.25,"New Brunswick",7.80.12,v44380071
1999,86.43,"New Brunswick",7.80.12,v44380071
2000,135.27,"New Brunswick",7.80.12,v44380071
2001,88.51,"New Brunswick",7.80.12,v44380071
2002,72.67,"New Brunswick",7.80.12,v44380071
2003,52.81,"New Brunswick",7.80.12,v44380071
2004,46.35,"New Brunswick",7.80.12,v44380071
2005,43.07,"New Brunswick",7.80.12,v44380071
2006,29.60,"New Brunswick",7.80.12,v44380071
2007,67.19,"New Brunswick",7.80.12,v44380071
2008,59.74,"New Brunswick",7.80.12,v44380071
2009,51.98,"New Brunswick",7.80.12,v44380071
2010,51.04,"New Brunswick",7.80.12,v44380071
2011,19.41,"New Brunswick",7.80.12,v44380071
2012,27.80,"New Brunswick",7.80.12,v44380071
2013,40.83,"New Brunswick",7.80.12,v44380071
2014,12.54,"New Brunswick",7.80.12,v44380071
2015,16.93,"New Brunswick",7.80.12,v44380071
2005,..,"Moncton, New Brunswick",43.80.12,v52121140
2006,42.86,"Moncton, New Brunswick",43.80.12,v52121140
2007,160.34,"Moncton, New Brunswick",43.80.12,v52121140
2008,85.93,"Moncton, New Brunswick",43.80.12,v52121140
2009,32.65,"Moncton, New Brunswick",43.80.12,v52121140
2010,54.88,"Moncton, New Brunswick",43.80.12,v52121140
2011,22.27,"Moncton, New Brunswick",43.80.12,v52121140
2012,44.72,"Moncton, New Brunswick",43.80.12,v52121140
2013,0.00,"Moncton, New Brunswick",43.80.12,v52121140
2014,0.00,"Moncton, New Brunswick",43.80.12,v52121140
2015,32.00,"Moncton, New Brunswick",43.80.12,v52121140
1998,0.00,"Saint John, New Brunswick",8.80.12,v44349321
1999,0.00,"Saint John, New Brunswick",8.80.12,v44349321
2000,0.00,"Saint John, New Brunswick",8.80.12,v44349321
2001,0.00,"Saint John, New Brunswick",8.80.12,v44349321
2002,0.00,"Saint John, New Brunswick",8.80.12,v44349321
2003,0.00,"Saint John, New Brunswick",8.80.12,v44349321
2004,58.15,"Saint John, New Brunswick",8.80.12,v44349321
2005,82.90,"Saint John, New Brunswick",8.80.12,v44349321
2006,66.43,"Saint John, New Brunswick",8.80.12,v44349321
2007,50.51,"Saint John, New Brunswick",8.80.12,v44349321
2008,76.93,"Saint John, New Brunswick",8.80.12,v44349321
2009,60.79,"Saint John, New Brunswick",8.80.12,v44349321
2010,26.38,"Saint John, New Brunswick",8.80.12,v44349321
2011,8.98,"Saint John, New Brunswick",8.80.12,v44349321
2012,28.02,"Saint John, New Brunswick",8.80.12,v44349321
2013,96.15,"Saint John, New Brunswick",8.80.12,v44349321
2014,0.00,"Saint John, New Brunswick",8.80.12,v44349321
2015,0.00,"Saint John, New Brunswick",8.80.12,v44349321
1998,39.95,"Quebec",9.80.12,v44391008
1999,42.17,"Quebec",9.80.12,v44391008
2000,41.89,"Quebec",9.80.12,v44391008
2001,43.36,"Quebec",9.80.12,v44391008
2002,36.26,"Quebec",9.80.12,v44391008
2003,34.86,"Quebec",9.80.12,v44391008
2004,29.30,"Quebec",9.80.12,v44391008
2005,24.40,"Quebec",9.80.12,v44391008
2006,24.84,"Quebec",9.80.12,v44391008
2007,23.57,"Quebec",9.80.12,v44391008
2008,24.89,"Quebec",9.80.12,v44391008
2009,27.94,"Quebec",9.80.12,v44391008
2010,21.08,"Quebec",9.80.12,v44391008
2011,21.05,"Quebec",9.80.12,v44391008
2012,17.10,"Quebec",9.80.12,v44391008
2013,18.83,"Quebec",9.80.12,v44391008
2014,18.34,"Quebec",9.80.12,v44391008
2015,15.37,"Quebec",9.80.12,v44391008
1998,0.00,"Saguenay, Quebec",10.80.12,v44372079
1999,0.00,"Saguenay, Quebec",10.80.12,v44372079
2000,0.00,"Saguenay, Quebec",10.80.12,v44372079
2001,0.00,"Saguenay, Quebec",10.80.12,v44372079
2002,0.00,"Saguenay, Quebec",10.80.12,v44372079
2003,0.00,"Saguenay, Quebec",10.80.12,v44372079
2004,26.03,"Saguenay, Quebec",10.80.12,v44372079
2005,34.73,"Saguenay, Quebec",10.80.12,v44372079
2006,35.10,"Saguenay, Quebec",10.80.12,v44372079
2007,26.93,"Saguenay, Quebec",10.80.12,v44372079
2008,36.94,"Saguenay, Quebec",10.80.12,v44372079
2009,0.00,"Saguenay, Quebec",10.80.12,v44372079
2010,10.12,"Saguenay, Quebec",10.80.12,v44372079
2011,18.94,"Saguenay, Quebec",10.80.12,v44372079
2012,49.95,"Saguenay, Quebec",10.80.12,v44372079
2013,0.00,"Saguenay, Quebec",10.80.12,v44372079
2014,21.54,"Saguenay, Quebec",10.80.12,v44372079
2015,45.14,"Saguenay, Quebec",10.80.12,v44372079
1998,0.00,"Sherbrooke, Quebec",12.80.12,v44377436
1999,0.00,"Sherbrooke, Quebec",12.80.12,v44377436
2000,0.00,"Sherbrooke, Quebec",12.80.12,v44377436
2001,0.00,"Sherbrooke, Quebec",12.80.12,v44377436
2002,0.00,"Sherbrooke, Quebec",12.80.12,v44377436
2003,0.00,"Sherbrooke, Quebec",12.80.12,v44377436
2004,72.39,"Sherbrooke, Quebec",12.80.12,v44377436
2005,26.96,"Sherbrooke, Quebec",12.80.12,v44377436
2006,58.58,"Sherbrooke, Quebec",12.80.12,v44377436
2007,21.92,"Sherbrooke, Quebec",12.80.12,v44377436
2008,65.99,"Sherbrooke, Quebec",12.80.12,v44377436
2009,52.92,"Sherbrooke, Quebec",12.80.12,v44377436
2010,23.50,"Sherbrooke, Quebec",12.80.12,v44377436
2011,7.99,"Sherbrooke, Quebec",12.80.12,v44377436
2012,0.00,"Sherbrooke, Quebec",12.80.12,v44377436
2013,16.75,"Sherbrooke, Quebec",12.80.12,v44377436
2014,8.60,"Sherbrooke, Quebec",12.80.12,v44377436
2015,8.61,"Sherbrooke, Quebec",12.80.12,v44377436
1998,0.00,"Ottawa-Gatineau, Quebec part",15.80.12,v44401564
1999,0.00,"Ottawa-Gatineau, Quebec part",15.80.12,v44401564
2000,0.00,"Ottawa-Gatineau, Quebec part",15.80.12,v44401564
2001,0.00,"Ottawa-Gatineau, Quebec part",15.80.12,v44401564
2002,0.00,"Ottawa-Gatineau, Quebec part",15.80.12,v44401564
2003,0.00,"Ottawa-Gatineau, Quebec part",15.80.12,v44401564
2004,63.33,"Ottawa-Gatineau, Quebec part",15.80.12,v44401564
2005,36.73,"Ottawa-Gatineau, Quebec part",15.80.12,v44401564
2006,39.87,"Ottawa-Gatineau, Quebec part",15.80.12,v44401564
2007,7.92,"Ottawa-Gatineau, Quebec part",15.80.12,v44401564
2008,32.16,"Ottawa-Gatineau, Quebec part",15.80.12,v44401564
2009,24.68,"Ottawa-Gatineau, Quebec part",15.80.12,v44401564
2010,12.74,"Ottawa-Gatineau, Quebec part",15.80.12,v44401564
2011,8.70,"Ottawa-Gatineau, Quebec part",15.80.12,v44401564
2012,13.45,"Ottawa-Gatineau, Quebec part",15.80.12,v44401564
2013,27.68,"Ottawa-Gatineau, Quebec part",15.80.12,v44401564
2014,9.45,"Ottawa-Gatineau, Quebec part",15.80.12,v44401564
2015,23.97,"Ottawa-Gatineau, Quebec part",15.80.12,v44401564
1998,77.10,"Ontario",16.80.12,v44336461
1999,79.44,"Ontario",16.80.12,v44336461
2000,85.53,"Ontario",16.80.12,v44336461
2001,91.04,"Ontario",16.80.12,v44336461
2002,83.61,"Ontario",16.80.12,v44336461
2003,62.01,"Ontario",16.80.12,v44336461
2004,52.13,"Ontario",16.80.12,v44336461
2005,53.27,"Ontario",16.80.12,v44336461
2006,52.77,"Ontario",16.80.12,v44336461
2007,42.65,"Ontario",16.80.12,v44336461
2008,46.42,"Ontario",16.80.12,v44336461
2009,44.54,"Ontario",16.80.12,v44336461
2010,31.20,"Ontario",16.80.12,v44336461
2011,22.30,"Ontario",16.80.12,v44336461
2012,22.49,"Ontario",16.80.12,v44336461
2013,21.59,"Ontario",16.80.12,v44336461
2014,17.81,"Ontario",16.80.12,v44336461
2015,17.96,"Ontario",16.80.12,v44336461
1998,0.00,"Ottawa-Gatineau, Ontario/Quebec",17.80.12,v52148350
1999,0.00,"Ottawa-Gatineau, Ontario/Quebec",17.80.12,v52148350
2000,0.00,"Ottawa-Gatineau, Ontario/Quebec",17.80.12,v52148350
2001,0.00,"Ottawa-Gatineau, Ontario/Quebec",17.80.12,v52148350
2002,0.00,"Ottawa-Gatineau, Ontario/Quebec",17.80.12,v52148350
2003,0.00,"Ottawa-Gatineau, Ontario/Quebec",17.80.12,v52148350
2004,32.81,"Ottawa-Gatineau, Ontario/Quebec",17.80.12,v52148350
2005,31.42,"Ottawa-Gatineau, Ontario/Quebec",17.80.12,v52148350
2006,52.11,"Ottawa-Gatineau, Ontario/Quebec",17.80.12,v52148350
2007,30.93,"Ottawa-Gatineau, Ontario/Quebec",17.80.12,v52148350
2008,35.00,"Ottawa-Gatineau, Ontario/Quebec",17.80.12,v52148350
2009,36.55,"Ottawa-Gatineau, Ontario/Quebec",17.80.12,v52148350
2010,30.95,"Ottawa-Gatineau, Ontario/Quebec",17.80.12,v52148350
2011,12.98,"Ottawa-Gatineau, Ontario/Quebec",17.80.12,v52148350
2012,29.79,"Ottawa-Gatineau, Ontario/Quebec",17.80.12,v52148350
2013,21.45,"Ottawa-Gatineau, Ontario/Quebec",17.80.12,v52148350
2014,12.64,"Ottawa-Gatineau, Ontario/Quebec",17.80.12,v52148350
2015,20.88,"Ottawa-Gatineau, Ontario/Quebec",17.80.12,v52148350
1998,0.00,"Ottawa-Gatineau, Ontario part",18.80.12,v44345531
1999,0.00,"Ottawa-Gatineau, Ontario part",18.80.12,v44345531
2000,0.00,"Ottawa-Gatineau, Ontario part",18.80.12,v44345531
2001,0.00,"Ottawa-Gatineau, Ontario part",18.80.12,v44345531
2002,0.00,"Ottawa-Gatineau, Ontario part",18.80.12,v44345531
2003,0.00,"Ottawa-Gatineau, Ontario part",18.80.12,v44345531
2004,22.60,"Ottawa-Gatineau, Ontario part",18.80.12,v44345531
2005,29.59,"Ottawa-Gatineau, Ontario part",18.80.12,v44345531
2006,56.45,"Ottawa-Gatineau, Ontario part",18.80.12,v44345531
2007,39.03,"Ottawa-Gatineau, Ontario part",18.80.12,v44345531
2008,35.98,"Ottawa-Gatineau, Ontario part",18.80.12,v44345531
2009,40.58,"Ottawa-Gatineau, Ontario part",18.80.12,v44345531
2010,37.06,"Ottawa-Gatineau, Ontario part",18.80.12,v44345531
2011,14.40,"Ottawa-Gatineau, Ontario part",18.80.12,v44345531
2012,35.12,"Ottawa-Gatineau, Ontario part",18.80.12,v44345531
2013,19.43,"Ottawa-Gatineau, Ontario part",18.80.12,v44345531
2014,13.67,"Ottawa-Gatineau, Ontario part",18.80.12,v44345531
2015,19.89,"Ottawa-Gatineau, Ontario part",18.80.12,v44345531
2000,..,"Kingston, Ontario",27.80.12,v44377030
2001,0.00,"Kingston, Ontario",27.80.12,v44377030
2002,0.00,"Kingston, Ontario",27.80.12,v44377030
2003,0.00,"Kingston, Ontario",27.80.12,v44377030
2004,33.11,"Kingston, Ontario",27.80.12,v44377030
2005,8.34,"Kingston, Ontario",27.80.12,v44377030
2006,50.30,"Kingston, Ontario",27.80.12,v44377030
2007,24.69,"Kingston, Ontario",27.80.12,v44377030
2008,66.09,"Kingston, Ontario",27.80.12,v44377030
2009,51.06,"Kingston, Ontario",27.80.12,v44377030
2010,26.35,"Kingston, Ontario",27.80.12,v44377030
2011,9.08,"Kingston, Ontario",27.80.12,v44377030
2012,9.40,"Kingston, Ontario",27.80.12,v44377030
2013,58.86,"Kingston, Ontario",27.80.12,v44377030
2014,30.28,"Kingston, Ontario",27.80.12,v44377030
2015,10.30,"Kingston, Ontario",27.80.12,v44377030
2005,..,"Peterborough, Ontario",44.80.12,v52122575
2006,93.32,"Peterborough, Ontario",44.80.12,v52122575
2007,52.27,"Peterborough, Ontario",44.80.12,v52122575
2008,128.42,"Peterborough, Ontario",44.80.12,v52122575
2009,22.11,"Peterborough, Ontario",44.80.12,v52122575
2010,68.78,"Peterborough, Ontario",44.80.12,v52122575
2011,23.78,"Peterborough, Ontario",44.80.12,v52122575
2012,37.38,"Peterborough, Ontario",44.80.12,v52122575
2013,39.07,"Peterborough, Ontario",44.80.12,v52122575
2014,27.32,"Peterborough, Ontario",44.80.12,v52122575
2015,113.17,"Peterborough, Ontario",44.80.12,v52122575
1998,0.00,"Toronto, Ontario",19.80.12,v44348902
1999,0.00,"Toronto, Ontario",19.80.12,v44348902
2000,0.00,"Toronto, Ontario",19.80.12,v44348902
2001,0.00,"Toronto, Ontario",19.80.12,v44348902
2002,0.00,"Toronto, Ontario",19.80.12,v44348902
2003,0.00,"Toronto, Ontario",19.80.12,v44348902
2004,45.02,"Toronto, Ontario",19.80.12,v44348902
2005,55.52,"Toronto, Ontario",19.80.12,v44348902
2006,60.47,"Toronto, Ontario",19.80.12,v44348902
2007,45.56,"Toronto, Ontario",19.80.12,v44348902
2008,41.60,"Toronto, Ontario",19.80.12,v44348902
2009,48.90,"Toronto, Ontario",19.80.12,v44348902
2010,29.46,"Toronto, Ontario",19.80.12,v44348902
2011,19.04,"Toronto, Ontario",19.80.12,v44348902
2012,16.21,"Toronto, Ontario",19.80.12,v44348902
2013,19.64,"Toronto, Ontario",19.80.12,v44348902
2014,12.69,"Toronto, Ontario",19.80.12,v44348902
2015,13.34,"Toronto, Ontario",19.80.12,v44348902
1998,0.00,"Hamilton, Ontario",20.80.12,v44410232
1999,0.00,"Hamilton, Ontario",20.80.12,v44410232
2000,0.00,"Hamilton, Ontario",20.80.12,v44410232
2001,0.00,"Hamilton, Ontario",20.80.12,v44410232
2002,0.00,"Hamilton, Ontario",20.80.12,v44410232
2003,0.00,"Hamilton, Ontario",20.80.12,v44410232
2004,22.76,"Hamilton, Ontario",20.80.12,v44410232
2005,19.07,"Hamilton, Ontario",20.80.12,v44410232
2006,21.07,"Hamilton, Ontario",20.80.12,v44410232
2007,15.72,"Hamilton, Ontario",20.80.12,v44410232
2008,7.06,"Hamilton, Ontario",20.80.12,v44410232
2009,14.16,"Hamilton, Ontario",20.80.12,v44410232
2010,14.37,"Hamilton, Ontario",20.80.12,v44410232
2011,5.46,"Hamilton, Ontario",20.80.12,v44410232
2012,12.97,"Hamilton, Ontario",20.80.12,v44410232
2013,13.23,"Hamilton, Ontario",20.80.12,v44410232
2014,5.74,"Hamilton, Ontario",20.80.12,v44410232
2015,7.69,"Hamilton, Ontario",20.80.12,v44410232
1998,0.00,"St.Catharines-Niagara, Ontario",21.80.12,v44391645
1999,0.00,"St.Catharines-Niagara, Ontario",21.80.12,v44391645
2000,0.00,"St.Catharines-Niagara, Ontario",21.80.12,v44391645
2001,0.00,"St.Catharines-Niagara, Ontario",21.80.12,v44391645
2002,0.00,"St.Catharines-Niagara, Ontario",21.80.12,v44391645
2003,0.00,"St.Catharines-Niagara, Ontario",21.80.12,v44391645
2004,45.21,"St.Catharines-Niagara, Ontario",21.80.12,v44391645
2005,47.94,"St.Catharines-Niagara, Ontario",21.80.12,v44391645
2006,22.44,"St.Catharines-Niagara, Ontario",21.80.12,v44391645
2007,31.39,"St.Catharines-Niagara, Ontario",21.80.12,v44391645
2008,37.80,"St.Catharines-Niagara, Ontario",21.80.12,v44391645
2009,23.78,"St.Catharines-Niagara, Ontario",21.80.12,v44391645
2010,18.32,"St.Catharines-Niagara, Ontario",21.80.12,v44391645
2011,24.72,"St.Catharines-Niagara, Ontario",21.80.12,v44391645
2012,9.55,"St.Catharines-Niagara, Ontario",21.80.12,v44391645
2013,6.57,"St.Catharines-Niagara, Ontario",21.80.12,v44391645
2014,6.79,"St.Catharines-Niagara, Ontario",21.80.12,v44391645
2015,10.38,"St.Catharines-Niagara, Ontario",21.80.12,v44391645
1998,0.00,"Kitchener-Cambridge-Waterloo, Ontario",22.80.12,v44354898
1999,0.00,"Kitchener-Cambridge-Waterloo, Ontario",22.80.12,v44354898
2000,0.00,"Kitchener-Cambridge-Waterloo, Ontario",22.80.12,v44354898
2001,0.00,"Kitchener-Cambridge-Waterloo, Ontario",22.80.12,v44354898
2002,0.00,"Kitchener-Cambridge-Waterloo, Ontario",22.80.12,v44354898
2003,0.00,"Kitchener-Cambridge-Waterloo, Ontario",22.80.12,v44354898
2004,66.19,"Kitchener-Cambridge-Waterloo, Ontario",22.80.12,v44354898
2005,71.17,"Kitchener-Cambridge-Waterloo, Ontario",22.80.12,v44354898
2006,38.84,"Kitchener-Cambridge-Waterloo, Ontario",22.80.12,v44354898
2007,41.21,"Kitchener-Cambridge-Waterloo, Ontario",22.80.12,v44354898
2008,75.26,"Kitchener-Cambridge-Waterloo, Ontario",22.80.12,v44354898
2009,36.88,"Kitchener-Cambridge-Waterloo, Ontario",22.80.12,v44354898
2010,34.75,"Kitchener-Cambridge-Waterloo, Ontario",22.80.12,v44354898
2011,22.30,"Kitchener-Cambridge-Waterloo, Ontario",22.80.12,v44354898
2012,15.02,"Kitchener-Cambridge-Waterloo, Ontario",22.80.12,v44354898
2013,20.50,"Kitchener-Cambridge-Waterloo, Ontario",22.80.12,v44354898
2014,33.90,"Kitchener-Cambridge-Waterloo, Ontario",22.80.12,v44354898
2015,29.00,"Kitchener-Cambridge-Waterloo, Ontario",22.80.12,v44354898
2005,..,"Brantford, Ontario",45.80.12,v52119210
2006,68.78,"Brantford, Ontario",45.80.12,v52119210
2007,76.71,"Brantford, Ontario",45.80.12,v52119210
2008,42.96,"Brantford, Ontario",45.80.12,v52119210
2009,77.59,"Brantford, Ontario",45.80.12,v52119210
2010,17.77,"Brantford, Ontario",45.80.12,v52119210
2011,35.90,"Brantford, Ontario",45.80.12,v52119210
2012,18.23,"Brantford, Ontario",45.80.12,v52119210
2013,37.22,"Brantford, Ontario",45.80.12,v52119210
2014,66.17,"Brantford, Ontario",45.80.12,v52119210
2015,57.29,"Brantford, Ontario",45.80.12,v52119210
2005,..,"Guelph, Ontario",46.80.12,v52119623
2006,110.04,"Guelph, Ontario",46.80.12,v52119623
2007,54.22,"Guelph, Ontario",46.80.12,v52119623
2008,86.66,"Guelph, Ontario",46.80.12,v52119623
2009,98.07,"Guelph, Ontario",46.80.12,v52119623
2010,32.99,"Guelph, Ontario",46.80.12,v52119623
2011,0.00,"Guelph, Ontario",46.80.12,v52119623
2012,33.32,"Guelph, Ontario",46.80.12,v52119623
2013,22.64,"Guelph, Ontario",46.80.12,v52119623
2014,11.53,"Guelph, Ontario",46.80.12,v52119623
2015,46.76,"Guelph, Ontario",46.80.12,v52119623
1998,0.00,"London, Ontario",23.80.12,v44400628
1999,0.00,"London, Ontario",23.80.12,v44400628
2000,0.00,"London, Ontario",23.80.12,v44400628
2001,0.00,"London, Ontario",23.80.12,v44400628
2002,0.00,"London, Ontario",23.80.12,v44400628
2003,0.00,"London, Ontario",23.80.12,v44400628
2004,48.76,"London, Ontario",23.80.12,v44400628
2005,48.56,"London, Ontario",23.80.12,v44400628
2006,25.34,"London, Ontario",23.80.12,v44400628
2007,25.33,"London, Ontario",23.80.12,v44400628
2008,28.25,"London, Ontario",23.80.12,v44400628
2009,47.14,"London, Ontario",23.80.12,v44400628
2010,29.38,"London, Ontario",23.80.12,v44400628
2011,5.46,"London, Ontario",23.80.12,v44400628
2012,22.43,"London, Ontario",23.80.12,v44400628
2013,14.50,"London, Ontario",23.80.12,v44400628
2014,2.96,"London, Ontario",23.80.12,v44400628
2015,15.09,"London, Ontario",23.80.12,v44400628
1998,0.00,"Windsor, Ontario",24.80.12,v44413483
1999,0.00,"Windsor, Ontario",24.80.12,v44413483
2000,0.00,"Windsor, Ontario",24.80.12,v44413483
2001,0.00,"Windsor, Ontario",24.80.12,v44413483
2002,0.00,"Windsor, Ontario",24.80.12,v44413483
2003,0.00,"Windsor, Ontario",24.80.12,v44413483
2004,37.40,"Windsor, Ontario",24.80.12,v44413483
2005,36.95,"Windsor, Ontario",24.80.12,v44413483
2006,22.20,"Windsor, Ontario",24.80.12,v44413483
2007,11.18,"Windsor, Ontario",24.80.12,v44413483
2008,33.95,"Windsor, Ontario",24.80.12,v44413483
2009,15.28,"Windsor, Ontario",24.80.12,v44413483
2010,0.00,"Windsor, Ontario",24.80.12,v44413483
2011,11.56,"Windsor, Ontario",24.80.12,v44413483
2012,3.90,"Windsor, Ontario",24.80.12,v44413483
2013,8.00,"Windsor, Ontario",24.80.12,v44413483
2014,4.09,"Windsor, Ontario",24.80.12,v44413483
2015,24.83,"Windsor, Ontario",24.80.12,v44413483
2005,..,"Barrie, Ontario",47.80.12,v52145054
2006,11.29,"Barrie, Ontario",47.80.12,v52145054
2007,67.45,"Barrie, Ontario",47.80.12,v52145054
2008,106.31,"Barrie, Ontario",47.80.12,v52145054
2009,33.50,"Barrie, Ontario",47.80.12,v52145054
2010,22.52,"Barrie, Ontario",47.80.12,v52145054
2011,51.50,"Barrie, Ontario",47.80.12,v52145054
2012,23.40,"Barrie, Ontario",47.80.12,v52145054
2013,24.04,"Barrie, Ontario",47.80.12,v52145054
2014,12.32,"Barrie, Ontario",47.80.12,v52145054
2015,12.55,"Barrie, Ontario",47.80.12,v52145054
1998,0.00,"Sudbury, Ontario",25.80.12,v44402101
1999,0.00,"Sudbury, Ontario",25.80.12,v44402101
2000,0.00,"Sudbury, Ontario",25.80.12,v44402101
2001,0.00,"Sudbury, Ontario",25.80.12,v44402101
2002,0.00,"Sudbury, Ontario",25.80.12,v44402101
2003,0.00,"Sudbury, Ontario",25.80.12,v44402101
2004,84.43,"Sudbury, Ontario",25.80.12,v44402101
2005,76.62,"Sudbury, Ontario",25.80.12,v44402101
2006,38.14,"Sudbury, Ontario",25.80.12,v44402101
2007,15.36,"Sudbury, Ontario",25.80.12,v44402101
2008,62.06,"Sudbury, Ontario",25.80.12,v44402101
2009,47.48,"Sudbury, Ontario",25.80.12,v44402101
2010,49.06,"Sudbury, Ontario",25.80.12,v44402101
2011,75.71,"Sudbury, Ontario",25.80.12,v44402101
2012,34.81,"Sudbury, Ontario",25.80.12,v44402101
2013,18.02,"Sudbury, Ontario",25.80.12,v44402101
2014,65.75,"Sudbury, Ontario",25.80.12,v44402101
2015,38.82,"Sudbury, Ontario",25.80.12,v44402101
1998,0.00,"Thunder Bay, Ontario",26.80.12,v44401817
1999,0.00,"Thunder Bay, Ontario",26.80.12,v44401817
2000,0.00,"Thunder Bay, Ontario",26.80.12,v44401817
2001,0.00,"Thunder Bay, Ontario",26.80.12,v44401817
2002,0.00,"Thunder Bay, Ontario",26.80.12,v44401817
2003,0.00,"Thunder Bay, Ontario",26.80.12,v44401817
2004,49.25,"Thunder Bay, Ontario",26.80.12,v44401817
2005,78.55,"Thunder Bay, Ontario",26.80.12,v44401817
2006,59.54,"Thunder Bay, Ontario",26.80.12,v44401817
2007,101.16,"Thunder Bay, Ontario",26.80.12,v44401817
2008,43.96,"Thunder Bay, Ontario",26.80.12,v44401817
2009,44.91,"Thunder Bay, Ontario",26.80.12,v44401817
2010,58.98,"Thunder Bay, Ontario",26.80.12,v44401817
2011,23.98,"Thunder Bay, Ontario",26.80.12,v44401817
2012,0.00,"Thunder Bay, Ontario",26.80.12,v44401817
2013,12.74,"Thunder Bay, Ontario",26.80.12,v44401817
2014,39.60,"Thunder Bay, Ontario",26.80.12,v44401817
2015,0.00,"Thunder Bay, Ontario",26.80.12,v44401817
1998,121.79,"Manitoba",28.80.12,v44406211
1999,149.05,"Manitoba",28.80.12,v44406211
2000,87.98,"Manitoba",28.80.12,v44406211
2001,148.78,"Manitoba",28.80.12,v44406211
2002,70.56,"Manitoba",28.80.12,v44406211
2003,54.04,"Manitoba",28.80.12,v44406211
2004,57.21,"Manitoba",28.80.12,v44406211
2005,54.16,"Manitoba",28.80.12,v44406211
2006,67.14,"Manitoba",28.80.12,v44406211
2007,60.58,"Manitoba",28.80.12,v44406211
2008,55.34,"Manitoba",28.80.12,v44406211
2009,49.97,"Manitoba",28.80.12,v44406211
2010,45.39,"Manitoba",28.80.12,v44406211
2011,29.67,"Manitoba",28.80.12,v44406211
2012,44.72,"Manitoba",28.80.12,v44406211
2013,22.16,"Manitoba",28.80.12,v44406211
2014,9.15,"Manitoba",28.80.12,v44406211
2015,16.36,"Manitoba",28.80.12,v44406211
1998,0.00,"Winnipeg, Manitoba",29.80.12,v44345999
1999,0.00,"Winnipeg, Manitoba",29.80.12,v44345999
2000,0.00,"Winnipeg, Manitoba",29.80.12,v44345999
2001,0.00,"Winnipeg, Manitoba",29.80.12,v44345999
2002,0.00,"Winnipeg, Manitoba",29.80.12,v44345999
2003,0.00,"Winnipeg, Manitoba",29.80.12,v44345999
2004,66.86,"Winnipeg, Manitoba",29.80.12,v44345999
2005,79.42,"Winnipeg, Manitoba",29.80.12,v44345999
2006,64.01,"Winnipeg, Manitoba",29.80.12,v44345999
2007,60.85,"Winnipeg, Manitoba",29.80.12,v44345999
2008,61.42,"Winnipeg, Manitoba",29.80.12,v44345999
2009,60.11,"Winnipeg, Manitoba",29.80.12,v44345999
2010,50.47,"Winnipeg, Manitoba",29.80.12,v44345999
2011,30.22,"Winnipeg, Manitoba",29.80.12,v44345999
2012,48.64,"Winnipeg, Manitoba",29.80.12,v44345999
2013,25.55,"Winnipeg, Manitoba",29.80.12,v44345999
2014,8.88,"Winnipeg, Manitoba",29.80.12,v44345999
2015,8.85,"Winnipeg, Manitoba",29.80.12,v44345999
1998,135.90,"Saskatchewan",30.80.12,v44328860
1999,107.39,"Saskatchewan",30.80.12,v44328860
2000,129.37,"Saskatchewan",30.80.12,v44328860
2001,117.08,"Saskatchewan",30.80.12,v44328860
2002,98.74,"Saskatchewan",30.80.12,v44328860
2003,91.91,"Saskatchewan",30.80.12,v44328860
2004,88.61,"Saskatchewan",30.80.12,v44328860
2005,79.94,"Saskatchewan",30.80.12,v44328860
2006,79.91,"Saskatchewan",30.80.12,v44328860
2007,74.37,"Saskatchewan",30.80.12,v44328860
2008,53.96,"Saskatchewan",30.80.12,v44328860
2009,43.06,"Saskatchewan",30.80.12,v44328860
2010,42.34,"Saskatchewan",30.80.12,v44328860
2011,46.48,"Saskatchewan",30.80.12,v44328860
2012,35.88,"Saskatchewan",30.80.12,v44328860
2013,35.08,"Saskatchewan",30.80.12,v44328860
2014,27.93,"Saskatchewan",30.80.12,v44328860
2015,39.02,"Saskatchewan",30.80.12,v44328860
1998,0.00,"Regina, Saskatchewan",31.80.12,v44348317
1999,0.00,"Regina, Saskatchewan",31.80.12,v44348317
2000,0.00,"Regina, Saskatchewan",31.80.12,v44348317
2001,0.00,"Regina, Saskatchewan",31.80.12,v44348317
2002,0.00,"Regina, Saskatchewan",31.80.12,v44348317
2003,0.00,"Regina, Saskatchewan",31.80.12,v44348317
2004,123.36,"Regina, Saskatchewan",31.80.12,v44348317
2005,137.75,"Regina, Saskatchewan",31.80.12,v44348317
2006,104.60,"Regina, Saskatchewan",31.80.12,v44348317
2007,123.91,"Regina, Saskatchewan",31.80.12,v44348317
2008,90.54,"Regina, Saskatchewan",31.80.12,v44348317
2009,42.87,"Regina, Saskatchewan",31.80.12,v44348317
2010,31.03,"Regina, Saskatchewan",31.80.12,v44348317
2011,37.83,"Regina, Saskatchewan",31.80.12,v44348317
2012,31.50,"Regina, Saskatchewan",31.80.12,v44348317
2013,31.74,"Regina, Saskatchewan",31.80.12,v44348317
2014,31.59,"Regina, Saskatchewan",31.80.12,v44348317
2015,37.76,"Regina, Saskatchewan",31.80.12,v44348317
1998,0.00,"Saskatoon, Saskatchewan",32.80.12,v44393641
1999,0.00,"Saskatoon, Saskatchewan",32.80.12,v44393641
2000,0.00,"Saskatoon, Saskatchewan",32.80.12,v44393641
2001,0.00,"Saskatoon, Saskatchewan",32.80.12,v44393641
2002,0.00,"Saskatoon, Saskatchewan",32.80.12,v44393641
2003,0.00,"Saskatoon, Saskatchewan",32.80.12,v44393641
2004,109.80,"Saskatoon, Saskatchewan",32.80.12,v44393641
2005,79.10,"Saskatoon, Saskatchewan",32.80.12,v44393641
2006,94.47,"Saskatoon, Saskatchewan",32.80.12,v44393641
2007,56.41,"Saskatoon, Saskatchewan",32.80.12,v44393641
2008,71.56,"Saskatoon, Saskatchewan",32.80.12,v44393641
2009,58.05,"Saskatoon, Saskatchewan",32.80.12,v44393641
2010,44.27,"Saskatoon, Saskatchewan",32.80.12,v44393641
2011,44.81,"Saskatoon, Saskatchewan",32.80.12,v44393641
2012,69.08,"Saskatoon, Saskatchewan",32.80.12,v44393641
2013,49.48,"Saskatoon, Saskatchewan",32.80.12,v44393641
2014,59.08,"Saskatoon, Saskatchewan",32.80.12,v44393641
2015,29.53,"Saskatoon, Saskatchewan",32.80.12,v44393641
1998,142.76,"Alberta",33.80.12,v44360508
1999,156.29,"Alberta",33.80.12,v44360508
2000,151.57,"Alberta",33.80.12,v44360508
2001,117.14,"Alberta",33.80.12,v44360508
2002,115.61,"Alberta",33.80.12,v44360508
2003,85.86,"Alberta",33.80.12,v44360508
2004,82.91,"Alberta",33.80.12,v44360508
2005,63.79,"Alberta",33.80.12,v44360508
2006,51.55,"Alberta",33.80.12,v44360508
2007,69.35,"Alberta",33.80.12,v44360508
2008,73.27,"Alberta",33.80.12,v44360508
2009,57.79,"Alberta",33.80.12,v44360508
2010,37.64,"Alberta",33.80.12,v44360508
2011,36.63,"Alberta",33.80.12,v44360508
2012,31.38,"Alberta",33.80.12,v44360508
2013,26.08,"Alberta",33.80.12,v44360508
2014,25.44,"Alberta",33.80.12,v44360508
2015,24.62,"Alberta",33.80.12,v44360508
1998,0.00,"Calgary, Alberta",34.80.12,v44417455
1999,0.00,"Calgary, Alberta",34.80.12,v44417455
2000,0.00,"Calgary, Alberta",34.80.12,v44417455
2001,0.00,"Calgary, Alberta",34.80.12,v44417455
2002,0.00,"Calgary, Alberta",34.80.12,v44417455
2003,0.00,"Calgary, Alberta",34.80.12,v44417455
2004,52.05,"Calgary, Alberta",34.80.12,v44417455
2005,66.64,"Calgary, Alberta",34.80.12,v44417455
2006,63.52,"Calgary, Alberta",34.80.12,v44417455
2007,69.05,"Calgary, Alberta",34.80.12,v44417455
2008,37.43,"Calgary, Alberta",34.80.12,v44417455
2009,63.20,"Calgary, Alberta",34.80.12,v44417455
2010,21.34,"Calgary, Alberta",34.80.12,v44417455
2011,24.59,"Calgary, Alberta",34.80.12,v44417455
2012,15.54,"Calgary, Alberta",34.80.12,v44417455
2013,12.03,"Calgary, Alberta",34.80.12,v44417455
2014,10.91,"Calgary, Alberta",34.80.12,v44417455
2015,11.87,"Calgary, Alberta",34.80.12,v44417455
1998,0.00,"Edmonton, Alberta",35.80.12,v44412016
1999,0.00,"Edmonton, Alberta",35.80.12,v44412016
2000,0.00,"Edmonton, Alberta",35.80.12,v44412016
2001,0.00,"Edmonton, Alberta",35.80.12,v44412016
2002,0.00,"Edmonton, Alberta",35.80.12,v44412016
2003,0.00,"Edmonton, Alberta",35.80.12,v44412016
2004,127.31,"Edmonton, Alberta",35.80.12,v44412016
2005,77.21,"Edmonton, Alberta",35.80.12,v44412016
2006,45.58,"Edmonton, Alberta",35.80.12,v44412016
2007,80.74,"Edmonton, Alberta",35.80.12,v44412016
2008,93.76,"Edmonton, Alberta",35.80.12,v44412016
2009,75.45,"Edmonton, Alberta",35.80.12,v44412016
2010,73.90,"Edmonton, Alberta",35.80.12,v44412016
2011,43.25,"Edmonton, Alberta",35.80.12,v44412016
2012,45.92,"Edmonton, Alberta",35.80.12,v44412016
2013,42.49,"Edmonton, Alberta",35.80.12,v44412016
2014,49.64,"Edmonton, Alberta",35.80.12,v44412016
2015,41.07,"Edmonton, Alberta",35.80.12,v44412016
1998,72.71,"British Columbia",36.80.12,v44417909
1999,60.38,"British Columbia",36.80.12,v44417909
2000,57.03,"British Columbia",36.80.12,v44417909
2001,38.07,"British Columbia",36.80.12,v44417909
2002,31.75,"British Columbia",36.80.12,v44417909
2003,28.11,"British Columbia",36.80.12,v44417909
2004,19.09,"British Columbia",36.80.12,v44417909
2005,17.12,"British Columbia",36.80.12,v44417909
2006,15.25,"British Columbia",36.80.12,v44417909
2007,19.74,"British Columbia",36.80.12,v44417909
2008,24.91,"British Columbia",36.80.12,v44417909
2009,27.82,"British Columbia",36.80.12,v44417909
2010,18.55,"British Columbia",36.80.12,v44417909
2011,11.42,"British Columbia",36.80.12,v44417909
2012,11.29,"British Columbia",36.80.12,v44417909
2013,10.23,"British Columbia",36.80.12,v44417909
2014,8.74,"British Columbia",36.80.12,v44417909
2015,7.46,"British Columbia",36.80.12,v44417909
2005,..,"Kelowna, British Columbia",48.80.12,v52146431
2006,7.82,"Kelowna, British Columbia",48.80.12,v52146431
2007,7.81,"Kelowna, British Columbia",48.80.12,v52146431
2008,23.42,"Kelowna, British Columbia",48.80.12,v52146431
2009,15.73,"Kelowna, British Columbia",48.80.12,v52146431
2010,23.75,"Kelowna, British Columbia",48.80.12,v52146431
2011,15.92,"Kelowna, British Columbia",48.80.12,v52146431
2012,0.00,"Kelowna, British Columbia",48.80.12,v52146431
2013,16.78,"Kelowna, British Columbia",48.80.12,v52146431
2014,17.09,"Kelowna, British Columbia",48.80.12,v52146431
2015,16.87,"Kelowna, British Columbia",48.80.12,v52146431
2000,..,"Abbotsford-Mission, British Columbia",39.80.12,v44359034
2001,0.00,"Abbotsford-Mission, British Columbia",39.80.12,v44359034
2002,0.00,"Abbotsford-Mission, British Columbia",39.80.12,v44359034
2003,0.00,"Abbotsford-Mission, British Columbia",39.80.12,v44359034
2004,0.00,"Abbotsford-Mission, British Columbia",39.80.12,v44359034
2005,0.00,"Abbotsford-Mission, British Columbia",39.80.12,v44359034
2006,6.90,"Abbotsford-Mission, British Columbia",39.80.12,v44359034
2007,6.89,"Abbotsford-Mission, British Columbia",39.80.12,v44359034
2008,6.90,"Abbotsford-Mission, British Columbia",39.80.12,v44359034
2009,6.88,"Abbotsford-Mission, British Columbia",39.80.12,v44359034
2010,6.94,"Abbotsford-Mission, British Columbia",39.80.12,v44359034
2011,0.00,"Abbotsford-Mission, British Columbia",39.80.12,v44359034
2012,0.00,"Abbotsford-Mission, British Columbia",39.80.12,v44359034
2013,0.00,"Abbotsford-Mission, British Columbia",39.80.12,v44359034
2014,0.00,"Abbotsford-Mission, British Columbia",39.80.12,v44359034
2015,0.00,"Abbotsford-Mission, British Columbia",39.80.12,v44359034
1998,0.00,"Vancouver, British Columbia",37.80.12,v44340984
1999,0.00,"Vancouver, British Columbia",37.80.12,v44340984
2000,0.00,"Vancouver, British Columbia",37.80.12,v44340984
2001,0.00,"Vancouver, British Columbia",37.80.12,v44340984
2002,0.00,"Vancouver, British Columbia",37.80.12,v44340984
2003,0.00,"Vancouver, British Columbia",37.80.12,v44340984
2004,11.91,"Vancouver, British Columbia",37.80.12,v44340984
2005,8.03,"Vancouver, British Columbia",37.80.12,v44340984
2006,13.57,"Vancouver, British Columbia",37.80.12,v44340984
2007,15.46,"Vancouver, British Columbia",37.80.12,v44340984
2008,20.98,"Vancouver, British Columbia",37.80.12,v44340984
2009,23.86,"Vancouver, British Columbia",37.80.12,v44340984
2010,18.21,"Vancouver, British Columbia",37.80.12,v44340984
2011,8.49,"Vancouver, British Columbia",37.80.12,v44340984
2012,10.40,"Vancouver, British Columbia",37.80.12,v44340984
2013,8.09,"Vancouver, British Columbia",37.80.12,v44340984
2014,4.43,"Vancouver, British Columbia",37.80.12,v44340984
2015,5.09,"Vancouver, British Columbia",37.80.12,v44340984
1998,0.00,"Victoria, British Columbia",38.80.12,v44370939
1999,0.00,"Victoria, British Columbia",38.80.12,v44370939
2000,0.00,"Victoria, British Columbia",38.80.12,v44370939
2001,0.00,"Victoria, British Columbia",38.80.12,v44370939
2002,0.00,"Victoria, British Columbia",38.80.12,v44370939
2003,0.00,"Victoria, British Columbia",38.80.12,v44370939
2004,69.98,"Victoria, British Columbia",38.80.12,v44370939
2005,56.55,"Victoria, British Columbia",38.80.12,v44370939
2006,39.16,"Victoria, British Columbia",38.80.12,v44370939
2007,44.70,"Victoria, British Columbia",38.80.12,v44370939
2008,36.50,"Victoria, British Columbia",38.80.12,v44370939
2009,64.62,"Victoria, British Columbia",38.80.12,v44370939
2010,42.16,"Victoria, British Columbia",38.80.12,v44370939
2011,18.96,"Victoria, British Columbia",38.80.12,v44370939
2012,29.24,"Victoria, British Columbia",38.80.12,v44370939
2013,10.01,"Victoria, British Columbia",38.80.12,v44370939
2014,10.22,"Victoria, British Columbia",38.80.12,v44370939
2015,15.48,"Victoria, British Columbia",38.80.12,v44370939
1998,201.55,"Yukon",40.80.12,v44417394
1999,133.82,"Yukon",40.80.12,v44417394
2000,406.50,"Yukon",40.80.12,v44417394
2001,0.00,"Yukon",40.80.12,v44417394
2002,71.10,"Yukon",40.80.12,v44417394
2003,105.49,"Yukon",40.80.12,v44417394
2004,0.00,"Yukon",40.80.12,v44417394
2005,0.00,"Yukon",40.80.12,v44417394
2006,35.78,"Yukon",40.80.12,v44417394
2007,0.00,"Yukon",40.80.12,v44417394
2008,111.15,"Yukon",40.80.12,v44417394
2009,76.66,"Yukon",40.80.12,v44417394
2010,38.87,"Yukon",40.80.12,v44417394
2011,0.00,"Yukon",40.80.12,v44417394
2012,39.59,"Yukon",40.80.12,v44417394
2013,40.36,"Yukon",40.80.12,v44417394
2014,0.00,"Yukon",40.80.12,v44417394
2015,0.00,"Yukon",40.80.12,v44417394
1998,113.25,"Northwest Territories",41.80.12,v44353390
1999,49.83,"Northwest Territories",41.80.12,v44353390
2000,0.00,"Northwest Territories",41.80.12,v44353390
2001,98.89,"Northwest Territories",41.80.12,v44353390
2002,48.33,"Northwest Territories",41.80.12,v44353390
2003,69.36,"Northwest Territories",41.80.12,v44353390
2004,112.26,"Northwest Territories",41.80.12,v44353390
2005,66.76,"Northwest Territories",41.80.12,v44353390
2006,22.64,"Northwest Territories",41.80.12,v44353390
2007,22.89,"Northwest Territories",41.80.12,v44353390
2008,0.00,"Northwest Territories",41.80.12,v44353390
2009,72.15,"Northwest Territories",41.80.12,v44353390
2010,0.00,"Northwest Territories",41.80.12,v44353390
2011,77.92,"Northwest Territories",41.80.12,v44353390
2012,27.71,"Northwest Territories",41.80.12,v44353390
2013,29.12,"Northwest Territories",41.80.12,v44353390
2014,0.00,"Northwest Territories",41.80.12,v44353390
2015,66.36,"Northwest Territories",41.80.12,v44353390
1998,..,"Nunavut",42.80.12,v44334573
1999,31.24,"Nunavut",42.80.12,v44334573
2000,58.93,"Nunavut",42.80.12,v44334573
2001,28.01,"Nunavut",42.80.12,v44334573
2002,26.86,"Nunavut",42.80.12,v44334573
2003,51.99,"Nunavut",42.80.12,v44334573
2004,0.00,"Nunavut",42.80.12,v44334573
2005,0.00,"Nunavut",42.80.12,v44334573
2006,49.70,"Nunavut",42.80.12,v44334573
2007,24.62,"Nunavut",42.80.12,v44334573
2008,49.22,"Nunavut",42.80.12,v44334573
2009,149.66,"Nunavut",42.80.12,v44334573
2010,0.00,"Nunavut",42.80.12,v44334573
2011,25.61,"Nunavut",42.80.12,v44334573
2012,0.00,"Nunavut",42.80.12,v44334573
2013,26.21,"Nunavut",42.80.12,v44334573
2014,53.52,"Nunavut",42.80.12,v44334573
2015,26.32,"Nunavut",42.80.12,v44334573
