1998,107.90,"Canada",1.80.8,v44371049
1999,102.83,"Canada",1.80.8,v44371049
2000,94.97,"Canada",1.80.8,v44371049
2001,91.46,"Canada",1.80.8,v44371049
2002,84.00,"Canada",1.80.8,v44371049
2003,82.76,"Canada",1.80.8,v44371049
2004,82.00,"Canada",1.80.8,v44371049
2005,81.45,"Canada",1.80.8,v44371049
2006,79.99,"Canada",1.80.8,v44371049
2007,73.63,"Canada",1.80.8,v44371049
2008,74.25,"Canada",1.80.8,v44371049
2009,71.06,"Canada",1.80.8,v44371049
2010,62.28,"Canada",1.80.8,v44371049
2011,56.91,"Canada",1.80.8,v44371049
2012,54.67,"Canada",1.80.8,v44371049
2013,52.21,"Canada",1.80.8,v44371049
2014,50.58,"Canada",1.80.8,v44371049
2015,49.99,"Canada",1.80.8,v44371049
1998,131.26,"Newfoundland and Labrador",2.80.8,v44403584
1999,97.34,"Newfoundland and Labrador",2.80.8,v44403584
2000,80.93,"Newfoundland and Labrador",2.80.8,v44403584
2001,79.77,"Newfoundland and Labrador",2.80.8,v44403584
2002,67.68,"Newfoundland and Labrador",2.80.8,v44403584
2003,78.77,"Newfoundland and Labrador",2.80.8,v44403584
2004,76.30,"Newfoundland and Labrador",2.80.8,v44403584
2005,80.78,"Newfoundland and Labrador",2.80.8,v44403584
2006,62.35,"Newfoundland and Labrador",2.80.8,v44403584
2007,68.71,"Newfoundland and Labrador",2.80.8,v44403584
2008,63.93,"Newfoundland and Labrador",2.80.8,v44403584
2009,61.32,"Newfoundland and Labrador",2.80.8,v44403584
2010,56.77,"Newfoundland and Labrador",2.80.8,v44403584
2011,62.65,"Newfoundland and Labrador",2.80.8,v44403584
2012,50.59,"Newfoundland and Labrador",2.80.8,v44403584
2013,57.94,"Newfoundland and Labrador",2.80.8,v44403584
2014,70.18,"Newfoundland and Labrador",2.80.8,v44403584
2015,50.66,"Newfoundland and Labrador",2.80.8,v44403584
1998,0.00,"St. John's, Newfoundland and Labrador",3.80.8,v44325881
1999,0.00,"St. John's, Newfoundland and Labrador",3.80.8,v44325881
2000,0.00,"St. John's, Newfoundland and Labrador",3.80.8,v44325881
2001,0.00,"St. John's, Newfoundland and Labrador",3.80.8,v44325881
2002,0.00,"St. John's, Newfoundland and Labrador",3.80.8,v44325881
2003,0.00,"St. John's, Newfoundland and Labrador",3.80.8,v44325881
2004,148.23,"St. John's, Newfoundland and Labrador",3.80.8,v44325881
2005,160.62,"St. John's, Newfoundland and Labrador",3.80.8,v44325881
2006,120.09,"St. John's, Newfoundland and Labrador",3.80.8,v44325881
2007,121.85,"St. John's, Newfoundland and Labrador",3.80.8,v44325881
2008,117.09,"St. John's, Newfoundland and Labrador",3.80.8,v44325881
2009,109.14,"St. John's, Newfoundland and Labrador",3.80.8,v44325881
2010,97.80,"St. John's, Newfoundland and Labrador",3.80.8,v44325881
2011,112.08,"St. John's, Newfoundland and Labrador",3.80.8,v44325881
2012,84.91,"St. John's, Newfoundland and Labrador",3.80.8,v44325881
2013,106.62,"St. John's, Newfoundland and Labrador",3.80.8,v44325881
2014,111.76,"St. John's, Newfoundland and Labrador",3.80.8,v44325881
2015,89.72,"St. John's, Newfoundland and Labrador",3.80.8,v44325881
1998,87.02,"Prince Edward Island",4.80.8,v44384248
1999,93.32,"Prince Edward Island",4.80.8,v44384248
2000,88.50,"Prince Edward Island",4.80.8,v44384248
2001,50.87,"Prince Edward Island",4.80.8,v44384248
2002,82.19,"Prince Edward Island",4.80.8,v44384248
2003,70.53,"Prince Edward Island",4.80.8,v44384248
2004,69.96,"Prince Edward Island",4.80.8,v44384248
2005,64.47,"Prince Edward Island",4.80.8,v44384248
2006,114.44,"Prince Edward Island",4.80.8,v44384248
2007,58.42,"Prince Edward Island",4.80.8,v44384248
2008,77.70,"Prince Edward Island",4.80.8,v44384248
2009,63.04,"Prince Edward Island",4.80.8,v44384248
2010,78.31,"Prince Edward Island",4.80.8,v44384248
2011,72.98,"Prince Edward Island",4.80.8,v44384248
2012,61.30,"Prince Edward Island",4.80.8,v44384248
2013,76.20,"Prince Edward Island",4.80.8,v44384248
2014,79.85,"Prince Edward Island",4.80.8,v44384248
2015,52.40,"Prince Edward Island",4.80.8,v44384248
1998,126.34,"Nova Scotia",5.80.8,v44406502
1999,96.63,"Nova Scotia",5.80.8,v44406502
2000,81.06,"Nova Scotia",5.80.8,v44406502
2001,85.33,"Nova Scotia",5.80.8,v44406502
2002,67.61,"Nova Scotia",5.80.8,v44406502
2003,71.28,"Nova Scotia",5.80.8,v44406502
2004,59.15,"Nova Scotia",5.80.8,v44406502
2005,64.36,"Nova Scotia",5.80.8,v44406502
2006,74.46,"Nova Scotia",5.80.8,v44406502
2007,72.72,"Nova Scotia",5.80.8,v44406502
2008,67.57,"Nova Scotia",5.80.8,v44406502
2009,69.96,"Nova Scotia",5.80.8,v44406502
2010,52.31,"Nova Scotia",5.80.8,v44406502
2011,51.38,"Nova Scotia",5.80.8,v44406502
2012,44.24,"Nova Scotia",5.80.8,v44406502
2013,43.81,"Nova Scotia",5.80.8,v44406502
2014,40.00,"Nova Scotia",5.80.8,v44406502
2015,38.66,"Nova Scotia",5.80.8,v44406502
1998,0.00,"Halifax, Nova Scotia",6.80.8,v44392594
1999,0.00,"Halifax, Nova Scotia",6.80.8,v44392594
2000,0.00,"Halifax, Nova Scotia",6.80.8,v44392594
2001,0.00,"Halifax, Nova Scotia",6.80.8,v44392594
2002,0.00,"Halifax, Nova Scotia",6.80.8,v44392594
2003,0.00,"Halifax, Nova Scotia",6.80.8,v44392594
2004,69.35,"Halifax, Nova Scotia",6.80.8,v44392594
2005,61.93,"Halifax, Nova Scotia",6.80.8,v44392594
2006,67.89,"Halifax, Nova Scotia",6.80.8,v44392594
2007,90.76,"Halifax, Nova Scotia",6.80.8,v44392594
2008,75.52,"Halifax, Nova Scotia",6.80.8,v44392594
2009,76.45,"Halifax, Nova Scotia",6.80.8,v44392594
2010,48.42,"Halifax, Nova Scotia",6.80.8,v44392594
2011,62.19,"Halifax, Nova Scotia",6.80.8,v44392594
2012,50.86,"Halifax, Nova Scotia",6.80.8,v44392594
2013,52.35,"Halifax, Nova Scotia",6.80.8,v44392594
2014,54.06,"Halifax, Nova Scotia",6.80.8,v44392594
2015,43.23,"Halifax, Nova Scotia",6.80.8,v44392594
1998,141.11,"New Brunswick",7.80.8,v44332476
1999,147.64,"New Brunswick",7.80.8,v44332476
2000,127.18,"New Brunswick",7.80.8,v44332476
2001,109.06,"New Brunswick",7.80.8,v44332476
2002,79.93,"New Brunswick",7.80.8,v44332476
2003,85.31,"New Brunswick",7.80.8,v44332476
2004,84.13,"New Brunswick",7.80.8,v44332476
2005,80.81,"New Brunswick",7.80.8,v44332476
2006,76.08,"New Brunswick",7.80.8,v44332476
2007,71.54,"New Brunswick",7.80.8,v44332476
2008,79.37,"New Brunswick",7.80.8,v44332476
2009,67.02,"New Brunswick",7.80.8,v44332476
2010,61.85,"New Brunswick",7.80.8,v44332476
2011,45.85,"New Brunswick",7.80.8,v44332476
2012,54.40,"New Brunswick",7.80.8,v44332476
2013,62.23,"New Brunswick",7.80.8,v44332476
2014,48.97,"New Brunswick",7.80.8,v44332476
2015,51.38,"New Brunswick",7.80.8,v44332476
2005,..,"Moncton, New Brunswick",43.80.8,v52121138
2006,83.42,"Moncton, New Brunswick",43.80.8,v52121138
2007,106.80,"Moncton, New Brunswick",43.80.8,v52121138
2008,116.40,"Moncton, New Brunswick",43.80.8,v52121138
2009,88.40,"Moncton, New Brunswick",43.80.8,v52121138
2010,109.28,"Moncton, New Brunswick",43.80.8,v52121138
2011,57.07,"Moncton, New Brunswick",43.80.8,v52121138
2012,91.66,"Moncton, New Brunswick",43.80.8,v52121138
2013,78.23,"Moncton, New Brunswick",43.80.8,v52121138
2014,83.92,"Moncton, New Brunswick",43.80.8,v52121138
2015,72.88,"Moncton, New Brunswick",43.80.8,v52121138
1998,0.00,"Saint John, New Brunswick",8.80.8,v44335763
1999,0.00,"Saint John, New Brunswick",8.80.8,v44335763
2000,0.00,"Saint John, New Brunswick",8.80.8,v44335763
2001,0.00,"Saint John, New Brunswick",8.80.8,v44335763
2002,0.00,"Saint John, New Brunswick",8.80.8,v44335763
2003,0.00,"Saint John, New Brunswick",8.80.8,v44335763
2004,62.88,"Saint John, New Brunswick",8.80.8,v44335763
2005,84.60,"Saint John, New Brunswick",8.80.8,v44335763
2006,87.54,"Saint John, New Brunswick",8.80.8,v44335763
2007,65.52,"Saint John, New Brunswick",8.80.8,v44335763
2008,63.57,"Saint John, New Brunswick",8.80.8,v44335763
2009,73.22,"Saint John, New Brunswick",8.80.8,v44335763
2010,60.27,"Saint John, New Brunswick",8.80.8,v44335763
2011,64.60,"Saint John, New Brunswick",8.80.8,v44335763
2012,58.40,"Saint John, New Brunswick",8.80.8,v44335763
2013,71.93,"Saint John, New Brunswick",8.80.8,v44335763
2014,51.87,"Saint John, New Brunswick",8.80.8,v44335763
2015,68.33,"Saint John, New Brunswick",8.80.8,v44335763
1998,87.85,"Quebec",9.80.8,v44387583
1999,86.13,"Quebec",9.80.8,v44387583
2000,77.61,"Quebec",9.80.8,v44387583
2001,76.08,"Quebec",9.80.8,v44387583
2002,62.61,"Quebec",9.80.8,v44387583
2003,68.99,"Quebec",9.80.8,v44387583
2004,67.61,"Quebec",9.80.8,v44387583
2005,65.65,"Quebec",9.80.8,v44387583
2006,67.97,"Quebec",9.80.8,v44387583
2007,58.69,"Quebec",9.80.8,v44387583
2008,55.77,"Quebec",9.80.8,v44387583
2009,55.20,"Quebec",9.80.8,v44387583
2010,43.67,"Quebec",9.80.8,v44387583
2011,39.75,"Quebec",9.80.8,v44387583
2012,42.55,"Quebec",9.80.8,v44387583
2013,39.98,"Quebec",9.80.8,v44387583
2014,39.84,"Quebec",9.80.8,v44387583
2015,34.81,"Quebec",9.80.8,v44387583
1998,0.00,"Saguenay, Quebec",10.80.8,v44415447
1999,0.00,"Saguenay, Quebec",10.80.8,v44415447
2000,0.00,"Saguenay, Quebec",10.80.8,v44415447
2001,0.00,"Saguenay, Quebec",10.80.8,v44415447
2002,0.00,"Saguenay, Quebec",10.80.8,v44415447
2003,0.00,"Saguenay, Quebec",10.80.8,v44415447
2004,77.65,"Saguenay, Quebec",10.80.8,v44415447
2005,60.96,"Saguenay, Quebec",10.80.8,v44415447
2006,81.91,"Saguenay, Quebec",10.80.8,v44415447
2007,76.42,"Saguenay, Quebec",10.80.8,v44415447
2008,61.49,"Saguenay, Quebec",10.80.8,v44415447
2009,51.35,"Saguenay, Quebec",10.80.8,v44415447
2010,57.97,"Saguenay, Quebec",10.80.8,v44415447
2011,46.42,"Saguenay, Quebec",10.80.8,v44415447
2012,54.40,"Saguenay, Quebec",10.80.8,v44415447
2013,47.00,"Saguenay, Quebec",10.80.8,v44415447
2014,45.67,"Saguenay, Quebec",10.80.8,v44415447
2015,37.08,"Saguenay, Quebec",10.80.8,v44415447
1998,0.00,"Sherbrooke, Quebec",12.80.8,v44368924
1999,0.00,"Sherbrooke, Quebec",12.80.8,v44368924
2000,0.00,"Sherbrooke, Quebec",12.80.8,v44368924
2001,0.00,"Sherbrooke, Quebec",12.80.8,v44368924
2002,0.00,"Sherbrooke, Quebec",12.80.8,v44368924
2003,0.00,"Sherbrooke, Quebec",12.80.8,v44368924
2004,103.88,"Sherbrooke, Quebec",12.80.8,v44368924
2005,122.10,"Sherbrooke, Quebec",12.80.8,v44368924
2006,127.11,"Sherbrooke, Quebec",12.80.8,v44368924
2007,99.44,"Sherbrooke, Quebec",12.80.8,v44368924
2008,92.65,"Sherbrooke, Quebec",12.80.8,v44368924
2009,96.89,"Sherbrooke, Quebec",12.80.8,v44368924
2010,85.36,"Sherbrooke, Quebec",12.80.8,v44368924
2011,66.15,"Sherbrooke, Quebec",12.80.8,v44368924
2012,62.36,"Sherbrooke, Quebec",12.80.8,v44368924
2013,59.33,"Sherbrooke, Quebec",12.80.8,v44368924
2014,38.50,"Sherbrooke, Quebec",12.80.8,v44368924
2015,57.14,"Sherbrooke, Quebec",12.80.8,v44368924
1998,0.00,"Ottawa-Gatineau, Quebec part",15.80.8,v44353955
1999,0.00,"Ottawa-Gatineau, Quebec part",15.80.8,v44353955
2000,0.00,"Ottawa-Gatineau, Quebec part",15.80.8,v44353955
2001,0.00,"Ottawa-Gatineau, Quebec part",15.80.8,v44353955
2002,0.00,"Ottawa-Gatineau, Quebec part",15.80.8,v44353955
2003,0.00,"Ottawa-Gatineau, Quebec part",15.80.8,v44353955
2004,102.26,"Ottawa-Gatineau, Quebec part",15.80.8,v44353955
2005,86.04,"Ottawa-Gatineau, Quebec part",15.80.8,v44353955
2006,88.06,"Ottawa-Gatineau, Quebec part",15.80.8,v44353955
2007,74.90,"Ottawa-Gatineau, Quebec part",15.80.8,v44353955
2008,63.35,"Ottawa-Gatineau, Quebec part",15.80.8,v44353955
2009,61.37,"Ottawa-Gatineau, Quebec part",15.80.8,v44353955
2010,53.82,"Ottawa-Gatineau, Quebec part",15.80.8,v44353955
2011,51.76,"Ottawa-Gatineau, Quebec part",15.80.8,v44353955
2012,56.92,"Ottawa-Gatineau, Quebec part",15.80.8,v44353955
2013,67.22,"Ottawa-Gatineau, Quebec part",15.80.8,v44353955
2014,50.29,"Ottawa-Gatineau, Quebec part",15.80.8,v44353955
2015,44.39,"Ottawa-Gatineau, Quebec part",15.80.8,v44353955
1998,100.02,"Ontario",16.80.8,v44401651
1999,92.56,"Ontario",16.80.8,v44401651
2000,93.14,"Ontario",16.80.8,v44401651
2001,89.49,"Ontario",16.80.8,v44401651
2002,87.58,"Ontario",16.80.8,v44401651
2003,80.62,"Ontario",16.80.8,v44401651
2004,82.33,"Ontario",16.80.8,v44401651
2005,85.99,"Ontario",16.80.8,v44401651
2006,86.01,"Ontario",16.80.8,v44401651
2007,78.72,"Ontario",16.80.8,v44401651
2008,82.75,"Ontario",16.80.8,v44401651
2009,79.03,"Ontario",16.80.8,v44401651
2010,69.22,"Ontario",16.80.8,v44401651
2011,63.63,"Ontario",16.80.8,v44401651
2012,60.23,"Ontario",16.80.8,v44401651
2013,55.33,"Ontario",16.80.8,v44401651
2014,51.47,"Ontario",16.80.8,v44401651
2015,50.65,"Ontario",16.80.8,v44401651
1998,0.00,"Ottawa-Gatineau, Ontario/Quebec",17.80.8,v52148357
1999,0.00,"Ottawa-Gatineau, Ontario/Quebec",17.80.8,v52148357
2000,0.00,"Ottawa-Gatineau, Ontario/Quebec",17.80.8,v52148357
2001,0.00,"Ottawa-Gatineau, Ontario/Quebec",17.80.8,v52148357
2002,0.00,"Ottawa-Gatineau, Ontario/Quebec",17.80.8,v52148357
2003,0.00,"Ottawa-Gatineau, Ontario/Quebec",17.80.8,v52148357
2004,93.43,"Ottawa-Gatineau, Ontario/Quebec",17.80.8,v52148357
2005,92.97,"Ottawa-Gatineau, Ontario/Quebec",17.80.8,v52148357
2006,97.10,"Ottawa-Gatineau, Ontario/Quebec",17.80.8,v52148357
2007,86.43,"Ottawa-Gatineau, Ontario/Quebec",17.80.8,v52148357
2008,80.67,"Ottawa-Gatineau, Ontario/Quebec",17.80.8,v52148357
2009,81.15,"Ottawa-Gatineau, Ontario/Quebec",17.80.8,v52148357
2010,73.61,"Ottawa-Gatineau, Ontario/Quebec",17.80.8,v52148357
2011,67.28,"Ottawa-Gatineau, Ontario/Quebec",17.80.8,v52148357
2012,68.62,"Ottawa-Gatineau, Ontario/Quebec",17.80.8,v52148357
2013,64.55,"Ottawa-Gatineau, Ontario/Quebec",17.80.8,v52148357
2014,53.96,"Ottawa-Gatineau, Ontario/Quebec",17.80.8,v52148357
2015,49.72,"Ottawa-Gatineau, Ontario/Quebec",17.80.8,v52148357
1998,0.00,"Ottawa-Gatineau, Ontario part",18.80.8,v44375773
1999,0.00,"Ottawa-Gatineau, Ontario part",18.80.8,v44375773
2000,0.00,"Ottawa-Gatineau, Ontario part",18.80.8,v44375773
2001,0.00,"Ottawa-Gatineau, Ontario part",18.80.8,v44375773
2002,0.00,"Ottawa-Gatineau, Ontario part",18.80.8,v44375773
2003,0.00,"Ottawa-Gatineau, Ontario part",18.80.8,v44375773
2004,90.63,"Ottawa-Gatineau, Ontario part",18.80.8,v44375773
2005,95.18,"Ottawa-Gatineau, Ontario part",18.80.8,v44375773
2006,100.00,"Ottawa-Gatineau, Ontario part",18.80.8,v44375773
2007,90.16,"Ottawa-Gatineau, Ontario part",18.80.8,v44375773
2008,86.27,"Ottawa-Gatineau, Ontario part",18.80.8,v44375773
2009,87.58,"Ottawa-Gatineau, Ontario part",18.80.8,v44375773
2010,80.10,"Ottawa-Gatineau, Ontario part",18.80.8,v44375773
2011,72.39,"Ottawa-Gatineau, Ontario part",18.80.8,v44375773
2012,72.47,"Ottawa-Gatineau, Ontario part",18.80.8,v44375773
2013,63.68,"Ottawa-Gatineau, Ontario part",18.80.8,v44375773
2014,55.17,"Ottawa-Gatineau, Ontario part",18.80.8,v44375773
2015,51.45,"Ottawa-Gatineau, Ontario part",18.80.8,v44375773
2000,..,"Kingston, Ontario",27.80.8,v44376666
2001,0.00,"Kingston, Ontario",27.80.8,v44376666
2002,0.00,"Kingston, Ontario",27.80.8,v44376666
2003,0.00,"Kingston, Ontario",27.80.8,v44376666
2004,108.10,"Kingston, Ontario",27.80.8,v44376666
2005,109.70,"Kingston, Ontario",27.80.8,v44376666
2006,108.54,"Kingston, Ontario",27.80.8,v44376666
2007,149.36,"Kingston, Ontario",27.80.8,v44376666
2008,88.25,"Kingston, Ontario",27.80.8,v44376666
2009,85.18,"Kingston, Ontario",27.80.8,v44376666
2010,85.62,"Kingston, Ontario",27.80.8,v44376666
2011,97.35,"Kingston, Ontario",27.80.8,v44376666
2012,82.90,"Kingston, Ontario",27.80.8,v44376666
2013,102.27,"Kingston, Ontario",27.80.8,v44376666
2014,75.69,"Kingston, Ontario",27.80.8,v44376666
2015,65.06,"Kingston, Ontario",27.80.8,v44376666
2005,..,"Peterborough, Ontario",44.80.8,v52122573
2006,139.08,"Peterborough, Ontario",44.80.8,v52122573
2007,142.44,"Peterborough, Ontario",44.80.8,v52122573
2008,131.35,"Peterborough, Ontario",44.80.8,v52122573
2009,103.03,"Peterborough, Ontario",44.80.8,v52122573
2010,92.98,"Peterborough, Ontario",44.80.8,v52122573
2011,82.57,"Peterborough, Ontario",44.80.8,v52122573
2012,61.95,"Peterborough, Ontario",44.80.8,v52122573
2013,73.67,"Peterborough, Ontario",44.80.8,v52122573
2014,65.32,"Peterborough, Ontario",44.80.8,v52122573
2015,84.57,"Peterborough, Ontario",44.80.8,v52122573
1998,0.00,"Toronto, Ontario",19.80.8,v44405946
1999,0.00,"Toronto, Ontario",19.80.8,v44405946
2000,0.00,"Toronto, Ontario",19.80.8,v44405946
2001,0.00,"Toronto, Ontario",19.80.8,v44405946
2002,0.00,"Toronto, Ontario",19.80.8,v44405946
2003,0.00,"Toronto, Ontario",19.80.8,v44405946
2004,76.13,"Toronto, Ontario",19.80.8,v44405946
2005,90.67,"Toronto, Ontario",19.80.8,v44405946
2006,84.98,"Toronto, Ontario",19.80.8,v44405946
2007,78.95,"Toronto, Ontario",19.80.8,v44405946
2008,83.52,"Toronto, Ontario",19.80.8,v44405946
2009,80.50,"Toronto, Ontario",19.80.8,v44405946
2010,63.33,"Toronto, Ontario",19.80.8,v44405946
2011,62.06,"Toronto, Ontario",19.80.8,v44405946
2012,57.95,"Toronto, Ontario",19.80.8,v44405946
2013,52.71,"Toronto, Ontario",19.80.8,v44405946
2014,48.50,"Toronto, Ontario",19.80.8,v44405946
2015,46.17,"Toronto, Ontario",19.80.8,v44405946
1998,0.00,"Hamilton, Ontario",20.80.8,v44358750
1999,0.00,"Hamilton, Ontario",20.80.8,v44358750
2000,0.00,"Hamilton, Ontario",20.80.8,v44358750
2001,0.00,"Hamilton, Ontario",20.80.8,v44358750
2002,0.00,"Hamilton, Ontario",20.80.8,v44358750
2003,0.00,"Hamilton, Ontario",20.80.8,v44358750
2004,41.81,"Hamilton, Ontario",20.80.8,v44358750
2005,43.22,"Hamilton, Ontario",20.80.8,v44358750
2006,39.57,"Hamilton, Ontario",20.80.8,v44358750
2007,40.05,"Hamilton, Ontario",20.80.8,v44358750
2008,48.03,"Hamilton, Ontario",20.80.8,v44358750
2009,37.84,"Hamilton, Ontario",20.80.8,v44358750
2010,45.09,"Hamilton, Ontario",20.80.8,v44358750
2011,45.56,"Hamilton, Ontario",20.80.8,v44358750
2012,40.48,"Hamilton, Ontario",20.80.8,v44358750
2013,32.88,"Hamilton, Ontario",20.80.8,v44358750
2014,36.64,"Hamilton, Ontario",20.80.8,v44358750
2015,32.86,"Hamilton, Ontario",20.80.8,v44358750
1998,0.00,"St.Catharines-Niagara, Ontario",21.80.8,v44409257
1999,0.00,"St.Catharines-Niagara, Ontario",21.80.8,v44409257
2000,0.00,"St.Catharines-Niagara, Ontario",21.80.8,v44409257
2001,0.00,"St.Catharines-Niagara, Ontario",21.80.8,v44409257
2002,0.00,"St.Catharines-Niagara, Ontario",21.80.8,v44409257
2003,0.00,"St.Catharines-Niagara, Ontario",21.80.8,v44409257
2004,67.46,"St.Catharines-Niagara, Ontario",21.80.8,v44409257
2005,72.57,"St.Catharines-Niagara, Ontario",21.80.8,v44409257
2006,59.51,"St.Catharines-Niagara, Ontario",21.80.8,v44409257
2007,71.63,"St.Catharines-Niagara, Ontario",21.80.8,v44409257
2008,63.52,"St.Catharines-Niagara, Ontario",21.80.8,v44409257
2009,61.62,"St.Catharines-Niagara, Ontario",21.80.8,v44409257
2010,60.37,"St.Catharines-Niagara, Ontario",21.80.8,v44409257
2011,50.43,"St.Catharines-Niagara, Ontario",21.80.8,v44409257
2012,46.35,"St.Catharines-Niagara, Ontario",21.80.8,v44409257
2013,37.80,"St.Catharines-Niagara, Ontario",21.80.8,v44409257
2014,41.91,"St.Catharines-Niagara, Ontario",21.80.8,v44409257
2015,36.70,"St.Catharines-Niagara, Ontario",21.80.8,v44409257
1998,0.00,"Kitchener-Cambridge-Waterloo, Ontario",22.80.8,v44388274
1999,0.00,"Kitchener-Cambridge-Waterloo, Ontario",22.80.8,v44388274
2000,0.00,"Kitchener-Cambridge-Waterloo, Ontario",22.80.8,v44388274
2001,0.00,"Kitchener-Cambridge-Waterloo, Ontario",22.80.8,v44388274
2002,0.00,"Kitchener-Cambridge-Waterloo, Ontario",22.80.8,v44388274
2003,0.00,"Kitchener-Cambridge-Waterloo, Ontario",22.80.8,v44388274
2004,88.28,"Kitchener-Cambridge-Waterloo, Ontario",22.80.8,v44388274
2005,93.79,"Kitchener-Cambridge-Waterloo, Ontario",22.80.8,v44388274
2006,84.07,"Kitchener-Cambridge-Waterloo, Ontario",22.80.8,v44388274
2007,76.18,"Kitchener-Cambridge-Waterloo, Ontario",22.80.8,v44388274
2008,92.71,"Kitchener-Cambridge-Waterloo, Ontario",22.80.8,v44388274
2009,76.80,"Kitchener-Cambridge-Waterloo, Ontario",22.80.8,v44388274
2010,73.92,"Kitchener-Cambridge-Waterloo, Ontario",22.80.8,v44388274
2011,60.78,"Kitchener-Cambridge-Waterloo, Ontario",22.80.8,v44388274
2012,53.21,"Kitchener-Cambridge-Waterloo, Ontario",22.80.8,v44388274
2013,56.18,"Kitchener-Cambridge-Waterloo, Ontario",22.80.8,v44388274
2014,54.15,"Kitchener-Cambridge-Waterloo, Ontario",22.80.8,v44388274
2015,78.33,"Kitchener-Cambridge-Waterloo, Ontario",22.80.8,v44388274
2005,..,"Brantford, Ontario",45.80.8,v52119208
2006,114.50,"Brantford, Ontario",45.80.8,v52119208
2007,122.20,"Brantford, Ontario",45.80.8,v52119208
2008,121.06,"Brantford, Ontario",45.80.8,v52119208
2009,89.89,"Brantford, Ontario",45.80.8,v52119208
2010,81.81,"Brantford, Ontario",45.80.8,v52119208
2011,71.27,"Brantford, Ontario",45.80.8,v52119208
2012,70.62,"Brantford, Ontario",45.80.8,v52119208
2013,62.61,"Brantford, Ontario",45.80.8,v52119208
2014,74.22,"Brantford, Ontario",45.80.8,v52119208
2015,72.09,"Brantford, Ontario",45.80.8,v52119208
2005,..,"Guelph, Ontario",46.80.8,v52119621
2006,85.60,"Guelph, Ontario",46.80.8,v52119621
2007,64.69,"Guelph, Ontario",46.80.8,v52119621
2008,90.75,"Guelph, Ontario",46.80.8,v52119621
2009,74.77,"Guelph, Ontario",46.80.8,v52119621
2010,63.52,"Guelph, Ontario",46.80.8,v52119621
2011,38.77,"Guelph, Ontario",46.80.8,v52119621
2012,49.16,"Guelph, Ontario",46.80.8,v52119621
2013,43.30,"Guelph, Ontario",46.80.8,v52119621
2014,59.84,"Guelph, Ontario",46.80.8,v52119621
2015,82.33,"Guelph, Ontario",46.80.8,v52119621
1998,0.00,"London, Ontario",23.80.8,v44339741
1999,0.00,"London, Ontario",23.80.8,v44339741
2000,0.00,"London, Ontario",23.80.8,v44339741
2001,0.00,"London, Ontario",23.80.8,v44339741
2002,0.00,"London, Ontario",23.80.8,v44339741
2003,0.00,"London, Ontario",23.80.8,v44339741
2004,122.71,"London, Ontario",23.80.8,v44339741
2005,109.46,"London, Ontario",23.80.8,v44339741
2006,120.24,"London, Ontario",23.80.8,v44339741
2007,85.57,"London, Ontario",23.80.8,v44339741
2008,96.33,"London, Ontario",23.80.8,v44339741
2009,96.29,"London, Ontario",23.80.8,v44339741
2010,86.88,"London, Ontario",23.80.8,v44339741
2011,77.01,"London, Ontario",23.80.8,v44339741
2012,72.45,"London, Ontario",23.80.8,v44339741
2013,55.82,"London, Ontario",23.80.8,v44339741
2014,58.54,"London, Ontario",23.80.8,v44339741
2015,55.20,"London, Ontario",23.80.8,v44339741
1998,0.00,"Windsor, Ontario",24.80.8,v44341837
1999,0.00,"Windsor, Ontario",24.80.8,v44341837
2000,0.00,"Windsor, Ontario",24.80.8,v44341837
2001,0.00,"Windsor, Ontario",24.80.8,v44341837
2002,0.00,"Windsor, Ontario",24.80.8,v44341837
2003,0.00,"Windsor, Ontario",24.80.8,v44341837
2004,76.10,"Windsor, Ontario",24.80.8,v44341837
2005,93.71,"Windsor, Ontario",24.80.8,v44341837
2006,90.30,"Windsor, Ontario",24.80.8,v44341837
2007,83.26,"Windsor, Ontario",24.80.8,v44341837
2008,58.00,"Windsor, Ontario",24.80.8,v44341837
2009,69.92,"Windsor, Ontario",24.80.8,v44341837
2010,49.04,"Windsor, Ontario",24.80.8,v44341837
2011,47.22,"Windsor, Ontario",24.80.8,v44341837
2012,48.32,"Windsor, Ontario",24.80.8,v44341837
2013,49.89,"Windsor, Ontario",24.80.8,v44341837
2014,44.82,"Windsor, Ontario",24.80.8,v44341837
2015,68.21,"Windsor, Ontario",24.80.8,v44341837
2005,..,"Barrie, Ontario",47.80.8,v52145052
2006,96.06,"Barrie, Ontario",47.80.8,v52145052
2007,92.81,"Barrie, Ontario",47.80.8,v52145052
2008,88.41,"Barrie, Ontario",47.80.8,v52145052
2009,86.65,"Barrie, Ontario",47.80.8,v52145052
2010,78.34,"Barrie, Ontario",47.80.8,v52145052
2011,78.89,"Barrie, Ontario",47.80.8,v52145052
2012,81.10,"Barrie, Ontario",47.80.8,v52145052
2013,64.32,"Barrie, Ontario",47.80.8,v52145052
2014,65.11,"Barrie, Ontario",47.80.8,v52145052
2015,62.61,"Barrie, Ontario",47.80.8,v52145052
1998,0.00,"Sudbury, Ontario",25.80.8,v44359787
1999,0.00,"Sudbury, Ontario",25.80.8,v44359787
2000,0.00,"Sudbury, Ontario",25.80.8,v44359787
2001,0.00,"Sudbury, Ontario",25.80.8,v44359787
2002,0.00,"Sudbury, Ontario",25.80.8,v44359787
2003,0.00,"Sudbury, Ontario",25.80.8,v44359787
2004,89.54,"Sudbury, Ontario",25.80.8,v44359787
2005,69.84,"Sudbury, Ontario",25.80.8,v44359787
2006,81.70,"Sudbury, Ontario",25.80.8,v44359787
2007,59.03,"Sudbury, Ontario",25.80.8,v44359787
2008,95.14,"Sudbury, Ontario",25.80.8,v44359787
2009,92.19,"Sudbury, Ontario",25.80.8,v44359787
2010,86.83,"Sudbury, Ontario",25.80.8,v44359787
2011,78.54,"Sudbury, Ontario",25.80.8,v44359787
2012,114.01,"Sudbury, Ontario",25.80.8,v44359787
2013,74.71,"Sudbury, Ontario",25.80.8,v44359787
2014,87.17,"Sudbury, Ontario",25.80.8,v44359787
2015,59.15,"Sudbury, Ontario",25.80.8,v44359787
1998,0.00,"Thunder Bay, Ontario",26.80.8,v44404724
1999,0.00,"Thunder Bay, Ontario",26.80.8,v44404724
2000,0.00,"Thunder Bay, Ontario",26.80.8,v44404724
2001,0.00,"Thunder Bay, Ontario",26.80.8,v44404724
2002,0.00,"Thunder Bay, Ontario",26.80.8,v44404724
2003,0.00,"Thunder Bay, Ontario",26.80.8,v44404724
2004,165.81,"Thunder Bay, Ontario",26.80.8,v44404724
2005,119.13,"Thunder Bay, Ontario",26.80.8,v44404724
2006,119.97,"Thunder Bay, Ontario",26.80.8,v44404724
2007,92.48,"Thunder Bay, Ontario",26.80.8,v44404724
2008,114.84,"Thunder Bay, Ontario",26.80.8,v44404724
2009,114.84,"Thunder Bay, Ontario",26.80.8,v44404724
2010,104.45,"Thunder Bay, Ontario",26.80.8,v44404724
2011,77.91,"Thunder Bay, Ontario",26.80.8,v44404724
2012,60.99,"Thunder Bay, Ontario",26.80.8,v44404724
2013,57.25,"Thunder Bay, Ontario",26.80.8,v44404724
2014,60.18,"Thunder Bay, Ontario",26.80.8,v44404724
2015,41.81,"Thunder Bay, Ontario",26.80.8,v44404724
1998,150.13,"Manitoba",28.80.8,v44361047
1999,122.58,"Manitoba",28.80.8,v44361047
2000,91.17,"Manitoba",28.80.8,v44361047
2001,101.61,"Manitoba",28.80.8,v44361047
2002,77.07,"Manitoba",28.80.8,v44361047
2003,81.60,"Manitoba",28.80.8,v44361047
2004,80.85,"Manitoba",28.80.8,v44361047
2005,67.69,"Manitoba",28.80.8,v44361047
2006,75.85,"Manitoba",28.80.8,v44361047
2007,69.46,"Manitoba",28.80.8,v44361047
2008,69.42,"Manitoba",28.80.8,v44361047
2009,59.30,"Manitoba",28.80.8,v44361047
2010,49.02,"Manitoba",28.80.8,v44361047
2011,45.28,"Manitoba",28.80.8,v44361047
2012,53.29,"Manitoba",28.80.8,v44361047
2013,45.95,"Manitoba",28.80.8,v44361047
2014,40.38,"Manitoba",28.80.8,v44361047
2015,42.27,"Manitoba",28.80.8,v44361047
1998,0.00,"Winnipeg, Manitoba",29.80.8,v44327748
1999,0.00,"Winnipeg, Manitoba",29.80.8,v44327748
2000,0.00,"Winnipeg, Manitoba",29.80.8,v44327748
2001,0.00,"Winnipeg, Manitoba",29.80.8,v44327748
2002,0.00,"Winnipeg, Manitoba",29.80.8,v44327748
2003,0.00,"Winnipeg, Manitoba",29.80.8,v44327748
2004,89.48,"Winnipeg, Manitoba",29.80.8,v44327748
2005,77.97,"Winnipeg, Manitoba",29.80.8,v44327748
2006,80.42,"Winnipeg, Manitoba",29.80.8,v44327748
2007,69.50,"Winnipeg, Manitoba",29.80.8,v44327748
2008,65.89,"Winnipeg, Manitoba",29.80.8,v44327748
2009,61.94,"Winnipeg, Manitoba",29.80.8,v44327748
2010,52.14,"Winnipeg, Manitoba",29.80.8,v44327748
2011,47.62,"Winnipeg, Manitoba",29.80.8,v44327748
2012,56.04,"Winnipeg, Manitoba",29.80.8,v44327748
2013,50.91,"Winnipeg, Manitoba",29.80.8,v44327748
2014,43.63,"Winnipeg, Manitoba",29.80.8,v44327748
2015,41.84,"Winnipeg, Manitoba",29.80.8,v44327748
1998,181.64,"Saskatchewan",30.80.8,v44415631
1999,198.36,"Saskatchewan",30.80.8,v44415631
2000,162.64,"Saskatchewan",30.80.8,v44415631
2001,168.27,"Saskatchewan",30.80.8,v44415631
2002,159.49,"Saskatchewan",30.80.8,v44415631
2003,153.12,"Saskatchewan",30.80.8,v44415631
2004,152.10,"Saskatchewan",30.80.8,v44415631
2005,138.96,"Saskatchewan",30.80.8,v44415631
2006,116.94,"Saskatchewan",30.80.8,v44415631
2007,99.10,"Saskatchewan",30.80.8,v44415631
2008,96.95,"Saskatchewan",30.80.8,v44415631
2009,86.72,"Saskatchewan",30.80.8,v44415631
2010,87.78,"Saskatchewan",30.80.8,v44415631
2011,89.38,"Saskatchewan",30.80.8,v44415631
2012,89.03,"Saskatchewan",30.80.8,v44415631
2013,78.55,"Saskatchewan",30.80.8,v44415631
2014,80.70,"Saskatchewan",30.80.8,v44415631
2015,80.80,"Saskatchewan",30.80.8,v44415631
1998,0.00,"Regina, Saskatchewan",31.80.8,v44355657
1999,0.00,"Regina, Saskatchewan",31.80.8,v44355657
2000,0.00,"Regina, Saskatchewan",31.80.8,v44355657
2001,0.00,"Regina, Saskatchewan",31.80.8,v44355657
2002,0.00,"Regina, Saskatchewan",31.80.8,v44355657
2003,0.00,"Regina, Saskatchewan",31.80.8,v44355657
2004,206.31,"Regina, Saskatchewan",31.80.8,v44355657
2005,203.51,"Regina, Saskatchewan",31.80.8,v44355657
2006,121.18,"Regina, Saskatchewan",31.80.8,v44355657
2007,136.20,"Regina, Saskatchewan",31.80.8,v44355657
2008,123.61,"Regina, Saskatchewan",31.80.8,v44355657
2009,126.16,"Regina, Saskatchewan",31.80.8,v44355657
2010,116.43,"Regina, Saskatchewan",31.80.8,v44355657
2011,110.44,"Regina, Saskatchewan",31.80.8,v44355657
2012,92.97,"Regina, Saskatchewan",31.80.8,v44355657
2013,82.81,"Regina, Saskatchewan",31.80.8,v44355657
2014,79.20,"Regina, Saskatchewan",31.80.8,v44355657
2015,90.67,"Regina, Saskatchewan",31.80.8,v44355657
1998,0.00,"Saskatoon, Saskatchewan",32.80.8,v44351185
1999,0.00,"Saskatoon, Saskatchewan",32.80.8,v44351185
2000,0.00,"Saskatoon, Saskatchewan",32.80.8,v44351185
2001,0.00,"Saskatoon, Saskatchewan",32.80.8,v44351185
2002,0.00,"Saskatoon, Saskatchewan",32.80.8,v44351185
2003,0.00,"Saskatoon, Saskatchewan",32.80.8,v44351185
2004,203.13,"Saskatoon, Saskatchewan",32.80.8,v44351185
2005,179.54,"Saskatoon, Saskatchewan",32.80.8,v44351185
2006,147.54,"Saskatoon, Saskatchewan",32.80.8,v44351185
2007,111.90,"Saskatoon, Saskatchewan",32.80.8,v44351185
2008,117.06,"Saskatoon, Saskatchewan",32.80.8,v44351185
2009,83.76,"Saskatoon, Saskatchewan",32.80.8,v44351185
2010,114.63,"Saskatoon, Saskatchewan",32.80.8,v44351185
2011,111.25,"Saskatoon, Saskatchewan",32.80.8,v44351185
2012,129.52,"Saskatoon, Saskatchewan",32.80.8,v44351185
2013,111.58,"Saskatoon, Saskatchewan",32.80.8,v44351185
2014,124.60,"Saskatoon, Saskatchewan",32.80.8,v44351185
2015,103.75,"Saskatoon, Saskatchewan",32.80.8,v44351185
1998,161.07,"Alberta",33.80.8,v44342751
1999,167.94,"Alberta",33.80.8,v44342751
2000,154.19,"Alberta",33.80.8,v44342751
2001,139.64,"Alberta",33.80.8,v44342751
2002,139.97,"Alberta",33.80.8,v44342751
2003,140.10,"Alberta",33.80.8,v44342751
2004,138.79,"Alberta",33.80.8,v44342751
2005,132.96,"Alberta",33.80.8,v44342751
2006,111.98,"Alberta",33.80.8,v44342751
2007,107.61,"Alberta",33.80.8,v44342751
2008,104.95,"Alberta",33.80.8,v44342751
2009,99.59,"Alberta",33.80.8,v44342751
2010,88.62,"Alberta",33.80.8,v44342751
2011,78.86,"Alberta",33.80.8,v44342751
2012,70.15,"Alberta",33.80.8,v44342751
2013,73.95,"Alberta",33.80.8,v44342751
2014,79.74,"Alberta",33.80.8,v44342751
2015,89.69,"Alberta",33.80.8,v44342751
1998,0.00,"Calgary, Alberta",34.80.8,v44397741
1999,0.00,"Calgary, Alberta",34.80.8,v44397741
2000,0.00,"Calgary, Alberta",34.80.8,v44397741
2001,0.00,"Calgary, Alberta",34.80.8,v44397741
2002,0.00,"Calgary, Alberta",34.80.8,v44397741
2003,0.00,"Calgary, Alberta",34.80.8,v44397741
2004,138.45,"Calgary, Alberta",34.80.8,v44397741
2005,144.86,"Calgary, Alberta",34.80.8,v44397741
2006,121.25,"Calgary, Alberta",34.80.8,v44397741
2007,88.31,"Calgary, Alberta",34.80.8,v44397741
2008,88.05,"Calgary, Alberta",34.80.8,v44397741
2009,96.22,"Calgary, Alberta",34.80.8,v44397741
2010,81.19,"Calgary, Alberta",34.80.8,v44397741
2011,76.62,"Calgary, Alberta",34.80.8,v44397741
2012,61.43,"Calgary, Alberta",34.80.8,v44397741
2013,64.73,"Calgary, Alberta",34.80.8,v44397741
2014,60.01,"Calgary, Alberta",34.80.8,v44397741
2015,71.91,"Calgary, Alberta",34.80.8,v44397741
1998,0.00,"Edmonton, Alberta",35.80.8,v44337331
1999,0.00,"Edmonton, Alberta",35.80.8,v44337331
2000,0.00,"Edmonton, Alberta",35.80.8,v44337331
2001,0.00,"Edmonton, Alberta",35.80.8,v44337331
2002,0.00,"Edmonton, Alberta",35.80.8,v44337331
2003,0.00,"Edmonton, Alberta",35.80.8,v44337331
2004,171.56,"Edmonton, Alberta",35.80.8,v44337331
2005,154.24,"Edmonton, Alberta",35.80.8,v44337331
2006,114.94,"Edmonton, Alberta",35.80.8,v44337331
2007,130.23,"Edmonton, Alberta",35.80.8,v44337331
2008,129.32,"Edmonton, Alberta",35.80.8,v44337331
2009,112.04,"Edmonton, Alberta",35.80.8,v44337331
2010,116.21,"Edmonton, Alberta",35.80.8,v44337331
2011,95.78,"Edmonton, Alberta",35.80.8,v44337331
2012,91.23,"Edmonton, Alberta",35.80.8,v44337331
2013,93.39,"Edmonton, Alberta",35.80.8,v44337331
2014,110.56,"Edmonton, Alberta",35.80.8,v44337331
2015,120.25,"Edmonton, Alberta",35.80.8,v44337331
1998,85.53,"British Columbia",36.80.8,v44330871
1999,80.57,"British Columbia",36.80.8,v44330871
2000,72.89,"British Columbia",36.80.8,v44330871
2001,69.95,"British Columbia",36.80.8,v44330871
2002,61.93,"British Columbia",36.80.8,v44330871
2003,57.66,"British Columbia",36.80.8,v44330871
2004,53.58,"British Columbia",36.80.8,v44330871
2005,51.89,"British Columbia",36.80.8,v44330871
2006,54.88,"British Columbia",36.80.8,v44330871
2007,55.75,"British Columbia",36.80.8,v44330871
2008,55.93,"British Columbia",36.80.8,v44330871
2009,55.05,"British Columbia",36.80.8,v44330871
2010,54.48,"British Columbia",36.80.8,v44330871
2011,47.60,"British Columbia",36.80.8,v44330871
2012,42.30,"British Columbia",36.80.8,v44330871
2013,40.78,"British Columbia",36.80.8,v44330871
2014,37.06,"British Columbia",36.80.8,v44330871
2015,37.47,"British Columbia",36.80.8,v44330871
2005,..,"Kelowna, British Columbia",48.80.8,v52146429
2006,29.86,"Kelowna, British Columbia",48.80.8,v52146429
2007,31.78,"Kelowna, British Columbia",48.80.8,v52146429
2008,44.54,"Kelowna, British Columbia",48.80.8,v52146429
2009,44.34,"Kelowna, British Columbia",48.80.8,v52146429
2010,61.60,"Kelowna, British Columbia",48.80.8,v52146429
2011,41.36,"Kelowna, British Columbia",48.80.8,v52146429
2012,32.29,"Kelowna, British Columbia",48.80.8,v52146429
2013,52.38,"Kelowna, British Columbia",48.80.8,v52146429
2014,41.97,"Kelowna, British Columbia",48.80.8,v52146429
2015,41.21,"Kelowna, British Columbia",48.80.8,v52146429
2000,..,"Abbotsford-Mission, British Columbia",39.80.8,v44372211
2001,0.00,"Abbotsford-Mission, British Columbia",39.80.8,v44372211
2002,0.00,"Abbotsford-Mission, British Columbia",39.80.8,v44372211
2003,0.00,"Abbotsford-Mission, British Columbia",39.80.8,v44372211
2004,40.43,"Abbotsford-Mission, British Columbia",39.80.8,v44372211
2005,50.05,"Abbotsford-Mission, British Columbia",39.80.8,v44372211
2006,46.10,"Abbotsford-Mission, British Columbia",39.80.8,v44372211
2007,46.88,"Abbotsford-Mission, British Columbia",39.80.8,v44372211
2008,59.43,"Abbotsford-Mission, British Columbia",39.80.8,v44372211
2009,47.57,"Abbotsford-Mission, British Columbia",39.80.8,v44372211
2010,49.68,"Abbotsford-Mission, British Columbia",39.80.8,v44372211
2011,47.19,"Abbotsford-Mission, British Columbia",39.80.8,v44372211
2012,59.89,"Abbotsford-Mission, British Columbia",39.80.8,v44372211
2013,38.19,"Abbotsford-Mission, British Columbia",39.80.8,v44372211
2014,44.76,"Abbotsford-Mission, British Columbia",39.80.8,v44372211
2015,38.71,"Abbotsford-Mission, British Columbia",39.80.8,v44372211
1998,0.00,"Vancouver, British Columbia",37.80.8,v44344688
1999,0.00,"Vancouver, British Columbia",37.80.8,v44344688
2000,0.00,"Vancouver, British Columbia",37.80.8,v44344688
2001,0.00,"Vancouver, British Columbia",37.80.8,v44344688
2002,0.00,"Vancouver, British Columbia",37.80.8,v44344688
2003,0.00,"Vancouver, British Columbia",37.80.8,v44344688
2004,52.95,"Vancouver, British Columbia",37.80.8,v44344688
2005,50.40,"Vancouver, British Columbia",37.80.8,v44344688
2006,55.29,"Vancouver, British Columbia",37.80.8,v44344688
2007,54.37,"Vancouver, British Columbia",37.80.8,v44344688
2008,52.90,"Vancouver, British Columbia",37.80.8,v44344688
2009,57.46,"Vancouver, British Columbia",37.80.8,v44344688
2010,57.55,"Vancouver, British Columbia",37.80.8,v44344688
2011,51.83,"Vancouver, British Columbia",37.80.8,v44344688
2012,43.85,"Vancouver, British Columbia",37.80.8,v44344688
2013,43.75,"Vancouver, British Columbia",37.80.8,v44344688
2014,35.79,"Vancouver, British Columbia",37.80.8,v44344688
2015,34.50,"Vancouver, British Columbia",37.80.8,v44344688
1998,0.00,"Victoria, British Columbia",38.80.8,v44331281
1999,0.00,"Victoria, British Columbia",38.80.8,v44331281
2000,0.00,"Victoria, British Columbia",38.80.8,v44331281
2001,0.00,"Victoria, British Columbia",38.80.8,v44331281
2002,0.00,"Victoria, British Columbia",38.80.8,v44331281
2003,0.00,"Victoria, British Columbia",38.80.8,v44331281
2004,73.03,"Victoria, British Columbia",38.80.8,v44331281
2005,79.46,"Victoria, British Columbia",38.80.8,v44331281
2006,86.49,"Victoria, British Columbia",38.80.8,v44331281
2007,110.19,"Victoria, British Columbia",38.80.8,v44331281
2008,86.83,"Victoria, British Columbia",38.80.8,v44331281
2009,76.76,"Victoria, British Columbia",38.80.8,v44331281
2010,64.27,"Victoria, British Columbia",38.80.8,v44331281
2011,57.47,"Victoria, British Columbia",38.80.8,v44331281
2012,45.08,"Victoria, British Columbia",38.80.8,v44331281
2013,33.58,"Victoria, British Columbia",38.80.8,v44331281
2014,36.93,"Victoria, British Columbia",38.80.8,v44331281
2015,42.36,"Victoria, British Columbia",38.80.8,v44331281
1998,167.80,"Yukon",40.80.8,v44340919
1999,160.97,"Yukon",40.80.8,v44340919
2000,134.03,"Yukon",40.80.8,v44340919
2001,67.07,"Yukon",40.80.8,v44340919
2002,74.01,"Yukon",40.80.8,v44340919
2003,83.56,"Yukon",40.80.8,v44340919
2004,78.12,"Yukon",40.80.8,v44340919
2005,54.82,"Yukon",40.80.8,v44340919
2006,46.84,"Yukon",40.80.8,v44340919
2007,49.81,"Yukon",40.80.8,v44340919
2008,48.94,"Yukon",40.80.8,v44340919
2009,51.42,"Yukon",40.80.8,v44340919
2010,33.38,"Yukon",40.80.8,v44340919
2011,26.08,"Yukon",40.80.8,v44340919
2012,28.71,"Yukon",40.80.8,v44340919
2013,34.88,"Yukon",40.80.8,v44340919
2014,21.89,"Yukon",40.80.8,v44340919
2015,27.89,"Yukon",40.80.8,v44340919
1998,116.75,"Northwest Territories",41.80.8,v44336863
1999,69.61,"Northwest Territories",41.80.8,v44336863
2000,69.47,"Northwest Territories",41.80.8,v44336863
2001,68.53,"Northwest Territories",41.80.8,v44336863
2002,39.31,"Northwest Territories",41.80.8,v44336863
2003,79.10,"Northwest Territories",41.80.8,v44336863
2004,111.32,"Northwest Territories",41.80.8,v44336863
2005,104.66,"Northwest Territories",41.80.8,v44336863
2006,53.75,"Northwest Territories",41.80.8,v44336863
2007,58.84,"Northwest Territories",41.80.8,v44336863
2008,47.42,"Northwest Territories",41.80.8,v44336863
2009,55.91,"Northwest Territories",41.80.8,v44336863
2010,38.98,"Northwest Territories",41.80.8,v44336863
2011,52.69,"Northwest Territories",41.80.8,v44336863
2012,49.90,"Northwest Territories",41.80.8,v44336863
2013,41.43,"Northwest Territories",41.80.8,v44336863
2014,27.63,"Northwest Territories",41.80.8,v44336863
2015,41.45,"Northwest Territories",41.80.8,v44336863
1998,..,"Nunavut",42.80.8,v44384788
1999,129.50,"Nunavut",42.80.8,v44384788
2000,73.17,"Nunavut",42.80.8,v44384788
2001,116.24,"Nunavut",42.80.8,v44384788
2002,83.06,"Nunavut",42.80.8,v44384788
2003,85.65,"Nunavut",42.80.8,v44384788
2004,74.05,"Nunavut",42.80.8,v44384788
2005,90.67,"Nunavut",42.80.8,v44384788
2006,92.79,"Nunavut",42.80.8,v44384788
2007,60.38,"Nunavut",42.80.8,v44384788
2008,71.95,"Nunavut",42.80.8,v44384788
2009,82.72,"Nunavut",42.80.8,v44384788
2010,24.29,"Nunavut",42.80.8,v44384788
2011,59.33,"Nunavut",42.80.8,v44384788
2012,58.32,"Nunavut",42.80.8,v44384788
2013,53.33,"Nunavut",42.80.8,v44384788
2014,82.42,"Nunavut",42.80.8,v44384788
2015,47.49,"Nunavut",42.80.8,v44384788
