1998,2.00,"Canada",1.209.6,v44348107
1999,14.00,"Canada",1.209.6,v44348107
2000,1.00,"Canada",1.209.6,v44348107
2001,3.00,"Canada",1.209.6,v44348107
2002,0.00,"Canada",1.209.6,v44348107
2003,8.00,"Canada",1.209.6,v44348107
2004,6.00,"Canada",1.209.6,v44348107
2005,0.00,"Canada",1.209.6,v44348107
2006,1.00,"Canada",1.209.6,v44348107
2007,2.00,"Canada",1.209.6,v44348107
2008,2.00,"Canada",1.209.6,v44348107
2009,9.00,"Canada",1.209.6,v44348107
2010,2.00,"Canada",1.209.6,v44348107
2011,2.00,"Canada",1.209.6,v44348107
2012,5.00,"Canada",1.209.6,v44348107
2013,4.00,"Canada",1.209.6,v44348107
2014,1.00,"Canada",1.209.6,v44348107
2015,1.00,"Canada",1.209.6,v44348107
1998,0.00,"Newfoundland and Labrador",2.209.6,v44365488
1999,0.00,"Newfoundland and Labrador",2.209.6,v44365488
2000,0.00,"Newfoundland and Labrador",2.209.6,v44365488
2001,0.00,"Newfoundland and Labrador",2.209.6,v44365488
2002,0.00,"Newfoundland and Labrador",2.209.6,v44365488
2003,0.00,"Newfoundland and Labrador",2.209.6,v44365488
2004,0.00,"Newfoundland and Labrador",2.209.6,v44365488
2005,0.00,"Newfoundland and Labrador",2.209.6,v44365488
2006,0.00,"Newfoundland and Labrador",2.209.6,v44365488
2007,0.00,"Newfoundland and Labrador",2.209.6,v44365488
2008,0.00,"Newfoundland and Labrador",2.209.6,v44365488
2009,0.00,"Newfoundland and Labrador",2.209.6,v44365488
2010,0.00,"Newfoundland and Labrador",2.209.6,v44365488
2011,0.00,"Newfoundland and Labrador",2.209.6,v44365488
2012,0.00,"Newfoundland and Labrador",2.209.6,v44365488
2013,0.00,"Newfoundland and Labrador",2.209.6,v44365488
2014,0.00,"Newfoundland and Labrador",2.209.6,v44365488
2015,0.00,"Newfoundland and Labrador",2.209.6,v44365488
1998,0.00,"St. John's, Newfoundland and Labrador",3.209.6,v44348933
1999,..,"St. John's, Newfoundland and Labrador",3.209.6,v44348933
2000,..,"St. John's, Newfoundland and Labrador",3.209.6,v44348933
2001,..,"St. John's, Newfoundland and Labrador",3.209.6,v44348933
2002,..,"St. John's, Newfoundland and Labrador",3.209.6,v44348933
2003,..,"St. John's, Newfoundland and Labrador",3.209.6,v44348933
2004,..,"St. John's, Newfoundland and Labrador",3.209.6,v44348933
2005,..,"St. John's, Newfoundland and Labrador",3.209.6,v44348933
2006,0.00,"St. John's, Newfoundland and Labrador",3.209.6,v44348933
2007,0.00,"St. John's, Newfoundland and Labrador",3.209.6,v44348933
2008,0.00,"St. John's, Newfoundland and Labrador",3.209.6,v44348933
2009,0.00,"St. John's, Newfoundland and Labrador",3.209.6,v44348933
2010,0.00,"St. John's, Newfoundland and Labrador",3.209.6,v44348933
2011,0.00,"St. John's, Newfoundland and Labrador",3.209.6,v44348933
2012,0.00,"St. John's, Newfoundland and Labrador",3.209.6,v44348933
2013,0.00,"St. John's, Newfoundland and Labrador",3.209.6,v44348933
2014,0.00,"St. John's, Newfoundland and Labrador",3.209.6,v44348933
2015,0.00,"St. John's, Newfoundland and Labrador",3.209.6,v44348933
1998,0.00,"Prince Edward Island",4.209.6,v44405811
1999,0.00,"Prince Edward Island",4.209.6,v44405811
2000,0.00,"Prince Edward Island",4.209.6,v44405811
2001,0.00,"Prince Edward Island",4.209.6,v44405811
2002,0.00,"Prince Edward Island",4.209.6,v44405811
2003,0.00,"Prince Edward Island",4.209.6,v44405811
2004,0.00,"Prince Edward Island",4.209.6,v44405811
2005,0.00,"Prince Edward Island",4.209.6,v44405811
2006,0.00,"Prince Edward Island",4.209.6,v44405811
2007,0.00,"Prince Edward Island",4.209.6,v44405811
2008,0.00,"Prince Edward Island",4.209.6,v44405811
2009,0.00,"Prince Edward Island",4.209.6,v44405811
2010,0.00,"Prince Edward Island",4.209.6,v44405811
2011,0.00,"Prince Edward Island",4.209.6,v44405811
2012,0.00,"Prince Edward Island",4.209.6,v44405811
2013,0.00,"Prince Edward Island",4.209.6,v44405811
2014,0.00,"Prince Edward Island",4.209.6,v44405811
2015,0.00,"Prince Edward Island",4.209.6,v44405811
1998,0.00,"Nova Scotia",5.209.6,v44357307
1999,0.00,"Nova Scotia",5.209.6,v44357307
2000,0.00,"Nova Scotia",5.209.6,v44357307
2001,0.00,"Nova Scotia",5.209.6,v44357307
2002,0.00,"Nova Scotia",5.209.6,v44357307
2003,0.00,"Nova Scotia",5.209.6,v44357307
2004,0.00,"Nova Scotia",5.209.6,v44357307
2005,0.00,"Nova Scotia",5.209.6,v44357307
2006,0.00,"Nova Scotia",5.209.6,v44357307
2007,0.00,"Nova Scotia",5.209.6,v44357307
2008,0.00,"Nova Scotia",5.209.6,v44357307
2009,0.00,"Nova Scotia",5.209.6,v44357307
2010,0.00,"Nova Scotia",5.209.6,v44357307
2011,0.00,"Nova Scotia",5.209.6,v44357307
2012,1.00,"Nova Scotia",5.209.6,v44357307
2013,0.00,"Nova Scotia",5.209.6,v44357307
2014,0.00,"Nova Scotia",5.209.6,v44357307
2015,0.00,"Nova Scotia",5.209.6,v44357307
1998,0.00,"Halifax, Nova Scotia",6.209.6,v44354304
1999,0.00,"Halifax, Nova Scotia",6.209.6,v44354304
2000,0.00,"Halifax, Nova Scotia",6.209.6,v44354304
2001,0.00,"Halifax, Nova Scotia",6.209.6,v44354304
2002,0.00,"Halifax, Nova Scotia",6.209.6,v44354304
2003,0.00,"Halifax, Nova Scotia",6.209.6,v44354304
2004,0.00,"Halifax, Nova Scotia",6.209.6,v44354304
2005,0.00,"Halifax, Nova Scotia",6.209.6,v44354304
2006,0.00,"Halifax, Nova Scotia",6.209.6,v44354304
2007,0.00,"Halifax, Nova Scotia",6.209.6,v44354304
2008,0.00,"Halifax, Nova Scotia",6.209.6,v44354304
2009,0.00,"Halifax, Nova Scotia",6.209.6,v44354304
2010,0.00,"Halifax, Nova Scotia",6.209.6,v44354304
2011,0.00,"Halifax, Nova Scotia",6.209.6,v44354304
2012,0.00,"Halifax, Nova Scotia",6.209.6,v44354304
2013,0.00,"Halifax, Nova Scotia",6.209.6,v44354304
2014,0.00,"Halifax, Nova Scotia",6.209.6,v44354304
2015,0.00,"Halifax, Nova Scotia",6.209.6,v44354304
1998,0.00,"New Brunswick",7.209.6,v44397998
1999,0.00,"New Brunswick",7.209.6,v44397998
2000,0.00,"New Brunswick",7.209.6,v44397998
2001,0.00,"New Brunswick",7.209.6,v44397998
2002,0.00,"New Brunswick",7.209.6,v44397998
2003,0.00,"New Brunswick",7.209.6,v44397998
2004,0.00,"New Brunswick",7.209.6,v44397998
2005,0.00,"New Brunswick",7.209.6,v44397998
2006,0.00,"New Brunswick",7.209.6,v44397998
2007,0.00,"New Brunswick",7.209.6,v44397998
2008,0.00,"New Brunswick",7.209.6,v44397998
2009,0.00,"New Brunswick",7.209.6,v44397998
2010,0.00,"New Brunswick",7.209.6,v44397998
2011,0.00,"New Brunswick",7.209.6,v44397998
2012,0.00,"New Brunswick",7.209.6,v44397998
2013,0.00,"New Brunswick",7.209.6,v44397998
2014,0.00,"New Brunswick",7.209.6,v44397998
2015,0.00,"New Brunswick",7.209.6,v44397998
2006,0.00,"Moncton, New Brunswick",43.209.6,v62127920
2007,0.00,"Moncton, New Brunswick",43.209.6,v62127920
2008,0.00,"Moncton, New Brunswick",43.209.6,v62127920
2009,0.00,"Moncton, New Brunswick",43.209.6,v62127920
2010,0.00,"Moncton, New Brunswick",43.209.6,v62127920
2011,0.00,"Moncton, New Brunswick",43.209.6,v62127920
2012,0.00,"Moncton, New Brunswick",43.209.6,v62127920
2013,0.00,"Moncton, New Brunswick",43.209.6,v62127920
2014,0.00,"Moncton, New Brunswick",43.209.6,v62127920
2015,0.00,"Moncton, New Brunswick",43.209.6,v62127920
1998,0.00,"Saint John, New Brunswick",8.209.6,v44372087
1999,0.00,"Saint John, New Brunswick",8.209.6,v44372087
2000,0.00,"Saint John, New Brunswick",8.209.6,v44372087
2001,0.00,"Saint John, New Brunswick",8.209.6,v44372087
2002,0.00,"Saint John, New Brunswick",8.209.6,v44372087
2003,0.00,"Saint John, New Brunswick",8.209.6,v44372087
2004,0.00,"Saint John, New Brunswick",8.209.6,v44372087
2005,0.00,"Saint John, New Brunswick",8.209.6,v44372087
2006,0.00,"Saint John, New Brunswick",8.209.6,v44372087
2007,0.00,"Saint John, New Brunswick",8.209.6,v44372087
2008,0.00,"Saint John, New Brunswick",8.209.6,v44372087
2009,0.00,"Saint John, New Brunswick",8.209.6,v44372087
2010,0.00,"Saint John, New Brunswick",8.209.6,v44372087
2011,0.00,"Saint John, New Brunswick",8.209.6,v44372087
2012,0.00,"Saint John, New Brunswick",8.209.6,v44372087
2013,0.00,"Saint John, New Brunswick",8.209.6,v44372087
2014,0.00,"Saint John, New Brunswick",8.209.6,v44372087
2015,0.00,"Saint John, New Brunswick",8.209.6,v44372087
1998,0.00,"Quebec",9.209.6,v44410035
1999,0.00,"Quebec",9.209.6,v44410035
2000,0.00,"Quebec",9.209.6,v44410035
2001,0.00,"Quebec",9.209.6,v44410035
2002,0.00,"Quebec",9.209.6,v44410035
2003,0.00,"Quebec",9.209.6,v44410035
2004,0.00,"Quebec",9.209.6,v44410035
2005,0.00,"Quebec",9.209.6,v44410035
2006,0.00,"Quebec",9.209.6,v44410035
2007,0.00,"Quebec",9.209.6,v44410035
2008,0.00,"Quebec",9.209.6,v44410035
2009,1.00,"Quebec",9.209.6,v44410035
2010,0.00,"Quebec",9.209.6,v44410035
2011,0.00,"Quebec",9.209.6,v44410035
2012,0.00,"Quebec",9.209.6,v44410035
2013,1.00,"Quebec",9.209.6,v44410035
2014,0.00,"Quebec",9.209.6,v44410035
2015,1.00,"Quebec",9.209.6,v44410035
1998,0.00,"Saguenay, Quebec",10.209.6,v44347738
1999,0.00,"Saguenay, Quebec",10.209.6,v44347738
2000,0.00,"Saguenay, Quebec",10.209.6,v44347738
2001,0.00,"Saguenay, Quebec",10.209.6,v44347738
2002,..,"Saguenay, Quebec",10.209.6,v44347738
2003,0.00,"Saguenay, Quebec",10.209.6,v44347738
2004,0.00,"Saguenay, Quebec",10.209.6,v44347738
2005,0.00,"Saguenay, Quebec",10.209.6,v44347738
2006,0.00,"Saguenay, Quebec",10.209.6,v44347738
2007,0.00,"Saguenay, Quebec",10.209.6,v44347738
2008,0.00,"Saguenay, Quebec",10.209.6,v44347738
2009,0.00,"Saguenay, Quebec",10.209.6,v44347738
2010,0.00,"Saguenay, Quebec",10.209.6,v44347738
2011,0.00,"Saguenay, Quebec",10.209.6,v44347738
2012,0.00,"Saguenay, Quebec",10.209.6,v44347738
2013,0.00,"Saguenay, Quebec",10.209.6,v44347738
2014,0.00,"Saguenay, Quebec",10.209.6,v44347738
2015,0.00,"Saguenay, Quebec",10.209.6,v44347738
1998,0.00,"Sherbrooke, Quebec",12.209.6,v44385032
1999,0.00,"Sherbrooke, Quebec",12.209.6,v44385032
2000,0.00,"Sherbrooke, Quebec",12.209.6,v44385032
2001,0.00,"Sherbrooke, Quebec",12.209.6,v44385032
2002,0.00,"Sherbrooke, Quebec",12.209.6,v44385032
2003,0.00,"Sherbrooke, Quebec",12.209.6,v44385032
2004,..,"Sherbrooke, Quebec",12.209.6,v44385032
2005,..,"Sherbrooke, Quebec",12.209.6,v44385032
2006,0.00,"Sherbrooke, Quebec",12.209.6,v44385032
2007,0.00,"Sherbrooke, Quebec",12.209.6,v44385032
2008,0.00,"Sherbrooke, Quebec",12.209.6,v44385032
2009,0.00,"Sherbrooke, Quebec",12.209.6,v44385032
2010,0.00,"Sherbrooke, Quebec",12.209.6,v44385032
2011,0.00,"Sherbrooke, Quebec",12.209.6,v44385032
2012,0.00,"Sherbrooke, Quebec",12.209.6,v44385032
2013,0.00,"Sherbrooke, Quebec",12.209.6,v44385032
2014,0.00,"Sherbrooke, Quebec",12.209.6,v44385032
2015,0.00,"Sherbrooke, Quebec",12.209.6,v44385032
1998,0.00,"Ottawa-Gatineau, Quebec part",15.209.6,v44342483
1999,0.00,"Ottawa-Gatineau, Quebec part",15.209.6,v44342483
2000,0.00,"Ottawa-Gatineau, Quebec part",15.209.6,v44342483
2001,0.00,"Ottawa-Gatineau, Quebec part",15.209.6,v44342483
2002,..,"Ottawa-Gatineau, Quebec part",15.209.6,v44342483
2003,0.00,"Ottawa-Gatineau, Quebec part",15.209.6,v44342483
2004,..,"Ottawa-Gatineau, Quebec part",15.209.6,v44342483
2005,0.00,"Ottawa-Gatineau, Quebec part",15.209.6,v44342483
2006,0.00,"Ottawa-Gatineau, Quebec part",15.209.6,v44342483
2007,0.00,"Ottawa-Gatineau, Quebec part",15.209.6,v44342483
2008,0.00,"Ottawa-Gatineau, Quebec part",15.209.6,v44342483
2009,0.00,"Ottawa-Gatineau, Quebec part",15.209.6,v44342483
2010,0.00,"Ottawa-Gatineau, Quebec part",15.209.6,v44342483
2011,0.00,"Ottawa-Gatineau, Quebec part",15.209.6,v44342483
2012,0.00,"Ottawa-Gatineau, Quebec part",15.209.6,v44342483
2013,0.00,"Ottawa-Gatineau, Quebec part",15.209.6,v44342483
2014,0.00,"Ottawa-Gatineau, Quebec part",15.209.6,v44342483
2015,0.00,"Ottawa-Gatineau, Quebec part",15.209.6,v44342483
1998,1.00,"Ontario",16.209.6,v44401092
1999,11.00,"Ontario",16.209.6,v44401092
2000,1.00,"Ontario",16.209.6,v44401092
2001,1.00,"Ontario",16.209.6,v44401092
2002,0.00,"Ontario",16.209.6,v44401092
2003,8.00,"Ontario",16.209.6,v44401092
2004,5.00,"Ontario",16.209.6,v44401092
2005,0.00,"Ontario",16.209.6,v44401092
2006,1.00,"Ontario",16.209.6,v44401092
2007,1.00,"Ontario",16.209.6,v44401092
2008,1.00,"Ontario",16.209.6,v44401092
2009,3.00,"Ontario",16.209.6,v44401092
2010,2.00,"Ontario",16.209.6,v44401092
2011,1.00,"Ontario",16.209.6,v44401092
2012,3.00,"Ontario",16.209.6,v44401092
2013,2.00,"Ontario",16.209.6,v44401092
2014,1.00,"Ontario",16.209.6,v44401092
2015,0.00,"Ontario",16.209.6,v44401092
1998,0.00,"Ottawa-Gatineau, Ontario/Quebec",17.209.6,v52149148
1999,0.00,"Ottawa-Gatineau, Ontario/Quebec",17.209.6,v52149148
2000,0.00,"Ottawa-Gatineau, Ontario/Quebec",17.209.6,v52149148
2001,0.00,"Ottawa-Gatineau, Ontario/Quebec",17.209.6,v52149148
2002,..,"Ottawa-Gatineau, Ontario/Quebec",17.209.6,v52149148
2003,0.00,"Ottawa-Gatineau, Ontario/Quebec",17.209.6,v52149148
2004,0.00,"Ottawa-Gatineau, Ontario/Quebec",17.209.6,v52149148
2005,0.00,"Ottawa-Gatineau, Ontario/Quebec",17.209.6,v52149148
2006,0.00,"Ottawa-Gatineau, Ontario/Quebec",17.209.6,v52149148
2007,0.00,"Ottawa-Gatineau, Ontario/Quebec",17.209.6,v52149148
2008,0.00,"Ottawa-Gatineau, Ontario/Quebec",17.209.6,v52149148
2009,0.00,"Ottawa-Gatineau, Ontario/Quebec",17.209.6,v52149148
2010,0.00,"Ottawa-Gatineau, Ontario/Quebec",17.209.6,v52149148
2011,0.00,"Ottawa-Gatineau, Ontario/Quebec",17.209.6,v52149148
2012,0.00,"Ottawa-Gatineau, Ontario/Quebec",17.209.6,v52149148
2013,0.00,"Ottawa-Gatineau, Ontario/Quebec",17.209.6,v52149148
2014,0.00,"Ottawa-Gatineau, Ontario/Quebec",17.209.6,v52149148
2015,0.00,"Ottawa-Gatineau, Ontario/Quebec",17.209.6,v52149148
1998,0.00,"Ottawa-Gatineau, Ontario part",18.209.6,v44370092
1999,0.00,"Ottawa-Gatineau, Ontario part",18.209.6,v44370092
2000,0.00,"Ottawa-Gatineau, Ontario part",18.209.6,v44370092
2001,0.00,"Ottawa-Gatineau, Ontario part",18.209.6,v44370092
2002,..,"Ottawa-Gatineau, Ontario part",18.209.6,v44370092
2003,..,"Ottawa-Gatineau, Ontario part",18.209.6,v44370092
2004,0.00,"Ottawa-Gatineau, Ontario part",18.209.6,v44370092
2005,0.00,"Ottawa-Gatineau, Ontario part",18.209.6,v44370092
2006,0.00,"Ottawa-Gatineau, Ontario part",18.209.6,v44370092
2007,0.00,"Ottawa-Gatineau, Ontario part",18.209.6,v44370092
2008,0.00,"Ottawa-Gatineau, Ontario part",18.209.6,v44370092
2009,0.00,"Ottawa-Gatineau, Ontario part",18.209.6,v44370092
2010,0.00,"Ottawa-Gatineau, Ontario part",18.209.6,v44370092
2011,0.00,"Ottawa-Gatineau, Ontario part",18.209.6,v44370092
2012,0.00,"Ottawa-Gatineau, Ontario part",18.209.6,v44370092
2013,0.00,"Ottawa-Gatineau, Ontario part",18.209.6,v44370092
2014,0.00,"Ottawa-Gatineau, Ontario part",18.209.6,v44370092
2015,0.00,"Ottawa-Gatineau, Ontario part",18.209.6,v44370092
2000,..,"Kingston, Ontario",27.209.6,v44350546
2001,0.00,"Kingston, Ontario",27.209.6,v44350546
2002,0.00,"Kingston, Ontario",27.209.6,v44350546
2003,0.00,"Kingston, Ontario",27.209.6,v44350546
2004,0.00,"Kingston, Ontario",27.209.6,v44350546
2005,0.00,"Kingston, Ontario",27.209.6,v44350546
2006,0.00,"Kingston, Ontario",27.209.6,v44350546
2007,0.00,"Kingston, Ontario",27.209.6,v44350546
2008,0.00,"Kingston, Ontario",27.209.6,v44350546
2009,0.00,"Kingston, Ontario",27.209.6,v44350546
2010,0.00,"Kingston, Ontario",27.209.6,v44350546
2011,0.00,"Kingston, Ontario",27.209.6,v44350546
2012,0.00,"Kingston, Ontario",27.209.6,v44350546
2013,0.00,"Kingston, Ontario",27.209.6,v44350546
2014,0.00,"Kingston, Ontario",27.209.6,v44350546
2015,0.00,"Kingston, Ontario",27.209.6,v44350546
2005,..,"Peterborough, Ontario",44.209.6,v52126040
2006,0.00,"Peterborough, Ontario",44.209.6,v52126040
2007,0.00,"Peterborough, Ontario",44.209.6,v52126040
2008,0.00,"Peterborough, Ontario",44.209.6,v52126040
2009,0.00,"Peterborough, Ontario",44.209.6,v52126040
2010,0.00,"Peterborough, Ontario",44.209.6,v52126040
2011,0.00,"Peterborough, Ontario",44.209.6,v52126040
2012,0.00,"Peterborough, Ontario",44.209.6,v52126040
2013,0.00,"Peterborough, Ontario",44.209.6,v52126040
2014,0.00,"Peterborough, Ontario",44.209.6,v52126040
2015,0.00,"Peterborough, Ontario",44.209.6,v52126040
1998,0.00,"Toronto, Ontario",19.209.6,v44413962
1999,0.00,"Toronto, Ontario",19.209.6,v44413962
2000,0.00,"Toronto, Ontario",19.209.6,v44413962
2001,0.00,"Toronto, Ontario",19.209.6,v44413962
2002,0.00,"Toronto, Ontario",19.209.6,v44413962
2003,0.00,"Toronto, Ontario",19.209.6,v44413962
2004,0.00,"Toronto, Ontario",19.209.6,v44413962
2005,0.00,"Toronto, Ontario",19.209.6,v44413962
2006,0.00,"Toronto, Ontario",19.209.6,v44413962
2007,0.00,"Toronto, Ontario",19.209.6,v44413962
2008,0.00,"Toronto, Ontario",19.209.6,v44413962
2009,0.00,"Toronto, Ontario",19.209.6,v44413962
2010,0.00,"Toronto, Ontario",19.209.6,v44413962
2011,0.00,"Toronto, Ontario",19.209.6,v44413962
2012,0.00,"Toronto, Ontario",19.209.6,v44413962
2013,0.00,"Toronto, Ontario",19.209.6,v44413962
2014,0.00,"Toronto, Ontario",19.209.6,v44413962
2015,0.00,"Toronto, Ontario",19.209.6,v44413962
1998,0.00,"Hamilton, Ontario",20.209.6,v44326223
1999,0.00,"Hamilton, Ontario",20.209.6,v44326223
2000,0.00,"Hamilton, Ontario",20.209.6,v44326223
2001,0.00,"Hamilton, Ontario",20.209.6,v44326223
2002,0.00,"Hamilton, Ontario",20.209.6,v44326223
2003,0.00,"Hamilton, Ontario",20.209.6,v44326223
2004,0.00,"Hamilton, Ontario",20.209.6,v44326223
2005,0.00,"Hamilton, Ontario",20.209.6,v44326223
2006,0.00,"Hamilton, Ontario",20.209.6,v44326223
2007,0.00,"Hamilton, Ontario",20.209.6,v44326223
2008,0.00,"Hamilton, Ontario",20.209.6,v44326223
2009,0.00,"Hamilton, Ontario",20.209.6,v44326223
2010,0.00,"Hamilton, Ontario",20.209.6,v44326223
2011,0.00,"Hamilton, Ontario",20.209.6,v44326223
2012,0.00,"Hamilton, Ontario",20.209.6,v44326223
2013,0.00,"Hamilton, Ontario",20.209.6,v44326223
2014,0.00,"Hamilton, Ontario",20.209.6,v44326223
2015,0.00,"Hamilton, Ontario",20.209.6,v44326223
2000,..,"St.Catharines-Niagara, Ontario",21.209.6,v44377675
2001,0.00,"St.Catharines-Niagara, Ontario",21.209.6,v44377675
2002,0.00,"St.Catharines-Niagara, Ontario",21.209.6,v44377675
2003,0.00,"St.Catharines-Niagara, Ontario",21.209.6,v44377675
2004,0.00,"St.Catharines-Niagara, Ontario",21.209.6,v44377675
2005,..,"St.Catharines-Niagara, Ontario",21.209.6,v44377675
2006,0.00,"St.Catharines-Niagara, Ontario",21.209.6,v44377675
2007,0.00,"St.Catharines-Niagara, Ontario",21.209.6,v44377675
2008,0.00,"St.Catharines-Niagara, Ontario",21.209.6,v44377675
2009,0.00,"St.Catharines-Niagara, Ontario",21.209.6,v44377675
2010,0.00,"St.Catharines-Niagara, Ontario",21.209.6,v44377675
2011,0.00,"St.Catharines-Niagara, Ontario",21.209.6,v44377675
2012,0.00,"St.Catharines-Niagara, Ontario",21.209.6,v44377675
2013,0.00,"St.Catharines-Niagara, Ontario",21.209.6,v44377675
2014,1.00,"St.Catharines-Niagara, Ontario",21.209.6,v44377675
2015,0.00,"St.Catharines-Niagara, Ontario",21.209.6,v44377675
1998,0.00,"Kitchener-Cambridge-Waterloo, Ontario",22.209.6,v44417087
1999,0.00,"Kitchener-Cambridge-Waterloo, Ontario",22.209.6,v44417087
2000,0.00,"Kitchener-Cambridge-Waterloo, Ontario",22.209.6,v44417087
2001,..,"Kitchener-Cambridge-Waterloo, Ontario",22.209.6,v44417087
2002,0.00,"Kitchener-Cambridge-Waterloo, Ontario",22.209.6,v44417087
2003,..,"Kitchener-Cambridge-Waterloo, Ontario",22.209.6,v44417087
2004,..,"Kitchener-Cambridge-Waterloo, Ontario",22.209.6,v44417087
2005,0.00,"Kitchener-Cambridge-Waterloo, Ontario",22.209.6,v44417087
2006,0.00,"Kitchener-Cambridge-Waterloo, Ontario",22.209.6,v44417087
2007,0.00,"Kitchener-Cambridge-Waterloo, Ontario",22.209.6,v44417087
2008,0.00,"Kitchener-Cambridge-Waterloo, Ontario",22.209.6,v44417087
2009,0.00,"Kitchener-Cambridge-Waterloo, Ontario",22.209.6,v44417087
2010,0.00,"Kitchener-Cambridge-Waterloo, Ontario",22.209.6,v44417087
2011,0.00,"Kitchener-Cambridge-Waterloo, Ontario",22.209.6,v44417087
2012,0.00,"Kitchener-Cambridge-Waterloo, Ontario",22.209.6,v44417087
2013,0.00,"Kitchener-Cambridge-Waterloo, Ontario",22.209.6,v44417087
2014,0.00,"Kitchener-Cambridge-Waterloo, Ontario",22.209.6,v44417087
2015,0.00,"Kitchener-Cambridge-Waterloo, Ontario",22.209.6,v44417087
2005,..,"Brantford, Ontario",45.209.6,v52126617
2006,0.00,"Brantford, Ontario",45.209.6,v52126617
2007,0.00,"Brantford, Ontario",45.209.6,v52126617
2008,0.00,"Brantford, Ontario",45.209.6,v52126617
2009,0.00,"Brantford, Ontario",45.209.6,v52126617
2010,0.00,"Brantford, Ontario",45.209.6,v52126617
2011,0.00,"Brantford, Ontario",45.209.6,v52126617
2012,0.00,"Brantford, Ontario",45.209.6,v52126617
2013,0.00,"Brantford, Ontario",45.209.6,v52126617
2014,0.00,"Brantford, Ontario",45.209.6,v52126617
2015,0.00,"Brantford, Ontario",45.209.6,v52126617
2005,..,"Guelph, Ontario",46.209.6,v52125578
2006,0.00,"Guelph, Ontario",46.209.6,v52125578
2007,0.00,"Guelph, Ontario",46.209.6,v52125578
2008,0.00,"Guelph, Ontario",46.209.6,v52125578
2009,0.00,"Guelph, Ontario",46.209.6,v52125578
2010,0.00,"Guelph, Ontario",46.209.6,v52125578
2011,0.00,"Guelph, Ontario",46.209.6,v52125578
2012,0.00,"Guelph, Ontario",46.209.6,v52125578
2013,0.00,"Guelph, Ontario",46.209.6,v52125578
2014,0.00,"Guelph, Ontario",46.209.6,v52125578
2015,0.00,"Guelph, Ontario",46.209.6,v52125578
1998,0.00,"London, Ontario",23.209.6,v44370178
1999,0.00,"London, Ontario",23.209.6,v44370178
2000,0.00,"London, Ontario",23.209.6,v44370178
2001,..,"London, Ontario",23.209.6,v44370178
2002,0.00,"London, Ontario",23.209.6,v44370178
2003,0.00,"London, Ontario",23.209.6,v44370178
2004,0.00,"London, Ontario",23.209.6,v44370178
2005,0.00,"London, Ontario",23.209.6,v44370178
2006,0.00,"London, Ontario",23.209.6,v44370178
2007,0.00,"London, Ontario",23.209.6,v44370178
2008,0.00,"London, Ontario",23.209.6,v44370178
2009,0.00,"London, Ontario",23.209.6,v44370178
2010,0.00,"London, Ontario",23.209.6,v44370178
2011,0.00,"London, Ontario",23.209.6,v44370178
2012,0.00,"London, Ontario",23.209.6,v44370178
2013,0.00,"London, Ontario",23.209.6,v44370178
2014,0.00,"London, Ontario",23.209.6,v44370178
2015,0.00,"London, Ontario",23.209.6,v44370178
1998,0.00,"Windsor, Ontario",24.209.6,v44326950
1999,0.00,"Windsor, Ontario",24.209.6,v44326950
2000,0.00,"Windsor, Ontario",24.209.6,v44326950
2001,0.00,"Windsor, Ontario",24.209.6,v44326950
2002,0.00,"Windsor, Ontario",24.209.6,v44326950
2003,0.00,"Windsor, Ontario",24.209.6,v44326950
2004,0.00,"Windsor, Ontario",24.209.6,v44326950
2005,0.00,"Windsor, Ontario",24.209.6,v44326950
2006,0.00,"Windsor, Ontario",24.209.6,v44326950
2007,0.00,"Windsor, Ontario",24.209.6,v44326950
2008,0.00,"Windsor, Ontario",24.209.6,v44326950
2009,0.00,"Windsor, Ontario",24.209.6,v44326950
2010,0.00,"Windsor, Ontario",24.209.6,v44326950
2011,0.00,"Windsor, Ontario",24.209.6,v44326950
2012,0.00,"Windsor, Ontario",24.209.6,v44326950
2013,0.00,"Windsor, Ontario",24.209.6,v44326950
2014,0.00,"Windsor, Ontario",24.209.6,v44326950
2015,0.00,"Windsor, Ontario",24.209.6,v44326950
2005,..,"Barrie, Ontario",47.209.6,v52146551
2006,0.00,"Barrie, Ontario",47.209.6,v52146551
2007,0.00,"Barrie, Ontario",47.209.6,v52146551
2008,0.00,"Barrie, Ontario",47.209.6,v52146551
2009,0.00,"Barrie, Ontario",47.209.6,v52146551
2010,0.00,"Barrie, Ontario",47.209.6,v52146551
2011,0.00,"Barrie, Ontario",47.209.6,v52146551
2012,0.00,"Barrie, Ontario",47.209.6,v52146551
2013,0.00,"Barrie, Ontario",47.209.6,v52146551
2014,0.00,"Barrie, Ontario",47.209.6,v52146551
2015,0.00,"Barrie, Ontario",47.209.6,v52146551
1998,0.00,"Sudbury, Ontario",25.209.6,v44408702
1999,0.00,"Sudbury, Ontario",25.209.6,v44408702
2000,0.00,"Sudbury, Ontario",25.209.6,v44408702
2001,0.00,"Sudbury, Ontario",25.209.6,v44408702
2002,0.00,"Sudbury, Ontario",25.209.6,v44408702
2003,..,"Sudbury, Ontario",25.209.6,v44408702
2004,..,"Sudbury, Ontario",25.209.6,v44408702
2005,..,"Sudbury, Ontario",25.209.6,v44408702
2006,0.00,"Sudbury, Ontario",25.209.6,v44408702
2007,0.00,"Sudbury, Ontario",25.209.6,v44408702
2008,0.00,"Sudbury, Ontario",25.209.6,v44408702
2009,0.00,"Sudbury, Ontario",25.209.6,v44408702
2010,0.00,"Sudbury, Ontario",25.209.6,v44408702
2011,0.00,"Sudbury, Ontario",25.209.6,v44408702
2012,0.00,"Sudbury, Ontario",25.209.6,v44408702
2013,0.00,"Sudbury, Ontario",25.209.6,v44408702
2014,0.00,"Sudbury, Ontario",25.209.6,v44408702
2015,0.00,"Sudbury, Ontario",25.209.6,v44408702
1998,0.00,"Thunder Bay, Ontario",26.209.6,v44346866
1999,0.00,"Thunder Bay, Ontario",26.209.6,v44346866
2000,0.00,"Thunder Bay, Ontario",26.209.6,v44346866
2001,0.00,"Thunder Bay, Ontario",26.209.6,v44346866
2002,0.00,"Thunder Bay, Ontario",26.209.6,v44346866
2003,..,"Thunder Bay, Ontario",26.209.6,v44346866
2004,..,"Thunder Bay, Ontario",26.209.6,v44346866
2005,0.00,"Thunder Bay, Ontario",26.209.6,v44346866
2006,0.00,"Thunder Bay, Ontario",26.209.6,v44346866
2007,0.00,"Thunder Bay, Ontario",26.209.6,v44346866
2008,0.00,"Thunder Bay, Ontario",26.209.6,v44346866
2009,0.00,"Thunder Bay, Ontario",26.209.6,v44346866
2010,0.00,"Thunder Bay, Ontario",26.209.6,v44346866
2011,0.00,"Thunder Bay, Ontario",26.209.6,v44346866
2012,0.00,"Thunder Bay, Ontario",26.209.6,v44346866
2013,0.00,"Thunder Bay, Ontario",26.209.6,v44346866
2014,0.00,"Thunder Bay, Ontario",26.209.6,v44346866
2015,0.00,"Thunder Bay, Ontario",26.209.6,v44346866
1998,0.00,"Manitoba",28.209.6,v44385841
1999,2.00,"Manitoba",28.209.6,v44385841
2000,0.00,"Manitoba",28.209.6,v44385841
2001,0.00,"Manitoba",28.209.6,v44385841
2002,0.00,"Manitoba",28.209.6,v44385841
2003,0.00,"Manitoba",28.209.6,v44385841
2004,0.00,"Manitoba",28.209.6,v44385841
2005,0.00,"Manitoba",28.209.6,v44385841
2006,0.00,"Manitoba",28.209.6,v44385841
2007,0.00,"Manitoba",28.209.6,v44385841
2008,0.00,"Manitoba",28.209.6,v44385841
2009,1.00,"Manitoba",28.209.6,v44385841
2010,0.00,"Manitoba",28.209.6,v44385841
2011,0.00,"Manitoba",28.209.6,v44385841
2012,0.00,"Manitoba",28.209.6,v44385841
2013,0.00,"Manitoba",28.209.6,v44385841
2014,0.00,"Manitoba",28.209.6,v44385841
2015,0.00,"Manitoba",28.209.6,v44385841
1998,0.00,"Winnipeg, Manitoba",29.209.6,v44396506
1999,0.00,"Winnipeg, Manitoba",29.209.6,v44396506
2000,0.00,"Winnipeg, Manitoba",29.209.6,v44396506
2001,0.00,"Winnipeg, Manitoba",29.209.6,v44396506
2002,0.00,"Winnipeg, Manitoba",29.209.6,v44396506
2003,0.00,"Winnipeg, Manitoba",29.209.6,v44396506
2004,0.00,"Winnipeg, Manitoba",29.209.6,v44396506
2005,0.00,"Winnipeg, Manitoba",29.209.6,v44396506
2006,0.00,"Winnipeg, Manitoba",29.209.6,v44396506
2007,0.00,"Winnipeg, Manitoba",29.209.6,v44396506
2008,0.00,"Winnipeg, Manitoba",29.209.6,v44396506
2009,1.00,"Winnipeg, Manitoba",29.209.6,v44396506
2010,0.00,"Winnipeg, Manitoba",29.209.6,v44396506
2011,0.00,"Winnipeg, Manitoba",29.209.6,v44396506
2012,0.00,"Winnipeg, Manitoba",29.209.6,v44396506
2013,0.00,"Winnipeg, Manitoba",29.209.6,v44396506
2014,0.00,"Winnipeg, Manitoba",29.209.6,v44396506
2015,0.00,"Winnipeg, Manitoba",29.209.6,v44396506
1998,0.00,"Saskatchewan",30.209.6,v44334571
1999,0.00,"Saskatchewan",30.209.6,v44334571
2000,0.00,"Saskatchewan",30.209.6,v44334571
2001,0.00,"Saskatchewan",30.209.6,v44334571
2002,0.00,"Saskatchewan",30.209.6,v44334571
2003,0.00,"Saskatchewan",30.209.6,v44334571
2004,0.00,"Saskatchewan",30.209.6,v44334571
2005,0.00,"Saskatchewan",30.209.6,v44334571
2006,0.00,"Saskatchewan",30.209.6,v44334571
2007,0.00,"Saskatchewan",30.209.6,v44334571
2008,0.00,"Saskatchewan",30.209.6,v44334571
2009,1.00,"Saskatchewan",30.209.6,v44334571
2010,0.00,"Saskatchewan",30.209.6,v44334571
2011,0.00,"Saskatchewan",30.209.6,v44334571
2012,0.00,"Saskatchewan",30.209.6,v44334571
2013,0.00,"Saskatchewan",30.209.6,v44334571
2014,0.00,"Saskatchewan",30.209.6,v44334571
2015,0.00,"Saskatchewan",30.209.6,v44334571
1998,0.00,"Regina, Saskatchewan",31.209.6,v44357469
1999,0.00,"Regina, Saskatchewan",31.209.6,v44357469
2000,0.00,"Regina, Saskatchewan",31.209.6,v44357469
2001,0.00,"Regina, Saskatchewan",31.209.6,v44357469
2002,0.00,"Regina, Saskatchewan",31.209.6,v44357469
2003,0.00,"Regina, Saskatchewan",31.209.6,v44357469
2004,0.00,"Regina, Saskatchewan",31.209.6,v44357469
2005,0.00,"Regina, Saskatchewan",31.209.6,v44357469
2006,0.00,"Regina, Saskatchewan",31.209.6,v44357469
2007,0.00,"Regina, Saskatchewan",31.209.6,v44357469
2008,0.00,"Regina, Saskatchewan",31.209.6,v44357469
2009,0.00,"Regina, Saskatchewan",31.209.6,v44357469
2010,0.00,"Regina, Saskatchewan",31.209.6,v44357469
2011,0.00,"Regina, Saskatchewan",31.209.6,v44357469
2012,0.00,"Regina, Saskatchewan",31.209.6,v44357469
2013,0.00,"Regina, Saskatchewan",31.209.6,v44357469
2014,0.00,"Regina, Saskatchewan",31.209.6,v44357469
2015,0.00,"Regina, Saskatchewan",31.209.6,v44357469
1998,0.00,"Saskatoon, Saskatchewan",32.209.6,v44330271
1999,0.00,"Saskatoon, Saskatchewan",32.209.6,v44330271
2000,0.00,"Saskatoon, Saskatchewan",32.209.6,v44330271
2001,0.00,"Saskatoon, Saskatchewan",32.209.6,v44330271
2002,0.00,"Saskatoon, Saskatchewan",32.209.6,v44330271
2003,0.00,"Saskatoon, Saskatchewan",32.209.6,v44330271
2004,0.00,"Saskatoon, Saskatchewan",32.209.6,v44330271
2005,0.00,"Saskatoon, Saskatchewan",32.209.6,v44330271
2006,0.00,"Saskatoon, Saskatchewan",32.209.6,v44330271
2007,0.00,"Saskatoon, Saskatchewan",32.209.6,v44330271
2008,0.00,"Saskatoon, Saskatchewan",32.209.6,v44330271
2009,0.00,"Saskatoon, Saskatchewan",32.209.6,v44330271
2010,0.00,"Saskatoon, Saskatchewan",32.209.6,v44330271
2011,0.00,"Saskatoon, Saskatchewan",32.209.6,v44330271
2012,0.00,"Saskatoon, Saskatchewan",32.209.6,v44330271
2013,0.00,"Saskatoon, Saskatchewan",32.209.6,v44330271
2014,0.00,"Saskatoon, Saskatchewan",32.209.6,v44330271
2015,0.00,"Saskatoon, Saskatchewan",32.209.6,v44330271
1998,0.00,"Alberta",33.209.6,v44350737
1999,0.00,"Alberta",33.209.6,v44350737
2000,0.00,"Alberta",33.209.6,v44350737
2001,1.00,"Alberta",33.209.6,v44350737
2002,0.00,"Alberta",33.209.6,v44350737
2003,0.00,"Alberta",33.209.6,v44350737
2004,1.00,"Alberta",33.209.6,v44350737
2005,0.00,"Alberta",33.209.6,v44350737
2006,0.00,"Alberta",33.209.6,v44350737
2007,0.00,"Alberta",33.209.6,v44350737
2008,0.00,"Alberta",33.209.6,v44350737
2009,3.00,"Alberta",33.209.6,v44350737
2010,0.00,"Alberta",33.209.6,v44350737
2011,0.00,"Alberta",33.209.6,v44350737
2012,1.00,"Alberta",33.209.6,v44350737
2013,0.00,"Alberta",33.209.6,v44350737
2014,0.00,"Alberta",33.209.6,v44350737
2015,0.00,"Alberta",33.209.6,v44350737
1998,0.00,"Calgary, Alberta",34.209.6,v44394733
1999,0.00,"Calgary, Alberta",34.209.6,v44394733
2000,0.00,"Calgary, Alberta",34.209.6,v44394733
2001,0.00,"Calgary, Alberta",34.209.6,v44394733
2002,0.00,"Calgary, Alberta",34.209.6,v44394733
2003,0.00,"Calgary, Alberta",34.209.6,v44394733
2004,0.00,"Calgary, Alberta",34.209.6,v44394733
2005,0.00,"Calgary, Alberta",34.209.6,v44394733
2006,0.00,"Calgary, Alberta",34.209.6,v44394733
2007,0.00,"Calgary, Alberta",34.209.6,v44394733
2008,0.00,"Calgary, Alberta",34.209.6,v44394733
2009,0.00,"Calgary, Alberta",34.209.6,v44394733
2010,0.00,"Calgary, Alberta",34.209.6,v44394733
2011,0.00,"Calgary, Alberta",34.209.6,v44394733
2012,0.00,"Calgary, Alberta",34.209.6,v44394733
2013,0.00,"Calgary, Alberta",34.209.6,v44394733
2014,0.00,"Calgary, Alberta",34.209.6,v44394733
2015,0.00,"Calgary, Alberta",34.209.6,v44394733
1998,0.00,"Edmonton, Alberta",35.209.6,v44350079
1999,0.00,"Edmonton, Alberta",35.209.6,v44350079
2000,0.00,"Edmonton, Alberta",35.209.6,v44350079
2001,0.00,"Edmonton, Alberta",35.209.6,v44350079
2002,0.00,"Edmonton, Alberta",35.209.6,v44350079
2003,0.00,"Edmonton, Alberta",35.209.6,v44350079
2004,0.00,"Edmonton, Alberta",35.209.6,v44350079
2005,0.00,"Edmonton, Alberta",35.209.6,v44350079
2006,0.00,"Edmonton, Alberta",35.209.6,v44350079
2007,0.00,"Edmonton, Alberta",35.209.6,v44350079
2008,0.00,"Edmonton, Alberta",35.209.6,v44350079
2009,2.00,"Edmonton, Alberta",35.209.6,v44350079
2010,0.00,"Edmonton, Alberta",35.209.6,v44350079
2011,0.00,"Edmonton, Alberta",35.209.6,v44350079
2012,0.00,"Edmonton, Alberta",35.209.6,v44350079
2013,0.00,"Edmonton, Alberta",35.209.6,v44350079
2014,0.00,"Edmonton, Alberta",35.209.6,v44350079
2015,0.00,"Edmonton, Alberta",35.209.6,v44350079
1998,1.00,"British Columbia",36.209.6,v44327182
1999,1.00,"British Columbia",36.209.6,v44327182
2000,0.00,"British Columbia",36.209.6,v44327182
2001,1.00,"British Columbia",36.209.6,v44327182
2002,0.00,"British Columbia",36.209.6,v44327182
2003,0.00,"British Columbia",36.209.6,v44327182
2004,0.00,"British Columbia",36.209.6,v44327182
2005,0.00,"British Columbia",36.209.6,v44327182
2006,0.00,"British Columbia",36.209.6,v44327182
2007,1.00,"British Columbia",36.209.6,v44327182
2008,1.00,"British Columbia",36.209.6,v44327182
2009,0.00,"British Columbia",36.209.6,v44327182
2010,0.00,"British Columbia",36.209.6,v44327182
2011,1.00,"British Columbia",36.209.6,v44327182
2012,0.00,"British Columbia",36.209.6,v44327182
2013,1.00,"British Columbia",36.209.6,v44327182
2014,0.00,"British Columbia",36.209.6,v44327182
2015,0.00,"British Columbia",36.209.6,v44327182
2005,..,"Kelowna, British Columbia",48.209.6,v52145987
2006,0.00,"Kelowna, British Columbia",48.209.6,v52145987
2007,0.00,"Kelowna, British Columbia",48.209.6,v52145987
2008,0.00,"Kelowna, British Columbia",48.209.6,v52145987
2009,0.00,"Kelowna, British Columbia",48.209.6,v52145987
2010,0.00,"Kelowna, British Columbia",48.209.6,v52145987
2011,0.00,"Kelowna, British Columbia",48.209.6,v52145987
2012,0.00,"Kelowna, British Columbia",48.209.6,v52145987
2013,0.00,"Kelowna, British Columbia",48.209.6,v52145987
2014,0.00,"Kelowna, British Columbia",48.209.6,v52145987
2015,0.00,"Kelowna, British Columbia",48.209.6,v52145987
2000,..,"Abbotsford-Mission, British Columbia",39.209.6,v44357291
2001,0.00,"Abbotsford-Mission, British Columbia",39.209.6,v44357291
2002,0.00,"Abbotsford-Mission, British Columbia",39.209.6,v44357291
2003,0.00,"Abbotsford-Mission, British Columbia",39.209.6,v44357291
2004,0.00,"Abbotsford-Mission, British Columbia",39.209.6,v44357291
2005,0.00,"Abbotsford-Mission, British Columbia",39.209.6,v44357291
2006,0.00,"Abbotsford-Mission, British Columbia",39.209.6,v44357291
2007,0.00,"Abbotsford-Mission, British Columbia",39.209.6,v44357291
2008,0.00,"Abbotsford-Mission, British Columbia",39.209.6,v44357291
2009,0.00,"Abbotsford-Mission, British Columbia",39.209.6,v44357291
2010,0.00,"Abbotsford-Mission, British Columbia",39.209.6,v44357291
2011,0.00,"Abbotsford-Mission, British Columbia",39.209.6,v44357291
2012,0.00,"Abbotsford-Mission, British Columbia",39.209.6,v44357291
2013,0.00,"Abbotsford-Mission, British Columbia",39.209.6,v44357291
2014,0.00,"Abbotsford-Mission, British Columbia",39.209.6,v44357291
2015,0.00,"Abbotsford-Mission, British Columbia",39.209.6,v44357291
1998,0.00,"Vancouver, British Columbia",37.209.6,v44365530
1999,0.00,"Vancouver, British Columbia",37.209.6,v44365530
2000,0.00,"Vancouver, British Columbia",37.209.6,v44365530
2001,0.00,"Vancouver, British Columbia",37.209.6,v44365530
2002,0.00,"Vancouver, British Columbia",37.209.6,v44365530
2003,0.00,"Vancouver, British Columbia",37.209.6,v44365530
2004,0.00,"Vancouver, British Columbia",37.209.6,v44365530
2005,0.00,"Vancouver, British Columbia",37.209.6,v44365530
2006,0.00,"Vancouver, British Columbia",37.209.6,v44365530
2007,1.00,"Vancouver, British Columbia",37.209.6,v44365530
2008,1.00,"Vancouver, British Columbia",37.209.6,v44365530
2009,0.00,"Vancouver, British Columbia",37.209.6,v44365530
2010,0.00,"Vancouver, British Columbia",37.209.6,v44365530
2011,0.00,"Vancouver, British Columbia",37.209.6,v44365530
2012,0.00,"Vancouver, British Columbia",37.209.6,v44365530
2013,0.00,"Vancouver, British Columbia",37.209.6,v44365530
2014,0.00,"Vancouver, British Columbia",37.209.6,v44365530
2015,0.00,"Vancouver, British Columbia",37.209.6,v44365530
1998,0.00,"Victoria, British Columbia",38.209.6,v44391295
1999,0.00,"Victoria, British Columbia",38.209.6,v44391295
2000,0.00,"Victoria, British Columbia",38.209.6,v44391295
2001,0.00,"Victoria, British Columbia",38.209.6,v44391295
2002,0.00,"Victoria, British Columbia",38.209.6,v44391295
2003,0.00,"Victoria, British Columbia",38.209.6,v44391295
2004,0.00,"Victoria, British Columbia",38.209.6,v44391295
2005,0.00,"Victoria, British Columbia",38.209.6,v44391295
2006,0.00,"Victoria, British Columbia",38.209.6,v44391295
2007,0.00,"Victoria, British Columbia",38.209.6,v44391295
2008,0.00,"Victoria, British Columbia",38.209.6,v44391295
2009,0.00,"Victoria, British Columbia",38.209.6,v44391295
2010,0.00,"Victoria, British Columbia",38.209.6,v44391295
2011,0.00,"Victoria, British Columbia",38.209.6,v44391295
2012,0.00,"Victoria, British Columbia",38.209.6,v44391295
2013,0.00,"Victoria, British Columbia",38.209.6,v44391295
2014,0.00,"Victoria, British Columbia",38.209.6,v44391295
2015,0.00,"Victoria, British Columbia",38.209.6,v44391295
1998,0.00,"Yukon",40.209.6,v44359420
1999,0.00,"Yukon",40.209.6,v44359420
2000,0.00,"Yukon",40.209.6,v44359420
2001,0.00,"Yukon",40.209.6,v44359420
2002,0.00,"Yukon",40.209.6,v44359420
2003,0.00,"Yukon",40.209.6,v44359420
2004,0.00,"Yukon",40.209.6,v44359420
2005,0.00,"Yukon",40.209.6,v44359420
2006,0.00,"Yukon",40.209.6,v44359420
2007,0.00,"Yukon",40.209.6,v44359420
2008,0.00,"Yukon",40.209.6,v44359420
2009,0.00,"Yukon",40.209.6,v44359420
2010,0.00,"Yukon",40.209.6,v44359420
2011,0.00,"Yukon",40.209.6,v44359420
2012,0.00,"Yukon",40.209.6,v44359420
2013,0.00,"Yukon",40.209.6,v44359420
2014,0.00,"Yukon",40.209.6,v44359420
2015,0.00,"Yukon",40.209.6,v44359420
1998,0.00,"Northwest Territories",41.209.6,v44387484
1999,0.00,"Northwest Territories",41.209.6,v44387484
2000,0.00,"Northwest Territories",41.209.6,v44387484
2001,0.00,"Northwest Territories",41.209.6,v44387484
2002,0.00,"Northwest Territories",41.209.6,v44387484
2003,0.00,"Northwest Territories",41.209.6,v44387484
2004,0.00,"Northwest Territories",41.209.6,v44387484
2005,0.00,"Northwest Territories",41.209.6,v44387484
2006,0.00,"Northwest Territories",41.209.6,v44387484
2007,0.00,"Northwest Territories",41.209.6,v44387484
2008,0.00,"Northwest Territories",41.209.6,v44387484
2009,0.00,"Northwest Territories",41.209.6,v44387484
2010,0.00,"Northwest Territories",41.209.6,v44387484
2011,0.00,"Northwest Territories",41.209.6,v44387484
2012,0.00,"Northwest Territories",41.209.6,v44387484
2013,0.00,"Northwest Territories",41.209.6,v44387484
2014,0.00,"Northwest Territories",41.209.6,v44387484
2015,0.00,"Northwest Territories",41.209.6,v44387484
1998,..,"Nunavut",42.209.6,v44338234
1999,0.00,"Nunavut",42.209.6,v44338234
2000,0.00,"Nunavut",42.209.6,v44338234
2001,0.00,"Nunavut",42.209.6,v44338234
2002,0.00,"Nunavut",42.209.6,v44338234
2003,0.00,"Nunavut",42.209.6,v44338234
2004,0.00,"Nunavut",42.209.6,v44338234
2005,0.00,"Nunavut",42.209.6,v44338234
2006,0.00,"Nunavut",42.209.6,v44338234
2007,0.00,"Nunavut",42.209.6,v44338234
2008,0.00,"Nunavut",42.209.6,v44338234
2009,0.00,"Nunavut",42.209.6,v44338234
2010,0.00,"Nunavut",42.209.6,v44338234
2011,0.00,"Nunavut",42.209.6,v44338234
2012,0.00,"Nunavut",42.209.6,v44338234
2013,0.00,"Nunavut",42.209.6,v44338234
2014,0.00,"Nunavut",42.209.6,v44338234
2015,0.00,"Nunavut",42.209.6,v44338234
1998,2.00,"Canada",1.209.6,v44348107
1999,14.00,"Canada",1.209.6,v44348107
2000,1.00,"Canada",1.209.6,v44348107
2001,3.00,"Canada",1.209.6,v44348107
2002,0.00,"Canada",1.209.6,v44348107
2003,8.00,"Canada",1.209.6,v44348107
2004,6.00,"Canada",1.209.6,v44348107
2005,0.00,"Canada",1.209.6,v44348107
2006,1.00,"Canada",1.209.6,v44348107
2007,2.00,"Canada",1.209.6,v44348107
2008,2.00,"Canada",1.209.6,v44348107
2009,9.00,"Canada",1.209.6,v44348107
2010,2.00,"Canada",1.209.6,v44348107
2011,2.00,"Canada",1.209.6,v44348107
2012,5.00,"Canada",1.209.6,v44348107
2013,4.00,"Canada",1.209.6,v44348107
2014,1.00,"Canada",1.209.6,v44348107
2015,1.00,"Canada",1.209.6,v44348107
1998,0.00,"Newfoundland and Labrador",2.209.6,v44365488
1999,0.00,"Newfoundland and Labrador",2.209.6,v44365488
2000,0.00,"Newfoundland and Labrador",2.209.6,v44365488
2001,0.00,"Newfoundland and Labrador",2.209.6,v44365488
2002,0.00,"Newfoundland and Labrador",2.209.6,v44365488
2003,0.00,"Newfoundland and Labrador",2.209.6,v44365488
2004,0.00,"Newfoundland and Labrador",2.209.6,v44365488
2005,0.00,"Newfoundland and Labrador",2.209.6,v44365488
2006,0.00,"Newfoundland and Labrador",2.209.6,v44365488
2007,0.00,"Newfoundland and Labrador",2.209.6,v44365488
2008,0.00,"Newfoundland and Labrador",2.209.6,v44365488
2009,0.00,"Newfoundland and Labrador",2.209.6,v44365488
2010,0.00,"Newfoundland and Labrador",2.209.6,v44365488
2011,0.00,"Newfoundland and Labrador",2.209.6,v44365488
2012,0.00,"Newfoundland and Labrador",2.209.6,v44365488
2013,0.00,"Newfoundland and Labrador",2.209.6,v44365488
2014,0.00,"Newfoundland and Labrador",2.209.6,v44365488
2015,0.00,"Newfoundland and Labrador",2.209.6,v44365488
1998,0.00,"St. John's, Newfoundland and Labrador",3.209.6,v44348933
1999,..,"St. John's, Newfoundland and Labrador",3.209.6,v44348933
2000,..,"St. John's, Newfoundland and Labrador",3.209.6,v44348933
2001,..,"St. John's, Newfoundland and Labrador",3.209.6,v44348933
2002,..,"St. John's, Newfoundland and Labrador",3.209.6,v44348933
2003,..,"St. John's, Newfoundland and Labrador",3.209.6,v44348933
2004,..,"St. John's, Newfoundland and Labrador",3.209.6,v44348933
2005,..,"St. John's, Newfoundland and Labrador",3.209.6,v44348933
2006,0.00,"St. John's, Newfoundland and Labrador",3.209.6,v44348933
2007,0.00,"St. John's, Newfoundland and Labrador",3.209.6,v44348933
2008,0.00,"St. John's, Newfoundland and Labrador",3.209.6,v44348933
2009,0.00,"St. John's, Newfoundland and Labrador",3.209.6,v44348933
2010,0.00,"St. John's, Newfoundland and Labrador",3.209.6,v44348933
2011,0.00,"St. John's, Newfoundland and Labrador",3.209.6,v44348933
2012,0.00,"St. John's, Newfoundland and Labrador",3.209.6,v44348933
2013,0.00,"St. John's, Newfoundland and Labrador",3.209.6,v44348933
2014,0.00,"St. John's, Newfoundland and Labrador",3.209.6,v44348933
2015,0.00,"St. John's, Newfoundland and Labrador",3.209.6,v44348933
1998,0.00,"Prince Edward Island",4.209.6,v44405811
1999,0.00,"Prince Edward Island",4.209.6,v44405811
2000,0.00,"Prince Edward Island",4.209.6,v44405811
2001,0.00,"Prince Edward Island",4.209.6,v44405811
2002,0.00,"Prince Edward Island",4.209.6,v44405811
2003,0.00,"Prince Edward Island",4.209.6,v44405811
2004,0.00,"Prince Edward Island",4.209.6,v44405811
2005,0.00,"Prince Edward Island",4.209.6,v44405811
2006,0.00,"Prince Edward Island",4.209.6,v44405811
2007,0.00,"Prince Edward Island",4.209.6,v44405811
2008,0.00,"Prince Edward Island",4.209.6,v44405811
2009,0.00,"Prince Edward Island",4.209.6,v44405811
2010,0.00,"Prince Edward Island",4.209.6,v44405811
2011,0.00,"Prince Edward Island",4.209.6,v44405811
2012,0.00,"Prince Edward Island",4.209.6,v44405811
2013,0.00,"Prince Edward Island",4.209.6,v44405811
2014,0.00,"Prince Edward Island",4.209.6,v44405811
2015,0.00,"Prince Edward Island",4.209.6,v44405811
1998,0.00,"Nova Scotia",5.209.6,v44357307
1999,0.00,"Nova Scotia",5.209.6,v44357307
2000,0.00,"Nova Scotia",5.209.6,v44357307
2001,0.00,"Nova Scotia",5.209.6,v44357307
2002,0.00,"Nova Scotia",5.209.6,v44357307
2003,0.00,"Nova Scotia",5.209.6,v44357307
2004,0.00,"Nova Scotia",5.209.6,v44357307
2005,0.00,"Nova Scotia",5.209.6,v44357307
2006,0.00,"Nova Scotia",5.209.6,v44357307
2007,0.00,"Nova Scotia",5.209.6,v44357307
2008,0.00,"Nova Scotia",5.209.6,v44357307
2009,0.00,"Nova Scotia",5.209.6,v44357307
2010,0.00,"Nova Scotia",5.209.6,v44357307
2011,0.00,"Nova Scotia",5.209.6,v44357307
2012,1.00,"Nova Scotia",5.209.6,v44357307
2013,0.00,"Nova Scotia",5.209.6,v44357307
2014,0.00,"Nova Scotia",5.209.6,v44357307
2015,0.00,"Nova Scotia",5.209.6,v44357307
1998,0.00,"Halifax, Nova Scotia",6.209.6,v44354304
1999,0.00,"Halifax, Nova Scotia",6.209.6,v44354304
2000,0.00,"Halifax, Nova Scotia",6.209.6,v44354304
2001,0.00,"Halifax, Nova Scotia",6.209.6,v44354304
2002,0.00,"Halifax, Nova Scotia",6.209.6,v44354304
2003,0.00,"Halifax, Nova Scotia",6.209.6,v44354304
2004,0.00,"Halifax, Nova Scotia",6.209.6,v44354304
2005,0.00,"Halifax, Nova Scotia",6.209.6,v44354304
2006,0.00,"Halifax, Nova Scotia",6.209.6,v44354304
2007,0.00,"Halifax, Nova Scotia",6.209.6,v44354304
2008,0.00,"Halifax, Nova Scotia",6.209.6,v44354304
2009,0.00,"Halifax, Nova Scotia",6.209.6,v44354304
2010,0.00,"Halifax, Nova Scotia",6.209.6,v44354304
2011,0.00,"Halifax, Nova Scotia",6.209.6,v44354304
2012,0.00,"Halifax, Nova Scotia",6.209.6,v44354304
2013,0.00,"Halifax, Nova Scotia",6.209.6,v44354304
2014,0.00,"Halifax, Nova Scotia",6.209.6,v44354304
2015,0.00,"Halifax, Nova Scotia",6.209.6,v44354304
1998,0.00,"New Brunswick",7.209.6,v44397998
1999,0.00,"New Brunswick",7.209.6,v44397998
2000,0.00,"New Brunswick",7.209.6,v44397998
2001,0.00,"New Brunswick",7.209.6,v44397998
2002,0.00,"New Brunswick",7.209.6,v44397998
2003,0.00,"New Brunswick",7.209.6,v44397998
2004,0.00,"New Brunswick",7.209.6,v44397998
2005,0.00,"New Brunswick",7.209.6,v44397998
2006,0.00,"New Brunswick",7.209.6,v44397998
2007,0.00,"New Brunswick",7.209.6,v44397998
2008,0.00,"New Brunswick",7.209.6,v44397998
2009,0.00,"New Brunswick",7.209.6,v44397998
2010,0.00,"New Brunswick",7.209.6,v44397998
2011,0.00,"New Brunswick",7.209.6,v44397998
2012,0.00,"New Brunswick",7.209.6,v44397998
2013,0.00,"New Brunswick",7.209.6,v44397998
2014,0.00,"New Brunswick",7.209.6,v44397998
2015,0.00,"New Brunswick",7.209.6,v44397998
2006,0.00,"Moncton, New Brunswick",43.209.6,v62127920
2007,0.00,"Moncton, New Brunswick",43.209.6,v62127920
2008,0.00,"Moncton, New Brunswick",43.209.6,v62127920
2009,0.00,"Moncton, New Brunswick",43.209.6,v62127920
2010,0.00,"Moncton, New Brunswick",43.209.6,v62127920
2011,0.00,"Moncton, New Brunswick",43.209.6,v62127920
2012,0.00,"Moncton, New Brunswick",43.209.6,v62127920
2013,0.00,"Moncton, New Brunswick",43.209.6,v62127920
2014,0.00,"Moncton, New Brunswick",43.209.6,v62127920
2015,0.00,"Moncton, New Brunswick",43.209.6,v62127920
1998,0.00,"Saint John, New Brunswick",8.209.6,v44372087
1999,0.00,"Saint John, New Brunswick",8.209.6,v44372087
2000,0.00,"Saint John, New Brunswick",8.209.6,v44372087
2001,0.00,"Saint John, New Brunswick",8.209.6,v44372087
2002,0.00,"Saint John, New Brunswick",8.209.6,v44372087
2003,0.00,"Saint John, New Brunswick",8.209.6,v44372087
2004,0.00,"Saint John, New Brunswick",8.209.6,v44372087
2005,0.00,"Saint John, New Brunswick",8.209.6,v44372087
2006,0.00,"Saint John, New Brunswick",8.209.6,v44372087
2007,0.00,"Saint John, New Brunswick",8.209.6,v44372087
2008,0.00,"Saint John, New Brunswick",8.209.6,v44372087
2009,0.00,"Saint John, New Brunswick",8.209.6,v44372087
2010,0.00,"Saint John, New Brunswick",8.209.6,v44372087
2011,0.00,"Saint John, New Brunswick",8.209.6,v44372087
2012,0.00,"Saint John, New Brunswick",8.209.6,v44372087
2013,0.00,"Saint John, New Brunswick",8.209.6,v44372087
2014,0.00,"Saint John, New Brunswick",8.209.6,v44372087
2015,0.00,"Saint John, New Brunswick",8.209.6,v44372087
1998,0.00,"Quebec",9.209.6,v44410035
1999,0.00,"Quebec",9.209.6,v44410035
2000,0.00,"Quebec",9.209.6,v44410035
2001,0.00,"Quebec",9.209.6,v44410035
2002,0.00,"Quebec",9.209.6,v44410035
2003,0.00,"Quebec",9.209.6,v44410035
2004,0.00,"Quebec",9.209.6,v44410035
2005,0.00,"Quebec",9.209.6,v44410035
2006,0.00,"Quebec",9.209.6,v44410035
2007,0.00,"Quebec",9.209.6,v44410035
2008,0.00,"Quebec",9.209.6,v44410035
2009,1.00,"Quebec",9.209.6,v44410035
2010,0.00,"Quebec",9.209.6,v44410035
2011,0.00,"Quebec",9.209.6,v44410035
2012,0.00,"Quebec",9.209.6,v44410035
2013,1.00,"Quebec",9.209.6,v44410035
2014,0.00,"Quebec",9.209.6,v44410035
2015,1.00,"Quebec",9.209.6,v44410035
1998,0.00,"Saguenay, Quebec",10.209.6,v44347738
1999,0.00,"Saguenay, Quebec",10.209.6,v44347738
2000,0.00,"Saguenay, Quebec",10.209.6,v44347738
2001,0.00,"Saguenay, Quebec",10.209.6,v44347738
2002,..,"Saguenay, Quebec",10.209.6,v44347738
2003,0.00,"Saguenay, Quebec",10.209.6,v44347738
2004,0.00,"Saguenay, Quebec",10.209.6,v44347738
2005,0.00,"Saguenay, Quebec",10.209.6,v44347738
2006,0.00,"Saguenay, Quebec",10.209.6,v44347738
2007,0.00,"Saguenay, Quebec",10.209.6,v44347738
2008,0.00,"Saguenay, Quebec",10.209.6,v44347738
2009,0.00,"Saguenay, Quebec",10.209.6,v44347738
2010,0.00,"Saguenay, Quebec",10.209.6,v44347738
2011,0.00,"Saguenay, Quebec",10.209.6,v44347738
2012,0.00,"Saguenay, Quebec",10.209.6,v44347738
2013,0.00,"Saguenay, Quebec",10.209.6,v44347738
2014,0.00,"Saguenay, Quebec",10.209.6,v44347738
2015,0.00,"Saguenay, Quebec",10.209.6,v44347738
1998,0.00,"Quebec, Quebec",11.209.6,v44367645
1999,0.00,"Quebec, Quebec",11.209.6,v44367645
2000,0.00,"Quebec, Quebec",11.209.6,v44367645
2001,0.00,"Quebec, Quebec",11.209.6,v44367645
2002,0.00,"Quebec, Quebec",11.209.6,v44367645
2003,0.00,"Quebec, Quebec",11.209.6,v44367645
2004,0.00,"Quebec, Quebec",11.209.6,v44367645
2005,0.00,"Quebec, Quebec",11.209.6,v44367645
2006,0.00,"Quebec, Quebec",11.209.6,v44367645
2007,0.00,"Quebec, Quebec",11.209.6,v44367645
2008,0.00,"Quebec, Quebec",11.209.6,v44367645
2009,0.00,"Quebec, Quebec",11.209.6,v44367645
2010,0.00,"Quebec, Quebec",11.209.6,v44367645
2011,0.00,"Quebec, Quebec",11.209.6,v44367645
2012,0.00,"Quebec, Quebec",11.209.6,v44367645
2013,0.00,"Quebec, Quebec",11.209.6,v44367645
2014,0.00,"Quebec, Quebec",11.209.6,v44367645
2015,0.00,"Quebec, Quebec",11.209.6,v44367645
1998,0.00,"Sherbrooke, Quebec",12.209.6,v44385032
1999,0.00,"Sherbrooke, Quebec",12.209.6,v44385032
2000,0.00,"Sherbrooke, Quebec",12.209.6,v44385032
2001,0.00,"Sherbrooke, Quebec",12.209.6,v44385032
2002,0.00,"Sherbrooke, Quebec",12.209.6,v44385032
2003,0.00,"Sherbrooke, Quebec",12.209.6,v44385032
2004,..,"Sherbrooke, Quebec",12.209.6,v44385032
2005,..,"Sherbrooke, Quebec",12.209.6,v44385032
2006,0.00,"Sherbrooke, Quebec",12.209.6,v44385032
2007,0.00,"Sherbrooke, Quebec",12.209.6,v44385032
2008,0.00,"Sherbrooke, Quebec",12.209.6,v44385032
2009,0.00,"Sherbrooke, Quebec",12.209.6,v44385032
2010,0.00,"Sherbrooke, Quebec",12.209.6,v44385032
2011,0.00,"Sherbrooke, Quebec",12.209.6,v44385032
2012,0.00,"Sherbrooke, Quebec",12.209.6,v44385032
2013,0.00,"Sherbrooke, Quebec",12.209.6,v44385032
2014,0.00,"Sherbrooke, Quebec",12.209.6,v44385032
2015,0.00,"Sherbrooke, Quebec",12.209.6,v44385032
1998,0.00,"Montreal, Quebec",14.209.6,v44351616
1999,0.00,"Montreal, Quebec",14.209.6,v44351616
2000,0.00,"Montreal, Quebec",14.209.6,v44351616
2001,0.00,"Montreal, Quebec",14.209.6,v44351616
2002,0.00,"Montreal, Quebec",14.209.6,v44351616
2003,0.00,"Montreal, Quebec",14.209.6,v44351616
2004,0.00,"Montreal, Quebec",14.209.6,v44351616
2005,0.00,"Montreal, Quebec",14.209.6,v44351616
2006,0.00,"Montreal, Quebec",14.209.6,v44351616
2007,0.00,"Montreal, Quebec",14.209.6,v44351616
2008,0.00,"Montreal, Quebec",14.209.6,v44351616
2009,0.00,"Montreal, Quebec",14.209.6,v44351616
2010,0.00,"Montreal, Quebec",14.209.6,v44351616
2011,0.00,"Montreal, Quebec",14.209.6,v44351616
2012,0.00,"Montreal, Quebec",14.209.6,v44351616
2013,0.00,"Montreal, Quebec",14.209.6,v44351616
2014,0.00,"Montreal, Quebec",14.209.6,v44351616
2015,0.00,"Montreal, Quebec",14.209.6,v44351616
1998,0.00,"Ottawa-Gatineau, Quebec part",15.209.6,v44342483
1999,0.00,"Ottawa-Gatineau, Quebec part",15.209.6,v44342483
2000,0.00,"Ottawa-Gatineau, Quebec part",15.209.6,v44342483
2001,0.00,"Ottawa-Gatineau, Quebec part",15.209.6,v44342483
2002,..,"Ottawa-Gatineau, Quebec part",15.209.6,v44342483
2003,0.00,"Ottawa-Gatineau, Quebec part",15.209.6,v44342483
2004,..,"Ottawa-Gatineau, Quebec part",15.209.6,v44342483
2005,0.00,"Ottawa-Gatineau, Quebec part",15.209.6,v44342483
2006,0.00,"Ottawa-Gatineau, Quebec part",15.209.6,v44342483
2007,0.00,"Ottawa-Gatineau, Quebec part",15.209.6,v44342483
2008,0.00,"Ottawa-Gatineau, Quebec part",15.209.6,v44342483
2009,0.00,"Ottawa-Gatineau, Quebec part",15.209.6,v44342483
2010,0.00,"Ottawa-Gatineau, Quebec part",15.209.6,v44342483
2011,0.00,"Ottawa-Gatineau, Quebec part",15.209.6,v44342483
2012,0.00,"Ottawa-Gatineau, Quebec part",15.209.6,v44342483
2013,0.00,"Ottawa-Gatineau, Quebec part",15.209.6,v44342483
2014,0.00,"Ottawa-Gatineau, Quebec part",15.209.6,v44342483
2015,0.00,"Ottawa-Gatineau, Quebec part",15.209.6,v44342483
1998,1.00,"Ontario",16.209.6,v44401092
1999,11.00,"Ontario",16.209.6,v44401092
2000,1.00,"Ontario",16.209.6,v44401092
2001,1.00,"Ontario",16.209.6,v44401092
2002,0.00,"Ontario",16.209.6,v44401092
2003,8.00,"Ontario",16.209.6,v44401092
2004,5.00,"Ontario",16.209.6,v44401092
2005,0.00,"Ontario",16.209.6,v44401092
2006,1.00,"Ontario",16.209.6,v44401092
2007,1.00,"Ontario",16.209.6,v44401092
2008,1.00,"Ontario",16.209.6,v44401092
2009,3.00,"Ontario",16.209.6,v44401092
2010,2.00,"Ontario",16.209.6,v44401092
2011,1.00,"Ontario",16.209.6,v44401092
2012,3.00,"Ontario",16.209.6,v44401092
2013,2.00,"Ontario",16.209.6,v44401092
2014,1.00,"Ontario",16.209.6,v44401092
2015,0.00,"Ontario",16.209.6,v44401092
1998,0.00,"Ottawa-Gatineau, Ontario/Quebec",17.209.6,v52149148
1999,0.00,"Ottawa-Gatineau, Ontario/Quebec",17.209.6,v52149148
2000,0.00,"Ottawa-Gatineau, Ontario/Quebec",17.209.6,v52149148
2001,0.00,"Ottawa-Gatineau, Ontario/Quebec",17.209.6,v52149148
2002,..,"Ottawa-Gatineau, Ontario/Quebec",17.209.6,v52149148
2003,0.00,"Ottawa-Gatineau, Ontario/Quebec",17.209.6,v52149148
2004,0.00,"Ottawa-Gatineau, Ontario/Quebec",17.209.6,v52149148
2005,0.00,"Ottawa-Gatineau, Ontario/Quebec",17.209.6,v52149148
2006,0.00,"Ottawa-Gatineau, Ontario/Quebec",17.209.6,v52149148
2007,0.00,"Ottawa-Gatineau, Ontario/Quebec",17.209.6,v52149148
2008,0.00,"Ottawa-Gatineau, Ontario/Quebec",17.209.6,v52149148
2009,0.00,"Ottawa-Gatineau, Ontario/Quebec",17.209.6,v52149148
2010,0.00,"Ottawa-Gatineau, Ontario/Quebec",17.209.6,v52149148
2011,0.00,"Ottawa-Gatineau, Ontario/Quebec",17.209.6,v52149148
2012,0.00,"Ottawa-Gatineau, Ontario/Quebec",17.209.6,v52149148
2013,0.00,"Ottawa-Gatineau, Ontario/Quebec",17.209.6,v52149148
2014,0.00,"Ottawa-Gatineau, Ontario/Quebec",17.209.6,v52149148
2015,0.00,"Ottawa-Gatineau, Ontario/Quebec",17.209.6,v52149148
1998,0.00,"Ottawa-Gatineau, Ontario part",18.209.6,v44370092
1999,0.00,"Ottawa-Gatineau, Ontario part",18.209.6,v44370092
2000,0.00,"Ottawa-Gatineau, Ontario part",18.209.6,v44370092
2001,0.00,"Ottawa-Gatineau, Ontario part",18.209.6,v44370092
2002,..,"Ottawa-Gatineau, Ontario part",18.209.6,v44370092
2003,..,"Ottawa-Gatineau, Ontario part",18.209.6,v44370092
2004,0.00,"Ottawa-Gatineau, Ontario part",18.209.6,v44370092
2005,0.00,"Ottawa-Gatineau, Ontario part",18.209.6,v44370092
2006,0.00,"Ottawa-Gatineau, Ontario part",18.209.6,v44370092
2007,0.00,"Ottawa-Gatineau, Ontario part",18.209.6,v44370092
2008,0.00,"Ottawa-Gatineau, Ontario part",18.209.6,v44370092
2009,0.00,"Ottawa-Gatineau, Ontario part",18.209.6,v44370092
2010,0.00,"Ottawa-Gatineau, Ontario part",18.209.6,v44370092
2011,0.00,"Ottawa-Gatineau, Ontario part",18.209.6,v44370092
2012,0.00,"Ottawa-Gatineau, Ontario part",18.209.6,v44370092
2013,0.00,"Ottawa-Gatineau, Ontario part",18.209.6,v44370092
2014,0.00,"Ottawa-Gatineau, Ontario part",18.209.6,v44370092
2015,0.00,"Ottawa-Gatineau, Ontario part",18.209.6,v44370092
2000,..,"Kingston, Ontario",27.209.6,v44350546
2001,0.00,"Kingston, Ontario",27.209.6,v44350546
2002,0.00,"Kingston, Ontario",27.209.6,v44350546
2003,0.00,"Kingston, Ontario",27.209.6,v44350546
2004,0.00,"Kingston, Ontario",27.209.6,v44350546
2005,0.00,"Kingston, Ontario",27.209.6,v44350546
2006,0.00,"Kingston, Ontario",27.209.6,v44350546
2007,0.00,"Kingston, Ontario",27.209.6,v44350546
2008,0.00,"Kingston, Ontario",27.209.6,v44350546
2009,0.00,"Kingston, Ontario",27.209.6,v44350546
2010,0.00,"Kingston, Ontario",27.209.6,v44350546
2011,0.00,"Kingston, Ontario",27.209.6,v44350546
2012,0.00,"Kingston, Ontario",27.209.6,v44350546
2013,0.00,"Kingston, Ontario",27.209.6,v44350546
2014,0.00,"Kingston, Ontario",27.209.6,v44350546
2015,0.00,"Kingston, Ontario",27.209.6,v44350546
2005,..,"Peterborough, Ontario",44.209.6,v52126040
2006,0.00,"Peterborough, Ontario",44.209.6,v52126040
2007,0.00,"Peterborough, Ontario",44.209.6,v52126040
2008,0.00,"Peterborough, Ontario",44.209.6,v52126040
2009,0.00,"Peterborough, Ontario",44.209.6,v52126040
2010,0.00,"Peterborough, Ontario",44.209.6,v52126040
2011,0.00,"Peterborough, Ontario",44.209.6,v52126040
2012,0.00,"Peterborough, Ontario",44.209.6,v52126040
2013,0.00,"Peterborough, Ontario",44.209.6,v52126040
2014,0.00,"Peterborough, Ontario",44.209.6,v52126040
2015,0.00,"Peterborough, Ontario",44.209.6,v52126040
1998,0.00,"Toronto, Ontario",19.209.6,v44413962
1999,0.00,"Toronto, Ontario",19.209.6,v44413962
2000,0.00,"Toronto, Ontario",19.209.6,v44413962
2001,0.00,"Toronto, Ontario",19.209.6,v44413962
2002,0.00,"Toronto, Ontario",19.209.6,v44413962
2003,0.00,"Toronto, Ontario",19.209.6,v44413962
2004,0.00,"Toronto, Ontario",19.209.6,v44413962
2005,0.00,"Toronto, Ontario",19.209.6,v44413962
2006,0.00,"Toronto, Ontario",19.209.6,v44413962
2007,0.00,"Toronto, Ontario",19.209.6,v44413962
2008,0.00,"Toronto, Ontario",19.209.6,v44413962
2009,0.00,"Toronto, Ontario",19.209.6,v44413962
2010,0.00,"Toronto, Ontario",19.209.6,v44413962
2011,0.00,"Toronto, Ontario",19.209.6,v44413962
2012,0.00,"Toronto, Ontario",19.209.6,v44413962
2013,0.00,"Toronto, Ontario",19.209.6,v44413962
2014,0.00,"Toronto, Ontario",19.209.6,v44413962
2015,0.00,"Toronto, Ontario",19.209.6,v44413962
1998,0.00,"Hamilton, Ontario",20.209.6,v44326223
1999,0.00,"Hamilton, Ontario",20.209.6,v44326223
2000,0.00,"Hamilton, Ontario",20.209.6,v44326223
2001,0.00,"Hamilton, Ontario",20.209.6,v44326223
2002,0.00,"Hamilton, Ontario",20.209.6,v44326223
2003,0.00,"Hamilton, Ontario",20.209.6,v44326223
2004,0.00,"Hamilton, Ontario",20.209.6,v44326223
2005,0.00,"Hamilton, Ontario",20.209.6,v44326223
2006,0.00,"Hamilton, Ontario",20.209.6,v44326223
2007,0.00,"Hamilton, Ontario",20.209.6,v44326223
2008,0.00,"Hamilton, Ontario",20.209.6,v44326223
2009,0.00,"Hamilton, Ontario",20.209.6,v44326223
2010,0.00,"Hamilton, Ontario",20.209.6,v44326223
2011,0.00,"Hamilton, Ontario",20.209.6,v44326223
2012,0.00,"Hamilton, Ontario",20.209.6,v44326223
2013,0.00,"Hamilton, Ontario",20.209.6,v44326223
2014,0.00,"Hamilton, Ontario",20.209.6,v44326223
2015,0.00,"Hamilton, Ontario",20.209.6,v44326223
2000,..,"St.Catharines-Niagara, Ontario",21.209.6,v44377675
2001,0.00,"St.Catharines-Niagara, Ontario",21.209.6,v44377675
2002,0.00,"St.Catharines-Niagara, Ontario",21.209.6,v44377675
2003,0.00,"St.Catharines-Niagara, Ontario",21.209.6,v44377675
2004,0.00,"St.Catharines-Niagara, Ontario",21.209.6,v44377675
2005,..,"St.Catharines-Niagara, Ontario",21.209.6,v44377675
2006,0.00,"St.Catharines-Niagara, Ontario",21.209.6,v44377675
2007,0.00,"St.Catharines-Niagara, Ontario",21.209.6,v44377675
2008,0.00,"St.Catharines-Niagara, Ontario",21.209.6,v44377675
2009,0.00,"St.Catharines-Niagara, Ontario",21.209.6,v44377675
2010,0.00,"St.Catharines-Niagara, Ontario",21.209.6,v44377675
2011,0.00,"St.Catharines-Niagara, Ontario",21.209.6,v44377675
2012,0.00,"St.Catharines-Niagara, Ontario",21.209.6,v44377675
2013,0.00,"St.Catharines-Niagara, Ontario",21.209.6,v44377675
2014,1.00,"St.Catharines-Niagara, Ontario",21.209.6,v44377675
2015,0.00,"St.Catharines-Niagara, Ontario",21.209.6,v44377675
1998,0.00,"Kitchener-Cambridge-Waterloo, Ontario",22.209.6,v44417087
1999,0.00,"Kitchener-Cambridge-Waterloo, Ontario",22.209.6,v44417087
2000,0.00,"Kitchener-Cambridge-Waterloo, Ontario",22.209.6,v44417087
2001,..,"Kitchener-Cambridge-Waterloo, Ontario",22.209.6,v44417087
2002,0.00,"Kitchener-Cambridge-Waterloo, Ontario",22.209.6,v44417087
2003,..,"Kitchener-Cambridge-Waterloo, Ontario",22.209.6,v44417087
2004,..,"Kitchener-Cambridge-Waterloo, Ontario",22.209.6,v44417087
2005,0.00,"Kitchener-Cambridge-Waterloo, Ontario",22.209.6,v44417087
2006,0.00,"Kitchener-Cambridge-Waterloo, Ontario",22.209.6,v44417087
2007,0.00,"Kitchener-Cambridge-Waterloo, Ontario",22.209.6,v44417087
2008,0.00,"Kitchener-Cambridge-Waterloo, Ontario",22.209.6,v44417087
2009,0.00,"Kitchener-Cambridge-Waterloo, Ontario",22.209.6,v44417087
2010,0.00,"Kitchener-Cambridge-Waterloo, Ontario",22.209.6,v44417087
2011,0.00,"Kitchener-Cambridge-Waterloo, Ontario",22.209.6,v44417087
2012,0.00,"Kitchener-Cambridge-Waterloo, Ontario",22.209.6,v44417087
2013,0.00,"Kitchener-Cambridge-Waterloo, Ontario",22.209.6,v44417087
2014,0.00,"Kitchener-Cambridge-Waterloo, Ontario",22.209.6,v44417087
2015,0.00,"Kitchener-Cambridge-Waterloo, Ontario",22.209.6,v44417087
2005,..,"Brantford, Ontario",45.209.6,v52126617
2006,0.00,"Brantford, Ontario",45.209.6,v52126617
2007,0.00,"Brantford, Ontario",45.209.6,v52126617
2008,0.00,"Brantford, Ontario",45.209.6,v52126617
2009,0.00,"Brantford, Ontario",45.209.6,v52126617
2010,0.00,"Brantford, Ontario",45.209.6,v52126617
2011,0.00,"Brantford, Ontario",45.209.6,v52126617
2012,0.00,"Brantford, Ontario",45.209.6,v52126617
2013,0.00,"Brantford, Ontario",45.209.6,v52126617
2014,0.00,"Brantford, Ontario",45.209.6,v52126617
2015,0.00,"Brantford, Ontario",45.209.6,v52126617
2005,..,"Guelph, Ontario",46.209.6,v52125578
2006,0.00,"Guelph, Ontario",46.209.6,v52125578
2007,0.00,"Guelph, Ontario",46.209.6,v52125578
2008,0.00,"Guelph, Ontario",46.209.6,v52125578
2009,0.00,"Guelph, Ontario",46.209.6,v52125578
2010,0.00,"Guelph, Ontario",46.209.6,v52125578
2011,0.00,"Guelph, Ontario",46.209.6,v52125578
2012,0.00,"Guelph, Ontario",46.209.6,v52125578
2013,0.00,"Guelph, Ontario",46.209.6,v52125578
2014,0.00,"Guelph, Ontario",46.209.6,v52125578
2015,0.00,"Guelph, Ontario",46.209.6,v52125578
1998,0.00,"London, Ontario",23.209.6,v44370178
1999,0.00,"London, Ontario",23.209.6,v44370178
2000,0.00,"London, Ontario",23.209.6,v44370178
2001,..,"London, Ontario",23.209.6,v44370178
2002,0.00,"London, Ontario",23.209.6,v44370178
2003,0.00,"London, Ontario",23.209.6,v44370178
2004,0.00,"London, Ontario",23.209.6,v44370178
2005,0.00,"London, Ontario",23.209.6,v44370178
2006,0.00,"London, Ontario",23.209.6,v44370178
2007,0.00,"London, Ontario",23.209.6,v44370178
2008,0.00,"London, Ontario",23.209.6,v44370178
2009,0.00,"London, Ontario",23.209.6,v44370178
2010,0.00,"London, Ontario",23.209.6,v44370178
2011,0.00,"London, Ontario",23.209.6,v44370178
2012,0.00,"London, Ontario",23.209.6,v44370178
2013,0.00,"London, Ontario",23.209.6,v44370178
2014,0.00,"London, Ontario",23.209.6,v44370178
2015,0.00,"London, Ontario",23.209.6,v44370178
1998,0.00,"Windsor, Ontario",24.209.6,v44326950
1999,0.00,"Windsor, Ontario",24.209.6,v44326950
2000,0.00,"Windsor, Ontario",24.209.6,v44326950
2001,0.00,"Windsor, Ontario",24.209.6,v44326950
2002,0.00,"Windsor, Ontario",24.209.6,v44326950
2003,0.00,"Windsor, Ontario",24.209.6,v44326950
2004,0.00,"Windsor, Ontario",24.209.6,v44326950
2005,0.00,"Windsor, Ontario",24.209.6,v44326950
2006,0.00,"Windsor, Ontario",24.209.6,v44326950
2007,0.00,"Windsor, Ontario",24.209.6,v44326950
2008,0.00,"Windsor, Ontario",24.209.6,v44326950
2009,0.00,"Windsor, Ontario",24.209.6,v44326950
2010,0.00,"Windsor, Ontario",24.209.6,v44326950
2011,0.00,"Windsor, Ontario",24.209.6,v44326950
2012,0.00,"Windsor, Ontario",24.209.6,v44326950
2013,0.00,"Windsor, Ontario",24.209.6,v44326950
2014,0.00,"Windsor, Ontario",24.209.6,v44326950
2015,0.00,"Windsor, Ontario",24.209.6,v44326950
2005,..,"Barrie, Ontario",47.209.6,v52146551
2006,0.00,"Barrie, Ontario",47.209.6,v52146551
2007,0.00,"Barrie, Ontario",47.209.6,v52146551
2008,0.00,"Barrie, Ontario",47.209.6,v52146551
2009,0.00,"Barrie, Ontario",47.209.6,v52146551
2010,0.00,"Barrie, Ontario",47.209.6,v52146551
2011,0.00,"Barrie, Ontario",47.209.6,v52146551
2012,0.00,"Barrie, Ontario",47.209.6,v52146551
2013,0.00,"Barrie, Ontario",47.209.6,v52146551
2014,0.00,"Barrie, Ontario",47.209.6,v52146551
2015,0.00,"Barrie, Ontario",47.209.6,v52146551
1998,0.00,"Sudbury, Ontario",25.209.6,v44408702
1999,0.00,"Sudbury, Ontario",25.209.6,v44408702
2000,0.00,"Sudbury, Ontario",25.209.6,v44408702
2001,0.00,"Sudbury, Ontario",25.209.6,v44408702
2002,0.00,"Sudbury, Ontario",25.209.6,v44408702
2003,..,"Sudbury, Ontario",25.209.6,v44408702
2004,..,"Sudbury, Ontario",25.209.6,v44408702
2005,..,"Sudbury, Ontario",25.209.6,v44408702
2006,0.00,"Sudbury, Ontario",25.209.6,v44408702
2007,0.00,"Sudbury, Ontario",25.209.6,v44408702
2008,0.00,"Sudbury, Ontario",25.209.6,v44408702
2009,0.00,"Sudbury, Ontario",25.209.6,v44408702
2010,0.00,"Sudbury, Ontario",25.209.6,v44408702
2011,0.00,"Sudbury, Ontario",25.209.6,v44408702
2012,0.00,"Sudbury, Ontario",25.209.6,v44408702
2013,0.00,"Sudbury, Ontario",25.209.6,v44408702
2014,0.00,"Sudbury, Ontario",25.209.6,v44408702
2015,0.00,"Sudbury, Ontario",25.209.6,v44408702
1998,0.00,"Thunder Bay, Ontario",26.209.6,v44346866
1999,0.00,"Thunder Bay, Ontario",26.209.6,v44346866
2000,0.00,"Thunder Bay, Ontario",26.209.6,v44346866
2001,0.00,"Thunder Bay, Ontario",26.209.6,v44346866
2002,0.00,"Thunder Bay, Ontario",26.209.6,v44346866
2003,..,"Thunder Bay, Ontario",26.209.6,v44346866
2004,..,"Thunder Bay, Ontario",26.209.6,v44346866
2005,0.00,"Thunder Bay, Ontario",26.209.6,v44346866
2006,0.00,"Thunder Bay, Ontario",26.209.6,v44346866
2007,0.00,"Thunder Bay, Ontario",26.209.6,v44346866
2008,0.00,"Thunder Bay, Ontario",26.209.6,v44346866
2009,0.00,"Thunder Bay, Ontario",26.209.6,v44346866
2010,0.00,"Thunder Bay, Ontario",26.209.6,v44346866
2011,0.00,"Thunder Bay, Ontario",26.209.6,v44346866
2012,0.00,"Thunder Bay, Ontario",26.209.6,v44346866
2013,0.00,"Thunder Bay, Ontario",26.209.6,v44346866
2014,0.00,"Thunder Bay, Ontario",26.209.6,v44346866
2015,0.00,"Thunder Bay, Ontario",26.209.6,v44346866
1998,0.00,"Manitoba",28.209.6,v44385841
1999,2.00,"Manitoba",28.209.6,v44385841
2000,0.00,"Manitoba",28.209.6,v44385841
2001,0.00,"Manitoba",28.209.6,v44385841
2002,0.00,"Manitoba",28.209.6,v44385841
2003,0.00,"Manitoba",28.209.6,v44385841
2004,0.00,"Manitoba",28.209.6,v44385841
2005,0.00,"Manitoba",28.209.6,v44385841
2006,0.00,"Manitoba",28.209.6,v44385841
2007,0.00,"Manitoba",28.209.6,v44385841
2008,0.00,"Manitoba",28.209.6,v44385841
2009,1.00,"Manitoba",28.209.6,v44385841
2010,0.00,"Manitoba",28.209.6,v44385841
2011,0.00,"Manitoba",28.209.6,v44385841
2012,0.00,"Manitoba",28.209.6,v44385841
2013,0.00,"Manitoba",28.209.6,v44385841
2014,0.00,"Manitoba",28.209.6,v44385841
2015,0.00,"Manitoba",28.209.6,v44385841
1998,0.00,"Winnipeg, Manitoba",29.209.6,v44396506
1999,0.00,"Winnipeg, Manitoba",29.209.6,v44396506
2000,0.00,"Winnipeg, Manitoba",29.209.6,v44396506
2001,0.00,"Winnipeg, Manitoba",29.209.6,v44396506
2002,0.00,"Winnipeg, Manitoba",29.209.6,v44396506
2003,0.00,"Winnipeg, Manitoba",29.209.6,v44396506
2004,0.00,"Winnipeg, Manitoba",29.209.6,v44396506
2005,0.00,"Winnipeg, Manitoba",29.209.6,v44396506
2006,0.00,"Winnipeg, Manitoba",29.209.6,v44396506
2007,0.00,"Winnipeg, Manitoba",29.209.6,v44396506
2008,0.00,"Winnipeg, Manitoba",29.209.6,v44396506
2009,1.00,"Winnipeg, Manitoba",29.209.6,v44396506
2010,0.00,"Winnipeg, Manitoba",29.209.6,v44396506
2011,0.00,"Winnipeg, Manitoba",29.209.6,v44396506
2012,0.00,"Winnipeg, Manitoba",29.209.6,v44396506
2013,0.00,"Winnipeg, Manitoba",29.209.6,v44396506
2014,0.00,"Winnipeg, Manitoba",29.209.6,v44396506
2015,0.00,"Winnipeg, Manitoba",29.209.6,v44396506
1998,0.00,"Saskatchewan",30.209.6,v44334571
1999,0.00,"Saskatchewan",30.209.6,v44334571
2000,0.00,"Saskatchewan",30.209.6,v44334571
2001,0.00,"Saskatchewan",30.209.6,v44334571
2002,0.00,"Saskatchewan",30.209.6,v44334571
2003,0.00,"Saskatchewan",30.209.6,v44334571
2004,0.00,"Saskatchewan",30.209.6,v44334571
2005,0.00,"Saskatchewan",30.209.6,v44334571
2006,0.00,"Saskatchewan",30.209.6,v44334571
2007,0.00,"Saskatchewan",30.209.6,v44334571
2008,0.00,"Saskatchewan",30.209.6,v44334571
2009,1.00,"Saskatchewan",30.209.6,v44334571
2010,0.00,"Saskatchewan",30.209.6,v44334571
2011,0.00,"Saskatchewan",30.209.6,v44334571
2012,0.00,"Saskatchewan",30.209.6,v44334571
2013,0.00,"Saskatchewan",30.209.6,v44334571
2014,0.00,"Saskatchewan",30.209.6,v44334571
2015,0.00,"Saskatchewan",30.209.6,v44334571
1998,0.00,"Regina, Saskatchewan",31.209.6,v44357469
1999,0.00,"Regina, Saskatchewan",31.209.6,v44357469
2000,0.00,"Regina, Saskatchewan",31.209.6,v44357469
2001,0.00,"Regina, Saskatchewan",31.209.6,v44357469
2002,0.00,"Regina, Saskatchewan",31.209.6,v44357469
2003,0.00,"Regina, Saskatchewan",31.209.6,v44357469
2004,0.00,"Regina, Saskatchewan",31.209.6,v44357469
2005,0.00,"Regina, Saskatchewan",31.209.6,v44357469
2006,0.00,"Regina, Saskatchewan",31.209.6,v44357469
2007,0.00,"Regina, Saskatchewan",31.209.6,v44357469
2008,0.00,"Regina, Saskatchewan",31.209.6,v44357469
2009,0.00,"Regina, Saskatchewan",31.209.6,v44357469
2010,0.00,"Regina, Saskatchewan",31.209.6,v44357469
2011,0.00,"Regina, Saskatchewan",31.209.6,v44357469
2012,0.00,"Regina, Saskatchewan",31.209.6,v44357469
2013,0.00,"Regina, Saskatchewan",31.209.6,v44357469
2014,0.00,"Regina, Saskatchewan",31.209.6,v44357469
2015,0.00,"Regina, Saskatchewan",31.209.6,v44357469
1998,0.00,"Saskatoon, Saskatchewan",32.209.6,v44330271
1999,0.00,"Saskatoon, Saskatchewan",32.209.6,v44330271
2000,0.00,"Saskatoon, Saskatchewan",32.209.6,v44330271
2001,0.00,"Saskatoon, Saskatchewan",32.209.6,v44330271
2002,0.00,"Saskatoon, Saskatchewan",32.209.6,v44330271
2003,0.00,"Saskatoon, Saskatchewan",32.209.6,v44330271
2004,0.00,"Saskatoon, Saskatchewan",32.209.6,v44330271
2005,0.00,"Saskatoon, Saskatchewan",32.209.6,v44330271
2006,0.00,"Saskatoon, Saskatchewan",32.209.6,v44330271
2007,0.00,"Saskatoon, Saskatchewan",32.209.6,v44330271
2008,0.00,"Saskatoon, Saskatchewan",32.209.6,v44330271
2009,0.00,"Saskatoon, Saskatchewan",32.209.6,v44330271
2010,0.00,"Saskatoon, Saskatchewan",32.209.6,v44330271
2011,0.00,"Saskatoon, Saskatchewan",32.209.6,v44330271
2012,0.00,"Saskatoon, Saskatchewan",32.209.6,v44330271
2013,0.00,"Saskatoon, Saskatchewan",32.209.6,v44330271
2014,0.00,"Saskatoon, Saskatchewan",32.209.6,v44330271
2015,0.00,"Saskatoon, Saskatchewan",32.209.6,v44330271
1998,0.00,"Alberta",33.209.6,v44350737
1999,0.00,"Alberta",33.209.6,v44350737
2000,0.00,"Alberta",33.209.6,v44350737
2001,1.00,"Alberta",33.209.6,v44350737
2002,0.00,"Alberta",33.209.6,v44350737
2003,0.00,"Alberta",33.209.6,v44350737
2004,1.00,"Alberta",33.209.6,v44350737
2005,0.00,"Alberta",33.209.6,v44350737
2006,0.00,"Alberta",33.209.6,v44350737
2007,0.00,"Alberta",33.209.6,v44350737
2008,0.00,"Alberta",33.209.6,v44350737
2009,3.00,"Alberta",33.209.6,v44350737
2010,0.00,"Alberta",33.209.6,v44350737
2011,0.00,"Alberta",33.209.6,v44350737
2012,1.00,"Alberta",33.209.6,v44350737
2013,0.00,"Alberta",33.209.6,v44350737
2014,0.00,"Alberta",33.209.6,v44350737
2015,0.00,"Alberta",33.209.6,v44350737
1998,0.00,"Calgary, Alberta",34.209.6,v44394733
1999,0.00,"Calgary, Alberta",34.209.6,v44394733
2000,0.00,"Calgary, Alberta",34.209.6,v44394733
2001,0.00,"Calgary, Alberta",34.209.6,v44394733
2002,0.00,"Calgary, Alberta",34.209.6,v44394733
2003,0.00,"Calgary, Alberta",34.209.6,v44394733
2004,0.00,"Calgary, Alberta",34.209.6,v44394733
2005,0.00,"Calgary, Alberta",34.209.6,v44394733
2006,0.00,"Calgary, Alberta",34.209.6,v44394733
2007,0.00,"Calgary, Alberta",34.209.6,v44394733
2008,0.00,"Calgary, Alberta",34.209.6,v44394733
2009,0.00,"Calgary, Alberta",34.209.6,v44394733
2010,0.00,"Calgary, Alberta",34.209.6,v44394733
2011,0.00,"Calgary, Alberta",34.209.6,v44394733
2012,0.00,"Calgary, Alberta",34.209.6,v44394733
2013,0.00,"Calgary, Alberta",34.209.6,v44394733
2014,0.00,"Calgary, Alberta",34.209.6,v44394733
2015,0.00,"Calgary, Alberta",34.209.6,v44394733
1998,0.00,"Edmonton, Alberta",35.209.6,v44350079
1999,0.00,"Edmonton, Alberta",35.209.6,v44350079
2000,0.00,"Edmonton, Alberta",35.209.6,v44350079
2001,0.00,"Edmonton, Alberta",35.209.6,v44350079
2002,0.00,"Edmonton, Alberta",35.209.6,v44350079
2003,0.00,"Edmonton, Alberta",35.209.6,v44350079
2004,0.00,"Edmonton, Alberta",35.209.6,v44350079
2005,0.00,"Edmonton, Alberta",35.209.6,v44350079
2006,0.00,"Edmonton, Alberta",35.209.6,v44350079
2007,0.00,"Edmonton, Alberta",35.209.6,v44350079
2008,0.00,"Edmonton, Alberta",35.209.6,v44350079
2009,2.00,"Edmonton, Alberta",35.209.6,v44350079
2010,0.00,"Edmonton, Alberta",35.209.6,v44350079
2011,0.00,"Edmonton, Alberta",35.209.6,v44350079
2012,0.00,"Edmonton, Alberta",35.209.6,v44350079
2013,0.00,"Edmonton, Alberta",35.209.6,v44350079
2014,0.00,"Edmonton, Alberta",35.209.6,v44350079
2015,0.00,"Edmonton, Alberta",35.209.6,v44350079
1998,1.00,"British Columbia",36.209.6,v44327182
1999,1.00,"British Columbia",36.209.6,v44327182
2000,0.00,"British Columbia",36.209.6,v44327182
2001,1.00,"British Columbia",36.209.6,v44327182
2002,0.00,"British Columbia",36.209.6,v44327182
2003,0.00,"British Columbia",36.209.6,v44327182
2004,0.00,"British Columbia",36.209.6,v44327182
2005,0.00,"British Columbia",36.209.6,v44327182
2006,0.00,"British Columbia",36.209.6,v44327182
2007,1.00,"British Columbia",36.209.6,v44327182
2008,1.00,"British Columbia",36.209.6,v44327182
2009,0.00,"British Columbia",36.209.6,v44327182
2010,0.00,"British Columbia",36.209.6,v44327182
2011,1.00,"British Columbia",36.209.6,v44327182
2012,0.00,"British Columbia",36.209.6,v44327182
2013,1.00,"British Columbia",36.209.6,v44327182
2014,0.00,"British Columbia",36.209.6,v44327182
2015,0.00,"British Columbia",36.209.6,v44327182
2005,..,"Kelowna, British Columbia",48.209.6,v52145987
2006,0.00,"Kelowna, British Columbia",48.209.6,v52145987
2007,0.00,"Kelowna, British Columbia",48.209.6,v52145987
2008,0.00,"Kelowna, British Columbia",48.209.6,v52145987
2009,0.00,"Kelowna, British Columbia",48.209.6,v52145987
2010,0.00,"Kelowna, British Columbia",48.209.6,v52145987
2011,0.00,"Kelowna, British Columbia",48.209.6,v52145987
2012,0.00,"Kelowna, British Columbia",48.209.6,v52145987
2013,0.00,"Kelowna, British Columbia",48.209.6,v52145987
2014,0.00,"Kelowna, British Columbia",48.209.6,v52145987
2015,0.00,"Kelowna, British Columbia",48.209.6,v52145987
2000,..,"Abbotsford-Mission, British Columbia",39.209.6,v44357291
2001,0.00,"Abbotsford-Mission, British Columbia",39.209.6,v44357291
2002,0.00,"Abbotsford-Mission, British Columbia",39.209.6,v44357291
2003,0.00,"Abbotsford-Mission, British Columbia",39.209.6,v44357291
2004,0.00,"Abbotsford-Mission, British Columbia",39.209.6,v44357291
2005,0.00,"Abbotsford-Mission, British Columbia",39.209.6,v44357291
2006,0.00,"Abbotsford-Mission, British Columbia",39.209.6,v44357291
2007,0.00,"Abbotsford-Mission, British Columbia",39.209.6,v44357291
2008,0.00,"Abbotsford-Mission, British Columbia",39.209.6,v44357291
2009,0.00,"Abbotsford-Mission, British Columbia",39.209.6,v44357291
2010,0.00,"Abbotsford-Mission, British Columbia",39.209.6,v44357291
2011,0.00,"Abbotsford-Mission, British Columbia",39.209.6,v44357291
2012,0.00,"Abbotsford-Mission, British Columbia",39.209.6,v44357291
2013,0.00,"Abbotsford-Mission, British Columbia",39.209.6,v44357291
2014,0.00,"Abbotsford-Mission, British Columbia",39.209.6,v44357291
2015,0.00,"Abbotsford-Mission, British Columbia",39.209.6,v44357291
1998,0.00,"Vancouver, British Columbia",37.209.6,v44365530
1999,0.00,"Vancouver, British Columbia",37.209.6,v44365530
2000,0.00,"Vancouver, British Columbia",37.209.6,v44365530
2001,0.00,"Vancouver, British Columbia",37.209.6,v44365530
2002,0.00,"Vancouver, British Columbia",37.209.6,v44365530
2003,0.00,"Vancouver, British Columbia",37.209.6,v44365530
2004,0.00,"Vancouver, British Columbia",37.209.6,v44365530
2005,0.00,"Vancouver, British Columbia",37.209.6,v44365530
2006,0.00,"Vancouver, British Columbia",37.209.6,v44365530
2007,1.00,"Vancouver, British Columbia",37.209.6,v44365530
2008,1.00,"Vancouver, British Columbia",37.209.6,v44365530
2009,0.00,"Vancouver, British Columbia",37.209.6,v44365530
2010,0.00,"Vancouver, British Columbia",37.209.6,v44365530
2011,0.00,"Vancouver, British Columbia",37.209.6,v44365530
2012,0.00,"Vancouver, British Columbia",37.209.6,v44365530
2013,0.00,"Vancouver, British Columbia",37.209.6,v44365530
2014,0.00,"Vancouver, British Columbia",37.209.6,v44365530
2015,0.00,"Vancouver, British Columbia",37.209.6,v44365530
1998,0.00,"Victoria, British Columbia",38.209.6,v44391295
1999,0.00,"Victoria, British Columbia",38.209.6,v44391295
2000,0.00,"Victoria, British Columbia",38.209.6,v44391295
2001,0.00,"Victoria, British Columbia",38.209.6,v44391295
2002,0.00,"Victoria, British Columbia",38.209.6,v44391295
2003,0.00,"Victoria, British Columbia",38.209.6,v44391295
2004,0.00,"Victoria, British Columbia",38.209.6,v44391295
2005,0.00,"Victoria, British Columbia",38.209.6,v44391295
2006,0.00,"Victoria, British Columbia",38.209.6,v44391295
2007,0.00,"Victoria, British Columbia",38.209.6,v44391295
2008,0.00,"Victoria, British Columbia",38.209.6,v44391295
2009,0.00,"Victoria, British Columbia",38.209.6,v44391295
2010,0.00,"Victoria, British Columbia",38.209.6,v44391295
2011,0.00,"Victoria, British Columbia",38.209.6,v44391295
2012,0.00,"Victoria, British Columbia",38.209.6,v44391295
2013,0.00,"Victoria, British Columbia",38.209.6,v44391295
2014,0.00,"Victoria, British Columbia",38.209.6,v44391295
2015,0.00,"Victoria, British Columbia",38.209.6,v44391295
1998,0.00,"Yukon",40.209.6,v44359420
1999,0.00,"Yukon",40.209.6,v44359420
2000,0.00,"Yukon",40.209.6,v44359420
2001,0.00,"Yukon",40.209.6,v44359420
2002,0.00,"Yukon",40.209.6,v44359420
2003,0.00,"Yukon",40.209.6,v44359420
2004,0.00,"Yukon",40.209.6,v44359420
2005,0.00,"Yukon",40.209.6,v44359420
2006,0.00,"Yukon",40.209.6,v44359420
2007,0.00,"Yukon",40.209.6,v44359420
2008,0.00,"Yukon",40.209.6,v44359420
2009,0.00,"Yukon",40.209.6,v44359420
2010,0.00,"Yukon",40.209.6,v44359420
2011,0.00,"Yukon",40.209.6,v44359420
2012,0.00,"Yukon",40.209.6,v44359420
2013,0.00,"Yukon",40.209.6,v44359420
2014,0.00,"Yukon",40.209.6,v44359420
2015,0.00,"Yukon",40.209.6,v44359420
1998,0.00,"Northwest Territories",41.209.6,v44387484
1999,0.00,"Northwest Territories",41.209.6,v44387484
2000,0.00,"Northwest Territories",41.209.6,v44387484
2001,0.00,"Northwest Territories",41.209.6,v44387484
2002,0.00,"Northwest Territories",41.209.6,v44387484
2003,0.00,"Northwest Territories",41.209.6,v44387484
2004,0.00,"Northwest Territories",41.209.6,v44387484
2005,0.00,"Northwest Territories",41.209.6,v44387484
2006,0.00,"Northwest Territories",41.209.6,v44387484
2007,0.00,"Northwest Territories",41.209.6,v44387484
2008,0.00,"Northwest Territories",41.209.6,v44387484
2009,0.00,"Northwest Territories",41.209.6,v44387484
2010,0.00,"Northwest Territories",41.209.6,v44387484
2011,0.00,"Northwest Territories",41.209.6,v44387484
2012,0.00,"Northwest Territories",41.209.6,v44387484
2013,0.00,"Northwest Territories",41.209.6,v44387484
2014,0.00,"Northwest Territories",41.209.6,v44387484
2015,0.00,"Northwest Territories",41.209.6,v44387484
1998,..,"Nunavut",42.209.6,v44338234
1999,0.00,"Nunavut",42.209.6,v44338234
2000,0.00,"Nunavut",42.209.6,v44338234
2001,0.00,"Nunavut",42.209.6,v44338234
2002,0.00,"Nunavut",42.209.6,v44338234
2003,0.00,"Nunavut",42.209.6,v44338234
2004,0.00,"Nunavut",42.209.6,v44338234
2005,0.00,"Nunavut",42.209.6,v44338234
2006,0.00,"Nunavut",42.209.6,v44338234
2007,0.00,"Nunavut",42.209.6,v44338234
2008,0.00,"Nunavut",42.209.6,v44338234
2009,0.00,"Nunavut",42.209.6,v44338234
2010,0.00,"Nunavut",42.209.6,v44338234
2011,0.00,"Nunavut",42.209.6,v44338234
2012,0.00,"Nunavut",42.209.6,v44338234
2013,0.00,"Nunavut",42.209.6,v44338234
2014,0.00,"Nunavut",42.209.6,v44338234
2015,0.00,"Nunavut",42.209.6,v44338234
