2006,..,"Canada",1.223.14,v54047412
2007,..,"Canada",1.223.14,v54047412
2008,..,"Canada",1.223.14,v54047412
2009,..,"Canada",1.223.14,v54047412
2010,0.20,"Canada",1.223.14,v54047412
2011,0.44,"Canada",1.223.14,v54047412
2012,0.41,"Canada",1.223.14,v54047412
2013,0.75,"Canada",1.223.14,v54047412
2014,0.26,"Canada",1.223.14,v54047412
2015,0.17,"Canada",1.223.14,v54047412
2006,..,"Newfoundland and Labrador",2.223.14,v54047413
2007,..,"Newfoundland and Labrador",2.223.14,v54047413
2008,..,"Newfoundland and Labrador",2.223.14,v54047413
2009,..,"Newfoundland and Labrador",2.223.14,v54047413
2010,0.00,"Newfoundland and Labrador",2.223.14,v54047413
2011,0.00,"Newfoundland and Labrador",2.223.14,v54047413
2012,0.00,"Newfoundland and Labrador",2.223.14,v54047413
2013,0.00,"Newfoundland and Labrador",2.223.14,v54047413
2014,0.00,"Newfoundland and Labrador",2.223.14,v54047413
2015,0.00,"Newfoundland and Labrador",2.223.14,v54047413
2006,..,"St. John's, Newfoundland and Labrador",3.223.14,v54047414
2007,..,"St. John's, Newfoundland and Labrador",3.223.14,v54047414
2008,..,"St. John's, Newfoundland and Labrador",3.223.14,v54047414
2009,..,"St. John's, Newfoundland and Labrador",3.223.14,v54047414
2010,0.00,"St. John's, Newfoundland and Labrador",3.223.14,v54047414
2011,0.00,"St. John's, Newfoundland and Labrador",3.223.14,v54047414
2012,0.00,"St. John's, Newfoundland and Labrador",3.223.14,v54047414
2013,0.00,"St. John's, Newfoundland and Labrador",3.223.14,v54047414
2014,0.00,"St. John's, Newfoundland and Labrador",3.223.14,v54047414
2015,0.00,"St. John's, Newfoundland and Labrador",3.223.14,v54047414
2006,..,"Prince Edward Island",4.223.14,v54047415
2007,..,"Prince Edward Island",4.223.14,v54047415
2008,..,"Prince Edward Island",4.223.14,v54047415
2009,..,"Prince Edward Island",4.223.14,v54047415
2010,0.00,"Prince Edward Island",4.223.14,v54047415
2011,0.00,"Prince Edward Island",4.223.14,v54047415
2012,0.00,"Prince Edward Island",4.223.14,v54047415
2013,0.00,"Prince Edward Island",4.223.14,v54047415
2014,0.00,"Prince Edward Island",4.223.14,v54047415
2015,0.00,"Prince Edward Island",4.223.14,v54047415
2006,..,"Nova Scotia",5.223.14,v54047416
2007,..,"Nova Scotia",5.223.14,v54047416
2008,..,"Nova Scotia",5.223.14,v54047416
2009,..,"Nova Scotia",5.223.14,v54047416
2010,0.00,"Nova Scotia",5.223.14,v54047416
2011,0.00,"Nova Scotia",5.223.14,v54047416
2012,0.00,"Nova Scotia",5.223.14,v54047416
2013,0.00,"Nova Scotia",5.223.14,v54047416
2014,0.00,"Nova Scotia",5.223.14,v54047416
2015,1.73,"Nova Scotia",5.223.14,v54047416
2006,..,"Halifax, Nova Scotia",6.223.14,v54047417
2007,..,"Halifax, Nova Scotia",6.223.14,v54047417
2008,..,"Halifax, Nova Scotia",6.223.14,v54047417
2009,..,"Halifax, Nova Scotia",6.223.14,v54047417
2010,0.00,"Halifax, Nova Scotia",6.223.14,v54047417
2011,0.00,"Halifax, Nova Scotia",6.223.14,v54047417
2012,0.00,"Halifax, Nova Scotia",6.223.14,v54047417
2013,0.00,"Halifax, Nova Scotia",6.223.14,v54047417
2014,0.00,"Halifax, Nova Scotia",6.223.14,v54047417
2015,0.00,"Halifax, Nova Scotia",6.223.14,v54047417
2006,..,"New Brunswick",7.223.14,v54047418
2007,..,"New Brunswick",7.223.14,v54047418
2008,..,"New Brunswick",7.223.14,v54047418
2009,..,"New Brunswick",7.223.14,v54047418
2010,1.89,"New Brunswick",7.223.14,v54047418
2011,1.94,"New Brunswick",7.223.14,v54047418
2012,0.00,"New Brunswick",7.223.14,v54047418
2013,0.00,"New Brunswick",7.223.14,v54047418
2014,0.00,"New Brunswick",7.223.14,v54047418
2015,0.00,"New Brunswick",7.223.14,v54047418
2006,..,"Moncton, New Brunswick",43.223.14,v54047454
2007,..,"Moncton, New Brunswick",43.223.14,v54047454
2008,..,"Moncton, New Brunswick",43.223.14,v54047454
2009,..,"Moncton, New Brunswick",43.223.14,v54047454
2010,0.00,"Moncton, New Brunswick",43.223.14,v54047454
2011,0.00,"Moncton, New Brunswick",43.223.14,v54047454
2012,0.00,"Moncton, New Brunswick",43.223.14,v54047454
2013,0.00,"Moncton, New Brunswick",43.223.14,v54047454
2014,0.00,"Moncton, New Brunswick",43.223.14,v54047454
2015,0.00,"Moncton, New Brunswick",43.223.14,v54047454
2006,..,"Saint John, New Brunswick",8.223.14,v54047419
2007,..,"Saint John, New Brunswick",8.223.14,v54047419
2008,..,"Saint John, New Brunswick",8.223.14,v54047419
2009,..,"Saint John, New Brunswick",8.223.14,v54047419
2010,0.00,"Saint John, New Brunswick",8.223.14,v54047419
2011,0.00,"Saint John, New Brunswick",8.223.14,v54047419
2012,0.00,"Saint John, New Brunswick",8.223.14,v54047419
2013,0.00,"Saint John, New Brunswick",8.223.14,v54047419
2014,0.00,"Saint John, New Brunswick",8.223.14,v54047419
2015,0.00,"Saint John, New Brunswick",8.223.14,v54047419
2006,..,"Quebec",9.223.14,v54047420
2007,..,"Quebec",9.223.14,v54047420
2008,..,"Quebec",9.223.14,v54047420
2009,..,"Quebec",9.223.14,v54047420
2010,0.18,"Quebec",9.223.14,v54047420
2011,0.74,"Quebec",9.223.14,v54047420
2012,1.15,"Quebec",9.223.14,v54047420
2013,2.58,"Quebec",9.223.14,v54047420
2014,0.41,"Quebec",9.223.14,v54047420
2015,0.42,"Quebec",9.223.14,v54047420
2006,..,"Saguenay, Quebec",10.223.14,v54047421
2007,..,"Saguenay, Quebec",10.223.14,v54047421
2008,..,"Saguenay, Quebec",10.223.14,v54047421
2009,..,"Saguenay, Quebec",10.223.14,v54047421
2010,0.00,"Saguenay, Quebec",10.223.14,v54047421
2011,0.00,"Saguenay, Quebec",10.223.14,v54047421
2012,0.00,"Saguenay, Quebec",10.223.14,v54047421
2013,41.70,"Saguenay, Quebec",10.223.14,v54047421
2014,0.00,"Saguenay, Quebec",10.223.14,v54047421
2015,0.00,"Saguenay, Quebec",10.223.14,v54047421
2006,..,"Sherbrooke, Quebec",12.223.14,v54047423
2007,..,"Sherbrooke, Quebec",12.223.14,v54047423
2008,..,"Sherbrooke, Quebec",12.223.14,v54047423
2009,..,"Sherbrooke, Quebec",12.223.14,v54047423
2010,0.00,"Sherbrooke, Quebec",12.223.14,v54047423
2011,0.00,"Sherbrooke, Quebec",12.223.14,v54047423
2012,8.18,"Sherbrooke, Quebec",12.223.14,v54047423
2013,0.00,"Sherbrooke, Quebec",12.223.14,v54047423
2014,0.00,"Sherbrooke, Quebec",12.223.14,v54047423
2015,0.00,"Sherbrooke, Quebec",12.223.14,v54047423
2006,..,"Ottawa-Gatineau, Quebec part",15.223.14,v54047426
2007,..,"Ottawa-Gatineau, Quebec part",15.223.14,v54047426
2008,..,"Ottawa-Gatineau, Quebec part",15.223.14,v54047426
2009,..,"Ottawa-Gatineau, Quebec part",15.223.14,v54047426
2010,4.25,"Ottawa-Gatineau, Quebec part",15.223.14,v54047426
2011,4.35,"Ottawa-Gatineau, Quebec part",15.223.14,v54047426
2012,4.48,"Ottawa-Gatineau, Quebec part",15.223.14,v54047426
2013,23.07,"Ottawa-Gatineau, Quebec part",15.223.14,v54047426
2014,4.72,"Ottawa-Gatineau, Quebec part",15.223.14,v54047426
2015,0.00,"Ottawa-Gatineau, Quebec part",15.223.14,v54047426
2006,..,"Ontario",16.223.14,v54047427
2007,..,"Ontario",16.223.14,v54047427
2008,..,"Ontario",16.223.14,v54047427
2009,..,"Ontario",16.223.14,v54047427
2010,0.00,"Ontario",16.223.14,v54047427
2011,0.10,"Ontario",16.223.14,v54047427
2012,0.00,"Ontario",16.223.14,v54047427
2013,0.00,"Ontario",16.223.14,v54047427
2014,0.00,"Ontario",16.223.14,v54047427
2015,0.00,"Ontario",16.223.14,v54047427
2006,..,"Ottawa-Gatineau, Ontario/Quebec",17.223.14,v54047428
2007,..,"Ottawa-Gatineau, Ontario/Quebec",17.223.14,v54047428
2008,..,"Ottawa-Gatineau, Ontario/Quebec",17.223.14,v54047428
2009,..,"Ottawa-Gatineau, Ontario/Quebec",17.223.14,v54047428
2010,1.07,"Ottawa-Gatineau, Ontario/Quebec",17.223.14,v54047428
2011,1.08,"Ottawa-Gatineau, Ontario/Quebec",17.223.14,v54047428
2012,1.10,"Ottawa-Gatineau, Ontario/Quebec",17.223.14,v54047428
2013,5.64,"Ottawa-Gatineau, Ontario/Quebec",17.223.14,v54047428
2014,1.15,"Ottawa-Gatineau, Ontario/Quebec",17.223.14,v54047428
2015,0.00,"Ottawa-Gatineau, Ontario/Quebec",17.223.14,v54047428
2006,..,"Ottawa-Gatineau, Ontario part",18.223.14,v54047429
2007,..,"Ottawa-Gatineau, Ontario part",18.223.14,v54047429
2008,..,"Ottawa-Gatineau, Ontario part",18.223.14,v54047429
2009,..,"Ottawa-Gatineau, Ontario part",18.223.14,v54047429
2010,0.00,"Ottawa-Gatineau, Ontario part",18.223.14,v54047429
2011,0.00,"Ottawa-Gatineau, Ontario part",18.223.14,v54047429
2012,0.00,"Ottawa-Gatineau, Ontario part",18.223.14,v54047429
2013,0.00,"Ottawa-Gatineau, Ontario part",18.223.14,v54047429
2014,0.00,"Ottawa-Gatineau, Ontario part",18.223.14,v54047429
2015,0.00,"Ottawa-Gatineau, Ontario part",18.223.14,v54047429
2006,..,"Kingston, Ontario",27.223.14,v54047438
2007,..,"Kingston, Ontario",27.223.14,v54047438
2008,..,"Kingston, Ontario",27.223.14,v54047438
2009,..,"Kingston, Ontario",27.223.14,v54047438
2010,0.00,"Kingston, Ontario",27.223.14,v54047438
2011,0.00,"Kingston, Ontario",27.223.14,v54047438
2012,0.00,"Kingston, Ontario",27.223.14,v54047438
2013,0.00,"Kingston, Ontario",27.223.14,v54047438
2014,0.00,"Kingston, Ontario",27.223.14,v54047438
2015,0.00,"Kingston, Ontario",27.223.14,v54047438
2006,..,"Peterborough, Ontario",44.223.14,v54047455
2007,..,"Peterborough, Ontario",44.223.14,v54047455
2008,..,"Peterborough, Ontario",44.223.14,v54047455
2009,..,"Peterborough, Ontario",44.223.14,v54047455
2010,0.00,"Peterborough, Ontario",44.223.14,v54047455
2011,0.00,"Peterborough, Ontario",44.223.14,v54047455
2012,0.00,"Peterborough, Ontario",44.223.14,v54047455
2013,0.00,"Peterborough, Ontario",44.223.14,v54047455
2014,0.00,"Peterborough, Ontario",44.223.14,v54047455
2015,0.00,"Peterborough, Ontario",44.223.14,v54047455
2006,..,"Toronto, Ontario",19.223.14,v54047430
2007,..,"Toronto, Ontario",19.223.14,v54047430
2008,..,"Toronto, Ontario",19.223.14,v54047430
2009,..,"Toronto, Ontario",19.223.14,v54047430
2010,0.00,"Toronto, Ontario",19.223.14,v54047430
2011,0.00,"Toronto, Ontario",19.223.14,v54047430
2012,0.00,"Toronto, Ontario",19.223.14,v54047430
2013,0.00,"Toronto, Ontario",19.223.14,v54047430
2014,0.00,"Toronto, Ontario",19.223.14,v54047430
2015,0.00,"Toronto, Ontario",19.223.14,v54047430
2006,..,"Hamilton, Ontario",20.223.14,v54047431
2007,..,"Hamilton, Ontario",20.223.14,v54047431
2008,..,"Hamilton, Ontario",20.223.14,v54047431
2009,..,"Hamilton, Ontario",20.223.14,v54047431
2010,0.00,"Hamilton, Ontario",20.223.14,v54047431
2011,0.00,"Hamilton, Ontario",20.223.14,v54047431
2012,0.00,"Hamilton, Ontario",20.223.14,v54047431
2013,0.00,"Hamilton, Ontario",20.223.14,v54047431
2014,0.00,"Hamilton, Ontario",20.223.14,v54047431
2015,0.00,"Hamilton, Ontario",20.223.14,v54047431
2006,..,"St.Catharines-Niagara, Ontario",21.223.14,v54047432
2007,..,"St.Catharines-Niagara, Ontario",21.223.14,v54047432
2008,..,"St.Catharines-Niagara, Ontario",21.223.14,v54047432
2009,..,"St.Catharines-Niagara, Ontario",21.223.14,v54047432
2010,0.00,"St.Catharines-Niagara, Ontario",21.223.14,v54047432
2011,0.00,"St.Catharines-Niagara, Ontario",21.223.14,v54047432
2012,0.00,"St.Catharines-Niagara, Ontario",21.223.14,v54047432
2013,0.00,"St.Catharines-Niagara, Ontario",21.223.14,v54047432
2014,0.00,"St.Catharines-Niagara, Ontario",21.223.14,v54047432
2015,0.00,"St.Catharines-Niagara, Ontario",21.223.14,v54047432
2006,..,"Kitchener-Cambridge-Waterloo, Ontario",22.223.14,v54047433
2007,..,"Kitchener-Cambridge-Waterloo, Ontario",22.223.14,v54047433
2008,..,"Kitchener-Cambridge-Waterloo, Ontario",22.223.14,v54047433
2009,..,"Kitchener-Cambridge-Waterloo, Ontario",22.223.14,v54047433
2010,0.00,"Kitchener-Cambridge-Waterloo, Ontario",22.223.14,v54047433
2011,0.00,"Kitchener-Cambridge-Waterloo, Ontario",22.223.14,v54047433
2012,0.00,"Kitchener-Cambridge-Waterloo, Ontario",22.223.14,v54047433
2013,0.00,"Kitchener-Cambridge-Waterloo, Ontario",22.223.14,v54047433
2014,0.00,"Kitchener-Cambridge-Waterloo, Ontario",22.223.14,v54047433
2015,0.00,"Kitchener-Cambridge-Waterloo, Ontario",22.223.14,v54047433
2006,..,"Brantford, Ontario",45.223.14,v54047456
2007,..,"Brantford, Ontario",45.223.14,v54047456
2008,..,"Brantford, Ontario",45.223.14,v54047456
2009,..,"Brantford, Ontario",45.223.14,v54047456
2010,0.00,"Brantford, Ontario",45.223.14,v54047456
2011,0.00,"Brantford, Ontario",45.223.14,v54047456
2012,0.00,"Brantford, Ontario",45.223.14,v54047456
2013,0.00,"Brantford, Ontario",45.223.14,v54047456
2014,0.00,"Brantford, Ontario",45.223.14,v54047456
2015,0.00,"Brantford, Ontario",45.223.14,v54047456
2006,..,"Guelph, Ontario",46.223.14,v54047457
2007,..,"Guelph, Ontario",46.223.14,v54047457
2008,..,"Guelph, Ontario",46.223.14,v54047457
2009,..,"Guelph, Ontario",46.223.14,v54047457
2010,0.00,"Guelph, Ontario",46.223.14,v54047457
2011,0.00,"Guelph, Ontario",46.223.14,v54047457
2012,0.00,"Guelph, Ontario",46.223.14,v54047457
2013,0.00,"Guelph, Ontario",46.223.14,v54047457
2014,0.00,"Guelph, Ontario",46.223.14,v54047457
2015,0.00,"Guelph, Ontario",46.223.14,v54047457
2006,..,"London, Ontario",23.223.14,v54047434
2007,..,"London, Ontario",23.223.14,v54047434
2008,..,"London, Ontario",23.223.14,v54047434
2009,..,"London, Ontario",23.223.14,v54047434
2010,0.00,"London, Ontario",23.223.14,v54047434
2011,0.00,"London, Ontario",23.223.14,v54047434
2012,0.00,"London, Ontario",23.223.14,v54047434
2013,0.00,"London, Ontario",23.223.14,v54047434
2014,0.00,"London, Ontario",23.223.14,v54047434
2015,0.00,"London, Ontario",23.223.14,v54047434
2006,..,"Windsor, Ontario",24.223.14,v54047435
2007,..,"Windsor, Ontario",24.223.14,v54047435
2008,..,"Windsor, Ontario",24.223.14,v54047435
2009,..,"Windsor, Ontario",24.223.14,v54047435
2010,0.00,"Windsor, Ontario",24.223.14,v54047435
2011,0.00,"Windsor, Ontario",24.223.14,v54047435
2012,0.00,"Windsor, Ontario",24.223.14,v54047435
2013,0.00,"Windsor, Ontario",24.223.14,v54047435
2014,0.00,"Windsor, Ontario",24.223.14,v54047435
2015,0.00,"Windsor, Ontario",24.223.14,v54047435
2006,..,"Barrie, Ontario",47.223.14,v54047458
2007,..,"Barrie, Ontario",47.223.14,v54047458
2008,..,"Barrie, Ontario",47.223.14,v54047458
2009,..,"Barrie, Ontario",47.223.14,v54047458
2010,0.00,"Barrie, Ontario",47.223.14,v54047458
2011,0.00,"Barrie, Ontario",47.223.14,v54047458
2012,0.00,"Barrie, Ontario",47.223.14,v54047458
2013,0.00,"Barrie, Ontario",47.223.14,v54047458
2014,0.00,"Barrie, Ontario",47.223.14,v54047458
2015,0.00,"Barrie, Ontario",47.223.14,v54047458
2006,..,"Sudbury, Ontario",25.223.14,v54047436
2007,..,"Sudbury, Ontario",25.223.14,v54047436
2008,..,"Sudbury, Ontario",25.223.14,v54047436
2009,..,"Sudbury, Ontario",25.223.14,v54047436
2010,0.00,"Sudbury, Ontario",25.223.14,v54047436
2011,0.00,"Sudbury, Ontario",25.223.14,v54047436
2012,0.00,"Sudbury, Ontario",25.223.14,v54047436
2013,0.00,"Sudbury, Ontario",25.223.14,v54047436
2014,0.00,"Sudbury, Ontario",25.223.14,v54047436
2015,0.00,"Sudbury, Ontario",25.223.14,v54047436
2006,..,"Thunder Bay, Ontario",26.223.14,v54047437
2007,..,"Thunder Bay, Ontario",26.223.14,v54047437
2008,..,"Thunder Bay, Ontario",26.223.14,v54047437
2009,..,"Thunder Bay, Ontario",26.223.14,v54047437
2010,0.00,"Thunder Bay, Ontario",26.223.14,v54047437
2011,0.00,"Thunder Bay, Ontario",26.223.14,v54047437
2012,0.00,"Thunder Bay, Ontario",26.223.14,v54047437
2013,0.00,"Thunder Bay, Ontario",26.223.14,v54047437
2014,0.00,"Thunder Bay, Ontario",26.223.14,v54047437
2015,0.00,"Thunder Bay, Ontario",26.223.14,v54047437
2006,..,"Manitoba",28.223.14,v54047439
2007,..,"Manitoba",28.223.14,v54047439
2008,..,"Manitoba",28.223.14,v54047439
2009,..,"Manitoba",28.223.14,v54047439
2010,0.99,"Manitoba",28.223.14,v54047439
2011,0.00,"Manitoba",28.223.14,v54047439
2012,0.00,"Manitoba",28.223.14,v54047439
2013,0.00,"Manitoba",28.223.14,v54047439
2014,0.00,"Manitoba",28.223.14,v54047439
2015,1.02,"Manitoba",28.223.14,v54047439
2006,..,"Winnipeg, Manitoba",29.223.14,v54047440
2007,..,"Winnipeg, Manitoba",29.223.14,v54047440
2008,..,"Winnipeg, Manitoba",29.223.14,v54047440
2009,..,"Winnipeg, Manitoba",29.223.14,v54047440
2010,1.68,"Winnipeg, Manitoba",29.223.14,v54047440
2011,0.00,"Winnipeg, Manitoba",29.223.14,v54047440
2012,0.00,"Winnipeg, Manitoba",29.223.14,v54047440
2013,0.00,"Winnipeg, Manitoba",29.223.14,v54047440
2014,0.00,"Winnipeg, Manitoba",29.223.14,v54047440
2015,0.00,"Winnipeg, Manitoba",29.223.14,v54047440
2006,..,"Saskatchewan",30.223.14,v54047441
2007,..,"Saskatchewan",30.223.14,v54047441
2008,..,"Saskatchewan",30.223.14,v54047441
2009,..,"Saskatchewan",30.223.14,v54047441
2010,1.18,"Saskatchewan",30.223.14,v54047441
2011,0.00,"Saskatchewan",30.223.14,v54047441
2012,1.20,"Saskatchewan",30.223.14,v54047441
2013,0.00,"Saskatchewan",30.223.14,v54047441
2014,0.00,"Saskatchewan",30.223.14,v54047441
2015,0.00,"Saskatchewan",30.223.14,v54047441
2006,..,"Regina, Saskatchewan",31.223.14,v54047442
2007,..,"Regina, Saskatchewan",31.223.14,v54047442
2008,..,"Regina, Saskatchewan",31.223.14,v54047442
2009,..,"Regina, Saskatchewan",31.223.14,v54047442
2010,0.00,"Regina, Saskatchewan",31.223.14,v54047442
2011,0.00,"Regina, Saskatchewan",31.223.14,v54047442
2012,6.30,"Regina, Saskatchewan",31.223.14,v54047442
2013,0.00,"Regina, Saskatchewan",31.223.14,v54047442
2014,0.00,"Regina, Saskatchewan",31.223.14,v54047442
2015,0.00,"Regina, Saskatchewan",31.223.14,v54047442
2006,..,"Saskatoon, Saskatchewan",32.223.14,v54047443
2007,..,"Saskatoon, Saskatchewan",32.223.14,v54047443
2008,..,"Saskatoon, Saskatchewan",32.223.14,v54047443
2009,..,"Saskatoon, Saskatchewan",32.223.14,v54047443
2010,0.00,"Saskatoon, Saskatchewan",32.223.14,v54047443
2011,0.00,"Saskatoon, Saskatchewan",32.223.14,v54047443
2012,0.00,"Saskatoon, Saskatchewan",32.223.14,v54047443
2013,0.00,"Saskatoon, Saskatchewan",32.223.14,v54047443
2014,0.00,"Saskatoon, Saskatchewan",32.223.14,v54047443
2015,0.00,"Saskatoon, Saskatchewan",32.223.14,v54047443
2006,..,"Alberta",33.223.14,v54047444
2007,..,"Alberta",33.223.14,v54047444
2008,..,"Alberta",33.223.14,v54047444
2009,..,"Alberta",33.223.14,v54047444
2010,0.36,"Alberta",33.223.14,v54047444
2011,1.07,"Alberta",33.223.14,v54047444
2012,1.07,"Alberta",33.223.14,v54047444
2013,1.79,"Alberta",33.223.14,v54047444
2014,1.43,"Alberta",33.223.14,v54047444
2015,0.00,"Alberta",33.223.14,v54047444
2006,..,"Calgary, Alberta",34.223.14,v54047445
2007,..,"Calgary, Alberta",34.223.14,v54047445
2008,..,"Calgary, Alberta",34.223.14,v54047445
2009,..,"Calgary, Alberta",34.223.14,v54047445
2010,0.00,"Calgary, Alberta",34.223.14,v54047445
2011,0.00,"Calgary, Alberta",34.223.14,v54047445
2012,1.11,"Calgary, Alberta",34.223.14,v54047445
2013,4.38,"Calgary, Alberta",34.223.14,v54047445
2014,0.00,"Calgary, Alberta",34.223.14,v54047445
2015,0.00,"Calgary, Alberta",34.223.14,v54047445
2006,..,"Edmonton, Alberta",35.223.14,v54047446
2007,..,"Edmonton, Alberta",35.223.14,v54047446
2008,..,"Edmonton, Alberta",35.223.14,v54047446
2009,..,"Edmonton, Alberta",35.223.14,v54047446
2010,1.17,"Edmonton, Alberta",35.223.14,v54047446
2011,1.17,"Edmonton, Alberta",35.223.14,v54047446
2012,0.00,"Edmonton, Alberta",35.223.14,v54047446
2013,0.00,"Edmonton, Alberta",35.223.14,v54047446
2014,0.00,"Edmonton, Alberta",35.223.14,v54047446
2015,0.00,"Edmonton, Alberta",35.223.14,v54047446
2006,..,"British Columbia",36.223.14,v54047447
2007,..,"British Columbia",36.223.14,v54047447
2008,..,"British Columbia",36.223.14,v54047447
2009,..,"British Columbia",36.223.14,v54047447
2010,0.00,"British Columbia",36.223.14,v54047447
2011,0.63,"British Columbia",36.223.14,v54047447
2012,0.00,"British Columbia",36.223.14,v54047447
2013,0.00,"British Columbia",36.223.14,v54047447
2014,0.00,"British Columbia",36.223.14,v54047447
2015,0.00,"British Columbia",36.223.14,v54047447
2006,..,"Kelowna, British Columbia",48.223.14,v54047459
2007,..,"Kelowna, British Columbia",48.223.14,v54047459
2008,..,"Kelowna, British Columbia",48.223.14,v54047459
2009,..,"Kelowna, British Columbia",48.223.14,v54047459
2010,0.00,"Kelowna, British Columbia",48.223.14,v54047459
2011,0.00,"Kelowna, British Columbia",48.223.14,v54047459
2012,0.00,"Kelowna, British Columbia",48.223.14,v54047459
2013,0.00,"Kelowna, British Columbia",48.223.14,v54047459
2014,0.00,"Kelowna, British Columbia",48.223.14,v54047459
2015,0.00,"Kelowna, British Columbia",48.223.14,v54047459
2006,..,"Abbotsford-Mission, British Columbia",39.223.14,v54047450
2007,..,"Abbotsford-Mission, British Columbia",39.223.14,v54047450
2008,..,"Abbotsford-Mission, British Columbia",39.223.14,v54047450
2009,..,"Abbotsford-Mission, British Columbia",39.223.14,v54047450
2010,0.00,"Abbotsford-Mission, British Columbia",39.223.14,v54047450
2011,0.00,"Abbotsford-Mission, British Columbia",39.223.14,v54047450
2012,0.00,"Abbotsford-Mission, British Columbia",39.223.14,v54047450
2013,0.00,"Abbotsford-Mission, British Columbia",39.223.14,v54047450
2014,0.00,"Abbotsford-Mission, British Columbia",39.223.14,v54047450
2015,0.00,"Abbotsford-Mission, British Columbia",39.223.14,v54047450
2006,..,"Vancouver, British Columbia",37.223.14,v54047448
2007,..,"Vancouver, British Columbia",37.223.14,v54047448
2008,..,"Vancouver, British Columbia",37.223.14,v54047448
2009,..,"Vancouver, British Columbia",37.223.14,v54047448
2010,0.00,"Vancouver, British Columbia",37.223.14,v54047448
2011,1.21,"Vancouver, British Columbia",37.223.14,v54047448
2012,0.00,"Vancouver, British Columbia",37.223.14,v54047448
2013,0.00,"Vancouver, British Columbia",37.223.14,v54047448
2014,0.00,"Vancouver, British Columbia",37.223.14,v54047448
2015,0.00,"Vancouver, British Columbia",37.223.14,v54047448
2006,..,"Victoria, British Columbia",38.223.14,v54047449
2007,..,"Victoria, British Columbia",38.223.14,v54047449
2008,..,"Victoria, British Columbia",38.223.14,v54047449
2009,..,"Victoria, British Columbia",38.223.14,v54047449
2010,0.00,"Victoria, British Columbia",38.223.14,v54047449
2011,0.00,"Victoria, British Columbia",38.223.14,v54047449
2012,0.00,"Victoria, British Columbia",38.223.14,v54047449
2013,0.00,"Victoria, British Columbia",38.223.14,v54047449
2014,0.00,"Victoria, British Columbia",38.223.14,v54047449
2015,0.00,"Victoria, British Columbia",38.223.14,v54047449
2006,..,"Yukon",40.223.14,v54047451
2007,..,"Yukon",40.223.14,v54047451
2008,..,"Yukon",40.223.14,v54047451
2009,..,"Yukon",40.223.14,v54047451
2010,0.00,"Yukon",40.223.14,v54047451
2011,0.00,"Yukon",40.223.14,v54047451
2012,0.00,"Yukon",40.223.14,v54047451
2013,0.00,"Yukon",40.223.14,v54047451
2014,0.00,"Yukon",40.223.14,v54047451
2015,0.00,"Yukon",40.223.14,v54047451
2006,..,"Northwest Territories",41.223.14,v54047452
2007,..,"Northwest Territories",41.223.14,v54047452
2008,..,"Northwest Territories",41.223.14,v54047452
2009,..,"Northwest Territories",41.223.14,v54047452
2010,0.00,"Northwest Territories",41.223.14,v54047452
2011,0.00,"Northwest Territories",41.223.14,v54047452
2012,0.00,"Northwest Territories",41.223.14,v54047452
2013,0.00,"Northwest Territories",41.223.14,v54047452
2014,0.00,"Northwest Territories",41.223.14,v54047452
2015,0.00,"Northwest Territories",41.223.14,v54047452
2006,..,"Nunavut",42.223.14,v54047453
2007,..,"Nunavut",42.223.14,v54047453
2008,..,"Nunavut",42.223.14,v54047453
2009,..,"Nunavut",42.223.14,v54047453
2010,0.00,"Nunavut",42.223.14,v54047453
2011,0.00,"Nunavut",42.223.14,v54047453
2012,0.00,"Nunavut",42.223.14,v54047453
2013,0.00,"Nunavut",42.223.14,v54047453
2014,0.00,"Nunavut",42.223.14,v54047453
2015,0.00,"Nunavut",42.223.14,v54047453
