1998,35802.00,"Canada",1.66.5,v44386006
1999,32692.00,"Canada",1.66.5,v44386006
2000,30483.00,"Canada",1.66.5,v44386006
2001,28438.00,"Canada",1.66.5,v44386006
2002,27932.00,"Canada",1.66.5,v44386006
2003,28048.00,"Canada",1.66.5,v44386006
2004,26740.00,"Canada",1.66.5,v44386006
2005,25652.00,"Canada",1.66.5,v44386006
2006,24223.00,"Canada",1.66.5,v44386006
2007,23454.00,"Canada",1.66.5,v44386006
2008,21912.00,"Canada",1.66.5,v44386006
2009,21117.00,"Canada",1.66.5,v44386006
2010,20657.00,"Canada",1.66.5,v44386006
2011,19899.00,"Canada",1.66.5,v44386006
2012,19910.00,"Canada",1.66.5,v44386006
2013,18409.00,"Canada",1.66.5,v44386006
2014,17696.00,"Canada",1.66.5,v44386006
2015,18476.00,"Canada",1.66.5,v44386006
1998,863.00,"Newfoundland and Labrador",2.66.5,v44350227
1999,692.00,"Newfoundland and Labrador",2.66.5,v44350227
2000,615.00,"Newfoundland and Labrador",2.66.5,v44350227
2001,615.00,"Newfoundland and Labrador",2.66.5,v44350227
2002,547.00,"Newfoundland and Labrador",2.66.5,v44350227
2003,657.00,"Newfoundland and Labrador",2.66.5,v44350227
2004,663.00,"Newfoundland and Labrador",2.66.5,v44350227
2005,548.00,"Newfoundland and Labrador",2.66.5,v44350227
2006,485.00,"Newfoundland and Labrador",2.66.5,v44350227
2007,457.00,"Newfoundland and Labrador",2.66.5,v44350227
2008,371.00,"Newfoundland and Labrador",2.66.5,v44350227
2009,323.00,"Newfoundland and Labrador",2.66.5,v44350227
2010,336.00,"Newfoundland and Labrador",2.66.5,v44350227
2011,371.00,"Newfoundland and Labrador",2.66.5,v44350227
2012,333.00,"Newfoundland and Labrador",2.66.5,v44350227
2013,374.00,"Newfoundland and Labrador",2.66.5,v44350227
2014,309.00,"Newfoundland and Labrador",2.66.5,v44350227
2015,275.00,"Newfoundland and Labrador",2.66.5,v44350227
1998,281.00,"St. John's, Newfoundland and Labrador",3.66.5,v44398544
1999,187.00,"St. John's, Newfoundland and Labrador",3.66.5,v44398544
2000,173.00,"St. John's, Newfoundland and Labrador",3.66.5,v44398544
2001,110.00,"St. John's, Newfoundland and Labrador",3.66.5,v44398544
2002,109.00,"St. John's, Newfoundland and Labrador",3.66.5,v44398544
2003,165.00,"St. John's, Newfoundland and Labrador",3.66.5,v44398544
2004,190.00,"St. John's, Newfoundland and Labrador",3.66.5,v44398544
2005,124.00,"St. John's, Newfoundland and Labrador",3.66.5,v44398544
2006,137.00,"St. John's, Newfoundland and Labrador",3.66.5,v44398544
2007,147.00,"St. John's, Newfoundland and Labrador",3.66.5,v44398544
2008,93.00,"St. John's, Newfoundland and Labrador",3.66.5,v44398544
2009,77.00,"St. John's, Newfoundland and Labrador",3.66.5,v44398544
2010,98.00,"St. John's, Newfoundland and Labrador",3.66.5,v44398544
2011,120.00,"St. John's, Newfoundland and Labrador",3.66.5,v44398544
2012,108.00,"St. John's, Newfoundland and Labrador",3.66.5,v44398544
2013,86.00,"St. John's, Newfoundland and Labrador",3.66.5,v44398544
2014,118.00,"St. John's, Newfoundland and Labrador",3.66.5,v44398544
2015,118.00,"St. John's, Newfoundland and Labrador",3.66.5,v44398544
1998,121.00,"Prince Edward Island",4.66.5,v44340857
1999,125.00,"Prince Edward Island",4.66.5,v44340857
2000,151.00,"Prince Edward Island",4.66.5,v44340857
2001,127.00,"Prince Edward Island",4.66.5,v44340857
2002,144.00,"Prince Edward Island",4.66.5,v44340857
2003,135.00,"Prince Edward Island",4.66.5,v44340857
2004,91.00,"Prince Edward Island",4.66.5,v44340857
2005,104.00,"Prince Edward Island",4.66.5,v44340857
2006,101.00,"Prince Edward Island",4.66.5,v44340857
2007,118.00,"Prince Edward Island",4.66.5,v44340857
2008,58.00,"Prince Edward Island",4.66.5,v44340857
2009,76.00,"Prince Edward Island",4.66.5,v44340857
2010,122.00,"Prince Edward Island",4.66.5,v44340857
2011,95.00,"Prince Edward Island",4.66.5,v44340857
2012,108.00,"Prince Edward Island",4.66.5,v44340857
2013,108.00,"Prince Edward Island",4.66.5,v44340857
2014,53.00,"Prince Edward Island",4.66.5,v44340857
2015,51.00,"Prince Edward Island",4.66.5,v44340857
1998,1081.00,"Nova Scotia",5.66.5,v44396386
1999,1061.00,"Nova Scotia",5.66.5,v44396386
2000,945.00,"Nova Scotia",5.66.5,v44396386
2001,805.00,"Nova Scotia",5.66.5,v44396386
2002,703.00,"Nova Scotia",5.66.5,v44396386
2003,860.00,"Nova Scotia",5.66.5,v44396386
2004,866.00,"Nova Scotia",5.66.5,v44396386
2005,701.00,"Nova Scotia",5.66.5,v44396386
2006,676.00,"Nova Scotia",5.66.5,v44396386
2007,827.00,"Nova Scotia",5.66.5,v44396386
2008,612.00,"Nova Scotia",5.66.5,v44396386
2009,501.00,"Nova Scotia",5.66.5,v44396386
2010,542.00,"Nova Scotia",5.66.5,v44396386
2011,590.00,"Nova Scotia",5.66.5,v44396386
2012,534.00,"Nova Scotia",5.66.5,v44396386
2013,566.00,"Nova Scotia",5.66.5,v44396386
2014,442.00,"Nova Scotia",5.66.5,v44396386
2015,417.00,"Nova Scotia",5.66.5,v44396386
1998,384.00,"Halifax, Nova Scotia",6.66.5,v44359082
1999,353.00,"Halifax, Nova Scotia",6.66.5,v44359082
2000,266.00,"Halifax, Nova Scotia",6.66.5,v44359082
2001,298.00,"Halifax, Nova Scotia",6.66.5,v44359082
2002,246.00,"Halifax, Nova Scotia",6.66.5,v44359082
2003,227.00,"Halifax, Nova Scotia",6.66.5,v44359082
2004,216.00,"Halifax, Nova Scotia",6.66.5,v44359082
2005,252.00,"Halifax, Nova Scotia",6.66.5,v44359082
2006,209.00,"Halifax, Nova Scotia",6.66.5,v44359082
2007,310.00,"Halifax, Nova Scotia",6.66.5,v44359082
2008,213.00,"Halifax, Nova Scotia",6.66.5,v44359082
2009,157.00,"Halifax, Nova Scotia",6.66.5,v44359082
2010,231.00,"Halifax, Nova Scotia",6.66.5,v44359082
2011,233.00,"Halifax, Nova Scotia",6.66.5,v44359082
2012,201.00,"Halifax, Nova Scotia",6.66.5,v44359082
2013,207.00,"Halifax, Nova Scotia",6.66.5,v44359082
2014,142.00,"Halifax, Nova Scotia",6.66.5,v44359082
2015,143.00,"Halifax, Nova Scotia",6.66.5,v44359082
1998,754.00,"New Brunswick",7.66.5,v44389639
1999,758.00,"New Brunswick",7.66.5,v44389639
2000,661.00,"New Brunswick",7.66.5,v44389639
2001,641.00,"New Brunswick",7.66.5,v44389639
2002,487.00,"New Brunswick",7.66.5,v44389639
2003,663.00,"New Brunswick",7.66.5,v44389639
2004,621.00,"New Brunswick",7.66.5,v44389639
2005,517.00,"New Brunswick",7.66.5,v44389639
2006,566.00,"New Brunswick",7.66.5,v44389639
2007,473.00,"New Brunswick",7.66.5,v44389639
2008,482.00,"New Brunswick",7.66.5,v44389639
2009,481.00,"New Brunswick",7.66.5,v44389639
2010,497.00,"New Brunswick",7.66.5,v44389639
2011,414.00,"New Brunswick",7.66.5,v44389639
2012,444.00,"New Brunswick",7.66.5,v44389639
2013,385.00,"New Brunswick",7.66.5,v44389639
2014,334.00,"New Brunswick",7.66.5,v44389639
2015,355.00,"New Brunswick",7.66.5,v44389639
2005,..,"Moncton, New Brunswick",43.66.5,v52121012
2006,84.00,"Moncton, New Brunswick",43.66.5,v52121012
2007,95.00,"Moncton, New Brunswick",43.66.5,v52121012
2008,67.00,"Moncton, New Brunswick",43.66.5,v52121012
2009,92.00,"Moncton, New Brunswick",43.66.5,v52121012
2010,69.00,"Moncton, New Brunswick",43.66.5,v52121012
2011,87.00,"Moncton, New Brunswick",43.66.5,v52121012
2012,90.00,"Moncton, New Brunswick",43.66.5,v52121012
2013,54.00,"Moncton, New Brunswick",43.66.5,v52121012
2014,45.00,"Moncton, New Brunswick",43.66.5,v52121012
2015,81.00,"Moncton, New Brunswick",43.66.5,v52121012
1998,91.00,"Saint John, New Brunswick",8.66.5,v44391492
1999,98.00,"Saint John, New Brunswick",8.66.5,v44391492
2000,117.00,"Saint John, New Brunswick",8.66.5,v44391492
2001,116.00,"Saint John, New Brunswick",8.66.5,v44391492
2002,105.00,"Saint John, New Brunswick",8.66.5,v44391492
2003,139.00,"Saint John, New Brunswick",8.66.5,v44391492
2004,111.00,"Saint John, New Brunswick",8.66.5,v44391492
2005,103.00,"Saint John, New Brunswick",8.66.5,v44391492
2006,108.00,"Saint John, New Brunswick",8.66.5,v44391492
2007,91.00,"Saint John, New Brunswick",8.66.5,v44391492
2008,74.00,"Saint John, New Brunswick",8.66.5,v44391492
2009,85.00,"Saint John, New Brunswick",8.66.5,v44391492
2010,101.00,"Saint John, New Brunswick",8.66.5,v44391492
2011,82.00,"Saint John, New Brunswick",8.66.5,v44391492
2012,77.00,"Saint John, New Brunswick",8.66.5,v44391492
2013,86.00,"Saint John, New Brunswick",8.66.5,v44391492
2014,50.00,"Saint John, New Brunswick",8.66.5,v44391492
2015,37.00,"Saint John, New Brunswick",8.66.5,v44391492
1998,9625.00,"Quebec",9.66.5,v44381672
1999,7924.00,"Quebec",9.66.5,v44381672
2000,7198.00,"Quebec",9.66.5,v44381672
2001,6522.00,"Quebec",9.66.5,v44381672
2002,6548.00,"Quebec",9.66.5,v44381672
2003,6229.00,"Quebec",9.66.5,v44381672
2004,5621.00,"Quebec",9.66.5,v44381672
2005,5856.00,"Quebec",9.66.5,v44381672
2006,5592.00,"Quebec",9.66.5,v44381672
2007,5670.00,"Quebec",9.66.5,v44381672
2008,5447.00,"Quebec",9.66.5,v44381672
2009,5550.00,"Quebec",9.66.5,v44381672
2010,5082.00,"Quebec",9.66.5,v44381672
2011,5173.00,"Quebec",9.66.5,v44381672
2012,5045.00,"Quebec",9.66.5,v44381672
2013,4506.00,"Quebec",9.66.5,v44381672
2014,4022.00,"Quebec",9.66.5,v44381672
2015,4067.00,"Quebec",9.66.5,v44381672
1998,306.00,"Saguenay, Quebec",10.66.5,v44338979
1999,218.00,"Saguenay, Quebec",10.66.5,v44338979
2000,149.00,"Saguenay, Quebec",10.66.5,v44338979
2001,163.00,"Saguenay, Quebec",10.66.5,v44338979
2002,65.00,"Saguenay, Quebec",10.66.5,v44338979
2003,95.00,"Saguenay, Quebec",10.66.5,v44338979
2004,76.00,"Saguenay, Quebec",10.66.5,v44338979
2005,77.00,"Saguenay, Quebec",10.66.5,v44338979
2006,77.00,"Saguenay, Quebec",10.66.5,v44338979
2007,61.00,"Saguenay, Quebec",10.66.5,v44338979
2008,126.00,"Saguenay, Quebec",10.66.5,v44338979
2009,120.00,"Saguenay, Quebec",10.66.5,v44338979
2010,82.00,"Saguenay, Quebec",10.66.5,v44338979
2011,120.00,"Saguenay, Quebec",10.66.5,v44338979
2012,112.00,"Saguenay, Quebec",10.66.5,v44338979
2013,123.00,"Saguenay, Quebec",10.66.5,v44338979
2014,89.00,"Saguenay, Quebec",10.66.5,v44338979
2015,84.00,"Saguenay, Quebec",10.66.5,v44338979
1998,170.00,"Sherbrooke, Quebec",12.66.5,v44342048
1999,154.00,"Sherbrooke, Quebec",12.66.5,v44342048
2000,165.00,"Sherbrooke, Quebec",12.66.5,v44342048
2001,238.00,"Sherbrooke, Quebec",12.66.5,v44342048
2002,149.00,"Sherbrooke, Quebec",12.66.5,v44342048
2003,158.00,"Sherbrooke, Quebec",12.66.5,v44342048
2004,124.00,"Sherbrooke, Quebec",12.66.5,v44342048
2005,108.00,"Sherbrooke, Quebec",12.66.5,v44342048
2006,153.00,"Sherbrooke, Quebec",12.66.5,v44342048
2007,210.00,"Sherbrooke, Quebec",12.66.5,v44342048
2008,116.00,"Sherbrooke, Quebec",12.66.5,v44342048
2009,239.00,"Sherbrooke, Quebec",12.66.5,v44342048
2010,251.00,"Sherbrooke, Quebec",12.66.5,v44342048
2011,141.00,"Sherbrooke, Quebec",12.66.5,v44342048
2012,118.00,"Sherbrooke, Quebec",12.66.5,v44342048
2013,194.00,"Sherbrooke, Quebec",12.66.5,v44342048
2014,113.00,"Sherbrooke, Quebec",12.66.5,v44342048
2015,97.00,"Sherbrooke, Quebec",12.66.5,v44342048
1998,327.00,"Ottawa-Gatineau, Quebec part",15.66.5,v44409453
1999,290.00,"Ottawa-Gatineau, Quebec part",15.66.5,v44409453
2000,324.00,"Ottawa-Gatineau, Quebec part",15.66.5,v44409453
2001,265.00,"Ottawa-Gatineau, Quebec part",15.66.5,v44409453
2002,277.00,"Ottawa-Gatineau, Quebec part",15.66.5,v44409453
2003,321.00,"Ottawa-Gatineau, Quebec part",15.66.5,v44409453
2004,255.00,"Ottawa-Gatineau, Quebec part",15.66.5,v44409453
2005,301.00,"Ottawa-Gatineau, Quebec part",15.66.5,v44409453
2006,307.00,"Ottawa-Gatineau, Quebec part",15.66.5,v44409453
2007,325.00,"Ottawa-Gatineau, Quebec part",15.66.5,v44409453
2008,213.00,"Ottawa-Gatineau, Quebec part",15.66.5,v44409453
2009,244.00,"Ottawa-Gatineau, Quebec part",15.66.5,v44409453
2010,302.00,"Ottawa-Gatineau, Quebec part",15.66.5,v44409453
2011,295.00,"Ottawa-Gatineau, Quebec part",15.66.5,v44409453
2012,264.00,"Ottawa-Gatineau, Quebec part",15.66.5,v44409453
2013,195.00,"Ottawa-Gatineau, Quebec part",15.66.5,v44409453
2014,174.00,"Ottawa-Gatineau, Quebec part",15.66.5,v44409453
2015,137.00,"Ottawa-Gatineau, Quebec part",15.66.5,v44409453
1998,9971.00,"Ontario",16.66.5,v44394589
1999,10150.00,"Ontario",16.66.5,v44394589
2000,9270.00,"Ontario",16.66.5,v44394589
2001,8460.00,"Ontario",16.66.5,v44394589
2002,8565.00,"Ontario",16.66.5,v44394589
2003,8208.00,"Ontario",16.66.5,v44394589
2004,7785.00,"Ontario",16.66.5,v44394589
2005,7677.00,"Ontario",16.66.5,v44394589
2006,7680.00,"Ontario",16.66.5,v44394589
2007,7752.00,"Ontario",16.66.5,v44394589
2008,7392.00,"Ontario",16.66.5,v44394589
2009,7173.00,"Ontario",16.66.5,v44394589
2010,6973.00,"Ontario",16.66.5,v44394589
2011,6627.00,"Ontario",16.66.5,v44394589
2012,6658.00,"Ontario",16.66.5,v44394589
2013,5774.00,"Ontario",16.66.5,v44394589
2014,5898.00,"Ontario",16.66.5,v44394589
2015,5933.00,"Ontario",16.66.5,v44394589
1998,735.00,"Ottawa-Gatineau, Ontario/Quebec",17.66.5,v52148163
1999,673.00,"Ottawa-Gatineau, Ontario/Quebec",17.66.5,v52148163
2000,676.00,"Ottawa-Gatineau, Ontario/Quebec",17.66.5,v52148163
2001,570.00,"Ottawa-Gatineau, Ontario/Quebec",17.66.5,v52148163
2002,585.00,"Ottawa-Gatineau, Ontario/Quebec",17.66.5,v52148163
2003,737.00,"Ottawa-Gatineau, Ontario/Quebec",17.66.5,v52148163
2004,699.00,"Ottawa-Gatineau, Ontario/Quebec",17.66.5,v52148163
2005,757.00,"Ottawa-Gatineau, Ontario/Quebec",17.66.5,v52148163
2006,741.00,"Ottawa-Gatineau, Ontario/Quebec",17.66.5,v52148163
2007,743.00,"Ottawa-Gatineau, Ontario/Quebec",17.66.5,v52148163
2008,620.00,"Ottawa-Gatineau, Ontario/Quebec",17.66.5,v52148163
2009,634.00,"Ottawa-Gatineau, Ontario/Quebec",17.66.5,v52148163
2010,736.00,"Ottawa-Gatineau, Ontario/Quebec",17.66.5,v52148163
2011,672.00,"Ottawa-Gatineau, Ontario/Quebec",17.66.5,v52148163
2012,642.00,"Ottawa-Gatineau, Ontario/Quebec",17.66.5,v52148163
2013,546.00,"Ottawa-Gatineau, Ontario/Quebec",17.66.5,v52148163
2014,530.00,"Ottawa-Gatineau, Ontario/Quebec",17.66.5,v52148163
2015,489.00,"Ottawa-Gatineau, Ontario/Quebec",17.66.5,v52148163
1998,408.00,"Ottawa-Gatineau, Ontario part",18.66.5,v44330141
1999,383.00,"Ottawa-Gatineau, Ontario part",18.66.5,v44330141
2000,352.00,"Ottawa-Gatineau, Ontario part",18.66.5,v44330141
2001,305.00,"Ottawa-Gatineau, Ontario part",18.66.5,v44330141
2002,308.00,"Ottawa-Gatineau, Ontario part",18.66.5,v44330141
2003,416.00,"Ottawa-Gatineau, Ontario part",18.66.5,v44330141
2004,444.00,"Ottawa-Gatineau, Ontario part",18.66.5,v44330141
2005,456.00,"Ottawa-Gatineau, Ontario part",18.66.5,v44330141
2006,434.00,"Ottawa-Gatineau, Ontario part",18.66.5,v44330141
2007,418.00,"Ottawa-Gatineau, Ontario part",18.66.5,v44330141
2008,407.00,"Ottawa-Gatineau, Ontario part",18.66.5,v44330141
2009,390.00,"Ottawa-Gatineau, Ontario part",18.66.5,v44330141
2010,434.00,"Ottawa-Gatineau, Ontario part",18.66.5,v44330141
2011,377.00,"Ottawa-Gatineau, Ontario part",18.66.5,v44330141
2012,378.00,"Ottawa-Gatineau, Ontario part",18.66.5,v44330141
2013,351.00,"Ottawa-Gatineau, Ontario part",18.66.5,v44330141
2014,356.00,"Ottawa-Gatineau, Ontario part",18.66.5,v44330141
2015,352.00,"Ottawa-Gatineau, Ontario part",18.66.5,v44330141
2000,..,"Kingston, Ontario",27.66.5,v44340415
2001,114.00,"Kingston, Ontario",27.66.5,v44340415
2002,99.00,"Kingston, Ontario",27.66.5,v44340415
2003,118.00,"Kingston, Ontario",27.66.5,v44340415
2004,85.00,"Kingston, Ontario",27.66.5,v44340415
2005,92.00,"Kingston, Ontario",27.66.5,v44340415
2006,113.00,"Kingston, Ontario",27.66.5,v44340415
2007,88.00,"Kingston, Ontario",27.66.5,v44340415
2008,156.00,"Kingston, Ontario",27.66.5,v44340415
2009,82.00,"Kingston, Ontario",27.66.5,v44340415
2010,83.00,"Kingston, Ontario",27.66.5,v44340415
2011,121.00,"Kingston, Ontario",27.66.5,v44340415
2012,125.00,"Kingston, Ontario",27.66.5,v44340415
2013,105.00,"Kingston, Ontario",27.66.5,v44340415
2014,91.00,"Kingston, Ontario",27.66.5,v44340415
2015,69.00,"Kingston, Ontario",27.66.5,v44340415
2005,..,"Peterborough, Ontario",44.66.5,v52122436
2006,107.00,"Peterborough, Ontario",44.66.5,v52122436
2007,53.00,"Peterborough, Ontario",44.66.5,v52122436
2008,71.00,"Peterborough, Ontario",44.66.5,v52122436
2009,69.00,"Peterborough, Ontario",44.66.5,v52122436
2010,55.00,"Peterborough, Ontario",44.66.5,v52122436
2011,94.00,"Peterborough, Ontario",44.66.5,v52122436
2012,140.00,"Peterborough, Ontario",44.66.5,v52122436
2013,91.00,"Peterborough, Ontario",44.66.5,v52122436
2014,99.00,"Peterborough, Ontario",44.66.5,v52122436
2015,82.00,"Peterborough, Ontario",44.66.5,v52122436
1998,2278.00,"Toronto, Ontario",19.66.5,v44416649
1999,2848.00,"Toronto, Ontario",19.66.5,v44416649
2000,2710.00,"Toronto, Ontario",19.66.5,v44416649
2001,2873.00,"Toronto, Ontario",19.66.5,v44416649
2002,2959.00,"Toronto, Ontario",19.66.5,v44416649
2003,3188.00,"Toronto, Ontario",19.66.5,v44416649
2004,2602.00,"Toronto, Ontario",19.66.5,v44416649
2005,2814.00,"Toronto, Ontario",19.66.5,v44416649
2006,2709.00,"Toronto, Ontario",19.66.5,v44416649
2007,2674.00,"Toronto, Ontario",19.66.5,v44416649
2008,2545.00,"Toronto, Ontario",19.66.5,v44416649
2009,2575.00,"Toronto, Ontario",19.66.5,v44416649
2010,2580.00,"Toronto, Ontario",19.66.5,v44416649
2011,2200.00,"Toronto, Ontario",19.66.5,v44416649
2012,2455.00,"Toronto, Ontario",19.66.5,v44416649
2013,2061.00,"Toronto, Ontario",19.66.5,v44416649
2014,2199.00,"Toronto, Ontario",19.66.5,v44416649
2015,2107.00,"Toronto, Ontario",19.66.5,v44416649
1998,402.00,"Hamilton, Ontario",20.66.5,v44333495
1999,315.00,"Hamilton, Ontario",20.66.5,v44333495
2000,331.00,"Hamilton, Ontario",20.66.5,v44333495
2001,375.00,"Hamilton, Ontario",20.66.5,v44333495
2002,338.00,"Hamilton, Ontario",20.66.5,v44333495
2003,370.00,"Hamilton, Ontario",20.66.5,v44333495
2004,333.00,"Hamilton, Ontario",20.66.5,v44333495
2005,261.00,"Hamilton, Ontario",20.66.5,v44333495
2006,240.00,"Hamilton, Ontario",20.66.5,v44333495
2007,300.00,"Hamilton, Ontario",20.66.5,v44333495
2008,288.00,"Hamilton, Ontario",20.66.5,v44333495
2009,276.00,"Hamilton, Ontario",20.66.5,v44333495
2010,217.00,"Hamilton, Ontario",20.66.5,v44333495
2011,219.00,"Hamilton, Ontario",20.66.5,v44333495
2012,229.00,"Hamilton, Ontario",20.66.5,v44333495
2013,218.00,"Hamilton, Ontario",20.66.5,v44333495
2014,260.00,"Hamilton, Ontario",20.66.5,v44333495
2015,252.00,"Hamilton, Ontario",20.66.5,v44333495
1998,372.00,"St.Catharines-Niagara, Ontario",21.66.5,v44327716
1999,299.00,"St.Catharines-Niagara, Ontario",21.66.5,v44327716
2000,252.00,"St.Catharines-Niagara, Ontario",21.66.5,v44327716
2001,336.00,"St.Catharines-Niagara, Ontario",21.66.5,v44327716
2002,283.00,"St.Catharines-Niagara, Ontario",21.66.5,v44327716
2003,280.00,"St.Catharines-Niagara, Ontario",21.66.5,v44327716
2004,264.00,"St.Catharines-Niagara, Ontario",21.66.5,v44327716
2005,196.00,"St.Catharines-Niagara, Ontario",21.66.5,v44327716
2006,231.00,"St.Catharines-Niagara, Ontario",21.66.5,v44327716
2007,256.00,"St.Catharines-Niagara, Ontario",21.66.5,v44327716
2008,268.00,"St.Catharines-Niagara, Ontario",21.66.5,v44327716
2009,237.00,"St.Catharines-Niagara, Ontario",21.66.5,v44327716
2010,291.00,"St.Catharines-Niagara, Ontario",21.66.5,v44327716
2011,260.00,"St.Catharines-Niagara, Ontario",21.66.5,v44327716
2012,251.00,"St.Catharines-Niagara, Ontario",21.66.5,v44327716
2013,228.00,"St.Catharines-Niagara, Ontario",21.66.5,v44327716
2014,188.00,"St.Catharines-Niagara, Ontario",21.66.5,v44327716
2015,242.00,"St.Catharines-Niagara, Ontario",21.66.5,v44327716
1998,394.00,"Kitchener-Cambridge-Waterloo, Ontario",22.66.5,v44385711
1999,364.00,"Kitchener-Cambridge-Waterloo, Ontario",22.66.5,v44385711
2000,275.00,"Kitchener-Cambridge-Waterloo, Ontario",22.66.5,v44385711
2001,237.00,"Kitchener-Cambridge-Waterloo, Ontario",22.66.5,v44385711
2002,285.00,"Kitchener-Cambridge-Waterloo, Ontario",22.66.5,v44385711
2003,277.00,"Kitchener-Cambridge-Waterloo, Ontario",22.66.5,v44385711
2004,273.00,"Kitchener-Cambridge-Waterloo, Ontario",22.66.5,v44385711
2005,338.00,"Kitchener-Cambridge-Waterloo, Ontario",22.66.5,v44385711
2006,446.00,"Kitchener-Cambridge-Waterloo, Ontario",22.66.5,v44385711
2007,499.00,"Kitchener-Cambridge-Waterloo, Ontario",22.66.5,v44385711
2008,331.00,"Kitchener-Cambridge-Waterloo, Ontario",22.66.5,v44385711
2009,518.00,"Kitchener-Cambridge-Waterloo, Ontario",22.66.5,v44385711
2010,325.00,"Kitchener-Cambridge-Waterloo, Ontario",22.66.5,v44385711
2011,322.00,"Kitchener-Cambridge-Waterloo, Ontario",22.66.5,v44385711
2012,328.00,"Kitchener-Cambridge-Waterloo, Ontario",22.66.5,v44385711
2013,289.00,"Kitchener-Cambridge-Waterloo, Ontario",22.66.5,v44385711
2014,356.00,"Kitchener-Cambridge-Waterloo, Ontario",22.66.5,v44385711
2015,446.00,"Kitchener-Cambridge-Waterloo, Ontario",22.66.5,v44385711
2005,..,"Brantford, Ontario",45.66.5,v52119071
2006,138.00,"Brantford, Ontario",45.66.5,v52119071
2007,158.00,"Brantford, Ontario",45.66.5,v52119071
2008,144.00,"Brantford, Ontario",45.66.5,v52119071
2009,119.00,"Brantford, Ontario",45.66.5,v52119071
2010,90.00,"Brantford, Ontario",45.66.5,v52119071
2011,121.00,"Brantford, Ontario",45.66.5,v52119071
2012,114.00,"Brantford, Ontario",45.66.5,v52119071
2013,130.00,"Brantford, Ontario",45.66.5,v52119071
2014,122.00,"Brantford, Ontario",45.66.5,v52119071
2015,86.00,"Brantford, Ontario",45.66.5,v52119071
2005,..,"Guelph, Ontario",46.66.5,v52119496
2006,62.00,"Guelph, Ontario",46.66.5,v52119496
2007,43.00,"Guelph, Ontario",46.66.5,v52119496
2008,50.00,"Guelph, Ontario",46.66.5,v52119496
2009,65.00,"Guelph, Ontario",46.66.5,v52119496
2010,90.00,"Guelph, Ontario",46.66.5,v52119496
2011,40.00,"Guelph, Ontario",46.66.5,v52119496
2012,59.00,"Guelph, Ontario",46.66.5,v52119496
2013,39.00,"Guelph, Ontario",46.66.5,v52119496
2014,50.00,"Guelph, Ontario",46.66.5,v52119496
2015,73.00,"Guelph, Ontario",46.66.5,v52119496
1998,431.00,"London, Ontario",23.66.5,v44361398
1999,427.00,"London, Ontario",23.66.5,v44361398
2000,453.00,"London, Ontario",23.66.5,v44361398
2001,365.00,"London, Ontario",23.66.5,v44361398
2002,366.00,"London, Ontario",23.66.5,v44361398
2003,351.00,"London, Ontario",23.66.5,v44361398
2004,300.00,"London, Ontario",23.66.5,v44361398
2005,299.00,"London, Ontario",23.66.5,v44361398
2006,336.00,"London, Ontario",23.66.5,v44361398
2007,339.00,"London, Ontario",23.66.5,v44361398
2008,310.00,"London, Ontario",23.66.5,v44361398
2009,332.00,"London, Ontario",23.66.5,v44361398
2010,291.00,"London, Ontario",23.66.5,v44361398
2011,267.00,"London, Ontario",23.66.5,v44361398
2012,212.00,"London, Ontario",23.66.5,v44361398
2013,205.00,"London, Ontario",23.66.5,v44361398
2014,216.00,"London, Ontario",23.66.5,v44361398
2015,238.00,"London, Ontario",23.66.5,v44361398
1998,228.00,"Windsor, Ontario",24.66.5,v44391649
1999,193.00,"Windsor, Ontario",24.66.5,v44391649
2000,204.00,"Windsor, Ontario",24.66.5,v44391649
2001,175.00,"Windsor, Ontario",24.66.5,v44391649
2002,179.00,"Windsor, Ontario",24.66.5,v44391649
2003,162.00,"Windsor, Ontario",24.66.5,v44391649
2004,224.00,"Windsor, Ontario",24.66.5,v44391649
2005,214.00,"Windsor, Ontario",24.66.5,v44391649
2006,242.00,"Windsor, Ontario",24.66.5,v44391649
2007,239.00,"Windsor, Ontario",24.66.5,v44391649
2008,170.00,"Windsor, Ontario",24.66.5,v44391649
2009,185.00,"Windsor, Ontario",24.66.5,v44391649
2010,156.00,"Windsor, Ontario",24.66.5,v44391649
2011,160.00,"Windsor, Ontario",24.66.5,v44391649
2012,190.00,"Windsor, Ontario",24.66.5,v44391649
2013,162.00,"Windsor, Ontario",24.66.5,v44391649
2014,184.00,"Windsor, Ontario",24.66.5,v44391649
2015,173.00,"Windsor, Ontario",24.66.5,v44391649
2005,..,"Barrie, Ontario",47.66.5,v52144926
2006,94.00,"Barrie, Ontario",47.66.5,v52144926
2007,86.00,"Barrie, Ontario",47.66.5,v52144926
2008,88.00,"Barrie, Ontario",47.66.5,v52144926
2009,84.00,"Barrie, Ontario",47.66.5,v52144926
2010,71.00,"Barrie, Ontario",47.66.5,v52144926
2011,88.00,"Barrie, Ontario",47.66.5,v52144926
2012,78.00,"Barrie, Ontario",47.66.5,v52144926
2013,89.00,"Barrie, Ontario",47.66.5,v52144926
2014,41.00,"Barrie, Ontario",47.66.5,v52144926
2015,71.00,"Barrie, Ontario",47.66.5,v52144926
1998,186.00,"Sudbury, Ontario",25.66.5,v44406162
1999,171.00,"Sudbury, Ontario",25.66.5,v44406162
2000,152.00,"Sudbury, Ontario",25.66.5,v44406162
2001,115.00,"Sudbury, Ontario",25.66.5,v44406162
2002,190.00,"Sudbury, Ontario",25.66.5,v44406162
2003,87.00,"Sudbury, Ontario",25.66.5,v44406162
2004,116.00,"Sudbury, Ontario",25.66.5,v44406162
2005,117.00,"Sudbury, Ontario",25.66.5,v44406162
2006,122.00,"Sudbury, Ontario",25.66.5,v44406162
2007,119.00,"Sudbury, Ontario",25.66.5,v44406162
2008,100.00,"Sudbury, Ontario",25.66.5,v44406162
2009,76.00,"Sudbury, Ontario",25.66.5,v44406162
2010,116.00,"Sudbury, Ontario",25.66.5,v44406162
2011,156.00,"Sudbury, Ontario",25.66.5,v44406162
2012,159.00,"Sudbury, Ontario",25.66.5,v44406162
2013,133.00,"Sudbury, Ontario",25.66.5,v44406162
2014,80.00,"Sudbury, Ontario",25.66.5,v44406162
2015,87.00,"Sudbury, Ontario",25.66.5,v44406162
1998,150.00,"Thunder Bay, Ontario",26.66.5,v44387978
1999,185.00,"Thunder Bay, Ontario",26.66.5,v44387978
2000,140.00,"Thunder Bay, Ontario",26.66.5,v44387978
2001,150.00,"Thunder Bay, Ontario",26.66.5,v44387978
2002,140.00,"Thunder Bay, Ontario",26.66.5,v44387978
2003,156.00,"Thunder Bay, Ontario",26.66.5,v44387978
2004,113.00,"Thunder Bay, Ontario",26.66.5,v44387978
2005,108.00,"Thunder Bay, Ontario",26.66.5,v44387978
2006,101.00,"Thunder Bay, Ontario",26.66.5,v44387978
2007,92.00,"Thunder Bay, Ontario",26.66.5,v44387978
2008,76.00,"Thunder Bay, Ontario",26.66.5,v44387978
2009,71.00,"Thunder Bay, Ontario",26.66.5,v44387978
2010,81.00,"Thunder Bay, Ontario",26.66.5,v44387978
2011,81.00,"Thunder Bay, Ontario",26.66.5,v44387978
2012,76.00,"Thunder Bay, Ontario",26.66.5,v44387978
2013,51.00,"Thunder Bay, Ontario",26.66.5,v44387978
2014,53.00,"Thunder Bay, Ontario",26.66.5,v44387978
2015,46.00,"Thunder Bay, Ontario",26.66.5,v44387978
1998,2165.00,"Manitoba",28.66.5,v44380421
1999,1830.00,"Manitoba",28.66.5,v44380421
2000,1841.00,"Manitoba",28.66.5,v44380421
2001,2025.00,"Manitoba",28.66.5,v44380421
2002,1822.00,"Manitoba",28.66.5,v44380421
2003,1893.00,"Manitoba",28.66.5,v44380421
2004,1978.00,"Manitoba",28.66.5,v44380421
2005,2283.00,"Manitoba",28.66.5,v44380421
2006,1600.00,"Manitoba",28.66.5,v44380421
2007,1345.00,"Manitoba",28.66.5,v44380421
2008,1169.00,"Manitoba",28.66.5,v44380421
2009,1172.00,"Manitoba",28.66.5,v44380421
2010,1194.00,"Manitoba",28.66.5,v44380421
2011,1039.00,"Manitoba",28.66.5,v44380421
2012,1128.00,"Manitoba",28.66.5,v44380421
2013,1024.00,"Manitoba",28.66.5,v44380421
2014,1048.00,"Manitoba",28.66.5,v44380421
2015,1081.00,"Manitoba",28.66.5,v44380421
1998,1266.00,"Winnipeg, Manitoba",29.66.5,v44348763
1999,998.00,"Winnipeg, Manitoba",29.66.5,v44348763
2000,1013.00,"Winnipeg, Manitoba",29.66.5,v44348763
2001,1226.00,"Winnipeg, Manitoba",29.66.5,v44348763
2002,1151.00,"Winnipeg, Manitoba",29.66.5,v44348763
2003,1108.00,"Winnipeg, Manitoba",29.66.5,v44348763
2004,1188.00,"Winnipeg, Manitoba",29.66.5,v44348763
2005,1562.00,"Winnipeg, Manitoba",29.66.5,v44348763
2006,1062.00,"Winnipeg, Manitoba",29.66.5,v44348763
2007,768.00,"Winnipeg, Manitoba",29.66.5,v44348763
2008,667.00,"Winnipeg, Manitoba",29.66.5,v44348763
2009,517.00,"Winnipeg, Manitoba",29.66.5,v44348763
2010,619.00,"Winnipeg, Manitoba",29.66.5,v44348763
2011,572.00,"Winnipeg, Manitoba",29.66.5,v44348763
2012,579.00,"Winnipeg, Manitoba",29.66.5,v44348763
2013,535.00,"Winnipeg, Manitoba",29.66.5,v44348763
2014,598.00,"Winnipeg, Manitoba",29.66.5,v44348763
2015,652.00,"Winnipeg, Manitoba",29.66.5,v44348763
1998,2580.00,"Saskatchewan",30.66.5,v44345928
1999,2328.00,"Saskatchewan",30.66.5,v44345928
2000,2528.00,"Saskatchewan",30.66.5,v44345928
2001,2139.00,"Saskatchewan",30.66.5,v44345928
2002,2173.00,"Saskatchewan",30.66.5,v44345928
2003,2291.00,"Saskatchewan",30.66.5,v44345928
2004,2205.00,"Saskatchewan",30.66.5,v44345928
2005,2023.00,"Saskatchewan",30.66.5,v44345928
2006,1696.00,"Saskatchewan",30.66.5,v44345928
2007,1538.00,"Saskatchewan",30.66.5,v44345928
2008,1473.00,"Saskatchewan",30.66.5,v44345928
2009,1387.00,"Saskatchewan",30.66.5,v44345928
2010,1364.00,"Saskatchewan",30.66.5,v44345928
2011,1408.00,"Saskatchewan",30.66.5,v44345928
2012,1381.00,"Saskatchewan",30.66.5,v44345928
2013,1172.00,"Saskatchewan",30.66.5,v44345928
2014,1199.00,"Saskatchewan",30.66.5,v44345928
2015,1358.00,"Saskatchewan",30.66.5,v44345928
1998,373.00,"Regina, Saskatchewan",31.66.5,v44337076
1999,432.00,"Regina, Saskatchewan",31.66.5,v44337076
2000,390.00,"Regina, Saskatchewan",31.66.5,v44337076
2001,289.00,"Regina, Saskatchewan",31.66.5,v44337076
2002,338.00,"Regina, Saskatchewan",31.66.5,v44337076
2003,274.00,"Regina, Saskatchewan",31.66.5,v44337076
2004,374.00,"Regina, Saskatchewan",31.66.5,v44337076
2005,345.00,"Regina, Saskatchewan",31.66.5,v44337076
2006,254.00,"Regina, Saskatchewan",31.66.5,v44337076
2007,309.00,"Regina, Saskatchewan",31.66.5,v44337076
2008,278.00,"Regina, Saskatchewan",31.66.5,v44337076
2009,298.00,"Regina, Saskatchewan",31.66.5,v44337076
2010,211.00,"Regina, Saskatchewan",31.66.5,v44337076
2011,189.00,"Regina, Saskatchewan",31.66.5,v44337076
2012,184.00,"Regina, Saskatchewan",31.66.5,v44337076
2013,171.00,"Regina, Saskatchewan",31.66.5,v44337076
2014,172.00,"Regina, Saskatchewan",31.66.5,v44337076
2015,191.00,"Regina, Saskatchewan",31.66.5,v44337076
1998,567.00,"Saskatoon, Saskatchewan",32.66.5,v44415685
1999,403.00,"Saskatoon, Saskatchewan",32.66.5,v44415685
2000,411.00,"Saskatoon, Saskatchewan",32.66.5,v44415685
2001,407.00,"Saskatoon, Saskatchewan",32.66.5,v44415685
2002,368.00,"Saskatoon, Saskatchewan",32.66.5,v44415685
2003,408.00,"Saskatoon, Saskatchewan",32.66.5,v44415685
2004,332.00,"Saskatoon, Saskatchewan",32.66.5,v44415685
2005,312.00,"Saskatoon, Saskatchewan",32.66.5,v44415685
2006,264.00,"Saskatoon, Saskatchewan",32.66.5,v44415685
2007,191.00,"Saskatoon, Saskatchewan",32.66.5,v44415685
2008,223.00,"Saskatoon, Saskatchewan",32.66.5,v44415685
2009,160.00,"Saskatoon, Saskatchewan",32.66.5,v44415685
2010,240.00,"Saskatoon, Saskatchewan",32.66.5,v44415685
2011,239.00,"Saskatoon, Saskatchewan",32.66.5,v44415685
2012,231.00,"Saskatoon, Saskatchewan",32.66.5,v44415685
2013,192.00,"Saskatoon, Saskatchewan",32.66.5,v44415685
2014,191.00,"Saskatoon, Saskatchewan",32.66.5,v44415685
2015,300.00,"Saskatoon, Saskatchewan",32.66.5,v44415685
1998,3876.00,"Alberta",33.66.5,v44369458
1999,3627.00,"Alberta",33.66.5,v44369458
2000,3557.00,"Alberta",33.66.5,v44369458
2001,3301.00,"Alberta",33.66.5,v44369458
2002,3381.00,"Alberta",33.66.5,v44369458
2003,3618.00,"Alberta",33.66.5,v44369458
2004,3458.00,"Alberta",33.66.5,v44369458
2005,2845.00,"Alberta",33.66.5,v44369458
2006,2786.00,"Alberta",33.66.5,v44369458
2007,2500.00,"Alberta",33.66.5,v44369458
2008,2339.00,"Alberta",33.66.5,v44369458
2009,2154.00,"Alberta",33.66.5,v44369458
2010,2300.00,"Alberta",33.66.5,v44369458
2011,1995.00,"Alberta",33.66.5,v44369458
2012,2071.00,"Alberta",33.66.5,v44369458
2013,2170.00,"Alberta",33.66.5,v44369458
2014,2150.00,"Alberta",33.66.5,v44369458
2015,2495.00,"Alberta",33.66.5,v44369458
1998,923.00,"Calgary, Alberta",34.66.5,v44368190
1999,982.00,"Calgary, Alberta",34.66.5,v44368190
2000,950.00,"Calgary, Alberta",34.66.5,v44368190
2001,839.00,"Calgary, Alberta",34.66.5,v44368190
2002,938.00,"Calgary, Alberta",34.66.5,v44368190
2003,1074.00,"Calgary, Alberta",34.66.5,v44368190
2004,1082.00,"Calgary, Alberta",34.66.5,v44368190
2005,873.00,"Calgary, Alberta",34.66.5,v44368190
2006,889.00,"Calgary, Alberta",34.66.5,v44368190
2007,660.00,"Calgary, Alberta",34.66.5,v44368190
2008,706.00,"Calgary, Alberta",34.66.5,v44368190
2009,529.00,"Calgary, Alberta",34.66.5,v44368190
2010,596.00,"Calgary, Alberta",34.66.5,v44368190
2011,502.00,"Calgary, Alberta",34.66.5,v44368190
2012,502.00,"Calgary, Alberta",34.66.5,v44368190
2013,619.00,"Calgary, Alberta",34.66.5,v44368190
2014,572.00,"Calgary, Alberta",34.66.5,v44368190
2015,716.00,"Calgary, Alberta",34.66.5,v44368190
1998,1122.00,"Edmonton, Alberta",35.66.5,v44370379
1999,1074.00,"Edmonton, Alberta",35.66.5,v44370379
2000,913.00,"Edmonton, Alberta",35.66.5,v44370379
2001,908.00,"Edmonton, Alberta",35.66.5,v44370379
2002,976.00,"Edmonton, Alberta",35.66.5,v44370379
2003,856.00,"Edmonton, Alberta",35.66.5,v44370379
2004,867.00,"Edmonton, Alberta",35.66.5,v44370379
2005,688.00,"Edmonton, Alberta",35.66.5,v44370379
2006,666.00,"Edmonton, Alberta",35.66.5,v44370379
2007,628.00,"Edmonton, Alberta",35.66.5,v44370379
2008,610.00,"Edmonton, Alberta",35.66.5,v44370379
2009,554.00,"Edmonton, Alberta",35.66.5,v44370379
2010,689.00,"Edmonton, Alberta",35.66.5,v44370379
2011,614.00,"Edmonton, Alberta",35.66.5,v44370379
2012,686.00,"Edmonton, Alberta",35.66.5,v44370379
2013,698.00,"Edmonton, Alberta",35.66.5,v44370379
2014,691.00,"Edmonton, Alberta",35.66.5,v44370379
2015,779.00,"Edmonton, Alberta",35.66.5,v44370379
1998,4301.00,"British Columbia",36.66.5,v44355970
1999,3749.00,"British Columbia",36.66.5,v44355970
2000,3341.00,"British Columbia",36.66.5,v44355970
2001,3344.00,"British Columbia",36.66.5,v44355970
2002,3020.00,"British Columbia",36.66.5,v44355970
2003,2891.00,"British Columbia",36.66.5,v44355970
2004,2839.00,"British Columbia",36.66.5,v44355970
2005,2540.00,"British Columbia",36.66.5,v44355970
2006,2595.00,"British Columbia",36.66.5,v44355970
2007,2434.00,"British Columbia",36.66.5,v44355970
2008,2235.00,"British Columbia",36.66.5,v44355970
2009,1982.00,"British Columbia",36.66.5,v44355970
2010,1948.00,"British Columbia",36.66.5,v44355970
2011,1942.00,"British Columbia",36.66.5,v44355970
2012,1936.00,"British Columbia",36.66.5,v44355970
2013,2064.00,"British Columbia",36.66.5,v44355970
2014,2041.00,"British Columbia",36.66.5,v44355970
2015,2208.00,"British Columbia",36.66.5,v44355970
2005,..,"Kelowna, British Columbia",48.66.5,v52146303
2006,86.00,"Kelowna, British Columbia",48.66.5,v52146303
2007,91.00,"Kelowna, British Columbia",48.66.5,v52146303
2008,57.00,"Kelowna, British Columbia",48.66.5,v52146303
2009,58.00,"Kelowna, British Columbia",48.66.5,v52146303
2010,56.00,"Kelowna, British Columbia",48.66.5,v52146303
2011,72.00,"Kelowna, British Columbia",48.66.5,v52146303
2012,56.00,"Kelowna, British Columbia",48.66.5,v52146303
2013,65.00,"Kelowna, British Columbia",48.66.5,v52146303
2014,74.00,"Kelowna, British Columbia",48.66.5,v52146303
2015,81.00,"Kelowna, British Columbia",48.66.5,v52146303
2000,..,"Abbotsford-Mission, British Columbia",39.66.5,v44380284
2001,156.00,"Abbotsford-Mission, British Columbia",39.66.5,v44380284
2002,112.00,"Abbotsford-Mission, British Columbia",39.66.5,v44380284
2003,103.00,"Abbotsford-Mission, British Columbia",39.66.5,v44380284
2004,82.00,"Abbotsford-Mission, British Columbia",39.66.5,v44380284
2005,74.00,"Abbotsford-Mission, British Columbia",39.66.5,v44380284
2006,65.00,"Abbotsford-Mission, British Columbia",39.66.5,v44380284
2007,102.00,"Abbotsford-Mission, British Columbia",39.66.5,v44380284
2008,120.00,"Abbotsford-Mission, British Columbia",39.66.5,v44380284
2009,64.00,"Abbotsford-Mission, British Columbia",39.66.5,v44380284
2010,72.00,"Abbotsford-Mission, British Columbia",39.66.5,v44380284
2011,79.00,"Abbotsford-Mission, British Columbia",39.66.5,v44380284
2012,52.00,"Abbotsford-Mission, British Columbia",39.66.5,v44380284
2013,64.00,"Abbotsford-Mission, British Columbia",39.66.5,v44380284
2014,69.00,"Abbotsford-Mission, British Columbia",39.66.5,v44380284
2015,93.00,"Abbotsford-Mission, British Columbia",39.66.5,v44380284
1998,1720.00,"Vancouver, British Columbia",37.66.5,v44372199
1999,1413.00,"Vancouver, British Columbia",37.66.5,v44372199
2000,1253.00,"Vancouver, British Columbia",37.66.5,v44372199
2001,1164.00,"Vancouver, British Columbia",37.66.5,v44372199
2002,1041.00,"Vancouver, British Columbia",37.66.5,v44372199
2003,996.00,"Vancouver, British Columbia",37.66.5,v44372199
2004,1109.00,"Vancouver, British Columbia",37.66.5,v44372199
2005,943.00,"Vancouver, British Columbia",37.66.5,v44372199
2006,1051.00,"Vancouver, British Columbia",37.66.5,v44372199
2007,952.00,"Vancouver, British Columbia",37.66.5,v44372199
2008,902.00,"Vancouver, British Columbia",37.66.5,v44372199
2009,792.00,"Vancouver, British Columbia",37.66.5,v44372199
2010,759.00,"Vancouver, British Columbia",37.66.5,v44372199
2011,912.00,"Vancouver, British Columbia",37.66.5,v44372199
2012,938.00,"Vancouver, British Columbia",37.66.5,v44372199
2013,1025.00,"Vancouver, British Columbia",37.66.5,v44372199
2014,927.00,"Vancouver, British Columbia",37.66.5,v44372199
2015,958.00,"Vancouver, British Columbia",37.66.5,v44372199
1998,274.00,"Victoria, British Columbia",38.66.5,v44358040
1999,253.00,"Victoria, British Columbia",38.66.5,v44358040
2000,276.00,"Victoria, British Columbia",38.66.5,v44358040
2001,234.00,"Victoria, British Columbia",38.66.5,v44358040
2002,230.00,"Victoria, British Columbia",38.66.5,v44358040
2003,189.00,"Victoria, British Columbia",38.66.5,v44358040
2004,211.00,"Victoria, British Columbia",38.66.5,v44358040
2005,199.00,"Victoria, British Columbia",38.66.5,v44358040
2006,226.00,"Victoria, British Columbia",38.66.5,v44358040
2007,176.00,"Victoria, British Columbia",38.66.5,v44358040
2008,152.00,"Victoria, British Columbia",38.66.5,v44358040
2009,153.00,"Victoria, British Columbia",38.66.5,v44358040
2010,176.00,"Victoria, British Columbia",38.66.5,v44358040
2011,122.00,"Victoria, British Columbia",38.66.5,v44358040
2012,130.00,"Victoria, British Columbia",38.66.5,v44358040
2013,116.00,"Victoria, British Columbia",38.66.5,v44358040
2014,161.00,"Victoria, British Columbia",38.66.5,v44358040
2015,131.00,"Victoria, British Columbia",38.66.5,v44358040
1998,98.00,"Yukon",40.66.5,v44372084
1999,80.00,"Yukon",40.66.5,v44372084
2000,106.00,"Yukon",40.66.5,v44372084
2001,107.00,"Yukon",40.66.5,v44372084
2002,67.00,"Yukon",40.66.5,v44372084
2003,54.00,"Yukon",40.66.5,v44372084
2004,73.00,"Yukon",40.66.5,v44372084
2005,58.00,"Yukon",40.66.5,v44372084
2006,58.00,"Yukon",40.66.5,v44372084
2007,47.00,"Yukon",40.66.5,v44372084
2008,37.00,"Yukon",40.66.5,v44372084
2009,35.00,"Yukon",40.66.5,v44372084
2010,21.00,"Yukon",40.66.5,v44372084
2011,17.00,"Yukon",40.66.5,v44372084
2012,30.00,"Yukon",40.66.5,v44372084
2013,31.00,"Yukon",40.66.5,v44372084
2014,19.00,"Yukon",40.66.5,v44372084
2015,31.00,"Yukon",40.66.5,v44372084
1998,367.00,"Northwest Territories",41.66.5,v44349224
1999,230.00,"Northwest Territories",41.66.5,v44349224
2000,160.00,"Northwest Territories",41.66.5,v44349224
2001,172.00,"Northwest Territories",41.66.5,v44349224
2002,220.00,"Northwest Territories",41.66.5,v44349224
2003,268.00,"Northwest Territories",41.66.5,v44349224
2004,248.00,"Northwest Territories",41.66.5,v44349224
2005,262.00,"Northwest Territories",41.66.5,v44349224
2006,237.00,"Northwest Territories",41.66.5,v44349224
2007,160.00,"Northwest Territories",41.66.5,v44349224
2008,147.00,"Northwest Territories",41.66.5,v44349224
2009,125.00,"Northwest Territories",41.66.5,v44349224
2010,115.00,"Northwest Territories",41.66.5,v44349224
2011,91.00,"Northwest Territories",41.66.5,v44349224
2012,107.00,"Northwest Territories",41.66.5,v44349224
2013,84.00,"Northwest Territories",41.66.5,v44349224
2014,53.00,"Northwest Territories",41.66.5,v44349224
2015,83.00,"Northwest Territories",41.66.5,v44349224
1998,..,"Nunavut",42.66.5,v44388416
1999,138.00,"Nunavut",42.66.5,v44388416
2000,110.00,"Nunavut",42.66.5,v44388416
2001,180.00,"Nunavut",42.66.5,v44388416
2002,255.00,"Nunavut",42.66.5,v44388416
2003,281.00,"Nunavut",42.66.5,v44388416
2004,292.00,"Nunavut",42.66.5,v44388416
2005,238.00,"Nunavut",42.66.5,v44388416
2006,151.00,"Nunavut",42.66.5,v44388416
2007,133.00,"Nunavut",42.66.5,v44388416
2008,150.00,"Nunavut",42.66.5,v44388416
2009,158.00,"Nunavut",42.66.5,v44388416
2010,163.00,"Nunavut",42.66.5,v44388416
2011,137.00,"Nunavut",42.66.5,v44388416
2012,135.00,"Nunavut",42.66.5,v44388416
2013,151.00,"Nunavut",42.66.5,v44388416
2014,128.00,"Nunavut",42.66.5,v44388416
2015,122.00,"Nunavut",42.66.5,v44388416
1998,35802.00,"Canada",1.66.5,v44386006
1999,32692.00,"Canada",1.66.5,v44386006
2000,30483.00,"Canada",1.66.5,v44386006
2001,28438.00,"Canada",1.66.5,v44386006
2002,27932.00,"Canada",1.66.5,v44386006
2003,28048.00,"Canada",1.66.5,v44386006
2004,26740.00,"Canada",1.66.5,v44386006
2005,25652.00,"Canada",1.66.5,v44386006
2006,24223.00,"Canada",1.66.5,v44386006
2007,23454.00,"Canada",1.66.5,v44386006
2008,21912.00,"Canada",1.66.5,v44386006
2009,21117.00,"Canada",1.66.5,v44386006
2010,20657.00,"Canada",1.66.5,v44386006
2011,19899.00,"Canada",1.66.5,v44386006
2012,19910.00,"Canada",1.66.5,v44386006
2013,18409.00,"Canada",1.66.5,v44386006
2014,17696.00,"Canada",1.66.5,v44386006
2015,18476.00,"Canada",1.66.5,v44386006
1998,863.00,"Newfoundland and Labrador",2.66.5,v44350227
1999,692.00,"Newfoundland and Labrador",2.66.5,v44350227
2000,615.00,"Newfoundland and Labrador",2.66.5,v44350227
2001,615.00,"Newfoundland and Labrador",2.66.5,v44350227
2002,547.00,"Newfoundland and Labrador",2.66.5,v44350227
2003,657.00,"Newfoundland and Labrador",2.66.5,v44350227
2004,663.00,"Newfoundland and Labrador",2.66.5,v44350227
2005,548.00,"Newfoundland and Labrador",2.66.5,v44350227
2006,485.00,"Newfoundland and Labrador",2.66.5,v44350227
2007,457.00,"Newfoundland and Labrador",2.66.5,v44350227
2008,371.00,"Newfoundland and Labrador",2.66.5,v44350227
2009,323.00,"Newfoundland and Labrador",2.66.5,v44350227
2010,336.00,"Newfoundland and Labrador",2.66.5,v44350227
2011,371.00,"Newfoundland and Labrador",2.66.5,v44350227
2012,333.00,"Newfoundland and Labrador",2.66.5,v44350227
2013,374.00,"Newfoundland and Labrador",2.66.5,v44350227
2014,309.00,"Newfoundland and Labrador",2.66.5,v44350227
2015,275.00,"Newfoundland and Labrador",2.66.5,v44350227
1998,281.00,"St. John's, Newfoundland and Labrador",3.66.5,v44398544
1999,187.00,"St. John's, Newfoundland and Labrador",3.66.5,v44398544
2000,173.00,"St. John's, Newfoundland and Labrador",3.66.5,v44398544
2001,110.00,"St. John's, Newfoundland and Labrador",3.66.5,v44398544
2002,109.00,"St. John's, Newfoundland and Labrador",3.66.5,v44398544
2003,165.00,"St. John's, Newfoundland and Labrador",3.66.5,v44398544
2004,190.00,"St. John's, Newfoundland and Labrador",3.66.5,v44398544
2005,124.00,"St. John's, Newfoundland and Labrador",3.66.5,v44398544
2006,137.00,"St. John's, Newfoundland and Labrador",3.66.5,v44398544
2007,147.00,"St. John's, Newfoundland and Labrador",3.66.5,v44398544
2008,93.00,"St. John's, Newfoundland and Labrador",3.66.5,v44398544
2009,77.00,"St. John's, Newfoundland and Labrador",3.66.5,v44398544
2010,98.00,"St. John's, Newfoundland and Labrador",3.66.5,v44398544
2011,120.00,"St. John's, Newfoundland and Labrador",3.66.5,v44398544
2012,108.00,"St. John's, Newfoundland and Labrador",3.66.5,v44398544
2013,86.00,"St. John's, Newfoundland and Labrador",3.66.5,v44398544
2014,118.00,"St. John's, Newfoundland and Labrador",3.66.5,v44398544
2015,118.00,"St. John's, Newfoundland and Labrador",3.66.5,v44398544
1998,121.00,"Prince Edward Island",4.66.5,v44340857
1999,125.00,"Prince Edward Island",4.66.5,v44340857
2000,151.00,"Prince Edward Island",4.66.5,v44340857
2001,127.00,"Prince Edward Island",4.66.5,v44340857
2002,144.00,"Prince Edward Island",4.66.5,v44340857
2003,135.00,"Prince Edward Island",4.66.5,v44340857
2004,91.00,"Prince Edward Island",4.66.5,v44340857
2005,104.00,"Prince Edward Island",4.66.5,v44340857
2006,101.00,"Prince Edward Island",4.66.5,v44340857
2007,118.00,"Prince Edward Island",4.66.5,v44340857
2008,58.00,"Prince Edward Island",4.66.5,v44340857
2009,76.00,"Prince Edward Island",4.66.5,v44340857
2010,122.00,"Prince Edward Island",4.66.5,v44340857
2011,95.00,"Prince Edward Island",4.66.5,v44340857
2012,108.00,"Prince Edward Island",4.66.5,v44340857
2013,108.00,"Prince Edward Island",4.66.5,v44340857
2014,53.00,"Prince Edward Island",4.66.5,v44340857
2015,51.00,"Prince Edward Island",4.66.5,v44340857
1998,1081.00,"Nova Scotia",5.66.5,v44396386
1999,1061.00,"Nova Scotia",5.66.5,v44396386
2000,945.00,"Nova Scotia",5.66.5,v44396386
2001,805.00,"Nova Scotia",5.66.5,v44396386
2002,703.00,"Nova Scotia",5.66.5,v44396386
2003,860.00,"Nova Scotia",5.66.5,v44396386
2004,866.00,"Nova Scotia",5.66.5,v44396386
2005,701.00,"Nova Scotia",5.66.5,v44396386
2006,676.00,"Nova Scotia",5.66.5,v44396386
2007,827.00,"Nova Scotia",5.66.5,v44396386
2008,612.00,"Nova Scotia",5.66.5,v44396386
2009,501.00,"Nova Scotia",5.66.5,v44396386
2010,542.00,"Nova Scotia",5.66.5,v44396386
2011,590.00,"Nova Scotia",5.66.5,v44396386
2012,534.00,"Nova Scotia",5.66.5,v44396386
2013,566.00,"Nova Scotia",5.66.5,v44396386
2014,442.00,"Nova Scotia",5.66.5,v44396386
2015,417.00,"Nova Scotia",5.66.5,v44396386
1998,384.00,"Halifax, Nova Scotia",6.66.5,v44359082
1999,353.00,"Halifax, Nova Scotia",6.66.5,v44359082
2000,266.00,"Halifax, Nova Scotia",6.66.5,v44359082
2001,298.00,"Halifax, Nova Scotia",6.66.5,v44359082
2002,246.00,"Halifax, Nova Scotia",6.66.5,v44359082
2003,227.00,"Halifax, Nova Scotia",6.66.5,v44359082
2004,216.00,"Halifax, Nova Scotia",6.66.5,v44359082
2005,252.00,"Halifax, Nova Scotia",6.66.5,v44359082
2006,209.00,"Halifax, Nova Scotia",6.66.5,v44359082
2007,310.00,"Halifax, Nova Scotia",6.66.5,v44359082
2008,213.00,"Halifax, Nova Scotia",6.66.5,v44359082
2009,157.00,"Halifax, Nova Scotia",6.66.5,v44359082
2010,231.00,"Halifax, Nova Scotia",6.66.5,v44359082
2011,233.00,"Halifax, Nova Scotia",6.66.5,v44359082
2012,201.00,"Halifax, Nova Scotia",6.66.5,v44359082
2013,207.00,"Halifax, Nova Scotia",6.66.5,v44359082
2014,142.00,"Halifax, Nova Scotia",6.66.5,v44359082
2015,143.00,"Halifax, Nova Scotia",6.66.5,v44359082
1998,754.00,"New Brunswick",7.66.5,v44389639
1999,758.00,"New Brunswick",7.66.5,v44389639
2000,661.00,"New Brunswick",7.66.5,v44389639
2001,641.00,"New Brunswick",7.66.5,v44389639
2002,487.00,"New Brunswick",7.66.5,v44389639
2003,663.00,"New Brunswick",7.66.5,v44389639
2004,621.00,"New Brunswick",7.66.5,v44389639
2005,517.00,"New Brunswick",7.66.5,v44389639
2006,566.00,"New Brunswick",7.66.5,v44389639
2007,473.00,"New Brunswick",7.66.5,v44389639
2008,482.00,"New Brunswick",7.66.5,v44389639
2009,481.00,"New Brunswick",7.66.5,v44389639
2010,497.00,"New Brunswick",7.66.5,v44389639
2011,414.00,"New Brunswick",7.66.5,v44389639
2012,444.00,"New Brunswick",7.66.5,v44389639
2013,385.00,"New Brunswick",7.66.5,v44389639
2014,334.00,"New Brunswick",7.66.5,v44389639
2015,355.00,"New Brunswick",7.66.5,v44389639
2005,..,"Moncton, New Brunswick",43.66.5,v52121012
2006,84.00,"Moncton, New Brunswick",43.66.5,v52121012
2007,95.00,"Moncton, New Brunswick",43.66.5,v52121012
2008,67.00,"Moncton, New Brunswick",43.66.5,v52121012
2009,92.00,"Moncton, New Brunswick",43.66.5,v52121012
2010,69.00,"Moncton, New Brunswick",43.66.5,v52121012
2011,87.00,"Moncton, New Brunswick",43.66.5,v52121012
2012,90.00,"Moncton, New Brunswick",43.66.5,v52121012
2013,54.00,"Moncton, New Brunswick",43.66.5,v52121012
2014,45.00,"Moncton, New Brunswick",43.66.5,v52121012
2015,81.00,"Moncton, New Brunswick",43.66.5,v52121012
1998,91.00,"Saint John, New Brunswick",8.66.5,v44391492
1999,98.00,"Saint John, New Brunswick",8.66.5,v44391492
2000,117.00,"Saint John, New Brunswick",8.66.5,v44391492
2001,116.00,"Saint John, New Brunswick",8.66.5,v44391492
2002,105.00,"Saint John, New Brunswick",8.66.5,v44391492
2003,139.00,"Saint John, New Brunswick",8.66.5,v44391492
2004,111.00,"Saint John, New Brunswick",8.66.5,v44391492
2005,103.00,"Saint John, New Brunswick",8.66.5,v44391492
2006,108.00,"Saint John, New Brunswick",8.66.5,v44391492
2007,91.00,"Saint John, New Brunswick",8.66.5,v44391492
2008,74.00,"Saint John, New Brunswick",8.66.5,v44391492
2009,85.00,"Saint John, New Brunswick",8.66.5,v44391492
2010,101.00,"Saint John, New Brunswick",8.66.5,v44391492
2011,82.00,"Saint John, New Brunswick",8.66.5,v44391492
2012,77.00,"Saint John, New Brunswick",8.66.5,v44391492
2013,86.00,"Saint John, New Brunswick",8.66.5,v44391492
2014,50.00,"Saint John, New Brunswick",8.66.5,v44391492
2015,37.00,"Saint John, New Brunswick",8.66.5,v44391492
1998,9625.00,"Quebec",9.66.5,v44381672
1999,7924.00,"Quebec",9.66.5,v44381672
2000,7198.00,"Quebec",9.66.5,v44381672
2001,6522.00,"Quebec",9.66.5,v44381672
2002,6548.00,"Quebec",9.66.5,v44381672
2003,6229.00,"Quebec",9.66.5,v44381672
2004,5621.00,"Quebec",9.66.5,v44381672
2005,5856.00,"Quebec",9.66.5,v44381672
2006,5592.00,"Quebec",9.66.5,v44381672
2007,5670.00,"Quebec",9.66.5,v44381672
2008,5447.00,"Quebec",9.66.5,v44381672
2009,5550.00,"Quebec",9.66.5,v44381672
2010,5082.00,"Quebec",9.66.5,v44381672
2011,5173.00,"Quebec",9.66.5,v44381672
2012,5045.00,"Quebec",9.66.5,v44381672
2013,4506.00,"Quebec",9.66.5,v44381672
2014,4022.00,"Quebec",9.66.5,v44381672
2015,4067.00,"Quebec",9.66.5,v44381672
1998,306.00,"Saguenay, Quebec",10.66.5,v44338979
1999,218.00,"Saguenay, Quebec",10.66.5,v44338979
2000,149.00,"Saguenay, Quebec",10.66.5,v44338979
2001,163.00,"Saguenay, Quebec",10.66.5,v44338979
2002,65.00,"Saguenay, Quebec",10.66.5,v44338979
2003,95.00,"Saguenay, Quebec",10.66.5,v44338979
2004,76.00,"Saguenay, Quebec",10.66.5,v44338979
2005,77.00,"Saguenay, Quebec",10.66.5,v44338979
2006,77.00,"Saguenay, Quebec",10.66.5,v44338979
2007,61.00,"Saguenay, Quebec",10.66.5,v44338979
2008,126.00,"Saguenay, Quebec",10.66.5,v44338979
2009,120.00,"Saguenay, Quebec",10.66.5,v44338979
2010,82.00,"Saguenay, Quebec",10.66.5,v44338979
2011,120.00,"Saguenay, Quebec",10.66.5,v44338979
2012,112.00,"Saguenay, Quebec",10.66.5,v44338979
2013,123.00,"Saguenay, Quebec",10.66.5,v44338979
2014,89.00,"Saguenay, Quebec",10.66.5,v44338979
2015,84.00,"Saguenay, Quebec",10.66.5,v44338979
1998,921.00,"Quebec, Quebec",11.66.5,v44358467
1999,686.00,"Quebec, Quebec",11.66.5,v44358467
2000,523.00,"Quebec, Quebec",11.66.5,v44358467
2001,389.00,"Quebec, Quebec",11.66.5,v44358467
2002,386.00,"Quebec, Quebec",11.66.5,v44358467
2003,478.00,"Quebec, Quebec",11.66.5,v44358467
2004,443.00,"Quebec, Quebec",11.66.5,v44358467
2005,382.00,"Quebec, Quebec",11.66.5,v44358467
2006,345.00,"Quebec, Quebec",11.66.5,v44358467
2007,572.00,"Quebec, Quebec",11.66.5,v44358467
2008,464.00,"Quebec, Quebec",11.66.5,v44358467
2009,434.00,"Quebec, Quebec",11.66.5,v44358467
2010,286.00,"Quebec, Quebec",11.66.5,v44358467
2011,341.00,"Quebec, Quebec",11.66.5,v44358467
2012,357.00,"Quebec, Quebec",11.66.5,v44358467
2013,302.00,"Quebec, Quebec",11.66.5,v44358467
2014,274.00,"Quebec, Quebec",11.66.5,v44358467
2015,258.00,"Quebec, Quebec",11.66.5,v44358467
1998,170.00,"Sherbrooke, Quebec",12.66.5,v44342048
1999,154.00,"Sherbrooke, Quebec",12.66.5,v44342048
2000,165.00,"Sherbrooke, Quebec",12.66.5,v44342048
2001,238.00,"Sherbrooke, Quebec",12.66.5,v44342048
2002,149.00,"Sherbrooke, Quebec",12.66.5,v44342048
2003,158.00,"Sherbrooke, Quebec",12.66.5,v44342048
2004,124.00,"Sherbrooke, Quebec",12.66.5,v44342048
2005,108.00,"Sherbrooke, Quebec",12.66.5,v44342048
2006,153.00,"Sherbrooke, Quebec",12.66.5,v44342048
2007,210.00,"Sherbrooke, Quebec",12.66.5,v44342048
2008,116.00,"Sherbrooke, Quebec",12.66.5,v44342048
2009,239.00,"Sherbrooke, Quebec",12.66.5,v44342048
2010,251.00,"Sherbrooke, Quebec",12.66.5,v44342048
2011,141.00,"Sherbrooke, Quebec",12.66.5,v44342048
2012,118.00,"Sherbrooke, Quebec",12.66.5,v44342048
2013,194.00,"Sherbrooke, Quebec",12.66.5,v44342048
2014,113.00,"Sherbrooke, Quebec",12.66.5,v44342048
2015,97.00,"Sherbrooke, Quebec",12.66.5,v44342048
1998,3060.00,"Montreal, Quebec",14.66.5,v44357338
1999,2709.00,"Montreal, Quebec",14.66.5,v44357338
2000,2615.00,"Montreal, Quebec",14.66.5,v44357338
2001,2340.00,"Montreal, Quebec",14.66.5,v44357338
2002,2272.00,"Montreal, Quebec",14.66.5,v44357338
2003,2268.00,"Montreal, Quebec",14.66.5,v44357338
2004,2190.00,"Montreal, Quebec",14.66.5,v44357338
2005,2262.00,"Montreal, Quebec",14.66.5,v44357338
2006,2090.00,"Montreal, Quebec",14.66.5,v44357338
2007,2075.00,"Montreal, Quebec",14.66.5,v44357338
2008,1794.00,"Montreal, Quebec",14.66.5,v44357338
2009,1966.00,"Montreal, Quebec",14.66.5,v44357338
2010,1660.00,"Montreal, Quebec",14.66.5,v44357338
2011,1894.00,"Montreal, Quebec",14.66.5,v44357338
2012,1981.00,"Montreal, Quebec",14.66.5,v44357338
2013,1727.00,"Montreal, Quebec",14.66.5,v44357338
2014,1489.00,"Montreal, Quebec",14.66.5,v44357338
2015,1672.00,"Montreal, Quebec",14.66.5,v44357338
1998,327.00,"Ottawa-Gatineau, Quebec part",15.66.5,v44409453
1999,290.00,"Ottawa-Gatineau, Quebec part",15.66.5,v44409453
2000,324.00,"Ottawa-Gatineau, Quebec part",15.66.5,v44409453
2001,265.00,"Ottawa-Gatineau, Quebec part",15.66.5,v44409453
2002,277.00,"Ottawa-Gatineau, Quebec part",15.66.5,v44409453
2003,321.00,"Ottawa-Gatineau, Quebec part",15.66.5,v44409453
2004,255.00,"Ottawa-Gatineau, Quebec part",15.66.5,v44409453
2005,301.00,"Ottawa-Gatineau, Quebec part",15.66.5,v44409453
2006,307.00,"Ottawa-Gatineau, Quebec part",15.66.5,v44409453
2007,325.00,"Ottawa-Gatineau, Quebec part",15.66.5,v44409453
2008,213.00,"Ottawa-Gatineau, Quebec part",15.66.5,v44409453
2009,244.00,"Ottawa-Gatineau, Quebec part",15.66.5,v44409453
2010,302.00,"Ottawa-Gatineau, Quebec part",15.66.5,v44409453
2011,295.00,"Ottawa-Gatineau, Quebec part",15.66.5,v44409453
2012,264.00,"Ottawa-Gatineau, Quebec part",15.66.5,v44409453
2013,195.00,"Ottawa-Gatineau, Quebec part",15.66.5,v44409453
2014,174.00,"Ottawa-Gatineau, Quebec part",15.66.5,v44409453
2015,137.00,"Ottawa-Gatineau, Quebec part",15.66.5,v44409453
1998,9971.00,"Ontario",16.66.5,v44394589
1999,10150.00,"Ontario",16.66.5,v44394589
2000,9270.00,"Ontario",16.66.5,v44394589
2001,8460.00,"Ontario",16.66.5,v44394589
2002,8565.00,"Ontario",16.66.5,v44394589
2003,8208.00,"Ontario",16.66.5,v44394589
2004,7785.00,"Ontario",16.66.5,v44394589
2005,7677.00,"Ontario",16.66.5,v44394589
2006,7680.00,"Ontario",16.66.5,v44394589
2007,7752.00,"Ontario",16.66.5,v44394589
2008,7392.00,"Ontario",16.66.5,v44394589
2009,7173.00,"Ontario",16.66.5,v44394589
2010,6973.00,"Ontario",16.66.5,v44394589
2011,6627.00,"Ontario",16.66.5,v44394589
2012,6658.00,"Ontario",16.66.5,v44394589
2013,5774.00,"Ontario",16.66.5,v44394589
2014,5898.00,"Ontario",16.66.5,v44394589
2015,5933.00,"Ontario",16.66.5,v44394589
1998,735.00,"Ottawa-Gatineau, Ontario/Quebec",17.66.5,v52148163
1999,673.00,"Ottawa-Gatineau, Ontario/Quebec",17.66.5,v52148163
2000,676.00,"Ottawa-Gatineau, Ontario/Quebec",17.66.5,v52148163
2001,570.00,"Ottawa-Gatineau, Ontario/Quebec",17.66.5,v52148163
2002,585.00,"Ottawa-Gatineau, Ontario/Quebec",17.66.5,v52148163
2003,737.00,"Ottawa-Gatineau, Ontario/Quebec",17.66.5,v52148163
2004,699.00,"Ottawa-Gatineau, Ontario/Quebec",17.66.5,v52148163
2005,757.00,"Ottawa-Gatineau, Ontario/Quebec",17.66.5,v52148163
2006,741.00,"Ottawa-Gatineau, Ontario/Quebec",17.66.5,v52148163
2007,743.00,"Ottawa-Gatineau, Ontario/Quebec",17.66.5,v52148163
2008,620.00,"Ottawa-Gatineau, Ontario/Quebec",17.66.5,v52148163
2009,634.00,"Ottawa-Gatineau, Ontario/Quebec",17.66.5,v52148163
2010,736.00,"Ottawa-Gatineau, Ontario/Quebec",17.66.5,v52148163
2011,672.00,"Ottawa-Gatineau, Ontario/Quebec",17.66.5,v52148163
2012,642.00,"Ottawa-Gatineau, Ontario/Quebec",17.66.5,v52148163
2013,546.00,"Ottawa-Gatineau, Ontario/Quebec",17.66.5,v52148163
2014,530.00,"Ottawa-Gatineau, Ontario/Quebec",17.66.5,v52148163
2015,489.00,"Ottawa-Gatineau, Ontario/Quebec",17.66.5,v52148163
1998,408.00,"Ottawa-Gatineau, Ontario part",18.66.5,v44330141
1999,383.00,"Ottawa-Gatineau, Ontario part",18.66.5,v44330141
2000,352.00,"Ottawa-Gatineau, Ontario part",18.66.5,v44330141
2001,305.00,"Ottawa-Gatineau, Ontario part",18.66.5,v44330141
2002,308.00,"Ottawa-Gatineau, Ontario part",18.66.5,v44330141
2003,416.00,"Ottawa-Gatineau, Ontario part",18.66.5,v44330141
2004,444.00,"Ottawa-Gatineau, Ontario part",18.66.5,v44330141
2005,456.00,"Ottawa-Gatineau, Ontario part",18.66.5,v44330141
2006,434.00,"Ottawa-Gatineau, Ontario part",18.66.5,v44330141
2007,418.00,"Ottawa-Gatineau, Ontario part",18.66.5,v44330141
2008,407.00,"Ottawa-Gatineau, Ontario part",18.66.5,v44330141
2009,390.00,"Ottawa-Gatineau, Ontario part",18.66.5,v44330141
2010,434.00,"Ottawa-Gatineau, Ontario part",18.66.5,v44330141
2011,377.00,"Ottawa-Gatineau, Ontario part",18.66.5,v44330141
2012,378.00,"Ottawa-Gatineau, Ontario part",18.66.5,v44330141
2013,351.00,"Ottawa-Gatineau, Ontario part",18.66.5,v44330141
2014,356.00,"Ottawa-Gatineau, Ontario part",18.66.5,v44330141
2015,352.00,"Ottawa-Gatineau, Ontario part",18.66.5,v44330141
2000,..,"Kingston, Ontario",27.66.5,v44340415
2001,114.00,"Kingston, Ontario",27.66.5,v44340415
2002,99.00,"Kingston, Ontario",27.66.5,v44340415
2003,118.00,"Kingston, Ontario",27.66.5,v44340415
2004,85.00,"Kingston, Ontario",27.66.5,v44340415
2005,92.00,"Kingston, Ontario",27.66.5,v44340415
2006,113.00,"Kingston, Ontario",27.66.5,v44340415
2007,88.00,"Kingston, Ontario",27.66.5,v44340415
2008,156.00,"Kingston, Ontario",27.66.5,v44340415
2009,82.00,"Kingston, Ontario",27.66.5,v44340415
2010,83.00,"Kingston, Ontario",27.66.5,v44340415
2011,121.00,"Kingston, Ontario",27.66.5,v44340415
2012,125.00,"Kingston, Ontario",27.66.5,v44340415
2013,105.00,"Kingston, Ontario",27.66.5,v44340415
2014,91.00,"Kingston, Ontario",27.66.5,v44340415
2015,69.00,"Kingston, Ontario",27.66.5,v44340415
2005,..,"Peterborough, Ontario",44.66.5,v52122436
2006,107.00,"Peterborough, Ontario",44.66.5,v52122436
2007,53.00,"Peterborough, Ontario",44.66.5,v52122436
2008,71.00,"Peterborough, Ontario",44.66.5,v52122436
2009,69.00,"Peterborough, Ontario",44.66.5,v52122436
2010,55.00,"Peterborough, Ontario",44.66.5,v52122436
2011,94.00,"Peterborough, Ontario",44.66.5,v52122436
2012,140.00,"Peterborough, Ontario",44.66.5,v52122436
2013,91.00,"Peterborough, Ontario",44.66.5,v52122436
2014,99.00,"Peterborough, Ontario",44.66.5,v52122436
2015,82.00,"Peterborough, Ontario",44.66.5,v52122436
1998,2278.00,"Toronto, Ontario",19.66.5,v44416649
1999,2848.00,"Toronto, Ontario",19.66.5,v44416649
2000,2710.00,"Toronto, Ontario",19.66.5,v44416649
2001,2873.00,"Toronto, Ontario",19.66.5,v44416649
2002,2959.00,"Toronto, Ontario",19.66.5,v44416649
2003,3188.00,"Toronto, Ontario",19.66.5,v44416649
2004,2602.00,"Toronto, Ontario",19.66.5,v44416649
2005,2814.00,"Toronto, Ontario",19.66.5,v44416649
2006,2709.00,"Toronto, Ontario",19.66.5,v44416649
2007,2674.00,"Toronto, Ontario",19.66.5,v44416649
2008,2545.00,"Toronto, Ontario",19.66.5,v44416649
2009,2575.00,"Toronto, Ontario",19.66.5,v44416649
2010,2580.00,"Toronto, Ontario",19.66.5,v44416649
2011,2200.00,"Toronto, Ontario",19.66.5,v44416649
2012,2455.00,"Toronto, Ontario",19.66.5,v44416649
2013,2061.00,"Toronto, Ontario",19.66.5,v44416649
2014,2199.00,"Toronto, Ontario",19.66.5,v44416649
2015,2107.00,"Toronto, Ontario",19.66.5,v44416649
1998,402.00,"Hamilton, Ontario",20.66.5,v44333495
1999,315.00,"Hamilton, Ontario",20.66.5,v44333495
2000,331.00,"Hamilton, Ontario",20.66.5,v44333495
2001,375.00,"Hamilton, Ontario",20.66.5,v44333495
2002,338.00,"Hamilton, Ontario",20.66.5,v44333495
2003,370.00,"Hamilton, Ontario",20.66.5,v44333495
2004,333.00,"Hamilton, Ontario",20.66.5,v44333495
2005,261.00,"Hamilton, Ontario",20.66.5,v44333495
2006,240.00,"Hamilton, Ontario",20.66.5,v44333495
2007,300.00,"Hamilton, Ontario",20.66.5,v44333495
2008,288.00,"Hamilton, Ontario",20.66.5,v44333495
2009,276.00,"Hamilton, Ontario",20.66.5,v44333495
2010,217.00,"Hamilton, Ontario",20.66.5,v44333495
2011,219.00,"Hamilton, Ontario",20.66.5,v44333495
2012,229.00,"Hamilton, Ontario",20.66.5,v44333495
2013,218.00,"Hamilton, Ontario",20.66.5,v44333495
2014,260.00,"Hamilton, Ontario",20.66.5,v44333495
2015,252.00,"Hamilton, Ontario",20.66.5,v44333495
1998,372.00,"St.Catharines-Niagara, Ontario",21.66.5,v44327716
1999,299.00,"St.Catharines-Niagara, Ontario",21.66.5,v44327716
2000,252.00,"St.Catharines-Niagara, Ontario",21.66.5,v44327716
2001,336.00,"St.Catharines-Niagara, Ontario",21.66.5,v44327716
2002,283.00,"St.Catharines-Niagara, Ontario",21.66.5,v44327716
2003,280.00,"St.Catharines-Niagara, Ontario",21.66.5,v44327716
2004,264.00,"St.Catharines-Niagara, Ontario",21.66.5,v44327716
2005,196.00,"St.Catharines-Niagara, Ontario",21.66.5,v44327716
2006,231.00,"St.Catharines-Niagara, Ontario",21.66.5,v44327716
2007,256.00,"St.Catharines-Niagara, Ontario",21.66.5,v44327716
2008,268.00,"St.Catharines-Niagara, Ontario",21.66.5,v44327716
2009,237.00,"St.Catharines-Niagara, Ontario",21.66.5,v44327716
2010,291.00,"St.Catharines-Niagara, Ontario",21.66.5,v44327716
2011,260.00,"St.Catharines-Niagara, Ontario",21.66.5,v44327716
2012,251.00,"St.Catharines-Niagara, Ontario",21.66.5,v44327716
2013,228.00,"St.Catharines-Niagara, Ontario",21.66.5,v44327716
2014,188.00,"St.Catharines-Niagara, Ontario",21.66.5,v44327716
2015,242.00,"St.Catharines-Niagara, Ontario",21.66.5,v44327716
1998,394.00,"Kitchener-Cambridge-Waterloo, Ontario",22.66.5,v44385711
1999,364.00,"Kitchener-Cambridge-Waterloo, Ontario",22.66.5,v44385711
2000,275.00,"Kitchener-Cambridge-Waterloo, Ontario",22.66.5,v44385711
2001,237.00,"Kitchener-Cambridge-Waterloo, Ontario",22.66.5,v44385711
2002,285.00,"Kitchener-Cambridge-Waterloo, Ontario",22.66.5,v44385711
2003,277.00,"Kitchener-Cambridge-Waterloo, Ontario",22.66.5,v44385711
2004,273.00,"Kitchener-Cambridge-Waterloo, Ontario",22.66.5,v44385711
2005,338.00,"Kitchener-Cambridge-Waterloo, Ontario",22.66.5,v44385711
2006,446.00,"Kitchener-Cambridge-Waterloo, Ontario",22.66.5,v44385711
2007,499.00,"Kitchener-Cambridge-Waterloo, Ontario",22.66.5,v44385711
2008,331.00,"Kitchener-Cambridge-Waterloo, Ontario",22.66.5,v44385711
2009,518.00,"Kitchener-Cambridge-Waterloo, Ontario",22.66.5,v44385711
2010,325.00,"Kitchener-Cambridge-Waterloo, Ontario",22.66.5,v44385711
2011,322.00,"Kitchener-Cambridge-Waterloo, Ontario",22.66.5,v44385711
2012,328.00,"Kitchener-Cambridge-Waterloo, Ontario",22.66.5,v44385711
2013,289.00,"Kitchener-Cambridge-Waterloo, Ontario",22.66.5,v44385711
2014,356.00,"Kitchener-Cambridge-Waterloo, Ontario",22.66.5,v44385711
2015,446.00,"Kitchener-Cambridge-Waterloo, Ontario",22.66.5,v44385711
2005,..,"Brantford, Ontario",45.66.5,v52119071
2006,138.00,"Brantford, Ontario",45.66.5,v52119071
2007,158.00,"Brantford, Ontario",45.66.5,v52119071
2008,144.00,"Brantford, Ontario",45.66.5,v52119071
2009,119.00,"Brantford, Ontario",45.66.5,v52119071
2010,90.00,"Brantford, Ontario",45.66.5,v52119071
2011,121.00,"Brantford, Ontario",45.66.5,v52119071
2012,114.00,"Brantford, Ontario",45.66.5,v52119071
2013,130.00,"Brantford, Ontario",45.66.5,v52119071
2014,122.00,"Brantford, Ontario",45.66.5,v52119071
2015,86.00,"Brantford, Ontario",45.66.5,v52119071
2005,..,"Guelph, Ontario",46.66.5,v52119496
2006,62.00,"Guelph, Ontario",46.66.5,v52119496
2007,43.00,"Guelph, Ontario",46.66.5,v52119496
2008,50.00,"Guelph, Ontario",46.66.5,v52119496
2009,65.00,"Guelph, Ontario",46.66.5,v52119496
2010,90.00,"Guelph, Ontario",46.66.5,v52119496
2011,40.00,"Guelph, Ontario",46.66.5,v52119496
2012,59.00,"Guelph, Ontario",46.66.5,v52119496
2013,39.00,"Guelph, Ontario",46.66.5,v52119496
2014,50.00,"Guelph, Ontario",46.66.5,v52119496
2015,73.00,"Guelph, Ontario",46.66.5,v52119496
1998,431.00,"London, Ontario",23.66.5,v44361398
1999,427.00,"London, Ontario",23.66.5,v44361398
2000,453.00,"London, Ontario",23.66.5,v44361398
2001,365.00,"London, Ontario",23.66.5,v44361398
2002,366.00,"London, Ontario",23.66.5,v44361398
2003,351.00,"London, Ontario",23.66.5,v44361398
2004,300.00,"London, Ontario",23.66.5,v44361398
2005,299.00,"London, Ontario",23.66.5,v44361398
2006,336.00,"London, Ontario",23.66.5,v44361398
2007,339.00,"London, Ontario",23.66.5,v44361398
2008,310.00,"London, Ontario",23.66.5,v44361398
2009,332.00,"London, Ontario",23.66.5,v44361398
2010,291.00,"London, Ontario",23.66.5,v44361398
2011,267.00,"London, Ontario",23.66.5,v44361398
2012,212.00,"London, Ontario",23.66.5,v44361398
2013,205.00,"London, Ontario",23.66.5,v44361398
2014,216.00,"London, Ontario",23.66.5,v44361398
2015,238.00,"London, Ontario",23.66.5,v44361398
1998,228.00,"Windsor, Ontario",24.66.5,v44391649
1999,193.00,"Windsor, Ontario",24.66.5,v44391649
2000,204.00,"Windsor, Ontario",24.66.5,v44391649
2001,175.00,"Windsor, Ontario",24.66.5,v44391649
2002,179.00,"Windsor, Ontario",24.66.5,v44391649
2003,162.00,"Windsor, Ontario",24.66.5,v44391649
2004,224.00,"Windsor, Ontario",24.66.5,v44391649
2005,214.00,"Windsor, Ontario",24.66.5,v44391649
2006,242.00,"Windsor, Ontario",24.66.5,v44391649
2007,239.00,"Windsor, Ontario",24.66.5,v44391649
2008,170.00,"Windsor, Ontario",24.66.5,v44391649
2009,185.00,"Windsor, Ontario",24.66.5,v44391649
2010,156.00,"Windsor, Ontario",24.66.5,v44391649
2011,160.00,"Windsor, Ontario",24.66.5,v44391649
2012,190.00,"Windsor, Ontario",24.66.5,v44391649
2013,162.00,"Windsor, Ontario",24.66.5,v44391649
2014,184.00,"Windsor, Ontario",24.66.5,v44391649
2015,173.00,"Windsor, Ontario",24.66.5,v44391649
2005,..,"Barrie, Ontario",47.66.5,v52144926
2006,94.00,"Barrie, Ontario",47.66.5,v52144926
2007,86.00,"Barrie, Ontario",47.66.5,v52144926
2008,88.00,"Barrie, Ontario",47.66.5,v52144926
2009,84.00,"Barrie, Ontario",47.66.5,v52144926
2010,71.00,"Barrie, Ontario",47.66.5,v52144926
2011,88.00,"Barrie, Ontario",47.66.5,v52144926
2012,78.00,"Barrie, Ontario",47.66.5,v52144926
2013,89.00,"Barrie, Ontario",47.66.5,v52144926
2014,41.00,"Barrie, Ontario",47.66.5,v52144926
2015,71.00,"Barrie, Ontario",47.66.5,v52144926
1998,186.00,"Sudbury, Ontario",25.66.5,v44406162
1999,171.00,"Sudbury, Ontario",25.66.5,v44406162
2000,152.00,"Sudbury, Ontario",25.66.5,v44406162
2001,115.00,"Sudbury, Ontario",25.66.5,v44406162
2002,190.00,"Sudbury, Ontario",25.66.5,v44406162
2003,87.00,"Sudbury, Ontario",25.66.5,v44406162
2004,116.00,"Sudbury, Ontario",25.66.5,v44406162
2005,117.00,"Sudbury, Ontario",25.66.5,v44406162
2006,122.00,"Sudbury, Ontario",25.66.5,v44406162
2007,119.00,"Sudbury, Ontario",25.66.5,v44406162
2008,100.00,"Sudbury, Ontario",25.66.5,v44406162
2009,76.00,"Sudbury, Ontario",25.66.5,v44406162
2010,116.00,"Sudbury, Ontario",25.66.5,v44406162
2011,156.00,"Sudbury, Ontario",25.66.5,v44406162
2012,159.00,"Sudbury, Ontario",25.66.5,v44406162
2013,133.00,"Sudbury, Ontario",25.66.5,v44406162
2014,80.00,"Sudbury, Ontario",25.66.5,v44406162
2015,87.00,"Sudbury, Ontario",25.66.5,v44406162
1998,150.00,"Thunder Bay, Ontario",26.66.5,v44387978
1999,185.00,"Thunder Bay, Ontario",26.66.5,v44387978
2000,140.00,"Thunder Bay, Ontario",26.66.5,v44387978
2001,150.00,"Thunder Bay, Ontario",26.66.5,v44387978
2002,140.00,"Thunder Bay, Ontario",26.66.5,v44387978
2003,156.00,"Thunder Bay, Ontario",26.66.5,v44387978
2004,113.00,"Thunder Bay, Ontario",26.66.5,v44387978
2005,108.00,"Thunder Bay, Ontario",26.66.5,v44387978
2006,101.00,"Thunder Bay, Ontario",26.66.5,v44387978
2007,92.00,"Thunder Bay, Ontario",26.66.5,v44387978
2008,76.00,"Thunder Bay, Ontario",26.66.5,v44387978
2009,71.00,"Thunder Bay, Ontario",26.66.5,v44387978
2010,81.00,"Thunder Bay, Ontario",26.66.5,v44387978
2011,81.00,"Thunder Bay, Ontario",26.66.5,v44387978
2012,76.00,"Thunder Bay, Ontario",26.66.5,v44387978
2013,51.00,"Thunder Bay, Ontario",26.66.5,v44387978
2014,53.00,"Thunder Bay, Ontario",26.66.5,v44387978
2015,46.00,"Thunder Bay, Ontario",26.66.5,v44387978
1998,2165.00,"Manitoba",28.66.5,v44380421
1999,1830.00,"Manitoba",28.66.5,v44380421
2000,1841.00,"Manitoba",28.66.5,v44380421
2001,2025.00,"Manitoba",28.66.5,v44380421
2002,1822.00,"Manitoba",28.66.5,v44380421
2003,1893.00,"Manitoba",28.66.5,v44380421
2004,1978.00,"Manitoba",28.66.5,v44380421
2005,2283.00,"Manitoba",28.66.5,v44380421
2006,1600.00,"Manitoba",28.66.5,v44380421
2007,1345.00,"Manitoba",28.66.5,v44380421
2008,1169.00,"Manitoba",28.66.5,v44380421
2009,1172.00,"Manitoba",28.66.5,v44380421
2010,1194.00,"Manitoba",28.66.5,v44380421
2011,1039.00,"Manitoba",28.66.5,v44380421
2012,1128.00,"Manitoba",28.66.5,v44380421
2013,1024.00,"Manitoba",28.66.5,v44380421
2014,1048.00,"Manitoba",28.66.5,v44380421
2015,1081.00,"Manitoba",28.66.5,v44380421
1998,1266.00,"Winnipeg, Manitoba",29.66.5,v44348763
1999,998.00,"Winnipeg, Manitoba",29.66.5,v44348763
2000,1013.00,"Winnipeg, Manitoba",29.66.5,v44348763
2001,1226.00,"Winnipeg, Manitoba",29.66.5,v44348763
2002,1151.00,"Winnipeg, Manitoba",29.66.5,v44348763
2003,1108.00,"Winnipeg, Manitoba",29.66.5,v44348763
2004,1188.00,"Winnipeg, Manitoba",29.66.5,v44348763
2005,1562.00,"Winnipeg, Manitoba",29.66.5,v44348763
2006,1062.00,"Winnipeg, Manitoba",29.66.5,v44348763
2007,768.00,"Winnipeg, Manitoba",29.66.5,v44348763
2008,667.00,"Winnipeg, Manitoba",29.66.5,v44348763
2009,517.00,"Winnipeg, Manitoba",29.66.5,v44348763
2010,619.00,"Winnipeg, Manitoba",29.66.5,v44348763
2011,572.00,"Winnipeg, Manitoba",29.66.5,v44348763
2012,579.00,"Winnipeg, Manitoba",29.66.5,v44348763
2013,535.00,"Winnipeg, Manitoba",29.66.5,v44348763
2014,598.00,"Winnipeg, Manitoba",29.66.5,v44348763
2015,652.00,"Winnipeg, Manitoba",29.66.5,v44348763
1998,2580.00,"Saskatchewan",30.66.5,v44345928
1999,2328.00,"Saskatchewan",30.66.5,v44345928
2000,2528.00,"Saskatchewan",30.66.5,v44345928
2001,2139.00,"Saskatchewan",30.66.5,v44345928
2002,2173.00,"Saskatchewan",30.66.5,v44345928
2003,2291.00,"Saskatchewan",30.66.5,v44345928
2004,2205.00,"Saskatchewan",30.66.5,v44345928
2005,2023.00,"Saskatchewan",30.66.5,v44345928
2006,1696.00,"Saskatchewan",30.66.5,v44345928
2007,1538.00,"Saskatchewan",30.66.5,v44345928
2008,1473.00,"Saskatchewan",30.66.5,v44345928
2009,1387.00,"Saskatchewan",30.66.5,v44345928
2010,1364.00,"Saskatchewan",30.66.5,v44345928
2011,1408.00,"Saskatchewan",30.66.5,v44345928
2012,1381.00,"Saskatchewan",30.66.5,v44345928
2013,1172.00,"Saskatchewan",30.66.5,v44345928
2014,1199.00,"Saskatchewan",30.66.5,v44345928
2015,1358.00,"Saskatchewan",30.66.5,v44345928
1998,373.00,"Regina, Saskatchewan",31.66.5,v44337076
1999,432.00,"Regina, Saskatchewan",31.66.5,v44337076
2000,390.00,"Regina, Saskatchewan",31.66.5,v44337076
2001,289.00,"Regina, Saskatchewan",31.66.5,v44337076
2002,338.00,"Regina, Saskatchewan",31.66.5,v44337076
2003,274.00,"Regina, Saskatchewan",31.66.5,v44337076
2004,374.00,"Regina, Saskatchewan",31.66.5,v44337076
2005,345.00,"Regina, Saskatchewan",31.66.5,v44337076
2006,254.00,"Regina, Saskatchewan",31.66.5,v44337076
2007,309.00,"Regina, Saskatchewan",31.66.5,v44337076
2008,278.00,"Regina, Saskatchewan",31.66.5,v44337076
2009,298.00,"Regina, Saskatchewan",31.66.5,v44337076
2010,211.00,"Regina, Saskatchewan",31.66.5,v44337076
2011,189.00,"Regina, Saskatchewan",31.66.5,v44337076
2012,184.00,"Regina, Saskatchewan",31.66.5,v44337076
2013,171.00,"Regina, Saskatchewan",31.66.5,v44337076
2014,172.00,"Regina, Saskatchewan",31.66.5,v44337076
2015,191.00,"Regina, Saskatchewan",31.66.5,v44337076
1998,567.00,"Saskatoon, Saskatchewan",32.66.5,v44415685
1999,403.00,"Saskatoon, Saskatchewan",32.66.5,v44415685
2000,411.00,"Saskatoon, Saskatchewan",32.66.5,v44415685
2001,407.00,"Saskatoon, Saskatchewan",32.66.5,v44415685
2002,368.00,"Saskatoon, Saskatchewan",32.66.5,v44415685
2003,408.00,"Saskatoon, Saskatchewan",32.66.5,v44415685
2004,332.00,"Saskatoon, Saskatchewan",32.66.5,v44415685
2005,312.00,"Saskatoon, Saskatchewan",32.66.5,v44415685
2006,264.00,"Saskatoon, Saskatchewan",32.66.5,v44415685
2007,191.00,"Saskatoon, Saskatchewan",32.66.5,v44415685
2008,223.00,"Saskatoon, Saskatchewan",32.66.5,v44415685
2009,160.00,"Saskatoon, Saskatchewan",32.66.5,v44415685
2010,240.00,"Saskatoon, Saskatchewan",32.66.5,v44415685
2011,239.00,"Saskatoon, Saskatchewan",32.66.5,v44415685
2012,231.00,"Saskatoon, Saskatchewan",32.66.5,v44415685
2013,192.00,"Saskatoon, Saskatchewan",32.66.5,v44415685
2014,191.00,"Saskatoon, Saskatchewan",32.66.5,v44415685
2015,300.00,"Saskatoon, Saskatchewan",32.66.5,v44415685
1998,3876.00,"Alberta",33.66.5,v44369458
1999,3627.00,"Alberta",33.66.5,v44369458
2000,3557.00,"Alberta",33.66.5,v44369458
2001,3301.00,"Alberta",33.66.5,v44369458
2002,3381.00,"Alberta",33.66.5,v44369458
2003,3618.00,"Alberta",33.66.5,v44369458
2004,3458.00,"Alberta",33.66.5,v44369458
2005,2845.00,"Alberta",33.66.5,v44369458
2006,2786.00,"Alberta",33.66.5,v44369458
2007,2500.00,"Alberta",33.66.5,v44369458
2008,2339.00,"Alberta",33.66.5,v44369458
2009,2154.00,"Alberta",33.66.5,v44369458
2010,2300.00,"Alberta",33.66.5,v44369458
2011,1995.00,"Alberta",33.66.5,v44369458
2012,2071.00,"Alberta",33.66.5,v44369458
2013,2170.00,"Alberta",33.66.5,v44369458
2014,2150.00,"Alberta",33.66.5,v44369458
2015,2495.00,"Alberta",33.66.5,v44369458
1998,923.00,"Calgary, Alberta",34.66.5,v44368190
1999,982.00,"Calgary, Alberta",34.66.5,v44368190
2000,950.00,"Calgary, Alberta",34.66.5,v44368190
2001,839.00,"Calgary, Alberta",34.66.5,v44368190
2002,938.00,"Calgary, Alberta",34.66.5,v44368190
2003,1074.00,"Calgary, Alberta",34.66.5,v44368190
2004,1082.00,"Calgary, Alberta",34.66.5,v44368190
2005,873.00,"Calgary, Alberta",34.66.5,v44368190
2006,889.00,"Calgary, Alberta",34.66.5,v44368190
2007,660.00,"Calgary, Alberta",34.66.5,v44368190
2008,706.00,"Calgary, Alberta",34.66.5,v44368190
2009,529.00,"Calgary, Alberta",34.66.5,v44368190
2010,596.00,"Calgary, Alberta",34.66.5,v44368190
2011,502.00,"Calgary, Alberta",34.66.5,v44368190
2012,502.00,"Calgary, Alberta",34.66.5,v44368190
2013,619.00,"Calgary, Alberta",34.66.5,v44368190
2014,572.00,"Calgary, Alberta",34.66.5,v44368190
2015,716.00,"Calgary, Alberta",34.66.5,v44368190
1998,1122.00,"Edmonton, Alberta",35.66.5,v44370379
1999,1074.00,"Edmonton, Alberta",35.66.5,v44370379
2000,913.00,"Edmonton, Alberta",35.66.5,v44370379
2001,908.00,"Edmonton, Alberta",35.66.5,v44370379
2002,976.00,"Edmonton, Alberta",35.66.5,v44370379
2003,856.00,"Edmonton, Alberta",35.66.5,v44370379
2004,867.00,"Edmonton, Alberta",35.66.5,v44370379
2005,688.00,"Edmonton, Alberta",35.66.5,v44370379
2006,666.00,"Edmonton, Alberta",35.66.5,v44370379
2007,628.00,"Edmonton, Alberta",35.66.5,v44370379
2008,610.00,"Edmonton, Alberta",35.66.5,v44370379
2009,554.00,"Edmonton, Alberta",35.66.5,v44370379
2010,689.00,"Edmonton, Alberta",35.66.5,v44370379
2011,614.00,"Edmonton, Alberta",35.66.5,v44370379
2012,686.00,"Edmonton, Alberta",35.66.5,v44370379
2013,698.00,"Edmonton, Alberta",35.66.5,v44370379
2014,691.00,"Edmonton, Alberta",35.66.5,v44370379
2015,779.00,"Edmonton, Alberta",35.66.5,v44370379
1998,4301.00,"British Columbia",36.66.5,v44355970
1999,3749.00,"British Columbia",36.66.5,v44355970
2000,3341.00,"British Columbia",36.66.5,v44355970
2001,3344.00,"British Columbia",36.66.5,v44355970
2002,3020.00,"British Columbia",36.66.5,v44355970
2003,2891.00,"British Columbia",36.66.5,v44355970
2004,2839.00,"British Columbia",36.66.5,v44355970
2005,2540.00,"British Columbia",36.66.5,v44355970
2006,2595.00,"British Columbia",36.66.5,v44355970
2007,2434.00,"British Columbia",36.66.5,v44355970
2008,2235.00,"British Columbia",36.66.5,v44355970
2009,1982.00,"British Columbia",36.66.5,v44355970
2010,1948.00,"British Columbia",36.66.5,v44355970
2011,1942.00,"British Columbia",36.66.5,v44355970
2012,1936.00,"British Columbia",36.66.5,v44355970
2013,2064.00,"British Columbia",36.66.5,v44355970
2014,2041.00,"British Columbia",36.66.5,v44355970
2015,2208.00,"British Columbia",36.66.5,v44355970
2005,..,"Kelowna, British Columbia",48.66.5,v52146303
2006,86.00,"Kelowna, British Columbia",48.66.5,v52146303
2007,91.00,"Kelowna, British Columbia",48.66.5,v52146303
2008,57.00,"Kelowna, British Columbia",48.66.5,v52146303
2009,58.00,"Kelowna, British Columbia",48.66.5,v52146303
2010,56.00,"Kelowna, British Columbia",48.66.5,v52146303
2011,72.00,"Kelowna, British Columbia",48.66.5,v52146303
2012,56.00,"Kelowna, British Columbia",48.66.5,v52146303
2013,65.00,"Kelowna, British Columbia",48.66.5,v52146303
2014,74.00,"Kelowna, British Columbia",48.66.5,v52146303
2015,81.00,"Kelowna, British Columbia",48.66.5,v52146303
2000,..,"Abbotsford-Mission, British Columbia",39.66.5,v44380284
2001,156.00,"Abbotsford-Mission, British Columbia",39.66.5,v44380284
2002,112.00,"Abbotsford-Mission, British Columbia",39.66.5,v44380284
2003,103.00,"Abbotsford-Mission, British Columbia",39.66.5,v44380284
2004,82.00,"Abbotsford-Mission, British Columbia",39.66.5,v44380284
2005,74.00,"Abbotsford-Mission, British Columbia",39.66.5,v44380284
2006,65.00,"Abbotsford-Mission, British Columbia",39.66.5,v44380284
2007,102.00,"Abbotsford-Mission, British Columbia",39.66.5,v44380284
2008,120.00,"Abbotsford-Mission, British Columbia",39.66.5,v44380284
2009,64.00,"Abbotsford-Mission, British Columbia",39.66.5,v44380284
2010,72.00,"Abbotsford-Mission, British Columbia",39.66.5,v44380284
2011,79.00,"Abbotsford-Mission, British Columbia",39.66.5,v44380284
2012,52.00,"Abbotsford-Mission, British Columbia",39.66.5,v44380284
2013,64.00,"Abbotsford-Mission, British Columbia",39.66.5,v44380284
2014,69.00,"Abbotsford-Mission, British Columbia",39.66.5,v44380284
2015,93.00,"Abbotsford-Mission, British Columbia",39.66.5,v44380284
1998,1720.00,"Vancouver, British Columbia",37.66.5,v44372199
1999,1413.00,"Vancouver, British Columbia",37.66.5,v44372199
2000,1253.00,"Vancouver, British Columbia",37.66.5,v44372199
2001,1164.00,"Vancouver, British Columbia",37.66.5,v44372199
2002,1041.00,"Vancouver, British Columbia",37.66.5,v44372199
2003,996.00,"Vancouver, British Columbia",37.66.5,v44372199
2004,1109.00,"Vancouver, British Columbia",37.66.5,v44372199
2005,943.00,"Vancouver, British Columbia",37.66.5,v44372199
2006,1051.00,"Vancouver, British Columbia",37.66.5,v44372199
2007,952.00,"Vancouver, British Columbia",37.66.5,v44372199
2008,902.00,"Vancouver, British Columbia",37.66.5,v44372199
2009,792.00,"Vancouver, British Columbia",37.66.5,v44372199
2010,759.00,"Vancouver, British Columbia",37.66.5,v44372199
2011,912.00,"Vancouver, British Columbia",37.66.5,v44372199
2012,938.00,"Vancouver, British Columbia",37.66.5,v44372199
2013,1025.00,"Vancouver, British Columbia",37.66.5,v44372199
2014,927.00,"Vancouver, British Columbia",37.66.5,v44372199
2015,958.00,"Vancouver, British Columbia",37.66.5,v44372199
1998,274.00,"Victoria, British Columbia",38.66.5,v44358040
1999,253.00,"Victoria, British Columbia",38.66.5,v44358040
2000,276.00,"Victoria, British Columbia",38.66.5,v44358040
2001,234.00,"Victoria, British Columbia",38.66.5,v44358040
2002,230.00,"Victoria, British Columbia",38.66.5,v44358040
2003,189.00,"Victoria, British Columbia",38.66.5,v44358040
2004,211.00,"Victoria, British Columbia",38.66.5,v44358040
2005,199.00,"Victoria, British Columbia",38.66.5,v44358040
2006,226.00,"Victoria, British Columbia",38.66.5,v44358040
2007,176.00,"Victoria, British Columbia",38.66.5,v44358040
2008,152.00,"Victoria, British Columbia",38.66.5,v44358040
2009,153.00,"Victoria, British Columbia",38.66.5,v44358040
2010,176.00,"Victoria, British Columbia",38.66.5,v44358040
2011,122.00,"Victoria, British Columbia",38.66.5,v44358040
2012,130.00,"Victoria, British Columbia",38.66.5,v44358040
2013,116.00,"Victoria, British Columbia",38.66.5,v44358040
2014,161.00,"Victoria, British Columbia",38.66.5,v44358040
2015,131.00,"Victoria, British Columbia",38.66.5,v44358040
1998,98.00,"Yukon",40.66.5,v44372084
1999,80.00,"Yukon",40.66.5,v44372084
2000,106.00,"Yukon",40.66.5,v44372084
2001,107.00,"Yukon",40.66.5,v44372084
2002,67.00,"Yukon",40.66.5,v44372084
2003,54.00,"Yukon",40.66.5,v44372084
2004,73.00,"Yukon",40.66.5,v44372084
2005,58.00,"Yukon",40.66.5,v44372084
2006,58.00,"Yukon",40.66.5,v44372084
2007,47.00,"Yukon",40.66.5,v44372084
2008,37.00,"Yukon",40.66.5,v44372084
2009,35.00,"Yukon",40.66.5,v44372084
2010,21.00,"Yukon",40.66.5,v44372084
2011,17.00,"Yukon",40.66.5,v44372084
2012,30.00,"Yukon",40.66.5,v44372084
2013,31.00,"Yukon",40.66.5,v44372084
2014,19.00,"Yukon",40.66.5,v44372084
2015,31.00,"Yukon",40.66.5,v44372084
1998,367.00,"Northwest Territories",41.66.5,v44349224
1999,230.00,"Northwest Territories",41.66.5,v44349224
2000,160.00,"Northwest Territories",41.66.5,v44349224
2001,172.00,"Northwest Territories",41.66.5,v44349224
2002,220.00,"Northwest Territories",41.66.5,v44349224
2003,268.00,"Northwest Territories",41.66.5,v44349224
2004,248.00,"Northwest Territories",41.66.5,v44349224
2005,262.00,"Northwest Territories",41.66.5,v44349224
2006,237.00,"Northwest Territories",41.66.5,v44349224
2007,160.00,"Northwest Territories",41.66.5,v44349224
2008,147.00,"Northwest Territories",41.66.5,v44349224
2009,125.00,"Northwest Territories",41.66.5,v44349224
2010,115.00,"Northwest Territories",41.66.5,v44349224
2011,91.00,"Northwest Territories",41.66.5,v44349224
2012,107.00,"Northwest Territories",41.66.5,v44349224
2013,84.00,"Northwest Territories",41.66.5,v44349224
2014,53.00,"Northwest Territories",41.66.5,v44349224
2015,83.00,"Northwest Territories",41.66.5,v44349224
1998,..,"Nunavut",42.66.5,v44388416
1999,138.00,"Nunavut",42.66.5,v44388416
2000,110.00,"Nunavut",42.66.5,v44388416
2001,180.00,"Nunavut",42.66.5,v44388416
2002,255.00,"Nunavut",42.66.5,v44388416
2003,281.00,"Nunavut",42.66.5,v44388416
2004,292.00,"Nunavut",42.66.5,v44388416
2005,238.00,"Nunavut",42.66.5,v44388416
2006,151.00,"Nunavut",42.66.5,v44388416
2007,133.00,"Nunavut",42.66.5,v44388416
2008,150.00,"Nunavut",42.66.5,v44388416
2009,158.00,"Nunavut",42.66.5,v44388416
2010,163.00,"Nunavut",42.66.5,v44388416
2011,137.00,"Nunavut",42.66.5,v44388416
2012,135.00,"Nunavut",42.66.5,v44388416
2013,151.00,"Nunavut",42.66.5,v44388416
2014,128.00,"Nunavut",42.66.5,v44388416
2015,122.00,"Nunavut",42.66.5,v44388416
