1998,2723.00,"Canada",1.208.6,v44342396
1999,2503.00,"Canada",1.208.6,v44342396
2000,2074.00,"Canada",1.208.6,v44342396
2001,1480.00,"Canada",1.208.6,v44342396
2002,1418.00,"Canada",1.208.6,v44342396
2003,919.00,"Canada",1.208.6,v44342396
2004,849.00,"Canada",1.208.6,v44342396
2005,618.00,"Canada",1.208.6,v44342396
2006,834.00,"Canada",1.208.6,v44342396
2007,677.00,"Canada",1.208.6,v44342396
2008,691.00,"Canada",1.208.6,v44342396
2009,847.00,"Canada",1.208.6,v44342396
2010,1506.00,"Canada",1.208.6,v44342396
2011,2211.00,"Canada",1.208.6,v44342396
2012,2374.00,"Canada",1.208.6,v44342396
2013,2411.00,"Canada",1.208.6,v44342396
2014,1827.00,"Canada",1.208.6,v44342396
2015,1870.00,"Canada",1.208.6,v44342396
1998,122.00,"Newfoundland and Labrador",2.208.6,v44381251
1999,109.00,"Newfoundland and Labrador",2.208.6,v44381251
2000,127.00,"Newfoundland and Labrador",2.208.6,v44381251
2001,40.00,"Newfoundland and Labrador",2.208.6,v44381251
2002,64.00,"Newfoundland and Labrador",2.208.6,v44381251
2003,33.00,"Newfoundland and Labrador",2.208.6,v44381251
2004,62.00,"Newfoundland and Labrador",2.208.6,v44381251
2005,20.00,"Newfoundland and Labrador",2.208.6,v44381251
2006,37.00,"Newfoundland and Labrador",2.208.6,v44381251
2007,2.00,"Newfoundland and Labrador",2.208.6,v44381251
2008,9.00,"Newfoundland and Labrador",2.208.6,v44381251
2009,71.00,"Newfoundland and Labrador",2.208.6,v44381251
2010,41.00,"Newfoundland and Labrador",2.208.6,v44381251
2011,73.00,"Newfoundland and Labrador",2.208.6,v44381251
2012,85.00,"Newfoundland and Labrador",2.208.6,v44381251
2013,4.00,"Newfoundland and Labrador",2.208.6,v44381251
2014,0.00,"Newfoundland and Labrador",2.208.6,v44381251
2015,0.00,"Newfoundland and Labrador",2.208.6,v44381251
1998,0.00,"St. John's, Newfoundland and Labrador",3.208.6,v44400098
1999,1.00,"St. John's, Newfoundland and Labrador",3.208.6,v44400098
2000,0.00,"St. John's, Newfoundland and Labrador",3.208.6,v44400098
2001,..,"St. John's, Newfoundland and Labrador",3.208.6,v44400098
2002,..,"St. John's, Newfoundland and Labrador",3.208.6,v44400098
2003,..,"St. John's, Newfoundland and Labrador",3.208.6,v44400098
2004,..,"St. John's, Newfoundland and Labrador",3.208.6,v44400098
2005,0.00,"St. John's, Newfoundland and Labrador",3.208.6,v44400098
2006,0.00,"St. John's, Newfoundland and Labrador",3.208.6,v44400098
2007,0.00,"St. John's, Newfoundland and Labrador",3.208.6,v44400098
2008,0.00,"St. John's, Newfoundland and Labrador",3.208.6,v44400098
2009,0.00,"St. John's, Newfoundland and Labrador",3.208.6,v44400098
2010,0.00,"St. John's, Newfoundland and Labrador",3.208.6,v44400098
2011,0.00,"St. John's, Newfoundland and Labrador",3.208.6,v44400098
2012,0.00,"St. John's, Newfoundland and Labrador",3.208.6,v44400098
2013,0.00,"St. John's, Newfoundland and Labrador",3.208.6,v44400098
2014,0.00,"St. John's, Newfoundland and Labrador",3.208.6,v44400098
2015,0.00,"St. John's, Newfoundland and Labrador",3.208.6,v44400098
1998,75.00,"Prince Edward Island",4.208.6,v44372546
1999,36.00,"Prince Edward Island",4.208.6,v44372546
2000,0.00,"Prince Edward Island",4.208.6,v44372546
2001,0.00,"Prince Edward Island",4.208.6,v44372546
2002,69.00,"Prince Edward Island",4.208.6,v44372546
2003,34.00,"Prince Edward Island",4.208.6,v44372546
2004,14.00,"Prince Edward Island",4.208.6,v44372546
2005,1.00,"Prince Edward Island",4.208.6,v44372546
2006,0.00,"Prince Edward Island",4.208.6,v44372546
2007,0.00,"Prince Edward Island",4.208.6,v44372546
2008,0.00,"Prince Edward Island",4.208.6,v44372546
2009,0.00,"Prince Edward Island",4.208.6,v44372546
2010,1.00,"Prince Edward Island",4.208.6,v44372546
2011,0.00,"Prince Edward Island",4.208.6,v44372546
2012,2.00,"Prince Edward Island",4.208.6,v44372546
2013,0.00,"Prince Edward Island",4.208.6,v44372546
2014,0.00,"Prince Edward Island",4.208.6,v44372546
2015,1.00,"Prince Edward Island",4.208.6,v44372546
1998,93.00,"Nova Scotia",5.208.6,v44399387
1999,129.00,"Nova Scotia",5.208.6,v44399387
2000,47.00,"Nova Scotia",5.208.6,v44399387
2001,14.00,"Nova Scotia",5.208.6,v44399387
2002,22.00,"Nova Scotia",5.208.6,v44399387
2003,10.00,"Nova Scotia",5.208.6,v44399387
2004,21.00,"Nova Scotia",5.208.6,v44399387
2005,3.00,"Nova Scotia",5.208.6,v44399387
2006,3.00,"Nova Scotia",5.208.6,v44399387
2007,8.00,"Nova Scotia",5.208.6,v44399387
2008,17.00,"Nova Scotia",5.208.6,v44399387
2009,4.00,"Nova Scotia",5.208.6,v44399387
2010,17.00,"Nova Scotia",5.208.6,v44399387
2011,12.00,"Nova Scotia",5.208.6,v44399387
2012,12.00,"Nova Scotia",5.208.6,v44399387
2013,2.00,"Nova Scotia",5.208.6,v44399387
2014,0.00,"Nova Scotia",5.208.6,v44399387
2015,1.00,"Nova Scotia",5.208.6,v44399387
1998,3.00,"Halifax, Nova Scotia",6.208.6,v44332662
1999,16.00,"Halifax, Nova Scotia",6.208.6,v44332662
2000,2.00,"Halifax, Nova Scotia",6.208.6,v44332662
2001,11.00,"Halifax, Nova Scotia",6.208.6,v44332662
2002,3.00,"Halifax, Nova Scotia",6.208.6,v44332662
2003,4.00,"Halifax, Nova Scotia",6.208.6,v44332662
2004,1.00,"Halifax, Nova Scotia",6.208.6,v44332662
2005,0.00,"Halifax, Nova Scotia",6.208.6,v44332662
2006,0.00,"Halifax, Nova Scotia",6.208.6,v44332662
2007,0.00,"Halifax, Nova Scotia",6.208.6,v44332662
2008,0.00,"Halifax, Nova Scotia",6.208.6,v44332662
2009,0.00,"Halifax, Nova Scotia",6.208.6,v44332662
2010,0.00,"Halifax, Nova Scotia",6.208.6,v44332662
2011,0.00,"Halifax, Nova Scotia",6.208.6,v44332662
2012,0.00,"Halifax, Nova Scotia",6.208.6,v44332662
2013,1.00,"Halifax, Nova Scotia",6.208.6,v44332662
2014,0.00,"Halifax, Nova Scotia",6.208.6,v44332662
2015,0.00,"Halifax, Nova Scotia",6.208.6,v44332662
1998,22.00,"New Brunswick",7.208.6,v44376763
1999,233.00,"New Brunswick",7.208.6,v44376763
2000,284.00,"New Brunswick",7.208.6,v44376763
2001,195.00,"New Brunswick",7.208.6,v44376763
2002,143.00,"New Brunswick",7.208.6,v44376763
2003,102.00,"New Brunswick",7.208.6,v44376763
2004,225.00,"New Brunswick",7.208.6,v44376763
2005,104.00,"New Brunswick",7.208.6,v44376763
2006,28.00,"New Brunswick",7.208.6,v44376763
2007,2.00,"New Brunswick",7.208.6,v44376763
2008,0.00,"New Brunswick",7.208.6,v44376763
2009,2.00,"New Brunswick",7.208.6,v44376763
2010,2.00,"New Brunswick",7.208.6,v44376763
2011,20.00,"New Brunswick",7.208.6,v44376763
2012,2.00,"New Brunswick",7.208.6,v44376763
2013,4.00,"New Brunswick",7.208.6,v44376763
2014,1.00,"New Brunswick",7.208.6,v44376763
2015,0.00,"New Brunswick",7.208.6,v44376763
2006,0.00,"Moncton, New Brunswick",43.208.6,v62127906
2007,0.00,"Moncton, New Brunswick",43.208.6,v62127906
2008,0.00,"Moncton, New Brunswick",43.208.6,v62127906
2009,0.00,"Moncton, New Brunswick",43.208.6,v62127906
2010,0.00,"Moncton, New Brunswick",43.208.6,v62127906
2011,0.00,"Moncton, New Brunswick",43.208.6,v62127906
2012,0.00,"Moncton, New Brunswick",43.208.6,v62127906
2013,0.00,"Moncton, New Brunswick",43.208.6,v62127906
2014,0.00,"Moncton, New Brunswick",43.208.6,v62127906
2015,0.00,"Moncton, New Brunswick",43.208.6,v62127906
1998,1.00,"Saint John, New Brunswick",8.208.6,v44396123
1999,3.00,"Saint John, New Brunswick",8.208.6,v44396123
2000,7.00,"Saint John, New Brunswick",8.208.6,v44396123
2001,35.00,"Saint John, New Brunswick",8.208.6,v44396123
2002,38.00,"Saint John, New Brunswick",8.208.6,v44396123
2003,35.00,"Saint John, New Brunswick",8.208.6,v44396123
2004,24.00,"Saint John, New Brunswick",8.208.6,v44396123
2005,27.00,"Saint John, New Brunswick",8.208.6,v44396123
2006,0.00,"Saint John, New Brunswick",8.208.6,v44396123
2007,0.00,"Saint John, New Brunswick",8.208.6,v44396123
2008,0.00,"Saint John, New Brunswick",8.208.6,v44396123
2009,1.00,"Saint John, New Brunswick",8.208.6,v44396123
2010,1.00,"Saint John, New Brunswick",8.208.6,v44396123
2011,0.00,"Saint John, New Brunswick",8.208.6,v44396123
2012,0.00,"Saint John, New Brunswick",8.208.6,v44396123
2013,0.00,"Saint John, New Brunswick",8.208.6,v44396123
2014,0.00,"Saint John, New Brunswick",8.208.6,v44396123
2015,0.00,"Saint John, New Brunswick",8.208.6,v44396123
1998,25.00,"Quebec",9.208.6,v44344757
1999,22.00,"Quebec",9.208.6,v44344757
2000,111.00,"Quebec",9.208.6,v44344757
2001,36.00,"Quebec",9.208.6,v44344757
2002,63.00,"Quebec",9.208.6,v44344757
2003,7.00,"Quebec",9.208.6,v44344757
2004,4.00,"Quebec",9.208.6,v44344757
2005,2.00,"Quebec",9.208.6,v44344757
2006,1.00,"Quebec",9.208.6,v44344757
2007,0.00,"Quebec",9.208.6,v44344757
2008,0.00,"Quebec",9.208.6,v44344757
2009,1.00,"Quebec",9.208.6,v44344757
2010,0.00,"Quebec",9.208.6,v44344757
2011,1.00,"Quebec",9.208.6,v44344757
2012,1.00,"Quebec",9.208.6,v44344757
2013,3.00,"Quebec",9.208.6,v44344757
2014,2.00,"Quebec",9.208.6,v44344757
2015,0.00,"Quebec",9.208.6,v44344757
1998,0.00,"Saguenay, Quebec",10.208.6,v44338926
1999,..,"Saguenay, Quebec",10.208.6,v44338926
2000,0.00,"Saguenay, Quebec",10.208.6,v44338926
2001,0.00,"Saguenay, Quebec",10.208.6,v44338926
2002,..,"Saguenay, Quebec",10.208.6,v44338926
2003,..,"Saguenay, Quebec",10.208.6,v44338926
2004,..,"Saguenay, Quebec",10.208.6,v44338926
2005,..,"Saguenay, Quebec",10.208.6,v44338926
2006,0.00,"Saguenay, Quebec",10.208.6,v44338926
2007,0.00,"Saguenay, Quebec",10.208.6,v44338926
2008,0.00,"Saguenay, Quebec",10.208.6,v44338926
2009,0.00,"Saguenay, Quebec",10.208.6,v44338926
2010,0.00,"Saguenay, Quebec",10.208.6,v44338926
2011,0.00,"Saguenay, Quebec",10.208.6,v44338926
2012,0.00,"Saguenay, Quebec",10.208.6,v44338926
2013,0.00,"Saguenay, Quebec",10.208.6,v44338926
2014,0.00,"Saguenay, Quebec",10.208.6,v44338926
2015,0.00,"Saguenay, Quebec",10.208.6,v44338926
1998,0.00,"Sherbrooke, Quebec",12.208.6,v44369508
1999,2.00,"Sherbrooke, Quebec",12.208.6,v44369508
2000,23.00,"Sherbrooke, Quebec",12.208.6,v44369508
2001,..,"Sherbrooke, Quebec",12.208.6,v44369508
2002,..,"Sherbrooke, Quebec",12.208.6,v44369508
2003,..,"Sherbrooke, Quebec",12.208.6,v44369508
2004,..,"Sherbrooke, Quebec",12.208.6,v44369508
2005,..,"Sherbrooke, Quebec",12.208.6,v44369508
2006,0.00,"Sherbrooke, Quebec",12.208.6,v44369508
2007,0.00,"Sherbrooke, Quebec",12.208.6,v44369508
2008,0.00,"Sherbrooke, Quebec",12.208.6,v44369508
2009,0.00,"Sherbrooke, Quebec",12.208.6,v44369508
2010,0.00,"Sherbrooke, Quebec",12.208.6,v44369508
2011,0.00,"Sherbrooke, Quebec",12.208.6,v44369508
2012,0.00,"Sherbrooke, Quebec",12.208.6,v44369508
2013,2.00,"Sherbrooke, Quebec",12.208.6,v44369508
2014,0.00,"Sherbrooke, Quebec",12.208.6,v44369508
2015,0.00,"Sherbrooke, Quebec",12.208.6,v44369508
1998,2.00,"Ottawa-Gatineau, Quebec part",15.208.6,v44376065
1999,0.00,"Ottawa-Gatineau, Quebec part",15.208.6,v44376065
2000,..,"Ottawa-Gatineau, Quebec part",15.208.6,v44376065
2001,0.00,"Ottawa-Gatineau, Quebec part",15.208.6,v44376065
2002,..,"Ottawa-Gatineau, Quebec part",15.208.6,v44376065
2003,..,"Ottawa-Gatineau, Quebec part",15.208.6,v44376065
2004,0.00,"Ottawa-Gatineau, Quebec part",15.208.6,v44376065
2005,..,"Ottawa-Gatineau, Quebec part",15.208.6,v44376065
2006,0.00,"Ottawa-Gatineau, Quebec part",15.208.6,v44376065
2007,0.00,"Ottawa-Gatineau, Quebec part",15.208.6,v44376065
2008,0.00,"Ottawa-Gatineau, Quebec part",15.208.6,v44376065
2009,0.00,"Ottawa-Gatineau, Quebec part",15.208.6,v44376065
2010,0.00,"Ottawa-Gatineau, Quebec part",15.208.6,v44376065
2011,0.00,"Ottawa-Gatineau, Quebec part",15.208.6,v44376065
2012,0.00,"Ottawa-Gatineau, Quebec part",15.208.6,v44376065
2013,0.00,"Ottawa-Gatineau, Quebec part",15.208.6,v44376065
2014,0.00,"Ottawa-Gatineau, Quebec part",15.208.6,v44376065
2015,0.00,"Ottawa-Gatineau, Quebec part",15.208.6,v44376065
1998,319.00,"Ontario",16.208.6,v44398545
1999,408.00,"Ontario",16.208.6,v44398545
2000,196.00,"Ontario",16.208.6,v44398545
2001,85.00,"Ontario",16.208.6,v44398545
2002,81.00,"Ontario",16.208.6,v44398545
2003,102.00,"Ontario",16.208.6,v44398545
2004,69.00,"Ontario",16.208.6,v44398545
2005,42.00,"Ontario",16.208.6,v44398545
2006,40.00,"Ontario",16.208.6,v44398545
2007,17.00,"Ontario",16.208.6,v44398545
2008,17.00,"Ontario",16.208.6,v44398545
2009,88.00,"Ontario",16.208.6,v44398545
2010,109.00,"Ontario",16.208.6,v44398545
2011,188.00,"Ontario",16.208.6,v44398545
2012,128.00,"Ontario",16.208.6,v44398545
2013,114.00,"Ontario",16.208.6,v44398545
2014,72.00,"Ontario",16.208.6,v44398545
2015,45.00,"Ontario",16.208.6,v44398545
1998,2.00,"Ottawa-Gatineau, Ontario/Quebec",17.208.6,v52149136
1999,0.00,"Ottawa-Gatineau, Ontario/Quebec",17.208.6,v52149136
2000,0.00,"Ottawa-Gatineau, Ontario/Quebec",17.208.6,v52149136
2001,0.00,"Ottawa-Gatineau, Ontario/Quebec",17.208.6,v52149136
2002,0.00,"Ottawa-Gatineau, Ontario/Quebec",17.208.6,v52149136
2003,0.00,"Ottawa-Gatineau, Ontario/Quebec",17.208.6,v52149136
2004,0.00,"Ottawa-Gatineau, Ontario/Quebec",17.208.6,v52149136
2005,0.00,"Ottawa-Gatineau, Ontario/Quebec",17.208.6,v52149136
2006,1.00,"Ottawa-Gatineau, Ontario/Quebec",17.208.6,v52149136
2007,0.00,"Ottawa-Gatineau, Ontario/Quebec",17.208.6,v52149136
2008,1.00,"Ottawa-Gatineau, Ontario/Quebec",17.208.6,v52149136
2009,0.00,"Ottawa-Gatineau, Ontario/Quebec",17.208.6,v52149136
2010,0.00,"Ottawa-Gatineau, Ontario/Quebec",17.208.6,v52149136
2011,1.00,"Ottawa-Gatineau, Ontario/Quebec",17.208.6,v52149136
2012,0.00,"Ottawa-Gatineau, Ontario/Quebec",17.208.6,v52149136
2013,0.00,"Ottawa-Gatineau, Ontario/Quebec",17.208.6,v52149136
2014,0.00,"Ottawa-Gatineau, Ontario/Quebec",17.208.6,v52149136
2015,0.00,"Ottawa-Gatineau, Ontario/Quebec",17.208.6,v52149136
1998,0.00,"Ottawa-Gatineau, Ontario part",18.208.6,v44331375
1999,0.00,"Ottawa-Gatineau, Ontario part",18.208.6,v44331375
2000,0.00,"Ottawa-Gatineau, Ontario part",18.208.6,v44331375
2001,0.00,"Ottawa-Gatineau, Ontario part",18.208.6,v44331375
2002,0.00,"Ottawa-Gatineau, Ontario part",18.208.6,v44331375
2003,0.00,"Ottawa-Gatineau, Ontario part",18.208.6,v44331375
2004,0.00,"Ottawa-Gatineau, Ontario part",18.208.6,v44331375
2005,0.00,"Ottawa-Gatineau, Ontario part",18.208.6,v44331375
2006,1.00,"Ottawa-Gatineau, Ontario part",18.208.6,v44331375
2007,0.00,"Ottawa-Gatineau, Ontario part",18.208.6,v44331375
2008,1.00,"Ottawa-Gatineau, Ontario part",18.208.6,v44331375
2009,0.00,"Ottawa-Gatineau, Ontario part",18.208.6,v44331375
2010,0.00,"Ottawa-Gatineau, Ontario part",18.208.6,v44331375
2011,1.00,"Ottawa-Gatineau, Ontario part",18.208.6,v44331375
2012,0.00,"Ottawa-Gatineau, Ontario part",18.208.6,v44331375
2013,0.00,"Ottawa-Gatineau, Ontario part",18.208.6,v44331375
2014,0.00,"Ottawa-Gatineau, Ontario part",18.208.6,v44331375
2015,0.00,"Ottawa-Gatineau, Ontario part",18.208.6,v44331375
2000,..,"Kingston, Ontario",27.208.6,v44407160
2001,0.00,"Kingston, Ontario",27.208.6,v44407160
2002,0.00,"Kingston, Ontario",27.208.6,v44407160
2003,0.00,"Kingston, Ontario",27.208.6,v44407160
2004,0.00,"Kingston, Ontario",27.208.6,v44407160
2005,0.00,"Kingston, Ontario",27.208.6,v44407160
2006,0.00,"Kingston, Ontario",27.208.6,v44407160
2007,0.00,"Kingston, Ontario",27.208.6,v44407160
2008,0.00,"Kingston, Ontario",27.208.6,v44407160
2009,0.00,"Kingston, Ontario",27.208.6,v44407160
2010,0.00,"Kingston, Ontario",27.208.6,v44407160
2011,1.00,"Kingston, Ontario",27.208.6,v44407160
2012,1.00,"Kingston, Ontario",27.208.6,v44407160
2013,0.00,"Kingston, Ontario",27.208.6,v44407160
2014,0.00,"Kingston, Ontario",27.208.6,v44407160
2015,0.00,"Kingston, Ontario",27.208.6,v44407160
2005,..,"Peterborough, Ontario",44.208.6,v52126028
2006,0.00,"Peterborough, Ontario",44.208.6,v52126028
2007,0.00,"Peterborough, Ontario",44.208.6,v52126028
2008,0.00,"Peterborough, Ontario",44.208.6,v52126028
2009,0.00,"Peterborough, Ontario",44.208.6,v52126028
2010,0.00,"Peterborough, Ontario",44.208.6,v52126028
2011,0.00,"Peterborough, Ontario",44.208.6,v52126028
2012,0.00,"Peterborough, Ontario",44.208.6,v52126028
2013,0.00,"Peterborough, Ontario",44.208.6,v52126028
2014,0.00,"Peterborough, Ontario",44.208.6,v52126028
2015,0.00,"Peterborough, Ontario",44.208.6,v52126028
1998,0.00,"Toronto, Ontario",19.208.6,v44348681
1999,0.00,"Toronto, Ontario",19.208.6,v44348681
2000,2.00,"Toronto, Ontario",19.208.6,v44348681
2001,0.00,"Toronto, Ontario",19.208.6,v44348681
2002,0.00,"Toronto, Ontario",19.208.6,v44348681
2003,0.00,"Toronto, Ontario",19.208.6,v44348681
2004,0.00,"Toronto, Ontario",19.208.6,v44348681
2005,1.00,"Toronto, Ontario",19.208.6,v44348681
2006,0.00,"Toronto, Ontario",19.208.6,v44348681
2007,0.00,"Toronto, Ontario",19.208.6,v44348681
2008,0.00,"Toronto, Ontario",19.208.6,v44348681
2009,23.00,"Toronto, Ontario",19.208.6,v44348681
2010,53.00,"Toronto, Ontario",19.208.6,v44348681
2011,72.00,"Toronto, Ontario",19.208.6,v44348681
2012,4.00,"Toronto, Ontario",19.208.6,v44348681
2013,0.00,"Toronto, Ontario",19.208.6,v44348681
2014,0.00,"Toronto, Ontario",19.208.6,v44348681
2015,1.00,"Toronto, Ontario",19.208.6,v44348681
1998,0.00,"Hamilton, Ontario",20.208.6,v44375737
1999,0.00,"Hamilton, Ontario",20.208.6,v44375737
2000,2.00,"Hamilton, Ontario",20.208.6,v44375737
2001,0.00,"Hamilton, Ontario",20.208.6,v44375737
2002,0.00,"Hamilton, Ontario",20.208.6,v44375737
2003,0.00,"Hamilton, Ontario",20.208.6,v44375737
2004,0.00,"Hamilton, Ontario",20.208.6,v44375737
2005,1.00,"Hamilton, Ontario",20.208.6,v44375737
2006,0.00,"Hamilton, Ontario",20.208.6,v44375737
2007,0.00,"Hamilton, Ontario",20.208.6,v44375737
2008,0.00,"Hamilton, Ontario",20.208.6,v44375737
2009,13.00,"Hamilton, Ontario",20.208.6,v44375737
2010,29.00,"Hamilton, Ontario",20.208.6,v44375737
2011,39.00,"Hamilton, Ontario",20.208.6,v44375737
2012,2.00,"Hamilton, Ontario",20.208.6,v44375737
2013,0.00,"Hamilton, Ontario",20.208.6,v44375737
2014,0.00,"Hamilton, Ontario",20.208.6,v44375737
2015,1.00,"Hamilton, Ontario",20.208.6,v44375737
2004,..,"St.Catharines-Niagara, Ontario",21.208.6,v44366187
2005,0.00,"St.Catharines-Niagara, Ontario",21.208.6,v44366187
2006,0.00,"St.Catharines-Niagara, Ontario",21.208.6,v44366187
2007,0.00,"St.Catharines-Niagara, Ontario",21.208.6,v44366187
2008,4.00,"St.Catharines-Niagara, Ontario",21.208.6,v44366187
2009,13.00,"St.Catharines-Niagara, Ontario",21.208.6,v44366187
2010,2.00,"St.Catharines-Niagara, Ontario",21.208.6,v44366187
2011,4.00,"St.Catharines-Niagara, Ontario",21.208.6,v44366187
2012,3.00,"St.Catharines-Niagara, Ontario",21.208.6,v44366187
2013,8.00,"St.Catharines-Niagara, Ontario",21.208.6,v44366187
2014,2.00,"St.Catharines-Niagara, Ontario",21.208.6,v44366187
2015,11.00,"St.Catharines-Niagara, Ontario",21.208.6,v44366187
2006,0.00,"Kitchener-Cambridge-Waterloo, Ontario",22.208.6,v62061756
2007,0.00,"Kitchener-Cambridge-Waterloo, Ontario",22.208.6,v62061756
2008,0.00,"Kitchener-Cambridge-Waterloo, Ontario",22.208.6,v62061756
2009,0.00,"Kitchener-Cambridge-Waterloo, Ontario",22.208.6,v62061756
2010,0.00,"Kitchener-Cambridge-Waterloo, Ontario",22.208.6,v62061756
2011,0.00,"Kitchener-Cambridge-Waterloo, Ontario",22.208.6,v62061756
2012,0.00,"Kitchener-Cambridge-Waterloo, Ontario",22.208.6,v62061756
2013,0.00,"Kitchener-Cambridge-Waterloo, Ontario",22.208.6,v62061756
2014,0.00,"Kitchener-Cambridge-Waterloo, Ontario",22.208.6,v62061756
2015,0.00,"Kitchener-Cambridge-Waterloo, Ontario",22.208.6,v62061756
2006,0.00,"Brantford, Ontario",45.208.6,v62134206
2007,0.00,"Brantford, Ontario",45.208.6,v62134206
2008,0.00,"Brantford, Ontario",45.208.6,v62134206
2009,0.00,"Brantford, Ontario",45.208.6,v62134206
2010,0.00,"Brantford, Ontario",45.208.6,v62134206
2011,0.00,"Brantford, Ontario",45.208.6,v62134206
2012,0.00,"Brantford, Ontario",45.208.6,v62134206
2013,0.00,"Brantford, Ontario",45.208.6,v62134206
2014,0.00,"Brantford, Ontario",45.208.6,v62134206
2015,0.00,"Brantford, Ontario",45.208.6,v62134206
2006,0.00,"Guelph, Ontario",46.208.6,v62137356
2007,0.00,"Guelph, Ontario",46.208.6,v62137356
2008,0.00,"Guelph, Ontario",46.208.6,v62137356
2009,0.00,"Guelph, Ontario",46.208.6,v62137356
2010,0.00,"Guelph, Ontario",46.208.6,v62137356
2011,0.00,"Guelph, Ontario",46.208.6,v62137356
2012,0.00,"Guelph, Ontario",46.208.6,v62137356
2013,0.00,"Guelph, Ontario",46.208.6,v62137356
2014,0.00,"Guelph, Ontario",46.208.6,v62137356
2015,0.00,"Guelph, Ontario",46.208.6,v62137356
1998,1.00,"London, Ontario",23.208.6,v44382067
1999,..,"London, Ontario",23.208.6,v44382067
2000,..,"London, Ontario",23.208.6,v44382067
2001,..,"London, Ontario",23.208.6,v44382067
2002,..,"London, Ontario",23.208.6,v44382067
2003,..,"London, Ontario",23.208.6,v44382067
2004,..,"London, Ontario",23.208.6,v44382067
2005,..,"London, Ontario",23.208.6,v44382067
2006,0.00,"London, Ontario",23.208.6,v44382067
2007,0.00,"London, Ontario",23.208.6,v44382067
2008,0.00,"London, Ontario",23.208.6,v44382067
2009,0.00,"London, Ontario",23.208.6,v44382067
2010,0.00,"London, Ontario",23.208.6,v44382067
2011,0.00,"London, Ontario",23.208.6,v44382067
2012,0.00,"London, Ontario",23.208.6,v44382067
2013,0.00,"London, Ontario",23.208.6,v44382067
2014,2.00,"London, Ontario",23.208.6,v44382067
2015,0.00,"London, Ontario",23.208.6,v44382067
1998,4.00,"Windsor, Ontario",24.208.6,v44373512
1999,0.00,"Windsor, Ontario",24.208.6,v44373512
2000,0.00,"Windsor, Ontario",24.208.6,v44373512
2001,0.00,"Windsor, Ontario",24.208.6,v44373512
2002,..,"Windsor, Ontario",24.208.6,v44373512
2003,1.00,"Windsor, Ontario",24.208.6,v44373512
2004,2.00,"Windsor, Ontario",24.208.6,v44373512
2005,1.00,"Windsor, Ontario",24.208.6,v44373512
2006,1.00,"Windsor, Ontario",24.208.6,v44373512
2007,0.00,"Windsor, Ontario",24.208.6,v44373512
2008,0.00,"Windsor, Ontario",24.208.6,v44373512
2009,1.00,"Windsor, Ontario",24.208.6,v44373512
2010,0.00,"Windsor, Ontario",24.208.6,v44373512
2011,8.00,"Windsor, Ontario",24.208.6,v44373512
2012,0.00,"Windsor, Ontario",24.208.6,v44373512
2013,21.00,"Windsor, Ontario",24.208.6,v44373512
2014,12.00,"Windsor, Ontario",24.208.6,v44373512
2015,12.00,"Windsor, Ontario",24.208.6,v44373512
2005,..,"Barrie, Ontario",47.208.6,v52146539
2006,15.00,"Barrie, Ontario",47.208.6,v52146539
2007,1.00,"Barrie, Ontario",47.208.6,v52146539
2008,2.00,"Barrie, Ontario",47.208.6,v52146539
2009,11.00,"Barrie, Ontario",47.208.6,v52146539
2010,5.00,"Barrie, Ontario",47.208.6,v52146539
2011,37.00,"Barrie, Ontario",47.208.6,v52146539
2012,106.00,"Barrie, Ontario",47.208.6,v52146539
2013,73.00,"Barrie, Ontario",47.208.6,v52146539
2014,32.00,"Barrie, Ontario",47.208.6,v52146539
2015,3.00,"Barrie, Ontario",47.208.6,v52146539
2002,..,"Sudbury, Ontario",25.208.6,v44378643
2003,0.00,"Sudbury, Ontario",25.208.6,v44378643
2004,..,"Sudbury, Ontario",25.208.6,v44378643
2005,..,"Sudbury, Ontario",25.208.6,v44378643
2006,0.00,"Sudbury, Ontario",25.208.6,v44378643
2007,0.00,"Sudbury, Ontario",25.208.6,v44378643
2008,0.00,"Sudbury, Ontario",25.208.6,v44378643
2009,0.00,"Sudbury, Ontario",25.208.6,v44378643
2010,0.00,"Sudbury, Ontario",25.208.6,v44378643
2011,0.00,"Sudbury, Ontario",25.208.6,v44378643
2012,0.00,"Sudbury, Ontario",25.208.6,v44378643
2013,0.00,"Sudbury, Ontario",25.208.6,v44378643
2014,0.00,"Sudbury, Ontario",25.208.6,v44378643
2015,0.00,"Sudbury, Ontario",25.208.6,v44378643
1998,0.00,"Thunder Bay, Ontario",26.208.6,v44335019
1999,1.00,"Thunder Bay, Ontario",26.208.6,v44335019
2000,1.00,"Thunder Bay, Ontario",26.208.6,v44335019
2001,0.00,"Thunder Bay, Ontario",26.208.6,v44335019
2002,4.00,"Thunder Bay, Ontario",26.208.6,v44335019
2003,3.00,"Thunder Bay, Ontario",26.208.6,v44335019
2004,3.00,"Thunder Bay, Ontario",26.208.6,v44335019
2005,6.00,"Thunder Bay, Ontario",26.208.6,v44335019
2006,6.00,"Thunder Bay, Ontario",26.208.6,v44335019
2007,0.00,"Thunder Bay, Ontario",26.208.6,v44335019
2008,0.00,"Thunder Bay, Ontario",26.208.6,v44335019
2009,0.00,"Thunder Bay, Ontario",26.208.6,v44335019
2010,0.00,"Thunder Bay, Ontario",26.208.6,v44335019
2011,0.00,"Thunder Bay, Ontario",26.208.6,v44335019
2012,0.00,"Thunder Bay, Ontario",26.208.6,v44335019
2013,0.00,"Thunder Bay, Ontario",26.208.6,v44335019
2014,0.00,"Thunder Bay, Ontario",26.208.6,v44335019
2015,0.00,"Thunder Bay, Ontario",26.208.6,v44335019
1998,7.00,"Manitoba",28.208.6,v44390149
1999,8.00,"Manitoba",28.208.6,v44390149
2000,8.00,"Manitoba",28.208.6,v44390149
2001,2.00,"Manitoba",28.208.6,v44390149
2002,2.00,"Manitoba",28.208.6,v44390149
2003,1.00,"Manitoba",28.208.6,v44390149
2004,0.00,"Manitoba",28.208.6,v44390149
2005,5.00,"Manitoba",28.208.6,v44390149
2006,6.00,"Manitoba",28.208.6,v44390149
2007,11.00,"Manitoba",28.208.6,v44390149
2008,12.00,"Manitoba",28.208.6,v44390149
2009,24.00,"Manitoba",28.208.6,v44390149
2010,47.00,"Manitoba",28.208.6,v44390149
2011,25.00,"Manitoba",28.208.6,v44390149
2012,30.00,"Manitoba",28.208.6,v44390149
2013,12.00,"Manitoba",28.208.6,v44390149
2014,2.00,"Manitoba",28.208.6,v44390149
2015,5.00,"Manitoba",28.208.6,v44390149
1998,0.00,"Winnipeg, Manitoba",29.208.6,v44402036
1999,..,"Winnipeg, Manitoba",29.208.6,v44402036
2000,..,"Winnipeg, Manitoba",29.208.6,v44402036
2001,..,"Winnipeg, Manitoba",29.208.6,v44402036
2002,..,"Winnipeg, Manitoba",29.208.6,v44402036
2003,..,"Winnipeg, Manitoba",29.208.6,v44402036
2004,..,"Winnipeg, Manitoba",29.208.6,v44402036
2005,..,"Winnipeg, Manitoba",29.208.6,v44402036
2006,0.00,"Winnipeg, Manitoba",29.208.6,v44402036
2007,0.00,"Winnipeg, Manitoba",29.208.6,v44402036
2008,0.00,"Winnipeg, Manitoba",29.208.6,v44402036
2009,1.00,"Winnipeg, Manitoba",29.208.6,v44402036
2010,0.00,"Winnipeg, Manitoba",29.208.6,v44402036
2011,0.00,"Winnipeg, Manitoba",29.208.6,v44402036
2012,0.00,"Winnipeg, Manitoba",29.208.6,v44402036
2013,3.00,"Winnipeg, Manitoba",29.208.6,v44402036
2014,0.00,"Winnipeg, Manitoba",29.208.6,v44402036
2015,0.00,"Winnipeg, Manitoba",29.208.6,v44402036
1998,213.00,"Saskatchewan",30.208.6,v44409339
1999,98.00,"Saskatchewan",30.208.6,v44409339
2000,79.00,"Saskatchewan",30.208.6,v44409339
2001,68.00,"Saskatchewan",30.208.6,v44409339
2002,3.00,"Saskatchewan",30.208.6,v44409339
2003,36.00,"Saskatchewan",30.208.6,v44409339
2004,13.00,"Saskatchewan",30.208.6,v44409339
2005,3.00,"Saskatchewan",30.208.6,v44409339
2006,2.00,"Saskatchewan",30.208.6,v44409339
2007,5.00,"Saskatchewan",30.208.6,v44409339
2008,2.00,"Saskatchewan",30.208.6,v44409339
2009,7.00,"Saskatchewan",30.208.6,v44409339
2010,7.00,"Saskatchewan",30.208.6,v44409339
2011,12.00,"Saskatchewan",30.208.6,v44409339
2012,11.00,"Saskatchewan",30.208.6,v44409339
2013,1.00,"Saskatchewan",30.208.6,v44409339
2014,1.00,"Saskatchewan",30.208.6,v44409339
2015,6.00,"Saskatchewan",30.208.6,v44409339
1998,1.00,"Regina, Saskatchewan",31.208.6,v44398391
1999,1.00,"Regina, Saskatchewan",31.208.6,v44398391
2000,0.00,"Regina, Saskatchewan",31.208.6,v44398391
2001,0.00,"Regina, Saskatchewan",31.208.6,v44398391
2002,0.00,"Regina, Saskatchewan",31.208.6,v44398391
2003,6.00,"Regina, Saskatchewan",31.208.6,v44398391
2004,0.00,"Regina, Saskatchewan",31.208.6,v44398391
2005,2.00,"Regina, Saskatchewan",31.208.6,v44398391
2006,1.00,"Regina, Saskatchewan",31.208.6,v44398391
2007,0.00,"Regina, Saskatchewan",31.208.6,v44398391
2008,0.00,"Regina, Saskatchewan",31.208.6,v44398391
2009,0.00,"Regina, Saskatchewan",31.208.6,v44398391
2010,0.00,"Regina, Saskatchewan",31.208.6,v44398391
2011,0.00,"Regina, Saskatchewan",31.208.6,v44398391
2012,0.00,"Regina, Saskatchewan",31.208.6,v44398391
2013,0.00,"Regina, Saskatchewan",31.208.6,v44398391
2014,0.00,"Regina, Saskatchewan",31.208.6,v44398391
2015,0.00,"Regina, Saskatchewan",31.208.6,v44398391
1998,..,"Saskatoon, Saskatchewan",32.208.6,v44410125
1999,0.00,"Saskatoon, Saskatchewan",32.208.6,v44410125
2000,..,"Saskatoon, Saskatchewan",32.208.6,v44410125
2001,..,"Saskatoon, Saskatchewan",32.208.6,v44410125
2002,..,"Saskatoon, Saskatchewan",32.208.6,v44410125
2003,..,"Saskatoon, Saskatchewan",32.208.6,v44410125
2004,0.00,"Saskatoon, Saskatchewan",32.208.6,v44410125
2005,..,"Saskatoon, Saskatchewan",32.208.6,v44410125
2006,0.00,"Saskatoon, Saskatchewan",32.208.6,v44410125
2007,0.00,"Saskatoon, Saskatchewan",32.208.6,v44410125
2008,0.00,"Saskatoon, Saskatchewan",32.208.6,v44410125
2009,1.00,"Saskatoon, Saskatchewan",32.208.6,v44410125
2010,0.00,"Saskatoon, Saskatchewan",32.208.6,v44410125
2011,1.00,"Saskatoon, Saskatchewan",32.208.6,v44410125
2012,8.00,"Saskatoon, Saskatchewan",32.208.6,v44410125
2013,0.00,"Saskatoon, Saskatchewan",32.208.6,v44410125
2014,0.00,"Saskatoon, Saskatchewan",32.208.6,v44410125
2015,0.00,"Saskatoon, Saskatchewan",32.208.6,v44410125
1998,12.00,"Alberta",33.208.6,v44392647
1999,6.00,"Alberta",33.208.6,v44392647
2000,1.00,"Alberta",33.208.6,v44392647
2001,12.00,"Alberta",33.208.6,v44392647
2002,70.00,"Alberta",33.208.6,v44392647
2003,100.00,"Alberta",33.208.6,v44392647
2004,47.00,"Alberta",33.208.6,v44392647
2005,10.00,"Alberta",33.208.6,v44392647
2006,9.00,"Alberta",33.208.6,v44392647
2007,21.00,"Alberta",33.208.6,v44392647
2008,47.00,"Alberta",33.208.6,v44392647
2009,7.00,"Alberta",33.208.6,v44392647
2010,5.00,"Alberta",33.208.6,v44392647
2011,7.00,"Alberta",33.208.6,v44392647
2012,13.00,"Alberta",33.208.6,v44392647
2013,8.00,"Alberta",33.208.6,v44392647
2014,56.00,"Alberta",33.208.6,v44392647
2015,6.00,"Alberta",33.208.6,v44392647
1998,0.00,"Calgary, Alberta",34.208.6,v44354972
1999,..,"Calgary, Alberta",34.208.6,v44354972
2000,0.00,"Calgary, Alberta",34.208.6,v44354972
2001,1.00,"Calgary, Alberta",34.208.6,v44354972
2002,..,"Calgary, Alberta",34.208.6,v44354972
2003,4.00,"Calgary, Alberta",34.208.6,v44354972
2004,..,"Calgary, Alberta",34.208.6,v44354972
2005,..,"Calgary, Alberta",34.208.6,v44354972
2006,3.00,"Calgary, Alberta",34.208.6,v44354972
2007,15.00,"Calgary, Alberta",34.208.6,v44354972
2008,44.00,"Calgary, Alberta",34.208.6,v44354972
2009,2.00,"Calgary, Alberta",34.208.6,v44354972
2010,3.00,"Calgary, Alberta",34.208.6,v44354972
2011,4.00,"Calgary, Alberta",34.208.6,v44354972
2012,3.00,"Calgary, Alberta",34.208.6,v44354972
2013,2.00,"Calgary, Alberta",34.208.6,v44354972
2014,3.00,"Calgary, Alberta",34.208.6,v44354972
2015,0.00,"Calgary, Alberta",34.208.6,v44354972
1998,1.00,"Edmonton, Alberta",35.208.6,v44355918
1999,1.00,"Edmonton, Alberta",35.208.6,v44355918
2000,0.00,"Edmonton, Alberta",35.208.6,v44355918
2001,1.00,"Edmonton, Alberta",35.208.6,v44355918
2002,0.00,"Edmonton, Alberta",35.208.6,v44355918
2003,0.00,"Edmonton, Alberta",35.208.6,v44355918
2004,10.00,"Edmonton, Alberta",35.208.6,v44355918
2005,1.00,"Edmonton, Alberta",35.208.6,v44355918
2006,0.00,"Edmonton, Alberta",35.208.6,v44355918
2007,2.00,"Edmonton, Alberta",35.208.6,v44355918
2008,1.00,"Edmonton, Alberta",35.208.6,v44355918
2009,1.00,"Edmonton, Alberta",35.208.6,v44355918
2010,0.00,"Edmonton, Alberta",35.208.6,v44355918
2011,0.00,"Edmonton, Alberta",35.208.6,v44355918
2012,1.00,"Edmonton, Alberta",35.208.6,v44355918
2013,0.00,"Edmonton, Alberta",35.208.6,v44355918
2014,0.00,"Edmonton, Alberta",35.208.6,v44355918
2015,1.00,"Edmonton, Alberta",35.208.6,v44355918
1998,1811.00,"British Columbia",36.208.6,v44372224
1999,1448.00,"British Columbia",36.208.6,v44372224
2000,1216.00,"British Columbia",36.208.6,v44372224
2001,1020.00,"British Columbia",36.208.6,v44372224
2002,901.00,"British Columbia",36.208.6,v44372224
2003,494.00,"British Columbia",36.208.6,v44372224
2004,394.00,"British Columbia",36.208.6,v44372224
2005,428.00,"British Columbia",36.208.6,v44372224
2006,704.00,"British Columbia",36.208.6,v44372224
2007,610.00,"British Columbia",36.208.6,v44372224
2008,586.00,"British Columbia",36.208.6,v44372224
2009,642.00,"British Columbia",36.208.6,v44372224
2010,1273.00,"British Columbia",36.208.6,v44372224
2011,1873.00,"British Columbia",36.208.6,v44372224
2012,2088.00,"British Columbia",36.208.6,v44372224
2013,2258.00,"British Columbia",36.208.6,v44372224
2014,1693.00,"British Columbia",36.208.6,v44372224
2015,1806.00,"British Columbia",36.208.6,v44372224
2005,..,"Kelowna, British Columbia",48.208.6,v52145975
2006,1.00,"Kelowna, British Columbia",48.208.6,v52145975
2007,1.00,"Kelowna, British Columbia",48.208.6,v52145975
2008,1.00,"Kelowna, British Columbia",48.208.6,v52145975
2009,3.00,"Kelowna, British Columbia",48.208.6,v52145975
2010,79.00,"Kelowna, British Columbia",48.208.6,v52145975
2011,181.00,"Kelowna, British Columbia",48.208.6,v52145975
2012,335.00,"Kelowna, British Columbia",48.208.6,v52145975
2013,562.00,"Kelowna, British Columbia",48.208.6,v52145975
2014,530.00,"Kelowna, British Columbia",48.208.6,v52145975
2015,260.00,"Kelowna, British Columbia",48.208.6,v52145975
2000,..,"Abbotsford-Mission, British Columbia",39.208.6,v44389572
2001,0.00,"Abbotsford-Mission, British Columbia",39.208.6,v44389572
2002,0.00,"Abbotsford-Mission, British Columbia",39.208.6,v44389572
2003,0.00,"Abbotsford-Mission, British Columbia",39.208.6,v44389572
2004,0.00,"Abbotsford-Mission, British Columbia",39.208.6,v44389572
2005,0.00,"Abbotsford-Mission, British Columbia",39.208.6,v44389572
2006,0.00,"Abbotsford-Mission, British Columbia",39.208.6,v44389572
2007,0.00,"Abbotsford-Mission, British Columbia",39.208.6,v44389572
2008,0.00,"Abbotsford-Mission, British Columbia",39.208.6,v44389572
2009,0.00,"Abbotsford-Mission, British Columbia",39.208.6,v44389572
2010,0.00,"Abbotsford-Mission, British Columbia",39.208.6,v44389572
2011,18.00,"Abbotsford-Mission, British Columbia",39.208.6,v44389572
2012,4.00,"Abbotsford-Mission, British Columbia",39.208.6,v44389572
2013,0.00,"Abbotsford-Mission, British Columbia",39.208.6,v44389572
2014,1.00,"Abbotsford-Mission, British Columbia",39.208.6,v44389572
2015,0.00,"Abbotsford-Mission, British Columbia",39.208.6,v44389572
1998,219.00,"Vancouver, British Columbia",37.208.6,v44327049
1999,101.00,"Vancouver, British Columbia",37.208.6,v44327049
2000,9.00,"Vancouver, British Columbia",37.208.6,v44327049
2001,24.00,"Vancouver, British Columbia",37.208.6,v44327049
2002,2.00,"Vancouver, British Columbia",37.208.6,v44327049
2003,5.00,"Vancouver, British Columbia",37.208.6,v44327049
2004,18.00,"Vancouver, British Columbia",37.208.6,v44327049
2005,4.00,"Vancouver, British Columbia",37.208.6,v44327049
2006,28.00,"Vancouver, British Columbia",37.208.6,v44327049
2007,52.00,"Vancouver, British Columbia",37.208.6,v44327049
2008,53.00,"Vancouver, British Columbia",37.208.6,v44327049
2009,46.00,"Vancouver, British Columbia",37.208.6,v44327049
2010,71.00,"Vancouver, British Columbia",37.208.6,v44327049
2011,77.00,"Vancouver, British Columbia",37.208.6,v44327049
2012,75.00,"Vancouver, British Columbia",37.208.6,v44327049
2013,195.00,"Vancouver, British Columbia",37.208.6,v44327049
2014,178.00,"Vancouver, British Columbia",37.208.6,v44327049
2015,217.00,"Vancouver, British Columbia",37.208.6,v44327049
1998,60.00,"Victoria, British Columbia",38.208.6,v44339816
1999,49.00,"Victoria, British Columbia",38.208.6,v44339816
2000,32.00,"Victoria, British Columbia",38.208.6,v44339816
2001,28.00,"Victoria, British Columbia",38.208.6,v44339816
2002,1.00,"Victoria, British Columbia",38.208.6,v44339816
2003,1.00,"Victoria, British Columbia",38.208.6,v44339816
2004,0.00,"Victoria, British Columbia",38.208.6,v44339816
2005,0.00,"Victoria, British Columbia",38.208.6,v44339816
2006,1.00,"Victoria, British Columbia",38.208.6,v44339816
2007,1.00,"Victoria, British Columbia",38.208.6,v44339816
2008,4.00,"Victoria, British Columbia",38.208.6,v44339816
2009,252.00,"Victoria, British Columbia",38.208.6,v44339816
2010,358.00,"Victoria, British Columbia",38.208.6,v44339816
2011,256.00,"Victoria, British Columbia",38.208.6,v44339816
2012,339.00,"Victoria, British Columbia",38.208.6,v44339816
2013,306.00,"Victoria, British Columbia",38.208.6,v44339816
2014,266.00,"Victoria, British Columbia",38.208.6,v44339816
2015,240.00,"Victoria, British Columbia",38.208.6,v44339816
1998,24.00,"Yukon",40.208.6,v44397781
1999,1.00,"Yukon",40.208.6,v44397781
2000,1.00,"Yukon",40.208.6,v44397781
2001,1.00,"Yukon",40.208.6,v44397781
2002,..,"Yukon",40.208.6,v44397781
2003,..,"Yukon",40.208.6,v44397781
2004,..,"Yukon",40.208.6,v44397781
2005,..,"Yukon",40.208.6,v44397781
2006,0.00,"Yukon",40.208.6,v44397781
2007,0.00,"Yukon",40.208.6,v44397781
2008,0.00,"Yukon",40.208.6,v44397781
2009,0.00,"Yukon",40.208.6,v44397781
2010,0.00,"Yukon",40.208.6,v44397781
2011,0.00,"Yukon",40.208.6,v44397781
2012,1.00,"Yukon",40.208.6,v44397781
2013,0.00,"Yukon",40.208.6,v44397781
2014,0.00,"Yukon",40.208.6,v44397781
2015,0.00,"Yukon",40.208.6,v44397781
1998,0.00,"Northwest Territories",41.208.6,v44388611
1999,5.00,"Northwest Territories",41.208.6,v44388611
2000,3.00,"Northwest Territories",41.208.6,v44388611
2001,7.00,"Northwest Territories",41.208.6,v44388611
2002,0.00,"Northwest Territories",41.208.6,v44388611
2003,..,"Northwest Territories",41.208.6,v44388611
2004,0.00,"Northwest Territories",41.208.6,v44388611
2005,0.00,"Northwest Territories",41.208.6,v44388611
2006,4.00,"Northwest Territories",41.208.6,v44388611
2007,1.00,"Northwest Territories",41.208.6,v44388611
2008,1.00,"Northwest Territories",41.208.6,v44388611
2009,0.00,"Northwest Territories",41.208.6,v44388611
2010,4.00,"Northwest Territories",41.208.6,v44388611
2011,0.00,"Northwest Territories",41.208.6,v44388611
2012,0.00,"Northwest Territories",41.208.6,v44388611
2013,5.00,"Northwest Territories",41.208.6,v44388611
2014,0.00,"Northwest Territories",41.208.6,v44388611
2015,0.00,"Northwest Territories",41.208.6,v44388611
1998,..,"Nunavut",42.208.6,v44367032
1999,0.00,"Nunavut",42.208.6,v44367032
2000,1.00,"Nunavut",42.208.6,v44367032
2001,0.00,"Nunavut",42.208.6,v44367032
2002,..,"Nunavut",42.208.6,v44367032
2003,0.00,"Nunavut",42.208.6,v44367032
2004,0.00,"Nunavut",42.208.6,v44367032
2005,0.00,"Nunavut",42.208.6,v44367032
2006,0.00,"Nunavut",42.208.6,v44367032
2007,0.00,"Nunavut",42.208.6,v44367032
2008,0.00,"Nunavut",42.208.6,v44367032
2009,1.00,"Nunavut",42.208.6,v44367032
2010,0.00,"Nunavut",42.208.6,v44367032
2011,0.00,"Nunavut",42.208.6,v44367032
2012,1.00,"Nunavut",42.208.6,v44367032
2013,0.00,"Nunavut",42.208.6,v44367032
2014,0.00,"Nunavut",42.208.6,v44367032
2015,0.00,"Nunavut",42.208.6,v44367032
1998,2723.00,"Canada",1.208.6,v44342396
1999,2503.00,"Canada",1.208.6,v44342396
2000,2074.00,"Canada",1.208.6,v44342396
2001,1480.00,"Canada",1.208.6,v44342396
2002,1418.00,"Canada",1.208.6,v44342396
2003,919.00,"Canada",1.208.6,v44342396
2004,849.00,"Canada",1.208.6,v44342396
2005,618.00,"Canada",1.208.6,v44342396
2006,834.00,"Canada",1.208.6,v44342396
2007,677.00,"Canada",1.208.6,v44342396
2008,691.00,"Canada",1.208.6,v44342396
2009,847.00,"Canada",1.208.6,v44342396
2010,1506.00,"Canada",1.208.6,v44342396
2011,2211.00,"Canada",1.208.6,v44342396
2012,2374.00,"Canada",1.208.6,v44342396
2013,2411.00,"Canada",1.208.6,v44342396
2014,1827.00,"Canada",1.208.6,v44342396
2015,1870.00,"Canada",1.208.6,v44342396
1998,122.00,"Newfoundland and Labrador",2.208.6,v44381251
1999,109.00,"Newfoundland and Labrador",2.208.6,v44381251
2000,127.00,"Newfoundland and Labrador",2.208.6,v44381251
2001,40.00,"Newfoundland and Labrador",2.208.6,v44381251
2002,64.00,"Newfoundland and Labrador",2.208.6,v44381251
2003,33.00,"Newfoundland and Labrador",2.208.6,v44381251
2004,62.00,"Newfoundland and Labrador",2.208.6,v44381251
2005,20.00,"Newfoundland and Labrador",2.208.6,v44381251
2006,37.00,"Newfoundland and Labrador",2.208.6,v44381251
2007,2.00,"Newfoundland and Labrador",2.208.6,v44381251
2008,9.00,"Newfoundland and Labrador",2.208.6,v44381251
2009,71.00,"Newfoundland and Labrador",2.208.6,v44381251
2010,41.00,"Newfoundland and Labrador",2.208.6,v44381251
2011,73.00,"Newfoundland and Labrador",2.208.6,v44381251
2012,85.00,"Newfoundland and Labrador",2.208.6,v44381251
2013,4.00,"Newfoundland and Labrador",2.208.6,v44381251
2014,0.00,"Newfoundland and Labrador",2.208.6,v44381251
2015,0.00,"Newfoundland and Labrador",2.208.6,v44381251
1998,0.00,"St. John's, Newfoundland and Labrador",3.208.6,v44400098
1999,1.00,"St. John's, Newfoundland and Labrador",3.208.6,v44400098
2000,0.00,"St. John's, Newfoundland and Labrador",3.208.6,v44400098
2001,..,"St. John's, Newfoundland and Labrador",3.208.6,v44400098
2002,..,"St. John's, Newfoundland and Labrador",3.208.6,v44400098
2003,..,"St. John's, Newfoundland and Labrador",3.208.6,v44400098
2004,..,"St. John's, Newfoundland and Labrador",3.208.6,v44400098
2005,0.00,"St. John's, Newfoundland and Labrador",3.208.6,v44400098
2006,0.00,"St. John's, Newfoundland and Labrador",3.208.6,v44400098
2007,0.00,"St. John's, Newfoundland and Labrador",3.208.6,v44400098
2008,0.00,"St. John's, Newfoundland and Labrador",3.208.6,v44400098
2009,0.00,"St. John's, Newfoundland and Labrador",3.208.6,v44400098
2010,0.00,"St. John's, Newfoundland and Labrador",3.208.6,v44400098
2011,0.00,"St. John's, Newfoundland and Labrador",3.208.6,v44400098
2012,0.00,"St. John's, Newfoundland and Labrador",3.208.6,v44400098
2013,0.00,"St. John's, Newfoundland and Labrador",3.208.6,v44400098
2014,0.00,"St. John's, Newfoundland and Labrador",3.208.6,v44400098
2015,0.00,"St. John's, Newfoundland and Labrador",3.208.6,v44400098
1998,75.00,"Prince Edward Island",4.208.6,v44372546
1999,36.00,"Prince Edward Island",4.208.6,v44372546
2000,0.00,"Prince Edward Island",4.208.6,v44372546
2001,0.00,"Prince Edward Island",4.208.6,v44372546
2002,69.00,"Prince Edward Island",4.208.6,v44372546
2003,34.00,"Prince Edward Island",4.208.6,v44372546
2004,14.00,"Prince Edward Island",4.208.6,v44372546
2005,1.00,"Prince Edward Island",4.208.6,v44372546
2006,0.00,"Prince Edward Island",4.208.6,v44372546
2007,0.00,"Prince Edward Island",4.208.6,v44372546
2008,0.00,"Prince Edward Island",4.208.6,v44372546
2009,0.00,"Prince Edward Island",4.208.6,v44372546
2010,1.00,"Prince Edward Island",4.208.6,v44372546
2011,0.00,"Prince Edward Island",4.208.6,v44372546
2012,2.00,"Prince Edward Island",4.208.6,v44372546
2013,0.00,"Prince Edward Island",4.208.6,v44372546
2014,0.00,"Prince Edward Island",4.208.6,v44372546
2015,1.00,"Prince Edward Island",4.208.6,v44372546
1998,93.00,"Nova Scotia",5.208.6,v44399387
1999,129.00,"Nova Scotia",5.208.6,v44399387
2000,47.00,"Nova Scotia",5.208.6,v44399387
2001,14.00,"Nova Scotia",5.208.6,v44399387
2002,22.00,"Nova Scotia",5.208.6,v44399387
2003,10.00,"Nova Scotia",5.208.6,v44399387
2004,21.00,"Nova Scotia",5.208.6,v44399387
2005,3.00,"Nova Scotia",5.208.6,v44399387
2006,3.00,"Nova Scotia",5.208.6,v44399387
2007,8.00,"Nova Scotia",5.208.6,v44399387
2008,17.00,"Nova Scotia",5.208.6,v44399387
2009,4.00,"Nova Scotia",5.208.6,v44399387
2010,17.00,"Nova Scotia",5.208.6,v44399387
2011,12.00,"Nova Scotia",5.208.6,v44399387
2012,12.00,"Nova Scotia",5.208.6,v44399387
2013,2.00,"Nova Scotia",5.208.6,v44399387
2014,0.00,"Nova Scotia",5.208.6,v44399387
2015,1.00,"Nova Scotia",5.208.6,v44399387
1998,3.00,"Halifax, Nova Scotia",6.208.6,v44332662
1999,16.00,"Halifax, Nova Scotia",6.208.6,v44332662
2000,2.00,"Halifax, Nova Scotia",6.208.6,v44332662
2001,11.00,"Halifax, Nova Scotia",6.208.6,v44332662
2002,3.00,"Halifax, Nova Scotia",6.208.6,v44332662
2003,4.00,"Halifax, Nova Scotia",6.208.6,v44332662
2004,1.00,"Halifax, Nova Scotia",6.208.6,v44332662
2005,0.00,"Halifax, Nova Scotia",6.208.6,v44332662
2006,0.00,"Halifax, Nova Scotia",6.208.6,v44332662
2007,0.00,"Halifax, Nova Scotia",6.208.6,v44332662
2008,0.00,"Halifax, Nova Scotia",6.208.6,v44332662
2009,0.00,"Halifax, Nova Scotia",6.208.6,v44332662
2010,0.00,"Halifax, Nova Scotia",6.208.6,v44332662
2011,0.00,"Halifax, Nova Scotia",6.208.6,v44332662
2012,0.00,"Halifax, Nova Scotia",6.208.6,v44332662
2013,1.00,"Halifax, Nova Scotia",6.208.6,v44332662
2014,0.00,"Halifax, Nova Scotia",6.208.6,v44332662
2015,0.00,"Halifax, Nova Scotia",6.208.6,v44332662
1998,22.00,"New Brunswick",7.208.6,v44376763
1999,233.00,"New Brunswick",7.208.6,v44376763
2000,284.00,"New Brunswick",7.208.6,v44376763
2001,195.00,"New Brunswick",7.208.6,v44376763
2002,143.00,"New Brunswick",7.208.6,v44376763
2003,102.00,"New Brunswick",7.208.6,v44376763
2004,225.00,"New Brunswick",7.208.6,v44376763
2005,104.00,"New Brunswick",7.208.6,v44376763
2006,28.00,"New Brunswick",7.208.6,v44376763
2007,2.00,"New Brunswick",7.208.6,v44376763
2008,0.00,"New Brunswick",7.208.6,v44376763
2009,2.00,"New Brunswick",7.208.6,v44376763
2010,2.00,"New Brunswick",7.208.6,v44376763
2011,20.00,"New Brunswick",7.208.6,v44376763
2012,2.00,"New Brunswick",7.208.6,v44376763
2013,4.00,"New Brunswick",7.208.6,v44376763
2014,1.00,"New Brunswick",7.208.6,v44376763
2015,0.00,"New Brunswick",7.208.6,v44376763
2006,0.00,"Moncton, New Brunswick",43.208.6,v62127906
2007,0.00,"Moncton, New Brunswick",43.208.6,v62127906
2008,0.00,"Moncton, New Brunswick",43.208.6,v62127906
2009,0.00,"Moncton, New Brunswick",43.208.6,v62127906
2010,0.00,"Moncton, New Brunswick",43.208.6,v62127906
2011,0.00,"Moncton, New Brunswick",43.208.6,v62127906
2012,0.00,"Moncton, New Brunswick",43.208.6,v62127906
2013,0.00,"Moncton, New Brunswick",43.208.6,v62127906
2014,0.00,"Moncton, New Brunswick",43.208.6,v62127906
2015,0.00,"Moncton, New Brunswick",43.208.6,v62127906
1998,1.00,"Saint John, New Brunswick",8.208.6,v44396123
1999,3.00,"Saint John, New Brunswick",8.208.6,v44396123
2000,7.00,"Saint John, New Brunswick",8.208.6,v44396123
2001,35.00,"Saint John, New Brunswick",8.208.6,v44396123
2002,38.00,"Saint John, New Brunswick",8.208.6,v44396123
2003,35.00,"Saint John, New Brunswick",8.208.6,v44396123
2004,24.00,"Saint John, New Brunswick",8.208.6,v44396123
2005,27.00,"Saint John, New Brunswick",8.208.6,v44396123
2006,0.00,"Saint John, New Brunswick",8.208.6,v44396123
2007,0.00,"Saint John, New Brunswick",8.208.6,v44396123
2008,0.00,"Saint John, New Brunswick",8.208.6,v44396123
2009,1.00,"Saint John, New Brunswick",8.208.6,v44396123
2010,1.00,"Saint John, New Brunswick",8.208.6,v44396123
2011,0.00,"Saint John, New Brunswick",8.208.6,v44396123
2012,0.00,"Saint John, New Brunswick",8.208.6,v44396123
2013,0.00,"Saint John, New Brunswick",8.208.6,v44396123
2014,0.00,"Saint John, New Brunswick",8.208.6,v44396123
2015,0.00,"Saint John, New Brunswick",8.208.6,v44396123
1998,25.00,"Quebec",9.208.6,v44344757
1999,22.00,"Quebec",9.208.6,v44344757
2000,111.00,"Quebec",9.208.6,v44344757
2001,36.00,"Quebec",9.208.6,v44344757
2002,63.00,"Quebec",9.208.6,v44344757
2003,7.00,"Quebec",9.208.6,v44344757
2004,4.00,"Quebec",9.208.6,v44344757
2005,2.00,"Quebec",9.208.6,v44344757
2006,1.00,"Quebec",9.208.6,v44344757
2007,0.00,"Quebec",9.208.6,v44344757
2008,0.00,"Quebec",9.208.6,v44344757
2009,1.00,"Quebec",9.208.6,v44344757
2010,0.00,"Quebec",9.208.6,v44344757
2011,1.00,"Quebec",9.208.6,v44344757
2012,1.00,"Quebec",9.208.6,v44344757
2013,3.00,"Quebec",9.208.6,v44344757
2014,2.00,"Quebec",9.208.6,v44344757
2015,0.00,"Quebec",9.208.6,v44344757
1998,0.00,"Saguenay, Quebec",10.208.6,v44338926
1999,..,"Saguenay, Quebec",10.208.6,v44338926
2000,0.00,"Saguenay, Quebec",10.208.6,v44338926
2001,0.00,"Saguenay, Quebec",10.208.6,v44338926
2002,..,"Saguenay, Quebec",10.208.6,v44338926
2003,..,"Saguenay, Quebec",10.208.6,v44338926
2004,..,"Saguenay, Quebec",10.208.6,v44338926
2005,..,"Saguenay, Quebec",10.208.6,v44338926
2006,0.00,"Saguenay, Quebec",10.208.6,v44338926
2007,0.00,"Saguenay, Quebec",10.208.6,v44338926
2008,0.00,"Saguenay, Quebec",10.208.6,v44338926
2009,0.00,"Saguenay, Quebec",10.208.6,v44338926
2010,0.00,"Saguenay, Quebec",10.208.6,v44338926
2011,0.00,"Saguenay, Quebec",10.208.6,v44338926
2012,0.00,"Saguenay, Quebec",10.208.6,v44338926
2013,0.00,"Saguenay, Quebec",10.208.6,v44338926
2014,0.00,"Saguenay, Quebec",10.208.6,v44338926
2015,0.00,"Saguenay, Quebec",10.208.6,v44338926
1998,0.00,"Quebec, Quebec",11.208.6,v44364887
1999,0.00,"Quebec, Quebec",11.208.6,v44364887
2000,0.00,"Quebec, Quebec",11.208.6,v44364887
2001,0.00,"Quebec, Quebec",11.208.6,v44364887
2002,..,"Quebec, Quebec",11.208.6,v44364887
2003,0.00,"Quebec, Quebec",11.208.6,v44364887
2004,0.00,"Quebec, Quebec",11.208.6,v44364887
2005,0.00,"Quebec, Quebec",11.208.6,v44364887
2006,0.00,"Quebec, Quebec",11.208.6,v44364887
2007,0.00,"Quebec, Quebec",11.208.6,v44364887
2008,0.00,"Quebec, Quebec",11.208.6,v44364887
2009,0.00,"Quebec, Quebec",11.208.6,v44364887
2010,0.00,"Quebec, Quebec",11.208.6,v44364887
2011,0.00,"Quebec, Quebec",11.208.6,v44364887
2012,0.00,"Quebec, Quebec",11.208.6,v44364887
2013,0.00,"Quebec, Quebec",11.208.6,v44364887
2014,0.00,"Quebec, Quebec",11.208.6,v44364887
2015,0.00,"Quebec, Quebec",11.208.6,v44364887
1998,0.00,"Sherbrooke, Quebec",12.208.6,v44369508
1999,2.00,"Sherbrooke, Quebec",12.208.6,v44369508
2000,23.00,"Sherbrooke, Quebec",12.208.6,v44369508
2001,..,"Sherbrooke, Quebec",12.208.6,v44369508
2002,..,"Sherbrooke, Quebec",12.208.6,v44369508
2003,..,"Sherbrooke, Quebec",12.208.6,v44369508
2004,..,"Sherbrooke, Quebec",12.208.6,v44369508
2005,..,"Sherbrooke, Quebec",12.208.6,v44369508
2006,0.00,"Sherbrooke, Quebec",12.208.6,v44369508
2007,0.00,"Sherbrooke, Quebec",12.208.6,v44369508
2008,0.00,"Sherbrooke, Quebec",12.208.6,v44369508
2009,0.00,"Sherbrooke, Quebec",12.208.6,v44369508
2010,0.00,"Sherbrooke, Quebec",12.208.6,v44369508
2011,0.00,"Sherbrooke, Quebec",12.208.6,v44369508
2012,0.00,"Sherbrooke, Quebec",12.208.6,v44369508
2013,2.00,"Sherbrooke, Quebec",12.208.6,v44369508
2014,0.00,"Sherbrooke, Quebec",12.208.6,v44369508
2015,0.00,"Sherbrooke, Quebec",12.208.6,v44369508
1998,1.00,"Montreal, Quebec",14.208.6,v44410456
1999,0.00,"Montreal, Quebec",14.208.6,v44410456
2000,0.00,"Montreal, Quebec",14.208.6,v44410456
2001,0.00,"Montreal, Quebec",14.208.6,v44410456
2002,0.00,"Montreal, Quebec",14.208.6,v44410456
2003,0.00,"Montreal, Quebec",14.208.6,v44410456
2004,2.00,"Montreal, Quebec",14.208.6,v44410456
2005,1.00,"Montreal, Quebec",14.208.6,v44410456
2006,0.00,"Montreal, Quebec",14.208.6,v44410456
2007,0.00,"Montreal, Quebec",14.208.6,v44410456
2008,0.00,"Montreal, Quebec",14.208.6,v44410456
2009,0.00,"Montreal, Quebec",14.208.6,v44410456
2010,0.00,"Montreal, Quebec",14.208.6,v44410456
2011,0.00,"Montreal, Quebec",14.208.6,v44410456
2012,0.00,"Montreal, Quebec",14.208.6,v44410456
2013,0.00,"Montreal, Quebec",14.208.6,v44410456
2014,1.00,"Montreal, Quebec",14.208.6,v44410456
2015,0.00,"Montreal, Quebec",14.208.6,v44410456
1998,2.00,"Ottawa-Gatineau, Quebec part",15.208.6,v44376065
1999,0.00,"Ottawa-Gatineau, Quebec part",15.208.6,v44376065
2000,..,"Ottawa-Gatineau, Quebec part",15.208.6,v44376065
2001,0.00,"Ottawa-Gatineau, Quebec part",15.208.6,v44376065
2002,..,"Ottawa-Gatineau, Quebec part",15.208.6,v44376065
2003,..,"Ottawa-Gatineau, Quebec part",15.208.6,v44376065
2004,0.00,"Ottawa-Gatineau, Quebec part",15.208.6,v44376065
2005,..,"Ottawa-Gatineau, Quebec part",15.208.6,v44376065
2006,0.00,"Ottawa-Gatineau, Quebec part",15.208.6,v44376065
2007,0.00,"Ottawa-Gatineau, Quebec part",15.208.6,v44376065
2008,0.00,"Ottawa-Gatineau, Quebec part",15.208.6,v44376065
2009,0.00,"Ottawa-Gatineau, Quebec part",15.208.6,v44376065
2010,0.00,"Ottawa-Gatineau, Quebec part",15.208.6,v44376065
2011,0.00,"Ottawa-Gatineau, Quebec part",15.208.6,v44376065
2012,0.00,"Ottawa-Gatineau, Quebec part",15.208.6,v44376065
2013,0.00,"Ottawa-Gatineau, Quebec part",15.208.6,v44376065
2014,0.00,"Ottawa-Gatineau, Quebec part",15.208.6,v44376065
2015,0.00,"Ottawa-Gatineau, Quebec part",15.208.6,v44376065
1998,319.00,"Ontario",16.208.6,v44398545
1999,408.00,"Ontario",16.208.6,v44398545
2000,196.00,"Ontario",16.208.6,v44398545
2001,85.00,"Ontario",16.208.6,v44398545
2002,81.00,"Ontario",16.208.6,v44398545
2003,102.00,"Ontario",16.208.6,v44398545
2004,69.00,"Ontario",16.208.6,v44398545
2005,42.00,"Ontario",16.208.6,v44398545
2006,40.00,"Ontario",16.208.6,v44398545
2007,17.00,"Ontario",16.208.6,v44398545
2008,17.00,"Ontario",16.208.6,v44398545
2009,88.00,"Ontario",16.208.6,v44398545
2010,109.00,"Ontario",16.208.6,v44398545
2011,188.00,"Ontario",16.208.6,v44398545
2012,128.00,"Ontario",16.208.6,v44398545
2013,114.00,"Ontario",16.208.6,v44398545
2014,72.00,"Ontario",16.208.6,v44398545
2015,45.00,"Ontario",16.208.6,v44398545
1998,2.00,"Ottawa-Gatineau, Ontario/Quebec",17.208.6,v52149136
1999,0.00,"Ottawa-Gatineau, Ontario/Quebec",17.208.6,v52149136
2000,0.00,"Ottawa-Gatineau, Ontario/Quebec",17.208.6,v52149136
2001,0.00,"Ottawa-Gatineau, Ontario/Quebec",17.208.6,v52149136
2002,0.00,"Ottawa-Gatineau, Ontario/Quebec",17.208.6,v52149136
2003,0.00,"Ottawa-Gatineau, Ontario/Quebec",17.208.6,v52149136
2004,0.00,"Ottawa-Gatineau, Ontario/Quebec",17.208.6,v52149136
2005,0.00,"Ottawa-Gatineau, Ontario/Quebec",17.208.6,v52149136
2006,1.00,"Ottawa-Gatineau, Ontario/Quebec",17.208.6,v52149136
2007,0.00,"Ottawa-Gatineau, Ontario/Quebec",17.208.6,v52149136
2008,1.00,"Ottawa-Gatineau, Ontario/Quebec",17.208.6,v52149136
2009,0.00,"Ottawa-Gatineau, Ontario/Quebec",17.208.6,v52149136
2010,0.00,"Ottawa-Gatineau, Ontario/Quebec",17.208.6,v52149136
2011,1.00,"Ottawa-Gatineau, Ontario/Quebec",17.208.6,v52149136
2012,0.00,"Ottawa-Gatineau, Ontario/Quebec",17.208.6,v52149136
2013,0.00,"Ottawa-Gatineau, Ontario/Quebec",17.208.6,v52149136
2014,0.00,"Ottawa-Gatineau, Ontario/Quebec",17.208.6,v52149136
2015,0.00,"Ottawa-Gatineau, Ontario/Quebec",17.208.6,v52149136
1998,0.00,"Ottawa-Gatineau, Ontario part",18.208.6,v44331375
1999,0.00,"Ottawa-Gatineau, Ontario part",18.208.6,v44331375
2000,0.00,"Ottawa-Gatineau, Ontario part",18.208.6,v44331375
2001,0.00,"Ottawa-Gatineau, Ontario part",18.208.6,v44331375
2002,0.00,"Ottawa-Gatineau, Ontario part",18.208.6,v44331375
2003,0.00,"Ottawa-Gatineau, Ontario part",18.208.6,v44331375
2004,0.00,"Ottawa-Gatineau, Ontario part",18.208.6,v44331375
2005,0.00,"Ottawa-Gatineau, Ontario part",18.208.6,v44331375
2006,1.00,"Ottawa-Gatineau, Ontario part",18.208.6,v44331375
2007,0.00,"Ottawa-Gatineau, Ontario part",18.208.6,v44331375
2008,1.00,"Ottawa-Gatineau, Ontario part",18.208.6,v44331375
2009,0.00,"Ottawa-Gatineau, Ontario part",18.208.6,v44331375
2010,0.00,"Ottawa-Gatineau, Ontario part",18.208.6,v44331375
2011,1.00,"Ottawa-Gatineau, Ontario part",18.208.6,v44331375
2012,0.00,"Ottawa-Gatineau, Ontario part",18.208.6,v44331375
2013,0.00,"Ottawa-Gatineau, Ontario part",18.208.6,v44331375
2014,0.00,"Ottawa-Gatineau, Ontario part",18.208.6,v44331375
2015,0.00,"Ottawa-Gatineau, Ontario part",18.208.6,v44331375
2000,..,"Kingston, Ontario",27.208.6,v44407160
2001,0.00,"Kingston, Ontario",27.208.6,v44407160
2002,0.00,"Kingston, Ontario",27.208.6,v44407160
2003,0.00,"Kingston, Ontario",27.208.6,v44407160
2004,0.00,"Kingston, Ontario",27.208.6,v44407160
2005,0.00,"Kingston, Ontario",27.208.6,v44407160
2006,0.00,"Kingston, Ontario",27.208.6,v44407160
2007,0.00,"Kingston, Ontario",27.208.6,v44407160
2008,0.00,"Kingston, Ontario",27.208.6,v44407160
2009,0.00,"Kingston, Ontario",27.208.6,v44407160
2010,0.00,"Kingston, Ontario",27.208.6,v44407160
2011,1.00,"Kingston, Ontario",27.208.6,v44407160
2012,1.00,"Kingston, Ontario",27.208.6,v44407160
2013,0.00,"Kingston, Ontario",27.208.6,v44407160
2014,0.00,"Kingston, Ontario",27.208.6,v44407160
2015,0.00,"Kingston, Ontario",27.208.6,v44407160
2005,..,"Peterborough, Ontario",44.208.6,v52126028
2006,0.00,"Peterborough, Ontario",44.208.6,v52126028
2007,0.00,"Peterborough, Ontario",44.208.6,v52126028
2008,0.00,"Peterborough, Ontario",44.208.6,v52126028
2009,0.00,"Peterborough, Ontario",44.208.6,v52126028
2010,0.00,"Peterborough, Ontario",44.208.6,v52126028
2011,0.00,"Peterborough, Ontario",44.208.6,v52126028
2012,0.00,"Peterborough, Ontario",44.208.6,v52126028
2013,0.00,"Peterborough, Ontario",44.208.6,v52126028
2014,0.00,"Peterborough, Ontario",44.208.6,v52126028
2015,0.00,"Peterborough, Ontario",44.208.6,v52126028
1998,0.00,"Toronto, Ontario",19.208.6,v44348681
1999,0.00,"Toronto, Ontario",19.208.6,v44348681
2000,2.00,"Toronto, Ontario",19.208.6,v44348681
2001,0.00,"Toronto, Ontario",19.208.6,v44348681
2002,0.00,"Toronto, Ontario",19.208.6,v44348681
2003,0.00,"Toronto, Ontario",19.208.6,v44348681
2004,0.00,"Toronto, Ontario",19.208.6,v44348681
2005,1.00,"Toronto, Ontario",19.208.6,v44348681
2006,0.00,"Toronto, Ontario",19.208.6,v44348681
2007,0.00,"Toronto, Ontario",19.208.6,v44348681
2008,0.00,"Toronto, Ontario",19.208.6,v44348681
2009,23.00,"Toronto, Ontario",19.208.6,v44348681
2010,53.00,"Toronto, Ontario",19.208.6,v44348681
2011,72.00,"Toronto, Ontario",19.208.6,v44348681
2012,4.00,"Toronto, Ontario",19.208.6,v44348681
2013,0.00,"Toronto, Ontario",19.208.6,v44348681
2014,0.00,"Toronto, Ontario",19.208.6,v44348681
2015,1.00,"Toronto, Ontario",19.208.6,v44348681
1998,0.00,"Hamilton, Ontario",20.208.6,v44375737
1999,0.00,"Hamilton, Ontario",20.208.6,v44375737
2000,2.00,"Hamilton, Ontario",20.208.6,v44375737
2001,0.00,"Hamilton, Ontario",20.208.6,v44375737
2002,0.00,"Hamilton, Ontario",20.208.6,v44375737
2003,0.00,"Hamilton, Ontario",20.208.6,v44375737
2004,0.00,"Hamilton, Ontario",20.208.6,v44375737
2005,1.00,"Hamilton, Ontario",20.208.6,v44375737
2006,0.00,"Hamilton, Ontario",20.208.6,v44375737
2007,0.00,"Hamilton, Ontario",20.208.6,v44375737
2008,0.00,"Hamilton, Ontario",20.208.6,v44375737
2009,13.00,"Hamilton, Ontario",20.208.6,v44375737
2010,29.00,"Hamilton, Ontario",20.208.6,v44375737
2011,39.00,"Hamilton, Ontario",20.208.6,v44375737
2012,2.00,"Hamilton, Ontario",20.208.6,v44375737
2013,0.00,"Hamilton, Ontario",20.208.6,v44375737
2014,0.00,"Hamilton, Ontario",20.208.6,v44375737
2015,1.00,"Hamilton, Ontario",20.208.6,v44375737
2004,..,"St.Catharines-Niagara, Ontario",21.208.6,v44366187
2005,0.00,"St.Catharines-Niagara, Ontario",21.208.6,v44366187
2006,0.00,"St.Catharines-Niagara, Ontario",21.208.6,v44366187
2007,0.00,"St.Catharines-Niagara, Ontario",21.208.6,v44366187
2008,4.00,"St.Catharines-Niagara, Ontario",21.208.6,v44366187
2009,13.00,"St.Catharines-Niagara, Ontario",21.208.6,v44366187
2010,2.00,"St.Catharines-Niagara, Ontario",21.208.6,v44366187
2011,4.00,"St.Catharines-Niagara, Ontario",21.208.6,v44366187
2012,3.00,"St.Catharines-Niagara, Ontario",21.208.6,v44366187
2013,8.00,"St.Catharines-Niagara, Ontario",21.208.6,v44366187
2014,2.00,"St.Catharines-Niagara, Ontario",21.208.6,v44366187
2015,11.00,"St.Catharines-Niagara, Ontario",21.208.6,v44366187
2006,0.00,"Kitchener-Cambridge-Waterloo, Ontario",22.208.6,v62061756
2007,0.00,"Kitchener-Cambridge-Waterloo, Ontario",22.208.6,v62061756
2008,0.00,"Kitchener-Cambridge-Waterloo, Ontario",22.208.6,v62061756
2009,0.00,"Kitchener-Cambridge-Waterloo, Ontario",22.208.6,v62061756
2010,0.00,"Kitchener-Cambridge-Waterloo, Ontario",22.208.6,v62061756
2011,0.00,"Kitchener-Cambridge-Waterloo, Ontario",22.208.6,v62061756
2012,0.00,"Kitchener-Cambridge-Waterloo, Ontario",22.208.6,v62061756
2013,0.00,"Kitchener-Cambridge-Waterloo, Ontario",22.208.6,v62061756
2014,0.00,"Kitchener-Cambridge-Waterloo, Ontario",22.208.6,v62061756
2015,0.00,"Kitchener-Cambridge-Waterloo, Ontario",22.208.6,v62061756
2006,0.00,"Brantford, Ontario",45.208.6,v62134206
2007,0.00,"Brantford, Ontario",45.208.6,v62134206
2008,0.00,"Brantford, Ontario",45.208.6,v62134206
2009,0.00,"Brantford, Ontario",45.208.6,v62134206
2010,0.00,"Brantford, Ontario",45.208.6,v62134206
2011,0.00,"Brantford, Ontario",45.208.6,v62134206
2012,0.00,"Brantford, Ontario",45.208.6,v62134206
2013,0.00,"Brantford, Ontario",45.208.6,v62134206
2014,0.00,"Brantford, Ontario",45.208.6,v62134206
2015,0.00,"Brantford, Ontario",45.208.6,v62134206
2006,0.00,"Guelph, Ontario",46.208.6,v62137356
2007,0.00,"Guelph, Ontario",46.208.6,v62137356
2008,0.00,"Guelph, Ontario",46.208.6,v62137356
2009,0.00,"Guelph, Ontario",46.208.6,v62137356
2010,0.00,"Guelph, Ontario",46.208.6,v62137356
2011,0.00,"Guelph, Ontario",46.208.6,v62137356
2012,0.00,"Guelph, Ontario",46.208.6,v62137356
2013,0.00,"Guelph, Ontario",46.208.6,v62137356
2014,0.00,"Guelph, Ontario",46.208.6,v62137356
2015,0.00,"Guelph, Ontario",46.208.6,v62137356
1998,1.00,"London, Ontario",23.208.6,v44382067
1999,..,"London, Ontario",23.208.6,v44382067
2000,..,"London, Ontario",23.208.6,v44382067
2001,..,"London, Ontario",23.208.6,v44382067
2002,..,"London, Ontario",23.208.6,v44382067
2003,..,"London, Ontario",23.208.6,v44382067
2004,..,"London, Ontario",23.208.6,v44382067
2005,..,"London, Ontario",23.208.6,v44382067
2006,0.00,"London, Ontario",23.208.6,v44382067
2007,0.00,"London, Ontario",23.208.6,v44382067
2008,0.00,"London, Ontario",23.208.6,v44382067
2009,0.00,"London, Ontario",23.208.6,v44382067
2010,0.00,"London, Ontario",23.208.6,v44382067
2011,0.00,"London, Ontario",23.208.6,v44382067
2012,0.00,"London, Ontario",23.208.6,v44382067
2013,0.00,"London, Ontario",23.208.6,v44382067
2014,2.00,"London, Ontario",23.208.6,v44382067
2015,0.00,"London, Ontario",23.208.6,v44382067
1998,4.00,"Windsor, Ontario",24.208.6,v44373512
1999,0.00,"Windsor, Ontario",24.208.6,v44373512
2000,0.00,"Windsor, Ontario",24.208.6,v44373512
2001,0.00,"Windsor, Ontario",24.208.6,v44373512
2002,..,"Windsor, Ontario",24.208.6,v44373512
2003,1.00,"Windsor, Ontario",24.208.6,v44373512
2004,2.00,"Windsor, Ontario",24.208.6,v44373512
2005,1.00,"Windsor, Ontario",24.208.6,v44373512
2006,1.00,"Windsor, Ontario",24.208.6,v44373512
2007,0.00,"Windsor, Ontario",24.208.6,v44373512
2008,0.00,"Windsor, Ontario",24.208.6,v44373512
2009,1.00,"Windsor, Ontario",24.208.6,v44373512
2010,0.00,"Windsor, Ontario",24.208.6,v44373512
2011,8.00,"Windsor, Ontario",24.208.6,v44373512
2012,0.00,"Windsor, Ontario",24.208.6,v44373512
2013,21.00,"Windsor, Ontario",24.208.6,v44373512
2014,12.00,"Windsor, Ontario",24.208.6,v44373512
2015,12.00,"Windsor, Ontario",24.208.6,v44373512
2005,..,"Barrie, Ontario",47.208.6,v52146539
2006,15.00,"Barrie, Ontario",47.208.6,v52146539
2007,1.00,"Barrie, Ontario",47.208.6,v52146539
2008,2.00,"Barrie, Ontario",47.208.6,v52146539
2009,11.00,"Barrie, Ontario",47.208.6,v52146539
2010,5.00,"Barrie, Ontario",47.208.6,v52146539
2011,37.00,"Barrie, Ontario",47.208.6,v52146539
2012,106.00,"Barrie, Ontario",47.208.6,v52146539
2013,73.00,"Barrie, Ontario",47.208.6,v52146539
2014,32.00,"Barrie, Ontario",47.208.6,v52146539
2015,3.00,"Barrie, Ontario",47.208.6,v52146539
2002,..,"Sudbury, Ontario",25.208.6,v44378643
2003,0.00,"Sudbury, Ontario",25.208.6,v44378643
2004,..,"Sudbury, Ontario",25.208.6,v44378643
2005,..,"Sudbury, Ontario",25.208.6,v44378643
2006,0.00,"Sudbury, Ontario",25.208.6,v44378643
2007,0.00,"Sudbury, Ontario",25.208.6,v44378643
2008,0.00,"Sudbury, Ontario",25.208.6,v44378643
2009,0.00,"Sudbury, Ontario",25.208.6,v44378643
2010,0.00,"Sudbury, Ontario",25.208.6,v44378643
2011,0.00,"Sudbury, Ontario",25.208.6,v44378643
2012,0.00,"Sudbury, Ontario",25.208.6,v44378643
2013,0.00,"Sudbury, Ontario",25.208.6,v44378643
2014,0.00,"Sudbury, Ontario",25.208.6,v44378643
2015,0.00,"Sudbury, Ontario",25.208.6,v44378643
1998,0.00,"Thunder Bay, Ontario",26.208.6,v44335019
1999,1.00,"Thunder Bay, Ontario",26.208.6,v44335019
2000,1.00,"Thunder Bay, Ontario",26.208.6,v44335019
2001,0.00,"Thunder Bay, Ontario",26.208.6,v44335019
2002,4.00,"Thunder Bay, Ontario",26.208.6,v44335019
2003,3.00,"Thunder Bay, Ontario",26.208.6,v44335019
2004,3.00,"Thunder Bay, Ontario",26.208.6,v44335019
2005,6.00,"Thunder Bay, Ontario",26.208.6,v44335019
2006,6.00,"Thunder Bay, Ontario",26.208.6,v44335019
2007,0.00,"Thunder Bay, Ontario",26.208.6,v44335019
2008,0.00,"Thunder Bay, Ontario",26.208.6,v44335019
2009,0.00,"Thunder Bay, Ontario",26.208.6,v44335019
2010,0.00,"Thunder Bay, Ontario",26.208.6,v44335019
2011,0.00,"Thunder Bay, Ontario",26.208.6,v44335019
2012,0.00,"Thunder Bay, Ontario",26.208.6,v44335019
2013,0.00,"Thunder Bay, Ontario",26.208.6,v44335019
2014,0.00,"Thunder Bay, Ontario",26.208.6,v44335019
2015,0.00,"Thunder Bay, Ontario",26.208.6,v44335019
1998,7.00,"Manitoba",28.208.6,v44390149
1999,8.00,"Manitoba",28.208.6,v44390149
2000,8.00,"Manitoba",28.208.6,v44390149
2001,2.00,"Manitoba",28.208.6,v44390149
2002,2.00,"Manitoba",28.208.6,v44390149
2003,1.00,"Manitoba",28.208.6,v44390149
2004,0.00,"Manitoba",28.208.6,v44390149
2005,5.00,"Manitoba",28.208.6,v44390149
2006,6.00,"Manitoba",28.208.6,v44390149
2007,11.00,"Manitoba",28.208.6,v44390149
2008,12.00,"Manitoba",28.208.6,v44390149
2009,24.00,"Manitoba",28.208.6,v44390149
2010,47.00,"Manitoba",28.208.6,v44390149
2011,25.00,"Manitoba",28.208.6,v44390149
2012,30.00,"Manitoba",28.208.6,v44390149
2013,12.00,"Manitoba",28.208.6,v44390149
2014,2.00,"Manitoba",28.208.6,v44390149
2015,5.00,"Manitoba",28.208.6,v44390149
1998,0.00,"Winnipeg, Manitoba",29.208.6,v44402036
1999,..,"Winnipeg, Manitoba",29.208.6,v44402036
2000,..,"Winnipeg, Manitoba",29.208.6,v44402036
2001,..,"Winnipeg, Manitoba",29.208.6,v44402036
2002,..,"Winnipeg, Manitoba",29.208.6,v44402036
2003,..,"Winnipeg, Manitoba",29.208.6,v44402036
2004,..,"Winnipeg, Manitoba",29.208.6,v44402036
2005,..,"Winnipeg, Manitoba",29.208.6,v44402036
2006,0.00,"Winnipeg, Manitoba",29.208.6,v44402036
2007,0.00,"Winnipeg, Manitoba",29.208.6,v44402036
2008,0.00,"Winnipeg, Manitoba",29.208.6,v44402036
2009,1.00,"Winnipeg, Manitoba",29.208.6,v44402036
2010,0.00,"Winnipeg, Manitoba",29.208.6,v44402036
2011,0.00,"Winnipeg, Manitoba",29.208.6,v44402036
2012,0.00,"Winnipeg, Manitoba",29.208.6,v44402036
2013,3.00,"Winnipeg, Manitoba",29.208.6,v44402036
2014,0.00,"Winnipeg, Manitoba",29.208.6,v44402036
2015,0.00,"Winnipeg, Manitoba",29.208.6,v44402036
1998,213.00,"Saskatchewan",30.208.6,v44409339
1999,98.00,"Saskatchewan",30.208.6,v44409339
2000,79.00,"Saskatchewan",30.208.6,v44409339
2001,68.00,"Saskatchewan",30.208.6,v44409339
2002,3.00,"Saskatchewan",30.208.6,v44409339
2003,36.00,"Saskatchewan",30.208.6,v44409339
2004,13.00,"Saskatchewan",30.208.6,v44409339
2005,3.00,"Saskatchewan",30.208.6,v44409339
2006,2.00,"Saskatchewan",30.208.6,v44409339
2007,5.00,"Saskatchewan",30.208.6,v44409339
2008,2.00,"Saskatchewan",30.208.6,v44409339
2009,7.00,"Saskatchewan",30.208.6,v44409339
2010,7.00,"Saskatchewan",30.208.6,v44409339
2011,12.00,"Saskatchewan",30.208.6,v44409339
2012,11.00,"Saskatchewan",30.208.6,v44409339
2013,1.00,"Saskatchewan",30.208.6,v44409339
2014,1.00,"Saskatchewan",30.208.6,v44409339
2015,6.00,"Saskatchewan",30.208.6,v44409339
1998,1.00,"Regina, Saskatchewan",31.208.6,v44398391
1999,1.00,"Regina, Saskatchewan",31.208.6,v44398391
2000,0.00,"Regina, Saskatchewan",31.208.6,v44398391
2001,0.00,"Regina, Saskatchewan",31.208.6,v44398391
2002,0.00,"Regina, Saskatchewan",31.208.6,v44398391
2003,6.00,"Regina, Saskatchewan",31.208.6,v44398391
2004,0.00,"Regina, Saskatchewan",31.208.6,v44398391
2005,2.00,"Regina, Saskatchewan",31.208.6,v44398391
2006,1.00,"Regina, Saskatchewan",31.208.6,v44398391
2007,0.00,"Regina, Saskatchewan",31.208.6,v44398391
2008,0.00,"Regina, Saskatchewan",31.208.6,v44398391
2009,0.00,"Regina, Saskatchewan",31.208.6,v44398391
2010,0.00,"Regina, Saskatchewan",31.208.6,v44398391
2011,0.00,"Regina, Saskatchewan",31.208.6,v44398391
2012,0.00,"Regina, Saskatchewan",31.208.6,v44398391
2013,0.00,"Regina, Saskatchewan",31.208.6,v44398391
2014,0.00,"Regina, Saskatchewan",31.208.6,v44398391
2015,0.00,"Regina, Saskatchewan",31.208.6,v44398391
1998,..,"Saskatoon, Saskatchewan",32.208.6,v44410125
1999,0.00,"Saskatoon, Saskatchewan",32.208.6,v44410125
2000,..,"Saskatoon, Saskatchewan",32.208.6,v44410125
2001,..,"Saskatoon, Saskatchewan",32.208.6,v44410125
2002,..,"Saskatoon, Saskatchewan",32.208.6,v44410125
2003,..,"Saskatoon, Saskatchewan",32.208.6,v44410125
2004,0.00,"Saskatoon, Saskatchewan",32.208.6,v44410125
2005,..,"Saskatoon, Saskatchewan",32.208.6,v44410125
2006,0.00,"Saskatoon, Saskatchewan",32.208.6,v44410125
2007,0.00,"Saskatoon, Saskatchewan",32.208.6,v44410125
2008,0.00,"Saskatoon, Saskatchewan",32.208.6,v44410125
2009,1.00,"Saskatoon, Saskatchewan",32.208.6,v44410125
2010,0.00,"Saskatoon, Saskatchewan",32.208.6,v44410125
2011,1.00,"Saskatoon, Saskatchewan",32.208.6,v44410125
2012,8.00,"Saskatoon, Saskatchewan",32.208.6,v44410125
2013,0.00,"Saskatoon, Saskatchewan",32.208.6,v44410125
2014,0.00,"Saskatoon, Saskatchewan",32.208.6,v44410125
2015,0.00,"Saskatoon, Saskatchewan",32.208.6,v44410125
1998,12.00,"Alberta",33.208.6,v44392647
1999,6.00,"Alberta",33.208.6,v44392647
2000,1.00,"Alberta",33.208.6,v44392647
2001,12.00,"Alberta",33.208.6,v44392647
2002,70.00,"Alberta",33.208.6,v44392647
2003,100.00,"Alberta",33.208.6,v44392647
2004,47.00,"Alberta",33.208.6,v44392647
2005,10.00,"Alberta",33.208.6,v44392647
2006,9.00,"Alberta",33.208.6,v44392647
2007,21.00,"Alberta",33.208.6,v44392647
2008,47.00,"Alberta",33.208.6,v44392647
2009,7.00,"Alberta",33.208.6,v44392647
2010,5.00,"Alberta",33.208.6,v44392647
2011,7.00,"Alberta",33.208.6,v44392647
2012,13.00,"Alberta",33.208.6,v44392647
2013,8.00,"Alberta",33.208.6,v44392647
2014,56.00,"Alberta",33.208.6,v44392647
2015,6.00,"Alberta",33.208.6,v44392647
1998,0.00,"Calgary, Alberta",34.208.6,v44354972
1999,..,"Calgary, Alberta",34.208.6,v44354972
2000,0.00,"Calgary, Alberta",34.208.6,v44354972
2001,1.00,"Calgary, Alberta",34.208.6,v44354972
2002,..,"Calgary, Alberta",34.208.6,v44354972
2003,4.00,"Calgary, Alberta",34.208.6,v44354972
2004,..,"Calgary, Alberta",34.208.6,v44354972
2005,..,"Calgary, Alberta",34.208.6,v44354972
2006,3.00,"Calgary, Alberta",34.208.6,v44354972
2007,15.00,"Calgary, Alberta",34.208.6,v44354972
2008,44.00,"Calgary, Alberta",34.208.6,v44354972
2009,2.00,"Calgary, Alberta",34.208.6,v44354972
2010,3.00,"Calgary, Alberta",34.208.6,v44354972
2011,4.00,"Calgary, Alberta",34.208.6,v44354972
2012,3.00,"Calgary, Alberta",34.208.6,v44354972
2013,2.00,"Calgary, Alberta",34.208.6,v44354972
2014,3.00,"Calgary, Alberta",34.208.6,v44354972
2015,0.00,"Calgary, Alberta",34.208.6,v44354972
1998,1.00,"Edmonton, Alberta",35.208.6,v44355918
1999,1.00,"Edmonton, Alberta",35.208.6,v44355918
2000,0.00,"Edmonton, Alberta",35.208.6,v44355918
2001,1.00,"Edmonton, Alberta",35.208.6,v44355918
2002,0.00,"Edmonton, Alberta",35.208.6,v44355918
2003,0.00,"Edmonton, Alberta",35.208.6,v44355918
2004,10.00,"Edmonton, Alberta",35.208.6,v44355918
2005,1.00,"Edmonton, Alberta",35.208.6,v44355918
2006,0.00,"Edmonton, Alberta",35.208.6,v44355918
2007,2.00,"Edmonton, Alberta",35.208.6,v44355918
2008,1.00,"Edmonton, Alberta",35.208.6,v44355918
2009,1.00,"Edmonton, Alberta",35.208.6,v44355918
2010,0.00,"Edmonton, Alberta",35.208.6,v44355918
2011,0.00,"Edmonton, Alberta",35.208.6,v44355918
2012,1.00,"Edmonton, Alberta",35.208.6,v44355918
2013,0.00,"Edmonton, Alberta",35.208.6,v44355918
2014,0.00,"Edmonton, Alberta",35.208.6,v44355918
2015,1.00,"Edmonton, Alberta",35.208.6,v44355918
1998,1811.00,"British Columbia",36.208.6,v44372224
1999,1448.00,"British Columbia",36.208.6,v44372224
2000,1216.00,"British Columbia",36.208.6,v44372224
2001,1020.00,"British Columbia",36.208.6,v44372224
2002,901.00,"British Columbia",36.208.6,v44372224
2003,494.00,"British Columbia",36.208.6,v44372224
2004,394.00,"British Columbia",36.208.6,v44372224
2005,428.00,"British Columbia",36.208.6,v44372224
2006,704.00,"British Columbia",36.208.6,v44372224
2007,610.00,"British Columbia",36.208.6,v44372224
2008,586.00,"British Columbia",36.208.6,v44372224
2009,642.00,"British Columbia",36.208.6,v44372224
2010,1273.00,"British Columbia",36.208.6,v44372224
2011,1873.00,"British Columbia",36.208.6,v44372224
2012,2088.00,"British Columbia",36.208.6,v44372224
2013,2258.00,"British Columbia",36.208.6,v44372224
2014,1693.00,"British Columbia",36.208.6,v44372224
2015,1806.00,"British Columbia",36.208.6,v44372224
2005,..,"Kelowna, British Columbia",48.208.6,v52145975
2006,1.00,"Kelowna, British Columbia",48.208.6,v52145975
2007,1.00,"Kelowna, British Columbia",48.208.6,v52145975
2008,1.00,"Kelowna, British Columbia",48.208.6,v52145975
2009,3.00,"Kelowna, British Columbia",48.208.6,v52145975
2010,79.00,"Kelowna, British Columbia",48.208.6,v52145975
2011,181.00,"Kelowna, British Columbia",48.208.6,v52145975
2012,335.00,"Kelowna, British Columbia",48.208.6,v52145975
2013,562.00,"Kelowna, British Columbia",48.208.6,v52145975
2014,530.00,"Kelowna, British Columbia",48.208.6,v52145975
2015,260.00,"Kelowna, British Columbia",48.208.6,v52145975
2000,..,"Abbotsford-Mission, British Columbia",39.208.6,v44389572
2001,0.00,"Abbotsford-Mission, British Columbia",39.208.6,v44389572
2002,0.00,"Abbotsford-Mission, British Columbia",39.208.6,v44389572
2003,0.00,"Abbotsford-Mission, British Columbia",39.208.6,v44389572
2004,0.00,"Abbotsford-Mission, British Columbia",39.208.6,v44389572
2005,0.00,"Abbotsford-Mission, British Columbia",39.208.6,v44389572
2006,0.00,"Abbotsford-Mission, British Columbia",39.208.6,v44389572
2007,0.00,"Abbotsford-Mission, British Columbia",39.208.6,v44389572
2008,0.00,"Abbotsford-Mission, British Columbia",39.208.6,v44389572
2009,0.00,"Abbotsford-Mission, British Columbia",39.208.6,v44389572
2010,0.00,"Abbotsford-Mission, British Columbia",39.208.6,v44389572
2011,18.00,"Abbotsford-Mission, British Columbia",39.208.6,v44389572
2012,4.00,"Abbotsford-Mission, British Columbia",39.208.6,v44389572
2013,0.00,"Abbotsford-Mission, British Columbia",39.208.6,v44389572
2014,1.00,"Abbotsford-Mission, British Columbia",39.208.6,v44389572
2015,0.00,"Abbotsford-Mission, British Columbia",39.208.6,v44389572
1998,219.00,"Vancouver, British Columbia",37.208.6,v44327049
1999,101.00,"Vancouver, British Columbia",37.208.6,v44327049
2000,9.00,"Vancouver, British Columbia",37.208.6,v44327049
2001,24.00,"Vancouver, British Columbia",37.208.6,v44327049
2002,2.00,"Vancouver, British Columbia",37.208.6,v44327049
2003,5.00,"Vancouver, British Columbia",37.208.6,v44327049
2004,18.00,"Vancouver, British Columbia",37.208.6,v44327049
2005,4.00,"Vancouver, British Columbia",37.208.6,v44327049
2006,28.00,"Vancouver, British Columbia",37.208.6,v44327049
2007,52.00,"Vancouver, British Columbia",37.208.6,v44327049
2008,53.00,"Vancouver, British Columbia",37.208.6,v44327049
2009,46.00,"Vancouver, British Columbia",37.208.6,v44327049
2010,71.00,"Vancouver, British Columbia",37.208.6,v44327049
2011,77.00,"Vancouver, British Columbia",37.208.6,v44327049
2012,75.00,"Vancouver, British Columbia",37.208.6,v44327049
2013,195.00,"Vancouver, British Columbia",37.208.6,v44327049
2014,178.00,"Vancouver, British Columbia",37.208.6,v44327049
2015,217.00,"Vancouver, British Columbia",37.208.6,v44327049
1998,60.00,"Victoria, British Columbia",38.208.6,v44339816
1999,49.00,"Victoria, British Columbia",38.208.6,v44339816
2000,32.00,"Victoria, British Columbia",38.208.6,v44339816
2001,28.00,"Victoria, British Columbia",38.208.6,v44339816
2002,1.00,"Victoria, British Columbia",38.208.6,v44339816
2003,1.00,"Victoria, British Columbia",38.208.6,v44339816
2004,0.00,"Victoria, British Columbia",38.208.6,v44339816
2005,0.00,"Victoria, British Columbia",38.208.6,v44339816
2006,1.00,"Victoria, British Columbia",38.208.6,v44339816
2007,1.00,"Victoria, British Columbia",38.208.6,v44339816
2008,4.00,"Victoria, British Columbia",38.208.6,v44339816
2009,252.00,"Victoria, British Columbia",38.208.6,v44339816
2010,358.00,"Victoria, British Columbia",38.208.6,v44339816
2011,256.00,"Victoria, British Columbia",38.208.6,v44339816
2012,339.00,"Victoria, British Columbia",38.208.6,v44339816
2013,306.00,"Victoria, British Columbia",38.208.6,v44339816
2014,266.00,"Victoria, British Columbia",38.208.6,v44339816
2015,240.00,"Victoria, British Columbia",38.208.6,v44339816
1998,24.00,"Yukon",40.208.6,v44397781
1999,1.00,"Yukon",40.208.6,v44397781
2000,1.00,"Yukon",40.208.6,v44397781
2001,1.00,"Yukon",40.208.6,v44397781
2002,..,"Yukon",40.208.6,v44397781
2003,..,"Yukon",40.208.6,v44397781
2004,..,"Yukon",40.208.6,v44397781
2005,..,"Yukon",40.208.6,v44397781
2006,0.00,"Yukon",40.208.6,v44397781
2007,0.00,"Yukon",40.208.6,v44397781
2008,0.00,"Yukon",40.208.6,v44397781
2009,0.00,"Yukon",40.208.6,v44397781
2010,0.00,"Yukon",40.208.6,v44397781
2011,0.00,"Yukon",40.208.6,v44397781
2012,1.00,"Yukon",40.208.6,v44397781
2013,0.00,"Yukon",40.208.6,v44397781
2014,0.00,"Yukon",40.208.6,v44397781
2015,0.00,"Yukon",40.208.6,v44397781
1998,0.00,"Northwest Territories",41.208.6,v44388611
1999,5.00,"Northwest Territories",41.208.6,v44388611
2000,3.00,"Northwest Territories",41.208.6,v44388611
2001,7.00,"Northwest Territories",41.208.6,v44388611
2002,0.00,"Northwest Territories",41.208.6,v44388611
2003,..,"Northwest Territories",41.208.6,v44388611
2004,0.00,"Northwest Territories",41.208.6,v44388611
2005,0.00,"Northwest Territories",41.208.6,v44388611
2006,4.00,"Northwest Territories",41.208.6,v44388611
2007,1.00,"Northwest Territories",41.208.6,v44388611
2008,1.00,"Northwest Territories",41.208.6,v44388611
2009,0.00,"Northwest Territories",41.208.6,v44388611
2010,4.00,"Northwest Territories",41.208.6,v44388611
2011,0.00,"Northwest Territories",41.208.6,v44388611
2012,0.00,"Northwest Territories",41.208.6,v44388611
2013,5.00,"Northwest Territories",41.208.6,v44388611
2014,0.00,"Northwest Territories",41.208.6,v44388611
2015,0.00,"Northwest Territories",41.208.6,v44388611
1998,..,"Nunavut",42.208.6,v44367032
1999,0.00,"Nunavut",42.208.6,v44367032
2000,1.00,"Nunavut",42.208.6,v44367032
2001,0.00,"Nunavut",42.208.6,v44367032
2002,..,"Nunavut",42.208.6,v44367032
2003,0.00,"Nunavut",42.208.6,v44367032
2004,0.00,"Nunavut",42.208.6,v44367032
2005,0.00,"Nunavut",42.208.6,v44367032
2006,0.00,"Nunavut",42.208.6,v44367032
2007,0.00,"Nunavut",42.208.6,v44367032
2008,0.00,"Nunavut",42.208.6,v44367032
2009,1.00,"Nunavut",42.208.6,v44367032
2010,0.00,"Nunavut",42.208.6,v44367032
2011,0.00,"Nunavut",42.208.6,v44367032
2012,1.00,"Nunavut",42.208.6,v44367032
2013,0.00,"Nunavut",42.208.6,v44367032
2014,0.00,"Nunavut",42.208.6,v44367032
2015,0.00,"Nunavut",42.208.6,v44367032
