1998,18.00,"Canada",1.208.11,v44387148
1999,15.00,"Canada",1.208.11,v44387148
2000,20.00,"Canada",1.208.11,v44387148
2001,83.00,"Canada",1.208.11,v44387148
2002,111.00,"Canada",1.208.11,v44387148
2003,93.00,"Canada",1.208.11,v44387148
2004,61.00,"Canada",1.208.11,v44387148
2005,59.00,"Canada",1.208.11,v44387148
2006,62.00,"Canada",1.208.11,v44387148
2007,53.00,"Canada",1.208.11,v44387148
2008,45.00,"Canada",1.208.11,v44387148
2009,34.00,"Canada",1.208.11,v44387148
2010,27.00,"Canada",1.208.11,v44387148
2011,32.00,"Canada",1.208.11,v44387148
2012,43.00,"Canada",1.208.11,v44387148
2013,39.00,"Canada",1.208.11,v44387148
2014,34.00,"Canada",1.208.11,v44387148
2015,32.00,"Canada",1.208.11,v44387148
1998,0.00,"Newfoundland and Labrador",2.208.11,v44416810
1999,0.00,"Newfoundland and Labrador",2.208.11,v44416810
2000,0.00,"Newfoundland and Labrador",2.208.11,v44416810
2001,1.00,"Newfoundland and Labrador",2.208.11,v44416810
2002,0.00,"Newfoundland and Labrador",2.208.11,v44416810
2003,0.00,"Newfoundland and Labrador",2.208.11,v44416810
2004,0.00,"Newfoundland and Labrador",2.208.11,v44416810
2005,0.00,"Newfoundland and Labrador",2.208.11,v44416810
2006,0.00,"Newfoundland and Labrador",2.208.11,v44416810
2007,0.00,"Newfoundland and Labrador",2.208.11,v44416810
2008,0.00,"Newfoundland and Labrador",2.208.11,v44416810
2009,0.00,"Newfoundland and Labrador",2.208.11,v44416810
2010,0.00,"Newfoundland and Labrador",2.208.11,v44416810
2011,0.00,"Newfoundland and Labrador",2.208.11,v44416810
2012,0.00,"Newfoundland and Labrador",2.208.11,v44416810
2013,0.00,"Newfoundland and Labrador",2.208.11,v44416810
2014,0.00,"Newfoundland and Labrador",2.208.11,v44416810
2015,0.00,"Newfoundland and Labrador",2.208.11,v44416810
1998,0.00,"St. John's, Newfoundland and Labrador",3.208.11,v44409333
1999,0.00,"St. John's, Newfoundland and Labrador",3.208.11,v44409333
2000,0.00,"St. John's, Newfoundland and Labrador",3.208.11,v44409333
2001,..,"St. John's, Newfoundland and Labrador",3.208.11,v44409333
2002,..,"St. John's, Newfoundland and Labrador",3.208.11,v44409333
2003,..,"St. John's, Newfoundland and Labrador",3.208.11,v44409333
2004,..,"St. John's, Newfoundland and Labrador",3.208.11,v44409333
2005,0.00,"St. John's, Newfoundland and Labrador",3.208.11,v44409333
2006,0.00,"St. John's, Newfoundland and Labrador",3.208.11,v44409333
2007,0.00,"St. John's, Newfoundland and Labrador",3.208.11,v44409333
2008,0.00,"St. John's, Newfoundland and Labrador",3.208.11,v44409333
2009,0.00,"St. John's, Newfoundland and Labrador",3.208.11,v44409333
2010,0.00,"St. John's, Newfoundland and Labrador",3.208.11,v44409333
2011,0.00,"St. John's, Newfoundland and Labrador",3.208.11,v44409333
2012,0.00,"St. John's, Newfoundland and Labrador",3.208.11,v44409333
2013,0.00,"St. John's, Newfoundland and Labrador",3.208.11,v44409333
2014,0.00,"St. John's, Newfoundland and Labrador",3.208.11,v44409333
2015,0.00,"St. John's, Newfoundland and Labrador",3.208.11,v44409333
1998,0.00,"Prince Edward Island",4.208.11,v44413855
1999,0.00,"Prince Edward Island",4.208.11,v44413855
2000,0.00,"Prince Edward Island",4.208.11,v44413855
2001,0.00,"Prince Edward Island",4.208.11,v44413855
2002,0.00,"Prince Edward Island",4.208.11,v44413855
2003,1.00,"Prince Edward Island",4.208.11,v44413855
2004,0.00,"Prince Edward Island",4.208.11,v44413855
2005,0.00,"Prince Edward Island",4.208.11,v44413855
2006,0.00,"Prince Edward Island",4.208.11,v44413855
2007,0.00,"Prince Edward Island",4.208.11,v44413855
2008,0.00,"Prince Edward Island",4.208.11,v44413855
2009,0.00,"Prince Edward Island",4.208.11,v44413855
2010,0.00,"Prince Edward Island",4.208.11,v44413855
2011,0.00,"Prince Edward Island",4.208.11,v44413855
2012,0.00,"Prince Edward Island",4.208.11,v44413855
2013,0.00,"Prince Edward Island",4.208.11,v44413855
2014,0.00,"Prince Edward Island",4.208.11,v44413855
2015,0.00,"Prince Edward Island",4.208.11,v44413855
1998,0.00,"Nova Scotia",5.208.11,v44417733
1999,0.00,"Nova Scotia",5.208.11,v44417733
2000,0.00,"Nova Scotia",5.208.11,v44417733
2001,0.00,"Nova Scotia",5.208.11,v44417733
2002,0.00,"Nova Scotia",5.208.11,v44417733
2003,0.00,"Nova Scotia",5.208.11,v44417733
2004,0.00,"Nova Scotia",5.208.11,v44417733
2005,0.00,"Nova Scotia",5.208.11,v44417733
2006,0.00,"Nova Scotia",5.208.11,v44417733
2007,0.00,"Nova Scotia",5.208.11,v44417733
2008,0.00,"Nova Scotia",5.208.11,v44417733
2009,0.00,"Nova Scotia",5.208.11,v44417733
2010,0.00,"Nova Scotia",5.208.11,v44417733
2011,0.00,"Nova Scotia",5.208.11,v44417733
2012,0.00,"Nova Scotia",5.208.11,v44417733
2013,0.00,"Nova Scotia",5.208.11,v44417733
2014,0.00,"Nova Scotia",5.208.11,v44417733
2015,0.00,"Nova Scotia",5.208.11,v44417733
1998,0.00,"Halifax, Nova Scotia",6.208.11,v44334088
1999,0.00,"Halifax, Nova Scotia",6.208.11,v44334088
2000,0.00,"Halifax, Nova Scotia",6.208.11,v44334088
2001,0.00,"Halifax, Nova Scotia",6.208.11,v44334088
2002,0.00,"Halifax, Nova Scotia",6.208.11,v44334088
2003,0.00,"Halifax, Nova Scotia",6.208.11,v44334088
2004,0.00,"Halifax, Nova Scotia",6.208.11,v44334088
2005,0.00,"Halifax, Nova Scotia",6.208.11,v44334088
2006,0.00,"Halifax, Nova Scotia",6.208.11,v44334088
2007,0.00,"Halifax, Nova Scotia",6.208.11,v44334088
2008,0.00,"Halifax, Nova Scotia",6.208.11,v44334088
2009,0.00,"Halifax, Nova Scotia",6.208.11,v44334088
2010,0.00,"Halifax, Nova Scotia",6.208.11,v44334088
2011,0.00,"Halifax, Nova Scotia",6.208.11,v44334088
2012,0.00,"Halifax, Nova Scotia",6.208.11,v44334088
2013,0.00,"Halifax, Nova Scotia",6.208.11,v44334088
2014,0.00,"Halifax, Nova Scotia",6.208.11,v44334088
2015,0.00,"Halifax, Nova Scotia",6.208.11,v44334088
1998,0.00,"New Brunswick",7.208.11,v44350427
1999,1.00,"New Brunswick",7.208.11,v44350427
2000,0.00,"New Brunswick",7.208.11,v44350427
2001,0.00,"New Brunswick",7.208.11,v44350427
2002,0.00,"New Brunswick",7.208.11,v44350427
2003,0.00,"New Brunswick",7.208.11,v44350427
2004,0.00,"New Brunswick",7.208.11,v44350427
2005,0.00,"New Brunswick",7.208.11,v44350427
2006,0.00,"New Brunswick",7.208.11,v44350427
2007,0.00,"New Brunswick",7.208.11,v44350427
2008,0.00,"New Brunswick",7.208.11,v44350427
2009,0.00,"New Brunswick",7.208.11,v44350427
2010,0.00,"New Brunswick",7.208.11,v44350427
2011,0.00,"New Brunswick",7.208.11,v44350427
2012,0.00,"New Brunswick",7.208.11,v44350427
2013,0.00,"New Brunswick",7.208.11,v44350427
2014,0.00,"New Brunswick",7.208.11,v44350427
2015,0.00,"New Brunswick",7.208.11,v44350427
2006,0.00,"Moncton, New Brunswick",43.208.11,v62127911
2007,0.00,"Moncton, New Brunswick",43.208.11,v62127911
2008,0.00,"Moncton, New Brunswick",43.208.11,v62127911
2009,0.00,"Moncton, New Brunswick",43.208.11,v62127911
2010,0.00,"Moncton, New Brunswick",43.208.11,v62127911
2011,0.00,"Moncton, New Brunswick",43.208.11,v62127911
2012,0.00,"Moncton, New Brunswick",43.208.11,v62127911
2013,0.00,"Moncton, New Brunswick",43.208.11,v62127911
2014,0.00,"Moncton, New Brunswick",43.208.11,v62127911
2015,0.00,"Moncton, New Brunswick",43.208.11,v62127911
1998,0.00,"Saint John, New Brunswick",8.208.11,v44356840
1999,0.00,"Saint John, New Brunswick",8.208.11,v44356840
2000,0.00,"Saint John, New Brunswick",8.208.11,v44356840
2001,0.00,"Saint John, New Brunswick",8.208.11,v44356840
2002,0.00,"Saint John, New Brunswick",8.208.11,v44356840
2003,0.00,"Saint John, New Brunswick",8.208.11,v44356840
2004,0.00,"Saint John, New Brunswick",8.208.11,v44356840
2005,0.00,"Saint John, New Brunswick",8.208.11,v44356840
2006,0.00,"Saint John, New Brunswick",8.208.11,v44356840
2007,0.00,"Saint John, New Brunswick",8.208.11,v44356840
2008,0.00,"Saint John, New Brunswick",8.208.11,v44356840
2009,0.00,"Saint John, New Brunswick",8.208.11,v44356840
2010,0.00,"Saint John, New Brunswick",8.208.11,v44356840
2011,0.00,"Saint John, New Brunswick",8.208.11,v44356840
2012,0.00,"Saint John, New Brunswick",8.208.11,v44356840
2013,0.00,"Saint John, New Brunswick",8.208.11,v44356840
2014,0.00,"Saint John, New Brunswick",8.208.11,v44356840
2015,0.00,"Saint John, New Brunswick",8.208.11,v44356840
1998,12.00,"Quebec",9.208.11,v44350033
1999,13.00,"Quebec",9.208.11,v44350033
2000,1.00,"Quebec",9.208.11,v44350033
2001,1.00,"Quebec",9.208.11,v44350033
2002,2.00,"Quebec",9.208.11,v44350033
2003,0.00,"Quebec",9.208.11,v44350033
2004,1.00,"Quebec",9.208.11,v44350033
2005,1.00,"Quebec",9.208.11,v44350033
2006,3.00,"Quebec",9.208.11,v44350033
2007,3.00,"Quebec",9.208.11,v44350033
2008,0.00,"Quebec",9.208.11,v44350033
2009,0.00,"Quebec",9.208.11,v44350033
2010,0.00,"Quebec",9.208.11,v44350033
2011,0.00,"Quebec",9.208.11,v44350033
2012,1.00,"Quebec",9.208.11,v44350033
2013,0.00,"Quebec",9.208.11,v44350033
2014,0.00,"Quebec",9.208.11,v44350033
2015,1.00,"Quebec",9.208.11,v44350033
1998,0.00,"Saguenay, Quebec",10.208.11,v44353021
1999,..,"Saguenay, Quebec",10.208.11,v44353021
2000,0.00,"Saguenay, Quebec",10.208.11,v44353021
2001,0.00,"Saguenay, Quebec",10.208.11,v44353021
2002,..,"Saguenay, Quebec",10.208.11,v44353021
2003,..,"Saguenay, Quebec",10.208.11,v44353021
2004,..,"Saguenay, Quebec",10.208.11,v44353021
2005,..,"Saguenay, Quebec",10.208.11,v44353021
2006,0.00,"Saguenay, Quebec",10.208.11,v44353021
2007,0.00,"Saguenay, Quebec",10.208.11,v44353021
2008,0.00,"Saguenay, Quebec",10.208.11,v44353021
2009,0.00,"Saguenay, Quebec",10.208.11,v44353021
2010,0.00,"Saguenay, Quebec",10.208.11,v44353021
2011,0.00,"Saguenay, Quebec",10.208.11,v44353021
2012,0.00,"Saguenay, Quebec",10.208.11,v44353021
2013,0.00,"Saguenay, Quebec",10.208.11,v44353021
2014,0.00,"Saguenay, Quebec",10.208.11,v44353021
2015,0.00,"Saguenay, Quebec",10.208.11,v44353021
1998,0.00,"Sherbrooke, Quebec",12.208.11,v44371453
1999,0.00,"Sherbrooke, Quebec",12.208.11,v44371453
2000,0.00,"Sherbrooke, Quebec",12.208.11,v44371453
2001,..,"Sherbrooke, Quebec",12.208.11,v44371453
2002,..,"Sherbrooke, Quebec",12.208.11,v44371453
2003,..,"Sherbrooke, Quebec",12.208.11,v44371453
2004,..,"Sherbrooke, Quebec",12.208.11,v44371453
2005,..,"Sherbrooke, Quebec",12.208.11,v44371453
2006,0.00,"Sherbrooke, Quebec",12.208.11,v44371453
2007,0.00,"Sherbrooke, Quebec",12.208.11,v44371453
2008,0.00,"Sherbrooke, Quebec",12.208.11,v44371453
2009,0.00,"Sherbrooke, Quebec",12.208.11,v44371453
2010,0.00,"Sherbrooke, Quebec",12.208.11,v44371453
2011,0.00,"Sherbrooke, Quebec",12.208.11,v44371453
2012,0.00,"Sherbrooke, Quebec",12.208.11,v44371453
2013,0.00,"Sherbrooke, Quebec",12.208.11,v44371453
2014,0.00,"Sherbrooke, Quebec",12.208.11,v44371453
2015,0.00,"Sherbrooke, Quebec",12.208.11,v44371453
1998,0.00,"Ottawa-Gatineau, Quebec part",15.208.11,v44380965
1999,0.00,"Ottawa-Gatineau, Quebec part",15.208.11,v44380965
2000,..,"Ottawa-Gatineau, Quebec part",15.208.11,v44380965
2001,0.00,"Ottawa-Gatineau, Quebec part",15.208.11,v44380965
2002,..,"Ottawa-Gatineau, Quebec part",15.208.11,v44380965
2003,..,"Ottawa-Gatineau, Quebec part",15.208.11,v44380965
2004,0.00,"Ottawa-Gatineau, Quebec part",15.208.11,v44380965
2005,..,"Ottawa-Gatineau, Quebec part",15.208.11,v44380965
2006,0.00,"Ottawa-Gatineau, Quebec part",15.208.11,v44380965
2007,0.00,"Ottawa-Gatineau, Quebec part",15.208.11,v44380965
2008,0.00,"Ottawa-Gatineau, Quebec part",15.208.11,v44380965
2009,0.00,"Ottawa-Gatineau, Quebec part",15.208.11,v44380965
2010,0.00,"Ottawa-Gatineau, Quebec part",15.208.11,v44380965
2011,0.00,"Ottawa-Gatineau, Quebec part",15.208.11,v44380965
2012,0.00,"Ottawa-Gatineau, Quebec part",15.208.11,v44380965
2013,0.00,"Ottawa-Gatineau, Quebec part",15.208.11,v44380965
2014,0.00,"Ottawa-Gatineau, Quebec part",15.208.11,v44380965
2015,0.00,"Ottawa-Gatineau, Quebec part",15.208.11,v44380965
1998,6.00,"Ontario",16.208.11,v44383073
1999,0.00,"Ontario",16.208.11,v44383073
2000,15.00,"Ontario",16.208.11,v44383073
2001,75.00,"Ontario",16.208.11,v44383073
2002,105.00,"Ontario",16.208.11,v44383073
2003,92.00,"Ontario",16.208.11,v44383073
2004,60.00,"Ontario",16.208.11,v44383073
2005,57.00,"Ontario",16.208.11,v44383073
2006,54.00,"Ontario",16.208.11,v44383073
2007,46.00,"Ontario",16.208.11,v44383073
2008,44.00,"Ontario",16.208.11,v44383073
2009,34.00,"Ontario",16.208.11,v44383073
2010,25.00,"Ontario",16.208.11,v44383073
2011,27.00,"Ontario",16.208.11,v44383073
2012,34.00,"Ontario",16.208.11,v44383073
2013,25.00,"Ontario",16.208.11,v44383073
2014,26.00,"Ontario",16.208.11,v44383073
2015,30.00,"Ontario",16.208.11,v44383073
1998,0.00,"Ottawa-Gatineau, Ontario/Quebec",17.208.11,v52149130
1999,0.00,"Ottawa-Gatineau, Ontario/Quebec",17.208.11,v52149130
2000,0.00,"Ottawa-Gatineau, Ontario/Quebec",17.208.11,v52149130
2001,1.00,"Ottawa-Gatineau, Ontario/Quebec",17.208.11,v52149130
2002,0.00,"Ottawa-Gatineau, Ontario/Quebec",17.208.11,v52149130
2003,0.00,"Ottawa-Gatineau, Ontario/Quebec",17.208.11,v52149130
2004,0.00,"Ottawa-Gatineau, Ontario/Quebec",17.208.11,v52149130
2005,0.00,"Ottawa-Gatineau, Ontario/Quebec",17.208.11,v52149130
2006,0.00,"Ottawa-Gatineau, Ontario/Quebec",17.208.11,v52149130
2007,2.00,"Ottawa-Gatineau, Ontario/Quebec",17.208.11,v52149130
2008,1.00,"Ottawa-Gatineau, Ontario/Quebec",17.208.11,v52149130
2009,1.00,"Ottawa-Gatineau, Ontario/Quebec",17.208.11,v52149130
2010,1.00,"Ottawa-Gatineau, Ontario/Quebec",17.208.11,v52149130
2011,1.00,"Ottawa-Gatineau, Ontario/Quebec",17.208.11,v52149130
2012,0.00,"Ottawa-Gatineau, Ontario/Quebec",17.208.11,v52149130
2013,1.00,"Ottawa-Gatineau, Ontario/Quebec",17.208.11,v52149130
2014,2.00,"Ottawa-Gatineau, Ontario/Quebec",17.208.11,v52149130
2015,4.00,"Ottawa-Gatineau, Ontario/Quebec",17.208.11,v52149130
1998,0.00,"Ottawa-Gatineau, Ontario part",18.208.11,v44362137
1999,0.00,"Ottawa-Gatineau, Ontario part",18.208.11,v44362137
2000,0.00,"Ottawa-Gatineau, Ontario part",18.208.11,v44362137
2001,1.00,"Ottawa-Gatineau, Ontario part",18.208.11,v44362137
2002,0.00,"Ottawa-Gatineau, Ontario part",18.208.11,v44362137
2003,0.00,"Ottawa-Gatineau, Ontario part",18.208.11,v44362137
2004,0.00,"Ottawa-Gatineau, Ontario part",18.208.11,v44362137
2005,0.00,"Ottawa-Gatineau, Ontario part",18.208.11,v44362137
2006,0.00,"Ottawa-Gatineau, Ontario part",18.208.11,v44362137
2007,2.00,"Ottawa-Gatineau, Ontario part",18.208.11,v44362137
2008,1.00,"Ottawa-Gatineau, Ontario part",18.208.11,v44362137
2009,1.00,"Ottawa-Gatineau, Ontario part",18.208.11,v44362137
2010,1.00,"Ottawa-Gatineau, Ontario part",18.208.11,v44362137
2011,1.00,"Ottawa-Gatineau, Ontario part",18.208.11,v44362137
2012,0.00,"Ottawa-Gatineau, Ontario part",18.208.11,v44362137
2013,1.00,"Ottawa-Gatineau, Ontario part",18.208.11,v44362137
2014,2.00,"Ottawa-Gatineau, Ontario part",18.208.11,v44362137
2015,4.00,"Ottawa-Gatineau, Ontario part",18.208.11,v44362137
2000,..,"Kingston, Ontario",27.208.11,v44364369
2001,0.00,"Kingston, Ontario",27.208.11,v44364369
2002,0.00,"Kingston, Ontario",27.208.11,v44364369
2003,1.00,"Kingston, Ontario",27.208.11,v44364369
2004,0.00,"Kingston, Ontario",27.208.11,v44364369
2005,0.00,"Kingston, Ontario",27.208.11,v44364369
2006,0.00,"Kingston, Ontario",27.208.11,v44364369
2007,0.00,"Kingston, Ontario",27.208.11,v44364369
2008,0.00,"Kingston, Ontario",27.208.11,v44364369
2009,0.00,"Kingston, Ontario",27.208.11,v44364369
2010,0.00,"Kingston, Ontario",27.208.11,v44364369
2011,0.00,"Kingston, Ontario",27.208.11,v44364369
2012,0.00,"Kingston, Ontario",27.208.11,v44364369
2013,1.00,"Kingston, Ontario",27.208.11,v44364369
2014,0.00,"Kingston, Ontario",27.208.11,v44364369
2015,0.00,"Kingston, Ontario",27.208.11,v44364369
2005,..,"Peterborough, Ontario",44.208.11,v52126034
2006,11.00,"Peterborough, Ontario",44.208.11,v52126034
2007,10.00,"Peterborough, Ontario",44.208.11,v52126034
2008,2.00,"Peterborough, Ontario",44.208.11,v52126034
2009,6.00,"Peterborough, Ontario",44.208.11,v52126034
2010,0.00,"Peterborough, Ontario",44.208.11,v52126034
2011,0.00,"Peterborough, Ontario",44.208.11,v52126034
2012,1.00,"Peterborough, Ontario",44.208.11,v52126034
2013,2.00,"Peterborough, Ontario",44.208.11,v52126034
2014,1.00,"Peterborough, Ontario",44.208.11,v52126034
2015,2.00,"Peterborough, Ontario",44.208.11,v52126034
1998,3.00,"Toronto, Ontario",19.208.11,v44370172
1999,0.00,"Toronto, Ontario",19.208.11,v44370172
2000,2.00,"Toronto, Ontario",19.208.11,v44370172
2001,1.00,"Toronto, Ontario",19.208.11,v44370172
2002,0.00,"Toronto, Ontario",19.208.11,v44370172
2003,0.00,"Toronto, Ontario",19.208.11,v44370172
2004,0.00,"Toronto, Ontario",19.208.11,v44370172
2005,3.00,"Toronto, Ontario",19.208.11,v44370172
2006,3.00,"Toronto, Ontario",19.208.11,v44370172
2007,2.00,"Toronto, Ontario",19.208.11,v44370172
2008,0.00,"Toronto, Ontario",19.208.11,v44370172
2009,1.00,"Toronto, Ontario",19.208.11,v44370172
2010,0.00,"Toronto, Ontario",19.208.11,v44370172
2011,1.00,"Toronto, Ontario",19.208.11,v44370172
2012,7.00,"Toronto, Ontario",19.208.11,v44370172
2013,1.00,"Toronto, Ontario",19.208.11,v44370172
2014,1.00,"Toronto, Ontario",19.208.11,v44370172
2015,1.00,"Toronto, Ontario",19.208.11,v44370172
1998,0.00,"Hamilton, Ontario",20.208.11,v44368751
1999,0.00,"Hamilton, Ontario",20.208.11,v44368751
2000,0.00,"Hamilton, Ontario",20.208.11,v44368751
2001,0.00,"Hamilton, Ontario",20.208.11,v44368751
2002,0.00,"Hamilton, Ontario",20.208.11,v44368751
2003,0.00,"Hamilton, Ontario",20.208.11,v44368751
2004,0.00,"Hamilton, Ontario",20.208.11,v44368751
2005,0.00,"Hamilton, Ontario",20.208.11,v44368751
2006,0.00,"Hamilton, Ontario",20.208.11,v44368751
2007,0.00,"Hamilton, Ontario",20.208.11,v44368751
2008,0.00,"Hamilton, Ontario",20.208.11,v44368751
2009,0.00,"Hamilton, Ontario",20.208.11,v44368751
2010,0.00,"Hamilton, Ontario",20.208.11,v44368751
2011,0.00,"Hamilton, Ontario",20.208.11,v44368751
2012,0.00,"Hamilton, Ontario",20.208.11,v44368751
2013,0.00,"Hamilton, Ontario",20.208.11,v44368751
2014,0.00,"Hamilton, Ontario",20.208.11,v44368751
2015,0.00,"Hamilton, Ontario",20.208.11,v44368751
2004,..,"St.Catharines-Niagara, Ontario",21.208.11,v44406878
2005,1.00,"St.Catharines-Niagara, Ontario",21.208.11,v44406878
2006,0.00,"St.Catharines-Niagara, Ontario",21.208.11,v44406878
2007,0.00,"St.Catharines-Niagara, Ontario",21.208.11,v44406878
2008,0.00,"St.Catharines-Niagara, Ontario",21.208.11,v44406878
2009,2.00,"St.Catharines-Niagara, Ontario",21.208.11,v44406878
2010,0.00,"St.Catharines-Niagara, Ontario",21.208.11,v44406878
2011,2.00,"St.Catharines-Niagara, Ontario",21.208.11,v44406878
2012,0.00,"St.Catharines-Niagara, Ontario",21.208.11,v44406878
2013,0.00,"St.Catharines-Niagara, Ontario",21.208.11,v44406878
2014,1.00,"St.Catharines-Niagara, Ontario",21.208.11,v44406878
2015,0.00,"St.Catharines-Niagara, Ontario",21.208.11,v44406878
2006,0.00,"Kitchener-Cambridge-Waterloo, Ontario",22.208.11,v62061761
2007,0.00,"Kitchener-Cambridge-Waterloo, Ontario",22.208.11,v62061761
2008,0.00,"Kitchener-Cambridge-Waterloo, Ontario",22.208.11,v62061761
2009,0.00,"Kitchener-Cambridge-Waterloo, Ontario",22.208.11,v62061761
2010,0.00,"Kitchener-Cambridge-Waterloo, Ontario",22.208.11,v62061761
2011,0.00,"Kitchener-Cambridge-Waterloo, Ontario",22.208.11,v62061761
2012,0.00,"Kitchener-Cambridge-Waterloo, Ontario",22.208.11,v62061761
2013,0.00,"Kitchener-Cambridge-Waterloo, Ontario",22.208.11,v62061761
2014,0.00,"Kitchener-Cambridge-Waterloo, Ontario",22.208.11,v62061761
2015,0.00,"Kitchener-Cambridge-Waterloo, Ontario",22.208.11,v62061761
2006,0.00,"Brantford, Ontario",45.208.11,v62134211
2007,0.00,"Brantford, Ontario",45.208.11,v62134211
2008,0.00,"Brantford, Ontario",45.208.11,v62134211
2009,0.00,"Brantford, Ontario",45.208.11,v62134211
2010,0.00,"Brantford, Ontario",45.208.11,v62134211
2011,0.00,"Brantford, Ontario",45.208.11,v62134211
2012,0.00,"Brantford, Ontario",45.208.11,v62134211
2013,0.00,"Brantford, Ontario",45.208.11,v62134211
2014,0.00,"Brantford, Ontario",45.208.11,v62134211
2015,0.00,"Brantford, Ontario",45.208.11,v62134211
2006,0.00,"Guelph, Ontario",46.208.11,v62137361
2007,0.00,"Guelph, Ontario",46.208.11,v62137361
2008,0.00,"Guelph, Ontario",46.208.11,v62137361
2009,0.00,"Guelph, Ontario",46.208.11,v62137361
2010,0.00,"Guelph, Ontario",46.208.11,v62137361
2011,0.00,"Guelph, Ontario",46.208.11,v62137361
2012,0.00,"Guelph, Ontario",46.208.11,v62137361
2013,0.00,"Guelph, Ontario",46.208.11,v62137361
2014,0.00,"Guelph, Ontario",46.208.11,v62137361
2015,0.00,"Guelph, Ontario",46.208.11,v62137361
1998,0.00,"London, Ontario",23.208.11,v44343725
1999,..,"London, Ontario",23.208.11,v44343725
2000,..,"London, Ontario",23.208.11,v44343725
2001,..,"London, Ontario",23.208.11,v44343725
2002,..,"London, Ontario",23.208.11,v44343725
2003,..,"London, Ontario",23.208.11,v44343725
2004,..,"London, Ontario",23.208.11,v44343725
2005,..,"London, Ontario",23.208.11,v44343725
2006,0.00,"London, Ontario",23.208.11,v44343725
2007,0.00,"London, Ontario",23.208.11,v44343725
2008,0.00,"London, Ontario",23.208.11,v44343725
2009,0.00,"London, Ontario",23.208.11,v44343725
2010,0.00,"London, Ontario",23.208.11,v44343725
2011,0.00,"London, Ontario",23.208.11,v44343725
2012,0.00,"London, Ontario",23.208.11,v44343725
2013,0.00,"London, Ontario",23.208.11,v44343725
2014,0.00,"London, Ontario",23.208.11,v44343725
2015,0.00,"London, Ontario",23.208.11,v44343725
1998,0.00,"Windsor, Ontario",24.208.11,v44392588
1999,0.00,"Windsor, Ontario",24.208.11,v44392588
2000,4.00,"Windsor, Ontario",24.208.11,v44392588
2001,1.00,"Windsor, Ontario",24.208.11,v44392588
2002,..,"Windsor, Ontario",24.208.11,v44392588
2003,0.00,"Windsor, Ontario",24.208.11,v44392588
2004,0.00,"Windsor, Ontario",24.208.11,v44392588
2005,0.00,"Windsor, Ontario",24.208.11,v44392588
2006,0.00,"Windsor, Ontario",24.208.11,v44392588
2007,0.00,"Windsor, Ontario",24.208.11,v44392588
2008,0.00,"Windsor, Ontario",24.208.11,v44392588
2009,0.00,"Windsor, Ontario",24.208.11,v44392588
2010,0.00,"Windsor, Ontario",24.208.11,v44392588
2011,0.00,"Windsor, Ontario",24.208.11,v44392588
2012,0.00,"Windsor, Ontario",24.208.11,v44392588
2013,1.00,"Windsor, Ontario",24.208.11,v44392588
2014,2.00,"Windsor, Ontario",24.208.11,v44392588
2015,2.00,"Windsor, Ontario",24.208.11,v44392588
2005,..,"Barrie, Ontario",47.208.11,v52146545
2006,0.00,"Barrie, Ontario",47.208.11,v52146545
2007,1.00,"Barrie, Ontario",47.208.11,v52146545
2008,0.00,"Barrie, Ontario",47.208.11,v52146545
2009,2.00,"Barrie, Ontario",47.208.11,v52146545
2010,2.00,"Barrie, Ontario",47.208.11,v52146545
2011,0.00,"Barrie, Ontario",47.208.11,v52146545
2012,1.00,"Barrie, Ontario",47.208.11,v52146545
2013,0.00,"Barrie, Ontario",47.208.11,v52146545
2014,0.00,"Barrie, Ontario",47.208.11,v52146545
2015,0.00,"Barrie, Ontario",47.208.11,v52146545
2002,..,"Sudbury, Ontario",25.208.11,v44375961
2003,0.00,"Sudbury, Ontario",25.208.11,v44375961
2004,..,"Sudbury, Ontario",25.208.11,v44375961
2005,..,"Sudbury, Ontario",25.208.11,v44375961
2006,0.00,"Sudbury, Ontario",25.208.11,v44375961
2007,0.00,"Sudbury, Ontario",25.208.11,v44375961
2008,0.00,"Sudbury, Ontario",25.208.11,v44375961
2009,0.00,"Sudbury, Ontario",25.208.11,v44375961
2010,0.00,"Sudbury, Ontario",25.208.11,v44375961
2011,0.00,"Sudbury, Ontario",25.208.11,v44375961
2012,0.00,"Sudbury, Ontario",25.208.11,v44375961
2013,0.00,"Sudbury, Ontario",25.208.11,v44375961
2014,0.00,"Sudbury, Ontario",25.208.11,v44375961
2015,0.00,"Sudbury, Ontario",25.208.11,v44375961
1998,0.00,"Thunder Bay, Ontario",26.208.11,v44338197
1999,0.00,"Thunder Bay, Ontario",26.208.11,v44338197
2000,0.00,"Thunder Bay, Ontario",26.208.11,v44338197
2001,0.00,"Thunder Bay, Ontario",26.208.11,v44338197
2002,0.00,"Thunder Bay, Ontario",26.208.11,v44338197
2003,0.00,"Thunder Bay, Ontario",26.208.11,v44338197
2004,0.00,"Thunder Bay, Ontario",26.208.11,v44338197
2005,0.00,"Thunder Bay, Ontario",26.208.11,v44338197
2006,0.00,"Thunder Bay, Ontario",26.208.11,v44338197
2007,0.00,"Thunder Bay, Ontario",26.208.11,v44338197
2008,0.00,"Thunder Bay, Ontario",26.208.11,v44338197
2009,0.00,"Thunder Bay, Ontario",26.208.11,v44338197
2010,0.00,"Thunder Bay, Ontario",26.208.11,v44338197
2011,0.00,"Thunder Bay, Ontario",26.208.11,v44338197
2012,0.00,"Thunder Bay, Ontario",26.208.11,v44338197
2013,0.00,"Thunder Bay, Ontario",26.208.11,v44338197
2014,0.00,"Thunder Bay, Ontario",26.208.11,v44338197
2015,0.00,"Thunder Bay, Ontario",26.208.11,v44338197
1998,0.00,"Manitoba",28.208.11,v44408593
1999,0.00,"Manitoba",28.208.11,v44408593
2000,0.00,"Manitoba",28.208.11,v44408593
2001,1.00,"Manitoba",28.208.11,v44408593
2002,0.00,"Manitoba",28.208.11,v44408593
2003,0.00,"Manitoba",28.208.11,v44408593
2004,0.00,"Manitoba",28.208.11,v44408593
2005,1.00,"Manitoba",28.208.11,v44408593
2006,1.00,"Manitoba",28.208.11,v44408593
2007,0.00,"Manitoba",28.208.11,v44408593
2008,0.00,"Manitoba",28.208.11,v44408593
2009,0.00,"Manitoba",28.208.11,v44408593
2010,0.00,"Manitoba",28.208.11,v44408593
2011,0.00,"Manitoba",28.208.11,v44408593
2012,0.00,"Manitoba",28.208.11,v44408593
2013,0.00,"Manitoba",28.208.11,v44408593
2014,0.00,"Manitoba",28.208.11,v44408593
2015,0.00,"Manitoba",28.208.11,v44408593
1998,0.00,"Winnipeg, Manitoba",29.208.11,v44387908
1999,..,"Winnipeg, Manitoba",29.208.11,v44387908
2000,..,"Winnipeg, Manitoba",29.208.11,v44387908
2001,..,"Winnipeg, Manitoba",29.208.11,v44387908
2002,..,"Winnipeg, Manitoba",29.208.11,v44387908
2003,..,"Winnipeg, Manitoba",29.208.11,v44387908
2004,..,"Winnipeg, Manitoba",29.208.11,v44387908
2005,..,"Winnipeg, Manitoba",29.208.11,v44387908
2006,0.00,"Winnipeg, Manitoba",29.208.11,v44387908
2007,0.00,"Winnipeg, Manitoba",29.208.11,v44387908
2008,0.00,"Winnipeg, Manitoba",29.208.11,v44387908
2009,0.00,"Winnipeg, Manitoba",29.208.11,v44387908
2010,0.00,"Winnipeg, Manitoba",29.208.11,v44387908
2011,0.00,"Winnipeg, Manitoba",29.208.11,v44387908
2012,0.00,"Winnipeg, Manitoba",29.208.11,v44387908
2013,0.00,"Winnipeg, Manitoba",29.208.11,v44387908
2014,0.00,"Winnipeg, Manitoba",29.208.11,v44387908
2015,0.00,"Winnipeg, Manitoba",29.208.11,v44387908
1998,0.00,"Saskatchewan",30.208.11,v44365609
1999,0.00,"Saskatchewan",30.208.11,v44365609
2000,1.00,"Saskatchewan",30.208.11,v44365609
2001,2.00,"Saskatchewan",30.208.11,v44365609
2002,0.00,"Saskatchewan",30.208.11,v44365609
2003,0.00,"Saskatchewan",30.208.11,v44365609
2004,0.00,"Saskatchewan",30.208.11,v44365609
2005,0.00,"Saskatchewan",30.208.11,v44365609
2006,0.00,"Saskatchewan",30.208.11,v44365609
2007,0.00,"Saskatchewan",30.208.11,v44365609
2008,0.00,"Saskatchewan",30.208.11,v44365609
2009,0.00,"Saskatchewan",30.208.11,v44365609
2010,0.00,"Saskatchewan",30.208.11,v44365609
2011,1.00,"Saskatchewan",30.208.11,v44365609
2012,0.00,"Saskatchewan",30.208.11,v44365609
2013,0.00,"Saskatchewan",30.208.11,v44365609
2014,0.00,"Saskatchewan",30.208.11,v44365609
2015,0.00,"Saskatchewan",30.208.11,v44365609
1998,0.00,"Regina, Saskatchewan",31.208.11,v44371931
1999,0.00,"Regina, Saskatchewan",31.208.11,v44371931
2000,0.00,"Regina, Saskatchewan",31.208.11,v44371931
2001,1.00,"Regina, Saskatchewan",31.208.11,v44371931
2002,0.00,"Regina, Saskatchewan",31.208.11,v44371931
2003,0.00,"Regina, Saskatchewan",31.208.11,v44371931
2004,0.00,"Regina, Saskatchewan",31.208.11,v44371931
2005,0.00,"Regina, Saskatchewan",31.208.11,v44371931
2006,0.00,"Regina, Saskatchewan",31.208.11,v44371931
2007,0.00,"Regina, Saskatchewan",31.208.11,v44371931
2008,0.00,"Regina, Saskatchewan",31.208.11,v44371931
2009,0.00,"Regina, Saskatchewan",31.208.11,v44371931
2010,0.00,"Regina, Saskatchewan",31.208.11,v44371931
2011,0.00,"Regina, Saskatchewan",31.208.11,v44371931
2012,0.00,"Regina, Saskatchewan",31.208.11,v44371931
2013,0.00,"Regina, Saskatchewan",31.208.11,v44371931
2014,0.00,"Regina, Saskatchewan",31.208.11,v44371931
2015,0.00,"Regina, Saskatchewan",31.208.11,v44371931
1998,..,"Saskatoon, Saskatchewan",32.208.11,v44386778
1999,0.00,"Saskatoon, Saskatchewan",32.208.11,v44386778
2000,..,"Saskatoon, Saskatchewan",32.208.11,v44386778
2001,..,"Saskatoon, Saskatchewan",32.208.11,v44386778
2002,..,"Saskatoon, Saskatchewan",32.208.11,v44386778
2003,..,"Saskatoon, Saskatchewan",32.208.11,v44386778
2004,0.00,"Saskatoon, Saskatchewan",32.208.11,v44386778
2005,..,"Saskatoon, Saskatchewan",32.208.11,v44386778
2006,0.00,"Saskatoon, Saskatchewan",32.208.11,v44386778
2007,0.00,"Saskatoon, Saskatchewan",32.208.11,v44386778
2008,0.00,"Saskatoon, Saskatchewan",32.208.11,v44386778
2009,0.00,"Saskatoon, Saskatchewan",32.208.11,v44386778
2010,0.00,"Saskatoon, Saskatchewan",32.208.11,v44386778
2011,0.00,"Saskatoon, Saskatchewan",32.208.11,v44386778
2012,0.00,"Saskatoon, Saskatchewan",32.208.11,v44386778
2013,0.00,"Saskatoon, Saskatchewan",32.208.11,v44386778
2014,0.00,"Saskatoon, Saskatchewan",32.208.11,v44386778
2015,0.00,"Saskatoon, Saskatchewan",32.208.11,v44386778
1998,0.00,"Alberta",33.208.11,v44363860
1999,0.00,"Alberta",33.208.11,v44363860
2000,2.00,"Alberta",33.208.11,v44363860
2001,0.00,"Alberta",33.208.11,v44363860
2002,0.00,"Alberta",33.208.11,v44363860
2003,0.00,"Alberta",33.208.11,v44363860
2004,0.00,"Alberta",33.208.11,v44363860
2005,0.00,"Alberta",33.208.11,v44363860
2006,0.00,"Alberta",33.208.11,v44363860
2007,0.00,"Alberta",33.208.11,v44363860
2008,0.00,"Alberta",33.208.11,v44363860
2009,0.00,"Alberta",33.208.11,v44363860
2010,0.00,"Alberta",33.208.11,v44363860
2011,0.00,"Alberta",33.208.11,v44363860
2012,0.00,"Alberta",33.208.11,v44363860
2013,0.00,"Alberta",33.208.11,v44363860
2014,0.00,"Alberta",33.208.11,v44363860
2015,0.00,"Alberta",33.208.11,v44363860
1998,0.00,"Calgary, Alberta",34.208.11,v44345656
1999,..,"Calgary, Alberta",34.208.11,v44345656
2000,0.00,"Calgary, Alberta",34.208.11,v44345656
2001,0.00,"Calgary, Alberta",34.208.11,v44345656
2002,..,"Calgary, Alberta",34.208.11,v44345656
2003,0.00,"Calgary, Alberta",34.208.11,v44345656
2004,..,"Calgary, Alberta",34.208.11,v44345656
2005,..,"Calgary, Alberta",34.208.11,v44345656
2006,0.00,"Calgary, Alberta",34.208.11,v44345656
2007,0.00,"Calgary, Alberta",34.208.11,v44345656
2008,0.00,"Calgary, Alberta",34.208.11,v44345656
2009,0.00,"Calgary, Alberta",34.208.11,v44345656
2010,0.00,"Calgary, Alberta",34.208.11,v44345656
2011,0.00,"Calgary, Alberta",34.208.11,v44345656
2012,0.00,"Calgary, Alberta",34.208.11,v44345656
2013,0.00,"Calgary, Alberta",34.208.11,v44345656
2014,0.00,"Calgary, Alberta",34.208.11,v44345656
2015,0.00,"Calgary, Alberta",34.208.11,v44345656
1998,0.00,"Edmonton, Alberta",35.208.11,v44409685
1999,0.00,"Edmonton, Alberta",35.208.11,v44409685
2000,0.00,"Edmonton, Alberta",35.208.11,v44409685
2001,0.00,"Edmonton, Alberta",35.208.11,v44409685
2002,0.00,"Edmonton, Alberta",35.208.11,v44409685
2003,0.00,"Edmonton, Alberta",35.208.11,v44409685
2004,0.00,"Edmonton, Alberta",35.208.11,v44409685
2005,0.00,"Edmonton, Alberta",35.208.11,v44409685
2006,0.00,"Edmonton, Alberta",35.208.11,v44409685
2007,0.00,"Edmonton, Alberta",35.208.11,v44409685
2008,0.00,"Edmonton, Alberta",35.208.11,v44409685
2009,0.00,"Edmonton, Alberta",35.208.11,v44409685
2010,0.00,"Edmonton, Alberta",35.208.11,v44409685
2011,0.00,"Edmonton, Alberta",35.208.11,v44409685
2012,0.00,"Edmonton, Alberta",35.208.11,v44409685
2013,0.00,"Edmonton, Alberta",35.208.11,v44409685
2014,0.00,"Edmonton, Alberta",35.208.11,v44409685
2015,0.00,"Edmonton, Alberta",35.208.11,v44409685
1998,0.00,"British Columbia",36.208.11,v44390791
1999,1.00,"British Columbia",36.208.11,v44390791
2000,1.00,"British Columbia",36.208.11,v44390791
2001,3.00,"British Columbia",36.208.11,v44390791
2002,4.00,"British Columbia",36.208.11,v44390791
2003,0.00,"British Columbia",36.208.11,v44390791
2004,0.00,"British Columbia",36.208.11,v44390791
2005,0.00,"British Columbia",36.208.11,v44390791
2006,4.00,"British Columbia",36.208.11,v44390791
2007,4.00,"British Columbia",36.208.11,v44390791
2008,1.00,"British Columbia",36.208.11,v44390791
2009,0.00,"British Columbia",36.208.11,v44390791
2010,2.00,"British Columbia",36.208.11,v44390791
2011,4.00,"British Columbia",36.208.11,v44390791
2012,8.00,"British Columbia",36.208.11,v44390791
2013,14.00,"British Columbia",36.208.11,v44390791
2014,8.00,"British Columbia",36.208.11,v44390791
2015,1.00,"British Columbia",36.208.11,v44390791
2005,..,"Kelowna, British Columbia",48.208.11,v52145981
2006,0.00,"Kelowna, British Columbia",48.208.11,v52145981
2007,1.00,"Kelowna, British Columbia",48.208.11,v52145981
2008,0.00,"Kelowna, British Columbia",48.208.11,v52145981
2009,0.00,"Kelowna, British Columbia",48.208.11,v52145981
2010,0.00,"Kelowna, British Columbia",48.208.11,v52145981
2011,0.00,"Kelowna, British Columbia",48.208.11,v52145981
2012,0.00,"Kelowna, British Columbia",48.208.11,v52145981
2013,0.00,"Kelowna, British Columbia",48.208.11,v52145981
2014,0.00,"Kelowna, British Columbia",48.208.11,v52145981
2015,0.00,"Kelowna, British Columbia",48.208.11,v52145981
2000,..,"Abbotsford-Mission, British Columbia",39.208.11,v44359251
2001,1.00,"Abbotsford-Mission, British Columbia",39.208.11,v44359251
2002,1.00,"Abbotsford-Mission, British Columbia",39.208.11,v44359251
2003,0.00,"Abbotsford-Mission, British Columbia",39.208.11,v44359251
2004,0.00,"Abbotsford-Mission, British Columbia",39.208.11,v44359251
2005,0.00,"Abbotsford-Mission, British Columbia",39.208.11,v44359251
2006,0.00,"Abbotsford-Mission, British Columbia",39.208.11,v44359251
2007,0.00,"Abbotsford-Mission, British Columbia",39.208.11,v44359251
2008,0.00,"Abbotsford-Mission, British Columbia",39.208.11,v44359251
2009,0.00,"Abbotsford-Mission, British Columbia",39.208.11,v44359251
2010,0.00,"Abbotsford-Mission, British Columbia",39.208.11,v44359251
2011,0.00,"Abbotsford-Mission, British Columbia",39.208.11,v44359251
2012,0.00,"Abbotsford-Mission, British Columbia",39.208.11,v44359251
2013,0.00,"Abbotsford-Mission, British Columbia",39.208.11,v44359251
2014,0.00,"Abbotsford-Mission, British Columbia",39.208.11,v44359251
2015,0.00,"Abbotsford-Mission, British Columbia",39.208.11,v44359251
1998,0.00,"Vancouver, British Columbia",37.208.11,v44371796
1999,0.00,"Vancouver, British Columbia",37.208.11,v44371796
2000,0.00,"Vancouver, British Columbia",37.208.11,v44371796
2001,0.00,"Vancouver, British Columbia",37.208.11,v44371796
2002,0.00,"Vancouver, British Columbia",37.208.11,v44371796
2003,0.00,"Vancouver, British Columbia",37.208.11,v44371796
2004,0.00,"Vancouver, British Columbia",37.208.11,v44371796
2005,0.00,"Vancouver, British Columbia",37.208.11,v44371796
2006,0.00,"Vancouver, British Columbia",37.208.11,v44371796
2007,0.00,"Vancouver, British Columbia",37.208.11,v44371796
2008,0.00,"Vancouver, British Columbia",37.208.11,v44371796
2009,0.00,"Vancouver, British Columbia",37.208.11,v44371796
2010,0.00,"Vancouver, British Columbia",37.208.11,v44371796
2011,0.00,"Vancouver, British Columbia",37.208.11,v44371796
2012,0.00,"Vancouver, British Columbia",37.208.11,v44371796
2013,2.00,"Vancouver, British Columbia",37.208.11,v44371796
2014,3.00,"Vancouver, British Columbia",37.208.11,v44371796
2015,0.00,"Vancouver, British Columbia",37.208.11,v44371796
1998,0.00,"Victoria, British Columbia",38.208.11,v44367600
1999,1.00,"Victoria, British Columbia",38.208.11,v44367600
2000,0.00,"Victoria, British Columbia",38.208.11,v44367600
2001,0.00,"Victoria, British Columbia",38.208.11,v44367600
2002,0.00,"Victoria, British Columbia",38.208.11,v44367600
2003,0.00,"Victoria, British Columbia",38.208.11,v44367600
2004,0.00,"Victoria, British Columbia",38.208.11,v44367600
2005,0.00,"Victoria, British Columbia",38.208.11,v44367600
2006,0.00,"Victoria, British Columbia",38.208.11,v44367600
2007,0.00,"Victoria, British Columbia",38.208.11,v44367600
2008,0.00,"Victoria, British Columbia",38.208.11,v44367600
2009,0.00,"Victoria, British Columbia",38.208.11,v44367600
2010,0.00,"Victoria, British Columbia",38.208.11,v44367600
2011,1.00,"Victoria, British Columbia",38.208.11,v44367600
2012,0.00,"Victoria, British Columbia",38.208.11,v44367600
2013,0.00,"Victoria, British Columbia",38.208.11,v44367600
2014,0.00,"Victoria, British Columbia",38.208.11,v44367600
2015,0.00,"Victoria, British Columbia",38.208.11,v44367600
1998,0.00,"Yukon",40.208.11,v44415512
1999,0.00,"Yukon",40.208.11,v44415512
2000,0.00,"Yukon",40.208.11,v44415512
2001,0.00,"Yukon",40.208.11,v44415512
2002,..,"Yukon",40.208.11,v44415512
2003,..,"Yukon",40.208.11,v44415512
2004,..,"Yukon",40.208.11,v44415512
2005,..,"Yukon",40.208.11,v44415512
2006,0.00,"Yukon",40.208.11,v44415512
2007,0.00,"Yukon",40.208.11,v44415512
2008,0.00,"Yukon",40.208.11,v44415512
2009,0.00,"Yukon",40.208.11,v44415512
2010,0.00,"Yukon",40.208.11,v44415512
2011,0.00,"Yukon",40.208.11,v44415512
2012,0.00,"Yukon",40.208.11,v44415512
2013,0.00,"Yukon",40.208.11,v44415512
2014,0.00,"Yukon",40.208.11,v44415512
2015,0.00,"Yukon",40.208.11,v44415512
1998,0.00,"Northwest Territories",41.208.11,v44359727
1999,0.00,"Northwest Territories",41.208.11,v44359727
2000,0.00,"Northwest Territories",41.208.11,v44359727
2001,0.00,"Northwest Territories",41.208.11,v44359727
2002,0.00,"Northwest Territories",41.208.11,v44359727
2003,..,"Northwest Territories",41.208.11,v44359727
2004,0.00,"Northwest Territories",41.208.11,v44359727
2005,0.00,"Northwest Territories",41.208.11,v44359727
2006,0.00,"Northwest Territories",41.208.11,v44359727
2007,0.00,"Northwest Territories",41.208.11,v44359727
2008,0.00,"Northwest Territories",41.208.11,v44359727
2009,0.00,"Northwest Territories",41.208.11,v44359727
2010,0.00,"Northwest Territories",41.208.11,v44359727
2011,0.00,"Northwest Territories",41.208.11,v44359727
2012,0.00,"Northwest Territories",41.208.11,v44359727
2013,0.00,"Northwest Territories",41.208.11,v44359727
2014,0.00,"Northwest Territories",41.208.11,v44359727
2015,0.00,"Northwest Territories",41.208.11,v44359727
1998,..,"Nunavut",42.208.11,v44326903
1999,0.00,"Nunavut",42.208.11,v44326903
2000,0.00,"Nunavut",42.208.11,v44326903
2001,0.00,"Nunavut",42.208.11,v44326903
2002,..,"Nunavut",42.208.11,v44326903
2003,0.00,"Nunavut",42.208.11,v44326903
2004,0.00,"Nunavut",42.208.11,v44326903
2005,0.00,"Nunavut",42.208.11,v44326903
2006,0.00,"Nunavut",42.208.11,v44326903
2007,0.00,"Nunavut",42.208.11,v44326903
2008,0.00,"Nunavut",42.208.11,v44326903
2009,0.00,"Nunavut",42.208.11,v44326903
2010,0.00,"Nunavut",42.208.11,v44326903
2011,0.00,"Nunavut",42.208.11,v44326903
2012,0.00,"Nunavut",42.208.11,v44326903
2013,0.00,"Nunavut",42.208.11,v44326903
2014,0.00,"Nunavut",42.208.11,v44326903
2015,0.00,"Nunavut",42.208.11,v44326903
1998,18.00,"Canada",1.208.11,v44387148
1999,15.00,"Canada",1.208.11,v44387148
2000,20.00,"Canada",1.208.11,v44387148
2001,83.00,"Canada",1.208.11,v44387148
2002,111.00,"Canada",1.208.11,v44387148
2003,93.00,"Canada",1.208.11,v44387148
2004,61.00,"Canada",1.208.11,v44387148
2005,59.00,"Canada",1.208.11,v44387148
2006,62.00,"Canada",1.208.11,v44387148
2007,53.00,"Canada",1.208.11,v44387148
2008,45.00,"Canada",1.208.11,v44387148
2009,34.00,"Canada",1.208.11,v44387148
2010,27.00,"Canada",1.208.11,v44387148
2011,32.00,"Canada",1.208.11,v44387148
2012,43.00,"Canada",1.208.11,v44387148
2013,39.00,"Canada",1.208.11,v44387148
2014,34.00,"Canada",1.208.11,v44387148
2015,32.00,"Canada",1.208.11,v44387148
1998,0.00,"Newfoundland and Labrador",2.208.11,v44416810
1999,0.00,"Newfoundland and Labrador",2.208.11,v44416810
2000,0.00,"Newfoundland and Labrador",2.208.11,v44416810
2001,1.00,"Newfoundland and Labrador",2.208.11,v44416810
2002,0.00,"Newfoundland and Labrador",2.208.11,v44416810
2003,0.00,"Newfoundland and Labrador",2.208.11,v44416810
2004,0.00,"Newfoundland and Labrador",2.208.11,v44416810
2005,0.00,"Newfoundland and Labrador",2.208.11,v44416810
2006,0.00,"Newfoundland and Labrador",2.208.11,v44416810
2007,0.00,"Newfoundland and Labrador",2.208.11,v44416810
2008,0.00,"Newfoundland and Labrador",2.208.11,v44416810
2009,0.00,"Newfoundland and Labrador",2.208.11,v44416810
2010,0.00,"Newfoundland and Labrador",2.208.11,v44416810
2011,0.00,"Newfoundland and Labrador",2.208.11,v44416810
2012,0.00,"Newfoundland and Labrador",2.208.11,v44416810
2013,0.00,"Newfoundland and Labrador",2.208.11,v44416810
2014,0.00,"Newfoundland and Labrador",2.208.11,v44416810
2015,0.00,"Newfoundland and Labrador",2.208.11,v44416810
1998,0.00,"St. John's, Newfoundland and Labrador",3.208.11,v44409333
1999,0.00,"St. John's, Newfoundland and Labrador",3.208.11,v44409333
2000,0.00,"St. John's, Newfoundland and Labrador",3.208.11,v44409333
2001,..,"St. John's, Newfoundland and Labrador",3.208.11,v44409333
2002,..,"St. John's, Newfoundland and Labrador",3.208.11,v44409333
2003,..,"St. John's, Newfoundland and Labrador",3.208.11,v44409333
2004,..,"St. John's, Newfoundland and Labrador",3.208.11,v44409333
2005,0.00,"St. John's, Newfoundland and Labrador",3.208.11,v44409333
2006,0.00,"St. John's, Newfoundland and Labrador",3.208.11,v44409333
2007,0.00,"St. John's, Newfoundland and Labrador",3.208.11,v44409333
2008,0.00,"St. John's, Newfoundland and Labrador",3.208.11,v44409333
2009,0.00,"St. John's, Newfoundland and Labrador",3.208.11,v44409333
2010,0.00,"St. John's, Newfoundland and Labrador",3.208.11,v44409333
2011,0.00,"St. John's, Newfoundland and Labrador",3.208.11,v44409333
2012,0.00,"St. John's, Newfoundland and Labrador",3.208.11,v44409333
2013,0.00,"St. John's, Newfoundland and Labrador",3.208.11,v44409333
2014,0.00,"St. John's, Newfoundland and Labrador",3.208.11,v44409333
2015,0.00,"St. John's, Newfoundland and Labrador",3.208.11,v44409333
1998,0.00,"Prince Edward Island",4.208.11,v44413855
1999,0.00,"Prince Edward Island",4.208.11,v44413855
2000,0.00,"Prince Edward Island",4.208.11,v44413855
2001,0.00,"Prince Edward Island",4.208.11,v44413855
2002,0.00,"Prince Edward Island",4.208.11,v44413855
2003,1.00,"Prince Edward Island",4.208.11,v44413855
2004,0.00,"Prince Edward Island",4.208.11,v44413855
2005,0.00,"Prince Edward Island",4.208.11,v44413855
2006,0.00,"Prince Edward Island",4.208.11,v44413855
2007,0.00,"Prince Edward Island",4.208.11,v44413855
2008,0.00,"Prince Edward Island",4.208.11,v44413855
2009,0.00,"Prince Edward Island",4.208.11,v44413855
2010,0.00,"Prince Edward Island",4.208.11,v44413855
2011,0.00,"Prince Edward Island",4.208.11,v44413855
2012,0.00,"Prince Edward Island",4.208.11,v44413855
2013,0.00,"Prince Edward Island",4.208.11,v44413855
2014,0.00,"Prince Edward Island",4.208.11,v44413855
2015,0.00,"Prince Edward Island",4.208.11,v44413855
1998,0.00,"Nova Scotia",5.208.11,v44417733
1999,0.00,"Nova Scotia",5.208.11,v44417733
2000,0.00,"Nova Scotia",5.208.11,v44417733
2001,0.00,"Nova Scotia",5.208.11,v44417733
2002,0.00,"Nova Scotia",5.208.11,v44417733
2003,0.00,"Nova Scotia",5.208.11,v44417733
2004,0.00,"Nova Scotia",5.208.11,v44417733
2005,0.00,"Nova Scotia",5.208.11,v44417733
2006,0.00,"Nova Scotia",5.208.11,v44417733
2007,0.00,"Nova Scotia",5.208.11,v44417733
2008,0.00,"Nova Scotia",5.208.11,v44417733
2009,0.00,"Nova Scotia",5.208.11,v44417733
2010,0.00,"Nova Scotia",5.208.11,v44417733
2011,0.00,"Nova Scotia",5.208.11,v44417733
2012,0.00,"Nova Scotia",5.208.11,v44417733
2013,0.00,"Nova Scotia",5.208.11,v44417733
2014,0.00,"Nova Scotia",5.208.11,v44417733
2015,0.00,"Nova Scotia",5.208.11,v44417733
1998,0.00,"Halifax, Nova Scotia",6.208.11,v44334088
1999,0.00,"Halifax, Nova Scotia",6.208.11,v44334088
2000,0.00,"Halifax, Nova Scotia",6.208.11,v44334088
2001,0.00,"Halifax, Nova Scotia",6.208.11,v44334088
2002,0.00,"Halifax, Nova Scotia",6.208.11,v44334088
2003,0.00,"Halifax, Nova Scotia",6.208.11,v44334088
2004,0.00,"Halifax, Nova Scotia",6.208.11,v44334088
2005,0.00,"Halifax, Nova Scotia",6.208.11,v44334088
2006,0.00,"Halifax, Nova Scotia",6.208.11,v44334088
2007,0.00,"Halifax, Nova Scotia",6.208.11,v44334088
2008,0.00,"Halifax, Nova Scotia",6.208.11,v44334088
2009,0.00,"Halifax, Nova Scotia",6.208.11,v44334088
2010,0.00,"Halifax, Nova Scotia",6.208.11,v44334088
2011,0.00,"Halifax, Nova Scotia",6.208.11,v44334088
2012,0.00,"Halifax, Nova Scotia",6.208.11,v44334088
2013,0.00,"Halifax, Nova Scotia",6.208.11,v44334088
2014,0.00,"Halifax, Nova Scotia",6.208.11,v44334088
2015,0.00,"Halifax, Nova Scotia",6.208.11,v44334088
1998,0.00,"New Brunswick",7.208.11,v44350427
1999,1.00,"New Brunswick",7.208.11,v44350427
2000,0.00,"New Brunswick",7.208.11,v44350427
2001,0.00,"New Brunswick",7.208.11,v44350427
2002,0.00,"New Brunswick",7.208.11,v44350427
2003,0.00,"New Brunswick",7.208.11,v44350427
2004,0.00,"New Brunswick",7.208.11,v44350427
2005,0.00,"New Brunswick",7.208.11,v44350427
2006,0.00,"New Brunswick",7.208.11,v44350427
2007,0.00,"New Brunswick",7.208.11,v44350427
2008,0.00,"New Brunswick",7.208.11,v44350427
2009,0.00,"New Brunswick",7.208.11,v44350427
2010,0.00,"New Brunswick",7.208.11,v44350427
2011,0.00,"New Brunswick",7.208.11,v44350427
2012,0.00,"New Brunswick",7.208.11,v44350427
2013,0.00,"New Brunswick",7.208.11,v44350427
2014,0.00,"New Brunswick",7.208.11,v44350427
2015,0.00,"New Brunswick",7.208.11,v44350427
2006,0.00,"Moncton, New Brunswick",43.208.11,v62127911
2007,0.00,"Moncton, New Brunswick",43.208.11,v62127911
2008,0.00,"Moncton, New Brunswick",43.208.11,v62127911
2009,0.00,"Moncton, New Brunswick",43.208.11,v62127911
2010,0.00,"Moncton, New Brunswick",43.208.11,v62127911
2011,0.00,"Moncton, New Brunswick",43.208.11,v62127911
2012,0.00,"Moncton, New Brunswick",43.208.11,v62127911
2013,0.00,"Moncton, New Brunswick",43.208.11,v62127911
2014,0.00,"Moncton, New Brunswick",43.208.11,v62127911
2015,0.00,"Moncton, New Brunswick",43.208.11,v62127911
1998,0.00,"Saint John, New Brunswick",8.208.11,v44356840
1999,0.00,"Saint John, New Brunswick",8.208.11,v44356840
2000,0.00,"Saint John, New Brunswick",8.208.11,v44356840
2001,0.00,"Saint John, New Brunswick",8.208.11,v44356840
2002,0.00,"Saint John, New Brunswick",8.208.11,v44356840
2003,0.00,"Saint John, New Brunswick",8.208.11,v44356840
2004,0.00,"Saint John, New Brunswick",8.208.11,v44356840
2005,0.00,"Saint John, New Brunswick",8.208.11,v44356840
2006,0.00,"Saint John, New Brunswick",8.208.11,v44356840
2007,0.00,"Saint John, New Brunswick",8.208.11,v44356840
2008,0.00,"Saint John, New Brunswick",8.208.11,v44356840
2009,0.00,"Saint John, New Brunswick",8.208.11,v44356840
2010,0.00,"Saint John, New Brunswick",8.208.11,v44356840
2011,0.00,"Saint John, New Brunswick",8.208.11,v44356840
2012,0.00,"Saint John, New Brunswick",8.208.11,v44356840
2013,0.00,"Saint John, New Brunswick",8.208.11,v44356840
2014,0.00,"Saint John, New Brunswick",8.208.11,v44356840
2015,0.00,"Saint John, New Brunswick",8.208.11,v44356840
1998,12.00,"Quebec",9.208.11,v44350033
1999,13.00,"Quebec",9.208.11,v44350033
2000,1.00,"Quebec",9.208.11,v44350033
2001,1.00,"Quebec",9.208.11,v44350033
2002,2.00,"Quebec",9.208.11,v44350033
2003,0.00,"Quebec",9.208.11,v44350033
2004,1.00,"Quebec",9.208.11,v44350033
2005,1.00,"Quebec",9.208.11,v44350033
2006,3.00,"Quebec",9.208.11,v44350033
2007,3.00,"Quebec",9.208.11,v44350033
2008,0.00,"Quebec",9.208.11,v44350033
2009,0.00,"Quebec",9.208.11,v44350033
2010,0.00,"Quebec",9.208.11,v44350033
2011,0.00,"Quebec",9.208.11,v44350033
2012,1.00,"Quebec",9.208.11,v44350033
2013,0.00,"Quebec",9.208.11,v44350033
2014,0.00,"Quebec",9.208.11,v44350033
2015,1.00,"Quebec",9.208.11,v44350033
1998,0.00,"Saguenay, Quebec",10.208.11,v44353021
1999,..,"Saguenay, Quebec",10.208.11,v44353021
2000,0.00,"Saguenay, Quebec",10.208.11,v44353021
2001,0.00,"Saguenay, Quebec",10.208.11,v44353021
2002,..,"Saguenay, Quebec",10.208.11,v44353021
2003,..,"Saguenay, Quebec",10.208.11,v44353021
2004,..,"Saguenay, Quebec",10.208.11,v44353021
2005,..,"Saguenay, Quebec",10.208.11,v44353021
2006,0.00,"Saguenay, Quebec",10.208.11,v44353021
2007,0.00,"Saguenay, Quebec",10.208.11,v44353021
2008,0.00,"Saguenay, Quebec",10.208.11,v44353021
2009,0.00,"Saguenay, Quebec",10.208.11,v44353021
2010,0.00,"Saguenay, Quebec",10.208.11,v44353021
2011,0.00,"Saguenay, Quebec",10.208.11,v44353021
2012,0.00,"Saguenay, Quebec",10.208.11,v44353021
2013,0.00,"Saguenay, Quebec",10.208.11,v44353021
2014,0.00,"Saguenay, Quebec",10.208.11,v44353021
2015,0.00,"Saguenay, Quebec",10.208.11,v44353021
1998,0.00,"Quebec, Quebec",11.208.11,v44367136
1999,0.00,"Quebec, Quebec",11.208.11,v44367136
2000,0.00,"Quebec, Quebec",11.208.11,v44367136
2001,0.00,"Quebec, Quebec",11.208.11,v44367136
2002,..,"Quebec, Quebec",11.208.11,v44367136
2003,0.00,"Quebec, Quebec",11.208.11,v44367136
2004,0.00,"Quebec, Quebec",11.208.11,v44367136
2005,0.00,"Quebec, Quebec",11.208.11,v44367136
2006,1.00,"Quebec, Quebec",11.208.11,v44367136
2007,0.00,"Quebec, Quebec",11.208.11,v44367136
2008,0.00,"Quebec, Quebec",11.208.11,v44367136
2009,0.00,"Quebec, Quebec",11.208.11,v44367136
2010,0.00,"Quebec, Quebec",11.208.11,v44367136
2011,0.00,"Quebec, Quebec",11.208.11,v44367136
2012,1.00,"Quebec, Quebec",11.208.11,v44367136
2013,0.00,"Quebec, Quebec",11.208.11,v44367136
2014,0.00,"Quebec, Quebec",11.208.11,v44367136
2015,0.00,"Quebec, Quebec",11.208.11,v44367136
1998,0.00,"Sherbrooke, Quebec",12.208.11,v44371453
1999,0.00,"Sherbrooke, Quebec",12.208.11,v44371453
2000,0.00,"Sherbrooke, Quebec",12.208.11,v44371453
2001,..,"Sherbrooke, Quebec",12.208.11,v44371453
2002,..,"Sherbrooke, Quebec",12.208.11,v44371453
2003,..,"Sherbrooke, Quebec",12.208.11,v44371453
2004,..,"Sherbrooke, Quebec",12.208.11,v44371453
2005,..,"Sherbrooke, Quebec",12.208.11,v44371453
2006,0.00,"Sherbrooke, Quebec",12.208.11,v44371453
2007,0.00,"Sherbrooke, Quebec",12.208.11,v44371453
2008,0.00,"Sherbrooke, Quebec",12.208.11,v44371453
2009,0.00,"Sherbrooke, Quebec",12.208.11,v44371453
2010,0.00,"Sherbrooke, Quebec",12.208.11,v44371453
2011,0.00,"Sherbrooke, Quebec",12.208.11,v44371453
2012,0.00,"Sherbrooke, Quebec",12.208.11,v44371453
2013,0.00,"Sherbrooke, Quebec",12.208.11,v44371453
2014,0.00,"Sherbrooke, Quebec",12.208.11,v44371453
2015,0.00,"Sherbrooke, Quebec",12.208.11,v44371453
1998,0.00,"Montreal, Quebec",14.208.11,v44391078
1999,5.00,"Montreal, Quebec",14.208.11,v44391078
2000,0.00,"Montreal, Quebec",14.208.11,v44391078
2001,1.00,"Montreal, Quebec",14.208.11,v44391078
2002,2.00,"Montreal, Quebec",14.208.11,v44391078
2003,0.00,"Montreal, Quebec",14.208.11,v44391078
2004,0.00,"Montreal, Quebec",14.208.11,v44391078
2005,1.00,"Montreal, Quebec",14.208.11,v44391078
2006,1.00,"Montreal, Quebec",14.208.11,v44391078
2007,3.00,"Montreal, Quebec",14.208.11,v44391078
2008,0.00,"Montreal, Quebec",14.208.11,v44391078
2009,0.00,"Montreal, Quebec",14.208.11,v44391078
2010,0.00,"Montreal, Quebec",14.208.11,v44391078
2011,0.00,"Montreal, Quebec",14.208.11,v44391078
2012,0.00,"Montreal, Quebec",14.208.11,v44391078
2013,0.00,"Montreal, Quebec",14.208.11,v44391078
2014,0.00,"Montreal, Quebec",14.208.11,v44391078
2015,0.00,"Montreal, Quebec",14.208.11,v44391078
1998,0.00,"Ottawa-Gatineau, Quebec part",15.208.11,v44380965
1999,0.00,"Ottawa-Gatineau, Quebec part",15.208.11,v44380965
2000,..,"Ottawa-Gatineau, Quebec part",15.208.11,v44380965
2001,0.00,"Ottawa-Gatineau, Quebec part",15.208.11,v44380965
2002,..,"Ottawa-Gatineau, Quebec part",15.208.11,v44380965
2003,..,"Ottawa-Gatineau, Quebec part",15.208.11,v44380965
2004,0.00,"Ottawa-Gatineau, Quebec part",15.208.11,v44380965
2005,..,"Ottawa-Gatineau, Quebec part",15.208.11,v44380965
2006,0.00,"Ottawa-Gatineau, Quebec part",15.208.11,v44380965
2007,0.00,"Ottawa-Gatineau, Quebec part",15.208.11,v44380965
2008,0.00,"Ottawa-Gatineau, Quebec part",15.208.11,v44380965
2009,0.00,"Ottawa-Gatineau, Quebec part",15.208.11,v44380965
2010,0.00,"Ottawa-Gatineau, Quebec part",15.208.11,v44380965
2011,0.00,"Ottawa-Gatineau, Quebec part",15.208.11,v44380965
2012,0.00,"Ottawa-Gatineau, Quebec part",15.208.11,v44380965
2013,0.00,"Ottawa-Gatineau, Quebec part",15.208.11,v44380965
2014,0.00,"Ottawa-Gatineau, Quebec part",15.208.11,v44380965
2015,0.00,"Ottawa-Gatineau, Quebec part",15.208.11,v44380965
1998,6.00,"Ontario",16.208.11,v44383073
1999,0.00,"Ontario",16.208.11,v44383073
2000,15.00,"Ontario",16.208.11,v44383073
2001,75.00,"Ontario",16.208.11,v44383073
2002,105.00,"Ontario",16.208.11,v44383073
2003,92.00,"Ontario",16.208.11,v44383073
2004,60.00,"Ontario",16.208.11,v44383073
2005,57.00,"Ontario",16.208.11,v44383073
2006,54.00,"Ontario",16.208.11,v44383073
2007,46.00,"Ontario",16.208.11,v44383073
2008,44.00,"Ontario",16.208.11,v44383073
2009,34.00,"Ontario",16.208.11,v44383073
2010,25.00,"Ontario",16.208.11,v44383073
2011,27.00,"Ontario",16.208.11,v44383073
2012,34.00,"Ontario",16.208.11,v44383073
2013,25.00,"Ontario",16.208.11,v44383073
2014,26.00,"Ontario",16.208.11,v44383073
2015,30.00,"Ontario",16.208.11,v44383073
1998,0.00,"Ottawa-Gatineau, Ontario/Quebec",17.208.11,v52149130
1999,0.00,"Ottawa-Gatineau, Ontario/Quebec",17.208.11,v52149130
2000,0.00,"Ottawa-Gatineau, Ontario/Quebec",17.208.11,v52149130
2001,1.00,"Ottawa-Gatineau, Ontario/Quebec",17.208.11,v52149130
2002,0.00,"Ottawa-Gatineau, Ontario/Quebec",17.208.11,v52149130
2003,0.00,"Ottawa-Gatineau, Ontario/Quebec",17.208.11,v52149130
2004,0.00,"Ottawa-Gatineau, Ontario/Quebec",17.208.11,v52149130
2005,0.00,"Ottawa-Gatineau, Ontario/Quebec",17.208.11,v52149130
2006,0.00,"Ottawa-Gatineau, Ontario/Quebec",17.208.11,v52149130
2007,2.00,"Ottawa-Gatineau, Ontario/Quebec",17.208.11,v52149130
2008,1.00,"Ottawa-Gatineau, Ontario/Quebec",17.208.11,v52149130
2009,1.00,"Ottawa-Gatineau, Ontario/Quebec",17.208.11,v52149130
2010,1.00,"Ottawa-Gatineau, Ontario/Quebec",17.208.11,v52149130
2011,1.00,"Ottawa-Gatineau, Ontario/Quebec",17.208.11,v52149130
2012,0.00,"Ottawa-Gatineau, Ontario/Quebec",17.208.11,v52149130
2013,1.00,"Ottawa-Gatineau, Ontario/Quebec",17.208.11,v52149130
2014,2.00,"Ottawa-Gatineau, Ontario/Quebec",17.208.11,v52149130
2015,4.00,"Ottawa-Gatineau, Ontario/Quebec",17.208.11,v52149130
1998,0.00,"Ottawa-Gatineau, Ontario part",18.208.11,v44362137
1999,0.00,"Ottawa-Gatineau, Ontario part",18.208.11,v44362137
2000,0.00,"Ottawa-Gatineau, Ontario part",18.208.11,v44362137
2001,1.00,"Ottawa-Gatineau, Ontario part",18.208.11,v44362137
2002,0.00,"Ottawa-Gatineau, Ontario part",18.208.11,v44362137
2003,0.00,"Ottawa-Gatineau, Ontario part",18.208.11,v44362137
2004,0.00,"Ottawa-Gatineau, Ontario part",18.208.11,v44362137
2005,0.00,"Ottawa-Gatineau, Ontario part",18.208.11,v44362137
2006,0.00,"Ottawa-Gatineau, Ontario part",18.208.11,v44362137
2007,2.00,"Ottawa-Gatineau, Ontario part",18.208.11,v44362137
2008,1.00,"Ottawa-Gatineau, Ontario part",18.208.11,v44362137
2009,1.00,"Ottawa-Gatineau, Ontario part",18.208.11,v44362137
2010,1.00,"Ottawa-Gatineau, Ontario part",18.208.11,v44362137
2011,1.00,"Ottawa-Gatineau, Ontario part",18.208.11,v44362137
2012,0.00,"Ottawa-Gatineau, Ontario part",18.208.11,v44362137
2013,1.00,"Ottawa-Gatineau, Ontario part",18.208.11,v44362137
2014,2.00,"Ottawa-Gatineau, Ontario part",18.208.11,v44362137
2015,4.00,"Ottawa-Gatineau, Ontario part",18.208.11,v44362137
2000,..,"Kingston, Ontario",27.208.11,v44364369
2001,0.00,"Kingston, Ontario",27.208.11,v44364369
2002,0.00,"Kingston, Ontario",27.208.11,v44364369
2003,1.00,"Kingston, Ontario",27.208.11,v44364369
2004,0.00,"Kingston, Ontario",27.208.11,v44364369
2005,0.00,"Kingston, Ontario",27.208.11,v44364369
2006,0.00,"Kingston, Ontario",27.208.11,v44364369
2007,0.00,"Kingston, Ontario",27.208.11,v44364369
2008,0.00,"Kingston, Ontario",27.208.11,v44364369
2009,0.00,"Kingston, Ontario",27.208.11,v44364369
2010,0.00,"Kingston, Ontario",27.208.11,v44364369
2011,0.00,"Kingston, Ontario",27.208.11,v44364369
2012,0.00,"Kingston, Ontario",27.208.11,v44364369
2013,1.00,"Kingston, Ontario",27.208.11,v44364369
2014,0.00,"Kingston, Ontario",27.208.11,v44364369
2015,0.00,"Kingston, Ontario",27.208.11,v44364369
2005,..,"Peterborough, Ontario",44.208.11,v52126034
2006,11.00,"Peterborough, Ontario",44.208.11,v52126034
2007,10.00,"Peterborough, Ontario",44.208.11,v52126034
2008,2.00,"Peterborough, Ontario",44.208.11,v52126034
2009,6.00,"Peterborough, Ontario",44.208.11,v52126034
2010,0.00,"Peterborough, Ontario",44.208.11,v52126034
2011,0.00,"Peterborough, Ontario",44.208.11,v52126034
2012,1.00,"Peterborough, Ontario",44.208.11,v52126034
2013,2.00,"Peterborough, Ontario",44.208.11,v52126034
2014,1.00,"Peterborough, Ontario",44.208.11,v52126034
2015,2.00,"Peterborough, Ontario",44.208.11,v52126034
1998,3.00,"Toronto, Ontario",19.208.11,v44370172
1999,0.00,"Toronto, Ontario",19.208.11,v44370172
2000,2.00,"Toronto, Ontario",19.208.11,v44370172
2001,1.00,"Toronto, Ontario",19.208.11,v44370172
2002,0.00,"Toronto, Ontario",19.208.11,v44370172
2003,0.00,"Toronto, Ontario",19.208.11,v44370172
2004,0.00,"Toronto, Ontario",19.208.11,v44370172
2005,3.00,"Toronto, Ontario",19.208.11,v44370172
2006,3.00,"Toronto, Ontario",19.208.11,v44370172
2007,2.00,"Toronto, Ontario",19.208.11,v44370172
2008,0.00,"Toronto, Ontario",19.208.11,v44370172
2009,1.00,"Toronto, Ontario",19.208.11,v44370172
2010,0.00,"Toronto, Ontario",19.208.11,v44370172
2011,1.00,"Toronto, Ontario",19.208.11,v44370172
2012,7.00,"Toronto, Ontario",19.208.11,v44370172
2013,1.00,"Toronto, Ontario",19.208.11,v44370172
2014,1.00,"Toronto, Ontario",19.208.11,v44370172
2015,1.00,"Toronto, Ontario",19.208.11,v44370172
1998,0.00,"Hamilton, Ontario",20.208.11,v44368751
1999,0.00,"Hamilton, Ontario",20.208.11,v44368751
2000,0.00,"Hamilton, Ontario",20.208.11,v44368751
2001,0.00,"Hamilton, Ontario",20.208.11,v44368751
2002,0.00,"Hamilton, Ontario",20.208.11,v44368751
2003,0.00,"Hamilton, Ontario",20.208.11,v44368751
2004,0.00,"Hamilton, Ontario",20.208.11,v44368751
2005,0.00,"Hamilton, Ontario",20.208.11,v44368751
2006,0.00,"Hamilton, Ontario",20.208.11,v44368751
2007,0.00,"Hamilton, Ontario",20.208.11,v44368751
2008,0.00,"Hamilton, Ontario",20.208.11,v44368751
2009,0.00,"Hamilton, Ontario",20.208.11,v44368751
2010,0.00,"Hamilton, Ontario",20.208.11,v44368751
2011,0.00,"Hamilton, Ontario",20.208.11,v44368751
2012,0.00,"Hamilton, Ontario",20.208.11,v44368751
2013,0.00,"Hamilton, Ontario",20.208.11,v44368751
2014,0.00,"Hamilton, Ontario",20.208.11,v44368751
2015,0.00,"Hamilton, Ontario",20.208.11,v44368751
2004,..,"St.Catharines-Niagara, Ontario",21.208.11,v44406878
2005,1.00,"St.Catharines-Niagara, Ontario",21.208.11,v44406878
2006,0.00,"St.Catharines-Niagara, Ontario",21.208.11,v44406878
2007,0.00,"St.Catharines-Niagara, Ontario",21.208.11,v44406878
2008,0.00,"St.Catharines-Niagara, Ontario",21.208.11,v44406878
2009,2.00,"St.Catharines-Niagara, Ontario",21.208.11,v44406878
2010,0.00,"St.Catharines-Niagara, Ontario",21.208.11,v44406878
2011,2.00,"St.Catharines-Niagara, Ontario",21.208.11,v44406878
2012,0.00,"St.Catharines-Niagara, Ontario",21.208.11,v44406878
2013,0.00,"St.Catharines-Niagara, Ontario",21.208.11,v44406878
2014,1.00,"St.Catharines-Niagara, Ontario",21.208.11,v44406878
2015,0.00,"St.Catharines-Niagara, Ontario",21.208.11,v44406878
2006,0.00,"Kitchener-Cambridge-Waterloo, Ontario",22.208.11,v62061761
2007,0.00,"Kitchener-Cambridge-Waterloo, Ontario",22.208.11,v62061761
2008,0.00,"Kitchener-Cambridge-Waterloo, Ontario",22.208.11,v62061761
2009,0.00,"Kitchener-Cambridge-Waterloo, Ontario",22.208.11,v62061761
2010,0.00,"Kitchener-Cambridge-Waterloo, Ontario",22.208.11,v62061761
2011,0.00,"Kitchener-Cambridge-Waterloo, Ontario",22.208.11,v62061761
2012,0.00,"Kitchener-Cambridge-Waterloo, Ontario",22.208.11,v62061761
2013,0.00,"Kitchener-Cambridge-Waterloo, Ontario",22.208.11,v62061761
2014,0.00,"Kitchener-Cambridge-Waterloo, Ontario",22.208.11,v62061761
2015,0.00,"Kitchener-Cambridge-Waterloo, Ontario",22.208.11,v62061761
2006,0.00,"Brantford, Ontario",45.208.11,v62134211
2007,0.00,"Brantford, Ontario",45.208.11,v62134211
2008,0.00,"Brantford, Ontario",45.208.11,v62134211
2009,0.00,"Brantford, Ontario",45.208.11,v62134211
2010,0.00,"Brantford, Ontario",45.208.11,v62134211
2011,0.00,"Brantford, Ontario",45.208.11,v62134211
2012,0.00,"Brantford, Ontario",45.208.11,v62134211
2013,0.00,"Brantford, Ontario",45.208.11,v62134211
2014,0.00,"Brantford, Ontario",45.208.11,v62134211
2015,0.00,"Brantford, Ontario",45.208.11,v62134211
2006,0.00,"Guelph, Ontario",46.208.11,v62137361
2007,0.00,"Guelph, Ontario",46.208.11,v62137361
2008,0.00,"Guelph, Ontario",46.208.11,v62137361
2009,0.00,"Guelph, Ontario",46.208.11,v62137361
2010,0.00,"Guelph, Ontario",46.208.11,v62137361
2011,0.00,"Guelph, Ontario",46.208.11,v62137361
2012,0.00,"Guelph, Ontario",46.208.11,v62137361
2013,0.00,"Guelph, Ontario",46.208.11,v62137361
2014,0.00,"Guelph, Ontario",46.208.11,v62137361
2015,0.00,"Guelph, Ontario",46.208.11,v62137361
1998,0.00,"London, Ontario",23.208.11,v44343725
1999,..,"London, Ontario",23.208.11,v44343725
2000,..,"London, Ontario",23.208.11,v44343725
2001,..,"London, Ontario",23.208.11,v44343725
2002,..,"London, Ontario",23.208.11,v44343725
2003,..,"London, Ontario",23.208.11,v44343725
2004,..,"London, Ontario",23.208.11,v44343725
2005,..,"London, Ontario",23.208.11,v44343725
2006,0.00,"London, Ontario",23.208.11,v44343725
2007,0.00,"London, Ontario",23.208.11,v44343725
2008,0.00,"London, Ontario",23.208.11,v44343725
2009,0.00,"London, Ontario",23.208.11,v44343725
2010,0.00,"London, Ontario",23.208.11,v44343725
2011,0.00,"London, Ontario",23.208.11,v44343725
2012,0.00,"London, Ontario",23.208.11,v44343725
2013,0.00,"London, Ontario",23.208.11,v44343725
2014,0.00,"London, Ontario",23.208.11,v44343725
2015,0.00,"London, Ontario",23.208.11,v44343725
1998,0.00,"Windsor, Ontario",24.208.11,v44392588
1999,0.00,"Windsor, Ontario",24.208.11,v44392588
2000,4.00,"Windsor, Ontario",24.208.11,v44392588
2001,1.00,"Windsor, Ontario",24.208.11,v44392588
2002,..,"Windsor, Ontario",24.208.11,v44392588
2003,0.00,"Windsor, Ontario",24.208.11,v44392588
2004,0.00,"Windsor, Ontario",24.208.11,v44392588
2005,0.00,"Windsor, Ontario",24.208.11,v44392588
2006,0.00,"Windsor, Ontario",24.208.11,v44392588
2007,0.00,"Windsor, Ontario",24.208.11,v44392588
2008,0.00,"Windsor, Ontario",24.208.11,v44392588
2009,0.00,"Windsor, Ontario",24.208.11,v44392588
2010,0.00,"Windsor, Ontario",24.208.11,v44392588
2011,0.00,"Windsor, Ontario",24.208.11,v44392588
2012,0.00,"Windsor, Ontario",24.208.11,v44392588
2013,1.00,"Windsor, Ontario",24.208.11,v44392588
2014,2.00,"Windsor, Ontario",24.208.11,v44392588
2015,2.00,"Windsor, Ontario",24.208.11,v44392588
2005,..,"Barrie, Ontario",47.208.11,v52146545
2006,0.00,"Barrie, Ontario",47.208.11,v52146545
2007,1.00,"Barrie, Ontario",47.208.11,v52146545
2008,0.00,"Barrie, Ontario",47.208.11,v52146545
2009,2.00,"Barrie, Ontario",47.208.11,v52146545
2010,2.00,"Barrie, Ontario",47.208.11,v52146545
2011,0.00,"Barrie, Ontario",47.208.11,v52146545
2012,1.00,"Barrie, Ontario",47.208.11,v52146545
2013,0.00,"Barrie, Ontario",47.208.11,v52146545
2014,0.00,"Barrie, Ontario",47.208.11,v52146545
2015,0.00,"Barrie, Ontario",47.208.11,v52146545
2002,..,"Sudbury, Ontario",25.208.11,v44375961
2003,0.00,"Sudbury, Ontario",25.208.11,v44375961
2004,..,"Sudbury, Ontario",25.208.11,v44375961
2005,..,"Sudbury, Ontario",25.208.11,v44375961
2006,0.00,"Sudbury, Ontario",25.208.11,v44375961
2007,0.00,"Sudbury, Ontario",25.208.11,v44375961
2008,0.00,"Sudbury, Ontario",25.208.11,v44375961
2009,0.00,"Sudbury, Ontario",25.208.11,v44375961
2010,0.00,"Sudbury, Ontario",25.208.11,v44375961
2011,0.00,"Sudbury, Ontario",25.208.11,v44375961
2012,0.00,"Sudbury, Ontario",25.208.11,v44375961
2013,0.00,"Sudbury, Ontario",25.208.11,v44375961
2014,0.00,"Sudbury, Ontario",25.208.11,v44375961
2015,0.00,"Sudbury, Ontario",25.208.11,v44375961
1998,0.00,"Thunder Bay, Ontario",26.208.11,v44338197
1999,0.00,"Thunder Bay, Ontario",26.208.11,v44338197
2000,0.00,"Thunder Bay, Ontario",26.208.11,v44338197
2001,0.00,"Thunder Bay, Ontario",26.208.11,v44338197
2002,0.00,"Thunder Bay, Ontario",26.208.11,v44338197
2003,0.00,"Thunder Bay, Ontario",26.208.11,v44338197
2004,0.00,"Thunder Bay, Ontario",26.208.11,v44338197
2005,0.00,"Thunder Bay, Ontario",26.208.11,v44338197
2006,0.00,"Thunder Bay, Ontario",26.208.11,v44338197
2007,0.00,"Thunder Bay, Ontario",26.208.11,v44338197
2008,0.00,"Thunder Bay, Ontario",26.208.11,v44338197
2009,0.00,"Thunder Bay, Ontario",26.208.11,v44338197
2010,0.00,"Thunder Bay, Ontario",26.208.11,v44338197
2011,0.00,"Thunder Bay, Ontario",26.208.11,v44338197
2012,0.00,"Thunder Bay, Ontario",26.208.11,v44338197
2013,0.00,"Thunder Bay, Ontario",26.208.11,v44338197
2014,0.00,"Thunder Bay, Ontario",26.208.11,v44338197
2015,0.00,"Thunder Bay, Ontario",26.208.11,v44338197
1998,0.00,"Manitoba",28.208.11,v44408593
1999,0.00,"Manitoba",28.208.11,v44408593
2000,0.00,"Manitoba",28.208.11,v44408593
2001,1.00,"Manitoba",28.208.11,v44408593
2002,0.00,"Manitoba",28.208.11,v44408593
2003,0.00,"Manitoba",28.208.11,v44408593
2004,0.00,"Manitoba",28.208.11,v44408593
2005,1.00,"Manitoba",28.208.11,v44408593
2006,1.00,"Manitoba",28.208.11,v44408593
2007,0.00,"Manitoba",28.208.11,v44408593
2008,0.00,"Manitoba",28.208.11,v44408593
2009,0.00,"Manitoba",28.208.11,v44408593
2010,0.00,"Manitoba",28.208.11,v44408593
2011,0.00,"Manitoba",28.208.11,v44408593
2012,0.00,"Manitoba",28.208.11,v44408593
2013,0.00,"Manitoba",28.208.11,v44408593
2014,0.00,"Manitoba",28.208.11,v44408593
2015,0.00,"Manitoba",28.208.11,v44408593
1998,0.00,"Winnipeg, Manitoba",29.208.11,v44387908
1999,..,"Winnipeg, Manitoba",29.208.11,v44387908
2000,..,"Winnipeg, Manitoba",29.208.11,v44387908
2001,..,"Winnipeg, Manitoba",29.208.11,v44387908
2002,..,"Winnipeg, Manitoba",29.208.11,v44387908
2003,..,"Winnipeg, Manitoba",29.208.11,v44387908
2004,..,"Winnipeg, Manitoba",29.208.11,v44387908
2005,..,"Winnipeg, Manitoba",29.208.11,v44387908
2006,0.00,"Winnipeg, Manitoba",29.208.11,v44387908
2007,0.00,"Winnipeg, Manitoba",29.208.11,v44387908
2008,0.00,"Winnipeg, Manitoba",29.208.11,v44387908
2009,0.00,"Winnipeg, Manitoba",29.208.11,v44387908
2010,0.00,"Winnipeg, Manitoba",29.208.11,v44387908
2011,0.00,"Winnipeg, Manitoba",29.208.11,v44387908
2012,0.00,"Winnipeg, Manitoba",29.208.11,v44387908
2013,0.00,"Winnipeg, Manitoba",29.208.11,v44387908
2014,0.00,"Winnipeg, Manitoba",29.208.11,v44387908
2015,0.00,"Winnipeg, Manitoba",29.208.11,v44387908
1998,0.00,"Saskatchewan",30.208.11,v44365609
1999,0.00,"Saskatchewan",30.208.11,v44365609
2000,1.00,"Saskatchewan",30.208.11,v44365609
2001,2.00,"Saskatchewan",30.208.11,v44365609
2002,0.00,"Saskatchewan",30.208.11,v44365609
2003,0.00,"Saskatchewan",30.208.11,v44365609
2004,0.00,"Saskatchewan",30.208.11,v44365609
2005,0.00,"Saskatchewan",30.208.11,v44365609
2006,0.00,"Saskatchewan",30.208.11,v44365609
2007,0.00,"Saskatchewan",30.208.11,v44365609
2008,0.00,"Saskatchewan",30.208.11,v44365609
2009,0.00,"Saskatchewan",30.208.11,v44365609
2010,0.00,"Saskatchewan",30.208.11,v44365609
2011,1.00,"Saskatchewan",30.208.11,v44365609
2012,0.00,"Saskatchewan",30.208.11,v44365609
2013,0.00,"Saskatchewan",30.208.11,v44365609
2014,0.00,"Saskatchewan",30.208.11,v44365609
2015,0.00,"Saskatchewan",30.208.11,v44365609
1998,0.00,"Regina, Saskatchewan",31.208.11,v44371931
1999,0.00,"Regina, Saskatchewan",31.208.11,v44371931
2000,0.00,"Regina, Saskatchewan",31.208.11,v44371931
2001,1.00,"Regina, Saskatchewan",31.208.11,v44371931
2002,0.00,"Regina, Saskatchewan",31.208.11,v44371931
2003,0.00,"Regina, Saskatchewan",31.208.11,v44371931
2004,0.00,"Regina, Saskatchewan",31.208.11,v44371931
2005,0.00,"Regina, Saskatchewan",31.208.11,v44371931
2006,0.00,"Regina, Saskatchewan",31.208.11,v44371931
2007,0.00,"Regina, Saskatchewan",31.208.11,v44371931
2008,0.00,"Regina, Saskatchewan",31.208.11,v44371931
2009,0.00,"Regina, Saskatchewan",31.208.11,v44371931
2010,0.00,"Regina, Saskatchewan",31.208.11,v44371931
2011,0.00,"Regina, Saskatchewan",31.208.11,v44371931
2012,0.00,"Regina, Saskatchewan",31.208.11,v44371931
2013,0.00,"Regina, Saskatchewan",31.208.11,v44371931
2014,0.00,"Regina, Saskatchewan",31.208.11,v44371931
2015,0.00,"Regina, Saskatchewan",31.208.11,v44371931
1998,..,"Saskatoon, Saskatchewan",32.208.11,v44386778
1999,0.00,"Saskatoon, Saskatchewan",32.208.11,v44386778
2000,..,"Saskatoon, Saskatchewan",32.208.11,v44386778
2001,..,"Saskatoon, Saskatchewan",32.208.11,v44386778
2002,..,"Saskatoon, Saskatchewan",32.208.11,v44386778
2003,..,"Saskatoon, Saskatchewan",32.208.11,v44386778
2004,0.00,"Saskatoon, Saskatchewan",32.208.11,v44386778
2005,..,"Saskatoon, Saskatchewan",32.208.11,v44386778
2006,0.00,"Saskatoon, Saskatchewan",32.208.11,v44386778
2007,0.00,"Saskatoon, Saskatchewan",32.208.11,v44386778
2008,0.00,"Saskatoon, Saskatchewan",32.208.11,v44386778
2009,0.00,"Saskatoon, Saskatchewan",32.208.11,v44386778
2010,0.00,"Saskatoon, Saskatchewan",32.208.11,v44386778
2011,0.00,"Saskatoon, Saskatchewan",32.208.11,v44386778
2012,0.00,"Saskatoon, Saskatchewan",32.208.11,v44386778
2013,0.00,"Saskatoon, Saskatchewan",32.208.11,v44386778
2014,0.00,"Saskatoon, Saskatchewan",32.208.11,v44386778
2015,0.00,"Saskatoon, Saskatchewan",32.208.11,v44386778
1998,0.00,"Alberta",33.208.11,v44363860
1999,0.00,"Alberta",33.208.11,v44363860
2000,2.00,"Alberta",33.208.11,v44363860
2001,0.00,"Alberta",33.208.11,v44363860
2002,0.00,"Alberta",33.208.11,v44363860
2003,0.00,"Alberta",33.208.11,v44363860
2004,0.00,"Alberta",33.208.11,v44363860
2005,0.00,"Alberta",33.208.11,v44363860
2006,0.00,"Alberta",33.208.11,v44363860
2007,0.00,"Alberta",33.208.11,v44363860
2008,0.00,"Alberta",33.208.11,v44363860
2009,0.00,"Alberta",33.208.11,v44363860
2010,0.00,"Alberta",33.208.11,v44363860
2011,0.00,"Alberta",33.208.11,v44363860
2012,0.00,"Alberta",33.208.11,v44363860
2013,0.00,"Alberta",33.208.11,v44363860
2014,0.00,"Alberta",33.208.11,v44363860
2015,0.00,"Alberta",33.208.11,v44363860
1998,0.00,"Calgary, Alberta",34.208.11,v44345656
1999,..,"Calgary, Alberta",34.208.11,v44345656
2000,0.00,"Calgary, Alberta",34.208.11,v44345656
2001,0.00,"Calgary, Alberta",34.208.11,v44345656
2002,..,"Calgary, Alberta",34.208.11,v44345656
2003,0.00,"Calgary, Alberta",34.208.11,v44345656
2004,..,"Calgary, Alberta",34.208.11,v44345656
2005,..,"Calgary, Alberta",34.208.11,v44345656
2006,0.00,"Calgary, Alberta",34.208.11,v44345656
2007,0.00,"Calgary, Alberta",34.208.11,v44345656
2008,0.00,"Calgary, Alberta",34.208.11,v44345656
2009,0.00,"Calgary, Alberta",34.208.11,v44345656
2010,0.00,"Calgary, Alberta",34.208.11,v44345656
2011,0.00,"Calgary, Alberta",34.208.11,v44345656
2012,0.00,"Calgary, Alberta",34.208.11,v44345656
2013,0.00,"Calgary, Alberta",34.208.11,v44345656
2014,0.00,"Calgary, Alberta",34.208.11,v44345656
2015,0.00,"Calgary, Alberta",34.208.11,v44345656
1998,0.00,"Edmonton, Alberta",35.208.11,v44409685
1999,0.00,"Edmonton, Alberta",35.208.11,v44409685
2000,0.00,"Edmonton, Alberta",35.208.11,v44409685
2001,0.00,"Edmonton, Alberta",35.208.11,v44409685
2002,0.00,"Edmonton, Alberta",35.208.11,v44409685
2003,0.00,"Edmonton, Alberta",35.208.11,v44409685
2004,0.00,"Edmonton, Alberta",35.208.11,v44409685
2005,0.00,"Edmonton, Alberta",35.208.11,v44409685
2006,0.00,"Edmonton, Alberta",35.208.11,v44409685
2007,0.00,"Edmonton, Alberta",35.208.11,v44409685
2008,0.00,"Edmonton, Alberta",35.208.11,v44409685
2009,0.00,"Edmonton, Alberta",35.208.11,v44409685
2010,0.00,"Edmonton, Alberta",35.208.11,v44409685
2011,0.00,"Edmonton, Alberta",35.208.11,v44409685
2012,0.00,"Edmonton, Alberta",35.208.11,v44409685
2013,0.00,"Edmonton, Alberta",35.208.11,v44409685
2014,0.00,"Edmonton, Alberta",35.208.11,v44409685
2015,0.00,"Edmonton, Alberta",35.208.11,v44409685
1998,0.00,"British Columbia",36.208.11,v44390791
1999,1.00,"British Columbia",36.208.11,v44390791
2000,1.00,"British Columbia",36.208.11,v44390791
2001,3.00,"British Columbia",36.208.11,v44390791
2002,4.00,"British Columbia",36.208.11,v44390791
2003,0.00,"British Columbia",36.208.11,v44390791
2004,0.00,"British Columbia",36.208.11,v44390791
2005,0.00,"British Columbia",36.208.11,v44390791
2006,4.00,"British Columbia",36.208.11,v44390791
2007,4.00,"British Columbia",36.208.11,v44390791
2008,1.00,"British Columbia",36.208.11,v44390791
2009,0.00,"British Columbia",36.208.11,v44390791
2010,2.00,"British Columbia",36.208.11,v44390791
2011,4.00,"British Columbia",36.208.11,v44390791
2012,8.00,"British Columbia",36.208.11,v44390791
2013,14.00,"British Columbia",36.208.11,v44390791
2014,8.00,"British Columbia",36.208.11,v44390791
2015,1.00,"British Columbia",36.208.11,v44390791
2005,..,"Kelowna, British Columbia",48.208.11,v52145981
2006,0.00,"Kelowna, British Columbia",48.208.11,v52145981
2007,1.00,"Kelowna, British Columbia",48.208.11,v52145981
2008,0.00,"Kelowna, British Columbia",48.208.11,v52145981
2009,0.00,"Kelowna, British Columbia",48.208.11,v52145981
2010,0.00,"Kelowna, British Columbia",48.208.11,v52145981
2011,0.00,"Kelowna, British Columbia",48.208.11,v52145981
2012,0.00,"Kelowna, British Columbia",48.208.11,v52145981
2013,0.00,"Kelowna, British Columbia",48.208.11,v52145981
2014,0.00,"Kelowna, British Columbia",48.208.11,v52145981
2015,0.00,"Kelowna, British Columbia",48.208.11,v52145981
2000,..,"Abbotsford-Mission, British Columbia",39.208.11,v44359251
2001,1.00,"Abbotsford-Mission, British Columbia",39.208.11,v44359251
2002,1.00,"Abbotsford-Mission, British Columbia",39.208.11,v44359251
2003,0.00,"Abbotsford-Mission, British Columbia",39.208.11,v44359251
2004,0.00,"Abbotsford-Mission, British Columbia",39.208.11,v44359251
2005,0.00,"Abbotsford-Mission, British Columbia",39.208.11,v44359251
2006,0.00,"Abbotsford-Mission, British Columbia",39.208.11,v44359251
2007,0.00,"Abbotsford-Mission, British Columbia",39.208.11,v44359251
2008,0.00,"Abbotsford-Mission, British Columbia",39.208.11,v44359251
2009,0.00,"Abbotsford-Mission, British Columbia",39.208.11,v44359251
2010,0.00,"Abbotsford-Mission, British Columbia",39.208.11,v44359251
2011,0.00,"Abbotsford-Mission, British Columbia",39.208.11,v44359251
2012,0.00,"Abbotsford-Mission, British Columbia",39.208.11,v44359251
2013,0.00,"Abbotsford-Mission, British Columbia",39.208.11,v44359251
2014,0.00,"Abbotsford-Mission, British Columbia",39.208.11,v44359251
2015,0.00,"Abbotsford-Mission, British Columbia",39.208.11,v44359251
1998,0.00,"Vancouver, British Columbia",37.208.11,v44371796
1999,0.00,"Vancouver, British Columbia",37.208.11,v44371796
2000,0.00,"Vancouver, British Columbia",37.208.11,v44371796
2001,0.00,"Vancouver, British Columbia",37.208.11,v44371796
2002,0.00,"Vancouver, British Columbia",37.208.11,v44371796
2003,0.00,"Vancouver, British Columbia",37.208.11,v44371796
2004,0.00,"Vancouver, British Columbia",37.208.11,v44371796
2005,0.00,"Vancouver, British Columbia",37.208.11,v44371796
2006,0.00,"Vancouver, British Columbia",37.208.11,v44371796
2007,0.00,"Vancouver, British Columbia",37.208.11,v44371796
2008,0.00,"Vancouver, British Columbia",37.208.11,v44371796
2009,0.00,"Vancouver, British Columbia",37.208.11,v44371796
2010,0.00,"Vancouver, British Columbia",37.208.11,v44371796
2011,0.00,"Vancouver, British Columbia",37.208.11,v44371796
2012,0.00,"Vancouver, British Columbia",37.208.11,v44371796
2013,2.00,"Vancouver, British Columbia",37.208.11,v44371796
2014,3.00,"Vancouver, British Columbia",37.208.11,v44371796
2015,0.00,"Vancouver, British Columbia",37.208.11,v44371796
1998,0.00,"Victoria, British Columbia",38.208.11,v44367600
1999,1.00,"Victoria, British Columbia",38.208.11,v44367600
2000,0.00,"Victoria, British Columbia",38.208.11,v44367600
2001,0.00,"Victoria, British Columbia",38.208.11,v44367600
2002,0.00,"Victoria, British Columbia",38.208.11,v44367600
2003,0.00,"Victoria, British Columbia",38.208.11,v44367600
2004,0.00,"Victoria, British Columbia",38.208.11,v44367600
2005,0.00,"Victoria, British Columbia",38.208.11,v44367600
2006,0.00,"Victoria, British Columbia",38.208.11,v44367600
2007,0.00,"Victoria, British Columbia",38.208.11,v44367600
2008,0.00,"Victoria, British Columbia",38.208.11,v44367600
2009,0.00,"Victoria, British Columbia",38.208.11,v44367600
2010,0.00,"Victoria, British Columbia",38.208.11,v44367600
2011,1.00,"Victoria, British Columbia",38.208.11,v44367600
2012,0.00,"Victoria, British Columbia",38.208.11,v44367600
2013,0.00,"Victoria, British Columbia",38.208.11,v44367600
2014,0.00,"Victoria, British Columbia",38.208.11,v44367600
2015,0.00,"Victoria, British Columbia",38.208.11,v44367600
1998,0.00,"Yukon",40.208.11,v44415512
1999,0.00,"Yukon",40.208.11,v44415512
2000,0.00,"Yukon",40.208.11,v44415512
2001,0.00,"Yukon",40.208.11,v44415512
2002,..,"Yukon",40.208.11,v44415512
2003,..,"Yukon",40.208.11,v44415512
2004,..,"Yukon",40.208.11,v44415512
2005,..,"Yukon",40.208.11,v44415512
2006,0.00,"Yukon",40.208.11,v44415512
2007,0.00,"Yukon",40.208.11,v44415512
2008,0.00,"Yukon",40.208.11,v44415512
2009,0.00,"Yukon",40.208.11,v44415512
2010,0.00,"Yukon",40.208.11,v44415512
2011,0.00,"Yukon",40.208.11,v44415512
2012,0.00,"Yukon",40.208.11,v44415512
2013,0.00,"Yukon",40.208.11,v44415512
2014,0.00,"Yukon",40.208.11,v44415512
2015,0.00,"Yukon",40.208.11,v44415512
1998,0.00,"Northwest Territories",41.208.11,v44359727
1999,0.00,"Northwest Territories",41.208.11,v44359727
2000,0.00,"Northwest Territories",41.208.11,v44359727
2001,0.00,"Northwest Territories",41.208.11,v44359727
2002,0.00,"Northwest Territories",41.208.11,v44359727
2003,..,"Northwest Territories",41.208.11,v44359727
2004,0.00,"Northwest Territories",41.208.11,v44359727
2005,0.00,"Northwest Territories",41.208.11,v44359727
2006,0.00,"Northwest Territories",41.208.11,v44359727
2007,0.00,"Northwest Territories",41.208.11,v44359727
2008,0.00,"Northwest Territories",41.208.11,v44359727
2009,0.00,"Northwest Territories",41.208.11,v44359727
2010,0.00,"Northwest Territories",41.208.11,v44359727
2011,0.00,"Northwest Territories",41.208.11,v44359727
2012,0.00,"Northwest Territories",41.208.11,v44359727
2013,0.00,"Northwest Territories",41.208.11,v44359727
2014,0.00,"Northwest Territories",41.208.11,v44359727
2015,0.00,"Northwest Territories",41.208.11,v44359727
1998,..,"Nunavut",42.208.11,v44326903
1999,0.00,"Nunavut",42.208.11,v44326903
2000,0.00,"Nunavut",42.208.11,v44326903
2001,0.00,"Nunavut",42.208.11,v44326903
2002,..,"Nunavut",42.208.11,v44326903
2003,0.00,"Nunavut",42.208.11,v44326903
2004,0.00,"Nunavut",42.208.11,v44326903
2005,0.00,"Nunavut",42.208.11,v44326903
2006,0.00,"Nunavut",42.208.11,v44326903
2007,0.00,"Nunavut",42.208.11,v44326903
2008,0.00,"Nunavut",42.208.11,v44326903
2009,0.00,"Nunavut",42.208.11,v44326903
2010,0.00,"Nunavut",42.208.11,v44326903
2011,0.00,"Nunavut",42.208.11,v44326903
2012,0.00,"Nunavut",42.208.11,v44326903
2013,0.00,"Nunavut",42.208.11,v44326903
2014,0.00,"Nunavut",42.208.11,v44326903
2015,0.00,"Nunavut",42.208.11,v44326903
