1998,309.00,"Canada",1.189.1,v44339077
1999,336.00,"Canada",1.189.1,v44339077
2000,398.00,"Canada",1.189.1,v44339077
2001,475.00,"Canada",1.189.1,v44339077
2002,440.00,"Canada",1.189.1,v44339077
2003,389.00,"Canada",1.189.1,v44339077
2004,362.00,"Canada",1.189.1,v44339077
2005,256.00,"Canada",1.189.1,v44339077
2006,272.00,"Canada",1.189.1,v44339077
2007,289.00,"Canada",1.189.1,v44339077
2008,345.00,"Canada",1.189.1,v44339077
2009,350.00,"Canada",1.189.1,v44339077
2010,291.00,"Canada",1.189.1,v44339077
2011,304.00,"Canada",1.189.1,v44339077
2012,301.00,"Canada",1.189.1,v44339077
2013,261.00,"Canada",1.189.1,v44339077
2014,265.00,"Canada",1.189.1,v44339077
2015,214.00,"Canada",1.189.1,v44339077
1998,..,"Newfoundland and Labrador",2.189.1,v44346282
1999,2.00,"Newfoundland and Labrador",2.189.1,v44346282
2000,2.00,"Newfoundland and Labrador",2.189.1,v44346282
2001,1.00,"Newfoundland and Labrador",2.189.1,v44346282
2002,0.00,"Newfoundland and Labrador",2.189.1,v44346282
2003,0.00,"Newfoundland and Labrador",2.189.1,v44346282
2004,1.00,"Newfoundland and Labrador",2.189.1,v44346282
2005,..,"Newfoundland and Labrador",2.189.1,v44346282
2006,0.00,"Newfoundland and Labrador",2.189.1,v44346282
2007,1.00,"Newfoundland and Labrador",2.189.1,v44346282
2008,1.00,"Newfoundland and Labrador",2.189.1,v44346282
2009,1.00,"Newfoundland and Labrador",2.189.1,v44346282
2010,0.00,"Newfoundland and Labrador",2.189.1,v44346282
2011,2.00,"Newfoundland and Labrador",2.189.1,v44346282
2012,0.00,"Newfoundland and Labrador",2.189.1,v44346282
2013,1.00,"Newfoundland and Labrador",2.189.1,v44346282
2014,1.00,"Newfoundland and Labrador",2.189.1,v44346282
2015,0.00,"Newfoundland and Labrador",2.189.1,v44346282
1998,..,"St. John's, Newfoundland and Labrador",3.189.1,v44327386
1999,1.00,"St. John's, Newfoundland and Labrador",3.189.1,v44327386
2000,1.00,"St. John's, Newfoundland and Labrador",3.189.1,v44327386
2001,..,"St. John's, Newfoundland and Labrador",3.189.1,v44327386
2002,..,"St. John's, Newfoundland and Labrador",3.189.1,v44327386
2003,0.00,"St. John's, Newfoundland and Labrador",3.189.1,v44327386
2004,1.00,"St. John's, Newfoundland and Labrador",3.189.1,v44327386
2005,..,"St. John's, Newfoundland and Labrador",3.189.1,v44327386
2006,0.00,"St. John's, Newfoundland and Labrador",3.189.1,v44327386
2007,1.00,"St. John's, Newfoundland and Labrador",3.189.1,v44327386
2008,0.00,"St. John's, Newfoundland and Labrador",3.189.1,v44327386
2009,1.00,"St. John's, Newfoundland and Labrador",3.189.1,v44327386
2010,0.00,"St. John's, Newfoundland and Labrador",3.189.1,v44327386
2011,1.00,"St. John's, Newfoundland and Labrador",3.189.1,v44327386
2012,0.00,"St. John's, Newfoundland and Labrador",3.189.1,v44327386
2013,0.00,"St. John's, Newfoundland and Labrador",3.189.1,v44327386
2014,1.00,"St. John's, Newfoundland and Labrador",3.189.1,v44327386
2015,0.00,"St. John's, Newfoundland and Labrador",3.189.1,v44327386
2003,..,"Prince Edward Island",4.189.1,v44374934
2004,1.00,"Prince Edward Island",4.189.1,v44374934
2005,..,"Prince Edward Island",4.189.1,v44374934
2006,0.00,"Prince Edward Island",4.189.1,v44374934
2007,0.00,"Prince Edward Island",4.189.1,v44374934
2008,0.00,"Prince Edward Island",4.189.1,v44374934
2009,2.00,"Prince Edward Island",4.189.1,v44374934
2010,0.00,"Prince Edward Island",4.189.1,v44374934
2011,0.00,"Prince Edward Island",4.189.1,v44374934
2012,0.00,"Prince Edward Island",4.189.1,v44374934
2013,1.00,"Prince Edward Island",4.189.1,v44374934
2014,0.00,"Prince Edward Island",4.189.1,v44374934
2015,0.00,"Prince Edward Island",4.189.1,v44374934
1998,1.00,"Nova Scotia",5.189.1,v44360500
1999,2.00,"Nova Scotia",5.189.1,v44360500
2000,2.00,"Nova Scotia",5.189.1,v44360500
2001,2.00,"Nova Scotia",5.189.1,v44360500
2002,3.00,"Nova Scotia",5.189.1,v44360500
2003,3.00,"Nova Scotia",5.189.1,v44360500
2004,4.00,"Nova Scotia",5.189.1,v44360500
2005,6.00,"Nova Scotia",5.189.1,v44360500
2006,2.00,"Nova Scotia",5.189.1,v44360500
2007,1.00,"Nova Scotia",5.189.1,v44360500
2008,5.00,"Nova Scotia",5.189.1,v44360500
2009,2.00,"Nova Scotia",5.189.1,v44360500
2010,4.00,"Nova Scotia",5.189.1,v44360500
2011,3.00,"Nova Scotia",5.189.1,v44360500
2012,7.00,"Nova Scotia",5.189.1,v44360500
2013,6.00,"Nova Scotia",5.189.1,v44360500
2014,9.00,"Nova Scotia",5.189.1,v44360500
2015,4.00,"Nova Scotia",5.189.1,v44360500
1998,1.00,"Halifax, Nova Scotia",6.189.1,v44410341
1999,1.00,"Halifax, Nova Scotia",6.189.1,v44410341
2000,0.00,"Halifax, Nova Scotia",6.189.1,v44410341
2001,1.00,"Halifax, Nova Scotia",6.189.1,v44410341
2002,2.00,"Halifax, Nova Scotia",6.189.1,v44410341
2003,3.00,"Halifax, Nova Scotia",6.189.1,v44410341
2004,2.00,"Halifax, Nova Scotia",6.189.1,v44410341
2005,4.00,"Halifax, Nova Scotia",6.189.1,v44410341
2006,0.00,"Halifax, Nova Scotia",6.189.1,v44410341
2007,0.00,"Halifax, Nova Scotia",6.189.1,v44410341
2008,2.00,"Halifax, Nova Scotia",6.189.1,v44410341
2009,1.00,"Halifax, Nova Scotia",6.189.1,v44410341
2010,4.00,"Halifax, Nova Scotia",6.189.1,v44410341
2011,3.00,"Halifax, Nova Scotia",6.189.1,v44410341
2012,2.00,"Halifax, Nova Scotia",6.189.1,v44410341
2013,2.00,"Halifax, Nova Scotia",6.189.1,v44410341
2014,4.00,"Halifax, Nova Scotia",6.189.1,v44410341
2015,3.00,"Halifax, Nova Scotia",6.189.1,v44410341
1998,4.00,"New Brunswick",7.189.1,v44358367
1999,3.00,"New Brunswick",7.189.1,v44358367
2000,1.00,"New Brunswick",7.189.1,v44358367
2001,2.00,"New Brunswick",7.189.1,v44358367
2002,2.00,"New Brunswick",7.189.1,v44358367
2003,..,"New Brunswick",7.189.1,v44358367
2004,6.00,"New Brunswick",7.189.1,v44358367
2005,1.00,"New Brunswick",7.189.1,v44358367
2006,3.00,"New Brunswick",7.189.1,v44358367
2007,1.00,"New Brunswick",7.189.1,v44358367
2008,2.00,"New Brunswick",7.189.1,v44358367
2009,1.00,"New Brunswick",7.189.1,v44358367
2010,7.00,"New Brunswick",7.189.1,v44358367
2011,2.00,"New Brunswick",7.189.1,v44358367
2012,0.00,"New Brunswick",7.189.1,v44358367
2013,1.00,"New Brunswick",7.189.1,v44358367
2014,5.00,"New Brunswick",7.189.1,v44358367
2015,5.00,"New Brunswick",7.189.1,v44358367
2006,0.00,"Moncton, New Brunswick",43.189.1,v62127635
2007,0.00,"Moncton, New Brunswick",43.189.1,v62127635
2008,0.00,"Moncton, New Brunswick",43.189.1,v62127635
2009,0.00,"Moncton, New Brunswick",43.189.1,v62127635
2010,0.00,"Moncton, New Brunswick",43.189.1,v62127635
2011,1.00,"Moncton, New Brunswick",43.189.1,v62127635
2012,0.00,"Moncton, New Brunswick",43.189.1,v62127635
2013,1.00,"Moncton, New Brunswick",43.189.1,v62127635
2014,0.00,"Moncton, New Brunswick",43.189.1,v62127635
2015,0.00,"Moncton, New Brunswick",43.189.1,v62127635
2000,..,"Saint John, New Brunswick",8.189.1,v44326425
2001,1.00,"Saint John, New Brunswick",8.189.1,v44326425
2002,1.00,"Saint John, New Brunswick",8.189.1,v44326425
2003,..,"Saint John, New Brunswick",8.189.1,v44326425
2004,0.00,"Saint John, New Brunswick",8.189.1,v44326425
2005,0.00,"Saint John, New Brunswick",8.189.1,v44326425
2006,0.00,"Saint John, New Brunswick",8.189.1,v44326425
2007,0.00,"Saint John, New Brunswick",8.189.1,v44326425
2008,2.00,"Saint John, New Brunswick",8.189.1,v44326425
2009,0.00,"Saint John, New Brunswick",8.189.1,v44326425
2010,1.00,"Saint John, New Brunswick",8.189.1,v44326425
2011,0.00,"Saint John, New Brunswick",8.189.1,v44326425
2012,0.00,"Saint John, New Brunswick",8.189.1,v44326425
2013,0.00,"Saint John, New Brunswick",8.189.1,v44326425
2014,0.00,"Saint John, New Brunswick",8.189.1,v44326425
2015,3.00,"Saint John, New Brunswick",8.189.1,v44326425
1998,74.00,"Quebec",9.189.1,v44349156
1999,86.00,"Quebec",9.189.1,v44349156
2000,112.00,"Quebec",9.189.1,v44349156
2001,91.00,"Quebec",9.189.1,v44349156
2002,114.00,"Quebec",9.189.1,v44349156
2003,126.00,"Quebec",9.189.1,v44349156
2004,132.00,"Quebec",9.189.1,v44349156
2005,96.00,"Quebec",9.189.1,v44349156
2006,94.00,"Quebec",9.189.1,v44349156
2007,75.00,"Quebec",9.189.1,v44349156
2008,127.00,"Quebec",9.189.1,v44349156
2009,67.00,"Quebec",9.189.1,v44349156
2010,52.00,"Quebec",9.189.1,v44349156
2011,52.00,"Quebec",9.189.1,v44349156
2012,56.00,"Quebec",9.189.1,v44349156
2013,52.00,"Quebec",9.189.1,v44349156
2014,45.00,"Quebec",9.189.1,v44349156
2015,37.00,"Quebec",9.189.1,v44349156
1999,..,"Saguenay, Quebec",10.189.1,v44413047
2000,2.00,"Saguenay, Quebec",10.189.1,v44413047
2001,..,"Saguenay, Quebec",10.189.1,v44413047
2002,..,"Saguenay, Quebec",10.189.1,v44413047
2003,..,"Saguenay, Quebec",10.189.1,v44413047
2004,..,"Saguenay, Quebec",10.189.1,v44413047
2005,..,"Saguenay, Quebec",10.189.1,v44413047
2006,0.00,"Saguenay, Quebec",10.189.1,v44413047
2007,0.00,"Saguenay, Quebec",10.189.1,v44413047
2008,0.00,"Saguenay, Quebec",10.189.1,v44413047
2009,0.00,"Saguenay, Quebec",10.189.1,v44413047
2010,1.00,"Saguenay, Quebec",10.189.1,v44413047
2011,0.00,"Saguenay, Quebec",10.189.1,v44413047
2012,0.00,"Saguenay, Quebec",10.189.1,v44413047
2013,0.00,"Saguenay, Quebec",10.189.1,v44413047
2014,0.00,"Saguenay, Quebec",10.189.1,v44413047
2015,0.00,"Saguenay, Quebec",10.189.1,v44413047
1998,1.00,"Sherbrooke, Quebec",12.189.1,v44336808
1999,0.00,"Sherbrooke, Quebec",12.189.1,v44336808
2000,2.00,"Sherbrooke, Quebec",12.189.1,v44336808
2001,..,"Sherbrooke, Quebec",12.189.1,v44336808
2002,1.00,"Sherbrooke, Quebec",12.189.1,v44336808
2003,0.00,"Sherbrooke, Quebec",12.189.1,v44336808
2004,..,"Sherbrooke, Quebec",12.189.1,v44336808
2005,1.00,"Sherbrooke, Quebec",12.189.1,v44336808
2006,0.00,"Sherbrooke, Quebec",12.189.1,v44336808
2007,1.00,"Sherbrooke, Quebec",12.189.1,v44336808
2008,0.00,"Sherbrooke, Quebec",12.189.1,v44336808
2009,2.00,"Sherbrooke, Quebec",12.189.1,v44336808
2010,3.00,"Sherbrooke, Quebec",12.189.1,v44336808
2011,1.00,"Sherbrooke, Quebec",12.189.1,v44336808
2012,3.00,"Sherbrooke, Quebec",12.189.1,v44336808
2013,1.00,"Sherbrooke, Quebec",12.189.1,v44336808
2014,4.00,"Sherbrooke, Quebec",12.189.1,v44336808
2015,1.00,"Sherbrooke, Quebec",12.189.1,v44336808
1998,..,"Ottawa-Gatineau, Quebec part",15.189.1,v44361461
1999,1.00,"Ottawa-Gatineau, Quebec part",15.189.1,v44361461
2000,..,"Ottawa-Gatineau, Quebec part",15.189.1,v44361461
2001,..,"Ottawa-Gatineau, Quebec part",15.189.1,v44361461
2002,1.00,"Ottawa-Gatineau, Quebec part",15.189.1,v44361461
2003,..,"Ottawa-Gatineau, Quebec part",15.189.1,v44361461
2004,..,"Ottawa-Gatineau, Quebec part",15.189.1,v44361461
2005,1.00,"Ottawa-Gatineau, Quebec part",15.189.1,v44361461
2006,0.00,"Ottawa-Gatineau, Quebec part",15.189.1,v44361461
2007,0.00,"Ottawa-Gatineau, Quebec part",15.189.1,v44361461
2008,0.00,"Ottawa-Gatineau, Quebec part",15.189.1,v44361461
2009,0.00,"Ottawa-Gatineau, Quebec part",15.189.1,v44361461
2010,0.00,"Ottawa-Gatineau, Quebec part",15.189.1,v44361461
2011,0.00,"Ottawa-Gatineau, Quebec part",15.189.1,v44361461
2012,0.00,"Ottawa-Gatineau, Quebec part",15.189.1,v44361461
2013,1.00,"Ottawa-Gatineau, Quebec part",15.189.1,v44361461
2014,0.00,"Ottawa-Gatineau, Quebec part",15.189.1,v44361461
2015,0.00,"Ottawa-Gatineau, Quebec part",15.189.1,v44361461
1998,162.00,"Ontario",16.189.1,v44358828
1999,186.00,"Ontario",16.189.1,v44358828
2000,224.00,"Ontario",16.189.1,v44358828
2001,322.00,"Ontario",16.189.1,v44358828
2002,274.00,"Ontario",16.189.1,v44358828
2003,210.00,"Ontario",16.189.1,v44358828
2004,167.00,"Ontario",16.189.1,v44358828
2005,107.00,"Ontario",16.189.1,v44358828
2006,136.00,"Ontario",16.189.1,v44358828
2007,157.00,"Ontario",16.189.1,v44358828
2008,158.00,"Ontario",16.189.1,v44358828
2009,217.00,"Ontario",16.189.1,v44358828
2010,169.00,"Ontario",16.189.1,v44358828
2011,185.00,"Ontario",16.189.1,v44358828
2012,192.00,"Ontario",16.189.1,v44358828
2013,170.00,"Ontario",16.189.1,v44358828
2014,172.00,"Ontario",16.189.1,v44358828
2015,142.00,"Ontario",16.189.1,v44358828
1998,3.00,"Ottawa-Gatineau, Ontario/Quebec",17.189.1,v52148928
1999,7.00,"Ottawa-Gatineau, Ontario/Quebec",17.189.1,v52148928
2000,5.00,"Ottawa-Gatineau, Ontario/Quebec",17.189.1,v52148928
2001,6.00,"Ottawa-Gatineau, Ontario/Quebec",17.189.1,v52148928
2002,10.00,"Ottawa-Gatineau, Ontario/Quebec",17.189.1,v52148928
2003,0.00,"Ottawa-Gatineau, Ontario/Quebec",17.189.1,v52148928
2004,4.00,"Ottawa-Gatineau, Ontario/Quebec",17.189.1,v52148928
2005,6.00,"Ottawa-Gatineau, Ontario/Quebec",17.189.1,v52148928
2006,7.00,"Ottawa-Gatineau, Ontario/Quebec",17.189.1,v52148928
2007,10.00,"Ottawa-Gatineau, Ontario/Quebec",17.189.1,v52148928
2008,1.00,"Ottawa-Gatineau, Ontario/Quebec",17.189.1,v52148928
2009,2.00,"Ottawa-Gatineau, Ontario/Quebec",17.189.1,v52148928
2010,3.00,"Ottawa-Gatineau, Ontario/Quebec",17.189.1,v52148928
2011,0.00,"Ottawa-Gatineau, Ontario/Quebec",17.189.1,v52148928
2012,4.00,"Ottawa-Gatineau, Ontario/Quebec",17.189.1,v52148928
2013,5.00,"Ottawa-Gatineau, Ontario/Quebec",17.189.1,v52148928
2014,0.00,"Ottawa-Gatineau, Ontario/Quebec",17.189.1,v52148928
2015,1.00,"Ottawa-Gatineau, Ontario/Quebec",17.189.1,v52148928
1998,3.00,"Ottawa-Gatineau, Ontario part",18.189.1,v44401590
1999,6.00,"Ottawa-Gatineau, Ontario part",18.189.1,v44401590
2000,5.00,"Ottawa-Gatineau, Ontario part",18.189.1,v44401590
2001,6.00,"Ottawa-Gatineau, Ontario part",18.189.1,v44401590
2002,9.00,"Ottawa-Gatineau, Ontario part",18.189.1,v44401590
2003,0.00,"Ottawa-Gatineau, Ontario part",18.189.1,v44401590
2004,4.00,"Ottawa-Gatineau, Ontario part",18.189.1,v44401590
2005,5.00,"Ottawa-Gatineau, Ontario part",18.189.1,v44401590
2006,7.00,"Ottawa-Gatineau, Ontario part",18.189.1,v44401590
2007,10.00,"Ottawa-Gatineau, Ontario part",18.189.1,v44401590
2008,1.00,"Ottawa-Gatineau, Ontario part",18.189.1,v44401590
2009,2.00,"Ottawa-Gatineau, Ontario part",18.189.1,v44401590
2010,3.00,"Ottawa-Gatineau, Ontario part",18.189.1,v44401590
2011,0.00,"Ottawa-Gatineau, Ontario part",18.189.1,v44401590
2012,4.00,"Ottawa-Gatineau, Ontario part",18.189.1,v44401590
2013,4.00,"Ottawa-Gatineau, Ontario part",18.189.1,v44401590
2014,0.00,"Ottawa-Gatineau, Ontario part",18.189.1,v44401590
2015,1.00,"Ottawa-Gatineau, Ontario part",18.189.1,v44401590
2000,..,"Kingston, Ontario",27.189.1,v44338042
2001,1.00,"Kingston, Ontario",27.189.1,v44338042
2002,3.00,"Kingston, Ontario",27.189.1,v44338042
2003,0.00,"Kingston, Ontario",27.189.1,v44338042
2004,1.00,"Kingston, Ontario",27.189.1,v44338042
2005,1.00,"Kingston, Ontario",27.189.1,v44338042
2006,1.00,"Kingston, Ontario",27.189.1,v44338042
2007,0.00,"Kingston, Ontario",27.189.1,v44338042
2008,1.00,"Kingston, Ontario",27.189.1,v44338042
2009,1.00,"Kingston, Ontario",27.189.1,v44338042
2010,0.00,"Kingston, Ontario",27.189.1,v44338042
2011,1.00,"Kingston, Ontario",27.189.1,v44338042
2012,1.00,"Kingston, Ontario",27.189.1,v44338042
2013,0.00,"Kingston, Ontario",27.189.1,v44338042
2014,0.00,"Kingston, Ontario",27.189.1,v44338042
2015,0.00,"Kingston, Ontario",27.189.1,v44338042
2006,0.00,"Peterborough, Ontario",44.189.1,v62130785
2007,0.00,"Peterborough, Ontario",44.189.1,v62130785
2008,0.00,"Peterborough, Ontario",44.189.1,v62130785
2009,0.00,"Peterborough, Ontario",44.189.1,v62130785
2010,0.00,"Peterborough, Ontario",44.189.1,v62130785
2011,0.00,"Peterborough, Ontario",44.189.1,v62130785
2012,0.00,"Peterborough, Ontario",44.189.1,v62130785
2013,0.00,"Peterborough, Ontario",44.189.1,v62130785
2014,0.00,"Peterborough, Ontario",44.189.1,v62130785
2015,0.00,"Peterborough, Ontario",44.189.1,v62130785
1998,107.00,"Toronto, Ontario",19.189.1,v44416129
1999,128.00,"Toronto, Ontario",19.189.1,v44416129
2000,177.00,"Toronto, Ontario",19.189.1,v44416129
2001,274.00,"Toronto, Ontario",19.189.1,v44416129
2002,201.00,"Toronto, Ontario",19.189.1,v44416129
2003,172.00,"Toronto, Ontario",19.189.1,v44416129
2004,128.00,"Toronto, Ontario",19.189.1,v44416129
2005,71.00,"Toronto, Ontario",19.189.1,v44416129
2006,85.00,"Toronto, Ontario",19.189.1,v44416129
2007,97.00,"Toronto, Ontario",19.189.1,v44416129
2008,118.00,"Toronto, Ontario",19.189.1,v44416129
2009,181.00,"Toronto, Ontario",19.189.1,v44416129
2010,131.00,"Toronto, Ontario",19.189.1,v44416129
2011,155.00,"Toronto, Ontario",19.189.1,v44416129
2012,166.00,"Toronto, Ontario",19.189.1,v44416129
2013,146.00,"Toronto, Ontario",19.189.1,v44416129
2014,152.00,"Toronto, Ontario",19.189.1,v44416129
2015,121.00,"Toronto, Ontario",19.189.1,v44416129
1998,5.00,"Hamilton, Ontario",20.189.1,v44359501
1999,1.00,"Hamilton, Ontario",20.189.1,v44359501
2000,0.00,"Hamilton, Ontario",20.189.1,v44359501
2001,3.00,"Hamilton, Ontario",20.189.1,v44359501
2002,5.00,"Hamilton, Ontario",20.189.1,v44359501
2003,8.00,"Hamilton, Ontario",20.189.1,v44359501
2004,2.00,"Hamilton, Ontario",20.189.1,v44359501
2005,2.00,"Hamilton, Ontario",20.189.1,v44359501
2006,1.00,"Hamilton, Ontario",20.189.1,v44359501
2007,3.00,"Hamilton, Ontario",20.189.1,v44359501
2008,4.00,"Hamilton, Ontario",20.189.1,v44359501
2009,8.00,"Hamilton, Ontario",20.189.1,v44359501
2010,6.00,"Hamilton, Ontario",20.189.1,v44359501
2011,5.00,"Hamilton, Ontario",20.189.1,v44359501
2012,6.00,"Hamilton, Ontario",20.189.1,v44359501
2013,3.00,"Hamilton, Ontario",20.189.1,v44359501
2014,4.00,"Hamilton, Ontario",20.189.1,v44359501
2015,5.00,"Hamilton, Ontario",20.189.1,v44359501
1998,5.00,"St.Catharines-Niagara, Ontario",21.189.1,v44357365
1999,4.00,"St.Catharines-Niagara, Ontario",21.189.1,v44357365
2000,2.00,"St.Catharines-Niagara, Ontario",21.189.1,v44357365
2001,7.00,"St.Catharines-Niagara, Ontario",21.189.1,v44357365
2002,25.00,"St.Catharines-Niagara, Ontario",21.189.1,v44357365
2003,1.00,"St.Catharines-Niagara, Ontario",21.189.1,v44357365
2004,0.00,"St.Catharines-Niagara, Ontario",21.189.1,v44357365
2005,5.00,"St.Catharines-Niagara, Ontario",21.189.1,v44357365
2006,9.00,"St.Catharines-Niagara, Ontario",21.189.1,v44357365
2007,2.00,"St.Catharines-Niagara, Ontario",21.189.1,v44357365
2008,1.00,"St.Catharines-Niagara, Ontario",21.189.1,v44357365
2009,5.00,"St.Catharines-Niagara, Ontario",21.189.1,v44357365
2010,6.00,"St.Catharines-Niagara, Ontario",21.189.1,v44357365
2011,3.00,"St.Catharines-Niagara, Ontario",21.189.1,v44357365
2012,1.00,"St.Catharines-Niagara, Ontario",21.189.1,v44357365
2013,2.00,"St.Catharines-Niagara, Ontario",21.189.1,v44357365
2014,3.00,"St.Catharines-Niagara, Ontario",21.189.1,v44357365
2015,6.00,"St.Catharines-Niagara, Ontario",21.189.1,v44357365
1998,..,"Kitchener-Cambridge-Waterloo, Ontario",22.189.1,v44356331
1999,1.00,"Kitchener-Cambridge-Waterloo, Ontario",22.189.1,v44356331
2000,..,"Kitchener-Cambridge-Waterloo, Ontario",22.189.1,v44356331
2001,1.00,"Kitchener-Cambridge-Waterloo, Ontario",22.189.1,v44356331
2002,2.00,"Kitchener-Cambridge-Waterloo, Ontario",22.189.1,v44356331
2003,..,"Kitchener-Cambridge-Waterloo, Ontario",22.189.1,v44356331
2004,..,"Kitchener-Cambridge-Waterloo, Ontario",22.189.1,v44356331
2005,1.00,"Kitchener-Cambridge-Waterloo, Ontario",22.189.1,v44356331
2006,2.00,"Kitchener-Cambridge-Waterloo, Ontario",22.189.1,v44356331
2007,1.00,"Kitchener-Cambridge-Waterloo, Ontario",22.189.1,v44356331
2008,1.00,"Kitchener-Cambridge-Waterloo, Ontario",22.189.1,v44356331
2009,0.00,"Kitchener-Cambridge-Waterloo, Ontario",22.189.1,v44356331
2010,2.00,"Kitchener-Cambridge-Waterloo, Ontario",22.189.1,v44356331
2011,0.00,"Kitchener-Cambridge-Waterloo, Ontario",22.189.1,v44356331
2012,0.00,"Kitchener-Cambridge-Waterloo, Ontario",22.189.1,v44356331
2013,0.00,"Kitchener-Cambridge-Waterloo, Ontario",22.189.1,v44356331
2014,0.00,"Kitchener-Cambridge-Waterloo, Ontario",22.189.1,v44356331
2015,0.00,"Kitchener-Cambridge-Waterloo, Ontario",22.189.1,v44356331
2006,0.00,"Brantford, Ontario",45.189.1,v62133935
2007,0.00,"Brantford, Ontario",45.189.1,v62133935
2008,0.00,"Brantford, Ontario",45.189.1,v62133935
2009,0.00,"Brantford, Ontario",45.189.1,v62133935
2010,0.00,"Brantford, Ontario",45.189.1,v62133935
2011,0.00,"Brantford, Ontario",45.189.1,v62133935
2012,0.00,"Brantford, Ontario",45.189.1,v62133935
2013,0.00,"Brantford, Ontario",45.189.1,v62133935
2014,0.00,"Brantford, Ontario",45.189.1,v62133935
2015,1.00,"Brantford, Ontario",45.189.1,v62133935
2006,0.00,"Guelph, Ontario",46.189.1,v62137085
2007,0.00,"Guelph, Ontario",46.189.1,v62137085
2008,0.00,"Guelph, Ontario",46.189.1,v62137085
2009,0.00,"Guelph, Ontario",46.189.1,v62137085
2010,0.00,"Guelph, Ontario",46.189.1,v62137085
2011,0.00,"Guelph, Ontario",46.189.1,v62137085
2012,0.00,"Guelph, Ontario",46.189.1,v62137085
2013,0.00,"Guelph, Ontario",46.189.1,v62137085
2014,0.00,"Guelph, Ontario",46.189.1,v62137085
2015,0.00,"Guelph, Ontario",46.189.1,v62137085
1998,0.00,"London, Ontario",23.189.1,v44393043
1999,0.00,"London, Ontario",23.189.1,v44393043
2000,1.00,"London, Ontario",23.189.1,v44393043
2001,2.00,"London, Ontario",23.189.1,v44393043
2002,1.00,"London, Ontario",23.189.1,v44393043
2003,4.00,"London, Ontario",23.189.1,v44393043
2004,2.00,"London, Ontario",23.189.1,v44393043
2005,6.00,"London, Ontario",23.189.1,v44393043
2006,2.00,"London, Ontario",23.189.1,v44393043
2007,2.00,"London, Ontario",23.189.1,v44393043
2008,3.00,"London, Ontario",23.189.1,v44393043
2009,1.00,"London, Ontario",23.189.1,v44393043
2010,2.00,"London, Ontario",23.189.1,v44393043
2011,2.00,"London, Ontario",23.189.1,v44393043
2012,1.00,"London, Ontario",23.189.1,v44393043
2013,1.00,"London, Ontario",23.189.1,v44393043
2014,0.00,"London, Ontario",23.189.1,v44393043
2015,0.00,"London, Ontario",23.189.1,v44393043
1998,38.00,"Windsor, Ontario",24.189.1,v44414365
1999,42.00,"Windsor, Ontario",24.189.1,v44414365
2000,31.00,"Windsor, Ontario",24.189.1,v44414365
2001,24.00,"Windsor, Ontario",24.189.1,v44414365
2002,20.00,"Windsor, Ontario",24.189.1,v44414365
2003,17.00,"Windsor, Ontario",24.189.1,v44414365
2004,23.00,"Windsor, Ontario",24.189.1,v44414365
2005,11.00,"Windsor, Ontario",24.189.1,v44414365
2006,23.00,"Windsor, Ontario",24.189.1,v44414365
2007,20.00,"Windsor, Ontario",24.189.1,v44414365
2008,8.00,"Windsor, Ontario",24.189.1,v44414365
2009,17.00,"Windsor, Ontario",24.189.1,v44414365
2010,5.00,"Windsor, Ontario",24.189.1,v44414365
2011,12.00,"Windsor, Ontario",24.189.1,v44414365
2012,12.00,"Windsor, Ontario",24.189.1,v44414365
2013,11.00,"Windsor, Ontario",24.189.1,v44414365
2014,8.00,"Windsor, Ontario",24.189.1,v44414365
2015,4.00,"Windsor, Ontario",24.189.1,v44414365
2006,0.00,"Barrie, Ontario",47.189.1,v52144027
2007,0.00,"Barrie, Ontario",47.189.1,v52144027
2008,2.00,"Barrie, Ontario",47.189.1,v52144027
2009,0.00,"Barrie, Ontario",47.189.1,v52144027
2010,0.00,"Barrie, Ontario",47.189.1,v52144027
2011,0.00,"Barrie, Ontario",47.189.1,v52144027
2012,0.00,"Barrie, Ontario",47.189.1,v52144027
2013,0.00,"Barrie, Ontario",47.189.1,v52144027
2014,1.00,"Barrie, Ontario",47.189.1,v52144027
2015,0.00,"Barrie, Ontario",47.189.1,v52144027
1999,..,"Sudbury, Ontario",25.189.1,v44358080
2000,1.00,"Sudbury, Ontario",25.189.1,v44358080
2001,0.00,"Sudbury, Ontario",25.189.1,v44358080
2002,..,"Sudbury, Ontario",25.189.1,v44358080
2003,..,"Sudbury, Ontario",25.189.1,v44358080
2004,..,"Sudbury, Ontario",25.189.1,v44358080
2005,..,"Sudbury, Ontario",25.189.1,v44358080
2006,0.00,"Sudbury, Ontario",25.189.1,v44358080
2007,0.00,"Sudbury, Ontario",25.189.1,v44358080
2008,0.00,"Sudbury, Ontario",25.189.1,v44358080
2009,0.00,"Sudbury, Ontario",25.189.1,v44358080
2010,0.00,"Sudbury, Ontario",25.189.1,v44358080
2011,0.00,"Sudbury, Ontario",25.189.1,v44358080
2012,0.00,"Sudbury, Ontario",25.189.1,v44358080
2013,0.00,"Sudbury, Ontario",25.189.1,v44358080
2014,0.00,"Sudbury, Ontario",25.189.1,v44358080
2015,0.00,"Sudbury, Ontario",25.189.1,v44358080
2005,..,"Thunder Bay, Ontario",26.189.1,v44412348
2006,1.00,"Thunder Bay, Ontario",26.189.1,v44412348
2007,12.00,"Thunder Bay, Ontario",26.189.1,v44412348
2008,15.00,"Thunder Bay, Ontario",26.189.1,v44412348
2009,0.00,"Thunder Bay, Ontario",26.189.1,v44412348
2010,7.00,"Thunder Bay, Ontario",26.189.1,v44412348
2011,1.00,"Thunder Bay, Ontario",26.189.1,v44412348
2012,0.00,"Thunder Bay, Ontario",26.189.1,v44412348
2013,0.00,"Thunder Bay, Ontario",26.189.1,v44412348
2014,0.00,"Thunder Bay, Ontario",26.189.1,v44412348
2015,0.00,"Thunder Bay, Ontario",26.189.1,v44412348
1998,1.00,"Manitoba",28.189.1,v44387520
1999,4.00,"Manitoba",28.189.1,v44387520
2000,1.00,"Manitoba",28.189.1,v44387520
2001,1.00,"Manitoba",28.189.1,v44387520
2002,3.00,"Manitoba",28.189.1,v44387520
2003,3.00,"Manitoba",28.189.1,v44387520
2004,1.00,"Manitoba",28.189.1,v44387520
2005,1.00,"Manitoba",28.189.1,v44387520
2006,0.00,"Manitoba",28.189.1,v44387520
2007,4.00,"Manitoba",28.189.1,v44387520
2008,4.00,"Manitoba",28.189.1,v44387520
2009,2.00,"Manitoba",28.189.1,v44387520
2010,0.00,"Manitoba",28.189.1,v44387520
2011,3.00,"Manitoba",28.189.1,v44387520
2012,2.00,"Manitoba",28.189.1,v44387520
2013,5.00,"Manitoba",28.189.1,v44387520
2014,1.00,"Manitoba",28.189.1,v44387520
2015,4.00,"Manitoba",28.189.1,v44387520
1998,1.00,"Winnipeg, Manitoba",29.189.1,v44410531
1999,4.00,"Winnipeg, Manitoba",29.189.1,v44410531
2000,1.00,"Winnipeg, Manitoba",29.189.1,v44410531
2001,1.00,"Winnipeg, Manitoba",29.189.1,v44410531
2002,3.00,"Winnipeg, Manitoba",29.189.1,v44410531
2003,3.00,"Winnipeg, Manitoba",29.189.1,v44410531
2004,1.00,"Winnipeg, Manitoba",29.189.1,v44410531
2005,1.00,"Winnipeg, Manitoba",29.189.1,v44410531
2006,0.00,"Winnipeg, Manitoba",29.189.1,v44410531
2007,2.00,"Winnipeg, Manitoba",29.189.1,v44410531
2008,0.00,"Winnipeg, Manitoba",29.189.1,v44410531
2009,1.00,"Winnipeg, Manitoba",29.189.1,v44410531
2010,0.00,"Winnipeg, Manitoba",29.189.1,v44410531
2011,1.00,"Winnipeg, Manitoba",29.189.1,v44410531
2012,0.00,"Winnipeg, Manitoba",29.189.1,v44410531
2013,2.00,"Winnipeg, Manitoba",29.189.1,v44410531
2014,0.00,"Winnipeg, Manitoba",29.189.1,v44410531
2015,2.00,"Winnipeg, Manitoba",29.189.1,v44410531
1998,16.00,"Saskatchewan",30.189.1,v44413872
1999,0.00,"Saskatchewan",30.189.1,v44413872
2000,0.00,"Saskatchewan",30.189.1,v44413872
2001,..,"Saskatchewan",30.189.1,v44413872
2002,2.00,"Saskatchewan",30.189.1,v44413872
2003,..,"Saskatchewan",30.189.1,v44413872
2004,0.00,"Saskatchewan",30.189.1,v44413872
2005,..,"Saskatchewan",30.189.1,v44413872
2006,0.00,"Saskatchewan",30.189.1,v44413872
2007,0.00,"Saskatchewan",30.189.1,v44413872
2008,1.00,"Saskatchewan",30.189.1,v44413872
2009,1.00,"Saskatchewan",30.189.1,v44413872
2010,0.00,"Saskatchewan",30.189.1,v44413872
2011,5.00,"Saskatchewan",30.189.1,v44413872
2012,4.00,"Saskatchewan",30.189.1,v44413872
2013,0.00,"Saskatchewan",30.189.1,v44413872
2014,0.00,"Saskatchewan",30.189.1,v44413872
2015,0.00,"Saskatchewan",30.189.1,v44413872
1999,..,"Regina, Saskatchewan",31.189.1,v44378363
2000,0.00,"Regina, Saskatchewan",31.189.1,v44378363
2001,..,"Regina, Saskatchewan",31.189.1,v44378363
2002,1.00,"Regina, Saskatchewan",31.189.1,v44378363
2003,..,"Regina, Saskatchewan",31.189.1,v44378363
2004,0.00,"Regina, Saskatchewan",31.189.1,v44378363
2005,..,"Regina, Saskatchewan",31.189.1,v44378363
2006,0.00,"Regina, Saskatchewan",31.189.1,v44378363
2007,0.00,"Regina, Saskatchewan",31.189.1,v44378363
2008,0.00,"Regina, Saskatchewan",31.189.1,v44378363
2009,0.00,"Regina, Saskatchewan",31.189.1,v44378363
2010,0.00,"Regina, Saskatchewan",31.189.1,v44378363
2011,1.00,"Regina, Saskatchewan",31.189.1,v44378363
2012,2.00,"Regina, Saskatchewan",31.189.1,v44378363
2013,0.00,"Regina, Saskatchewan",31.189.1,v44378363
2014,0.00,"Regina, Saskatchewan",31.189.1,v44378363
2015,0.00,"Regina, Saskatchewan",31.189.1,v44378363
2006,0.00,"Saskatoon, Saskatchewan",32.189.1,v62092985
2007,0.00,"Saskatoon, Saskatchewan",32.189.1,v62092985
2008,0.00,"Saskatoon, Saskatchewan",32.189.1,v62092985
2009,0.00,"Saskatoon, Saskatchewan",32.189.1,v62092985
2010,0.00,"Saskatoon, Saskatchewan",32.189.1,v62092985
2011,0.00,"Saskatoon, Saskatchewan",32.189.1,v62092985
2012,0.00,"Saskatoon, Saskatchewan",32.189.1,v62092985
2013,0.00,"Saskatoon, Saskatchewan",32.189.1,v62092985
2014,0.00,"Saskatoon, Saskatchewan",32.189.1,v62092985
2015,0.00,"Saskatoon, Saskatchewan",32.189.1,v62092985
1998,7.00,"Alberta",33.189.1,v44329979
1999,1.00,"Alberta",33.189.1,v44329979
2000,4.00,"Alberta",33.189.1,v44329979
2001,1.00,"Alberta",33.189.1,v44329979
2002,4.00,"Alberta",33.189.1,v44329979
2003,2.00,"Alberta",33.189.1,v44329979
2004,12.00,"Alberta",33.189.1,v44329979
2005,5.00,"Alberta",33.189.1,v44329979
2006,6.00,"Alberta",33.189.1,v44329979
2007,10.00,"Alberta",33.189.1,v44329979
2008,8.00,"Alberta",33.189.1,v44329979
2009,12.00,"Alberta",33.189.1,v44329979
2010,9.00,"Alberta",33.189.1,v44329979
2011,11.00,"Alberta",33.189.1,v44329979
2012,11.00,"Alberta",33.189.1,v44329979
2013,6.00,"Alberta",33.189.1,v44329979
2014,10.00,"Alberta",33.189.1,v44329979
2015,8.00,"Alberta",33.189.1,v44329979
1998,2.00,"Calgary, Alberta",34.189.1,v44332591
1999,..,"Calgary, Alberta",34.189.1,v44332591
2000,1.00,"Calgary, Alberta",34.189.1,v44332591
2001,1.00,"Calgary, Alberta",34.189.1,v44332591
2002,1.00,"Calgary, Alberta",34.189.1,v44332591
2003,1.00,"Calgary, Alberta",34.189.1,v44332591
2004,9.00,"Calgary, Alberta",34.189.1,v44332591
2005,2.00,"Calgary, Alberta",34.189.1,v44332591
2006,2.00,"Calgary, Alberta",34.189.1,v44332591
2007,3.00,"Calgary, Alberta",34.189.1,v44332591
2008,2.00,"Calgary, Alberta",34.189.1,v44332591
2009,5.00,"Calgary, Alberta",34.189.1,v44332591
2010,3.00,"Calgary, Alberta",34.189.1,v44332591
2011,5.00,"Calgary, Alberta",34.189.1,v44332591
2012,4.00,"Calgary, Alberta",34.189.1,v44332591
2013,3.00,"Calgary, Alberta",34.189.1,v44332591
2014,3.00,"Calgary, Alberta",34.189.1,v44332591
2015,3.00,"Calgary, Alberta",34.189.1,v44332591
1998,3.00,"Edmonton, Alberta",35.189.1,v44396899
1999,..,"Edmonton, Alberta",35.189.1,v44396899
2000,2.00,"Edmonton, Alberta",35.189.1,v44396899
2001,..,"Edmonton, Alberta",35.189.1,v44396899
2002,..,"Edmonton, Alberta",35.189.1,v44396899
2003,..,"Edmonton, Alberta",35.189.1,v44396899
2004,1.00,"Edmonton, Alberta",35.189.1,v44396899
2005,..,"Edmonton, Alberta",35.189.1,v44396899
2006,1.00,"Edmonton, Alberta",35.189.1,v44396899
2007,3.00,"Edmonton, Alberta",35.189.1,v44396899
2008,1.00,"Edmonton, Alberta",35.189.1,v44396899
2009,2.00,"Edmonton, Alberta",35.189.1,v44396899
2010,2.00,"Edmonton, Alberta",35.189.1,v44396899
2011,2.00,"Edmonton, Alberta",35.189.1,v44396899
2012,3.00,"Edmonton, Alberta",35.189.1,v44396899
2013,1.00,"Edmonton, Alberta",35.189.1,v44396899
2014,3.00,"Edmonton, Alberta",35.189.1,v44396899
2015,2.00,"Edmonton, Alberta",35.189.1,v44396899
1998,44.00,"British Columbia",36.189.1,v44399952
1999,51.00,"British Columbia",36.189.1,v44399952
2000,51.00,"British Columbia",36.189.1,v44399952
2001,52.00,"British Columbia",36.189.1,v44399952
2002,38.00,"British Columbia",36.189.1,v44399952
2003,44.00,"British Columbia",36.189.1,v44399952
2004,38.00,"British Columbia",36.189.1,v44399952
2005,39.00,"British Columbia",36.189.1,v44399952
2006,30.00,"British Columbia",36.189.1,v44399952
2007,39.00,"British Columbia",36.189.1,v44399952
2008,39.00,"British Columbia",36.189.1,v44399952
2009,44.00,"British Columbia",36.189.1,v44399952
2010,50.00,"British Columbia",36.189.1,v44399952
2011,41.00,"British Columbia",36.189.1,v44399952
2012,29.00,"British Columbia",36.189.1,v44399952
2013,19.00,"British Columbia",36.189.1,v44399952
2014,22.00,"British Columbia",36.189.1,v44399952
2015,14.00,"British Columbia",36.189.1,v44399952
2006,0.00,"Kelowna, British Columbia",48.189.1,v52145892
2007,1.00,"Kelowna, British Columbia",48.189.1,v52145892
2008,2.00,"Kelowna, British Columbia",48.189.1,v52145892
2009,2.00,"Kelowna, British Columbia",48.189.1,v52145892
2010,4.00,"Kelowna, British Columbia",48.189.1,v52145892
2011,0.00,"Kelowna, British Columbia",48.189.1,v52145892
2012,1.00,"Kelowna, British Columbia",48.189.1,v52145892
2013,1.00,"Kelowna, British Columbia",48.189.1,v52145892
2014,1.00,"Kelowna, British Columbia",48.189.1,v52145892
2015,1.00,"Kelowna, British Columbia",48.189.1,v52145892
2001,..,"Abbotsford-Mission, British Columbia",39.189.1,v44379545
2002,2.00,"Abbotsford-Mission, British Columbia",39.189.1,v44379545
2003,2.00,"Abbotsford-Mission, British Columbia",39.189.1,v44379545
2004,3.00,"Abbotsford-Mission, British Columbia",39.189.1,v44379545
2005,..,"Abbotsford-Mission, British Columbia",39.189.1,v44379545
2006,1.00,"Abbotsford-Mission, British Columbia",39.189.1,v44379545
2007,1.00,"Abbotsford-Mission, British Columbia",39.189.1,v44379545
2008,0.00,"Abbotsford-Mission, British Columbia",39.189.1,v44379545
2009,2.00,"Abbotsford-Mission, British Columbia",39.189.1,v44379545
2010,1.00,"Abbotsford-Mission, British Columbia",39.189.1,v44379545
2011,1.00,"Abbotsford-Mission, British Columbia",39.189.1,v44379545
2012,1.00,"Abbotsford-Mission, British Columbia",39.189.1,v44379545
2013,1.00,"Abbotsford-Mission, British Columbia",39.189.1,v44379545
2014,0.00,"Abbotsford-Mission, British Columbia",39.189.1,v44379545
2015,0.00,"Abbotsford-Mission, British Columbia",39.189.1,v44379545
1998,35.00,"Vancouver, British Columbia",37.189.1,v44341785
1999,38.00,"Vancouver, British Columbia",37.189.1,v44341785
2000,43.00,"Vancouver, British Columbia",37.189.1,v44341785
2001,46.00,"Vancouver, British Columbia",37.189.1,v44341785
2002,29.00,"Vancouver, British Columbia",37.189.1,v44341785
2003,36.00,"Vancouver, British Columbia",37.189.1,v44341785
2004,27.00,"Vancouver, British Columbia",37.189.1,v44341785
2005,33.00,"Vancouver, British Columbia",37.189.1,v44341785
2006,25.00,"Vancouver, British Columbia",37.189.1,v44341785
2007,33.00,"Vancouver, British Columbia",37.189.1,v44341785
2008,32.00,"Vancouver, British Columbia",37.189.1,v44341785
2009,32.00,"Vancouver, British Columbia",37.189.1,v44341785
2010,36.00,"Vancouver, British Columbia",37.189.1,v44341785
2011,31.00,"Vancouver, British Columbia",37.189.1,v44341785
2012,20.00,"Vancouver, British Columbia",37.189.1,v44341785
2013,13.00,"Vancouver, British Columbia",37.189.1,v44341785
2014,18.00,"Vancouver, British Columbia",37.189.1,v44341785
2015,11.00,"Vancouver, British Columbia",37.189.1,v44341785
1998,..,"Victoria, British Columbia",38.189.1,v44366249
1999,3.00,"Victoria, British Columbia",38.189.1,v44366249
2000,1.00,"Victoria, British Columbia",38.189.1,v44366249
2001,2.00,"Victoria, British Columbia",38.189.1,v44366249
2002,2.00,"Victoria, British Columbia",38.189.1,v44366249
2003,2.00,"Victoria, British Columbia",38.189.1,v44366249
2004,..,"Victoria, British Columbia",38.189.1,v44366249
2005,3.00,"Victoria, British Columbia",38.189.1,v44366249
2006,0.00,"Victoria, British Columbia",38.189.1,v44366249
2007,2.00,"Victoria, British Columbia",38.189.1,v44366249
2008,1.00,"Victoria, British Columbia",38.189.1,v44366249
2009,2.00,"Victoria, British Columbia",38.189.1,v44366249
2010,4.00,"Victoria, British Columbia",38.189.1,v44366249
2011,4.00,"Victoria, British Columbia",38.189.1,v44366249
2012,2.00,"Victoria, British Columbia",38.189.1,v44366249
2013,2.00,"Victoria, British Columbia",38.189.1,v44366249
2014,0.00,"Victoria, British Columbia",38.189.1,v44366249
2015,0.00,"Victoria, British Columbia",38.189.1,v44366249
1998,..,"Yukon",40.189.1,v44337632
1999,1.00,"Yukon",40.189.1,v44337632
2000,..,"Yukon",40.189.1,v44337632
2001,2.00,"Yukon",40.189.1,v44337632
2002,..,"Yukon",40.189.1,v44337632
2003,1.00,"Yukon",40.189.1,v44337632
2004,..,"Yukon",40.189.1,v44337632
2005,..,"Yukon",40.189.1,v44337632
2006,0.00,"Yukon",40.189.1,v44337632
2007,0.00,"Yukon",40.189.1,v44337632
2008,0.00,"Yukon",40.189.1,v44337632
2009,1.00,"Yukon",40.189.1,v44337632
2010,0.00,"Yukon",40.189.1,v44337632
2011,0.00,"Yukon",40.189.1,v44337632
2012,0.00,"Yukon",40.189.1,v44337632
2013,0.00,"Yukon",40.189.1,v44337632
2014,0.00,"Yukon",40.189.1,v44337632
2015,0.00,"Yukon",40.189.1,v44337632
1999,..,"Northwest Territories",41.189.1,v44347139
2000,1.00,"Northwest Territories",41.189.1,v44347139
2001,1.00,"Northwest Territories",41.189.1,v44347139
2002,..,"Northwest Territories",41.189.1,v44347139
2003,..,"Northwest Territories",41.189.1,v44347139
2004,..,"Northwest Territories",41.189.1,v44347139
2005,1.00,"Northwest Territories",41.189.1,v44347139
2006,1.00,"Northwest Territories",41.189.1,v44347139
2007,1.00,"Northwest Territories",41.189.1,v44347139
2008,0.00,"Northwest Territories",41.189.1,v44347139
2009,0.00,"Northwest Territories",41.189.1,v44347139
2010,0.00,"Northwest Territories",41.189.1,v44347139
2011,0.00,"Northwest Territories",41.189.1,v44347139
2012,0.00,"Northwest Territories",41.189.1,v44347139
2013,0.00,"Northwest Territories",41.189.1,v44347139
2014,0.00,"Northwest Territories",41.189.1,v44347139
2015,0.00,"Northwest Territories",41.189.1,v44347139
2006,0.00,"Nunavut",42.189.1,v62124485
2007,0.00,"Nunavut",42.189.1,v62124485
2008,0.00,"Nunavut",42.189.1,v62124485
2009,0.00,"Nunavut",42.189.1,v62124485
2010,0.00,"Nunavut",42.189.1,v62124485
2011,0.00,"Nunavut",42.189.1,v62124485
2012,0.00,"Nunavut",42.189.1,v62124485
2013,0.00,"Nunavut",42.189.1,v62124485
2014,0.00,"Nunavut",42.189.1,v62124485
2015,0.00,"Nunavut",42.189.1,v62124485
1998,309.00,"Canada",1.189.1,v44339077
1999,336.00,"Canada",1.189.1,v44339077
2000,398.00,"Canada",1.189.1,v44339077
2001,475.00,"Canada",1.189.1,v44339077
2002,440.00,"Canada",1.189.1,v44339077
2003,389.00,"Canada",1.189.1,v44339077
2004,362.00,"Canada",1.189.1,v44339077
2005,256.00,"Canada",1.189.1,v44339077
2006,272.00,"Canada",1.189.1,v44339077
2007,289.00,"Canada",1.189.1,v44339077
2008,345.00,"Canada",1.189.1,v44339077
2009,350.00,"Canada",1.189.1,v44339077
2010,291.00,"Canada",1.189.1,v44339077
2011,304.00,"Canada",1.189.1,v44339077
2012,301.00,"Canada",1.189.1,v44339077
2013,261.00,"Canada",1.189.1,v44339077
2014,265.00,"Canada",1.189.1,v44339077
2015,214.00,"Canada",1.189.1,v44339077
1998,..,"Newfoundland and Labrador",2.189.1,v44346282
1999,2.00,"Newfoundland and Labrador",2.189.1,v44346282
2000,2.00,"Newfoundland and Labrador",2.189.1,v44346282
2001,1.00,"Newfoundland and Labrador",2.189.1,v44346282
2002,0.00,"Newfoundland and Labrador",2.189.1,v44346282
2003,0.00,"Newfoundland and Labrador",2.189.1,v44346282
2004,1.00,"Newfoundland and Labrador",2.189.1,v44346282
2005,..,"Newfoundland and Labrador",2.189.1,v44346282
2006,0.00,"Newfoundland and Labrador",2.189.1,v44346282
2007,1.00,"Newfoundland and Labrador",2.189.1,v44346282
2008,1.00,"Newfoundland and Labrador",2.189.1,v44346282
2009,1.00,"Newfoundland and Labrador",2.189.1,v44346282
2010,0.00,"Newfoundland and Labrador",2.189.1,v44346282
2011,2.00,"Newfoundland and Labrador",2.189.1,v44346282
2012,0.00,"Newfoundland and Labrador",2.189.1,v44346282
2013,1.00,"Newfoundland and Labrador",2.189.1,v44346282
2014,1.00,"Newfoundland and Labrador",2.189.1,v44346282
2015,0.00,"Newfoundland and Labrador",2.189.1,v44346282
1998,..,"St. John's, Newfoundland and Labrador",3.189.1,v44327386
1999,1.00,"St. John's, Newfoundland and Labrador",3.189.1,v44327386
2000,1.00,"St. John's, Newfoundland and Labrador",3.189.1,v44327386
2001,..,"St. John's, Newfoundland and Labrador",3.189.1,v44327386
2002,..,"St. John's, Newfoundland and Labrador",3.189.1,v44327386
2003,0.00,"St. John's, Newfoundland and Labrador",3.189.1,v44327386
2004,1.00,"St. John's, Newfoundland and Labrador",3.189.1,v44327386
2005,..,"St. John's, Newfoundland and Labrador",3.189.1,v44327386
2006,0.00,"St. John's, Newfoundland and Labrador",3.189.1,v44327386
2007,1.00,"St. John's, Newfoundland and Labrador",3.189.1,v44327386
2008,0.00,"St. John's, Newfoundland and Labrador",3.189.1,v44327386
2009,1.00,"St. John's, Newfoundland and Labrador",3.189.1,v44327386
2010,0.00,"St. John's, Newfoundland and Labrador",3.189.1,v44327386
2011,1.00,"St. John's, Newfoundland and Labrador",3.189.1,v44327386
2012,0.00,"St. John's, Newfoundland and Labrador",3.189.1,v44327386
2013,0.00,"St. John's, Newfoundland and Labrador",3.189.1,v44327386
2014,1.00,"St. John's, Newfoundland and Labrador",3.189.1,v44327386
2015,0.00,"St. John's, Newfoundland and Labrador",3.189.1,v44327386
2003,..,"Prince Edward Island",4.189.1,v44374934
2004,1.00,"Prince Edward Island",4.189.1,v44374934
2005,..,"Prince Edward Island",4.189.1,v44374934
2006,0.00,"Prince Edward Island",4.189.1,v44374934
2007,0.00,"Prince Edward Island",4.189.1,v44374934
2008,0.00,"Prince Edward Island",4.189.1,v44374934
2009,2.00,"Prince Edward Island",4.189.1,v44374934
2010,0.00,"Prince Edward Island",4.189.1,v44374934
2011,0.00,"Prince Edward Island",4.189.1,v44374934
2012,0.00,"Prince Edward Island",4.189.1,v44374934
2013,1.00,"Prince Edward Island",4.189.1,v44374934
2014,0.00,"Prince Edward Island",4.189.1,v44374934
2015,0.00,"Prince Edward Island",4.189.1,v44374934
1998,1.00,"Nova Scotia",5.189.1,v44360500
1999,2.00,"Nova Scotia",5.189.1,v44360500
2000,2.00,"Nova Scotia",5.189.1,v44360500
2001,2.00,"Nova Scotia",5.189.1,v44360500
2002,3.00,"Nova Scotia",5.189.1,v44360500
2003,3.00,"Nova Scotia",5.189.1,v44360500
2004,4.00,"Nova Scotia",5.189.1,v44360500
2005,6.00,"Nova Scotia",5.189.1,v44360500
2006,2.00,"Nova Scotia",5.189.1,v44360500
2007,1.00,"Nova Scotia",5.189.1,v44360500
2008,5.00,"Nova Scotia",5.189.1,v44360500
2009,2.00,"Nova Scotia",5.189.1,v44360500
2010,4.00,"Nova Scotia",5.189.1,v44360500
2011,3.00,"Nova Scotia",5.189.1,v44360500
2012,7.00,"Nova Scotia",5.189.1,v44360500
2013,6.00,"Nova Scotia",5.189.1,v44360500
2014,9.00,"Nova Scotia",5.189.1,v44360500
2015,4.00,"Nova Scotia",5.189.1,v44360500
1998,1.00,"Halifax, Nova Scotia",6.189.1,v44410341
1999,1.00,"Halifax, Nova Scotia",6.189.1,v44410341
2000,0.00,"Halifax, Nova Scotia",6.189.1,v44410341
2001,1.00,"Halifax, Nova Scotia",6.189.1,v44410341
2002,2.00,"Halifax, Nova Scotia",6.189.1,v44410341
2003,3.00,"Halifax, Nova Scotia",6.189.1,v44410341
2004,2.00,"Halifax, Nova Scotia",6.189.1,v44410341
2005,4.00,"Halifax, Nova Scotia",6.189.1,v44410341
2006,0.00,"Halifax, Nova Scotia",6.189.1,v44410341
2007,0.00,"Halifax, Nova Scotia",6.189.1,v44410341
2008,2.00,"Halifax, Nova Scotia",6.189.1,v44410341
2009,1.00,"Halifax, Nova Scotia",6.189.1,v44410341
2010,4.00,"Halifax, Nova Scotia",6.189.1,v44410341
2011,3.00,"Halifax, Nova Scotia",6.189.1,v44410341
2012,2.00,"Halifax, Nova Scotia",6.189.1,v44410341
2013,2.00,"Halifax, Nova Scotia",6.189.1,v44410341
2014,4.00,"Halifax, Nova Scotia",6.189.1,v44410341
2015,3.00,"Halifax, Nova Scotia",6.189.1,v44410341
1998,4.00,"New Brunswick",7.189.1,v44358367
1999,3.00,"New Brunswick",7.189.1,v44358367
2000,1.00,"New Brunswick",7.189.1,v44358367
2001,2.00,"New Brunswick",7.189.1,v44358367
2002,2.00,"New Brunswick",7.189.1,v44358367
2003,..,"New Brunswick",7.189.1,v44358367
2004,6.00,"New Brunswick",7.189.1,v44358367
2005,1.00,"New Brunswick",7.189.1,v44358367
2006,3.00,"New Brunswick",7.189.1,v44358367
2007,1.00,"New Brunswick",7.189.1,v44358367
2008,2.00,"New Brunswick",7.189.1,v44358367
2009,1.00,"New Brunswick",7.189.1,v44358367
2010,7.00,"New Brunswick",7.189.1,v44358367
2011,2.00,"New Brunswick",7.189.1,v44358367
2012,0.00,"New Brunswick",7.189.1,v44358367
2013,1.00,"New Brunswick",7.189.1,v44358367
2014,5.00,"New Brunswick",7.189.1,v44358367
2015,5.00,"New Brunswick",7.189.1,v44358367
2006,0.00,"Moncton, New Brunswick",43.189.1,v62127635
2007,0.00,"Moncton, New Brunswick",43.189.1,v62127635
2008,0.00,"Moncton, New Brunswick",43.189.1,v62127635
2009,0.00,"Moncton, New Brunswick",43.189.1,v62127635
2010,0.00,"Moncton, New Brunswick",43.189.1,v62127635
2011,1.00,"Moncton, New Brunswick",43.189.1,v62127635
2012,0.00,"Moncton, New Brunswick",43.189.1,v62127635
2013,1.00,"Moncton, New Brunswick",43.189.1,v62127635
2014,0.00,"Moncton, New Brunswick",43.189.1,v62127635
2015,0.00,"Moncton, New Brunswick",43.189.1,v62127635
2000,..,"Saint John, New Brunswick",8.189.1,v44326425
2001,1.00,"Saint John, New Brunswick",8.189.1,v44326425
2002,1.00,"Saint John, New Brunswick",8.189.1,v44326425
2003,..,"Saint John, New Brunswick",8.189.1,v44326425
2004,0.00,"Saint John, New Brunswick",8.189.1,v44326425
2005,0.00,"Saint John, New Brunswick",8.189.1,v44326425
2006,0.00,"Saint John, New Brunswick",8.189.1,v44326425
2007,0.00,"Saint John, New Brunswick",8.189.1,v44326425
2008,2.00,"Saint John, New Brunswick",8.189.1,v44326425
2009,0.00,"Saint John, New Brunswick",8.189.1,v44326425
2010,1.00,"Saint John, New Brunswick",8.189.1,v44326425
2011,0.00,"Saint John, New Brunswick",8.189.1,v44326425
2012,0.00,"Saint John, New Brunswick",8.189.1,v44326425
2013,0.00,"Saint John, New Brunswick",8.189.1,v44326425
2014,0.00,"Saint John, New Brunswick",8.189.1,v44326425
2015,3.00,"Saint John, New Brunswick",8.189.1,v44326425
1998,74.00,"Quebec",9.189.1,v44349156
1999,86.00,"Quebec",9.189.1,v44349156
2000,112.00,"Quebec",9.189.1,v44349156
2001,91.00,"Quebec",9.189.1,v44349156
2002,114.00,"Quebec",9.189.1,v44349156
2003,126.00,"Quebec",9.189.1,v44349156
2004,132.00,"Quebec",9.189.1,v44349156
2005,96.00,"Quebec",9.189.1,v44349156
2006,94.00,"Quebec",9.189.1,v44349156
2007,75.00,"Quebec",9.189.1,v44349156
2008,127.00,"Quebec",9.189.1,v44349156
2009,67.00,"Quebec",9.189.1,v44349156
2010,52.00,"Quebec",9.189.1,v44349156
2011,52.00,"Quebec",9.189.1,v44349156
2012,56.00,"Quebec",9.189.1,v44349156
2013,52.00,"Quebec",9.189.1,v44349156
2014,45.00,"Quebec",9.189.1,v44349156
2015,37.00,"Quebec",9.189.1,v44349156
1999,..,"Saguenay, Quebec",10.189.1,v44413047
2000,2.00,"Saguenay, Quebec",10.189.1,v44413047
2001,..,"Saguenay, Quebec",10.189.1,v44413047
2002,..,"Saguenay, Quebec",10.189.1,v44413047
2003,..,"Saguenay, Quebec",10.189.1,v44413047
2004,..,"Saguenay, Quebec",10.189.1,v44413047
2005,..,"Saguenay, Quebec",10.189.1,v44413047
2006,0.00,"Saguenay, Quebec",10.189.1,v44413047
2007,0.00,"Saguenay, Quebec",10.189.1,v44413047
2008,0.00,"Saguenay, Quebec",10.189.1,v44413047
2009,0.00,"Saguenay, Quebec",10.189.1,v44413047
2010,1.00,"Saguenay, Quebec",10.189.1,v44413047
2011,0.00,"Saguenay, Quebec",10.189.1,v44413047
2012,0.00,"Saguenay, Quebec",10.189.1,v44413047
2013,0.00,"Saguenay, Quebec",10.189.1,v44413047
2014,0.00,"Saguenay, Quebec",10.189.1,v44413047
2015,0.00,"Saguenay, Quebec",10.189.1,v44413047
1998,4.00,"Quebec, Quebec",11.189.1,v44336097
1999,5.00,"Quebec, Quebec",11.189.1,v44336097
2000,9.00,"Quebec, Quebec",11.189.1,v44336097
2001,1.00,"Quebec, Quebec",11.189.1,v44336097
2002,17.00,"Quebec, Quebec",11.189.1,v44336097
2003,14.00,"Quebec, Quebec",11.189.1,v44336097
2004,21.00,"Quebec, Quebec",11.189.1,v44336097
2005,10.00,"Quebec, Quebec",11.189.1,v44336097
2006,5.00,"Quebec, Quebec",11.189.1,v44336097
2007,8.00,"Quebec, Quebec",11.189.1,v44336097
2008,12.00,"Quebec, Quebec",11.189.1,v44336097
2009,11.00,"Quebec, Quebec",11.189.1,v44336097
2010,6.00,"Quebec, Quebec",11.189.1,v44336097
2011,5.00,"Quebec, Quebec",11.189.1,v44336097
2012,5.00,"Quebec, Quebec",11.189.1,v44336097
2013,4.00,"Quebec, Quebec",11.189.1,v44336097
2014,3.00,"Quebec, Quebec",11.189.1,v44336097
2015,1.00,"Quebec, Quebec",11.189.1,v44336097
1998,1.00,"Sherbrooke, Quebec",12.189.1,v44336808
1999,0.00,"Sherbrooke, Quebec",12.189.1,v44336808
2000,2.00,"Sherbrooke, Quebec",12.189.1,v44336808
2001,..,"Sherbrooke, Quebec",12.189.1,v44336808
2002,1.00,"Sherbrooke, Quebec",12.189.1,v44336808
2003,0.00,"Sherbrooke, Quebec",12.189.1,v44336808
2004,..,"Sherbrooke, Quebec",12.189.1,v44336808
2005,1.00,"Sherbrooke, Quebec",12.189.1,v44336808
2006,0.00,"Sherbrooke, Quebec",12.189.1,v44336808
2007,1.00,"Sherbrooke, Quebec",12.189.1,v44336808
2008,0.00,"Sherbrooke, Quebec",12.189.1,v44336808
2009,2.00,"Sherbrooke, Quebec",12.189.1,v44336808
2010,3.00,"Sherbrooke, Quebec",12.189.1,v44336808
2011,1.00,"Sherbrooke, Quebec",12.189.1,v44336808
2012,3.00,"Sherbrooke, Quebec",12.189.1,v44336808
2013,1.00,"Sherbrooke, Quebec",12.189.1,v44336808
2014,4.00,"Sherbrooke, Quebec",12.189.1,v44336808
2015,1.00,"Sherbrooke, Quebec",12.189.1,v44336808
1998,53.00,"Montreal, Quebec",14.189.1,v44374149
1999,66.00,"Montreal, Quebec",14.189.1,v44374149
2000,93.00,"Montreal, Quebec",14.189.1,v44374149
2001,78.00,"Montreal, Quebec",14.189.1,v44374149
2002,84.00,"Montreal, Quebec",14.189.1,v44374149
2003,103.00,"Montreal, Quebec",14.189.1,v44374149
2004,95.00,"Montreal, Quebec",14.189.1,v44374149
2005,72.00,"Montreal, Quebec",14.189.1,v44374149
2006,81.00,"Montreal, Quebec",14.189.1,v44374149
2007,60.00,"Montreal, Quebec",14.189.1,v44374149
2008,110.00,"Montreal, Quebec",14.189.1,v44374149
2009,49.00,"Montreal, Quebec",14.189.1,v44374149
2010,36.00,"Montreal, Quebec",14.189.1,v44374149
2011,37.00,"Montreal, Quebec",14.189.1,v44374149
2012,41.00,"Montreal, Quebec",14.189.1,v44374149
2013,40.00,"Montreal, Quebec",14.189.1,v44374149
2014,28.00,"Montreal, Quebec",14.189.1,v44374149
2015,30.00,"Montreal, Quebec",14.189.1,v44374149
1998,..,"Ottawa-Gatineau, Quebec part",15.189.1,v44361461
1999,1.00,"Ottawa-Gatineau, Quebec part",15.189.1,v44361461
2000,..,"Ottawa-Gatineau, Quebec part",15.189.1,v44361461
2001,..,"Ottawa-Gatineau, Quebec part",15.189.1,v44361461
2002,1.00,"Ottawa-Gatineau, Quebec part",15.189.1,v44361461
2003,..,"Ottawa-Gatineau, Quebec part",15.189.1,v44361461
2004,..,"Ottawa-Gatineau, Quebec part",15.189.1,v44361461
2005,1.00,"Ottawa-Gatineau, Quebec part",15.189.1,v44361461
2006,0.00,"Ottawa-Gatineau, Quebec part",15.189.1,v44361461
2007,0.00,"Ottawa-Gatineau, Quebec part",15.189.1,v44361461
2008,0.00,"Ottawa-Gatineau, Quebec part",15.189.1,v44361461
2009,0.00,"Ottawa-Gatineau, Quebec part",15.189.1,v44361461
2010,0.00,"Ottawa-Gatineau, Quebec part",15.189.1,v44361461
2011,0.00,"Ottawa-Gatineau, Quebec part",15.189.1,v44361461
2012,0.00,"Ottawa-Gatineau, Quebec part",15.189.1,v44361461
2013,1.00,"Ottawa-Gatineau, Quebec part",15.189.1,v44361461
2014,0.00,"Ottawa-Gatineau, Quebec part",15.189.1,v44361461
2015,0.00,"Ottawa-Gatineau, Quebec part",15.189.1,v44361461
1998,162.00,"Ontario",16.189.1,v44358828
1999,186.00,"Ontario",16.189.1,v44358828
2000,224.00,"Ontario",16.189.1,v44358828
2001,322.00,"Ontario",16.189.1,v44358828
2002,274.00,"Ontario",16.189.1,v44358828
2003,210.00,"Ontario",16.189.1,v44358828
2004,167.00,"Ontario",16.189.1,v44358828
2005,107.00,"Ontario",16.189.1,v44358828
2006,136.00,"Ontario",16.189.1,v44358828
2007,157.00,"Ontario",16.189.1,v44358828
2008,158.00,"Ontario",16.189.1,v44358828
2009,217.00,"Ontario",16.189.1,v44358828
2010,169.00,"Ontario",16.189.1,v44358828
2011,185.00,"Ontario",16.189.1,v44358828
2012,192.00,"Ontario",16.189.1,v44358828
2013,170.00,"Ontario",16.189.1,v44358828
2014,172.00,"Ontario",16.189.1,v44358828
2015,142.00,"Ontario",16.189.1,v44358828
1998,3.00,"Ottawa-Gatineau, Ontario/Quebec",17.189.1,v52148928
1999,7.00,"Ottawa-Gatineau, Ontario/Quebec",17.189.1,v52148928
2000,5.00,"Ottawa-Gatineau, Ontario/Quebec",17.189.1,v52148928
2001,6.00,"Ottawa-Gatineau, Ontario/Quebec",17.189.1,v52148928
2002,10.00,"Ottawa-Gatineau, Ontario/Quebec",17.189.1,v52148928
2003,0.00,"Ottawa-Gatineau, Ontario/Quebec",17.189.1,v52148928
2004,4.00,"Ottawa-Gatineau, Ontario/Quebec",17.189.1,v52148928
2005,6.00,"Ottawa-Gatineau, Ontario/Quebec",17.189.1,v52148928
2006,7.00,"Ottawa-Gatineau, Ontario/Quebec",17.189.1,v52148928
2007,10.00,"Ottawa-Gatineau, Ontario/Quebec",17.189.1,v52148928
2008,1.00,"Ottawa-Gatineau, Ontario/Quebec",17.189.1,v52148928
2009,2.00,"Ottawa-Gatineau, Ontario/Quebec",17.189.1,v52148928
2010,3.00,"Ottawa-Gatineau, Ontario/Quebec",17.189.1,v52148928
2011,0.00,"Ottawa-Gatineau, Ontario/Quebec",17.189.1,v52148928
2012,4.00,"Ottawa-Gatineau, Ontario/Quebec",17.189.1,v52148928
2013,5.00,"Ottawa-Gatineau, Ontario/Quebec",17.189.1,v52148928
2014,0.00,"Ottawa-Gatineau, Ontario/Quebec",17.189.1,v52148928
2015,1.00,"Ottawa-Gatineau, Ontario/Quebec",17.189.1,v52148928
1998,3.00,"Ottawa-Gatineau, Ontario part",18.189.1,v44401590
1999,6.00,"Ottawa-Gatineau, Ontario part",18.189.1,v44401590
2000,5.00,"Ottawa-Gatineau, Ontario part",18.189.1,v44401590
2001,6.00,"Ottawa-Gatineau, Ontario part",18.189.1,v44401590
2002,9.00,"Ottawa-Gatineau, Ontario part",18.189.1,v44401590
2003,0.00,"Ottawa-Gatineau, Ontario part",18.189.1,v44401590
2004,4.00,"Ottawa-Gatineau, Ontario part",18.189.1,v44401590
2005,5.00,"Ottawa-Gatineau, Ontario part",18.189.1,v44401590
2006,7.00,"Ottawa-Gatineau, Ontario part",18.189.1,v44401590
2007,10.00,"Ottawa-Gatineau, Ontario part",18.189.1,v44401590
2008,1.00,"Ottawa-Gatineau, Ontario part",18.189.1,v44401590
2009,2.00,"Ottawa-Gatineau, Ontario part",18.189.1,v44401590
2010,3.00,"Ottawa-Gatineau, Ontario part",18.189.1,v44401590
2011,0.00,"Ottawa-Gatineau, Ontario part",18.189.1,v44401590
2012,4.00,"Ottawa-Gatineau, Ontario part",18.189.1,v44401590
2013,4.00,"Ottawa-Gatineau, Ontario part",18.189.1,v44401590
2014,0.00,"Ottawa-Gatineau, Ontario part",18.189.1,v44401590
2015,1.00,"Ottawa-Gatineau, Ontario part",18.189.1,v44401590
2000,..,"Kingston, Ontario",27.189.1,v44338042
2001,1.00,"Kingston, Ontario",27.189.1,v44338042
2002,3.00,"Kingston, Ontario",27.189.1,v44338042
2003,0.00,"Kingston, Ontario",27.189.1,v44338042
2004,1.00,"Kingston, Ontario",27.189.1,v44338042
2005,1.00,"Kingston, Ontario",27.189.1,v44338042
2006,1.00,"Kingston, Ontario",27.189.1,v44338042
2007,0.00,"Kingston, Ontario",27.189.1,v44338042
2008,1.00,"Kingston, Ontario",27.189.1,v44338042
2009,1.00,"Kingston, Ontario",27.189.1,v44338042
2010,0.00,"Kingston, Ontario",27.189.1,v44338042
2011,1.00,"Kingston, Ontario",27.189.1,v44338042
2012,1.00,"Kingston, Ontario",27.189.1,v44338042
2013,0.00,"Kingston, Ontario",27.189.1,v44338042
2014,0.00,"Kingston, Ontario",27.189.1,v44338042
2015,0.00,"Kingston, Ontario",27.189.1,v44338042
2006,0.00,"Peterborough, Ontario",44.189.1,v62130785
2007,0.00,"Peterborough, Ontario",44.189.1,v62130785
2008,0.00,"Peterborough, Ontario",44.189.1,v62130785
2009,0.00,"Peterborough, Ontario",44.189.1,v62130785
2010,0.00,"Peterborough, Ontario",44.189.1,v62130785
2011,0.00,"Peterborough, Ontario",44.189.1,v62130785
2012,0.00,"Peterborough, Ontario",44.189.1,v62130785
2013,0.00,"Peterborough, Ontario",44.189.1,v62130785
2014,0.00,"Peterborough, Ontario",44.189.1,v62130785
2015,0.00,"Peterborough, Ontario",44.189.1,v62130785
1998,107.00,"Toronto, Ontario",19.189.1,v44416129
1999,128.00,"Toronto, Ontario",19.189.1,v44416129
2000,177.00,"Toronto, Ontario",19.189.1,v44416129
2001,274.00,"Toronto, Ontario",19.189.1,v44416129
2002,201.00,"Toronto, Ontario",19.189.1,v44416129
2003,172.00,"Toronto, Ontario",19.189.1,v44416129
2004,128.00,"Toronto, Ontario",19.189.1,v44416129
2005,71.00,"Toronto, Ontario",19.189.1,v44416129
2006,85.00,"Toronto, Ontario",19.189.1,v44416129
2007,97.00,"Toronto, Ontario",19.189.1,v44416129
2008,118.00,"Toronto, Ontario",19.189.1,v44416129
2009,181.00,"Toronto, Ontario",19.189.1,v44416129
2010,131.00,"Toronto, Ontario",19.189.1,v44416129
2011,155.00,"Toronto, Ontario",19.189.1,v44416129
2012,166.00,"Toronto, Ontario",19.189.1,v44416129
2013,146.00,"Toronto, Ontario",19.189.1,v44416129
2014,152.00,"Toronto, Ontario",19.189.1,v44416129
2015,121.00,"Toronto, Ontario",19.189.1,v44416129
1998,5.00,"Hamilton, Ontario",20.189.1,v44359501
1999,1.00,"Hamilton, Ontario",20.189.1,v44359501
2000,0.00,"Hamilton, Ontario",20.189.1,v44359501
2001,3.00,"Hamilton, Ontario",20.189.1,v44359501
2002,5.00,"Hamilton, Ontario",20.189.1,v44359501
2003,8.00,"Hamilton, Ontario",20.189.1,v44359501
2004,2.00,"Hamilton, Ontario",20.189.1,v44359501
2005,2.00,"Hamilton, Ontario",20.189.1,v44359501
2006,1.00,"Hamilton, Ontario",20.189.1,v44359501
2007,3.00,"Hamilton, Ontario",20.189.1,v44359501
2008,4.00,"Hamilton, Ontario",20.189.1,v44359501
2009,8.00,"Hamilton, Ontario",20.189.1,v44359501
2010,6.00,"Hamilton, Ontario",20.189.1,v44359501
2011,5.00,"Hamilton, Ontario",20.189.1,v44359501
2012,6.00,"Hamilton, Ontario",20.189.1,v44359501
2013,3.00,"Hamilton, Ontario",20.189.1,v44359501
2014,4.00,"Hamilton, Ontario",20.189.1,v44359501
2015,5.00,"Hamilton, Ontario",20.189.1,v44359501
1998,5.00,"St.Catharines-Niagara, Ontario",21.189.1,v44357365
1999,4.00,"St.Catharines-Niagara, Ontario",21.189.1,v44357365
2000,2.00,"St.Catharines-Niagara, Ontario",21.189.1,v44357365
2001,7.00,"St.Catharines-Niagara, Ontario",21.189.1,v44357365
2002,25.00,"St.Catharines-Niagara, Ontario",21.189.1,v44357365
2003,1.00,"St.Catharines-Niagara, Ontario",21.189.1,v44357365
2004,0.00,"St.Catharines-Niagara, Ontario",21.189.1,v44357365
2005,5.00,"St.Catharines-Niagara, Ontario",21.189.1,v44357365
2006,9.00,"St.Catharines-Niagara, Ontario",21.189.1,v44357365
2007,2.00,"St.Catharines-Niagara, Ontario",21.189.1,v44357365
2008,1.00,"St.Catharines-Niagara, Ontario",21.189.1,v44357365
2009,5.00,"St.Catharines-Niagara, Ontario",21.189.1,v44357365
2010,6.00,"St.Catharines-Niagara, Ontario",21.189.1,v44357365
2011,3.00,"St.Catharines-Niagara, Ontario",21.189.1,v44357365
2012,1.00,"St.Catharines-Niagara, Ontario",21.189.1,v44357365
2013,2.00,"St.Catharines-Niagara, Ontario",21.189.1,v44357365
2014,3.00,"St.Catharines-Niagara, Ontario",21.189.1,v44357365
2015,6.00,"St.Catharines-Niagara, Ontario",21.189.1,v44357365
1998,..,"Kitchener-Cambridge-Waterloo, Ontario",22.189.1,v44356331
1999,1.00,"Kitchener-Cambridge-Waterloo, Ontario",22.189.1,v44356331
2000,..,"Kitchener-Cambridge-Waterloo, Ontario",22.189.1,v44356331
2001,1.00,"Kitchener-Cambridge-Waterloo, Ontario",22.189.1,v44356331
2002,2.00,"Kitchener-Cambridge-Waterloo, Ontario",22.189.1,v44356331
2003,..,"Kitchener-Cambridge-Waterloo, Ontario",22.189.1,v44356331
2004,..,"Kitchener-Cambridge-Waterloo, Ontario",22.189.1,v44356331
2005,1.00,"Kitchener-Cambridge-Waterloo, Ontario",22.189.1,v44356331
2006,2.00,"Kitchener-Cambridge-Waterloo, Ontario",22.189.1,v44356331
2007,1.00,"Kitchener-Cambridge-Waterloo, Ontario",22.189.1,v44356331
2008,1.00,"Kitchener-Cambridge-Waterloo, Ontario",22.189.1,v44356331
2009,0.00,"Kitchener-Cambridge-Waterloo, Ontario",22.189.1,v44356331
2010,2.00,"Kitchener-Cambridge-Waterloo, Ontario",22.189.1,v44356331
2011,0.00,"Kitchener-Cambridge-Waterloo, Ontario",22.189.1,v44356331
2012,0.00,"Kitchener-Cambridge-Waterloo, Ontario",22.189.1,v44356331
2013,0.00,"Kitchener-Cambridge-Waterloo, Ontario",22.189.1,v44356331
2014,0.00,"Kitchener-Cambridge-Waterloo, Ontario",22.189.1,v44356331
2015,0.00,"Kitchener-Cambridge-Waterloo, Ontario",22.189.1,v44356331
2006,0.00,"Brantford, Ontario",45.189.1,v62133935
2007,0.00,"Brantford, Ontario",45.189.1,v62133935
2008,0.00,"Brantford, Ontario",45.189.1,v62133935
2009,0.00,"Brantford, Ontario",45.189.1,v62133935
2010,0.00,"Brantford, Ontario",45.189.1,v62133935
2011,0.00,"Brantford, Ontario",45.189.1,v62133935
2012,0.00,"Brantford, Ontario",45.189.1,v62133935
2013,0.00,"Brantford, Ontario",45.189.1,v62133935
2014,0.00,"Brantford, Ontario",45.189.1,v62133935
2015,1.00,"Brantford, Ontario",45.189.1,v62133935
2006,0.00,"Guelph, Ontario",46.189.1,v62137085
2007,0.00,"Guelph, Ontario",46.189.1,v62137085
2008,0.00,"Guelph, Ontario",46.189.1,v62137085
2009,0.00,"Guelph, Ontario",46.189.1,v62137085
2010,0.00,"Guelph, Ontario",46.189.1,v62137085
2011,0.00,"Guelph, Ontario",46.189.1,v62137085
2012,0.00,"Guelph, Ontario",46.189.1,v62137085
2013,0.00,"Guelph, Ontario",46.189.1,v62137085
2014,0.00,"Guelph, Ontario",46.189.1,v62137085
2015,0.00,"Guelph, Ontario",46.189.1,v62137085
1998,0.00,"London, Ontario",23.189.1,v44393043
1999,0.00,"London, Ontario",23.189.1,v44393043
2000,1.00,"London, Ontario",23.189.1,v44393043
2001,2.00,"London, Ontario",23.189.1,v44393043
2002,1.00,"London, Ontario",23.189.1,v44393043
2003,4.00,"London, Ontario",23.189.1,v44393043
2004,2.00,"London, Ontario",23.189.1,v44393043
2005,6.00,"London, Ontario",23.189.1,v44393043
2006,2.00,"London, Ontario",23.189.1,v44393043
2007,2.00,"London, Ontario",23.189.1,v44393043
2008,3.00,"London, Ontario",23.189.1,v44393043
2009,1.00,"London, Ontario",23.189.1,v44393043
2010,2.00,"London, Ontario",23.189.1,v44393043
2011,2.00,"London, Ontario",23.189.1,v44393043
2012,1.00,"London, Ontario",23.189.1,v44393043
2013,1.00,"London, Ontario",23.189.1,v44393043
2014,0.00,"London, Ontario",23.189.1,v44393043
2015,0.00,"London, Ontario",23.189.1,v44393043
1998,38.00,"Windsor, Ontario",24.189.1,v44414365
1999,42.00,"Windsor, Ontario",24.189.1,v44414365
2000,31.00,"Windsor, Ontario",24.189.1,v44414365
2001,24.00,"Windsor, Ontario",24.189.1,v44414365
2002,20.00,"Windsor, Ontario",24.189.1,v44414365
2003,17.00,"Windsor, Ontario",24.189.1,v44414365
2004,23.00,"Windsor, Ontario",24.189.1,v44414365
2005,11.00,"Windsor, Ontario",24.189.1,v44414365
2006,23.00,"Windsor, Ontario",24.189.1,v44414365
2007,20.00,"Windsor, Ontario",24.189.1,v44414365
2008,8.00,"Windsor, Ontario",24.189.1,v44414365
2009,17.00,"Windsor, Ontario",24.189.1,v44414365
2010,5.00,"Windsor, Ontario",24.189.1,v44414365
2011,12.00,"Windsor, Ontario",24.189.1,v44414365
2012,12.00,"Windsor, Ontario",24.189.1,v44414365
2013,11.00,"Windsor, Ontario",24.189.1,v44414365
2014,8.00,"Windsor, Ontario",24.189.1,v44414365
2015,4.00,"Windsor, Ontario",24.189.1,v44414365
2006,0.00,"Barrie, Ontario",47.189.1,v52144027
2007,0.00,"Barrie, Ontario",47.189.1,v52144027
2008,2.00,"Barrie, Ontario",47.189.1,v52144027
2009,0.00,"Barrie, Ontario",47.189.1,v52144027
2010,0.00,"Barrie, Ontario",47.189.1,v52144027
2011,0.00,"Barrie, Ontario",47.189.1,v52144027
2012,0.00,"Barrie, Ontario",47.189.1,v52144027
2013,0.00,"Barrie, Ontario",47.189.1,v52144027
2014,1.00,"Barrie, Ontario",47.189.1,v52144027
2015,0.00,"Barrie, Ontario",47.189.1,v52144027
1999,..,"Sudbury, Ontario",25.189.1,v44358080
2000,1.00,"Sudbury, Ontario",25.189.1,v44358080
2001,0.00,"Sudbury, Ontario",25.189.1,v44358080
2002,..,"Sudbury, Ontario",25.189.1,v44358080
2003,..,"Sudbury, Ontario",25.189.1,v44358080
2004,..,"Sudbury, Ontario",25.189.1,v44358080
2005,..,"Sudbury, Ontario",25.189.1,v44358080
2006,0.00,"Sudbury, Ontario",25.189.1,v44358080
2007,0.00,"Sudbury, Ontario",25.189.1,v44358080
2008,0.00,"Sudbury, Ontario",25.189.1,v44358080
2009,0.00,"Sudbury, Ontario",25.189.1,v44358080
2010,0.00,"Sudbury, Ontario",25.189.1,v44358080
2011,0.00,"Sudbury, Ontario",25.189.1,v44358080
2012,0.00,"Sudbury, Ontario",25.189.1,v44358080
2013,0.00,"Sudbury, Ontario",25.189.1,v44358080
2014,0.00,"Sudbury, Ontario",25.189.1,v44358080
2015,0.00,"Sudbury, Ontario",25.189.1,v44358080
2005,..,"Thunder Bay, Ontario",26.189.1,v44412348
2006,1.00,"Thunder Bay, Ontario",26.189.1,v44412348
2007,12.00,"Thunder Bay, Ontario",26.189.1,v44412348
2008,15.00,"Thunder Bay, Ontario",26.189.1,v44412348
2009,0.00,"Thunder Bay, Ontario",26.189.1,v44412348
2010,7.00,"Thunder Bay, Ontario",26.189.1,v44412348
2011,1.00,"Thunder Bay, Ontario",26.189.1,v44412348
2012,0.00,"Thunder Bay, Ontario",26.189.1,v44412348
2013,0.00,"Thunder Bay, Ontario",26.189.1,v44412348
2014,0.00,"Thunder Bay, Ontario",26.189.1,v44412348
2015,0.00,"Thunder Bay, Ontario",26.189.1,v44412348
1998,1.00,"Manitoba",28.189.1,v44387520
1999,4.00,"Manitoba",28.189.1,v44387520
2000,1.00,"Manitoba",28.189.1,v44387520
2001,1.00,"Manitoba",28.189.1,v44387520
2002,3.00,"Manitoba",28.189.1,v44387520
2003,3.00,"Manitoba",28.189.1,v44387520
2004,1.00,"Manitoba",28.189.1,v44387520
2005,1.00,"Manitoba",28.189.1,v44387520
2006,0.00,"Manitoba",28.189.1,v44387520
2007,4.00,"Manitoba",28.189.1,v44387520
2008,4.00,"Manitoba",28.189.1,v44387520
2009,2.00,"Manitoba",28.189.1,v44387520
2010,0.00,"Manitoba",28.189.1,v44387520
2011,3.00,"Manitoba",28.189.1,v44387520
2012,2.00,"Manitoba",28.189.1,v44387520
2013,5.00,"Manitoba",28.189.1,v44387520
2014,1.00,"Manitoba",28.189.1,v44387520
2015,4.00,"Manitoba",28.189.1,v44387520
1998,1.00,"Winnipeg, Manitoba",29.189.1,v44410531
1999,4.00,"Winnipeg, Manitoba",29.189.1,v44410531
2000,1.00,"Winnipeg, Manitoba",29.189.1,v44410531
2001,1.00,"Winnipeg, Manitoba",29.189.1,v44410531
2002,3.00,"Winnipeg, Manitoba",29.189.1,v44410531
2003,3.00,"Winnipeg, Manitoba",29.189.1,v44410531
2004,1.00,"Winnipeg, Manitoba",29.189.1,v44410531
2005,1.00,"Winnipeg, Manitoba",29.189.1,v44410531
2006,0.00,"Winnipeg, Manitoba",29.189.1,v44410531
2007,2.00,"Winnipeg, Manitoba",29.189.1,v44410531
2008,0.00,"Winnipeg, Manitoba",29.189.1,v44410531
2009,1.00,"Winnipeg, Manitoba",29.189.1,v44410531
2010,0.00,"Winnipeg, Manitoba",29.189.1,v44410531
2011,1.00,"Winnipeg, Manitoba",29.189.1,v44410531
2012,0.00,"Winnipeg, Manitoba",29.189.1,v44410531
2013,2.00,"Winnipeg, Manitoba",29.189.1,v44410531
2014,0.00,"Winnipeg, Manitoba",29.189.1,v44410531
2015,2.00,"Winnipeg, Manitoba",29.189.1,v44410531
1998,16.00,"Saskatchewan",30.189.1,v44413872
1999,0.00,"Saskatchewan",30.189.1,v44413872
2000,0.00,"Saskatchewan",30.189.1,v44413872
2001,..,"Saskatchewan",30.189.1,v44413872
2002,2.00,"Saskatchewan",30.189.1,v44413872
2003,..,"Saskatchewan",30.189.1,v44413872
2004,0.00,"Saskatchewan",30.189.1,v44413872
2005,..,"Saskatchewan",30.189.1,v44413872
2006,0.00,"Saskatchewan",30.189.1,v44413872
2007,0.00,"Saskatchewan",30.189.1,v44413872
2008,1.00,"Saskatchewan",30.189.1,v44413872
2009,1.00,"Saskatchewan",30.189.1,v44413872
2010,0.00,"Saskatchewan",30.189.1,v44413872
2011,5.00,"Saskatchewan",30.189.1,v44413872
2012,4.00,"Saskatchewan",30.189.1,v44413872
2013,0.00,"Saskatchewan",30.189.1,v44413872
2014,0.00,"Saskatchewan",30.189.1,v44413872
2015,0.00,"Saskatchewan",30.189.1,v44413872
1999,..,"Regina, Saskatchewan",31.189.1,v44378363
2000,0.00,"Regina, Saskatchewan",31.189.1,v44378363
2001,..,"Regina, Saskatchewan",31.189.1,v44378363
2002,1.00,"Regina, Saskatchewan",31.189.1,v44378363
2003,..,"Regina, Saskatchewan",31.189.1,v44378363
2004,0.00,"Regina, Saskatchewan",31.189.1,v44378363
2005,..,"Regina, Saskatchewan",31.189.1,v44378363
2006,0.00,"Regina, Saskatchewan",31.189.1,v44378363
2007,0.00,"Regina, Saskatchewan",31.189.1,v44378363
2008,0.00,"Regina, Saskatchewan",31.189.1,v44378363
2009,0.00,"Regina, Saskatchewan",31.189.1,v44378363
2010,0.00,"Regina, Saskatchewan",31.189.1,v44378363
2011,1.00,"Regina, Saskatchewan",31.189.1,v44378363
2012,2.00,"Regina, Saskatchewan",31.189.1,v44378363
2013,0.00,"Regina, Saskatchewan",31.189.1,v44378363
2014,0.00,"Regina, Saskatchewan",31.189.1,v44378363
2015,0.00,"Regina, Saskatchewan",31.189.1,v44378363
2006,0.00,"Saskatoon, Saskatchewan",32.189.1,v62092985
2007,0.00,"Saskatoon, Saskatchewan",32.189.1,v62092985
2008,0.00,"Saskatoon, Saskatchewan",32.189.1,v62092985
2009,0.00,"Saskatoon, Saskatchewan",32.189.1,v62092985
2010,0.00,"Saskatoon, Saskatchewan",32.189.1,v62092985
2011,0.00,"Saskatoon, Saskatchewan",32.189.1,v62092985
2012,0.00,"Saskatoon, Saskatchewan",32.189.1,v62092985
2013,0.00,"Saskatoon, Saskatchewan",32.189.1,v62092985
2014,0.00,"Saskatoon, Saskatchewan",32.189.1,v62092985
2015,0.00,"Saskatoon, Saskatchewan",32.189.1,v62092985
1998,7.00,"Alberta",33.189.1,v44329979
1999,1.00,"Alberta",33.189.1,v44329979
2000,4.00,"Alberta",33.189.1,v44329979
2001,1.00,"Alberta",33.189.1,v44329979
2002,4.00,"Alberta",33.189.1,v44329979
2003,2.00,"Alberta",33.189.1,v44329979
2004,12.00,"Alberta",33.189.1,v44329979
2005,5.00,"Alberta",33.189.1,v44329979
2006,6.00,"Alberta",33.189.1,v44329979
2007,10.00,"Alberta",33.189.1,v44329979
2008,8.00,"Alberta",33.189.1,v44329979
2009,12.00,"Alberta",33.189.1,v44329979
2010,9.00,"Alberta",33.189.1,v44329979
2011,11.00,"Alberta",33.189.1,v44329979
2012,11.00,"Alberta",33.189.1,v44329979
2013,6.00,"Alberta",33.189.1,v44329979
2014,10.00,"Alberta",33.189.1,v44329979
2015,8.00,"Alberta",33.189.1,v44329979
1998,2.00,"Calgary, Alberta",34.189.1,v44332591
1999,..,"Calgary, Alberta",34.189.1,v44332591
2000,1.00,"Calgary, Alberta",34.189.1,v44332591
2001,1.00,"Calgary, Alberta",34.189.1,v44332591
2002,1.00,"Calgary, Alberta",34.189.1,v44332591
2003,1.00,"Calgary, Alberta",34.189.1,v44332591
2004,9.00,"Calgary, Alberta",34.189.1,v44332591
2005,2.00,"Calgary, Alberta",34.189.1,v44332591
2006,2.00,"Calgary, Alberta",34.189.1,v44332591
2007,3.00,"Calgary, Alberta",34.189.1,v44332591
2008,2.00,"Calgary, Alberta",34.189.1,v44332591
2009,5.00,"Calgary, Alberta",34.189.1,v44332591
2010,3.00,"Calgary, Alberta",34.189.1,v44332591
2011,5.00,"Calgary, Alberta",34.189.1,v44332591
2012,4.00,"Calgary, Alberta",34.189.1,v44332591
2013,3.00,"Calgary, Alberta",34.189.1,v44332591
2014,3.00,"Calgary, Alberta",34.189.1,v44332591
2015,3.00,"Calgary, Alberta",34.189.1,v44332591
1998,3.00,"Edmonton, Alberta",35.189.1,v44396899
1999,..,"Edmonton, Alberta",35.189.1,v44396899
2000,2.00,"Edmonton, Alberta",35.189.1,v44396899
2001,..,"Edmonton, Alberta",35.189.1,v44396899
2002,..,"Edmonton, Alberta",35.189.1,v44396899
2003,..,"Edmonton, Alberta",35.189.1,v44396899
2004,1.00,"Edmonton, Alberta",35.189.1,v44396899
2005,..,"Edmonton, Alberta",35.189.1,v44396899
2006,1.00,"Edmonton, Alberta",35.189.1,v44396899
2007,3.00,"Edmonton, Alberta",35.189.1,v44396899
2008,1.00,"Edmonton, Alberta",35.189.1,v44396899
2009,2.00,"Edmonton, Alberta",35.189.1,v44396899
2010,2.00,"Edmonton, Alberta",35.189.1,v44396899
2011,2.00,"Edmonton, Alberta",35.189.1,v44396899
2012,3.00,"Edmonton, Alberta",35.189.1,v44396899
2013,1.00,"Edmonton, Alberta",35.189.1,v44396899
2014,3.00,"Edmonton, Alberta",35.189.1,v44396899
2015,2.00,"Edmonton, Alberta",35.189.1,v44396899
1998,44.00,"British Columbia",36.189.1,v44399952
1999,51.00,"British Columbia",36.189.1,v44399952
2000,51.00,"British Columbia",36.189.1,v44399952
2001,52.00,"British Columbia",36.189.1,v44399952
2002,38.00,"British Columbia",36.189.1,v44399952
2003,44.00,"British Columbia",36.189.1,v44399952
2004,38.00,"British Columbia",36.189.1,v44399952
2005,39.00,"British Columbia",36.189.1,v44399952
2006,30.00,"British Columbia",36.189.1,v44399952
2007,39.00,"British Columbia",36.189.1,v44399952
2008,39.00,"British Columbia",36.189.1,v44399952
2009,44.00,"British Columbia",36.189.1,v44399952
2010,50.00,"British Columbia",36.189.1,v44399952
2011,41.00,"British Columbia",36.189.1,v44399952
2012,29.00,"British Columbia",36.189.1,v44399952
2013,19.00,"British Columbia",36.189.1,v44399952
2014,22.00,"British Columbia",36.189.1,v44399952
2015,14.00,"British Columbia",36.189.1,v44399952
2006,0.00,"Kelowna, British Columbia",48.189.1,v52145892
2007,1.00,"Kelowna, British Columbia",48.189.1,v52145892
2008,2.00,"Kelowna, British Columbia",48.189.1,v52145892
2009,2.00,"Kelowna, British Columbia",48.189.1,v52145892
2010,4.00,"Kelowna, British Columbia",48.189.1,v52145892
2011,0.00,"Kelowna, British Columbia",48.189.1,v52145892
2012,1.00,"Kelowna, British Columbia",48.189.1,v52145892
2013,1.00,"Kelowna, British Columbia",48.189.1,v52145892
2014,1.00,"Kelowna, British Columbia",48.189.1,v52145892
2015,1.00,"Kelowna, British Columbia",48.189.1,v52145892
2001,..,"Abbotsford-Mission, British Columbia",39.189.1,v44379545
2002,2.00,"Abbotsford-Mission, British Columbia",39.189.1,v44379545
2003,2.00,"Abbotsford-Mission, British Columbia",39.189.1,v44379545
2004,3.00,"Abbotsford-Mission, British Columbia",39.189.1,v44379545
2005,..,"Abbotsford-Mission, British Columbia",39.189.1,v44379545
2006,1.00,"Abbotsford-Mission, British Columbia",39.189.1,v44379545
2007,1.00,"Abbotsford-Mission, British Columbia",39.189.1,v44379545
2008,0.00,"Abbotsford-Mission, British Columbia",39.189.1,v44379545
2009,2.00,"Abbotsford-Mission, British Columbia",39.189.1,v44379545
2010,1.00,"Abbotsford-Mission, British Columbia",39.189.1,v44379545
2011,1.00,"Abbotsford-Mission, British Columbia",39.189.1,v44379545
2012,1.00,"Abbotsford-Mission, British Columbia",39.189.1,v44379545
2013,1.00,"Abbotsford-Mission, British Columbia",39.189.1,v44379545
2014,0.00,"Abbotsford-Mission, British Columbia",39.189.1,v44379545
2015,0.00,"Abbotsford-Mission, British Columbia",39.189.1,v44379545
1998,35.00,"Vancouver, British Columbia",37.189.1,v44341785
1999,38.00,"Vancouver, British Columbia",37.189.1,v44341785
2000,43.00,"Vancouver, British Columbia",37.189.1,v44341785
2001,46.00,"Vancouver, British Columbia",37.189.1,v44341785
2002,29.00,"Vancouver, British Columbia",37.189.1,v44341785
2003,36.00,"Vancouver, British Columbia",37.189.1,v44341785
2004,27.00,"Vancouver, British Columbia",37.189.1,v44341785
2005,33.00,"Vancouver, British Columbia",37.189.1,v44341785
2006,25.00,"Vancouver, British Columbia",37.189.1,v44341785
2007,33.00,"Vancouver, British Columbia",37.189.1,v44341785
2008,32.00,"Vancouver, British Columbia",37.189.1,v44341785
2009,32.00,"Vancouver, British Columbia",37.189.1,v44341785
2010,36.00,"Vancouver, British Columbia",37.189.1,v44341785
2011,31.00,"Vancouver, British Columbia",37.189.1,v44341785
2012,20.00,"Vancouver, British Columbia",37.189.1,v44341785
2013,13.00,"Vancouver, British Columbia",37.189.1,v44341785
2014,18.00,"Vancouver, British Columbia",37.189.1,v44341785
2015,11.00,"Vancouver, British Columbia",37.189.1,v44341785
1998,..,"Victoria, British Columbia",38.189.1,v44366249
1999,3.00,"Victoria, British Columbia",38.189.1,v44366249
2000,1.00,"Victoria, British Columbia",38.189.1,v44366249
2001,2.00,"Victoria, British Columbia",38.189.1,v44366249
2002,2.00,"Victoria, British Columbia",38.189.1,v44366249
2003,2.00,"Victoria, British Columbia",38.189.1,v44366249
2004,..,"Victoria, British Columbia",38.189.1,v44366249
2005,3.00,"Victoria, British Columbia",38.189.1,v44366249
2006,0.00,"Victoria, British Columbia",38.189.1,v44366249
2007,2.00,"Victoria, British Columbia",38.189.1,v44366249
2008,1.00,"Victoria, British Columbia",38.189.1,v44366249
2009,2.00,"Victoria, British Columbia",38.189.1,v44366249
2010,4.00,"Victoria, British Columbia",38.189.1,v44366249
2011,4.00,"Victoria, British Columbia",38.189.1,v44366249
2012,2.00,"Victoria, British Columbia",38.189.1,v44366249
2013,2.00,"Victoria, British Columbia",38.189.1,v44366249
2014,0.00,"Victoria, British Columbia",38.189.1,v44366249
2015,0.00,"Victoria, British Columbia",38.189.1,v44366249
1998,..,"Yukon",40.189.1,v44337632
1999,1.00,"Yukon",40.189.1,v44337632
2000,..,"Yukon",40.189.1,v44337632
2001,2.00,"Yukon",40.189.1,v44337632
2002,..,"Yukon",40.189.1,v44337632
2003,1.00,"Yukon",40.189.1,v44337632
2004,..,"Yukon",40.189.1,v44337632
2005,..,"Yukon",40.189.1,v44337632
2006,0.00,"Yukon",40.189.1,v44337632
2007,0.00,"Yukon",40.189.1,v44337632
2008,0.00,"Yukon",40.189.1,v44337632
2009,1.00,"Yukon",40.189.1,v44337632
2010,0.00,"Yukon",40.189.1,v44337632
2011,0.00,"Yukon",40.189.1,v44337632
2012,0.00,"Yukon",40.189.1,v44337632
2013,0.00,"Yukon",40.189.1,v44337632
2014,0.00,"Yukon",40.189.1,v44337632
2015,0.00,"Yukon",40.189.1,v44337632
1999,..,"Northwest Territories",41.189.1,v44347139
2000,1.00,"Northwest Territories",41.189.1,v44347139
2001,1.00,"Northwest Territories",41.189.1,v44347139
2002,..,"Northwest Territories",41.189.1,v44347139
2003,..,"Northwest Territories",41.189.1,v44347139
2004,..,"Northwest Territories",41.189.1,v44347139
2005,1.00,"Northwest Territories",41.189.1,v44347139
2006,1.00,"Northwest Territories",41.189.1,v44347139
2007,1.00,"Northwest Territories",41.189.1,v44347139
2008,0.00,"Northwest Territories",41.189.1,v44347139
2009,0.00,"Northwest Territories",41.189.1,v44347139
2010,0.00,"Northwest Territories",41.189.1,v44347139
2011,0.00,"Northwest Territories",41.189.1,v44347139
2012,0.00,"Northwest Territories",41.189.1,v44347139
2013,0.00,"Northwest Territories",41.189.1,v44347139
2014,0.00,"Northwest Territories",41.189.1,v44347139
2015,0.00,"Northwest Territories",41.189.1,v44347139
2006,0.00,"Nunavut",42.189.1,v62124485
2007,0.00,"Nunavut",42.189.1,v62124485
2008,0.00,"Nunavut",42.189.1,v62124485
2009,0.00,"Nunavut",42.189.1,v62124485
2010,0.00,"Nunavut",42.189.1,v62124485
2011,0.00,"Nunavut",42.189.1,v62124485
2012,0.00,"Nunavut",42.189.1,v62124485
2013,0.00,"Nunavut",42.189.1,v62124485
2014,0.00,"Nunavut",42.189.1,v62124485
2015,0.00,"Nunavut",42.189.1,v62124485
