1998,794.00,"Canada",1.84.13,v53081065
1999,755.00,"Canada",1.84.13,v53081065
2000,781.00,"Canada",1.84.13,v53081065
2001,904.00,"Canada",1.84.13,v53081065
2002,797.00,"Canada",1.84.13,v53081065
2003,902.00,"Canada",1.84.13,v53081065
2004,983.00,"Canada",1.84.13,v53081065
2005,953.00,"Canada",1.84.13,v53081065
2006,997.00,"Canada",1.84.13,v53081065
2007,939.00,"Canada",1.84.13,v53081065
2008,843.00,"Canada",1.84.13,v53081065
2009,788.00,"Canada",1.84.13,v53081065
2010,677.00,"Canada",1.84.13,v53081065
2011,494.00,"Canada",1.84.13,v53081065
2012,584.00,"Canada",1.84.13,v53081065
2013,441.00,"Canada",1.84.13,v53081065
2014,381.00,"Canada",1.84.13,v53081065
2015,329.00,"Canada",1.84.13,v53081065
1998,1.00,"Newfoundland and Labrador",2.84.13,v53081326
1999,8.00,"Newfoundland and Labrador",2.84.13,v53081326
2000,7.00,"Newfoundland and Labrador",2.84.13,v53081326
2001,7.00,"Newfoundland and Labrador",2.84.13,v53081326
2002,7.00,"Newfoundland and Labrador",2.84.13,v53081326
2003,7.00,"Newfoundland and Labrador",2.84.13,v53081326
2004,7.00,"Newfoundland and Labrador",2.84.13,v53081326
2005,10.00,"Newfoundland and Labrador",2.84.13,v53081326
2006,2.00,"Newfoundland and Labrador",2.84.13,v53081326
2007,7.00,"Newfoundland and Labrador",2.84.13,v53081326
2008,3.00,"Newfoundland and Labrador",2.84.13,v53081326
2009,7.00,"Newfoundland and Labrador",2.84.13,v53081326
2010,6.00,"Newfoundland and Labrador",2.84.13,v53081326
2011,4.00,"Newfoundland and Labrador",2.84.13,v53081326
2012,1.00,"Newfoundland and Labrador",2.84.13,v53081326
2013,0.00,"Newfoundland and Labrador",2.84.13,v53081326
2014,5.00,"Newfoundland and Labrador",2.84.13,v53081326
2015,5.00,"Newfoundland and Labrador",2.84.13,v53081326
1998,0.00,"St. John's, Newfoundland and Labrador",3.84.13,v53082290
1999,1.00,"St. John's, Newfoundland and Labrador",3.84.13,v53082290
2000,0.00,"St. John's, Newfoundland and Labrador",3.84.13,v53082290
2001,1.00,"St. John's, Newfoundland and Labrador",3.84.13,v53082290
2002,0.00,"St. John's, Newfoundland and Labrador",3.84.13,v53082290
2003,0.00,"St. John's, Newfoundland and Labrador",3.84.13,v53082290
2004,0.00,"St. John's, Newfoundland and Labrador",3.84.13,v53082290
2005,0.00,"St. John's, Newfoundland and Labrador",3.84.13,v53082290
2006,0.00,"St. John's, Newfoundland and Labrador",3.84.13,v53082290
2007,4.00,"St. John's, Newfoundland and Labrador",3.84.13,v53082290
2008,1.00,"St. John's, Newfoundland and Labrador",3.84.13,v53082290
2009,2.00,"St. John's, Newfoundland and Labrador",3.84.13,v53082290
2010,1.00,"St. John's, Newfoundland and Labrador",3.84.13,v53082290
2011,0.00,"St. John's, Newfoundland and Labrador",3.84.13,v53082290
2012,0.00,"St. John's, Newfoundland and Labrador",3.84.13,v53082290
2013,0.00,"St. John's, Newfoundland and Labrador",3.84.13,v53082290
2014,0.00,"St. John's, Newfoundland and Labrador",3.84.13,v53082290
2015,0.00,"St. John's, Newfoundland and Labrador",3.84.13,v53082290
1998,0.00,"Prince Edward Island",4.84.13,v53080834
1999,0.00,"Prince Edward Island",4.84.13,v53080834
2000,3.00,"Prince Edward Island",4.84.13,v53080834
2001,0.00,"Prince Edward Island",4.84.13,v53080834
2002,0.00,"Prince Edward Island",4.84.13,v53080834
2003,1.00,"Prince Edward Island",4.84.13,v53080834
2004,3.00,"Prince Edward Island",4.84.13,v53080834
2005,3.00,"Prince Edward Island",4.84.13,v53080834
2006,2.00,"Prince Edward Island",4.84.13,v53080834
2007,5.00,"Prince Edward Island",4.84.13,v53080834
2008,4.00,"Prince Edward Island",4.84.13,v53080834
2009,2.00,"Prince Edward Island",4.84.13,v53080834
2010,1.00,"Prince Edward Island",4.84.13,v53080834
2011,1.00,"Prince Edward Island",4.84.13,v53080834
2012,4.00,"Prince Edward Island",4.84.13,v53080834
2013,0.00,"Prince Edward Island",4.84.13,v53080834
2014,0.00,"Prince Edward Island",4.84.13,v53080834
2015,0.00,"Prince Edward Island",4.84.13,v53080834
1998,13.00,"Nova Scotia",5.84.13,v53082995
1999,8.00,"Nova Scotia",5.84.13,v53082995
2000,12.00,"Nova Scotia",5.84.13,v53082995
2001,14.00,"Nova Scotia",5.84.13,v53082995
2002,19.00,"Nova Scotia",5.84.13,v53082995
2003,35.00,"Nova Scotia",5.84.13,v53082995
2004,27.00,"Nova Scotia",5.84.13,v53082995
2005,21.00,"Nova Scotia",5.84.13,v53082995
2006,40.00,"Nova Scotia",5.84.13,v53082995
2007,23.00,"Nova Scotia",5.84.13,v53082995
2008,17.00,"Nova Scotia",5.84.13,v53082995
2009,10.00,"Nova Scotia",5.84.13,v53082995
2010,17.00,"Nova Scotia",5.84.13,v53082995
2011,11.00,"Nova Scotia",5.84.13,v53082995
2012,21.00,"Nova Scotia",5.84.13,v53082995
2013,11.00,"Nova Scotia",5.84.13,v53082995
2014,6.00,"Nova Scotia",5.84.13,v53082995
2015,1.00,"Nova Scotia",5.84.13,v53082995
1998,5.00,"Halifax, Nova Scotia",6.84.13,v53081762
1999,2.00,"Halifax, Nova Scotia",6.84.13,v53081762
2000,4.00,"Halifax, Nova Scotia",6.84.13,v53081762
2001,5.00,"Halifax, Nova Scotia",6.84.13,v53081762
2002,7.00,"Halifax, Nova Scotia",6.84.13,v53081762
2003,9.00,"Halifax, Nova Scotia",6.84.13,v53081762
2004,10.00,"Halifax, Nova Scotia",6.84.13,v53081762
2005,6.00,"Halifax, Nova Scotia",6.84.13,v53081762
2006,10.00,"Halifax, Nova Scotia",6.84.13,v53081762
2007,5.00,"Halifax, Nova Scotia",6.84.13,v53081762
2008,2.00,"Halifax, Nova Scotia",6.84.13,v53081762
2009,0.00,"Halifax, Nova Scotia",6.84.13,v53081762
2010,0.00,"Halifax, Nova Scotia",6.84.13,v53081762
2011,4.00,"Halifax, Nova Scotia",6.84.13,v53081762
2012,1.00,"Halifax, Nova Scotia",6.84.13,v53081762
2013,3.00,"Halifax, Nova Scotia",6.84.13,v53081762
2014,0.00,"Halifax, Nova Scotia",6.84.13,v53081762
2015,0.00,"Halifax, Nova Scotia",6.84.13,v53081762
1998,9.00,"New Brunswick",7.84.13,v53082688
1999,8.00,"New Brunswick",7.84.13,v53082688
2000,9.00,"New Brunswick",7.84.13,v53082688
2001,4.00,"New Brunswick",7.84.13,v53082688
2002,7.00,"New Brunswick",7.84.13,v53082688
2003,9.00,"New Brunswick",7.84.13,v53082688
2004,30.00,"New Brunswick",7.84.13,v53082688
2005,36.00,"New Brunswick",7.84.13,v53082688
2006,37.00,"New Brunswick",7.84.13,v53082688
2007,20.00,"New Brunswick",7.84.13,v53082688
2008,28.00,"New Brunswick",7.84.13,v53082688
2009,19.00,"New Brunswick",7.84.13,v53082688
2010,13.00,"New Brunswick",7.84.13,v53082688
2011,12.00,"New Brunswick",7.84.13,v53082688
2012,14.00,"New Brunswick",7.84.13,v53082688
2013,3.00,"New Brunswick",7.84.13,v53082688
2014,6.00,"New Brunswick",7.84.13,v53082688
2015,3.00,"New Brunswick",7.84.13,v53082688
2005,..,"Moncton, New Brunswick",43.84.13,v53082744
2006,7.00,"Moncton, New Brunswick",43.84.13,v53082744
2007,6.00,"Moncton, New Brunswick",43.84.13,v53082744
2008,3.00,"Moncton, New Brunswick",43.84.13,v53082744
2009,5.00,"Moncton, New Brunswick",43.84.13,v53082744
2010,0.00,"Moncton, New Brunswick",43.84.13,v53082744
2011,3.00,"Moncton, New Brunswick",43.84.13,v53082744
2012,7.00,"Moncton, New Brunswick",43.84.13,v53082744
2013,0.00,"Moncton, New Brunswick",43.84.13,v53082744
2014,0.00,"Moncton, New Brunswick",43.84.13,v53082744
2015,1.00,"Moncton, New Brunswick",43.84.13,v53082744
1998,0.00,"Saint John, New Brunswick",8.84.13,v53083769
1999,0.00,"Saint John, New Brunswick",8.84.13,v53083769
2000,1.00,"Saint John, New Brunswick",8.84.13,v53083769
2001,0.00,"Saint John, New Brunswick",8.84.13,v53083769
2002,0.00,"Saint John, New Brunswick",8.84.13,v53083769
2003,3.00,"Saint John, New Brunswick",8.84.13,v53083769
2004,2.00,"Saint John, New Brunswick",8.84.13,v53083769
2005,0.00,"Saint John, New Brunswick",8.84.13,v53083769
2006,2.00,"Saint John, New Brunswick",8.84.13,v53083769
2007,4.00,"Saint John, New Brunswick",8.84.13,v53083769
2008,8.00,"Saint John, New Brunswick",8.84.13,v53083769
2009,3.00,"Saint John, New Brunswick",8.84.13,v53083769
2010,6.00,"Saint John, New Brunswick",8.84.13,v53083769
2011,2.00,"Saint John, New Brunswick",8.84.13,v53083769
2012,0.00,"Saint John, New Brunswick",8.84.13,v53083769
2013,3.00,"Saint John, New Brunswick",8.84.13,v53083769
2014,5.00,"Saint John, New Brunswick",8.84.13,v53083769
2015,0.00,"Saint John, New Brunswick",8.84.13,v53083769
1998,210.00,"Quebec",9.84.13,v53084090
1999,171.00,"Quebec",9.84.13,v53084090
2000,213.00,"Quebec",9.84.13,v53084090
2001,206.00,"Quebec",9.84.13,v53084090
2002,185.00,"Quebec",9.84.13,v53084090
2003,195.00,"Quebec",9.84.13,v53084090
2004,206.00,"Quebec",9.84.13,v53084090
2005,164.00,"Quebec",9.84.13,v53084090
2006,184.00,"Quebec",9.84.13,v53084090
2007,168.00,"Quebec",9.84.13,v53084090
2008,160.00,"Quebec",9.84.13,v53084090
2009,190.00,"Quebec",9.84.13,v53084090
2010,161.00,"Quebec",9.84.13,v53084090
2011,128.00,"Quebec",9.84.13,v53084090
2012,159.00,"Quebec",9.84.13,v53084090
2013,107.00,"Quebec",9.84.13,v53084090
2014,112.00,"Quebec",9.84.13,v53084090
2015,89.00,"Quebec",9.84.13,v53084090
1998,4.00,"Saguenay, Quebec",10.84.13,v53084219
1999,17.00,"Saguenay, Quebec",10.84.13,v53084219
2000,9.00,"Saguenay, Quebec",10.84.13,v53084219
2001,3.00,"Saguenay, Quebec",10.84.13,v53084219
2002,3.00,"Saguenay, Quebec",10.84.13,v53084219
2003,4.00,"Saguenay, Quebec",10.84.13,v53084219
2004,1.00,"Saguenay, Quebec",10.84.13,v53084219
2005,1.00,"Saguenay, Quebec",10.84.13,v53084219
2006,0.00,"Saguenay, Quebec",10.84.13,v53084219
2007,6.00,"Saguenay, Quebec",10.84.13,v53084219
2008,1.00,"Saguenay, Quebec",10.84.13,v53084219
2009,2.00,"Saguenay, Quebec",10.84.13,v53084219
2010,1.00,"Saguenay, Quebec",10.84.13,v53084219
2011,1.00,"Saguenay, Quebec",10.84.13,v53084219
2012,1.00,"Saguenay, Quebec",10.84.13,v53084219
2013,2.00,"Saguenay, Quebec",10.84.13,v53084219
2014,2.00,"Saguenay, Quebec",10.84.13,v53084219
2015,0.00,"Saguenay, Quebec",10.84.13,v53084219
1998,9.00,"Sherbrooke, Quebec",12.84.13,v53086698
1999,2.00,"Sherbrooke, Quebec",12.84.13,v53086698
2000,5.00,"Sherbrooke, Quebec",12.84.13,v53086698
2001,3.00,"Sherbrooke, Quebec",12.84.13,v53086698
2002,4.00,"Sherbrooke, Quebec",12.84.13,v53086698
2003,2.00,"Sherbrooke, Quebec",12.84.13,v53086698
2004,0.00,"Sherbrooke, Quebec",12.84.13,v53086698
2005,2.00,"Sherbrooke, Quebec",12.84.13,v53086698
2006,0.00,"Sherbrooke, Quebec",12.84.13,v53086698
2007,0.00,"Sherbrooke, Quebec",12.84.13,v53086698
2008,1.00,"Sherbrooke, Quebec",12.84.13,v53086698
2009,5.00,"Sherbrooke, Quebec",12.84.13,v53086698
2010,7.00,"Sherbrooke, Quebec",12.84.13,v53086698
2011,4.00,"Sherbrooke, Quebec",12.84.13,v53086698
2012,2.00,"Sherbrooke, Quebec",12.84.13,v53086698
2013,1.00,"Sherbrooke, Quebec",12.84.13,v53086698
2014,2.00,"Sherbrooke, Quebec",12.84.13,v53086698
2015,3.00,"Sherbrooke, Quebec",12.84.13,v53086698
1998,8.00,"Ottawa-Gatineau, Quebec part",15.84.13,v53085609
1999,9.00,"Ottawa-Gatineau, Quebec part",15.84.13,v53085609
2000,6.00,"Ottawa-Gatineau, Quebec part",15.84.13,v53085609
2001,4.00,"Ottawa-Gatineau, Quebec part",15.84.13,v53085609
2002,4.00,"Ottawa-Gatineau, Quebec part",15.84.13,v53085609
2003,12.00,"Ottawa-Gatineau, Quebec part",15.84.13,v53085609
2004,4.00,"Ottawa-Gatineau, Quebec part",15.84.13,v53085609
2005,0.00,"Ottawa-Gatineau, Quebec part",15.84.13,v53085609
2006,9.00,"Ottawa-Gatineau, Quebec part",15.84.13,v53085609
2007,2.00,"Ottawa-Gatineau, Quebec part",15.84.13,v53085609
2008,5.00,"Ottawa-Gatineau, Quebec part",15.84.13,v53085609
2009,13.00,"Ottawa-Gatineau, Quebec part",15.84.13,v53085609
2010,1.00,"Ottawa-Gatineau, Quebec part",15.84.13,v53085609
2011,0.00,"Ottawa-Gatineau, Quebec part",15.84.13,v53085609
2012,13.00,"Ottawa-Gatineau, Quebec part",15.84.13,v53085609
2013,3.00,"Ottawa-Gatineau, Quebec part",15.84.13,v53085609
2014,7.00,"Ottawa-Gatineau, Quebec part",15.84.13,v53085609
2015,0.00,"Ottawa-Gatineau, Quebec part",15.84.13,v53085609
1998,229.00,"Ontario",16.84.13,v53085654
1999,244.00,"Ontario",16.84.13,v53085654
2000,169.00,"Ontario",16.84.13,v53085654
2001,156.00,"Ontario",16.84.13,v53085654
2002,93.00,"Ontario",16.84.13,v53085654
2003,233.00,"Ontario",16.84.13,v53085654
2004,247.00,"Ontario",16.84.13,v53085654
2005,290.00,"Ontario",16.84.13,v53085654
2006,247.00,"Ontario",16.84.13,v53085654
2007,262.00,"Ontario",16.84.13,v53085654
2008,164.00,"Ontario",16.84.13,v53085654
2009,225.00,"Ontario",16.84.13,v53085654
2010,186.00,"Ontario",16.84.13,v53085654
2011,117.00,"Ontario",16.84.13,v53085654
2012,156.00,"Ontario",16.84.13,v53085654
2013,146.00,"Ontario",16.84.13,v53085654
2014,110.00,"Ontario",16.84.13,v53085654
2015,104.00,"Ontario",16.84.13,v53085654
1998,23.00,"Ottawa-Gatineau, Ontario/Quebec",17.84.13,v53080196
1999,19.00,"Ottawa-Gatineau, Ontario/Quebec",17.84.13,v53080196
2000,16.00,"Ottawa-Gatineau, Ontario/Quebec",17.84.13,v53080196
2001,9.00,"Ottawa-Gatineau, Ontario/Quebec",17.84.13,v53080196
2002,24.00,"Ottawa-Gatineau, Ontario/Quebec",17.84.13,v53080196
2003,25.00,"Ottawa-Gatineau, Ontario/Quebec",17.84.13,v53080196
2004,44.00,"Ottawa-Gatineau, Ontario/Quebec",17.84.13,v53080196
2005,48.00,"Ottawa-Gatineau, Ontario/Quebec",17.84.13,v53080196
2006,66.00,"Ottawa-Gatineau, Ontario/Quebec",17.84.13,v53080196
2007,43.00,"Ottawa-Gatineau, Ontario/Quebec",17.84.13,v53080196
2008,27.00,"Ottawa-Gatineau, Ontario/Quebec",17.84.13,v53080196
2009,36.00,"Ottawa-Gatineau, Ontario/Quebec",17.84.13,v53080196
2010,15.00,"Ottawa-Gatineau, Ontario/Quebec",17.84.13,v53080196
2011,15.00,"Ottawa-Gatineau, Ontario/Quebec",17.84.13,v53080196
2012,30.00,"Ottawa-Gatineau, Ontario/Quebec",17.84.13,v53080196
2013,15.00,"Ottawa-Gatineau, Ontario/Quebec",17.84.13,v53080196
2014,28.00,"Ottawa-Gatineau, Ontario/Quebec",17.84.13,v53080196
2015,11.00,"Ottawa-Gatineau, Ontario/Quebec",17.84.13,v53080196
1998,15.00,"Ottawa-Gatineau, Ontario part",18.84.13,v53085763
1999,10.00,"Ottawa-Gatineau, Ontario part",18.84.13,v53085763
2000,10.00,"Ottawa-Gatineau, Ontario part",18.84.13,v53085763
2001,5.00,"Ottawa-Gatineau, Ontario part",18.84.13,v53085763
2002,20.00,"Ottawa-Gatineau, Ontario part",18.84.13,v53085763
2003,13.00,"Ottawa-Gatineau, Ontario part",18.84.13,v53085763
2004,40.00,"Ottawa-Gatineau, Ontario part",18.84.13,v53085763
2005,48.00,"Ottawa-Gatineau, Ontario part",18.84.13,v53085763
2006,57.00,"Ottawa-Gatineau, Ontario part",18.84.13,v53085763
2007,41.00,"Ottawa-Gatineau, Ontario part",18.84.13,v53085763
2008,22.00,"Ottawa-Gatineau, Ontario part",18.84.13,v53085763
2009,23.00,"Ottawa-Gatineau, Ontario part",18.84.13,v53085763
2010,14.00,"Ottawa-Gatineau, Ontario part",18.84.13,v53085763
2011,15.00,"Ottawa-Gatineau, Ontario part",18.84.13,v53085763
2012,17.00,"Ottawa-Gatineau, Ontario part",18.84.13,v53085763
2013,12.00,"Ottawa-Gatineau, Ontario part",18.84.13,v53085763
2014,21.00,"Ottawa-Gatineau, Ontario part",18.84.13,v53085763
2015,11.00,"Ottawa-Gatineau, Ontario part",18.84.13,v53085763
2000,..,"Kingston, Ontario",27.84.13,v53090079
2001,1.00,"Kingston, Ontario",27.84.13,v53090079
2002,1.00,"Kingston, Ontario",27.84.13,v53090079
2003,0.00,"Kingston, Ontario",27.84.13,v53090079
2004,5.00,"Kingston, Ontario",27.84.13,v53090079
2005,11.00,"Kingston, Ontario",27.84.13,v53090079
2006,1.00,"Kingston, Ontario",27.84.13,v53090079
2007,6.00,"Kingston, Ontario",27.84.13,v53090079
2008,1.00,"Kingston, Ontario",27.84.13,v53090079
2009,1.00,"Kingston, Ontario",27.84.13,v53090079
2010,6.00,"Kingston, Ontario",27.84.13,v53090079
2011,0.00,"Kingston, Ontario",27.84.13,v53090079
2012,1.00,"Kingston, Ontario",27.84.13,v53090079
2013,8.00,"Kingston, Ontario",27.84.13,v53090079
2014,0.00,"Kingston, Ontario",27.84.13,v53090079
2015,4.00,"Kingston, Ontario",27.84.13,v53090079
2005,..,"Peterborough, Ontario",44.84.13,v53087220
2006,3.00,"Peterborough, Ontario",44.84.13,v53087220
2007,0.00,"Peterborough, Ontario",44.84.13,v53087220
2008,1.00,"Peterborough, Ontario",44.84.13,v53087220
2009,0.00,"Peterborough, Ontario",44.84.13,v53087220
2010,0.00,"Peterborough, Ontario",44.84.13,v53087220
2011,2.00,"Peterborough, Ontario",44.84.13,v53087220
2012,0.00,"Peterborough, Ontario",44.84.13,v53087220
2013,1.00,"Peterborough, Ontario",44.84.13,v53087220
2014,0.00,"Peterborough, Ontario",44.84.13,v53087220
2015,0.00,"Peterborough, Ontario",44.84.13,v53087220
1998,35.00,"Toronto, Ontario",19.84.13,v53088216
1999,48.00,"Toronto, Ontario",19.84.13,v53088216
2000,38.00,"Toronto, Ontario",19.84.13,v53088216
2001,33.00,"Toronto, Ontario",19.84.13,v53088216
2002,20.00,"Toronto, Ontario",19.84.13,v53088216
2003,63.00,"Toronto, Ontario",19.84.13,v53088216
2004,44.00,"Toronto, Ontario",19.84.13,v53088216
2005,38.00,"Toronto, Ontario",19.84.13,v53088216
2006,55.00,"Toronto, Ontario",19.84.13,v53088216
2007,46.00,"Toronto, Ontario",19.84.13,v53088216
2008,38.00,"Toronto, Ontario",19.84.13,v53088216
2009,46.00,"Toronto, Ontario",19.84.13,v53088216
2010,50.00,"Toronto, Ontario",19.84.13,v53088216
2011,22.00,"Toronto, Ontario",19.84.13,v53088216
2012,44.00,"Toronto, Ontario",19.84.13,v53088216
2013,19.00,"Toronto, Ontario",19.84.13,v53088216
2014,23.00,"Toronto, Ontario",19.84.13,v53088216
2015,19.00,"Toronto, Ontario",19.84.13,v53088216
1998,17.00,"Hamilton, Ontario",20.84.13,v53088290
1999,57.00,"Hamilton, Ontario",20.84.13,v53088290
2000,33.00,"Hamilton, Ontario",20.84.13,v53088290
2001,30.00,"Hamilton, Ontario",20.84.13,v53088290
2002,24.00,"Hamilton, Ontario",20.84.13,v53088290
2003,21.00,"Hamilton, Ontario",20.84.13,v53088290
2004,20.00,"Hamilton, Ontario",20.84.13,v53088290
2005,26.00,"Hamilton, Ontario",20.84.13,v53088290
2006,24.00,"Hamilton, Ontario",20.84.13,v53088290
2007,21.00,"Hamilton, Ontario",20.84.13,v53088290
2008,13.00,"Hamilton, Ontario",20.84.13,v53088290
2009,14.00,"Hamilton, Ontario",20.84.13,v53088290
2010,7.00,"Hamilton, Ontario",20.84.13,v53088290
2011,15.00,"Hamilton, Ontario",20.84.13,v53088290
2012,14.00,"Hamilton, Ontario",20.84.13,v53088290
2013,17.00,"Hamilton, Ontario",20.84.13,v53088290
2014,18.00,"Hamilton, Ontario",20.84.13,v53088290
2015,4.00,"Hamilton, Ontario",20.84.13,v53088290
1998,17.00,"St.Catharines-Niagara, Ontario",21.84.13,v53092817
1999,19.00,"St.Catharines-Niagara, Ontario",21.84.13,v53092817
2000,10.00,"St.Catharines-Niagara, Ontario",21.84.13,v53092817
2001,31.00,"St.Catharines-Niagara, Ontario",21.84.13,v53092817
2002,8.00,"St.Catharines-Niagara, Ontario",21.84.13,v53092817
2003,19.00,"St.Catharines-Niagara, Ontario",21.84.13,v53092817
2004,12.00,"St.Catharines-Niagara, Ontario",21.84.13,v53092817
2005,9.00,"St.Catharines-Niagara, Ontario",21.84.13,v53092817
2006,17.00,"St.Catharines-Niagara, Ontario",21.84.13,v53092817
2007,18.00,"St.Catharines-Niagara, Ontario",21.84.13,v53092817
2008,6.00,"St.Catharines-Niagara, Ontario",21.84.13,v53092817
2009,17.00,"St.Catharines-Niagara, Ontario",21.84.13,v53092817
2010,17.00,"St.Catharines-Niagara, Ontario",21.84.13,v53092817
2011,1.00,"St.Catharines-Niagara, Ontario",21.84.13,v53092817
2012,7.00,"St.Catharines-Niagara, Ontario",21.84.13,v53092817
2013,1.00,"St.Catharines-Niagara, Ontario",21.84.13,v53092817
2014,9.00,"St.Catharines-Niagara, Ontario",21.84.13,v53092817
2015,1.00,"St.Catharines-Niagara, Ontario",21.84.13,v53092817
1998,43.00,"Kitchener-Cambridge-Waterloo, Ontario",22.84.13,v53092995
1999,47.00,"Kitchener-Cambridge-Waterloo, Ontario",22.84.13,v53092995
2000,28.00,"Kitchener-Cambridge-Waterloo, Ontario",22.84.13,v53092995
2001,12.00,"Kitchener-Cambridge-Waterloo, Ontario",22.84.13,v53092995
2002,5.00,"Kitchener-Cambridge-Waterloo, Ontario",22.84.13,v53092995
2003,23.00,"Kitchener-Cambridge-Waterloo, Ontario",22.84.13,v53092995
2004,27.00,"Kitchener-Cambridge-Waterloo, Ontario",22.84.13,v53092995
2005,36.00,"Kitchener-Cambridge-Waterloo, Ontario",22.84.13,v53092995
2006,25.00,"Kitchener-Cambridge-Waterloo, Ontario",22.84.13,v53092995
2007,30.00,"Kitchener-Cambridge-Waterloo, Ontario",22.84.13,v53092995
2008,5.00,"Kitchener-Cambridge-Waterloo, Ontario",22.84.13,v53092995
2009,14.00,"Kitchener-Cambridge-Waterloo, Ontario",22.84.13,v53092995
2010,12.00,"Kitchener-Cambridge-Waterloo, Ontario",22.84.13,v53092995
2011,7.00,"Kitchener-Cambridge-Waterloo, Ontario",22.84.13,v53092995
2012,16.00,"Kitchener-Cambridge-Waterloo, Ontario",22.84.13,v53092995
2013,21.00,"Kitchener-Cambridge-Waterloo, Ontario",22.84.13,v53092995
2014,9.00,"Kitchener-Cambridge-Waterloo, Ontario",22.84.13,v53092995
2015,8.00,"Kitchener-Cambridge-Waterloo, Ontario",22.84.13,v53092995
2005,..,"Brantford, Ontario",45.84.13,v53087708
2006,2.00,"Brantford, Ontario",45.84.13,v53087708
2007,3.00,"Brantford, Ontario",45.84.13,v53087708
2008,3.00,"Brantford, Ontario",45.84.13,v53087708
2009,1.00,"Brantford, Ontario",45.84.13,v53087708
2010,3.00,"Brantford, Ontario",45.84.13,v53087708
2011,3.00,"Brantford, Ontario",45.84.13,v53087708
2012,9.00,"Brantford, Ontario",45.84.13,v53087708
2013,3.00,"Brantford, Ontario",45.84.13,v53087708
2014,1.00,"Brantford, Ontario",45.84.13,v53087708
2015,3.00,"Brantford, Ontario",45.84.13,v53087708
2005,..,"Guelph, Ontario",46.84.13,v53088670
2006,2.00,"Guelph, Ontario",46.84.13,v53088670
2007,6.00,"Guelph, Ontario",46.84.13,v53088670
2008,6.00,"Guelph, Ontario",46.84.13,v53088670
2009,5.00,"Guelph, Ontario",46.84.13,v53088670
2010,5.00,"Guelph, Ontario",46.84.13,v53088670
2011,2.00,"Guelph, Ontario",46.84.13,v53088670
2012,0.00,"Guelph, Ontario",46.84.13,v53088670
2013,0.00,"Guelph, Ontario",46.84.13,v53088670
2014,5.00,"Guelph, Ontario",46.84.13,v53088670
2015,0.00,"Guelph, Ontario",46.84.13,v53088670
1998,10.00,"London, Ontario",23.84.13,v53094956
1999,5.00,"London, Ontario",23.84.13,v53094956
2000,4.00,"London, Ontario",23.84.13,v53094956
2001,4.00,"London, Ontario",23.84.13,v53094956
2002,2.00,"London, Ontario",23.84.13,v53094956
2003,13.00,"London, Ontario",23.84.13,v53094956
2004,10.00,"London, Ontario",23.84.13,v53094956
2005,14.00,"London, Ontario",23.84.13,v53094956
2006,13.00,"London, Ontario",23.84.13,v53094956
2007,14.00,"London, Ontario",23.84.13,v53094956
2008,8.00,"London, Ontario",23.84.13,v53094956
2009,15.00,"London, Ontario",23.84.13,v53094956
2010,9.00,"London, Ontario",23.84.13,v53094956
2011,6.00,"London, Ontario",23.84.13,v53094956
2012,4.00,"London, Ontario",23.84.13,v53094956
2013,3.00,"London, Ontario",23.84.13,v53094956
2014,1.00,"London, Ontario",23.84.13,v53094956
2015,7.00,"London, Ontario",23.84.13,v53094956
1998,13.00,"Windsor, Ontario",24.84.13,v53087937
1999,8.00,"Windsor, Ontario",24.84.13,v53087937
2000,7.00,"Windsor, Ontario",24.84.13,v53087937
2001,6.00,"Windsor, Ontario",24.84.13,v53087937
2002,0.00,"Windsor, Ontario",24.84.13,v53087937
2003,8.00,"Windsor, Ontario",24.84.13,v53087937
2004,7.00,"Windsor, Ontario",24.84.13,v53087937
2005,13.00,"Windsor, Ontario",24.84.13,v53087937
2006,8.00,"Windsor, Ontario",24.84.13,v53087937
2007,8.00,"Windsor, Ontario",24.84.13,v53087937
2008,3.00,"Windsor, Ontario",24.84.13,v53087937
2009,10.00,"Windsor, Ontario",24.84.13,v53087937
2010,6.00,"Windsor, Ontario",24.84.13,v53087937
2011,8.00,"Windsor, Ontario",24.84.13,v53087937
2012,2.00,"Windsor, Ontario",24.84.13,v53087937
2013,2.00,"Windsor, Ontario",24.84.13,v53087937
2014,0.00,"Windsor, Ontario",24.84.13,v53087937
2015,14.00,"Windsor, Ontario",24.84.13,v53087937
2005,..,"Barrie, Ontario",47.84.13,v53088946
2006,4.00,"Barrie, Ontario",47.84.13,v53088946
2007,3.00,"Barrie, Ontario",47.84.13,v53088946
2008,1.00,"Barrie, Ontario",47.84.13,v53088946
2009,0.00,"Barrie, Ontario",47.84.13,v53088946
2010,4.00,"Barrie, Ontario",47.84.13,v53088946
2011,0.00,"Barrie, Ontario",47.84.13,v53088946
2012,0.00,"Barrie, Ontario",47.84.13,v53088946
2013,0.00,"Barrie, Ontario",47.84.13,v53088946
2014,0.00,"Barrie, Ontario",47.84.13,v53088946
2015,1.00,"Barrie, Ontario",47.84.13,v53088946
1998,4.00,"Sudbury, Ontario",25.84.13,v53095425
1999,1.00,"Sudbury, Ontario",25.84.13,v53095425
2000,0.00,"Sudbury, Ontario",25.84.13,v53095425
2001,0.00,"Sudbury, Ontario",25.84.13,v53095425
2002,0.00,"Sudbury, Ontario",25.84.13,v53095425
2003,2.00,"Sudbury, Ontario",25.84.13,v53095425
2004,4.00,"Sudbury, Ontario",25.84.13,v53095425
2005,3.00,"Sudbury, Ontario",25.84.13,v53095425
2006,0.00,"Sudbury, Ontario",25.84.13,v53095425
2007,2.00,"Sudbury, Ontario",25.84.13,v53095425
2008,0.00,"Sudbury, Ontario",25.84.13,v53095425
2009,4.00,"Sudbury, Ontario",25.84.13,v53095425
2010,6.00,"Sudbury, Ontario",25.84.13,v53095425
2011,5.00,"Sudbury, Ontario",25.84.13,v53095425
2012,1.00,"Sudbury, Ontario",25.84.13,v53095425
2013,8.00,"Sudbury, Ontario",25.84.13,v53095425
2014,3.00,"Sudbury, Ontario",25.84.13,v53095425
2015,5.00,"Sudbury, Ontario",25.84.13,v53095425
1998,4.00,"Thunder Bay, Ontario",26.84.13,v53090252
1999,4.00,"Thunder Bay, Ontario",26.84.13,v53090252
2000,3.00,"Thunder Bay, Ontario",26.84.13,v53090252
2001,0.00,"Thunder Bay, Ontario",26.84.13,v53090252
2002,0.00,"Thunder Bay, Ontario",26.84.13,v53090252
2003,2.00,"Thunder Bay, Ontario",26.84.13,v53090252
2004,0.00,"Thunder Bay, Ontario",26.84.13,v53090252
2005,13.00,"Thunder Bay, Ontario",26.84.13,v53090252
2006,3.00,"Thunder Bay, Ontario",26.84.13,v53090252
2007,0.00,"Thunder Bay, Ontario",26.84.13,v53090252
2008,9.00,"Thunder Bay, Ontario",26.84.13,v53090252
2009,2.00,"Thunder Bay, Ontario",26.84.13,v53090252
2010,0.00,"Thunder Bay, Ontario",26.84.13,v53090252
2011,3.00,"Thunder Bay, Ontario",26.84.13,v53090252
2012,0.00,"Thunder Bay, Ontario",26.84.13,v53090252
2013,1.00,"Thunder Bay, Ontario",26.84.13,v53090252
2014,0.00,"Thunder Bay, Ontario",26.84.13,v53090252
2015,3.00,"Thunder Bay, Ontario",26.84.13,v53090252
1998,26.00,"Manitoba",28.84.13,v53091207
1999,25.00,"Manitoba",28.84.13,v53091207
2000,15.00,"Manitoba",28.84.13,v53091207
2001,48.00,"Manitoba",28.84.13,v53091207
2002,27.00,"Manitoba",28.84.13,v53091207
2003,67.00,"Manitoba",28.84.13,v53091207
2004,75.00,"Manitoba",28.84.13,v53091207
2005,59.00,"Manitoba",28.84.13,v53091207
2006,86.00,"Manitoba",28.84.13,v53091207
2007,87.00,"Manitoba",28.84.13,v53091207
2008,89.00,"Manitoba",28.84.13,v53091207
2009,56.00,"Manitoba",28.84.13,v53091207
2010,44.00,"Manitoba",28.84.13,v53091207
2011,25.00,"Manitoba",28.84.13,v53091207
2012,54.00,"Manitoba",28.84.13,v53091207
2013,29.00,"Manitoba",28.84.13,v53091207
2014,26.00,"Manitoba",28.84.13,v53091207
2015,18.00,"Manitoba",28.84.13,v53091207
1998,2.00,"Winnipeg, Manitoba",29.84.13,v53096028
1999,10.00,"Winnipeg, Manitoba",29.84.13,v53096028
2000,4.00,"Winnipeg, Manitoba",29.84.13,v53096028
2001,17.00,"Winnipeg, Manitoba",29.84.13,v53096028
2002,11.00,"Winnipeg, Manitoba",29.84.13,v53096028
2003,43.00,"Winnipeg, Manitoba",29.84.13,v53096028
2004,46.00,"Winnipeg, Manitoba",29.84.13,v53096028
2005,22.00,"Winnipeg, Manitoba",29.84.13,v53096028
2006,40.00,"Winnipeg, Manitoba",29.84.13,v53096028
2007,29.00,"Winnipeg, Manitoba",29.84.13,v53096028
2008,38.00,"Winnipeg, Manitoba",29.84.13,v53096028
2009,19.00,"Winnipeg, Manitoba",29.84.13,v53096028
2010,11.00,"Winnipeg, Manitoba",29.84.13,v53096028
2011,6.00,"Winnipeg, Manitoba",29.84.13,v53096028
2012,23.00,"Winnipeg, Manitoba",29.84.13,v53096028
2013,5.00,"Winnipeg, Manitoba",29.84.13,v53096028
2014,17.00,"Winnipeg, Manitoba",29.84.13,v53096028
2015,5.00,"Winnipeg, Manitoba",29.84.13,v53096028
1998,24.00,"Saskatchewan",30.84.13,v53096218
1999,28.00,"Saskatchewan",30.84.13,v53096218
2000,18.00,"Saskatchewan",30.84.13,v53096218
2001,65.00,"Saskatchewan",30.84.13,v53096218
2002,33.00,"Saskatchewan",30.84.13,v53096218
2003,33.00,"Saskatchewan",30.84.13,v53096218
2004,47.00,"Saskatchewan",30.84.13,v53096218
2005,44.00,"Saskatchewan",30.84.13,v53096218
2006,58.00,"Saskatchewan",30.84.13,v53096218
2007,83.00,"Saskatchewan",30.84.13,v53096218
2008,78.00,"Saskatchewan",30.84.13,v53096218
2009,44.00,"Saskatchewan",30.84.13,v53096218
2010,36.00,"Saskatchewan",30.84.13,v53096218
2011,49.00,"Saskatchewan",30.84.13,v53096218
2012,30.00,"Saskatchewan",30.84.13,v53096218
2013,31.00,"Saskatchewan",30.84.13,v53096218
2014,28.00,"Saskatchewan",30.84.13,v53096218
2015,34.00,"Saskatchewan",30.84.13,v53096218
1998,3.00,"Regina, Saskatchewan",31.84.13,v53096376
1999,3.00,"Regina, Saskatchewan",31.84.13,v53096376
2000,1.00,"Regina, Saskatchewan",31.84.13,v53096376
2001,4.00,"Regina, Saskatchewan",31.84.13,v53096376
2002,1.00,"Regina, Saskatchewan",31.84.13,v53096376
2003,1.00,"Regina, Saskatchewan",31.84.13,v53096376
2004,20.00,"Regina, Saskatchewan",31.84.13,v53096376
2005,3.00,"Regina, Saskatchewan",31.84.13,v53096376
2006,11.00,"Regina, Saskatchewan",31.84.13,v53096376
2007,19.00,"Regina, Saskatchewan",31.84.13,v53096376
2008,7.00,"Regina, Saskatchewan",31.84.13,v53096376
2009,3.00,"Regina, Saskatchewan",31.84.13,v53096376
2010,6.00,"Regina, Saskatchewan",31.84.13,v53096376
2011,8.00,"Regina, Saskatchewan",31.84.13,v53096376
2012,11.00,"Regina, Saskatchewan",31.84.13,v53096376
2013,6.00,"Regina, Saskatchewan",31.84.13,v53096376
2014,3.00,"Regina, Saskatchewan",31.84.13,v53096376
2015,8.00,"Regina, Saskatchewan",31.84.13,v53096376
1998,1.00,"Saskatoon, Saskatchewan",32.84.13,v53090767
1999,6.00,"Saskatoon, Saskatchewan",32.84.13,v53090767
2000,4.00,"Saskatoon, Saskatchewan",32.84.13,v53090767
2001,15.00,"Saskatoon, Saskatchewan",32.84.13,v53090767
2002,10.00,"Saskatoon, Saskatchewan",32.84.13,v53090767
2003,9.00,"Saskatoon, Saskatchewan",32.84.13,v53090767
2004,6.00,"Saskatoon, Saskatchewan",32.84.13,v53090767
2005,8.00,"Saskatoon, Saskatchewan",32.84.13,v53090767
2006,15.00,"Saskatoon, Saskatchewan",32.84.13,v53090767
2007,17.00,"Saskatoon, Saskatchewan",32.84.13,v53090767
2008,4.00,"Saskatoon, Saskatchewan",32.84.13,v53090767
2009,9.00,"Saskatoon, Saskatchewan",32.84.13,v53090767
2010,3.00,"Saskatoon, Saskatchewan",32.84.13,v53090767
2011,8.00,"Saskatoon, Saskatchewan",32.84.13,v53090767
2012,3.00,"Saskatoon, Saskatchewan",32.84.13,v53090767
2013,8.00,"Saskatoon, Saskatchewan",32.84.13,v53090767
2014,5.00,"Saskatoon, Saskatchewan",32.84.13,v53090767
2015,7.00,"Saskatoon, Saskatchewan",32.84.13,v53090767
1998,83.00,"Alberta",33.84.13,v53091760
1999,63.00,"Alberta",33.84.13,v53091760
2000,101.00,"Alberta",33.84.13,v53091760
2001,154.00,"Alberta",33.84.13,v53091760
2002,114.00,"Alberta",33.84.13,v53091760
2003,103.00,"Alberta",33.84.13,v53091760
2004,139.00,"Alberta",33.84.13,v53091760
2005,116.00,"Alberta",33.84.13,v53091760
2006,123.00,"Alberta",33.84.13,v53091760
2007,112.00,"Alberta",33.84.13,v53091760
2008,121.00,"Alberta",33.84.13,v53091760
2009,79.00,"Alberta",33.84.13,v53091760
2010,107.00,"Alberta",33.84.13,v53091760
2011,71.00,"Alberta",33.84.13,v53091760
2012,57.00,"Alberta",33.84.13,v53091760
2013,36.00,"Alberta",33.84.13,v53091760
2014,28.00,"Alberta",33.84.13,v53091760
2015,24.00,"Alberta",33.84.13,v53091760
1998,13.00,"Calgary, Alberta",34.84.13,v53091887
1999,11.00,"Calgary, Alberta",34.84.13,v53091887
2000,25.00,"Calgary, Alberta",34.84.13,v53091887
2001,34.00,"Calgary, Alberta",34.84.13,v53091887
2002,16.00,"Calgary, Alberta",34.84.13,v53091887
2003,21.00,"Calgary, Alberta",34.84.13,v53091887
2004,34.00,"Calgary, Alberta",34.84.13,v53091887
2005,39.00,"Calgary, Alberta",34.84.13,v53091887
2006,41.00,"Calgary, Alberta",34.84.13,v53091887
2007,16.00,"Calgary, Alberta",34.84.13,v53091887
2008,21.00,"Calgary, Alberta",34.84.13,v53091887
2009,3.00,"Calgary, Alberta",34.84.13,v53091887
2010,10.00,"Calgary, Alberta",34.84.13,v53091887
2011,9.00,"Calgary, Alberta",34.84.13,v53091887
2012,8.00,"Calgary, Alberta",34.84.13,v53091887
2013,2.00,"Calgary, Alberta",34.84.13,v53091887
2014,6.00,"Calgary, Alberta",34.84.13,v53091887
2015,3.00,"Calgary, Alberta",34.84.13,v53091887
1998,21.00,"Edmonton, Alberta",35.84.13,v53091977
1999,8.00,"Edmonton, Alberta",35.84.13,v53091977
2000,26.00,"Edmonton, Alberta",35.84.13,v53091977
2001,42.00,"Edmonton, Alberta",35.84.13,v53091977
2002,42.00,"Edmonton, Alberta",35.84.13,v53091977
2003,27.00,"Edmonton, Alberta",35.84.13,v53091977
2004,36.00,"Edmonton, Alberta",35.84.13,v53091977
2005,28.00,"Edmonton, Alberta",35.84.13,v53091977
2006,32.00,"Edmonton, Alberta",35.84.13,v53091977
2007,33.00,"Edmonton, Alberta",35.84.13,v53091977
2008,42.00,"Edmonton, Alberta",35.84.13,v53091977
2009,26.00,"Edmonton, Alberta",35.84.13,v53091977
2010,34.00,"Edmonton, Alberta",35.84.13,v53091977
2011,18.00,"Edmonton, Alberta",35.84.13,v53091977
2012,24.00,"Edmonton, Alberta",35.84.13,v53091977
2013,10.00,"Edmonton, Alberta",35.84.13,v53091977
2014,4.00,"Edmonton, Alberta",35.84.13,v53091977
2015,15.00,"Edmonton, Alberta",35.84.13,v53091977
1998,183.00,"British Columbia",36.84.13,v53092072
1999,191.00,"British Columbia",36.84.13,v53092072
2000,225.00,"British Columbia",36.84.13,v53092072
2001,245.00,"British Columbia",36.84.13,v53092072
2002,291.00,"British Columbia",36.84.13,v53092072
2003,206.00,"British Columbia",36.84.13,v53092072
2004,189.00,"British Columbia",36.84.13,v53092072
2005,191.00,"British Columbia",36.84.13,v53092072
2006,212.00,"British Columbia",36.84.13,v53092072
2007,165.00,"British Columbia",36.84.13,v53092072
2008,171.00,"British Columbia",36.84.13,v53092072
2009,153.00,"British Columbia",36.84.13,v53092072
2010,96.00,"British Columbia",36.84.13,v53092072
2011,76.00,"British Columbia",36.84.13,v53092072
2012,88.00,"British Columbia",36.84.13,v53092072
2013,72.00,"British Columbia",36.84.13,v53092072
2014,52.00,"British Columbia",36.84.13,v53092072
2015,47.00,"British Columbia",36.84.13,v53092072
2005,..,"Kelowna, British Columbia",48.84.13,v53097841
2006,11.00,"Kelowna, British Columbia",48.84.13,v53097841
2007,18.00,"Kelowna, British Columbia",48.84.13,v53097841
2008,16.00,"Kelowna, British Columbia",48.84.13,v53097841
2009,11.00,"Kelowna, British Columbia",48.84.13,v53097841
2010,12.00,"Kelowna, British Columbia",48.84.13,v53097841
2011,10.00,"Kelowna, British Columbia",48.84.13,v53097841
2012,10.00,"Kelowna, British Columbia",48.84.13,v53097841
2013,8.00,"Kelowna, British Columbia",48.84.13,v53097841
2014,3.00,"Kelowna, British Columbia",48.84.13,v53097841
2015,4.00,"Kelowna, British Columbia",48.84.13,v53097841
2000,..,"Abbotsford-Mission, British Columbia",39.84.13,v53097951
2001,0.00,"Abbotsford-Mission, British Columbia",39.84.13,v53097951
2002,5.00,"Abbotsford-Mission, British Columbia",39.84.13,v53097951
2003,5.00,"Abbotsford-Mission, British Columbia",39.84.13,v53097951
2004,7.00,"Abbotsford-Mission, British Columbia",39.84.13,v53097951
2005,4.00,"Abbotsford-Mission, British Columbia",39.84.13,v53097951
2006,13.00,"Abbotsford-Mission, British Columbia",39.84.13,v53097951
2007,8.00,"Abbotsford-Mission, British Columbia",39.84.13,v53097951
2008,17.00,"Abbotsford-Mission, British Columbia",39.84.13,v53097951
2009,14.00,"Abbotsford-Mission, British Columbia",39.84.13,v53097951
2010,3.00,"Abbotsford-Mission, British Columbia",39.84.13,v53097951
2011,5.00,"Abbotsford-Mission, British Columbia",39.84.13,v53097951
2012,8.00,"Abbotsford-Mission, British Columbia",39.84.13,v53097951
2013,1.00,"Abbotsford-Mission, British Columbia",39.84.13,v53097951
2014,3.00,"Abbotsford-Mission, British Columbia",39.84.13,v53097951
2015,0.00,"Abbotsford-Mission, British Columbia",39.84.13,v53097951
1998,73.00,"Vancouver, British Columbia",37.84.13,v53098078
1999,60.00,"Vancouver, British Columbia",37.84.13,v53098078
2000,95.00,"Vancouver, British Columbia",37.84.13,v53098078
2001,85.00,"Vancouver, British Columbia",37.84.13,v53098078
2002,92.00,"Vancouver, British Columbia",37.84.13,v53098078
2003,74.00,"Vancouver, British Columbia",37.84.13,v53098078
2004,77.00,"Vancouver, British Columbia",37.84.13,v53098078
2005,58.00,"Vancouver, British Columbia",37.84.13,v53098078
2006,62.00,"Vancouver, British Columbia",37.84.13,v53098078
2007,68.00,"Vancouver, British Columbia",37.84.13,v53098078
2008,62.00,"Vancouver, British Columbia",37.84.13,v53098078
2009,64.00,"Vancouver, British Columbia",37.84.13,v53098078
2010,46.00,"Vancouver, British Columbia",37.84.13,v53098078
2011,24.00,"Vancouver, British Columbia",37.84.13,v53098078
2012,37.00,"Vancouver, British Columbia",37.84.13,v53098078
2013,20.00,"Vancouver, British Columbia",37.84.13,v53098078
2014,27.00,"Vancouver, British Columbia",37.84.13,v53098078
2015,18.00,"Vancouver, British Columbia",37.84.13,v53098078
1998,9.00,"Victoria, British Columbia",38.84.13,v53093651
1999,22.00,"Victoria, British Columbia",38.84.13,v53093651
2000,16.00,"Victoria, British Columbia",38.84.13,v53093651
2001,15.00,"Victoria, British Columbia",38.84.13,v53093651
2002,12.00,"Victoria, British Columbia",38.84.13,v53093651
2003,15.00,"Victoria, British Columbia",38.84.13,v53093651
2004,20.00,"Victoria, British Columbia",38.84.13,v53093651
2005,9.00,"Victoria, British Columbia",38.84.13,v53093651
2006,4.00,"Victoria, British Columbia",38.84.13,v53093651
2007,15.00,"Victoria, British Columbia",38.84.13,v53093651
2008,10.00,"Victoria, British Columbia",38.84.13,v53093651
2009,10.00,"Victoria, British Columbia",38.84.13,v53093651
2010,7.00,"Victoria, British Columbia",38.84.13,v53093651
2011,5.00,"Victoria, British Columbia",38.84.13,v53093651
2012,6.00,"Victoria, British Columbia",38.84.13,v53093651
2013,5.00,"Victoria, British Columbia",38.84.13,v53093651
2014,5.00,"Victoria, British Columbia",38.84.13,v53093651
2015,5.00,"Victoria, British Columbia",38.84.13,v53093651
1998,6.00,"Yukon",40.84.13,v53094431
1999,4.00,"Yukon",40.84.13,v53094431
2000,1.00,"Yukon",40.84.13,v53094431
2001,1.00,"Yukon",40.84.13,v53094431
2002,3.00,"Yukon",40.84.13,v53094431
2003,3.00,"Yukon",40.84.13,v53094431
2004,4.00,"Yukon",40.84.13,v53094431
2005,7.00,"Yukon",40.84.13,v53094431
2006,3.00,"Yukon",40.84.13,v53094431
2007,5.00,"Yukon",40.84.13,v53094431
2008,3.00,"Yukon",40.84.13,v53094431
2009,1.00,"Yukon",40.84.13,v53094431
2010,2.00,"Yukon",40.84.13,v53094431
2011,0.00,"Yukon",40.84.13,v53094431
2012,0.00,"Yukon",40.84.13,v53094431
2013,0.00,"Yukon",40.84.13,v53094431
2014,0.00,"Yukon",40.84.13,v53094431
2015,1.00,"Yukon",40.84.13,v53094431
1998,10.00,"Northwest Territories",41.84.13,v53098673
1999,3.00,"Northwest Territories",41.84.13,v53098673
2000,3.00,"Northwest Territories",41.84.13,v53098673
2001,0.00,"Northwest Territories",41.84.13,v53098673
2002,7.00,"Northwest Territories",41.84.13,v53098673
2003,2.00,"Northwest Territories",41.84.13,v53098673
2004,3.00,"Northwest Territories",41.84.13,v53098673
2005,9.00,"Northwest Territories",41.84.13,v53098673
2006,3.00,"Northwest Territories",41.84.13,v53098673
2007,2.00,"Northwest Territories",41.84.13,v53098673
2008,3.00,"Northwest Territories",41.84.13,v53098673
2009,1.00,"Northwest Territories",41.84.13,v53098673
2010,4.00,"Northwest Territories",41.84.13,v53098673
2011,0.00,"Northwest Territories",41.84.13,v53098673
2012,0.00,"Northwest Territories",41.84.13,v53098673
2013,4.00,"Northwest Territories",41.84.13,v53098673
2014,6.00,"Northwest Territories",41.84.13,v53098673
2015,2.00,"Northwest Territories",41.84.13,v53098673
1998,..,"Nunavut",42.84.13,v53098750
1999,2.00,"Nunavut",42.84.13,v53098750
2000,5.00,"Nunavut",42.84.13,v53098750
2001,4.00,"Nunavut",42.84.13,v53098750
2002,11.00,"Nunavut",42.84.13,v53098750
2003,8.00,"Nunavut",42.84.13,v53098750
2004,6.00,"Nunavut",42.84.13,v53098750
2005,3.00,"Nunavut",42.84.13,v53098750
2006,0.00,"Nunavut",42.84.13,v53098750
2007,0.00,"Nunavut",42.84.13,v53098750
2008,2.00,"Nunavut",42.84.13,v53098750
2009,1.00,"Nunavut",42.84.13,v53098750
2010,4.00,"Nunavut",42.84.13,v53098750
2011,0.00,"Nunavut",42.84.13,v53098750
2012,0.00,"Nunavut",42.84.13,v53098750
2013,2.00,"Nunavut",42.84.13,v53098750
2014,2.00,"Nunavut",42.84.13,v53098750
2015,1.00,"Nunavut",42.84.13,v53098750
