1998,0.05,"Canada",1.103.8,v44378622
1999,0.11,"Canada",1.103.8,v44378622
2000,0.09,"Canada",1.103.8,v44378622
2001,0.06,"Canada",1.103.8,v44378622
2002,0.27,"Canada",1.103.8,v44378622
2003,0.17,"Canada",1.103.8,v44378622
2004,0.16,"Canada",1.103.8,v44378622
2005,0.21,"Canada",1.103.8,v44378622
2006,0.12,"Canada",1.103.8,v44378622
2007,0.28,"Canada",1.103.8,v44378622
2008,0.29,"Canada",1.103.8,v44378622
2009,0.12,"Canada",1.103.8,v44378622
2010,0.14,"Canada",1.103.8,v44378622
2011,0.14,"Canada",1.103.8,v44378622
2012,0.12,"Canada",1.103.8,v44378622
2013,0.09,"Canada",1.103.8,v44378622
2014,0.04,"Canada",1.103.8,v44378622
2015,0.00,"Canada",1.103.8,v44378622
1998,0.00,"Newfoundland and Labrador",2.103.8,v44335913
1999,0.00,"Newfoundland and Labrador",2.103.8,v44335913
2000,0.00,"Newfoundland and Labrador",2.103.8,v44335913
2001,0.00,"Newfoundland and Labrador",2.103.8,v44335913
2002,0.00,"Newfoundland and Labrador",2.103.8,v44335913
2003,0.00,"Newfoundland and Labrador",2.103.8,v44335913
2004,0.00,"Newfoundland and Labrador",2.103.8,v44335913
2005,0.00,"Newfoundland and Labrador",2.103.8,v44335913
2006,0.00,"Newfoundland and Labrador",2.103.8,v44335913
2007,0.00,"Newfoundland and Labrador",2.103.8,v44335913
2008,0.00,"Newfoundland and Labrador",2.103.8,v44335913
2009,0.00,"Newfoundland and Labrador",2.103.8,v44335913
2010,0.00,"Newfoundland and Labrador",2.103.8,v44335913
2011,0.00,"Newfoundland and Labrador",2.103.8,v44335913
2012,0.00,"Newfoundland and Labrador",2.103.8,v44335913
2013,0.00,"Newfoundland and Labrador",2.103.8,v44335913
2014,0.00,"Newfoundland and Labrador",2.103.8,v44335913
2015,0.00,"Newfoundland and Labrador",2.103.8,v44335913
1998,0.00,"St. John's, Newfoundland and Labrador",3.103.8,v44374915
1999,0.00,"St. John's, Newfoundland and Labrador",3.103.8,v44374915
2000,0.00,"St. John's, Newfoundland and Labrador",3.103.8,v44374915
2001,..,"St. John's, Newfoundland and Labrador",3.103.8,v44374915
2002,..,"St. John's, Newfoundland and Labrador",3.103.8,v44374915
2003,..,"St. John's, Newfoundland and Labrador",3.103.8,v44374915
2004,0.00,"St. John's, Newfoundland and Labrador",3.103.8,v44374915
2005,0.00,"St. John's, Newfoundland and Labrador",3.103.8,v44374915
2006,0.00,"St. John's, Newfoundland and Labrador",3.103.8,v44374915
2007,0.00,"St. John's, Newfoundland and Labrador",3.103.8,v44374915
2008,0.00,"St. John's, Newfoundland and Labrador",3.103.8,v44374915
2009,0.00,"St. John's, Newfoundland and Labrador",3.103.8,v44374915
2010,0.00,"St. John's, Newfoundland and Labrador",3.103.8,v44374915
2011,0.00,"St. John's, Newfoundland and Labrador",3.103.8,v44374915
2012,0.00,"St. John's, Newfoundland and Labrador",3.103.8,v44374915
2013,0.00,"St. John's, Newfoundland and Labrador",3.103.8,v44374915
2014,0.00,"St. John's, Newfoundland and Labrador",3.103.8,v44374915
2015,0.00,"St. John's, Newfoundland and Labrador",3.103.8,v44374915
1998,0.00,"Prince Edward Island",4.103.8,v44345455
1999,..,"Prince Edward Island",4.103.8,v44345455
2000,0.00,"Prince Edward Island",4.103.8,v44345455
2001,..,"Prince Edward Island",4.103.8,v44345455
2002,..,"Prince Edward Island",4.103.8,v44345455
2003,0.00,"Prince Edward Island",4.103.8,v44345455
2004,0.00,"Prince Edward Island",4.103.8,v44345455
2005,0.00,"Prince Edward Island",4.103.8,v44345455
2006,0.00,"Prince Edward Island",4.103.8,v44345455
2007,0.00,"Prince Edward Island",4.103.8,v44345455
2008,0.00,"Prince Edward Island",4.103.8,v44345455
2009,0.00,"Prince Edward Island",4.103.8,v44345455
2010,0.00,"Prince Edward Island",4.103.8,v44345455
2011,0.00,"Prince Edward Island",4.103.8,v44345455
2012,0.00,"Prince Edward Island",4.103.8,v44345455
2013,0.00,"Prince Edward Island",4.103.8,v44345455
2014,0.00,"Prince Edward Island",4.103.8,v44345455
2015,0.00,"Prince Edward Island",4.103.8,v44345455
1998,0.00,"Nova Scotia",5.103.8,v44369681
1999,0.13,"Nova Scotia",5.103.8,v44369681
2000,0.00,"Nova Scotia",5.103.8,v44369681
2001,0.00,"Nova Scotia",5.103.8,v44369681
2002,0.12,"Nova Scotia",5.103.8,v44369681
2003,0.00,"Nova Scotia",5.103.8,v44369681
2004,0.24,"Nova Scotia",5.103.8,v44369681
2005,0.12,"Nova Scotia",5.103.8,v44369681
2006,0.00,"Nova Scotia",5.103.8,v44369681
2007,0.00,"Nova Scotia",5.103.8,v44369681
2008,0.00,"Nova Scotia",5.103.8,v44369681
2009,0.00,"Nova Scotia",5.103.8,v44369681
2010,0.00,"Nova Scotia",5.103.8,v44369681
2011,0.00,"Nova Scotia",5.103.8,v44369681
2012,0.00,"Nova Scotia",5.103.8,v44369681
2013,0.00,"Nova Scotia",5.103.8,v44369681
2014,0.12,"Nova Scotia",5.103.8,v44369681
2015,0.00,"Nova Scotia",5.103.8,v44369681
1998,0.00,"Halifax, Nova Scotia",6.103.8,v44327034
1999,0.00,"Halifax, Nova Scotia",6.103.8,v44327034
2000,0.00,"Halifax, Nova Scotia",6.103.8,v44327034
2001,0.00,"Halifax, Nova Scotia",6.103.8,v44327034
2002,0.00,"Halifax, Nova Scotia",6.103.8,v44327034
2003,0.00,"Halifax, Nova Scotia",6.103.8,v44327034
2004,0.00,"Halifax, Nova Scotia",6.103.8,v44327034
2005,0.30,"Halifax, Nova Scotia",6.103.8,v44327034
2006,0.00,"Halifax, Nova Scotia",6.103.8,v44327034
2007,0.00,"Halifax, Nova Scotia",6.103.8,v44327034
2008,0.00,"Halifax, Nova Scotia",6.103.8,v44327034
2009,0.00,"Halifax, Nova Scotia",6.103.8,v44327034
2010,0.00,"Halifax, Nova Scotia",6.103.8,v44327034
2011,0.00,"Halifax, Nova Scotia",6.103.8,v44327034
2012,0.00,"Halifax, Nova Scotia",6.103.8,v44327034
2013,0.00,"Halifax, Nova Scotia",6.103.8,v44327034
2014,0.00,"Halifax, Nova Scotia",6.103.8,v44327034
2015,0.00,"Halifax, Nova Scotia",6.103.8,v44327034
1998,0.16,"New Brunswick",7.103.8,v44416040
1999,0.62,"New Brunswick",7.103.8,v44416040
2000,0.15,"New Brunswick",7.103.8,v44416040
2001,0.15,"New Brunswick",7.103.8,v44416040
2002,0.00,"New Brunswick",7.103.8,v44416040
2003,0.00,"New Brunswick",7.103.8,v44416040
2004,0.15,"New Brunswick",7.103.8,v44416040
2005,0.00,"New Brunswick",7.103.8,v44416040
2006,0.15,"New Brunswick",7.103.8,v44416040
2007,0.00,"New Brunswick",7.103.8,v44416040
2008,0.15,"New Brunswick",7.103.8,v44416040
2009,0.15,"New Brunswick",7.103.8,v44416040
2010,0.00,"New Brunswick",7.103.8,v44416040
2011,0.00,"New Brunswick",7.103.8,v44416040
2012,0.00,"New Brunswick",7.103.8,v44416040
2013,0.00,"New Brunswick",7.103.8,v44416040
2014,0.00,"New Brunswick",7.103.8,v44416040
2015,0.00,"New Brunswick",7.103.8,v44416040
2006,0.00,"Moncton, New Brunswick",43.103.8,v62126438
2007,0.00,"Moncton, New Brunswick",43.103.8,v62126438
2008,0.00,"Moncton, New Brunswick",43.103.8,v62126438
2009,0.00,"Moncton, New Brunswick",43.103.8,v62126438
2010,0.00,"Moncton, New Brunswick",43.103.8,v62126438
2011,0.00,"Moncton, New Brunswick",43.103.8,v62126438
2012,0.00,"Moncton, New Brunswick",43.103.8,v62126438
2013,0.00,"Moncton, New Brunswick",43.103.8,v62126438
2014,0.00,"Moncton, New Brunswick",43.103.8,v62126438
2015,0.00,"Moncton, New Brunswick",43.103.8,v62126438
1998,0.00,"Saint John, New Brunswick",8.103.8,v44401404
1999,0.00,"Saint John, New Brunswick",8.103.8,v44401404
2000,0.00,"Saint John, New Brunswick",8.103.8,v44401404
2001,0.00,"Saint John, New Brunswick",8.103.8,v44401404
2002,0.00,"Saint John, New Brunswick",8.103.8,v44401404
2003,0.00,"Saint John, New Brunswick",8.103.8,v44401404
2004,0.81,"Saint John, New Brunswick",8.103.8,v44401404
2005,0.00,"Saint John, New Brunswick",8.103.8,v44401404
2006,0.80,"Saint John, New Brunswick",8.103.8,v44401404
2007,0.00,"Saint John, New Brunswick",8.103.8,v44401404
2008,0.79,"Saint John, New Brunswick",8.103.8,v44401404
2009,0.00,"Saint John, New Brunswick",8.103.8,v44401404
2010,0.00,"Saint John, New Brunswick",8.103.8,v44401404
2011,0.00,"Saint John, New Brunswick",8.103.8,v44401404
2012,0.00,"Saint John, New Brunswick",8.103.8,v44401404
2013,0.00,"Saint John, New Brunswick",8.103.8,v44401404
2014,0.00,"Saint John, New Brunswick",8.103.8,v44401404
2015,0.00,"Saint John, New Brunswick",8.103.8,v44401404
1998,0.00,"Quebec",9.103.8,v44349815
1999,0.03,"Quebec",9.103.8,v44349815
2000,0.13,"Quebec",9.103.8,v44349815
2001,0.03,"Quebec",9.103.8,v44349815
2002,0.69,"Quebec",9.103.8,v44349815
2003,0.15,"Quebec",9.103.8,v44349815
2004,0.15,"Quebec",9.103.8,v44349815
2005,0.17,"Quebec",9.103.8,v44349815
2006,0.06,"Quebec",9.103.8,v44349815
2007,0.01,"Quebec",9.103.8,v44349815
2008,0.16,"Quebec",9.103.8,v44349815
2009,0.00,"Quebec",9.103.8,v44349815
2010,0.26,"Quebec",9.103.8,v44349815
2011,0.19,"Quebec",9.103.8,v44349815
2012,0.00,"Quebec",9.103.8,v44349815
2013,0.04,"Quebec",9.103.8,v44349815
2014,0.06,"Quebec",9.103.8,v44349815
2015,0.00,"Quebec",9.103.8,v44349815
1998,0.00,"Saguenay, Quebec",10.103.8,v44400402
1999,..,"Saguenay, Quebec",10.103.8,v44400402
2000,..,"Saguenay, Quebec",10.103.8,v44400402
2001,..,"Saguenay, Quebec",10.103.8,v44400402
2002,0.00,"Saguenay, Quebec",10.103.8,v44400402
2003,0.00,"Saguenay, Quebec",10.103.8,v44400402
2004,0.00,"Saguenay, Quebec",10.103.8,v44400402
2005,0.00,"Saguenay, Quebec",10.103.8,v44400402
2006,0.00,"Saguenay, Quebec",10.103.8,v44400402
2007,0.00,"Saguenay, Quebec",10.103.8,v44400402
2008,0.00,"Saguenay, Quebec",10.103.8,v44400402
2009,0.00,"Saguenay, Quebec",10.103.8,v44400402
2010,0.76,"Saguenay, Quebec",10.103.8,v44400402
2011,0.00,"Saguenay, Quebec",10.103.8,v44400402
2012,0.00,"Saguenay, Quebec",10.103.8,v44400402
2013,0.00,"Saguenay, Quebec",10.103.8,v44400402
2014,0.00,"Saguenay, Quebec",10.103.8,v44400402
2015,0.00,"Saguenay, Quebec",10.103.8,v44400402
1998,..,"Sherbrooke, Quebec",12.103.8,v44360932
1999,0.00,"Sherbrooke, Quebec",12.103.8,v44360932
2000,..,"Sherbrooke, Quebec",12.103.8,v44360932
2001,..,"Sherbrooke, Quebec",12.103.8,v44360932
2002,..,"Sherbrooke, Quebec",12.103.8,v44360932
2003,..,"Sherbrooke, Quebec",12.103.8,v44360932
2004,0.00,"Sherbrooke, Quebec",12.103.8,v44360932
2005,0.00,"Sherbrooke, Quebec",12.103.8,v44360932
2006,0.00,"Sherbrooke, Quebec",12.103.8,v44360932
2007,0.00,"Sherbrooke, Quebec",12.103.8,v44360932
2008,0.00,"Sherbrooke, Quebec",12.103.8,v44360932
2009,0.00,"Sherbrooke, Quebec",12.103.8,v44360932
2010,0.00,"Sherbrooke, Quebec",12.103.8,v44360932
2011,0.00,"Sherbrooke, Quebec",12.103.8,v44360932
2012,0.00,"Sherbrooke, Quebec",12.103.8,v44360932
2013,0.00,"Sherbrooke, Quebec",12.103.8,v44360932
2014,0.00,"Sherbrooke, Quebec",12.103.8,v44360932
2015,0.00,"Sherbrooke, Quebec",12.103.8,v44360932
1998,0.00,"Ottawa-Gatineau, Quebec part",15.103.8,v44413396
1999,0.00,"Ottawa-Gatineau, Quebec part",15.103.8,v44413396
2000,0.00,"Ottawa-Gatineau, Quebec part",15.103.8,v44413396
2001,..,"Ottawa-Gatineau, Quebec part",15.103.8,v44413396
2002,0.00,"Ottawa-Gatineau, Quebec part",15.103.8,v44413396
2003,0.00,"Ottawa-Gatineau, Quebec part",15.103.8,v44413396
2004,0.00,"Ottawa-Gatineau, Quebec part",15.103.8,v44413396
2005,0.00,"Ottawa-Gatineau, Quebec part",15.103.8,v44413396
2006,0.00,"Ottawa-Gatineau, Quebec part",15.103.8,v44413396
2007,0.00,"Ottawa-Gatineau, Quebec part",15.103.8,v44413396
2008,0.00,"Ottawa-Gatineau, Quebec part",15.103.8,v44413396
2009,0.00,"Ottawa-Gatineau, Quebec part",15.103.8,v44413396
2010,0.37,"Ottawa-Gatineau, Quebec part",15.103.8,v44413396
2011,0.00,"Ottawa-Gatineau, Quebec part",15.103.8,v44413396
2012,0.00,"Ottawa-Gatineau, Quebec part",15.103.8,v44413396
2013,0.00,"Ottawa-Gatineau, Quebec part",15.103.8,v44413396
2014,0.00,"Ottawa-Gatineau, Quebec part",15.103.8,v44413396
2015,0.00,"Ottawa-Gatineau, Quebec part",15.103.8,v44413396
1998,0.00,"Ontario",16.103.8,v44371075
1999,0.02,"Ontario",16.103.8,v44371075
2000,0.01,"Ontario",16.103.8,v44371075
2001,0.03,"Ontario",16.103.8,v44371075
2002,0.07,"Ontario",16.103.8,v44371075
2003,0.13,"Ontario",16.103.8,v44371075
2004,0.08,"Ontario",16.103.8,v44371075
2005,0.06,"Ontario",16.103.8,v44371075
2006,0.15,"Ontario",16.103.8,v44371075
2007,0.21,"Ontario",16.103.8,v44371075
2008,0.15,"Ontario",16.103.8,v44371075
2009,0.06,"Ontario",16.103.8,v44371075
2010,0.08,"Ontario",16.103.8,v44371075
2011,0.03,"Ontario",16.103.8,v44371075
2012,0.09,"Ontario",16.103.8,v44371075
2013,0.01,"Ontario",16.103.8,v44371075
2014,0.00,"Ontario",16.103.8,v44371075
2015,0.00,"Ontario",16.103.8,v44371075
1998,0.00,"Ottawa-Gatineau, Ontario/Quebec",17.103.8,v52147016
1999,0.00,"Ottawa-Gatineau, Ontario/Quebec",17.103.8,v52147016
2000,0.00,"Ottawa-Gatineau, Ontario/Quebec",17.103.8,v52147016
2001,..,"Ottawa-Gatineau, Ontario/Quebec",17.103.8,v52147016
2002,0.00,"Ottawa-Gatineau, Ontario/Quebec",17.103.8,v52147016
2003,0.00,"Ottawa-Gatineau, Ontario/Quebec",17.103.8,v52147016
2004,0.00,"Ottawa-Gatineau, Ontario/Quebec",17.103.8,v52147016
2005,0.00,"Ottawa-Gatineau, Ontario/Quebec",17.103.8,v52147016
2006,0.00,"Ottawa-Gatineau, Ontario/Quebec",17.103.8,v52147016
2007,0.00,"Ottawa-Gatineau, Ontario/Quebec",17.103.8,v52147016
2008,0.00,"Ottawa-Gatineau, Ontario/Quebec",17.103.8,v52147016
2009,0.00,"Ottawa-Gatineau, Ontario/Quebec",17.103.8,v52147016
2010,0.09,"Ottawa-Gatineau, Ontario/Quebec",17.103.8,v52147016
2011,0.00,"Ottawa-Gatineau, Ontario/Quebec",17.103.8,v52147016
2012,0.00,"Ottawa-Gatineau, Ontario/Quebec",17.103.8,v52147016
2013,0.09,"Ottawa-Gatineau, Ontario/Quebec",17.103.8,v52147016
2014,0.00,"Ottawa-Gatineau, Ontario/Quebec",17.103.8,v52147016
2015,0.00,"Ottawa-Gatineau, Ontario/Quebec",17.103.8,v52147016
1998,0.00,"Ottawa-Gatineau, Ontario part",18.103.8,v44353946
1999,0.00,"Ottawa-Gatineau, Ontario part",18.103.8,v44353946
2000,..,"Ottawa-Gatineau, Ontario part",18.103.8,v44353946
2001,..,"Ottawa-Gatineau, Ontario part",18.103.8,v44353946
2002,..,"Ottawa-Gatineau, Ontario part",18.103.8,v44353946
2003,..,"Ottawa-Gatineau, Ontario part",18.103.8,v44353946
2004,0.00,"Ottawa-Gatineau, Ontario part",18.103.8,v44353946
2005,0.00,"Ottawa-Gatineau, Ontario part",18.103.8,v44353946
2006,0.00,"Ottawa-Gatineau, Ontario part",18.103.8,v44353946
2007,0.00,"Ottawa-Gatineau, Ontario part",18.103.8,v44353946
2008,0.00,"Ottawa-Gatineau, Ontario part",18.103.8,v44353946
2009,0.00,"Ottawa-Gatineau, Ontario part",18.103.8,v44353946
2010,0.00,"Ottawa-Gatineau, Ontario part",18.103.8,v44353946
2011,0.00,"Ottawa-Gatineau, Ontario part",18.103.8,v44353946
2012,0.00,"Ottawa-Gatineau, Ontario part",18.103.8,v44353946
2013,0.12,"Ottawa-Gatineau, Ontario part",18.103.8,v44353946
2014,0.00,"Ottawa-Gatineau, Ontario part",18.103.8,v44353946
2015,0.00,"Ottawa-Gatineau, Ontario part",18.103.8,v44353946
2000,..,"Kingston, Ontario",27.103.8,v44367165
2001,0.00,"Kingston, Ontario",27.103.8,v44367165
2002,..,"Kingston, Ontario",27.103.8,v44367165
2003,0.00,"Kingston, Ontario",27.103.8,v44367165
2004,0.00,"Kingston, Ontario",27.103.8,v44367165
2005,0.00,"Kingston, Ontario",27.103.8,v44367165
2006,0.00,"Kingston, Ontario",27.103.8,v44367165
2007,0.00,"Kingston, Ontario",27.103.8,v44367165
2008,0.00,"Kingston, Ontario",27.103.8,v44367165
2009,0.00,"Kingston, Ontario",27.103.8,v44367165
2010,0.00,"Kingston, Ontario",27.103.8,v44367165
2011,0.00,"Kingston, Ontario",27.103.8,v44367165
2012,0.00,"Kingston, Ontario",27.103.8,v44367165
2013,0.00,"Kingston, Ontario",27.103.8,v44367165
2014,0.00,"Kingston, Ontario",27.103.8,v44367165
2015,0.00,"Kingston, Ontario",27.103.8,v44367165
2006,0.00,"Peterborough, Ontario",44.103.8,v62129588
2007,0.00,"Peterborough, Ontario",44.103.8,v62129588
2008,0.00,"Peterborough, Ontario",44.103.8,v62129588
2009,0.00,"Peterborough, Ontario",44.103.8,v62129588
2010,0.00,"Peterborough, Ontario",44.103.8,v62129588
2011,0.00,"Peterborough, Ontario",44.103.8,v62129588
2012,0.00,"Peterborough, Ontario",44.103.8,v62129588
2013,0.00,"Peterborough, Ontario",44.103.8,v62129588
2014,0.00,"Peterborough, Ontario",44.103.8,v62129588
2015,0.00,"Peterborough, Ontario",44.103.8,v62129588
1998,0.00,"Toronto, Ontario",19.103.8,v44349582
1999,0.00,"Toronto, Ontario",19.103.8,v44349582
2000,0.00,"Toronto, Ontario",19.103.8,v44349582
2001,0.00,"Toronto, Ontario",19.103.8,v44349582
2002,0.00,"Toronto, Ontario",19.103.8,v44349582
2003,0.00,"Toronto, Ontario",19.103.8,v44349582
2004,0.09,"Toronto, Ontario",19.103.8,v44349582
2005,0.02,"Toronto, Ontario",19.103.8,v44349582
2006,0.13,"Toronto, Ontario",19.103.8,v44349582
2007,0.11,"Toronto, Ontario",19.103.8,v44349582
2008,0.13,"Toronto, Ontario",19.103.8,v44349582
2009,0.02,"Toronto, Ontario",19.103.8,v44349582
2010,0.04,"Toronto, Ontario",19.103.8,v44349582
2011,0.02,"Toronto, Ontario",19.103.8,v44349582
2012,0.06,"Toronto, Ontario",19.103.8,v44349582
2013,0.00,"Toronto, Ontario",19.103.8,v44349582
2014,0.00,"Toronto, Ontario",19.103.8,v44349582
2015,0.00,"Toronto, Ontario",19.103.8,v44349582
1998,0.00,"Hamilton, Ontario",20.103.8,v44344383
1999,0.00,"Hamilton, Ontario",20.103.8,v44344383
2000,0.00,"Hamilton, Ontario",20.103.8,v44344383
2001,..,"Hamilton, Ontario",20.103.8,v44344383
2002,0.00,"Hamilton, Ontario",20.103.8,v44344383
2003,0.00,"Hamilton, Ontario",20.103.8,v44344383
2004,0.17,"Hamilton, Ontario",20.103.8,v44344383
2005,0.00,"Hamilton, Ontario",20.103.8,v44344383
2006,0.00,"Hamilton, Ontario",20.103.8,v44344383
2007,0.83,"Hamilton, Ontario",20.103.8,v44344383
2008,0.33,"Hamilton, Ontario",20.103.8,v44344383
2009,0.16,"Hamilton, Ontario",20.103.8,v44344383
2010,0.33,"Hamilton, Ontario",20.103.8,v44344383
2011,0.00,"Hamilton, Ontario",20.103.8,v44344383
2012,0.00,"Hamilton, Ontario",20.103.8,v44344383
2013,0.00,"Hamilton, Ontario",20.103.8,v44344383
2014,0.00,"Hamilton, Ontario",20.103.8,v44344383
2015,0.00,"Hamilton, Ontario",20.103.8,v44344383
1998,0.00,"St.Catharines-Niagara, Ontario",21.103.8,v44379292
1999,..,"St.Catharines-Niagara, Ontario",21.103.8,v44379292
2000,0.00,"St.Catharines-Niagara, Ontario",21.103.8,v44379292
2001,..,"St.Catharines-Niagara, Ontario",21.103.8,v44379292
2002,0.00,"St.Catharines-Niagara, Ontario",21.103.8,v44379292
2003,0.00,"St.Catharines-Niagara, Ontario",21.103.8,v44379292
2004,0.00,"St.Catharines-Niagara, Ontario",21.103.8,v44379292
2005,0.00,"St.Catharines-Niagara, Ontario",21.103.8,v44379292
2006,0.00,"St.Catharines-Niagara, Ontario",21.103.8,v44379292
2007,0.00,"St.Catharines-Niagara, Ontario",21.103.8,v44379292
2008,0.00,"St.Catharines-Niagara, Ontario",21.103.8,v44379292
2009,0.00,"St.Catharines-Niagara, Ontario",21.103.8,v44379292
2010,0.26,"St.Catharines-Niagara, Ontario",21.103.8,v44379292
2011,0.00,"St.Catharines-Niagara, Ontario",21.103.8,v44379292
2012,0.51,"St.Catharines-Niagara, Ontario",21.103.8,v44379292
2013,0.00,"St.Catharines-Niagara, Ontario",21.103.8,v44379292
2014,0.00,"St.Catharines-Niagara, Ontario",21.103.8,v44379292
2015,0.00,"St.Catharines-Niagara, Ontario",21.103.8,v44379292
1998,..,"Kitchener-Cambridge-Waterloo, Ontario",22.103.8,v44416613
1999,0.00,"Kitchener-Cambridge-Waterloo, Ontario",22.103.8,v44416613
2000,..,"Kitchener-Cambridge-Waterloo, Ontario",22.103.8,v44416613
2001,0.00,"Kitchener-Cambridge-Waterloo, Ontario",22.103.8,v44416613
2002,0.00,"Kitchener-Cambridge-Waterloo, Ontario",22.103.8,v44416613
2003,0.00,"Kitchener-Cambridge-Waterloo, Ontario",22.103.8,v44416613
2004,0.49,"Kitchener-Cambridge-Waterloo, Ontario",22.103.8,v44416613
2005,0.00,"Kitchener-Cambridge-Waterloo, Ontario",22.103.8,v44416613
2006,0.00,"Kitchener-Cambridge-Waterloo, Ontario",22.103.8,v44416613
2007,0.23,"Kitchener-Cambridge-Waterloo, Ontario",22.103.8,v44416613
2008,0.00,"Kitchener-Cambridge-Waterloo, Ontario",22.103.8,v44416613
2009,0.23,"Kitchener-Cambridge-Waterloo, Ontario",22.103.8,v44416613
2010,0.00,"Kitchener-Cambridge-Waterloo, Ontario",22.103.8,v44416613
2011,0.00,"Kitchener-Cambridge-Waterloo, Ontario",22.103.8,v44416613
2012,0.00,"Kitchener-Cambridge-Waterloo, Ontario",22.103.8,v44416613
2013,0.00,"Kitchener-Cambridge-Waterloo, Ontario",22.103.8,v44416613
2014,0.00,"Kitchener-Cambridge-Waterloo, Ontario",22.103.8,v44416613
2015,0.00,"Kitchener-Cambridge-Waterloo, Ontario",22.103.8,v44416613
2006,0.00,"Brantford, Ontario",45.103.8,v62132738
2007,0.00,"Brantford, Ontario",45.103.8,v62132738
2008,0.00,"Brantford, Ontario",45.103.8,v62132738
2009,0.00,"Brantford, Ontario",45.103.8,v62132738
2010,0.00,"Brantford, Ontario",45.103.8,v62132738
2011,0.00,"Brantford, Ontario",45.103.8,v62132738
2012,0.82,"Brantford, Ontario",45.103.8,v62132738
2013,0.00,"Brantford, Ontario",45.103.8,v62132738
2014,0.00,"Brantford, Ontario",45.103.8,v62132738
2015,0.00,"Brantford, Ontario",45.103.8,v62132738
2005,..,"Guelph, Ontario",46.103.8,v52119666
2006,0.00,"Guelph, Ontario",46.103.8,v52119666
2007,0.00,"Guelph, Ontario",46.103.8,v52119666
2008,0.00,"Guelph, Ontario",46.103.8,v52119666
2009,0.00,"Guelph, Ontario",46.103.8,v52119666
2010,0.00,"Guelph, Ontario",46.103.8,v52119666
2011,0.00,"Guelph, Ontario",46.103.8,v52119666
2012,0.00,"Guelph, Ontario",46.103.8,v52119666
2013,0.00,"Guelph, Ontario",46.103.8,v52119666
2014,0.00,"Guelph, Ontario",46.103.8,v52119666
2015,0.00,"Guelph, Ontario",46.103.8,v52119666
1998,0.00,"London, Ontario",23.103.8,v44376379
1999,0.00,"London, Ontario",23.103.8,v44376379
2000,0.00,"London, Ontario",23.103.8,v44376379
2001,0.00,"London, Ontario",23.103.8,v44376379
2002,0.00,"London, Ontario",23.103.8,v44376379
2003,0.00,"London, Ontario",23.103.8,v44376379
2004,0.25,"London, Ontario",23.103.8,v44376379
2005,0.49,"London, Ontario",23.103.8,v44376379
2006,0.00,"London, Ontario",23.103.8,v44376379
2007,0.00,"London, Ontario",23.103.8,v44376379
2008,0.00,"London, Ontario",23.103.8,v44376379
2009,0.00,"London, Ontario",23.103.8,v44376379
2010,0.00,"London, Ontario",23.103.8,v44376379
2011,0.00,"London, Ontario",23.103.8,v44376379
2012,0.23,"London, Ontario",23.103.8,v44376379
2013,0.00,"London, Ontario",23.103.8,v44376379
2014,0.00,"London, Ontario",23.103.8,v44376379
2015,0.00,"London, Ontario",23.103.8,v44376379
1998,..,"Windsor, Ontario",24.103.8,v44402795
1999,0.00,"Windsor, Ontario",24.103.8,v44402795
2000,0.00,"Windsor, Ontario",24.103.8,v44402795
2001,0.00,"Windsor, Ontario",24.103.8,v44402795
2002,0.00,"Windsor, Ontario",24.103.8,v44402795
2003,0.00,"Windsor, Ontario",24.103.8,v44402795
2004,0.00,"Windsor, Ontario",24.103.8,v44402795
2005,0.00,"Windsor, Ontario",24.103.8,v44402795
2006,0.00,"Windsor, Ontario",24.103.8,v44402795
2007,0.00,"Windsor, Ontario",24.103.8,v44402795
2008,0.00,"Windsor, Ontario",24.103.8,v44402795
2009,0.00,"Windsor, Ontario",24.103.8,v44402795
2010,0.35,"Windsor, Ontario",24.103.8,v44402795
2011,0.00,"Windsor, Ontario",24.103.8,v44402795
2012,0.00,"Windsor, Ontario",24.103.8,v44402795
2013,0.00,"Windsor, Ontario",24.103.8,v44402795
2014,0.00,"Windsor, Ontario",24.103.8,v44402795
2015,0.00,"Windsor, Ontario",24.103.8,v44402795
2006,0.00,"Barrie, Ontario",47.103.8,v62139038
2007,0.00,"Barrie, Ontario",47.103.8,v62139038
2008,0.00,"Barrie, Ontario",47.103.8,v62139038
2009,0.00,"Barrie, Ontario",47.103.8,v62139038
2010,0.00,"Barrie, Ontario",47.103.8,v62139038
2011,0.00,"Barrie, Ontario",47.103.8,v62139038
2012,0.00,"Barrie, Ontario",47.103.8,v62139038
2013,0.00,"Barrie, Ontario",47.103.8,v62139038
2014,0.00,"Barrie, Ontario",47.103.8,v62139038
2015,0.00,"Barrie, Ontario",47.103.8,v62139038
1998,0.00,"Sudbury, Ontario",25.103.8,v44389530
1999,..,"Sudbury, Ontario",25.103.8,v44389530
2000,..,"Sudbury, Ontario",25.103.8,v44389530
2001,0.00,"Sudbury, Ontario",25.103.8,v44389530
2002,0.00,"Sudbury, Ontario",25.103.8,v44389530
2003,0.00,"Sudbury, Ontario",25.103.8,v44389530
2004,0.00,"Sudbury, Ontario",25.103.8,v44389530
2005,0.00,"Sudbury, Ontario",25.103.8,v44389530
2006,0.00,"Sudbury, Ontario",25.103.8,v44389530
2007,0.00,"Sudbury, Ontario",25.103.8,v44389530
2008,0.00,"Sudbury, Ontario",25.103.8,v44389530
2009,0.00,"Sudbury, Ontario",25.103.8,v44389530
2010,0.00,"Sudbury, Ontario",25.103.8,v44389530
2011,0.00,"Sudbury, Ontario",25.103.8,v44389530
2012,0.00,"Sudbury, Ontario",25.103.8,v44389530
2013,0.00,"Sudbury, Ontario",25.103.8,v44389530
2014,0.00,"Sudbury, Ontario",25.103.8,v44389530
2015,0.00,"Sudbury, Ontario",25.103.8,v44389530
2000,..,"Thunder Bay, Ontario",26.103.8,v44338582
2001,0.00,"Thunder Bay, Ontario",26.103.8,v44338582
2002,0.00,"Thunder Bay, Ontario",26.103.8,v44338582
2003,..,"Thunder Bay, Ontario",26.103.8,v44338582
2004,0.00,"Thunder Bay, Ontario",26.103.8,v44338582
2005,0.00,"Thunder Bay, Ontario",26.103.8,v44338582
2006,0.00,"Thunder Bay, Ontario",26.103.8,v44338582
2007,0.00,"Thunder Bay, Ontario",26.103.8,v44338582
2008,0.00,"Thunder Bay, Ontario",26.103.8,v44338582
2009,0.00,"Thunder Bay, Ontario",26.103.8,v44338582
2010,0.00,"Thunder Bay, Ontario",26.103.8,v44338582
2011,0.00,"Thunder Bay, Ontario",26.103.8,v44338582
2012,0.00,"Thunder Bay, Ontario",26.103.8,v44338582
2013,0.00,"Thunder Bay, Ontario",26.103.8,v44338582
2014,0.00,"Thunder Bay, Ontario",26.103.8,v44338582
2015,0.00,"Thunder Bay, Ontario",26.103.8,v44338582
1998,0.00,"Manitoba",28.103.8,v44365867
1999,0.00,"Manitoba",28.103.8,v44365867
2000,0.21,"Manitoba",28.103.8,v44365867
2001,0.00,"Manitoba",28.103.8,v44365867
2002,0.10,"Manitoba",28.103.8,v44365867
2003,0.31,"Manitoba",28.103.8,v44365867
2004,0.81,"Manitoba",28.103.8,v44365867
2005,3.40,"Manitoba",28.103.8,v44365867
2006,0.40,"Manitoba",28.103.8,v44365867
2007,0.20,"Manitoba",28.103.8,v44365867
2008,0.20,"Manitoba",28.103.8,v44365867
2009,0.39,"Manitoba",28.103.8,v44365867
2010,0.00,"Manitoba",28.103.8,v44365867
2011,0.00,"Manitoba",28.103.8,v44365867
2012,0.00,"Manitoba",28.103.8,v44365867
2013,0.09,"Manitoba",28.103.8,v44365867
2014,0.37,"Manitoba",28.103.8,v44365867
2015,0.00,"Manitoba",28.103.8,v44365867
1998,0.00,"Winnipeg, Manitoba",29.103.8,v44349512
1999,0.00,"Winnipeg, Manitoba",29.103.8,v44349512
2000,0.00,"Winnipeg, Manitoba",29.103.8,v44349512
2001,0.00,"Winnipeg, Manitoba",29.103.8,v44349512
2002,0.00,"Winnipeg, Manitoba",29.103.8,v44349512
2003,0.00,"Winnipeg, Manitoba",29.103.8,v44349512
2004,1.34,"Winnipeg, Manitoba",29.103.8,v44349512
2005,5.65,"Winnipeg, Manitoba",29.103.8,v44349512
2006,0.63,"Winnipeg, Manitoba",29.103.8,v44349512
2007,0.31,"Winnipeg, Manitoba",29.103.8,v44349512
2008,0.31,"Winnipeg, Manitoba",29.103.8,v44349512
2009,0.61,"Winnipeg, Manitoba",29.103.8,v44349512
2010,0.00,"Winnipeg, Manitoba",29.103.8,v44349512
2011,0.00,"Winnipeg, Manitoba",29.103.8,v44349512
2012,0.00,"Winnipeg, Manitoba",29.103.8,v44349512
2013,0.14,"Winnipeg, Manitoba",29.103.8,v44349512
2014,0.58,"Winnipeg, Manitoba",29.103.8,v44349512
2015,0.00,"Winnipeg, Manitoba",29.103.8,v44349512
1998,0.36,"Saskatchewan",30.103.8,v44389193
1999,0.00,"Saskatchewan",30.103.8,v44389193
2000,0.12,"Saskatchewan",30.103.8,v44389193
2001,0.84,"Saskatchewan",30.103.8,v44389193
2002,0.48,"Saskatchewan",30.103.8,v44389193
2003,0.59,"Saskatchewan",30.103.8,v44389193
2004,0.59,"Saskatchewan",30.103.8,v44389193
2005,0.24,"Saskatchewan",30.103.8,v44389193
2006,0.36,"Saskatchewan",30.103.8,v44389193
2007,0.12,"Saskatchewan",30.103.8,v44389193
2008,0.00,"Saskatchewan",30.103.8,v44389193
2009,0.00,"Saskatchewan",30.103.8,v44389193
2010,0.00,"Saskatchewan",30.103.8,v44389193
2011,0.33,"Saskatchewan",30.103.8,v44389193
2012,0.11,"Saskatchewan",30.103.8,v44389193
2013,0.32,"Saskatchewan",30.103.8,v44389193
2014,0.11,"Saskatchewan",30.103.8,v44389193
2015,0.00,"Saskatchewan",30.103.8,v44389193
2000,..,"Regina, Saskatchewan",31.103.8,v44391336
2001,0.00,"Regina, Saskatchewan",31.103.8,v44391336
2002,0.00,"Regina, Saskatchewan",31.103.8,v44391336
2003,0.00,"Regina, Saskatchewan",31.103.8,v44391336
2004,0.00,"Regina, Saskatchewan",31.103.8,v44391336
2005,0.00,"Regina, Saskatchewan",31.103.8,v44391336
2006,0.00,"Regina, Saskatchewan",31.103.8,v44391336
2007,0.57,"Regina, Saskatchewan",31.103.8,v44391336
2008,0.00,"Regina, Saskatchewan",31.103.8,v44391336
2009,0.00,"Regina, Saskatchewan",31.103.8,v44391336
2010,0.00,"Regina, Saskatchewan",31.103.8,v44391336
2011,0.00,"Regina, Saskatchewan",31.103.8,v44391336
2012,0.51,"Regina, Saskatchewan",31.103.8,v44391336
2013,0.50,"Regina, Saskatchewan",31.103.8,v44391336
2014,0.49,"Regina, Saskatchewan",31.103.8,v44391336
2015,0.00,"Regina, Saskatchewan",31.103.8,v44391336
1998,0.00,"Saskatoon, Saskatchewan",32.103.8,v44401238
1999,0.00,"Saskatoon, Saskatchewan",32.103.8,v44401238
2000,0.00,"Saskatoon, Saskatchewan",32.103.8,v44401238
2001,0.00,"Saskatoon, Saskatchewan",32.103.8,v44401238
2002,0.00,"Saskatoon, Saskatchewan",32.103.8,v44401238
2003,0.00,"Saskatoon, Saskatchewan",32.103.8,v44401238
2004,2.40,"Saskatoon, Saskatchewan",32.103.8,v44401238
2005,0.47,"Saskatoon, Saskatchewan",32.103.8,v44401238
2006,1.41,"Saskatoon, Saskatchewan",32.103.8,v44401238
2007,0.00,"Saskatoon, Saskatchewan",32.103.8,v44401238
2008,0.00,"Saskatoon, Saskatchewan",32.103.8,v44401238
2009,0.00,"Saskatoon, Saskatchewan",32.103.8,v44401238
2010,0.00,"Saskatoon, Saskatchewan",32.103.8,v44401238
2011,1.25,"Saskatoon, Saskatchewan",32.103.8,v44401238
2012,0.00,"Saskatoon, Saskatchewan",32.103.8,v44401238
2013,0.39,"Saskatoon, Saskatchewan",32.103.8,v44401238
2014,0.00,"Saskatoon, Saskatchewan",32.103.8,v44401238
2015,0.00,"Saskatoon, Saskatchewan",32.103.8,v44401238
1998,0.08,"Alberta",33.103.8,v44341989
1999,0.49,"Alberta",33.103.8,v44341989
2000,0.16,"Alberta",33.103.8,v44341989
2001,0.00,"Alberta",33.103.8,v44341989
2002,0.19,"Alberta",33.103.8,v44341989
2003,0.22,"Alberta",33.103.8,v44341989
2004,0.04,"Alberta",33.103.8,v44341989
2005,0.04,"Alberta",33.103.8,v44341989
2006,0.03,"Alberta",33.103.8,v44341989
2007,0.07,"Alberta",33.103.8,v44341989
2008,0.00,"Alberta",33.103.8,v44341989
2009,0.00,"Alberta",33.103.8,v44341989
2010,0.06,"Alberta",33.103.8,v44341989
2011,0.19,"Alberta",33.103.8,v44341989
2012,0.00,"Alberta",33.103.8,v44341989
2013,0.06,"Alberta",33.103.8,v44341989
2014,0.00,"Alberta",33.103.8,v44341989
2015,0.03,"Alberta",33.103.8,v44341989
1998,0.00,"Calgary, Alberta",34.103.8,v44406184
1999,0.00,"Calgary, Alberta",34.103.8,v44406184
2000,0.00,"Calgary, Alberta",34.103.8,v44406184
2001,0.00,"Calgary, Alberta",34.103.8,v44406184
2002,0.00,"Calgary, Alberta",34.103.8,v44406184
2003,0.00,"Calgary, Alberta",34.103.8,v44406184
2004,0.11,"Calgary, Alberta",34.103.8,v44406184
2005,0.11,"Calgary, Alberta",34.103.8,v44406184
2006,0.00,"Calgary, Alberta",34.103.8,v44406184
2007,0.00,"Calgary, Alberta",34.103.8,v44406184
2008,0.00,"Calgary, Alberta",34.103.8,v44406184
2009,0.00,"Calgary, Alberta",34.103.8,v44406184
2010,0.00,"Calgary, Alberta",34.103.8,v44406184
2011,0.37,"Calgary, Alberta",34.103.8,v44406184
2012,0.00,"Calgary, Alberta",34.103.8,v44406184
2013,0.00,"Calgary, Alberta",34.103.8,v44406184
2014,0.00,"Calgary, Alberta",34.103.8,v44406184
2015,0.08,"Calgary, Alberta",34.103.8,v44406184
1998,0.00,"Edmonton, Alberta",35.103.8,v44395927
1999,0.00,"Edmonton, Alberta",35.103.8,v44395927
2000,0.00,"Edmonton, Alberta",35.103.8,v44395927
2001,0.00,"Edmonton, Alberta",35.103.8,v44395927
2002,0.00,"Edmonton, Alberta",35.103.8,v44395927
2003,0.00,"Edmonton, Alberta",35.103.8,v44395927
2004,0.00,"Edmonton, Alberta",35.103.8,v44395927
2005,0.00,"Edmonton, Alberta",35.103.8,v44395927
2006,0.00,"Edmonton, Alberta",35.103.8,v44395927
2007,0.10,"Edmonton, Alberta",35.103.8,v44395927
2008,0.00,"Edmonton, Alberta",35.103.8,v44395927
2009,0.00,"Edmonton, Alberta",35.103.8,v44395927
2010,0.10,"Edmonton, Alberta",35.103.8,v44395927
2011,0.19,"Edmonton, Alberta",35.103.8,v44395927
2012,0.00,"Edmonton, Alberta",35.103.8,v44395927
2013,0.00,"Edmonton, Alberta",35.103.8,v44395927
2014,0.00,"Edmonton, Alberta",35.103.8,v44395927
2015,0.00,"Edmonton, Alberta",35.103.8,v44395927
1998,0.21,"British Columbia",36.103.8,v44360590
1999,0.18,"British Columbia",36.103.8,v44360590
2000,0.20,"British Columbia",36.103.8,v44360590
2001,0.11,"British Columbia",36.103.8,v44360590
2002,0.25,"British Columbia",36.103.8,v44360590
2003,0.22,"British Columbia",36.103.8,v44360590
2004,0.19,"British Columbia",36.103.8,v44360590
2005,0.11,"British Columbia",36.103.8,v44360590
2006,0.16,"British Columbia",36.103.8,v44360590
2007,1.36,"British Columbia",36.103.8,v44360590
2008,1.36,"British Columbia",36.103.8,v44360590
2009,0.59,"British Columbia",36.103.8,v44360590
2010,0.31,"British Columbia",36.103.8,v44360590
2011,0.38,"British Columbia",36.103.8,v44360590
2012,0.62,"British Columbia",36.103.8,v44360590
2013,0.42,"British Columbia",36.103.8,v44360590
2014,0.05,"British Columbia",36.103.8,v44360590
2015,0.00,"British Columbia",36.103.8,v44360590
2005,..,"Kelowna, British Columbia",48.103.8,v52146497
2006,0.00,"Kelowna, British Columbia",48.103.8,v52146497
2007,0.00,"Kelowna, British Columbia",48.103.8,v52146497
2008,4.52,"Kelowna, British Columbia",48.103.8,v52146497
2009,6.33,"Kelowna, British Columbia",48.103.8,v52146497
2010,0.00,"Kelowna, British Columbia",48.103.8,v52146497
2011,0.00,"Kelowna, British Columbia",48.103.8,v52146497
2012,0.00,"Kelowna, British Columbia",48.103.8,v52146497
2013,0.00,"Kelowna, British Columbia",48.103.8,v52146497
2014,0.00,"Kelowna, British Columbia",48.103.8,v52146497
2015,0.00,"Kelowna, British Columbia",48.103.8,v52146497
2000,..,"Abbotsford-Mission, British Columbia",39.103.8,v44348096
2001,0.00,"Abbotsford-Mission, British Columbia",39.103.8,v44348096
2002,0.00,"Abbotsford-Mission, British Columbia",39.103.8,v44348096
2003,0.00,"Abbotsford-Mission, British Columbia",39.103.8,v44348096
2004,1.50,"Abbotsford-Mission, British Columbia",39.103.8,v44348096
2005,0.00,"Abbotsford-Mission, British Columbia",39.103.8,v44348096
2006,0.00,"Abbotsford-Mission, British Columbia",39.103.8,v44348096
2007,2.13,"Abbotsford-Mission, British Columbia",39.103.8,v44348096
2008,0.00,"Abbotsford-Mission, British Columbia",39.103.8,v44348096
2009,0.00,"Abbotsford-Mission, British Columbia",39.103.8,v44348096
2010,0.00,"Abbotsford-Mission, British Columbia",39.103.8,v44348096
2011,0.67,"Abbotsford-Mission, British Columbia",39.103.8,v44348096
2012,0.00,"Abbotsford-Mission, British Columbia",39.103.8,v44348096
2013,0.00,"Abbotsford-Mission, British Columbia",39.103.8,v44348096
2014,0.00,"Abbotsford-Mission, British Columbia",39.103.8,v44348096
2015,0.00,"Abbotsford-Mission, British Columbia",39.103.8,v44348096
1998,0.00,"Vancouver, British Columbia",37.103.8,v44406696
1999,0.00,"Vancouver, British Columbia",37.103.8,v44406696
2000,0.00,"Vancouver, British Columbia",37.103.8,v44406696
2001,0.00,"Vancouver, British Columbia",37.103.8,v44406696
2002,0.00,"Vancouver, British Columbia",37.103.8,v44406696
2003,0.00,"Vancouver, British Columbia",37.103.8,v44406696
2004,0.05,"Vancouver, British Columbia",37.103.8,v44406696
2005,0.05,"Vancouver, British Columbia",37.103.8,v44406696
2006,0.26,"Vancouver, British Columbia",37.103.8,v44406696
2007,0.51,"Vancouver, British Columbia",37.103.8,v44406696
2008,1.56,"Vancouver, British Columbia",37.103.8,v44406696
2009,0.44,"Vancouver, British Columbia",37.103.8,v44406696
2010,0.53,"Vancouver, British Columbia",37.103.8,v44406696
2011,0.29,"Vancouver, British Columbia",37.103.8,v44406696
2012,1.17,"Vancouver, British Columbia",37.103.8,v44406696
2013,0.79,"Vancouver, British Columbia",37.103.8,v44406696
2014,0.09,"Vancouver, British Columbia",37.103.8,v44406696
2015,0.00,"Vancouver, British Columbia",37.103.8,v44406696
1998,0.00,"Victoria, British Columbia",38.103.8,v44400400
1999,0.00,"Victoria, British Columbia",38.103.8,v44400400
2000,0.00,"Victoria, British Columbia",38.103.8,v44400400
2001,0.00,"Victoria, British Columbia",38.103.8,v44400400
2002,0.00,"Victoria, British Columbia",38.103.8,v44400400
2003,0.00,"Victoria, British Columbia",38.103.8,v44400400
2004,0.00,"Victoria, British Columbia",38.103.8,v44400400
2005,0.00,"Victoria, British Columbia",38.103.8,v44400400
2006,0.00,"Victoria, British Columbia",38.103.8,v44400400
2007,0.00,"Victoria, British Columbia",38.103.8,v44400400
2008,0.00,"Victoria, British Columbia",38.103.8,v44400400
2009,0.32,"Victoria, British Columbia",38.103.8,v44400400
2010,0.00,"Victoria, British Columbia",38.103.8,v44400400
2011,0.00,"Victoria, British Columbia",38.103.8,v44400400
2012,0.00,"Victoria, British Columbia",38.103.8,v44400400
2013,0.00,"Victoria, British Columbia",38.103.8,v44400400
2014,0.00,"Victoria, British Columbia",38.103.8,v44400400
2015,0.00,"Victoria, British Columbia",38.103.8,v44400400
1998,0.00,"Yukon",40.103.8,v44391051
1999,0.00,"Yukon",40.103.8,v44391051
2000,..,"Yukon",40.103.8,v44391051
2001,..,"Yukon",40.103.8,v44391051
2002,..,"Yukon",40.103.8,v44391051
2003,0.00,"Yukon",40.103.8,v44391051
2004,0.00,"Yukon",40.103.8,v44391051
2005,0.00,"Yukon",40.103.8,v44391051
2006,0.00,"Yukon",40.103.8,v44391051
2007,0.00,"Yukon",40.103.8,v44391051
2008,0.00,"Yukon",40.103.8,v44391051
2009,0.00,"Yukon",40.103.8,v44391051
2010,0.00,"Yukon",40.103.8,v44391051
2011,0.00,"Yukon",40.103.8,v44391051
2012,0.00,"Yukon",40.103.8,v44391051
2013,0.00,"Yukon",40.103.8,v44391051
2014,0.00,"Yukon",40.103.8,v44391051
2015,0.00,"Yukon",40.103.8,v44391051
1998,0.00,"Northwest Territories",41.103.8,v44381834
1999,..,"Northwest Territories",41.103.8,v44381834
2000,0.00,"Northwest Territories",41.103.8,v44381834
2001,..,"Northwest Territories",41.103.8,v44381834
2002,0.00,"Northwest Territories",41.103.8,v44381834
2003,..,"Northwest Territories",41.103.8,v44381834
2004,2.85,"Northwest Territories",41.103.8,v44381834
2005,0.00,"Northwest Territories",41.103.8,v44381834
2006,0.00,"Northwest Territories",41.103.8,v44381834
2007,0.00,"Northwest Territories",41.103.8,v44381834
2008,0.00,"Northwest Territories",41.103.8,v44381834
2009,0.00,"Northwest Territories",41.103.8,v44381834
2010,0.00,"Northwest Territories",41.103.8,v44381834
2011,0.00,"Northwest Territories",41.103.8,v44381834
2012,0.00,"Northwest Territories",41.103.8,v44381834
2013,0.00,"Northwest Territories",41.103.8,v44381834
2014,0.00,"Northwest Territories",41.103.8,v44381834
2015,0.00,"Northwest Territories",41.103.8,v44381834
2001,..,"Nunavut",42.103.8,v44412029
2002,0.00,"Nunavut",42.103.8,v44412029
2003,0.00,"Nunavut",42.103.8,v44412029
2004,0.00,"Nunavut",42.103.8,v44412029
2005,0.00,"Nunavut",42.103.8,v44412029
2006,0.00,"Nunavut",42.103.8,v44412029
2007,0.00,"Nunavut",42.103.8,v44412029
2008,0.00,"Nunavut",42.103.8,v44412029
2009,0.00,"Nunavut",42.103.8,v44412029
2010,0.00,"Nunavut",42.103.8,v44412029
2011,0.00,"Nunavut",42.103.8,v44412029
2012,0.00,"Nunavut",42.103.8,v44412029
2013,0.00,"Nunavut",42.103.8,v44412029
2014,0.00,"Nunavut",42.103.8,v44412029
2015,0.00,"Nunavut",42.103.8,v44412029
