1998,9.00,"Canada",1.98.6,v44406082
1999,14.00,"Canada",1.98.6,v44406082
2000,43.00,"Canada",1.98.6,v44406082
2001,32.00,"Canada",1.98.6,v44406082
2002,39.00,"Canada",1.98.6,v44406082
2003,113.00,"Canada",1.98.6,v44406082
2004,69.00,"Canada",1.98.6,v44406082
2005,110.00,"Canada",1.98.6,v44406082
2006,161.00,"Canada",1.98.6,v44406082
2007,129.00,"Canada",1.98.6,v44406082
2008,117.00,"Canada",1.98.6,v44406082
2009,143.00,"Canada",1.98.6,v44406082
2010,212.00,"Canada",1.98.6,v44406082
2011,246.00,"Canada",1.98.6,v44406082
2012,263.00,"Canada",1.98.6,v44406082
2013,350.00,"Canada",1.98.6,v44406082
2014,551.00,"Canada",1.98.6,v44406082
2015,507.00,"Canada",1.98.6,v44406082
1998,0.00,"Newfoundland and Labrador",2.98.6,v44337177
1999,0.00,"Newfoundland and Labrador",2.98.6,v44337177
2000,0.00,"Newfoundland and Labrador",2.98.6,v44337177
2001,0.00,"Newfoundland and Labrador",2.98.6,v44337177
2002,1.00,"Newfoundland and Labrador",2.98.6,v44337177
2003,0.00,"Newfoundland and Labrador",2.98.6,v44337177
2004,0.00,"Newfoundland and Labrador",2.98.6,v44337177
2005,2.00,"Newfoundland and Labrador",2.98.6,v44337177
2006,0.00,"Newfoundland and Labrador",2.98.6,v44337177
2007,0.00,"Newfoundland and Labrador",2.98.6,v44337177
2008,1.00,"Newfoundland and Labrador",2.98.6,v44337177
2009,0.00,"Newfoundland and Labrador",2.98.6,v44337177
2010,1.00,"Newfoundland and Labrador",2.98.6,v44337177
2011,2.00,"Newfoundland and Labrador",2.98.6,v44337177
2012,6.00,"Newfoundland and Labrador",2.98.6,v44337177
2013,3.00,"Newfoundland and Labrador",2.98.6,v44337177
2014,9.00,"Newfoundland and Labrador",2.98.6,v44337177
2015,12.00,"Newfoundland and Labrador",2.98.6,v44337177
1998,0.00,"St. John's, Newfoundland and Labrador",3.98.6,v44369490
1999,0.00,"St. John's, Newfoundland and Labrador",3.98.6,v44369490
2000,0.00,"St. John's, Newfoundland and Labrador",3.98.6,v44369490
2001,0.00,"St. John's, Newfoundland and Labrador",3.98.6,v44369490
2002,1.00,"St. John's, Newfoundland and Labrador",3.98.6,v44369490
2003,0.00,"St. John's, Newfoundland and Labrador",3.98.6,v44369490
2004,0.00,"St. John's, Newfoundland and Labrador",3.98.6,v44369490
2005,0.00,"St. John's, Newfoundland and Labrador",3.98.6,v44369490
2006,0.00,"St. John's, Newfoundland and Labrador",3.98.6,v44369490
2007,0.00,"St. John's, Newfoundland and Labrador",3.98.6,v44369490
2008,0.00,"St. John's, Newfoundland and Labrador",3.98.6,v44369490
2009,0.00,"St. John's, Newfoundland and Labrador",3.98.6,v44369490
2010,0.00,"St. John's, Newfoundland and Labrador",3.98.6,v44369490
2011,0.00,"St. John's, Newfoundland and Labrador",3.98.6,v44369490
2012,1.00,"St. John's, Newfoundland and Labrador",3.98.6,v44369490
2013,0.00,"St. John's, Newfoundland and Labrador",3.98.6,v44369490
2014,2.00,"St. John's, Newfoundland and Labrador",3.98.6,v44369490
2015,1.00,"St. John's, Newfoundland and Labrador",3.98.6,v44369490
1998,0.00,"Prince Edward Island",4.98.6,v44355349
1999,0.00,"Prince Edward Island",4.98.6,v44355349
2000,0.00,"Prince Edward Island",4.98.6,v44355349
2001,0.00,"Prince Edward Island",4.98.6,v44355349
2002,0.00,"Prince Edward Island",4.98.6,v44355349
2003,0.00,"Prince Edward Island",4.98.6,v44355349
2004,1.00,"Prince Edward Island",4.98.6,v44355349
2005,1.00,"Prince Edward Island",4.98.6,v44355349
2006,0.00,"Prince Edward Island",4.98.6,v44355349
2007,0.00,"Prince Edward Island",4.98.6,v44355349
2008,2.00,"Prince Edward Island",4.98.6,v44355349
2009,2.00,"Prince Edward Island",4.98.6,v44355349
2010,3.00,"Prince Edward Island",4.98.6,v44355349
2011,3.00,"Prince Edward Island",4.98.6,v44355349
2012,2.00,"Prince Edward Island",4.98.6,v44355349
2013,3.00,"Prince Edward Island",4.98.6,v44355349
2014,2.00,"Prince Edward Island",4.98.6,v44355349
2015,0.00,"Prince Edward Island",4.98.6,v44355349
1998,0.00,"Nova Scotia",5.98.6,v44398988
1999,0.00,"Nova Scotia",5.98.6,v44398988
2000,0.00,"Nova Scotia",5.98.6,v44398988
2001,0.00,"Nova Scotia",5.98.6,v44398988
2002,0.00,"Nova Scotia",5.98.6,v44398988
2003,0.00,"Nova Scotia",5.98.6,v44398988
2004,0.00,"Nova Scotia",5.98.6,v44398988
2005,4.00,"Nova Scotia",5.98.6,v44398988
2006,10.00,"Nova Scotia",5.98.6,v44398988
2007,3.00,"Nova Scotia",5.98.6,v44398988
2008,5.00,"Nova Scotia",5.98.6,v44398988
2009,3.00,"Nova Scotia",5.98.6,v44398988
2010,9.00,"Nova Scotia",5.98.6,v44398988
2011,19.00,"Nova Scotia",5.98.6,v44398988
2012,22.00,"Nova Scotia",5.98.6,v44398988
2013,18.00,"Nova Scotia",5.98.6,v44398988
2014,26.00,"Nova Scotia",5.98.6,v44398988
2015,21.00,"Nova Scotia",5.98.6,v44398988
1998,0.00,"Halifax, Nova Scotia",6.98.6,v44396858
1999,0.00,"Halifax, Nova Scotia",6.98.6,v44396858
2000,0.00,"Halifax, Nova Scotia",6.98.6,v44396858
2001,0.00,"Halifax, Nova Scotia",6.98.6,v44396858
2002,0.00,"Halifax, Nova Scotia",6.98.6,v44396858
2003,0.00,"Halifax, Nova Scotia",6.98.6,v44396858
2004,0.00,"Halifax, Nova Scotia",6.98.6,v44396858
2005,4.00,"Halifax, Nova Scotia",6.98.6,v44396858
2006,1.00,"Halifax, Nova Scotia",6.98.6,v44396858
2007,0.00,"Halifax, Nova Scotia",6.98.6,v44396858
2008,0.00,"Halifax, Nova Scotia",6.98.6,v44396858
2009,1.00,"Halifax, Nova Scotia",6.98.6,v44396858
2010,2.00,"Halifax, Nova Scotia",6.98.6,v44396858
2011,3.00,"Halifax, Nova Scotia",6.98.6,v44396858
2012,3.00,"Halifax, Nova Scotia",6.98.6,v44396858
2013,5.00,"Halifax, Nova Scotia",6.98.6,v44396858
2014,4.00,"Halifax, Nova Scotia",6.98.6,v44396858
2015,2.00,"Halifax, Nova Scotia",6.98.6,v44396858
1998,0.00,"New Brunswick",7.98.6,v44371540
1999,0.00,"New Brunswick",7.98.6,v44371540
2000,1.00,"New Brunswick",7.98.6,v44371540
2001,0.00,"New Brunswick",7.98.6,v44371540
2002,0.00,"New Brunswick",7.98.6,v44371540
2003,1.00,"New Brunswick",7.98.6,v44371540
2004,1.00,"New Brunswick",7.98.6,v44371540
2005,0.00,"New Brunswick",7.98.6,v44371540
2006,7.00,"New Brunswick",7.98.6,v44371540
2007,5.00,"New Brunswick",7.98.6,v44371540
2008,5.00,"New Brunswick",7.98.6,v44371540
2009,2.00,"New Brunswick",7.98.6,v44371540
2010,3.00,"New Brunswick",7.98.6,v44371540
2011,6.00,"New Brunswick",7.98.6,v44371540
2012,8.00,"New Brunswick",7.98.6,v44371540
2013,14.00,"New Brunswick",7.98.6,v44371540
2014,16.00,"New Brunswick",7.98.6,v44371540
2015,15.00,"New Brunswick",7.98.6,v44371540
2005,..,"Moncton, New Brunswick",43.98.6,v52121346
2006,2.00,"Moncton, New Brunswick",43.98.6,v52121346
2007,3.00,"Moncton, New Brunswick",43.98.6,v52121346
2008,0.00,"Moncton, New Brunswick",43.98.6,v52121346
2009,0.00,"Moncton, New Brunswick",43.98.6,v52121346
2010,1.00,"Moncton, New Brunswick",43.98.6,v52121346
2011,1.00,"Moncton, New Brunswick",43.98.6,v52121346
2012,4.00,"Moncton, New Brunswick",43.98.6,v52121346
2013,2.00,"Moncton, New Brunswick",43.98.6,v52121346
2014,2.00,"Moncton, New Brunswick",43.98.6,v52121346
2015,5.00,"Moncton, New Brunswick",43.98.6,v52121346
1998,0.00,"Saint John, New Brunswick",8.98.6,v44350479
1999,0.00,"Saint John, New Brunswick",8.98.6,v44350479
2000,0.00,"Saint John, New Brunswick",8.98.6,v44350479
2001,0.00,"Saint John, New Brunswick",8.98.6,v44350479
2002,0.00,"Saint John, New Brunswick",8.98.6,v44350479
2003,0.00,"Saint John, New Brunswick",8.98.6,v44350479
2004,0.00,"Saint John, New Brunswick",8.98.6,v44350479
2005,0.00,"Saint John, New Brunswick",8.98.6,v44350479
2006,2.00,"Saint John, New Brunswick",8.98.6,v44350479
2007,1.00,"Saint John, New Brunswick",8.98.6,v44350479
2008,1.00,"Saint John, New Brunswick",8.98.6,v44350479
2009,0.00,"Saint John, New Brunswick",8.98.6,v44350479
2010,0.00,"Saint John, New Brunswick",8.98.6,v44350479
2011,1.00,"Saint John, New Brunswick",8.98.6,v44350479
2012,2.00,"Saint John, New Brunswick",8.98.6,v44350479
2013,3.00,"Saint John, New Brunswick",8.98.6,v44350479
2014,1.00,"Saint John, New Brunswick",8.98.6,v44350479
2015,3.00,"Saint John, New Brunswick",8.98.6,v44350479
1998,0.00,"Quebec",9.98.6,v44369375
1999,2.00,"Quebec",9.98.6,v44369375
2000,3.00,"Quebec",9.98.6,v44369375
2001,9.00,"Quebec",9.98.6,v44369375
2002,10.00,"Quebec",9.98.6,v44369375
2003,16.00,"Quebec",9.98.6,v44369375
2004,13.00,"Quebec",9.98.6,v44369375
2005,21.00,"Quebec",9.98.6,v44369375
2006,35.00,"Quebec",9.98.6,v44369375
2007,22.00,"Quebec",9.98.6,v44369375
2008,24.00,"Quebec",9.98.6,v44369375
2009,32.00,"Quebec",9.98.6,v44369375
2010,57.00,"Quebec",9.98.6,v44369375
2011,35.00,"Quebec",9.98.6,v44369375
2012,24.00,"Quebec",9.98.6,v44369375
2013,61.00,"Quebec",9.98.6,v44369375
2014,127.00,"Quebec",9.98.6,v44369375
2015,130.00,"Quebec",9.98.6,v44369375
1998,0.00,"Saguenay, Quebec",10.98.6,v44357393
1999,0.00,"Saguenay, Quebec",10.98.6,v44357393
2000,..,"Saguenay, Quebec",10.98.6,v44357393
2001,0.00,"Saguenay, Quebec",10.98.6,v44357393
2002,0.00,"Saguenay, Quebec",10.98.6,v44357393
2003,2.00,"Saguenay, Quebec",10.98.6,v44357393
2004,0.00,"Saguenay, Quebec",10.98.6,v44357393
2005,0.00,"Saguenay, Quebec",10.98.6,v44357393
2006,0.00,"Saguenay, Quebec",10.98.6,v44357393
2007,0.00,"Saguenay, Quebec",10.98.6,v44357393
2008,1.00,"Saguenay, Quebec",10.98.6,v44357393
2009,0.00,"Saguenay, Quebec",10.98.6,v44357393
2010,1.00,"Saguenay, Quebec",10.98.6,v44357393
2011,0.00,"Saguenay, Quebec",10.98.6,v44357393
2012,1.00,"Saguenay, Quebec",10.98.6,v44357393
2013,0.00,"Saguenay, Quebec",10.98.6,v44357393
2014,2.00,"Saguenay, Quebec",10.98.6,v44357393
2015,3.00,"Saguenay, Quebec",10.98.6,v44357393
1998,0.00,"Sherbrooke, Quebec",12.98.6,v44358217
1999,0.00,"Sherbrooke, Quebec",12.98.6,v44358217
2000,0.00,"Sherbrooke, Quebec",12.98.6,v44358217
2001,..,"Sherbrooke, Quebec",12.98.6,v44358217
2002,0.00,"Sherbrooke, Quebec",12.98.6,v44358217
2003,0.00,"Sherbrooke, Quebec",12.98.6,v44358217
2004,0.00,"Sherbrooke, Quebec",12.98.6,v44358217
2005,1.00,"Sherbrooke, Quebec",12.98.6,v44358217
2006,0.00,"Sherbrooke, Quebec",12.98.6,v44358217
2007,1.00,"Sherbrooke, Quebec",12.98.6,v44358217
2008,2.00,"Sherbrooke, Quebec",12.98.6,v44358217
2009,2.00,"Sherbrooke, Quebec",12.98.6,v44358217
2010,2.00,"Sherbrooke, Quebec",12.98.6,v44358217
2011,0.00,"Sherbrooke, Quebec",12.98.6,v44358217
2012,1.00,"Sherbrooke, Quebec",12.98.6,v44358217
2013,3.00,"Sherbrooke, Quebec",12.98.6,v44358217
2014,2.00,"Sherbrooke, Quebec",12.98.6,v44358217
2015,6.00,"Sherbrooke, Quebec",12.98.6,v44358217
1998,0.00,"Ottawa-Gatineau, Quebec part",15.98.6,v44341722
1999,0.00,"Ottawa-Gatineau, Quebec part",15.98.6,v44341722
2000,0.00,"Ottawa-Gatineau, Quebec part",15.98.6,v44341722
2001,0.00,"Ottawa-Gatineau, Quebec part",15.98.6,v44341722
2002,4.00,"Ottawa-Gatineau, Quebec part",15.98.6,v44341722
2003,0.00,"Ottawa-Gatineau, Quebec part",15.98.6,v44341722
2004,1.00,"Ottawa-Gatineau, Quebec part",15.98.6,v44341722
2005,1.00,"Ottawa-Gatineau, Quebec part",15.98.6,v44341722
2006,1.00,"Ottawa-Gatineau, Quebec part",15.98.6,v44341722
2007,0.00,"Ottawa-Gatineau, Quebec part",15.98.6,v44341722
2008,0.00,"Ottawa-Gatineau, Quebec part",15.98.6,v44341722
2009,1.00,"Ottawa-Gatineau, Quebec part",15.98.6,v44341722
2010,0.00,"Ottawa-Gatineau, Quebec part",15.98.6,v44341722
2011,1.00,"Ottawa-Gatineau, Quebec part",15.98.6,v44341722
2012,1.00,"Ottawa-Gatineau, Quebec part",15.98.6,v44341722
2013,1.00,"Ottawa-Gatineau, Quebec part",15.98.6,v44341722
2014,10.00,"Ottawa-Gatineau, Quebec part",15.98.6,v44341722
2015,5.00,"Ottawa-Gatineau, Quebec part",15.98.6,v44341722
1998,4.00,"Ontario",16.98.6,v44331728
1999,8.00,"Ontario",16.98.6,v44331728
2000,28.00,"Ontario",16.98.6,v44331728
2001,13.00,"Ontario",16.98.6,v44331728
2002,15.00,"Ontario",16.98.6,v44331728
2003,66.00,"Ontario",16.98.6,v44331728
2004,26.00,"Ontario",16.98.6,v44331728
2005,46.00,"Ontario",16.98.6,v44331728
2006,64.00,"Ontario",16.98.6,v44331728
2007,49.00,"Ontario",16.98.6,v44331728
2008,49.00,"Ontario",16.98.6,v44331728
2009,47.00,"Ontario",16.98.6,v44331728
2010,66.00,"Ontario",16.98.6,v44331728
2011,98.00,"Ontario",16.98.6,v44331728
2012,119.00,"Ontario",16.98.6,v44331728
2013,141.00,"Ontario",16.98.6,v44331728
2014,210.00,"Ontario",16.98.6,v44331728
2015,190.00,"Ontario",16.98.6,v44331728
1998,0.00,"Ottawa-Gatineau, Ontario/Quebec",17.98.6,v52148570
1999,0.00,"Ottawa-Gatineau, Ontario/Quebec",17.98.6,v52148570
2000,0.00,"Ottawa-Gatineau, Ontario/Quebec",17.98.6,v52148570
2001,1.00,"Ottawa-Gatineau, Ontario/Quebec",17.98.6,v52148570
2002,4.00,"Ottawa-Gatineau, Ontario/Quebec",17.98.6,v52148570
2003,0.00,"Ottawa-Gatineau, Ontario/Quebec",17.98.6,v52148570
2004,1.00,"Ottawa-Gatineau, Ontario/Quebec",17.98.6,v52148570
2005,1.00,"Ottawa-Gatineau, Ontario/Quebec",17.98.6,v52148570
2006,1.00,"Ottawa-Gatineau, Ontario/Quebec",17.98.6,v52148570
2007,0.00,"Ottawa-Gatineau, Ontario/Quebec",17.98.6,v52148570
2008,0.00,"Ottawa-Gatineau, Ontario/Quebec",17.98.6,v52148570
2009,1.00,"Ottawa-Gatineau, Ontario/Quebec",17.98.6,v52148570
2010,4.00,"Ottawa-Gatineau, Ontario/Quebec",17.98.6,v52148570
2011,18.00,"Ottawa-Gatineau, Ontario/Quebec",17.98.6,v52148570
2012,13.00,"Ottawa-Gatineau, Ontario/Quebec",17.98.6,v52148570
2013,12.00,"Ottawa-Gatineau, Ontario/Quebec",17.98.6,v52148570
2014,32.00,"Ottawa-Gatineau, Ontario/Quebec",17.98.6,v52148570
2015,15.00,"Ottawa-Gatineau, Ontario/Quebec",17.98.6,v52148570
1998,0.00,"Ottawa-Gatineau, Ontario part",18.98.6,v44332612
1999,..,"Ottawa-Gatineau, Ontario part",18.98.6,v44332612
2000,..,"Ottawa-Gatineau, Ontario part",18.98.6,v44332612
2001,1.00,"Ottawa-Gatineau, Ontario part",18.98.6,v44332612
2002,0.00,"Ottawa-Gatineau, Ontario part",18.98.6,v44332612
2003,0.00,"Ottawa-Gatineau, Ontario part",18.98.6,v44332612
2004,0.00,"Ottawa-Gatineau, Ontario part",18.98.6,v44332612
2005,0.00,"Ottawa-Gatineau, Ontario part",18.98.6,v44332612
2006,0.00,"Ottawa-Gatineau, Ontario part",18.98.6,v44332612
2007,0.00,"Ottawa-Gatineau, Ontario part",18.98.6,v44332612
2008,0.00,"Ottawa-Gatineau, Ontario part",18.98.6,v44332612
2009,0.00,"Ottawa-Gatineau, Ontario part",18.98.6,v44332612
2010,4.00,"Ottawa-Gatineau, Ontario part",18.98.6,v44332612
2011,17.00,"Ottawa-Gatineau, Ontario part",18.98.6,v44332612
2012,12.00,"Ottawa-Gatineau, Ontario part",18.98.6,v44332612
2013,11.00,"Ottawa-Gatineau, Ontario part",18.98.6,v44332612
2014,22.00,"Ottawa-Gatineau, Ontario part",18.98.6,v44332612
2015,10.00,"Ottawa-Gatineau, Ontario part",18.98.6,v44332612
2000,..,"Kingston, Ontario",27.98.6,v44373072
2001,0.00,"Kingston, Ontario",27.98.6,v44373072
2002,1.00,"Kingston, Ontario",27.98.6,v44373072
2003,1.00,"Kingston, Ontario",27.98.6,v44373072
2004,0.00,"Kingston, Ontario",27.98.6,v44373072
2005,1.00,"Kingston, Ontario",27.98.6,v44373072
2006,0.00,"Kingston, Ontario",27.98.6,v44373072
2007,1.00,"Kingston, Ontario",27.98.6,v44373072
2008,1.00,"Kingston, Ontario",27.98.6,v44373072
2009,1.00,"Kingston, Ontario",27.98.6,v44373072
2010,1.00,"Kingston, Ontario",27.98.6,v44373072
2011,3.00,"Kingston, Ontario",27.98.6,v44373072
2012,0.00,"Kingston, Ontario",27.98.6,v44373072
2013,1.00,"Kingston, Ontario",27.98.6,v44373072
2014,1.00,"Kingston, Ontario",27.98.6,v44373072
2015,0.00,"Kingston, Ontario",27.98.6,v44373072
2005,..,"Peterborough, Ontario",44.98.6,v52122789
2006,0.00,"Peterborough, Ontario",44.98.6,v52122789
2007,0.00,"Peterborough, Ontario",44.98.6,v52122789
2008,0.00,"Peterborough, Ontario",44.98.6,v52122789
2009,0.00,"Peterborough, Ontario",44.98.6,v52122789
2010,0.00,"Peterborough, Ontario",44.98.6,v52122789
2011,0.00,"Peterborough, Ontario",44.98.6,v52122789
2012,3.00,"Peterborough, Ontario",44.98.6,v52122789
2013,0.00,"Peterborough, Ontario",44.98.6,v52122789
2014,3.00,"Peterborough, Ontario",44.98.6,v52122789
2015,0.00,"Peterborough, Ontario",44.98.6,v52122789
1998,2.00,"Toronto, Ontario",19.98.6,v44401309
1999,1.00,"Toronto, Ontario",19.98.6,v44401309
2000,1.00,"Toronto, Ontario",19.98.6,v44401309
2001,1.00,"Toronto, Ontario",19.98.6,v44401309
2002,6.00,"Toronto, Ontario",19.98.6,v44401309
2003,37.00,"Toronto, Ontario",19.98.6,v44401309
2004,11.00,"Toronto, Ontario",19.98.6,v44401309
2005,11.00,"Toronto, Ontario",19.98.6,v44401309
2006,17.00,"Toronto, Ontario",19.98.6,v44401309
2007,19.00,"Toronto, Ontario",19.98.6,v44401309
2008,14.00,"Toronto, Ontario",19.98.6,v44401309
2009,10.00,"Toronto, Ontario",19.98.6,v44401309
2010,20.00,"Toronto, Ontario",19.98.6,v44401309
2011,25.00,"Toronto, Ontario",19.98.6,v44401309
2012,29.00,"Toronto, Ontario",19.98.6,v44401309
2013,33.00,"Toronto, Ontario",19.98.6,v44401309
2014,49.00,"Toronto, Ontario",19.98.6,v44401309
2015,47.00,"Toronto, Ontario",19.98.6,v44401309
1998,0.00,"Hamilton, Ontario",20.98.6,v44348554
1999,0.00,"Hamilton, Ontario",20.98.6,v44348554
2000,0.00,"Hamilton, Ontario",20.98.6,v44348554
2001,0.00,"Hamilton, Ontario",20.98.6,v44348554
2002,0.00,"Hamilton, Ontario",20.98.6,v44348554
2003,4.00,"Hamilton, Ontario",20.98.6,v44348554
2004,0.00,"Hamilton, Ontario",20.98.6,v44348554
2005,0.00,"Hamilton, Ontario",20.98.6,v44348554
2006,2.00,"Hamilton, Ontario",20.98.6,v44348554
2007,1.00,"Hamilton, Ontario",20.98.6,v44348554
2008,4.00,"Hamilton, Ontario",20.98.6,v44348554
2009,4.00,"Hamilton, Ontario",20.98.6,v44348554
2010,3.00,"Hamilton, Ontario",20.98.6,v44348554
2011,5.00,"Hamilton, Ontario",20.98.6,v44348554
2012,7.00,"Hamilton, Ontario",20.98.6,v44348554
2013,12.00,"Hamilton, Ontario",20.98.6,v44348554
2014,13.00,"Hamilton, Ontario",20.98.6,v44348554
2015,9.00,"Hamilton, Ontario",20.98.6,v44348554
1998,0.00,"St.Catharines-Niagara, Ontario",21.98.6,v44358987
1999,1.00,"St.Catharines-Niagara, Ontario",21.98.6,v44358987
2000,0.00,"St.Catharines-Niagara, Ontario",21.98.6,v44358987
2001,1.00,"St.Catharines-Niagara, Ontario",21.98.6,v44358987
2002,1.00,"St.Catharines-Niagara, Ontario",21.98.6,v44358987
2003,1.00,"St.Catharines-Niagara, Ontario",21.98.6,v44358987
2004,0.00,"St.Catharines-Niagara, Ontario",21.98.6,v44358987
2005,1.00,"St.Catharines-Niagara, Ontario",21.98.6,v44358987
2006,1.00,"St.Catharines-Niagara, Ontario",21.98.6,v44358987
2007,1.00,"St.Catharines-Niagara, Ontario",21.98.6,v44358987
2008,3.00,"St.Catharines-Niagara, Ontario",21.98.6,v44358987
2009,8.00,"St.Catharines-Niagara, Ontario",21.98.6,v44358987
2010,7.00,"St.Catharines-Niagara, Ontario",21.98.6,v44358987
2011,8.00,"St.Catharines-Niagara, Ontario",21.98.6,v44358987
2012,7.00,"St.Catharines-Niagara, Ontario",21.98.6,v44358987
2013,13.00,"St.Catharines-Niagara, Ontario",21.98.6,v44358987
2014,11.00,"St.Catharines-Niagara, Ontario",21.98.6,v44358987
2015,8.00,"St.Catharines-Niagara, Ontario",21.98.6,v44358987
1998,0.00,"Kitchener-Cambridge-Waterloo, Ontario",22.98.6,v44411273
1999,0.00,"Kitchener-Cambridge-Waterloo, Ontario",22.98.6,v44411273
2000,0.00,"Kitchener-Cambridge-Waterloo, Ontario",22.98.6,v44411273
2001,0.00,"Kitchener-Cambridge-Waterloo, Ontario",22.98.6,v44411273
2002,0.00,"Kitchener-Cambridge-Waterloo, Ontario",22.98.6,v44411273
2003,0.00,"Kitchener-Cambridge-Waterloo, Ontario",22.98.6,v44411273
2004,0.00,"Kitchener-Cambridge-Waterloo, Ontario",22.98.6,v44411273
2005,2.00,"Kitchener-Cambridge-Waterloo, Ontario",22.98.6,v44411273
2006,0.00,"Kitchener-Cambridge-Waterloo, Ontario",22.98.6,v44411273
2007,2.00,"Kitchener-Cambridge-Waterloo, Ontario",22.98.6,v44411273
2008,3.00,"Kitchener-Cambridge-Waterloo, Ontario",22.98.6,v44411273
2009,2.00,"Kitchener-Cambridge-Waterloo, Ontario",22.98.6,v44411273
2010,7.00,"Kitchener-Cambridge-Waterloo, Ontario",22.98.6,v44411273
2011,6.00,"Kitchener-Cambridge-Waterloo, Ontario",22.98.6,v44411273
2012,9.00,"Kitchener-Cambridge-Waterloo, Ontario",22.98.6,v44411273
2013,5.00,"Kitchener-Cambridge-Waterloo, Ontario",22.98.6,v44411273
2014,13.00,"Kitchener-Cambridge-Waterloo, Ontario",22.98.6,v44411273
2015,14.00,"Kitchener-Cambridge-Waterloo, Ontario",22.98.6,v44411273
2005,..,"Brantford, Ontario",45.98.6,v52124400
2006,0.00,"Brantford, Ontario",45.98.6,v52124400
2007,1.00,"Brantford, Ontario",45.98.6,v52124400
2008,1.00,"Brantford, Ontario",45.98.6,v52124400
2009,0.00,"Brantford, Ontario",45.98.6,v52124400
2010,0.00,"Brantford, Ontario",45.98.6,v52124400
2011,1.00,"Brantford, Ontario",45.98.6,v52124400
2012,3.00,"Brantford, Ontario",45.98.6,v52124400
2013,5.00,"Brantford, Ontario",45.98.6,v52124400
2014,5.00,"Brantford, Ontario",45.98.6,v52124400
2015,4.00,"Brantford, Ontario",45.98.6,v52124400
2006,0.00,"Guelph, Ontario",46.98.6,v52119869
2007,1.00,"Guelph, Ontario",46.98.6,v52119869
2008,0.00,"Guelph, Ontario",46.98.6,v52119869
2009,1.00,"Guelph, Ontario",46.98.6,v52119869
2010,1.00,"Guelph, Ontario",46.98.6,v52119869
2011,0.00,"Guelph, Ontario",46.98.6,v52119869
2012,0.00,"Guelph, Ontario",46.98.6,v52119869
2013,3.00,"Guelph, Ontario",46.98.6,v52119869
2014,3.00,"Guelph, Ontario",46.98.6,v52119869
2015,2.00,"Guelph, Ontario",46.98.6,v52119869
1998,0.00,"London, Ontario",23.98.6,v44331306
1999,1.00,"London, Ontario",23.98.6,v44331306
2000,1.00,"London, Ontario",23.98.6,v44331306
2001,2.00,"London, Ontario",23.98.6,v44331306
2002,3.00,"London, Ontario",23.98.6,v44331306
2003,1.00,"London, Ontario",23.98.6,v44331306
2004,0.00,"London, Ontario",23.98.6,v44331306
2005,2.00,"London, Ontario",23.98.6,v44331306
2006,1.00,"London, Ontario",23.98.6,v44331306
2007,0.00,"London, Ontario",23.98.6,v44331306
2008,1.00,"London, Ontario",23.98.6,v44331306
2009,0.00,"London, Ontario",23.98.6,v44331306
2010,0.00,"London, Ontario",23.98.6,v44331306
2011,0.00,"London, Ontario",23.98.6,v44331306
2012,4.00,"London, Ontario",23.98.6,v44331306
2013,6.00,"London, Ontario",23.98.6,v44331306
2014,11.00,"London, Ontario",23.98.6,v44331306
2015,9.00,"London, Ontario",23.98.6,v44331306
1998,0.00,"Windsor, Ontario",24.98.6,v44358964
1999,0.00,"Windsor, Ontario",24.98.6,v44358964
2000,0.00,"Windsor, Ontario",24.98.6,v44358964
2001,0.00,"Windsor, Ontario",24.98.6,v44358964
2002,0.00,"Windsor, Ontario",24.98.6,v44358964
2003,3.00,"Windsor, Ontario",24.98.6,v44358964
2004,0.00,"Windsor, Ontario",24.98.6,v44358964
2005,1.00,"Windsor, Ontario",24.98.6,v44358964
2006,1.00,"Windsor, Ontario",24.98.6,v44358964
2007,2.00,"Windsor, Ontario",24.98.6,v44358964
2008,0.00,"Windsor, Ontario",24.98.6,v44358964
2009,1.00,"Windsor, Ontario",24.98.6,v44358964
2010,0.00,"Windsor, Ontario",24.98.6,v44358964
2011,4.00,"Windsor, Ontario",24.98.6,v44358964
2012,6.00,"Windsor, Ontario",24.98.6,v44358964
2013,5.00,"Windsor, Ontario",24.98.6,v44358964
2014,4.00,"Windsor, Ontario",24.98.6,v44358964
2015,2.00,"Windsor, Ontario",24.98.6,v44358964
2005,..,"Barrie, Ontario",47.98.6,v52145282
2006,3.00,"Barrie, Ontario",47.98.6,v52145282
2007,5.00,"Barrie, Ontario",47.98.6,v52145282
2008,6.00,"Barrie, Ontario",47.98.6,v52145282
2009,2.00,"Barrie, Ontario",47.98.6,v52145282
2010,3.00,"Barrie, Ontario",47.98.6,v52145282
2011,0.00,"Barrie, Ontario",47.98.6,v52145282
2012,0.00,"Barrie, Ontario",47.98.6,v52145282
2013,0.00,"Barrie, Ontario",47.98.6,v52145282
2014,1.00,"Barrie, Ontario",47.98.6,v52145282
2015,5.00,"Barrie, Ontario",47.98.6,v52145282
1998,0.00,"Sudbury, Ontario",25.98.6,v44407464
1999,0.00,"Sudbury, Ontario",25.98.6,v44407464
2000,0.00,"Sudbury, Ontario",25.98.6,v44407464
2001,0.00,"Sudbury, Ontario",25.98.6,v44407464
2002,0.00,"Sudbury, Ontario",25.98.6,v44407464
2003,0.00,"Sudbury, Ontario",25.98.6,v44407464
2004,1.00,"Sudbury, Ontario",25.98.6,v44407464
2005,0.00,"Sudbury, Ontario",25.98.6,v44407464
2006,0.00,"Sudbury, Ontario",25.98.6,v44407464
2007,3.00,"Sudbury, Ontario",25.98.6,v44407464
2008,0.00,"Sudbury, Ontario",25.98.6,v44407464
2009,0.00,"Sudbury, Ontario",25.98.6,v44407464
2010,1.00,"Sudbury, Ontario",25.98.6,v44407464
2011,1.00,"Sudbury, Ontario",25.98.6,v44407464
2012,3.00,"Sudbury, Ontario",25.98.6,v44407464
2013,3.00,"Sudbury, Ontario",25.98.6,v44407464
2014,5.00,"Sudbury, Ontario",25.98.6,v44407464
2015,11.00,"Sudbury, Ontario",25.98.6,v44407464
1998,1.00,"Thunder Bay, Ontario",26.98.6,v44374178
1999,0.00,"Thunder Bay, Ontario",26.98.6,v44374178
2000,0.00,"Thunder Bay, Ontario",26.98.6,v44374178
2001,0.00,"Thunder Bay, Ontario",26.98.6,v44374178
2002,0.00,"Thunder Bay, Ontario",26.98.6,v44374178
2003,0.00,"Thunder Bay, Ontario",26.98.6,v44374178
2004,0.00,"Thunder Bay, Ontario",26.98.6,v44374178
2005,0.00,"Thunder Bay, Ontario",26.98.6,v44374178
2006,0.00,"Thunder Bay, Ontario",26.98.6,v44374178
2007,0.00,"Thunder Bay, Ontario",26.98.6,v44374178
2008,0.00,"Thunder Bay, Ontario",26.98.6,v44374178
2009,1.00,"Thunder Bay, Ontario",26.98.6,v44374178
2010,0.00,"Thunder Bay, Ontario",26.98.6,v44374178
2011,0.00,"Thunder Bay, Ontario",26.98.6,v44374178
2012,0.00,"Thunder Bay, Ontario",26.98.6,v44374178
2013,3.00,"Thunder Bay, Ontario",26.98.6,v44374178
2014,5.00,"Thunder Bay, Ontario",26.98.6,v44374178
2015,4.00,"Thunder Bay, Ontario",26.98.6,v44374178
1998,1.00,"Manitoba",28.98.6,v44343802
1999,1.00,"Manitoba",28.98.6,v44343802
2000,4.00,"Manitoba",28.98.6,v44343802
2001,0.00,"Manitoba",28.98.6,v44343802
2002,0.00,"Manitoba",28.98.6,v44343802
2003,0.00,"Manitoba",28.98.6,v44343802
2004,2.00,"Manitoba",28.98.6,v44343802
2005,5.00,"Manitoba",28.98.6,v44343802
2006,4.00,"Manitoba",28.98.6,v44343802
2007,4.00,"Manitoba",28.98.6,v44343802
2008,0.00,"Manitoba",28.98.6,v44343802
2009,2.00,"Manitoba",28.98.6,v44343802
2010,6.00,"Manitoba",28.98.6,v44343802
2011,6.00,"Manitoba",28.98.6,v44343802
2012,11.00,"Manitoba",28.98.6,v44343802
2013,12.00,"Manitoba",28.98.6,v44343802
2014,17.00,"Manitoba",28.98.6,v44343802
2015,29.00,"Manitoba",28.98.6,v44343802
1998,1.00,"Winnipeg, Manitoba",29.98.6,v44357594
1999,1.00,"Winnipeg, Manitoba",29.98.6,v44357594
2000,2.00,"Winnipeg, Manitoba",29.98.6,v44357594
2001,0.00,"Winnipeg, Manitoba",29.98.6,v44357594
2002,..,"Winnipeg, Manitoba",29.98.6,v44357594
2003,0.00,"Winnipeg, Manitoba",29.98.6,v44357594
2004,0.00,"Winnipeg, Manitoba",29.98.6,v44357594
2005,3.00,"Winnipeg, Manitoba",29.98.6,v44357594
2006,3.00,"Winnipeg, Manitoba",29.98.6,v44357594
2007,2.00,"Winnipeg, Manitoba",29.98.6,v44357594
2008,0.00,"Winnipeg, Manitoba",29.98.6,v44357594
2009,1.00,"Winnipeg, Manitoba",29.98.6,v44357594
2010,2.00,"Winnipeg, Manitoba",29.98.6,v44357594
2011,3.00,"Winnipeg, Manitoba",29.98.6,v44357594
2012,2.00,"Winnipeg, Manitoba",29.98.6,v44357594
2013,3.00,"Winnipeg, Manitoba",29.98.6,v44357594
2014,3.00,"Winnipeg, Manitoba",29.98.6,v44357594
2015,5.00,"Winnipeg, Manitoba",29.98.6,v44357594
1998,1.00,"Saskatchewan",30.98.6,v44407025
1999,0.00,"Saskatchewan",30.98.6,v44407025
2000,1.00,"Saskatchewan",30.98.6,v44407025
2001,4.00,"Saskatchewan",30.98.6,v44407025
2002,1.00,"Saskatchewan",30.98.6,v44407025
2003,3.00,"Saskatchewan",30.98.6,v44407025
2004,3.00,"Saskatchewan",30.98.6,v44407025
2005,5.00,"Saskatchewan",30.98.6,v44407025
2006,4.00,"Saskatchewan",30.98.6,v44407025
2007,6.00,"Saskatchewan",30.98.6,v44407025
2008,8.00,"Saskatchewan",30.98.6,v44407025
2009,6.00,"Saskatchewan",30.98.6,v44407025
2010,10.00,"Saskatchewan",30.98.6,v44407025
2011,5.00,"Saskatchewan",30.98.6,v44407025
2012,14.00,"Saskatchewan",30.98.6,v44407025
2013,20.00,"Saskatchewan",30.98.6,v44407025
2014,20.00,"Saskatchewan",30.98.6,v44407025
2015,22.00,"Saskatchewan",30.98.6,v44407025
1998,0.00,"Regina, Saskatchewan",31.98.6,v44360434
1999,0.00,"Regina, Saskatchewan",31.98.6,v44360434
2000,0.00,"Regina, Saskatchewan",31.98.6,v44360434
2001,0.00,"Regina, Saskatchewan",31.98.6,v44360434
2002,0.00,"Regina, Saskatchewan",31.98.6,v44360434
2003,0.00,"Regina, Saskatchewan",31.98.6,v44360434
2004,0.00,"Regina, Saskatchewan",31.98.6,v44360434
2005,0.00,"Regina, Saskatchewan",31.98.6,v44360434
2006,0.00,"Regina, Saskatchewan",31.98.6,v44360434
2007,1.00,"Regina, Saskatchewan",31.98.6,v44360434
2008,1.00,"Regina, Saskatchewan",31.98.6,v44360434
2009,1.00,"Regina, Saskatchewan",31.98.6,v44360434
2010,0.00,"Regina, Saskatchewan",31.98.6,v44360434
2011,2.00,"Regina, Saskatchewan",31.98.6,v44360434
2012,1.00,"Regina, Saskatchewan",31.98.6,v44360434
2013,4.00,"Regina, Saskatchewan",31.98.6,v44360434
2014,3.00,"Regina, Saskatchewan",31.98.6,v44360434
2015,2.00,"Regina, Saskatchewan",31.98.6,v44360434
1998,0.00,"Saskatoon, Saskatchewan",32.98.6,v44399710
1999,0.00,"Saskatoon, Saskatchewan",32.98.6,v44399710
2000,0.00,"Saskatoon, Saskatchewan",32.98.6,v44399710
2001,0.00,"Saskatoon, Saskatchewan",32.98.6,v44399710
2002,1.00,"Saskatoon, Saskatchewan",32.98.6,v44399710
2003,1.00,"Saskatoon, Saskatchewan",32.98.6,v44399710
2004,1.00,"Saskatoon, Saskatchewan",32.98.6,v44399710
2005,2.00,"Saskatoon, Saskatchewan",32.98.6,v44399710
2006,0.00,"Saskatoon, Saskatchewan",32.98.6,v44399710
2007,3.00,"Saskatoon, Saskatchewan",32.98.6,v44399710
2008,0.00,"Saskatoon, Saskatchewan",32.98.6,v44399710
2009,0.00,"Saskatoon, Saskatchewan",32.98.6,v44399710
2010,0.00,"Saskatoon, Saskatchewan",32.98.6,v44399710
2011,0.00,"Saskatoon, Saskatchewan",32.98.6,v44399710
2012,0.00,"Saskatoon, Saskatchewan",32.98.6,v44399710
2013,2.00,"Saskatoon, Saskatchewan",32.98.6,v44399710
2014,6.00,"Saskatoon, Saskatchewan",32.98.6,v44399710
2015,5.00,"Saskatoon, Saskatchewan",32.98.6,v44399710
1998,0.00,"Alberta",33.98.6,v44398632
1999,0.00,"Alberta",33.98.6,v44398632
2000,0.00,"Alberta",33.98.6,v44398632
2001,1.00,"Alberta",33.98.6,v44398632
2002,3.00,"Alberta",33.98.6,v44398632
2003,1.00,"Alberta",33.98.6,v44398632
2004,12.00,"Alberta",33.98.6,v44398632
2005,8.00,"Alberta",33.98.6,v44398632
2006,20.00,"Alberta",33.98.6,v44398632
2007,14.00,"Alberta",33.98.6,v44398632
2008,13.00,"Alberta",33.98.6,v44398632
2009,32.00,"Alberta",33.98.6,v44398632
2010,41.00,"Alberta",33.98.6,v44398632
2011,43.00,"Alberta",33.98.6,v44398632
2012,36.00,"Alberta",33.98.6,v44398632
2013,43.00,"Alberta",33.98.6,v44398632
2014,66.00,"Alberta",33.98.6,v44398632
2015,54.00,"Alberta",33.98.6,v44398632
1998,0.00,"Calgary, Alberta",34.98.6,v44377895
1999,0.00,"Calgary, Alberta",34.98.6,v44377895
2000,0.00,"Calgary, Alberta",34.98.6,v44377895
2001,0.00,"Calgary, Alberta",34.98.6,v44377895
2002,3.00,"Calgary, Alberta",34.98.6,v44377895
2003,0.00,"Calgary, Alberta",34.98.6,v44377895
2004,3.00,"Calgary, Alberta",34.98.6,v44377895
2005,4.00,"Calgary, Alberta",34.98.6,v44377895
2006,7.00,"Calgary, Alberta",34.98.6,v44377895
2007,5.00,"Calgary, Alberta",34.98.6,v44377895
2008,1.00,"Calgary, Alberta",34.98.6,v44377895
2009,6.00,"Calgary, Alberta",34.98.6,v44377895
2010,8.00,"Calgary, Alberta",34.98.6,v44377895
2011,11.00,"Calgary, Alberta",34.98.6,v44377895
2012,6.00,"Calgary, Alberta",34.98.6,v44377895
2013,3.00,"Calgary, Alberta",34.98.6,v44377895
2014,17.00,"Calgary, Alberta",34.98.6,v44377895
2015,11.00,"Calgary, Alberta",34.98.6,v44377895
1998,0.00,"Edmonton, Alberta",35.98.6,v44405666
1999,0.00,"Edmonton, Alberta",35.98.6,v44405666
2000,0.00,"Edmonton, Alberta",35.98.6,v44405666
2001,0.00,"Edmonton, Alberta",35.98.6,v44405666
2002,0.00,"Edmonton, Alberta",35.98.6,v44405666
2003,0.00,"Edmonton, Alberta",35.98.6,v44405666
2004,1.00,"Edmonton, Alberta",35.98.6,v44405666
2005,2.00,"Edmonton, Alberta",35.98.6,v44405666
2006,4.00,"Edmonton, Alberta",35.98.6,v44405666
2007,5.00,"Edmonton, Alberta",35.98.6,v44405666
2008,4.00,"Edmonton, Alberta",35.98.6,v44405666
2009,13.00,"Edmonton, Alberta",35.98.6,v44405666
2010,13.00,"Edmonton, Alberta",35.98.6,v44405666
2011,11.00,"Edmonton, Alberta",35.98.6,v44405666
2012,6.00,"Edmonton, Alberta",35.98.6,v44405666
2013,16.00,"Edmonton, Alberta",35.98.6,v44405666
2014,11.00,"Edmonton, Alberta",35.98.6,v44405666
2015,12.00,"Edmonton, Alberta",35.98.6,v44405666
1998,3.00,"British Columbia",36.98.6,v44417784
1999,3.00,"British Columbia",36.98.6,v44417784
2000,5.00,"British Columbia",36.98.6,v44417784
2001,5.00,"British Columbia",36.98.6,v44417784
2002,8.00,"British Columbia",36.98.6,v44417784
2003,25.00,"British Columbia",36.98.6,v44417784
2004,9.00,"British Columbia",36.98.6,v44417784
2005,16.00,"British Columbia",36.98.6,v44417784
2006,17.00,"British Columbia",36.98.6,v44417784
2007,26.00,"British Columbia",36.98.6,v44417784
2008,10.00,"British Columbia",36.98.6,v44417784
2009,16.00,"British Columbia",36.98.6,v44417784
2010,15.00,"British Columbia",36.98.6,v44417784
2011,27.00,"British Columbia",36.98.6,v44417784
2012,21.00,"British Columbia",36.98.6,v44417784
2013,35.00,"British Columbia",36.98.6,v44417784
2014,53.00,"British Columbia",36.98.6,v44417784
2015,33.00,"British Columbia",36.98.6,v44417784
2005,..,"Kelowna, British Columbia",48.98.6,v52144369
2006,4.00,"Kelowna, British Columbia",48.98.6,v52144369
2007,4.00,"Kelowna, British Columbia",48.98.6,v52144369
2008,0.00,"Kelowna, British Columbia",48.98.6,v52144369
2009,0.00,"Kelowna, British Columbia",48.98.6,v52144369
2010,2.00,"Kelowna, British Columbia",48.98.6,v52144369
2011,2.00,"Kelowna, British Columbia",48.98.6,v52144369
2012,1.00,"Kelowna, British Columbia",48.98.6,v52144369
2013,2.00,"Kelowna, British Columbia",48.98.6,v52144369
2014,5.00,"Kelowna, British Columbia",48.98.6,v52144369
2015,2.00,"Kelowna, British Columbia",48.98.6,v52144369
2000,..,"Abbotsford-Mission, British Columbia",39.98.6,v44416675
2001,0.00,"Abbotsford-Mission, British Columbia",39.98.6,v44416675
2002,0.00,"Abbotsford-Mission, British Columbia",39.98.6,v44416675
2003,0.00,"Abbotsford-Mission, British Columbia",39.98.6,v44416675
2004,0.00,"Abbotsford-Mission, British Columbia",39.98.6,v44416675
2005,1.00,"Abbotsford-Mission, British Columbia",39.98.6,v44416675
2006,0.00,"Abbotsford-Mission, British Columbia",39.98.6,v44416675
2007,1.00,"Abbotsford-Mission, British Columbia",39.98.6,v44416675
2008,0.00,"Abbotsford-Mission, British Columbia",39.98.6,v44416675
2009,2.00,"Abbotsford-Mission, British Columbia",39.98.6,v44416675
2010,1.00,"Abbotsford-Mission, British Columbia",39.98.6,v44416675
2011,0.00,"Abbotsford-Mission, British Columbia",39.98.6,v44416675
2012,2.00,"Abbotsford-Mission, British Columbia",39.98.6,v44416675
2013,0.00,"Abbotsford-Mission, British Columbia",39.98.6,v44416675
2014,2.00,"Abbotsford-Mission, British Columbia",39.98.6,v44416675
2015,1.00,"Abbotsford-Mission, British Columbia",39.98.6,v44416675
1998,0.00,"Vancouver, British Columbia",37.98.6,v44353585
1999,1.00,"Vancouver, British Columbia",37.98.6,v44353585
2000,0.00,"Vancouver, British Columbia",37.98.6,v44353585
2001,0.00,"Vancouver, British Columbia",37.98.6,v44353585
2002,4.00,"Vancouver, British Columbia",37.98.6,v44353585
2003,9.00,"Vancouver, British Columbia",37.98.6,v44353585
2004,3.00,"Vancouver, British Columbia",37.98.6,v44353585
2005,6.00,"Vancouver, British Columbia",37.98.6,v44353585
2006,5.00,"Vancouver, British Columbia",37.98.6,v44353585
2007,6.00,"Vancouver, British Columbia",37.98.6,v44353585
2008,5.00,"Vancouver, British Columbia",37.98.6,v44353585
2009,8.00,"Vancouver, British Columbia",37.98.6,v44353585
2010,4.00,"Vancouver, British Columbia",37.98.6,v44353585
2011,8.00,"Vancouver, British Columbia",37.98.6,v44353585
2012,8.00,"Vancouver, British Columbia",37.98.6,v44353585
2013,15.00,"Vancouver, British Columbia",37.98.6,v44353585
2014,30.00,"Vancouver, British Columbia",37.98.6,v44353585
2015,12.00,"Vancouver, British Columbia",37.98.6,v44353585
1998,0.00,"Victoria, British Columbia",38.98.6,v44404573
1999,0.00,"Victoria, British Columbia",38.98.6,v44404573
2000,0.00,"Victoria, British Columbia",38.98.6,v44404573
2001,0.00,"Victoria, British Columbia",38.98.6,v44404573
2002,0.00,"Victoria, British Columbia",38.98.6,v44404573
2003,4.00,"Victoria, British Columbia",38.98.6,v44404573
2004,0.00,"Victoria, British Columbia",38.98.6,v44404573
2005,0.00,"Victoria, British Columbia",38.98.6,v44404573
2006,1.00,"Victoria, British Columbia",38.98.6,v44404573
2007,4.00,"Victoria, British Columbia",38.98.6,v44404573
2008,1.00,"Victoria, British Columbia",38.98.6,v44404573
2009,0.00,"Victoria, British Columbia",38.98.6,v44404573
2010,2.00,"Victoria, British Columbia",38.98.6,v44404573
2011,2.00,"Victoria, British Columbia",38.98.6,v44404573
2012,3.00,"Victoria, British Columbia",38.98.6,v44404573
2013,0.00,"Victoria, British Columbia",38.98.6,v44404573
2014,1.00,"Victoria, British Columbia",38.98.6,v44404573
2015,4.00,"Victoria, British Columbia",38.98.6,v44404573
1998,0.00,"Yukon",40.98.6,v44365089
1999,0.00,"Yukon",40.98.6,v44365089
2000,1.00,"Yukon",40.98.6,v44365089
2001,0.00,"Yukon",40.98.6,v44365089
2002,1.00,"Yukon",40.98.6,v44365089
2003,0.00,"Yukon",40.98.6,v44365089
2004,0.00,"Yukon",40.98.6,v44365089
2005,0.00,"Yukon",40.98.6,v44365089
2006,0.00,"Yukon",40.98.6,v44365089
2007,0.00,"Yukon",40.98.6,v44365089
2008,0.00,"Yukon",40.98.6,v44365089
2009,1.00,"Yukon",40.98.6,v44365089
2010,0.00,"Yukon",40.98.6,v44365089
2011,2.00,"Yukon",40.98.6,v44365089
2012,0.00,"Yukon",40.98.6,v44365089
2013,0.00,"Yukon",40.98.6,v44365089
2014,2.00,"Yukon",40.98.6,v44365089
2015,0.00,"Yukon",40.98.6,v44365089
1998,0.00,"Northwest Territories",41.98.6,v44339644
1999,0.00,"Northwest Territories",41.98.6,v44339644
2000,0.00,"Northwest Territories",41.98.6,v44339644
2001,0.00,"Northwest Territories",41.98.6,v44339644
2002,0.00,"Northwest Territories",41.98.6,v44339644
2003,1.00,"Northwest Territories",41.98.6,v44339644
2004,2.00,"Northwest Territories",41.98.6,v44339644
2005,2.00,"Northwest Territories",41.98.6,v44339644
2006,0.00,"Northwest Territories",41.98.6,v44339644
2007,0.00,"Northwest Territories",41.98.6,v44339644
2008,0.00,"Northwest Territories",41.98.6,v44339644
2009,0.00,"Northwest Territories",41.98.6,v44339644
2010,1.00,"Northwest Territories",41.98.6,v44339644
2011,0.00,"Northwest Territories",41.98.6,v44339644
2012,0.00,"Northwest Territories",41.98.6,v44339644
2013,0.00,"Northwest Territories",41.98.6,v44339644
2014,2.00,"Northwest Territories",41.98.6,v44339644
2015,1.00,"Northwest Territories",41.98.6,v44339644
1998,..,"Nunavut",42.98.6,v44330390
1999,0.00,"Nunavut",42.98.6,v44330390
2000,0.00,"Nunavut",42.98.6,v44330390
2001,0.00,"Nunavut",42.98.6,v44330390
2002,0.00,"Nunavut",42.98.6,v44330390
2003,0.00,"Nunavut",42.98.6,v44330390
2004,0.00,"Nunavut",42.98.6,v44330390
2005,0.00,"Nunavut",42.98.6,v44330390
2006,0.00,"Nunavut",42.98.6,v44330390
2007,0.00,"Nunavut",42.98.6,v44330390
2008,0.00,"Nunavut",42.98.6,v44330390
2009,0.00,"Nunavut",42.98.6,v44330390
2010,0.00,"Nunavut",42.98.6,v44330390
2011,0.00,"Nunavut",42.98.6,v44330390
2012,0.00,"Nunavut",42.98.6,v44330390
2013,0.00,"Nunavut",42.98.6,v44330390
2014,1.00,"Nunavut",42.98.6,v44330390
2015,0.00,"Nunavut",42.98.6,v44330390
