1998,1.00,"Canada",1.98.11,v44368136
1999,7.00,"Canada",1.98.11,v44368136
2000,4.00,"Canada",1.98.11,v44368136
2001,8.00,"Canada",1.98.11,v44368136
2002,9.00,"Canada",1.98.11,v44368136
2003,13.00,"Canada",1.98.11,v44368136
2004,13.00,"Canada",1.98.11,v44368136
2005,9.00,"Canada",1.98.11,v44368136
2006,13.00,"Canada",1.98.11,v44368136
2007,20.00,"Canada",1.98.11,v44368136
2008,14.00,"Canada",1.98.11,v44368136
2009,25.00,"Canada",1.98.11,v44368136
2010,29.00,"Canada",1.98.11,v44368136
2011,40.00,"Canada",1.98.11,v44368136
2012,18.00,"Canada",1.98.11,v44368136
2013,58.00,"Canada",1.98.11,v44368136
2014,70.00,"Canada",1.98.11,v44368136
2015,99.00,"Canada",1.98.11,v44368136
1998,0.00,"Newfoundland and Labrador",2.98.11,v44366683
1999,0.00,"Newfoundland and Labrador",2.98.11,v44366683
2000,0.00,"Newfoundland and Labrador",2.98.11,v44366683
2001,0.00,"Newfoundland and Labrador",2.98.11,v44366683
2002,0.00,"Newfoundland and Labrador",2.98.11,v44366683
2003,1.00,"Newfoundland and Labrador",2.98.11,v44366683
2004,0.00,"Newfoundland and Labrador",2.98.11,v44366683
2005,0.00,"Newfoundland and Labrador",2.98.11,v44366683
2006,0.00,"Newfoundland and Labrador",2.98.11,v44366683
2007,0.00,"Newfoundland and Labrador",2.98.11,v44366683
2008,0.00,"Newfoundland and Labrador",2.98.11,v44366683
2009,0.00,"Newfoundland and Labrador",2.98.11,v44366683
2010,0.00,"Newfoundland and Labrador",2.98.11,v44366683
2011,2.00,"Newfoundland and Labrador",2.98.11,v44366683
2012,1.00,"Newfoundland and Labrador",2.98.11,v44366683
2013,4.00,"Newfoundland and Labrador",2.98.11,v44366683
2014,2.00,"Newfoundland and Labrador",2.98.11,v44366683
2015,2.00,"Newfoundland and Labrador",2.98.11,v44366683
1998,0.00,"St. John's, Newfoundland and Labrador",3.98.11,v44413208
1999,0.00,"St. John's, Newfoundland and Labrador",3.98.11,v44413208
2000,0.00,"St. John's, Newfoundland and Labrador",3.98.11,v44413208
2001,0.00,"St. John's, Newfoundland and Labrador",3.98.11,v44413208
2002,0.00,"St. John's, Newfoundland and Labrador",3.98.11,v44413208
2003,0.00,"St. John's, Newfoundland and Labrador",3.98.11,v44413208
2004,0.00,"St. John's, Newfoundland and Labrador",3.98.11,v44413208
2005,0.00,"St. John's, Newfoundland and Labrador",3.98.11,v44413208
2006,0.00,"St. John's, Newfoundland and Labrador",3.98.11,v44413208
2007,0.00,"St. John's, Newfoundland and Labrador",3.98.11,v44413208
2008,0.00,"St. John's, Newfoundland and Labrador",3.98.11,v44413208
2009,0.00,"St. John's, Newfoundland and Labrador",3.98.11,v44413208
2010,0.00,"St. John's, Newfoundland and Labrador",3.98.11,v44413208
2011,0.00,"St. John's, Newfoundland and Labrador",3.98.11,v44413208
2012,0.00,"St. John's, Newfoundland and Labrador",3.98.11,v44413208
2013,0.00,"St. John's, Newfoundland and Labrador",3.98.11,v44413208
2014,1.00,"St. John's, Newfoundland and Labrador",3.98.11,v44413208
2015,0.00,"St. John's, Newfoundland and Labrador",3.98.11,v44413208
1998,0.00,"Prince Edward Island",4.98.11,v44333118
1999,0.00,"Prince Edward Island",4.98.11,v44333118
2000,0.00,"Prince Edward Island",4.98.11,v44333118
2001,0.00,"Prince Edward Island",4.98.11,v44333118
2002,0.00,"Prince Edward Island",4.98.11,v44333118
2003,0.00,"Prince Edward Island",4.98.11,v44333118
2004,0.00,"Prince Edward Island",4.98.11,v44333118
2005,0.00,"Prince Edward Island",4.98.11,v44333118
2006,0.00,"Prince Edward Island",4.98.11,v44333118
2007,0.00,"Prince Edward Island",4.98.11,v44333118
2008,0.00,"Prince Edward Island",4.98.11,v44333118
2009,1.00,"Prince Edward Island",4.98.11,v44333118
2010,0.00,"Prince Edward Island",4.98.11,v44333118
2011,0.00,"Prince Edward Island",4.98.11,v44333118
2012,0.00,"Prince Edward Island",4.98.11,v44333118
2013,0.00,"Prince Edward Island",4.98.11,v44333118
2014,0.00,"Prince Edward Island",4.98.11,v44333118
2015,1.00,"Prince Edward Island",4.98.11,v44333118
1998,0.00,"Nova Scotia",5.98.11,v44372881
1999,0.00,"Nova Scotia",5.98.11,v44372881
2000,0.00,"Nova Scotia",5.98.11,v44372881
2001,0.00,"Nova Scotia",5.98.11,v44372881
2002,0.00,"Nova Scotia",5.98.11,v44372881
2003,1.00,"Nova Scotia",5.98.11,v44372881
2004,0.00,"Nova Scotia",5.98.11,v44372881
2005,2.00,"Nova Scotia",5.98.11,v44372881
2006,0.00,"Nova Scotia",5.98.11,v44372881
2007,0.00,"Nova Scotia",5.98.11,v44372881
2008,0.00,"Nova Scotia",5.98.11,v44372881
2009,0.00,"Nova Scotia",5.98.11,v44372881
2010,2.00,"Nova Scotia",5.98.11,v44372881
2011,4.00,"Nova Scotia",5.98.11,v44372881
2012,2.00,"Nova Scotia",5.98.11,v44372881
2013,2.00,"Nova Scotia",5.98.11,v44372881
2014,5.00,"Nova Scotia",5.98.11,v44372881
2015,1.00,"Nova Scotia",5.98.11,v44372881
1998,0.00,"Halifax, Nova Scotia",6.98.11,v44343549
1999,0.00,"Halifax, Nova Scotia",6.98.11,v44343549
2000,0.00,"Halifax, Nova Scotia",6.98.11,v44343549
2001,0.00,"Halifax, Nova Scotia",6.98.11,v44343549
2002,0.00,"Halifax, Nova Scotia",6.98.11,v44343549
2003,1.00,"Halifax, Nova Scotia",6.98.11,v44343549
2004,0.00,"Halifax, Nova Scotia",6.98.11,v44343549
2005,2.00,"Halifax, Nova Scotia",6.98.11,v44343549
2006,0.00,"Halifax, Nova Scotia",6.98.11,v44343549
2007,0.00,"Halifax, Nova Scotia",6.98.11,v44343549
2008,0.00,"Halifax, Nova Scotia",6.98.11,v44343549
2009,0.00,"Halifax, Nova Scotia",6.98.11,v44343549
2010,1.00,"Halifax, Nova Scotia",6.98.11,v44343549
2011,1.00,"Halifax, Nova Scotia",6.98.11,v44343549
2012,0.00,"Halifax, Nova Scotia",6.98.11,v44343549
2013,1.00,"Halifax, Nova Scotia",6.98.11,v44343549
2014,1.00,"Halifax, Nova Scotia",6.98.11,v44343549
2015,0.00,"Halifax, Nova Scotia",6.98.11,v44343549
1998,0.00,"New Brunswick",7.98.11,v44402546
1999,0.00,"New Brunswick",7.98.11,v44402546
2000,0.00,"New Brunswick",7.98.11,v44402546
2001,0.00,"New Brunswick",7.98.11,v44402546
2002,0.00,"New Brunswick",7.98.11,v44402546
2003,0.00,"New Brunswick",7.98.11,v44402546
2004,0.00,"New Brunswick",7.98.11,v44402546
2005,1.00,"New Brunswick",7.98.11,v44402546
2006,0.00,"New Brunswick",7.98.11,v44402546
2007,0.00,"New Brunswick",7.98.11,v44402546
2008,0.00,"New Brunswick",7.98.11,v44402546
2009,0.00,"New Brunswick",7.98.11,v44402546
2010,0.00,"New Brunswick",7.98.11,v44402546
2011,0.00,"New Brunswick",7.98.11,v44402546
2012,0.00,"New Brunswick",7.98.11,v44402546
2013,0.00,"New Brunswick",7.98.11,v44402546
2014,2.00,"New Brunswick",7.98.11,v44402546
2015,1.00,"New Brunswick",7.98.11,v44402546
2005,..,"Moncton, New Brunswick",43.98.11,v52121352
2006,0.00,"Moncton, New Brunswick",43.98.11,v52121352
2007,0.00,"Moncton, New Brunswick",43.98.11,v52121352
2008,0.00,"Moncton, New Brunswick",43.98.11,v52121352
2009,0.00,"Moncton, New Brunswick",43.98.11,v52121352
2010,0.00,"Moncton, New Brunswick",43.98.11,v52121352
2011,0.00,"Moncton, New Brunswick",43.98.11,v52121352
2012,0.00,"Moncton, New Brunswick",43.98.11,v52121352
2013,0.00,"Moncton, New Brunswick",43.98.11,v52121352
2014,1.00,"Moncton, New Brunswick",43.98.11,v52121352
2015,1.00,"Moncton, New Brunswick",43.98.11,v52121352
1998,0.00,"Saint John, New Brunswick",8.98.11,v44413768
1999,0.00,"Saint John, New Brunswick",8.98.11,v44413768
2000,0.00,"Saint John, New Brunswick",8.98.11,v44413768
2001,0.00,"Saint John, New Brunswick",8.98.11,v44413768
2002,0.00,"Saint John, New Brunswick",8.98.11,v44413768
2003,0.00,"Saint John, New Brunswick",8.98.11,v44413768
2004,0.00,"Saint John, New Brunswick",8.98.11,v44413768
2005,0.00,"Saint John, New Brunswick",8.98.11,v44413768
2006,0.00,"Saint John, New Brunswick",8.98.11,v44413768
2007,0.00,"Saint John, New Brunswick",8.98.11,v44413768
2008,0.00,"Saint John, New Brunswick",8.98.11,v44413768
2009,0.00,"Saint John, New Brunswick",8.98.11,v44413768
2010,0.00,"Saint John, New Brunswick",8.98.11,v44413768
2011,0.00,"Saint John, New Brunswick",8.98.11,v44413768
2012,0.00,"Saint John, New Brunswick",8.98.11,v44413768
2013,0.00,"Saint John, New Brunswick",8.98.11,v44413768
2014,0.00,"Saint John, New Brunswick",8.98.11,v44413768
2015,0.00,"Saint John, New Brunswick",8.98.11,v44413768
1998,0.00,"Quebec",9.98.11,v44417670
1999,3.00,"Quebec",9.98.11,v44417670
2000,1.00,"Quebec",9.98.11,v44417670
2001,1.00,"Quebec",9.98.11,v44417670
2002,1.00,"Quebec",9.98.11,v44417670
2003,2.00,"Quebec",9.98.11,v44417670
2004,5.00,"Quebec",9.98.11,v44417670
2005,2.00,"Quebec",9.98.11,v44417670
2006,5.00,"Quebec",9.98.11,v44417670
2007,9.00,"Quebec",9.98.11,v44417670
2008,1.00,"Quebec",9.98.11,v44417670
2009,4.00,"Quebec",9.98.11,v44417670
2010,5.00,"Quebec",9.98.11,v44417670
2011,6.00,"Quebec",9.98.11,v44417670
2012,5.00,"Quebec",9.98.11,v44417670
2013,32.00,"Quebec",9.98.11,v44417670
2014,38.00,"Quebec",9.98.11,v44417670
2015,57.00,"Quebec",9.98.11,v44417670
1998,0.00,"Saguenay, Quebec",10.98.11,v44348179
1999,0.00,"Saguenay, Quebec",10.98.11,v44348179
2000,..,"Saguenay, Quebec",10.98.11,v44348179
2001,0.00,"Saguenay, Quebec",10.98.11,v44348179
2002,0.00,"Saguenay, Quebec",10.98.11,v44348179
2003,0.00,"Saguenay, Quebec",10.98.11,v44348179
2004,0.00,"Saguenay, Quebec",10.98.11,v44348179
2005,0.00,"Saguenay, Quebec",10.98.11,v44348179
2006,1.00,"Saguenay, Quebec",10.98.11,v44348179
2007,0.00,"Saguenay, Quebec",10.98.11,v44348179
2008,0.00,"Saguenay, Quebec",10.98.11,v44348179
2009,0.00,"Saguenay, Quebec",10.98.11,v44348179
2010,1.00,"Saguenay, Quebec",10.98.11,v44348179
2011,0.00,"Saguenay, Quebec",10.98.11,v44348179
2012,0.00,"Saguenay, Quebec",10.98.11,v44348179
2013,0.00,"Saguenay, Quebec",10.98.11,v44348179
2014,0.00,"Saguenay, Quebec",10.98.11,v44348179
2015,3.00,"Saguenay, Quebec",10.98.11,v44348179
1998,0.00,"Sherbrooke, Quebec",12.98.11,v44328633
1999,0.00,"Sherbrooke, Quebec",12.98.11,v44328633
2000,0.00,"Sherbrooke, Quebec",12.98.11,v44328633
2001,..,"Sherbrooke, Quebec",12.98.11,v44328633
2002,0.00,"Sherbrooke, Quebec",12.98.11,v44328633
2003,0.00,"Sherbrooke, Quebec",12.98.11,v44328633
2004,0.00,"Sherbrooke, Quebec",12.98.11,v44328633
2005,0.00,"Sherbrooke, Quebec",12.98.11,v44328633
2006,0.00,"Sherbrooke, Quebec",12.98.11,v44328633
2007,0.00,"Sherbrooke, Quebec",12.98.11,v44328633
2008,0.00,"Sherbrooke, Quebec",12.98.11,v44328633
2009,0.00,"Sherbrooke, Quebec",12.98.11,v44328633
2010,0.00,"Sherbrooke, Quebec",12.98.11,v44328633
2011,1.00,"Sherbrooke, Quebec",12.98.11,v44328633
2012,0.00,"Sherbrooke, Quebec",12.98.11,v44328633
2013,0.00,"Sherbrooke, Quebec",12.98.11,v44328633
2014,1.00,"Sherbrooke, Quebec",12.98.11,v44328633
2015,0.00,"Sherbrooke, Quebec",12.98.11,v44328633
1998,0.00,"Ottawa-Gatineau, Quebec part",15.98.11,v44356525
1999,0.00,"Ottawa-Gatineau, Quebec part",15.98.11,v44356525
2000,0.00,"Ottawa-Gatineau, Quebec part",15.98.11,v44356525
2001,0.00,"Ottawa-Gatineau, Quebec part",15.98.11,v44356525
2002,0.00,"Ottawa-Gatineau, Quebec part",15.98.11,v44356525
2003,0.00,"Ottawa-Gatineau, Quebec part",15.98.11,v44356525
2004,0.00,"Ottawa-Gatineau, Quebec part",15.98.11,v44356525
2005,0.00,"Ottawa-Gatineau, Quebec part",15.98.11,v44356525
2006,0.00,"Ottawa-Gatineau, Quebec part",15.98.11,v44356525
2007,0.00,"Ottawa-Gatineau, Quebec part",15.98.11,v44356525
2008,0.00,"Ottawa-Gatineau, Quebec part",15.98.11,v44356525
2009,1.00,"Ottawa-Gatineau, Quebec part",15.98.11,v44356525
2010,0.00,"Ottawa-Gatineau, Quebec part",15.98.11,v44356525
2011,0.00,"Ottawa-Gatineau, Quebec part",15.98.11,v44356525
2012,0.00,"Ottawa-Gatineau, Quebec part",15.98.11,v44356525
2013,0.00,"Ottawa-Gatineau, Quebec part",15.98.11,v44356525
2014,0.00,"Ottawa-Gatineau, Quebec part",15.98.11,v44356525
2015,3.00,"Ottawa-Gatineau, Quebec part",15.98.11,v44356525
1998,1.00,"Ontario",16.98.11,v44326138
1999,3.00,"Ontario",16.98.11,v44326138
2000,1.00,"Ontario",16.98.11,v44326138
2001,3.00,"Ontario",16.98.11,v44326138
2002,4.00,"Ontario",16.98.11,v44326138
2003,3.00,"Ontario",16.98.11,v44326138
2004,1.00,"Ontario",16.98.11,v44326138
2005,4.00,"Ontario",16.98.11,v44326138
2006,6.00,"Ontario",16.98.11,v44326138
2007,9.00,"Ontario",16.98.11,v44326138
2008,8.00,"Ontario",16.98.11,v44326138
2009,11.00,"Ontario",16.98.11,v44326138
2010,19.00,"Ontario",16.98.11,v44326138
2011,17.00,"Ontario",16.98.11,v44326138
2012,8.00,"Ontario",16.98.11,v44326138
2013,9.00,"Ontario",16.98.11,v44326138
2014,18.00,"Ontario",16.98.11,v44326138
2015,14.00,"Ontario",16.98.11,v44326138
1998,0.00,"Ottawa-Gatineau, Ontario/Quebec",17.98.11,v52148564
1999,0.00,"Ottawa-Gatineau, Ontario/Quebec",17.98.11,v52148564
2000,0.00,"Ottawa-Gatineau, Ontario/Quebec",17.98.11,v52148564
2001,0.00,"Ottawa-Gatineau, Ontario/Quebec",17.98.11,v52148564
2002,0.00,"Ottawa-Gatineau, Ontario/Quebec",17.98.11,v52148564
2003,0.00,"Ottawa-Gatineau, Ontario/Quebec",17.98.11,v52148564
2004,0.00,"Ottawa-Gatineau, Ontario/Quebec",17.98.11,v52148564
2005,0.00,"Ottawa-Gatineau, Ontario/Quebec",17.98.11,v52148564
2006,0.00,"Ottawa-Gatineau, Ontario/Quebec",17.98.11,v52148564
2007,0.00,"Ottawa-Gatineau, Ontario/Quebec",17.98.11,v52148564
2008,0.00,"Ottawa-Gatineau, Ontario/Quebec",17.98.11,v52148564
2009,1.00,"Ottawa-Gatineau, Ontario/Quebec",17.98.11,v52148564
2010,0.00,"Ottawa-Gatineau, Ontario/Quebec",17.98.11,v52148564
2011,2.00,"Ottawa-Gatineau, Ontario/Quebec",17.98.11,v52148564
2012,0.00,"Ottawa-Gatineau, Ontario/Quebec",17.98.11,v52148564
2013,0.00,"Ottawa-Gatineau, Ontario/Quebec",17.98.11,v52148564
2014,0.00,"Ottawa-Gatineau, Ontario/Quebec",17.98.11,v52148564
2015,3.00,"Ottawa-Gatineau, Ontario/Quebec",17.98.11,v52148564
1998,0.00,"Ottawa-Gatineau, Ontario part",18.98.11,v44376143
1999,..,"Ottawa-Gatineau, Ontario part",18.98.11,v44376143
2000,..,"Ottawa-Gatineau, Ontario part",18.98.11,v44376143
2001,0.00,"Ottawa-Gatineau, Ontario part",18.98.11,v44376143
2002,0.00,"Ottawa-Gatineau, Ontario part",18.98.11,v44376143
2003,0.00,"Ottawa-Gatineau, Ontario part",18.98.11,v44376143
2004,0.00,"Ottawa-Gatineau, Ontario part",18.98.11,v44376143
2005,0.00,"Ottawa-Gatineau, Ontario part",18.98.11,v44376143
2006,0.00,"Ottawa-Gatineau, Ontario part",18.98.11,v44376143
2007,0.00,"Ottawa-Gatineau, Ontario part",18.98.11,v44376143
2008,0.00,"Ottawa-Gatineau, Ontario part",18.98.11,v44376143
2009,0.00,"Ottawa-Gatineau, Ontario part",18.98.11,v44376143
2010,0.00,"Ottawa-Gatineau, Ontario part",18.98.11,v44376143
2011,2.00,"Ottawa-Gatineau, Ontario part",18.98.11,v44376143
2012,0.00,"Ottawa-Gatineau, Ontario part",18.98.11,v44376143
2013,0.00,"Ottawa-Gatineau, Ontario part",18.98.11,v44376143
2014,0.00,"Ottawa-Gatineau, Ontario part",18.98.11,v44376143
2015,0.00,"Ottawa-Gatineau, Ontario part",18.98.11,v44376143
2000,..,"Kingston, Ontario",27.98.11,v44410908
2001,0.00,"Kingston, Ontario",27.98.11,v44410908
2002,0.00,"Kingston, Ontario",27.98.11,v44410908
2003,0.00,"Kingston, Ontario",27.98.11,v44410908
2004,0.00,"Kingston, Ontario",27.98.11,v44410908
2005,0.00,"Kingston, Ontario",27.98.11,v44410908
2006,0.00,"Kingston, Ontario",27.98.11,v44410908
2007,0.00,"Kingston, Ontario",27.98.11,v44410908
2008,0.00,"Kingston, Ontario",27.98.11,v44410908
2009,0.00,"Kingston, Ontario",27.98.11,v44410908
2010,1.00,"Kingston, Ontario",27.98.11,v44410908
2011,0.00,"Kingston, Ontario",27.98.11,v44410908
2012,0.00,"Kingston, Ontario",27.98.11,v44410908
2013,0.00,"Kingston, Ontario",27.98.11,v44410908
2014,0.00,"Kingston, Ontario",27.98.11,v44410908
2015,0.00,"Kingston, Ontario",27.98.11,v44410908
2005,..,"Peterborough, Ontario",44.98.11,v52122795
2006,0.00,"Peterborough, Ontario",44.98.11,v52122795
2007,0.00,"Peterborough, Ontario",44.98.11,v52122795
2008,0.00,"Peterborough, Ontario",44.98.11,v52122795
2009,0.00,"Peterborough, Ontario",44.98.11,v52122795
2010,0.00,"Peterborough, Ontario",44.98.11,v52122795
2011,0.00,"Peterborough, Ontario",44.98.11,v52122795
2012,0.00,"Peterborough, Ontario",44.98.11,v52122795
2013,0.00,"Peterborough, Ontario",44.98.11,v52122795
2014,0.00,"Peterborough, Ontario",44.98.11,v52122795
2015,0.00,"Peterborough, Ontario",44.98.11,v52122795
1998,1.00,"Toronto, Ontario",19.98.11,v44369133
1999,2.00,"Toronto, Ontario",19.98.11,v44369133
2000,0.00,"Toronto, Ontario",19.98.11,v44369133
2001,2.00,"Toronto, Ontario",19.98.11,v44369133
2002,1.00,"Toronto, Ontario",19.98.11,v44369133
2003,1.00,"Toronto, Ontario",19.98.11,v44369133
2004,1.00,"Toronto, Ontario",19.98.11,v44369133
2005,1.00,"Toronto, Ontario",19.98.11,v44369133
2006,4.00,"Toronto, Ontario",19.98.11,v44369133
2007,1.00,"Toronto, Ontario",19.98.11,v44369133
2008,3.00,"Toronto, Ontario",19.98.11,v44369133
2009,4.00,"Toronto, Ontario",19.98.11,v44369133
2010,2.00,"Toronto, Ontario",19.98.11,v44369133
2011,4.00,"Toronto, Ontario",19.98.11,v44369133
2012,1.00,"Toronto, Ontario",19.98.11,v44369133
2013,3.00,"Toronto, Ontario",19.98.11,v44369133
2014,5.00,"Toronto, Ontario",19.98.11,v44369133
2015,2.00,"Toronto, Ontario",19.98.11,v44369133
1998,0.00,"Hamilton, Ontario",20.98.11,v44400035
1999,0.00,"Hamilton, Ontario",20.98.11,v44400035
2000,0.00,"Hamilton, Ontario",20.98.11,v44400035
2001,0.00,"Hamilton, Ontario",20.98.11,v44400035
2002,0.00,"Hamilton, Ontario",20.98.11,v44400035
2003,0.00,"Hamilton, Ontario",20.98.11,v44400035
2004,0.00,"Hamilton, Ontario",20.98.11,v44400035
2005,0.00,"Hamilton, Ontario",20.98.11,v44400035
2006,1.00,"Hamilton, Ontario",20.98.11,v44400035
2007,0.00,"Hamilton, Ontario",20.98.11,v44400035
2008,1.00,"Hamilton, Ontario",20.98.11,v44400035
2009,0.00,"Hamilton, Ontario",20.98.11,v44400035
2010,0.00,"Hamilton, Ontario",20.98.11,v44400035
2011,0.00,"Hamilton, Ontario",20.98.11,v44400035
2012,0.00,"Hamilton, Ontario",20.98.11,v44400035
2013,0.00,"Hamilton, Ontario",20.98.11,v44400035
2014,0.00,"Hamilton, Ontario",20.98.11,v44400035
2015,1.00,"Hamilton, Ontario",20.98.11,v44400035
1998,0.00,"St.Catharines-Niagara, Ontario",21.98.11,v44360696
1999,0.00,"St.Catharines-Niagara, Ontario",21.98.11,v44360696
2000,0.00,"St.Catharines-Niagara, Ontario",21.98.11,v44360696
2001,0.00,"St.Catharines-Niagara, Ontario",21.98.11,v44360696
2002,1.00,"St.Catharines-Niagara, Ontario",21.98.11,v44360696
2003,0.00,"St.Catharines-Niagara, Ontario",21.98.11,v44360696
2004,0.00,"St.Catharines-Niagara, Ontario",21.98.11,v44360696
2005,0.00,"St.Catharines-Niagara, Ontario",21.98.11,v44360696
2006,0.00,"St.Catharines-Niagara, Ontario",21.98.11,v44360696
2007,1.00,"St.Catharines-Niagara, Ontario",21.98.11,v44360696
2008,1.00,"St.Catharines-Niagara, Ontario",21.98.11,v44360696
2009,0.00,"St.Catharines-Niagara, Ontario",21.98.11,v44360696
2010,2.00,"St.Catharines-Niagara, Ontario",21.98.11,v44360696
2011,1.00,"St.Catharines-Niagara, Ontario",21.98.11,v44360696
2012,1.00,"St.Catharines-Niagara, Ontario",21.98.11,v44360696
2013,1.00,"St.Catharines-Niagara, Ontario",21.98.11,v44360696
2014,0.00,"St.Catharines-Niagara, Ontario",21.98.11,v44360696
2015,0.00,"St.Catharines-Niagara, Ontario",21.98.11,v44360696
1998,0.00,"Kitchener-Cambridge-Waterloo, Ontario",22.98.11,v44353522
1999,0.00,"Kitchener-Cambridge-Waterloo, Ontario",22.98.11,v44353522
2000,0.00,"Kitchener-Cambridge-Waterloo, Ontario",22.98.11,v44353522
2001,0.00,"Kitchener-Cambridge-Waterloo, Ontario",22.98.11,v44353522
2002,0.00,"Kitchener-Cambridge-Waterloo, Ontario",22.98.11,v44353522
2003,0.00,"Kitchener-Cambridge-Waterloo, Ontario",22.98.11,v44353522
2004,0.00,"Kitchener-Cambridge-Waterloo, Ontario",22.98.11,v44353522
2005,0.00,"Kitchener-Cambridge-Waterloo, Ontario",22.98.11,v44353522
2006,0.00,"Kitchener-Cambridge-Waterloo, Ontario",22.98.11,v44353522
2007,1.00,"Kitchener-Cambridge-Waterloo, Ontario",22.98.11,v44353522
2008,0.00,"Kitchener-Cambridge-Waterloo, Ontario",22.98.11,v44353522
2009,0.00,"Kitchener-Cambridge-Waterloo, Ontario",22.98.11,v44353522
2010,0.00,"Kitchener-Cambridge-Waterloo, Ontario",22.98.11,v44353522
2011,1.00,"Kitchener-Cambridge-Waterloo, Ontario",22.98.11,v44353522
2012,0.00,"Kitchener-Cambridge-Waterloo, Ontario",22.98.11,v44353522
2013,1.00,"Kitchener-Cambridge-Waterloo, Ontario",22.98.11,v44353522
2014,0.00,"Kitchener-Cambridge-Waterloo, Ontario",22.98.11,v44353522
2015,0.00,"Kitchener-Cambridge-Waterloo, Ontario",22.98.11,v44353522
2005,..,"Brantford, Ontario",45.98.11,v52124406
2006,0.00,"Brantford, Ontario",45.98.11,v52124406
2007,0.00,"Brantford, Ontario",45.98.11,v52124406
2008,1.00,"Brantford, Ontario",45.98.11,v52124406
2009,0.00,"Brantford, Ontario",45.98.11,v52124406
2010,2.00,"Brantford, Ontario",45.98.11,v52124406
2011,0.00,"Brantford, Ontario",45.98.11,v52124406
2012,0.00,"Brantford, Ontario",45.98.11,v52124406
2013,0.00,"Brantford, Ontario",45.98.11,v52124406
2014,0.00,"Brantford, Ontario",45.98.11,v52124406
2015,0.00,"Brantford, Ontario",45.98.11,v52124406
2006,0.00,"Guelph, Ontario",46.98.11,v52119875
2007,0.00,"Guelph, Ontario",46.98.11,v52119875
2008,0.00,"Guelph, Ontario",46.98.11,v52119875
2009,0.00,"Guelph, Ontario",46.98.11,v52119875
2010,1.00,"Guelph, Ontario",46.98.11,v52119875
2011,0.00,"Guelph, Ontario",46.98.11,v52119875
2012,0.00,"Guelph, Ontario",46.98.11,v52119875
2013,0.00,"Guelph, Ontario",46.98.11,v52119875
2014,0.00,"Guelph, Ontario",46.98.11,v52119875
2015,0.00,"Guelph, Ontario",46.98.11,v52119875
1998,0.00,"London, Ontario",23.98.11,v44350009
1999,1.00,"London, Ontario",23.98.11,v44350009
2000,0.00,"London, Ontario",23.98.11,v44350009
2001,0.00,"London, Ontario",23.98.11,v44350009
2002,0.00,"London, Ontario",23.98.11,v44350009
2003,0.00,"London, Ontario",23.98.11,v44350009
2004,0.00,"London, Ontario",23.98.11,v44350009
2005,0.00,"London, Ontario",23.98.11,v44350009
2006,0.00,"London, Ontario",23.98.11,v44350009
2007,3.00,"London, Ontario",23.98.11,v44350009
2008,0.00,"London, Ontario",23.98.11,v44350009
2009,2.00,"London, Ontario",23.98.11,v44350009
2010,3.00,"London, Ontario",23.98.11,v44350009
2011,2.00,"London, Ontario",23.98.11,v44350009
2012,0.00,"London, Ontario",23.98.11,v44350009
2013,1.00,"London, Ontario",23.98.11,v44350009
2014,0.00,"London, Ontario",23.98.11,v44350009
2015,0.00,"London, Ontario",23.98.11,v44350009
1998,0.00,"Windsor, Ontario",24.98.11,v44363758
1999,0.00,"Windsor, Ontario",24.98.11,v44363758
2000,0.00,"Windsor, Ontario",24.98.11,v44363758
2001,0.00,"Windsor, Ontario",24.98.11,v44363758
2002,0.00,"Windsor, Ontario",24.98.11,v44363758
2003,0.00,"Windsor, Ontario",24.98.11,v44363758
2004,0.00,"Windsor, Ontario",24.98.11,v44363758
2005,0.00,"Windsor, Ontario",24.98.11,v44363758
2006,0.00,"Windsor, Ontario",24.98.11,v44363758
2007,0.00,"Windsor, Ontario",24.98.11,v44363758
2008,0.00,"Windsor, Ontario",24.98.11,v44363758
2009,1.00,"Windsor, Ontario",24.98.11,v44363758
2010,0.00,"Windsor, Ontario",24.98.11,v44363758
2011,0.00,"Windsor, Ontario",24.98.11,v44363758
2012,0.00,"Windsor, Ontario",24.98.11,v44363758
2013,0.00,"Windsor, Ontario",24.98.11,v44363758
2014,1.00,"Windsor, Ontario",24.98.11,v44363758
2015,1.00,"Windsor, Ontario",24.98.11,v44363758
2005,..,"Barrie, Ontario",47.98.11,v52145288
2006,0.00,"Barrie, Ontario",47.98.11,v52145288
2007,1.00,"Barrie, Ontario",47.98.11,v52145288
2008,0.00,"Barrie, Ontario",47.98.11,v52145288
2009,0.00,"Barrie, Ontario",47.98.11,v52145288
2010,0.00,"Barrie, Ontario",47.98.11,v52145288
2011,0.00,"Barrie, Ontario",47.98.11,v52145288
2012,1.00,"Barrie, Ontario",47.98.11,v52145288
2013,0.00,"Barrie, Ontario",47.98.11,v52145288
2014,0.00,"Barrie, Ontario",47.98.11,v52145288
2015,0.00,"Barrie, Ontario",47.98.11,v52145288
1998,0.00,"Sudbury, Ontario",25.98.11,v44356562
1999,0.00,"Sudbury, Ontario",25.98.11,v44356562
2000,0.00,"Sudbury, Ontario",25.98.11,v44356562
2001,0.00,"Sudbury, Ontario",25.98.11,v44356562
2002,0.00,"Sudbury, Ontario",25.98.11,v44356562
2003,0.00,"Sudbury, Ontario",25.98.11,v44356562
2004,0.00,"Sudbury, Ontario",25.98.11,v44356562
2005,0.00,"Sudbury, Ontario",25.98.11,v44356562
2006,0.00,"Sudbury, Ontario",25.98.11,v44356562
2007,0.00,"Sudbury, Ontario",25.98.11,v44356562
2008,0.00,"Sudbury, Ontario",25.98.11,v44356562
2009,2.00,"Sudbury, Ontario",25.98.11,v44356562
2010,0.00,"Sudbury, Ontario",25.98.11,v44356562
2011,1.00,"Sudbury, Ontario",25.98.11,v44356562
2012,0.00,"Sudbury, Ontario",25.98.11,v44356562
2013,0.00,"Sudbury, Ontario",25.98.11,v44356562
2014,3.00,"Sudbury, Ontario",25.98.11,v44356562
2015,0.00,"Sudbury, Ontario",25.98.11,v44356562
1998,0.00,"Thunder Bay, Ontario",26.98.11,v44410800
1999,0.00,"Thunder Bay, Ontario",26.98.11,v44410800
2000,0.00,"Thunder Bay, Ontario",26.98.11,v44410800
2001,0.00,"Thunder Bay, Ontario",26.98.11,v44410800
2002,1.00,"Thunder Bay, Ontario",26.98.11,v44410800
2003,1.00,"Thunder Bay, Ontario",26.98.11,v44410800
2004,0.00,"Thunder Bay, Ontario",26.98.11,v44410800
2005,2.00,"Thunder Bay, Ontario",26.98.11,v44410800
2006,0.00,"Thunder Bay, Ontario",26.98.11,v44410800
2007,0.00,"Thunder Bay, Ontario",26.98.11,v44410800
2008,0.00,"Thunder Bay, Ontario",26.98.11,v44410800
2009,0.00,"Thunder Bay, Ontario",26.98.11,v44410800
2010,1.00,"Thunder Bay, Ontario",26.98.11,v44410800
2011,0.00,"Thunder Bay, Ontario",26.98.11,v44410800
2012,0.00,"Thunder Bay, Ontario",26.98.11,v44410800
2013,1.00,"Thunder Bay, Ontario",26.98.11,v44410800
2014,0.00,"Thunder Bay, Ontario",26.98.11,v44410800
2015,0.00,"Thunder Bay, Ontario",26.98.11,v44410800
1998,0.00,"Manitoba",28.98.11,v44385618
1999,0.00,"Manitoba",28.98.11,v44385618
2000,1.00,"Manitoba",28.98.11,v44385618
2001,3.00,"Manitoba",28.98.11,v44385618
2002,3.00,"Manitoba",28.98.11,v44385618
2003,4.00,"Manitoba",28.98.11,v44385618
2004,7.00,"Manitoba",28.98.11,v44385618
2005,0.00,"Manitoba",28.98.11,v44385618
2006,1.00,"Manitoba",28.98.11,v44385618
2007,1.00,"Manitoba",28.98.11,v44385618
2008,1.00,"Manitoba",28.98.11,v44385618
2009,1.00,"Manitoba",28.98.11,v44385618
2010,0.00,"Manitoba",28.98.11,v44385618
2011,2.00,"Manitoba",28.98.11,v44385618
2012,0.00,"Manitoba",28.98.11,v44385618
2013,1.00,"Manitoba",28.98.11,v44385618
2014,0.00,"Manitoba",28.98.11,v44385618
2015,2.00,"Manitoba",28.98.11,v44385618
1998,0.00,"Winnipeg, Manitoba",29.98.11,v44349937
1999,0.00,"Winnipeg, Manitoba",29.98.11,v44349937
2000,0.00,"Winnipeg, Manitoba",29.98.11,v44349937
2001,0.00,"Winnipeg, Manitoba",29.98.11,v44349937
2002,..,"Winnipeg, Manitoba",29.98.11,v44349937
2003,0.00,"Winnipeg, Manitoba",29.98.11,v44349937
2004,1.00,"Winnipeg, Manitoba",29.98.11,v44349937
2005,0.00,"Winnipeg, Manitoba",29.98.11,v44349937
2006,1.00,"Winnipeg, Manitoba",29.98.11,v44349937
2007,1.00,"Winnipeg, Manitoba",29.98.11,v44349937
2008,0.00,"Winnipeg, Manitoba",29.98.11,v44349937
2009,1.00,"Winnipeg, Manitoba",29.98.11,v44349937
2010,0.00,"Winnipeg, Manitoba",29.98.11,v44349937
2011,0.00,"Winnipeg, Manitoba",29.98.11,v44349937
2012,0.00,"Winnipeg, Manitoba",29.98.11,v44349937
2013,0.00,"Winnipeg, Manitoba",29.98.11,v44349937
2014,0.00,"Winnipeg, Manitoba",29.98.11,v44349937
2015,1.00,"Winnipeg, Manitoba",29.98.11,v44349937
1998,0.00,"Saskatchewan",30.98.11,v44384699
1999,0.00,"Saskatchewan",30.98.11,v44384699
2000,0.00,"Saskatchewan",30.98.11,v44384699
2001,0.00,"Saskatchewan",30.98.11,v44384699
2002,0.00,"Saskatchewan",30.98.11,v44384699
2003,0.00,"Saskatchewan",30.98.11,v44384699
2004,0.00,"Saskatchewan",30.98.11,v44384699
2005,0.00,"Saskatchewan",30.98.11,v44384699
2006,0.00,"Saskatchewan",30.98.11,v44384699
2007,0.00,"Saskatchewan",30.98.11,v44384699
2008,0.00,"Saskatchewan",30.98.11,v44384699
2009,1.00,"Saskatchewan",30.98.11,v44384699
2010,0.00,"Saskatchewan",30.98.11,v44384699
2011,0.00,"Saskatchewan",30.98.11,v44384699
2012,1.00,"Saskatchewan",30.98.11,v44384699
2013,1.00,"Saskatchewan",30.98.11,v44384699
2014,0.00,"Saskatchewan",30.98.11,v44384699
2015,2.00,"Saskatchewan",30.98.11,v44384699
1998,0.00,"Regina, Saskatchewan",31.98.11,v44350095
1999,0.00,"Regina, Saskatchewan",31.98.11,v44350095
2000,0.00,"Regina, Saskatchewan",31.98.11,v44350095
2001,0.00,"Regina, Saskatchewan",31.98.11,v44350095
2002,0.00,"Regina, Saskatchewan",31.98.11,v44350095
2003,0.00,"Regina, Saskatchewan",31.98.11,v44350095
2004,0.00,"Regina, Saskatchewan",31.98.11,v44350095
2005,0.00,"Regina, Saskatchewan",31.98.11,v44350095
2006,0.00,"Regina, Saskatchewan",31.98.11,v44350095
2007,0.00,"Regina, Saskatchewan",31.98.11,v44350095
2008,0.00,"Regina, Saskatchewan",31.98.11,v44350095
2009,0.00,"Regina, Saskatchewan",31.98.11,v44350095
2010,0.00,"Regina, Saskatchewan",31.98.11,v44350095
2011,0.00,"Regina, Saskatchewan",31.98.11,v44350095
2012,0.00,"Regina, Saskatchewan",31.98.11,v44350095
2013,0.00,"Regina, Saskatchewan",31.98.11,v44350095
2014,0.00,"Regina, Saskatchewan",31.98.11,v44350095
2015,0.00,"Regina, Saskatchewan",31.98.11,v44350095
1998,0.00,"Saskatoon, Saskatchewan",32.98.11,v44379479
1999,0.00,"Saskatoon, Saskatchewan",32.98.11,v44379479
2000,0.00,"Saskatoon, Saskatchewan",32.98.11,v44379479
2001,0.00,"Saskatoon, Saskatchewan",32.98.11,v44379479
2002,0.00,"Saskatoon, Saskatchewan",32.98.11,v44379479
2003,0.00,"Saskatoon, Saskatchewan",32.98.11,v44379479
2004,0.00,"Saskatoon, Saskatchewan",32.98.11,v44379479
2005,0.00,"Saskatoon, Saskatchewan",32.98.11,v44379479
2006,0.00,"Saskatoon, Saskatchewan",32.98.11,v44379479
2007,0.00,"Saskatoon, Saskatchewan",32.98.11,v44379479
2008,0.00,"Saskatoon, Saskatchewan",32.98.11,v44379479
2009,0.00,"Saskatoon, Saskatchewan",32.98.11,v44379479
2010,0.00,"Saskatoon, Saskatchewan",32.98.11,v44379479
2011,0.00,"Saskatoon, Saskatchewan",32.98.11,v44379479
2012,0.00,"Saskatoon, Saskatchewan",32.98.11,v44379479
2013,0.00,"Saskatoon, Saskatchewan",32.98.11,v44379479
2014,0.00,"Saskatoon, Saskatchewan",32.98.11,v44379479
2015,1.00,"Saskatoon, Saskatchewan",32.98.11,v44379479
1998,0.00,"Alberta",33.98.11,v44406639
1999,1.00,"Alberta",33.98.11,v44406639
2000,0.00,"Alberta",33.98.11,v44406639
2001,1.00,"Alberta",33.98.11,v44406639
2002,0.00,"Alberta",33.98.11,v44406639
2003,0.00,"Alberta",33.98.11,v44406639
2004,0.00,"Alberta",33.98.11,v44406639
2005,0.00,"Alberta",33.98.11,v44406639
2006,0.00,"Alberta",33.98.11,v44406639
2007,0.00,"Alberta",33.98.11,v44406639
2008,0.00,"Alberta",33.98.11,v44406639
2009,3.00,"Alberta",33.98.11,v44406639
2010,0.00,"Alberta",33.98.11,v44406639
2011,4.00,"Alberta",33.98.11,v44406639
2012,1.00,"Alberta",33.98.11,v44406639
2013,2.00,"Alberta",33.98.11,v44406639
2014,3.00,"Alberta",33.98.11,v44406639
2015,3.00,"Alberta",33.98.11,v44406639
1998,0.00,"Calgary, Alberta",34.98.11,v44391456
1999,1.00,"Calgary, Alberta",34.98.11,v44391456
2000,0.00,"Calgary, Alberta",34.98.11,v44391456
2001,1.00,"Calgary, Alberta",34.98.11,v44391456
2002,0.00,"Calgary, Alberta",34.98.11,v44391456
2003,0.00,"Calgary, Alberta",34.98.11,v44391456
2004,0.00,"Calgary, Alberta",34.98.11,v44391456
2005,0.00,"Calgary, Alberta",34.98.11,v44391456
2006,0.00,"Calgary, Alberta",34.98.11,v44391456
2007,0.00,"Calgary, Alberta",34.98.11,v44391456
2008,0.00,"Calgary, Alberta",34.98.11,v44391456
2009,2.00,"Calgary, Alberta",34.98.11,v44391456
2010,0.00,"Calgary, Alberta",34.98.11,v44391456
2011,2.00,"Calgary, Alberta",34.98.11,v44391456
2012,0.00,"Calgary, Alberta",34.98.11,v44391456
2013,0.00,"Calgary, Alberta",34.98.11,v44391456
2014,0.00,"Calgary, Alberta",34.98.11,v44391456
2015,0.00,"Calgary, Alberta",34.98.11,v44391456
1998,0.00,"Edmonton, Alberta",35.98.11,v44358406
1999,0.00,"Edmonton, Alberta",35.98.11,v44358406
2000,0.00,"Edmonton, Alberta",35.98.11,v44358406
2001,0.00,"Edmonton, Alberta",35.98.11,v44358406
2002,0.00,"Edmonton, Alberta",35.98.11,v44358406
2003,0.00,"Edmonton, Alberta",35.98.11,v44358406
2004,0.00,"Edmonton, Alberta",35.98.11,v44358406
2005,0.00,"Edmonton, Alberta",35.98.11,v44358406
2006,0.00,"Edmonton, Alberta",35.98.11,v44358406
2007,0.00,"Edmonton, Alberta",35.98.11,v44358406
2008,0.00,"Edmonton, Alberta",35.98.11,v44358406
2009,0.00,"Edmonton, Alberta",35.98.11,v44358406
2010,0.00,"Edmonton, Alberta",35.98.11,v44358406
2011,0.00,"Edmonton, Alberta",35.98.11,v44358406
2012,0.00,"Edmonton, Alberta",35.98.11,v44358406
2013,1.00,"Edmonton, Alberta",35.98.11,v44358406
2014,2.00,"Edmonton, Alberta",35.98.11,v44358406
2015,2.00,"Edmonton, Alberta",35.98.11,v44358406
1998,0.00,"British Columbia",36.98.11,v44381462
1999,0.00,"British Columbia",36.98.11,v44381462
2000,1.00,"British Columbia",36.98.11,v44381462
2001,0.00,"British Columbia",36.98.11,v44381462
2002,1.00,"British Columbia",36.98.11,v44381462
2003,2.00,"British Columbia",36.98.11,v44381462
2004,0.00,"British Columbia",36.98.11,v44381462
2005,0.00,"British Columbia",36.98.11,v44381462
2006,1.00,"British Columbia",36.98.11,v44381462
2007,1.00,"British Columbia",36.98.11,v44381462
2008,4.00,"British Columbia",36.98.11,v44381462
2009,4.00,"British Columbia",36.98.11,v44381462
2010,3.00,"British Columbia",36.98.11,v44381462
2011,5.00,"British Columbia",36.98.11,v44381462
2012,0.00,"British Columbia",36.98.11,v44381462
2013,6.00,"British Columbia",36.98.11,v44381462
2014,2.00,"British Columbia",36.98.11,v44381462
2015,16.00,"British Columbia",36.98.11,v44381462
2005,..,"Kelowna, British Columbia",48.98.11,v52144375
2006,0.00,"Kelowna, British Columbia",48.98.11,v52144375
2007,0.00,"Kelowna, British Columbia",48.98.11,v52144375
2008,0.00,"Kelowna, British Columbia",48.98.11,v52144375
2009,0.00,"Kelowna, British Columbia",48.98.11,v52144375
2010,0.00,"Kelowna, British Columbia",48.98.11,v52144375
2011,0.00,"Kelowna, British Columbia",48.98.11,v52144375
2012,0.00,"Kelowna, British Columbia",48.98.11,v52144375
2013,1.00,"Kelowna, British Columbia",48.98.11,v52144375
2014,0.00,"Kelowna, British Columbia",48.98.11,v52144375
2015,0.00,"Kelowna, British Columbia",48.98.11,v52144375
2000,..,"Abbotsford-Mission, British Columbia",39.98.11,v44380646
2001,0.00,"Abbotsford-Mission, British Columbia",39.98.11,v44380646
2002,0.00,"Abbotsford-Mission, British Columbia",39.98.11,v44380646
2003,1.00,"Abbotsford-Mission, British Columbia",39.98.11,v44380646
2004,0.00,"Abbotsford-Mission, British Columbia",39.98.11,v44380646
2005,0.00,"Abbotsford-Mission, British Columbia",39.98.11,v44380646
2006,0.00,"Abbotsford-Mission, British Columbia",39.98.11,v44380646
2007,0.00,"Abbotsford-Mission, British Columbia",39.98.11,v44380646
2008,0.00,"Abbotsford-Mission, British Columbia",39.98.11,v44380646
2009,1.00,"Abbotsford-Mission, British Columbia",39.98.11,v44380646
2010,0.00,"Abbotsford-Mission, British Columbia",39.98.11,v44380646
2011,0.00,"Abbotsford-Mission, British Columbia",39.98.11,v44380646
2012,0.00,"Abbotsford-Mission, British Columbia",39.98.11,v44380646
2013,0.00,"Abbotsford-Mission, British Columbia",39.98.11,v44380646
2014,0.00,"Abbotsford-Mission, British Columbia",39.98.11,v44380646
2015,1.00,"Abbotsford-Mission, British Columbia",39.98.11,v44380646
1998,0.00,"Vancouver, British Columbia",37.98.11,v44394734
1999,0.00,"Vancouver, British Columbia",37.98.11,v44394734
2000,1.00,"Vancouver, British Columbia",37.98.11,v44394734
2001,0.00,"Vancouver, British Columbia",37.98.11,v44394734
2002,0.00,"Vancouver, British Columbia",37.98.11,v44394734
2003,0.00,"Vancouver, British Columbia",37.98.11,v44394734
2004,0.00,"Vancouver, British Columbia",37.98.11,v44394734
2005,0.00,"Vancouver, British Columbia",37.98.11,v44394734
2006,0.00,"Vancouver, British Columbia",37.98.11,v44394734
2007,0.00,"Vancouver, British Columbia",37.98.11,v44394734
2008,1.00,"Vancouver, British Columbia",37.98.11,v44394734
2009,1.00,"Vancouver, British Columbia",37.98.11,v44394734
2010,0.00,"Vancouver, British Columbia",37.98.11,v44394734
2011,1.00,"Vancouver, British Columbia",37.98.11,v44394734
2012,0.00,"Vancouver, British Columbia",37.98.11,v44394734
2013,1.00,"Vancouver, British Columbia",37.98.11,v44394734
2014,1.00,"Vancouver, British Columbia",37.98.11,v44394734
2015,6.00,"Vancouver, British Columbia",37.98.11,v44394734
1998,0.00,"Victoria, British Columbia",38.98.11,v44343463
1999,0.00,"Victoria, British Columbia",38.98.11,v44343463
2000,0.00,"Victoria, British Columbia",38.98.11,v44343463
2001,0.00,"Victoria, British Columbia",38.98.11,v44343463
2002,0.00,"Victoria, British Columbia",38.98.11,v44343463
2003,1.00,"Victoria, British Columbia",38.98.11,v44343463
2004,0.00,"Victoria, British Columbia",38.98.11,v44343463
2005,0.00,"Victoria, British Columbia",38.98.11,v44343463
2006,0.00,"Victoria, British Columbia",38.98.11,v44343463
2007,0.00,"Victoria, British Columbia",38.98.11,v44343463
2008,2.00,"Victoria, British Columbia",38.98.11,v44343463
2009,1.00,"Victoria, British Columbia",38.98.11,v44343463
2010,0.00,"Victoria, British Columbia",38.98.11,v44343463
2011,0.00,"Victoria, British Columbia",38.98.11,v44343463
2012,0.00,"Victoria, British Columbia",38.98.11,v44343463
2013,0.00,"Victoria, British Columbia",38.98.11,v44343463
2014,0.00,"Victoria, British Columbia",38.98.11,v44343463
2015,4.00,"Victoria, British Columbia",38.98.11,v44343463
1998,0.00,"Yukon",40.98.11,v44403633
1999,0.00,"Yukon",40.98.11,v44403633
2000,0.00,"Yukon",40.98.11,v44403633
2001,0.00,"Yukon",40.98.11,v44403633
2002,0.00,"Yukon",40.98.11,v44403633
2003,0.00,"Yukon",40.98.11,v44403633
2004,0.00,"Yukon",40.98.11,v44403633
2005,0.00,"Yukon",40.98.11,v44403633
2006,0.00,"Yukon",40.98.11,v44403633
2007,0.00,"Yukon",40.98.11,v44403633
2008,0.00,"Yukon",40.98.11,v44403633
2009,0.00,"Yukon",40.98.11,v44403633
2010,0.00,"Yukon",40.98.11,v44403633
2011,0.00,"Yukon",40.98.11,v44403633
2012,0.00,"Yukon",40.98.11,v44403633
2013,1.00,"Yukon",40.98.11,v44403633
2014,0.00,"Yukon",40.98.11,v44403633
2015,0.00,"Yukon",40.98.11,v44403633
1998,0.00,"Northwest Territories",41.98.11,v44351941
1999,0.00,"Northwest Territories",41.98.11,v44351941
2000,0.00,"Northwest Territories",41.98.11,v44351941
2001,0.00,"Northwest Territories",41.98.11,v44351941
2002,0.00,"Northwest Territories",41.98.11,v44351941
2003,0.00,"Northwest Territories",41.98.11,v44351941
2004,0.00,"Northwest Territories",41.98.11,v44351941
2005,0.00,"Northwest Territories",41.98.11,v44351941
2006,0.00,"Northwest Territories",41.98.11,v44351941
2007,0.00,"Northwest Territories",41.98.11,v44351941
2008,0.00,"Northwest Territories",41.98.11,v44351941
2009,0.00,"Northwest Territories",41.98.11,v44351941
2010,0.00,"Northwest Territories",41.98.11,v44351941
2011,0.00,"Northwest Territories",41.98.11,v44351941
2012,0.00,"Northwest Territories",41.98.11,v44351941
2013,0.00,"Northwest Territories",41.98.11,v44351941
2014,0.00,"Northwest Territories",41.98.11,v44351941
2015,0.00,"Northwest Territories",41.98.11,v44351941
1998,..,"Nunavut",42.98.11,v44395494
1999,0.00,"Nunavut",42.98.11,v44395494
2000,0.00,"Nunavut",42.98.11,v44395494
2001,0.00,"Nunavut",42.98.11,v44395494
2002,0.00,"Nunavut",42.98.11,v44395494
2003,0.00,"Nunavut",42.98.11,v44395494
2004,0.00,"Nunavut",42.98.11,v44395494
2005,0.00,"Nunavut",42.98.11,v44395494
2006,0.00,"Nunavut",42.98.11,v44395494
2007,0.00,"Nunavut",42.98.11,v44395494
2008,0.00,"Nunavut",42.98.11,v44395494
2009,0.00,"Nunavut",42.98.11,v44395494
2010,0.00,"Nunavut",42.98.11,v44395494
2011,0.00,"Nunavut",42.98.11,v44395494
2012,0.00,"Nunavut",42.98.11,v44395494
2013,0.00,"Nunavut",42.98.11,v44395494
2014,0.00,"Nunavut",42.98.11,v44395494
2015,0.00,"Nunavut",42.98.11,v44395494
