2006,..,"Canada",1.229.10,v61986431
2007,..,"Canada",1.229.10,v61986431
2008,..,"Canada",1.229.10,v61986431
2009,..,"Canada",1.229.10,v61986431
2010,..,"Canada",1.229.10,v61986431
2011,0.03,"Canada",1.229.10,v61986431
2012,0.06,"Canada",1.229.10,v61986431
2013,0.07,"Canada",1.229.10,v61986431
2014,0.11,"Canada",1.229.10,v61986431
2015,0.10,"Canada",1.229.10,v61986431
2006,..,"Newfoundland and Labrador",2.229.10,v61986473
2007,..,"Newfoundland and Labrador",2.229.10,v61986473
2008,..,"Newfoundland and Labrador",2.229.10,v61986473
2009,..,"Newfoundland and Labrador",2.229.10,v61986473
2010,..,"Newfoundland and Labrador",2.229.10,v61986473
2011,0.00,"Newfoundland and Labrador",2.229.10,v61986473
2012,0.00,"Newfoundland and Labrador",2.229.10,v61986473
2013,0.00,"Newfoundland and Labrador",2.229.10,v61986473
2014,0.00,"Newfoundland and Labrador",2.229.10,v61986473
2015,0.00,"Newfoundland and Labrador",2.229.10,v61986473
2006,..,"St. John's, Newfoundland and Labrador",3.229.10,v61986515
2007,..,"St. John's, Newfoundland and Labrador",3.229.10,v61986515
2008,..,"St. John's, Newfoundland and Labrador",3.229.10,v61986515
2009,..,"St. John's, Newfoundland and Labrador",3.229.10,v61986515
2010,..,"St. John's, Newfoundland and Labrador",3.229.10,v61986515
2011,0.00,"St. John's, Newfoundland and Labrador",3.229.10,v61986515
2012,0.00,"St. John's, Newfoundland and Labrador",3.229.10,v61986515
2013,0.00,"St. John's, Newfoundland and Labrador",3.229.10,v61986515
2014,0.00,"St. John's, Newfoundland and Labrador",3.229.10,v61986515
2015,0.00,"St. John's, Newfoundland and Labrador",3.229.10,v61986515
2006,..,"Prince Edward Island",4.229.10,v61986557
2007,..,"Prince Edward Island",4.229.10,v61986557
2008,..,"Prince Edward Island",4.229.10,v61986557
2009,..,"Prince Edward Island",4.229.10,v61986557
2010,..,"Prince Edward Island",4.229.10,v61986557
2011,0.00,"Prince Edward Island",4.229.10,v61986557
2012,0.00,"Prince Edward Island",4.229.10,v61986557
2013,0.00,"Prince Edward Island",4.229.10,v61986557
2014,0.00,"Prince Edward Island",4.229.10,v61986557
2015,0.00,"Prince Edward Island",4.229.10,v61986557
2006,..,"Nova Scotia",5.229.10,v61986599
2007,..,"Nova Scotia",5.229.10,v61986599
2008,..,"Nova Scotia",5.229.10,v61986599
2009,..,"Nova Scotia",5.229.10,v61986599
2010,..,"Nova Scotia",5.229.10,v61986599
2011,0.00,"Nova Scotia",5.229.10,v61986599
2012,0.13,"Nova Scotia",5.229.10,v61986599
2013,0.13,"Nova Scotia",5.229.10,v61986599
2014,0.13,"Nova Scotia",5.229.10,v61986599
2015,0.38,"Nova Scotia",5.229.10,v61986599
2006,..,"Halifax, Nova Scotia",6.229.10,v61986641
2007,..,"Halifax, Nova Scotia",6.229.10,v61986641
2008,..,"Halifax, Nova Scotia",6.229.10,v61986641
2009,..,"Halifax, Nova Scotia",6.229.10,v61986641
2010,..,"Halifax, Nova Scotia",6.229.10,v61986641
2011,0.00,"Halifax, Nova Scotia",6.229.10,v61986641
2012,0.00,"Halifax, Nova Scotia",6.229.10,v61986641
2013,0.30,"Halifax, Nova Scotia",6.229.10,v61986641
2014,0.00,"Halifax, Nova Scotia",6.229.10,v61986641
2015,0.58,"Halifax, Nova Scotia",6.229.10,v61986641
2006,..,"New Brunswick",7.229.10,v61986683
2007,..,"New Brunswick",7.229.10,v61986683
2008,..,"New Brunswick",7.229.10,v61986683
2009,..,"New Brunswick",7.229.10,v61986683
2010,..,"New Brunswick",7.229.10,v61986683
2011,0.00,"New Brunswick",7.229.10,v61986683
2012,0.00,"New Brunswick",7.229.10,v61986683
2013,0.00,"New Brunswick",7.229.10,v61986683
2014,0.00,"New Brunswick",7.229.10,v61986683
2015,0.00,"New Brunswick",7.229.10,v61986683
2006,..,"Moncton, New Brunswick",43.229.10,v61988195
2007,..,"Moncton, New Brunswick",43.229.10,v61988195
2008,..,"Moncton, New Brunswick",43.229.10,v61988195
2009,..,"Moncton, New Brunswick",43.229.10,v61988195
2010,..,"Moncton, New Brunswick",43.229.10,v61988195
2011,0.00,"Moncton, New Brunswick",43.229.10,v61988195
2012,0.00,"Moncton, New Brunswick",43.229.10,v61988195
2013,0.00,"Moncton, New Brunswick",43.229.10,v61988195
2014,0.00,"Moncton, New Brunswick",43.229.10,v61988195
2015,0.00,"Moncton, New Brunswick",43.229.10,v61988195
2006,..,"Saint John, New Brunswick",8.229.10,v61986725
2007,..,"Saint John, New Brunswick",8.229.10,v61986725
2008,..,"Saint John, New Brunswick",8.229.10,v61986725
2009,..,"Saint John, New Brunswick",8.229.10,v61986725
2010,..,"Saint John, New Brunswick",8.229.10,v61986725
2011,0.00,"Saint John, New Brunswick",8.229.10,v61986725
2012,0.00,"Saint John, New Brunswick",8.229.10,v61986725
2013,0.00,"Saint John, New Brunswick",8.229.10,v61986725
2014,0.00,"Saint John, New Brunswick",8.229.10,v61986725
2015,0.00,"Saint John, New Brunswick",8.229.10,v61986725
2006,..,"Quebec",9.229.10,v61986767
2007,..,"Quebec",9.229.10,v61986767
2008,..,"Quebec",9.229.10,v61986767
2009,..,"Quebec",9.229.10,v61986767
2010,..,"Quebec",9.229.10,v61986767
2011,0.09,"Quebec",9.229.10,v61986767
2012,0.18,"Quebec",9.229.10,v61986767
2013,0.21,"Quebec",9.229.10,v61986767
2014,0.30,"Quebec",9.229.10,v61986767
2015,0.30,"Quebec",9.229.10,v61986767
2006,..,"Saguenay, Quebec",10.229.10,v61986809
2007,..,"Saguenay, Quebec",10.229.10,v61986809
2008,..,"Saguenay, Quebec",10.229.10,v61986809
2009,..,"Saguenay, Quebec",10.229.10,v61986809
2010,..,"Saguenay, Quebec",10.229.10,v61986809
2011,0.00,"Saguenay, Quebec",10.229.10,v61986809
2012,0.00,"Saguenay, Quebec",10.229.10,v61986809
2013,0.00,"Saguenay, Quebec",10.229.10,v61986809
2014,0.00,"Saguenay, Quebec",10.229.10,v61986809
2015,0.00,"Saguenay, Quebec",10.229.10,v61986809
2006,..,"Sherbrooke, Quebec",12.229.10,v61986893
2007,..,"Sherbrooke, Quebec",12.229.10,v61986893
2008,..,"Sherbrooke, Quebec",12.229.10,v61986893
2009,..,"Sherbrooke, Quebec",12.229.10,v61986893
2010,..,"Sherbrooke, Quebec",12.229.10,v61986893
2011,0.64,"Sherbrooke, Quebec",12.229.10,v61986893
2012,0.00,"Sherbrooke, Quebec",12.229.10,v61986893
2013,0.00,"Sherbrooke, Quebec",12.229.10,v61986893
2014,1.85,"Sherbrooke, Quebec",12.229.10,v61986893
2015,0.00,"Sherbrooke, Quebec",12.229.10,v61986893
2006,..,"Ottawa-Gatineau, Quebec part",15.229.10,v61987019
2007,..,"Ottawa-Gatineau, Quebec part",15.229.10,v61987019
2008,..,"Ottawa-Gatineau, Quebec part",15.229.10,v61987019
2009,..,"Ottawa-Gatineau, Quebec part",15.229.10,v61987019
2010,..,"Ottawa-Gatineau, Quebec part",15.229.10,v61987019
2011,0.00,"Ottawa-Gatineau, Quebec part",15.229.10,v61987019
2012,0.00,"Ottawa-Gatineau, Quebec part",15.229.10,v61987019
2013,0.00,"Ottawa-Gatineau, Quebec part",15.229.10,v61987019
2014,0.00,"Ottawa-Gatineau, Quebec part",15.229.10,v61987019
2015,0.00,"Ottawa-Gatineau, Quebec part",15.229.10,v61987019
2006,..,"Ontario",16.229.10,v61987061
2007,..,"Ontario",16.229.10,v61987061
2008,..,"Ontario",16.229.10,v61987061
2009,..,"Ontario",16.229.10,v61987061
2010,..,"Ontario",16.229.10,v61987061
2011,0.00,"Ontario",16.229.10,v61987061
2012,0.00,"Ontario",16.229.10,v61987061
2013,0.03,"Ontario",16.229.10,v61987061
2014,0.05,"Ontario",16.229.10,v61987061
2015,0.02,"Ontario",16.229.10,v61987061
2006,..,"Ottawa-Gatineau, Ontario/Quebec",17.229.10,v61987103
2007,..,"Ottawa-Gatineau, Ontario/Quebec",17.229.10,v61987103
2008,..,"Ottawa-Gatineau, Ontario/Quebec",17.229.10,v61987103
2009,..,"Ottawa-Gatineau, Ontario/Quebec",17.229.10,v61987103
2010,..,"Ottawa-Gatineau, Ontario/Quebec",17.229.10,v61987103
2011,0.00,"Ottawa-Gatineau, Ontario/Quebec",17.229.10,v61987103
2012,0.00,"Ottawa-Gatineau, Ontario/Quebec",17.229.10,v61987103
2013,0.00,"Ottawa-Gatineau, Ontario/Quebec",17.229.10,v61987103
2014,0.00,"Ottawa-Gatineau, Ontario/Quebec",17.229.10,v61987103
2015,0.00,"Ottawa-Gatineau, Ontario/Quebec",17.229.10,v61987103
2006,..,"Ottawa-Gatineau, Ontario part",18.229.10,v61987145
2007,..,"Ottawa-Gatineau, Ontario part",18.229.10,v61987145
2008,..,"Ottawa-Gatineau, Ontario part",18.229.10,v61987145
2009,..,"Ottawa-Gatineau, Ontario part",18.229.10,v61987145
2010,..,"Ottawa-Gatineau, Ontario part",18.229.10,v61987145
2011,0.00,"Ottawa-Gatineau, Ontario part",18.229.10,v61987145
2012,0.00,"Ottawa-Gatineau, Ontario part",18.229.10,v61987145
2013,0.00,"Ottawa-Gatineau, Ontario part",18.229.10,v61987145
2014,0.00,"Ottawa-Gatineau, Ontario part",18.229.10,v61987145
2015,0.00,"Ottawa-Gatineau, Ontario part",18.229.10,v61987145
2006,..,"Kingston, Ontario",27.229.10,v61987523
2007,..,"Kingston, Ontario",27.229.10,v61987523
2008,..,"Kingston, Ontario",27.229.10,v61987523
2009,..,"Kingston, Ontario",27.229.10,v61987523
2010,..,"Kingston, Ontario",27.229.10,v61987523
2011,0.00,"Kingston, Ontario",27.229.10,v61987523
2012,0.00,"Kingston, Ontario",27.229.10,v61987523
2013,0.00,"Kingston, Ontario",27.229.10,v61987523
2014,0.00,"Kingston, Ontario",27.229.10,v61987523
2015,0.00,"Kingston, Ontario",27.229.10,v61987523
2006,..,"Peterborough, Ontario",44.229.10,v61988237
2007,..,"Peterborough, Ontario",44.229.10,v61988237
2008,..,"Peterborough, Ontario",44.229.10,v61988237
2009,..,"Peterborough, Ontario",44.229.10,v61988237
2010,..,"Peterborough, Ontario",44.229.10,v61988237
2011,0.00,"Peterborough, Ontario",44.229.10,v61988237
2012,0.00,"Peterborough, Ontario",44.229.10,v61988237
2013,0.00,"Peterborough, Ontario",44.229.10,v61988237
2014,0.00,"Peterborough, Ontario",44.229.10,v61988237
2015,0.00,"Peterborough, Ontario",44.229.10,v61988237
2006,..,"Toronto, Ontario",19.229.10,v61987187
2007,..,"Toronto, Ontario",19.229.10,v61987187
2008,..,"Toronto, Ontario",19.229.10,v61987187
2009,..,"Toronto, Ontario",19.229.10,v61987187
2010,..,"Toronto, Ontario",19.229.10,v61987187
2011,0.00,"Toronto, Ontario",19.229.10,v61987187
2012,0.00,"Toronto, Ontario",19.229.10,v61987187
2013,0.02,"Toronto, Ontario",19.229.10,v61987187
2014,0.04,"Toronto, Ontario",19.229.10,v61987187
2015,0.00,"Toronto, Ontario",19.229.10,v61987187
2006,..,"Hamilton, Ontario",20.229.10,v61987229
2007,..,"Hamilton, Ontario",20.229.10,v61987229
2008,..,"Hamilton, Ontario",20.229.10,v61987229
2009,..,"Hamilton, Ontario",20.229.10,v61987229
2010,..,"Hamilton, Ontario",20.229.10,v61987229
2011,0.00,"Hamilton, Ontario",20.229.10,v61987229
2012,0.00,"Hamilton, Ontario",20.229.10,v61987229
2013,0.00,"Hamilton, Ontario",20.229.10,v61987229
2014,0.00,"Hamilton, Ontario",20.229.10,v61987229
2015,0.00,"Hamilton, Ontario",20.229.10,v61987229
2006,..,"St.Catharines-Niagara, Ontario",21.229.10,v61987271
2007,..,"St.Catharines-Niagara, Ontario",21.229.10,v61987271
2008,..,"St.Catharines-Niagara, Ontario",21.229.10,v61987271
2009,..,"St.Catharines-Niagara, Ontario",21.229.10,v61987271
2010,..,"St.Catharines-Niagara, Ontario",21.229.10,v61987271
2011,0.00,"St.Catharines-Niagara, Ontario",21.229.10,v61987271
2012,0.00,"St.Catharines-Niagara, Ontario",21.229.10,v61987271
2013,0.27,"St.Catharines-Niagara, Ontario",21.229.10,v61987271
2014,0.00,"St.Catharines-Niagara, Ontario",21.229.10,v61987271
2015,0.00,"St.Catharines-Niagara, Ontario",21.229.10,v61987271
2006,..,"Kitchener-Cambridge-Waterloo, Ontario",22.229.10,v61987313
2007,..,"Kitchener-Cambridge-Waterloo, Ontario",22.229.10,v61987313
2008,..,"Kitchener-Cambridge-Waterloo, Ontario",22.229.10,v61987313
2009,..,"Kitchener-Cambridge-Waterloo, Ontario",22.229.10,v61987313
2010,..,"Kitchener-Cambridge-Waterloo, Ontario",22.229.10,v61987313
2011,0.00,"Kitchener-Cambridge-Waterloo, Ontario",22.229.10,v61987313
2012,0.00,"Kitchener-Cambridge-Waterloo, Ontario",22.229.10,v61987313
2013,0.00,"Kitchener-Cambridge-Waterloo, Ontario",22.229.10,v61987313
2014,0.47,"Kitchener-Cambridge-Waterloo, Ontario",22.229.10,v61987313
2015,0.23,"Kitchener-Cambridge-Waterloo, Ontario",22.229.10,v61987313
2006,..,"Brantford, Ontario",45.229.10,v61988279
2007,..,"Brantford, Ontario",45.229.10,v61988279
2008,..,"Brantford, Ontario",45.229.10,v61988279
2009,..,"Brantford, Ontario",45.229.10,v61988279
2010,..,"Brantford, Ontario",45.229.10,v61988279
2011,0.00,"Brantford, Ontario",45.229.10,v61988279
2012,0.00,"Brantford, Ontario",45.229.10,v61988279
2013,0.00,"Brantford, Ontario",45.229.10,v61988279
2014,0.00,"Brantford, Ontario",45.229.10,v61988279
2015,0.00,"Brantford, Ontario",45.229.10,v61988279
2006,..,"Guelph, Ontario",46.229.10,v61988321
2007,..,"Guelph, Ontario",46.229.10,v61988321
2008,..,"Guelph, Ontario",46.229.10,v61988321
2009,..,"Guelph, Ontario",46.229.10,v61988321
2010,..,"Guelph, Ontario",46.229.10,v61988321
2011,0.00,"Guelph, Ontario",46.229.10,v61988321
2012,0.00,"Guelph, Ontario",46.229.10,v61988321
2013,0.00,"Guelph, Ontario",46.229.10,v61988321
2014,0.00,"Guelph, Ontario",46.229.10,v61988321
2015,0.00,"Guelph, Ontario",46.229.10,v61988321
2006,..,"London, Ontario",23.229.10,v61987355
2007,..,"London, Ontario",23.229.10,v61987355
2008,..,"London, Ontario",23.229.10,v61987355
2009,..,"London, Ontario",23.229.10,v61987355
2010,..,"London, Ontario",23.229.10,v61987355
2011,0.00,"London, Ontario",23.229.10,v61987355
2012,0.00,"London, Ontario",23.229.10,v61987355
2013,0.00,"London, Ontario",23.229.10,v61987355
2014,0.00,"London, Ontario",23.229.10,v61987355
2015,0.00,"London, Ontario",23.229.10,v61987355
2006,..,"Windsor, Ontario",24.229.10,v61987397
2007,..,"Windsor, Ontario",24.229.10,v61987397
2008,..,"Windsor, Ontario",24.229.10,v61987397
2009,..,"Windsor, Ontario",24.229.10,v61987397
2010,..,"Windsor, Ontario",24.229.10,v61987397
2011,0.00,"Windsor, Ontario",24.229.10,v61987397
2012,0.00,"Windsor, Ontario",24.229.10,v61987397
2013,0.00,"Windsor, Ontario",24.229.10,v61987397
2014,0.00,"Windsor, Ontario",24.229.10,v61987397
2015,0.00,"Windsor, Ontario",24.229.10,v61987397
2006,..,"Barrie, Ontario",47.229.10,v61988363
2007,..,"Barrie, Ontario",47.229.10,v61988363
2008,..,"Barrie, Ontario",47.229.10,v61988363
2009,..,"Barrie, Ontario",47.229.10,v61988363
2010,..,"Barrie, Ontario",47.229.10,v61988363
2011,0.00,"Barrie, Ontario",47.229.10,v61988363
2012,0.00,"Barrie, Ontario",47.229.10,v61988363
2013,0.00,"Barrie, Ontario",47.229.10,v61988363
2014,0.00,"Barrie, Ontario",47.229.10,v61988363
2015,0.00,"Barrie, Ontario",47.229.10,v61988363
2006,..,"Sudbury, Ontario",25.229.10,v61987439
2007,..,"Sudbury, Ontario",25.229.10,v61987439
2008,..,"Sudbury, Ontario",25.229.10,v61987439
2009,..,"Sudbury, Ontario",25.229.10,v61987439
2010,..,"Sudbury, Ontario",25.229.10,v61987439
2011,0.00,"Sudbury, Ontario",25.229.10,v61987439
2012,0.00,"Sudbury, Ontario",25.229.10,v61987439
2013,0.00,"Sudbury, Ontario",25.229.10,v61987439
2014,0.00,"Sudbury, Ontario",25.229.10,v61987439
2015,0.00,"Sudbury, Ontario",25.229.10,v61987439
2006,..,"Thunder Bay, Ontario",26.229.10,v61987481
2007,..,"Thunder Bay, Ontario",26.229.10,v61987481
2008,..,"Thunder Bay, Ontario",26.229.10,v61987481
2009,..,"Thunder Bay, Ontario",26.229.10,v61987481
2010,..,"Thunder Bay, Ontario",26.229.10,v61987481
2011,0.00,"Thunder Bay, Ontario",26.229.10,v61987481
2012,0.00,"Thunder Bay, Ontario",26.229.10,v61987481
2013,0.00,"Thunder Bay, Ontario",26.229.10,v61987481
2014,0.00,"Thunder Bay, Ontario",26.229.10,v61987481
2015,0.00,"Thunder Bay, Ontario",26.229.10,v61987481
2006,..,"Manitoba",28.229.10,v61987565
2007,..,"Manitoba",28.229.10,v61987565
2008,..,"Manitoba",28.229.10,v61987565
2009,..,"Manitoba",28.229.10,v61987565
2010,..,"Manitoba",28.229.10,v61987565
2011,0.00,"Manitoba",28.229.10,v61987565
2012,0.10,"Manitoba",28.229.10,v61987565
2013,0.00,"Manitoba",28.229.10,v61987565
2014,0.00,"Manitoba",28.229.10,v61987565
2015,0.00,"Manitoba",28.229.10,v61987565
2006,..,"Winnipeg, Manitoba",29.229.10,v61987607
2007,..,"Winnipeg, Manitoba",29.229.10,v61987607
2008,..,"Winnipeg, Manitoba",29.229.10,v61987607
2009,..,"Winnipeg, Manitoba",29.229.10,v61987607
2010,..,"Winnipeg, Manitoba",29.229.10,v61987607
2011,0.00,"Winnipeg, Manitoba",29.229.10,v61987607
2012,0.00,"Winnipeg, Manitoba",29.229.10,v61987607
2013,0.00,"Winnipeg, Manitoba",29.229.10,v61987607
2014,0.00,"Winnipeg, Manitoba",29.229.10,v61987607
2015,0.00,"Winnipeg, Manitoba",29.229.10,v61987607
2006,..,"Saskatchewan",30.229.10,v61987649
2007,..,"Saskatchewan",30.229.10,v61987649
2008,..,"Saskatchewan",30.229.10,v61987649
2009,..,"Saskatchewan",30.229.10,v61987649
2010,..,"Saskatchewan",30.229.10,v61987649
2011,0.00,"Saskatchewan",30.229.10,v61987649
2012,0.00,"Saskatchewan",30.229.10,v61987649
2013,0.23,"Saskatchewan",30.229.10,v61987649
2014,0.00,"Saskatchewan",30.229.10,v61987649
2015,0.00,"Saskatchewan",30.229.10,v61987649
2006,..,"Regina, Saskatchewan",31.229.10,v61987691
2007,..,"Regina, Saskatchewan",31.229.10,v61987691
2008,..,"Regina, Saskatchewan",31.229.10,v61987691
2009,..,"Regina, Saskatchewan",31.229.10,v61987691
2010,..,"Regina, Saskatchewan",31.229.10,v61987691
2011,0.00,"Regina, Saskatchewan",31.229.10,v61987691
2012,0.00,"Regina, Saskatchewan",31.229.10,v61987691
2013,0.00,"Regina, Saskatchewan",31.229.10,v61987691
2014,0.00,"Regina, Saskatchewan",31.229.10,v61987691
2015,0.00,"Regina, Saskatchewan",31.229.10,v61987691
2006,..,"Saskatoon, Saskatchewan",32.229.10,v61987733
2007,..,"Saskatoon, Saskatchewan",32.229.10,v61987733
2008,..,"Saskatoon, Saskatchewan",32.229.10,v61987733
2009,..,"Saskatoon, Saskatchewan",32.229.10,v61987733
2010,..,"Saskatoon, Saskatchewan",32.229.10,v61987733
2011,0.00,"Saskatoon, Saskatchewan",32.229.10,v61987733
2012,0.00,"Saskatoon, Saskatchewan",32.229.10,v61987733
2013,0.00,"Saskatoon, Saskatchewan",32.229.10,v61987733
2014,0.00,"Saskatoon, Saskatchewan",32.229.10,v61987733
2015,0.00,"Saskatoon, Saskatchewan",32.229.10,v61987733
2006,..,"Alberta",33.229.10,v61987775
2007,..,"Alberta",33.229.10,v61987775
2008,..,"Alberta",33.229.10,v61987775
2009,..,"Alberta",33.229.10,v61987775
2010,..,"Alberta",33.229.10,v61987775
2011,0.00,"Alberta",33.229.10,v61987775
2012,0.03,"Alberta",33.229.10,v61987775
2013,0.00,"Alberta",33.229.10,v61987775
2014,0.12,"Alberta",33.229.10,v61987775
2015,0.09,"Alberta",33.229.10,v61987775
2006,..,"Calgary, Alberta",34.229.10,v61987817
2007,..,"Calgary, Alberta",34.229.10,v61987817
2008,..,"Calgary, Alberta",34.229.10,v61987817
2009,..,"Calgary, Alberta",34.229.10,v61987817
2010,..,"Calgary, Alberta",34.229.10,v61987817
2011,0.00,"Calgary, Alberta",34.229.10,v61987817
2012,0.10,"Calgary, Alberta",34.229.10,v61987817
2013,0.00,"Calgary, Alberta",34.229.10,v61987817
2014,0.09,"Calgary, Alberta",34.229.10,v61987817
2015,0.00,"Calgary, Alberta",34.229.10,v61987817
2006,..,"Edmonton, Alberta",35.229.10,v61987859
2007,..,"Edmonton, Alberta",35.229.10,v61987859
2008,..,"Edmonton, Alberta",35.229.10,v61987859
2009,..,"Edmonton, Alberta",35.229.10,v61987859
2010,..,"Edmonton, Alberta",35.229.10,v61987859
2011,0.00,"Edmonton, Alberta",35.229.10,v61987859
2012,0.00,"Edmonton, Alberta",35.229.10,v61987859
2013,0.00,"Edmonton, Alberta",35.229.10,v61987859
2014,0.09,"Edmonton, Alberta",35.229.10,v61987859
2015,0.09,"Edmonton, Alberta",35.229.10,v61987859
2006,..,"British Columbia",36.229.10,v61987901
2007,..,"British Columbia",36.229.10,v61987901
2008,..,"British Columbia",36.229.10,v61987901
2009,..,"British Columbia",36.229.10,v61987901
2010,..,"British Columbia",36.229.10,v61987901
2011,0.03,"British Columbia",36.229.10,v61987901
2012,0.03,"British Columbia",36.229.10,v61987901
2013,0.00,"British Columbia",36.229.10,v61987901
2014,0.00,"British Columbia",36.229.10,v61987901
2015,0.03,"British Columbia",36.229.10,v61987901
2006,..,"Kelowna, British Columbia",48.229.10,v61988405
2007,..,"Kelowna, British Columbia",48.229.10,v61988405
2008,..,"Kelowna, British Columbia",48.229.10,v61988405
2009,..,"Kelowna, British Columbia",48.229.10,v61988405
2010,..,"Kelowna, British Columbia",48.229.10,v61988405
2011,0.00,"Kelowna, British Columbia",48.229.10,v61988405
2012,0.00,"Kelowna, British Columbia",48.229.10,v61988405
2013,0.00,"Kelowna, British Columbia",48.229.10,v61988405
2014,0.00,"Kelowna, British Columbia",48.229.10,v61988405
2015,0.00,"Kelowna, British Columbia",48.229.10,v61988405
2006,..,"Abbotsford-Mission, British Columbia",39.229.10,v61988027
2007,..,"Abbotsford-Mission, British Columbia",39.229.10,v61988027
2008,..,"Abbotsford-Mission, British Columbia",39.229.10,v61988027
2009,..,"Abbotsford-Mission, British Columbia",39.229.10,v61988027
2010,..,"Abbotsford-Mission, British Columbia",39.229.10,v61988027
2011,0.00,"Abbotsford-Mission, British Columbia",39.229.10,v61988027
2012,0.00,"Abbotsford-Mission, British Columbia",39.229.10,v61988027
2013,0.00,"Abbotsford-Mission, British Columbia",39.229.10,v61988027
2014,0.00,"Abbotsford-Mission, British Columbia",39.229.10,v61988027
2015,0.00,"Abbotsford-Mission, British Columbia",39.229.10,v61988027
2006,..,"Vancouver, British Columbia",37.229.10,v61987943
2007,..,"Vancouver, British Columbia",37.229.10,v61987943
2008,..,"Vancouver, British Columbia",37.229.10,v61987943
2009,..,"Vancouver, British Columbia",37.229.10,v61987943
2010,..,"Vancouver, British Columbia",37.229.10,v61987943
2011,0.00,"Vancouver, British Columbia",37.229.10,v61987943
2012,0.00,"Vancouver, British Columbia",37.229.10,v61987943
2013,0.00,"Vancouver, British Columbia",37.229.10,v61987943
2014,0.00,"Vancouver, British Columbia",37.229.10,v61987943
2015,0.05,"Vancouver, British Columbia",37.229.10,v61987943
2006,..,"Victoria, British Columbia",38.229.10,v61987985
2007,..,"Victoria, British Columbia",38.229.10,v61987985
2008,..,"Victoria, British Columbia",38.229.10,v61987985
2009,..,"Victoria, British Columbia",38.229.10,v61987985
2010,..,"Victoria, British Columbia",38.229.10,v61987985
2011,0.00,"Victoria, British Columbia",38.229.10,v61987985
2012,0.00,"Victoria, British Columbia",38.229.10,v61987985
2013,0.00,"Victoria, British Columbia",38.229.10,v61987985
2014,0.00,"Victoria, British Columbia",38.229.10,v61987985
2015,0.00,"Victoria, British Columbia",38.229.10,v61987985
2006,..,"Yukon",40.229.10,v61988069
2007,..,"Yukon",40.229.10,v61988069
2008,..,"Yukon",40.229.10,v61988069
2009,..,"Yukon",40.229.10,v61988069
2010,..,"Yukon",40.229.10,v61988069
2011,0.00,"Yukon",40.229.10,v61988069
2012,0.00,"Yukon",40.229.10,v61988069
2013,0.00,"Yukon",40.229.10,v61988069
2014,0.00,"Yukon",40.229.10,v61988069
2015,0.00,"Yukon",40.229.10,v61988069
2006,..,"Northwest Territories",41.229.10,v61988111
2007,..,"Northwest Territories",41.229.10,v61988111
2008,..,"Northwest Territories",41.229.10,v61988111
2009,..,"Northwest Territories",41.229.10,v61988111
2010,..,"Northwest Territories",41.229.10,v61988111
2011,0.00,"Northwest Territories",41.229.10,v61988111
2012,0.00,"Northwest Territories",41.229.10,v61988111
2013,0.00,"Northwest Territories",41.229.10,v61988111
2014,0.00,"Northwest Territories",41.229.10,v61988111
2015,0.00,"Northwest Territories",41.229.10,v61988111
2006,..,"Nunavut",42.229.10,v61988153
2007,..,"Nunavut",42.229.10,v61988153
2008,..,"Nunavut",42.229.10,v61988153
2009,..,"Nunavut",42.229.10,v61988153
2010,..,"Nunavut",42.229.10,v61988153
2011,0.00,"Nunavut",42.229.10,v61988153
2012,0.00,"Nunavut",42.229.10,v61988153
2013,0.00,"Nunavut",42.229.10,v61988153
2014,0.00,"Nunavut",42.229.10,v61988153
2015,0.00,"Nunavut",42.229.10,v61988153
