2006,..,"Canada",1.229.8,v61986429
2007,..,"Canada",1.229.8,v61986429
2008,..,"Canada",1.229.8,v61986429
2009,..,"Canada",1.229.8,v61986429
2010,..,"Canada",1.229.8,v61986429
2011,0.02,"Canada",1.229.8,v61986429
2012,0.05,"Canada",1.229.8,v61986429
2013,0.07,"Canada",1.229.8,v61986429
2014,0.11,"Canada",1.229.8,v61986429
2015,0.09,"Canada",1.229.8,v61986429
2006,..,"Newfoundland and Labrador",2.229.8,v61986471
2007,..,"Newfoundland and Labrador",2.229.8,v61986471
2008,..,"Newfoundland and Labrador",2.229.8,v61986471
2009,..,"Newfoundland and Labrador",2.229.8,v61986471
2010,..,"Newfoundland and Labrador",2.229.8,v61986471
2011,0.00,"Newfoundland and Labrador",2.229.8,v61986471
2012,0.00,"Newfoundland and Labrador",2.229.8,v61986471
2013,0.00,"Newfoundland and Labrador",2.229.8,v61986471
2014,0.00,"Newfoundland and Labrador",2.229.8,v61986471
2015,0.00,"Newfoundland and Labrador",2.229.8,v61986471
2006,..,"St. John's, Newfoundland and Labrador",3.229.8,v61986513
2007,..,"St. John's, Newfoundland and Labrador",3.229.8,v61986513
2008,..,"St. John's, Newfoundland and Labrador",3.229.8,v61986513
2009,..,"St. John's, Newfoundland and Labrador",3.229.8,v61986513
2010,..,"St. John's, Newfoundland and Labrador",3.229.8,v61986513
2011,0.00,"St. John's, Newfoundland and Labrador",3.229.8,v61986513
2012,0.00,"St. John's, Newfoundland and Labrador",3.229.8,v61986513
2013,0.00,"St. John's, Newfoundland and Labrador",3.229.8,v61986513
2014,0.00,"St. John's, Newfoundland and Labrador",3.229.8,v61986513
2015,0.00,"St. John's, Newfoundland and Labrador",3.229.8,v61986513
2006,..,"Prince Edward Island",4.229.8,v61986555
2007,..,"Prince Edward Island",4.229.8,v61986555
2008,..,"Prince Edward Island",4.229.8,v61986555
2009,..,"Prince Edward Island",4.229.8,v61986555
2010,..,"Prince Edward Island",4.229.8,v61986555
2011,0.00,"Prince Edward Island",4.229.8,v61986555
2012,0.00,"Prince Edward Island",4.229.8,v61986555
2013,0.00,"Prince Edward Island",4.229.8,v61986555
2014,0.00,"Prince Edward Island",4.229.8,v61986555
2015,0.00,"Prince Edward Island",4.229.8,v61986555
2006,..,"Nova Scotia",5.229.8,v61986597
2007,..,"Nova Scotia",5.229.8,v61986597
2008,..,"Nova Scotia",5.229.8,v61986597
2009,..,"Nova Scotia",5.229.8,v61986597
2010,..,"Nova Scotia",5.229.8,v61986597
2011,0.00,"Nova Scotia",5.229.8,v61986597
2012,0.12,"Nova Scotia",5.229.8,v61986597
2013,0.12,"Nova Scotia",5.229.8,v61986597
2014,0.12,"Nova Scotia",5.229.8,v61986597
2015,0.36,"Nova Scotia",5.229.8,v61986597
2006,..,"Halifax, Nova Scotia",6.229.8,v61986639
2007,..,"Halifax, Nova Scotia",6.229.8,v61986639
2008,..,"Halifax, Nova Scotia",6.229.8,v61986639
2009,..,"Halifax, Nova Scotia",6.229.8,v61986639
2010,..,"Halifax, Nova Scotia",6.229.8,v61986639
2011,0.00,"Halifax, Nova Scotia",6.229.8,v61986639
2012,0.00,"Halifax, Nova Scotia",6.229.8,v61986639
2013,0.28,"Halifax, Nova Scotia",6.229.8,v61986639
2014,0.00,"Halifax, Nova Scotia",6.229.8,v61986639
2015,0.54,"Halifax, Nova Scotia",6.229.8,v61986639
2006,..,"New Brunswick",7.229.8,v61986681
2007,..,"New Brunswick",7.229.8,v61986681
2008,..,"New Brunswick",7.229.8,v61986681
2009,..,"New Brunswick",7.229.8,v61986681
2010,..,"New Brunswick",7.229.8,v61986681
2011,0.00,"New Brunswick",7.229.8,v61986681
2012,0.00,"New Brunswick",7.229.8,v61986681
2013,0.00,"New Brunswick",7.229.8,v61986681
2014,0.00,"New Brunswick",7.229.8,v61986681
2015,0.00,"New Brunswick",7.229.8,v61986681
2006,..,"Moncton, New Brunswick",43.229.8,v61988193
2007,..,"Moncton, New Brunswick",43.229.8,v61988193
2008,..,"Moncton, New Brunswick",43.229.8,v61988193
2009,..,"Moncton, New Brunswick",43.229.8,v61988193
2010,..,"Moncton, New Brunswick",43.229.8,v61988193
2011,0.00,"Moncton, New Brunswick",43.229.8,v61988193
2012,0.00,"Moncton, New Brunswick",43.229.8,v61988193
2013,0.00,"Moncton, New Brunswick",43.229.8,v61988193
2014,0.00,"Moncton, New Brunswick",43.229.8,v61988193
2015,0.00,"Moncton, New Brunswick",43.229.8,v61988193
2006,..,"Saint John, New Brunswick",8.229.8,v61986723
2007,..,"Saint John, New Brunswick",8.229.8,v61986723
2008,..,"Saint John, New Brunswick",8.229.8,v61986723
2009,..,"Saint John, New Brunswick",8.229.8,v61986723
2010,..,"Saint John, New Brunswick",8.229.8,v61986723
2011,0.00,"Saint John, New Brunswick",8.229.8,v61986723
2012,0.00,"Saint John, New Brunswick",8.229.8,v61986723
2013,0.00,"Saint John, New Brunswick",8.229.8,v61986723
2014,0.00,"Saint John, New Brunswick",8.229.8,v61986723
2015,0.00,"Saint John, New Brunswick",8.229.8,v61986723
2006,..,"Quebec",9.229.8,v61986765
2007,..,"Quebec",9.229.8,v61986765
2008,..,"Quebec",9.229.8,v61986765
2009,..,"Quebec",9.229.8,v61986765
2010,..,"Quebec",9.229.8,v61986765
2011,0.09,"Quebec",9.229.8,v61986765
2012,0.17,"Quebec",9.229.8,v61986765
2013,0.20,"Quebec",9.229.8,v61986765
2014,0.29,"Quebec",9.229.8,v61986765
2015,0.28,"Quebec",9.229.8,v61986765
2006,..,"Saguenay, Quebec",10.229.8,v61986807
2007,..,"Saguenay, Quebec",10.229.8,v61986807
2008,..,"Saguenay, Quebec",10.229.8,v61986807
2009,..,"Saguenay, Quebec",10.229.8,v61986807
2010,..,"Saguenay, Quebec",10.229.8,v61986807
2011,0.00,"Saguenay, Quebec",10.229.8,v61986807
2012,0.00,"Saguenay, Quebec",10.229.8,v61986807
2013,0.00,"Saguenay, Quebec",10.229.8,v61986807
2014,0.00,"Saguenay, Quebec",10.229.8,v61986807
2015,0.00,"Saguenay, Quebec",10.229.8,v61986807
2006,..,"Sherbrooke, Quebec",12.229.8,v61986891
2007,..,"Sherbrooke, Quebec",12.229.8,v61986891
2008,..,"Sherbrooke, Quebec",12.229.8,v61986891
2009,..,"Sherbrooke, Quebec",12.229.8,v61986891
2010,..,"Sherbrooke, Quebec",12.229.8,v61986891
2011,0.60,"Sherbrooke, Quebec",12.229.8,v61986891
2012,0.00,"Sherbrooke, Quebec",12.229.8,v61986891
2013,0.00,"Sherbrooke, Quebec",12.229.8,v61986891
2014,1.72,"Sherbrooke, Quebec",12.229.8,v61986891
2015,0.00,"Sherbrooke, Quebec",12.229.8,v61986891
2006,..,"Ottawa-Gatineau, Quebec part",15.229.8,v61987017
2007,..,"Ottawa-Gatineau, Quebec part",15.229.8,v61987017
2008,..,"Ottawa-Gatineau, Quebec part",15.229.8,v61987017
2009,..,"Ottawa-Gatineau, Quebec part",15.229.8,v61987017
2010,..,"Ottawa-Gatineau, Quebec part",15.229.8,v61987017
2011,0.00,"Ottawa-Gatineau, Quebec part",15.229.8,v61987017
2012,0.00,"Ottawa-Gatineau, Quebec part",15.229.8,v61987017
2013,0.00,"Ottawa-Gatineau, Quebec part",15.229.8,v61987017
2014,0.00,"Ottawa-Gatineau, Quebec part",15.229.8,v61987017
2015,0.00,"Ottawa-Gatineau, Quebec part",15.229.8,v61987017
2006,..,"Ontario",16.229.8,v61987059
2007,..,"Ontario",16.229.8,v61987059
2008,..,"Ontario",16.229.8,v61987059
2009,..,"Ontario",16.229.8,v61987059
2010,..,"Ontario",16.229.8,v61987059
2011,0.00,"Ontario",16.229.8,v61987059
2012,0.00,"Ontario",16.229.8,v61987059
2013,0.03,"Ontario",16.229.8,v61987059
2014,0.06,"Ontario",16.229.8,v61987059
2015,0.02,"Ontario",16.229.8,v61987059
2006,..,"Ottawa-Gatineau, Ontario/Quebec",17.229.8,v61987101
2007,..,"Ottawa-Gatineau, Ontario/Quebec",17.229.8,v61987101
2008,..,"Ottawa-Gatineau, Ontario/Quebec",17.229.8,v61987101
2009,..,"Ottawa-Gatineau, Ontario/Quebec",17.229.8,v61987101
2010,..,"Ottawa-Gatineau, Ontario/Quebec",17.229.8,v61987101
2011,0.00,"Ottawa-Gatineau, Ontario/Quebec",17.229.8,v61987101
2012,0.00,"Ottawa-Gatineau, Ontario/Quebec",17.229.8,v61987101
2013,0.00,"Ottawa-Gatineau, Ontario/Quebec",17.229.8,v61987101
2014,0.00,"Ottawa-Gatineau, Ontario/Quebec",17.229.8,v61987101
2015,0.00,"Ottawa-Gatineau, Ontario/Quebec",17.229.8,v61987101
2006,..,"Ottawa-Gatineau, Ontario part",18.229.8,v61987143
2007,..,"Ottawa-Gatineau, Ontario part",18.229.8,v61987143
2008,..,"Ottawa-Gatineau, Ontario part",18.229.8,v61987143
2009,..,"Ottawa-Gatineau, Ontario part",18.229.8,v61987143
2010,..,"Ottawa-Gatineau, Ontario part",18.229.8,v61987143
2011,0.00,"Ottawa-Gatineau, Ontario part",18.229.8,v61987143
2012,0.00,"Ottawa-Gatineau, Ontario part",18.229.8,v61987143
2013,0.00,"Ottawa-Gatineau, Ontario part",18.229.8,v61987143
2014,0.00,"Ottawa-Gatineau, Ontario part",18.229.8,v61987143
2015,0.00,"Ottawa-Gatineau, Ontario part",18.229.8,v61987143
2006,..,"Kingston, Ontario",27.229.8,v61987521
2007,..,"Kingston, Ontario",27.229.8,v61987521
2008,..,"Kingston, Ontario",27.229.8,v61987521
2009,..,"Kingston, Ontario",27.229.8,v61987521
2010,..,"Kingston, Ontario",27.229.8,v61987521
2011,0.00,"Kingston, Ontario",27.229.8,v61987521
2012,0.00,"Kingston, Ontario",27.229.8,v61987521
2013,0.00,"Kingston, Ontario",27.229.8,v61987521
2014,0.00,"Kingston, Ontario",27.229.8,v61987521
2015,0.00,"Kingston, Ontario",27.229.8,v61987521
2006,..,"Peterborough, Ontario",44.229.8,v61988235
2007,..,"Peterborough, Ontario",44.229.8,v61988235
2008,..,"Peterborough, Ontario",44.229.8,v61988235
2009,..,"Peterborough, Ontario",44.229.8,v61988235
2010,..,"Peterborough, Ontario",44.229.8,v61988235
2011,0.00,"Peterborough, Ontario",44.229.8,v61988235
2012,0.00,"Peterborough, Ontario",44.229.8,v61988235
2013,0.00,"Peterborough, Ontario",44.229.8,v61988235
2014,0.00,"Peterborough, Ontario",44.229.8,v61988235
2015,0.00,"Peterborough, Ontario",44.229.8,v61988235
2006,..,"Toronto, Ontario",19.229.8,v61987185
2007,..,"Toronto, Ontario",19.229.8,v61987185
2008,..,"Toronto, Ontario",19.229.8,v61987185
2009,..,"Toronto, Ontario",19.229.8,v61987185
2010,..,"Toronto, Ontario",19.229.8,v61987185
2011,0.00,"Toronto, Ontario",19.229.8,v61987185
2012,0.00,"Toronto, Ontario",19.229.8,v61987185
2013,0.02,"Toronto, Ontario",19.229.8,v61987185
2014,0.06,"Toronto, Ontario",19.229.8,v61987185
2015,0.00,"Toronto, Ontario",19.229.8,v61987185
2006,..,"Hamilton, Ontario",20.229.8,v61987227
2007,..,"Hamilton, Ontario",20.229.8,v61987227
2008,..,"Hamilton, Ontario",20.229.8,v61987227
2009,..,"Hamilton, Ontario",20.229.8,v61987227
2010,..,"Hamilton, Ontario",20.229.8,v61987227
2011,0.00,"Hamilton, Ontario",20.229.8,v61987227
2012,0.00,"Hamilton, Ontario",20.229.8,v61987227
2013,0.00,"Hamilton, Ontario",20.229.8,v61987227
2014,0.00,"Hamilton, Ontario",20.229.8,v61987227
2015,0.00,"Hamilton, Ontario",20.229.8,v61987227
2006,..,"St.Catharines-Niagara, Ontario",21.229.8,v61987269
2007,..,"St.Catharines-Niagara, Ontario",21.229.8,v61987269
2008,..,"St.Catharines-Niagara, Ontario",21.229.8,v61987269
2009,..,"St.Catharines-Niagara, Ontario",21.229.8,v61987269
2010,..,"St.Catharines-Niagara, Ontario",21.229.8,v61987269
2011,0.00,"St.Catharines-Niagara, Ontario",21.229.8,v61987269
2012,0.00,"St.Catharines-Niagara, Ontario",21.229.8,v61987269
2013,0.25,"St.Catharines-Niagara, Ontario",21.229.8,v61987269
2014,0.00,"St.Catharines-Niagara, Ontario",21.229.8,v61987269
2015,0.00,"St.Catharines-Niagara, Ontario",21.229.8,v61987269
2006,..,"Kitchener-Cambridge-Waterloo, Ontario",22.229.8,v61987311
2007,..,"Kitchener-Cambridge-Waterloo, Ontario",22.229.8,v61987311
2008,..,"Kitchener-Cambridge-Waterloo, Ontario",22.229.8,v61987311
2009,..,"Kitchener-Cambridge-Waterloo, Ontario",22.229.8,v61987311
2010,..,"Kitchener-Cambridge-Waterloo, Ontario",22.229.8,v61987311
2011,0.00,"Kitchener-Cambridge-Waterloo, Ontario",22.229.8,v61987311
2012,0.00,"Kitchener-Cambridge-Waterloo, Ontario",22.229.8,v61987311
2013,0.00,"Kitchener-Cambridge-Waterloo, Ontario",22.229.8,v61987311
2014,0.43,"Kitchener-Cambridge-Waterloo, Ontario",22.229.8,v61987311
2015,0.21,"Kitchener-Cambridge-Waterloo, Ontario",22.229.8,v61987311
2006,..,"Brantford, Ontario",45.229.8,v61988277
2007,..,"Brantford, Ontario",45.229.8,v61988277
2008,..,"Brantford, Ontario",45.229.8,v61988277
2009,..,"Brantford, Ontario",45.229.8,v61988277
2010,..,"Brantford, Ontario",45.229.8,v61988277
2011,0.00,"Brantford, Ontario",45.229.8,v61988277
2012,0.00,"Brantford, Ontario",45.229.8,v61988277
2013,0.00,"Brantford, Ontario",45.229.8,v61988277
2014,0.00,"Brantford, Ontario",45.229.8,v61988277
2015,0.00,"Brantford, Ontario",45.229.8,v61988277
2006,..,"Guelph, Ontario",46.229.8,v61988319
2007,..,"Guelph, Ontario",46.229.8,v61988319
2008,..,"Guelph, Ontario",46.229.8,v61988319
2009,..,"Guelph, Ontario",46.229.8,v61988319
2010,..,"Guelph, Ontario",46.229.8,v61988319
2011,0.00,"Guelph, Ontario",46.229.8,v61988319
2012,0.00,"Guelph, Ontario",46.229.8,v61988319
2013,0.00,"Guelph, Ontario",46.229.8,v61988319
2014,0.00,"Guelph, Ontario",46.229.8,v61988319
2015,0.00,"Guelph, Ontario",46.229.8,v61988319
2006,..,"London, Ontario",23.229.8,v61987353
2007,..,"London, Ontario",23.229.8,v61987353
2008,..,"London, Ontario",23.229.8,v61987353
2009,..,"London, Ontario",23.229.8,v61987353
2010,..,"London, Ontario",23.229.8,v61987353
2011,0.00,"London, Ontario",23.229.8,v61987353
2012,0.00,"London, Ontario",23.229.8,v61987353
2013,0.00,"London, Ontario",23.229.8,v61987353
2014,0.00,"London, Ontario",23.229.8,v61987353
2015,0.00,"London, Ontario",23.229.8,v61987353
2006,..,"Windsor, Ontario",24.229.8,v61987395
2007,..,"Windsor, Ontario",24.229.8,v61987395
2008,..,"Windsor, Ontario",24.229.8,v61987395
2009,..,"Windsor, Ontario",24.229.8,v61987395
2010,..,"Windsor, Ontario",24.229.8,v61987395
2011,0.00,"Windsor, Ontario",24.229.8,v61987395
2012,0.00,"Windsor, Ontario",24.229.8,v61987395
2013,0.00,"Windsor, Ontario",24.229.8,v61987395
2014,0.00,"Windsor, Ontario",24.229.8,v61987395
2015,0.00,"Windsor, Ontario",24.229.8,v61987395
2006,..,"Barrie, Ontario",47.229.8,v61988361
2007,..,"Barrie, Ontario",47.229.8,v61988361
2008,..,"Barrie, Ontario",47.229.8,v61988361
2009,..,"Barrie, Ontario",47.229.8,v61988361
2010,..,"Barrie, Ontario",47.229.8,v61988361
2011,0.00,"Barrie, Ontario",47.229.8,v61988361
2012,0.00,"Barrie, Ontario",47.229.8,v61988361
2013,0.00,"Barrie, Ontario",47.229.8,v61988361
2014,0.00,"Barrie, Ontario",47.229.8,v61988361
2015,0.00,"Barrie, Ontario",47.229.8,v61988361
2006,..,"Sudbury, Ontario",25.229.8,v61987437
2007,..,"Sudbury, Ontario",25.229.8,v61987437
2008,..,"Sudbury, Ontario",25.229.8,v61987437
2009,..,"Sudbury, Ontario",25.229.8,v61987437
2010,..,"Sudbury, Ontario",25.229.8,v61987437
2011,0.00,"Sudbury, Ontario",25.229.8,v61987437
2012,0.00,"Sudbury, Ontario",25.229.8,v61987437
2013,0.00,"Sudbury, Ontario",25.229.8,v61987437
2014,0.00,"Sudbury, Ontario",25.229.8,v61987437
2015,0.00,"Sudbury, Ontario",25.229.8,v61987437
2006,..,"Thunder Bay, Ontario",26.229.8,v61987479
2007,..,"Thunder Bay, Ontario",26.229.8,v61987479
2008,..,"Thunder Bay, Ontario",26.229.8,v61987479
2009,..,"Thunder Bay, Ontario",26.229.8,v61987479
2010,..,"Thunder Bay, Ontario",26.229.8,v61987479
2011,0.00,"Thunder Bay, Ontario",26.229.8,v61987479
2012,0.00,"Thunder Bay, Ontario",26.229.8,v61987479
2013,0.00,"Thunder Bay, Ontario",26.229.8,v61987479
2014,0.00,"Thunder Bay, Ontario",26.229.8,v61987479
2015,0.00,"Thunder Bay, Ontario",26.229.8,v61987479
2006,..,"Manitoba",28.229.8,v61987563
2007,..,"Manitoba",28.229.8,v61987563
2008,..,"Manitoba",28.229.8,v61987563
2009,..,"Manitoba",28.229.8,v61987563
2010,..,"Manitoba",28.229.8,v61987563
2011,0.00,"Manitoba",28.229.8,v61987563
2012,0.09,"Manitoba",28.229.8,v61987563
2013,0.00,"Manitoba",28.229.8,v61987563
2014,0.00,"Manitoba",28.229.8,v61987563
2015,0.00,"Manitoba",28.229.8,v61987563
2006,..,"Winnipeg, Manitoba",29.229.8,v61987605
2007,..,"Winnipeg, Manitoba",29.229.8,v61987605
2008,..,"Winnipeg, Manitoba",29.229.8,v61987605
2009,..,"Winnipeg, Manitoba",29.229.8,v61987605
2010,..,"Winnipeg, Manitoba",29.229.8,v61987605
2011,0.00,"Winnipeg, Manitoba",29.229.8,v61987605
2012,0.00,"Winnipeg, Manitoba",29.229.8,v61987605
2013,0.00,"Winnipeg, Manitoba",29.229.8,v61987605
2014,0.00,"Winnipeg, Manitoba",29.229.8,v61987605
2015,0.00,"Winnipeg, Manitoba",29.229.8,v61987605
2006,..,"Saskatchewan",30.229.8,v61987647
2007,..,"Saskatchewan",30.229.8,v61987647
2008,..,"Saskatchewan",30.229.8,v61987647
2009,..,"Saskatchewan",30.229.8,v61987647
2010,..,"Saskatchewan",30.229.8,v61987647
2011,0.00,"Saskatchewan",30.229.8,v61987647
2012,0.00,"Saskatchewan",30.229.8,v61987647
2013,0.21,"Saskatchewan",30.229.8,v61987647
2014,0.00,"Saskatchewan",30.229.8,v61987647
2015,0.00,"Saskatchewan",30.229.8,v61987647
2006,..,"Regina, Saskatchewan",31.229.8,v61987689
2007,..,"Regina, Saskatchewan",31.229.8,v61987689
2008,..,"Regina, Saskatchewan",31.229.8,v61987689
2009,..,"Regina, Saskatchewan",31.229.8,v61987689
2010,..,"Regina, Saskatchewan",31.229.8,v61987689
2011,0.00,"Regina, Saskatchewan",31.229.8,v61987689
2012,0.00,"Regina, Saskatchewan",31.229.8,v61987689
2013,0.00,"Regina, Saskatchewan",31.229.8,v61987689
2014,0.00,"Regina, Saskatchewan",31.229.8,v61987689
2015,0.00,"Regina, Saskatchewan",31.229.8,v61987689
2006,..,"Saskatoon, Saskatchewan",32.229.8,v61987731
2007,..,"Saskatoon, Saskatchewan",32.229.8,v61987731
2008,..,"Saskatoon, Saskatchewan",32.229.8,v61987731
2009,..,"Saskatoon, Saskatchewan",32.229.8,v61987731
2010,..,"Saskatoon, Saskatchewan",32.229.8,v61987731
2011,0.00,"Saskatoon, Saskatchewan",32.229.8,v61987731
2012,0.00,"Saskatoon, Saskatchewan",32.229.8,v61987731
2013,0.00,"Saskatoon, Saskatchewan",32.229.8,v61987731
2014,0.00,"Saskatoon, Saskatchewan",32.229.8,v61987731
2015,0.00,"Saskatoon, Saskatchewan",32.229.8,v61987731
2006,..,"Alberta",33.229.8,v61987773
2007,..,"Alberta",33.229.8,v61987773
2008,..,"Alberta",33.229.8,v61987773
2009,..,"Alberta",33.229.8,v61987773
2010,..,"Alberta",33.229.8,v61987773
2011,0.00,"Alberta",33.229.8,v61987773
2012,0.03,"Alberta",33.229.8,v61987773
2013,0.00,"Alberta",33.229.8,v61987773
2014,0.14,"Alberta",33.229.8,v61987773
2015,0.08,"Alberta",33.229.8,v61987773
2006,..,"Calgary, Alberta",34.229.8,v61987815
2007,..,"Calgary, Alberta",34.229.8,v61987815
2008,..,"Calgary, Alberta",34.229.8,v61987815
2009,..,"Calgary, Alberta",34.229.8,v61987815
2010,..,"Calgary, Alberta",34.229.8,v61987815
2011,0.00,"Calgary, Alberta",34.229.8,v61987815
2012,0.09,"Calgary, Alberta",34.229.8,v61987815
2013,0.00,"Calgary, Alberta",34.229.8,v61987815
2014,0.08,"Calgary, Alberta",34.229.8,v61987815
2015,0.00,"Calgary, Alberta",34.229.8,v61987815
2006,..,"Edmonton, Alberta",35.229.8,v61987857
2007,..,"Edmonton, Alberta",35.229.8,v61987857
2008,..,"Edmonton, Alberta",35.229.8,v61987857
2009,..,"Edmonton, Alberta",35.229.8,v61987857
2010,..,"Edmonton, Alberta",35.229.8,v61987857
2011,0.00,"Edmonton, Alberta",35.229.8,v61987857
2012,0.00,"Edmonton, Alberta",35.229.8,v61987857
2013,0.00,"Edmonton, Alberta",35.229.8,v61987857
2014,0.17,"Edmonton, Alberta",35.229.8,v61987857
2015,0.09,"Edmonton, Alberta",35.229.8,v61987857
2006,..,"British Columbia",36.229.8,v61987899
2007,..,"British Columbia",36.229.8,v61987899
2008,..,"British Columbia",36.229.8,v61987899
2009,..,"British Columbia",36.229.8,v61987899
2010,..,"British Columbia",36.229.8,v61987899
2011,0.03,"British Columbia",36.229.8,v61987899
2012,0.02,"British Columbia",36.229.8,v61987899
2013,0.00,"British Columbia",36.229.8,v61987899
2014,0.00,"British Columbia",36.229.8,v61987899
2015,0.02,"British Columbia",36.229.8,v61987899
2006,..,"Kelowna, British Columbia",48.229.8,v61988403
2007,..,"Kelowna, British Columbia",48.229.8,v61988403
2008,..,"Kelowna, British Columbia",48.229.8,v61988403
2009,..,"Kelowna, British Columbia",48.229.8,v61988403
2010,..,"Kelowna, British Columbia",48.229.8,v61988403
2011,0.00,"Kelowna, British Columbia",48.229.8,v61988403
2012,0.00,"Kelowna, British Columbia",48.229.8,v61988403
2013,0.00,"Kelowna, British Columbia",48.229.8,v61988403
2014,0.00,"Kelowna, British Columbia",48.229.8,v61988403
2015,0.00,"Kelowna, British Columbia",48.229.8,v61988403
2006,..,"Abbotsford-Mission, British Columbia",39.229.8,v61988025
2007,..,"Abbotsford-Mission, British Columbia",39.229.8,v61988025
2008,..,"Abbotsford-Mission, British Columbia",39.229.8,v61988025
2009,..,"Abbotsford-Mission, British Columbia",39.229.8,v61988025
2010,..,"Abbotsford-Mission, British Columbia",39.229.8,v61988025
2011,0.00,"Abbotsford-Mission, British Columbia",39.229.8,v61988025
2012,0.00,"Abbotsford-Mission, British Columbia",39.229.8,v61988025
2013,0.00,"Abbotsford-Mission, British Columbia",39.229.8,v61988025
2014,0.00,"Abbotsford-Mission, British Columbia",39.229.8,v61988025
2015,0.00,"Abbotsford-Mission, British Columbia",39.229.8,v61988025
2006,..,"Vancouver, British Columbia",37.229.8,v61987941
2007,..,"Vancouver, British Columbia",37.229.8,v61987941
2008,..,"Vancouver, British Columbia",37.229.8,v61987941
2009,..,"Vancouver, British Columbia",37.229.8,v61987941
2010,..,"Vancouver, British Columbia",37.229.8,v61987941
2011,0.00,"Vancouver, British Columbia",37.229.8,v61987941
2012,0.00,"Vancouver, British Columbia",37.229.8,v61987941
2013,0.00,"Vancouver, British Columbia",37.229.8,v61987941
2014,0.00,"Vancouver, British Columbia",37.229.8,v61987941
2015,0.05,"Vancouver, British Columbia",37.229.8,v61987941
2006,..,"Victoria, British Columbia",38.229.8,v61987983
2007,..,"Victoria, British Columbia",38.229.8,v61987983
2008,..,"Victoria, British Columbia",38.229.8,v61987983
2009,..,"Victoria, British Columbia",38.229.8,v61987983
2010,..,"Victoria, British Columbia",38.229.8,v61987983
2011,0.00,"Victoria, British Columbia",38.229.8,v61987983
2012,0.00,"Victoria, British Columbia",38.229.8,v61987983
2013,0.00,"Victoria, British Columbia",38.229.8,v61987983
2014,0.00,"Victoria, British Columbia",38.229.8,v61987983
2015,0.00,"Victoria, British Columbia",38.229.8,v61987983
2006,..,"Yukon",40.229.8,v61988067
2007,..,"Yukon",40.229.8,v61988067
2008,..,"Yukon",40.229.8,v61988067
2009,..,"Yukon",40.229.8,v61988067
2010,..,"Yukon",40.229.8,v61988067
2011,0.00,"Yukon",40.229.8,v61988067
2012,0.00,"Yukon",40.229.8,v61988067
2013,0.00,"Yukon",40.229.8,v61988067
2014,0.00,"Yukon",40.229.8,v61988067
2015,0.00,"Yukon",40.229.8,v61988067
2006,..,"Northwest Territories",41.229.8,v61988109
2007,..,"Northwest Territories",41.229.8,v61988109
2008,..,"Northwest Territories",41.229.8,v61988109
2009,..,"Northwest Territories",41.229.8,v61988109
2010,..,"Northwest Territories",41.229.8,v61988109
2011,0.00,"Northwest Territories",41.229.8,v61988109
2012,0.00,"Northwest Territories",41.229.8,v61988109
2013,0.00,"Northwest Territories",41.229.8,v61988109
2014,0.00,"Northwest Territories",41.229.8,v61988109
2015,0.00,"Northwest Territories",41.229.8,v61988109
2006,..,"Nunavut",42.229.8,v61988151
2007,..,"Nunavut",42.229.8,v61988151
2008,..,"Nunavut",42.229.8,v61988151
2009,..,"Nunavut",42.229.8,v61988151
2010,..,"Nunavut",42.229.8,v61988151
2011,0.00,"Nunavut",42.229.8,v61988151
2012,0.00,"Nunavut",42.229.8,v61988151
2013,0.00,"Nunavut",42.229.8,v61988151
2014,0.00,"Nunavut",42.229.8,v61988151
2015,0.00,"Nunavut",42.229.8,v61988151
