1998,8146.00,"Canada",1.86.5,v44342562
1999,6921.00,"Canada",1.86.5,v44342562
2000,7092.00,"Canada",1.86.5,v44342562
2001,6832.00,"Canada",1.86.5,v44342562
2002,6831.00,"Canada",1.86.5,v44342562
2003,7174.00,"Canada",1.86.5,v44342562
2004,7390.00,"Canada",1.86.5,v44342562
2005,7890.00,"Canada",1.86.5,v44342562
2006,8199.00,"Canada",1.86.5,v44342562
2007,8097.00,"Canada",1.86.5,v44342562
2008,7624.00,"Canada",1.86.5,v44342562
2009,7274.00,"Canada",1.86.5,v44342562
2010,7346.00,"Canada",1.86.5,v44342562
2011,7094.00,"Canada",1.86.5,v44342562
2012,7173.00,"Canada",1.86.5,v44342562
2013,7277.00,"Canada",1.86.5,v44342562
2014,7421.00,"Canada",1.86.5,v44342562
2015,8092.00,"Canada",1.86.5,v44342562
1998,37.00,"Newfoundland and Labrador",2.86.5,v44350192
1999,48.00,"Newfoundland and Labrador",2.86.5,v44350192
2000,66.00,"Newfoundland and Labrador",2.86.5,v44350192
2001,70.00,"Newfoundland and Labrador",2.86.5,v44350192
2002,62.00,"Newfoundland and Labrador",2.86.5,v44350192
2003,51.00,"Newfoundland and Labrador",2.86.5,v44350192
2004,48.00,"Newfoundland and Labrador",2.86.5,v44350192
2005,59.00,"Newfoundland and Labrador",2.86.5,v44350192
2006,44.00,"Newfoundland and Labrador",2.86.5,v44350192
2007,53.00,"Newfoundland and Labrador",2.86.5,v44350192
2008,55.00,"Newfoundland and Labrador",2.86.5,v44350192
2009,66.00,"Newfoundland and Labrador",2.86.5,v44350192
2010,77.00,"Newfoundland and Labrador",2.86.5,v44350192
2011,60.00,"Newfoundland and Labrador",2.86.5,v44350192
2012,58.00,"Newfoundland and Labrador",2.86.5,v44350192
2013,77.00,"Newfoundland and Labrador",2.86.5,v44350192
2014,60.00,"Newfoundland and Labrador",2.86.5,v44350192
2015,42.00,"Newfoundland and Labrador",2.86.5,v44350192
1998,11.00,"St. John's, Newfoundland and Labrador",3.86.5,v44328914
1999,13.00,"St. John's, Newfoundland and Labrador",3.86.5,v44328914
2000,6.00,"St. John's, Newfoundland and Labrador",3.86.5,v44328914
2001,19.00,"St. John's, Newfoundland and Labrador",3.86.5,v44328914
2002,11.00,"St. John's, Newfoundland and Labrador",3.86.5,v44328914
2003,14.00,"St. John's, Newfoundland and Labrador",3.86.5,v44328914
2004,15.00,"St. John's, Newfoundland and Labrador",3.86.5,v44328914
2005,20.00,"St. John's, Newfoundland and Labrador",3.86.5,v44328914
2006,21.00,"St. John's, Newfoundland and Labrador",3.86.5,v44328914
2007,27.00,"St. John's, Newfoundland and Labrador",3.86.5,v44328914
2008,21.00,"St. John's, Newfoundland and Labrador",3.86.5,v44328914
2009,22.00,"St. John's, Newfoundland and Labrador",3.86.5,v44328914
2010,41.00,"St. John's, Newfoundland and Labrador",3.86.5,v44328914
2011,18.00,"St. John's, Newfoundland and Labrador",3.86.5,v44328914
2012,32.00,"St. John's, Newfoundland and Labrador",3.86.5,v44328914
2013,31.00,"St. John's, Newfoundland and Labrador",3.86.5,v44328914
2014,32.00,"St. John's, Newfoundland and Labrador",3.86.5,v44328914
2015,15.00,"St. John's, Newfoundland and Labrador",3.86.5,v44328914
1998,16.00,"Prince Edward Island",4.86.5,v44370756
1999,16.00,"Prince Edward Island",4.86.5,v44370756
2000,26.00,"Prince Edward Island",4.86.5,v44370756
2001,14.00,"Prince Edward Island",4.86.5,v44370756
2002,15.00,"Prince Edward Island",4.86.5,v44370756
2003,24.00,"Prince Edward Island",4.86.5,v44370756
2004,19.00,"Prince Edward Island",4.86.5,v44370756
2005,19.00,"Prince Edward Island",4.86.5,v44370756
2006,22.00,"Prince Edward Island",4.86.5,v44370756
2007,10.00,"Prince Edward Island",4.86.5,v44370756
2008,9.00,"Prince Edward Island",4.86.5,v44370756
2009,14.00,"Prince Edward Island",4.86.5,v44370756
2010,8.00,"Prince Edward Island",4.86.5,v44370756
2011,13.00,"Prince Edward Island",4.86.5,v44370756
2012,16.00,"Prince Edward Island",4.86.5,v44370756
2013,14.00,"Prince Edward Island",4.86.5,v44370756
2014,7.00,"Prince Edward Island",4.86.5,v44370756
2015,8.00,"Prince Edward Island",4.86.5,v44370756
1998,246.00,"Nova Scotia",5.86.5,v44365620
1999,206.00,"Nova Scotia",5.86.5,v44365620
2000,202.00,"Nova Scotia",5.86.5,v44365620
2001,198.00,"Nova Scotia",5.86.5,v44365620
2002,194.00,"Nova Scotia",5.86.5,v44365620
2003,227.00,"Nova Scotia",5.86.5,v44365620
2004,207.00,"Nova Scotia",5.86.5,v44365620
2005,184.00,"Nova Scotia",5.86.5,v44365620
2006,208.00,"Nova Scotia",5.86.5,v44365620
2007,269.00,"Nova Scotia",5.86.5,v44365620
2008,269.00,"Nova Scotia",5.86.5,v44365620
2009,224.00,"Nova Scotia",5.86.5,v44365620
2010,263.00,"Nova Scotia",5.86.5,v44365620
2011,283.00,"Nova Scotia",5.86.5,v44365620
2012,247.00,"Nova Scotia",5.86.5,v44365620
2013,218.00,"Nova Scotia",5.86.5,v44365620
2014,226.00,"Nova Scotia",5.86.5,v44365620
2015,198.00,"Nova Scotia",5.86.5,v44365620
1998,69.00,"Halifax, Nova Scotia",6.86.5,v44331814
1999,59.00,"Halifax, Nova Scotia",6.86.5,v44331814
2000,49.00,"Halifax, Nova Scotia",6.86.5,v44331814
2001,76.00,"Halifax, Nova Scotia",6.86.5,v44331814
2002,68.00,"Halifax, Nova Scotia",6.86.5,v44331814
2003,63.00,"Halifax, Nova Scotia",6.86.5,v44331814
2004,68.00,"Halifax, Nova Scotia",6.86.5,v44331814
2005,92.00,"Halifax, Nova Scotia",6.86.5,v44331814
2006,100.00,"Halifax, Nova Scotia",6.86.5,v44331814
2007,140.00,"Halifax, Nova Scotia",6.86.5,v44331814
2008,159.00,"Halifax, Nova Scotia",6.86.5,v44331814
2009,128.00,"Halifax, Nova Scotia",6.86.5,v44331814
2010,146.00,"Halifax, Nova Scotia",6.86.5,v44331814
2011,171.00,"Halifax, Nova Scotia",6.86.5,v44331814
2012,130.00,"Halifax, Nova Scotia",6.86.5,v44331814
2013,138.00,"Halifax, Nova Scotia",6.86.5,v44331814
2014,117.00,"Halifax, Nova Scotia",6.86.5,v44331814
2015,104.00,"Halifax, Nova Scotia",6.86.5,v44331814
1998,115.00,"New Brunswick",7.86.5,v44416720
1999,128.00,"New Brunswick",7.86.5,v44416720
2000,184.00,"New Brunswick",7.86.5,v44416720
2001,175.00,"New Brunswick",7.86.5,v44416720
2002,152.00,"New Brunswick",7.86.5,v44416720
2003,166.00,"New Brunswick",7.86.5,v44416720
2004,142.00,"New Brunswick",7.86.5,v44416720
2005,99.00,"New Brunswick",7.86.5,v44416720
2006,123.00,"New Brunswick",7.86.5,v44416720
2007,142.00,"New Brunswick",7.86.5,v44416720
2008,135.00,"New Brunswick",7.86.5,v44416720
2009,123.00,"New Brunswick",7.86.5,v44416720
2010,123.00,"New Brunswick",7.86.5,v44416720
2011,95.00,"New Brunswick",7.86.5,v44416720
2012,103.00,"New Brunswick",7.86.5,v44416720
2013,104.00,"New Brunswick",7.86.5,v44416720
2014,96.00,"New Brunswick",7.86.5,v44416720
2015,104.00,"New Brunswick",7.86.5,v44416720
2005,..,"Moncton, New Brunswick",43.86.5,v52123838
2006,20.00,"Moncton, New Brunswick",43.86.5,v52123838
2007,23.00,"Moncton, New Brunswick",43.86.5,v52123838
2008,31.00,"Moncton, New Brunswick",43.86.5,v52123838
2009,16.00,"Moncton, New Brunswick",43.86.5,v52123838
2010,14.00,"Moncton, New Brunswick",43.86.5,v52123838
2011,20.00,"Moncton, New Brunswick",43.86.5,v52123838
2012,20.00,"Moncton, New Brunswick",43.86.5,v52123838
2013,13.00,"Moncton, New Brunswick",43.86.5,v52123838
2014,19.00,"Moncton, New Brunswick",43.86.5,v52123838
2015,22.00,"Moncton, New Brunswick",43.86.5,v52123838
1998,11.00,"Saint John, New Brunswick",8.86.5,v44400164
1999,15.00,"Saint John, New Brunswick",8.86.5,v44400164
2000,22.00,"Saint John, New Brunswick",8.86.5,v44400164
2001,26.00,"Saint John, New Brunswick",8.86.5,v44400164
2002,20.00,"Saint John, New Brunswick",8.86.5,v44400164
2003,25.00,"Saint John, New Brunswick",8.86.5,v44400164
2004,28.00,"Saint John, New Brunswick",8.86.5,v44400164
2005,18.00,"Saint John, New Brunswick",8.86.5,v44400164
2006,31.00,"Saint John, New Brunswick",8.86.5,v44400164
2007,34.00,"Saint John, New Brunswick",8.86.5,v44400164
2008,31.00,"Saint John, New Brunswick",8.86.5,v44400164
2009,28.00,"Saint John, New Brunswick",8.86.5,v44400164
2010,32.00,"Saint John, New Brunswick",8.86.5,v44400164
2011,22.00,"Saint John, New Brunswick",8.86.5,v44400164
2012,38.00,"Saint John, New Brunswick",8.86.5,v44400164
2013,33.00,"Saint John, New Brunswick",8.86.5,v44400164
2014,24.00,"Saint John, New Brunswick",8.86.5,v44400164
2015,21.00,"Saint John, New Brunswick",8.86.5,v44400164
1998,615.00,"Quebec",9.86.5,v44391358
1999,591.00,"Quebec",9.86.5,v44391358
2000,632.00,"Quebec",9.86.5,v44391358
2001,665.00,"Quebec",9.86.5,v44391358
2002,677.00,"Quebec",9.86.5,v44391358
2003,734.00,"Quebec",9.86.5,v44391358
2004,667.00,"Quebec",9.86.5,v44391358
2005,742.00,"Quebec",9.86.5,v44391358
2006,825.00,"Quebec",9.86.5,v44391358
2007,822.00,"Quebec",9.86.5,v44391358
2008,925.00,"Quebec",9.86.5,v44391358
2009,874.00,"Quebec",9.86.5,v44391358
2010,915.00,"Quebec",9.86.5,v44391358
2011,1020.00,"Quebec",9.86.5,v44391358
2012,1141.00,"Quebec",9.86.5,v44391358
2013,1110.00,"Quebec",9.86.5,v44391358
2014,1017.00,"Quebec",9.86.5,v44391358
2015,1005.00,"Quebec",9.86.5,v44391358
1998,6.00,"Saguenay, Quebec",10.86.5,v44388583
1999,10.00,"Saguenay, Quebec",10.86.5,v44388583
2000,15.00,"Saguenay, Quebec",10.86.5,v44388583
2001,11.00,"Saguenay, Quebec",10.86.5,v44388583
2002,9.00,"Saguenay, Quebec",10.86.5,v44388583
2003,7.00,"Saguenay, Quebec",10.86.5,v44388583
2004,10.00,"Saguenay, Quebec",10.86.5,v44388583
2005,2.00,"Saguenay, Quebec",10.86.5,v44388583
2006,6.00,"Saguenay, Quebec",10.86.5,v44388583
2007,8.00,"Saguenay, Quebec",10.86.5,v44388583
2008,7.00,"Saguenay, Quebec",10.86.5,v44388583
2009,14.00,"Saguenay, Quebec",10.86.5,v44388583
2010,15.00,"Saguenay, Quebec",10.86.5,v44388583
2011,15.00,"Saguenay, Quebec",10.86.5,v44388583
2012,20.00,"Saguenay, Quebec",10.86.5,v44388583
2013,19.00,"Saguenay, Quebec",10.86.5,v44388583
2014,22.00,"Saguenay, Quebec",10.86.5,v44388583
2015,19.00,"Saguenay, Quebec",10.86.5,v44388583
1998,22.00,"Sherbrooke, Quebec",12.86.5,v44373853
1999,9.00,"Sherbrooke, Quebec",12.86.5,v44373853
2000,16.00,"Sherbrooke, Quebec",12.86.5,v44373853
2001,10.00,"Sherbrooke, Quebec",12.86.5,v44373853
2002,18.00,"Sherbrooke, Quebec",12.86.5,v44373853
2003,13.00,"Sherbrooke, Quebec",12.86.5,v44373853
2004,21.00,"Sherbrooke, Quebec",12.86.5,v44373853
2005,14.00,"Sherbrooke, Quebec",12.86.5,v44373853
2006,13.00,"Sherbrooke, Quebec",12.86.5,v44373853
2007,7.00,"Sherbrooke, Quebec",12.86.5,v44373853
2008,17.00,"Sherbrooke, Quebec",12.86.5,v44373853
2009,20.00,"Sherbrooke, Quebec",12.86.5,v44373853
2010,27.00,"Sherbrooke, Quebec",12.86.5,v44373853
2011,20.00,"Sherbrooke, Quebec",12.86.5,v44373853
2012,19.00,"Sherbrooke, Quebec",12.86.5,v44373853
2013,15.00,"Sherbrooke, Quebec",12.86.5,v44373853
2014,27.00,"Sherbrooke, Quebec",12.86.5,v44373853
2015,25.00,"Sherbrooke, Quebec",12.86.5,v44373853
1998,28.00,"Ottawa-Gatineau, Quebec part",15.86.5,v44366005
1999,17.00,"Ottawa-Gatineau, Quebec part",15.86.5,v44366005
2000,16.00,"Ottawa-Gatineau, Quebec part",15.86.5,v44366005
2001,32.00,"Ottawa-Gatineau, Quebec part",15.86.5,v44366005
2002,22.00,"Ottawa-Gatineau, Quebec part",15.86.5,v44366005
2003,13.00,"Ottawa-Gatineau, Quebec part",15.86.5,v44366005
2004,12.00,"Ottawa-Gatineau, Quebec part",15.86.5,v44366005
2005,26.00,"Ottawa-Gatineau, Quebec part",15.86.5,v44366005
2006,19.00,"Ottawa-Gatineau, Quebec part",15.86.5,v44366005
2007,31.00,"Ottawa-Gatineau, Quebec part",15.86.5,v44366005
2008,30.00,"Ottawa-Gatineau, Quebec part",15.86.5,v44366005
2009,41.00,"Ottawa-Gatineau, Quebec part",15.86.5,v44366005
2010,35.00,"Ottawa-Gatineau, Quebec part",15.86.5,v44366005
2011,31.00,"Ottawa-Gatineau, Quebec part",15.86.5,v44366005
2012,30.00,"Ottawa-Gatineau, Quebec part",15.86.5,v44366005
2013,47.00,"Ottawa-Gatineau, Quebec part",15.86.5,v44366005
2014,64.00,"Ottawa-Gatineau, Quebec part",15.86.5,v44366005
2015,54.00,"Ottawa-Gatineau, Quebec part",15.86.5,v44366005
1998,3605.00,"Ontario",16.86.5,v44387624
1999,3043.00,"Ontario",16.86.5,v44387624
2000,3223.00,"Ontario",16.86.5,v44387624
2001,2512.00,"Ontario",16.86.5,v44387624
2002,2426.00,"Ontario",16.86.5,v44387624
2003,2275.00,"Ontario",16.86.5,v44387624
2004,2518.00,"Ontario",16.86.5,v44387624
2005,2930.00,"Ontario",16.86.5,v44387624
2006,3065.00,"Ontario",16.86.5,v44387624
2007,2872.00,"Ontario",16.86.5,v44387624
2008,2677.00,"Ontario",16.86.5,v44387624
2009,2448.00,"Ontario",16.86.5,v44387624
2010,2460.00,"Ontario",16.86.5,v44387624
2011,2276.00,"Ontario",16.86.5,v44387624
2012,2245.00,"Ontario",16.86.5,v44387624
2013,2236.00,"Ontario",16.86.5,v44387624
2014,2142.00,"Ontario",16.86.5,v44387624
2015,2310.00,"Ontario",16.86.5,v44387624
1998,182.00,"Ottawa-Gatineau, Ontario/Quebec",17.86.5,v52148425
1999,114.00,"Ottawa-Gatineau, Ontario/Quebec",17.86.5,v52148425
2000,118.00,"Ottawa-Gatineau, Ontario/Quebec",17.86.5,v52148425
2001,143.00,"Ottawa-Gatineau, Ontario/Quebec",17.86.5,v52148425
2002,125.00,"Ottawa-Gatineau, Ontario/Quebec",17.86.5,v52148425
2003,106.00,"Ottawa-Gatineau, Ontario/Quebec",17.86.5,v52148425
2004,141.00,"Ottawa-Gatineau, Ontario/Quebec",17.86.5,v52148425
2005,153.00,"Ottawa-Gatineau, Ontario/Quebec",17.86.5,v52148425
2006,169.00,"Ottawa-Gatineau, Ontario/Quebec",17.86.5,v52148425
2007,166.00,"Ottawa-Gatineau, Ontario/Quebec",17.86.5,v52148425
2008,139.00,"Ottawa-Gatineau, Ontario/Quebec",17.86.5,v52148425
2009,139.00,"Ottawa-Gatineau, Ontario/Quebec",17.86.5,v52148425
2010,130.00,"Ottawa-Gatineau, Ontario/Quebec",17.86.5,v52148425
2011,126.00,"Ottawa-Gatineau, Ontario/Quebec",17.86.5,v52148425
2012,125.00,"Ottawa-Gatineau, Ontario/Quebec",17.86.5,v52148425
2013,135.00,"Ottawa-Gatineau, Ontario/Quebec",17.86.5,v52148425
2014,159.00,"Ottawa-Gatineau, Ontario/Quebec",17.86.5,v52148425
2015,144.00,"Ottawa-Gatineau, Ontario/Quebec",17.86.5,v52148425
1998,154.00,"Ottawa-Gatineau, Ontario part",18.86.5,v44362559
1999,97.00,"Ottawa-Gatineau, Ontario part",18.86.5,v44362559
2000,102.00,"Ottawa-Gatineau, Ontario part",18.86.5,v44362559
2001,111.00,"Ottawa-Gatineau, Ontario part",18.86.5,v44362559
2002,103.00,"Ottawa-Gatineau, Ontario part",18.86.5,v44362559
2003,93.00,"Ottawa-Gatineau, Ontario part",18.86.5,v44362559
2004,129.00,"Ottawa-Gatineau, Ontario part",18.86.5,v44362559
2005,127.00,"Ottawa-Gatineau, Ontario part",18.86.5,v44362559
2006,150.00,"Ottawa-Gatineau, Ontario part",18.86.5,v44362559
2007,135.00,"Ottawa-Gatineau, Ontario part",18.86.5,v44362559
2008,109.00,"Ottawa-Gatineau, Ontario part",18.86.5,v44362559
2009,98.00,"Ottawa-Gatineau, Ontario part",18.86.5,v44362559
2010,95.00,"Ottawa-Gatineau, Ontario part",18.86.5,v44362559
2011,95.00,"Ottawa-Gatineau, Ontario part",18.86.5,v44362559
2012,95.00,"Ottawa-Gatineau, Ontario part",18.86.5,v44362559
2013,88.00,"Ottawa-Gatineau, Ontario part",18.86.5,v44362559
2014,95.00,"Ottawa-Gatineau, Ontario part",18.86.5,v44362559
2015,90.00,"Ottawa-Gatineau, Ontario part",18.86.5,v44362559
2000,..,"Kingston, Ontario",27.86.5,v44400368
2001,31.00,"Kingston, Ontario",27.86.5,v44400368
2002,21.00,"Kingston, Ontario",27.86.5,v44400368
2003,53.00,"Kingston, Ontario",27.86.5,v44400368
2004,41.00,"Kingston, Ontario",27.86.5,v44400368
2005,49.00,"Kingston, Ontario",27.86.5,v44400368
2006,49.00,"Kingston, Ontario",27.86.5,v44400368
2007,41.00,"Kingston, Ontario",27.86.5,v44400368
2008,56.00,"Kingston, Ontario",27.86.5,v44400368
2009,42.00,"Kingston, Ontario",27.86.5,v44400368
2010,39.00,"Kingston, Ontario",27.86.5,v44400368
2011,30.00,"Kingston, Ontario",27.86.5,v44400368
2012,29.00,"Kingston, Ontario",27.86.5,v44400368
2013,28.00,"Kingston, Ontario",27.86.5,v44400368
2014,36.00,"Kingston, Ontario",27.86.5,v44400368
2015,23.00,"Kingston, Ontario",27.86.5,v44400368
2005,..,"Peterborough, Ontario",44.86.5,v52124318
2006,32.00,"Peterborough, Ontario",44.86.5,v52124318
2007,31.00,"Peterborough, Ontario",44.86.5,v52124318
2008,44.00,"Peterborough, Ontario",44.86.5,v52124318
2009,22.00,"Peterborough, Ontario",44.86.5,v52124318
2010,25.00,"Peterborough, Ontario",44.86.5,v52124318
2011,31.00,"Peterborough, Ontario",44.86.5,v52124318
2012,20.00,"Peterborough, Ontario",44.86.5,v52124318
2013,33.00,"Peterborough, Ontario",44.86.5,v52124318
2014,36.00,"Peterborough, Ontario",44.86.5,v52124318
2015,31.00,"Peterborough, Ontario",44.86.5,v52124318
1998,1133.00,"Toronto, Ontario",19.86.5,v44398069
1999,847.00,"Toronto, Ontario",19.86.5,v44398069
2000,1020.00,"Toronto, Ontario",19.86.5,v44398069
2001,967.00,"Toronto, Ontario",19.86.5,v44398069
2002,938.00,"Toronto, Ontario",19.86.5,v44398069
2003,975.00,"Toronto, Ontario",19.86.5,v44398069
2004,1078.00,"Toronto, Ontario",19.86.5,v44398069
2005,1384.00,"Toronto, Ontario",19.86.5,v44398069
2006,1408.00,"Toronto, Ontario",19.86.5,v44398069
2007,1233.00,"Toronto, Ontario",19.86.5,v44398069
2008,1139.00,"Toronto, Ontario",19.86.5,v44398069
2009,1039.00,"Toronto, Ontario",19.86.5,v44398069
2010,1067.00,"Toronto, Ontario",19.86.5,v44398069
2011,893.00,"Toronto, Ontario",19.86.5,v44398069
2012,879.00,"Toronto, Ontario",19.86.5,v44398069
2013,856.00,"Toronto, Ontario",19.86.5,v44398069
2014,780.00,"Toronto, Ontario",19.86.5,v44398069
2015,845.00,"Toronto, Ontario",19.86.5,v44398069
1998,118.00,"Hamilton, Ontario",20.86.5,v44391076
1999,119.00,"Hamilton, Ontario",20.86.5,v44391076
2000,97.00,"Hamilton, Ontario",20.86.5,v44391076
2001,89.00,"Hamilton, Ontario",20.86.5,v44391076
2002,104.00,"Hamilton, Ontario",20.86.5,v44391076
2003,83.00,"Hamilton, Ontario",20.86.5,v44391076
2004,106.00,"Hamilton, Ontario",20.86.5,v44391076
2005,86.00,"Hamilton, Ontario",20.86.5,v44391076
2006,72.00,"Hamilton, Ontario",20.86.5,v44391076
2007,87.00,"Hamilton, Ontario",20.86.5,v44391076
2008,72.00,"Hamilton, Ontario",20.86.5,v44391076
2009,57.00,"Hamilton, Ontario",20.86.5,v44391076
2010,82.00,"Hamilton, Ontario",20.86.5,v44391076
2011,78.00,"Hamilton, Ontario",20.86.5,v44391076
2012,89.00,"Hamilton, Ontario",20.86.5,v44391076
2013,68.00,"Hamilton, Ontario",20.86.5,v44391076
2014,92.00,"Hamilton, Ontario",20.86.5,v44391076
2015,106.00,"Hamilton, Ontario",20.86.5,v44391076
1998,211.00,"St.Catharines-Niagara, Ontario",21.86.5,v44370981
1999,124.00,"St.Catharines-Niagara, Ontario",21.86.5,v44370981
2000,130.00,"St.Catharines-Niagara, Ontario",21.86.5,v44370981
2001,149.00,"St.Catharines-Niagara, Ontario",21.86.5,v44370981
2002,78.00,"St.Catharines-Niagara, Ontario",21.86.5,v44370981
2003,69.00,"St.Catharines-Niagara, Ontario",21.86.5,v44370981
2004,88.00,"St.Catharines-Niagara, Ontario",21.86.5,v44370981
2005,94.00,"St.Catharines-Niagara, Ontario",21.86.5,v44370981
2006,73.00,"St.Catharines-Niagara, Ontario",21.86.5,v44370981
2007,99.00,"St.Catharines-Niagara, Ontario",21.86.5,v44370981
2008,74.00,"St.Catharines-Niagara, Ontario",21.86.5,v44370981
2009,76.00,"St.Catharines-Niagara, Ontario",21.86.5,v44370981
2010,75.00,"St.Catharines-Niagara, Ontario",21.86.5,v44370981
2011,66.00,"St.Catharines-Niagara, Ontario",21.86.5,v44370981
2012,76.00,"St.Catharines-Niagara, Ontario",21.86.5,v44370981
2013,61.00,"St.Catharines-Niagara, Ontario",21.86.5,v44370981
2014,57.00,"St.Catharines-Niagara, Ontario",21.86.5,v44370981
2015,41.00,"St.Catharines-Niagara, Ontario",21.86.5,v44370981
1998,80.00,"Kitchener-Cambridge-Waterloo, Ontario",22.86.5,v44348164
1999,58.00,"Kitchener-Cambridge-Waterloo, Ontario",22.86.5,v44348164
2000,67.00,"Kitchener-Cambridge-Waterloo, Ontario",22.86.5,v44348164
2001,79.00,"Kitchener-Cambridge-Waterloo, Ontario",22.86.5,v44348164
2002,74.00,"Kitchener-Cambridge-Waterloo, Ontario",22.86.5,v44348164
2003,75.00,"Kitchener-Cambridge-Waterloo, Ontario",22.86.5,v44348164
2004,82.00,"Kitchener-Cambridge-Waterloo, Ontario",22.86.5,v44348164
2005,82.00,"Kitchener-Cambridge-Waterloo, Ontario",22.86.5,v44348164
2006,154.00,"Kitchener-Cambridge-Waterloo, Ontario",22.86.5,v44348164
2007,154.00,"Kitchener-Cambridge-Waterloo, Ontario",22.86.5,v44348164
2008,95.00,"Kitchener-Cambridge-Waterloo, Ontario",22.86.5,v44348164
2009,91.00,"Kitchener-Cambridge-Waterloo, Ontario",22.86.5,v44348164
2010,83.00,"Kitchener-Cambridge-Waterloo, Ontario",22.86.5,v44348164
2011,104.00,"Kitchener-Cambridge-Waterloo, Ontario",22.86.5,v44348164
2012,86.00,"Kitchener-Cambridge-Waterloo, Ontario",22.86.5,v44348164
2013,127.00,"Kitchener-Cambridge-Waterloo, Ontario",22.86.5,v44348164
2014,130.00,"Kitchener-Cambridge-Waterloo, Ontario",22.86.5,v44348164
2015,139.00,"Kitchener-Cambridge-Waterloo, Ontario",22.86.5,v44348164
2005,..,"Brantford, Ontario",45.86.5,v52122098
2006,57.00,"Brantford, Ontario",45.86.5,v52122098
2007,42.00,"Brantford, Ontario",45.86.5,v52122098
2008,38.00,"Brantford, Ontario",45.86.5,v52122098
2009,52.00,"Brantford, Ontario",45.86.5,v52122098
2010,46.00,"Brantford, Ontario",45.86.5,v52122098
2011,39.00,"Brantford, Ontario",45.86.5,v52122098
2012,35.00,"Brantford, Ontario",45.86.5,v52122098
2013,28.00,"Brantford, Ontario",45.86.5,v52122098
2014,38.00,"Brantford, Ontario",45.86.5,v52122098
2015,42.00,"Brantford, Ontario",45.86.5,v52122098
2005,..,"Guelph, Ontario",46.86.5,v52127050
2006,18.00,"Guelph, Ontario",46.86.5,v52127050
2007,15.00,"Guelph, Ontario",46.86.5,v52127050
2008,11.00,"Guelph, Ontario",46.86.5,v52127050
2009,10.00,"Guelph, Ontario",46.86.5,v52127050
2010,29.00,"Guelph, Ontario",46.86.5,v52127050
2011,21.00,"Guelph, Ontario",46.86.5,v52127050
2012,21.00,"Guelph, Ontario",46.86.5,v52127050
2013,36.00,"Guelph, Ontario",46.86.5,v52127050
2014,40.00,"Guelph, Ontario",46.86.5,v52127050
2015,45.00,"Guelph, Ontario",46.86.5,v52127050
1998,151.00,"London, Ontario",23.86.5,v44333996
1999,136.00,"London, Ontario",23.86.5,v44333996
2000,153.00,"London, Ontario",23.86.5,v44333996
2001,125.00,"London, Ontario",23.86.5,v44333996
2002,127.00,"London, Ontario",23.86.5,v44333996
2003,88.00,"London, Ontario",23.86.5,v44333996
2004,105.00,"London, Ontario",23.86.5,v44333996
2005,138.00,"London, Ontario",23.86.5,v44333996
2006,130.00,"London, Ontario",23.86.5,v44333996
2007,152.00,"London, Ontario",23.86.5,v44333996
2008,122.00,"London, Ontario",23.86.5,v44333996
2009,128.00,"London, Ontario",23.86.5,v44333996
2010,125.00,"London, Ontario",23.86.5,v44333996
2011,109.00,"London, Ontario",23.86.5,v44333996
2012,152.00,"London, Ontario",23.86.5,v44333996
2013,167.00,"London, Ontario",23.86.5,v44333996
2014,133.00,"London, Ontario",23.86.5,v44333996
2015,189.00,"London, Ontario",23.86.5,v44333996
1998,84.00,"Windsor, Ontario",24.86.5,v44376650
1999,68.00,"Windsor, Ontario",24.86.5,v44376650
2000,97.00,"Windsor, Ontario",24.86.5,v44376650
2001,73.00,"Windsor, Ontario",24.86.5,v44376650
2002,57.00,"Windsor, Ontario",24.86.5,v44376650
2003,52.00,"Windsor, Ontario",24.86.5,v44376650
2004,71.00,"Windsor, Ontario",24.86.5,v44376650
2005,61.00,"Windsor, Ontario",24.86.5,v44376650
2006,61.00,"Windsor, Ontario",24.86.5,v44376650
2007,54.00,"Windsor, Ontario",24.86.5,v44376650
2008,53.00,"Windsor, Ontario",24.86.5,v44376650
2009,40.00,"Windsor, Ontario",24.86.5,v44376650
2010,41.00,"Windsor, Ontario",24.86.5,v44376650
2011,53.00,"Windsor, Ontario",24.86.5,v44376650
2012,48.00,"Windsor, Ontario",24.86.5,v44376650
2013,43.00,"Windsor, Ontario",24.86.5,v44376650
2014,36.00,"Windsor, Ontario",24.86.5,v44376650
2015,64.00,"Windsor, Ontario",24.86.5,v44376650
2005,..,"Barrie, Ontario",47.86.5,v52144770
2006,55.00,"Barrie, Ontario",47.86.5,v52144770
2007,48.00,"Barrie, Ontario",47.86.5,v52144770
2008,53.00,"Barrie, Ontario",47.86.5,v52144770
2009,41.00,"Barrie, Ontario",47.86.5,v52144770
2010,41.00,"Barrie, Ontario",47.86.5,v52144770
2011,25.00,"Barrie, Ontario",47.86.5,v52144770
2012,45.00,"Barrie, Ontario",47.86.5,v52144770
2013,26.00,"Barrie, Ontario",47.86.5,v52144770
2014,21.00,"Barrie, Ontario",47.86.5,v52144770
2015,38.00,"Barrie, Ontario",47.86.5,v52144770
1998,29.00,"Sudbury, Ontario",25.86.5,v44377762
1999,49.00,"Sudbury, Ontario",25.86.5,v44377762
2000,62.00,"Sudbury, Ontario",25.86.5,v44377762
2001,41.00,"Sudbury, Ontario",25.86.5,v44377762
2002,33.00,"Sudbury, Ontario",25.86.5,v44377762
2003,34.00,"Sudbury, Ontario",25.86.5,v44377762
2004,42.00,"Sudbury, Ontario",25.86.5,v44377762
2005,55.00,"Sudbury, Ontario",25.86.5,v44377762
2006,56.00,"Sudbury, Ontario",25.86.5,v44377762
2007,63.00,"Sudbury, Ontario",25.86.5,v44377762
2008,72.00,"Sudbury, Ontario",25.86.5,v44377762
2009,59.00,"Sudbury, Ontario",25.86.5,v44377762
2010,68.00,"Sudbury, Ontario",25.86.5,v44377762
2011,68.00,"Sudbury, Ontario",25.86.5,v44377762
2012,45.00,"Sudbury, Ontario",25.86.5,v44377762
2013,43.00,"Sudbury, Ontario",25.86.5,v44377762
2014,47.00,"Sudbury, Ontario",25.86.5,v44377762
2015,37.00,"Sudbury, Ontario",25.86.5,v44377762
1998,72.00,"Thunder Bay, Ontario",26.86.5,v44394852
1999,70.00,"Thunder Bay, Ontario",26.86.5,v44394852
2000,36.00,"Thunder Bay, Ontario",26.86.5,v44394852
2001,50.00,"Thunder Bay, Ontario",26.86.5,v44394852
2002,45.00,"Thunder Bay, Ontario",26.86.5,v44394852
2003,40.00,"Thunder Bay, Ontario",26.86.5,v44394852
2004,34.00,"Thunder Bay, Ontario",26.86.5,v44394852
2005,43.00,"Thunder Bay, Ontario",26.86.5,v44394852
2006,36.00,"Thunder Bay, Ontario",26.86.5,v44394852
2007,40.00,"Thunder Bay, Ontario",26.86.5,v44394852
2008,34.00,"Thunder Bay, Ontario",26.86.5,v44394852
2009,29.00,"Thunder Bay, Ontario",26.86.5,v44394852
2010,29.00,"Thunder Bay, Ontario",26.86.5,v44394852
2011,25.00,"Thunder Bay, Ontario",26.86.5,v44394852
2012,28.00,"Thunder Bay, Ontario",26.86.5,v44394852
2013,19.00,"Thunder Bay, Ontario",26.86.5,v44394852
2014,20.00,"Thunder Bay, Ontario",26.86.5,v44394852
2015,27.00,"Thunder Bay, Ontario",26.86.5,v44394852
1998,575.00,"Manitoba",28.86.5,v44337842
1999,581.00,"Manitoba",28.86.5,v44337842
2000,558.00,"Manitoba",28.86.5,v44337842
2001,570.00,"Manitoba",28.86.5,v44337842
2002,563.00,"Manitoba",28.86.5,v44337842
2003,635.00,"Manitoba",28.86.5,v44337842
2004,642.00,"Manitoba",28.86.5,v44337842
2005,693.00,"Manitoba",28.86.5,v44337842
2006,578.00,"Manitoba",28.86.5,v44337842
2007,559.00,"Manitoba",28.86.5,v44337842
2008,543.00,"Manitoba",28.86.5,v44337842
2009,677.00,"Manitoba",28.86.5,v44337842
2010,806.00,"Manitoba",28.86.5,v44337842
2011,726.00,"Manitoba",28.86.5,v44337842
2012,712.00,"Manitoba",28.86.5,v44337842
2013,655.00,"Manitoba",28.86.5,v44337842
2014,586.00,"Manitoba",28.86.5,v44337842
2015,606.00,"Manitoba",28.86.5,v44337842
1998,294.00,"Winnipeg, Manitoba",29.86.5,v44404918
1999,287.00,"Winnipeg, Manitoba",29.86.5,v44404918
2000,258.00,"Winnipeg, Manitoba",29.86.5,v44404918
2001,281.00,"Winnipeg, Manitoba",29.86.5,v44404918
2002,273.00,"Winnipeg, Manitoba",29.86.5,v44404918
2003,325.00,"Winnipeg, Manitoba",29.86.5,v44404918
2004,328.00,"Winnipeg, Manitoba",29.86.5,v44404918
2005,342.00,"Winnipeg, Manitoba",29.86.5,v44404918
2006,311.00,"Winnipeg, Manitoba",29.86.5,v44404918
2007,282.00,"Winnipeg, Manitoba",29.86.5,v44404918
2008,272.00,"Winnipeg, Manitoba",29.86.5,v44404918
2009,402.00,"Winnipeg, Manitoba",29.86.5,v44404918
2010,407.00,"Winnipeg, Manitoba",29.86.5,v44404918
2011,443.00,"Winnipeg, Manitoba",29.86.5,v44404918
2012,414.00,"Winnipeg, Manitoba",29.86.5,v44404918
2013,398.00,"Winnipeg, Manitoba",29.86.5,v44404918
2014,334.00,"Winnipeg, Manitoba",29.86.5,v44404918
2015,392.00,"Winnipeg, Manitoba",29.86.5,v44404918
1998,454.00,"Saskatchewan",30.86.5,v44336018
1999,421.00,"Saskatchewan",30.86.5,v44336018
2000,381.00,"Saskatchewan",30.86.5,v44336018
2001,444.00,"Saskatchewan",30.86.5,v44336018
2002,461.00,"Saskatchewan",30.86.5,v44336018
2003,527.00,"Saskatchewan",30.86.5,v44336018
2004,572.00,"Saskatchewan",30.86.5,v44336018
2005,606.00,"Saskatchewan",30.86.5,v44336018
2006,545.00,"Saskatchewan",30.86.5,v44336018
2007,633.00,"Saskatchewan",30.86.5,v44336018
2008,565.00,"Saskatchewan",30.86.5,v44336018
2009,575.00,"Saskatchewan",30.86.5,v44336018
2010,589.00,"Saskatchewan",30.86.5,v44336018
2011,538.00,"Saskatchewan",30.86.5,v44336018
2012,571.00,"Saskatchewan",30.86.5,v44336018
2013,577.00,"Saskatchewan",30.86.5,v44336018
2014,701.00,"Saskatchewan",30.86.5,v44336018
2015,832.00,"Saskatchewan",30.86.5,v44336018
1998,74.00,"Regina, Saskatchewan",31.86.5,v44363516
1999,89.00,"Regina, Saskatchewan",31.86.5,v44363516
2000,69.00,"Regina, Saskatchewan",31.86.5,v44363516
2001,80.00,"Regina, Saskatchewan",31.86.5,v44363516
2002,66.00,"Regina, Saskatchewan",31.86.5,v44363516
2003,59.00,"Regina, Saskatchewan",31.86.5,v44363516
2004,81.00,"Regina, Saskatchewan",31.86.5,v44363516
2005,97.00,"Regina, Saskatchewan",31.86.5,v44363516
2006,74.00,"Regina, Saskatchewan",31.86.5,v44363516
2007,125.00,"Regina, Saskatchewan",31.86.5,v44363516
2008,91.00,"Regina, Saskatchewan",31.86.5,v44363516
2009,119.00,"Regina, Saskatchewan",31.86.5,v44363516
2010,130.00,"Regina, Saskatchewan",31.86.5,v44363516
2011,118.00,"Regina, Saskatchewan",31.86.5,v44363516
2012,137.00,"Regina, Saskatchewan",31.86.5,v44363516
2013,122.00,"Regina, Saskatchewan",31.86.5,v44363516
2014,158.00,"Regina, Saskatchewan",31.86.5,v44363516
2015,201.00,"Regina, Saskatchewan",31.86.5,v44363516
1998,77.00,"Saskatoon, Saskatchewan",32.86.5,v44357833
1999,88.00,"Saskatoon, Saskatchewan",32.86.5,v44357833
2000,93.00,"Saskatoon, Saskatchewan",32.86.5,v44357833
2001,126.00,"Saskatoon, Saskatchewan",32.86.5,v44357833
2002,155.00,"Saskatoon, Saskatchewan",32.86.5,v44357833
2003,176.00,"Saskatoon, Saskatchewan",32.86.5,v44357833
2004,229.00,"Saskatoon, Saskatchewan",32.86.5,v44357833
2005,272.00,"Saskatoon, Saskatchewan",32.86.5,v44357833
2006,194.00,"Saskatoon, Saskatchewan",32.86.5,v44357833
2007,240.00,"Saskatoon, Saskatchewan",32.86.5,v44357833
2008,214.00,"Saskatoon, Saskatchewan",32.86.5,v44357833
2009,205.00,"Saskatoon, Saskatchewan",32.86.5,v44357833
2010,193.00,"Saskatoon, Saskatchewan",32.86.5,v44357833
2011,190.00,"Saskatoon, Saskatchewan",32.86.5,v44357833
2012,202.00,"Saskatoon, Saskatchewan",32.86.5,v44357833
2013,199.00,"Saskatoon, Saskatchewan",32.86.5,v44357833
2014,233.00,"Saskatoon, Saskatchewan",32.86.5,v44357833
2015,284.00,"Saskatoon, Saskatchewan",32.86.5,v44357833
1998,1213.00,"Alberta",33.86.5,v44329545
1999,849.00,"Alberta",33.86.5,v44329545
2000,885.00,"Alberta",33.86.5,v44329545
2001,1045.00,"Alberta",33.86.5,v44329545
2002,1067.00,"Alberta",33.86.5,v44329545
2003,1167.00,"Alberta",33.86.5,v44329545
2004,1266.00,"Alberta",33.86.5,v44329545
2005,1292.00,"Alberta",33.86.5,v44329545
2006,1365.00,"Alberta",33.86.5,v44329545
2007,1379.00,"Alberta",33.86.5,v44329545
2008,1306.00,"Alberta",33.86.5,v44329545
2009,1230.00,"Alberta",33.86.5,v44329545
2010,1123.00,"Alberta",33.86.5,v44329545
2011,1131.00,"Alberta",33.86.5,v44329545
2012,1135.00,"Alberta",33.86.5,v44329545
2013,1266.00,"Alberta",33.86.5,v44329545
2014,1605.00,"Alberta",33.86.5,v44329545
2015,1986.00,"Alberta",33.86.5,v44329545
1998,232.00,"Calgary, Alberta",34.86.5,v44376083
1999,178.00,"Calgary, Alberta",34.86.5,v44376083
2000,231.00,"Calgary, Alberta",34.86.5,v44376083
2001,231.00,"Calgary, Alberta",34.86.5,v44376083
2002,301.00,"Calgary, Alberta",34.86.5,v44376083
2003,313.00,"Calgary, Alberta",34.86.5,v44376083
2004,383.00,"Calgary, Alberta",34.86.5,v44376083
2005,453.00,"Calgary, Alberta",34.86.5,v44376083
2006,421.00,"Calgary, Alberta",34.86.5,v44376083
2007,342.00,"Calgary, Alberta",34.86.5,v44376083
2008,276.00,"Calgary, Alberta",34.86.5,v44376083
2009,309.00,"Calgary, Alberta",34.86.5,v44376083
2010,309.00,"Calgary, Alberta",34.86.5,v44376083
2011,264.00,"Calgary, Alberta",34.86.5,v44376083
2012,280.00,"Calgary, Alberta",34.86.5,v44376083
2013,265.00,"Calgary, Alberta",34.86.5,v44376083
2014,258.00,"Calgary, Alberta",34.86.5,v44376083
2015,284.00,"Calgary, Alberta",34.86.5,v44376083
1998,315.00,"Edmonton, Alberta",35.86.5,v44387863
1999,278.00,"Edmonton, Alberta",35.86.5,v44387863
2000,293.00,"Edmonton, Alberta",35.86.5,v44387863
2001,360.00,"Edmonton, Alberta",35.86.5,v44387863
2002,315.00,"Edmonton, Alberta",35.86.5,v44387863
2003,366.00,"Edmonton, Alberta",35.86.5,v44387863
2004,374.00,"Edmonton, Alberta",35.86.5,v44387863
2005,311.00,"Edmonton, Alberta",35.86.5,v44387863
2006,393.00,"Edmonton, Alberta",35.86.5,v44387863
2007,416.00,"Edmonton, Alberta",35.86.5,v44387863
2008,413.00,"Edmonton, Alberta",35.86.5,v44387863
2009,346.00,"Edmonton, Alberta",35.86.5,v44387863
2010,355.00,"Edmonton, Alberta",35.86.5,v44387863
2011,375.00,"Edmonton, Alberta",35.86.5,v44387863
2012,391.00,"Edmonton, Alberta",35.86.5,v44387863
2013,533.00,"Edmonton, Alberta",35.86.5,v44387863
2014,717.00,"Edmonton, Alberta",35.86.5,v44387863
2015,1009.00,"Edmonton, Alberta",35.86.5,v44387863
1998,1180.00,"British Columbia",36.86.5,v44357951
1999,983.00,"British Columbia",36.86.5,v44357951
2000,877.00,"British Columbia",36.86.5,v44357951
2001,1072.00,"British Columbia",36.86.5,v44357951
2002,1157.00,"British Columbia",36.86.5,v44357951
2003,1304.00,"British Columbia",36.86.5,v44357951
2004,1265.00,"British Columbia",36.86.5,v44357951
2005,1221.00,"British Columbia",36.86.5,v44357951
2006,1374.00,"British Columbia",36.86.5,v44357951
2007,1289.00,"British Columbia",36.86.5,v44357951
2008,1089.00,"British Columbia",36.86.5,v44357951
2009,987.00,"British Columbia",36.86.5,v44357951
2010,937.00,"British Columbia",36.86.5,v44357951
2011,898.00,"British Columbia",36.86.5,v44357951
2012,887.00,"British Columbia",36.86.5,v44357951
2013,971.00,"British Columbia",36.86.5,v44357951
2014,930.00,"British Columbia",36.86.5,v44357951
2015,956.00,"British Columbia",36.86.5,v44357951
2005,..,"Kelowna, British Columbia",48.86.5,v52142832
2006,56.00,"Kelowna, British Columbia",48.86.5,v52142832
2007,64.00,"Kelowna, British Columbia",48.86.5,v52142832
2008,40.00,"Kelowna, British Columbia",48.86.5,v52142832
2009,22.00,"Kelowna, British Columbia",48.86.5,v52142832
2010,36.00,"Kelowna, British Columbia",48.86.5,v52142832
2011,40.00,"Kelowna, British Columbia",48.86.5,v52142832
2012,41.00,"Kelowna, British Columbia",48.86.5,v52142832
2013,52.00,"Kelowna, British Columbia",48.86.5,v52142832
2014,33.00,"Kelowna, British Columbia",48.86.5,v52142832
2015,33.00,"Kelowna, British Columbia",48.86.5,v52142832
2000,..,"Abbotsford-Mission, British Columbia",39.86.5,v44325780
2001,40.00,"Abbotsford-Mission, British Columbia",39.86.5,v44325780
2002,50.00,"Abbotsford-Mission, British Columbia",39.86.5,v44325780
2003,57.00,"Abbotsford-Mission, British Columbia",39.86.5,v44325780
2004,56.00,"Abbotsford-Mission, British Columbia",39.86.5,v44325780
2005,48.00,"Abbotsford-Mission, British Columbia",39.86.5,v44325780
2006,46.00,"Abbotsford-Mission, British Columbia",39.86.5,v44325780
2007,43.00,"Abbotsford-Mission, British Columbia",39.86.5,v44325780
2008,39.00,"Abbotsford-Mission, British Columbia",39.86.5,v44325780
2009,33.00,"Abbotsford-Mission, British Columbia",39.86.5,v44325780
2010,40.00,"Abbotsford-Mission, British Columbia",39.86.5,v44325780
2011,34.00,"Abbotsford-Mission, British Columbia",39.86.5,v44325780
2012,29.00,"Abbotsford-Mission, British Columbia",39.86.5,v44325780
2013,31.00,"Abbotsford-Mission, British Columbia",39.86.5,v44325780
2014,33.00,"Abbotsford-Mission, British Columbia",39.86.5,v44325780
2015,35.00,"Abbotsford-Mission, British Columbia",39.86.5,v44325780
1998,379.00,"Vancouver, British Columbia",37.86.5,v44388426
1999,328.00,"Vancouver, British Columbia",37.86.5,v44388426
2000,350.00,"Vancouver, British Columbia",37.86.5,v44388426
2001,420.00,"Vancouver, British Columbia",37.86.5,v44388426
2002,478.00,"Vancouver, British Columbia",37.86.5,v44388426
2003,533.00,"Vancouver, British Columbia",37.86.5,v44388426
2004,540.00,"Vancouver, British Columbia",37.86.5,v44388426
2005,573.00,"Vancouver, British Columbia",37.86.5,v44388426
2006,618.00,"Vancouver, British Columbia",37.86.5,v44388426
2007,633.00,"Vancouver, British Columbia",37.86.5,v44388426
2008,542.00,"Vancouver, British Columbia",37.86.5,v44388426
2009,480.00,"Vancouver, British Columbia",37.86.5,v44388426
2010,434.00,"Vancouver, British Columbia",37.86.5,v44388426
2011,462.00,"Vancouver, British Columbia",37.86.5,v44388426
2012,416.00,"Vancouver, British Columbia",37.86.5,v44388426
2013,453.00,"Vancouver, British Columbia",37.86.5,v44388426
2014,390.00,"Vancouver, British Columbia",37.86.5,v44388426
2015,379.00,"Vancouver, British Columbia",37.86.5,v44388426
1998,178.00,"Victoria, British Columbia",38.86.5,v44338101
1999,88.00,"Victoria, British Columbia",38.86.5,v44338101
2000,89.00,"Victoria, British Columbia",38.86.5,v44338101
2001,83.00,"Victoria, British Columbia",38.86.5,v44338101
2002,109.00,"Victoria, British Columbia",38.86.5,v44338101
2003,123.00,"Victoria, British Columbia",38.86.5,v44338101
2004,121.00,"Victoria, British Columbia",38.86.5,v44338101
2005,130.00,"Victoria, British Columbia",38.86.5,v44338101
2006,130.00,"Victoria, British Columbia",38.86.5,v44338101
2007,109.00,"Victoria, British Columbia",38.86.5,v44338101
2008,103.00,"Victoria, British Columbia",38.86.5,v44338101
2009,113.00,"Victoria, British Columbia",38.86.5,v44338101
2010,84.00,"Victoria, British Columbia",38.86.5,v44338101
2011,58.00,"Victoria, British Columbia",38.86.5,v44338101
2012,60.00,"Victoria, British Columbia",38.86.5,v44338101
2013,89.00,"Victoria, British Columbia",38.86.5,v44338101
2014,96.00,"Victoria, British Columbia",38.86.5,v44338101
2015,100.00,"Victoria, British Columbia",38.86.5,v44338101
1998,19.00,"Yukon",40.86.5,v44411188
1999,14.00,"Yukon",40.86.5,v44411188
2000,31.00,"Yukon",40.86.5,v44411188
2001,14.00,"Yukon",40.86.5,v44411188
2002,18.00,"Yukon",40.86.5,v44411188
2003,21.00,"Yukon",40.86.5,v44411188
2004,13.00,"Yukon",40.86.5,v44411188
2005,13.00,"Yukon",40.86.5,v44411188
2006,8.00,"Yukon",40.86.5,v44411188
2007,15.00,"Yukon",40.86.5,v44411188
2008,13.00,"Yukon",40.86.5,v44411188
2009,6.00,"Yukon",40.86.5,v44411188
2010,5.00,"Yukon",40.86.5,v44411188
2011,12.00,"Yukon",40.86.5,v44411188
2012,16.00,"Yukon",40.86.5,v44411188
2013,8.00,"Yukon",40.86.5,v44411188
2014,21.00,"Yukon",40.86.5,v44411188
2015,14.00,"Yukon",40.86.5,v44411188
1998,71.00,"Northwest Territories",41.86.5,v44409266
1999,25.00,"Northwest Territories",41.86.5,v44409266
2000,16.00,"Northwest Territories",41.86.5,v44409266
2001,31.00,"Northwest Territories",41.86.5,v44409266
2002,27.00,"Northwest Territories",41.86.5,v44409266
2003,26.00,"Northwest Territories",41.86.5,v44409266
2004,16.00,"Northwest Territories",41.86.5,v44409266
2005,21.00,"Northwest Territories",41.86.5,v44409266
2006,25.00,"Northwest Territories",41.86.5,v44409266
2007,22.00,"Northwest Territories",41.86.5,v44409266
2008,19.00,"Northwest Territories",41.86.5,v44409266
2009,26.00,"Northwest Territories",41.86.5,v44409266
2010,22.00,"Northwest Territories",41.86.5,v44409266
2011,20.00,"Northwest Territories",41.86.5,v44409266
2012,19.00,"Northwest Territories",41.86.5,v44409266
2013,14.00,"Northwest Territories",41.86.5,v44409266
2014,14.00,"Northwest Territories",41.86.5,v44409266
2015,16.00,"Northwest Territories",41.86.5,v44409266
1998,..,"Nunavut",42.86.5,v44368179
1999,16.00,"Nunavut",42.86.5,v44368179
2000,11.00,"Nunavut",42.86.5,v44368179
2001,22.00,"Nunavut",42.86.5,v44368179
2002,12.00,"Nunavut",42.86.5,v44368179
2003,17.00,"Nunavut",42.86.5,v44368179
2004,15.00,"Nunavut",42.86.5,v44368179
2005,11.00,"Nunavut",42.86.5,v44368179
2006,17.00,"Nunavut",42.86.5,v44368179
2007,32.00,"Nunavut",42.86.5,v44368179
2008,19.00,"Nunavut",42.86.5,v44368179
2009,24.00,"Nunavut",42.86.5,v44368179
2010,18.00,"Nunavut",42.86.5,v44368179
2011,22.00,"Nunavut",42.86.5,v44368179
2012,23.00,"Nunavut",42.86.5,v44368179
2013,27.00,"Nunavut",42.86.5,v44368179
2014,16.00,"Nunavut",42.86.5,v44368179
2015,15.00,"Nunavut",42.86.5,v44368179
