1998,26.90,"Canada",1.86.8,v44345663
1999,24.04,"Canada",1.86.8,v44345663
2000,23.27,"Canada",1.86.8,v44345663
2001,25.81,"Canada",1.86.8,v44345663
2002,26.00,"Canada",1.86.8,v44345663
2003,26.60,"Canada",1.86.8,v44345663
2004,28.38,"Canada",1.86.8,v44345663
2005,29.20,"Canada",1.86.8,v44345663
2006,30.96,"Canada",1.86.8,v44345663
2007,29.94,"Canada",1.86.8,v44345663
2008,28.41,"Canada",1.86.8,v44345663
2009,26.75,"Canada",1.86.8,v44345663
2010,26.53,"Canada",1.86.8,v44345663
2011,25.32,"Canada",1.86.8,v44345663
2012,25.34,"Canada",1.86.8,v44345663
2013,25.76,"Canada",1.86.8,v44345663
2014,26.28,"Canada",1.86.8,v44345663
2015,28.24,"Canada",1.86.8,v44345663
1998,6.47,"Newfoundland and Labrador",2.86.8,v44409861
1999,10.65,"Newfoundland and Labrador",2.86.8,v44409861
2000,12.90,"Newfoundland and Labrador",2.86.8,v44409861
2001,14.10,"Newfoundland and Labrador",2.86.8,v44409861
2002,13.23,"Newfoundland and Labrador",2.86.8,v44409861
2003,11.44,"Newfoundland and Labrador",2.86.8,v44409861
2004,9.01,"Newfoundland and Labrador",2.86.8,v44409861
2005,11.70,"Newfoundland and Labrador",2.86.8,v44409861
2006,10.21,"Newfoundland and Labrador",2.86.8,v44409861
2007,11.56,"Newfoundland and Labrador",2.86.8,v44409861
2008,12.83,"Newfoundland and Labrador",2.86.8,v44409861
2009,16.21,"Newfoundland and Labrador",2.86.8,v44409861
2010,16.90,"Newfoundland and Labrador",2.86.8,v44409861
2011,13.99,"Newfoundland and Labrador",2.86.8,v44409861
2012,12.00,"Newfoundland and Labrador",2.86.8,v44409861
2013,18.39,"Newfoundland and Labrador",2.86.8,v44409861
2014,14.29,"Newfoundland and Labrador",2.86.8,v44409861
2015,9.41,"Newfoundland and Labrador",2.86.8,v44409861
1998,0.00,"St. John's, Newfoundland and Labrador",3.86.8,v44393343
1999,0.00,"St. John's, Newfoundland and Labrador",3.86.8,v44393343
2000,0.00,"St. John's, Newfoundland and Labrador",3.86.8,v44393343
2001,0.00,"St. John's, Newfoundland and Labrador",3.86.8,v44393343
2002,0.00,"St. John's, Newfoundland and Labrador",3.86.8,v44393343
2003,0.00,"St. John's, Newfoundland and Labrador",3.86.8,v44393343
2004,9.58,"St. John's, Newfoundland and Labrador",3.86.8,v44393343
2005,13.97,"St. John's, Newfoundland and Labrador",3.86.8,v44393343
2006,13.83,"St. John's, Newfoundland and Labrador",3.86.8,v44393343
2007,17.41,"St. John's, Newfoundland and Labrador",3.86.8,v44393343
2008,14.64,"St. John's, Newfoundland and Labrador",3.86.8,v44393343
2009,14.91,"St. John's, Newfoundland and Labrador",3.86.8,v44393343
2010,25.03,"St. John's, Newfoundland and Labrador",3.86.8,v44393343
2011,12.01,"St. John's, Newfoundland and Labrador",3.86.8,v44393343
2012,16.98,"St. John's, Newfoundland and Labrador",3.86.8,v44393343
2013,23.57,"St. John's, Newfoundland and Labrador",3.86.8,v44393343
2014,20.57,"St. John's, Newfoundland and Labrador",3.86.8,v44393343
2015,9.97,"St. John's, Newfoundland and Labrador",3.86.8,v44393343
1998,7.91,"Prince Edward Island",4.86.8,v44405861
1999,12.21,"Prince Edward Island",4.86.8,v44405861
2000,12.15,"Prince Edward Island",4.86.8,v44405861
2001,11.21,"Prince Edward Island",4.86.8,v44405861
2002,7.70,"Prince Edward Island",4.86.8,v44405861
2003,17.00,"Prince Edward Island",4.86.8,v44405861
2004,11.80,"Prince Edward Island",4.86.8,v44405861
2005,14.23,"Prince Edward Island",4.86.8,v44405861
2006,20.88,"Prince Edward Island",4.86.8,v44405861
2007,8.35,"Prince Edward Island",4.86.8,v44405861
2008,7.44,"Prince Edward Island",4.86.8,v44405861
2009,13.92,"Prince Edward Island",4.86.8,v44405861
2010,7.27,"Prince Edward Island",4.86.8,v44405861
2011,11.11,"Prince Edward Island",4.86.8,v44405861
2012,11.00,"Prince Edward Island",4.86.8,v44405861
2013,12.57,"Prince Edward Island",4.86.8,v44405861
2014,6.26,"Prince Edward Island",4.86.8,v44405861
2015,6.26,"Prince Edward Island",4.86.8,v44405861
1998,23.70,"Nova Scotia",5.86.8,v44383334
1999,17.80,"Nova Scotia",5.86.8,v44383334
2000,19.49,"Nova Scotia",5.86.8,v44383334
2001,20.06,"Nova Scotia",5.86.8,v44383334
2002,20.15,"Nova Scotia",5.86.8,v44383334
2003,24.78,"Nova Scotia",5.86.8,v44383334
2004,24.76,"Nova Scotia",5.86.8,v44383334
2005,24.94,"Nova Scotia",5.86.8,v44383334
2006,28.86,"Nova Scotia",5.86.8,v44383334
2007,34.97,"Nova Scotia",5.86.8,v44383334
2008,33.79,"Nova Scotia",5.86.8,v44383334
2009,29.92,"Nova Scotia",5.86.8,v44383334
2010,33.95,"Nova Scotia",5.86.8,v44383334
2011,39.67,"Nova Scotia",5.86.8,v44383334
2012,30.05,"Nova Scotia",5.86.8,v44383334
2013,25.19,"Nova Scotia",5.86.8,v44383334
2014,28.54,"Nova Scotia",5.86.8,v44383334
2015,24.94,"Nova Scotia",5.86.8,v44383334
1998,0.00,"Halifax, Nova Scotia",6.86.8,v44407702
1999,0.00,"Halifax, Nova Scotia",6.86.8,v44407702
2000,0.00,"Halifax, Nova Scotia",6.86.8,v44407702
2001,0.00,"Halifax, Nova Scotia",6.86.8,v44407702
2002,0.00,"Halifax, Nova Scotia",6.86.8,v44407702
2003,0.00,"Halifax, Nova Scotia",6.86.8,v44407702
2004,23.22,"Halifax, Nova Scotia",6.86.8,v44407702
2005,29.92,"Halifax, Nova Scotia",6.86.8,v44407702
2006,34.98,"Halifax, Nova Scotia",6.86.8,v44407702
2007,45.08,"Halifax, Nova Scotia",6.86.8,v44407702
2008,46.95,"Halifax, Nova Scotia",6.86.8,v44407702
2009,41.83,"Halifax, Nova Scotia",6.86.8,v44407702
2010,45.00,"Halifax, Nova Scotia",6.86.8,v44407702
2011,55.72,"Halifax, Nova Scotia",6.86.8,v44407702
2012,33.63,"Halifax, Nova Scotia",6.86.8,v44407702
2013,34.17,"Halifax, Nova Scotia",6.86.8,v44407702
2014,33.04,"Halifax, Nova Scotia",6.86.8,v44407702
2015,28.64,"Halifax, Nova Scotia",6.86.8,v44407702
1998,13.88,"New Brunswick",7.86.8,v44343945
1999,20.05,"New Brunswick",7.86.8,v44343945
2000,24.48,"New Brunswick",7.86.8,v44343945
2001,24.10,"New Brunswick",7.86.8,v44343945
2002,21.71,"New Brunswick",7.86.8,v44343945
2003,25.47,"New Brunswick",7.86.8,v44343945
2004,20.80,"New Brunswick",7.86.8,v44343945
2005,14.97,"New Brunswick",7.86.8,v44343945
2006,20.47,"New Brunswick",7.86.8,v44343945
2007,22.27,"New Brunswick",7.86.8,v44343945
2008,20.07,"New Brunswick",7.86.8,v44343945
2009,17.70,"New Brunswick",7.86.8,v44343945
2010,17.16,"New Brunswick",7.86.8,v44343945
2011,14.38,"New Brunswick",7.86.8,v44343945
2012,14.80,"New Brunswick",7.86.8,v44343945
2013,17.65,"New Brunswick",7.86.8,v44343945
2014,15.27,"New Brunswick",7.86.8,v44343945
2015,16.18,"New Brunswick",7.86.8,v44343945
2005,..,"Moncton, New Brunswick",43.86.8,v52123844
2006,17.56,"Moncton, New Brunswick",43.86.8,v52123844
2007,24.31,"Moncton, New Brunswick",43.86.8,v52123844
2008,27.39,"Moncton, New Brunswick",43.86.8,v52123844
2009,14.31,"Moncton, New Brunswick",43.86.8,v52123844
2010,11.59,"Moncton, New Brunswick",43.86.8,v52123844
2011,21.20,"Moncton, New Brunswick",43.86.8,v52123844
2012,18.49,"Moncton, New Brunswick",43.86.8,v52123844
2013,11.97,"Moncton, New Brunswick",43.86.8,v52123844
2014,14.72,"Moncton, New Brunswick",43.86.8,v52123844
2015,16.03,"Moncton, New Brunswick",43.86.8,v52123844
1998,0.00,"Saint John, New Brunswick",8.86.8,v44377034
1999,0.00,"Saint John, New Brunswick",8.86.8,v44377034
2000,0.00,"Saint John, New Brunswick",8.86.8,v44377034
2001,0.00,"Saint John, New Brunswick",8.86.8,v44377034
2002,0.00,"Saint John, New Brunswick",8.86.8,v44377034
2003,0.00,"Saint John, New Brunswick",8.86.8,v44377034
2004,22.57,"Saint John, New Brunswick",8.86.8,v44377034
2005,14.50,"Saint John, New Brunswick",8.86.8,v44377034
2006,25.70,"Saint John, New Brunswick",8.86.8,v44377034
2007,20.78,"Saint John, New Brunswick",8.86.8,v44377034
2008,19.07,"Saint John, New Brunswick",8.86.8,v44377034
2009,15.75,"Saint John, New Brunswick",8.86.8,v44377034
2010,21.13,"Saint John, New Brunswick",8.86.8,v44377034
2011,5.45,"Saint John, New Brunswick",8.86.8,v44377034
2012,23.36,"Saint John, New Brunswick",8.86.8,v44377034
2013,29.71,"Saint John, New Brunswick",8.86.8,v44377034
2014,23.25,"Saint John, New Brunswick",8.86.8,v44377034
2015,20.68,"Saint John, New Brunswick",8.86.8,v44377034
1998,9.23,"Quebec",9.86.8,v44334111
1999,13.27,"Quebec",9.86.8,v44334111
2000,9.20,"Quebec",9.86.8,v44334111
2001,9.93,"Quebec",9.86.8,v44334111
2002,10.28,"Quebec",9.86.8,v44334111
2003,10.81,"Quebec",9.86.8,v44334111
2004,9.51,"Quebec",9.86.8,v44334111
2005,10.04,"Quebec",9.86.8,v44334111
2006,10.83,"Quebec",9.86.8,v44334111
2007,11.52,"Quebec",9.86.8,v44334111
2008,12.26,"Quebec",9.86.8,v44334111
2009,11.81,"Quebec",9.86.8,v44334111
2010,12.48,"Quebec",9.86.8,v44334111
2011,13.72,"Quebec",9.86.8,v44334111
2012,15.44,"Quebec",9.86.8,v44334111
2013,14.97,"Quebec",9.86.8,v44334111
2014,13.79,"Quebec",9.86.8,v44334111
2015,14.42,"Quebec",9.86.8,v44334111
1998,0.00,"Saguenay, Quebec",10.86.8,v44352477
1999,0.00,"Saguenay, Quebec",10.86.8,v44352477
2000,0.00,"Saguenay, Quebec",10.86.8,v44352477
2001,0.00,"Saguenay, Quebec",10.86.8,v44352477
2002,0.00,"Saguenay, Quebec",10.86.8,v44352477
2003,0.00,"Saguenay, Quebec",10.86.8,v44352477
2004,6.92,"Saguenay, Quebec",10.86.8,v44352477
2005,3.86,"Saguenay, Quebec",10.86.8,v44352477
2006,3.86,"Saguenay, Quebec",10.86.8,v44352477
2007,6.18,"Saguenay, Quebec",10.86.8,v44352477
2008,4.61,"Saguenay, Quebec",10.86.8,v44352477
2009,9.96,"Saguenay, Quebec",10.86.8,v44352477
2010,14.49,"Saguenay, Quebec",10.86.8,v44352477
2011,10.09,"Saguenay, Quebec",10.86.8,v44352477
2012,12.76,"Saguenay, Quebec",10.86.8,v44352477
2013,11.41,"Saguenay, Quebec",10.86.8,v44352477
2014,15.45,"Saguenay, Quebec",10.86.8,v44352477
2015,12.14,"Saguenay, Quebec",10.86.8,v44352477
1998,0.00,"Sherbrooke, Quebec",12.86.8,v44383784
1999,0.00,"Sherbrooke, Quebec",12.86.8,v44383784
2000,0.00,"Sherbrooke, Quebec",12.86.8,v44383784
2001,0.00,"Sherbrooke, Quebec",12.86.8,v44383784
2002,0.00,"Sherbrooke, Quebec",12.86.8,v44383784
2003,0.00,"Sherbrooke, Quebec",12.86.8,v44383784
2004,16.53,"Sherbrooke, Quebec",12.86.8,v44383784
2005,10.89,"Sherbrooke, Quebec",12.86.8,v44383784
2006,8.26,"Sherbrooke, Quebec",12.86.8,v44383784
2007,3.78,"Sherbrooke, Quebec",12.86.8,v44383784
2008,9.33,"Sherbrooke, Quebec",12.86.8,v44383784
2009,12.88,"Sherbrooke, Quebec",12.86.8,v44383784
2010,15.13,"Sherbrooke, Quebec",12.86.8,v44383784
2011,12.52,"Sherbrooke, Quebec",12.86.8,v44383784
2012,13.53,"Sherbrooke, Quebec",12.86.8,v44383784
2013,6.98,"Sherbrooke, Quebec",12.86.8,v44383784
2014,17.24,"Sherbrooke, Quebec",12.86.8,v44383784
2015,15.43,"Sherbrooke, Quebec",12.86.8,v44383784
1998,0.00,"Ottawa-Gatineau, Quebec part",15.86.8,v44326990
1999,0.00,"Ottawa-Gatineau, Quebec part",15.86.8,v44326990
2000,0.00,"Ottawa-Gatineau, Quebec part",15.86.8,v44326990
2001,0.00,"Ottawa-Gatineau, Quebec part",15.86.8,v44326990
2002,0.00,"Ottawa-Gatineau, Quebec part",15.86.8,v44326990
2003,0.00,"Ottawa-Gatineau, Quebec part",15.86.8,v44326990
2004,5.43,"Ottawa-Gatineau, Quebec part",15.86.8,v44326990
2005,13.52,"Ottawa-Gatineau, Quebec part",15.86.8,v44326990
2006,9.69,"Ottawa-Gatineau, Quebec part",15.86.8,v44326990
2007,12.68,"Ottawa-Gatineau, Quebec part",15.86.8,v44326990
2008,13.21,"Ottawa-Gatineau, Quebec part",15.86.8,v44326990
2009,16.77,"Ottawa-Gatineau, Quebec part",15.86.8,v44326990
2010,13.83,"Ottawa-Gatineau, Quebec part",15.86.8,v44326990
2011,11.75,"Ottawa-Gatineau, Quebec part",15.86.8,v44326990
2012,10.51,"Ottawa-Gatineau, Quebec part",15.86.8,v44326990
2013,19.05,"Ottawa-Gatineau, Quebec part",15.86.8,v44326990
2014,32.45,"Ottawa-Gatineau, Quebec part",15.86.8,v44326990
2015,21.66,"Ottawa-Gatineau, Quebec part",15.86.8,v44326990
1998,32.96,"Ontario",16.86.8,v44399990
1999,25.05,"Ontario",16.86.8,v44399990
2000,25.58,"Ontario",16.86.8,v44399990
2001,25.65,"Ontario",16.86.8,v44399990
2002,24.86,"Ontario",16.86.8,v44399990
2003,23.07,"Ontario",16.86.8,v44399990
2004,27.02,"Ontario",16.86.8,v44399990
2005,29.38,"Ontario",16.86.8,v44399990
2006,31.44,"Ontario",16.86.8,v44399990
2007,28.54,"Ontario",16.86.8,v44399990
2008,27.09,"Ontario",16.86.8,v44399990
2009,24.34,"Ontario",16.86.8,v44399990
2010,23.90,"Ontario",16.86.8,v44399990
2011,21.47,"Ontario",16.86.8,v44399990
2012,20.90,"Ontario",16.86.8,v44399990
2013,21.52,"Ontario",16.86.8,v44399990
2014,20.36,"Ontario",16.86.8,v44399990
2015,21.64,"Ontario",16.86.8,v44399990
1998,0.00,"Ottawa-Gatineau, Ontario/Quebec",17.86.8,v52148428
1999,0.00,"Ottawa-Gatineau, Ontario/Quebec",17.86.8,v52148428
2000,0.00,"Ottawa-Gatineau, Ontario/Quebec",17.86.8,v52148428
2001,0.00,"Ottawa-Gatineau, Ontario/Quebec",17.86.8,v52148428
2002,0.00,"Ottawa-Gatineau, Ontario/Quebec",17.86.8,v52148428
2003,0.00,"Ottawa-Gatineau, Ontario/Quebec",17.86.8,v52148428
2004,16.88,"Ottawa-Gatineau, Ontario/Quebec",17.86.8,v52148428
2005,17.64,"Ottawa-Gatineau, Ontario/Quebec",17.86.8,v52148428
2006,21.01,"Ottawa-Gatineau, Ontario/Quebec",17.86.8,v52148428
2007,20.23,"Ottawa-Gatineau, Ontario/Quebec",17.86.8,v52148428
2008,16.89,"Ottawa-Gatineau, Ontario/Quebec",17.86.8,v52148428
2009,16.45,"Ottawa-Gatineau, Ontario/Quebec",17.86.8,v52148428
2010,13.58,"Ottawa-Gatineau, Ontario/Quebec",17.86.8,v52148428
2011,14.09,"Ottawa-Gatineau, Ontario/Quebec",17.86.8,v52148428
2012,13.28,"Ottawa-Gatineau, Ontario/Quebec",17.86.8,v52148428
2013,14.19,"Ottawa-Gatineau, Ontario/Quebec",17.86.8,v52148428
2014,18.34,"Ottawa-Gatineau, Ontario/Quebec",17.86.8,v52148428
2015,14.34,"Ottawa-Gatineau, Ontario/Quebec",17.86.8,v52148428
1998,0.00,"Ottawa-Gatineau, Ontario part",18.86.8,v44417729
1999,0.00,"Ottawa-Gatineau, Ontario part",18.86.8,v44417729
2000,0.00,"Ottawa-Gatineau, Ontario part",18.86.8,v44417729
2001,0.00,"Ottawa-Gatineau, Ontario part",18.86.8,v44417729
2002,0.00,"Ottawa-Gatineau, Ontario part",18.86.8,v44417729
2003,0.00,"Ottawa-Gatineau, Ontario part",18.86.8,v44417729
2004,20.51,"Ottawa-Gatineau, Ontario part",18.86.8,v44417729
2005,18.96,"Ottawa-Gatineau, Ontario part",18.86.8,v44417729
2006,24.64,"Ottawa-Gatineau, Ontario part",18.86.8,v44417729
2007,22.67,"Ottawa-Gatineau, Ontario part",18.86.8,v44417729
2008,18.08,"Ottawa-Gatineau, Ontario part",18.86.8,v44417729
2009,16.35,"Ottawa-Gatineau, Ontario part",18.86.8,v44417729
2010,13.49,"Ottawa-Gatineau, Ontario part",18.86.8,v44417729
2011,14.86,"Ottawa-Gatineau, Ontario part",18.86.8,v44417729
2012,14.18,"Ottawa-Gatineau, Ontario part",18.86.8,v44417729
2013,12.59,"Ottawa-Gatineau, Ontario part",18.86.8,v44417729
2014,13.73,"Ottawa-Gatineau, Ontario part",18.86.8,v44417729
2015,11.97,"Ottawa-Gatineau, Ontario part",18.86.8,v44417729
2000,..,"Kingston, Ontario",27.86.8,v44361485
2001,0.00,"Kingston, Ontario",27.86.8,v44361485
2002,0.00,"Kingston, Ontario",27.86.8,v44361485
2003,0.00,"Kingston, Ontario",27.86.8,v44361485
2004,30.89,"Kingston, Ontario",27.86.8,v44361485
2005,31.45,"Kingston, Ontario",27.86.8,v44361485
2006,38.61,"Kingston, Ontario",27.86.8,v44361485
2007,28.28,"Kingston, Ontario",27.86.8,v44361485
2008,41.61,"Kingston, Ontario",27.86.8,v44361485
2009,25.55,"Kingston, Ontario",27.86.8,v44361485
2010,26.67,"Kingston, Ontario",27.86.8,v44361485
2011,21.56,"Kingston, Ontario",27.86.8,v44361485
2012,20.03,"Kingston, Ontario",27.86.8,v44361485
2013,21.96,"Kingston, Ontario",27.86.8,v44361485
2014,25.91,"Kingston, Ontario",27.86.8,v44361485
2015,16.94,"Kingston, Ontario",27.86.8,v44361485
2005,..,"Peterborough, Ontario",44.86.8,v52124324
2006,33.12,"Peterborough, Ontario",44.86.8,v52124324
2007,33.02,"Peterborough, Ontario",44.86.8,v52124324
2008,52.54,"Peterborough, Ontario",44.86.8,v52124324
2009,21.54,"Peterborough, Ontario",44.86.8,v52124324
2010,25.10,"Peterborough, Ontario",44.86.8,v52124324
2011,35.25,"Peterborough, Ontario",44.86.8,v52124324
2012,18.49,"Peterborough, Ontario",44.86.8,v52124324
2013,38.68,"Peterborough, Ontario",44.86.8,v52124324
2014,34.04,"Peterborough, Ontario",44.86.8,v52124324
2015,31.25,"Peterborough, Ontario",44.86.8,v52124324
1998,0.00,"Toronto, Ontario",19.86.8,v44331323
1999,0.00,"Toronto, Ontario",19.86.8,v44331323
2000,0.00,"Toronto, Ontario",19.86.8,v44331323
2001,0.00,"Toronto, Ontario",19.86.8,v44331323
2002,0.00,"Toronto, Ontario",19.86.8,v44331323
2003,0.00,"Toronto, Ontario",19.86.8,v44331323
2004,28.34,"Toronto, Ontario",19.86.8,v44331323
2005,33.12,"Toronto, Ontario",19.86.8,v44331323
2006,36.55,"Toronto, Ontario",19.86.8,v44331323
2007,29.08,"Toronto, Ontario",19.86.8,v44331323
2008,27.32,"Toronto, Ontario",19.86.8,v44331323
2009,24.77,"Toronto, Ontario",19.86.8,v44331323
2010,24.13,"Toronto, Ontario",19.86.8,v44331323
2011,19.98,"Toronto, Ontario",19.86.8,v44331323
2012,18.67,"Toronto, Ontario",19.86.8,v44331323
2013,19.21,"Toronto, Ontario",19.86.8,v44331323
2014,17.77,"Toronto, Ontario",19.86.8,v44331323
2015,19.00,"Toronto, Ontario",19.86.8,v44331323
1998,0.00,"Hamilton, Ontario",20.86.8,v44390201
1999,0.00,"Hamilton, Ontario",20.86.8,v44390201
2000,0.00,"Hamilton, Ontario",20.86.8,v44390201
2001,0.00,"Hamilton, Ontario",20.86.8,v44390201
2002,0.00,"Hamilton, Ontario",20.86.8,v44390201
2003,0.00,"Hamilton, Ontario",20.86.8,v44390201
2004,19.31,"Hamilton, Ontario",20.86.8,v44390201
2005,14.90,"Hamilton, Ontario",20.86.8,v44390201
2006,13.41,"Hamilton, Ontario",20.86.8,v44390201
2007,16.45,"Hamilton, Ontario",20.86.8,v44390201
2008,11.76,"Hamilton, Ontario",20.86.8,v44390201
2009,8.85,"Hamilton, Ontario",20.86.8,v44390201
2010,14.33,"Hamilton, Ontario",20.86.8,v44390201
2011,12.40,"Hamilton, Ontario",20.86.8,v44390201
2012,11.59,"Hamilton, Ontario",20.86.8,v44390201
2013,9.86,"Hamilton, Ontario",20.86.8,v44390201
2014,12.68,"Hamilton, Ontario",20.86.8,v44390201
2015,13.14,"Hamilton, Ontario",20.86.8,v44390201
1998,0.00,"St.Catharines-Niagara, Ontario",21.86.8,v44358389
1999,0.00,"St.Catharines-Niagara, Ontario",21.86.8,v44358389
2000,0.00,"St.Catharines-Niagara, Ontario",21.86.8,v44358389
2001,0.00,"St.Catharines-Niagara, Ontario",21.86.8,v44358389
2002,0.00,"St.Catharines-Niagara, Ontario",21.86.8,v44358389
2003,0.00,"St.Catharines-Niagara, Ontario",21.86.8,v44358389
2004,27.14,"St.Catharines-Niagara, Ontario",21.86.8,v44358389
2005,25.58,"St.Catharines-Niagara, Ontario",21.86.8,v44358389
2006,21.99,"St.Catharines-Niagara, Ontario",21.86.8,v44358389
2007,27.41,"St.Catharines-Niagara, Ontario",21.86.8,v44358389
2008,25.56,"St.Catharines-Niagara, Ontario",21.86.8,v44358389
2009,20.11,"St.Catharines-Niagara, Ontario",21.86.8,v44358389
2010,22.61,"St.Catharines-Niagara, Ontario",21.86.8,v44358389
2011,18.94,"St.Catharines-Niagara, Ontario",21.86.8,v44358389
2012,21.90,"St.Catharines-Niagara, Ontario",21.86.8,v44358389
2013,17.76,"St.Catharines-Niagara, Ontario",21.86.8,v44358389
2014,17.67,"St.Catharines-Niagara, Ontario",21.86.8,v44358389
2015,10.56,"St.Catharines-Niagara, Ontario",21.86.8,v44358389
1998,0.00,"Kitchener-Cambridge-Waterloo, Ontario",22.86.8,v44384224
1999,0.00,"Kitchener-Cambridge-Waterloo, Ontario",22.86.8,v44384224
2000,0.00,"Kitchener-Cambridge-Waterloo, Ontario",22.86.8,v44384224
2001,0.00,"Kitchener-Cambridge-Waterloo, Ontario",22.86.8,v44384224
2002,0.00,"Kitchener-Cambridge-Waterloo, Ontario",22.86.8,v44384224
2003,0.00,"Kitchener-Cambridge-Waterloo, Ontario",22.86.8,v44384224
2004,25.01,"Kitchener-Cambridge-Waterloo, Ontario",22.86.8,v44384224
2005,21.40,"Kitchener-Cambridge-Waterloo, Ontario",22.86.8,v44384224
2006,26.61,"Kitchener-Cambridge-Waterloo, Ontario",22.86.8,v44384224
2007,24.00,"Kitchener-Cambridge-Waterloo, Ontario",22.86.8,v44384224
2008,18.63,"Kitchener-Cambridge-Waterloo, Ontario",22.86.8,v44384224
2009,24.38,"Kitchener-Cambridge-Waterloo, Ontario",22.86.8,v44384224
2010,18.71,"Kitchener-Cambridge-Waterloo, Ontario",22.86.8,v44384224
2011,24.93,"Kitchener-Cambridge-Waterloo, Ontario",22.86.8,v44384224
2012,21.33,"Kitchener-Cambridge-Waterloo, Ontario",22.86.8,v44384224
2013,30.70,"Kitchener-Cambridge-Waterloo, Ontario",22.86.8,v44384224
2014,28.91,"Kitchener-Cambridge-Waterloo, Ontario",22.86.8,v44384224
2015,31.25,"Kitchener-Cambridge-Waterloo, Ontario",22.86.8,v44384224
2005,..,"Brantford, Ontario",45.86.8,v52122104
2006,36.16,"Brantford, Ontario",45.86.8,v52122104
2007,29.91,"Brantford, Ontario",45.86.8,v52122104
2008,27.94,"Brantford, Ontario",45.86.8,v52122104
2009,42.84,"Brantford, Ontario",45.86.8,v52122104
2010,36.73,"Brantford, Ontario",45.86.8,v52122104
2011,29.83,"Brantford, Ontario",45.86.8,v52122104
2012,23.82,"Brantford, Ontario",45.86.8,v52122104
2013,17.89,"Brantford, Ontario",45.86.8,v52122104
2014,28.24,"Brantford, Ontario",45.86.8,v52122104
2015,32.04,"Brantford, Ontario",45.86.8,v52122104
2005,..,"Guelph, Ontario",46.86.8,v52127056
2006,15.56,"Guelph, Ontario",46.86.8,v52127056
2007,16.41,"Guelph, Ontario",46.86.8,v52127056
2008,13.37,"Guelph, Ontario",46.86.8,v52127056
2009,8.52,"Guelph, Ontario",46.86.8,v52127056
2010,20.55,"Guelph, Ontario",46.86.8,v52127056
2011,14.77,"Guelph, Ontario",46.86.8,v52127056
2012,18.21,"Guelph, Ontario",46.86.8,v52127056
2013,33.37,"Guelph, Ontario",46.86.8,v52127056
2014,36.62,"Guelph, Ontario",46.86.8,v52127056
2015,43.38,"Guelph, Ontario",46.86.8,v52127056
1998,0.00,"London, Ontario",23.86.8,v44360739
1999,0.00,"London, Ontario",23.86.8,v44360739
2000,0.00,"London, Ontario",23.86.8,v44360739
2001,0.00,"London, Ontario",23.86.8,v44360739
2002,0.00,"London, Ontario",23.86.8,v44360739
2003,0.00,"London, Ontario",23.86.8,v44360739
2004,28.20,"London, Ontario",23.86.8,v44360739
2005,39.09,"London, Ontario",23.86.8,v44360739
2006,36.70,"London, Ontario",23.86.8,v44360739
2007,42.66,"London, Ontario",23.86.8,v44360739
2008,34.25,"London, Ontario",23.86.8,v44360739
2009,34.78,"London, Ontario",23.86.8,v44360739
2010,33.58,"London, Ontario",23.86.8,v44360739
2011,26.60,"London, Ontario",23.86.8,v44360739
2012,38.30,"London, Ontario",23.86.8,v44360739
2013,44.61,"London, Ontario",23.86.8,v44360739
2014,33.58,"London, Ontario",23.86.8,v44360739
2015,45.06,"London, Ontario",23.86.8,v44360739
1998,0.00,"Windsor, Ontario",24.86.8,v44375839
1999,0.00,"Windsor, Ontario",24.86.8,v44375839
2000,0.00,"Windsor, Ontario",24.86.8,v44375839
2001,0.00,"Windsor, Ontario",24.86.8,v44375839
2002,0.00,"Windsor, Ontario",24.86.8,v44375839
2003,0.00,"Windsor, Ontario",24.86.8,v44375839
2004,31.85,"Windsor, Ontario",24.86.8,v44375839
2005,24.57,"Windsor, Ontario",24.86.8,v44375839
2006,25.45,"Windsor, Ontario",24.86.8,v44375839
2007,24.14,"Windsor, Ontario",24.86.8,v44375839
2008,21.44,"Windsor, Ontario",24.86.8,v44375839
2009,16.95,"Windsor, Ontario",24.86.8,v44375839
2010,17.29,"Windsor, Ontario",24.86.8,v44375839
2011,21.85,"Windsor, Ontario",24.86.8,v44375839
2012,18.91,"Windsor, Ontario",24.86.8,v44375839
2013,19.19,"Windsor, Ontario",24.86.8,v44375839
2014,15.29,"Windsor, Ontario",24.86.8,v44375839
2015,30.47,"Windsor, Ontario",24.86.8,v44375839
2005,..,"Barrie, Ontario",47.86.8,v52144776
2006,35.95,"Barrie, Ontario",47.86.8,v52144776
2007,37.85,"Barrie, Ontario",47.86.8,v52144776
2008,36.69,"Barrie, Ontario",47.86.8,v52144776
2009,27.89,"Barrie, Ontario",47.86.8,v52144776
2010,29.82,"Barrie, Ontario",47.86.8,v52144776
2011,17.28,"Barrie, Ontario",47.86.8,v52144776
2012,30.06,"Barrie, Ontario",47.86.8,v52144776
2013,15.66,"Barrie, Ontario",47.86.8,v52144776
2014,11.03,"Barrie, Ontario",47.86.8,v52144776
2015,23.41,"Barrie, Ontario",47.86.8,v52144776
1998,0.00,"Sudbury, Ontario",25.86.8,v44351203
1999,0.00,"Sudbury, Ontario",25.86.8,v44351203
2000,0.00,"Sudbury, Ontario",25.86.8,v44351203
2001,0.00,"Sudbury, Ontario",25.86.8,v44351203
2002,0.00,"Sudbury, Ontario",25.86.8,v44351203
2003,0.00,"Sudbury, Ontario",25.86.8,v44351203
2004,35.53,"Sudbury, Ontario",25.86.8,v44351203
2005,44.45,"Sudbury, Ontario",25.86.8,v44351203
2006,41.90,"Sudbury, Ontario",25.86.8,v44351203
2007,59.72,"Sudbury, Ontario",25.86.8,v44351203
2008,62.05,"Sudbury, Ontario",25.86.8,v44351203
2009,50.91,"Sudbury, Ontario",25.86.8,v44351203
2010,56.51,"Sudbury, Ontario",25.86.8,v44351203
2011,62.69,"Sudbury, Ontario",25.86.8,v44351203
2012,37.77,"Sudbury, Ontario",25.86.8,v44351203
2013,31.53,"Sudbury, Ontario",25.86.8,v44351203
2014,41.87,"Sudbury, Ontario",25.86.8,v44351203
2015,28.20,"Sudbury, Ontario",25.86.8,v44351203
1998,0.00,"Thunder Bay, Ontario",26.86.8,v44328797
1999,0.00,"Thunder Bay, Ontario",26.86.8,v44328797
2000,0.00,"Thunder Bay, Ontario",26.86.8,v44328797
2001,0.00,"Thunder Bay, Ontario",26.86.8,v44328797
2002,0.00,"Thunder Bay, Ontario",26.86.8,v44328797
2003,0.00,"Thunder Bay, Ontario",26.86.8,v44328797
2004,38.05,"Thunder Bay, Ontario",26.86.8,v44328797
2005,42.42,"Thunder Bay, Ontario",26.86.8,v44328797
2006,40.59,"Thunder Bay, Ontario",26.86.8,v44328797
2007,39.50,"Thunder Bay, Ontario",26.86.8,v44328797
2008,34.83,"Thunder Bay, Ontario",26.86.8,v44328797
2009,28.24,"Thunder Bay, Ontario",26.86.8,v44328797
2010,30.11,"Thunder Bay, Ontario",26.86.8,v44328797
2011,24.41,"Thunder Bay, Ontario",26.86.8,v44328797
2012,27.21,"Thunder Bay, Ontario",26.86.8,v44328797
2013,16.62,"Thunder Bay, Ontario",26.86.8,v44328797
2014,20.37,"Thunder Bay, Ontario",26.86.8,v44328797
2015,29.73,"Thunder Bay, Ontario",26.86.8,v44328797
1998,55.94,"Manitoba",28.86.8,v44395150
1999,58.08,"Manitoba",28.86.8,v44395150
2000,51.86,"Manitoba",28.86.8,v44395150
2001,54.54,"Manitoba",28.86.8,v44395150
2002,55.74,"Manitoba",28.86.8,v44395150
2003,58.45,"Manitoba",28.86.8,v44395150
2004,60.29,"Manitoba",28.86.8,v44395150
2005,60.88,"Manitoba",28.86.8,v44395150
2006,63.62,"Manitoba",28.86.8,v44395150
2007,58.59,"Manitoba",28.86.8,v44395150
2008,57.85,"Manitoba",28.86.8,v44395150
2009,72.53,"Manitoba",28.86.8,v44395150
2010,80.41,"Manitoba",28.86.8,v44395150
2011,72.35,"Manitoba",28.86.8,v44395150
2012,72.56,"Manitoba",28.86.8,v44395150
2013,66.19,"Manitoba",28.86.8,v44395150
2014,60.11,"Manitoba",28.86.8,v44395150
2015,59.81,"Manitoba",28.86.8,v44395150
1998,0.00,"Winnipeg, Manitoba",29.86.8,v44353097
1999,0.00,"Winnipeg, Manitoba",29.86.8,v44353097
2000,0.00,"Winnipeg, Manitoba",29.86.8,v44353097
2001,0.00,"Winnipeg, Manitoba",29.86.8,v44353097
2002,0.00,"Winnipeg, Manitoba",29.86.8,v44353097
2003,0.00,"Winnipeg, Manitoba",29.86.8,v44353097
2004,44.99,"Winnipeg, Manitoba",29.86.8,v44353097
2005,54.70,"Winnipeg, Manitoba",29.86.8,v44353097
2006,55.99,"Winnipeg, Manitoba",29.86.8,v44353097
2007,45.51,"Winnipeg, Manitoba",29.86.8,v44353097
2008,46.54,"Winnipeg, Manitoba",29.86.8,v44353097
2009,66.81,"Winnipeg, Manitoba",29.86.8,v44353097
2010,65.25,"Winnipeg, Manitoba",29.86.8,v44353097
2011,70.39,"Winnipeg, Manitoba",29.86.8,v44353097
2012,65.82,"Winnipeg, Manitoba",29.86.8,v44353097
2013,64.71,"Winnipeg, Manitoba",29.86.8,v44353097
2014,57.05,"Winnipeg, Manitoba",29.86.8,v44353097
2015,61.69,"Winnipeg, Manitoba",29.86.8,v44353097
1998,38.78,"Saskatchewan",30.86.8,v44338113
1999,35.63,"Saskatchewan",30.86.8,v44338113
2000,34.32,"Saskatchewan",30.86.8,v44338113
2001,47.09,"Saskatchewan",30.86.8,v44338113
2002,51.33,"Saskatchewan",30.86.8,v44338113
2003,59.68,"Saskatchewan",30.86.8,v44338113
2004,69.84,"Saskatchewan",30.86.8,v44338113
2005,76.76,"Saskatchewan",30.86.8,v44338113
2006,68.18,"Saskatchewan",30.86.8,v44338113
2007,81.41,"Saskatchewan",30.86.8,v44338113
2008,74.91,"Saskatchewan",30.86.8,v44338113
2009,73.10,"Saskatchewan",30.86.8,v44338113
2010,71.90,"Saskatchewan",30.86.8,v44338113
2011,67.75,"Saskatchewan",30.86.8,v44338113
2012,73.32,"Saskatchewan",30.86.8,v44338113
2013,71.41,"Saskatchewan",30.86.8,v44338113
2014,87.85,"Saskatchewan",30.86.8,v44338113
2015,104.19,"Saskatchewan",30.86.8,v44338113
1998,0.00,"Regina, Saskatchewan",31.86.8,v44386671
1999,0.00,"Regina, Saskatchewan",31.86.8,v44386671
2000,0.00,"Regina, Saskatchewan",31.86.8,v44386671
2001,0.00,"Regina, Saskatchewan",31.86.8,v44386671
2002,0.00,"Regina, Saskatchewan",31.86.8,v44386671
2003,0.00,"Regina, Saskatchewan",31.86.8,v44386671
2004,46.81,"Regina, Saskatchewan",31.86.8,v44386671
2005,59.21,"Regina, Saskatchewan",31.86.8,v44386671
2006,49.73,"Regina, Saskatchewan",31.86.8,v44386671
2007,77.99,"Regina, Saskatchewan",31.86.8,v44386671
2008,54.01,"Regina, Saskatchewan",31.86.8,v44386671
2009,75.37,"Regina, Saskatchewan",31.86.8,v44386671
2010,72.43,"Regina, Saskatchewan",31.86.8,v44386671
2011,74.15,"Regina, Saskatchewan",31.86.8,v44386671
2012,87.86,"Regina, Saskatchewan",31.86.8,v44386671
2013,73.83,"Regina, Saskatchewan",31.86.8,v44386671
2014,95.34,"Regina, Saskatchewan",31.86.8,v44386671
2015,132.63,"Regina, Saskatchewan",31.86.8,v44386671
1998,0.00,"Saskatoon, Saskatchewan",32.86.8,v44361642
1999,0.00,"Saskatoon, Saskatchewan",32.86.8,v44361642
2000,0.00,"Saskatoon, Saskatchewan",32.86.8,v44361642
2001,0.00,"Saskatoon, Saskatchewan",32.86.8,v44361642
2002,0.00,"Saskatoon, Saskatchewan",32.86.8,v44361642
2003,0.00,"Saskatoon, Saskatchewan",32.86.8,v44361642
2004,127.44,"Saskatoon, Saskatchewan",32.86.8,v44361642
2005,142.02,"Saskatoon, Saskatchewan",32.86.8,v44361642
2006,96.02,"Saskatoon, Saskatchewan",32.86.8,v44361642
2007,129.86,"Saskatoon, Saskatchewan",32.86.8,v44361642
2008,124.26,"Saskatoon, Saskatchewan",32.86.8,v44361642
2009,104.37,"Saskatoon, Saskatchewan",32.86.8,v44361642
2010,99.23,"Saskatoon, Saskatchewan",32.86.8,v44361642
2011,92.85,"Saskatoon, Saskatchewan",32.86.8,v44361642
2012,105.31,"Saskatoon, Saskatchewan",32.86.8,v44361642
2013,99.84,"Saskatoon, Saskatchewan",32.86.8,v44361642
2014,116.95,"Saskatoon, Saskatchewan",32.86.8,v44361642
2015,130.82,"Saskatoon, Saskatchewan",32.86.8,v44361642
1998,37.51,"Alberta",33.86.8,v44346691
1999,30.18,"Alberta",33.86.8,v44346691
2000,33.53,"Alberta",33.86.8,v44346691
2001,43.43,"Alberta",33.86.8,v44346691
2002,42.83,"Alberta",33.86.8,v44346691
2003,45.95,"Alberta",33.86.8,v44346691
2004,49.34,"Alberta",33.86.8,v44346691
2005,46.48,"Alberta",33.86.8,v44346691
2006,47.26,"Alberta",33.86.8,v44346691
2007,45.36,"Alberta",33.86.8,v44346691
2008,44.82,"Alberta",33.86.8,v44346691
2009,39.88,"Alberta",33.86.8,v44346691
2010,37.31,"Alberta",33.86.8,v44346691
2011,37.20,"Alberta",33.86.8,v44346691
2012,36.37,"Alberta",33.86.8,v44346691
2013,39.38,"Alberta",33.86.8,v44346691
2014,49.20,"Alberta",33.86.8,v44346691
2015,57.73,"Alberta",33.86.8,v44346691
1998,0.00,"Calgary, Alberta",34.86.8,v44400539
1999,0.00,"Calgary, Alberta",34.86.8,v44400539
2000,0.00,"Calgary, Alberta",34.86.8,v44400539
2001,0.00,"Calgary, Alberta",34.86.8,v44400539
2002,0.00,"Calgary, Alberta",34.86.8,v44400539
2003,0.00,"Calgary, Alberta",34.86.8,v44400539
2004,43.91,"Calgary, Alberta",34.86.8,v44400539
2005,50.47,"Calgary, Alberta",34.86.8,v44400539
2006,44.53,"Calgary, Alberta",34.86.8,v44400539
2007,32.53,"Calgary, Alberta",34.86.8,v44400539
2008,27.13,"Calgary, Alberta",34.86.8,v44400539
2009,28.10,"Calgary, Alberta",34.86.8,v44400539
2010,29.81,"Calgary, Alberta",34.86.8,v44400539
2011,25.82,"Calgary, Alberta",34.86.8,v44400539
2012,26.52,"Calgary, Alberta",34.86.8,v44400539
2013,22.92,"Calgary, Alberta",34.86.8,v44400539
2014,22.35,"Calgary, Alberta",34.86.8,v44400539
2015,24.97,"Calgary, Alberta",34.86.8,v44400539
1998,0.00,"Edmonton, Alberta",35.86.8,v44390714
1999,0.00,"Edmonton, Alberta",35.86.8,v44390714
2000,0.00,"Edmonton, Alberta",35.86.8,v44390714
2001,0.00,"Edmonton, Alberta",35.86.8,v44390714
2002,0.00,"Edmonton, Alberta",35.86.8,v44390714
2003,0.00,"Edmonton, Alberta",35.86.8,v44390714
2004,44.82,"Edmonton, Alberta",35.86.8,v44390714
2005,34.68,"Edmonton, Alberta",35.86.8,v44390714
2006,38.74,"Edmonton, Alberta",35.86.8,v44390714
2007,41.92,"Edmonton, Alberta",35.86.8,v44390714
2008,42.60,"Edmonton, Alberta",35.86.8,v44390714
2009,37.45,"Edmonton, Alberta",35.86.8,v44390714
2010,38.28,"Edmonton, Alberta",35.86.8,v44390714
2011,38.47,"Edmonton, Alberta",35.86.8,v44390714
2012,38.76,"Edmonton, Alberta",35.86.8,v44390714
2013,53.01,"Edmonton, Alberta",35.86.8,v44390714
2014,68.73,"Edmonton, Alberta",35.86.8,v44390714
2015,89.07,"Edmonton, Alberta",35.86.8,v44390714
1998,28.69,"British Columbia",36.86.8,v44380233
1999,24.30,"British Columbia",36.86.8,v44380233
2000,25.86,"British Columbia",36.86.8,v44380233
2001,31.66,"British Columbia",36.86.8,v44380233
2002,34.75,"British Columbia",36.86.8,v44380233
2003,36.01,"British Columbia",36.86.8,v44380233
2004,36.77,"British Columbia",36.86.8,v44380233
2005,35.95,"British Columbia",36.86.8,v44380233
2006,40.12,"British Columbia",36.86.8,v44380233
2007,37.27,"British Columbia",36.86.8,v44380233
2008,31.58,"British Columbia",36.86.8,v44380233
2009,28.64,"British Columbia",36.86.8,v44380233
2010,27.09,"British Columbia",36.86.8,v44380233
2011,25.02,"British Columbia",36.86.8,v44380233
2012,24.95,"British Columbia",36.86.8,v44380233
2013,26.40,"British Columbia",36.86.8,v44380233
2014,25.03,"British Columbia",36.86.8,v44380233
2015,25.15,"British Columbia",36.86.8,v44380233
2005,..,"Kelowna, British Columbia",48.86.8,v52142838
2006,40.04,"Kelowna, British Columbia",48.86.8,v52142838
2007,47.00,"Kelowna, British Columbia",48.86.8,v52142838
2008,29.05,"Kelowna, British Columbia",48.86.8,v52142838
2009,15.84,"Kelowna, British Columbia",48.86.8,v52142838
2010,25.51,"Kelowna, British Columbia",48.86.8,v52142838
2011,28.40,"Kelowna, British Columbia",48.86.8,v52142838
2012,25.59,"Kelowna, British Columbia",48.86.8,v52142838
2013,34.32,"Kelowna, British Columbia",48.86.8,v52142838
2014,21.87,"Kelowna, British Columbia",48.86.8,v52142838
2015,20.61,"Kelowna, British Columbia",48.86.8,v52142838
2000,..,"Abbotsford-Mission, British Columbia",39.86.8,v44363961
2001,0.00,"Abbotsford-Mission, British Columbia",39.86.8,v44363961
2002,0.00,"Abbotsford-Mission, British Columbia",39.86.8,v44363961
2003,0.00,"Abbotsford-Mission, British Columbia",39.86.8,v44363961
2004,44.92,"Abbotsford-Mission, British Columbia",39.86.8,v44363961
2005,35.33,"Abbotsford-Mission, British Columbia",39.86.8,v44363961
2006,33.86,"Abbotsford-Mission, British Columbia",39.86.8,v44363961
2007,34.10,"Abbotsford-Mission, British Columbia",39.86.8,v44363961
2008,31.46,"Abbotsford-Mission, British Columbia",39.86.8,v44363961
2009,25.51,"Abbotsford-Mission, British Columbia",39.86.8,v44363961
2010,35.39,"Abbotsford-Mission, British Columbia",39.86.8,v44363961
2011,22.92,"Abbotsford-Mission, British Columbia",39.86.8,v44363961
2012,23.29,"Abbotsford-Mission, British Columbia",39.86.8,v44363961
2013,22.39,"Abbotsford-Mission, British Columbia",39.86.8,v44363961
2014,22.71,"Abbotsford-Mission, British Columbia",39.86.8,v44363961
2015,25.39,"Abbotsford-Mission, British Columbia",39.86.8,v44363961
1998,0.00,"Vancouver, British Columbia",37.86.8,v44417384
1999,0.00,"Vancouver, British Columbia",37.86.8,v44417384
2000,0.00,"Vancouver, British Columbia",37.86.8,v44417384
2001,0.00,"Vancouver, British Columbia",37.86.8,v44417384
2002,0.00,"Vancouver, British Columbia",37.86.8,v44417384
2003,0.00,"Vancouver, British Columbia",37.86.8,v44417384
2004,33.97,"Vancouver, British Columbia",37.86.8,v44417384
2005,33.20,"Vancouver, British Columbia",37.86.8,v44417384
2006,37.29,"Vancouver, British Columbia",37.86.8,v44417384
2007,37.77,"Vancouver, British Columbia",37.86.8,v44417384
2008,30.44,"Vancouver, British Columbia",37.86.8,v44417384
2009,26.51,"Vancouver, British Columbia",37.86.8,v44417384
2010,24.25,"Vancouver, British Columbia",37.86.8,v44417384
2011,24.46,"Vancouver, British Columbia",37.86.8,v44417384
2012,21.24,"Vancouver, British Columbia",37.86.8,v44417384
2013,22.71,"Vancouver, British Columbia",37.86.8,v44417384
2014,19.61,"Vancouver, British Columbia",37.86.8,v44417384
2015,18.10,"Vancouver, British Columbia",37.86.8,v44417384
1998,0.00,"Victoria, British Columbia",38.86.8,v44379490
1999,0.00,"Victoria, British Columbia",38.86.8,v44379490
2000,0.00,"Victoria, British Columbia",38.86.8,v44379490
2001,0.00,"Victoria, British Columbia",38.86.8,v44379490
2002,0.00,"Victoria, British Columbia",38.86.8,v44379490
2003,0.00,"Victoria, British Columbia",38.86.8,v44379490
2004,46.44,"Victoria, British Columbia",38.86.8,v44379490
2005,50.20,"Victoria, British Columbia",38.86.8,v44379490
2006,45.71,"Victoria, British Columbia",38.86.8,v44379490
2007,37.28,"Victoria, British Columbia",38.86.8,v44379490
2008,36.93,"Victoria, British Columbia",38.86.8,v44379490
2009,43.50,"Victoria, British Columbia",38.86.8,v44379490
2010,31.66,"Victoria, British Columbia",38.86.8,v44379490
2011,19.26,"Victoria, British Columbia",38.86.8,v44379490
2012,22.85,"Victoria, British Columbia",38.86.8,v44379490
2013,30.47,"Victoria, British Columbia",38.86.8,v44379490
2014,31.08,"Victoria, British Columbia",38.86.8,v44379490
2015,32.61,"Victoria, British Columbia",38.86.8,v44379490
1998,62.44,"Yukon",40.86.8,v44411720
1999,47.11,"Yukon",40.86.8,v44411720
2000,78.84,"Yukon",40.86.8,v44411720
2001,74.96,"Yukon",40.86.8,v44411720
2002,58.43,"Yukon",40.86.8,v44411720
2003,91.15,"Yukon",40.86.8,v44411720
2004,40.92,"Yukon",40.86.8,v44411720
2005,54.82,"Yukon",40.86.8,v44411720
2006,39.63,"Yukon",40.86.8,v44411720
2007,49.81,"Yukon",40.86.8,v44411720
2008,48.94,"Yukon",40.86.8,v44411720
2009,24.00,"Yukon",40.86.8,v44411720
2010,16.69,"Yukon",40.86.8,v44411720
2011,39.12,"Yukon",40.86.8,v44411720
2012,54.24,"Yukon",40.86.8,v44411720
2013,31.71,"Yukon",40.86.8,v44411720
2014,71.91,"Yukon",40.86.8,v44411720
2015,43.39,"Yukon",40.86.8,v44411720
1998,122.79,"Northwest Territories",41.86.8,v44334125
1999,446.12,"Northwest Territories",41.86.8,v44334125
2000,50.52,"Northwest Territories",41.86.8,v44334125
2001,93.44,"Northwest Territories",41.86.8,v44334125
2002,78.62,"Northwest Territories",41.86.8,v44334125
2003,79.10,"Northwest Territories",41.86.8,v44334125
2004,54.23,"Northwest Territories",41.86.8,v44334125
2005,48.09,"Northwest Territories",41.86.8,v44334125
2006,70.73,"Northwest Territories",41.86.8,v44334125
2007,58.84,"Northwest Territories",41.86.8,v44334125
2008,50.21,"Northwest Territories",41.86.8,v44334125
2009,72.68,"Northwest Territories",41.86.8,v44334125
2010,50.11,"Northwest Territories",41.86.8,v44334125
2011,61.01,"Northwest Territories",41.86.8,v44334125
2012,52.67,"Northwest Territories",41.86.8,v44334125
2013,38.67,"Northwest Territories",41.86.8,v44334125
2014,46.96,"Northwest Territories",41.86.8,v44334125
2015,44.21,"Northwest Territories",41.86.8,v44334125
1998,..,"Nunavut",42.86.8,v44364120
1999,59.35,"Nunavut",42.86.8,v44364120
2000,57.49,"Nunavut",42.86.8,v44364120
2001,65.70,"Nunavut",42.86.8,v44364120
2002,29.31,"Nunavut",42.86.8,v44364120
2003,85.65,"Nunavut",42.86.8,v44364120
2004,69.42,"Nunavut",42.86.8,v44364120
2005,54.40,"Nunavut",42.86.8,v44364120
2006,61.86,"Nunavut",42.86.8,v44364120
2007,159.59,"Nunavut",42.86.8,v44364120
2008,84.65,"Nunavut",42.86.8,v44364120
2009,99.27,"Nunavut",42.86.8,v44364120
2010,72.88,"Nunavut",42.86.8,v44364120
2011,90.97,"Nunavut",42.86.8,v44364120
2012,85.54,"Nunavut",42.86.8,v44364120
2013,99.04,"Nunavut",42.86.8,v44364120
2014,63.69,"Nunavut",42.86.8,v44364120
2015,54.79,"Nunavut",42.86.8,v44364120
