1998,28.00,"Canada",1.95.6,v44347173
1999,2.00,"Canada",1.95.6,v44347173
2000,4.00,"Canada",1.95.6,v44347173
2001,0.00,"Canada",1.95.6,v44347173
2002,2.00,"Canada",1.95.6,v44347173
2003,0.00,"Canada",1.95.6,v44347173
2004,2.00,"Canada",1.95.6,v44347173
2005,2.00,"Canada",1.95.6,v44347173
2006,8.00,"Canada",1.95.6,v44347173
2007,4.00,"Canada",1.95.6,v44347173
2008,11.00,"Canada",1.95.6,v44347173
2009,8.00,"Canada",1.95.6,v44347173
2010,15.00,"Canada",1.95.6,v44347173
2011,13.00,"Canada",1.95.6,v44347173
2012,18.00,"Canada",1.95.6,v44347173
2013,24.00,"Canada",1.95.6,v44347173
2014,18.00,"Canada",1.95.6,v44347173
2015,38.00,"Canada",1.95.6,v44347173
1998,0.00,"Newfoundland and Labrador",2.95.6,v44367343
1999,0.00,"Newfoundland and Labrador",2.95.6,v44367343
2000,..,"Newfoundland and Labrador",2.95.6,v44367343
2001,0.00,"Newfoundland and Labrador",2.95.6,v44367343
2002,..,"Newfoundland and Labrador",2.95.6,v44367343
2003,..,"Newfoundland and Labrador",2.95.6,v44367343
2004,..,"Newfoundland and Labrador",2.95.6,v44367343
2005,0.00,"Newfoundland and Labrador",2.95.6,v44367343
2006,0.00,"Newfoundland and Labrador",2.95.6,v44367343
2007,0.00,"Newfoundland and Labrador",2.95.6,v44367343
2008,0.00,"Newfoundland and Labrador",2.95.6,v44367343
2009,0.00,"Newfoundland and Labrador",2.95.6,v44367343
2010,0.00,"Newfoundland and Labrador",2.95.6,v44367343
2011,0.00,"Newfoundland and Labrador",2.95.6,v44367343
2012,0.00,"Newfoundland and Labrador",2.95.6,v44367343
2013,0.00,"Newfoundland and Labrador",2.95.6,v44367343
2014,0.00,"Newfoundland and Labrador",2.95.6,v44367343
2015,0.00,"Newfoundland and Labrador",2.95.6,v44367343
1998,0.00,"St. John's, Newfoundland and Labrador",3.95.6,v44401584
1999,0.00,"St. John's, Newfoundland and Labrador",3.95.6,v44401584
2000,..,"St. John's, Newfoundland and Labrador",3.95.6,v44401584
2001,..,"St. John's, Newfoundland and Labrador",3.95.6,v44401584
2002,..,"St. John's, Newfoundland and Labrador",3.95.6,v44401584
2003,..,"St. John's, Newfoundland and Labrador",3.95.6,v44401584
2004,..,"St. John's, Newfoundland and Labrador",3.95.6,v44401584
2005,0.00,"St. John's, Newfoundland and Labrador",3.95.6,v44401584
2006,0.00,"St. John's, Newfoundland and Labrador",3.95.6,v44401584
2007,0.00,"St. John's, Newfoundland and Labrador",3.95.6,v44401584
2008,0.00,"St. John's, Newfoundland and Labrador",3.95.6,v44401584
2009,0.00,"St. John's, Newfoundland and Labrador",3.95.6,v44401584
2010,0.00,"St. John's, Newfoundland and Labrador",3.95.6,v44401584
2011,0.00,"St. John's, Newfoundland and Labrador",3.95.6,v44401584
2012,0.00,"St. John's, Newfoundland and Labrador",3.95.6,v44401584
2013,0.00,"St. John's, Newfoundland and Labrador",3.95.6,v44401584
2014,0.00,"St. John's, Newfoundland and Labrador",3.95.6,v44401584
2015,0.00,"St. John's, Newfoundland and Labrador",3.95.6,v44401584
1998,1.00,"Prince Edward Island",4.95.6,v44345866
1999,0.00,"Prince Edward Island",4.95.6,v44345866
2000,0.00,"Prince Edward Island",4.95.6,v44345866
2001,..,"Prince Edward Island",4.95.6,v44345866
2002,..,"Prince Edward Island",4.95.6,v44345866
2003,..,"Prince Edward Island",4.95.6,v44345866
2004,0.00,"Prince Edward Island",4.95.6,v44345866
2005,..,"Prince Edward Island",4.95.6,v44345866
2006,0.00,"Prince Edward Island",4.95.6,v44345866
2007,0.00,"Prince Edward Island",4.95.6,v44345866
2008,0.00,"Prince Edward Island",4.95.6,v44345866
2009,0.00,"Prince Edward Island",4.95.6,v44345866
2010,0.00,"Prince Edward Island",4.95.6,v44345866
2011,1.00,"Prince Edward Island",4.95.6,v44345866
2012,0.00,"Prince Edward Island",4.95.6,v44345866
2013,0.00,"Prince Edward Island",4.95.6,v44345866
2014,0.00,"Prince Edward Island",4.95.6,v44345866
2015,0.00,"Prince Edward Island",4.95.6,v44345866
1998,0.00,"Nova Scotia",5.95.6,v44393934
1999,0.00,"Nova Scotia",5.95.6,v44393934
2000,0.00,"Nova Scotia",5.95.6,v44393934
2001,0.00,"Nova Scotia",5.95.6,v44393934
2002,0.00,"Nova Scotia",5.95.6,v44393934
2003,0.00,"Nova Scotia",5.95.6,v44393934
2004,0.00,"Nova Scotia",5.95.6,v44393934
2005,0.00,"Nova Scotia",5.95.6,v44393934
2006,0.00,"Nova Scotia",5.95.6,v44393934
2007,0.00,"Nova Scotia",5.95.6,v44393934
2008,0.00,"Nova Scotia",5.95.6,v44393934
2009,1.00,"Nova Scotia",5.95.6,v44393934
2010,0.00,"Nova Scotia",5.95.6,v44393934
2011,0.00,"Nova Scotia",5.95.6,v44393934
2012,0.00,"Nova Scotia",5.95.6,v44393934
2013,1.00,"Nova Scotia",5.95.6,v44393934
2014,0.00,"Nova Scotia",5.95.6,v44393934
2015,0.00,"Nova Scotia",5.95.6,v44393934
1998,0.00,"Halifax, Nova Scotia",6.95.6,v44353905
1999,0.00,"Halifax, Nova Scotia",6.95.6,v44353905
2000,..,"Halifax, Nova Scotia",6.95.6,v44353905
2001,..,"Halifax, Nova Scotia",6.95.6,v44353905
2002,..,"Halifax, Nova Scotia",6.95.6,v44353905
2003,..,"Halifax, Nova Scotia",6.95.6,v44353905
2004,0.00,"Halifax, Nova Scotia",6.95.6,v44353905
2005,0.00,"Halifax, Nova Scotia",6.95.6,v44353905
2006,0.00,"Halifax, Nova Scotia",6.95.6,v44353905
2007,0.00,"Halifax, Nova Scotia",6.95.6,v44353905
2008,0.00,"Halifax, Nova Scotia",6.95.6,v44353905
2009,1.00,"Halifax, Nova Scotia",6.95.6,v44353905
2010,0.00,"Halifax, Nova Scotia",6.95.6,v44353905
2011,0.00,"Halifax, Nova Scotia",6.95.6,v44353905
2012,0.00,"Halifax, Nova Scotia",6.95.6,v44353905
2013,0.00,"Halifax, Nova Scotia",6.95.6,v44353905
2014,0.00,"Halifax, Nova Scotia",6.95.6,v44353905
2015,0.00,"Halifax, Nova Scotia",6.95.6,v44353905
1998,0.00,"New Brunswick",7.95.6,v44343250
1999,0.00,"New Brunswick",7.95.6,v44343250
2000,0.00,"New Brunswick",7.95.6,v44343250
2001,0.00,"New Brunswick",7.95.6,v44343250
2002,0.00,"New Brunswick",7.95.6,v44343250
2003,0.00,"New Brunswick",7.95.6,v44343250
2004,0.00,"New Brunswick",7.95.6,v44343250
2005,0.00,"New Brunswick",7.95.6,v44343250
2006,0.00,"New Brunswick",7.95.6,v44343250
2007,0.00,"New Brunswick",7.95.6,v44343250
2008,0.00,"New Brunswick",7.95.6,v44343250
2009,0.00,"New Brunswick",7.95.6,v44343250
2010,0.00,"New Brunswick",7.95.6,v44343250
2011,1.00,"New Brunswick",7.95.6,v44343250
2012,0.00,"New Brunswick",7.95.6,v44343250
2013,0.00,"New Brunswick",7.95.6,v44343250
2014,0.00,"New Brunswick",7.95.6,v44343250
2015,0.00,"New Brunswick",7.95.6,v44343250
2006,0.00,"Moncton, New Brunswick",43.95.6,v62126324
2007,0.00,"Moncton, New Brunswick",43.95.6,v62126324
2008,0.00,"Moncton, New Brunswick",43.95.6,v62126324
2009,0.00,"Moncton, New Brunswick",43.95.6,v62126324
2010,0.00,"Moncton, New Brunswick",43.95.6,v62126324
2011,0.00,"Moncton, New Brunswick",43.95.6,v62126324
2012,0.00,"Moncton, New Brunswick",43.95.6,v62126324
2013,0.00,"Moncton, New Brunswick",43.95.6,v62126324
2014,0.00,"Moncton, New Brunswick",43.95.6,v62126324
2015,0.00,"Moncton, New Brunswick",43.95.6,v62126324
1998,0.00,"Saint John, New Brunswick",8.95.6,v44398016
1999,..,"Saint John, New Brunswick",8.95.6,v44398016
2000,0.00,"Saint John, New Brunswick",8.95.6,v44398016
2001,0.00,"Saint John, New Brunswick",8.95.6,v44398016
2002,..,"Saint John, New Brunswick",8.95.6,v44398016
2003,0.00,"Saint John, New Brunswick",8.95.6,v44398016
2004,0.00,"Saint John, New Brunswick",8.95.6,v44398016
2005,0.00,"Saint John, New Brunswick",8.95.6,v44398016
2006,0.00,"Saint John, New Brunswick",8.95.6,v44398016
2007,0.00,"Saint John, New Brunswick",8.95.6,v44398016
2008,0.00,"Saint John, New Brunswick",8.95.6,v44398016
2009,0.00,"Saint John, New Brunswick",8.95.6,v44398016
2010,0.00,"Saint John, New Brunswick",8.95.6,v44398016
2011,1.00,"Saint John, New Brunswick",8.95.6,v44398016
2012,0.00,"Saint John, New Brunswick",8.95.6,v44398016
2013,0.00,"Saint John, New Brunswick",8.95.6,v44398016
2014,0.00,"Saint John, New Brunswick",8.95.6,v44398016
2015,0.00,"Saint John, New Brunswick",8.95.6,v44398016
1998,0.00,"Quebec",9.95.6,v44401017
1999,0.00,"Quebec",9.95.6,v44401017
2000,0.00,"Quebec",9.95.6,v44401017
2001,0.00,"Quebec",9.95.6,v44401017
2002,0.00,"Quebec",9.95.6,v44401017
2003,0.00,"Quebec",9.95.6,v44401017
2004,1.00,"Quebec",9.95.6,v44401017
2005,0.00,"Quebec",9.95.6,v44401017
2006,3.00,"Quebec",9.95.6,v44401017
2007,0.00,"Quebec",9.95.6,v44401017
2008,0.00,"Quebec",9.95.6,v44401017
2009,0.00,"Quebec",9.95.6,v44401017
2010,0.00,"Quebec",9.95.6,v44401017
2011,0.00,"Quebec",9.95.6,v44401017
2012,1.00,"Quebec",9.95.6,v44401017
2013,1.00,"Quebec",9.95.6,v44401017
2014,1.00,"Quebec",9.95.6,v44401017
2015,1.00,"Quebec",9.95.6,v44401017
1998,0.00,"Saguenay, Quebec",10.95.6,v44334997
1999,0.00,"Saguenay, Quebec",10.95.6,v44334997
2000,..,"Saguenay, Quebec",10.95.6,v44334997
2001,0.00,"Saguenay, Quebec",10.95.6,v44334997
2002,..,"Saguenay, Quebec",10.95.6,v44334997
2003,..,"Saguenay, Quebec",10.95.6,v44334997
2004,..,"Saguenay, Quebec",10.95.6,v44334997
2005,..,"Saguenay, Quebec",10.95.6,v44334997
2006,0.00,"Saguenay, Quebec",10.95.6,v44334997
2007,0.00,"Saguenay, Quebec",10.95.6,v44334997
2008,0.00,"Saguenay, Quebec",10.95.6,v44334997
2009,0.00,"Saguenay, Quebec",10.95.6,v44334997
2010,0.00,"Saguenay, Quebec",10.95.6,v44334997
2011,0.00,"Saguenay, Quebec",10.95.6,v44334997
2012,0.00,"Saguenay, Quebec",10.95.6,v44334997
2013,0.00,"Saguenay, Quebec",10.95.6,v44334997
2014,0.00,"Saguenay, Quebec",10.95.6,v44334997
2015,0.00,"Saguenay, Quebec",10.95.6,v44334997
1998,0.00,"Sherbrooke, Quebec",12.95.6,v44330414
1999,..,"Sherbrooke, Quebec",12.95.6,v44330414
2000,..,"Sherbrooke, Quebec",12.95.6,v44330414
2001,..,"Sherbrooke, Quebec",12.95.6,v44330414
2002,0.00,"Sherbrooke, Quebec",12.95.6,v44330414
2003,0.00,"Sherbrooke, Quebec",12.95.6,v44330414
2004,0.00,"Sherbrooke, Quebec",12.95.6,v44330414
2005,..,"Sherbrooke, Quebec",12.95.6,v44330414
2006,0.00,"Sherbrooke, Quebec",12.95.6,v44330414
2007,0.00,"Sherbrooke, Quebec",12.95.6,v44330414
2008,0.00,"Sherbrooke, Quebec",12.95.6,v44330414
2009,0.00,"Sherbrooke, Quebec",12.95.6,v44330414
2010,0.00,"Sherbrooke, Quebec",12.95.6,v44330414
2011,0.00,"Sherbrooke, Quebec",12.95.6,v44330414
2012,0.00,"Sherbrooke, Quebec",12.95.6,v44330414
2013,0.00,"Sherbrooke, Quebec",12.95.6,v44330414
2014,0.00,"Sherbrooke, Quebec",12.95.6,v44330414
2015,0.00,"Sherbrooke, Quebec",12.95.6,v44330414
1998,0.00,"Ottawa-Gatineau, Quebec part",15.95.6,v44362485
1999,0.00,"Ottawa-Gatineau, Quebec part",15.95.6,v44362485
2000,..,"Ottawa-Gatineau, Quebec part",15.95.6,v44362485
2001,0.00,"Ottawa-Gatineau, Quebec part",15.95.6,v44362485
2002,..,"Ottawa-Gatineau, Quebec part",15.95.6,v44362485
2003,..,"Ottawa-Gatineau, Quebec part",15.95.6,v44362485
2004,..,"Ottawa-Gatineau, Quebec part",15.95.6,v44362485
2005,..,"Ottawa-Gatineau, Quebec part",15.95.6,v44362485
2006,0.00,"Ottawa-Gatineau, Quebec part",15.95.6,v44362485
2007,0.00,"Ottawa-Gatineau, Quebec part",15.95.6,v44362485
2008,0.00,"Ottawa-Gatineau, Quebec part",15.95.6,v44362485
2009,0.00,"Ottawa-Gatineau, Quebec part",15.95.6,v44362485
2010,0.00,"Ottawa-Gatineau, Quebec part",15.95.6,v44362485
2011,0.00,"Ottawa-Gatineau, Quebec part",15.95.6,v44362485
2012,0.00,"Ottawa-Gatineau, Quebec part",15.95.6,v44362485
2013,0.00,"Ottawa-Gatineau, Quebec part",15.95.6,v44362485
2014,0.00,"Ottawa-Gatineau, Quebec part",15.95.6,v44362485
2015,0.00,"Ottawa-Gatineau, Quebec part",15.95.6,v44362485
1998,13.00,"Ontario",16.95.6,v44365710
1999,2.00,"Ontario",16.95.6,v44365710
2000,3.00,"Ontario",16.95.6,v44365710
2001,0.00,"Ontario",16.95.6,v44365710
2002,2.00,"Ontario",16.95.6,v44365710
2003,0.00,"Ontario",16.95.6,v44365710
2004,1.00,"Ontario",16.95.6,v44365710
2005,0.00,"Ontario",16.95.6,v44365710
2006,2.00,"Ontario",16.95.6,v44365710
2007,1.00,"Ontario",16.95.6,v44365710
2008,3.00,"Ontario",16.95.6,v44365710
2009,2.00,"Ontario",16.95.6,v44365710
2010,3.00,"Ontario",16.95.6,v44365710
2011,3.00,"Ontario",16.95.6,v44365710
2012,4.00,"Ontario",16.95.6,v44365710
2013,7.00,"Ontario",16.95.6,v44365710
2014,5.00,"Ontario",16.95.6,v44365710
2015,7.00,"Ontario",16.95.6,v44365710
1998,1.00,"Ottawa-Gatineau, Ontario/Quebec",17.95.6,v52148534
1999,0.00,"Ottawa-Gatineau, Ontario/Quebec",17.95.6,v52148534
2000,0.00,"Ottawa-Gatineau, Ontario/Quebec",17.95.6,v52148534
2001,0.00,"Ottawa-Gatineau, Ontario/Quebec",17.95.6,v52148534
2002,..,"Ottawa-Gatineau, Ontario/Quebec",17.95.6,v52148534
2003,0.00,"Ottawa-Gatineau, Ontario/Quebec",17.95.6,v52148534
2004,..,"Ottawa-Gatineau, Ontario/Quebec",17.95.6,v52148534
2005,0.00,"Ottawa-Gatineau, Ontario/Quebec",17.95.6,v52148534
2006,0.00,"Ottawa-Gatineau, Ontario/Quebec",17.95.6,v52148534
2007,0.00,"Ottawa-Gatineau, Ontario/Quebec",17.95.6,v52148534
2008,1.00,"Ottawa-Gatineau, Ontario/Quebec",17.95.6,v52148534
2009,0.00,"Ottawa-Gatineau, Ontario/Quebec",17.95.6,v52148534
2010,1.00,"Ottawa-Gatineau, Ontario/Quebec",17.95.6,v52148534
2011,0.00,"Ottawa-Gatineau, Ontario/Quebec",17.95.6,v52148534
2012,1.00,"Ottawa-Gatineau, Ontario/Quebec",17.95.6,v52148534
2013,1.00,"Ottawa-Gatineau, Ontario/Quebec",17.95.6,v52148534
2014,1.00,"Ottawa-Gatineau, Ontario/Quebec",17.95.6,v52148534
2015,0.00,"Ottawa-Gatineau, Ontario/Quebec",17.95.6,v52148534
1998,1.00,"Ottawa-Gatineau, Ontario part",18.95.6,v44375227
1999,0.00,"Ottawa-Gatineau, Ontario part",18.95.6,v44375227
2000,0.00,"Ottawa-Gatineau, Ontario part",18.95.6,v44375227
2001,0.00,"Ottawa-Gatineau, Ontario part",18.95.6,v44375227
2002,..,"Ottawa-Gatineau, Ontario part",18.95.6,v44375227
2003,0.00,"Ottawa-Gatineau, Ontario part",18.95.6,v44375227
2004,..,"Ottawa-Gatineau, Ontario part",18.95.6,v44375227
2005,0.00,"Ottawa-Gatineau, Ontario part",18.95.6,v44375227
2006,0.00,"Ottawa-Gatineau, Ontario part",18.95.6,v44375227
2007,0.00,"Ottawa-Gatineau, Ontario part",18.95.6,v44375227
2008,1.00,"Ottawa-Gatineau, Ontario part",18.95.6,v44375227
2009,0.00,"Ottawa-Gatineau, Ontario part",18.95.6,v44375227
2010,1.00,"Ottawa-Gatineau, Ontario part",18.95.6,v44375227
2011,0.00,"Ottawa-Gatineau, Ontario part",18.95.6,v44375227
2012,1.00,"Ottawa-Gatineau, Ontario part",18.95.6,v44375227
2013,1.00,"Ottawa-Gatineau, Ontario part",18.95.6,v44375227
2014,1.00,"Ottawa-Gatineau, Ontario part",18.95.6,v44375227
2015,0.00,"Ottawa-Gatineau, Ontario part",18.95.6,v44375227
2000,..,"Kingston, Ontario",27.95.6,v44393478
2001,0.00,"Kingston, Ontario",27.95.6,v44393478
2002,0.00,"Kingston, Ontario",27.95.6,v44393478
2003,..,"Kingston, Ontario",27.95.6,v44393478
2004,..,"Kingston, Ontario",27.95.6,v44393478
2005,..,"Kingston, Ontario",27.95.6,v44393478
2006,0.00,"Kingston, Ontario",27.95.6,v44393478
2007,0.00,"Kingston, Ontario",27.95.6,v44393478
2008,0.00,"Kingston, Ontario",27.95.6,v44393478
2009,0.00,"Kingston, Ontario",27.95.6,v44393478
2010,0.00,"Kingston, Ontario",27.95.6,v44393478
2011,0.00,"Kingston, Ontario",27.95.6,v44393478
2012,0.00,"Kingston, Ontario",27.95.6,v44393478
2013,0.00,"Kingston, Ontario",27.95.6,v44393478
2014,0.00,"Kingston, Ontario",27.95.6,v44393478
2015,0.00,"Kingston, Ontario",27.95.6,v44393478
2005,..,"Peterborough, Ontario",44.95.6,v52122695
2006,0.00,"Peterborough, Ontario",44.95.6,v52122695
2007,0.00,"Peterborough, Ontario",44.95.6,v52122695
2008,0.00,"Peterborough, Ontario",44.95.6,v52122695
2009,0.00,"Peterborough, Ontario",44.95.6,v52122695
2010,0.00,"Peterborough, Ontario",44.95.6,v52122695
2011,0.00,"Peterborough, Ontario",44.95.6,v52122695
2012,0.00,"Peterborough, Ontario",44.95.6,v52122695
2013,0.00,"Peterborough, Ontario",44.95.6,v52122695
2014,0.00,"Peterborough, Ontario",44.95.6,v52122695
2015,0.00,"Peterborough, Ontario",44.95.6,v52122695
1998,0.00,"Toronto, Ontario",19.95.6,v44410781
1999,0.00,"Toronto, Ontario",19.95.6,v44410781
2000,0.00,"Toronto, Ontario",19.95.6,v44410781
2001,0.00,"Toronto, Ontario",19.95.6,v44410781
2002,0.00,"Toronto, Ontario",19.95.6,v44410781
2003,0.00,"Toronto, Ontario",19.95.6,v44410781
2004,1.00,"Toronto, Ontario",19.95.6,v44410781
2005,0.00,"Toronto, Ontario",19.95.6,v44410781
2006,1.00,"Toronto, Ontario",19.95.6,v44410781
2007,0.00,"Toronto, Ontario",19.95.6,v44410781
2008,0.00,"Toronto, Ontario",19.95.6,v44410781
2009,1.00,"Toronto, Ontario",19.95.6,v44410781
2010,0.00,"Toronto, Ontario",19.95.6,v44410781
2011,0.00,"Toronto, Ontario",19.95.6,v44410781
2012,0.00,"Toronto, Ontario",19.95.6,v44410781
2013,1.00,"Toronto, Ontario",19.95.6,v44410781
2014,1.00,"Toronto, Ontario",19.95.6,v44410781
2015,0.00,"Toronto, Ontario",19.95.6,v44410781
1998,0.00,"Hamilton, Ontario",20.95.6,v44330806
1999,0.00,"Hamilton, Ontario",20.95.6,v44330806
2000,0.00,"Hamilton, Ontario",20.95.6,v44330806
2001,..,"Hamilton, Ontario",20.95.6,v44330806
2002,..,"Hamilton, Ontario",20.95.6,v44330806
2003,0.00,"Hamilton, Ontario",20.95.6,v44330806
2004,0.00,"Hamilton, Ontario",20.95.6,v44330806
2005,..,"Hamilton, Ontario",20.95.6,v44330806
2006,0.00,"Hamilton, Ontario",20.95.6,v44330806
2007,0.00,"Hamilton, Ontario",20.95.6,v44330806
2008,0.00,"Hamilton, Ontario",20.95.6,v44330806
2009,0.00,"Hamilton, Ontario",20.95.6,v44330806
2010,0.00,"Hamilton, Ontario",20.95.6,v44330806
2011,0.00,"Hamilton, Ontario",20.95.6,v44330806
2012,0.00,"Hamilton, Ontario",20.95.6,v44330806
2013,0.00,"Hamilton, Ontario",20.95.6,v44330806
2014,0.00,"Hamilton, Ontario",20.95.6,v44330806
2015,1.00,"Hamilton, Ontario",20.95.6,v44330806
1998,0.00,"St.Catharines-Niagara, Ontario",21.95.6,v44409627
1999,0.00,"St.Catharines-Niagara, Ontario",21.95.6,v44409627
2000,0.00,"St.Catharines-Niagara, Ontario",21.95.6,v44409627
2001,..,"St.Catharines-Niagara, Ontario",21.95.6,v44409627
2002,0.00,"St.Catharines-Niagara, Ontario",21.95.6,v44409627
2003,..,"St.Catharines-Niagara, Ontario",21.95.6,v44409627
2004,0.00,"St.Catharines-Niagara, Ontario",21.95.6,v44409627
2005,0.00,"St.Catharines-Niagara, Ontario",21.95.6,v44409627
2006,0.00,"St.Catharines-Niagara, Ontario",21.95.6,v44409627
2007,1.00,"St.Catharines-Niagara, Ontario",21.95.6,v44409627
2008,2.00,"St.Catharines-Niagara, Ontario",21.95.6,v44409627
2009,1.00,"St.Catharines-Niagara, Ontario",21.95.6,v44409627
2010,1.00,"St.Catharines-Niagara, Ontario",21.95.6,v44409627
2011,2.00,"St.Catharines-Niagara, Ontario",21.95.6,v44409627
2012,0.00,"St.Catharines-Niagara, Ontario",21.95.6,v44409627
2013,4.00,"St.Catharines-Niagara, Ontario",21.95.6,v44409627
2014,2.00,"St.Catharines-Niagara, Ontario",21.95.6,v44409627
2015,0.00,"St.Catharines-Niagara, Ontario",21.95.6,v44409627
1998,0.00,"Kitchener-Cambridge-Waterloo, Ontario",22.95.6,v44345103
1999,..,"Kitchener-Cambridge-Waterloo, Ontario",22.95.6,v44345103
2000,..,"Kitchener-Cambridge-Waterloo, Ontario",22.95.6,v44345103
2001,..,"Kitchener-Cambridge-Waterloo, Ontario",22.95.6,v44345103
2002,..,"Kitchener-Cambridge-Waterloo, Ontario",22.95.6,v44345103
2003,..,"Kitchener-Cambridge-Waterloo, Ontario",22.95.6,v44345103
2004,0.00,"Kitchener-Cambridge-Waterloo, Ontario",22.95.6,v44345103
2005,0.00,"Kitchener-Cambridge-Waterloo, Ontario",22.95.6,v44345103
2006,0.00,"Kitchener-Cambridge-Waterloo, Ontario",22.95.6,v44345103
2007,0.00,"Kitchener-Cambridge-Waterloo, Ontario",22.95.6,v44345103
2008,0.00,"Kitchener-Cambridge-Waterloo, Ontario",22.95.6,v44345103
2009,0.00,"Kitchener-Cambridge-Waterloo, Ontario",22.95.6,v44345103
2010,0.00,"Kitchener-Cambridge-Waterloo, Ontario",22.95.6,v44345103
2011,0.00,"Kitchener-Cambridge-Waterloo, Ontario",22.95.6,v44345103
2012,0.00,"Kitchener-Cambridge-Waterloo, Ontario",22.95.6,v44345103
2013,0.00,"Kitchener-Cambridge-Waterloo, Ontario",22.95.6,v44345103
2014,0.00,"Kitchener-Cambridge-Waterloo, Ontario",22.95.6,v44345103
2015,1.00,"Kitchener-Cambridge-Waterloo, Ontario",22.95.6,v44345103
2006,0.00,"Brantford, Ontario",45.95.6,v62132624
2007,0.00,"Brantford, Ontario",45.95.6,v62132624
2008,0.00,"Brantford, Ontario",45.95.6,v62132624
2009,0.00,"Brantford, Ontario",45.95.6,v62132624
2010,0.00,"Brantford, Ontario",45.95.6,v62132624
2011,0.00,"Brantford, Ontario",45.95.6,v62132624
2012,0.00,"Brantford, Ontario",45.95.6,v62132624
2013,0.00,"Brantford, Ontario",45.95.6,v62132624
2014,0.00,"Brantford, Ontario",45.95.6,v62132624
2015,0.00,"Brantford, Ontario",45.95.6,v62132624
2005,..,"Guelph, Ontario",46.95.6,v52119775
2006,0.00,"Guelph, Ontario",46.95.6,v52119775
2007,0.00,"Guelph, Ontario",46.95.6,v52119775
2008,0.00,"Guelph, Ontario",46.95.6,v52119775
2009,0.00,"Guelph, Ontario",46.95.6,v52119775
2010,0.00,"Guelph, Ontario",46.95.6,v52119775
2011,0.00,"Guelph, Ontario",46.95.6,v52119775
2012,0.00,"Guelph, Ontario",46.95.6,v52119775
2013,0.00,"Guelph, Ontario",46.95.6,v52119775
2014,0.00,"Guelph, Ontario",46.95.6,v52119775
2015,0.00,"Guelph, Ontario",46.95.6,v52119775
1998,1.00,"London, Ontario",23.95.6,v44374845
1999,0.00,"London, Ontario",23.95.6,v44374845
2000,0.00,"London, Ontario",23.95.6,v44374845
2001,0.00,"London, Ontario",23.95.6,v44374845
2002,0.00,"London, Ontario",23.95.6,v44374845
2003,..,"London, Ontario",23.95.6,v44374845
2004,0.00,"London, Ontario",23.95.6,v44374845
2005,0.00,"London, Ontario",23.95.6,v44374845
2006,0.00,"London, Ontario",23.95.6,v44374845
2007,0.00,"London, Ontario",23.95.6,v44374845
2008,0.00,"London, Ontario",23.95.6,v44374845
2009,0.00,"London, Ontario",23.95.6,v44374845
2010,0.00,"London, Ontario",23.95.6,v44374845
2011,0.00,"London, Ontario",23.95.6,v44374845
2012,1.00,"London, Ontario",23.95.6,v44374845
2013,0.00,"London, Ontario",23.95.6,v44374845
2014,0.00,"London, Ontario",23.95.6,v44374845
2015,1.00,"London, Ontario",23.95.6,v44374845
1998,0.00,"Windsor, Ontario",24.95.6,v44365092
1999,0.00,"Windsor, Ontario",24.95.6,v44365092
2000,0.00,"Windsor, Ontario",24.95.6,v44365092
2001,0.00,"Windsor, Ontario",24.95.6,v44365092
2002,0.00,"Windsor, Ontario",24.95.6,v44365092
2003,..,"Windsor, Ontario",24.95.6,v44365092
2004,0.00,"Windsor, Ontario",24.95.6,v44365092
2005,0.00,"Windsor, Ontario",24.95.6,v44365092
2006,0.00,"Windsor, Ontario",24.95.6,v44365092
2007,0.00,"Windsor, Ontario",24.95.6,v44365092
2008,0.00,"Windsor, Ontario",24.95.6,v44365092
2009,0.00,"Windsor, Ontario",24.95.6,v44365092
2010,0.00,"Windsor, Ontario",24.95.6,v44365092
2011,0.00,"Windsor, Ontario",24.95.6,v44365092
2012,0.00,"Windsor, Ontario",24.95.6,v44365092
2013,0.00,"Windsor, Ontario",24.95.6,v44365092
2014,0.00,"Windsor, Ontario",24.95.6,v44365092
2015,0.00,"Windsor, Ontario",24.95.6,v44365092
2006,0.00,"Barrie, Ontario",47.95.6,v52145187
2007,0.00,"Barrie, Ontario",47.95.6,v52145187
2008,0.00,"Barrie, Ontario",47.95.6,v52145187
2009,0.00,"Barrie, Ontario",47.95.6,v52145187
2010,0.00,"Barrie, Ontario",47.95.6,v52145187
2011,0.00,"Barrie, Ontario",47.95.6,v52145187
2012,0.00,"Barrie, Ontario",47.95.6,v52145187
2013,0.00,"Barrie, Ontario",47.95.6,v52145187
2014,0.00,"Barrie, Ontario",47.95.6,v52145187
2015,2.00,"Barrie, Ontario",47.95.6,v52145187
1998,0.00,"Sudbury, Ontario",25.95.6,v44388739
1999,0.00,"Sudbury, Ontario",25.95.6,v44388739
2000,0.00,"Sudbury, Ontario",25.95.6,v44388739
2001,..,"Sudbury, Ontario",25.95.6,v44388739
2002,..,"Sudbury, Ontario",25.95.6,v44388739
2003,0.00,"Sudbury, Ontario",25.95.6,v44388739
2004,..,"Sudbury, Ontario",25.95.6,v44388739
2005,..,"Sudbury, Ontario",25.95.6,v44388739
2006,0.00,"Sudbury, Ontario",25.95.6,v44388739
2007,0.00,"Sudbury, Ontario",25.95.6,v44388739
2008,0.00,"Sudbury, Ontario",25.95.6,v44388739
2009,0.00,"Sudbury, Ontario",25.95.6,v44388739
2010,0.00,"Sudbury, Ontario",25.95.6,v44388739
2011,0.00,"Sudbury, Ontario",25.95.6,v44388739
2012,0.00,"Sudbury, Ontario",25.95.6,v44388739
2013,0.00,"Sudbury, Ontario",25.95.6,v44388739
2014,0.00,"Sudbury, Ontario",25.95.6,v44388739
2015,0.00,"Sudbury, Ontario",25.95.6,v44388739
1998,0.00,"Thunder Bay, Ontario",26.95.6,v44378314
1999,0.00,"Thunder Bay, Ontario",26.95.6,v44378314
2000,0.00,"Thunder Bay, Ontario",26.95.6,v44378314
2001,0.00,"Thunder Bay, Ontario",26.95.6,v44378314
2002,..,"Thunder Bay, Ontario",26.95.6,v44378314
2003,..,"Thunder Bay, Ontario",26.95.6,v44378314
2004,0.00,"Thunder Bay, Ontario",26.95.6,v44378314
2005,0.00,"Thunder Bay, Ontario",26.95.6,v44378314
2006,0.00,"Thunder Bay, Ontario",26.95.6,v44378314
2007,0.00,"Thunder Bay, Ontario",26.95.6,v44378314
2008,0.00,"Thunder Bay, Ontario",26.95.6,v44378314
2009,0.00,"Thunder Bay, Ontario",26.95.6,v44378314
2010,0.00,"Thunder Bay, Ontario",26.95.6,v44378314
2011,0.00,"Thunder Bay, Ontario",26.95.6,v44378314
2012,0.00,"Thunder Bay, Ontario",26.95.6,v44378314
2013,1.00,"Thunder Bay, Ontario",26.95.6,v44378314
2014,0.00,"Thunder Bay, Ontario",26.95.6,v44378314
2015,0.00,"Thunder Bay, Ontario",26.95.6,v44378314
1998,3.00,"Manitoba",28.95.6,v44348477
1999,0.00,"Manitoba",28.95.6,v44348477
2000,1.00,"Manitoba",28.95.6,v44348477
2001,0.00,"Manitoba",28.95.6,v44348477
2002,0.00,"Manitoba",28.95.6,v44348477
2003,0.00,"Manitoba",28.95.6,v44348477
2004,0.00,"Manitoba",28.95.6,v44348477
2005,0.00,"Manitoba",28.95.6,v44348477
2006,1.00,"Manitoba",28.95.6,v44348477
2007,1.00,"Manitoba",28.95.6,v44348477
2008,4.00,"Manitoba",28.95.6,v44348477
2009,0.00,"Manitoba",28.95.6,v44348477
2010,2.00,"Manitoba",28.95.6,v44348477
2011,3.00,"Manitoba",28.95.6,v44348477
2012,4.00,"Manitoba",28.95.6,v44348477
2013,1.00,"Manitoba",28.95.6,v44348477
2014,1.00,"Manitoba",28.95.6,v44348477
2015,1.00,"Manitoba",28.95.6,v44348477
1998,0.00,"Winnipeg, Manitoba",29.95.6,v44380944
1999,0.00,"Winnipeg, Manitoba",29.95.6,v44380944
2000,1.00,"Winnipeg, Manitoba",29.95.6,v44380944
2001,..,"Winnipeg, Manitoba",29.95.6,v44380944
2002,0.00,"Winnipeg, Manitoba",29.95.6,v44380944
2003,0.00,"Winnipeg, Manitoba",29.95.6,v44380944
2004,0.00,"Winnipeg, Manitoba",29.95.6,v44380944
2005,..,"Winnipeg, Manitoba",29.95.6,v44380944
2006,0.00,"Winnipeg, Manitoba",29.95.6,v44380944
2007,0.00,"Winnipeg, Manitoba",29.95.6,v44380944
2008,1.00,"Winnipeg, Manitoba",29.95.6,v44380944
2009,0.00,"Winnipeg, Manitoba",29.95.6,v44380944
2010,0.00,"Winnipeg, Manitoba",29.95.6,v44380944
2011,0.00,"Winnipeg, Manitoba",29.95.6,v44380944
2012,0.00,"Winnipeg, Manitoba",29.95.6,v44380944
2013,1.00,"Winnipeg, Manitoba",29.95.6,v44380944
2014,0.00,"Winnipeg, Manitoba",29.95.6,v44380944
2015,0.00,"Winnipeg, Manitoba",29.95.6,v44380944
1998,5.00,"Saskatchewan",30.95.6,v44354924
1999,0.00,"Saskatchewan",30.95.6,v44354924
2000,0.00,"Saskatchewan",30.95.6,v44354924
2001,0.00,"Saskatchewan",30.95.6,v44354924
2002,0.00,"Saskatchewan",30.95.6,v44354924
2003,0.00,"Saskatchewan",30.95.6,v44354924
2004,0.00,"Saskatchewan",30.95.6,v44354924
2005,0.00,"Saskatchewan",30.95.6,v44354924
2006,0.00,"Saskatchewan",30.95.6,v44354924
2007,0.00,"Saskatchewan",30.95.6,v44354924
2008,1.00,"Saskatchewan",30.95.6,v44354924
2009,1.00,"Saskatchewan",30.95.6,v44354924
2010,2.00,"Saskatchewan",30.95.6,v44354924
2011,1.00,"Saskatchewan",30.95.6,v44354924
2012,3.00,"Saskatchewan",30.95.6,v44354924
2013,1.00,"Saskatchewan",30.95.6,v44354924
2014,2.00,"Saskatchewan",30.95.6,v44354924
2015,2.00,"Saskatchewan",30.95.6,v44354924
1998,0.00,"Regina, Saskatchewan",31.95.6,v44394127
1999,0.00,"Regina, Saskatchewan",31.95.6,v44394127
2000,..,"Regina, Saskatchewan",31.95.6,v44394127
2001,..,"Regina, Saskatchewan",31.95.6,v44394127
2002,..,"Regina, Saskatchewan",31.95.6,v44394127
2003,..,"Regina, Saskatchewan",31.95.6,v44394127
2004,..,"Regina, Saskatchewan",31.95.6,v44394127
2005,0.00,"Regina, Saskatchewan",31.95.6,v44394127
2006,0.00,"Regina, Saskatchewan",31.95.6,v44394127
2007,0.00,"Regina, Saskatchewan",31.95.6,v44394127
2008,0.00,"Regina, Saskatchewan",31.95.6,v44394127
2009,0.00,"Regina, Saskatchewan",31.95.6,v44394127
2010,0.00,"Regina, Saskatchewan",31.95.6,v44394127
2011,1.00,"Regina, Saskatchewan",31.95.6,v44394127
2012,0.00,"Regina, Saskatchewan",31.95.6,v44394127
2013,0.00,"Regina, Saskatchewan",31.95.6,v44394127
2014,0.00,"Regina, Saskatchewan",31.95.6,v44394127
2015,0.00,"Regina, Saskatchewan",31.95.6,v44394127
1998,0.00,"Saskatoon, Saskatchewan",32.95.6,v44385258
1999,..,"Saskatoon, Saskatchewan",32.95.6,v44385258
2000,..,"Saskatoon, Saskatchewan",32.95.6,v44385258
2001,0.00,"Saskatoon, Saskatchewan",32.95.6,v44385258
2002,..,"Saskatoon, Saskatchewan",32.95.6,v44385258
2003,0.00,"Saskatoon, Saskatchewan",32.95.6,v44385258
2004,0.00,"Saskatoon, Saskatchewan",32.95.6,v44385258
2005,0.00,"Saskatoon, Saskatchewan",32.95.6,v44385258
2006,0.00,"Saskatoon, Saskatchewan",32.95.6,v44385258
2007,0.00,"Saskatoon, Saskatchewan",32.95.6,v44385258
2008,0.00,"Saskatoon, Saskatchewan",32.95.6,v44385258
2009,0.00,"Saskatoon, Saskatchewan",32.95.6,v44385258
2010,2.00,"Saskatoon, Saskatchewan",32.95.6,v44385258
2011,0.00,"Saskatoon, Saskatchewan",32.95.6,v44385258
2012,2.00,"Saskatoon, Saskatchewan",32.95.6,v44385258
2013,0.00,"Saskatoon, Saskatchewan",32.95.6,v44385258
2014,1.00,"Saskatoon, Saskatchewan",32.95.6,v44385258
2015,0.00,"Saskatoon, Saskatchewan",32.95.6,v44385258
1998,1.00,"Alberta",33.95.6,v44365423
1999,0.00,"Alberta",33.95.6,v44365423
2000,0.00,"Alberta",33.95.6,v44365423
2001,0.00,"Alberta",33.95.6,v44365423
2002,0.00,"Alberta",33.95.6,v44365423
2003,0.00,"Alberta",33.95.6,v44365423
2004,0.00,"Alberta",33.95.6,v44365423
2005,2.00,"Alberta",33.95.6,v44365423
2006,1.00,"Alberta",33.95.6,v44365423
2007,2.00,"Alberta",33.95.6,v44365423
2008,1.00,"Alberta",33.95.6,v44365423
2009,3.00,"Alberta",33.95.6,v44365423
2010,6.00,"Alberta",33.95.6,v44365423
2011,1.00,"Alberta",33.95.6,v44365423
2012,2.00,"Alberta",33.95.6,v44365423
2013,6.00,"Alberta",33.95.6,v44365423
2014,7.00,"Alberta",33.95.6,v44365423
2015,25.00,"Alberta",33.95.6,v44365423
1998,0.00,"Calgary, Alberta",34.95.6,v44397746
1999,0.00,"Calgary, Alberta",34.95.6,v44397746
2000,0.00,"Calgary, Alberta",34.95.6,v44397746
2001,0.00,"Calgary, Alberta",34.95.6,v44397746
2002,0.00,"Calgary, Alberta",34.95.6,v44397746
2003,0.00,"Calgary, Alberta",34.95.6,v44397746
2004,0.00,"Calgary, Alberta",34.95.6,v44397746
2005,0.00,"Calgary, Alberta",34.95.6,v44397746
2006,0.00,"Calgary, Alberta",34.95.6,v44397746
2007,0.00,"Calgary, Alberta",34.95.6,v44397746
2008,0.00,"Calgary, Alberta",34.95.6,v44397746
2009,1.00,"Calgary, Alberta",34.95.6,v44397746
2010,2.00,"Calgary, Alberta",34.95.6,v44397746
2011,0.00,"Calgary, Alberta",34.95.6,v44397746
2012,0.00,"Calgary, Alberta",34.95.6,v44397746
2013,2.00,"Calgary, Alberta",34.95.6,v44397746
2014,3.00,"Calgary, Alberta",34.95.6,v44397746
2015,18.00,"Calgary, Alberta",34.95.6,v44397746
1998,1.00,"Edmonton, Alberta",35.95.6,v44416226
1999,0.00,"Edmonton, Alberta",35.95.6,v44416226
2000,..,"Edmonton, Alberta",35.95.6,v44416226
2001,0.00,"Edmonton, Alberta",35.95.6,v44416226
2002,0.00,"Edmonton, Alberta",35.95.6,v44416226
2003,0.00,"Edmonton, Alberta",35.95.6,v44416226
2004,0.00,"Edmonton, Alberta",35.95.6,v44416226
2005,..,"Edmonton, Alberta",35.95.6,v44416226
2006,1.00,"Edmonton, Alberta",35.95.6,v44416226
2007,0.00,"Edmonton, Alberta",35.95.6,v44416226
2008,0.00,"Edmonton, Alberta",35.95.6,v44416226
2009,0.00,"Edmonton, Alberta",35.95.6,v44416226
2010,2.00,"Edmonton, Alberta",35.95.6,v44416226
2011,0.00,"Edmonton, Alberta",35.95.6,v44416226
2012,0.00,"Edmonton, Alberta",35.95.6,v44416226
2013,4.00,"Edmonton, Alberta",35.95.6,v44416226
2014,2.00,"Edmonton, Alberta",35.95.6,v44416226
2015,0.00,"Edmonton, Alberta",35.95.6,v44416226
1998,5.00,"British Columbia",36.95.6,v44371257
1999,0.00,"British Columbia",36.95.6,v44371257
2000,0.00,"British Columbia",36.95.6,v44371257
2001,0.00,"British Columbia",36.95.6,v44371257
2002,0.00,"British Columbia",36.95.6,v44371257
2003,0.00,"British Columbia",36.95.6,v44371257
2004,0.00,"British Columbia",36.95.6,v44371257
2005,0.00,"British Columbia",36.95.6,v44371257
2006,1.00,"British Columbia",36.95.6,v44371257
2007,0.00,"British Columbia",36.95.6,v44371257
2008,2.00,"British Columbia",36.95.6,v44371257
2009,0.00,"British Columbia",36.95.6,v44371257
2010,2.00,"British Columbia",36.95.6,v44371257
2011,3.00,"British Columbia",36.95.6,v44371257
2012,4.00,"British Columbia",36.95.6,v44371257
2013,7.00,"British Columbia",36.95.6,v44371257
2014,2.00,"British Columbia",36.95.6,v44371257
2015,1.00,"British Columbia",36.95.6,v44371257
2006,0.00,"Kelowna, British Columbia",48.95.6,v62142074
2007,0.00,"Kelowna, British Columbia",48.95.6,v62142074
2008,0.00,"Kelowna, British Columbia",48.95.6,v62142074
2009,0.00,"Kelowna, British Columbia",48.95.6,v62142074
2010,0.00,"Kelowna, British Columbia",48.95.6,v62142074
2011,0.00,"Kelowna, British Columbia",48.95.6,v62142074
2012,0.00,"Kelowna, British Columbia",48.95.6,v62142074
2013,0.00,"Kelowna, British Columbia",48.95.6,v62142074
2014,0.00,"Kelowna, British Columbia",48.95.6,v62142074
2015,0.00,"Kelowna, British Columbia",48.95.6,v62142074
2006,0.00,"Abbotsford-Mission, British Columbia",39.95.6,v44348751
2007,0.00,"Abbotsford-Mission, British Columbia",39.95.6,v44348751
2008,0.00,"Abbotsford-Mission, British Columbia",39.95.6,v44348751
2009,0.00,"Abbotsford-Mission, British Columbia",39.95.6,v44348751
2010,0.00,"Abbotsford-Mission, British Columbia",39.95.6,v44348751
2011,0.00,"Abbotsford-Mission, British Columbia",39.95.6,v44348751
2012,0.00,"Abbotsford-Mission, British Columbia",39.95.6,v44348751
2013,0.00,"Abbotsford-Mission, British Columbia",39.95.6,v44348751
2014,0.00,"Abbotsford-Mission, British Columbia",39.95.6,v44348751
2015,1.00,"Abbotsford-Mission, British Columbia",39.95.6,v44348751
1998,0.00,"Vancouver, British Columbia",37.95.6,v44364152
1999,0.00,"Vancouver, British Columbia",37.95.6,v44364152
2000,0.00,"Vancouver, British Columbia",37.95.6,v44364152
2001,0.00,"Vancouver, British Columbia",37.95.6,v44364152
2002,0.00,"Vancouver, British Columbia",37.95.6,v44364152
2003,0.00,"Vancouver, British Columbia",37.95.6,v44364152
2004,0.00,"Vancouver, British Columbia",37.95.6,v44364152
2005,0.00,"Vancouver, British Columbia",37.95.6,v44364152
2006,1.00,"Vancouver, British Columbia",37.95.6,v44364152
2007,0.00,"Vancouver, British Columbia",37.95.6,v44364152
2008,0.00,"Vancouver, British Columbia",37.95.6,v44364152
2009,0.00,"Vancouver, British Columbia",37.95.6,v44364152
2010,0.00,"Vancouver, British Columbia",37.95.6,v44364152
2011,1.00,"Vancouver, British Columbia",37.95.6,v44364152
2012,2.00,"Vancouver, British Columbia",37.95.6,v44364152
2013,7.00,"Vancouver, British Columbia",37.95.6,v44364152
2014,2.00,"Vancouver, British Columbia",37.95.6,v44364152
2015,0.00,"Vancouver, British Columbia",37.95.6,v44364152
1998,0.00,"Victoria, British Columbia",38.95.6,v44411174
1999,0.00,"Victoria, British Columbia",38.95.6,v44411174
2000,0.00,"Victoria, British Columbia",38.95.6,v44411174
2001,0.00,"Victoria, British Columbia",38.95.6,v44411174
2002,0.00,"Victoria, British Columbia",38.95.6,v44411174
2003,..,"Victoria, British Columbia",38.95.6,v44411174
2004,0.00,"Victoria, British Columbia",38.95.6,v44411174
2005,0.00,"Victoria, British Columbia",38.95.6,v44411174
2006,0.00,"Victoria, British Columbia",38.95.6,v44411174
2007,0.00,"Victoria, British Columbia",38.95.6,v44411174
2008,1.00,"Victoria, British Columbia",38.95.6,v44411174
2009,0.00,"Victoria, British Columbia",38.95.6,v44411174
2010,0.00,"Victoria, British Columbia",38.95.6,v44411174
2011,0.00,"Victoria, British Columbia",38.95.6,v44411174
2012,0.00,"Victoria, British Columbia",38.95.6,v44411174
2013,0.00,"Victoria, British Columbia",38.95.6,v44411174
2014,0.00,"Victoria, British Columbia",38.95.6,v44411174
2015,0.00,"Victoria, British Columbia",38.95.6,v44411174
1998,0.00,"Yukon",40.95.6,v44360985
1999,0.00,"Yukon",40.95.6,v44360985
2000,..,"Yukon",40.95.6,v44360985
2001,..,"Yukon",40.95.6,v44360985
2002,0.00,"Yukon",40.95.6,v44360985
2003,0.00,"Yukon",40.95.6,v44360985
2004,0.00,"Yukon",40.95.6,v44360985
2005,..,"Yukon",40.95.6,v44360985
2006,0.00,"Yukon",40.95.6,v44360985
2007,0.00,"Yukon",40.95.6,v44360985
2008,0.00,"Yukon",40.95.6,v44360985
2009,1.00,"Yukon",40.95.6,v44360985
2010,0.00,"Yukon",40.95.6,v44360985
2011,0.00,"Yukon",40.95.6,v44360985
2012,0.00,"Yukon",40.95.6,v44360985
2013,0.00,"Yukon",40.95.6,v44360985
2014,0.00,"Yukon",40.95.6,v44360985
2015,0.00,"Yukon",40.95.6,v44360985
1998,0.00,"Northwest Territories",41.95.6,v44417293
1999,..,"Northwest Territories",41.95.6,v44417293
2000,..,"Northwest Territories",41.95.6,v44417293
2001,0.00,"Northwest Territories",41.95.6,v44417293
2002,0.00,"Northwest Territories",41.95.6,v44417293
2003,0.00,"Northwest Territories",41.95.6,v44417293
2004,..,"Northwest Territories",41.95.6,v44417293
2005,..,"Northwest Territories",41.95.6,v44417293
2006,0.00,"Northwest Territories",41.95.6,v44417293
2007,0.00,"Northwest Territories",41.95.6,v44417293
2008,0.00,"Northwest Territories",41.95.6,v44417293
2009,0.00,"Northwest Territories",41.95.6,v44417293
2010,0.00,"Northwest Territories",41.95.6,v44417293
2011,0.00,"Northwest Territories",41.95.6,v44417293
2012,0.00,"Northwest Territories",41.95.6,v44417293
2013,0.00,"Northwest Territories",41.95.6,v44417293
2014,0.00,"Northwest Territories",41.95.6,v44417293
2015,1.00,"Northwest Territories",41.95.6,v44417293
2006,0.00,"Nunavut",42.95.6,v44373246
2007,0.00,"Nunavut",42.95.6,v44373246
2008,0.00,"Nunavut",42.95.6,v44373246
2009,0.00,"Nunavut",42.95.6,v44373246
2010,0.00,"Nunavut",42.95.6,v44373246
2011,0.00,"Nunavut",42.95.6,v44373246
2012,0.00,"Nunavut",42.95.6,v44373246
2013,0.00,"Nunavut",42.95.6,v44373246
2014,0.00,"Nunavut",42.95.6,v44373246
2015,0.00,"Nunavut",42.95.6,v44373246
