1998,326918.00,"Canada",1.82.1,v44397417
1999,312266.00,"Canada",1.82.1,v44397417
2000,326374.00,"Canada",1.82.1,v44397417
2001,333136.00,"Canada",1.82.1,v44397417
2002,333334.00,"Canada",1.82.1,v44397417
2003,357568.00,"Canada",1.82.1,v44397417
2004,353518.00,"Canada",1.82.1,v44397417
2005,354651.00,"Canada",1.82.1,v44397417
2006,379043.00,"Canada",1.82.1,v44397417
2007,378166.00,"Canada",1.82.1,v44397417
2008,372982.00,"Canada",1.82.1,v44397417
2009,362182.00,"Canada",1.82.1,v44397417
2010,339958.00,"Canada",1.82.1,v44397417
2011,315652.00,"Canada",1.82.1,v44397417
2012,306046.00,"Canada",1.82.1,v44397417
2013,273514.00,"Canada",1.82.1,v44397417
2014,264791.00,"Canada",1.82.1,v44397417
2015,274619.00,"Canada",1.82.1,v44397417
1998,4723.00,"Newfoundland and Labrador",2.82.1,v44394559
1999,4731.00,"Newfoundland and Labrador",2.82.1,v44394559
2000,5238.00,"Newfoundland and Labrador",2.82.1,v44394559
2001,5466.00,"Newfoundland and Labrador",2.82.1,v44394559
2002,5881.00,"Newfoundland and Labrador",2.82.1,v44394559
2003,6368.00,"Newfoundland and Labrador",2.82.1,v44394559
2004,6425.00,"Newfoundland and Labrador",2.82.1,v44394559
2005,6614.00,"Newfoundland and Labrador",2.82.1,v44394559
2006,8067.00,"Newfoundland and Labrador",2.82.1,v44394559
2007,8941.00,"Newfoundland and Labrador",2.82.1,v44394559
2008,9400.00,"Newfoundland and Labrador",2.82.1,v44394559
2009,9388.00,"Newfoundland and Labrador",2.82.1,v44394559
2010,8750.00,"Newfoundland and Labrador",2.82.1,v44394559
2011,8166.00,"Newfoundland and Labrador",2.82.1,v44394559
2012,8023.00,"Newfoundland and Labrador",2.82.1,v44394559
2013,7343.00,"Newfoundland and Labrador",2.82.1,v44394559
2014,6950.00,"Newfoundland and Labrador",2.82.1,v44394559
2015,7367.00,"Newfoundland and Labrador",2.82.1,v44394559
1998,1700.00,"St. John's, Newfoundland and Labrador",3.82.1,v44349491
1999,1519.00,"St. John's, Newfoundland and Labrador",3.82.1,v44349491
2000,1786.00,"St. John's, Newfoundland and Labrador",3.82.1,v44349491
2001,1766.00,"St. John's, Newfoundland and Labrador",3.82.1,v44349491
2002,1920.00,"St. John's, Newfoundland and Labrador",3.82.1,v44349491
2003,1658.00,"St. John's, Newfoundland and Labrador",3.82.1,v44349491
2004,1576.00,"St. John's, Newfoundland and Labrador",3.82.1,v44349491
2005,1583.00,"St. John's, Newfoundland and Labrador",3.82.1,v44349491
2006,2116.00,"St. John's, Newfoundland and Labrador",3.82.1,v44349491
2007,2520.00,"St. John's, Newfoundland and Labrador",3.82.1,v44349491
2008,2723.00,"St. John's, Newfoundland and Labrador",3.82.1,v44349491
2009,2880.00,"St. John's, Newfoundland and Labrador",3.82.1,v44349491
2010,2858.00,"St. John's, Newfoundland and Labrador",3.82.1,v44349491
2011,2208.00,"St. John's, Newfoundland and Labrador",3.82.1,v44349491
2012,2349.00,"St. John's, Newfoundland and Labrador",3.82.1,v44349491
2013,2260.00,"St. John's, Newfoundland and Labrador",3.82.1,v44349491
2014,1846.00,"St. John's, Newfoundland and Labrador",3.82.1,v44349491
2015,1769.00,"St. John's, Newfoundland and Labrador",3.82.1,v44349491
1998,1414.00,"Prince Edward Island",4.82.1,v44369579
1999,1784.00,"Prince Edward Island",4.82.1,v44369579
2000,1706.00,"Prince Edward Island",4.82.1,v44369579
2001,1615.00,"Prince Edward Island",4.82.1,v44369579
2002,1836.00,"Prince Edward Island",4.82.1,v44369579
2003,2052.00,"Prince Edward Island",4.82.1,v44369579
2004,2096.00,"Prince Edward Island",4.82.1,v44369579
2005,2270.00,"Prince Edward Island",4.82.1,v44369579
2006,2197.00,"Prince Edward Island",4.82.1,v44369579
2007,2181.00,"Prince Edward Island",4.82.1,v44369579
2008,1920.00,"Prince Edward Island",4.82.1,v44369579
2009,1961.00,"Prince Edward Island",4.82.1,v44369579
2010,1821.00,"Prince Edward Island",4.82.1,v44369579
2011,2023.00,"Prince Edward Island",4.82.1,v44369579
2012,1822.00,"Prince Edward Island",4.82.1,v44369579
2013,1535.00,"Prince Edward Island",4.82.1,v44369579
2014,1339.00,"Prince Edward Island",4.82.1,v44369579
2015,1220.00,"Prince Edward Island",4.82.1,v44369579
1998,11942.00,"Nova Scotia",5.82.1,v44385452
1999,12426.00,"Nova Scotia",5.82.1,v44385452
2000,11435.00,"Nova Scotia",5.82.1,v44385452
2001,11344.00,"Nova Scotia",5.82.1,v44385452
2002,11842.00,"Nova Scotia",5.82.1,v44385452
2003,13916.00,"Nova Scotia",5.82.1,v44385452
2004,13645.00,"Nova Scotia",5.82.1,v44385452
2005,14454.00,"Nova Scotia",5.82.1,v44385452
2006,15142.00,"Nova Scotia",5.82.1,v44385452
2007,13866.00,"Nova Scotia",5.82.1,v44385452
2008,12721.00,"Nova Scotia",5.82.1,v44385452
2009,12661.00,"Nova Scotia",5.82.1,v44385452
2010,12659.00,"Nova Scotia",5.82.1,v44385452
2011,11972.00,"Nova Scotia",5.82.1,v44385452
2012,11128.00,"Nova Scotia",5.82.1,v44385452
2013,9194.00,"Nova Scotia",5.82.1,v44385452
2014,8661.00,"Nova Scotia",5.82.1,v44385452
2015,8205.00,"Nova Scotia",5.82.1,v44385452
1998,4243.00,"Halifax, Nova Scotia",6.82.1,v44366038
1999,4564.00,"Halifax, Nova Scotia",6.82.1,v44366038
2000,4170.00,"Halifax, Nova Scotia",6.82.1,v44366038
2001,4602.00,"Halifax, Nova Scotia",6.82.1,v44366038
2002,4611.00,"Halifax, Nova Scotia",6.82.1,v44366038
2003,4942.00,"Halifax, Nova Scotia",6.82.1,v44366038
2004,5094.00,"Halifax, Nova Scotia",6.82.1,v44366038
2005,5184.00,"Halifax, Nova Scotia",6.82.1,v44366038
2006,5566.00,"Halifax, Nova Scotia",6.82.1,v44366038
2007,4977.00,"Halifax, Nova Scotia",6.82.1,v44366038
2008,4647.00,"Halifax, Nova Scotia",6.82.1,v44366038
2009,4505.00,"Halifax, Nova Scotia",6.82.1,v44366038
2010,4841.00,"Halifax, Nova Scotia",6.82.1,v44366038
2011,4319.00,"Halifax, Nova Scotia",6.82.1,v44366038
2012,3225.00,"Halifax, Nova Scotia",6.82.1,v44366038
2013,2641.00,"Halifax, Nova Scotia",6.82.1,v44366038
2014,2478.00,"Halifax, Nova Scotia",6.82.1,v44366038
2015,2590.00,"Halifax, Nova Scotia",6.82.1,v44366038
1998,7193.00,"New Brunswick",7.82.1,v44348305
1999,7346.00,"New Brunswick",7.82.1,v44348305
2000,7145.00,"New Brunswick",7.82.1,v44348305
2001,7259.00,"New Brunswick",7.82.1,v44348305
2002,7536.00,"New Brunswick",7.82.1,v44348305
2003,8187.00,"New Brunswick",7.82.1,v44348305
2004,9526.00,"New Brunswick",7.82.1,v44348305
2005,8797.00,"New Brunswick",7.82.1,v44348305
2006,8604.00,"New Brunswick",7.82.1,v44348305
2007,7841.00,"New Brunswick",7.82.1,v44348305
2008,7446.00,"New Brunswick",7.82.1,v44348305
2009,7824.00,"New Brunswick",7.82.1,v44348305
2010,7130.00,"New Brunswick",7.82.1,v44348305
2011,6509.00,"New Brunswick",7.82.1,v44348305
2012,6950.00,"New Brunswick",7.82.1,v44348305
2013,5977.00,"New Brunswick",7.82.1,v44348305
2014,5768.00,"New Brunswick",7.82.1,v44348305
2015,6054.00,"New Brunswick",7.82.1,v44348305
2005,..,"Moncton, New Brunswick",43.82.1,v52121141
2006,2041.00,"Moncton, New Brunswick",43.82.1,v52121141
2007,1506.00,"Moncton, New Brunswick",43.82.1,v52121141
2008,1255.00,"Moncton, New Brunswick",43.82.1,v52121141
2009,1288.00,"Moncton, New Brunswick",43.82.1,v52121141
2010,1215.00,"Moncton, New Brunswick",43.82.1,v52121141
2011,1358.00,"Moncton, New Brunswick",43.82.1,v52121141
2012,1598.00,"Moncton, New Brunswick",43.82.1,v52121141
2013,1361.00,"Moncton, New Brunswick",43.82.1,v52121141
2014,1533.00,"Moncton, New Brunswick",43.82.1,v52121141
2015,1875.00,"Moncton, New Brunswick",43.82.1,v52121141
1998,1558.00,"Saint John, New Brunswick",8.82.1,v44409632
1999,1483.00,"Saint John, New Brunswick",8.82.1,v44409632
2000,1343.00,"Saint John, New Brunswick",8.82.1,v44409632
2001,1450.00,"Saint John, New Brunswick",8.82.1,v44409632
2002,1772.00,"Saint John, New Brunswick",8.82.1,v44409632
2003,1862.00,"Saint John, New Brunswick",8.82.1,v44409632
2004,1912.00,"Saint John, New Brunswick",8.82.1,v44409632
2005,1685.00,"Saint John, New Brunswick",8.82.1,v44409632
2006,1572.00,"Saint John, New Brunswick",8.82.1,v44409632
2007,1770.00,"Saint John, New Brunswick",8.82.1,v44409632
2008,1635.00,"Saint John, New Brunswick",8.82.1,v44409632
2009,1697.00,"Saint John, New Brunswick",8.82.1,v44409632
2010,1564.00,"Saint John, New Brunswick",8.82.1,v44409632
2011,1230.00,"Saint John, New Brunswick",8.82.1,v44409632
2012,1202.00,"Saint John, New Brunswick",8.82.1,v44409632
2013,1063.00,"Saint John, New Brunswick",8.82.1,v44409632
2014,905.00,"Saint John, New Brunswick",8.82.1,v44409632
2015,911.00,"Saint John, New Brunswick",8.82.1,v44409632
1998,54681.00,"Quebec",9.82.1,v44363639
1999,51194.00,"Quebec",9.82.1,v44363639
2000,54605.00,"Quebec",9.82.1,v44363639
2001,51909.00,"Quebec",9.82.1,v44363639
2002,50006.00,"Quebec",9.82.1,v44363639
2003,51721.00,"Quebec",9.82.1,v44363639
2004,48057.00,"Quebec",9.82.1,v44363639
2005,44789.00,"Quebec",9.82.1,v44363639
2006,47101.00,"Quebec",9.82.1,v44363639
2007,46660.00,"Quebec",9.82.1,v44363639
2008,48399.00,"Quebec",9.82.1,v44363639
2009,49401.00,"Quebec",9.82.1,v44363639
2010,46241.00,"Quebec",9.82.1,v44363639
2011,41876.00,"Quebec",9.82.1,v44363639
2012,40319.00,"Quebec",9.82.1,v44363639
2013,34094.00,"Quebec",9.82.1,v44363639
2014,29599.00,"Quebec",9.82.1,v44363639
2015,30041.00,"Quebec",9.82.1,v44363639
1998,1284.00,"Saguenay, Quebec",10.82.1,v44348812
1999,1194.00,"Saguenay, Quebec",10.82.1,v44348812
2000,1190.00,"Saguenay, Quebec",10.82.1,v44348812
2001,1091.00,"Saguenay, Quebec",10.82.1,v44348812
2002,903.00,"Saguenay, Quebec",10.82.1,v44348812
2003,827.00,"Saguenay, Quebec",10.82.1,v44348812
2004,786.00,"Saguenay, Quebec",10.82.1,v44348812
2005,744.00,"Saguenay, Quebec",10.82.1,v44348812
2006,771.00,"Saguenay, Quebec",10.82.1,v44348812
2007,736.00,"Saguenay, Quebec",10.82.1,v44348812
2008,726.00,"Saguenay, Quebec",10.82.1,v44348812
2009,820.00,"Saguenay, Quebec",10.82.1,v44348812
2010,802.00,"Saguenay, Quebec",10.82.1,v44348812
2011,811.00,"Saguenay, Quebec",10.82.1,v44348812
2012,812.00,"Saguenay, Quebec",10.82.1,v44348812
2013,642.00,"Saguenay, Quebec",10.82.1,v44348812
2014,563.00,"Saguenay, Quebec",10.82.1,v44348812
2015,716.00,"Saguenay, Quebec",10.82.1,v44348812
1998,1183.00,"Sherbrooke, Quebec",12.82.1,v44403979
1999,980.00,"Sherbrooke, Quebec",12.82.1,v44403979
2000,1105.00,"Sherbrooke, Quebec",12.82.1,v44403979
2001,1137.00,"Sherbrooke, Quebec",12.82.1,v44403979
2002,1279.00,"Sherbrooke, Quebec",12.82.1,v44403979
2003,1153.00,"Sherbrooke, Quebec",12.82.1,v44403979
2004,976.00,"Sherbrooke, Quebec",12.82.1,v44403979
2005,778.00,"Sherbrooke, Quebec",12.82.1,v44403979
2006,1025.00,"Sherbrooke, Quebec",12.82.1,v44403979
2007,1146.00,"Sherbrooke, Quebec",12.82.1,v44403979
2008,1026.00,"Sherbrooke, Quebec",12.82.1,v44403979
2009,1162.00,"Sherbrooke, Quebec",12.82.1,v44403979
2010,902.00,"Sherbrooke, Quebec",12.82.1,v44403979
2011,921.00,"Sherbrooke, Quebec",12.82.1,v44403979
2012,977.00,"Sherbrooke, Quebec",12.82.1,v44403979
2013,881.00,"Sherbrooke, Quebec",12.82.1,v44403979
2014,797.00,"Sherbrooke, Quebec",12.82.1,v44403979
2015,737.00,"Sherbrooke, Quebec",12.82.1,v44403979
1998,1956.00,"Ottawa-Gatineau, Quebec part",15.82.1,v44367647
1999,1804.00,"Ottawa-Gatineau, Quebec part",15.82.1,v44367647
2000,2261.00,"Ottawa-Gatineau, Quebec part",15.82.1,v44367647
2001,2226.00,"Ottawa-Gatineau, Quebec part",15.82.1,v44367647
2002,2107.00,"Ottawa-Gatineau, Quebec part",15.82.1,v44367647
2003,2385.00,"Ottawa-Gatineau, Quebec part",15.82.1,v44367647
2004,2243.00,"Ottawa-Gatineau, Quebec part",15.82.1,v44367647
2005,1998.00,"Ottawa-Gatineau, Quebec part",15.82.1,v44367647
2006,2096.00,"Ottawa-Gatineau, Quebec part",15.82.1,v44367647
2007,2228.00,"Ottawa-Gatineau, Quebec part",15.82.1,v44367647
2008,2150.00,"Ottawa-Gatineau, Quebec part",15.82.1,v44367647
2009,2425.00,"Ottawa-Gatineau, Quebec part",15.82.1,v44367647
2010,1976.00,"Ottawa-Gatineau, Quebec part",15.82.1,v44367647
2011,1938.00,"Ottawa-Gatineau, Quebec part",15.82.1,v44367647
2012,1782.00,"Ottawa-Gatineau, Quebec part",15.82.1,v44367647
2013,1424.00,"Ottawa-Gatineau, Quebec part",15.82.1,v44367647
2014,1259.00,"Ottawa-Gatineau, Quebec part",15.82.1,v44367647
2015,1282.00,"Ottawa-Gatineau, Quebec part",15.82.1,v44367647
1998,106452.00,"Ontario",16.82.1,v44392809
1999,97270.00,"Ontario",16.82.1,v44392809
2000,101272.00,"Ontario",16.82.1,v44392809
2001,98687.00,"Ontario",16.82.1,v44392809
2002,96572.00,"Ontario",16.82.1,v44392809
2003,97770.00,"Ontario",16.82.1,v44392809
2004,91704.00,"Ontario",16.82.1,v44392809
2005,88126.00,"Ontario",16.82.1,v44392809
2006,101581.00,"Ontario",16.82.1,v44392809
2007,96121.00,"Ontario",16.82.1,v44392809
2008,89650.00,"Ontario",16.82.1,v44392809
2009,86317.00,"Ontario",16.82.1,v44392809
2010,77399.00,"Ontario",16.82.1,v44392809
2011,70068.00,"Ontario",16.82.1,v44392809
2012,67549.00,"Ontario",16.82.1,v44392809
2013,57906.00,"Ontario",16.82.1,v44392809
2014,55119.00,"Ontario",16.82.1,v44392809
2015,55453.00,"Ontario",16.82.1,v44392809
1998,10016.00,"Ottawa-Gatineau, Ontario/Quebec",17.82.1,v52148371
1999,8701.00,"Ottawa-Gatineau, Ontario/Quebec",17.82.1,v52148371
2000,9183.00,"Ottawa-Gatineau, Ontario/Quebec",17.82.1,v52148371
2001,9131.00,"Ottawa-Gatineau, Ontario/Quebec",17.82.1,v52148371
2002,9281.00,"Ottawa-Gatineau, Ontario/Quebec",17.82.1,v52148371
2003,9910.00,"Ottawa-Gatineau, Ontario/Quebec",17.82.1,v52148371
2004,9503.00,"Ottawa-Gatineau, Ontario/Quebec",17.82.1,v52148371
2005,10196.00,"Ottawa-Gatineau, Ontario/Quebec",17.82.1,v52148371
2006,10848.00,"Ottawa-Gatineau, Ontario/Quebec",17.82.1,v52148371
2007,11650.00,"Ottawa-Gatineau, Ontario/Quebec",17.82.1,v52148371
2008,10712.00,"Ottawa-Gatineau, Ontario/Quebec",17.82.1,v52148371
2009,10177.00,"Ottawa-Gatineau, Ontario/Quebec",17.82.1,v52148371
2010,8495.00,"Ottawa-Gatineau, Ontario/Quebec",17.82.1,v52148371
2011,7926.00,"Ottawa-Gatineau, Ontario/Quebec",17.82.1,v52148371
2012,7380.00,"Ottawa-Gatineau, Ontario/Quebec",17.82.1,v52148371
2013,6181.00,"Ottawa-Gatineau, Ontario/Quebec",17.82.1,v52148371
2014,6037.00,"Ottawa-Gatineau, Ontario/Quebec",17.82.1,v52148371
2015,5414.00,"Ottawa-Gatineau, Ontario/Quebec",17.82.1,v52148371
1998,8060.00,"Ottawa-Gatineau, Ontario part",18.82.1,v44333430
1999,6897.00,"Ottawa-Gatineau, Ontario part",18.82.1,v44333430
2000,6922.00,"Ottawa-Gatineau, Ontario part",18.82.1,v44333430
2001,6905.00,"Ottawa-Gatineau, Ontario part",18.82.1,v44333430
2002,7174.00,"Ottawa-Gatineau, Ontario part",18.82.1,v44333430
2003,7525.00,"Ottawa-Gatineau, Ontario part",18.82.1,v44333430
2004,7260.00,"Ottawa-Gatineau, Ontario part",18.82.1,v44333430
2005,8198.00,"Ottawa-Gatineau, Ontario part",18.82.1,v44333430
2006,8752.00,"Ottawa-Gatineau, Ontario part",18.82.1,v44333430
2007,9422.00,"Ottawa-Gatineau, Ontario part",18.82.1,v44333430
2008,8562.00,"Ottawa-Gatineau, Ontario part",18.82.1,v44333430
2009,7752.00,"Ottawa-Gatineau, Ontario part",18.82.1,v44333430
2010,6519.00,"Ottawa-Gatineau, Ontario part",18.82.1,v44333430
2011,5988.00,"Ottawa-Gatineau, Ontario part",18.82.1,v44333430
2012,5598.00,"Ottawa-Gatineau, Ontario part",18.82.1,v44333430
2013,4757.00,"Ottawa-Gatineau, Ontario part",18.82.1,v44333430
2014,4778.00,"Ottawa-Gatineau, Ontario part",18.82.1,v44333430
2015,4132.00,"Ottawa-Gatineau, Ontario part",18.82.1,v44333430
2000,..,"Kingston, Ontario",27.82.1,v44349690
2001,1187.00,"Kingston, Ontario",27.82.1,v44349690
2002,1443.00,"Kingston, Ontario",27.82.1,v44349690
2003,1715.00,"Kingston, Ontario",27.82.1,v44349690
2004,1747.00,"Kingston, Ontario",27.82.1,v44349690
2005,1523.00,"Kingston, Ontario",27.82.1,v44349690
2006,1963.00,"Kingston, Ontario",27.82.1,v44349690
2007,1610.00,"Kingston, Ontario",27.82.1,v44349690
2008,1678.00,"Kingston, Ontario",27.82.1,v44349690
2009,1460.00,"Kingston, Ontario",27.82.1,v44349690
2010,1451.00,"Kingston, Ontario",27.82.1,v44349690
2011,1330.00,"Kingston, Ontario",27.82.1,v44349690
2012,1480.00,"Kingston, Ontario",27.82.1,v44349690
2013,1201.00,"Kingston, Ontario",27.82.1,v44349690
2014,1169.00,"Kingston, Ontario",27.82.1,v44349690
2015,1115.00,"Kingston, Ontario",27.82.1,v44349690
2005,..,"Peterborough, Ontario",44.82.1,v52122576
2006,1120.00,"Peterborough, Ontario",44.82.1,v52122576
2007,929.00,"Peterborough, Ontario",44.82.1,v52122576
2008,893.00,"Peterborough, Ontario",44.82.1,v52122576
2009,868.00,"Peterborough, Ontario",44.82.1,v52122576
2010,782.00,"Peterborough, Ontario",44.82.1,v52122576
2011,699.00,"Peterborough, Ontario",44.82.1,v52122576
2012,749.00,"Peterborough, Ontario",44.82.1,v52122576
2013,647.00,"Peterborough, Ontario",44.82.1,v52122576
2014,568.00,"Peterborough, Ontario",44.82.1,v52122576
2015,583.00,"Peterborough, Ontario",44.82.1,v52122576
1998,29118.00,"Toronto, Ontario",19.82.1,v44396999
1999,26603.00,"Toronto, Ontario",19.82.1,v44396999
2000,26930.00,"Toronto, Ontario",19.82.1,v44396999
2001,28607.00,"Toronto, Ontario",19.82.1,v44396999
2002,27729.00,"Toronto, Ontario",19.82.1,v44396999
2003,26137.00,"Toronto, Ontario",19.82.1,v44396999
2004,24120.00,"Toronto, Ontario",19.82.1,v44396999
2005,22608.00,"Toronto, Ontario",19.82.1,v44396999
2006,26889.00,"Toronto, Ontario",19.82.1,v44396999
2007,26061.00,"Toronto, Ontario",19.82.1,v44396999
2008,24266.00,"Toronto, Ontario",19.82.1,v44396999
2009,21575.00,"Toronto, Ontario",19.82.1,v44396999
2010,20244.00,"Toronto, Ontario",19.82.1,v44396999
2011,18664.00,"Toronto, Ontario",19.82.1,v44396999
2012,17405.00,"Toronto, Ontario",19.82.1,v44396999
2013,15190.00,"Toronto, Ontario",19.82.1,v44396999
2014,15435.00,"Toronto, Ontario",19.82.1,v44396999
2015,15970.00,"Toronto, Ontario",19.82.1,v44396999
1998,5429.00,"Hamilton, Ontario",20.82.1,v44329380
1999,5188.00,"Hamilton, Ontario",20.82.1,v44329380
2000,5415.00,"Hamilton, Ontario",20.82.1,v44329380
2001,6325.00,"Hamilton, Ontario",20.82.1,v44329380
2002,5631.00,"Hamilton, Ontario",20.82.1,v44329380
2003,5465.00,"Hamilton, Ontario",20.82.1,v44329380
2004,4867.00,"Hamilton, Ontario",20.82.1,v44329380
2005,4833.00,"Hamilton, Ontario",20.82.1,v44329380
2006,5421.00,"Hamilton, Ontario",20.82.1,v44329380
2007,5706.00,"Hamilton, Ontario",20.82.1,v44329380
2008,5482.00,"Hamilton, Ontario",20.82.1,v44329380
2009,5555.00,"Hamilton, Ontario",20.82.1,v44329380
2010,4979.00,"Hamilton, Ontario",20.82.1,v44329380
2011,4111.00,"Hamilton, Ontario",20.82.1,v44329380
2012,3846.00,"Hamilton, Ontario",20.82.1,v44329380
2013,3203.00,"Hamilton, Ontario",20.82.1,v44329380
2014,2659.00,"Hamilton, Ontario",20.82.1,v44329380
2015,2745.00,"Hamilton, Ontario",20.82.1,v44329380
1998,4049.00,"St.Catharines-Niagara, Ontario",21.82.1,v44328135
1999,3676.00,"St.Catharines-Niagara, Ontario",21.82.1,v44328135
2000,3827.00,"St.Catharines-Niagara, Ontario",21.82.1,v44328135
2001,3963.00,"St.Catharines-Niagara, Ontario",21.82.1,v44328135
2002,4052.00,"St.Catharines-Niagara, Ontario",21.82.1,v44328135
2003,3914.00,"St.Catharines-Niagara, Ontario",21.82.1,v44328135
2004,3441.00,"St.Catharines-Niagara, Ontario",21.82.1,v44328135
2005,3569.00,"St.Catharines-Niagara, Ontario",21.82.1,v44328135
2006,4202.00,"St.Catharines-Niagara, Ontario",21.82.1,v44328135
2007,3670.00,"St.Catharines-Niagara, Ontario",21.82.1,v44328135
2008,3359.00,"St.Catharines-Niagara, Ontario",21.82.1,v44328135
2009,3194.00,"St.Catharines-Niagara, Ontario",21.82.1,v44328135
2010,2851.00,"St.Catharines-Niagara, Ontario",21.82.1,v44328135
2011,2412.00,"St.Catharines-Niagara, Ontario",21.82.1,v44328135
2012,2468.00,"St.Catharines-Niagara, Ontario",21.82.1,v44328135
2013,1975.00,"St.Catharines-Niagara, Ontario",21.82.1,v44328135
2014,1735.00,"St.Catharines-Niagara, Ontario",21.82.1,v44328135
2015,1852.00,"St.Catharines-Niagara, Ontario",21.82.1,v44328135
1998,4283.00,"Kitchener-Cambridge-Waterloo, Ontario",22.82.1,v44390563
1999,4110.00,"Kitchener-Cambridge-Waterloo, Ontario",22.82.1,v44390563
2000,4490.00,"Kitchener-Cambridge-Waterloo, Ontario",22.82.1,v44390563
2001,4229.00,"Kitchener-Cambridge-Waterloo, Ontario",22.82.1,v44390563
2002,4309.00,"Kitchener-Cambridge-Waterloo, Ontario",22.82.1,v44390563
2003,4081.00,"Kitchener-Cambridge-Waterloo, Ontario",22.82.1,v44390563
2004,3567.00,"Kitchener-Cambridge-Waterloo, Ontario",22.82.1,v44390563
2005,3490.00,"Kitchener-Cambridge-Waterloo, Ontario",22.82.1,v44390563
2006,4023.00,"Kitchener-Cambridge-Waterloo, Ontario",22.82.1,v44390563
2007,3353.00,"Kitchener-Cambridge-Waterloo, Ontario",22.82.1,v44390563
2008,3684.00,"Kitchener-Cambridge-Waterloo, Ontario",22.82.1,v44390563
2009,3855.00,"Kitchener-Cambridge-Waterloo, Ontario",22.82.1,v44390563
2010,3537.00,"Kitchener-Cambridge-Waterloo, Ontario",22.82.1,v44390563
2011,3113.00,"Kitchener-Cambridge-Waterloo, Ontario",22.82.1,v44390563
2012,2740.00,"Kitchener-Cambridge-Waterloo, Ontario",22.82.1,v44390563
2013,2693.00,"Kitchener-Cambridge-Waterloo, Ontario",22.82.1,v44390563
2014,2634.00,"Kitchener-Cambridge-Waterloo, Ontario",22.82.1,v44390563
2015,2487.00,"Kitchener-Cambridge-Waterloo, Ontario",22.82.1,v44390563
2005,..,"Brantford, Ontario",45.82.1,v52119211
2006,1972.00,"Brantford, Ontario",45.82.1,v52119211
2007,1721.00,"Brantford, Ontario",45.82.1,v52119211
2008,1726.00,"Brantford, Ontario",45.82.1,v52119211
2009,1723.00,"Brantford, Ontario",45.82.1,v52119211
2010,1472.00,"Brantford, Ontario",45.82.1,v52119211
2011,1415.00,"Brantford, Ontario",45.82.1,v52119211
2012,1400.00,"Brantford, Ontario",45.82.1,v52119211
2013,1381.00,"Brantford, Ontario",45.82.1,v52119211
2014,1043.00,"Brantford, Ontario",45.82.1,v52119211
2015,1057.00,"Brantford, Ontario",45.82.1,v52119211
2005,..,"Guelph, Ontario",46.82.1,v52119624
2006,844.00,"Guelph, Ontario",46.82.1,v52119624
2007,1084.00,"Guelph, Ontario",46.82.1,v52119624
2008,1005.00,"Guelph, Ontario",46.82.1,v52119624
2009,1118.00,"Guelph, Ontario",46.82.1,v52119624
2010,1083.00,"Guelph, Ontario",46.82.1,v52119624
2011,983.00,"Guelph, Ontario",46.82.1,v52119624
2012,864.00,"Guelph, Ontario",46.82.1,v52119624
2013,602.00,"Guelph, Ontario",46.82.1,v52119624
2014,597.00,"Guelph, Ontario",46.82.1,v52119624
2015,533.00,"Guelph, Ontario",46.82.1,v52119624
1998,5169.00,"London, Ontario",23.82.1,v44382421
1999,4983.00,"London, Ontario",23.82.1,v44382421
2000,5194.00,"London, Ontario",23.82.1,v44382421
2001,4792.00,"London, Ontario",23.82.1,v44382421
2002,4538.00,"London, Ontario",23.82.1,v44382421
2003,4290.00,"London, Ontario",23.82.1,v44382421
2004,4115.00,"London, Ontario",23.82.1,v44382421
2005,4182.00,"London, Ontario",23.82.1,v44382421
2006,5522.00,"London, Ontario",23.82.1,v44382421
2007,4845.00,"London, Ontario",23.82.1,v44382421
2008,4548.00,"London, Ontario",23.82.1,v44382421
2009,4895.00,"London, Ontario",23.82.1,v44382421
2010,3617.00,"London, Ontario",23.82.1,v44382421
2011,3294.00,"London, Ontario",23.82.1,v44382421
2012,3021.00,"London, Ontario",23.82.1,v44382421
2013,2555.00,"London, Ontario",23.82.1,v44382421
2014,2792.00,"London, Ontario",23.82.1,v44382421
2015,3123.00,"London, Ontario",23.82.1,v44382421
1998,3884.00,"Windsor, Ontario",24.82.1,v44379540
1999,2831.00,"Windsor, Ontario",24.82.1,v44379540
2000,2927.00,"Windsor, Ontario",24.82.1,v44379540
2001,2938.00,"Windsor, Ontario",24.82.1,v44379540
2002,3323.00,"Windsor, Ontario",24.82.1,v44379540
2003,3524.00,"Windsor, Ontario",24.82.1,v44379540
2004,3462.00,"Windsor, Ontario",24.82.1,v44379540
2005,3011.00,"Windsor, Ontario",24.82.1,v44379540
2006,3314.00,"Windsor, Ontario",24.82.1,v44379540
2007,2884.00,"Windsor, Ontario",24.82.1,v44379540
2008,2762.00,"Windsor, Ontario",24.82.1,v44379540
2009,2692.00,"Windsor, Ontario",24.82.1,v44379540
2010,2092.00,"Windsor, Ontario",24.82.1,v44379540
2011,1953.00,"Windsor, Ontario",24.82.1,v44379540
2012,2098.00,"Windsor, Ontario",24.82.1,v44379540
2013,1709.00,"Windsor, Ontario",24.82.1,v44379540
2014,1602.00,"Windsor, Ontario",24.82.1,v44379540
2015,1642.00,"Windsor, Ontario",24.82.1,v44379540
2005,..,"Barrie, Ontario",47.82.1,v52145055
2006,1942.00,"Barrie, Ontario",47.82.1,v52145055
2007,1888.00,"Barrie, Ontario",47.82.1,v52145055
2008,1464.00,"Barrie, Ontario",47.82.1,v52145055
2009,1645.00,"Barrie, Ontario",47.82.1,v52145055
2010,1626.00,"Barrie, Ontario",47.82.1,v52145055
2011,1349.00,"Barrie, Ontario",47.82.1,v52145055
2012,1387.00,"Barrie, Ontario",47.82.1,v52145055
2013,1054.00,"Barrie, Ontario",47.82.1,v52145055
2014,970.00,"Barrie, Ontario",47.82.1,v52145055
2015,983.00,"Barrie, Ontario",47.82.1,v52145055
1998,1317.00,"Sudbury, Ontario",25.82.1,v44349669
1999,1141.00,"Sudbury, Ontario",25.82.1,v44349669
2000,1222.00,"Sudbury, Ontario",25.82.1,v44349669
2001,1348.00,"Sudbury, Ontario",25.82.1,v44349669
2002,1212.00,"Sudbury, Ontario",25.82.1,v44349669
2003,1572.00,"Sudbury, Ontario",25.82.1,v44349669
2004,1340.00,"Sudbury, Ontario",25.82.1,v44349669
2005,1268.00,"Sudbury, Ontario",25.82.1,v44349669
2006,1495.00,"Sudbury, Ontario",25.82.1,v44349669
2007,1522.00,"Sudbury, Ontario",25.82.1,v44349669
2008,1277.00,"Sudbury, Ontario",25.82.1,v44349669
2009,1241.00,"Sudbury, Ontario",25.82.1,v44349669
2010,1284.00,"Sudbury, Ontario",25.82.1,v44349669
2011,1034.00,"Sudbury, Ontario",25.82.1,v44349669
2012,977.00,"Sudbury, Ontario",25.82.1,v44349669
2013,825.00,"Sudbury, Ontario",25.82.1,v44349669
2014,784.00,"Sudbury, Ontario",25.82.1,v44349669
2015,938.00,"Sudbury, Ontario",25.82.1,v44349669
1998,1746.00,"Thunder Bay, Ontario",26.82.1,v44345313
1999,1370.00,"Thunder Bay, Ontario",26.82.1,v44345313
2000,1442.00,"Thunder Bay, Ontario",26.82.1,v44345313
2001,1481.00,"Thunder Bay, Ontario",26.82.1,v44345313
2002,1668.00,"Thunder Bay, Ontario",26.82.1,v44345313
2003,1583.00,"Thunder Bay, Ontario",26.82.1,v44345313
2004,1893.00,"Thunder Bay, Ontario",26.82.1,v44345313
2005,1554.00,"Thunder Bay, Ontario",26.82.1,v44345313
2006,1745.00,"Thunder Bay, Ontario",26.82.1,v44345313
2007,1636.00,"Thunder Bay, Ontario",26.82.1,v44345313
2008,1486.00,"Thunder Bay, Ontario",26.82.1,v44345313
2009,1913.00,"Thunder Bay, Ontario",26.82.1,v44345313
2010,1642.00,"Thunder Bay, Ontario",26.82.1,v44345313
2011,1485.00,"Thunder Bay, Ontario",26.82.1,v44345313
2012,1441.00,"Thunder Bay, Ontario",26.82.1,v44345313
2013,1194.00,"Thunder Bay, Ontario",26.82.1,v44345313
2014,1020.00,"Thunder Bay, Ontario",26.82.1,v44345313
2015,1112.00,"Thunder Bay, Ontario",26.82.1,v44345313
1998,21339.00,"Manitoba",28.82.1,v44405004
1999,22825.00,"Manitoba",28.82.1,v44405004
2000,22246.00,"Manitoba",28.82.1,v44405004
2001,25888.00,"Manitoba",28.82.1,v44405004
2002,26343.00,"Manitoba",28.82.1,v44405004
2003,30099.00,"Manitoba",28.82.1,v44405004
2004,30470.00,"Manitoba",28.82.1,v44405004
2005,32421.00,"Manitoba",28.82.1,v44405004
2006,32636.00,"Manitoba",28.82.1,v44405004
2007,31935.00,"Manitoba",28.82.1,v44405004
2008,30289.00,"Manitoba",28.82.1,v44405004
2009,29994.00,"Manitoba",28.82.1,v44405004
2010,29445.00,"Manitoba",28.82.1,v44405004
2011,26300.00,"Manitoba",28.82.1,v44405004
2012,26755.00,"Manitoba",28.82.1,v44405004
2013,22685.00,"Manitoba",28.82.1,v44405004
2014,22664.00,"Manitoba",28.82.1,v44405004
2015,25219.00,"Manitoba",28.82.1,v44405004
1998,11690.00,"Winnipeg, Manitoba",29.82.1,v44348940
1999,13134.00,"Winnipeg, Manitoba",29.82.1,v44348940
2000,12976.00,"Winnipeg, Manitoba",29.82.1,v44348940
2001,15128.00,"Winnipeg, Manitoba",29.82.1,v44348940
2002,15637.00,"Winnipeg, Manitoba",29.82.1,v44348940
2003,18188.00,"Winnipeg, Manitoba",29.82.1,v44348940
2004,18523.00,"Winnipeg, Manitoba",29.82.1,v44348940
2005,20290.00,"Winnipeg, Manitoba",29.82.1,v44348940
2006,20422.00,"Winnipeg, Manitoba",29.82.1,v44348940
2007,18998.00,"Winnipeg, Manitoba",29.82.1,v44348940
2008,16570.00,"Winnipeg, Manitoba",29.82.1,v44348940
2009,15845.00,"Winnipeg, Manitoba",29.82.1,v44348940
2010,14996.00,"Winnipeg, Manitoba",29.82.1,v44348940
2011,13278.00,"Winnipeg, Manitoba",29.82.1,v44348940
2012,12870.00,"Winnipeg, Manitoba",29.82.1,v44348940
2013,9235.00,"Winnipeg, Manitoba",29.82.1,v44348940
2014,9512.00,"Winnipeg, Manitoba",29.82.1,v44348940
2015,10819.00,"Winnipeg, Manitoba",29.82.1,v44348940
1998,17407.00,"Saskatchewan",30.82.1,v44331310
1999,16833.00,"Saskatchewan",30.82.1,v44331310
2000,19498.00,"Saskatchewan",30.82.1,v44331310
2001,20664.00,"Saskatchewan",30.82.1,v44331310
2002,21095.00,"Saskatchewan",30.82.1,v44331310
2003,24851.00,"Saskatchewan",30.82.1,v44331310
2004,27473.00,"Saskatchewan",30.82.1,v44331310
2005,30358.00,"Saskatchewan",30.82.1,v44331310
2006,31728.00,"Saskatchewan",30.82.1,v44331310
2007,33837.00,"Saskatchewan",30.82.1,v44331310
2008,32029.00,"Saskatchewan",30.82.1,v44331310
2009,33624.00,"Saskatchewan",30.82.1,v44331310
2010,32280.00,"Saskatchewan",30.82.1,v44331310
2011,31777.00,"Saskatchewan",30.82.1,v44331310
2012,29999.00,"Saskatchewan",30.82.1,v44331310
2013,27304.00,"Saskatchewan",30.82.1,v44331310
2014,25944.00,"Saskatchewan",30.82.1,v44331310
2015,28661.00,"Saskatchewan",30.82.1,v44331310
1998,3375.00,"Regina, Saskatchewan",31.82.1,v44415623
1999,3298.00,"Regina, Saskatchewan",31.82.1,v44415623
2000,3682.00,"Regina, Saskatchewan",31.82.1,v44415623
2001,3801.00,"Regina, Saskatchewan",31.82.1,v44415623
2002,3722.00,"Regina, Saskatchewan",31.82.1,v44415623
2003,4249.00,"Regina, Saskatchewan",31.82.1,v44415623
2004,4084.00,"Regina, Saskatchewan",31.82.1,v44415623
2005,3448.00,"Regina, Saskatchewan",31.82.1,v44415623
2006,3622.00,"Regina, Saskatchewan",31.82.1,v44415623
2007,3826.00,"Regina, Saskatchewan",31.82.1,v44415623
2008,4142.00,"Regina, Saskatchewan",31.82.1,v44415623
2009,3906.00,"Regina, Saskatchewan",31.82.1,v44415623
2010,3500.00,"Regina, Saskatchewan",31.82.1,v44415623
2011,3055.00,"Regina, Saskatchewan",31.82.1,v44415623
2012,2912.00,"Regina, Saskatchewan",31.82.1,v44415623
2013,2784.00,"Regina, Saskatchewan",31.82.1,v44415623
2014,2717.00,"Regina, Saskatchewan",31.82.1,v44415623
2015,2959.00,"Regina, Saskatchewan",31.82.1,v44415623
1998,3318.00,"Saskatoon, Saskatchewan",32.82.1,v44412868
1999,3083.00,"Saskatoon, Saskatchewan",32.82.1,v44412868
2000,4299.00,"Saskatoon, Saskatchewan",32.82.1,v44412868
2001,4554.00,"Saskatoon, Saskatchewan",32.82.1,v44412868
2002,4190.00,"Saskatoon, Saskatchewan",32.82.1,v44412868
2003,5207.00,"Saskatoon, Saskatchewan",32.82.1,v44412868
2004,4658.00,"Saskatoon, Saskatchewan",32.82.1,v44412868
2005,5103.00,"Saskatoon, Saskatchewan",32.82.1,v44412868
2006,5235.00,"Saskatoon, Saskatchewan",32.82.1,v44412868
2007,6126.00,"Saskatoon, Saskatchewan",32.82.1,v44412868
2008,4748.00,"Saskatoon, Saskatchewan",32.82.1,v44412868
2009,4767.00,"Saskatoon, Saskatchewan",32.82.1,v44412868
2010,3728.00,"Saskatoon, Saskatchewan",32.82.1,v44412868
2011,4416.00,"Saskatoon, Saskatchewan",32.82.1,v44412868
2012,3744.00,"Saskatoon, Saskatchewan",32.82.1,v44412868
2013,3329.00,"Saskatoon, Saskatchewan",32.82.1,v44412868
2014,3132.00,"Saskatoon, Saskatchewan",32.82.1,v44412868
2015,3345.00,"Saskatoon, Saskatchewan",32.82.1,v44412868
1998,38905.00,"Alberta",33.82.1,v44348736
1999,37999.00,"Alberta",33.82.1,v44348736
2000,40524.00,"Alberta",33.82.1,v44348736
2001,43735.00,"Alberta",33.82.1,v44348736
2002,44176.00,"Alberta",33.82.1,v44348736
2003,48670.00,"Alberta",33.82.1,v44348736
2004,51478.00,"Alberta",33.82.1,v44348736
2005,55250.00,"Alberta",33.82.1,v44348736
2006,59834.00,"Alberta",33.82.1,v44348736
2007,62095.00,"Alberta",33.82.1,v44348736
2008,61813.00,"Alberta",33.82.1,v44348736
2009,59144.00,"Alberta",33.82.1,v44348736
2010,55804.00,"Alberta",33.82.1,v44348736
2011,52396.00,"Alberta",33.82.1,v44348736
2012,50926.00,"Alberta",33.82.1,v44348736
2013,49388.00,"Alberta",33.82.1,v44348736
2014,49164.00,"Alberta",33.82.1,v44348736
2015,52484.00,"Alberta",33.82.1,v44348736
1998,9137.00,"Calgary, Alberta",34.82.1,v44397107
1999,8775.00,"Calgary, Alberta",34.82.1,v44397107
2000,9018.00,"Calgary, Alberta",34.82.1,v44397107
2001,9757.00,"Calgary, Alberta",34.82.1,v44397107
2002,9600.00,"Calgary, Alberta",34.82.1,v44397107
2003,9705.00,"Calgary, Alberta",34.82.1,v44397107
2004,8934.00,"Calgary, Alberta",34.82.1,v44397107
2005,9524.00,"Calgary, Alberta",34.82.1,v44397107
2006,10494.00,"Calgary, Alberta",34.82.1,v44397107
2007,10173.00,"Calgary, Alberta",34.82.1,v44397107
2008,9640.00,"Calgary, Alberta",34.82.1,v44397107
2009,8996.00,"Calgary, Alberta",34.82.1,v44397107
2010,8055.00,"Calgary, Alberta",34.82.1,v44397107
2011,7814.00,"Calgary, Alberta",34.82.1,v44397107
2012,7464.00,"Calgary, Alberta",34.82.1,v44397107
2013,7295.00,"Calgary, Alberta",34.82.1,v44397107
2014,7024.00,"Calgary, Alberta",34.82.1,v44397107
2015,7792.00,"Calgary, Alberta",34.82.1,v44397107
1998,11154.00,"Edmonton, Alberta",35.82.1,v44327227
1999,11089.00,"Edmonton, Alberta",35.82.1,v44327227
2000,11643.00,"Edmonton, Alberta",35.82.1,v44327227
2001,12324.00,"Edmonton, Alberta",35.82.1,v44327227
2002,12406.00,"Edmonton, Alberta",35.82.1,v44327227
2003,13795.00,"Edmonton, Alberta",35.82.1,v44327227
2004,15045.00,"Edmonton, Alberta",35.82.1,v44327227
2005,15443.00,"Edmonton, Alberta",35.82.1,v44327227
2006,17008.00,"Edmonton, Alberta",35.82.1,v44327227
2007,17217.00,"Edmonton, Alberta",35.82.1,v44327227
2008,15774.00,"Edmonton, Alberta",35.82.1,v44327227
2009,15573.00,"Edmonton, Alberta",35.82.1,v44327227
2010,14608.00,"Edmonton, Alberta",35.82.1,v44327227
2011,12717.00,"Edmonton, Alberta",35.82.1,v44327227
2012,12265.00,"Edmonton, Alberta",35.82.1,v44327227
2013,12120.00,"Edmonton, Alberta",35.82.1,v44327227
2014,11281.00,"Edmonton, Alberta",35.82.1,v44327227
2015,12679.00,"Edmonton, Alberta",35.82.1,v44327227
1998,58378.00,"British Columbia",36.82.1,v44374625
1999,55273.00,"British Columbia",36.82.1,v44374625
2000,57173.00,"British Columbia",36.82.1,v44374625
2001,60208.00,"British Columbia",36.82.1,v44374625
2002,60632.00,"British Columbia",36.82.1,v44374625
2003,64551.00,"British Columbia",36.82.1,v44374625
2004,62294.00,"British Columbia",36.82.1,v44374625
2005,61624.00,"British Columbia",36.82.1,v44374625
2006,61936.00,"British Columbia",36.82.1,v44374625
2007,63670.00,"British Columbia",36.82.1,v44374625
2008,67131.00,"British Columbia",36.82.1,v44374625
2009,59558.00,"British Columbia",36.82.1,v44374625
2010,54914.00,"British Columbia",36.82.1,v44374625
2011,50424.00,"British Columbia",36.82.1,v44374625
2012,48268.00,"British Columbia",36.82.1,v44374625
2013,44225.00,"British Columbia",36.82.1,v44374625
2014,45347.00,"British Columbia",36.82.1,v44374625
2015,45100.00,"British Columbia",36.82.1,v44374625
2005,..,"Kelowna, British Columbia",48.82.1,v52146432
2006,2353.00,"Kelowna, British Columbia",48.82.1,v52146432
2007,2238.00,"Kelowna, British Columbia",48.82.1,v52146432
2008,2467.00,"Kelowna, British Columbia",48.82.1,v52146432
2009,2380.00,"Kelowna, British Columbia",48.82.1,v52146432
2010,2123.00,"Kelowna, British Columbia",48.82.1,v52146432
2011,1991.00,"Kelowna, British Columbia",48.82.1,v52146432
2012,2123.00,"Kelowna, British Columbia",48.82.1,v52146432
2013,1806.00,"Kelowna, British Columbia",48.82.1,v52146432
2014,1861.00,"Kelowna, British Columbia",48.82.1,v52146432
2015,1851.00,"Kelowna, British Columbia",48.82.1,v52146432
2000,..,"Abbotsford-Mission, British Columbia",39.82.1,v44371373
2001,2459.00,"Abbotsford-Mission, British Columbia",39.82.1,v44371373
2002,2674.00,"Abbotsford-Mission, British Columbia",39.82.1,v44371373
2003,2530.00,"Abbotsford-Mission, British Columbia",39.82.1,v44371373
2004,2406.00,"Abbotsford-Mission, British Columbia",39.82.1,v44371373
2005,2476.00,"Abbotsford-Mission, British Columbia",39.82.1,v44371373
2006,2288.00,"Abbotsford-Mission, British Columbia",39.82.1,v44371373
2007,2442.00,"Abbotsford-Mission, British Columbia",39.82.1,v44371373
2008,2442.00,"Abbotsford-Mission, British Columbia",39.82.1,v44371373
2009,1965.00,"Abbotsford-Mission, British Columbia",39.82.1,v44371373
2010,1938.00,"Abbotsford-Mission, British Columbia",39.82.1,v44371373
2011,1734.00,"Abbotsford-Mission, British Columbia",39.82.1,v44371373
2012,1513.00,"Abbotsford-Mission, British Columbia",39.82.1,v44371373
2013,1528.00,"Abbotsford-Mission, British Columbia",39.82.1,v44371373
2014,1445.00,"Abbotsford-Mission, British Columbia",39.82.1,v44371373
2015,1725.00,"Abbotsford-Mission, British Columbia",39.82.1,v44371373
1998,23811.00,"Vancouver, British Columbia",37.82.1,v44361902
1999,22434.00,"Vancouver, British Columbia",37.82.1,v44361902
2000,23156.00,"Vancouver, British Columbia",37.82.1,v44361902
2001,24621.00,"Vancouver, British Columbia",37.82.1,v44361902
2002,24065.00,"Vancouver, British Columbia",37.82.1,v44361902
2003,25916.00,"Vancouver, British Columbia",37.82.1,v44361902
2004,24459.00,"Vancouver, British Columbia",37.82.1,v44361902
2005,24159.00,"Vancouver, British Columbia",37.82.1,v44361902
2006,23751.00,"Vancouver, British Columbia",37.82.1,v44361902
2007,24358.00,"Vancouver, British Columbia",37.82.1,v44361902
2008,26283.00,"Vancouver, British Columbia",37.82.1,v44361902
2009,21817.00,"Vancouver, British Columbia",37.82.1,v44361902
2010,20624.00,"Vancouver, British Columbia",37.82.1,v44361902
2011,19381.00,"Vancouver, British Columbia",37.82.1,v44361902
2012,19014.00,"Vancouver, British Columbia",37.82.1,v44361902
2013,17910.00,"Vancouver, British Columbia",37.82.1,v44361902
2014,19384.00,"Vancouver, British Columbia",37.82.1,v44361902
2015,17805.00,"Vancouver, British Columbia",37.82.1,v44361902
1998,5343.00,"Victoria, British Columbia",38.82.1,v44340938
1999,5485.00,"Victoria, British Columbia",38.82.1,v44340938
2000,5371.00,"Victoria, British Columbia",38.82.1,v44340938
2001,5160.00,"Victoria, British Columbia",38.82.1,v44340938
2002,4972.00,"Victoria, British Columbia",38.82.1,v44340938
2003,5467.00,"Victoria, British Columbia",38.82.1,v44340938
2004,5361.00,"Victoria, British Columbia",38.82.1,v44340938
2005,5393.00,"Victoria, British Columbia",38.82.1,v44340938
2006,5470.00,"Victoria, British Columbia",38.82.1,v44340938
2007,5703.00,"Victoria, British Columbia",38.82.1,v44340938
2008,6187.00,"Victoria, British Columbia",38.82.1,v44340938
2009,5623.00,"Victoria, British Columbia",38.82.1,v44340938
2010,4363.00,"Victoria, British Columbia",38.82.1,v44340938
2011,4151.00,"Victoria, British Columbia",38.82.1,v44340938
2012,3378.00,"Victoria, British Columbia",38.82.1,v44340938
2013,2847.00,"Victoria, British Columbia",38.82.1,v44340938
2014,2708.00,"Victoria, British Columbia",38.82.1,v44340938
2015,2947.00,"Victoria, British Columbia",38.82.1,v44340938
1998,785.00,"Yukon",40.82.1,v44371600
1999,803.00,"Yukon",40.82.1,v44371600
2000,1120.00,"Yukon",40.82.1,v44371600
2001,1391.00,"Yukon",40.82.1,v44371600
2002,1690.00,"Yukon",40.82.1,v44371600
2003,1806.00,"Yukon",40.82.1,v44371600
2004,1696.00,"Yukon",40.82.1,v44371600
2005,1778.00,"Yukon",40.82.1,v44371600
2006,1706.00,"Yukon",40.82.1,v44371600
2007,1765.00,"Yukon",40.82.1,v44371600
2008,2075.00,"Yukon",40.82.1,v44371600
2009,1771.00,"Yukon",40.82.1,v44371600
2010,1750.00,"Yukon",40.82.1,v44371600
2011,1934.00,"Yukon",40.82.1,v44371600
2012,1690.00,"Yukon",40.82.1,v44371600
2013,1917.00,"Yukon",40.82.1,v44371600
2014,1987.00,"Yukon",40.82.1,v44371600
2015,1973.00,"Yukon",40.82.1,v44371600
1998,3699.00,"Northwest Territories",41.82.1,v44342647
1999,2731.00,"Northwest Territories",41.82.1,v44342647
2000,3109.00,"Northwest Territories",41.82.1,v44342647
2001,3264.00,"Northwest Territories",41.82.1,v44342647
2002,3834.00,"Northwest Territories",41.82.1,v44342647
2003,5082.00,"Northwest Territories",41.82.1,v44342647
2004,5792.00,"Northwest Territories",41.82.1,v44342647
2005,5413.00,"Northwest Territories",41.82.1,v44342647
2006,5572.00,"Northwest Territories",41.82.1,v44342647
2007,6297.00,"Northwest Territories",41.82.1,v44342647
2008,6494.00,"Northwest Territories",41.82.1,v44342647
2009,6473.00,"Northwest Territories",41.82.1,v44342647
2010,7655.00,"Northwest Territories",41.82.1,v44342647
2011,7897.00,"Northwest Territories",41.82.1,v44342647
2012,8344.00,"Northwest Territories",41.82.1,v44342647
2013,8608.00,"Northwest Territories",41.82.1,v44342647
2014,8408.00,"Northwest Territories",41.82.1,v44342647
2015,8480.00,"Northwest Territories",41.82.1,v44342647
1998,..,"Nunavut",42.82.1,v44378807
1999,1051.00,"Nunavut",42.82.1,v44378807
2000,1303.00,"Nunavut",42.82.1,v44378807
2001,1706.00,"Nunavut",42.82.1,v44378807
2002,1891.00,"Nunavut",42.82.1,v44378807
2003,2495.00,"Nunavut",42.82.1,v44378807
2004,2862.00,"Nunavut",42.82.1,v44378807
2005,2757.00,"Nunavut",42.82.1,v44378807
2006,2939.00,"Nunavut",42.82.1,v44378807
2007,2957.00,"Nunavut",42.82.1,v44378807
2008,3615.00,"Nunavut",42.82.1,v44378807
2009,4066.00,"Nunavut",42.82.1,v44378807
2010,4110.00,"Nunavut",42.82.1,v44378807
2011,4310.00,"Nunavut",42.82.1,v44378807
2012,4273.00,"Nunavut",42.82.1,v44378807
2013,3338.00,"Nunavut",42.82.1,v44378807
2014,3841.00,"Nunavut",42.82.1,v44378807
2015,4362.00,"Nunavut",42.82.1,v44378807
