1998,9752.00,"Canada",1.82.13,v53080003
1999,8868.00,"Canada",1.82.13,v53080003
2000,11388.00,"Canada",1.82.13,v53080003
2001,13181.00,"Canada",1.82.13,v53080003
2002,13388.00,"Canada",1.82.13,v53080003
2003,18690.00,"Canada",1.82.13,v53080003
2004,18456.00,"Canada",1.82.13,v53080003
2005,18535.00,"Canada",1.82.13,v53080003
2006,21474.00,"Canada",1.82.13,v53080003
2007,20716.00,"Canada",1.82.13,v53080003
2008,19692.00,"Canada",1.82.13,v53080003
2009,18483.00,"Canada",1.82.13,v53080003
2010,17042.00,"Canada",1.82.13,v53080003
2011,14475.00,"Canada",1.82.13,v53080003
2012,13299.00,"Canada",1.82.13,v53080003
2013,10766.00,"Canada",1.82.13,v53080003
2014,9271.00,"Canada",1.82.13,v53080003
2015,9059.00,"Canada",1.82.13,v53080003
1998,163.00,"Newfoundland and Labrador",2.82.13,v53081376
1999,185.00,"Newfoundland and Labrador",2.82.13,v53081376
2000,256.00,"Newfoundland and Labrador",2.82.13,v53081376
2001,326.00,"Newfoundland and Labrador",2.82.13,v53081376
2002,280.00,"Newfoundland and Labrador",2.82.13,v53081376
2003,544.00,"Newfoundland and Labrador",2.82.13,v53081376
2004,485.00,"Newfoundland and Labrador",2.82.13,v53081376
2005,488.00,"Newfoundland and Labrador",2.82.13,v53081376
2006,709.00,"Newfoundland and Labrador",2.82.13,v53081376
2007,772.00,"Newfoundland and Labrador",2.82.13,v53081376
2008,764.00,"Newfoundland and Labrador",2.82.13,v53081376
2009,581.00,"Newfoundland and Labrador",2.82.13,v53081376
2010,395.00,"Newfoundland and Labrador",2.82.13,v53081376
2011,423.00,"Newfoundland and Labrador",2.82.13,v53081376
2012,325.00,"Newfoundland and Labrador",2.82.13,v53081376
2013,285.00,"Newfoundland and Labrador",2.82.13,v53081376
2014,210.00,"Newfoundland and Labrador",2.82.13,v53081376
2015,220.00,"Newfoundland and Labrador",2.82.13,v53081376
1998,12.00,"St. John's, Newfoundland and Labrador",3.82.13,v53082327
1999,15.00,"St. John's, Newfoundland and Labrador",3.82.13,v53082327
2000,21.00,"St. John's, Newfoundland and Labrador",3.82.13,v53082327
2001,17.00,"St. John's, Newfoundland and Labrador",3.82.13,v53082327
2002,23.00,"St. John's, Newfoundland and Labrador",3.82.13,v53082327
2003,28.00,"St. John's, Newfoundland and Labrador",3.82.13,v53082327
2004,28.00,"St. John's, Newfoundland and Labrador",3.82.13,v53082327
2005,13.00,"St. John's, Newfoundland and Labrador",3.82.13,v53082327
2006,42.00,"St. John's, Newfoundland and Labrador",3.82.13,v53082327
2007,55.00,"St. John's, Newfoundland and Labrador",3.82.13,v53082327
2008,30.00,"St. John's, Newfoundland and Labrador",3.82.13,v53082327
2009,25.00,"St. John's, Newfoundland and Labrador",3.82.13,v53082327
2010,21.00,"St. John's, Newfoundland and Labrador",3.82.13,v53082327
2011,22.00,"St. John's, Newfoundland and Labrador",3.82.13,v53082327
2012,44.00,"St. John's, Newfoundland and Labrador",3.82.13,v53082327
2013,40.00,"St. John's, Newfoundland and Labrador",3.82.13,v53082327
2014,30.00,"St. John's, Newfoundland and Labrador",3.82.13,v53082327
2015,41.00,"St. John's, Newfoundland and Labrador",3.82.13,v53082327
1998,29.00,"Prince Edward Island",4.82.13,v53080858
1999,46.00,"Prince Edward Island",4.82.13,v53080858
2000,119.00,"Prince Edward Island",4.82.13,v53080858
2001,68.00,"Prince Edward Island",4.82.13,v53080858
2002,87.00,"Prince Edward Island",4.82.13,v53080858
2003,141.00,"Prince Edward Island",4.82.13,v53080858
2004,111.00,"Prince Edward Island",4.82.13,v53080858
2005,183.00,"Prince Edward Island",4.82.13,v53080858
2006,204.00,"Prince Edward Island",4.82.13,v53080858
2007,171.00,"Prince Edward Island",4.82.13,v53080858
2008,123.00,"Prince Edward Island",4.82.13,v53080858
2009,140.00,"Prince Edward Island",4.82.13,v53080858
2010,111.00,"Prince Edward Island",4.82.13,v53080858
2011,108.00,"Prince Edward Island",4.82.13,v53080858
2012,71.00,"Prince Edward Island",4.82.13,v53080858
2013,65.00,"Prince Edward Island",4.82.13,v53080858
2014,54.00,"Prince Edward Island",4.82.13,v53080858
2015,39.00,"Prince Edward Island",4.82.13,v53080858
1998,210.00,"Nova Scotia",5.82.13,v53083036
1999,210.00,"Nova Scotia",5.82.13,v53083036
2000,503.00,"Nova Scotia",5.82.13,v53083036
2001,732.00,"Nova Scotia",5.82.13,v53083036
2002,757.00,"Nova Scotia",5.82.13,v53083036
2003,996.00,"Nova Scotia",5.82.13,v53083036
2004,893.00,"Nova Scotia",5.82.13,v53083036
2005,1051.00,"Nova Scotia",5.82.13,v53083036
2006,1137.00,"Nova Scotia",5.82.13,v53083036
2007,1031.00,"Nova Scotia",5.82.13,v53083036
2008,921.00,"Nova Scotia",5.82.13,v53083036
2009,838.00,"Nova Scotia",5.82.13,v53083036
2010,778.00,"Nova Scotia",5.82.13,v53083036
2011,749.00,"Nova Scotia",5.82.13,v53083036
2012,735.00,"Nova Scotia",5.82.13,v53083036
2013,512.00,"Nova Scotia",5.82.13,v53083036
2014,476.00,"Nova Scotia",5.82.13,v53083036
2015,397.00,"Nova Scotia",5.82.13,v53083036
1998,63.00,"Halifax, Nova Scotia",6.82.13,v53081787
1999,50.00,"Halifax, Nova Scotia",6.82.13,v53081787
2000,115.00,"Halifax, Nova Scotia",6.82.13,v53081787
2001,209.00,"Halifax, Nova Scotia",6.82.13,v53081787
2002,191.00,"Halifax, Nova Scotia",6.82.13,v53081787
2003,268.00,"Halifax, Nova Scotia",6.82.13,v53081787
2004,186.00,"Halifax, Nova Scotia",6.82.13,v53081787
2005,204.00,"Halifax, Nova Scotia",6.82.13,v53081787
2006,124.00,"Halifax, Nova Scotia",6.82.13,v53081787
2007,160.00,"Halifax, Nova Scotia",6.82.13,v53081787
2008,118.00,"Halifax, Nova Scotia",6.82.13,v53081787
2009,68.00,"Halifax, Nova Scotia",6.82.13,v53081787
2010,124.00,"Halifax, Nova Scotia",6.82.13,v53081787
2011,123.00,"Halifax, Nova Scotia",6.82.13,v53081787
2012,99.00,"Halifax, Nova Scotia",6.82.13,v53081787
2013,78.00,"Halifax, Nova Scotia",6.82.13,v53081787
2014,42.00,"Halifax, Nova Scotia",6.82.13,v53081787
2015,32.00,"Halifax, Nova Scotia",6.82.13,v53081787
1998,269.00,"New Brunswick",7.82.13,v53081809
1999,234.00,"New Brunswick",7.82.13,v53081809
2000,242.00,"New Brunswick",7.82.13,v53081809
2001,317.00,"New Brunswick",7.82.13,v53081809
2002,313.00,"New Brunswick",7.82.13,v53081809
2003,366.00,"New Brunswick",7.82.13,v53081809
2004,535.00,"New Brunswick",7.82.13,v53081809
2005,641.00,"New Brunswick",7.82.13,v53081809
2006,685.00,"New Brunswick",7.82.13,v53081809
2007,701.00,"New Brunswick",7.82.13,v53081809
2008,698.00,"New Brunswick",7.82.13,v53081809
2009,576.00,"New Brunswick",7.82.13,v53081809
2010,487.00,"New Brunswick",7.82.13,v53081809
2011,382.00,"New Brunswick",7.82.13,v53081809
2012,370.00,"New Brunswick",7.82.13,v53081809
2013,251.00,"New Brunswick",7.82.13,v53081809
2014,196.00,"New Brunswick",7.82.13,v53081809
2015,208.00,"New Brunswick",7.82.13,v53081809
2005,..,"Moncton, New Brunswick",43.82.13,v53082768
2006,162.00,"Moncton, New Brunswick",43.82.13,v53082768
2007,165.00,"Moncton, New Brunswick",43.82.13,v53082768
2008,137.00,"Moncton, New Brunswick",43.82.13,v53082768
2009,104.00,"Moncton, New Brunswick",43.82.13,v53082768
2010,79.00,"Moncton, New Brunswick",43.82.13,v53082768
2011,82.00,"Moncton, New Brunswick",43.82.13,v53082768
2012,52.00,"Moncton, New Brunswick",43.82.13,v53082768
2013,35.00,"Moncton, New Brunswick",43.82.13,v53082768
2014,41.00,"Moncton, New Brunswick",43.82.13,v53082768
2015,36.00,"Moncton, New Brunswick",43.82.13,v53082768
1998,34.00,"Saint John, New Brunswick",8.82.13,v53083806
1999,38.00,"Saint John, New Brunswick",8.82.13,v53083806
2000,40.00,"Saint John, New Brunswick",8.82.13,v53083806
2001,41.00,"Saint John, New Brunswick",8.82.13,v53083806
2002,31.00,"Saint John, New Brunswick",8.82.13,v53083806
2003,32.00,"Saint John, New Brunswick",8.82.13,v53083806
2004,55.00,"Saint John, New Brunswick",8.82.13,v53083806
2005,71.00,"Saint John, New Brunswick",8.82.13,v53083806
2006,83.00,"Saint John, New Brunswick",8.82.13,v53083806
2007,148.00,"Saint John, New Brunswick",8.82.13,v53083806
2008,145.00,"Saint John, New Brunswick",8.82.13,v53083806
2009,127.00,"Saint John, New Brunswick",8.82.13,v53083806
2010,113.00,"Saint John, New Brunswick",8.82.13,v53083806
2011,96.00,"Saint John, New Brunswick",8.82.13,v53083806
2012,85.00,"Saint John, New Brunswick",8.82.13,v53083806
2013,63.00,"Saint John, New Brunswick",8.82.13,v53083806
2014,43.00,"Saint John, New Brunswick",8.82.13,v53083806
2015,58.00,"Saint John, New Brunswick",8.82.13,v53083806
1998,1970.00,"Quebec",9.82.13,v53084145
1999,1733.00,"Quebec",9.82.13,v53084145
2000,1747.00,"Quebec",9.82.13,v53084145
2001,1770.00,"Quebec",9.82.13,v53084145
2002,1594.00,"Quebec",9.82.13,v53084145
2003,2475.00,"Quebec",9.82.13,v53084145
2004,2046.00,"Quebec",9.82.13,v53084145
2005,1938.00,"Quebec",9.82.13,v53084145
2006,2018.00,"Quebec",9.82.13,v53084145
2007,1863.00,"Quebec",9.82.13,v53084145
2008,1910.00,"Quebec",9.82.13,v53084145
2009,2055.00,"Quebec",9.82.13,v53084145
2010,1842.00,"Quebec",9.82.13,v53084145
2011,1358.00,"Quebec",9.82.13,v53084145
2012,1153.00,"Quebec",9.82.13,v53084145
2013,864.00,"Quebec",9.82.13,v53084145
2014,779.00,"Quebec",9.82.13,v53084145
2015,848.00,"Quebec",9.82.13,v53084145
1998,44.00,"Saguenay, Quebec",10.82.13,v53084255
1999,60.00,"Saguenay, Quebec",10.82.13,v53084255
2000,46.00,"Saguenay, Quebec",10.82.13,v53084255
2001,40.00,"Saguenay, Quebec",10.82.13,v53084255
2002,26.00,"Saguenay, Quebec",10.82.13,v53084255
2003,30.00,"Saguenay, Quebec",10.82.13,v53084255
2004,29.00,"Saguenay, Quebec",10.82.13,v53084255
2005,36.00,"Saguenay, Quebec",10.82.13,v53084255
2006,23.00,"Saguenay, Quebec",10.82.13,v53084255
2007,24.00,"Saguenay, Quebec",10.82.13,v53084255
2008,29.00,"Saguenay, Quebec",10.82.13,v53084255
2009,19.00,"Saguenay, Quebec",10.82.13,v53084255
2010,15.00,"Saguenay, Quebec",10.82.13,v53084255
2011,36.00,"Saguenay, Quebec",10.82.13,v53084255
2012,23.00,"Saguenay, Quebec",10.82.13,v53084255
2013,9.00,"Saguenay, Quebec",10.82.13,v53084255
2014,20.00,"Saguenay, Quebec",10.82.13,v53084255
2015,7.00,"Saguenay, Quebec",10.82.13,v53084255
1998,31.00,"Sherbrooke, Quebec",12.82.13,v53086762
1999,10.00,"Sherbrooke, Quebec",12.82.13,v53086762
2000,8.00,"Sherbrooke, Quebec",12.82.13,v53086762
2001,13.00,"Sherbrooke, Quebec",12.82.13,v53086762
2002,20.00,"Sherbrooke, Quebec",12.82.13,v53086762
2003,21.00,"Sherbrooke, Quebec",12.82.13,v53086762
2004,17.00,"Sherbrooke, Quebec",12.82.13,v53086762
2005,20.00,"Sherbrooke, Quebec",12.82.13,v53086762
2006,25.00,"Sherbrooke, Quebec",12.82.13,v53086762
2007,41.00,"Sherbrooke, Quebec",12.82.13,v53086762
2008,52.00,"Sherbrooke, Quebec",12.82.13,v53086762
2009,59.00,"Sherbrooke, Quebec",12.82.13,v53086762
2010,28.00,"Sherbrooke, Quebec",12.82.13,v53086762
2011,37.00,"Sherbrooke, Quebec",12.82.13,v53086762
2012,29.00,"Sherbrooke, Quebec",12.82.13,v53086762
2013,20.00,"Sherbrooke, Quebec",12.82.13,v53086762
2014,14.00,"Sherbrooke, Quebec",12.82.13,v53086762
2015,21.00,"Sherbrooke, Quebec",12.82.13,v53086762
1998,66.00,"Ottawa-Gatineau, Quebec part",15.82.13,v53084650
1999,58.00,"Ottawa-Gatineau, Quebec part",15.82.13,v53084650
2000,68.00,"Ottawa-Gatineau, Quebec part",15.82.13,v53084650
2001,62.00,"Ottawa-Gatineau, Quebec part",15.82.13,v53084650
2002,52.00,"Ottawa-Gatineau, Quebec part",15.82.13,v53084650
2003,116.00,"Ottawa-Gatineau, Quebec part",15.82.13,v53084650
2004,101.00,"Ottawa-Gatineau, Quebec part",15.82.13,v53084650
2005,81.00,"Ottawa-Gatineau, Quebec part",15.82.13,v53084650
2006,110.00,"Ottawa-Gatineau, Quebec part",15.82.13,v53084650
2007,90.00,"Ottawa-Gatineau, Quebec part",15.82.13,v53084650
2008,105.00,"Ottawa-Gatineau, Quebec part",15.82.13,v53084650
2009,112.00,"Ottawa-Gatineau, Quebec part",15.82.13,v53084650
2010,59.00,"Ottawa-Gatineau, Quebec part",15.82.13,v53084650
2011,79.00,"Ottawa-Gatineau, Quebec part",15.82.13,v53084650
2012,73.00,"Ottawa-Gatineau, Quebec part",15.82.13,v53084650
2013,49.00,"Ottawa-Gatineau, Quebec part",15.82.13,v53084650
2014,38.00,"Ottawa-Gatineau, Quebec part",15.82.13,v53084650
2015,44.00,"Ottawa-Gatineau, Quebec part",15.82.13,v53084650
1998,2115.00,"Ontario",16.82.13,v53085694
1999,1904.00,"Ontario",16.82.13,v53085694
2000,1865.00,"Ontario",16.82.13,v53085694
2001,1816.00,"Ontario",16.82.13,v53085694
2002,1881.00,"Ontario",16.82.13,v53085694
2003,4246.00,"Ontario",16.82.13,v53085694
2004,4639.00,"Ontario",16.82.13,v53085694
2005,4259.00,"Ontario",16.82.13,v53085694
2006,4777.00,"Ontario",16.82.13,v53085694
2007,4759.00,"Ontario",16.82.13,v53085694
2008,4083.00,"Ontario",16.82.13,v53085694
2009,3952.00,"Ontario",16.82.13,v53085694
2010,3401.00,"Ontario",16.82.13,v53085694
2011,3077.00,"Ontario",16.82.13,v53085694
2012,2892.00,"Ontario",16.82.13,v53085694
2013,2290.00,"Ontario",16.82.13,v53085694
2014,1971.00,"Ontario",16.82.13,v53085694
2015,1876.00,"Ontario",16.82.13,v53085694
1998,216.00,"Ottawa-Gatineau, Ontario/Quebec",17.82.13,v53080250
1999,140.00,"Ottawa-Gatineau, Ontario/Quebec",17.82.13,v53080250
2000,116.00,"Ottawa-Gatineau, Ontario/Quebec",17.82.13,v53080250
2001,167.00,"Ottawa-Gatineau, Ontario/Quebec",17.82.13,v53080250
2002,229.00,"Ottawa-Gatineau, Ontario/Quebec",17.82.13,v53080250
2003,329.00,"Ottawa-Gatineau, Ontario/Quebec",17.82.13,v53080250
2004,489.00,"Ottawa-Gatineau, Ontario/Quebec",17.82.13,v53080250
2005,415.00,"Ottawa-Gatineau, Ontario/Quebec",17.82.13,v53080250
2006,541.00,"Ottawa-Gatineau, Ontario/Quebec",17.82.13,v53080250
2007,564.00,"Ottawa-Gatineau, Ontario/Quebec",17.82.13,v53080250
2008,485.00,"Ottawa-Gatineau, Ontario/Quebec",17.82.13,v53080250
2009,412.00,"Ottawa-Gatineau, Ontario/Quebec",17.82.13,v53080250
2010,314.00,"Ottawa-Gatineau, Ontario/Quebec",17.82.13,v53080250
2011,288.00,"Ottawa-Gatineau, Ontario/Quebec",17.82.13,v53080250
2012,280.00,"Ottawa-Gatineau, Ontario/Quebec",17.82.13,v53080250
2013,207.00,"Ottawa-Gatineau, Ontario/Quebec",17.82.13,v53080250
2014,138.00,"Ottawa-Gatineau, Ontario/Quebec",17.82.13,v53080250
2015,144.00,"Ottawa-Gatineau, Ontario/Quebec",17.82.13,v53080250
1998,150.00,"Ottawa-Gatineau, Ontario part",18.82.13,v53085803
1999,82.00,"Ottawa-Gatineau, Ontario part",18.82.13,v53085803
2000,48.00,"Ottawa-Gatineau, Ontario part",18.82.13,v53085803
2001,105.00,"Ottawa-Gatineau, Ontario part",18.82.13,v53085803
2002,177.00,"Ottawa-Gatineau, Ontario part",18.82.13,v53085803
2003,213.00,"Ottawa-Gatineau, Ontario part",18.82.13,v53085803
2004,388.00,"Ottawa-Gatineau, Ontario part",18.82.13,v53085803
2005,334.00,"Ottawa-Gatineau, Ontario part",18.82.13,v53085803
2006,431.00,"Ottawa-Gatineau, Ontario part",18.82.13,v53085803
2007,474.00,"Ottawa-Gatineau, Ontario part",18.82.13,v53085803
2008,380.00,"Ottawa-Gatineau, Ontario part",18.82.13,v53085803
2009,300.00,"Ottawa-Gatineau, Ontario part",18.82.13,v53085803
2010,255.00,"Ottawa-Gatineau, Ontario part",18.82.13,v53085803
2011,209.00,"Ottawa-Gatineau, Ontario part",18.82.13,v53085803
2012,207.00,"Ottawa-Gatineau, Ontario part",18.82.13,v53085803
2013,158.00,"Ottawa-Gatineau, Ontario part",18.82.13,v53085803
2014,100.00,"Ottawa-Gatineau, Ontario part",18.82.13,v53085803
2015,100.00,"Ottawa-Gatineau, Ontario part",18.82.13,v53085803
2000,..,"Kingston, Ontario",27.82.13,v53090103
2001,12.00,"Kingston, Ontario",27.82.13,v53090103
2002,27.00,"Kingston, Ontario",27.82.13,v53090103
2003,87.00,"Kingston, Ontario",27.82.13,v53090103
2004,83.00,"Kingston, Ontario",27.82.13,v53090103
2005,56.00,"Kingston, Ontario",27.82.13,v53090103
2006,91.00,"Kingston, Ontario",27.82.13,v53090103
2007,79.00,"Kingston, Ontario",27.82.13,v53090103
2008,63.00,"Kingston, Ontario",27.82.13,v53090103
2009,63.00,"Kingston, Ontario",27.82.13,v53090103
2010,52.00,"Kingston, Ontario",27.82.13,v53090103
2011,70.00,"Kingston, Ontario",27.82.13,v53090103
2012,60.00,"Kingston, Ontario",27.82.13,v53090103
2013,57.00,"Kingston, Ontario",27.82.13,v53090103
2014,28.00,"Kingston, Ontario",27.82.13,v53090103
2015,33.00,"Kingston, Ontario",27.82.13,v53090103
2005,..,"Peterborough, Ontario",44.82.13,v53087247
2006,37.00,"Peterborough, Ontario",44.82.13,v53087247
2007,31.00,"Peterborough, Ontario",44.82.13,v53087247
2008,38.00,"Peterborough, Ontario",44.82.13,v53087247
2009,28.00,"Peterborough, Ontario",44.82.13,v53087247
2010,38.00,"Peterborough, Ontario",44.82.13,v53087247
2011,19.00,"Peterborough, Ontario",44.82.13,v53087247
2012,23.00,"Peterborough, Ontario",44.82.13,v53087247
2013,27.00,"Peterborough, Ontario",44.82.13,v53087247
2014,9.00,"Peterborough, Ontario",44.82.13,v53087247
2015,12.00,"Peterborough, Ontario",44.82.13,v53087247
1998,287.00,"Toronto, Ontario",19.82.13,v53088243
1999,325.00,"Toronto, Ontario",19.82.13,v53088243
2000,324.00,"Toronto, Ontario",19.82.13,v53088243
2001,316.00,"Toronto, Ontario",19.82.13,v53088243
2002,334.00,"Toronto, Ontario",19.82.13,v53088243
2003,616.00,"Toronto, Ontario",19.82.13,v53088243
2004,668.00,"Toronto, Ontario",19.82.13,v53088243
2005,647.00,"Toronto, Ontario",19.82.13,v53088243
2006,796.00,"Toronto, Ontario",19.82.13,v53088243
2007,826.00,"Toronto, Ontario",19.82.13,v53088243
2008,672.00,"Toronto, Ontario",19.82.13,v53088243
2009,635.00,"Toronto, Ontario",19.82.13,v53088243
2010,532.00,"Toronto, Ontario",19.82.13,v53088243
2011,460.00,"Toronto, Ontario",19.82.13,v53088243
2012,459.00,"Toronto, Ontario",19.82.13,v53088243
2013,395.00,"Toronto, Ontario",19.82.13,v53088243
2014,395.00,"Toronto, Ontario",19.82.13,v53088243
2015,340.00,"Toronto, Ontario",19.82.13,v53088243
1998,431.00,"Hamilton, Ontario",20.82.13,v53088340
1999,388.00,"Hamilton, Ontario",20.82.13,v53088340
2000,359.00,"Hamilton, Ontario",20.82.13,v53088340
2001,436.00,"Hamilton, Ontario",20.82.13,v53088340
2002,274.00,"Hamilton, Ontario",20.82.13,v53088340
2003,301.00,"Hamilton, Ontario",20.82.13,v53088340
2004,354.00,"Hamilton, Ontario",20.82.13,v53088340
2005,276.00,"Hamilton, Ontario",20.82.13,v53088340
2006,237.00,"Hamilton, Ontario",20.82.13,v53088340
2007,280.00,"Hamilton, Ontario",20.82.13,v53088340
2008,263.00,"Hamilton, Ontario",20.82.13,v53088340
2009,326.00,"Hamilton, Ontario",20.82.13,v53088340
2010,247.00,"Hamilton, Ontario",20.82.13,v53088340
2011,202.00,"Hamilton, Ontario",20.82.13,v53088340
2012,151.00,"Hamilton, Ontario",20.82.13,v53088340
2013,139.00,"Hamilton, Ontario",20.82.13,v53088340
2014,124.00,"Hamilton, Ontario",20.82.13,v53088340
2015,107.00,"Hamilton, Ontario",20.82.13,v53088340
1998,140.00,"St.Catharines-Niagara, Ontario",21.82.13,v53092841
1999,125.00,"St.Catharines-Niagara, Ontario",21.82.13,v53092841
2000,163.00,"St.Catharines-Niagara, Ontario",21.82.13,v53092841
2001,127.00,"St.Catharines-Niagara, Ontario",21.82.13,v53092841
2002,184.00,"St.Catharines-Niagara, Ontario",21.82.13,v53092841
2003,230.00,"St.Catharines-Niagara, Ontario",21.82.13,v53092841
2004,137.00,"St.Catharines-Niagara, Ontario",21.82.13,v53092841
2005,106.00,"St.Catharines-Niagara, Ontario",21.82.13,v53092841
2006,183.00,"St.Catharines-Niagara, Ontario",21.82.13,v53092841
2007,190.00,"St.Catharines-Niagara, Ontario",21.82.13,v53092841
2008,182.00,"St.Catharines-Niagara, Ontario",21.82.13,v53092841
2009,157.00,"St.Catharines-Niagara, Ontario",21.82.13,v53092841
2010,157.00,"St.Catharines-Niagara, Ontario",21.82.13,v53092841
2011,94.00,"St.Catharines-Niagara, Ontario",21.82.13,v53092841
2012,157.00,"St.Catharines-Niagara, Ontario",21.82.13,v53092841
2013,108.00,"St.Catharines-Niagara, Ontario",21.82.13,v53092841
2014,90.00,"St.Catharines-Niagara, Ontario",21.82.13,v53092841
2015,77.00,"St.Catharines-Niagara, Ontario",21.82.13,v53092841
1998,177.00,"Kitchener-Cambridge-Waterloo, Ontario",22.82.13,v53093030
1999,146.00,"Kitchener-Cambridge-Waterloo, Ontario",22.82.13,v53093030
2000,154.00,"Kitchener-Cambridge-Waterloo, Ontario",22.82.13,v53093030
2001,147.00,"Kitchener-Cambridge-Waterloo, Ontario",22.82.13,v53093030
2002,88.00,"Kitchener-Cambridge-Waterloo, Ontario",22.82.13,v53093030
2003,287.00,"Kitchener-Cambridge-Waterloo, Ontario",22.82.13,v53093030
2004,254.00,"Kitchener-Cambridge-Waterloo, Ontario",22.82.13,v53093030
2005,294.00,"Kitchener-Cambridge-Waterloo, Ontario",22.82.13,v53093030
2006,226.00,"Kitchener-Cambridge-Waterloo, Ontario",22.82.13,v53093030
2007,200.00,"Kitchener-Cambridge-Waterloo, Ontario",22.82.13,v53093030
2008,233.00,"Kitchener-Cambridge-Waterloo, Ontario",22.82.13,v53093030
2009,193.00,"Kitchener-Cambridge-Waterloo, Ontario",22.82.13,v53093030
2010,198.00,"Kitchener-Cambridge-Waterloo, Ontario",22.82.13,v53093030
2011,172.00,"Kitchener-Cambridge-Waterloo, Ontario",22.82.13,v53093030
2012,143.00,"Kitchener-Cambridge-Waterloo, Ontario",22.82.13,v53093030
2013,84.00,"Kitchener-Cambridge-Waterloo, Ontario",22.82.13,v53093030
2014,96.00,"Kitchener-Cambridge-Waterloo, Ontario",22.82.13,v53093030
2015,79.00,"Kitchener-Cambridge-Waterloo, Ontario",22.82.13,v53093030
2005,..,"Brantford, Ontario",45.82.13,v53087732
2006,74.00,"Brantford, Ontario",45.82.13,v53087732
2007,68.00,"Brantford, Ontario",45.82.13,v53087732
2008,73.00,"Brantford, Ontario",45.82.13,v53087732
2009,83.00,"Brantford, Ontario",45.82.13,v53087732
2010,62.00,"Brantford, Ontario",45.82.13,v53087732
2011,51.00,"Brantford, Ontario",45.82.13,v53087732
2012,68.00,"Brantford, Ontario",45.82.13,v53087732
2013,54.00,"Brantford, Ontario",45.82.13,v53087732
2014,30.00,"Brantford, Ontario",45.82.13,v53087732
2015,35.00,"Brantford, Ontario",45.82.13,v53087732
2005,..,"Guelph, Ontario",46.82.13,v53088706
2006,48.00,"Guelph, Ontario",46.82.13,v53088706
2007,89.00,"Guelph, Ontario",46.82.13,v53088706
2008,88.00,"Guelph, Ontario",46.82.13,v53088706
2009,30.00,"Guelph, Ontario",46.82.13,v53088706
2010,43.00,"Guelph, Ontario",46.82.13,v53088706
2011,17.00,"Guelph, Ontario",46.82.13,v53088706
2012,39.00,"Guelph, Ontario",46.82.13,v53088706
2013,16.00,"Guelph, Ontario",46.82.13,v53088706
2014,13.00,"Guelph, Ontario",46.82.13,v53088706
2015,17.00,"Guelph, Ontario",46.82.13,v53088706
1998,57.00,"London, Ontario",23.82.13,v53094983
1999,46.00,"London, Ontario",23.82.13,v53094983
2000,74.00,"London, Ontario",23.82.13,v53094983
2001,63.00,"London, Ontario",23.82.13,v53094983
2002,43.00,"London, Ontario",23.82.13,v53094983
2003,97.00,"London, Ontario",23.82.13,v53094983
2004,127.00,"London, Ontario",23.82.13,v53094983
2005,122.00,"London, Ontario",23.82.13,v53094983
2006,163.00,"London, Ontario",23.82.13,v53094983
2007,128.00,"London, Ontario",23.82.13,v53094983
2008,145.00,"London, Ontario",23.82.13,v53094983
2009,106.00,"London, Ontario",23.82.13,v53094983
2010,88.00,"London, Ontario",23.82.13,v53094983
2011,87.00,"London, Ontario",23.82.13,v53094983
2012,121.00,"London, Ontario",23.82.13,v53094983
2013,65.00,"London, Ontario",23.82.13,v53094983
2014,74.00,"London, Ontario",23.82.13,v53094983
2015,53.00,"London, Ontario",23.82.13,v53094983
1998,65.00,"Windsor, Ontario",24.82.13,v53087974
1999,49.00,"Windsor, Ontario",24.82.13,v53087974
2000,42.00,"Windsor, Ontario",24.82.13,v53087974
2001,66.00,"Windsor, Ontario",24.82.13,v53087974
2002,68.00,"Windsor, Ontario",24.82.13,v53087974
2003,125.00,"Windsor, Ontario",24.82.13,v53087974
2004,143.00,"Windsor, Ontario",24.82.13,v53087974
2005,135.00,"Windsor, Ontario",24.82.13,v53087974
2006,159.00,"Windsor, Ontario",24.82.13,v53087974
2007,138.00,"Windsor, Ontario",24.82.13,v53087974
2008,124.00,"Windsor, Ontario",24.82.13,v53087974
2009,113.00,"Windsor, Ontario",24.82.13,v53087974
2010,96.00,"Windsor, Ontario",24.82.13,v53087974
2011,78.00,"Windsor, Ontario",24.82.13,v53087974
2012,85.00,"Windsor, Ontario",24.82.13,v53087974
2013,52.00,"Windsor, Ontario",24.82.13,v53087974
2014,43.00,"Windsor, Ontario",24.82.13,v53087974
2015,56.00,"Windsor, Ontario",24.82.13,v53087974
2005,..,"Barrie, Ontario",47.82.13,v53088983
2006,137.00,"Barrie, Ontario",47.82.13,v53088983
2007,94.00,"Barrie, Ontario",47.82.13,v53088983
2008,56.00,"Barrie, Ontario",47.82.13,v53088983
2009,66.00,"Barrie, Ontario",47.82.13,v53088983
2010,41.00,"Barrie, Ontario",47.82.13,v53088983
2011,40.00,"Barrie, Ontario",47.82.13,v53088983
2012,57.00,"Barrie, Ontario",47.82.13,v53088983
2013,31.00,"Barrie, Ontario",47.82.13,v53088983
2014,37.00,"Barrie, Ontario",47.82.13,v53088983
2015,21.00,"Barrie, Ontario",47.82.13,v53088983
1998,59.00,"Sudbury, Ontario",25.82.13,v53095450
1999,52.00,"Sudbury, Ontario",25.82.13,v53095450
2000,64.00,"Sudbury, Ontario",25.82.13,v53095450
2001,42.00,"Sudbury, Ontario",25.82.13,v53095450
2002,52.00,"Sudbury, Ontario",25.82.13,v53095450
2003,88.00,"Sudbury, Ontario",25.82.13,v53095450
2004,65.00,"Sudbury, Ontario",25.82.13,v53095450
2005,48.00,"Sudbury, Ontario",25.82.13,v53095450
2006,63.00,"Sudbury, Ontario",25.82.13,v53095450
2007,75.00,"Sudbury, Ontario",25.82.13,v53095450
2008,36.00,"Sudbury, Ontario",25.82.13,v53095450
2009,43.00,"Sudbury, Ontario",25.82.13,v53095450
2010,47.00,"Sudbury, Ontario",25.82.13,v53095450
2011,46.00,"Sudbury, Ontario",25.82.13,v53095450
2012,47.00,"Sudbury, Ontario",25.82.13,v53095450
2013,36.00,"Sudbury, Ontario",25.82.13,v53095450
2014,25.00,"Sudbury, Ontario",25.82.13,v53095450
2015,54.00,"Sudbury, Ontario",25.82.13,v53095450
1998,36.00,"Thunder Bay, Ontario",26.82.13,v53090287
1999,63.00,"Thunder Bay, Ontario",26.82.13,v53090287
2000,36.00,"Thunder Bay, Ontario",26.82.13,v53090287
2001,57.00,"Thunder Bay, Ontario",26.82.13,v53090287
2002,57.00,"Thunder Bay, Ontario",26.82.13,v53090287
2003,103.00,"Thunder Bay, Ontario",26.82.13,v53090287
2004,87.00,"Thunder Bay, Ontario",26.82.13,v53090287
2005,82.00,"Thunder Bay, Ontario",26.82.13,v53090287
2006,117.00,"Thunder Bay, Ontario",26.82.13,v53090287
2007,80.00,"Thunder Bay, Ontario",26.82.13,v53090287
2008,40.00,"Thunder Bay, Ontario",26.82.13,v53090287
2009,63.00,"Thunder Bay, Ontario",26.82.13,v53090287
2010,30.00,"Thunder Bay, Ontario",26.82.13,v53090287
2011,48.00,"Thunder Bay, Ontario",26.82.13,v53090287
2012,33.00,"Thunder Bay, Ontario",26.82.13,v53090287
2013,32.00,"Thunder Bay, Ontario",26.82.13,v53090287
2014,35.00,"Thunder Bay, Ontario",26.82.13,v53090287
2015,37.00,"Thunder Bay, Ontario",26.82.13,v53090287
1998,314.00,"Manitoba",28.82.13,v53091247
1999,246.00,"Manitoba",28.82.13,v53091247
2000,476.00,"Manitoba",28.82.13,v53091247
2001,673.00,"Manitoba",28.82.13,v53091247
2002,670.00,"Manitoba",28.82.13,v53091247
2003,1008.00,"Manitoba",28.82.13,v53091247
2004,1099.00,"Manitoba",28.82.13,v53091247
2005,1012.00,"Manitoba",28.82.13,v53091247
2006,1388.00,"Manitoba",28.82.13,v53091247
2007,1354.00,"Manitoba",28.82.13,v53091247
2008,1393.00,"Manitoba",28.82.13,v53091247
2009,1337.00,"Manitoba",28.82.13,v53091247
2010,1294.00,"Manitoba",28.82.13,v53091247
2011,973.00,"Manitoba",28.82.13,v53091247
2012,984.00,"Manitoba",28.82.13,v53091247
2013,1038.00,"Manitoba",28.82.13,v53091247
2014,944.00,"Manitoba",28.82.13,v53091247
2015,932.00,"Manitoba",28.82.13,v53091247
1998,33.00,"Winnipeg, Manitoba",29.82.13,v53091305
1999,19.00,"Winnipeg, Manitoba",29.82.13,v53091305
2000,47.00,"Winnipeg, Manitoba",29.82.13,v53091305
2001,93.00,"Winnipeg, Manitoba",29.82.13,v53091305
2002,120.00,"Winnipeg, Manitoba",29.82.13,v53091305
2003,262.00,"Winnipeg, Manitoba",29.82.13,v53091305
2004,247.00,"Winnipeg, Manitoba",29.82.13,v53091305
2005,105.00,"Winnipeg, Manitoba",29.82.13,v53091305
2006,238.00,"Winnipeg, Manitoba",29.82.13,v53091305
2007,140.00,"Winnipeg, Manitoba",29.82.13,v53091305
2008,173.00,"Winnipeg, Manitoba",29.82.13,v53091305
2009,160.00,"Winnipeg, Manitoba",29.82.13,v53091305
2010,166.00,"Winnipeg, Manitoba",29.82.13,v53091305
2011,96.00,"Winnipeg, Manitoba",29.82.13,v53091305
2012,149.00,"Winnipeg, Manitoba",29.82.13,v53091305
2013,100.00,"Winnipeg, Manitoba",29.82.13,v53091305
2014,71.00,"Winnipeg, Manitoba",29.82.13,v53091305
2015,91.00,"Winnipeg, Manitoba",29.82.13,v53091305
1998,552.00,"Saskatchewan",30.82.13,v53096258
1999,473.00,"Saskatchewan",30.82.13,v53096258
2000,1108.00,"Saskatchewan",30.82.13,v53096258
2001,1258.00,"Saskatchewan",30.82.13,v53096258
2002,1354.00,"Saskatchewan",30.82.13,v53096258
2003,1878.00,"Saskatchewan",30.82.13,v53096258
2004,1989.00,"Saskatchewan",30.82.13,v53096258
2005,2486.00,"Saskatchewan",30.82.13,v53096258
2006,3043.00,"Saskatchewan",30.82.13,v53096258
2007,3071.00,"Saskatchewan",30.82.13,v53096258
2008,2764.00,"Saskatchewan",30.82.13,v53096258
2009,2574.00,"Saskatchewan",30.82.13,v53096258
2010,2566.00,"Saskatchewan",30.82.13,v53096258
2011,2258.00,"Saskatchewan",30.82.13,v53096258
2012,2005.00,"Saskatchewan",30.82.13,v53096258
2013,1468.00,"Saskatchewan",30.82.13,v53096258
2014,1185.00,"Saskatchewan",30.82.13,v53096258
2015,1233.00,"Saskatchewan",30.82.13,v53096258
1998,66.00,"Regina, Saskatchewan",31.82.13,v53096413
1999,69.00,"Regina, Saskatchewan",31.82.13,v53096413
2000,113.00,"Regina, Saskatchewan",31.82.13,v53096413
2001,118.00,"Regina, Saskatchewan",31.82.13,v53096413
2002,113.00,"Regina, Saskatchewan",31.82.13,v53096413
2003,153.00,"Regina, Saskatchewan",31.82.13,v53096413
2004,150.00,"Regina, Saskatchewan",31.82.13,v53096413
2005,139.00,"Regina, Saskatchewan",31.82.13,v53096413
2006,192.00,"Regina, Saskatchewan",31.82.13,v53096413
2007,152.00,"Regina, Saskatchewan",31.82.13,v53096413
2008,154.00,"Regina, Saskatchewan",31.82.13,v53096413
2009,94.00,"Regina, Saskatchewan",31.82.13,v53096413
2010,115.00,"Regina, Saskatchewan",31.82.13,v53096413
2011,109.00,"Regina, Saskatchewan",31.82.13,v53096413
2012,131.00,"Regina, Saskatchewan",31.82.13,v53096413
2013,71.00,"Regina, Saskatchewan",31.82.13,v53096413
2014,50.00,"Regina, Saskatchewan",31.82.13,v53096413
2015,64.00,"Regina, Saskatchewan",31.82.13,v53096413
1998,74.00,"Saskatoon, Saskatchewan",32.82.13,v53090805
1999,92.00,"Saskatoon, Saskatchewan",32.82.13,v53090805
2000,105.00,"Saskatoon, Saskatchewan",32.82.13,v53090805
2001,157.00,"Saskatoon, Saskatchewan",32.82.13,v53090805
2002,206.00,"Saskatoon, Saskatchewan",32.82.13,v53090805
2003,222.00,"Saskatoon, Saskatchewan",32.82.13,v53090805
2004,231.00,"Saskatoon, Saskatchewan",32.82.13,v53090805
2005,185.00,"Saskatoon, Saskatchewan",32.82.13,v53090805
2006,247.00,"Saskatoon, Saskatchewan",32.82.13,v53090805
2007,219.00,"Saskatoon, Saskatchewan",32.82.13,v53090805
2008,125.00,"Saskatoon, Saskatchewan",32.82.13,v53090805
2009,118.00,"Saskatoon, Saskatchewan",32.82.13,v53090805
2010,118.00,"Saskatoon, Saskatchewan",32.82.13,v53090805
2011,136.00,"Saskatoon, Saskatchewan",32.82.13,v53090805
2012,119.00,"Saskatoon, Saskatchewan",32.82.13,v53090805
2013,66.00,"Saskatoon, Saskatchewan",32.82.13,v53090805
2014,63.00,"Saskatoon, Saskatchewan",32.82.13,v53090805
2015,69.00,"Saskatoon, Saskatchewan",32.82.13,v53090805
1998,1271.00,"Alberta",33.82.13,v53090862
1999,1286.00,"Alberta",33.82.13,v53090862
2000,1984.00,"Alberta",33.82.13,v53090862
2001,2525.00,"Alberta",33.82.13,v53090862
2002,2934.00,"Alberta",33.82.13,v53090862
2003,3063.00,"Alberta",33.82.13,v53090862
2004,3046.00,"Alberta",33.82.13,v53090862
2005,3088.00,"Alberta",33.82.13,v53090862
2006,3843.00,"Alberta",33.82.13,v53090862
2007,3585.00,"Alberta",33.82.13,v53090862
2008,3733.00,"Alberta",33.82.13,v53090862
2009,3314.00,"Alberta",33.82.13,v53090862
2010,3208.00,"Alberta",33.82.13,v53090862
2011,2711.00,"Alberta",33.82.13,v53090862
2012,2600.00,"Alberta",33.82.13,v53090862
2013,2083.00,"Alberta",33.82.13,v53090862
2014,1724.00,"Alberta",33.82.13,v53090862
2015,1686.00,"Alberta",33.82.13,v53090862
1998,155.00,"Calgary, Alberta",34.82.13,v53090965
1999,197.00,"Calgary, Alberta",34.82.13,v53090965
2000,313.00,"Calgary, Alberta",34.82.13,v53090965
2001,357.00,"Calgary, Alberta",34.82.13,v53090965
2002,282.00,"Calgary, Alberta",34.82.13,v53090965
2003,469.00,"Calgary, Alberta",34.82.13,v53090965
2004,400.00,"Calgary, Alberta",34.82.13,v53090965
2005,328.00,"Calgary, Alberta",34.82.13,v53090965
2006,295.00,"Calgary, Alberta",34.82.13,v53090965
2007,290.00,"Calgary, Alberta",34.82.13,v53090965
2008,287.00,"Calgary, Alberta",34.82.13,v53090965
2009,253.00,"Calgary, Alberta",34.82.13,v53090965
2010,238.00,"Calgary, Alberta",34.82.13,v53090965
2011,220.00,"Calgary, Alberta",34.82.13,v53090965
2012,214.00,"Calgary, Alberta",34.82.13,v53090965
2013,180.00,"Calgary, Alberta",34.82.13,v53090965
2014,159.00,"Calgary, Alberta",34.82.13,v53090965
2015,140.00,"Calgary, Alberta",34.82.13,v53090965
1998,403.00,"Edmonton, Alberta",35.82.13,v53092017
1999,424.00,"Edmonton, Alberta",35.82.13,v53092017
2000,458.00,"Edmonton, Alberta",35.82.13,v53092017
2001,579.00,"Edmonton, Alberta",35.82.13,v53092017
2002,996.00,"Edmonton, Alberta",35.82.13,v53092017
2003,642.00,"Edmonton, Alberta",35.82.13,v53092017
2004,639.00,"Edmonton, Alberta",35.82.13,v53092017
2005,610.00,"Edmonton, Alberta",35.82.13,v53092017
2006,850.00,"Edmonton, Alberta",35.82.13,v53092017
2007,854.00,"Edmonton, Alberta",35.82.13,v53092017
2008,836.00,"Edmonton, Alberta",35.82.13,v53092017
2009,687.00,"Edmonton, Alberta",35.82.13,v53092017
2010,704.00,"Edmonton, Alberta",35.82.13,v53092017
2011,545.00,"Edmonton, Alberta",35.82.13,v53092017
2012,528.00,"Edmonton, Alberta",35.82.13,v53092017
2013,460.00,"Edmonton, Alberta",35.82.13,v53092017
2014,287.00,"Edmonton, Alberta",35.82.13,v53092017
2015,313.00,"Edmonton, Alberta",35.82.13,v53092017
1998,2706.00,"British Columbia",36.82.13,v53092113
1999,2456.00,"British Columbia",36.82.13,v53092113
2000,2873.00,"British Columbia",36.82.13,v53092113
2001,3339.00,"British Columbia",36.82.13,v53092113
2002,3067.00,"British Columbia",36.82.13,v53092113
2003,3313.00,"British Columbia",36.82.13,v53092113
2004,2912.00,"British Columbia",36.82.13,v53092113
2005,2680.00,"British Columbia",36.82.13,v53092113
2006,2843.00,"British Columbia",36.82.13,v53092113
2007,2493.00,"British Columbia",36.82.13,v53092113
2008,2345.00,"British Columbia",36.82.13,v53092113
2009,2303.00,"British Columbia",36.82.13,v53092113
2010,2106.00,"British Columbia",36.82.13,v53092113
2011,1703.00,"British Columbia",36.82.13,v53092113
2012,1545.00,"British Columbia",36.82.13,v53092113
2013,1298.00,"British Columbia",36.82.13,v53092113
2014,1159.00,"British Columbia",36.82.13,v53092113
2015,1058.00,"British Columbia",36.82.13,v53092113
2005,..,"Kelowna, British Columbia",48.82.13,v53093964
2006,102.00,"Kelowna, British Columbia",48.82.13,v53093964
2007,116.00,"Kelowna, British Columbia",48.82.13,v53093964
2008,133.00,"Kelowna, British Columbia",48.82.13,v53093964
2009,148.00,"Kelowna, British Columbia",48.82.13,v53093964
2010,143.00,"Kelowna, British Columbia",48.82.13,v53093964
2011,79.00,"Kelowna, British Columbia",48.82.13,v53093964
2012,103.00,"Kelowna, British Columbia",48.82.13,v53093964
2013,80.00,"Kelowna, British Columbia",48.82.13,v53093964
2014,81.00,"Kelowna, British Columbia",48.82.13,v53093964
2015,63.00,"Kelowna, British Columbia",48.82.13,v53093964
2000,..,"Abbotsford-Mission, British Columbia",39.82.13,v53097978
2001,59.00,"Abbotsford-Mission, British Columbia",39.82.13,v53097978
2002,35.00,"Abbotsford-Mission, British Columbia",39.82.13,v53097978
2003,58.00,"Abbotsford-Mission, British Columbia",39.82.13,v53097978
2004,51.00,"Abbotsford-Mission, British Columbia",39.82.13,v53097978
2005,74.00,"Abbotsford-Mission, British Columbia",39.82.13,v53097978
2006,131.00,"Abbotsford-Mission, British Columbia",39.82.13,v53097978
2007,66.00,"Abbotsford-Mission, British Columbia",39.82.13,v53097978
2008,90.00,"Abbotsford-Mission, British Columbia",39.82.13,v53097978
2009,76.00,"Abbotsford-Mission, British Columbia",39.82.13,v53097978
2010,77.00,"Abbotsford-Mission, British Columbia",39.82.13,v53097978
2011,35.00,"Abbotsford-Mission, British Columbia",39.82.13,v53097978
2012,61.00,"Abbotsford-Mission, British Columbia",39.82.13,v53097978
2013,20.00,"Abbotsford-Mission, British Columbia",39.82.13,v53097978
2014,24.00,"Abbotsford-Mission, British Columbia",39.82.13,v53097978
2015,30.00,"Abbotsford-Mission, British Columbia",39.82.13,v53097978
1998,866.00,"Vancouver, British Columbia",37.82.13,v53098130
1999,644.00,"Vancouver, British Columbia",37.82.13,v53098130
2000,835.00,"Vancouver, British Columbia",37.82.13,v53098130
2001,837.00,"Vancouver, British Columbia",37.82.13,v53098130
2002,680.00,"Vancouver, British Columbia",37.82.13,v53098130
2003,845.00,"Vancouver, British Columbia",37.82.13,v53098130
2004,688.00,"Vancouver, British Columbia",37.82.13,v53098130
2005,690.00,"Vancouver, British Columbia",37.82.13,v53098130
2006,646.00,"Vancouver, British Columbia",37.82.13,v53098130
2007,646.00,"Vancouver, British Columbia",37.82.13,v53098130
2008,583.00,"Vancouver, British Columbia",37.82.13,v53098130
2009,539.00,"Vancouver, British Columbia",37.82.13,v53098130
2010,530.00,"Vancouver, British Columbia",37.82.13,v53098130
2011,472.00,"Vancouver, British Columbia",37.82.13,v53098130
2012,369.00,"Vancouver, British Columbia",37.82.13,v53098130
2013,358.00,"Vancouver, British Columbia",37.82.13,v53098130
2014,308.00,"Vancouver, British Columbia",37.82.13,v53098130
2015,167.00,"Vancouver, British Columbia",37.82.13,v53098130
1998,389.00,"Victoria, British Columbia",38.82.13,v53098309
1999,270.00,"Victoria, British Columbia",38.82.13,v53098309
2000,322.00,"Victoria, British Columbia",38.82.13,v53098309
2001,252.00,"Victoria, British Columbia",38.82.13,v53098309
2002,256.00,"Victoria, British Columbia",38.82.13,v53098309
2003,294.00,"Victoria, British Columbia",38.82.13,v53098309
2004,218.00,"Victoria, British Columbia",38.82.13,v53098309
2005,214.00,"Victoria, British Columbia",38.82.13,v53098309
2006,204.00,"Victoria, British Columbia",38.82.13,v53098309
2007,245.00,"Victoria, British Columbia",38.82.13,v53098309
2008,220.00,"Victoria, British Columbia",38.82.13,v53098309
2009,163.00,"Victoria, British Columbia",38.82.13,v53098309
2010,173.00,"Victoria, British Columbia",38.82.13,v53098309
2011,127.00,"Victoria, British Columbia",38.82.13,v53098309
2012,88.00,"Victoria, British Columbia",38.82.13,v53098309
2013,85.00,"Victoria, British Columbia",38.82.13,v53098309
2014,90.00,"Victoria, British Columbia",38.82.13,v53098309
2015,57.00,"Victoria, British Columbia",38.82.13,v53098309
1998,38.00,"Yukon",40.82.13,v53093696
1999,27.00,"Yukon",40.82.13,v53093696
2000,73.00,"Yukon",40.82.13,v53093696
2001,104.00,"Yukon",40.82.13,v53093696
2002,114.00,"Yukon",40.82.13,v53093696
2003,134.00,"Yukon",40.82.13,v53093696
2004,136.00,"Yukon",40.82.13,v53093696
2005,156.00,"Yukon",40.82.13,v53093696
2006,171.00,"Yukon",40.82.13,v53093696
2007,173.00,"Yukon",40.82.13,v53093696
2008,184.00,"Yukon",40.82.13,v53093696
2009,131.00,"Yukon",40.82.13,v53093696
2010,108.00,"Yukon",40.82.13,v53093696
2011,100.00,"Yukon",40.82.13,v53093696
2012,55.00,"Yukon",40.82.13,v53093696
2013,120.00,"Yukon",40.82.13,v53093696
2014,113.00,"Yukon",40.82.13,v53093696
2015,99.00,"Yukon",40.82.13,v53093696
1998,115.00,"Northwest Territories",41.82.13,v53098697
1999,41.00,"Northwest Territories",41.82.13,v53098697
2000,83.00,"Northwest Territories",41.82.13,v53098697
2001,154.00,"Northwest Territories",41.82.13,v53098697
2002,174.00,"Northwest Territories",41.82.13,v53098697
2003,309.00,"Northwest Territories",41.82.13,v53098697
2004,350.00,"Northwest Territories",41.82.13,v53098697
2005,364.00,"Northwest Territories",41.82.13,v53098697
2006,405.00,"Northwest Territories",41.82.13,v53098697
2007,509.00,"Northwest Territories",41.82.13,v53098697
2008,522.00,"Northwest Territories",41.82.13,v53098697
2009,407.00,"Northwest Territories",41.82.13,v53098697
2010,473.00,"Northwest Territories",41.82.13,v53098697
2011,379.00,"Northwest Territories",41.82.13,v53098697
2012,354.00,"Northwest Territories",41.82.13,v53098697
2013,287.00,"Northwest Territories",41.82.13,v53098697
2014,255.00,"Northwest Territories",41.82.13,v53098697
2015,221.00,"Northwest Territories",41.82.13,v53098697
1998,..,"Nunavut",42.82.13,v53098774
1999,27.00,"Nunavut",42.82.13,v53098774
2000,59.00,"Nunavut",42.82.13,v53098774
2001,99.00,"Nunavut",42.82.13,v53098774
2002,163.00,"Nunavut",42.82.13,v53098774
2003,217.00,"Nunavut",42.82.13,v53098774
2004,215.00,"Nunavut",42.82.13,v53098774
2005,189.00,"Nunavut",42.82.13,v53098774
2006,251.00,"Nunavut",42.82.13,v53098774
2007,234.00,"Nunavut",42.82.13,v53098774
2008,252.00,"Nunavut",42.82.13,v53098774
2009,275.00,"Nunavut",42.82.13,v53098774
2010,273.00,"Nunavut",42.82.13,v53098774
2011,254.00,"Nunavut",42.82.13,v53098774
2012,210.00,"Nunavut",42.82.13,v53098774
2013,205.00,"Nunavut",42.82.13,v53098774
2014,205.00,"Nunavut",42.82.13,v53098774
2015,242.00,"Nunavut",42.82.13,v53098774
