1998,6926.00,"Canada",1.82.11,v44407005
1999,6623.00,"Canada",1.82.11,v44407005
2000,6996.00,"Canada",1.82.11,v44407005
2001,6984.00,"Canada",1.82.11,v44407005
2002,7050.00,"Canada",1.82.11,v44407005
2003,5419.00,"Canada",1.82.11,v44407005
2004,5440.00,"Canada",1.82.11,v44407005
2005,5556.00,"Canada",1.82.11,v44407005
2006,5690.00,"Canada",1.82.11,v44407005
2007,6349.00,"Canada",1.82.11,v44407005
2008,6022.00,"Canada",1.82.11,v44407005
2009,5596.00,"Canada",1.82.11,v44407005
2010,4921.00,"Canada",1.82.11,v44407005
2011,4269.00,"Canada",1.82.11,v44407005
2012,3992.00,"Canada",1.82.11,v44407005
2013,3289.00,"Canada",1.82.11,v44407005
2014,2724.00,"Canada",1.82.11,v44407005
2015,2605.00,"Canada",1.82.11,v44407005
1998,183.00,"Newfoundland and Labrador",2.82.11,v44341605
1999,160.00,"Newfoundland and Labrador",2.82.11,v44341605
2000,176.00,"Newfoundland and Labrador",2.82.11,v44341605
2001,194.00,"Newfoundland and Labrador",2.82.11,v44341605
2002,164.00,"Newfoundland and Labrador",2.82.11,v44341605
2003,131.00,"Newfoundland and Labrador",2.82.11,v44341605
2004,98.00,"Newfoundland and Labrador",2.82.11,v44341605
2005,101.00,"Newfoundland and Labrador",2.82.11,v44341605
2006,138.00,"Newfoundland and Labrador",2.82.11,v44341605
2007,131.00,"Newfoundland and Labrador",2.82.11,v44341605
2008,122.00,"Newfoundland and Labrador",2.82.11,v44341605
2009,86.00,"Newfoundland and Labrador",2.82.11,v44341605
2010,79.00,"Newfoundland and Labrador",2.82.11,v44341605
2011,80.00,"Newfoundland and Labrador",2.82.11,v44341605
2012,74.00,"Newfoundland and Labrador",2.82.11,v44341605
2013,83.00,"Newfoundland and Labrador",2.82.11,v44341605
2014,65.00,"Newfoundland and Labrador",2.82.11,v44341605
2015,85.00,"Newfoundland and Labrador",2.82.11,v44341605
1998,48.00,"St. John's, Newfoundland and Labrador",3.82.11,v44353586
1999,41.00,"St. John's, Newfoundland and Labrador",3.82.11,v44353586
2000,49.00,"St. John's, Newfoundland and Labrador",3.82.11,v44353586
2001,71.00,"St. John's, Newfoundland and Labrador",3.82.11,v44353586
2002,49.00,"St. John's, Newfoundland and Labrador",3.82.11,v44353586
2003,45.00,"St. John's, Newfoundland and Labrador",3.82.11,v44353586
2004,29.00,"St. John's, Newfoundland and Labrador",3.82.11,v44353586
2005,36.00,"St. John's, Newfoundland and Labrador",3.82.11,v44353586
2006,36.00,"St. John's, Newfoundland and Labrador",3.82.11,v44353586
2007,34.00,"St. John's, Newfoundland and Labrador",3.82.11,v44353586
2008,46.00,"St. John's, Newfoundland and Labrador",3.82.11,v44353586
2009,31.00,"St. John's, Newfoundland and Labrador",3.82.11,v44353586
2010,26.00,"St. John's, Newfoundland and Labrador",3.82.11,v44353586
2011,14.00,"St. John's, Newfoundland and Labrador",3.82.11,v44353586
2012,23.00,"St. John's, Newfoundland and Labrador",3.82.11,v44353586
2013,15.00,"St. John's, Newfoundland and Labrador",3.82.11,v44353586
2014,20.00,"St. John's, Newfoundland and Labrador",3.82.11,v44353586
2015,33.00,"St. John's, Newfoundland and Labrador",3.82.11,v44353586
1998,31.00,"Prince Edward Island",4.82.11,v44334041
1999,27.00,"Prince Edward Island",4.82.11,v44334041
2000,30.00,"Prince Edward Island",4.82.11,v44334041
2001,29.00,"Prince Edward Island",4.82.11,v44334041
2002,29.00,"Prince Edward Island",4.82.11,v44334041
2003,18.00,"Prince Edward Island",4.82.11,v44334041
2004,23.00,"Prince Edward Island",4.82.11,v44334041
2005,41.00,"Prince Edward Island",4.82.11,v44334041
2006,45.00,"Prince Edward Island",4.82.11,v44334041
2007,46.00,"Prince Edward Island",4.82.11,v44334041
2008,40.00,"Prince Edward Island",4.82.11,v44334041
2009,32.00,"Prince Edward Island",4.82.11,v44334041
2010,32.00,"Prince Edward Island",4.82.11,v44334041
2011,27.00,"Prince Edward Island",4.82.11,v44334041
2012,23.00,"Prince Edward Island",4.82.11,v44334041
2013,23.00,"Prince Edward Island",4.82.11,v44334041
2014,22.00,"Prince Edward Island",4.82.11,v44334041
2015,12.00,"Prince Edward Island",4.82.11,v44334041
1998,296.00,"Nova Scotia",5.82.11,v44352704
1999,339.00,"Nova Scotia",5.82.11,v44352704
2000,294.00,"Nova Scotia",5.82.11,v44352704
2001,230.00,"Nova Scotia",5.82.11,v44352704
2002,225.00,"Nova Scotia",5.82.11,v44352704
2003,220.00,"Nova Scotia",5.82.11,v44352704
2004,254.00,"Nova Scotia",5.82.11,v44352704
2005,195.00,"Nova Scotia",5.82.11,v44352704
2006,241.00,"Nova Scotia",5.82.11,v44352704
2007,334.00,"Nova Scotia",5.82.11,v44352704
2008,280.00,"Nova Scotia",5.82.11,v44352704
2009,277.00,"Nova Scotia",5.82.11,v44352704
2010,222.00,"Nova Scotia",5.82.11,v44352704
2011,198.00,"Nova Scotia",5.82.11,v44352704
2012,183.00,"Nova Scotia",5.82.11,v44352704
2013,114.00,"Nova Scotia",5.82.11,v44352704
2014,86.00,"Nova Scotia",5.82.11,v44352704
2015,88.00,"Nova Scotia",5.82.11,v44352704
1998,69.00,"Halifax, Nova Scotia",6.82.11,v44388185
1999,105.00,"Halifax, Nova Scotia",6.82.11,v44388185
2000,83.00,"Halifax, Nova Scotia",6.82.11,v44388185
2001,52.00,"Halifax, Nova Scotia",6.82.11,v44388185
2002,65.00,"Halifax, Nova Scotia",6.82.11,v44388185
2003,63.00,"Halifax, Nova Scotia",6.82.11,v44388185
2004,68.00,"Halifax, Nova Scotia",6.82.11,v44388185
2005,53.00,"Halifax, Nova Scotia",6.82.11,v44388185
2006,65.00,"Halifax, Nova Scotia",6.82.11,v44388185
2007,86.00,"Halifax, Nova Scotia",6.82.11,v44388185
2008,100.00,"Halifax, Nova Scotia",6.82.11,v44388185
2009,73.00,"Halifax, Nova Scotia",6.82.11,v44388185
2010,70.00,"Halifax, Nova Scotia",6.82.11,v44388185
2011,63.00,"Halifax, Nova Scotia",6.82.11,v44388185
2012,84.00,"Halifax, Nova Scotia",6.82.11,v44388185
2013,46.00,"Halifax, Nova Scotia",6.82.11,v44388185
2014,19.00,"Halifax, Nova Scotia",6.82.11,v44388185
2015,28.00,"Halifax, Nova Scotia",6.82.11,v44388185
1998,279.00,"New Brunswick",7.82.11,v44353807
1999,251.00,"New Brunswick",7.82.11,v44353807
2000,233.00,"New Brunswick",7.82.11,v44353807
2001,281.00,"New Brunswick",7.82.11,v44353807
2002,236.00,"New Brunswick",7.82.11,v44353807
2003,209.00,"New Brunswick",7.82.11,v44353807
2004,316.00,"New Brunswick",7.82.11,v44353807
2005,192.00,"New Brunswick",7.82.11,v44353807
2006,181.00,"New Brunswick",7.82.11,v44353807
2007,193.00,"New Brunswick",7.82.11,v44353807
2008,209.00,"New Brunswick",7.82.11,v44353807
2009,181.00,"New Brunswick",7.82.11,v44353807
2010,189.00,"New Brunswick",7.82.11,v44353807
2011,125.00,"New Brunswick",7.82.11,v44353807
2012,121.00,"New Brunswick",7.82.11,v44353807
2013,103.00,"New Brunswick",7.82.11,v44353807
2014,83.00,"New Brunswick",7.82.11,v44353807
2015,71.00,"New Brunswick",7.82.11,v44353807
2005,..,"Moncton, New Brunswick",43.82.11,v52121151
2006,12.00,"Moncton, New Brunswick",43.82.11,v52121151
2007,42.00,"Moncton, New Brunswick",43.82.11,v52121151
2008,40.00,"Moncton, New Brunswick",43.82.11,v52121151
2009,30.00,"Moncton, New Brunswick",43.82.11,v52121151
2010,33.00,"Moncton, New Brunswick",43.82.11,v52121151
2011,39.00,"Moncton, New Brunswick",43.82.11,v52121151
2012,22.00,"Moncton, New Brunswick",43.82.11,v52121151
2013,16.00,"Moncton, New Brunswick",43.82.11,v52121151
2014,7.00,"Moncton, New Brunswick",43.82.11,v52121151
2015,18.00,"Moncton, New Brunswick",43.82.11,v52121151
1998,105.00,"Saint John, New Brunswick",8.82.11,v44340373
1999,103.00,"Saint John, New Brunswick",8.82.11,v44340373
2000,63.00,"Saint John, New Brunswick",8.82.11,v44340373
2001,78.00,"Saint John, New Brunswick",8.82.11,v44340373
2002,71.00,"Saint John, New Brunswick",8.82.11,v44340373
2003,81.00,"Saint John, New Brunswick",8.82.11,v44340373
2004,128.00,"Saint John, New Brunswick",8.82.11,v44340373
2005,66.00,"Saint John, New Brunswick",8.82.11,v44340373
2006,77.00,"Saint John, New Brunswick",8.82.11,v44340373
2007,45.00,"Saint John, New Brunswick",8.82.11,v44340373
2008,60.00,"Saint John, New Brunswick",8.82.11,v44340373
2009,40.00,"Saint John, New Brunswick",8.82.11,v44340373
2010,29.00,"Saint John, New Brunswick",8.82.11,v44340373
2011,30.00,"Saint John, New Brunswick",8.82.11,v44340373
2012,30.00,"Saint John, New Brunswick",8.82.11,v44340373
2013,34.00,"Saint John, New Brunswick",8.82.11,v44340373
2014,31.00,"Saint John, New Brunswick",8.82.11,v44340373
2015,17.00,"Saint John, New Brunswick",8.82.11,v44340373
1998,754.00,"Quebec",9.82.11,v44380345
1999,679.00,"Quebec",9.82.11,v44380345
2000,693.00,"Quebec",9.82.11,v44380345
2001,688.00,"Quebec",9.82.11,v44380345
2002,686.00,"Quebec",9.82.11,v44380345
2003,664.00,"Quebec",9.82.11,v44380345
2004,477.00,"Quebec",9.82.11,v44380345
2005,541.00,"Quebec",9.82.11,v44380345
2006,468.00,"Quebec",9.82.11,v44380345
2007,518.00,"Quebec",9.82.11,v44380345
2008,521.00,"Quebec",9.82.11,v44380345
2009,564.00,"Quebec",9.82.11,v44380345
2010,542.00,"Quebec",9.82.11,v44380345
2011,416.00,"Quebec",9.82.11,v44380345
2012,426.00,"Quebec",9.82.11,v44380345
2013,371.00,"Quebec",9.82.11,v44380345
2014,263.00,"Quebec",9.82.11,v44380345
2015,304.00,"Quebec",9.82.11,v44380345
1998,6.00,"Saguenay, Quebec",10.82.11,v44400774
1999,10.00,"Saguenay, Quebec",10.82.11,v44400774
2000,8.00,"Saguenay, Quebec",10.82.11,v44400774
2001,5.00,"Saguenay, Quebec",10.82.11,v44400774
2002,5.00,"Saguenay, Quebec",10.82.11,v44400774
2003,10.00,"Saguenay, Quebec",10.82.11,v44400774
2004,10.00,"Saguenay, Quebec",10.82.11,v44400774
2005,5.00,"Saguenay, Quebec",10.82.11,v44400774
2006,9.00,"Saguenay, Quebec",10.82.11,v44400774
2007,6.00,"Saguenay, Quebec",10.82.11,v44400774
2008,5.00,"Saguenay, Quebec",10.82.11,v44400774
2009,6.00,"Saguenay, Quebec",10.82.11,v44400774
2010,4.00,"Saguenay, Quebec",10.82.11,v44400774
2011,8.00,"Saguenay, Quebec",10.82.11,v44400774
2012,2.00,"Saguenay, Quebec",10.82.11,v44400774
2013,3.00,"Saguenay, Quebec",10.82.11,v44400774
2014,5.00,"Saguenay, Quebec",10.82.11,v44400774
2015,5.00,"Saguenay, Quebec",10.82.11,v44400774
1998,7.00,"Sherbrooke, Quebec",12.82.11,v44351455
1999,13.00,"Sherbrooke, Quebec",12.82.11,v44351455
2000,7.00,"Sherbrooke, Quebec",12.82.11,v44351455
2001,11.00,"Sherbrooke, Quebec",12.82.11,v44351455
2002,35.00,"Sherbrooke, Quebec",12.82.11,v44351455
2003,23.00,"Sherbrooke, Quebec",12.82.11,v44351455
2004,9.00,"Sherbrooke, Quebec",12.82.11,v44351455
2005,7.00,"Sherbrooke, Quebec",12.82.11,v44351455
2006,18.00,"Sherbrooke, Quebec",12.82.11,v44351455
2007,14.00,"Sherbrooke, Quebec",12.82.11,v44351455
2008,10.00,"Sherbrooke, Quebec",12.82.11,v44351455
2009,20.00,"Sherbrooke, Quebec",12.82.11,v44351455
2010,12.00,"Sherbrooke, Quebec",12.82.11,v44351455
2011,11.00,"Sherbrooke, Quebec",12.82.11,v44351455
2012,13.00,"Sherbrooke, Quebec",12.82.11,v44351455
2013,36.00,"Sherbrooke, Quebec",12.82.11,v44351455
2014,11.00,"Sherbrooke, Quebec",12.82.11,v44351455
2015,10.00,"Sherbrooke, Quebec",12.82.11,v44351455
1998,43.00,"Ottawa-Gatineau, Quebec part",15.82.11,v44395776
1999,48.00,"Ottawa-Gatineau, Quebec part",15.82.11,v44395776
2000,53.00,"Ottawa-Gatineau, Quebec part",15.82.11,v44395776
2001,49.00,"Ottawa-Gatineau, Quebec part",15.82.11,v44395776
2002,45.00,"Ottawa-Gatineau, Quebec part",15.82.11,v44395776
2003,47.00,"Ottawa-Gatineau, Quebec part",15.82.11,v44395776
2004,32.00,"Ottawa-Gatineau, Quebec part",15.82.11,v44395776
2005,33.00,"Ottawa-Gatineau, Quebec part",15.82.11,v44395776
2006,33.00,"Ottawa-Gatineau, Quebec part",15.82.11,v44395776
2007,49.00,"Ottawa-Gatineau, Quebec part",15.82.11,v44395776
2008,34.00,"Ottawa-Gatineau, Quebec part",15.82.11,v44395776
2009,30.00,"Ottawa-Gatineau, Quebec part",15.82.11,v44395776
2010,28.00,"Ottawa-Gatineau, Quebec part",15.82.11,v44395776
2011,31.00,"Ottawa-Gatineau, Quebec part",15.82.11,v44395776
2012,13.00,"Ottawa-Gatineau, Quebec part",15.82.11,v44395776
2013,7.00,"Ottawa-Gatineau, Quebec part",15.82.11,v44395776
2014,21.00,"Ottawa-Gatineau, Quebec part",15.82.11,v44395776
2015,11.00,"Ottawa-Gatineau, Quebec part",15.82.11,v44395776
1998,2229.00,"Ontario",16.82.11,v44345985
1999,2238.00,"Ontario",16.82.11,v44345985
2000,2387.00,"Ontario",16.82.11,v44345985
2001,2359.00,"Ontario",16.82.11,v44345985
2002,2426.00,"Ontario",16.82.11,v44345985
2003,1623.00,"Ontario",16.82.11,v44345985
2004,1679.00,"Ontario",16.82.11,v44345985
2005,1947.00,"Ontario",16.82.11,v44345985
2006,1922.00,"Ontario",16.82.11,v44345985
2007,2126.00,"Ontario",16.82.11,v44345985
2008,2041.00,"Ontario",16.82.11,v44345985
2009,1793.00,"Ontario",16.82.11,v44345985
2010,1546.00,"Ontario",16.82.11,v44345985
2011,1334.00,"Ontario",16.82.11,v44345985
2012,1257.00,"Ontario",16.82.11,v44345985
2013,1000.00,"Ontario",16.82.11,v44345985
2014,869.00,"Ontario",16.82.11,v44345985
2015,852.00,"Ontario",16.82.11,v44345985
1998,99.00,"Ottawa-Gatineau, Ontario/Quebec",17.82.11,v52148373
1999,114.00,"Ottawa-Gatineau, Ontario/Quebec",17.82.11,v52148373
2000,134.00,"Ottawa-Gatineau, Ontario/Quebec",17.82.11,v52148373
2001,132.00,"Ottawa-Gatineau, Ontario/Quebec",17.82.11,v52148373
2002,143.00,"Ottawa-Gatineau, Ontario/Quebec",17.82.11,v52148373
2003,123.00,"Ottawa-Gatineau, Ontario/Quebec",17.82.11,v52148373
2004,111.00,"Ottawa-Gatineau, Ontario/Quebec",17.82.11,v52148373
2005,124.00,"Ottawa-Gatineau, Ontario/Quebec",17.82.11,v52148373
2006,123.00,"Ottawa-Gatineau, Ontario/Quebec",17.82.11,v52148373
2007,154.00,"Ottawa-Gatineau, Ontario/Quebec",17.82.11,v52148373
2008,169.00,"Ottawa-Gatineau, Ontario/Quebec",17.82.11,v52148373
2009,135.00,"Ottawa-Gatineau, Ontario/Quebec",17.82.11,v52148373
2010,79.00,"Ottawa-Gatineau, Ontario/Quebec",17.82.11,v52148373
2011,71.00,"Ottawa-Gatineau, Ontario/Quebec",17.82.11,v52148373
2012,52.00,"Ottawa-Gatineau, Ontario/Quebec",17.82.11,v52148373
2013,33.00,"Ottawa-Gatineau, Ontario/Quebec",17.82.11,v52148373
2014,40.00,"Ottawa-Gatineau, Ontario/Quebec",17.82.11,v52148373
2015,28.00,"Ottawa-Gatineau, Ontario/Quebec",17.82.11,v52148373
1998,56.00,"Ottawa-Gatineau, Ontario part",18.82.11,v44402145
1999,66.00,"Ottawa-Gatineau, Ontario part",18.82.11,v44402145
2000,81.00,"Ottawa-Gatineau, Ontario part",18.82.11,v44402145
2001,83.00,"Ottawa-Gatineau, Ontario part",18.82.11,v44402145
2002,98.00,"Ottawa-Gatineau, Ontario part",18.82.11,v44402145
2003,76.00,"Ottawa-Gatineau, Ontario part",18.82.11,v44402145
2004,79.00,"Ottawa-Gatineau, Ontario part",18.82.11,v44402145
2005,91.00,"Ottawa-Gatineau, Ontario part",18.82.11,v44402145
2006,90.00,"Ottawa-Gatineau, Ontario part",18.82.11,v44402145
2007,105.00,"Ottawa-Gatineau, Ontario part",18.82.11,v44402145
2008,135.00,"Ottawa-Gatineau, Ontario part",18.82.11,v44402145
2009,105.00,"Ottawa-Gatineau, Ontario part",18.82.11,v44402145
2010,51.00,"Ottawa-Gatineau, Ontario part",18.82.11,v44402145
2011,40.00,"Ottawa-Gatineau, Ontario part",18.82.11,v44402145
2012,39.00,"Ottawa-Gatineau, Ontario part",18.82.11,v44402145
2013,26.00,"Ottawa-Gatineau, Ontario part",18.82.11,v44402145
2014,19.00,"Ottawa-Gatineau, Ontario part",18.82.11,v44402145
2015,17.00,"Ottawa-Gatineau, Ontario part",18.82.11,v44402145
2000,..,"Kingston, Ontario",27.82.11,v44327073
2001,23.00,"Kingston, Ontario",27.82.11,v44327073
2002,23.00,"Kingston, Ontario",27.82.11,v44327073
2003,14.00,"Kingston, Ontario",27.82.11,v44327073
2004,18.00,"Kingston, Ontario",27.82.11,v44327073
2005,12.00,"Kingston, Ontario",27.82.11,v44327073
2006,20.00,"Kingston, Ontario",27.82.11,v44327073
2007,23.00,"Kingston, Ontario",27.82.11,v44327073
2008,33.00,"Kingston, Ontario",27.82.11,v44327073
2009,23.00,"Kingston, Ontario",27.82.11,v44327073
2010,23.00,"Kingston, Ontario",27.82.11,v44327073
2011,15.00,"Kingston, Ontario",27.82.11,v44327073
2012,35.00,"Kingston, Ontario",27.82.11,v44327073
2013,10.00,"Kingston, Ontario",27.82.11,v44327073
2014,13.00,"Kingston, Ontario",27.82.11,v44327073
2015,12.00,"Kingston, Ontario",27.82.11,v44327073
2005,..,"Peterborough, Ontario",44.82.11,v52122586
2006,31.00,"Peterborough, Ontario",44.82.11,v52122586
2007,21.00,"Peterborough, Ontario",44.82.11,v52122586
2008,15.00,"Peterborough, Ontario",44.82.11,v52122586
2009,10.00,"Peterborough, Ontario",44.82.11,v52122586
2010,21.00,"Peterborough, Ontario",44.82.11,v52122586
2011,16.00,"Peterborough, Ontario",44.82.11,v52122586
2012,42.00,"Peterborough, Ontario",44.82.11,v52122586
2013,17.00,"Peterborough, Ontario",44.82.11,v52122586
2014,20.00,"Peterborough, Ontario",44.82.11,v52122586
2015,16.00,"Peterborough, Ontario",44.82.11,v52122586
1998,544.00,"Toronto, Ontario",19.82.11,v44337237
1999,572.00,"Toronto, Ontario",19.82.11,v44337237
2000,574.00,"Toronto, Ontario",19.82.11,v44337237
2001,644.00,"Toronto, Ontario",19.82.11,v44337237
2002,597.00,"Toronto, Ontario",19.82.11,v44337237
2003,434.00,"Toronto, Ontario",19.82.11,v44337237
2004,420.00,"Toronto, Ontario",19.82.11,v44337237
2005,452.00,"Toronto, Ontario",19.82.11,v44337237
2006,493.00,"Toronto, Ontario",19.82.11,v44337237
2007,556.00,"Toronto, Ontario",19.82.11,v44337237
2008,522.00,"Toronto, Ontario",19.82.11,v44337237
2009,375.00,"Toronto, Ontario",19.82.11,v44337237
2010,350.00,"Toronto, Ontario",19.82.11,v44337237
2011,322.00,"Toronto, Ontario",19.82.11,v44337237
2012,314.00,"Toronto, Ontario",19.82.11,v44337237
2013,255.00,"Toronto, Ontario",19.82.11,v44337237
2014,232.00,"Toronto, Ontario",19.82.11,v44337237
2015,184.00,"Toronto, Ontario",19.82.11,v44337237
1998,76.00,"Hamilton, Ontario",20.82.11,v44354023
1999,83.00,"Hamilton, Ontario",20.82.11,v44354023
2000,104.00,"Hamilton, Ontario",20.82.11,v44354023
2001,103.00,"Hamilton, Ontario",20.82.11,v44354023
2002,111.00,"Hamilton, Ontario",20.82.11,v44354023
2003,73.00,"Hamilton, Ontario",20.82.11,v44354023
2004,70.00,"Hamilton, Ontario",20.82.11,v44354023
2005,65.00,"Hamilton, Ontario",20.82.11,v44354023
2006,69.00,"Hamilton, Ontario",20.82.11,v44354023
2007,82.00,"Hamilton, Ontario",20.82.11,v44354023
2008,76.00,"Hamilton, Ontario",20.82.11,v44354023
2009,81.00,"Hamilton, Ontario",20.82.11,v44354023
2010,64.00,"Hamilton, Ontario",20.82.11,v44354023
2011,53.00,"Hamilton, Ontario",20.82.11,v44354023
2012,48.00,"Hamilton, Ontario",20.82.11,v44354023
2013,44.00,"Hamilton, Ontario",20.82.11,v44354023
2014,50.00,"Hamilton, Ontario",20.82.11,v44354023
2015,33.00,"Hamilton, Ontario",20.82.11,v44354023
1998,51.00,"St.Catharines-Niagara, Ontario",21.82.11,v44363005
1999,55.00,"St.Catharines-Niagara, Ontario",21.82.11,v44363005
2000,62.00,"St.Catharines-Niagara, Ontario",21.82.11,v44363005
2001,70.00,"St.Catharines-Niagara, Ontario",21.82.11,v44363005
2002,86.00,"St.Catharines-Niagara, Ontario",21.82.11,v44363005
2003,48.00,"St.Catharines-Niagara, Ontario",21.82.11,v44363005
2004,43.00,"St.Catharines-Niagara, Ontario",21.82.11,v44363005
2005,62.00,"St.Catharines-Niagara, Ontario",21.82.11,v44363005
2006,75.00,"St.Catharines-Niagara, Ontario",21.82.11,v44363005
2007,57.00,"St.Catharines-Niagara, Ontario",21.82.11,v44363005
2008,75.00,"St.Catharines-Niagara, Ontario",21.82.11,v44363005
2009,71.00,"St.Catharines-Niagara, Ontario",21.82.11,v44363005
2010,40.00,"St.Catharines-Niagara, Ontario",21.82.11,v44363005
2011,49.00,"St.Catharines-Niagara, Ontario",21.82.11,v44363005
2012,29.00,"St.Catharines-Niagara, Ontario",21.82.11,v44363005
2013,29.00,"St.Catharines-Niagara, Ontario",21.82.11,v44363005
2014,22.00,"St.Catharines-Niagara, Ontario",21.82.11,v44363005
2015,11.00,"St.Catharines-Niagara, Ontario",21.82.11,v44363005
1998,83.00,"Kitchener-Cambridge-Waterloo, Ontario",22.82.11,v44353127
1999,121.00,"Kitchener-Cambridge-Waterloo, Ontario",22.82.11,v44353127
2000,119.00,"Kitchener-Cambridge-Waterloo, Ontario",22.82.11,v44353127
2001,88.00,"Kitchener-Cambridge-Waterloo, Ontario",22.82.11,v44353127
2002,156.00,"Kitchener-Cambridge-Waterloo, Ontario",22.82.11,v44353127
2003,81.00,"Kitchener-Cambridge-Waterloo, Ontario",22.82.11,v44353127
2004,128.00,"Kitchener-Cambridge-Waterloo, Ontario",22.82.11,v44353127
2005,111.00,"Kitchener-Cambridge-Waterloo, Ontario",22.82.11,v44353127
2006,59.00,"Kitchener-Cambridge-Waterloo, Ontario",22.82.11,v44353127
2007,84.00,"Kitchener-Cambridge-Waterloo, Ontario",22.82.11,v44353127
2008,66.00,"Kitchener-Cambridge-Waterloo, Ontario",22.82.11,v44353127
2009,77.00,"Kitchener-Cambridge-Waterloo, Ontario",22.82.11,v44353127
2010,82.00,"Kitchener-Cambridge-Waterloo, Ontario",22.82.11,v44353127
2011,72.00,"Kitchener-Cambridge-Waterloo, Ontario",22.82.11,v44353127
2012,61.00,"Kitchener-Cambridge-Waterloo, Ontario",22.82.11,v44353127
2013,51.00,"Kitchener-Cambridge-Waterloo, Ontario",22.82.11,v44353127
2014,35.00,"Kitchener-Cambridge-Waterloo, Ontario",22.82.11,v44353127
2015,42.00,"Kitchener-Cambridge-Waterloo, Ontario",22.82.11,v44353127
2005,..,"Brantford, Ontario",45.82.11,v52119221
2006,48.00,"Brantford, Ontario",45.82.11,v52119221
2007,57.00,"Brantford, Ontario",45.82.11,v52119221
2008,43.00,"Brantford, Ontario",45.82.11,v52119221
2009,47.00,"Brantford, Ontario",45.82.11,v52119221
2010,34.00,"Brantford, Ontario",45.82.11,v52119221
2011,44.00,"Brantford, Ontario",45.82.11,v52119221
2012,35.00,"Brantford, Ontario",45.82.11,v52119221
2013,19.00,"Brantford, Ontario",45.82.11,v52119221
2014,13.00,"Brantford, Ontario",45.82.11,v52119221
2015,31.00,"Brantford, Ontario",45.82.11,v52119221
2005,..,"Guelph, Ontario",46.82.11,v52119634
2006,13.00,"Guelph, Ontario",46.82.11,v52119634
2007,23.00,"Guelph, Ontario",46.82.11,v52119634
2008,18.00,"Guelph, Ontario",46.82.11,v52119634
2009,20.00,"Guelph, Ontario",46.82.11,v52119634
2010,28.00,"Guelph, Ontario",46.82.11,v52119634
2011,18.00,"Guelph, Ontario",46.82.11,v52119634
2012,20.00,"Guelph, Ontario",46.82.11,v52119634
2013,10.00,"Guelph, Ontario",46.82.11,v52119634
2014,19.00,"Guelph, Ontario",46.82.11,v52119634
2015,9.00,"Guelph, Ontario",46.82.11,v52119634
1998,145.00,"London, Ontario",23.82.11,v44340224
1999,127.00,"London, Ontario",23.82.11,v44340224
2000,139.00,"London, Ontario",23.82.11,v44340224
2001,159.00,"London, Ontario",23.82.11,v44340224
2002,133.00,"London, Ontario",23.82.11,v44340224
2003,80.00,"London, Ontario",23.82.11,v44340224
2004,101.00,"London, Ontario",23.82.11,v44340224
2005,148.00,"London, Ontario",23.82.11,v44340224
2006,128.00,"London, Ontario",23.82.11,v44340224
2007,132.00,"London, Ontario",23.82.11,v44340224
2008,114.00,"London, Ontario",23.82.11,v44340224
2009,105.00,"London, Ontario",23.82.11,v44340224
2010,104.00,"London, Ontario",23.82.11,v44340224
2011,44.00,"London, Ontario",23.82.11,v44340224
2012,43.00,"London, Ontario",23.82.11,v44340224
2013,50.00,"London, Ontario",23.82.11,v44340224
2014,39.00,"London, Ontario",23.82.11,v44340224
2015,56.00,"London, Ontario",23.82.11,v44340224
1998,36.00,"Windsor, Ontario",24.82.11,v44401190
1999,48.00,"Windsor, Ontario",24.82.11,v44401190
2000,26.00,"Windsor, Ontario",24.82.11,v44401190
2001,38.00,"Windsor, Ontario",24.82.11,v44401190
2002,54.00,"Windsor, Ontario",24.82.11,v44401190
2003,33.00,"Windsor, Ontario",24.82.11,v44401190
2004,22.00,"Windsor, Ontario",24.82.11,v44401190
2005,27.00,"Windsor, Ontario",24.82.11,v44401190
2006,29.00,"Windsor, Ontario",24.82.11,v44401190
2007,38.00,"Windsor, Ontario",24.82.11,v44401190
2008,41.00,"Windsor, Ontario",24.82.11,v44401190
2009,49.00,"Windsor, Ontario",24.82.11,v44401190
2010,27.00,"Windsor, Ontario",24.82.11,v44401190
2011,9.00,"Windsor, Ontario",24.82.11,v44401190
2012,16.00,"Windsor, Ontario",24.82.11,v44401190
2013,13.00,"Windsor, Ontario",24.82.11,v44401190
2014,6.00,"Windsor, Ontario",24.82.11,v44401190
2015,13.00,"Windsor, Ontario",24.82.11,v44401190
2005,..,"Barrie, Ontario",47.82.11,v52145065
2006,46.00,"Barrie, Ontario",47.82.11,v52145065
2007,66.00,"Barrie, Ontario",47.82.11,v52145065
2008,31.00,"Barrie, Ontario",47.82.11,v52145065
2009,38.00,"Barrie, Ontario",47.82.11,v52145065
2010,42.00,"Barrie, Ontario",47.82.11,v52145065
2011,26.00,"Barrie, Ontario",47.82.11,v52145065
2012,27.00,"Barrie, Ontario",47.82.11,v52145065
2013,31.00,"Barrie, Ontario",47.82.11,v52145065
2014,15.00,"Barrie, Ontario",47.82.11,v52145065
2015,22.00,"Barrie, Ontario",47.82.11,v52145065
1998,53.00,"Sudbury, Ontario",25.82.11,v44368448
1999,33.00,"Sudbury, Ontario",25.82.11,v44368448
2000,37.00,"Sudbury, Ontario",25.82.11,v44368448
2001,63.00,"Sudbury, Ontario",25.82.11,v44368448
2002,50.00,"Sudbury, Ontario",25.82.11,v44368448
2003,36.00,"Sudbury, Ontario",25.82.11,v44368448
2004,58.00,"Sudbury, Ontario",25.82.11,v44368448
2005,43.00,"Sudbury, Ontario",25.82.11,v44368448
2006,64.00,"Sudbury, Ontario",25.82.11,v44368448
2007,77.00,"Sudbury, Ontario",25.82.11,v44368448
2008,60.00,"Sudbury, Ontario",25.82.11,v44368448
2009,37.00,"Sudbury, Ontario",25.82.11,v44368448
2010,49.00,"Sudbury, Ontario",25.82.11,v44368448
2011,51.00,"Sudbury, Ontario",25.82.11,v44368448
2012,42.00,"Sudbury, Ontario",25.82.11,v44368448
2013,32.00,"Sudbury, Ontario",25.82.11,v44368448
2014,33.00,"Sudbury, Ontario",25.82.11,v44368448
2015,37.00,"Sudbury, Ontario",25.82.11,v44368448
1998,58.00,"Thunder Bay, Ontario",26.82.11,v44339089
1999,35.00,"Thunder Bay, Ontario",26.82.11,v44339089
2000,36.00,"Thunder Bay, Ontario",26.82.11,v44339089
2001,52.00,"Thunder Bay, Ontario",26.82.11,v44339089
2002,53.00,"Thunder Bay, Ontario",26.82.11,v44339089
2003,27.00,"Thunder Bay, Ontario",26.82.11,v44339089
2004,35.00,"Thunder Bay, Ontario",26.82.11,v44339089
2005,41.00,"Thunder Bay, Ontario",26.82.11,v44339089
2006,33.00,"Thunder Bay, Ontario",26.82.11,v44339089
2007,29.00,"Thunder Bay, Ontario",26.82.11,v44339089
2008,30.00,"Thunder Bay, Ontario",26.82.11,v44339089
2009,23.00,"Thunder Bay, Ontario",26.82.11,v44339089
2010,31.00,"Thunder Bay, Ontario",26.82.11,v44339089
2011,39.00,"Thunder Bay, Ontario",26.82.11,v44339089
2012,26.00,"Thunder Bay, Ontario",26.82.11,v44339089
2013,18.00,"Thunder Bay, Ontario",26.82.11,v44339089
2014,12.00,"Thunder Bay, Ontario",26.82.11,v44339089
2015,7.00,"Thunder Bay, Ontario",26.82.11,v44339089
1998,525.00,"Manitoba",28.82.11,v44327436
1999,448.00,"Manitoba",28.82.11,v44327436
2000,520.00,"Manitoba",28.82.11,v44327436
2001,414.00,"Manitoba",28.82.11,v44327436
2002,498.00,"Manitoba",28.82.11,v44327436
2003,377.00,"Manitoba",28.82.11,v44327436
2004,423.00,"Manitoba",28.82.11,v44327436
2005,337.00,"Manitoba",28.82.11,v44327436
2006,355.00,"Manitoba",28.82.11,v44327436
2007,362.00,"Manitoba",28.82.11,v44327436
2008,340.00,"Manitoba",28.82.11,v44327436
2009,352.00,"Manitoba",28.82.11,v44327436
2010,369.00,"Manitoba",28.82.11,v44327436
2011,295.00,"Manitoba",28.82.11,v44327436
2012,288.00,"Manitoba",28.82.11,v44327436
2013,289.00,"Manitoba",28.82.11,v44327436
2014,209.00,"Manitoba",28.82.11,v44327436
2015,224.00,"Manitoba",28.82.11,v44327436
1998,212.00,"Winnipeg, Manitoba",29.82.11,v44366324
1999,215.00,"Winnipeg, Manitoba",29.82.11,v44366324
2000,224.00,"Winnipeg, Manitoba",29.82.11,v44366324
2001,168.00,"Winnipeg, Manitoba",29.82.11,v44366324
2002,233.00,"Winnipeg, Manitoba",29.82.11,v44366324
2003,159.00,"Winnipeg, Manitoba",29.82.11,v44366324
2004,172.00,"Winnipeg, Manitoba",29.82.11,v44366324
2005,132.00,"Winnipeg, Manitoba",29.82.11,v44366324
2006,162.00,"Winnipeg, Manitoba",29.82.11,v44366324
2007,154.00,"Winnipeg, Manitoba",29.82.11,v44366324
2008,137.00,"Winnipeg, Manitoba",29.82.11,v44366324
2009,140.00,"Winnipeg, Manitoba",29.82.11,v44366324
2010,111.00,"Winnipeg, Manitoba",29.82.11,v44366324
2011,91.00,"Winnipeg, Manitoba",29.82.11,v44366324
2012,101.00,"Winnipeg, Manitoba",29.82.11,v44366324
2013,87.00,"Winnipeg, Manitoba",29.82.11,v44366324
2014,70.00,"Winnipeg, Manitoba",29.82.11,v44366324
2015,79.00,"Winnipeg, Manitoba",29.82.11,v44366324
1998,740.00,"Saskatchewan",30.82.11,v44388589
1999,647.00,"Saskatchewan",30.82.11,v44388589
2000,745.00,"Saskatchewan",30.82.11,v44388589
2001,792.00,"Saskatchewan",30.82.11,v44388589
2002,795.00,"Saskatchewan",30.82.11,v44388589
2003,647.00,"Saskatchewan",30.82.11,v44388589
2004,707.00,"Saskatchewan",30.82.11,v44388589
2005,740.00,"Saskatchewan",30.82.11,v44388589
2006,843.00,"Saskatchewan",30.82.11,v44388589
2007,989.00,"Saskatchewan",30.82.11,v44388589
2008,810.00,"Saskatchewan",30.82.11,v44388589
2009,845.00,"Saskatchewan",30.82.11,v44388589
2010,700.00,"Saskatchewan",30.82.11,v44388589
2011,680.00,"Saskatchewan",30.82.11,v44388589
2012,605.00,"Saskatchewan",30.82.11,v44388589
2013,492.00,"Saskatchewan",30.82.11,v44388589
2014,446.00,"Saskatchewan",30.82.11,v44388589
2015,385.00,"Saskatchewan",30.82.11,v44388589
1998,93.00,"Regina, Saskatchewan",31.82.11,v44331258
1999,69.00,"Regina, Saskatchewan",31.82.11,v44331258
2000,100.00,"Regina, Saskatchewan",31.82.11,v44331258
2001,92.00,"Regina, Saskatchewan",31.82.11,v44331258
2002,113.00,"Regina, Saskatchewan",31.82.11,v44331258
2003,74.00,"Regina, Saskatchewan",31.82.11,v44331258
2004,96.00,"Regina, Saskatchewan",31.82.11,v44331258
2005,115.00,"Regina, Saskatchewan",31.82.11,v44331258
2006,83.00,"Regina, Saskatchewan",31.82.11,v44331258
2007,107.00,"Regina, Saskatchewan",31.82.11,v44331258
2008,127.00,"Regina, Saskatchewan",31.82.11,v44331258
2009,100.00,"Regina, Saskatchewan",31.82.11,v44331258
2010,76.00,"Regina, Saskatchewan",31.82.11,v44331258
2011,73.00,"Regina, Saskatchewan",31.82.11,v44331258
2012,103.00,"Regina, Saskatchewan",31.82.11,v44331258
2013,82.00,"Regina, Saskatchewan",31.82.11,v44331258
2014,73.00,"Regina, Saskatchewan",31.82.11,v44331258
2015,52.00,"Regina, Saskatchewan",31.82.11,v44331258
1998,109.00,"Saskatoon, Saskatchewan",32.82.11,v44359572
1999,101.00,"Saskatoon, Saskatchewan",32.82.11,v44359572
2000,96.00,"Saskatoon, Saskatchewan",32.82.11,v44359572
2001,152.00,"Saskatoon, Saskatchewan",32.82.11,v44359572
2002,155.00,"Saskatoon, Saskatchewan",32.82.11,v44359572
2003,106.00,"Saskatoon, Saskatchewan",32.82.11,v44359572
2004,118.00,"Saskatoon, Saskatchewan",32.82.11,v44359572
2005,91.00,"Saskatoon, Saskatchewan",32.82.11,v44359572
2006,189.00,"Saskatoon, Saskatchewan",32.82.11,v44359572
2007,207.00,"Saskatoon, Saskatchewan",32.82.11,v44359572
2008,194.00,"Saskatoon, Saskatchewan",32.82.11,v44359572
2009,182.00,"Saskatoon, Saskatchewan",32.82.11,v44359572
2010,131.00,"Saskatoon, Saskatchewan",32.82.11,v44359572
2011,147.00,"Saskatoon, Saskatchewan",32.82.11,v44359572
2012,126.00,"Saskatoon, Saskatchewan",32.82.11,v44359572
2013,71.00,"Saskatoon, Saskatchewan",32.82.11,v44359572
2014,87.00,"Saskatoon, Saskatchewan",32.82.11,v44359572
2015,66.00,"Saskatoon, Saskatchewan",32.82.11,v44359572
1998,986.00,"Alberta",33.82.11,v44397144
1999,923.00,"Alberta",33.82.11,v44397144
2000,1037.00,"Alberta",33.82.11,v44397144
2001,1027.00,"Alberta",33.82.11,v44397144
2002,1129.00,"Alberta",33.82.11,v44397144
2003,859.00,"Alberta",33.82.11,v44397144
2004,874.00,"Alberta",33.82.11,v44397144
2005,932.00,"Alberta",33.82.11,v44397144
2006,937.00,"Alberta",33.82.11,v44397144
2007,1021.00,"Alberta",33.82.11,v44397144
2008,1023.00,"Alberta",33.82.11,v44397144
2009,883.00,"Alberta",33.82.11,v44397144
2010,774.00,"Alberta",33.82.11,v44397144
2011,763.00,"Alberta",33.82.11,v44397144
2012,664.00,"Alberta",33.82.11,v44397144
2013,521.00,"Alberta",33.82.11,v44397144
2014,450.00,"Alberta",33.82.11,v44397144
2015,413.00,"Alberta",33.82.11,v44397144
1998,163.00,"Calgary, Alberta",34.82.11,v44379442
1999,168.00,"Calgary, Alberta",34.82.11,v44379442
2000,176.00,"Calgary, Alberta",34.82.11,v44379442
2001,186.00,"Calgary, Alberta",34.82.11,v44379442
2002,263.00,"Calgary, Alberta",34.82.11,v44379442
2003,166.00,"Calgary, Alberta",34.82.11,v44379442
2004,182.00,"Calgary, Alberta",34.82.11,v44379442
2005,182.00,"Calgary, Alberta",34.82.11,v44379442
2006,181.00,"Calgary, Alberta",34.82.11,v44379442
2007,167.00,"Calgary, Alberta",34.82.11,v44379442
2008,144.00,"Calgary, Alberta",34.82.11,v44379442
2009,114.00,"Calgary, Alberta",34.82.11,v44379442
2010,100.00,"Calgary, Alberta",34.82.11,v44379442
2011,95.00,"Calgary, Alberta",34.82.11,v44379442
2012,87.00,"Calgary, Alberta",34.82.11,v44379442
2013,70.00,"Calgary, Alberta",34.82.11,v44379442
2014,57.00,"Calgary, Alberta",34.82.11,v44379442
2015,55.00,"Calgary, Alberta",34.82.11,v44379442
1998,264.00,"Edmonton, Alberta",35.82.11,v44387005
1999,246.00,"Edmonton, Alberta",35.82.11,v44387005
2000,299.00,"Edmonton, Alberta",35.82.11,v44387005
2001,290.00,"Edmonton, Alberta",35.82.11,v44387005
2002,267.00,"Edmonton, Alberta",35.82.11,v44387005
2003,263.00,"Edmonton, Alberta",35.82.11,v44387005
2004,220.00,"Edmonton, Alberta",35.82.11,v44387005
2005,231.00,"Edmonton, Alberta",35.82.11,v44387005
2006,243.00,"Edmonton, Alberta",35.82.11,v44387005
2007,269.00,"Edmonton, Alberta",35.82.11,v44387005
2008,279.00,"Edmonton, Alberta",35.82.11,v44387005
2009,213.00,"Edmonton, Alberta",35.82.11,v44387005
2010,175.00,"Edmonton, Alberta",35.82.11,v44387005
2011,166.00,"Edmonton, Alberta",35.82.11,v44387005
2012,160.00,"Edmonton, Alberta",35.82.11,v44387005
2013,178.00,"Edmonton, Alberta",35.82.11,v44387005
2014,134.00,"Edmonton, Alberta",35.82.11,v44387005
2015,112.00,"Edmonton, Alberta",35.82.11,v44387005
1998,825.00,"British Columbia",36.82.11,v44339914
1999,835.00,"British Columbia",36.82.11,v44339914
2000,805.00,"British Columbia",36.82.11,v44339914
2001,855.00,"British Columbia",36.82.11,v44339914
2002,734.00,"British Columbia",36.82.11,v44339914
2003,585.00,"British Columbia",36.82.11,v44339914
2004,505.00,"British Columbia",36.82.11,v44339914
2005,447.00,"British Columbia",36.82.11,v44339914
2006,468.00,"British Columbia",36.82.11,v44339914
2007,531.00,"British Columbia",36.82.11,v44339914
2008,518.00,"British Columbia",36.82.11,v44339914
2009,502.00,"British Columbia",36.82.11,v44339914
2010,389.00,"British Columbia",36.82.11,v44339914
2011,304.00,"British Columbia",36.82.11,v44339914
2012,310.00,"British Columbia",36.82.11,v44339914
2013,253.00,"British Columbia",36.82.11,v44339914
2014,205.00,"British Columbia",36.82.11,v44339914
2015,142.00,"British Columbia",36.82.11,v44339914
2005,..,"Kelowna, British Columbia",48.82.11,v52146442
2006,10.00,"Kelowna, British Columbia",48.82.11,v52146442
2007,28.00,"Kelowna, British Columbia",48.82.11,v52146442
2008,35.00,"Kelowna, British Columbia",48.82.11,v52146442
2009,11.00,"Kelowna, British Columbia",48.82.11,v52146442
2010,21.00,"Kelowna, British Columbia",48.82.11,v52146442
2011,23.00,"Kelowna, British Columbia",48.82.11,v52146442
2012,13.00,"Kelowna, British Columbia",48.82.11,v52146442
2013,8.00,"Kelowna, British Columbia",48.82.11,v52146442
2014,19.00,"Kelowna, British Columbia",48.82.11,v52146442
2015,6.00,"Kelowna, British Columbia",48.82.11,v52146442
2000,..,"Abbotsford-Mission, British Columbia",39.82.11,v44385186
2001,28.00,"Abbotsford-Mission, British Columbia",39.82.11,v44385186
2002,34.00,"Abbotsford-Mission, British Columbia",39.82.11,v44385186
2003,26.00,"Abbotsford-Mission, British Columbia",39.82.11,v44385186
2004,14.00,"Abbotsford-Mission, British Columbia",39.82.11,v44385186
2005,16.00,"Abbotsford-Mission, British Columbia",39.82.11,v44385186
2006,28.00,"Abbotsford-Mission, British Columbia",39.82.11,v44385186
2007,22.00,"Abbotsford-Mission, British Columbia",39.82.11,v44385186
2008,14.00,"Abbotsford-Mission, British Columbia",39.82.11,v44385186
2009,10.00,"Abbotsford-Mission, British Columbia",39.82.11,v44385186
2010,13.00,"Abbotsford-Mission, British Columbia",39.82.11,v44385186
2011,10.00,"Abbotsford-Mission, British Columbia",39.82.11,v44385186
2012,13.00,"Abbotsford-Mission, British Columbia",39.82.11,v44385186
2013,5.00,"Abbotsford-Mission, British Columbia",39.82.11,v44385186
2014,7.00,"Abbotsford-Mission, British Columbia",39.82.11,v44385186
2015,15.00,"Abbotsford-Mission, British Columbia",39.82.11,v44385186
1998,245.00,"Vancouver, British Columbia",37.82.11,v44370356
1999,273.00,"Vancouver, British Columbia",37.82.11,v44370356
2000,240.00,"Vancouver, British Columbia",37.82.11,v44370356
2001,222.00,"Vancouver, British Columbia",37.82.11,v44370356
2002,225.00,"Vancouver, British Columbia",37.82.11,v44370356
2003,168.00,"Vancouver, British Columbia",37.82.11,v44370356
2004,148.00,"Vancouver, British Columbia",37.82.11,v44370356
2005,92.00,"Vancouver, British Columbia",37.82.11,v44370356
2006,135.00,"Vancouver, British Columbia",37.82.11,v44370356
2007,143.00,"Vancouver, British Columbia",37.82.11,v44370356
2008,151.00,"Vancouver, British Columbia",37.82.11,v44370356
2009,159.00,"Vancouver, British Columbia",37.82.11,v44370356
2010,129.00,"Vancouver, British Columbia",37.82.11,v44370356
2011,82.00,"Vancouver, British Columbia",37.82.11,v44370356
2012,86.00,"Vancouver, British Columbia",37.82.11,v44370356
2013,87.00,"Vancouver, British Columbia",37.82.11,v44370356
2014,58.00,"Vancouver, British Columbia",37.82.11,v44370356
2015,26.00,"Vancouver, British Columbia",37.82.11,v44370356
1998,104.00,"Victoria, British Columbia",38.82.11,v44378677
1999,82.00,"Victoria, British Columbia",38.82.11,v44378677
2000,77.00,"Victoria, British Columbia",38.82.11,v44378677
2001,82.00,"Victoria, British Columbia",38.82.11,v44378677
2002,77.00,"Victoria, British Columbia",38.82.11,v44378677
2003,39.00,"Victoria, British Columbia",38.82.11,v44378677
2004,34.00,"Victoria, British Columbia",38.82.11,v44378677
2005,42.00,"Victoria, British Columbia",38.82.11,v44378677
2006,36.00,"Victoria, British Columbia",38.82.11,v44378677
2007,42.00,"Victoria, British Columbia",38.82.11,v44378677
2008,56.00,"Victoria, British Columbia",38.82.11,v44378677
2009,69.00,"Victoria, British Columbia",38.82.11,v44378677
2010,25.00,"Victoria, British Columbia",38.82.11,v44378677
2011,20.00,"Victoria, British Columbia",38.82.11,v44378677
2012,29.00,"Victoria, British Columbia",38.82.11,v44378677
2013,20.00,"Victoria, British Columbia",38.82.11,v44378677
2014,17.00,"Victoria, British Columbia",38.82.11,v44378677
2015,14.00,"Victoria, British Columbia",38.82.11,v44378677
1998,39.00,"Yukon",40.82.11,v44330631
1999,20.00,"Yukon",40.82.11,v44330631
2000,29.00,"Yukon",40.82.11,v44330631
2001,22.00,"Yukon",40.82.11,v44330631
2002,43.00,"Yukon",40.82.11,v44330631
2003,13.00,"Yukon",40.82.11,v44330631
2004,8.00,"Yukon",40.82.11,v44330631
2005,21.00,"Yukon",40.82.11,v44330631
2006,25.00,"Yukon",40.82.11,v44330631
2007,28.00,"Yukon",40.82.11,v44330631
2008,42.00,"Yukon",40.82.11,v44330631
2009,13.00,"Yukon",40.82.11,v44330631
2010,16.00,"Yukon",40.82.11,v44330631
2011,8.00,"Yukon",40.82.11,v44330631
2012,5.00,"Yukon",40.82.11,v44330631
2013,10.00,"Yukon",40.82.11,v44330631
2014,6.00,"Yukon",40.82.11,v44330631
2015,5.00,"Yukon",40.82.11,v44330631
1998,39.00,"Northwest Territories",41.82.11,v44347469
1999,34.00,"Northwest Territories",41.82.11,v44347469
2000,40.00,"Northwest Territories",41.82.11,v44347469
2001,76.00,"Northwest Territories",41.82.11,v44347469
2002,48.00,"Northwest Territories",41.82.11,v44347469
2003,59.00,"Northwest Territories",41.82.11,v44347469
2004,49.00,"Northwest Territories",41.82.11,v44347469
2005,45.00,"Northwest Territories",41.82.11,v44347469
2006,53.00,"Northwest Territories",41.82.11,v44347469
2007,50.00,"Northwest Territories",41.82.11,v44347469
2008,49.00,"Northwest Territories",41.82.11,v44347469
2009,45.00,"Northwest Territories",41.82.11,v44347469
2010,38.00,"Northwest Territories",41.82.11,v44347469
2011,22.00,"Northwest Territories",41.82.11,v44347469
2012,13.00,"Northwest Territories",41.82.11,v44347469
2013,21.00,"Northwest Territories",41.82.11,v44347469
2014,15.00,"Northwest Territories",41.82.11,v44347469
2015,11.00,"Northwest Territories",41.82.11,v44347469
1998,..,"Nunavut",42.82.11,v44380445
1999,22.00,"Nunavut",42.82.11,v44380445
2000,7.00,"Nunavut",42.82.11,v44380445
2001,17.00,"Nunavut",42.82.11,v44380445
2002,37.00,"Nunavut",42.82.11,v44380445
2003,14.00,"Nunavut",42.82.11,v44380445
2004,27.00,"Nunavut",42.82.11,v44380445
2005,17.00,"Nunavut",42.82.11,v44380445
2006,14.00,"Nunavut",42.82.11,v44380445
2007,20.00,"Nunavut",42.82.11,v44380445
2008,27.00,"Nunavut",42.82.11,v44380445
2009,23.00,"Nunavut",42.82.11,v44380445
2010,25.00,"Nunavut",42.82.11,v44380445
2011,17.00,"Nunavut",42.82.11,v44380445
2012,23.00,"Nunavut",42.82.11,v44380445
2013,9.00,"Nunavut",42.82.11,v44380445
2014,5.00,"Nunavut",42.82.11,v44380445
2015,13.00,"Nunavut",42.82.11,v44380445
