1998,23.05,"Canada",1.184.10,v44352371
1999,28.94,"Canada",1.184.10,v44352371
2000,32.66,"Canada",1.184.10,v44352371
2001,38.33,"Canada",1.184.10,v44352371
2002,37.06,"Canada",1.184.10,v44352371
2003,37.17,"Canada",1.184.10,v44352371
2004,35.47,"Canada",1.184.10,v44352371
2005,28.03,"Canada",1.184.10,v44352371
2006,26.29,"Canada",1.184.10,v44352371
2007,26.59,"Canada",1.184.10,v44352371
2008,27.29,"Canada",1.184.10,v44352371
2009,28.53,"Canada",1.184.10,v44352371
2010,32.05,"Canada",1.184.10,v44352371
2011,29.79,"Canada",1.184.10,v44352371
2012,24.38,"Canada",1.184.10,v44352371
2013,23.58,"Canada",1.184.10,v44352371
2014,19.66,"Canada",1.184.10,v44352371
2015,15.04,"Canada",1.184.10,v44352371
1998,21.73,"Newfoundland and Labrador",2.184.10,v44391889
1999,27.67,"Newfoundland and Labrador",2.184.10,v44391889
2000,35.31,"Newfoundland and Labrador",2.184.10,v44391889
2001,36.43,"Newfoundland and Labrador",2.184.10,v44391889
2002,31.46,"Newfoundland and Labrador",2.184.10,v44391889
2003,39.33,"Newfoundland and Labrador",2.184.10,v44391889
2004,27.57,"Newfoundland and Labrador",2.184.10,v44391889
2005,21.07,"Newfoundland and Labrador",2.184.10,v44391889
2006,18.21,"Newfoundland and Labrador",2.184.10,v44391889
2007,23.06,"Newfoundland and Labrador",2.184.10,v44391889
2008,26.23,"Newfoundland and Labrador",2.184.10,v44391889
2009,24.71,"Newfoundland and Labrador",2.184.10,v44391889
2010,32.12,"Newfoundland and Labrador",2.184.10,v44391889
2011,28.37,"Newfoundland and Labrador",2.184.10,v44391889
2012,20.11,"Newfoundland and Labrador",2.184.10,v44391889
2013,21.63,"Newfoundland and Labrador",2.184.10,v44391889
2014,11.92,"Newfoundland and Labrador",2.184.10,v44391889
2015,10.79,"Newfoundland and Labrador",2.184.10,v44391889
1998,0.00,"St. John's, Newfoundland and Labrador",3.184.10,v44369076
1999,0.00,"St. John's, Newfoundland and Labrador",3.184.10,v44369076
2000,0.00,"St. John's, Newfoundland and Labrador",3.184.10,v44369076
2001,0.00,"St. John's, Newfoundland and Labrador",3.184.10,v44369076
2002,0.00,"St. John's, Newfoundland and Labrador",3.184.10,v44369076
2003,0.00,"St. John's, Newfoundland and Labrador",3.184.10,v44369076
2004,29.45,"St. John's, Newfoundland and Labrador",3.184.10,v44369076
2005,20.85,"St. John's, Newfoundland and Labrador",3.184.10,v44369076
2006,19.23,"St. John's, Newfoundland and Labrador",3.184.10,v44369076
2007,16.95,"St. John's, Newfoundland and Labrador",3.184.10,v44369076
2008,17.25,"St. John's, Newfoundland and Labrador",3.184.10,v44369076
2009,12.29,"St. John's, Newfoundland and Labrador",3.184.10,v44369076
2010,16.98,"St. John's, Newfoundland and Labrador",3.184.10,v44369076
2011,24.05,"St. John's, Newfoundland and Labrador",3.184.10,v44369076
2012,6.70,"St. John's, Newfoundland and Labrador",3.184.10,v44369076
2013,3.02,"St. John's, Newfoundland and Labrador",3.184.10,v44369076
2014,1.79,"St. John's, Newfoundland and Labrador",3.184.10,v44369076
2015,4.75,"St. John's, Newfoundland and Labrador",3.184.10,v44369076
1998,20.68,"Prince Edward Island",4.184.10,v44341447
1999,18.56,"Prince Edward Island",4.184.10,v44341447
2000,26.20,"Prince Edward Island",4.184.10,v44341447
2001,19.27,"Prince Edward Island",4.184.10,v44341447
2002,16.25,"Prince Edward Island",4.184.10,v44341447
2003,33.15,"Prince Edward Island",4.184.10,v44341447
2004,26.25,"Prince Edward Island",4.184.10,v44341447
2005,17.67,"Prince Edward Island",4.184.10,v44341447
2006,23.16,"Prince Edward Island",4.184.10,v44341447
2007,24.91,"Prince Edward Island",4.184.10,v44341447
2008,20.98,"Prince Edward Island",4.184.10,v44341447
2009,17.12,"Prince Edward Island",4.184.10,v44341447
2010,24.80,"Prince Edward Island",4.184.10,v44341447
2011,12.17,"Prince Edward Island",4.184.10,v44341447
2012,7.73,"Prince Edward Island",4.184.10,v44341447
2013,9.41,"Prince Edward Island",4.184.10,v44341447
2014,26.33,"Prince Edward Island",4.184.10,v44341447
2015,20.33,"Prince Edward Island",4.184.10,v44341447
1998,26.89,"Nova Scotia",5.184.10,v44348874
1999,28.78,"Nova Scotia",5.184.10,v44348874
2000,24.39,"Nova Scotia",5.184.10,v44348874
2001,23.50,"Nova Scotia",5.184.10,v44348874
2002,25.06,"Nova Scotia",5.184.10,v44348874
2003,29.05,"Nova Scotia",5.184.10,v44348874
2004,27.24,"Nova Scotia",5.184.10,v44348874
2005,31.70,"Nova Scotia",5.184.10,v44348874
2006,33.28,"Nova Scotia",5.184.10,v44348874
2007,38.16,"Nova Scotia",5.184.10,v44348874
2008,55.15,"Nova Scotia",5.184.10,v44348874
2009,61.71,"Nova Scotia",5.184.10,v44348874
2010,54.97,"Nova Scotia",5.184.10,v44348874
2011,47.49,"Nova Scotia",5.184.10,v44348874
2012,42.54,"Nova Scotia",5.184.10,v44348874
2013,42.49,"Nova Scotia",5.184.10,v44348874
2014,38.16,"Nova Scotia",5.184.10,v44348874
2015,23.33,"Nova Scotia",5.184.10,v44348874
1998,0.00,"Halifax, Nova Scotia",6.184.10,v44402326
1999,0.00,"Halifax, Nova Scotia",6.184.10,v44402326
2000,0.00,"Halifax, Nova Scotia",6.184.10,v44402326
2001,0.00,"Halifax, Nova Scotia",6.184.10,v44402326
2002,0.00,"Halifax, Nova Scotia",6.184.10,v44402326
2003,0.00,"Halifax, Nova Scotia",6.184.10,v44402326
2004,27.80,"Halifax, Nova Scotia",6.184.10,v44402326
2005,40.01,"Halifax, Nova Scotia",6.184.10,v44402326
2006,49.59,"Halifax, Nova Scotia",6.184.10,v44402326
2007,37.01,"Halifax, Nova Scotia",6.184.10,v44402326
2008,64.17,"Halifax, Nova Scotia",6.184.10,v44402326
2009,68.26,"Halifax, Nova Scotia",6.184.10,v44402326
2010,55.79,"Halifax, Nova Scotia",6.184.10,v44402326
2011,38.27,"Halifax, Nova Scotia",6.184.10,v44402326
2012,43.11,"Halifax, Nova Scotia",6.184.10,v44402326
2013,53.89,"Halifax, Nova Scotia",6.184.10,v44402326
2014,46.84,"Halifax, Nova Scotia",6.184.10,v44402326
2015,22.27,"Halifax, Nova Scotia",6.184.10,v44402326
1998,23.48,"New Brunswick",7.184.10,v44345730
1999,28.34,"New Brunswick",7.184.10,v44345730
2000,40.35,"New Brunswick",7.184.10,v44345730
2001,36.60,"New Brunswick",7.184.10,v44345730
2002,35.24,"New Brunswick",7.184.10,v44345730
2003,34.91,"New Brunswick",7.184.10,v44345730
2004,31.40,"New Brunswick",7.184.10,v44345730
2005,26.32,"New Brunswick",7.184.10,v44345730
2006,20.26,"New Brunswick",7.184.10,v44345730
2007,20.87,"New Brunswick",7.184.10,v44345730
2008,25.23,"New Brunswick",7.184.10,v44345730
2009,21.25,"New Brunswick",7.184.10,v44345730
2010,31.88,"New Brunswick",7.184.10,v44345730
2011,31.01,"New Brunswick",7.184.10,v44345730
2012,18.10,"New Brunswick",7.184.10,v44345730
2013,20.34,"New Brunswick",7.184.10,v44345730
2014,15.97,"New Brunswick",7.184.10,v44345730
2015,11.12,"New Brunswick",7.184.10,v44345730
2005,..,"Moncton, New Brunswick",43.184.10,v52118167
2006,23.91,"Moncton, New Brunswick",43.184.10,v52118167
2007,25.52,"Moncton, New Brunswick",43.184.10,v52118167
2008,38.13,"Moncton, New Brunswick",43.184.10,v52118167
2009,14.60,"Moncton, New Brunswick",43.184.10,v52118167
2010,30.45,"Moncton, New Brunswick",43.184.10,v52118167
2011,36.95,"Moncton, New Brunswick",43.184.10,v52118167
2012,15.59,"Moncton, New Brunswick",43.184.10,v52118167
2013,13.74,"Moncton, New Brunswick",43.184.10,v52118167
2014,17.39,"Moncton, New Brunswick",43.184.10,v52118167
2015,7.82,"Moncton, New Brunswick",43.184.10,v52118167
1998,0.00,"Saint John, New Brunswick",8.184.10,v44329905
1999,0.00,"Saint John, New Brunswick",8.184.10,v44329905
2000,0.00,"Saint John, New Brunswick",8.184.10,v44329905
2001,0.00,"Saint John, New Brunswick",8.184.10,v44329905
2002,0.00,"Saint John, New Brunswick",8.184.10,v44329905
2003,0.00,"Saint John, New Brunswick",8.184.10,v44329905
2004,39.28,"Saint John, New Brunswick",8.184.10,v44329905
2005,17.85,"Saint John, New Brunswick",8.184.10,v44329905
2006,24.89,"Saint John, New Brunswick",8.184.10,v44329905
2007,12.36,"Saint John, New Brunswick",8.184.10,v44329905
2008,18.40,"Saint John, New Brunswick",8.184.10,v44329905
2009,10.39,"Saint John, New Brunswick",8.184.10,v44329905
2010,24.06,"Saint John, New Brunswick",8.184.10,v44329905
2011,25.57,"Saint John, New Brunswick",8.184.10,v44329905
2012,21.24,"Saint John, New Brunswick",8.184.10,v44329905
2013,20.43,"Saint John, New Brunswick",8.184.10,v44329905
2014,16.50,"Saint John, New Brunswick",8.184.10,v44329905
2015,18.51,"Saint John, New Brunswick",8.184.10,v44329905
1998,26.27,"Quebec",9.184.10,v44382990
1999,30.89,"Quebec",9.184.10,v44382990
2000,30.19,"Quebec",9.184.10,v44382990
2001,35.35,"Quebec",9.184.10,v44382990
2002,33.54,"Quebec",9.184.10,v44382990
2003,36.27,"Quebec",9.184.10,v44382990
2004,31.11,"Quebec",9.184.10,v44382990
2005,25.20,"Quebec",9.184.10,v44382990
2006,24.36,"Quebec",9.184.10,v44382990
2007,21.34,"Quebec",9.184.10,v44382990
2008,18.02,"Quebec",9.184.10,v44382990
2009,19.81,"Quebec",9.184.10,v44382990
2010,23.76,"Quebec",9.184.10,v44382990
2011,22.86,"Quebec",9.184.10,v44382990
2012,21.00,"Quebec",9.184.10,v44382990
2013,22.58,"Quebec",9.184.10,v44382990
2014,24.14,"Quebec",9.184.10,v44382990
2015,18.98,"Quebec",9.184.10,v44382990
1998,0.00,"Saguenay, Quebec",10.184.10,v44401264
1999,0.00,"Saguenay, Quebec",10.184.10,v44401264
2000,0.00,"Saguenay, Quebec",10.184.10,v44401264
2001,0.00,"Saguenay, Quebec",10.184.10,v44401264
2002,0.00,"Saguenay, Quebec",10.184.10,v44401264
2003,0.00,"Saguenay, Quebec",10.184.10,v44401264
2004,34.58,"Saguenay, Quebec",10.184.10,v44401264
2005,27.10,"Saguenay, Quebec",10.184.10,v44401264
2006,24.57,"Saguenay, Quebec",10.184.10,v44401264
2007,18.58,"Saguenay, Quebec",10.184.10,v44401264
2008,20.12,"Saguenay, Quebec",10.184.10,v44401264
2009,9.16,"Saguenay, Quebec",10.184.10,v44401264
2010,11.55,"Saguenay, Quebec",10.184.10,v44401264
2011,18.83,"Saguenay, Quebec",10.184.10,v44401264
2012,25.92,"Saguenay, Quebec",10.184.10,v44401264
2013,22.25,"Saguenay, Quebec",10.184.10,v44401264
2014,18.62,"Saguenay, Quebec",10.184.10,v44401264
2015,15.06,"Saguenay, Quebec",10.184.10,v44401264
1998,0.00,"Sherbrooke, Quebec",12.184.10,v44327563
1999,0.00,"Sherbrooke, Quebec",12.184.10,v44327563
2000,0.00,"Sherbrooke, Quebec",12.184.10,v44327563
2001,0.00,"Sherbrooke, Quebec",12.184.10,v44327563
2002,0.00,"Sherbrooke, Quebec",12.184.10,v44327563
2003,0.00,"Sherbrooke, Quebec",12.184.10,v44327563
2004,37.06,"Sherbrooke, Quebec",12.184.10,v44327563
2005,51.08,"Sherbrooke, Quebec",12.184.10,v44327563
2006,36.88,"Sherbrooke, Quebec",12.184.10,v44327563
2007,37.19,"Sherbrooke, Quebec",12.184.10,v44327563
2008,25.82,"Sherbrooke, Quebec",12.184.10,v44327563
2009,31.37,"Sherbrooke, Quebec",12.184.10,v44327563
2010,35.43,"Sherbrooke, Quebec",12.184.10,v44327563
2011,34.13,"Sherbrooke, Quebec",12.184.10,v44327563
2012,24.09,"Sherbrooke, Quebec",12.184.10,v44327563
2013,31.88,"Sherbrooke, Quebec",12.184.10,v44327563
2014,23.40,"Sherbrooke, Quebec",12.184.10,v44327563
2015,16.52,"Sherbrooke, Quebec",12.184.10,v44327563
1998,0.00,"Ottawa-Gatineau, Quebec part",15.184.10,v44414701
1999,0.00,"Ottawa-Gatineau, Quebec part",15.184.10,v44414701
2000,0.00,"Ottawa-Gatineau, Quebec part",15.184.10,v44414701
2001,0.00,"Ottawa-Gatineau, Quebec part",15.184.10,v44414701
2002,0.00,"Ottawa-Gatineau, Quebec part",15.184.10,v44414701
2003,0.00,"Ottawa-Gatineau, Quebec part",15.184.10,v44414701
2004,39.37,"Ottawa-Gatineau, Quebec part",15.184.10,v44414701
2005,34.16,"Ottawa-Gatineau, Quebec part",15.184.10,v44414701
2006,38.65,"Ottawa-Gatineau, Quebec part",15.184.10,v44414701
2007,29.50,"Ottawa-Gatineau, Quebec part",15.184.10,v44414701
2008,29.26,"Ottawa-Gatineau, Quebec part",15.184.10,v44414701
2009,36.13,"Ottawa-Gatineau, Quebec part",15.184.10,v44414701
2010,33.19,"Ottawa-Gatineau, Quebec part",15.184.10,v44414701
2011,42.90,"Ottawa-Gatineau, Quebec part",15.184.10,v44414701
2012,27.61,"Ottawa-Gatineau, Quebec part",15.184.10,v44414701
2013,45.61,"Ottawa-Gatineau, Quebec part",15.184.10,v44414701
2014,40.89,"Ottawa-Gatineau, Quebec part",15.184.10,v44414701
2015,35.29,"Ottawa-Gatineau, Quebec part",15.184.10,v44414701
1998,16.65,"Ontario",16.184.10,v44384852
1999,22.12,"Ontario",16.184.10,v44384852
2000,27.90,"Ontario",16.184.10,v44384852
2001,31.62,"Ontario",16.184.10,v44384852
2002,36.88,"Ontario",16.184.10,v44384852
2003,29.92,"Ontario",16.184.10,v44384852
2004,34.37,"Ontario",16.184.10,v44384852
2005,28.47,"Ontario",16.184.10,v44384852
2006,27.02,"Ontario",16.184.10,v44384852
2007,27.88,"Ontario",16.184.10,v44384852
2008,30.74,"Ontario",16.184.10,v44384852
2009,32.49,"Ontario",16.184.10,v44384852
2010,33.22,"Ontario",16.184.10,v44384852
2011,31.11,"Ontario",16.184.10,v44384852
2012,25.84,"Ontario",16.184.10,v44384852
2013,23.49,"Ontario",16.184.10,v44384852
2014,17.69,"Ontario",16.184.10,v44384852
2015,14.28,"Ontario",16.184.10,v44384852
1998,0.00,"Ottawa-Gatineau, Ontario/Quebec",17.184.10,v52148869
1999,0.00,"Ottawa-Gatineau, Ontario/Quebec",17.184.10,v52148869
2000,0.00,"Ottawa-Gatineau, Ontario/Quebec",17.184.10,v52148869
2001,0.00,"Ottawa-Gatineau, Ontario/Quebec",17.184.10,v52148869
2002,0.00,"Ottawa-Gatineau, Ontario/Quebec",17.184.10,v52148869
2003,0.00,"Ottawa-Gatineau, Ontario/Quebec",17.184.10,v52148869
2004,29.41,"Ottawa-Gatineau, Ontario/Quebec",17.184.10,v52148869
2005,20.91,"Ottawa-Gatineau, Ontario/Quebec",17.184.10,v52148869
2006,19.40,"Ottawa-Gatineau, Ontario/Quebec",17.184.10,v52148869
2007,25.63,"Ottawa-Gatineau, Ontario/Quebec",17.184.10,v52148869
2008,23.31,"Ottawa-Gatineau, Ontario/Quebec",17.184.10,v52148869
2009,24.95,"Ottawa-Gatineau, Ontario/Quebec",17.184.10,v52148869
2010,25.78,"Ottawa-Gatineau, Ontario/Quebec",17.184.10,v52148869
2011,26.40,"Ottawa-Gatineau, Ontario/Quebec",17.184.10,v52148869
2012,17.97,"Ottawa-Gatineau, Ontario/Quebec",17.184.10,v52148869
2013,22.33,"Ottawa-Gatineau, Ontario/Quebec",17.184.10,v52148869
2014,18.52,"Ottawa-Gatineau, Ontario/Quebec",17.184.10,v52148869
2015,16.91,"Ottawa-Gatineau, Ontario/Quebec",17.184.10,v52148869
1998,0.00,"Ottawa-Gatineau, Ontario part",18.184.10,v44370167
1999,0.00,"Ottawa-Gatineau, Ontario part",18.184.10,v44370167
2000,0.00,"Ottawa-Gatineau, Ontario part",18.184.10,v44370167
2001,0.00,"Ottawa-Gatineau, Ontario part",18.184.10,v44370167
2002,0.00,"Ottawa-Gatineau, Ontario part",18.184.10,v44370167
2003,0.00,"Ottawa-Gatineau, Ontario part",18.184.10,v44370167
2004,26.28,"Ottawa-Gatineau, Ontario part",18.184.10,v44370167
2005,16.72,"Ottawa-Gatineau, Ontario part",18.184.10,v44370167
2006,13.28,"Ottawa-Gatineau, Ontario part",18.184.10,v44370167
2007,24.40,"Ottawa-Gatineau, Ontario part",18.184.10,v44370167
2008,21.41,"Ottawa-Gatineau, Ontario part",18.184.10,v44370167
2009,21.34,"Ottawa-Gatineau, Ontario part",18.184.10,v44370167
2010,23.35,"Ottawa-Gatineau, Ontario part",18.184.10,v44370167
2011,20.98,"Ottawa-Gatineau, Ontario part",18.184.10,v44370167
2012,14.79,"Ottawa-Gatineau, Ontario part",18.184.10,v44370167
2013,14.69,"Ottawa-Gatineau, Ontario part",18.184.10,v44370167
2014,11.22,"Ottawa-Gatineau, Ontario part",18.184.10,v44370167
2015,10.95,"Ottawa-Gatineau, Ontario part",18.184.10,v44370167
2000,..,"Kingston, Ontario",27.184.10,v44382583
2001,0.00,"Kingston, Ontario",27.184.10,v44382583
2002,0.00,"Kingston, Ontario",27.184.10,v44382583
2003,0.00,"Kingston, Ontario",27.184.10,v44382583
2004,58.92,"Kingston, Ontario",27.184.10,v44382583
2005,50.50,"Kingston, Ontario",27.184.10,v44382583
2006,24.73,"Kingston, Ontario",27.184.10,v44382583
2007,24.65,"Kingston, Ontario",27.184.10,v44382583
2008,52.64,"Kingston, Ontario",27.184.10,v44382583
2009,31.75,"Kingston, Ontario",27.184.10,v44382583
2010,41.95,"Kingston, Ontario",27.184.10,v44382583
2011,57.99,"Kingston, Ontario",27.184.10,v44382583
2012,70.09,"Kingston, Ontario",27.184.10,v44382583
2013,46.50,"Kingston, Ontario",27.184.10,v44382583
2014,33.64,"Kingston, Ontario",27.184.10,v44382583
2015,11.61,"Kingston, Ontario",27.184.10,v44382583
2005,..,"Peterborough, Ontario",44.184.10,v52125923
2006,38.52,"Peterborough, Ontario",44.184.10,v52125923
2007,38.37,"Peterborough, Ontario",44.184.10,v52125923
2008,42.16,"Peterborough, Ontario",44.184.10,v52125923
2009,38.89,"Peterborough, Ontario",44.184.10,v52125923
2010,47.56,"Peterborough, Ontario",44.184.10,v52125923
2011,28.17,"Peterborough, Ontario",44.184.10,v52125923
2012,21.97,"Peterborough, Ontario",44.184.10,v52125923
2013,12.88,"Peterborough, Ontario",44.184.10,v52125923
2014,12.82,"Peterborough, Ontario",44.184.10,v52125923
2015,12.78,"Peterborough, Ontario",44.184.10,v52125923
1998,0.00,"Toronto, Ontario",19.184.10,v44350064
1999,0.00,"Toronto, Ontario",19.184.10,v44350064
2000,0.00,"Toronto, Ontario",19.184.10,v44350064
2001,0.00,"Toronto, Ontario",19.184.10,v44350064
2002,0.00,"Toronto, Ontario",19.184.10,v44350064
2003,0.00,"Toronto, Ontario",19.184.10,v44350064
2004,33.50,"Toronto, Ontario",19.184.10,v44350064
2005,29.77,"Toronto, Ontario",19.184.10,v44350064
2006,27.86,"Toronto, Ontario",19.184.10,v44350064
2007,26.43,"Toronto, Ontario",19.184.10,v44350064
2008,28.82,"Toronto, Ontario",19.184.10,v44350064
2009,28.19,"Toronto, Ontario",19.184.10,v44350064
2010,27.35,"Toronto, Ontario",19.184.10,v44350064
2011,26.50,"Toronto, Ontario",19.184.10,v44350064
2012,23.15,"Toronto, Ontario",19.184.10,v44350064
2013,21.26,"Toronto, Ontario",19.184.10,v44350064
2014,15.06,"Toronto, Ontario",19.184.10,v44350064
2015,13.67,"Toronto, Ontario",19.184.10,v44350064
1998,0.00,"Hamilton, Ontario",20.184.10,v44338147
1999,0.00,"Hamilton, Ontario",20.184.10,v44338147
2000,0.00,"Hamilton, Ontario",20.184.10,v44338147
2001,0.00,"Hamilton, Ontario",20.184.10,v44338147
2002,0.00,"Hamilton, Ontario",20.184.10,v44338147
2003,0.00,"Hamilton, Ontario",20.184.10,v44338147
2004,27.11,"Hamilton, Ontario",20.184.10,v44338147
2005,16.11,"Hamilton, Ontario",20.184.10,v44338147
2006,12.98,"Hamilton, Ontario",20.184.10,v44338147
2007,11.39,"Hamilton, Ontario",20.184.10,v44338147
2008,26.32,"Hamilton, Ontario",20.184.10,v44338147
2009,28.34,"Hamilton, Ontario",20.184.10,v44338147
2010,30.61,"Hamilton, Ontario",20.184.10,v44338147
2011,21.72,"Hamilton, Ontario",20.184.10,v44338147
2012,29.69,"Hamilton, Ontario",20.184.10,v44338147
2013,26.12,"Hamilton, Ontario",20.184.10,v44338147
2014,12.11,"Hamilton, Ontario",20.184.10,v44338147
2015,7.64,"Hamilton, Ontario",20.184.10,v44338147
1998,0.00,"St.Catharines-Niagara, Ontario",21.184.10,v44397488
1999,0.00,"St.Catharines-Niagara, Ontario",21.184.10,v44397488
2000,0.00,"St.Catharines-Niagara, Ontario",21.184.10,v44397488
2001,0.00,"St.Catharines-Niagara, Ontario",21.184.10,v44397488
2002,0.00,"St.Catharines-Niagara, Ontario",21.184.10,v44397488
2003,0.00,"St.Catharines-Niagara, Ontario",21.184.10,v44397488
2004,23.25,"St.Catharines-Niagara, Ontario",21.184.10,v44397488
2005,16.11,"St.Catharines-Niagara, Ontario",21.184.10,v44397488
2006,21.38,"St.Catharines-Niagara, Ontario",21.184.10,v44397488
2007,22.75,"St.Catharines-Niagara, Ontario",21.184.10,v44397488
2008,18.14,"St.Catharines-Niagara, Ontario",21.184.10,v44397488
2009,19.48,"St.Catharines-Niagara, Ontario",21.184.10,v44397488
2010,24.40,"St.Catharines-Niagara, Ontario",21.184.10,v44397488
2011,22.89,"St.Catharines-Niagara, Ontario",21.184.10,v44397488
2012,17.99,"St.Catharines-Niagara, Ontario",21.184.10,v44397488
2013,18.15,"St.Catharines-Niagara, Ontario",21.184.10,v44397488
2014,6.82,"St.Catharines-Niagara, Ontario",21.184.10,v44397488
2015,12.74,"St.Catharines-Niagara, Ontario",21.184.10,v44397488
1998,0.00,"Kitchener-Cambridge-Waterloo, Ontario",22.184.10,v44333787
1999,0.00,"Kitchener-Cambridge-Waterloo, Ontario",22.184.10,v44333787
2000,0.00,"Kitchener-Cambridge-Waterloo, Ontario",22.184.10,v44333787
2001,0.00,"Kitchener-Cambridge-Waterloo, Ontario",22.184.10,v44333787
2002,0.00,"Kitchener-Cambridge-Waterloo, Ontario",22.184.10,v44333787
2003,0.00,"Kitchener-Cambridge-Waterloo, Ontario",22.184.10,v44333787
2004,6.27,"Kitchener-Cambridge-Waterloo, Ontario",22.184.10,v44333787
2005,5.33,"Kitchener-Cambridge-Waterloo, Ontario",22.184.10,v44333787
2006,10.95,"Kitchener-Cambridge-Waterloo, Ontario",22.184.10,v44333787
2007,7.22,"Kitchener-Cambridge-Waterloo, Ontario",22.184.10,v44333787
2008,23.63,"Kitchener-Cambridge-Waterloo, Ontario",22.184.10,v44333787
2009,18.84,"Kitchener-Cambridge-Waterloo, Ontario",22.184.10,v44333787
2010,19.09,"Kitchener-Cambridge-Waterloo, Ontario",22.184.10,v44333787
2011,13.94,"Kitchener-Cambridge-Waterloo, Ontario",22.184.10,v44333787
2012,11.57,"Kitchener-Cambridge-Waterloo, Ontario",22.184.10,v44333787
2013,13.57,"Kitchener-Cambridge-Waterloo, Ontario",22.184.10,v44333787
2014,11.76,"Kitchener-Cambridge-Waterloo, Ontario",22.184.10,v44333787
2015,4.66,"Kitchener-Cambridge-Waterloo, Ontario",22.184.10,v44333787
2005,..,"Brantford, Ontario",45.184.10,v52126523
2006,21.05,"Brantford, Ontario",45.184.10,v52126523
2007,22.80,"Brantford, Ontario",45.184.10,v52126523
2008,35.69,"Brantford, Ontario",45.184.10,v52126523
2009,29.78,"Brantford, Ontario",45.184.10,v52126523
2010,34.09,"Brantford, Ontario",45.184.10,v52126523
2011,26.48,"Brantford, Ontario",45.184.10,v52126523
2012,33.39,"Brantford, Ontario",45.184.10,v52126523
2013,24.05,"Brantford, Ontario",45.184.10,v52126523
2014,20.29,"Brantford, Ontario",45.184.10,v52126523
2015,10.49,"Brantford, Ontario",45.184.10,v52126523
2005,..,"Guelph, Ontario",46.184.10,v52125530
2006,16.01,"Guelph, Ontario",46.184.10,v52125530
2007,25.44,"Guelph, Ontario",46.184.10,v52125530
2008,17.81,"Guelph, Ontario",46.184.10,v52125530
2009,27.99,"Guelph, Ontario",46.184.10,v52125530
2010,43.89,"Guelph, Ontario",46.184.10,v52125530
2011,46.36,"Guelph, Ontario",46.184.10,v52125530
2012,14.88,"Guelph, Ontario",46.184.10,v52125530
2013,22.54,"Guelph, Ontario",46.184.10,v52125530
2014,9.68,"Guelph, Ontario",46.184.10,v52125530
2015,16.28,"Guelph, Ontario",46.184.10,v52125530
1998,0.00,"London, Ontario",23.184.10,v44390115
1999,0.00,"London, Ontario",23.184.10,v44390115
2000,0.00,"London, Ontario",23.184.10,v44390115
2001,0.00,"London, Ontario",23.184.10,v44390115
2002,0.00,"London, Ontario",23.184.10,v44390115
2003,0.00,"London, Ontario",23.184.10,v44390115
2004,23.82,"London, Ontario",23.184.10,v44390115
2005,15.40,"London, Ontario",23.184.10,v44390115
2006,18.15,"London, Ontario",23.184.10,v44390115
2007,14.03,"London, Ontario",23.184.10,v44390115
2008,22.54,"London, Ontario",23.184.10,v44390115
2009,22.89,"London, Ontario",23.184.10,v44390115
2010,19.31,"London, Ontario",23.184.10,v44390115
2011,16.59,"London, Ontario",23.184.10,v44390115
2012,22.38,"London, Ontario",23.184.10,v44390115
2013,23.35,"London, Ontario",23.184.10,v44390115
2014,21.63,"London, Ontario",23.184.10,v44390115
2015,8.52,"London, Ontario",23.184.10,v44390115
1998,0.00,"Windsor, Ontario",24.184.10,v44412736
1999,0.00,"Windsor, Ontario",24.184.10,v44412736
2000,0.00,"Windsor, Ontario",24.184.10,v44412736
2001,0.00,"Windsor, Ontario",24.184.10,v44412736
2002,0.00,"Windsor, Ontario",24.184.10,v44412736
2003,0.00,"Windsor, Ontario",24.184.10,v44412736
2004,43.39,"Windsor, Ontario",24.184.10,v44412736
2005,28.70,"Windsor, Ontario",24.184.10,v44412736
2006,37.34,"Windsor, Ontario",24.184.10,v44412736
2007,42.85,"Windsor, Ontario",24.184.10,v44412736
2008,34.89,"Windsor, Ontario",24.184.10,v44412736
2009,33.07,"Windsor, Ontario",24.184.10,v44412736
2010,53.26,"Windsor, Ontario",24.184.10,v44412736
2011,34.13,"Windsor, Ontario",24.184.10,v44412736
2012,33.47,"Windsor, Ontario",24.184.10,v44412736
2013,16.82,"Windsor, Ontario",24.184.10,v44412736
2014,16.71,"Windsor, Ontario",24.184.10,v44412736
2015,15.49,"Windsor, Ontario",24.184.10,v44412736
2005,..,"Barrie, Ontario",47.184.10,v52143984
2006,20.19,"Barrie, Ontario",47.184.10,v52143984
2007,15.75,"Barrie, Ontario",47.184.10,v52143984
2008,27.63,"Barrie, Ontario",47.184.10,v52143984
2009,15.94,"Barrie, Ontario",47.184.10,v52143984
2010,38.49,"Barrie, Ontario",47.184.10,v52143984
2011,12.81,"Barrie, Ontario",47.184.10,v52143984
2012,13.19,"Barrie, Ontario",47.184.10,v52143984
2013,12.95,"Barrie, Ontario",47.184.10,v52143984
2014,7.88,"Barrie, Ontario",47.184.10,v52143984
2015,11.33,"Barrie, Ontario",47.184.10,v52143984
1998,0.00,"Sudbury, Ontario",25.184.10,v44336569
1999,0.00,"Sudbury, Ontario",25.184.10,v44336569
2000,0.00,"Sudbury, Ontario",25.184.10,v44336569
2001,0.00,"Sudbury, Ontario",25.184.10,v44336569
2002,0.00,"Sudbury, Ontario",25.184.10,v44336569
2003,0.00,"Sudbury, Ontario",25.184.10,v44336569
2004,43.07,"Sudbury, Ontario",25.184.10,v44336569
2005,31.08,"Sudbury, Ontario",25.184.10,v44336569
2006,39.97,"Sudbury, Ontario",25.184.10,v44336569
2007,52.68,"Sudbury, Ontario",25.184.10,v44336569
2008,71.89,"Sudbury, Ontario",25.184.10,v44336569
2009,70.08,"Sudbury, Ontario",25.184.10,v44336569
2010,73.75,"Sudbury, Ontario",25.184.10,v44336569
2011,35.27,"Sudbury, Ontario",25.184.10,v44336569
2012,32.06,"Sudbury, Ontario",25.184.10,v44336569
2013,47.48,"Sudbury, Ontario",25.184.10,v44336569
2014,32.58,"Sudbury, Ontario",25.184.10,v44336569
2015,28.13,"Sudbury, Ontario",25.184.10,v44336569
1998,0.00,"Thunder Bay, Ontario",26.184.10,v44325773
1999,0.00,"Thunder Bay, Ontario",26.184.10,v44325773
2000,0.00,"Thunder Bay, Ontario",26.184.10,v44325773
2001,0.00,"Thunder Bay, Ontario",26.184.10,v44325773
2002,0.00,"Thunder Bay, Ontario",26.184.10,v44325773
2003,0.00,"Thunder Bay, Ontario",26.184.10,v44325773
2004,65.86,"Thunder Bay, Ontario",26.184.10,v44325773
2005,54.66,"Thunder Bay, Ontario",26.184.10,v44325773
2006,42.67,"Thunder Bay, Ontario",26.184.10,v44325773
2007,23.65,"Thunder Bay, Ontario",26.184.10,v44325773
2008,18.53,"Thunder Bay, Ontario",26.184.10,v44325773
2009,23.63,"Thunder Bay, Ontario",26.184.10,v44325773
2010,43.97,"Thunder Bay, Ontario",26.184.10,v44325773
2011,28.51,"Thunder Bay, Ontario",26.184.10,v44325773
2012,14.21,"Thunder Bay, Ontario",26.184.10,v44325773
2013,7.96,"Thunder Bay, Ontario",26.184.10,v44325773
2014,15.93,"Thunder Bay, Ontario",26.184.10,v44325773
2015,11.96,"Thunder Bay, Ontario",26.184.10,v44325773
1998,19.03,"Manitoba",28.184.10,v44355864
1999,24.89,"Manitoba",28.184.10,v44355864
2000,36.62,"Manitoba",28.184.10,v44355864
2001,30.59,"Manitoba",28.184.10,v44355864
2002,34.83,"Manitoba",28.184.10,v44355864
2003,47.12,"Manitoba",28.184.10,v44355864
2004,41.97,"Manitoba",28.184.10,v44355864
2005,17.65,"Manitoba",28.184.10,v44355864
2006,34.38,"Manitoba",28.184.10,v44355864
2007,43.50,"Manitoba",28.184.10,v44355864
2008,43.08,"Manitoba",28.184.10,v44355864
2009,42.63,"Manitoba",28.184.10,v44355864
2010,46.63,"Manitoba",28.184.10,v44355864
2011,48.32,"Manitoba",28.184.10,v44355864
2012,41.42,"Manitoba",28.184.10,v44355864
2013,40.60,"Manitoba",28.184.10,v44355864
2014,36.01,"Manitoba",28.184.10,v44355864
2015,22.65,"Manitoba",28.184.10,v44355864
1998,0.00,"Winnipeg, Manitoba",29.184.10,v44416950
1999,0.00,"Winnipeg, Manitoba",29.184.10,v44416950
2000,0.00,"Winnipeg, Manitoba",29.184.10,v44416950
2001,0.00,"Winnipeg, Manitoba",29.184.10,v44416950
2002,0.00,"Winnipeg, Manitoba",29.184.10,v44416950
2003,0.00,"Winnipeg, Manitoba",29.184.10,v44416950
2004,47.50,"Winnipeg, Manitoba",29.184.10,v44416950
2005,13.22,"Winnipeg, Manitoba",29.184.10,v44416950
2006,26.79,"Winnipeg, Manitoba",29.184.10,v44416950
2007,42.54,"Winnipeg, Manitoba",29.184.10,v44416950
2008,47.56,"Winnipeg, Manitoba",29.184.10,v44416950
2009,39.85,"Winnipeg, Manitoba",29.184.10,v44416950
2010,45.68,"Winnipeg, Manitoba",29.184.10,v44416950
2011,42.29,"Winnipeg, Manitoba",29.184.10,v44416950
2012,35.80,"Winnipeg, Manitoba",29.184.10,v44416950
2013,34.08,"Winnipeg, Manitoba",29.184.10,v44416950
2014,34.34,"Winnipeg, Manitoba",29.184.10,v44416950
2015,21.43,"Winnipeg, Manitoba",29.184.10,v44416950
1998,33.35,"Saskatchewan",30.184.10,v44407714
1999,49.79,"Saskatchewan",30.184.10,v44407714
2000,39.82,"Saskatchewan",30.184.10,v44407714
2001,41.24,"Saskatchewan",30.184.10,v44407714
2002,41.97,"Saskatchewan",30.184.10,v44407714
2003,54.71,"Saskatchewan",30.184.10,v44407714
2004,51.18,"Saskatchewan",30.184.10,v44407714
2005,41.31,"Saskatchewan",30.184.10,v44407714
2006,31.00,"Saskatchewan",30.184.10,v44407714
2007,33.20,"Saskatchewan",30.184.10,v44407714
2008,29.64,"Saskatchewan",30.184.10,v44407714
2009,29.43,"Saskatchewan",30.184.10,v44407714
2010,40.78,"Saskatchewan",30.184.10,v44407714
2011,38.06,"Saskatchewan",30.184.10,v44407714
2012,32.51,"Saskatchewan",30.184.10,v44407714
2013,30.74,"Saskatchewan",30.184.10,v44407714
2014,23.38,"Saskatchewan",30.184.10,v44407714
2015,19.64,"Saskatchewan",30.184.10,v44407714
1998,0.00,"Regina, Saskatchewan",31.184.10,v44393989
1999,0.00,"Regina, Saskatchewan",31.184.10,v44393989
2000,0.00,"Regina, Saskatchewan",31.184.10,v44393989
2001,0.00,"Regina, Saskatchewan",31.184.10,v44393989
2002,0.00,"Regina, Saskatchewan",31.184.10,v44393989
2003,0.00,"Regina, Saskatchewan",31.184.10,v44393989
2004,32.22,"Regina, Saskatchewan",31.184.10,v44393989
2005,53.67,"Regina, Saskatchewan",31.184.10,v44393989
2006,26.63,"Regina, Saskatchewan",31.184.10,v44393989
2007,27.50,"Regina, Saskatchewan",31.184.10,v44393989
2008,21.47,"Regina, Saskatchewan",31.184.10,v44393989
2009,21.59,"Regina, Saskatchewan",31.184.10,v44393989
2010,25.25,"Regina, Saskatchewan",31.184.10,v44393989
2011,24.10,"Regina, Saskatchewan",31.184.10,v44393989
2012,20.01,"Regina, Saskatchewan",31.184.10,v44393989
2013,30.86,"Regina, Saskatchewan",31.184.10,v44393989
2014,13.25,"Regina, Saskatchewan",31.184.10,v44393989
2015,16.19,"Regina, Saskatchewan",31.184.10,v44393989
1998,0.00,"Saskatoon, Saskatchewan",32.184.10,v44341350
1999,0.00,"Saskatoon, Saskatchewan",32.184.10,v44341350
2000,0.00,"Saskatoon, Saskatchewan",32.184.10,v44341350
2001,0.00,"Saskatoon, Saskatchewan",32.184.10,v44341350
2002,0.00,"Saskatoon, Saskatchewan",32.184.10,v44341350
2003,0.00,"Saskatoon, Saskatchewan",32.184.10,v44341350
2004,57.26,"Saskatoon, Saskatchewan",32.184.10,v44341350
2005,32.27,"Saskatoon, Saskatchewan",32.184.10,v44341350
2006,18.20,"Saskatoon, Saskatchewan",32.184.10,v44341350
2007,32.67,"Saskatoon, Saskatchewan",32.184.10,v44341350
2008,17.40,"Saskatoon, Saskatchewan",32.184.10,v44341350
2009,24.59,"Saskatoon, Saskatchewan",32.184.10,v44341350
2010,16.86,"Saskatoon, Saskatchewan",32.184.10,v44341350
2011,26.03,"Saskatoon, Saskatchewan",32.184.10,v44341350
2012,28.12,"Saskatoon, Saskatchewan",32.184.10,v44341350
2013,19.13,"Saskatoon, Saskatchewan",32.184.10,v44341350
2014,14.92,"Saskatoon, Saskatchewan",32.184.10,v44341350
2015,17.91,"Saskatoon, Saskatchewan",32.184.10,v44341350
1998,28.66,"Alberta",33.184.10,v44383122
1999,30.40,"Alberta",33.184.10,v44383122
2000,41.18,"Alberta",33.184.10,v44383122
2001,37.09,"Alberta",33.184.10,v44383122
2002,37.72,"Alberta",33.184.10,v44383122
2003,36.64,"Alberta",33.184.10,v44383122
2004,33.72,"Alberta",33.184.10,v44383122
2005,25.54,"Alberta",33.184.10,v44383122
2006,20.94,"Alberta",33.184.10,v44383122
2007,20.14,"Alberta",33.184.10,v44383122
2008,22.37,"Alberta",33.184.10,v44383122
2009,26.24,"Alberta",33.184.10,v44383122
2010,32.62,"Alberta",33.184.10,v44383122
2011,31.43,"Alberta",33.184.10,v44383122
2012,21.47,"Alberta",33.184.10,v44383122
2013,23.08,"Alberta",33.184.10,v44383122
2014,19.34,"Alberta",33.184.10,v44383122
2015,13.37,"Alberta",33.184.10,v44383122
1998,0.00,"Calgary, Alberta",34.184.10,v44346898
1999,0.00,"Calgary, Alberta",34.184.10,v44346898
2000,0.00,"Calgary, Alberta",34.184.10,v44346898
2001,0.00,"Calgary, Alberta",34.184.10,v44346898
2002,0.00,"Calgary, Alberta",34.184.10,v44346898
2003,0.00,"Calgary, Alberta",34.184.10,v44346898
2004,45.98,"Calgary, Alberta",34.184.10,v44346898
2005,35.06,"Calgary, Alberta",34.184.10,v44346898
2006,24.11,"Calgary, Alberta",34.184.10,v44346898
2007,20.89,"Calgary, Alberta",34.184.10,v44346898
2008,15.87,"Calgary, Alberta",34.184.10,v44346898
2009,19.35,"Calgary, Alberta",34.184.10,v44346898
2010,27.52,"Calgary, Alberta",34.184.10,v44346898
2011,23.21,"Calgary, Alberta",34.184.10,v44346898
2012,15.34,"Calgary, Alberta",34.184.10,v44346898
2013,14.66,"Calgary, Alberta",34.184.10,v44346898
2014,13.17,"Calgary, Alberta",34.184.10,v44346898
2015,7.80,"Calgary, Alberta",34.184.10,v44346898
1998,0.00,"Edmonton, Alberta",35.184.10,v44329209
1999,0.00,"Edmonton, Alberta",35.184.10,v44329209
2000,0.00,"Edmonton, Alberta",35.184.10,v44329209
2001,0.00,"Edmonton, Alberta",35.184.10,v44329209
2002,0.00,"Edmonton, Alberta",35.184.10,v44329209
2003,0.00,"Edmonton, Alberta",35.184.10,v44329209
2004,28.01,"Edmonton, Alberta",35.184.10,v44329209
2005,20.35,"Edmonton, Alberta",35.184.10,v44329209
2006,17.77,"Edmonton, Alberta",35.184.10,v44329209
2007,14.65,"Edmonton, Alberta",35.184.10,v44329209
2008,18.81,"Edmonton, Alberta",35.184.10,v44329209
2009,26.21,"Edmonton, Alberta",35.184.10,v44329209
2010,29.00,"Edmonton, Alberta",35.184.10,v44329209
2011,28.77,"Edmonton, Alberta",35.184.10,v44329209
2012,16.60,"Edmonton, Alberta",35.184.10,v44329209
2013,20.01,"Edmonton, Alberta",35.184.10,v44329209
2014,21.88,"Edmonton, Alberta",35.184.10,v44329209
2015,14.87,"Edmonton, Alberta",35.184.10,v44329209
1998,27.32,"British Columbia",36.184.10,v44375546
1999,38.68,"British Columbia",36.184.10,v44375546
2000,41.43,"British Columbia",36.184.10,v44375546
2001,66.71,"British Columbia",36.184.10,v44375546
2002,44.93,"British Columbia",36.184.10,v44375546
2003,53.52,"British Columbia",36.184.10,v44375546
2004,44.99,"British Columbia",36.184.10,v44375546
2005,31.98,"British Columbia",36.184.10,v44375546
2006,26.98,"British Columbia",36.184.10,v44375546
2007,28.31,"British Columbia",36.184.10,v44375546
2008,25.27,"British Columbia",36.184.10,v44375546
2009,23.80,"British Columbia",36.184.10,v44375546
2010,29.92,"British Columbia",36.184.10,v44375546
2011,23.62,"British Columbia",36.184.10,v44375546
2012,16.63,"British Columbia",36.184.10,v44375546
2013,14.83,"British Columbia",36.184.10,v44375546
2014,8.55,"British Columbia",36.184.10,v44375546
2015,6.45,"British Columbia",36.184.10,v44375546
2005,..,"Kelowna, British Columbia",48.184.10,v52145860
2006,19.32,"Kelowna, British Columbia",48.184.10,v52145860
2007,10.85,"Kelowna, British Columbia",48.184.10,v52145860
2008,19.70,"Kelowna, British Columbia",48.184.10,v52145860
2009,28.93,"Kelowna, British Columbia",48.184.10,v52145860
2010,37.82,"Kelowna, British Columbia",48.184.10,v52145860
2011,28.78,"Kelowna, British Columbia",48.184.10,v52145860
2012,23.04,"Kelowna, British Columbia",48.184.10,v52145860
2013,28.54,"Kelowna, British Columbia",48.184.10,v52145860
2014,17.15,"Kelowna, British Columbia",48.184.10,v52145860
2015,7.37,"Kelowna, British Columbia",48.184.10,v52145860
2000,..,"Abbotsford-Mission, British Columbia",39.184.10,v44339051
2001,0.00,"Abbotsford-Mission, British Columbia",39.184.10,v44339051
2002,0.00,"Abbotsford-Mission, British Columbia",39.184.10,v44339051
2003,0.00,"Abbotsford-Mission, British Columbia",39.184.10,v44339051
2004,99.70,"Abbotsford-Mission, British Columbia",39.184.10,v44339051
2005,59.25,"Abbotsford-Mission, British Columbia",39.184.10,v44339051
2006,33.78,"Abbotsford-Mission, British Columbia",39.184.10,v44339051
2007,60.99,"Abbotsford-Mission, British Columbia",39.184.10,v44339051
2008,46.69,"Abbotsford-Mission, British Columbia",39.184.10,v44339051
2009,56.70,"Abbotsford-Mission, British Columbia",39.184.10,v44339051
2010,46.78,"Abbotsford-Mission, British Columbia",39.184.10,v44339051
2011,57.42,"Abbotsford-Mission, British Columbia",39.184.10,v44339051
2012,28.64,"Abbotsford-Mission, British Columbia",39.184.10,v44339051
2013,21.72,"Abbotsford-Mission, British Columbia",39.184.10,v44339051
2014,5.69,"Abbotsford-Mission, British Columbia",39.184.10,v44339051
2015,6.26,"Abbotsford-Mission, British Columbia",39.184.10,v44339051
1998,0.00,"Vancouver, British Columbia",37.184.10,v44348225
1999,0.00,"Vancouver, British Columbia",37.184.10,v44348225
2000,0.00,"Vancouver, British Columbia",37.184.10,v44348225
2001,0.00,"Vancouver, British Columbia",37.184.10,v44348225
2002,0.00,"Vancouver, British Columbia",37.184.10,v44348225
2003,0.00,"Vancouver, British Columbia",37.184.10,v44348225
2004,46.80,"Vancouver, British Columbia",37.184.10,v44348225
2005,33.99,"Vancouver, British Columbia",37.184.10,v44348225
2006,26.32,"Vancouver, British Columbia",37.184.10,v44348225
2007,25.95,"Vancouver, British Columbia",37.184.10,v44348225
2008,24.74,"Vancouver, British Columbia",37.184.10,v44348225
2009,18.85,"Vancouver, British Columbia",37.184.10,v44348225
2010,24.19,"Vancouver, British Columbia",37.184.10,v44348225
2011,17.68,"Vancouver, British Columbia",37.184.10,v44348225
2012,11.25,"Vancouver, British Columbia",37.184.10,v44348225
2013,11.07,"Vancouver, British Columbia",37.184.10,v44348225
2014,6.93,"Vancouver, British Columbia",37.184.10,v44348225
2015,4.94,"Vancouver, British Columbia",37.184.10,v44348225
1998,0.00,"Victoria, British Columbia",38.184.10,v44344261
1999,0.00,"Victoria, British Columbia",38.184.10,v44344261
2000,0.00,"Victoria, British Columbia",38.184.10,v44344261
2001,0.00,"Victoria, British Columbia",38.184.10,v44344261
2002,0.00,"Victoria, British Columbia",38.184.10,v44344261
2003,0.00,"Victoria, British Columbia",38.184.10,v44344261
2004,51.04,"Victoria, British Columbia",38.184.10,v44344261
2005,30.96,"Victoria, British Columbia",38.184.10,v44344261
2006,24.90,"Victoria, British Columbia",38.184.10,v44344261
2007,28.58,"Victoria, British Columbia",38.184.10,v44344261
2008,25.11,"Victoria, British Columbia",38.184.10,v44344261
2009,17.53,"Victoria, British Columbia",38.184.10,v44344261
2010,27.50,"Victoria, British Columbia",38.184.10,v44344261
2011,23.00,"Victoria, British Columbia",38.184.10,v44344261
2012,33.46,"Victoria, British Columbia",38.184.10,v44344261
2013,17.90,"Victoria, British Columbia",38.184.10,v44344261
2014,6.22,"Victoria, British Columbia",38.184.10,v44344261
2015,6.15,"Victoria, British Columbia",38.184.10,v44344261
1998,44.15,"Yukon",40.184.10,v44332327
1999,22.24,"Yukon",40.184.10,v44332327
2000,31.23,"Yukon",40.184.10,v44332327
2001,17.80,"Yukon",40.184.10,v44332327
2002,43.74,"Yukon",40.184.10,v44332327
2003,29.81,"Yukon",40.184.10,v44332327
2004,24.98,"Yukon",40.184.10,v44332327
2005,16.33,"Yukon",40.184.10,v44332327
2006,96.15,"Yukon",40.184.10,v44332327
2007,78.87,"Yukon",40.184.10,v44332327
2008,30.88,"Yukon",40.184.10,v44332327
2009,11.29,"Yukon",40.184.10,v44332327
2010,40.17,"Yukon",40.184.10,v44332327
2011,56.81,"Yukon",40.184.10,v44332327
2012,90.22,"Yukon",40.184.10,v44332327
2013,37.85,"Yukon",40.184.10,v44332327
2014,27.12,"Yukon",40.184.10,v44332327
2015,13.42,"Yukon",40.184.10,v44332327
1998,140.80,"Northwest Territories",41.184.10,v44358166
1999,148.59,"Northwest Territories",41.184.10,v44358166
2000,65.12,"Northwest Territories",41.184.10,v44358166
2001,253.03,"Northwest Territories",41.184.10,v44358166
2002,89.87,"Northwest Territories",41.184.10,v44358166
2003,147.61,"Northwest Territories",41.184.10,v44358166
2004,104.65,"Northwest Territories",41.184.10,v44358166
2005,158.80,"Northwest Territories",41.184.10,v44358166
2006,106.69,"Northwest Territories",41.184.10,v44358166
2007,114.95,"Northwest Territories",41.184.10,v44358166
2008,117.32,"Northwest Territories",41.184.10,v44358166
2009,88.57,"Northwest Territories",41.184.10,v44358166
2010,144.09,"Northwest Territories",41.184.10,v44358166
2011,117.97,"Northwest Territories",41.184.10,v44358166
2012,86.25,"Northwest Territories",41.184.10,v44358166
2013,112.91,"Northwest Territories",41.184.10,v44358166
2014,93.87,"Northwest Territories",41.184.10,v44358166
2015,54.25,"Northwest Territories",41.184.10,v44358166
1998,..,"Nunavut",42.184.10,v44409187
1999,156.54,"Nunavut",42.184.10,v44409187
2000,127.06,"Nunavut",42.184.10,v44409187
2001,314.48,"Nunavut",42.184.10,v44409187
2002,412.06,"Nunavut",42.184.10,v44409187
2003,256.29,"Nunavut",42.184.10,v44409187
2004,209.24,"Nunavut",42.184.10,v44409187
2005,231.97,"Nunavut",42.184.10,v44409187
2006,193.48,"Nunavut",42.184.10,v44409187
2007,172.57,"Nunavut",42.184.10,v44409187
2008,311.81,"Nunavut",42.184.10,v44409187
2009,257.83,"Nunavut",42.184.10,v44409187
2010,313.62,"Nunavut",42.184.10,v44409187
2011,453.72,"Nunavut",42.184.10,v44409187
2012,502.77,"Nunavut",42.184.10,v44409187
2013,276.33,"Nunavut",42.184.10,v44409187
2014,165.53,"Nunavut",42.184.10,v44409187
2015,207.82,"Nunavut",42.184.10,v44409187
1998,23.05,"Canada",1.184.10,v44352371
1999,28.94,"Canada",1.184.10,v44352371
2000,32.66,"Canada",1.184.10,v44352371
2001,38.33,"Canada",1.184.10,v44352371
2002,37.06,"Canada",1.184.10,v44352371
2003,37.17,"Canada",1.184.10,v44352371
2004,35.47,"Canada",1.184.10,v44352371
2005,28.03,"Canada",1.184.10,v44352371
2006,26.29,"Canada",1.184.10,v44352371
2007,26.59,"Canada",1.184.10,v44352371
2008,27.29,"Canada",1.184.10,v44352371
2009,28.53,"Canada",1.184.10,v44352371
2010,32.05,"Canada",1.184.10,v44352371
2011,29.79,"Canada",1.184.10,v44352371
2012,24.38,"Canada",1.184.10,v44352371
2013,23.58,"Canada",1.184.10,v44352371
2014,19.66,"Canada",1.184.10,v44352371
2015,15.04,"Canada",1.184.10,v44352371
1998,21.73,"Newfoundland and Labrador",2.184.10,v44391889
1999,27.67,"Newfoundland and Labrador",2.184.10,v44391889
2000,35.31,"Newfoundland and Labrador",2.184.10,v44391889
2001,36.43,"Newfoundland and Labrador",2.184.10,v44391889
2002,31.46,"Newfoundland and Labrador",2.184.10,v44391889
2003,39.33,"Newfoundland and Labrador",2.184.10,v44391889
2004,27.57,"Newfoundland and Labrador",2.184.10,v44391889
2005,21.07,"Newfoundland and Labrador",2.184.10,v44391889
2006,18.21,"Newfoundland and Labrador",2.184.10,v44391889
2007,23.06,"Newfoundland and Labrador",2.184.10,v44391889
2008,26.23,"Newfoundland and Labrador",2.184.10,v44391889
2009,24.71,"Newfoundland and Labrador",2.184.10,v44391889
2010,32.12,"Newfoundland and Labrador",2.184.10,v44391889
2011,28.37,"Newfoundland and Labrador",2.184.10,v44391889
2012,20.11,"Newfoundland and Labrador",2.184.10,v44391889
2013,21.63,"Newfoundland and Labrador",2.184.10,v44391889
2014,11.92,"Newfoundland and Labrador",2.184.10,v44391889
2015,10.79,"Newfoundland and Labrador",2.184.10,v44391889
1998,0.00,"St. John's, Newfoundland and Labrador",3.184.10,v44369076
1999,0.00,"St. John's, Newfoundland and Labrador",3.184.10,v44369076
2000,0.00,"St. John's, Newfoundland and Labrador",3.184.10,v44369076
2001,0.00,"St. John's, Newfoundland and Labrador",3.184.10,v44369076
2002,0.00,"St. John's, Newfoundland and Labrador",3.184.10,v44369076
2003,0.00,"St. John's, Newfoundland and Labrador",3.184.10,v44369076
2004,29.45,"St. John's, Newfoundland and Labrador",3.184.10,v44369076
2005,20.85,"St. John's, Newfoundland and Labrador",3.184.10,v44369076
2006,19.23,"St. John's, Newfoundland and Labrador",3.184.10,v44369076
2007,16.95,"St. John's, Newfoundland and Labrador",3.184.10,v44369076
2008,17.25,"St. John's, Newfoundland and Labrador",3.184.10,v44369076
2009,12.29,"St. John's, Newfoundland and Labrador",3.184.10,v44369076
2010,16.98,"St. John's, Newfoundland and Labrador",3.184.10,v44369076
2011,24.05,"St. John's, Newfoundland and Labrador",3.184.10,v44369076
2012,6.70,"St. John's, Newfoundland and Labrador",3.184.10,v44369076
2013,3.02,"St. John's, Newfoundland and Labrador",3.184.10,v44369076
2014,1.79,"St. John's, Newfoundland and Labrador",3.184.10,v44369076
2015,4.75,"St. John's, Newfoundland and Labrador",3.184.10,v44369076
1998,20.68,"Prince Edward Island",4.184.10,v44341447
1999,18.56,"Prince Edward Island",4.184.10,v44341447
2000,26.20,"Prince Edward Island",4.184.10,v44341447
2001,19.27,"Prince Edward Island",4.184.10,v44341447
2002,16.25,"Prince Edward Island",4.184.10,v44341447
2003,33.15,"Prince Edward Island",4.184.10,v44341447
2004,26.25,"Prince Edward Island",4.184.10,v44341447
2005,17.67,"Prince Edward Island",4.184.10,v44341447
2006,23.16,"Prince Edward Island",4.184.10,v44341447
2007,24.91,"Prince Edward Island",4.184.10,v44341447
2008,20.98,"Prince Edward Island",4.184.10,v44341447
2009,17.12,"Prince Edward Island",4.184.10,v44341447
2010,24.80,"Prince Edward Island",4.184.10,v44341447
2011,12.17,"Prince Edward Island",4.184.10,v44341447
2012,7.73,"Prince Edward Island",4.184.10,v44341447
2013,9.41,"Prince Edward Island",4.184.10,v44341447
2014,26.33,"Prince Edward Island",4.184.10,v44341447
2015,20.33,"Prince Edward Island",4.184.10,v44341447
1998,26.89,"Nova Scotia",5.184.10,v44348874
1999,28.78,"Nova Scotia",5.184.10,v44348874
2000,24.39,"Nova Scotia",5.184.10,v44348874
2001,23.50,"Nova Scotia",5.184.10,v44348874
2002,25.06,"Nova Scotia",5.184.10,v44348874
2003,29.05,"Nova Scotia",5.184.10,v44348874
2004,27.24,"Nova Scotia",5.184.10,v44348874
2005,31.70,"Nova Scotia",5.184.10,v44348874
2006,33.28,"Nova Scotia",5.184.10,v44348874
2007,38.16,"Nova Scotia",5.184.10,v44348874
2008,55.15,"Nova Scotia",5.184.10,v44348874
2009,61.71,"Nova Scotia",5.184.10,v44348874
2010,54.97,"Nova Scotia",5.184.10,v44348874
2011,47.49,"Nova Scotia",5.184.10,v44348874
2012,42.54,"Nova Scotia",5.184.10,v44348874
2013,42.49,"Nova Scotia",5.184.10,v44348874
2014,38.16,"Nova Scotia",5.184.10,v44348874
2015,23.33,"Nova Scotia",5.184.10,v44348874
1998,0.00,"Halifax, Nova Scotia",6.184.10,v44402326
1999,0.00,"Halifax, Nova Scotia",6.184.10,v44402326
2000,0.00,"Halifax, Nova Scotia",6.184.10,v44402326
2001,0.00,"Halifax, Nova Scotia",6.184.10,v44402326
2002,0.00,"Halifax, Nova Scotia",6.184.10,v44402326
2003,0.00,"Halifax, Nova Scotia",6.184.10,v44402326
2004,27.80,"Halifax, Nova Scotia",6.184.10,v44402326
2005,40.01,"Halifax, Nova Scotia",6.184.10,v44402326
2006,49.59,"Halifax, Nova Scotia",6.184.10,v44402326
2007,37.01,"Halifax, Nova Scotia",6.184.10,v44402326
2008,64.17,"Halifax, Nova Scotia",6.184.10,v44402326
2009,68.26,"Halifax, Nova Scotia",6.184.10,v44402326
2010,55.79,"Halifax, Nova Scotia",6.184.10,v44402326
2011,38.27,"Halifax, Nova Scotia",6.184.10,v44402326
2012,43.11,"Halifax, Nova Scotia",6.184.10,v44402326
2013,53.89,"Halifax, Nova Scotia",6.184.10,v44402326
2014,46.84,"Halifax, Nova Scotia",6.184.10,v44402326
2015,22.27,"Halifax, Nova Scotia",6.184.10,v44402326
1998,23.48,"New Brunswick",7.184.10,v44345730
1999,28.34,"New Brunswick",7.184.10,v44345730
2000,40.35,"New Brunswick",7.184.10,v44345730
2001,36.60,"New Brunswick",7.184.10,v44345730
2002,35.24,"New Brunswick",7.184.10,v44345730
2003,34.91,"New Brunswick",7.184.10,v44345730
2004,31.40,"New Brunswick",7.184.10,v44345730
2005,26.32,"New Brunswick",7.184.10,v44345730
2006,20.26,"New Brunswick",7.184.10,v44345730
2007,20.87,"New Brunswick",7.184.10,v44345730
2008,25.23,"New Brunswick",7.184.10,v44345730
2009,21.25,"New Brunswick",7.184.10,v44345730
2010,31.88,"New Brunswick",7.184.10,v44345730
2011,31.01,"New Brunswick",7.184.10,v44345730
2012,18.10,"New Brunswick",7.184.10,v44345730
2013,20.34,"New Brunswick",7.184.10,v44345730
2014,15.97,"New Brunswick",7.184.10,v44345730
2015,11.12,"New Brunswick",7.184.10,v44345730
2005,..,"Moncton, New Brunswick",43.184.10,v52118167
2006,23.91,"Moncton, New Brunswick",43.184.10,v52118167
2007,25.52,"Moncton, New Brunswick",43.184.10,v52118167
2008,38.13,"Moncton, New Brunswick",43.184.10,v52118167
2009,14.60,"Moncton, New Brunswick",43.184.10,v52118167
2010,30.45,"Moncton, New Brunswick",43.184.10,v52118167
2011,36.95,"Moncton, New Brunswick",43.184.10,v52118167
2012,15.59,"Moncton, New Brunswick",43.184.10,v52118167
2013,13.74,"Moncton, New Brunswick",43.184.10,v52118167
2014,17.39,"Moncton, New Brunswick",43.184.10,v52118167
2015,7.82,"Moncton, New Brunswick",43.184.10,v52118167
1998,0.00,"Saint John, New Brunswick",8.184.10,v44329905
1999,0.00,"Saint John, New Brunswick",8.184.10,v44329905
2000,0.00,"Saint John, New Brunswick",8.184.10,v44329905
2001,0.00,"Saint John, New Brunswick",8.184.10,v44329905
2002,0.00,"Saint John, New Brunswick",8.184.10,v44329905
2003,0.00,"Saint John, New Brunswick",8.184.10,v44329905
2004,39.28,"Saint John, New Brunswick",8.184.10,v44329905
2005,17.85,"Saint John, New Brunswick",8.184.10,v44329905
2006,24.89,"Saint John, New Brunswick",8.184.10,v44329905
2007,12.36,"Saint John, New Brunswick",8.184.10,v44329905
2008,18.40,"Saint John, New Brunswick",8.184.10,v44329905
2009,10.39,"Saint John, New Brunswick",8.184.10,v44329905
2010,24.06,"Saint John, New Brunswick",8.184.10,v44329905
2011,25.57,"Saint John, New Brunswick",8.184.10,v44329905
2012,21.24,"Saint John, New Brunswick",8.184.10,v44329905
2013,20.43,"Saint John, New Brunswick",8.184.10,v44329905
2014,16.50,"Saint John, New Brunswick",8.184.10,v44329905
2015,18.51,"Saint John, New Brunswick",8.184.10,v44329905
1998,26.27,"Quebec",9.184.10,v44382990
1999,30.89,"Quebec",9.184.10,v44382990
2000,30.19,"Quebec",9.184.10,v44382990
2001,35.35,"Quebec",9.184.10,v44382990
2002,33.54,"Quebec",9.184.10,v44382990
2003,36.27,"Quebec",9.184.10,v44382990
2004,31.11,"Quebec",9.184.10,v44382990
2005,25.20,"Quebec",9.184.10,v44382990
2006,24.36,"Quebec",9.184.10,v44382990
2007,21.34,"Quebec",9.184.10,v44382990
2008,18.02,"Quebec",9.184.10,v44382990
2009,19.81,"Quebec",9.184.10,v44382990
2010,23.76,"Quebec",9.184.10,v44382990
2011,22.86,"Quebec",9.184.10,v44382990
2012,21.00,"Quebec",9.184.10,v44382990
2013,22.58,"Quebec",9.184.10,v44382990
2014,24.14,"Quebec",9.184.10,v44382990
2015,18.98,"Quebec",9.184.10,v44382990
1998,0.00,"Saguenay, Quebec",10.184.10,v44401264
1999,0.00,"Saguenay, Quebec",10.184.10,v44401264
2000,0.00,"Saguenay, Quebec",10.184.10,v44401264
2001,0.00,"Saguenay, Quebec",10.184.10,v44401264
2002,0.00,"Saguenay, Quebec",10.184.10,v44401264
2003,0.00,"Saguenay, Quebec",10.184.10,v44401264
2004,34.58,"Saguenay, Quebec",10.184.10,v44401264
2005,27.10,"Saguenay, Quebec",10.184.10,v44401264
2006,24.57,"Saguenay, Quebec",10.184.10,v44401264
2007,18.58,"Saguenay, Quebec",10.184.10,v44401264
2008,20.12,"Saguenay, Quebec",10.184.10,v44401264
2009,9.16,"Saguenay, Quebec",10.184.10,v44401264
2010,11.55,"Saguenay, Quebec",10.184.10,v44401264
2011,18.83,"Saguenay, Quebec",10.184.10,v44401264
2012,25.92,"Saguenay, Quebec",10.184.10,v44401264
2013,22.25,"Saguenay, Quebec",10.184.10,v44401264
2014,18.62,"Saguenay, Quebec",10.184.10,v44401264
2015,15.06,"Saguenay, Quebec",10.184.10,v44401264
1998,0.00,"Quebec, Quebec",11.184.10,v44387290
1999,0.00,"Quebec, Quebec",11.184.10,v44387290
2000,0.00,"Quebec, Quebec",11.184.10,v44387290
2001,0.00,"Quebec, Quebec",11.184.10,v44387290
2002,0.00,"Quebec, Quebec",11.184.10,v44387290
2003,0.00,"Quebec, Quebec",11.184.10,v44387290
2004,16.35,"Quebec, Quebec",11.184.10,v44387290
2005,10.60,"Quebec, Quebec",11.184.10,v44387290
2006,13.04,"Quebec, Quebec",11.184.10,v44387290
2007,4.68,"Quebec, Quebec",11.184.10,v44387290
2008,3.13,"Quebec, Quebec",11.184.10,v44387290
2009,11.33,"Quebec, Quebec",11.184.10,v44387290
2010,10.19,"Quebec, Quebec",11.184.10,v44387290
2011,11.44,"Quebec, Quebec",11.184.10,v44387290
2012,11.46,"Quebec, Quebec",11.184.10,v44387290
2013,14.70,"Quebec, Quebec",11.184.10,v44387290
2014,19.86,"Quebec, Quebec",11.184.10,v44387290
2015,16.13,"Quebec, Quebec",11.184.10,v44387290
1998,0.00,"Sherbrooke, Quebec",12.184.10,v44327563
1999,0.00,"Sherbrooke, Quebec",12.184.10,v44327563
2000,0.00,"Sherbrooke, Quebec",12.184.10,v44327563
2001,0.00,"Sherbrooke, Quebec",12.184.10,v44327563
2002,0.00,"Sherbrooke, Quebec",12.184.10,v44327563
2003,0.00,"Sherbrooke, Quebec",12.184.10,v44327563
2004,37.06,"Sherbrooke, Quebec",12.184.10,v44327563
2005,51.08,"Sherbrooke, Quebec",12.184.10,v44327563
2006,36.88,"Sherbrooke, Quebec",12.184.10,v44327563
2007,37.19,"Sherbrooke, Quebec",12.184.10,v44327563
2008,25.82,"Sherbrooke, Quebec",12.184.10,v44327563
2009,31.37,"Sherbrooke, Quebec",12.184.10,v44327563
2010,35.43,"Sherbrooke, Quebec",12.184.10,v44327563
2011,34.13,"Sherbrooke, Quebec",12.184.10,v44327563
2012,24.09,"Sherbrooke, Quebec",12.184.10,v44327563
2013,31.88,"Sherbrooke, Quebec",12.184.10,v44327563
2014,23.40,"Sherbrooke, Quebec",12.184.10,v44327563
2015,16.52,"Sherbrooke, Quebec",12.184.10,v44327563
1998,0.00,"Montreal, Quebec",14.184.10,v44367689
1999,0.00,"Montreal, Quebec",14.184.10,v44367689
2000,0.00,"Montreal, Quebec",14.184.10,v44367689
2001,0.00,"Montreal, Quebec",14.184.10,v44367689
2002,0.00,"Montreal, Quebec",14.184.10,v44367689
2003,0.00,"Montreal, Quebec",14.184.10,v44367689
2004,25.30,"Montreal, Quebec",14.184.10,v44367689
2005,20.92,"Montreal, Quebec",14.184.10,v44367689
2006,21.71,"Montreal, Quebec",14.184.10,v44367689
2007,17.61,"Montreal, Quebec",14.184.10,v44367689
2008,15.01,"Montreal, Quebec",14.184.10,v44367689
2009,17.25,"Montreal, Quebec",14.184.10,v44367689
2010,19.65,"Montreal, Quebec",14.184.10,v44367689
2011,20.88,"Montreal, Quebec",14.184.10,v44367689
2012,19.26,"Montreal, Quebec",14.184.10,v44367689
2013,17.44,"Montreal, Quebec",14.184.10,v44367689
2014,18.42,"Montreal, Quebec",14.184.10,v44367689
2015,14.98,"Montreal, Quebec",14.184.10,v44367689
1998,0.00,"Ottawa-Gatineau, Quebec part",15.184.10,v44414701
1999,0.00,"Ottawa-Gatineau, Quebec part",15.184.10,v44414701
2000,0.00,"Ottawa-Gatineau, Quebec part",15.184.10,v44414701
2001,0.00,"Ottawa-Gatineau, Quebec part",15.184.10,v44414701
2002,0.00,"Ottawa-Gatineau, Quebec part",15.184.10,v44414701
2003,0.00,"Ottawa-Gatineau, Quebec part",15.184.10,v44414701
2004,39.37,"Ottawa-Gatineau, Quebec part",15.184.10,v44414701
2005,34.16,"Ottawa-Gatineau, Quebec part",15.184.10,v44414701
2006,38.65,"Ottawa-Gatineau, Quebec part",15.184.10,v44414701
2007,29.50,"Ottawa-Gatineau, Quebec part",15.184.10,v44414701
2008,29.26,"Ottawa-Gatineau, Quebec part",15.184.10,v44414701
2009,36.13,"Ottawa-Gatineau, Quebec part",15.184.10,v44414701
2010,33.19,"Ottawa-Gatineau, Quebec part",15.184.10,v44414701
2011,42.90,"Ottawa-Gatineau, Quebec part",15.184.10,v44414701
2012,27.61,"Ottawa-Gatineau, Quebec part",15.184.10,v44414701
2013,45.61,"Ottawa-Gatineau, Quebec part",15.184.10,v44414701
2014,40.89,"Ottawa-Gatineau, Quebec part",15.184.10,v44414701
2015,35.29,"Ottawa-Gatineau, Quebec part",15.184.10,v44414701
1998,16.65,"Ontario",16.184.10,v44384852
1999,22.12,"Ontario",16.184.10,v44384852
2000,27.90,"Ontario",16.184.10,v44384852
2001,31.62,"Ontario",16.184.10,v44384852
2002,36.88,"Ontario",16.184.10,v44384852
2003,29.92,"Ontario",16.184.10,v44384852
2004,34.37,"Ontario",16.184.10,v44384852
2005,28.47,"Ontario",16.184.10,v44384852
2006,27.02,"Ontario",16.184.10,v44384852
2007,27.88,"Ontario",16.184.10,v44384852
2008,30.74,"Ontario",16.184.10,v44384852
2009,32.49,"Ontario",16.184.10,v44384852
2010,33.22,"Ontario",16.184.10,v44384852
2011,31.11,"Ontario",16.184.10,v44384852
2012,25.84,"Ontario",16.184.10,v44384852
2013,23.49,"Ontario",16.184.10,v44384852
2014,17.69,"Ontario",16.184.10,v44384852
2015,14.28,"Ontario",16.184.10,v44384852
1998,0.00,"Ottawa-Gatineau, Ontario/Quebec",17.184.10,v52148869
1999,0.00,"Ottawa-Gatineau, Ontario/Quebec",17.184.10,v52148869
2000,0.00,"Ottawa-Gatineau, Ontario/Quebec",17.184.10,v52148869
2001,0.00,"Ottawa-Gatineau, Ontario/Quebec",17.184.10,v52148869
2002,0.00,"Ottawa-Gatineau, Ontario/Quebec",17.184.10,v52148869
2003,0.00,"Ottawa-Gatineau, Ontario/Quebec",17.184.10,v52148869
2004,29.41,"Ottawa-Gatineau, Ontario/Quebec",17.184.10,v52148869
2005,20.91,"Ottawa-Gatineau, Ontario/Quebec",17.184.10,v52148869
2006,19.40,"Ottawa-Gatineau, Ontario/Quebec",17.184.10,v52148869
2007,25.63,"Ottawa-Gatineau, Ontario/Quebec",17.184.10,v52148869
2008,23.31,"Ottawa-Gatineau, Ontario/Quebec",17.184.10,v52148869
2009,24.95,"Ottawa-Gatineau, Ontario/Quebec",17.184.10,v52148869
2010,25.78,"Ottawa-Gatineau, Ontario/Quebec",17.184.10,v52148869
2011,26.40,"Ottawa-Gatineau, Ontario/Quebec",17.184.10,v52148869
2012,17.97,"Ottawa-Gatineau, Ontario/Quebec",17.184.10,v52148869
2013,22.33,"Ottawa-Gatineau, Ontario/Quebec",17.184.10,v52148869
2014,18.52,"Ottawa-Gatineau, Ontario/Quebec",17.184.10,v52148869
2015,16.91,"Ottawa-Gatineau, Ontario/Quebec",17.184.10,v52148869
1998,0.00,"Ottawa-Gatineau, Ontario part",18.184.10,v44370167
1999,0.00,"Ottawa-Gatineau, Ontario part",18.184.10,v44370167
2000,0.00,"Ottawa-Gatineau, Ontario part",18.184.10,v44370167
2001,0.00,"Ottawa-Gatineau, Ontario part",18.184.10,v44370167
2002,0.00,"Ottawa-Gatineau, Ontario part",18.184.10,v44370167
2003,0.00,"Ottawa-Gatineau, Ontario part",18.184.10,v44370167
2004,26.28,"Ottawa-Gatineau, Ontario part",18.184.10,v44370167
2005,16.72,"Ottawa-Gatineau, Ontario part",18.184.10,v44370167
2006,13.28,"Ottawa-Gatineau, Ontario part",18.184.10,v44370167
2007,24.40,"Ottawa-Gatineau, Ontario part",18.184.10,v44370167
2008,21.41,"Ottawa-Gatineau, Ontario part",18.184.10,v44370167
2009,21.34,"Ottawa-Gatineau, Ontario part",18.184.10,v44370167
2010,23.35,"Ottawa-Gatineau, Ontario part",18.184.10,v44370167
2011,20.98,"Ottawa-Gatineau, Ontario part",18.184.10,v44370167
2012,14.79,"Ottawa-Gatineau, Ontario part",18.184.10,v44370167
2013,14.69,"Ottawa-Gatineau, Ontario part",18.184.10,v44370167
2014,11.22,"Ottawa-Gatineau, Ontario part",18.184.10,v44370167
2015,10.95,"Ottawa-Gatineau, Ontario part",18.184.10,v44370167
2000,..,"Kingston, Ontario",27.184.10,v44382583
2001,0.00,"Kingston, Ontario",27.184.10,v44382583
2002,0.00,"Kingston, Ontario",27.184.10,v44382583
2003,0.00,"Kingston, Ontario",27.184.10,v44382583
2004,58.92,"Kingston, Ontario",27.184.10,v44382583
2005,50.50,"Kingston, Ontario",27.184.10,v44382583
2006,24.73,"Kingston, Ontario",27.184.10,v44382583
2007,24.65,"Kingston, Ontario",27.184.10,v44382583
2008,52.64,"Kingston, Ontario",27.184.10,v44382583
2009,31.75,"Kingston, Ontario",27.184.10,v44382583
2010,41.95,"Kingston, Ontario",27.184.10,v44382583
2011,57.99,"Kingston, Ontario",27.184.10,v44382583
2012,70.09,"Kingston, Ontario",27.184.10,v44382583
2013,46.50,"Kingston, Ontario",27.184.10,v44382583
2014,33.64,"Kingston, Ontario",27.184.10,v44382583
2015,11.61,"Kingston, Ontario",27.184.10,v44382583
2005,..,"Peterborough, Ontario",44.184.10,v52125923
2006,38.52,"Peterborough, Ontario",44.184.10,v52125923
2007,38.37,"Peterborough, Ontario",44.184.10,v52125923
2008,42.16,"Peterborough, Ontario",44.184.10,v52125923
2009,38.89,"Peterborough, Ontario",44.184.10,v52125923
2010,47.56,"Peterborough, Ontario",44.184.10,v52125923
2011,28.17,"Peterborough, Ontario",44.184.10,v52125923
2012,21.97,"Peterborough, Ontario",44.184.10,v52125923
2013,12.88,"Peterborough, Ontario",44.184.10,v52125923
2014,12.82,"Peterborough, Ontario",44.184.10,v52125923
2015,12.78,"Peterborough, Ontario",44.184.10,v52125923
1998,0.00,"Toronto, Ontario",19.184.10,v44350064
1999,0.00,"Toronto, Ontario",19.184.10,v44350064
2000,0.00,"Toronto, Ontario",19.184.10,v44350064
2001,0.00,"Toronto, Ontario",19.184.10,v44350064
2002,0.00,"Toronto, Ontario",19.184.10,v44350064
2003,0.00,"Toronto, Ontario",19.184.10,v44350064
2004,33.50,"Toronto, Ontario",19.184.10,v44350064
2005,29.77,"Toronto, Ontario",19.184.10,v44350064
2006,27.86,"Toronto, Ontario",19.184.10,v44350064
2007,26.43,"Toronto, Ontario",19.184.10,v44350064
2008,28.82,"Toronto, Ontario",19.184.10,v44350064
2009,28.19,"Toronto, Ontario",19.184.10,v44350064
2010,27.35,"Toronto, Ontario",19.184.10,v44350064
2011,26.50,"Toronto, Ontario",19.184.10,v44350064
2012,23.15,"Toronto, Ontario",19.184.10,v44350064
2013,21.26,"Toronto, Ontario",19.184.10,v44350064
2014,15.06,"Toronto, Ontario",19.184.10,v44350064
2015,13.67,"Toronto, Ontario",19.184.10,v44350064
1998,0.00,"Hamilton, Ontario",20.184.10,v44338147
1999,0.00,"Hamilton, Ontario",20.184.10,v44338147
2000,0.00,"Hamilton, Ontario",20.184.10,v44338147
2001,0.00,"Hamilton, Ontario",20.184.10,v44338147
2002,0.00,"Hamilton, Ontario",20.184.10,v44338147
2003,0.00,"Hamilton, Ontario",20.184.10,v44338147
2004,27.11,"Hamilton, Ontario",20.184.10,v44338147
2005,16.11,"Hamilton, Ontario",20.184.10,v44338147
2006,12.98,"Hamilton, Ontario",20.184.10,v44338147
2007,11.39,"Hamilton, Ontario",20.184.10,v44338147
2008,26.32,"Hamilton, Ontario",20.184.10,v44338147
2009,28.34,"Hamilton, Ontario",20.184.10,v44338147
2010,30.61,"Hamilton, Ontario",20.184.10,v44338147
2011,21.72,"Hamilton, Ontario",20.184.10,v44338147
2012,29.69,"Hamilton, Ontario",20.184.10,v44338147
2013,26.12,"Hamilton, Ontario",20.184.10,v44338147
2014,12.11,"Hamilton, Ontario",20.184.10,v44338147
2015,7.64,"Hamilton, Ontario",20.184.10,v44338147
1998,0.00,"St.Catharines-Niagara, Ontario",21.184.10,v44397488
1999,0.00,"St.Catharines-Niagara, Ontario",21.184.10,v44397488
2000,0.00,"St.Catharines-Niagara, Ontario",21.184.10,v44397488
2001,0.00,"St.Catharines-Niagara, Ontario",21.184.10,v44397488
2002,0.00,"St.Catharines-Niagara, Ontario",21.184.10,v44397488
2003,0.00,"St.Catharines-Niagara, Ontario",21.184.10,v44397488
2004,23.25,"St.Catharines-Niagara, Ontario",21.184.10,v44397488
2005,16.11,"St.Catharines-Niagara, Ontario",21.184.10,v44397488
2006,21.38,"St.Catharines-Niagara, Ontario",21.184.10,v44397488
2007,22.75,"St.Catharines-Niagara, Ontario",21.184.10,v44397488
2008,18.14,"St.Catharines-Niagara, Ontario",21.184.10,v44397488
2009,19.48,"St.Catharines-Niagara, Ontario",21.184.10,v44397488
2010,24.40,"St.Catharines-Niagara, Ontario",21.184.10,v44397488
2011,22.89,"St.Catharines-Niagara, Ontario",21.184.10,v44397488
2012,17.99,"St.Catharines-Niagara, Ontario",21.184.10,v44397488
2013,18.15,"St.Catharines-Niagara, Ontario",21.184.10,v44397488
2014,6.82,"St.Catharines-Niagara, Ontario",21.184.10,v44397488
2015,12.74,"St.Catharines-Niagara, Ontario",21.184.10,v44397488
1998,0.00,"Kitchener-Cambridge-Waterloo, Ontario",22.184.10,v44333787
1999,0.00,"Kitchener-Cambridge-Waterloo, Ontario",22.184.10,v44333787
2000,0.00,"Kitchener-Cambridge-Waterloo, Ontario",22.184.10,v44333787
2001,0.00,"Kitchener-Cambridge-Waterloo, Ontario",22.184.10,v44333787
2002,0.00,"Kitchener-Cambridge-Waterloo, Ontario",22.184.10,v44333787
2003,0.00,"Kitchener-Cambridge-Waterloo, Ontario",22.184.10,v44333787
2004,6.27,"Kitchener-Cambridge-Waterloo, Ontario",22.184.10,v44333787
2005,5.33,"Kitchener-Cambridge-Waterloo, Ontario",22.184.10,v44333787
2006,10.95,"Kitchener-Cambridge-Waterloo, Ontario",22.184.10,v44333787
2007,7.22,"Kitchener-Cambridge-Waterloo, Ontario",22.184.10,v44333787
2008,23.63,"Kitchener-Cambridge-Waterloo, Ontario",22.184.10,v44333787
2009,18.84,"Kitchener-Cambridge-Waterloo, Ontario",22.184.10,v44333787
2010,19.09,"Kitchener-Cambridge-Waterloo, Ontario",22.184.10,v44333787
2011,13.94,"Kitchener-Cambridge-Waterloo, Ontario",22.184.10,v44333787
2012,11.57,"Kitchener-Cambridge-Waterloo, Ontario",22.184.10,v44333787
2013,13.57,"Kitchener-Cambridge-Waterloo, Ontario",22.184.10,v44333787
2014,11.76,"Kitchener-Cambridge-Waterloo, Ontario",22.184.10,v44333787
2015,4.66,"Kitchener-Cambridge-Waterloo, Ontario",22.184.10,v44333787
2005,..,"Brantford, Ontario",45.184.10,v52126523
2006,21.05,"Brantford, Ontario",45.184.10,v52126523
2007,22.80,"Brantford, Ontario",45.184.10,v52126523
2008,35.69,"Brantford, Ontario",45.184.10,v52126523
2009,29.78,"Brantford, Ontario",45.184.10,v52126523
2010,34.09,"Brantford, Ontario",45.184.10,v52126523
2011,26.48,"Brantford, Ontario",45.184.10,v52126523
2012,33.39,"Brantford, Ontario",45.184.10,v52126523
2013,24.05,"Brantford, Ontario",45.184.10,v52126523
2014,20.29,"Brantford, Ontario",45.184.10,v52126523
2015,10.49,"Brantford, Ontario",45.184.10,v52126523
2005,..,"Guelph, Ontario",46.184.10,v52125530
2006,16.01,"Guelph, Ontario",46.184.10,v52125530
2007,25.44,"Guelph, Ontario",46.184.10,v52125530
2008,17.81,"Guelph, Ontario",46.184.10,v52125530
2009,27.99,"Guelph, Ontario",46.184.10,v52125530
2010,43.89,"Guelph, Ontario",46.184.10,v52125530
2011,46.36,"Guelph, Ontario",46.184.10,v52125530
2012,14.88,"Guelph, Ontario",46.184.10,v52125530
2013,22.54,"Guelph, Ontario",46.184.10,v52125530
2014,9.68,"Guelph, Ontario",46.184.10,v52125530
2015,16.28,"Guelph, Ontario",46.184.10,v52125530
1998,0.00,"London, Ontario",23.184.10,v44390115
1999,0.00,"London, Ontario",23.184.10,v44390115
2000,0.00,"London, Ontario",23.184.10,v44390115
2001,0.00,"London, Ontario",23.184.10,v44390115
2002,0.00,"London, Ontario",23.184.10,v44390115
2003,0.00,"London, Ontario",23.184.10,v44390115
2004,23.82,"London, Ontario",23.184.10,v44390115
2005,15.40,"London, Ontario",23.184.10,v44390115
2006,18.15,"London, Ontario",23.184.10,v44390115
2007,14.03,"London, Ontario",23.184.10,v44390115
2008,22.54,"London, Ontario",23.184.10,v44390115
2009,22.89,"London, Ontario",23.184.10,v44390115
2010,19.31,"London, Ontario",23.184.10,v44390115
2011,16.59,"London, Ontario",23.184.10,v44390115
2012,22.38,"London, Ontario",23.184.10,v44390115
2013,23.35,"London, Ontario",23.184.10,v44390115
2014,21.63,"London, Ontario",23.184.10,v44390115
2015,8.52,"London, Ontario",23.184.10,v44390115
1998,0.00,"Windsor, Ontario",24.184.10,v44412736
1999,0.00,"Windsor, Ontario",24.184.10,v44412736
2000,0.00,"Windsor, Ontario",24.184.10,v44412736
2001,0.00,"Windsor, Ontario",24.184.10,v44412736
2002,0.00,"Windsor, Ontario",24.184.10,v44412736
2003,0.00,"Windsor, Ontario",24.184.10,v44412736
2004,43.39,"Windsor, Ontario",24.184.10,v44412736
2005,28.70,"Windsor, Ontario",24.184.10,v44412736
2006,37.34,"Windsor, Ontario",24.184.10,v44412736
2007,42.85,"Windsor, Ontario",24.184.10,v44412736
2008,34.89,"Windsor, Ontario",24.184.10,v44412736
2009,33.07,"Windsor, Ontario",24.184.10,v44412736
2010,53.26,"Windsor, Ontario",24.184.10,v44412736
2011,34.13,"Windsor, Ontario",24.184.10,v44412736
2012,33.47,"Windsor, Ontario",24.184.10,v44412736
2013,16.82,"Windsor, Ontario",24.184.10,v44412736
2014,16.71,"Windsor, Ontario",24.184.10,v44412736
2015,15.49,"Windsor, Ontario",24.184.10,v44412736
2005,..,"Barrie, Ontario",47.184.10,v52143984
2006,20.19,"Barrie, Ontario",47.184.10,v52143984
2007,15.75,"Barrie, Ontario",47.184.10,v52143984
2008,27.63,"Barrie, Ontario",47.184.10,v52143984
2009,15.94,"Barrie, Ontario",47.184.10,v52143984
2010,38.49,"Barrie, Ontario",47.184.10,v52143984
2011,12.81,"Barrie, Ontario",47.184.10,v52143984
2012,13.19,"Barrie, Ontario",47.184.10,v52143984
2013,12.95,"Barrie, Ontario",47.184.10,v52143984
2014,7.88,"Barrie, Ontario",47.184.10,v52143984
2015,11.33,"Barrie, Ontario",47.184.10,v52143984
1998,0.00,"Sudbury, Ontario",25.184.10,v44336569
1999,0.00,"Sudbury, Ontario",25.184.10,v44336569
2000,0.00,"Sudbury, Ontario",25.184.10,v44336569
2001,0.00,"Sudbury, Ontario",25.184.10,v44336569
2002,0.00,"Sudbury, Ontario",25.184.10,v44336569
2003,0.00,"Sudbury, Ontario",25.184.10,v44336569
2004,43.07,"Sudbury, Ontario",25.184.10,v44336569
2005,31.08,"Sudbury, Ontario",25.184.10,v44336569
2006,39.97,"Sudbury, Ontario",25.184.10,v44336569
2007,52.68,"Sudbury, Ontario",25.184.10,v44336569
2008,71.89,"Sudbury, Ontario",25.184.10,v44336569
2009,70.08,"Sudbury, Ontario",25.184.10,v44336569
2010,73.75,"Sudbury, Ontario",25.184.10,v44336569
2011,35.27,"Sudbury, Ontario",25.184.10,v44336569
2012,32.06,"Sudbury, Ontario",25.184.10,v44336569
2013,47.48,"Sudbury, Ontario",25.184.10,v44336569
2014,32.58,"Sudbury, Ontario",25.184.10,v44336569
2015,28.13,"Sudbury, Ontario",25.184.10,v44336569
1998,0.00,"Thunder Bay, Ontario",26.184.10,v44325773
1999,0.00,"Thunder Bay, Ontario",26.184.10,v44325773
2000,0.00,"Thunder Bay, Ontario",26.184.10,v44325773
2001,0.00,"Thunder Bay, Ontario",26.184.10,v44325773
2002,0.00,"Thunder Bay, Ontario",26.184.10,v44325773
2003,0.00,"Thunder Bay, Ontario",26.184.10,v44325773
2004,65.86,"Thunder Bay, Ontario",26.184.10,v44325773
2005,54.66,"Thunder Bay, Ontario",26.184.10,v44325773
2006,42.67,"Thunder Bay, Ontario",26.184.10,v44325773
2007,23.65,"Thunder Bay, Ontario",26.184.10,v44325773
2008,18.53,"Thunder Bay, Ontario",26.184.10,v44325773
2009,23.63,"Thunder Bay, Ontario",26.184.10,v44325773
2010,43.97,"Thunder Bay, Ontario",26.184.10,v44325773
2011,28.51,"Thunder Bay, Ontario",26.184.10,v44325773
2012,14.21,"Thunder Bay, Ontario",26.184.10,v44325773
2013,7.96,"Thunder Bay, Ontario",26.184.10,v44325773
2014,15.93,"Thunder Bay, Ontario",26.184.10,v44325773
2015,11.96,"Thunder Bay, Ontario",26.184.10,v44325773
1998,19.03,"Manitoba",28.184.10,v44355864
1999,24.89,"Manitoba",28.184.10,v44355864
2000,36.62,"Manitoba",28.184.10,v44355864
2001,30.59,"Manitoba",28.184.10,v44355864
2002,34.83,"Manitoba",28.184.10,v44355864
2003,47.12,"Manitoba",28.184.10,v44355864
2004,41.97,"Manitoba",28.184.10,v44355864
2005,17.65,"Manitoba",28.184.10,v44355864
2006,34.38,"Manitoba",28.184.10,v44355864
2007,43.50,"Manitoba",28.184.10,v44355864
2008,43.08,"Manitoba",28.184.10,v44355864
2009,42.63,"Manitoba",28.184.10,v44355864
2010,46.63,"Manitoba",28.184.10,v44355864
2011,48.32,"Manitoba",28.184.10,v44355864
2012,41.42,"Manitoba",28.184.10,v44355864
2013,40.60,"Manitoba",28.184.10,v44355864
2014,36.01,"Manitoba",28.184.10,v44355864
2015,22.65,"Manitoba",28.184.10,v44355864
1998,0.00,"Winnipeg, Manitoba",29.184.10,v44416950
1999,0.00,"Winnipeg, Manitoba",29.184.10,v44416950
2000,0.00,"Winnipeg, Manitoba",29.184.10,v44416950
2001,0.00,"Winnipeg, Manitoba",29.184.10,v44416950
2002,0.00,"Winnipeg, Manitoba",29.184.10,v44416950
2003,0.00,"Winnipeg, Manitoba",29.184.10,v44416950
2004,47.50,"Winnipeg, Manitoba",29.184.10,v44416950
2005,13.22,"Winnipeg, Manitoba",29.184.10,v44416950
2006,26.79,"Winnipeg, Manitoba",29.184.10,v44416950
2007,42.54,"Winnipeg, Manitoba",29.184.10,v44416950
2008,47.56,"Winnipeg, Manitoba",29.184.10,v44416950
2009,39.85,"Winnipeg, Manitoba",29.184.10,v44416950
2010,45.68,"Winnipeg, Manitoba",29.184.10,v44416950
2011,42.29,"Winnipeg, Manitoba",29.184.10,v44416950
2012,35.80,"Winnipeg, Manitoba",29.184.10,v44416950
2013,34.08,"Winnipeg, Manitoba",29.184.10,v44416950
2014,34.34,"Winnipeg, Manitoba",29.184.10,v44416950
2015,21.43,"Winnipeg, Manitoba",29.184.10,v44416950
1998,33.35,"Saskatchewan",30.184.10,v44407714
1999,49.79,"Saskatchewan",30.184.10,v44407714
2000,39.82,"Saskatchewan",30.184.10,v44407714
2001,41.24,"Saskatchewan",30.184.10,v44407714
2002,41.97,"Saskatchewan",30.184.10,v44407714
2003,54.71,"Saskatchewan",30.184.10,v44407714
2004,51.18,"Saskatchewan",30.184.10,v44407714
2005,41.31,"Saskatchewan",30.184.10,v44407714
2006,31.00,"Saskatchewan",30.184.10,v44407714
2007,33.20,"Saskatchewan",30.184.10,v44407714
2008,29.64,"Saskatchewan",30.184.10,v44407714
2009,29.43,"Saskatchewan",30.184.10,v44407714
2010,40.78,"Saskatchewan",30.184.10,v44407714
2011,38.06,"Saskatchewan",30.184.10,v44407714
2012,32.51,"Saskatchewan",30.184.10,v44407714
2013,30.74,"Saskatchewan",30.184.10,v44407714
2014,23.38,"Saskatchewan",30.184.10,v44407714
2015,19.64,"Saskatchewan",30.184.10,v44407714
1998,0.00,"Regina, Saskatchewan",31.184.10,v44393989
1999,0.00,"Regina, Saskatchewan",31.184.10,v44393989
2000,0.00,"Regina, Saskatchewan",31.184.10,v44393989
2001,0.00,"Regina, Saskatchewan",31.184.10,v44393989
2002,0.00,"Regina, Saskatchewan",31.184.10,v44393989
2003,0.00,"Regina, Saskatchewan",31.184.10,v44393989
2004,32.22,"Regina, Saskatchewan",31.184.10,v44393989
2005,53.67,"Regina, Saskatchewan",31.184.10,v44393989
2006,26.63,"Regina, Saskatchewan",31.184.10,v44393989
2007,27.50,"Regina, Saskatchewan",31.184.10,v44393989
2008,21.47,"Regina, Saskatchewan",31.184.10,v44393989
2009,21.59,"Regina, Saskatchewan",31.184.10,v44393989
2010,25.25,"Regina, Saskatchewan",31.184.10,v44393989
2011,24.10,"Regina, Saskatchewan",31.184.10,v44393989
2012,20.01,"Regina, Saskatchewan",31.184.10,v44393989
2013,30.86,"Regina, Saskatchewan",31.184.10,v44393989
2014,13.25,"Regina, Saskatchewan",31.184.10,v44393989
2015,16.19,"Regina, Saskatchewan",31.184.10,v44393989
1998,0.00,"Saskatoon, Saskatchewan",32.184.10,v44341350
1999,0.00,"Saskatoon, Saskatchewan",32.184.10,v44341350
2000,0.00,"Saskatoon, Saskatchewan",32.184.10,v44341350
2001,0.00,"Saskatoon, Saskatchewan",32.184.10,v44341350
2002,0.00,"Saskatoon, Saskatchewan",32.184.10,v44341350
2003,0.00,"Saskatoon, Saskatchewan",32.184.10,v44341350
2004,57.26,"Saskatoon, Saskatchewan",32.184.10,v44341350
2005,32.27,"Saskatoon, Saskatchewan",32.184.10,v44341350
2006,18.20,"Saskatoon, Saskatchewan",32.184.10,v44341350
2007,32.67,"Saskatoon, Saskatchewan",32.184.10,v44341350
2008,17.40,"Saskatoon, Saskatchewan",32.184.10,v44341350
2009,24.59,"Saskatoon, Saskatchewan",32.184.10,v44341350
2010,16.86,"Saskatoon, Saskatchewan",32.184.10,v44341350
2011,26.03,"Saskatoon, Saskatchewan",32.184.10,v44341350
2012,28.12,"Saskatoon, Saskatchewan",32.184.10,v44341350
2013,19.13,"Saskatoon, Saskatchewan",32.184.10,v44341350
2014,14.92,"Saskatoon, Saskatchewan",32.184.10,v44341350
2015,17.91,"Saskatoon, Saskatchewan",32.184.10,v44341350
1998,28.66,"Alberta",33.184.10,v44383122
1999,30.40,"Alberta",33.184.10,v44383122
2000,41.18,"Alberta",33.184.10,v44383122
2001,37.09,"Alberta",33.184.10,v44383122
2002,37.72,"Alberta",33.184.10,v44383122
2003,36.64,"Alberta",33.184.10,v44383122
2004,33.72,"Alberta",33.184.10,v44383122
2005,25.54,"Alberta",33.184.10,v44383122
2006,20.94,"Alberta",33.184.10,v44383122
2007,20.14,"Alberta",33.184.10,v44383122
2008,22.37,"Alberta",33.184.10,v44383122
2009,26.24,"Alberta",33.184.10,v44383122
2010,32.62,"Alberta",33.184.10,v44383122
2011,31.43,"Alberta",33.184.10,v44383122
2012,21.47,"Alberta",33.184.10,v44383122
2013,23.08,"Alberta",33.184.10,v44383122
2014,19.34,"Alberta",33.184.10,v44383122
2015,13.37,"Alberta",33.184.10,v44383122
1998,0.00,"Calgary, Alberta",34.184.10,v44346898
1999,0.00,"Calgary, Alberta",34.184.10,v44346898
2000,0.00,"Calgary, Alberta",34.184.10,v44346898
2001,0.00,"Calgary, Alberta",34.184.10,v44346898
2002,0.00,"Calgary, Alberta",34.184.10,v44346898
2003,0.00,"Calgary, Alberta",34.184.10,v44346898
2004,45.98,"Calgary, Alberta",34.184.10,v44346898
2005,35.06,"Calgary, Alberta",34.184.10,v44346898
2006,24.11,"Calgary, Alberta",34.184.10,v44346898
2007,20.89,"Calgary, Alberta",34.184.10,v44346898
2008,15.87,"Calgary, Alberta",34.184.10,v44346898
2009,19.35,"Calgary, Alberta",34.184.10,v44346898
2010,27.52,"Calgary, Alberta",34.184.10,v44346898
2011,23.21,"Calgary, Alberta",34.184.10,v44346898
2012,15.34,"Calgary, Alberta",34.184.10,v44346898
2013,14.66,"Calgary, Alberta",34.184.10,v44346898
2014,13.17,"Calgary, Alberta",34.184.10,v44346898
2015,7.80,"Calgary, Alberta",34.184.10,v44346898
1998,0.00,"Edmonton, Alberta",35.184.10,v44329209
1999,0.00,"Edmonton, Alberta",35.184.10,v44329209
2000,0.00,"Edmonton, Alberta",35.184.10,v44329209
2001,0.00,"Edmonton, Alberta",35.184.10,v44329209
2002,0.00,"Edmonton, Alberta",35.184.10,v44329209
2003,0.00,"Edmonton, Alberta",35.184.10,v44329209
2004,28.01,"Edmonton, Alberta",35.184.10,v44329209
2005,20.35,"Edmonton, Alberta",35.184.10,v44329209
2006,17.77,"Edmonton, Alberta",35.184.10,v44329209
2007,14.65,"Edmonton, Alberta",35.184.10,v44329209
2008,18.81,"Edmonton, Alberta",35.184.10,v44329209
2009,26.21,"Edmonton, Alberta",35.184.10,v44329209
2010,29.00,"Edmonton, Alberta",35.184.10,v44329209
2011,28.77,"Edmonton, Alberta",35.184.10,v44329209
2012,16.60,"Edmonton, Alberta",35.184.10,v44329209
2013,20.01,"Edmonton, Alberta",35.184.10,v44329209
2014,21.88,"Edmonton, Alberta",35.184.10,v44329209
2015,14.87,"Edmonton, Alberta",35.184.10,v44329209
1998,27.32,"British Columbia",36.184.10,v44375546
1999,38.68,"British Columbia",36.184.10,v44375546
2000,41.43,"British Columbia",36.184.10,v44375546
2001,66.71,"British Columbia",36.184.10,v44375546
2002,44.93,"British Columbia",36.184.10,v44375546
2003,53.52,"British Columbia",36.184.10,v44375546
2004,44.99,"British Columbia",36.184.10,v44375546
2005,31.98,"British Columbia",36.184.10,v44375546
2006,26.98,"British Columbia",36.184.10,v44375546
2007,28.31,"British Columbia",36.184.10,v44375546
2008,25.27,"British Columbia",36.184.10,v44375546
2009,23.80,"British Columbia",36.184.10,v44375546
2010,29.92,"British Columbia",36.184.10,v44375546
2011,23.62,"British Columbia",36.184.10,v44375546
2012,16.63,"British Columbia",36.184.10,v44375546
2013,14.83,"British Columbia",36.184.10,v44375546
2014,8.55,"British Columbia",36.184.10,v44375546
2015,6.45,"British Columbia",36.184.10,v44375546
2005,..,"Kelowna, British Columbia",48.184.10,v52145860
2006,19.32,"Kelowna, British Columbia",48.184.10,v52145860
2007,10.85,"Kelowna, British Columbia",48.184.10,v52145860
2008,19.70,"Kelowna, British Columbia",48.184.10,v52145860
2009,28.93,"Kelowna, British Columbia",48.184.10,v52145860
2010,37.82,"Kelowna, British Columbia",48.184.10,v52145860
2011,28.78,"Kelowna, British Columbia",48.184.10,v52145860
2012,23.04,"Kelowna, British Columbia",48.184.10,v52145860
2013,28.54,"Kelowna, British Columbia",48.184.10,v52145860
2014,17.15,"Kelowna, British Columbia",48.184.10,v52145860
2015,7.37,"Kelowna, British Columbia",48.184.10,v52145860
2000,..,"Abbotsford-Mission, British Columbia",39.184.10,v44339051
2001,0.00,"Abbotsford-Mission, British Columbia",39.184.10,v44339051
2002,0.00,"Abbotsford-Mission, British Columbia",39.184.10,v44339051
2003,0.00,"Abbotsford-Mission, British Columbia",39.184.10,v44339051
2004,99.70,"Abbotsford-Mission, British Columbia",39.184.10,v44339051
2005,59.25,"Abbotsford-Mission, British Columbia",39.184.10,v44339051
2006,33.78,"Abbotsford-Mission, British Columbia",39.184.10,v44339051
2007,60.99,"Abbotsford-Mission, British Columbia",39.184.10,v44339051
2008,46.69,"Abbotsford-Mission, British Columbia",39.184.10,v44339051
2009,56.70,"Abbotsford-Mission, British Columbia",39.184.10,v44339051
2010,46.78,"Abbotsford-Mission, British Columbia",39.184.10,v44339051
2011,57.42,"Abbotsford-Mission, British Columbia",39.184.10,v44339051
2012,28.64,"Abbotsford-Mission, British Columbia",39.184.10,v44339051
2013,21.72,"Abbotsford-Mission, British Columbia",39.184.10,v44339051
2014,5.69,"Abbotsford-Mission, British Columbia",39.184.10,v44339051
2015,6.26,"Abbotsford-Mission, British Columbia",39.184.10,v44339051
1998,0.00,"Vancouver, British Columbia",37.184.10,v44348225
1999,0.00,"Vancouver, British Columbia",37.184.10,v44348225
2000,0.00,"Vancouver, British Columbia",37.184.10,v44348225
2001,0.00,"Vancouver, British Columbia",37.184.10,v44348225
2002,0.00,"Vancouver, British Columbia",37.184.10,v44348225
2003,0.00,"Vancouver, British Columbia",37.184.10,v44348225
2004,46.80,"Vancouver, British Columbia",37.184.10,v44348225
2005,33.99,"Vancouver, British Columbia",37.184.10,v44348225
2006,26.32,"Vancouver, British Columbia",37.184.10,v44348225
2007,25.95,"Vancouver, British Columbia",37.184.10,v44348225
2008,24.74,"Vancouver, British Columbia",37.184.10,v44348225
2009,18.85,"Vancouver, British Columbia",37.184.10,v44348225
2010,24.19,"Vancouver, British Columbia",37.184.10,v44348225
2011,17.68,"Vancouver, British Columbia",37.184.10,v44348225
2012,11.25,"Vancouver, British Columbia",37.184.10,v44348225
2013,11.07,"Vancouver, British Columbia",37.184.10,v44348225
2014,6.93,"Vancouver, British Columbia",37.184.10,v44348225
2015,4.94,"Vancouver, British Columbia",37.184.10,v44348225
1998,0.00,"Victoria, British Columbia",38.184.10,v44344261
1999,0.00,"Victoria, British Columbia",38.184.10,v44344261
2000,0.00,"Victoria, British Columbia",38.184.10,v44344261
2001,0.00,"Victoria, British Columbia",38.184.10,v44344261
2002,0.00,"Victoria, British Columbia",38.184.10,v44344261
2003,0.00,"Victoria, British Columbia",38.184.10,v44344261
2004,51.04,"Victoria, British Columbia",38.184.10,v44344261
2005,30.96,"Victoria, British Columbia",38.184.10,v44344261
2006,24.90,"Victoria, British Columbia",38.184.10,v44344261
2007,28.58,"Victoria, British Columbia",38.184.10,v44344261
2008,25.11,"Victoria, British Columbia",38.184.10,v44344261
2009,17.53,"Victoria, British Columbia",38.184.10,v44344261
2010,27.50,"Victoria, British Columbia",38.184.10,v44344261
2011,23.00,"Victoria, British Columbia",38.184.10,v44344261
2012,33.46,"Victoria, British Columbia",38.184.10,v44344261
2013,17.90,"Victoria, British Columbia",38.184.10,v44344261
2014,6.22,"Victoria, British Columbia",38.184.10,v44344261
2015,6.15,"Victoria, British Columbia",38.184.10,v44344261
1998,44.15,"Yukon",40.184.10,v44332327
1999,22.24,"Yukon",40.184.10,v44332327
2000,31.23,"Yukon",40.184.10,v44332327
2001,17.80,"Yukon",40.184.10,v44332327
2002,43.74,"Yukon",40.184.10,v44332327
2003,29.81,"Yukon",40.184.10,v44332327
2004,24.98,"Yukon",40.184.10,v44332327
2005,16.33,"Yukon",40.184.10,v44332327
2006,96.15,"Yukon",40.184.10,v44332327
2007,78.87,"Yukon",40.184.10,v44332327
2008,30.88,"Yukon",40.184.10,v44332327
2009,11.29,"Yukon",40.184.10,v44332327
2010,40.17,"Yukon",40.184.10,v44332327
2011,56.81,"Yukon",40.184.10,v44332327
2012,90.22,"Yukon",40.184.10,v44332327
2013,37.85,"Yukon",40.184.10,v44332327
2014,27.12,"Yukon",40.184.10,v44332327
2015,13.42,"Yukon",40.184.10,v44332327
1998,140.80,"Northwest Territories",41.184.10,v44358166
1999,148.59,"Northwest Territories",41.184.10,v44358166
2000,65.12,"Northwest Territories",41.184.10,v44358166
2001,253.03,"Northwest Territories",41.184.10,v44358166
2002,89.87,"Northwest Territories",41.184.10,v44358166
2003,147.61,"Northwest Territories",41.184.10,v44358166
2004,104.65,"Northwest Territories",41.184.10,v44358166
2005,158.80,"Northwest Territories",41.184.10,v44358166
2006,106.69,"Northwest Territories",41.184.10,v44358166
2007,114.95,"Northwest Territories",41.184.10,v44358166
2008,117.32,"Northwest Territories",41.184.10,v44358166
2009,88.57,"Northwest Territories",41.184.10,v44358166
2010,144.09,"Northwest Territories",41.184.10,v44358166
2011,117.97,"Northwest Territories",41.184.10,v44358166
2012,86.25,"Northwest Territories",41.184.10,v44358166
2013,112.91,"Northwest Territories",41.184.10,v44358166
2014,93.87,"Northwest Territories",41.184.10,v44358166
2015,54.25,"Northwest Territories",41.184.10,v44358166
1998,..,"Nunavut",42.184.10,v44409187
1999,156.54,"Nunavut",42.184.10,v44409187
2000,127.06,"Nunavut",42.184.10,v44409187
2001,314.48,"Nunavut",42.184.10,v44409187
2002,412.06,"Nunavut",42.184.10,v44409187
2003,256.29,"Nunavut",42.184.10,v44409187
2004,209.24,"Nunavut",42.184.10,v44409187
2005,231.97,"Nunavut",42.184.10,v44409187
2006,193.48,"Nunavut",42.184.10,v44409187
2007,172.57,"Nunavut",42.184.10,v44409187
2008,311.81,"Nunavut",42.184.10,v44409187
2009,257.83,"Nunavut",42.184.10,v44409187
2010,313.62,"Nunavut",42.184.10,v44409187
2011,453.72,"Nunavut",42.184.10,v44409187
2012,502.77,"Nunavut",42.184.10,v44409187
2013,276.33,"Nunavut",42.184.10,v44409187
2014,165.53,"Nunavut",42.184.10,v44409187
2015,207.82,"Nunavut",42.184.10,v44409187
