1998,0.16,"Canada",1.87.8,v44328027
1999,0.74,"Canada",1.87.8,v44328027
2000,0.68,"Canada",1.87.8,v44328027
2001,0.72,"Canada",1.87.8,v44328027
2002,0.32,"Canada",1.87.8,v44328027
2003,0.69,"Canada",1.87.8,v44328027
2004,0.23,"Canada",1.87.8,v44328027
2005,0.32,"Canada",1.87.8,v44328027
2006,0.17,"Canada",1.87.8,v44328027
2007,0.22,"Canada",1.87.8,v44328027
2008,0.37,"Canada",1.87.8,v44328027
2009,0.12,"Canada",1.87.8,v44328027
2010,0.20,"Canada",1.87.8,v44328027
2011,0.12,"Canada",1.87.8,v44328027
2012,0.19,"Canada",1.87.8,v44328027
2013,0.22,"Canada",1.87.8,v44328027
2014,0.12,"Canada",1.87.8,v44328027
2015,0.14,"Canada",1.87.8,v44328027
1998,0.00,"Newfoundland and Labrador",2.87.8,v44380039
1999,0.65,"Newfoundland and Labrador",2.87.8,v44380039
2000,0.44,"Newfoundland and Labrador",2.87.8,v44380039
2001,0.00,"Newfoundland and Labrador",2.87.8,v44380039
2002,0.22,"Newfoundland and Labrador",2.87.8,v44380039
2003,0.00,"Newfoundland and Labrador",2.87.8,v44380039
2004,0.00,"Newfoundland and Labrador",2.87.8,v44380039
2005,0.00,"Newfoundland and Labrador",2.87.8,v44380039
2006,0.44,"Newfoundland and Labrador",2.87.8,v44380039
2007,0.00,"Newfoundland and Labrador",2.87.8,v44380039
2008,0.00,"Newfoundland and Labrador",2.87.8,v44380039
2009,0.00,"Newfoundland and Labrador",2.87.8,v44380039
2010,0.00,"Newfoundland and Labrador",2.87.8,v44380039
2011,0.00,"Newfoundland and Labrador",2.87.8,v44380039
2012,0.00,"Newfoundland and Labrador",2.87.8,v44380039
2013,0.00,"Newfoundland and Labrador",2.87.8,v44380039
2014,0.00,"Newfoundland and Labrador",2.87.8,v44380039
2015,0.00,"Newfoundland and Labrador",2.87.8,v44380039
1998,0.00,"St. John's, Newfoundland and Labrador",3.87.8,v44359874
1999,0.00,"St. John's, Newfoundland and Labrador",3.87.8,v44359874
2000,0.00,"St. John's, Newfoundland and Labrador",3.87.8,v44359874
2001,0.00,"St. John's, Newfoundland and Labrador",3.87.8,v44359874
2002,0.00,"St. John's, Newfoundland and Labrador",3.87.8,v44359874
2003,0.00,"St. John's, Newfoundland and Labrador",3.87.8,v44359874
2004,0.00,"St. John's, Newfoundland and Labrador",3.87.8,v44359874
2005,0.00,"St. John's, Newfoundland and Labrador",3.87.8,v44359874
2006,0.63,"St. John's, Newfoundland and Labrador",3.87.8,v44359874
2007,0.00,"St. John's, Newfoundland and Labrador",3.87.8,v44359874
2008,0.00,"St. John's, Newfoundland and Labrador",3.87.8,v44359874
2009,0.00,"St. John's, Newfoundland and Labrador",3.87.8,v44359874
2010,0.00,"St. John's, Newfoundland and Labrador",3.87.8,v44359874
2011,0.00,"St. John's, Newfoundland and Labrador",3.87.8,v44359874
2012,0.00,"St. John's, Newfoundland and Labrador",3.87.8,v44359874
2013,0.00,"St. John's, Newfoundland and Labrador",3.87.8,v44359874
2014,0.00,"St. John's, Newfoundland and Labrador",3.87.8,v44359874
2015,0.00,"St. John's, Newfoundland and Labrador",3.87.8,v44359874
1998,0.00,"Prince Edward Island",4.87.8,v44351637
1999,0.00,"Prince Edward Island",4.87.8,v44351637
2000,1.74,"Prince Edward Island",4.87.8,v44351637
2001,0.86,"Prince Edward Island",4.87.8,v44351637
2002,0.00,"Prince Edward Island",4.87.8,v44351637
2003,0.00,"Prince Edward Island",4.87.8,v44351637
2004,0.00,"Prince Edward Island",4.87.8,v44351637
2005,0.00,"Prince Edward Island",4.87.8,v44351637
2006,0.00,"Prince Edward Island",4.87.8,v44351637
2007,0.83,"Prince Edward Island",4.87.8,v44351637
2008,0.00,"Prince Edward Island",4.87.8,v44351637
2009,1.64,"Prince Edward Island",4.87.8,v44351637
2010,0.00,"Prince Edward Island",4.87.8,v44351637
2011,0.00,"Prince Edward Island",4.87.8,v44351637
2012,0.00,"Prince Edward Island",4.87.8,v44351637
2013,0.00,"Prince Edward Island",4.87.8,v44351637
2014,0.78,"Prince Edward Island",4.87.8,v44351637
2015,0.78,"Prince Edward Island",4.87.8,v44351637
1998,0.13,"Nova Scotia",5.87.8,v44333295
1999,0.63,"Nova Scotia",5.87.8,v44333295
2000,0.62,"Nova Scotia",5.87.8,v44333295
2001,0.75,"Nova Scotia",5.87.8,v44333295
2002,0.25,"Nova Scotia",5.87.8,v44333295
2003,1.59,"Nova Scotia",5.87.8,v44333295
2004,0.24,"Nova Scotia",5.87.8,v44333295
2005,0.24,"Nova Scotia",5.87.8,v44333295
2006,0.24,"Nova Scotia",5.87.8,v44333295
2007,0.49,"Nova Scotia",5.87.8,v44333295
2008,0.00,"Nova Scotia",5.87.8,v44333295
2009,0.00,"Nova Scotia",5.87.8,v44333295
2010,0.12,"Nova Scotia",5.87.8,v44333295
2011,0.12,"Nova Scotia",5.87.8,v44333295
2012,0.00,"Nova Scotia",5.87.8,v44333295
2013,0.00,"Nova Scotia",5.87.8,v44333295
2014,0.24,"Nova Scotia",5.87.8,v44333295
2015,0.12,"Nova Scotia",5.87.8,v44333295
1998,0.00,"Halifax, Nova Scotia",6.87.8,v44413005
1999,0.00,"Halifax, Nova Scotia",6.87.8,v44413005
2000,0.00,"Halifax, Nova Scotia",6.87.8,v44413005
2001,0.00,"Halifax, Nova Scotia",6.87.8,v44413005
2002,0.00,"Halifax, Nova Scotia",6.87.8,v44413005
2003,0.00,"Halifax, Nova Scotia",6.87.8,v44413005
2004,0.30,"Halifax, Nova Scotia",6.87.8,v44413005
2005,0.60,"Halifax, Nova Scotia",6.87.8,v44413005
2006,0.59,"Halifax, Nova Scotia",6.87.8,v44413005
2007,0.29,"Halifax, Nova Scotia",6.87.8,v44413005
2008,0.00,"Halifax, Nova Scotia",6.87.8,v44413005
2009,0.00,"Halifax, Nova Scotia",6.87.8,v44413005
2010,0.00,"Halifax, Nova Scotia",6.87.8,v44413005
2011,0.28,"Halifax, Nova Scotia",6.87.8,v44413005
2012,0.00,"Halifax, Nova Scotia",6.87.8,v44413005
2013,0.00,"Halifax, Nova Scotia",6.87.8,v44413005
2014,0.00,"Halifax, Nova Scotia",6.87.8,v44413005
2015,0.27,"Halifax, Nova Scotia",6.87.8,v44413005
1998,0.00,"New Brunswick",7.87.8,v44330166
1999,0.62,"New Brunswick",7.87.8,v44330166
2000,1.55,"New Brunswick",7.87.8,v44330166
2001,1.24,"New Brunswick",7.87.8,v44330166
2002,0.92,"New Brunswick",7.87.8,v44330166
2003,0.61,"New Brunswick",7.87.8,v44330166
2004,0.46,"New Brunswick",7.87.8,v44330166
2005,0.31,"New Brunswick",7.87.8,v44330166
2006,0.15,"New Brunswick",7.87.8,v44330166
2007,0.00,"New Brunswick",7.87.8,v44330166
2008,0.00,"New Brunswick",7.87.8,v44330166
2009,0.61,"New Brunswick",7.87.8,v44330166
2010,0.15,"New Brunswick",7.87.8,v44330166
2011,0.00,"New Brunswick",7.87.8,v44330166
2012,0.15,"New Brunswick",7.87.8,v44330166
2013,0.00,"New Brunswick",7.87.8,v44330166
2014,0.00,"New Brunswick",7.87.8,v44330166
2015,0.45,"New Brunswick",7.87.8,v44330166
2006,0.00,"Moncton, New Brunswick",43.87.8,v53082797
2007,0.00,"Moncton, New Brunswick",43.87.8,v53082797
2008,0.00,"Moncton, New Brunswick",43.87.8,v53082797
2009,0.84,"Moncton, New Brunswick",43.87.8,v53082797
2010,0.00,"Moncton, New Brunswick",43.87.8,v53082797
2011,0.00,"Moncton, New Brunswick",43.87.8,v53082797
2012,0.00,"Moncton, New Brunswick",43.87.8,v53082797
2013,0.00,"Moncton, New Brunswick",43.87.8,v53082797
2014,0.00,"Moncton, New Brunswick",43.87.8,v53082797
2015,0.00,"Moncton, New Brunswick",43.87.8,v53082797
1998,0.00,"Saint John, New Brunswick",8.87.8,v44418060
1999,0.00,"Saint John, New Brunswick",8.87.8,v44418060
2000,0.00,"Saint John, New Brunswick",8.87.8,v44418060
2001,0.00,"Saint John, New Brunswick",8.87.8,v44418060
2002,0.00,"Saint John, New Brunswick",8.87.8,v44418060
2003,0.00,"Saint John, New Brunswick",8.87.8,v44418060
2004,0.81,"Saint John, New Brunswick",8.87.8,v44418060
2005,1.61,"Saint John, New Brunswick",8.87.8,v44418060
2006,0.80,"Saint John, New Brunswick",8.87.8,v44418060
2007,0.00,"Saint John, New Brunswick",8.87.8,v44418060
2008,0.00,"Saint John, New Brunswick",8.87.8,v44418060
2009,0.00,"Saint John, New Brunswick",8.87.8,v44418060
2010,0.00,"Saint John, New Brunswick",8.87.8,v44418060
2011,0.00,"Saint John, New Brunswick",8.87.8,v44418060
2012,0.00,"Saint John, New Brunswick",8.87.8,v44418060
2013,0.00,"Saint John, New Brunswick",8.87.8,v44418060
2014,0.00,"Saint John, New Brunswick",8.87.8,v44418060
2015,0.90,"Saint John, New Brunswick",8.87.8,v44418060
1998,0.19,"Quebec",9.87.8,v44377157
1999,0.50,"Quebec",9.87.8,v44377157
2000,0.48,"Quebec",9.87.8,v44377157
2001,0.39,"Quebec",9.87.8,v44377157
2002,0.20,"Quebec",9.87.8,v44377157
2003,0.37,"Quebec",9.87.8,v44377157
2004,0.20,"Quebec",9.87.8,v44377157
2005,0.20,"Quebec",9.87.8,v44377157
2006,0.16,"Quebec",9.87.8,v44377157
2007,0.24,"Quebec",9.87.8,v44377157
2008,0.10,"Quebec",9.87.8,v44377157
2009,0.13,"Quebec",9.87.8,v44377157
2010,0.13,"Quebec",9.87.8,v44377157
2011,0.10,"Quebec",9.87.8,v44377157
2012,0.21,"Quebec",9.87.8,v44377157
2013,0.20,"Quebec",9.87.8,v44377157
2014,0.10,"Quebec",9.87.8,v44377157
2015,0.11,"Quebec",9.87.8,v44377157
1998,0.00,"Saguenay, Quebec",10.87.8,v44333369
1999,0.00,"Saguenay, Quebec",10.87.8,v44333369
2000,0.00,"Saguenay, Quebec",10.87.8,v44333369
2001,0.00,"Saguenay, Quebec",10.87.8,v44333369
2002,0.00,"Saguenay, Quebec",10.87.8,v44333369
2003,0.00,"Saguenay, Quebec",10.87.8,v44333369
2004,0.00,"Saguenay, Quebec",10.87.8,v44333369
2005,0.00,"Saguenay, Quebec",10.87.8,v44333369
2006,0.00,"Saguenay, Quebec",10.87.8,v44333369
2007,0.77,"Saguenay, Quebec",10.87.8,v44333369
2008,0.77,"Saguenay, Quebec",10.87.8,v44333369
2009,0.00,"Saguenay, Quebec",10.87.8,v44333369
2010,4.58,"Saguenay, Quebec",10.87.8,v44333369
2011,0.00,"Saguenay, Quebec",10.87.8,v44333369
2012,0.00,"Saguenay, Quebec",10.87.8,v44333369
2013,0.00,"Saguenay, Quebec",10.87.8,v44333369
2014,0.00,"Saguenay, Quebec",10.87.8,v44333369
2015,0.00,"Saguenay, Quebec",10.87.8,v44333369
1998,0.00,"Sherbrooke, Quebec",12.87.8,v44398806
1999,0.00,"Sherbrooke, Quebec",12.87.8,v44398806
2000,0.00,"Sherbrooke, Quebec",12.87.8,v44398806
2001,0.00,"Sherbrooke, Quebec",12.87.8,v44398806
2002,0.00,"Sherbrooke, Quebec",12.87.8,v44398806
2003,0.00,"Sherbrooke, Quebec",12.87.8,v44398806
2004,0.79,"Sherbrooke, Quebec",12.87.8,v44398806
2005,0.00,"Sherbrooke, Quebec",12.87.8,v44398806
2006,0.00,"Sherbrooke, Quebec",12.87.8,v44398806
2007,0.00,"Sherbrooke, Quebec",12.87.8,v44398806
2008,0.00,"Sherbrooke, Quebec",12.87.8,v44398806
2009,3.07,"Sherbrooke, Quebec",12.87.8,v44398806
2010,0.00,"Sherbrooke, Quebec",12.87.8,v44398806
2011,0.00,"Sherbrooke, Quebec",12.87.8,v44398806
2012,0.00,"Sherbrooke, Quebec",12.87.8,v44398806
2013,0.00,"Sherbrooke, Quebec",12.87.8,v44398806
2014,0.00,"Sherbrooke, Quebec",12.87.8,v44398806
2015,0.00,"Sherbrooke, Quebec",12.87.8,v44398806
1998,0.00,"Ottawa-Gatineau, Quebec part",15.87.8,v44355489
1999,0.00,"Ottawa-Gatineau, Quebec part",15.87.8,v44355489
2000,0.00,"Ottawa-Gatineau, Quebec part",15.87.8,v44355489
2001,0.00,"Ottawa-Gatineau, Quebec part",15.87.8,v44355489
2002,0.00,"Ottawa-Gatineau, Quebec part",15.87.8,v44355489
2003,0.00,"Ottawa-Gatineau, Quebec part",15.87.8,v44355489
2004,0.00,"Ottawa-Gatineau, Quebec part",15.87.8,v44355489
2005,0.00,"Ottawa-Gatineau, Quebec part",15.87.8,v44355489
2006,0.81,"Ottawa-Gatineau, Quebec part",15.87.8,v44355489
2007,0.40,"Ottawa-Gatineau, Quebec part",15.87.8,v44355489
2008,0.00,"Ottawa-Gatineau, Quebec part",15.87.8,v44355489
2009,0.00,"Ottawa-Gatineau, Quebec part",15.87.8,v44355489
2010,0.00,"Ottawa-Gatineau, Quebec part",15.87.8,v44355489
2011,0.00,"Ottawa-Gatineau, Quebec part",15.87.8,v44355489
2012,0.00,"Ottawa-Gatineau, Quebec part",15.87.8,v44355489
2013,0.36,"Ottawa-Gatineau, Quebec part",15.87.8,v44355489
2014,0.00,"Ottawa-Gatineau, Quebec part",15.87.8,v44355489
2015,0.00,"Ottawa-Gatineau, Quebec part",15.87.8,v44355489
1998,0.13,"Ontario",16.87.8,v44413816
1999,0.68,"Ontario",16.87.8,v44413816
2000,0.56,"Ontario",16.87.8,v44413816
2001,0.67,"Ontario",16.87.8,v44413816
2002,0.18,"Ontario",16.87.8,v44413816
2003,0.66,"Ontario",16.87.8,v44413816
2004,0.05,"Ontario",16.87.8,v44413816
2005,0.17,"Ontario",16.87.8,v44413816
2006,0.07,"Ontario",16.87.8,v44413816
2007,0.18,"Ontario",16.87.8,v44413816
2008,0.49,"Ontario",16.87.8,v44413816
2009,0.05,"Ontario",16.87.8,v44413816
2010,0.17,"Ontario",16.87.8,v44413816
2011,0.08,"Ontario",16.87.8,v44413816
2012,0.11,"Ontario",16.87.8,v44413816
2013,0.19,"Ontario",16.87.8,v44413816
2014,0.04,"Ontario",16.87.8,v44413816
2015,0.09,"Ontario",16.87.8,v44413816
1998,0.00,"Ottawa-Gatineau, Ontario/Quebec",17.87.8,v52148440
1999,0.00,"Ottawa-Gatineau, Ontario/Quebec",17.87.8,v52148440
2000,0.00,"Ottawa-Gatineau, Ontario/Quebec",17.87.8,v52148440
2001,0.00,"Ottawa-Gatineau, Ontario/Quebec",17.87.8,v52148440
2002,0.00,"Ottawa-Gatineau, Ontario/Quebec",17.87.8,v52148440
2003,0.00,"Ottawa-Gatineau, Ontario/Quebec",17.87.8,v52148440
2004,0.00,"Ottawa-Gatineau, Ontario/Quebec",17.87.8,v52148440
2005,0.00,"Ottawa-Gatineau, Ontario/Quebec",17.87.8,v52148440
2006,0.29,"Ottawa-Gatineau, Ontario/Quebec",17.87.8,v52148440
2007,0.29,"Ottawa-Gatineau, Ontario/Quebec",17.87.8,v52148440
2008,0.09,"Ottawa-Gatineau, Ontario/Quebec",17.87.8,v52148440
2009,0.09,"Ottawa-Gatineau, Ontario/Quebec",17.87.8,v52148440
2010,0.18,"Ottawa-Gatineau, Ontario/Quebec",17.87.8,v52148440
2011,0.09,"Ottawa-Gatineau, Ontario/Quebec",17.87.8,v52148440
2012,0.09,"Ottawa-Gatineau, Ontario/Quebec",17.87.8,v52148440
2013,0.09,"Ottawa-Gatineau, Ontario/Quebec",17.87.8,v52148440
2014,0.00,"Ottawa-Gatineau, Ontario/Quebec",17.87.8,v52148440
2015,0.00,"Ottawa-Gatineau, Ontario/Quebec",17.87.8,v52148440
1998,0.00,"Ottawa-Gatineau, Ontario part",18.87.8,v44380089
1999,0.00,"Ottawa-Gatineau, Ontario part",18.87.8,v44380089
2000,0.00,"Ottawa-Gatineau, Ontario part",18.87.8,v44380089
2001,0.00,"Ottawa-Gatineau, Ontario part",18.87.8,v44380089
2002,0.00,"Ottawa-Gatineau, Ontario part",18.87.8,v44380089
2003,0.00,"Ottawa-Gatineau, Ontario part",18.87.8,v44380089
2004,0.00,"Ottawa-Gatineau, Ontario part",18.87.8,v44380089
2005,0.00,"Ottawa-Gatineau, Ontario part",18.87.8,v44380089
2006,0.13,"Ottawa-Gatineau, Ontario part",18.87.8,v44380089
2007,0.26,"Ottawa-Gatineau, Ontario part",18.87.8,v44380089
2008,0.13,"Ottawa-Gatineau, Ontario part",18.87.8,v44380089
2009,0.12,"Ottawa-Gatineau, Ontario part",18.87.8,v44380089
2010,0.25,"Ottawa-Gatineau, Ontario part",18.87.8,v44380089
2011,0.12,"Ottawa-Gatineau, Ontario part",18.87.8,v44380089
2012,0.12,"Ottawa-Gatineau, Ontario part",18.87.8,v44380089
2013,0.00,"Ottawa-Gatineau, Ontario part",18.87.8,v44380089
2014,0.00,"Ottawa-Gatineau, Ontario part",18.87.8,v44380089
2015,0.00,"Ottawa-Gatineau, Ontario part",18.87.8,v44380089
2000,..,"Kingston, Ontario",27.87.8,v44392742
2001,0.00,"Kingston, Ontario",27.87.8,v44392742
2002,0.00,"Kingston, Ontario",27.87.8,v44392742
2003,0.00,"Kingston, Ontario",27.87.8,v44392742
2004,0.00,"Kingston, Ontario",27.87.8,v44392742
2005,0.00,"Kingston, Ontario",27.87.8,v44392742
2006,0.00,"Kingston, Ontario",27.87.8,v44392742
2007,0.00,"Kingston, Ontario",27.87.8,v44392742
2008,0.00,"Kingston, Ontario",27.87.8,v44392742
2009,0.00,"Kingston, Ontario",27.87.8,v44392742
2010,0.00,"Kingston, Ontario",27.87.8,v44392742
2011,0.00,"Kingston, Ontario",27.87.8,v44392742
2012,0.69,"Kingston, Ontario",27.87.8,v44392742
2013,0.00,"Kingston, Ontario",27.87.8,v44392742
2014,0.00,"Kingston, Ontario",27.87.8,v44392742
2015,0.00,"Kingston, Ontario",27.87.8,v44392742
2005,..,"Peterborough, Ontario",44.87.8,v52122619
2006,0.00,"Peterborough, Ontario",44.87.8,v52122619
2007,0.94,"Peterborough, Ontario",44.87.8,v52122619
2008,0.00,"Peterborough, Ontario",44.87.8,v52122619
2009,0.00,"Peterborough, Ontario",44.87.8,v52122619
2010,0.00,"Peterborough, Ontario",44.87.8,v52122619
2011,0.00,"Peterborough, Ontario",44.87.8,v52122619
2012,0.00,"Peterborough, Ontario",44.87.8,v52122619
2013,0.00,"Peterborough, Ontario",44.87.8,v52122619
2014,0.00,"Peterborough, Ontario",44.87.8,v52122619
2015,0.00,"Peterborough, Ontario",44.87.8,v52122619
1998,0.00,"Toronto, Ontario",19.87.8,v44351869
1999,0.00,"Toronto, Ontario",19.87.8,v44351869
2000,0.00,"Toronto, Ontario",19.87.8,v44351869
2001,0.00,"Toronto, Ontario",19.87.8,v44351869
2002,0.00,"Toronto, Ontario",19.87.8,v44351869
2003,0.00,"Toronto, Ontario",19.87.8,v44351869
2004,0.07,"Toronto, Ontario",19.87.8,v44351869
2005,0.16,"Toronto, Ontario",19.87.8,v44351869
2006,0.04,"Toronto, Ontario",19.87.8,v44351869
2007,0.15,"Toronto, Ontario",19.87.8,v44351869
2008,0.30,"Toronto, Ontario",19.87.8,v44351869
2009,0.02,"Toronto, Ontario",19.87.8,v44351869
2010,0.04,"Toronto, Ontario",19.87.8,v44351869
2011,0.00,"Toronto, Ontario",19.87.8,v44351869
2012,0.02,"Toronto, Ontario",19.87.8,v44351869
2013,0.14,"Toronto, Ontario",19.87.8,v44351869
2014,0.00,"Toronto, Ontario",19.87.8,v44351869
2015,0.04,"Toronto, Ontario",19.87.8,v44351869
1998,0.00,"Hamilton, Ontario",20.87.8,v44349624
1999,0.00,"Hamilton, Ontario",20.87.8,v44349624
2000,0.00,"Hamilton, Ontario",20.87.8,v44349624
2001,0.00,"Hamilton, Ontario",20.87.8,v44349624
2002,0.00,"Hamilton, Ontario",20.87.8,v44349624
2003,0.00,"Hamilton, Ontario",20.87.8,v44349624
2004,0.00,"Hamilton, Ontario",20.87.8,v44349624
2005,0.17,"Hamilton, Ontario",20.87.8,v44349624
2006,0.00,"Hamilton, Ontario",20.87.8,v44349624
2007,0.50,"Hamilton, Ontario",20.87.8,v44349624
2008,0.33,"Hamilton, Ontario",20.87.8,v44349624
2009,0.00,"Hamilton, Ontario",20.87.8,v44349624
2010,0.00,"Hamilton, Ontario",20.87.8,v44349624
2011,0.32,"Hamilton, Ontario",20.87.8,v44349624
2012,0.00,"Hamilton, Ontario",20.87.8,v44349624
2013,0.31,"Hamilton, Ontario",20.87.8,v44349624
2014,0.15,"Hamilton, Ontario",20.87.8,v44349624
2015,0.00,"Hamilton, Ontario",20.87.8,v44349624
1998,0.00,"St.Catharines-Niagara, Ontario",21.87.8,v44383665
1999,0.00,"St.Catharines-Niagara, Ontario",21.87.8,v44383665
2000,0.00,"St.Catharines-Niagara, Ontario",21.87.8,v44383665
2001,0.00,"St.Catharines-Niagara, Ontario",21.87.8,v44383665
2002,0.00,"St.Catharines-Niagara, Ontario",21.87.8,v44383665
2003,0.00,"St.Catharines-Niagara, Ontario",21.87.8,v44383665
2004,0.00,"St.Catharines-Niagara, Ontario",21.87.8,v44383665
2005,0.00,"St.Catharines-Niagara, Ontario",21.87.8,v44383665
2006,0.00,"St.Catharines-Niagara, Ontario",21.87.8,v44383665
2007,0.00,"St.Catharines-Niagara, Ontario",21.87.8,v44383665
2008,5.68,"St.Catharines-Niagara, Ontario",21.87.8,v44383665
2009,0.00,"St.Catharines-Niagara, Ontario",21.87.8,v44383665
2010,0.00,"St.Catharines-Niagara, Ontario",21.87.8,v44383665
2011,0.00,"St.Catharines-Niagara, Ontario",21.87.8,v44383665
2012,0.00,"St.Catharines-Niagara, Ontario",21.87.8,v44383665
2013,0.00,"St.Catharines-Niagara, Ontario",21.87.8,v44383665
2014,0.25,"St.Catharines-Niagara, Ontario",21.87.8,v44383665
2015,0.00,"St.Catharines-Niagara, Ontario",21.87.8,v44383665
1998,0.00,"Kitchener-Cambridge-Waterloo, Ontario",22.87.8,v44379693
1999,0.00,"Kitchener-Cambridge-Waterloo, Ontario",22.87.8,v44379693
2000,0.00,"Kitchener-Cambridge-Waterloo, Ontario",22.87.8,v44379693
2001,0.00,"Kitchener-Cambridge-Waterloo, Ontario",22.87.8,v44379693
2002,0.00,"Kitchener-Cambridge-Waterloo, Ontario",22.87.8,v44379693
2003,..,"Kitchener-Cambridge-Waterloo, Ontario",22.87.8,v44379693
2004,0.00,"Kitchener-Cambridge-Waterloo, Ontario",22.87.8,v44379693
2005,0.48,"Kitchener-Cambridge-Waterloo, Ontario",22.87.8,v44379693
2006,0.47,"Kitchener-Cambridge-Waterloo, Ontario",22.87.8,v44379693
2007,0.00,"Kitchener-Cambridge-Waterloo, Ontario",22.87.8,v44379693
2008,0.00,"Kitchener-Cambridge-Waterloo, Ontario",22.87.8,v44379693
2009,0.00,"Kitchener-Cambridge-Waterloo, Ontario",22.87.8,v44379693
2010,0.00,"Kitchener-Cambridge-Waterloo, Ontario",22.87.8,v44379693
2011,0.00,"Kitchener-Cambridge-Waterloo, Ontario",22.87.8,v44379693
2012,0.00,"Kitchener-Cambridge-Waterloo, Ontario",22.87.8,v44379693
2013,0.65,"Kitchener-Cambridge-Waterloo, Ontario",22.87.8,v44379693
2014,0.00,"Kitchener-Cambridge-Waterloo, Ontario",22.87.8,v44379693
2015,0.43,"Kitchener-Cambridge-Waterloo, Ontario",22.87.8,v44379693
2005,..,"Brantford, Ontario",45.87.8,v52119267
2006,0.00,"Brantford, Ontario",45.87.8,v52119267
2007,0.00,"Brantford, Ontario",45.87.8,v52119267
2008,0.85,"Brantford, Ontario",45.87.8,v52119267
2009,0.00,"Brantford, Ontario",45.87.8,v52119267
2010,0.00,"Brantford, Ontario",45.87.8,v52119267
2011,0.00,"Brantford, Ontario",45.87.8,v52119267
2012,0.00,"Brantford, Ontario",45.87.8,v52119267
2013,0.00,"Brantford, Ontario",45.87.8,v52119267
2014,0.00,"Brantford, Ontario",45.87.8,v52119267
2015,0.80,"Brantford, Ontario",45.87.8,v52119267
2005,..,"Guelph, Ontario",46.87.8,v52119700
2006,0.00,"Guelph, Ontario",46.87.8,v52119700
2007,0.00,"Guelph, Ontario",46.87.8,v52119700
2008,0.00,"Guelph, Ontario",46.87.8,v52119700
2009,0.00,"Guelph, Ontario",46.87.8,v52119700
2010,0.00,"Guelph, Ontario",46.87.8,v52119700
2011,0.00,"Guelph, Ontario",46.87.8,v52119700
2012,0.00,"Guelph, Ontario",46.87.8,v52119700
2013,0.00,"Guelph, Ontario",46.87.8,v52119700
2014,0.00,"Guelph, Ontario",46.87.8,v52119700
2015,0.89,"Guelph, Ontario",46.87.8,v52119700
1998,0.00,"London, Ontario",23.87.8,v44390005
1999,0.00,"London, Ontario",23.87.8,v44390005
2000,0.00,"London, Ontario",23.87.8,v44390005
2001,0.00,"London, Ontario",23.87.8,v44390005
2002,0.00,"London, Ontario",23.87.8,v44390005
2003,0.00,"London, Ontario",23.87.8,v44390005
2004,0.00,"London, Ontario",23.87.8,v44390005
2005,0.00,"London, Ontario",23.87.8,v44390005
2006,0.00,"London, Ontario",23.87.8,v44390005
2007,0.00,"London, Ontario",23.87.8,v44390005
2008,0.48,"London, Ontario",23.87.8,v44390005
2009,0.24,"London, Ontario",23.87.8,v44390005
2010,0.23,"London, Ontario",23.87.8,v44390005
2011,0.00,"London, Ontario",23.87.8,v44390005
2012,0.00,"London, Ontario",23.87.8,v44390005
2013,0.69,"London, Ontario",23.87.8,v44390005
2014,0.00,"London, Ontario",23.87.8,v44390005
2015,0.23,"London, Ontario",23.87.8,v44390005
1998,0.00,"Windsor, Ontario",24.87.8,v44333660
1999,0.00,"Windsor, Ontario",24.87.8,v44333660
2000,0.00,"Windsor, Ontario",24.87.8,v44333660
2001,0.00,"Windsor, Ontario",24.87.8,v44333660
2002,0.00,"Windsor, Ontario",24.87.8,v44333660
2003,0.00,"Windsor, Ontario",24.87.8,v44333660
2004,0.35,"Windsor, Ontario",24.87.8,v44333660
2005,0.70,"Windsor, Ontario",24.87.8,v44333660
2006,0.00,"Windsor, Ontario",24.87.8,v44333660
2007,0.00,"Windsor, Ontario",24.87.8,v44333660
2008,0.00,"Windsor, Ontario",24.87.8,v44333660
2009,0.00,"Windsor, Ontario",24.87.8,v44333660
2010,0.00,"Windsor, Ontario",24.87.8,v44333660
2011,0.00,"Windsor, Ontario",24.87.8,v44333660
2012,0.70,"Windsor, Ontario",24.87.8,v44333660
2013,0.00,"Windsor, Ontario",24.87.8,v44333660
2014,0.00,"Windsor, Ontario",24.87.8,v44333660
2015,0.35,"Windsor, Ontario",24.87.8,v44333660
2005,..,"Barrie, Ontario",47.87.8,v52145111
2006,0.00,"Barrie, Ontario",47.87.8,v52145111
2007,0.61,"Barrie, Ontario",47.87.8,v52145111
2008,1.20,"Barrie, Ontario",47.87.8,v52145111
2009,0.00,"Barrie, Ontario",47.87.8,v52145111
2010,0.00,"Barrie, Ontario",47.87.8,v52145111
2011,0.00,"Barrie, Ontario",47.87.8,v52145111
2012,0.00,"Barrie, Ontario",47.87.8,v52145111
2013,0.00,"Barrie, Ontario",47.87.8,v52145111
2014,0.00,"Barrie, Ontario",47.87.8,v52145111
2015,0.00,"Barrie, Ontario",47.87.8,v52145111
1998,0.00,"Sudbury, Ontario",25.87.8,v44361023
1999,0.00,"Sudbury, Ontario",25.87.8,v44361023
2000,0.00,"Sudbury, Ontario",25.87.8,v44361023
2001,0.00,"Sudbury, Ontario",25.87.8,v44361023
2002,0.00,"Sudbury, Ontario",25.87.8,v44361023
2003,0.00,"Sudbury, Ontario",25.87.8,v44361023
2004,0.00,"Sudbury, Ontario",25.87.8,v44361023
2005,0.00,"Sudbury, Ontario",25.87.8,v44361023
2006,0.00,"Sudbury, Ontario",25.87.8,v44361023
2007,0.69,"Sudbury, Ontario",25.87.8,v44361023
2008,1.38,"Sudbury, Ontario",25.87.8,v44361023
2009,0.00,"Sudbury, Ontario",25.87.8,v44361023
2010,0.69,"Sudbury, Ontario",25.87.8,v44361023
2011,0.00,"Sudbury, Ontario",25.87.8,v44361023
2012,0.00,"Sudbury, Ontario",25.87.8,v44361023
2013,2.06,"Sudbury, Ontario",25.87.8,v44361023
2014,1.37,"Sudbury, Ontario",25.87.8,v44361023
2015,0.00,"Sudbury, Ontario",25.87.8,v44361023
1998,0.00,"Thunder Bay, Ontario",26.87.8,v44370966
1999,0.00,"Thunder Bay, Ontario",26.87.8,v44370966
2000,0.00,"Thunder Bay, Ontario",26.87.8,v44370966
2001,0.00,"Thunder Bay, Ontario",26.87.8,v44370966
2002,0.00,"Thunder Bay, Ontario",26.87.8,v44370966
2003,0.00,"Thunder Bay, Ontario",26.87.8,v44370966
2004,0.00,"Thunder Bay, Ontario",26.87.8,v44370966
2005,0.00,"Thunder Bay, Ontario",26.87.8,v44370966
2006,0.00,"Thunder Bay, Ontario",26.87.8,v44370966
2007,0.00,"Thunder Bay, Ontario",26.87.8,v44370966
2008,0.00,"Thunder Bay, Ontario",26.87.8,v44370966
2009,0.00,"Thunder Bay, Ontario",26.87.8,v44370966
2010,0.00,"Thunder Bay, Ontario",26.87.8,v44370966
2011,0.00,"Thunder Bay, Ontario",26.87.8,v44370966
2012,0.00,"Thunder Bay, Ontario",26.87.8,v44370966
2013,0.00,"Thunder Bay, Ontario",26.87.8,v44370966
2014,0.00,"Thunder Bay, Ontario",26.87.8,v44370966
2015,0.00,"Thunder Bay, Ontario",26.87.8,v44370966
1998,0.32,"Manitoba",28.87.8,v44389423
1999,3.68,"Manitoba",28.87.8,v44389423
2000,1.99,"Manitoba",28.87.8,v44389423
2001,1.35,"Manitoba",28.87.8,v44389423
2002,1.34,"Manitoba",28.87.8,v44389423
2003,1.02,"Manitoba",28.87.8,v44389423
2004,0.91,"Manitoba",28.87.8,v44389423
2005,0.90,"Manitoba",28.87.8,v44389423
2006,0.50,"Manitoba",28.87.8,v44389423
2007,0.30,"Manitoba",28.87.8,v44389423
2008,1.37,"Manitoba",28.87.8,v44389423
2009,0.10,"Manitoba",28.87.8,v44389423
2010,0.19,"Manitoba",28.87.8,v44389423
2011,0.48,"Manitoba",28.87.8,v44389423
2012,0.09,"Manitoba",28.87.8,v44389423
2013,0.00,"Manitoba",28.87.8,v44389423
2014,0.09,"Manitoba",28.87.8,v44389423
2015,0.09,"Manitoba",28.87.8,v44389423
1998,0.00,"Winnipeg, Manitoba",29.87.8,v44334033
1999,0.00,"Winnipeg, Manitoba",29.87.8,v44334033
2000,0.00,"Winnipeg, Manitoba",29.87.8,v44334033
2001,0.00,"Winnipeg, Manitoba",29.87.8,v44334033
2002,0.00,"Winnipeg, Manitoba",29.87.8,v44334033
2003,0.00,"Winnipeg, Manitoba",29.87.8,v44334033
2004,0.00,"Winnipeg, Manitoba",29.87.8,v44334033
2005,0.83,"Winnipeg, Manitoba",29.87.8,v44334033
2006,0.00,"Winnipeg, Manitoba",29.87.8,v44334033
2007,0.15,"Winnipeg, Manitoba",29.87.8,v44334033
2008,1.54,"Winnipeg, Manitoba",29.87.8,v44334033
2009,0.00,"Winnipeg, Manitoba",29.87.8,v44334033
2010,0.15,"Winnipeg, Manitoba",29.87.8,v44334033
2011,0.45,"Winnipeg, Manitoba",29.87.8,v44334033
2012,0.00,"Winnipeg, Manitoba",29.87.8,v44334033
2013,0.00,"Winnipeg, Manitoba",29.87.8,v44334033
2014,0.15,"Winnipeg, Manitoba",29.87.8,v44334033
2015,0.00,"Winnipeg, Manitoba",29.87.8,v44334033
1998,0.48,"Saskatchewan",30.87.8,v44396809
1999,1.07,"Saskatchewan",30.87.8,v44396809
2000,1.07,"Saskatchewan",30.87.8,v44396809
2001,1.67,"Saskatchewan",30.87.8,v44396809
2002,0.84,"Saskatchewan",30.87.8,v44396809
2003,0.59,"Saskatchewan",30.87.8,v44396809
2004,1.07,"Saskatchewan",30.87.8,v44396809
2005,1.07,"Saskatchewan",30.87.8,v44396809
2006,0.24,"Saskatchewan",30.87.8,v44396809
2007,0.23,"Saskatchewan",30.87.8,v44396809
2008,0.35,"Saskatchewan",30.87.8,v44396809
2009,0.11,"Saskatchewan",30.87.8,v44396809
2010,0.89,"Saskatchewan",30.87.8,v44396809
2011,0.11,"Saskatchewan",30.87.8,v44396809
2012,0.97,"Saskatchewan",30.87.8,v44396809
2013,1.28,"Saskatchewan",30.87.8,v44396809
2014,0.32,"Saskatchewan",30.87.8,v44396809
2015,0.84,"Saskatchewan",30.87.8,v44396809
1998,0.00,"Regina, Saskatchewan",31.87.8,v44392746
1999,0.00,"Regina, Saskatchewan",31.87.8,v44392746
2000,0.00,"Regina, Saskatchewan",31.87.8,v44392746
2001,0.00,"Regina, Saskatchewan",31.87.8,v44392746
2002,0.00,"Regina, Saskatchewan",31.87.8,v44392746
2003,0.00,"Regina, Saskatchewan",31.87.8,v44392746
2004,3.47,"Regina, Saskatchewan",31.87.8,v44392746
2005,3.45,"Regina, Saskatchewan",31.87.8,v44392746
2006,0.57,"Regina, Saskatchewan",31.87.8,v44392746
2007,1.13,"Regina, Saskatchewan",31.87.8,v44392746
2008,1.11,"Regina, Saskatchewan",31.87.8,v44392746
2009,0.00,"Regina, Saskatchewan",31.87.8,v44392746
2010,3.76,"Regina, Saskatchewan",31.87.8,v44392746
2011,0.53,"Regina, Saskatchewan",31.87.8,v44392746
2012,1.02,"Regina, Saskatchewan",31.87.8,v44392746
2013,2.49,"Regina, Saskatchewan",31.87.8,v44392746
2014,0.98,"Regina, Saskatchewan",31.87.8,v44392746
2015,2.41,"Regina, Saskatchewan",31.87.8,v44392746
1998,0.00,"Saskatoon, Saskatchewan",32.87.8,v44390177
1999,0.00,"Saskatoon, Saskatchewan",32.87.8,v44390177
2000,0.00,"Saskatoon, Saskatchewan",32.87.8,v44390177
2001,0.00,"Saskatoon, Saskatchewan",32.87.8,v44390177
2002,0.00,"Saskatoon, Saskatchewan",32.87.8,v44390177
2003,0.00,"Saskatoon, Saskatchewan",32.87.8,v44390177
2004,0.96,"Saskatoon, Saskatchewan",32.87.8,v44390177
2005,0.95,"Saskatoon, Saskatchewan",32.87.8,v44390177
2006,0.47,"Saskatoon, Saskatchewan",32.87.8,v44390177
2007,0.00,"Saskatoon, Saskatchewan",32.87.8,v44390177
2008,0.45,"Saskatoon, Saskatchewan",32.87.8,v44390177
2009,0.44,"Saskatoon, Saskatchewan",32.87.8,v44390177
2010,0.00,"Saskatoon, Saskatchewan",32.87.8,v44390177
2011,0.00,"Saskatoon, Saskatchewan",32.87.8,v44390177
2012,0.00,"Saskatoon, Saskatchewan",32.87.8,v44390177
2013,1.17,"Saskatoon, Saskatchewan",32.87.8,v44390177
2014,0.38,"Saskatoon, Saskatchewan",32.87.8,v44390177
2015,0.00,"Saskatoon, Saskatchewan",32.87.8,v44390177
1998,0.21,"Alberta",33.87.8,v44349794
1999,0.98,"Alberta",33.87.8,v44349794
2000,0.92,"Alberta",33.87.8,v44349794
2001,0.78,"Alberta",33.87.8,v44349794
2002,0.34,"Alberta",33.87.8,v44349794
2003,0.97,"Alberta",33.87.8,v44349794
2004,0.33,"Alberta",33.87.8,v44349794
2005,0.35,"Alberta",33.87.8,v44349794
2006,0.07,"Alberta",33.87.8,v44349794
2007,0.20,"Alberta",33.87.8,v44349794
2008,0.68,"Alberta",33.87.8,v44349794
2009,0.13,"Alberta",33.87.8,v44349794
2010,0.38,"Alberta",33.87.8,v44349794
2011,0.12,"Alberta",33.87.8,v44349794
2012,0.21,"Alberta",33.87.8,v44349794
2013,0.38,"Alberta",33.87.8,v44349794
2014,0.20,"Alberta",33.87.8,v44349794
2015,0.20,"Alberta",33.87.8,v44349794
1998,0.00,"Calgary, Alberta",34.87.8,v44340015
1999,0.00,"Calgary, Alberta",34.87.8,v44340015
2000,0.00,"Calgary, Alberta",34.87.8,v44340015
2001,0.00,"Calgary, Alberta",34.87.8,v44340015
2002,0.00,"Calgary, Alberta",34.87.8,v44340015
2003,0.00,"Calgary, Alberta",34.87.8,v44340015
2004,0.22,"Calgary, Alberta",34.87.8,v44340015
2005,0.43,"Calgary, Alberta",34.87.8,v44340015
2006,0.00,"Calgary, Alberta",34.87.8,v44340015
2007,0.00,"Calgary, Alberta",34.87.8,v44340015
2008,0.98,"Calgary, Alberta",34.87.8,v44340015
2009,0.29,"Calgary, Alberta",34.87.8,v44340015
2010,0.19,"Calgary, Alberta",34.87.8,v44340015
2011,0.00,"Calgary, Alberta",34.87.8,v44340015
2012,0.00,"Calgary, Alberta",34.87.8,v44340015
2013,0.17,"Calgary, Alberta",34.87.8,v44340015
2014,0.08,"Calgary, Alberta",34.87.8,v44340015
2015,0.08,"Calgary, Alberta",34.87.8,v44340015
1998,0.00,"Edmonton, Alberta",35.87.8,v44373957
1999,0.00,"Edmonton, Alberta",35.87.8,v44373957
2000,0.00,"Edmonton, Alberta",35.87.8,v44373957
2001,0.00,"Edmonton, Alberta",35.87.8,v44373957
2002,0.00,"Edmonton, Alberta",35.87.8,v44373957
2003,0.00,"Edmonton, Alberta",35.87.8,v44373957
2004,0.57,"Edmonton, Alberta",35.87.8,v44373957
2005,0.11,"Edmonton, Alberta",35.87.8,v44373957
2006,0.00,"Edmonton, Alberta",35.87.8,v44373957
2007,0.21,"Edmonton, Alberta",35.87.8,v44373957
2008,0.71,"Edmonton, Alberta",35.87.8,v44373957
2009,0.00,"Edmonton, Alberta",35.87.8,v44373957
2010,0.97,"Edmonton, Alberta",35.87.8,v44373957
2011,0.00,"Edmonton, Alberta",35.87.8,v44373957
2012,0.47,"Edmonton, Alberta",35.87.8,v44373957
2013,0.36,"Edmonton, Alberta",35.87.8,v44373957
2014,0.26,"Edmonton, Alberta",35.87.8,v44373957
2015,0.43,"Edmonton, Alberta",35.87.8,v44373957
1998,0.06,"British Columbia",36.87.8,v44345145
1999,0.41,"British Columbia",36.87.8,v44345145
2000,0.61,"British Columbia",36.87.8,v44345145
2001,1.03,"British Columbia",36.87.8,v44345145
2002,0.45,"British Columbia",36.87.8,v44345145
2003,0.95,"British Columbia",36.87.8,v44345145
2004,0.33,"British Columbia",36.87.8,v44345145
2005,0.71,"British Columbia",36.87.8,v44345145
2006,0.43,"British Columbia",36.87.8,v44345145
2007,0.29,"British Columbia",36.87.8,v44345145
2008,0.18,"British Columbia",36.87.8,v44345145
2009,0.18,"British Columbia",36.87.8,v44345145
2010,0.15,"British Columbia",36.87.8,v44345145
2011,0.18,"British Columbia",36.87.8,v44345145
2012,0.25,"British Columbia",36.87.8,v44345145
2013,0.15,"British Columbia",36.87.8,v44345145
2014,0.24,"British Columbia",36.87.8,v44345145
2015,0.07,"British Columbia",36.87.8,v44345145
2005,..,"Kelowna, British Columbia",48.87.8,v52144208
2006,0.00,"Kelowna, British Columbia",48.87.8,v52144208
2007,0.66,"Kelowna, British Columbia",48.87.8,v52144208
2008,0.00,"Kelowna, British Columbia",48.87.8,v52144208
2009,0.00,"Kelowna, British Columbia",48.87.8,v52144208
2010,0.00,"Kelowna, British Columbia",48.87.8,v52144208
2011,0.62,"Kelowna, British Columbia",48.87.8,v52144208
2012,0.00,"Kelowna, British Columbia",48.87.8,v52144208
2013,0.60,"Kelowna, British Columbia",48.87.8,v52144208
2014,0.00,"Kelowna, British Columbia",48.87.8,v52144208
2015,0.00,"Kelowna, British Columbia",48.87.8,v52144208
2000,..,"Abbotsford-Mission, British Columbia",39.87.8,v44327183
2001,0.00,"Abbotsford-Mission, British Columbia",39.87.8,v44327183
2002,0.00,"Abbotsford-Mission, British Columbia",39.87.8,v44327183
2003,0.00,"Abbotsford-Mission, British Columbia",39.87.8,v44327183
2004,0.75,"Abbotsford-Mission, British Columbia",39.87.8,v44327183
2005,0.74,"Abbotsford-Mission, British Columbia",39.87.8,v44327183
2006,0.72,"Abbotsford-Mission, British Columbia",39.87.8,v44327183
2007,0.00,"Abbotsford-Mission, British Columbia",39.87.8,v44327183
2008,0.00,"Abbotsford-Mission, British Columbia",39.87.8,v44327183
2009,0.00,"Abbotsford-Mission, British Columbia",39.87.8,v44327183
2010,0.00,"Abbotsford-Mission, British Columbia",39.87.8,v44327183
2011,0.00,"Abbotsford-Mission, British Columbia",39.87.8,v44327183
2012,0.00,"Abbotsford-Mission, British Columbia",39.87.8,v44327183
2013,0.66,"Abbotsford-Mission, British Columbia",39.87.8,v44327183
2014,0.00,"Abbotsford-Mission, British Columbia",39.87.8,v44327183
2015,0.00,"Abbotsford-Mission, British Columbia",39.87.8,v44327183
1998,0.00,"Vancouver, British Columbia",37.87.8,v44383441
1999,0.00,"Vancouver, British Columbia",37.87.8,v44383441
2000,0.00,"Vancouver, British Columbia",37.87.8,v44383441
2001,0.00,"Vancouver, British Columbia",37.87.8,v44383441
2002,0.00,"Vancouver, British Columbia",37.87.8,v44383441
2003,0.00,"Vancouver, British Columbia",37.87.8,v44383441
2004,0.16,"Vancouver, British Columbia",37.87.8,v44383441
2005,0.58,"Vancouver, British Columbia",37.87.8,v44383441
2006,0.57,"Vancouver, British Columbia",37.87.8,v44383441
2007,0.31,"Vancouver, British Columbia",37.87.8,v44383441
2008,0.10,"Vancouver, British Columbia",37.87.8,v44383441
2009,0.35,"Vancouver, British Columbia",37.87.8,v44383441
2010,0.05,"Vancouver, British Columbia",37.87.8,v44383441
2011,0.10,"Vancouver, British Columbia",37.87.8,v44383441
2012,0.23,"Vancouver, British Columbia",37.87.8,v44383441
2013,0.05,"Vancouver, British Columbia",37.87.8,v44383441
2014,0.18,"Vancouver, British Columbia",37.87.8,v44383441
2015,0.05,"Vancouver, British Columbia",37.87.8,v44383441
1998,0.00,"Victoria, British Columbia",38.87.8,v44329602
1999,0.00,"Victoria, British Columbia",38.87.8,v44329602
2000,0.00,"Victoria, British Columbia",38.87.8,v44329602
2001,0.00,"Victoria, British Columbia",38.87.8,v44329602
2002,0.00,"Victoria, British Columbia",38.87.8,v44329602
2003,0.00,"Victoria, British Columbia",38.87.8,v44329602
2004,0.67,"Victoria, British Columbia",38.87.8,v44329602
2005,1.00,"Victoria, British Columbia",38.87.8,v44329602
2006,0.00,"Victoria, British Columbia",38.87.8,v44329602
2007,0.00,"Victoria, British Columbia",38.87.8,v44329602
2008,0.32,"Victoria, British Columbia",38.87.8,v44329602
2009,0.00,"Victoria, British Columbia",38.87.8,v44329602
2010,0.00,"Victoria, British Columbia",38.87.8,v44329602
2011,0.32,"Victoria, British Columbia",38.87.8,v44329602
2012,0.00,"Victoria, British Columbia",38.87.8,v44329602
2013,0.00,"Victoria, British Columbia",38.87.8,v44329602
2014,0.31,"Victoria, British Columbia",38.87.8,v44329602
2015,0.00,"Victoria, British Columbia",38.87.8,v44329602
1998,0.00,"Yukon",40.87.8,v44416550
1999,0.00,"Yukon",40.87.8,v44416550
2000,3.94,"Yukon",40.87.8,v44416550
2001,3.95,"Yukon",40.87.8,v44416550
2002,0.00,"Yukon",40.87.8,v44416550
2003,7.60,"Yukon",40.87.8,v44416550
2004,3.72,"Yukon",40.87.8,v44416550
2005,0.00,"Yukon",40.87.8,v44416550
2006,0.00,"Yukon",40.87.8,v44416550
2007,0.00,"Yukon",40.87.8,v44416550
2008,0.00,"Yukon",40.87.8,v44416550
2009,0.00,"Yukon",40.87.8,v44416550
2010,0.00,"Yukon",40.87.8,v44416550
2011,0.00,"Yukon",40.87.8,v44416550
2012,0.00,"Yukon",40.87.8,v44416550
2013,0.00,"Yukon",40.87.8,v44416550
2014,3.13,"Yukon",40.87.8,v44416550
2015,0.00,"Yukon",40.87.8,v44416550
1998,2.01,"Northwest Territories",41.87.8,v44386087
1999,0.00,"Northwest Territories",41.87.8,v44386087
2000,0.00,"Northwest Territories",41.87.8,v44386087
2001,0.00,"Northwest Territories",41.87.8,v44386087
2002,0.00,"Northwest Territories",41.87.8,v44386087
2003,2.93,"Northwest Territories",41.87.8,v44386087
2004,0.00,"Northwest Territories",41.87.8,v44386087
2005,0.00,"Northwest Territories",41.87.8,v44386087
2006,0.00,"Northwest Territories",41.87.8,v44386087
2007,0.00,"Northwest Territories",41.87.8,v44386087
2008,0.00,"Northwest Territories",41.87.8,v44386087
2009,0.00,"Northwest Territories",41.87.8,v44386087
2010,0.00,"Northwest Territories",41.87.8,v44386087
2011,0.00,"Northwest Territories",41.87.8,v44386087
2012,0.00,"Northwest Territories",41.87.8,v44386087
2013,0.00,"Northwest Territories",41.87.8,v44386087
2014,0.00,"Northwest Territories",41.87.8,v44386087
2015,0.00,"Northwest Territories",41.87.8,v44386087
1998,..,"Nunavut",42.87.8,v44390655
1999,0.00,"Nunavut",42.87.8,v44390655
2000,0.00,"Nunavut",42.87.8,v44390655
2001,0.00,"Nunavut",42.87.8,v44390655
2002,0.00,"Nunavut",42.87.8,v44390655
2003,0.00,"Nunavut",42.87.8,v44390655
2004,0.00,"Nunavut",42.87.8,v44390655
2005,0.00,"Nunavut",42.87.8,v44390655
2006,0.00,"Nunavut",42.87.8,v44390655
2007,0.00,"Nunavut",42.87.8,v44390655
2008,0.00,"Nunavut",42.87.8,v44390655
2009,0.00,"Nunavut",42.87.8,v44390655
2010,0.00,"Nunavut",42.87.8,v44390655
2011,3.96,"Nunavut",42.87.8,v44390655
2012,0.00,"Nunavut",42.87.8,v44390655
2013,0.00,"Nunavut",42.87.8,v44390655
2014,0.00,"Nunavut",42.87.8,v44390655
2015,0.00,"Nunavut",42.87.8,v44390655
