1998,1.87,"Canada",1.87.14,v53080024
1999,6.77,"Canada",1.87.14,v53080024
2000,1.45,"Canada",1.87.14,v53080024
2001,2.49,"Canada",1.87.14,v53080024
2002,2.85,"Canada",1.87.14,v53080024
2003,2.27,"Canada",1.87.14,v53080024
2004,0.89,"Canada",1.87.14,v53080024
2005,1.53,"Canada",1.87.14,v53080024
2006,0.95,"Canada",1.87.14,v53080024
2007,1.56,"Canada",1.87.14,v53080024
2008,1.27,"Canada",1.87.14,v53080024
2009,1.01,"Canada",1.87.14,v53080024
2010,0.95,"Canada",1.87.14,v53080024
2011,0.64,"Canada",1.87.14,v53080024
2012,0.57,"Canada",1.87.14,v53080024
2013,0.25,"Canada",1.87.14,v53080024
2014,0.13,"Canada",1.87.14,v53080024
2015,0.30,"Canada",1.87.14,v53080024
1998,0.00,"Newfoundland and Labrador",2.87.14,v53081396
1999,2.08,"Newfoundland and Labrador",2.87.14,v53081396
2000,0.00,"Newfoundland and Labrador",2.87.14,v53081396
2001,0.00,"Newfoundland and Labrador",2.87.14,v53081396
2002,2.29,"Newfoundland and Labrador",2.87.14,v53081396
2003,0.00,"Newfoundland and Labrador",2.87.14,v53081396
2004,0.00,"Newfoundland and Labrador",2.87.14,v53081396
2005,0.00,"Newfoundland and Labrador",2.87.14,v53081396
2006,0.00,"Newfoundland and Labrador",2.87.14,v53081396
2007,2.65,"Newfoundland and Labrador",2.87.14,v53081396
2008,0.00,"Newfoundland and Labrador",2.87.14,v53081396
2009,0.00,"Newfoundland and Labrador",2.87.14,v53081396
2010,0.00,"Newfoundland and Labrador",2.87.14,v53081396
2011,0.00,"Newfoundland and Labrador",2.87.14,v53081396
2012,0.00,"Newfoundland and Labrador",2.87.14,v53081396
2013,0.00,"Newfoundland and Labrador",2.87.14,v53081396
2014,0.00,"Newfoundland and Labrador",2.87.14,v53081396
2015,3.12,"Newfoundland and Labrador",2.87.14,v53081396
1998,0.00,"St. John's, Newfoundland and Labrador",3.87.14,v53082347
1999,0.00,"St. John's, Newfoundland and Labrador",3.87.14,v53082347
2000,0.00,"St. John's, Newfoundland and Labrador",3.87.14,v53082347
2001,0.00,"St. John's, Newfoundland and Labrador",3.87.14,v53082347
2002,0.00,"St. John's, Newfoundland and Labrador",3.87.14,v53082347
2003,0.00,"St. John's, Newfoundland and Labrador",3.87.14,v53082347
2004,0.00,"St. John's, Newfoundland and Labrador",3.87.14,v53082347
2005,0.00,"St. John's, Newfoundland and Labrador",3.87.14,v53082347
2006,0.00,"St. John's, Newfoundland and Labrador",3.87.14,v53082347
2007,0.00,"St. John's, Newfoundland and Labrador",3.87.14,v53082347
2008,0.00,"St. John's, Newfoundland and Labrador",3.87.14,v53082347
2009,0.00,"St. John's, Newfoundland and Labrador",3.87.14,v53082347
2010,0.00,"St. John's, Newfoundland and Labrador",3.87.14,v53082347
2011,0.00,"St. John's, Newfoundland and Labrador",3.87.14,v53082347
2012,0.00,"St. John's, Newfoundland and Labrador",3.87.14,v53082347
2013,0.00,"St. John's, Newfoundland and Labrador",3.87.14,v53082347
2014,0.00,"St. John's, Newfoundland and Labrador",3.87.14,v53082347
2015,0.00,"St. John's, Newfoundland and Labrador",3.87.14,v53082347
1998,0.00,"Prince Edward Island",4.87.14,v53080865
1999,0.00,"Prince Edward Island",4.87.14,v53080865
2000,0.00,"Prince Edward Island",4.87.14,v53080865
2001,0.00,"Prince Edward Island",4.87.14,v53080865
2002,0.00,"Prince Edward Island",4.87.14,v53080865
2003,0.00,"Prince Edward Island",4.87.14,v53080865
2004,0.00,"Prince Edward Island",4.87.14,v53080865
2005,0.00,"Prince Edward Island",4.87.14,v53080865
2006,0.00,"Prince Edward Island",4.87.14,v53080865
2007,8.73,"Prince Edward Island",4.87.14,v53080865
2008,0.00,"Prince Edward Island",4.87.14,v53080865
2009,0.00,"Prince Edward Island",4.87.14,v53080865
2010,0.00,"Prince Edward Island",4.87.14,v53080865
2011,0.00,"Prince Edward Island",4.87.14,v53080865
2012,0.00,"Prince Edward Island",4.87.14,v53080865
2013,0.00,"Prince Edward Island",4.87.14,v53080865
2014,0.00,"Prince Edward Island",4.87.14,v53080865
2015,0.00,"Prince Edward Island",4.87.14,v53080865
1998,0.00,"Nova Scotia",5.87.14,v53083051
1999,1.33,"Nova Scotia",5.87.14,v53083051
2000,0.00,"Nova Scotia",5.87.14,v53083051
2001,1.33,"Nova Scotia",5.87.14,v53083051
2002,12.01,"Nova Scotia",5.87.14,v53083051
2003,11.99,"Nova Scotia",5.87.14,v53083051
2004,2.68,"Nova Scotia",5.87.14,v53083051
2005,1.35,"Nova Scotia",5.87.14,v53083051
2006,0.00,"Nova Scotia",5.87.14,v53083051
2007,8.38,"Nova Scotia",5.87.14,v53083051
2008,1.44,"Nova Scotia",5.87.14,v53083051
2009,2.97,"Nova Scotia",5.87.14,v53083051
2010,0.00,"Nova Scotia",5.87.14,v53083051
2011,3.12,"Nova Scotia",5.87.14,v53083051
2012,1.59,"Nova Scotia",5.87.14,v53083051
2013,0.00,"Nova Scotia",5.87.14,v53083051
2014,0.00,"Nova Scotia",5.87.14,v53083051
2015,0.00,"Nova Scotia",5.87.14,v53083051
1998,0.00,"Halifax, Nova Scotia",6.87.14,v53081798
1999,0.00,"Halifax, Nova Scotia",6.87.14,v53081798
2000,0.00,"Halifax, Nova Scotia",6.87.14,v53081798
2001,0.00,"Halifax, Nova Scotia",6.87.14,v53081798
2002,0.00,"Halifax, Nova Scotia",6.87.14,v53081798
2003,0.00,"Halifax, Nova Scotia",6.87.14,v53081798
2004,6.79,"Halifax, Nova Scotia",6.87.14,v53081798
2005,3.41,"Halifax, Nova Scotia",6.87.14,v53081798
2006,0.00,"Halifax, Nova Scotia",6.87.14,v53081798
2007,6.98,"Halifax, Nova Scotia",6.87.14,v53081798
2008,3.55,"Halifax, Nova Scotia",6.87.14,v53081798
2009,0.00,"Halifax, Nova Scotia",6.87.14,v53081798
2010,0.00,"Halifax, Nova Scotia",6.87.14,v53081798
2011,0.00,"Halifax, Nova Scotia",6.87.14,v53081798
2012,0.00,"Halifax, Nova Scotia",6.87.14,v53081798
2013,0.00,"Halifax, Nova Scotia",6.87.14,v53081798
2014,0.00,"Halifax, Nova Scotia",6.87.14,v53081798
2015,0.00,"Halifax, Nova Scotia",6.87.14,v53081798
1998,0.00,"New Brunswick",7.87.14,v53081839
1999,1.63,"New Brunswick",7.87.14,v53081839
2000,0.00,"New Brunswick",7.87.14,v53081839
2001,1.67,"New Brunswick",7.87.14,v53081839
2002,5.07,"New Brunswick",7.87.14,v53081839
2003,1.70,"New Brunswick",7.87.14,v53081839
2004,0.00,"New Brunswick",7.87.14,v53081839
2005,0.00,"New Brunswick",7.87.14,v53081839
2006,0.00,"New Brunswick",7.87.14,v53081839
2007,1.77,"New Brunswick",7.87.14,v53081839
2008,0.00,"New Brunswick",7.87.14,v53081839
2009,0.00,"New Brunswick",7.87.14,v53081839
2010,1.89,"New Brunswick",7.87.14,v53081839
2011,0.00,"New Brunswick",7.87.14,v53081839
2012,1.99,"New Brunswick",7.87.14,v53081839
2013,2.04,"New Brunswick",7.87.14,v53081839
2014,0.00,"New Brunswick",7.87.14,v53081839
2015,2.12,"New Brunswick",7.87.14,v53081839
2006,0.00,"Moncton, New Brunswick",43.87.14,v53082800
2007,0.00,"Moncton, New Brunswick",43.87.14,v53082800
2008,0.00,"Moncton, New Brunswick",43.87.14,v53082800
2009,0.00,"Moncton, New Brunswick",43.87.14,v53082800
2010,10.98,"Moncton, New Brunswick",43.87.14,v53082800
2011,0.00,"Moncton, New Brunswick",43.87.14,v53082800
2012,0.00,"Moncton, New Brunswick",43.87.14,v53082800
2013,0.00,"Moncton, New Brunswick",43.87.14,v53082800
2014,0.00,"Moncton, New Brunswick",43.87.14,v53082800
2015,0.00,"Moncton, New Brunswick",43.87.14,v53082800
1998,0.00,"Saint John, New Brunswick",8.87.14,v53083811
1999,0.00,"Saint John, New Brunswick",8.87.14,v53083811
2000,0.00,"Saint John, New Brunswick",8.87.14,v53083811
2001,0.00,"Saint John, New Brunswick",8.87.14,v53083811
2002,0.00,"Saint John, New Brunswick",8.87.14,v53083811
2003,0.00,"Saint John, New Brunswick",8.87.14,v53083811
2004,0.00,"Saint John, New Brunswick",8.87.14,v53083811
2005,0.00,"Saint John, New Brunswick",8.87.14,v53083811
2006,0.00,"Saint John, New Brunswick",8.87.14,v53083811
2007,0.00,"Saint John, New Brunswick",8.87.14,v53083811
2008,0.00,"Saint John, New Brunswick",8.87.14,v53083811
2009,0.00,"Saint John, New Brunswick",8.87.14,v53083811
2010,0.00,"Saint John, New Brunswick",8.87.14,v53083811
2011,0.00,"Saint John, New Brunswick",8.87.14,v53083811
2012,0.00,"Saint John, New Brunswick",8.87.14,v53083811
2013,0.00,"Saint John, New Brunswick",8.87.14,v53083811
2014,0.00,"Saint John, New Brunswick",8.87.14,v53083811
2015,0.00,"Saint John, New Brunswick",8.87.14,v53083811
1998,0.18,"Quebec",9.87.14,v53086016
1999,2.54,"Quebec",9.87.14,v53086016
2000,0.55,"Quebec",9.87.14,v53086016
2001,0.37,"Quebec",9.87.14,v53086016
2002,0.73,"Quebec",9.87.14,v53086016
2003,1.07,"Quebec",9.87.14,v53086016
2004,0.53,"Quebec",9.87.14,v53086016
2005,0.17,"Quebec",9.87.14,v53086016
2006,0.51,"Quebec",9.87.14,v53086016
2007,0.00,"Quebec",9.87.14,v53086016
2008,1.19,"Quebec",9.87.14,v53086016
2009,1.22,"Quebec",9.87.14,v53086016
2010,0.54,"Quebec",9.87.14,v53086016
2011,0.37,"Quebec",9.87.14,v53086016
2012,0.19,"Quebec",9.87.14,v53086016
2013,0.20,"Quebec",9.87.14,v53086016
2014,0.00,"Quebec",9.87.14,v53086016
2015,0.21,"Quebec",9.87.14,v53086016
1998,0.00,"Saguenay, Quebec",10.87.14,v53098945
1999,0.00,"Saguenay, Quebec",10.87.14,v53098945
2000,0.00,"Saguenay, Quebec",10.87.14,v53098945
2001,0.00,"Saguenay, Quebec",10.87.14,v53098945
2002,0.00,"Saguenay, Quebec",10.87.14,v53098945
2003,0.00,"Saguenay, Quebec",10.87.14,v53098945
2004,0.00,"Saguenay, Quebec",10.87.14,v53098945
2005,0.00,"Saguenay, Quebec",10.87.14,v53098945
2006,0.00,"Saguenay, Quebec",10.87.14,v53098945
2007,0.00,"Saguenay, Quebec",10.87.14,v53098945
2008,0.00,"Saguenay, Quebec",10.87.14,v53098945
2009,0.00,"Saguenay, Quebec",10.87.14,v53098945
2010,0.00,"Saguenay, Quebec",10.87.14,v53098945
2011,0.00,"Saguenay, Quebec",10.87.14,v53098945
2012,0.00,"Saguenay, Quebec",10.87.14,v53098945
2013,0.00,"Saguenay, Quebec",10.87.14,v53098945
2014,0.00,"Saguenay, Quebec",10.87.14,v53098945
2015,0.00,"Saguenay, Quebec",10.87.14,v53098945
1998,0.00,"Sherbrooke, Quebec",12.87.14,v53086769
1999,0.00,"Sherbrooke, Quebec",12.87.14,v53086769
2000,0.00,"Sherbrooke, Quebec",12.87.14,v53086769
2001,0.00,"Sherbrooke, Quebec",12.87.14,v53086769
2002,0.00,"Sherbrooke, Quebec",12.87.14,v53086769
2003,0.00,"Sherbrooke, Quebec",12.87.14,v53086769
2004,0.00,"Sherbrooke, Quebec",12.87.14,v53086769
2005,0.00,"Sherbrooke, Quebec",12.87.14,v53086769
2006,0.00,"Sherbrooke, Quebec",12.87.14,v53086769
2007,0.00,"Sherbrooke, Quebec",12.87.14,v53086769
2008,0.00,"Sherbrooke, Quebec",12.87.14,v53086769
2009,0.00,"Sherbrooke, Quebec",12.87.14,v53086769
2010,0.00,"Sherbrooke, Quebec",12.87.14,v53086769
2011,0.00,"Sherbrooke, Quebec",12.87.14,v53086769
2012,0.00,"Sherbrooke, Quebec",12.87.14,v53086769
2013,0.00,"Sherbrooke, Quebec",12.87.14,v53086769
2014,0.00,"Sherbrooke, Quebec",12.87.14,v53086769
2015,0.00,"Sherbrooke, Quebec",12.87.14,v53086769
1998,0.00,"Ottawa-Gatineau, Quebec part",15.87.14,v53084672
1999,0.00,"Ottawa-Gatineau, Quebec part",15.87.14,v53084672
2000,0.00,"Ottawa-Gatineau, Quebec part",15.87.14,v53084672
2001,0.00,"Ottawa-Gatineau, Quebec part",15.87.14,v53084672
2002,0.00,"Ottawa-Gatineau, Quebec part",15.87.14,v53084672
2003,0.00,"Ottawa-Gatineau, Quebec part",15.87.14,v53084672
2004,0.00,"Ottawa-Gatineau, Quebec part",15.87.14,v53084672
2005,0.00,"Ottawa-Gatineau, Quebec part",15.87.14,v53084672
2006,3.99,"Ottawa-Gatineau, Quebec part",15.87.14,v53084672
2007,0.00,"Ottawa-Gatineau, Quebec part",15.87.14,v53084672
2008,0.00,"Ottawa-Gatineau, Quebec part",15.87.14,v53084672
2009,0.00,"Ottawa-Gatineau, Quebec part",15.87.14,v53084672
2010,0.00,"Ottawa-Gatineau, Quebec part",15.87.14,v53084672
2011,0.00,"Ottawa-Gatineau, Quebec part",15.87.14,v53084672
2012,0.00,"Ottawa-Gatineau, Quebec part",15.87.14,v53084672
2013,4.61,"Ottawa-Gatineau, Quebec part",15.87.14,v53084672
2014,0.00,"Ottawa-Gatineau, Quebec part",15.87.14,v53084672
2015,0.00,"Ottawa-Gatineau, Quebec part",15.87.14,v53084672
1998,2.19,"Ontario",16.87.14,v53085716
1999,4.85,"Ontario",16.87.14,v53085716
2000,0.74,"Ontario",16.87.14,v53085716
2001,1.36,"Ontario",16.87.14,v53085716
2002,0.71,"Ontario",16.87.14,v53085716
2003,0.40,"Ontario",16.87.14,v53085716
2004,0.20,"Ontario",16.87.14,v53085716
2005,0.59,"Ontario",16.87.14,v53085716
2006,0.39,"Ontario",16.87.14,v53085716
2007,1.35,"Ontario",16.87.14,v53085716
2008,1.46,"Ontario",16.87.14,v53085716
2009,0.10,"Ontario",16.87.14,v53085716
2010,0.39,"Ontario",16.87.14,v53085716
2011,0.10,"Ontario",16.87.14,v53085716
2012,0.10,"Ontario",16.87.14,v53085716
2013,0.10,"Ontario",16.87.14,v53085716
2014,0.00,"Ontario",16.87.14,v53085716
2015,0.22,"Ontario",16.87.14,v53085716
1998,0.00,"Ottawa-Gatineau, Ontario/Quebec",17.87.14,v53080262
1999,0.00,"Ottawa-Gatineau, Ontario/Quebec",17.87.14,v53080262
2000,0.00,"Ottawa-Gatineau, Ontario/Quebec",17.87.14,v53080262
2001,0.00,"Ottawa-Gatineau, Ontario/Quebec",17.87.14,v53080262
2002,0.00,"Ottawa-Gatineau, Ontario/Quebec",17.87.14,v53080262
2003,0.00,"Ottawa-Gatineau, Ontario/Quebec",17.87.14,v53080262
2004,0.00,"Ottawa-Gatineau, Ontario/Quebec",17.87.14,v53080262
2005,0.00,"Ottawa-Gatineau, Ontario/Quebec",17.87.14,v53080262
2006,1.04,"Ottawa-Gatineau, Ontario/Quebec",17.87.14,v53080262
2007,3.09,"Ottawa-Gatineau, Ontario/Quebec",17.87.14,v53080262
2008,4.12,"Ottawa-Gatineau, Ontario/Quebec",17.87.14,v53080262
2009,0.00,"Ottawa-Gatineau, Ontario/Quebec",17.87.14,v53080262
2010,1.07,"Ottawa-Gatineau, Ontario/Quebec",17.87.14,v53080262
2011,1.08,"Ottawa-Gatineau, Ontario/Quebec",17.87.14,v53080262
2012,0.00,"Ottawa-Gatineau, Ontario/Quebec",17.87.14,v53080262
2013,1.13,"Ottawa-Gatineau, Ontario/Quebec",17.87.14,v53080262
2014,0.00,"Ottawa-Gatineau, Ontario/Quebec",17.87.14,v53080262
2015,1.16,"Ottawa-Gatineau, Ontario/Quebec",17.87.14,v53080262
1998,0.00,"Ottawa-Gatineau, Ontario part",18.87.14,v53085813
1999,0.00,"Ottawa-Gatineau, Ontario part",18.87.14,v53085813
2000,0.00,"Ottawa-Gatineau, Ontario part",18.87.14,v53085813
2001,0.00,"Ottawa-Gatineau, Ontario part",18.87.14,v53085813
2002,0.00,"Ottawa-Gatineau, Ontario part",18.87.14,v53085813
2003,0.00,"Ottawa-Gatineau, Ontario part",18.87.14,v53085813
2004,0.00,"Ottawa-Gatineau, Ontario part",18.87.14,v53085813
2005,0.00,"Ottawa-Gatineau, Ontario part",18.87.14,v53085813
2006,0.00,"Ottawa-Gatineau, Ontario part",18.87.14,v53085813
2007,4.18,"Ottawa-Gatineau, Ontario part",18.87.14,v53085813
2008,5.54,"Ottawa-Gatineau, Ontario part",18.87.14,v53085813
2009,0.00,"Ottawa-Gatineau, Ontario part",18.87.14,v53085813
2010,1.43,"Ottawa-Gatineau, Ontario part",18.87.14,v53085813
2011,1.44,"Ottawa-Gatineau, Ontario part",18.87.14,v53085813
2012,0.00,"Ottawa-Gatineau, Ontario part",18.87.14,v53085813
2013,0.00,"Ottawa-Gatineau, Ontario part",18.87.14,v53085813
2014,0.00,"Ottawa-Gatineau, Ontario part",18.87.14,v53085813
2015,1.53,"Ottawa-Gatineau, Ontario part",18.87.14,v53085813
2000,..,"Kingston, Ontario",27.87.14,v53100215
2001,0.00,"Kingston, Ontario",27.87.14,v53100215
2002,0.00,"Kingston, Ontario",27.87.14,v53100215
2003,0.00,"Kingston, Ontario",27.87.14,v53100215
2004,0.00,"Kingston, Ontario",27.87.14,v53100215
2005,0.00,"Kingston, Ontario",27.87.14,v53100215
2006,0.00,"Kingston, Ontario",27.87.14,v53100215
2007,0.00,"Kingston, Ontario",27.87.14,v53100215
2008,0.00,"Kingston, Ontario",27.87.14,v53100215
2009,0.00,"Kingston, Ontario",27.87.14,v53100215
2010,0.00,"Kingston, Ontario",27.87.14,v53100215
2011,0.00,"Kingston, Ontario",27.87.14,v53100215
2012,0.00,"Kingston, Ontario",27.87.14,v53100215
2013,0.00,"Kingston, Ontario",27.87.14,v53100215
2014,0.00,"Kingston, Ontario",27.87.14,v53100215
2015,0.00,"Kingston, Ontario",27.87.14,v53100215
2005,..,"Peterborough, Ontario",44.87.14,v53101607
2006,0.00,"Peterborough, Ontario",44.87.14,v53101607
2007,0.00,"Peterborough, Ontario",44.87.14,v53101607
2008,0.00,"Peterborough, Ontario",44.87.14,v53101607
2009,0.00,"Peterborough, Ontario",44.87.14,v53101607
2010,0.00,"Peterborough, Ontario",44.87.14,v53101607
2011,0.00,"Peterborough, Ontario",44.87.14,v53101607
2012,0.00,"Peterborough, Ontario",44.87.14,v53101607
2013,0.00,"Peterborough, Ontario",44.87.14,v53101607
2014,0.00,"Peterborough, Ontario",44.87.14,v53101607
2015,0.00,"Peterborough, Ontario",44.87.14,v53101607
1998,0.00,"Toronto, Ontario",19.87.14,v53087274
1999,0.00,"Toronto, Ontario",19.87.14,v53087274
2000,0.00,"Toronto, Ontario",19.87.14,v53087274
2001,0.00,"Toronto, Ontario",19.87.14,v53087274
2002,0.00,"Toronto, Ontario",19.87.14,v53087274
2003,0.00,"Toronto, Ontario",19.87.14,v53087274
2004,0.25,"Toronto, Ontario",19.87.14,v53087274
2005,0.24,"Toronto, Ontario",19.87.14,v53087274
2006,0.00,"Toronto, Ontario",19.87.14,v53087274
2007,0.00,"Toronto, Ontario",19.87.14,v53087274
2008,0.24,"Toronto, Ontario",19.87.14,v53087274
2009,0.00,"Toronto, Ontario",19.87.14,v53087274
2010,0.00,"Toronto, Ontario",19.87.14,v53087274
2011,0.00,"Toronto, Ontario",19.87.14,v53087274
2012,0.00,"Toronto, Ontario",19.87.14,v53087274
2013,0.00,"Toronto, Ontario",19.87.14,v53087274
2014,0.00,"Toronto, Ontario",19.87.14,v53087274
2015,0.00,"Toronto, Ontario",19.87.14,v53087274
1998,0.00,"Hamilton, Ontario",20.87.14,v53088360
1999,0.00,"Hamilton, Ontario",20.87.14,v53088360
2000,0.00,"Hamilton, Ontario",20.87.14,v53088360
2001,0.00,"Hamilton, Ontario",20.87.14,v53088360
2002,0.00,"Hamilton, Ontario",20.87.14,v53088360
2003,0.00,"Hamilton, Ontario",20.87.14,v53088360
2004,0.00,"Hamilton, Ontario",20.87.14,v53088360
2005,3.47,"Hamilton, Ontario",20.87.14,v53088360
2006,0.00,"Hamilton, Ontario",20.87.14,v53088360
2007,3.49,"Hamilton, Ontario",20.87.14,v53088360
2008,5.29,"Hamilton, Ontario",20.87.14,v53088360
2009,0.00,"Hamilton, Ontario",20.87.14,v53088360
2010,1.80,"Hamilton, Ontario",20.87.14,v53088360
2011,0.00,"Hamilton, Ontario",20.87.14,v53088360
2012,0.00,"Hamilton, Ontario",20.87.14,v53088360
2013,0.00,"Hamilton, Ontario",20.87.14,v53088360
2014,0.00,"Hamilton, Ontario",20.87.14,v53088360
2015,0.00,"Hamilton, Ontario",20.87.14,v53088360
1998,0.00,"St.Catharines-Niagara, Ontario",21.87.14,v53092851
1999,0.00,"St.Catharines-Niagara, Ontario",21.87.14,v53092851
2000,0.00,"St.Catharines-Niagara, Ontario",21.87.14,v53092851
2001,0.00,"St.Catharines-Niagara, Ontario",21.87.14,v53092851
2002,0.00,"St.Catharines-Niagara, Ontario",21.87.14,v53092851
2003,0.00,"St.Catharines-Niagara, Ontario",21.87.14,v53092851
2004,0.00,"St.Catharines-Niagara, Ontario",21.87.14,v53092851
2005,0.00,"St.Catharines-Niagara, Ontario",21.87.14,v53092851
2006,0.00,"St.Catharines-Niagara, Ontario",21.87.14,v53092851
2007,0.00,"St.Catharines-Niagara, Ontario",21.87.14,v53092851
2008,2.91,"St.Catharines-Niagara, Ontario",21.87.14,v53092851
2009,0.00,"St.Catharines-Niagara, Ontario",21.87.14,v53092851
2010,0.00,"St.Catharines-Niagara, Ontario",21.87.14,v53092851
2011,0.00,"St.Catharines-Niagara, Ontario",21.87.14,v53092851
2012,0.00,"St.Catharines-Niagara, Ontario",21.87.14,v53092851
2013,0.00,"St.Catharines-Niagara, Ontario",21.87.14,v53092851
2014,0.00,"St.Catharines-Niagara, Ontario",21.87.14,v53092851
2015,0.00,"St.Catharines-Niagara, Ontario",21.87.14,v53092851
1998,0.00,"Kitchener-Cambridge-Waterloo, Ontario",22.87.14,v53099785
1999,0.00,"Kitchener-Cambridge-Waterloo, Ontario",22.87.14,v53099785
2000,0.00,"Kitchener-Cambridge-Waterloo, Ontario",22.87.14,v53099785
2001,0.00,"Kitchener-Cambridge-Waterloo, Ontario",22.87.14,v53099785
2002,0.00,"Kitchener-Cambridge-Waterloo, Ontario",22.87.14,v53099785
2003,..,"Kitchener-Cambridge-Waterloo, Ontario",22.87.14,v53099785
2004,0.00,"Kitchener-Cambridge-Waterloo, Ontario",22.87.14,v53099785
2005,4.91,"Kitchener-Cambridge-Waterloo, Ontario",22.87.14,v53099785
2006,0.00,"Kitchener-Cambridge-Waterloo, Ontario",22.87.14,v53099785
2007,0.00,"Kitchener-Cambridge-Waterloo, Ontario",22.87.14,v53099785
2008,0.00,"Kitchener-Cambridge-Waterloo, Ontario",22.87.14,v53099785
2009,0.00,"Kitchener-Cambridge-Waterloo, Ontario",22.87.14,v53099785
2010,2.48,"Kitchener-Cambridge-Waterloo, Ontario",22.87.14,v53099785
2011,0.00,"Kitchener-Cambridge-Waterloo, Ontario",22.87.14,v53099785
2012,0.00,"Kitchener-Cambridge-Waterloo, Ontario",22.87.14,v53099785
2013,0.00,"Kitchener-Cambridge-Waterloo, Ontario",22.87.14,v53099785
2014,0.00,"Kitchener-Cambridge-Waterloo, Ontario",22.87.14,v53099785
2015,0.00,"Kitchener-Cambridge-Waterloo, Ontario",22.87.14,v53099785
2005,..,"Brantford, Ontario",45.87.14,v53101687
2006,0.00,"Brantford, Ontario",45.87.14,v53101687
2007,0.00,"Brantford, Ontario",45.87.14,v53101687
2008,0.00,"Brantford, Ontario",45.87.14,v53101687
2009,0.00,"Brantford, Ontario",45.87.14,v53101687
2010,0.00,"Brantford, Ontario",45.87.14,v53101687
2011,0.00,"Brantford, Ontario",45.87.14,v53101687
2012,0.00,"Brantford, Ontario",45.87.14,v53101687
2013,0.00,"Brantford, Ontario",45.87.14,v53101687
2014,0.00,"Brantford, Ontario",45.87.14,v53101687
2015,0.00,"Brantford, Ontario",45.87.14,v53101687
2005,..,"Guelph, Ontario",46.87.14,v53101733
2006,0.00,"Guelph, Ontario",46.87.14,v53101733
2007,0.00,"Guelph, Ontario",46.87.14,v53101733
2008,0.00,"Guelph, Ontario",46.87.14,v53101733
2009,0.00,"Guelph, Ontario",46.87.14,v53101733
2010,0.00,"Guelph, Ontario",46.87.14,v53101733
2011,0.00,"Guelph, Ontario",46.87.14,v53101733
2012,0.00,"Guelph, Ontario",46.87.14,v53101733
2013,0.00,"Guelph, Ontario",46.87.14,v53101733
2014,0.00,"Guelph, Ontario",46.87.14,v53101733
2015,0.00,"Guelph, Ontario",46.87.14,v53101733
1998,0.00,"London, Ontario",23.87.14,v53094993
1999,0.00,"London, Ontario",23.87.14,v53094993
2000,0.00,"London, Ontario",23.87.14,v53094993
2001,0.00,"London, Ontario",23.87.14,v53094993
2002,0.00,"London, Ontario",23.87.14,v53094993
2003,0.00,"London, Ontario",23.87.14,v53094993
2004,0.00,"London, Ontario",23.87.14,v53094993
2005,0.00,"London, Ontario",23.87.14,v53094993
2006,0.00,"London, Ontario",23.87.14,v53094993
2007,0.00,"London, Ontario",23.87.14,v53094993
2008,0.00,"London, Ontario",23.87.14,v53094993
2009,0.00,"London, Ontario",23.87.14,v53094993
2010,0.00,"London, Ontario",23.87.14,v53094993
2011,0.00,"London, Ontario",23.87.14,v53094993
2012,0.00,"London, Ontario",23.87.14,v53094993
2013,0.00,"London, Ontario",23.87.14,v53094993
2014,0.00,"London, Ontario",23.87.14,v53094993
2015,0.00,"London, Ontario",23.87.14,v53094993
1998,0.00,"Windsor, Ontario",24.87.14,v53087986
1999,0.00,"Windsor, Ontario",24.87.14,v53087986
2000,0.00,"Windsor, Ontario",24.87.14,v53087986
2001,0.00,"Windsor, Ontario",24.87.14,v53087986
2002,0.00,"Windsor, Ontario",24.87.14,v53087986
2003,0.00,"Windsor, Ontario",24.87.14,v53087986
2004,3.74,"Windsor, Ontario",24.87.14,v53087986
2005,0.00,"Windsor, Ontario",24.87.14,v53087986
2006,7.40,"Windsor, Ontario",24.87.14,v53087986
2007,0.00,"Windsor, Ontario",24.87.14,v53087986
2008,3.77,"Windsor, Ontario",24.87.14,v53087986
2009,0.00,"Windsor, Ontario",24.87.14,v53087986
2010,0.00,"Windsor, Ontario",24.87.14,v53087986
2011,0.00,"Windsor, Ontario",24.87.14,v53087986
2012,0.00,"Windsor, Ontario",24.87.14,v53087986
2013,0.00,"Windsor, Ontario",24.87.14,v53087986
2014,0.00,"Windsor, Ontario",24.87.14,v53087986
2015,0.00,"Windsor, Ontario",24.87.14,v53087986
2005,..,"Barrie, Ontario",47.87.14,v53101833
2006,0.00,"Barrie, Ontario",47.87.14,v53101833
2007,0.00,"Barrie, Ontario",47.87.14,v53101833
2008,0.00,"Barrie, Ontario",47.87.14,v53101833
2009,0.00,"Barrie, Ontario",47.87.14,v53101833
2010,5.63,"Barrie, Ontario",47.87.14,v53101833
2011,0.00,"Barrie, Ontario",47.87.14,v53101833
2012,0.00,"Barrie, Ontario",47.87.14,v53101833
2013,0.00,"Barrie, Ontario",47.87.14,v53101833
2014,0.00,"Barrie, Ontario",47.87.14,v53101833
2015,0.00,"Barrie, Ontario",47.87.14,v53101833
1998,0.00,"Sudbury, Ontario",25.87.14,v53095455
1999,0.00,"Sudbury, Ontario",25.87.14,v53095455
2000,0.00,"Sudbury, Ontario",25.87.14,v53095455
2001,0.00,"Sudbury, Ontario",25.87.14,v53095455
2002,0.00,"Sudbury, Ontario",25.87.14,v53095455
2003,0.00,"Sudbury, Ontario",25.87.14,v53095455
2004,0.00,"Sudbury, Ontario",25.87.14,v53095455
2005,0.00,"Sudbury, Ontario",25.87.14,v53095455
2006,0.00,"Sudbury, Ontario",25.87.14,v53095455
2007,0.00,"Sudbury, Ontario",25.87.14,v53095455
2008,0.00,"Sudbury, Ontario",25.87.14,v53095455
2009,0.00,"Sudbury, Ontario",25.87.14,v53095455
2010,0.00,"Sudbury, Ontario",25.87.14,v53095455
2011,0.00,"Sudbury, Ontario",25.87.14,v53095455
2012,0.00,"Sudbury, Ontario",25.87.14,v53095455
2013,0.00,"Sudbury, Ontario",25.87.14,v53095455
2014,0.00,"Sudbury, Ontario",25.87.14,v53095455
2015,0.00,"Sudbury, Ontario",25.87.14,v53095455
1998,0.00,"Thunder Bay, Ontario",26.87.14,v53100115
1999,0.00,"Thunder Bay, Ontario",26.87.14,v53100115
2000,0.00,"Thunder Bay, Ontario",26.87.14,v53100115
2001,0.00,"Thunder Bay, Ontario",26.87.14,v53100115
2002,0.00,"Thunder Bay, Ontario",26.87.14,v53100115
2003,0.00,"Thunder Bay, Ontario",26.87.14,v53100115
2004,0.00,"Thunder Bay, Ontario",26.87.14,v53100115
2005,0.00,"Thunder Bay, Ontario",26.87.14,v53100115
2006,0.00,"Thunder Bay, Ontario",26.87.14,v53100115
2007,0.00,"Thunder Bay, Ontario",26.87.14,v53100115
2008,0.00,"Thunder Bay, Ontario",26.87.14,v53100115
2009,0.00,"Thunder Bay, Ontario",26.87.14,v53100115
2010,0.00,"Thunder Bay, Ontario",26.87.14,v53100115
2011,0.00,"Thunder Bay, Ontario",26.87.14,v53100115
2012,0.00,"Thunder Bay, Ontario",26.87.14,v53100115
2013,0.00,"Thunder Bay, Ontario",26.87.14,v53100115
2014,0.00,"Thunder Bay, Ontario",26.87.14,v53100115
2015,0.00,"Thunder Bay, Ontario",26.87.14,v53100115
1998,0.00,"Manitoba",28.87.14,v53091264
1999,6.08,"Manitoba",28.87.14,v53091264
2000,2.02,"Manitoba",28.87.14,v53091264
2001,1.01,"Manitoba",28.87.14,v53091264
2002,4.97,"Manitoba",28.87.14,v53091264
2003,5.90,"Manitoba",28.87.14,v53091264
2004,1.94,"Manitoba",28.87.14,v53091264
2005,0.97,"Manitoba",28.87.14,v53091264
2006,0.00,"Manitoba",28.87.14,v53091264
2007,0.00,"Manitoba",28.87.14,v53091264
2008,0.00,"Manitoba",28.87.14,v53091264
2009,0.00,"Manitoba",28.87.14,v53091264
2010,0.00,"Manitoba",28.87.14,v53091264
2011,0.00,"Manitoba",28.87.14,v53091264
2012,0.00,"Manitoba",28.87.14,v53091264
2013,0.00,"Manitoba",28.87.14,v53091264
2014,0.00,"Manitoba",28.87.14,v53091264
2015,0.00,"Manitoba",28.87.14,v53091264
1998,0.00,"Winnipeg, Manitoba",29.87.14,v53091318
1999,0.00,"Winnipeg, Manitoba",29.87.14,v53091318
2000,0.00,"Winnipeg, Manitoba",29.87.14,v53091318
2001,0.00,"Winnipeg, Manitoba",29.87.14,v53091318
2002,0.00,"Winnipeg, Manitoba",29.87.14,v53091318
2003,0.00,"Winnipeg, Manitoba",29.87.14,v53091318
2004,0.00,"Winnipeg, Manitoba",29.87.14,v53091318
2005,0.00,"Winnipeg, Manitoba",29.87.14,v53091318
2006,0.00,"Winnipeg, Manitoba",29.87.14,v53091318
2007,0.00,"Winnipeg, Manitoba",29.87.14,v53091318
2008,0.00,"Winnipeg, Manitoba",29.87.14,v53091318
2009,0.00,"Winnipeg, Manitoba",29.87.14,v53091318
2010,0.00,"Winnipeg, Manitoba",29.87.14,v53091318
2011,0.00,"Winnipeg, Manitoba",29.87.14,v53091318
2012,0.00,"Winnipeg, Manitoba",29.87.14,v53091318
2013,0.00,"Winnipeg, Manitoba",29.87.14,v53091318
2014,0.00,"Winnipeg, Manitoba",29.87.14,v53091318
2015,0.00,"Winnipeg, Manitoba",29.87.14,v53091318
1998,0.00,"Saskatchewan",30.87.14,v53096276
1999,4.13,"Saskatchewan",30.87.14,v53096276
2000,1.04,"Saskatchewan",30.87.14,v53096276
2001,2.11,"Saskatchewan",30.87.14,v53096276
2002,0.00,"Saskatchewan",30.87.14,v53096276
2003,4.28,"Saskatchewan",30.87.14,v53096276
2004,1.08,"Saskatchewan",30.87.14,v53096276
2005,6.57,"Saskatchewan",30.87.14,v53096276
2006,4.44,"Saskatchewan",30.87.14,v53096276
2007,1.13,"Saskatchewan",30.87.14,v53096276
2008,0.00,"Saskatchewan",30.87.14,v53096276
2009,1.16,"Saskatchewan",30.87.14,v53096276
2010,4.70,"Saskatchewan",30.87.14,v53096276
2011,0.00,"Saskatchewan",30.87.14,v53096276
2012,0.00,"Saskatchewan",30.87.14,v53096276
2013,0.00,"Saskatchewan",30.87.14,v53096276
2014,1.21,"Saskatchewan",30.87.14,v53096276
2015,0.00,"Saskatchewan",30.87.14,v53096276
1998,0.00,"Regina, Saskatchewan",31.87.14,v53096420
1999,0.00,"Regina, Saskatchewan",31.87.14,v53096420
2000,0.00,"Regina, Saskatchewan",31.87.14,v53096420
2001,0.00,"Regina, Saskatchewan",31.87.14,v53096420
2002,0.00,"Regina, Saskatchewan",31.87.14,v53096420
2003,0.00,"Regina, Saskatchewan",31.87.14,v53096420
2004,0.00,"Regina, Saskatchewan",31.87.14,v53096420
2005,11.48,"Regina, Saskatchewan",31.87.14,v53096420
2006,17.43,"Regina, Saskatchewan",31.87.14,v53096420
2007,0.00,"Regina, Saskatchewan",31.87.14,v53096420
2008,0.00,"Regina, Saskatchewan",31.87.14,v53096420
2009,6.12,"Regina, Saskatchewan",31.87.14,v53096420
2010,24.83,"Regina, Saskatchewan",31.87.14,v53096420
2011,0.00,"Regina, Saskatchewan",31.87.14,v53096420
2012,0.00,"Regina, Saskatchewan",31.87.14,v53096420
2013,0.00,"Regina, Saskatchewan",31.87.14,v53096420
2014,6.32,"Regina, Saskatchewan",31.87.14,v53096420
2015,0.00,"Regina, Saskatchewan",31.87.14,v53096420
1998,0.00,"Saskatoon, Saskatchewan",32.87.14,v53090827
1999,0.00,"Saskatoon, Saskatchewan",32.87.14,v53090827
2000,0.00,"Saskatoon, Saskatchewan",32.87.14,v53090827
2001,0.00,"Saskatoon, Saskatchewan",32.87.14,v53090827
2002,0.00,"Saskatoon, Saskatchewan",32.87.14,v53090827
2003,0.00,"Saskatoon, Saskatchewan",32.87.14,v53090827
2004,0.00,"Saskatoon, Saskatchewan",32.87.14,v53090827
2005,0.00,"Saskatoon, Saskatchewan",32.87.14,v53090827
2006,4.72,"Saskatoon, Saskatchewan",32.87.14,v53090827
2007,0.00,"Saskatoon, Saskatchewan",32.87.14,v53090827
2008,0.00,"Saskatoon, Saskatchewan",32.87.14,v53090827
2009,0.00,"Saskatoon, Saskatchewan",32.87.14,v53090827
2010,0.00,"Saskatoon, Saskatchewan",32.87.14,v53090827
2011,0.00,"Saskatoon, Saskatchewan",32.87.14,v53090827
2012,0.00,"Saskatoon, Saskatchewan",32.87.14,v53090827
2013,0.00,"Saskatoon, Saskatchewan",32.87.14,v53090827
2014,0.00,"Saskatoon, Saskatchewan",32.87.14,v53090827
2015,0.00,"Saskatoon, Saskatchewan",32.87.14,v53090827
1998,1.92,"Alberta",33.87.14,v53090878
1999,4.92,"Alberta",33.87.14,v53090878
2000,1.12,"Alberta",33.87.14,v53090878
2001,3.70,"Alberta",33.87.14,v53090878
2002,6.14,"Alberta",33.87.14,v53090878
2003,5.37,"Alberta",33.87.14,v53090878
2004,2.13,"Alberta",33.87.14,v53090878
2005,0.70,"Alberta",33.87.14,v53090878
2006,0.70,"Alberta",33.87.14,v53090878
2007,2.09,"Alberta",33.87.14,v53090878
2008,1.05,"Alberta",33.87.14,v53090878
2009,2.47,"Alberta",33.87.14,v53090878
2010,0.36,"Alberta",33.87.14,v53090878
2011,0.36,"Alberta",33.87.14,v53090878
2012,0.36,"Alberta",33.87.14,v53090878
2013,0.00,"Alberta",33.87.14,v53090878
2014,0.00,"Alberta",33.87.14,v53090878
2015,0.00,"Alberta",33.87.14,v53090878
1998,0.00,"Calgary, Alberta",34.87.14,v53090991
1999,0.00,"Calgary, Alberta",34.87.14,v53090991
2000,0.00,"Calgary, Alberta",34.87.14,v53090991
2001,0.00,"Calgary, Alberta",34.87.14,v53090991
2002,0.00,"Calgary, Alberta",34.87.14,v53090991
2003,0.00,"Calgary, Alberta",34.87.14,v53090991
2004,2.31,"Calgary, Alberta",34.87.14,v53090991
2005,0.00,"Calgary, Alberta",34.87.14,v53090991
2006,1.13,"Calgary, Alberta",34.87.14,v53090991
2007,6.79,"Calgary, Alberta",34.87.14,v53090991
2008,1.13,"Calgary, Alberta",34.87.14,v53090991
2009,1.13,"Calgary, Alberta",34.87.14,v53090991
2010,0.00,"Calgary, Alberta",34.87.14,v53090991
2011,1.12,"Calgary, Alberta",34.87.14,v53090991
2012,0.00,"Calgary, Alberta",34.87.14,v53090991
2013,0.00,"Calgary, Alberta",34.87.14,v53090991
2014,0.00,"Calgary, Alberta",34.87.14,v53090991
2015,0.00,"Calgary, Alberta",34.87.14,v53090991
1998,0.00,"Edmonton, Alberta",35.87.14,v53092039
1999,0.00,"Edmonton, Alberta",35.87.14,v53092039
2000,0.00,"Edmonton, Alberta",35.87.14,v53092039
2001,0.00,"Edmonton, Alberta",35.87.14,v53092039
2002,0.00,"Edmonton, Alberta",35.87.14,v53092039
2003,0.00,"Edmonton, Alberta",35.87.14,v53092039
2004,2.31,"Edmonton, Alberta",35.87.14,v53092039
2005,0.00,"Edmonton, Alberta",35.87.14,v53092039
2006,0.00,"Edmonton, Alberta",35.87.14,v53092039
2007,0.00,"Edmonton, Alberta",35.87.14,v53092039
2008,1.14,"Edmonton, Alberta",35.87.14,v53092039
2009,2.32,"Edmonton, Alberta",35.87.14,v53092039
2010,0.00,"Edmonton, Alberta",35.87.14,v53092039
2011,0.00,"Edmonton, Alberta",35.87.14,v53092039
2012,1.18,"Edmonton, Alberta",35.87.14,v53092039
2013,0.00,"Edmonton, Alberta",35.87.14,v53092039
2014,0.00,"Edmonton, Alberta",35.87.14,v53092039
2015,0.00,"Edmonton, Alberta",35.87.14,v53092039
1998,6.24,"British Columbia",36.87.14,v53092134
1999,25.08,"British Columbia",36.87.14,v53092134
2000,6.17,"British Columbia",36.87.14,v53092134
2001,9.82,"British Columbia",36.87.14,v53092134
2002,7.40,"British Columbia",36.87.14,v53092134
2003,3.71,"British Columbia",36.87.14,v53092134
2004,2.16,"British Columbia",36.87.14,v53092134
2005,6.73,"British Columbia",36.87.14,v53092134
2006,3.66,"British Columbia",36.87.14,v53092134
2007,3.39,"British Columbia",36.87.14,v53092134
2008,2.18,"British Columbia",36.87.14,v53092134
2009,2.50,"British Columbia",36.87.14,v53092134
2010,3.46,"British Columbia",36.87.14,v53092134
2011,3.17,"British Columbia",36.87.14,v53092134
2012,2.90,"British Columbia",36.87.14,v53092134
2013,0.99,"British Columbia",36.87.14,v53092134
2014,0.67,"British Columbia",36.87.14,v53092134
2015,0.68,"British Columbia",36.87.14,v53092134
2005,..,"Kelowna, British Columbia",48.87.14,v53093977
2006,0.00,"Kelowna, British Columbia",48.87.14,v53093977
2007,0.00,"Kelowna, British Columbia",48.87.14,v53093977
2008,0.00,"Kelowna, British Columbia",48.87.14,v53093977
2009,0.00,"Kelowna, British Columbia",48.87.14,v53093977
2010,0.00,"Kelowna, British Columbia",48.87.14,v53093977
2011,0.00,"Kelowna, British Columbia",48.87.14,v53093977
2012,0.00,"Kelowna, British Columbia",48.87.14,v53093977
2013,0.00,"Kelowna, British Columbia",48.87.14,v53093977
2014,0.00,"Kelowna, British Columbia",48.87.14,v53093977
2015,0.00,"Kelowna, British Columbia",48.87.14,v53093977
2000,..,"Abbotsford-Mission, British Columbia",39.87.14,v53101059
2001,0.00,"Abbotsford-Mission, British Columbia",39.87.14,v53101059
2002,0.00,"Abbotsford-Mission, British Columbia",39.87.14,v53101059
2003,0.00,"Abbotsford-Mission, British Columbia",39.87.14,v53101059
2004,0.00,"Abbotsford-Mission, British Columbia",39.87.14,v53101059
2005,0.00,"Abbotsford-Mission, British Columbia",39.87.14,v53101059
2006,0.00,"Abbotsford-Mission, British Columbia",39.87.14,v53101059
2007,0.00,"Abbotsford-Mission, British Columbia",39.87.14,v53101059
2008,0.00,"Abbotsford-Mission, British Columbia",39.87.14,v53101059
2009,0.00,"Abbotsford-Mission, British Columbia",39.87.14,v53101059
2010,0.00,"Abbotsford-Mission, British Columbia",39.87.14,v53101059
2011,0.00,"Abbotsford-Mission, British Columbia",39.87.14,v53101059
2012,0.00,"Abbotsford-Mission, British Columbia",39.87.14,v53101059
2013,0.00,"Abbotsford-Mission, British Columbia",39.87.14,v53101059
2014,0.00,"Abbotsford-Mission, British Columbia",39.87.14,v53101059
2015,0.00,"Abbotsford-Mission, British Columbia",39.87.14,v53101059
1998,0.00,"Vancouver, British Columbia",37.87.14,v53098151
1999,0.00,"Vancouver, British Columbia",37.87.14,v53098151
2000,0.00,"Vancouver, British Columbia",37.87.14,v53098151
2001,0.00,"Vancouver, British Columbia",37.87.14,v53098151
2002,0.00,"Vancouver, British Columbia",37.87.14,v53098151
2003,0.00,"Vancouver, British Columbia",37.87.14,v53098151
2004,1.88,"Vancouver, British Columbia",37.87.14,v53098151
2005,3.71,"Vancouver, British Columbia",37.87.14,v53098151
2006,4.32,"Vancouver, British Columbia",37.87.14,v53098151
2007,3.71,"Vancouver, British Columbia",37.87.14,v53098151
2008,0.62,"Vancouver, British Columbia",37.87.14,v53098151
2009,4.89,"Vancouver, British Columbia",37.87.14,v53098151
2010,5.46,"Vancouver, British Columbia",37.87.14,v53098151
2011,4.24,"Vancouver, British Columbia",37.87.14,v53098151
2012,3.67,"Vancouver, British Columbia",37.87.14,v53098151
2013,0.62,"Vancouver, British Columbia",37.87.14,v53098151
2014,0.63,"Vancouver, British Columbia",37.87.14,v53098151
2015,0.00,"Vancouver, British Columbia",37.87.14,v53098151
1998,0.00,"Victoria, British Columbia",38.87.14,v53100953
1999,0.00,"Victoria, British Columbia",38.87.14,v53100953
2000,0.00,"Victoria, British Columbia",38.87.14,v53100953
2001,0.00,"Victoria, British Columbia",38.87.14,v53100953
2002,0.00,"Victoria, British Columbia",38.87.14,v53100953
2003,0.00,"Victoria, British Columbia",38.87.14,v53100953
2004,0.00,"Victoria, British Columbia",38.87.14,v53100953
2005,21.75,"Victoria, British Columbia",38.87.14,v53100953
2006,0.00,"Victoria, British Columbia",38.87.14,v53100953
2007,4.47,"Victoria, British Columbia",38.87.14,v53100953
2008,0.00,"Victoria, British Columbia",38.87.14,v53100953
2009,0.00,"Victoria, British Columbia",38.87.14,v53100953
2010,0.00,"Victoria, British Columbia",38.87.14,v53100953
2011,0.00,"Victoria, British Columbia",38.87.14,v53100953
2012,0.00,"Victoria, British Columbia",38.87.14,v53100953
2013,0.00,"Victoria, British Columbia",38.87.14,v53100953
2014,0.00,"Victoria, British Columbia",38.87.14,v53100953
2015,0.00,"Victoria, British Columbia",38.87.14,v53100953
1998,0.00,"Yukon",40.87.14,v53101255
1999,33.46,"Yukon",40.87.14,v53101255
2000,0.00,"Yukon",40.87.14,v53101255
2001,0.00,"Yukon",40.87.14,v53101255
2002,35.55,"Yukon",40.87.14,v53101255
2003,0.00,"Yukon",40.87.14,v53101255
2004,0.00,"Yukon",40.87.14,v53101255
2005,0.00,"Yukon",40.87.14,v53101255
2006,0.00,"Yukon",40.87.14,v53101255
2007,0.00,"Yukon",40.87.14,v53101255
2008,0.00,"Yukon",40.87.14,v53101255
2009,0.00,"Yukon",40.87.14,v53101255
2010,0.00,"Yukon",40.87.14,v53101255
2011,0.00,"Yukon",40.87.14,v53101255
2012,0.00,"Yukon",40.87.14,v53101255
2013,0.00,"Yukon",40.87.14,v53101255
2014,0.00,"Yukon",40.87.14,v53101255
2015,0.00,"Yukon",40.87.14,v53101255
1998,0.00,"Northwest Territories",41.87.14,v53101373
1999,0.00,"Northwest Territories",41.87.14,v53101373
2000,0.00,"Northwest Territories",41.87.14,v53101373
2001,0.00,"Northwest Territories",41.87.14,v53101373
2002,0.00,"Northwest Territories",41.87.14,v53101373
2003,23.12,"Northwest Territories",41.87.14,v53101373
2004,0.00,"Northwest Territories",41.87.14,v53101373
2005,0.00,"Northwest Territories",41.87.14,v53101373
2006,0.00,"Northwest Territories",41.87.14,v53101373
2007,0.00,"Northwest Territories",41.87.14,v53101373
2008,0.00,"Northwest Territories",41.87.14,v53101373
2009,0.00,"Northwest Territories",41.87.14,v53101373
2010,0.00,"Northwest Territories",41.87.14,v53101373
2011,0.00,"Northwest Territories",41.87.14,v53101373
2012,0.00,"Northwest Territories",41.87.14,v53101373
2013,0.00,"Northwest Territories",41.87.14,v53101373
2014,0.00,"Northwest Territories",41.87.14,v53101373
2015,0.00,"Northwest Territories",41.87.14,v53101373
1998,..,"Nunavut",42.87.14,v53101493
1999,0.00,"Nunavut",42.87.14,v53101493
2000,0.00,"Nunavut",42.87.14,v53101493
2001,0.00,"Nunavut",42.87.14,v53101493
2002,26.86,"Nunavut",42.87.14,v53101493
2003,0.00,"Nunavut",42.87.14,v53101493
2004,0.00,"Nunavut",42.87.14,v53101493
2005,25.30,"Nunavut",42.87.14,v53101493
2006,0.00,"Nunavut",42.87.14,v53101493
2007,0.00,"Nunavut",42.87.14,v53101493
2008,0.00,"Nunavut",42.87.14,v53101493
2009,0.00,"Nunavut",42.87.14,v53101493
2010,0.00,"Nunavut",42.87.14,v53101493
2011,0.00,"Nunavut",42.87.14,v53101493
2012,0.00,"Nunavut",42.87.14,v53101493
2013,0.00,"Nunavut",42.87.14,v53101493
2014,0.00,"Nunavut",42.87.14,v53101493
2015,0.00,"Nunavut",42.87.14,v53101493
