1998,46.00,"Canada",1.87.13,v53080023
1999,167.00,"Canada",1.87.13,v53080023
2000,36.00,"Canada",1.87.13,v53080023
2001,62.00,"Canada",1.87.13,v53080023
2002,72.00,"Canada",1.87.13,v53080023
2003,58.00,"Canada",1.87.13,v53080023
2004,23.00,"Canada",1.87.13,v53080023
2005,40.00,"Canada",1.87.13,v53080023
2006,25.00,"Canada",1.87.13,v53080023
2007,41.00,"Canada",1.87.13,v53080023
2008,33.00,"Canada",1.87.13,v53080023
2009,26.00,"Canada",1.87.13,v53080023
2010,24.00,"Canada",1.87.13,v53080023
2011,16.00,"Canada",1.87.13,v53080023
2012,14.00,"Canada",1.87.13,v53080023
2013,6.00,"Canada",1.87.13,v53080023
2014,3.00,"Canada",1.87.13,v53080023
2015,7.00,"Canada",1.87.13,v53080023
1998,0.00,"Newfoundland and Labrador",2.87.13,v53081395
1999,1.00,"Newfoundland and Labrador",2.87.13,v53081395
2000,0.00,"Newfoundland and Labrador",2.87.13,v53081395
2001,0.00,"Newfoundland and Labrador",2.87.13,v53081395
2002,1.00,"Newfoundland and Labrador",2.87.13,v53081395
2003,0.00,"Newfoundland and Labrador",2.87.13,v53081395
2004,0.00,"Newfoundland and Labrador",2.87.13,v53081395
2005,0.00,"Newfoundland and Labrador",2.87.13,v53081395
2006,0.00,"Newfoundland and Labrador",2.87.13,v53081395
2007,1.00,"Newfoundland and Labrador",2.87.13,v53081395
2008,0.00,"Newfoundland and Labrador",2.87.13,v53081395
2009,0.00,"Newfoundland and Labrador",2.87.13,v53081395
2010,0.00,"Newfoundland and Labrador",2.87.13,v53081395
2011,0.00,"Newfoundland and Labrador",2.87.13,v53081395
2012,0.00,"Newfoundland and Labrador",2.87.13,v53081395
2013,0.00,"Newfoundland and Labrador",2.87.13,v53081395
2014,0.00,"Newfoundland and Labrador",2.87.13,v53081395
2015,1.00,"Newfoundland and Labrador",2.87.13,v53081395
1998,0.00,"St. John's, Newfoundland and Labrador",3.87.13,v53082346
1999,0.00,"St. John's, Newfoundland and Labrador",3.87.13,v53082346
2000,0.00,"St. John's, Newfoundland and Labrador",3.87.13,v53082346
2001,0.00,"St. John's, Newfoundland and Labrador",3.87.13,v53082346
2002,0.00,"St. John's, Newfoundland and Labrador",3.87.13,v53082346
2003,0.00,"St. John's, Newfoundland and Labrador",3.87.13,v53082346
2004,0.00,"St. John's, Newfoundland and Labrador",3.87.13,v53082346
2005,0.00,"St. John's, Newfoundland and Labrador",3.87.13,v53082346
2006,0.00,"St. John's, Newfoundland and Labrador",3.87.13,v53082346
2007,0.00,"St. John's, Newfoundland and Labrador",3.87.13,v53082346
2008,0.00,"St. John's, Newfoundland and Labrador",3.87.13,v53082346
2009,0.00,"St. John's, Newfoundland and Labrador",3.87.13,v53082346
2010,0.00,"St. John's, Newfoundland and Labrador",3.87.13,v53082346
2011,0.00,"St. John's, Newfoundland and Labrador",3.87.13,v53082346
2012,0.00,"St. John's, Newfoundland and Labrador",3.87.13,v53082346
2013,0.00,"St. John's, Newfoundland and Labrador",3.87.13,v53082346
2014,0.00,"St. John's, Newfoundland and Labrador",3.87.13,v53082346
2015,0.00,"St. John's, Newfoundland and Labrador",3.87.13,v53082346
1998,0.00,"Prince Edward Island",4.87.13,v53080864
1999,0.00,"Prince Edward Island",4.87.13,v53080864
2000,0.00,"Prince Edward Island",4.87.13,v53080864
2001,0.00,"Prince Edward Island",4.87.13,v53080864
2002,0.00,"Prince Edward Island",4.87.13,v53080864
2003,0.00,"Prince Edward Island",4.87.13,v53080864
2004,0.00,"Prince Edward Island",4.87.13,v53080864
2005,0.00,"Prince Edward Island",4.87.13,v53080864
2006,0.00,"Prince Edward Island",4.87.13,v53080864
2007,1.00,"Prince Edward Island",4.87.13,v53080864
2008,0.00,"Prince Edward Island",4.87.13,v53080864
2009,0.00,"Prince Edward Island",4.87.13,v53080864
2010,0.00,"Prince Edward Island",4.87.13,v53080864
2011,0.00,"Prince Edward Island",4.87.13,v53080864
2012,0.00,"Prince Edward Island",4.87.13,v53080864
2013,0.00,"Prince Edward Island",4.87.13,v53080864
2014,0.00,"Prince Edward Island",4.87.13,v53080864
2015,0.00,"Prince Edward Island",4.87.13,v53080864
1998,0.00,"Nova Scotia",5.87.13,v53083050
1999,1.00,"Nova Scotia",5.87.13,v53083050
2000,0.00,"Nova Scotia",5.87.13,v53083050
2001,1.00,"Nova Scotia",5.87.13,v53083050
2002,9.00,"Nova Scotia",5.87.13,v53083050
2003,9.00,"Nova Scotia",5.87.13,v53083050
2004,2.00,"Nova Scotia",5.87.13,v53083050
2005,1.00,"Nova Scotia",5.87.13,v53083050
2006,0.00,"Nova Scotia",5.87.13,v53083050
2007,6.00,"Nova Scotia",5.87.13,v53083050
2008,1.00,"Nova Scotia",5.87.13,v53083050
2009,2.00,"Nova Scotia",5.87.13,v53083050
2010,0.00,"Nova Scotia",5.87.13,v53083050
2011,2.00,"Nova Scotia",5.87.13,v53083050
2012,1.00,"Nova Scotia",5.87.13,v53083050
2013,0.00,"Nova Scotia",5.87.13,v53083050
2014,0.00,"Nova Scotia",5.87.13,v53083050
2015,0.00,"Nova Scotia",5.87.13,v53083050
1998,0.00,"Halifax, Nova Scotia",6.87.13,v53081797
1999,1.00,"Halifax, Nova Scotia",6.87.13,v53081797
2000,0.00,"Halifax, Nova Scotia",6.87.13,v53081797
2001,0.00,"Halifax, Nova Scotia",6.87.13,v53081797
2002,6.00,"Halifax, Nova Scotia",6.87.13,v53081797
2003,4.00,"Halifax, Nova Scotia",6.87.13,v53081797
2004,2.00,"Halifax, Nova Scotia",6.87.13,v53081797
2005,1.00,"Halifax, Nova Scotia",6.87.13,v53081797
2006,0.00,"Halifax, Nova Scotia",6.87.13,v53081797
2007,2.00,"Halifax, Nova Scotia",6.87.13,v53081797
2008,1.00,"Halifax, Nova Scotia",6.87.13,v53081797
2009,0.00,"Halifax, Nova Scotia",6.87.13,v53081797
2010,0.00,"Halifax, Nova Scotia",6.87.13,v53081797
2011,0.00,"Halifax, Nova Scotia",6.87.13,v53081797
2012,0.00,"Halifax, Nova Scotia",6.87.13,v53081797
2013,0.00,"Halifax, Nova Scotia",6.87.13,v53081797
2014,0.00,"Halifax, Nova Scotia",6.87.13,v53081797
2015,0.00,"Halifax, Nova Scotia",6.87.13,v53081797
1998,0.00,"New Brunswick",7.87.13,v53081838
1999,1.00,"New Brunswick",7.87.13,v53081838
2000,0.00,"New Brunswick",7.87.13,v53081838
2001,1.00,"New Brunswick",7.87.13,v53081838
2002,3.00,"New Brunswick",7.87.13,v53081838
2003,1.00,"New Brunswick",7.87.13,v53081838
2004,0.00,"New Brunswick",7.87.13,v53081838
2005,0.00,"New Brunswick",7.87.13,v53081838
2006,0.00,"New Brunswick",7.87.13,v53081838
2007,1.00,"New Brunswick",7.87.13,v53081838
2008,0.00,"New Brunswick",7.87.13,v53081838
2009,0.00,"New Brunswick",7.87.13,v53081838
2010,1.00,"New Brunswick",7.87.13,v53081838
2011,0.00,"New Brunswick",7.87.13,v53081838
2012,1.00,"New Brunswick",7.87.13,v53081838
2013,1.00,"New Brunswick",7.87.13,v53081838
2014,0.00,"New Brunswick",7.87.13,v53081838
2015,1.00,"New Brunswick",7.87.13,v53081838
2006,0.00,"Moncton, New Brunswick",43.87.13,v53082799
2007,0.00,"Moncton, New Brunswick",43.87.13,v53082799
2008,0.00,"Moncton, New Brunswick",43.87.13,v53082799
2009,0.00,"Moncton, New Brunswick",43.87.13,v53082799
2010,1.00,"Moncton, New Brunswick",43.87.13,v53082799
2011,0.00,"Moncton, New Brunswick",43.87.13,v53082799
2012,0.00,"Moncton, New Brunswick",43.87.13,v53082799
2013,0.00,"Moncton, New Brunswick",43.87.13,v53082799
2014,0.00,"Moncton, New Brunswick",43.87.13,v53082799
2015,0.00,"Moncton, New Brunswick",43.87.13,v53082799
1998,0.00,"Saint John, New Brunswick",8.87.13,v53083810
1999,0.00,"Saint John, New Brunswick",8.87.13,v53083810
2000,0.00,"Saint John, New Brunswick",8.87.13,v53083810
2001,0.00,"Saint John, New Brunswick",8.87.13,v53083810
2002,1.00,"Saint John, New Brunswick",8.87.13,v53083810
2003,1.00,"Saint John, New Brunswick",8.87.13,v53083810
2004,0.00,"Saint John, New Brunswick",8.87.13,v53083810
2005,0.00,"Saint John, New Brunswick",8.87.13,v53083810
2006,0.00,"Saint John, New Brunswick",8.87.13,v53083810
2007,0.00,"Saint John, New Brunswick",8.87.13,v53083810
2008,0.00,"Saint John, New Brunswick",8.87.13,v53083810
2009,0.00,"Saint John, New Brunswick",8.87.13,v53083810
2010,0.00,"Saint John, New Brunswick",8.87.13,v53083810
2011,0.00,"Saint John, New Brunswick",8.87.13,v53083810
2012,0.00,"Saint John, New Brunswick",8.87.13,v53083810
2013,0.00,"Saint John, New Brunswick",8.87.13,v53083810
2014,0.00,"Saint John, New Brunswick",8.87.13,v53083810
2015,0.00,"Saint John, New Brunswick",8.87.13,v53083810
1998,1.00,"Quebec",9.87.13,v53086015
1999,14.00,"Quebec",9.87.13,v53086015
2000,3.00,"Quebec",9.87.13,v53086015
2001,2.00,"Quebec",9.87.13,v53086015
2002,4.00,"Quebec",9.87.13,v53086015
2003,6.00,"Quebec",9.87.13,v53086015
2004,3.00,"Quebec",9.87.13,v53086015
2005,1.00,"Quebec",9.87.13,v53086015
2006,3.00,"Quebec",9.87.13,v53086015
2007,0.00,"Quebec",9.87.13,v53086015
2008,7.00,"Quebec",9.87.13,v53086015
2009,7.00,"Quebec",9.87.13,v53086015
2010,3.00,"Quebec",9.87.13,v53086015
2011,2.00,"Quebec",9.87.13,v53086015
2012,1.00,"Quebec",9.87.13,v53086015
2013,1.00,"Quebec",9.87.13,v53086015
2014,0.00,"Quebec",9.87.13,v53086015
2015,1.00,"Quebec",9.87.13,v53086015
1998,0.00,"Saguenay, Quebec",10.87.13,v53098944
1999,0.00,"Saguenay, Quebec",10.87.13,v53098944
2000,0.00,"Saguenay, Quebec",10.87.13,v53098944
2001,0.00,"Saguenay, Quebec",10.87.13,v53098944
2002,0.00,"Saguenay, Quebec",10.87.13,v53098944
2003,1.00,"Saguenay, Quebec",10.87.13,v53098944
2004,..,"Saguenay, Quebec",10.87.13,v53098944
2005,0.00,"Saguenay, Quebec",10.87.13,v53098944
2006,0.00,"Saguenay, Quebec",10.87.13,v53098944
2007,0.00,"Saguenay, Quebec",10.87.13,v53098944
2008,0.00,"Saguenay, Quebec",10.87.13,v53098944
2009,0.00,"Saguenay, Quebec",10.87.13,v53098944
2010,0.00,"Saguenay, Quebec",10.87.13,v53098944
2011,0.00,"Saguenay, Quebec",10.87.13,v53098944
2012,0.00,"Saguenay, Quebec",10.87.13,v53098944
2013,0.00,"Saguenay, Quebec",10.87.13,v53098944
2014,0.00,"Saguenay, Quebec",10.87.13,v53098944
2015,0.00,"Saguenay, Quebec",10.87.13,v53098944
1998,0.00,"Sherbrooke, Quebec",12.87.13,v53086768
1999,2.00,"Sherbrooke, Quebec",12.87.13,v53086768
2000,1.00,"Sherbrooke, Quebec",12.87.13,v53086768
2001,0.00,"Sherbrooke, Quebec",12.87.13,v53086768
2002,0.00,"Sherbrooke, Quebec",12.87.13,v53086768
2003,0.00,"Sherbrooke, Quebec",12.87.13,v53086768
2004,0.00,"Sherbrooke, Quebec",12.87.13,v53086768
2005,0.00,"Sherbrooke, Quebec",12.87.13,v53086768
2006,0.00,"Sherbrooke, Quebec",12.87.13,v53086768
2007,0.00,"Sherbrooke, Quebec",12.87.13,v53086768
2008,0.00,"Sherbrooke, Quebec",12.87.13,v53086768
2009,0.00,"Sherbrooke, Quebec",12.87.13,v53086768
2010,0.00,"Sherbrooke, Quebec",12.87.13,v53086768
2011,0.00,"Sherbrooke, Quebec",12.87.13,v53086768
2012,0.00,"Sherbrooke, Quebec",12.87.13,v53086768
2013,0.00,"Sherbrooke, Quebec",12.87.13,v53086768
2014,0.00,"Sherbrooke, Quebec",12.87.13,v53086768
2015,0.00,"Sherbrooke, Quebec",12.87.13,v53086768
1998,0.00,"Ottawa-Gatineau, Quebec part",15.87.13,v53084671
1999,1.00,"Ottawa-Gatineau, Quebec part",15.87.13,v53084671
2000,0.00,"Ottawa-Gatineau, Quebec part",15.87.13,v53084671
2001,1.00,"Ottawa-Gatineau, Quebec part",15.87.13,v53084671
2002,0.00,"Ottawa-Gatineau, Quebec part",15.87.13,v53084671
2003,0.00,"Ottawa-Gatineau, Quebec part",15.87.13,v53084671
2004,0.00,"Ottawa-Gatineau, Quebec part",15.87.13,v53084671
2005,0.00,"Ottawa-Gatineau, Quebec part",15.87.13,v53084671
2006,1.00,"Ottawa-Gatineau, Quebec part",15.87.13,v53084671
2007,0.00,"Ottawa-Gatineau, Quebec part",15.87.13,v53084671
2008,0.00,"Ottawa-Gatineau, Quebec part",15.87.13,v53084671
2009,0.00,"Ottawa-Gatineau, Quebec part",15.87.13,v53084671
2010,0.00,"Ottawa-Gatineau, Quebec part",15.87.13,v53084671
2011,0.00,"Ottawa-Gatineau, Quebec part",15.87.13,v53084671
2012,0.00,"Ottawa-Gatineau, Quebec part",15.87.13,v53084671
2013,1.00,"Ottawa-Gatineau, Quebec part",15.87.13,v53084671
2014,0.00,"Ottawa-Gatineau, Quebec part",15.87.13,v53084671
2015,0.00,"Ottawa-Gatineau, Quebec part",15.87.13,v53084671
1998,20.00,"Ontario",16.87.13,v53085715
1999,45.00,"Ontario",16.87.13,v53085715
2000,7.00,"Ontario",16.87.13,v53085715
2001,13.00,"Ontario",16.87.13,v53085715
2002,7.00,"Ontario",16.87.13,v53085715
2003,4.00,"Ontario",16.87.13,v53085715
2004,2.00,"Ontario",16.87.13,v53085715
2005,6.00,"Ontario",16.87.13,v53085715
2006,4.00,"Ontario",16.87.13,v53085715
2007,14.00,"Ontario",16.87.13,v53085715
2008,15.00,"Ontario",16.87.13,v53085715
2009,1.00,"Ontario",16.87.13,v53085715
2010,4.00,"Ontario",16.87.13,v53085715
2011,1.00,"Ontario",16.87.13,v53085715
2012,1.00,"Ontario",16.87.13,v53085715
2013,1.00,"Ontario",16.87.13,v53085715
2014,0.00,"Ontario",16.87.13,v53085715
2015,2.00,"Ontario",16.87.13,v53085715
1998,2.00,"Ottawa-Gatineau, Ontario/Quebec",17.87.13,v53080261
1999,1.00,"Ottawa-Gatineau, Ontario/Quebec",17.87.13,v53080261
2000,0.00,"Ottawa-Gatineau, Ontario/Quebec",17.87.13,v53080261
2001,1.00,"Ottawa-Gatineau, Ontario/Quebec",17.87.13,v53080261
2002,0.00,"Ottawa-Gatineau, Ontario/Quebec",17.87.13,v53080261
2003,0.00,"Ottawa-Gatineau, Ontario/Quebec",17.87.13,v53080261
2004,0.00,"Ottawa-Gatineau, Ontario/Quebec",17.87.13,v53080261
2005,0.00,"Ottawa-Gatineau, Ontario/Quebec",17.87.13,v53080261
2006,1.00,"Ottawa-Gatineau, Ontario/Quebec",17.87.13,v53080261
2007,3.00,"Ottawa-Gatineau, Ontario/Quebec",17.87.13,v53080261
2008,4.00,"Ottawa-Gatineau, Ontario/Quebec",17.87.13,v53080261
2009,0.00,"Ottawa-Gatineau, Ontario/Quebec",17.87.13,v53080261
2010,1.00,"Ottawa-Gatineau, Ontario/Quebec",17.87.13,v53080261
2011,1.00,"Ottawa-Gatineau, Ontario/Quebec",17.87.13,v53080261
2012,0.00,"Ottawa-Gatineau, Ontario/Quebec",17.87.13,v53080261
2013,1.00,"Ottawa-Gatineau, Ontario/Quebec",17.87.13,v53080261
2014,0.00,"Ottawa-Gatineau, Ontario/Quebec",17.87.13,v53080261
2015,1.00,"Ottawa-Gatineau, Ontario/Quebec",17.87.13,v53080261
1998,2.00,"Ottawa-Gatineau, Ontario part",18.87.13,v53085812
1999,0.00,"Ottawa-Gatineau, Ontario part",18.87.13,v53085812
2000,0.00,"Ottawa-Gatineau, Ontario part",18.87.13,v53085812
2001,0.00,"Ottawa-Gatineau, Ontario part",18.87.13,v53085812
2002,0.00,"Ottawa-Gatineau, Ontario part",18.87.13,v53085812
2003,0.00,"Ottawa-Gatineau, Ontario part",18.87.13,v53085812
2004,0.00,"Ottawa-Gatineau, Ontario part",18.87.13,v53085812
2005,0.00,"Ottawa-Gatineau, Ontario part",18.87.13,v53085812
2006,0.00,"Ottawa-Gatineau, Ontario part",18.87.13,v53085812
2007,3.00,"Ottawa-Gatineau, Ontario part",18.87.13,v53085812
2008,4.00,"Ottawa-Gatineau, Ontario part",18.87.13,v53085812
2009,0.00,"Ottawa-Gatineau, Ontario part",18.87.13,v53085812
2010,1.00,"Ottawa-Gatineau, Ontario part",18.87.13,v53085812
2011,1.00,"Ottawa-Gatineau, Ontario part",18.87.13,v53085812
2012,0.00,"Ottawa-Gatineau, Ontario part",18.87.13,v53085812
2013,0.00,"Ottawa-Gatineau, Ontario part",18.87.13,v53085812
2014,0.00,"Ottawa-Gatineau, Ontario part",18.87.13,v53085812
2015,1.00,"Ottawa-Gatineau, Ontario part",18.87.13,v53085812
2000,..,"Kingston, Ontario",27.87.13,v53100214
2001,0.00,"Kingston, Ontario",27.87.13,v53100214
2002,1.00,"Kingston, Ontario",27.87.13,v53100214
2003,0.00,"Kingston, Ontario",27.87.13,v53100214
2004,0.00,"Kingston, Ontario",27.87.13,v53100214
2005,0.00,"Kingston, Ontario",27.87.13,v53100214
2006,0.00,"Kingston, Ontario",27.87.13,v53100214
2007,0.00,"Kingston, Ontario",27.87.13,v53100214
2008,0.00,"Kingston, Ontario",27.87.13,v53100214
2009,0.00,"Kingston, Ontario",27.87.13,v53100214
2010,0.00,"Kingston, Ontario",27.87.13,v53100214
2011,0.00,"Kingston, Ontario",27.87.13,v53100214
2012,0.00,"Kingston, Ontario",27.87.13,v53100214
2013,0.00,"Kingston, Ontario",27.87.13,v53100214
2014,0.00,"Kingston, Ontario",27.87.13,v53100214
2015,0.00,"Kingston, Ontario",27.87.13,v53100214
2005,..,"Peterborough, Ontario",44.87.13,v53101606
2006,0.00,"Peterborough, Ontario",44.87.13,v53101606
2007,0.00,"Peterborough, Ontario",44.87.13,v53101606
2008,0.00,"Peterborough, Ontario",44.87.13,v53101606
2009,0.00,"Peterborough, Ontario",44.87.13,v53101606
2010,0.00,"Peterborough, Ontario",44.87.13,v53101606
2011,0.00,"Peterborough, Ontario",44.87.13,v53101606
2012,0.00,"Peterborough, Ontario",44.87.13,v53101606
2013,0.00,"Peterborough, Ontario",44.87.13,v53101606
2014,0.00,"Peterborough, Ontario",44.87.13,v53101606
2015,0.00,"Peterborough, Ontario",44.87.13,v53101606
1998,3.00,"Toronto, Ontario",19.87.13,v53087273
1999,6.00,"Toronto, Ontario",19.87.13,v53087273
2000,2.00,"Toronto, Ontario",19.87.13,v53087273
2001,2.00,"Toronto, Ontario",19.87.13,v53087273
2002,2.00,"Toronto, Ontario",19.87.13,v53087273
2003,3.00,"Toronto, Ontario",19.87.13,v53087273
2004,1.00,"Toronto, Ontario",19.87.13,v53087273
2005,1.00,"Toronto, Ontario",19.87.13,v53087273
2006,0.00,"Toronto, Ontario",19.87.13,v53087273
2007,0.00,"Toronto, Ontario",19.87.13,v53087273
2008,1.00,"Toronto, Ontario",19.87.13,v53087273
2009,0.00,"Toronto, Ontario",19.87.13,v53087273
2010,0.00,"Toronto, Ontario",19.87.13,v53087273
2011,0.00,"Toronto, Ontario",19.87.13,v53087273
2012,0.00,"Toronto, Ontario",19.87.13,v53087273
2013,0.00,"Toronto, Ontario",19.87.13,v53087273
2014,0.00,"Toronto, Ontario",19.87.13,v53087273
2015,0.00,"Toronto, Ontario",19.87.13,v53087273
1998,4.00,"Hamilton, Ontario",20.87.13,v53088359
1999,19.00,"Hamilton, Ontario",20.87.13,v53088359
2000,2.00,"Hamilton, Ontario",20.87.13,v53088359
2001,7.00,"Hamilton, Ontario",20.87.13,v53088359
2002,3.00,"Hamilton, Ontario",20.87.13,v53088359
2003,1.00,"Hamilton, Ontario",20.87.13,v53088359
2004,0.00,"Hamilton, Ontario",20.87.13,v53088359
2005,2.00,"Hamilton, Ontario",20.87.13,v53088359
2006,0.00,"Hamilton, Ontario",20.87.13,v53088359
2007,2.00,"Hamilton, Ontario",20.87.13,v53088359
2008,3.00,"Hamilton, Ontario",20.87.13,v53088359
2009,0.00,"Hamilton, Ontario",20.87.13,v53088359
2010,1.00,"Hamilton, Ontario",20.87.13,v53088359
2011,0.00,"Hamilton, Ontario",20.87.13,v53088359
2012,0.00,"Hamilton, Ontario",20.87.13,v53088359
2013,0.00,"Hamilton, Ontario",20.87.13,v53088359
2014,0.00,"Hamilton, Ontario",20.87.13,v53088359
2015,0.00,"Hamilton, Ontario",20.87.13,v53088359
1998,0.00,"St.Catharines-Niagara, Ontario",21.87.13,v53092850
1999,0.00,"St.Catharines-Niagara, Ontario",21.87.13,v53092850
2000,0.00,"St.Catharines-Niagara, Ontario",21.87.13,v53092850
2001,0.00,"St.Catharines-Niagara, Ontario",21.87.13,v53092850
2002,0.00,"St.Catharines-Niagara, Ontario",21.87.13,v53092850
2003,0.00,"St.Catharines-Niagara, Ontario",21.87.13,v53092850
2004,0.00,"St.Catharines-Niagara, Ontario",21.87.13,v53092850
2005,0.00,"St.Catharines-Niagara, Ontario",21.87.13,v53092850
2006,0.00,"St.Catharines-Niagara, Ontario",21.87.13,v53092850
2007,0.00,"St.Catharines-Niagara, Ontario",21.87.13,v53092850
2008,1.00,"St.Catharines-Niagara, Ontario",21.87.13,v53092850
2009,0.00,"St.Catharines-Niagara, Ontario",21.87.13,v53092850
2010,0.00,"St.Catharines-Niagara, Ontario",21.87.13,v53092850
2011,0.00,"St.Catharines-Niagara, Ontario",21.87.13,v53092850
2012,0.00,"St.Catharines-Niagara, Ontario",21.87.13,v53092850
2013,0.00,"St.Catharines-Niagara, Ontario",21.87.13,v53092850
2014,0.00,"St.Catharines-Niagara, Ontario",21.87.13,v53092850
2015,0.00,"St.Catharines-Niagara, Ontario",21.87.13,v53092850
1998,7.00,"Kitchener-Cambridge-Waterloo, Ontario",22.87.13,v53099784
1999,0.00,"Kitchener-Cambridge-Waterloo, Ontario",22.87.13,v53099784
2000,0.00,"Kitchener-Cambridge-Waterloo, Ontario",22.87.13,v53099784
2001,0.00,"Kitchener-Cambridge-Waterloo, Ontario",22.87.13,v53099784
2002,0.00,"Kitchener-Cambridge-Waterloo, Ontario",22.87.13,v53099784
2003,..,"Kitchener-Cambridge-Waterloo, Ontario",22.87.13,v53099784
2004,0.00,"Kitchener-Cambridge-Waterloo, Ontario",22.87.13,v53099784
2005,2.00,"Kitchener-Cambridge-Waterloo, Ontario",22.87.13,v53099784
2006,0.00,"Kitchener-Cambridge-Waterloo, Ontario",22.87.13,v53099784
2007,0.00,"Kitchener-Cambridge-Waterloo, Ontario",22.87.13,v53099784
2008,0.00,"Kitchener-Cambridge-Waterloo, Ontario",22.87.13,v53099784
2009,0.00,"Kitchener-Cambridge-Waterloo, Ontario",22.87.13,v53099784
2010,1.00,"Kitchener-Cambridge-Waterloo, Ontario",22.87.13,v53099784
2011,0.00,"Kitchener-Cambridge-Waterloo, Ontario",22.87.13,v53099784
2012,0.00,"Kitchener-Cambridge-Waterloo, Ontario",22.87.13,v53099784
2013,0.00,"Kitchener-Cambridge-Waterloo, Ontario",22.87.13,v53099784
2014,0.00,"Kitchener-Cambridge-Waterloo, Ontario",22.87.13,v53099784
2015,0.00,"Kitchener-Cambridge-Waterloo, Ontario",22.87.13,v53099784
2005,..,"Brantford, Ontario",45.87.13,v53101686
2006,0.00,"Brantford, Ontario",45.87.13,v53101686
2007,0.00,"Brantford, Ontario",45.87.13,v53101686
2008,0.00,"Brantford, Ontario",45.87.13,v53101686
2009,0.00,"Brantford, Ontario",45.87.13,v53101686
2010,0.00,"Brantford, Ontario",45.87.13,v53101686
2011,0.00,"Brantford, Ontario",45.87.13,v53101686
2012,0.00,"Brantford, Ontario",45.87.13,v53101686
2013,0.00,"Brantford, Ontario",45.87.13,v53101686
2014,0.00,"Brantford, Ontario",45.87.13,v53101686
2015,0.00,"Brantford, Ontario",45.87.13,v53101686
2005,..,"Guelph, Ontario",46.87.13,v53101732
2006,0.00,"Guelph, Ontario",46.87.13,v53101732
2007,0.00,"Guelph, Ontario",46.87.13,v53101732
2008,0.00,"Guelph, Ontario",46.87.13,v53101732
2009,0.00,"Guelph, Ontario",46.87.13,v53101732
2010,0.00,"Guelph, Ontario",46.87.13,v53101732
2011,0.00,"Guelph, Ontario",46.87.13,v53101732
2012,0.00,"Guelph, Ontario",46.87.13,v53101732
2013,0.00,"Guelph, Ontario",46.87.13,v53101732
2014,0.00,"Guelph, Ontario",46.87.13,v53101732
2015,0.00,"Guelph, Ontario",46.87.13,v53101732
1998,1.00,"London, Ontario",23.87.13,v53094992
1999,2.00,"London, Ontario",23.87.13,v53094992
2000,0.00,"London, Ontario",23.87.13,v53094992
2001,0.00,"London, Ontario",23.87.13,v53094992
2002,0.00,"London, Ontario",23.87.13,v53094992
2003,0.00,"London, Ontario",23.87.13,v53094992
2004,0.00,"London, Ontario",23.87.13,v53094992
2005,0.00,"London, Ontario",23.87.13,v53094992
2006,0.00,"London, Ontario",23.87.13,v53094992
2007,0.00,"London, Ontario",23.87.13,v53094992
2008,0.00,"London, Ontario",23.87.13,v53094992
2009,0.00,"London, Ontario",23.87.13,v53094992
2010,0.00,"London, Ontario",23.87.13,v53094992
2011,0.00,"London, Ontario",23.87.13,v53094992
2012,0.00,"London, Ontario",23.87.13,v53094992
2013,0.00,"London, Ontario",23.87.13,v53094992
2014,0.00,"London, Ontario",23.87.13,v53094992
2015,0.00,"London, Ontario",23.87.13,v53094992
1998,0.00,"Windsor, Ontario",24.87.13,v53087985
1999,0.00,"Windsor, Ontario",24.87.13,v53087985
2000,0.00,"Windsor, Ontario",24.87.13,v53087985
2001,0.00,"Windsor, Ontario",24.87.13,v53087985
2002,0.00,"Windsor, Ontario",24.87.13,v53087985
2003,0.00,"Windsor, Ontario",24.87.13,v53087985
2004,1.00,"Windsor, Ontario",24.87.13,v53087985
2005,0.00,"Windsor, Ontario",24.87.13,v53087985
2006,2.00,"Windsor, Ontario",24.87.13,v53087985
2007,0.00,"Windsor, Ontario",24.87.13,v53087985
2008,1.00,"Windsor, Ontario",24.87.13,v53087985
2009,0.00,"Windsor, Ontario",24.87.13,v53087985
2010,0.00,"Windsor, Ontario",24.87.13,v53087985
2011,0.00,"Windsor, Ontario",24.87.13,v53087985
2012,0.00,"Windsor, Ontario",24.87.13,v53087985
2013,0.00,"Windsor, Ontario",24.87.13,v53087985
2014,0.00,"Windsor, Ontario",24.87.13,v53087985
2015,0.00,"Windsor, Ontario",24.87.13,v53087985
2005,..,"Barrie, Ontario",47.87.13,v53101832
2006,0.00,"Barrie, Ontario",47.87.13,v53101832
2007,0.00,"Barrie, Ontario",47.87.13,v53101832
2008,0.00,"Barrie, Ontario",47.87.13,v53101832
2009,0.00,"Barrie, Ontario",47.87.13,v53101832
2010,1.00,"Barrie, Ontario",47.87.13,v53101832
2011,0.00,"Barrie, Ontario",47.87.13,v53101832
2012,0.00,"Barrie, Ontario",47.87.13,v53101832
2013,0.00,"Barrie, Ontario",47.87.13,v53101832
2014,0.00,"Barrie, Ontario",47.87.13,v53101832
2015,0.00,"Barrie, Ontario",47.87.13,v53101832
1998,1.00,"Sudbury, Ontario",25.87.13,v53095454
1999,0.00,"Sudbury, Ontario",25.87.13,v53095454
2000,0.00,"Sudbury, Ontario",25.87.13,v53095454
2001,0.00,"Sudbury, Ontario",25.87.13,v53095454
2002,0.00,"Sudbury, Ontario",25.87.13,v53095454
2003,0.00,"Sudbury, Ontario",25.87.13,v53095454
2004,0.00,"Sudbury, Ontario",25.87.13,v53095454
2005,0.00,"Sudbury, Ontario",25.87.13,v53095454
2006,0.00,"Sudbury, Ontario",25.87.13,v53095454
2007,0.00,"Sudbury, Ontario",25.87.13,v53095454
2008,0.00,"Sudbury, Ontario",25.87.13,v53095454
2009,0.00,"Sudbury, Ontario",25.87.13,v53095454
2010,0.00,"Sudbury, Ontario",25.87.13,v53095454
2011,0.00,"Sudbury, Ontario",25.87.13,v53095454
2012,0.00,"Sudbury, Ontario",25.87.13,v53095454
2013,0.00,"Sudbury, Ontario",25.87.13,v53095454
2014,0.00,"Sudbury, Ontario",25.87.13,v53095454
2015,0.00,"Sudbury, Ontario",25.87.13,v53095454
1998,0.00,"Thunder Bay, Ontario",26.87.13,v53100114
1999,0.00,"Thunder Bay, Ontario",26.87.13,v53100114
2000,0.00,"Thunder Bay, Ontario",26.87.13,v53100114
2001,0.00,"Thunder Bay, Ontario",26.87.13,v53100114
2002,0.00,"Thunder Bay, Ontario",26.87.13,v53100114
2003,0.00,"Thunder Bay, Ontario",26.87.13,v53100114
2004,0.00,"Thunder Bay, Ontario",26.87.13,v53100114
2005,0.00,"Thunder Bay, Ontario",26.87.13,v53100114
2006,0.00,"Thunder Bay, Ontario",26.87.13,v53100114
2007,0.00,"Thunder Bay, Ontario",26.87.13,v53100114
2008,0.00,"Thunder Bay, Ontario",26.87.13,v53100114
2009,0.00,"Thunder Bay, Ontario",26.87.13,v53100114
2010,0.00,"Thunder Bay, Ontario",26.87.13,v53100114
2011,0.00,"Thunder Bay, Ontario",26.87.13,v53100114
2012,0.00,"Thunder Bay, Ontario",26.87.13,v53100114
2013,0.00,"Thunder Bay, Ontario",26.87.13,v53100114
2014,0.00,"Thunder Bay, Ontario",26.87.13,v53100114
2015,0.00,"Thunder Bay, Ontario",26.87.13,v53100114
1998,0.00,"Manitoba",28.87.13,v53091263
1999,6.00,"Manitoba",28.87.13,v53091263
2000,2.00,"Manitoba",28.87.13,v53091263
2001,1.00,"Manitoba",28.87.13,v53091263
2002,5.00,"Manitoba",28.87.13,v53091263
2003,6.00,"Manitoba",28.87.13,v53091263
2004,2.00,"Manitoba",28.87.13,v53091263
2005,1.00,"Manitoba",28.87.13,v53091263
2006,0.00,"Manitoba",28.87.13,v53091263
2007,0.00,"Manitoba",28.87.13,v53091263
2008,0.00,"Manitoba",28.87.13,v53091263
2009,0.00,"Manitoba",28.87.13,v53091263
2010,0.00,"Manitoba",28.87.13,v53091263
2011,0.00,"Manitoba",28.87.13,v53091263
2012,0.00,"Manitoba",28.87.13,v53091263
2013,0.00,"Manitoba",28.87.13,v53091263
2014,0.00,"Manitoba",28.87.13,v53091263
2015,0.00,"Manitoba",28.87.13,v53091263
1998,0.00,"Winnipeg, Manitoba",29.87.13,v53091317
1999,3.00,"Winnipeg, Manitoba",29.87.13,v53091317
2000,0.00,"Winnipeg, Manitoba",29.87.13,v53091317
2001,0.00,"Winnipeg, Manitoba",29.87.13,v53091317
2002,0.00,"Winnipeg, Manitoba",29.87.13,v53091317
2003,0.00,"Winnipeg, Manitoba",29.87.13,v53091317
2004,0.00,"Winnipeg, Manitoba",29.87.13,v53091317
2005,0.00,"Winnipeg, Manitoba",29.87.13,v53091317
2006,0.00,"Winnipeg, Manitoba",29.87.13,v53091317
2007,0.00,"Winnipeg, Manitoba",29.87.13,v53091317
2008,0.00,"Winnipeg, Manitoba",29.87.13,v53091317
2009,0.00,"Winnipeg, Manitoba",29.87.13,v53091317
2010,0.00,"Winnipeg, Manitoba",29.87.13,v53091317
2011,0.00,"Winnipeg, Manitoba",29.87.13,v53091317
2012,0.00,"Winnipeg, Manitoba",29.87.13,v53091317
2013,0.00,"Winnipeg, Manitoba",29.87.13,v53091317
2014,0.00,"Winnipeg, Manitoba",29.87.13,v53091317
2015,0.00,"Winnipeg, Manitoba",29.87.13,v53091317
1998,0.00,"Saskatchewan",30.87.13,v53096275
1999,4.00,"Saskatchewan",30.87.13,v53096275
2000,1.00,"Saskatchewan",30.87.13,v53096275
2001,2.00,"Saskatchewan",30.87.13,v53096275
2002,0.00,"Saskatchewan",30.87.13,v53096275
2003,4.00,"Saskatchewan",30.87.13,v53096275
2004,1.00,"Saskatchewan",30.87.13,v53096275
2005,6.00,"Saskatchewan",30.87.13,v53096275
2006,4.00,"Saskatchewan",30.87.13,v53096275
2007,1.00,"Saskatchewan",30.87.13,v53096275
2008,0.00,"Saskatchewan",30.87.13,v53096275
2009,1.00,"Saskatchewan",30.87.13,v53096275
2010,4.00,"Saskatchewan",30.87.13,v53096275
2011,0.00,"Saskatchewan",30.87.13,v53096275
2012,0.00,"Saskatchewan",30.87.13,v53096275
2013,0.00,"Saskatchewan",30.87.13,v53096275
2014,1.00,"Saskatchewan",30.87.13,v53096275
2015,0.00,"Saskatchewan",30.87.13,v53096275
1998,0.00,"Regina, Saskatchewan",31.87.13,v53096419
1999,1.00,"Regina, Saskatchewan",31.87.13,v53096419
2000,1.00,"Regina, Saskatchewan",31.87.13,v53096419
2001,0.00,"Regina, Saskatchewan",31.87.13,v53096419
2002,0.00,"Regina, Saskatchewan",31.87.13,v53096419
2003,0.00,"Regina, Saskatchewan",31.87.13,v53096419
2004,0.00,"Regina, Saskatchewan",31.87.13,v53096419
2005,2.00,"Regina, Saskatchewan",31.87.13,v53096419
2006,3.00,"Regina, Saskatchewan",31.87.13,v53096419
2007,0.00,"Regina, Saskatchewan",31.87.13,v53096419
2008,0.00,"Regina, Saskatchewan",31.87.13,v53096419
2009,1.00,"Regina, Saskatchewan",31.87.13,v53096419
2010,4.00,"Regina, Saskatchewan",31.87.13,v53096419
2011,0.00,"Regina, Saskatchewan",31.87.13,v53096419
2012,0.00,"Regina, Saskatchewan",31.87.13,v53096419
2013,0.00,"Regina, Saskatchewan",31.87.13,v53096419
2014,1.00,"Regina, Saskatchewan",31.87.13,v53096419
2015,0.00,"Regina, Saskatchewan",31.87.13,v53096419
1998,0.00,"Saskatoon, Saskatchewan",32.87.13,v53090826
1999,1.00,"Saskatoon, Saskatchewan",32.87.13,v53090826
2000,0.00,"Saskatoon, Saskatchewan",32.87.13,v53090826
2001,0.00,"Saskatoon, Saskatchewan",32.87.13,v53090826
2002,0.00,"Saskatoon, Saskatchewan",32.87.13,v53090826
2003,0.00,"Saskatoon, Saskatchewan",32.87.13,v53090826
2004,0.00,"Saskatoon, Saskatchewan",32.87.13,v53090826
2005,0.00,"Saskatoon, Saskatchewan",32.87.13,v53090826
2006,1.00,"Saskatoon, Saskatchewan",32.87.13,v53090826
2007,0.00,"Saskatoon, Saskatchewan",32.87.13,v53090826
2008,0.00,"Saskatoon, Saskatchewan",32.87.13,v53090826
2009,0.00,"Saskatoon, Saskatchewan",32.87.13,v53090826
2010,0.00,"Saskatoon, Saskatchewan",32.87.13,v53090826
2011,0.00,"Saskatoon, Saskatchewan",32.87.13,v53090826
2012,0.00,"Saskatoon, Saskatchewan",32.87.13,v53090826
2013,0.00,"Saskatoon, Saskatchewan",32.87.13,v53090826
2014,0.00,"Saskatoon, Saskatchewan",32.87.13,v53090826
2015,0.00,"Saskatoon, Saskatchewan",32.87.13,v53090826
1998,5.00,"Alberta",33.87.13,v53090877
1999,13.00,"Alberta",33.87.13,v53090877
2000,3.00,"Alberta",33.87.13,v53090877
2001,10.00,"Alberta",33.87.13,v53090877
2002,17.00,"Alberta",33.87.13,v53090877
2003,15.00,"Alberta",33.87.13,v53090877
2004,6.00,"Alberta",33.87.13,v53090877
2005,2.00,"Alberta",33.87.13,v53090877
2006,2.00,"Alberta",33.87.13,v53090877
2007,6.00,"Alberta",33.87.13,v53090877
2008,3.00,"Alberta",33.87.13,v53090877
2009,7.00,"Alberta",33.87.13,v53090877
2010,1.00,"Alberta",33.87.13,v53090877
2011,1.00,"Alberta",33.87.13,v53090877
2012,1.00,"Alberta",33.87.13,v53090877
2013,0.00,"Alberta",33.87.13,v53090877
2014,0.00,"Alberta",33.87.13,v53090877
2015,0.00,"Alberta",33.87.13,v53090877
1998,1.00,"Calgary, Alberta",34.87.13,v53090990
1999,2.00,"Calgary, Alberta",34.87.13,v53090990
2000,3.00,"Calgary, Alberta",34.87.13,v53090990
2001,1.00,"Calgary, Alberta",34.87.13,v53090990
2002,2.00,"Calgary, Alberta",34.87.13,v53090990
2003,1.00,"Calgary, Alberta",34.87.13,v53090990
2004,2.00,"Calgary, Alberta",34.87.13,v53090990
2005,0.00,"Calgary, Alberta",34.87.13,v53090990
2006,1.00,"Calgary, Alberta",34.87.13,v53090990
2007,6.00,"Calgary, Alberta",34.87.13,v53090990
2008,1.00,"Calgary, Alberta",34.87.13,v53090990
2009,1.00,"Calgary, Alberta",34.87.13,v53090990
2010,0.00,"Calgary, Alberta",34.87.13,v53090990
2011,1.00,"Calgary, Alberta",34.87.13,v53090990
2012,0.00,"Calgary, Alberta",34.87.13,v53090990
2013,0.00,"Calgary, Alberta",34.87.13,v53090990
2014,0.00,"Calgary, Alberta",34.87.13,v53090990
2015,0.00,"Calgary, Alberta",34.87.13,v53090990
1998,2.00,"Edmonton, Alberta",35.87.13,v53092038
1999,4.00,"Edmonton, Alberta",35.87.13,v53092038
2000,0.00,"Edmonton, Alberta",35.87.13,v53092038
2001,2.00,"Edmonton, Alberta",35.87.13,v53092038
2002,5.00,"Edmonton, Alberta",35.87.13,v53092038
2003,5.00,"Edmonton, Alberta",35.87.13,v53092038
2004,2.00,"Edmonton, Alberta",35.87.13,v53092038
2005,0.00,"Edmonton, Alberta",35.87.13,v53092038
2006,0.00,"Edmonton, Alberta",35.87.13,v53092038
2007,0.00,"Edmonton, Alberta",35.87.13,v53092038
2008,1.00,"Edmonton, Alberta",35.87.13,v53092038
2009,2.00,"Edmonton, Alberta",35.87.13,v53092038
2010,0.00,"Edmonton, Alberta",35.87.13,v53092038
2011,0.00,"Edmonton, Alberta",35.87.13,v53092038
2012,1.00,"Edmonton, Alberta",35.87.13,v53092038
2013,0.00,"Edmonton, Alberta",35.87.13,v53092038
2014,0.00,"Edmonton, Alberta",35.87.13,v53092038
2015,0.00,"Edmonton, Alberta",35.87.13,v53092038
1998,20.00,"British Columbia",36.87.13,v53092133
1999,81.00,"British Columbia",36.87.13,v53092133
2000,20.00,"British Columbia",36.87.13,v53092133
2001,32.00,"British Columbia",36.87.13,v53092133
2002,24.00,"British Columbia",36.87.13,v53092133
2003,12.00,"British Columbia",36.87.13,v53092133
2004,7.00,"British Columbia",36.87.13,v53092133
2005,22.00,"British Columbia",36.87.13,v53092133
2006,12.00,"British Columbia",36.87.13,v53092133
2007,11.00,"British Columbia",36.87.13,v53092133
2008,7.00,"British Columbia",36.87.13,v53092133
2009,8.00,"British Columbia",36.87.13,v53092133
2010,11.00,"British Columbia",36.87.13,v53092133
2011,10.00,"British Columbia",36.87.13,v53092133
2012,9.00,"British Columbia",36.87.13,v53092133
2013,3.00,"British Columbia",36.87.13,v53092133
2014,2.00,"British Columbia",36.87.13,v53092133
2015,2.00,"British Columbia",36.87.13,v53092133
2005,..,"Kelowna, British Columbia",48.87.13,v53093976
2006,0.00,"Kelowna, British Columbia",48.87.13,v53093976
2007,0.00,"Kelowna, British Columbia",48.87.13,v53093976
2008,0.00,"Kelowna, British Columbia",48.87.13,v53093976
2009,0.00,"Kelowna, British Columbia",48.87.13,v53093976
2010,0.00,"Kelowna, British Columbia",48.87.13,v53093976
2011,0.00,"Kelowna, British Columbia",48.87.13,v53093976
2012,0.00,"Kelowna, British Columbia",48.87.13,v53093976
2013,0.00,"Kelowna, British Columbia",48.87.13,v53093976
2014,0.00,"Kelowna, British Columbia",48.87.13,v53093976
2015,0.00,"Kelowna, British Columbia",48.87.13,v53093976
2000,..,"Abbotsford-Mission, British Columbia",39.87.13,v53101058
2001,0.00,"Abbotsford-Mission, British Columbia",39.87.13,v53101058
2002,0.00,"Abbotsford-Mission, British Columbia",39.87.13,v53101058
2003,0.00,"Abbotsford-Mission, British Columbia",39.87.13,v53101058
2004,0.00,"Abbotsford-Mission, British Columbia",39.87.13,v53101058
2005,0.00,"Abbotsford-Mission, British Columbia",39.87.13,v53101058
2006,0.00,"Abbotsford-Mission, British Columbia",39.87.13,v53101058
2007,0.00,"Abbotsford-Mission, British Columbia",39.87.13,v53101058
2008,0.00,"Abbotsford-Mission, British Columbia",39.87.13,v53101058
2009,0.00,"Abbotsford-Mission, British Columbia",39.87.13,v53101058
2010,0.00,"Abbotsford-Mission, British Columbia",39.87.13,v53101058
2011,0.00,"Abbotsford-Mission, British Columbia",39.87.13,v53101058
2012,0.00,"Abbotsford-Mission, British Columbia",39.87.13,v53101058
2013,0.00,"Abbotsford-Mission, British Columbia",39.87.13,v53101058
2014,0.00,"Abbotsford-Mission, British Columbia",39.87.13,v53101058
2015,0.00,"Abbotsford-Mission, British Columbia",39.87.13,v53101058
1998,10.00,"Vancouver, British Columbia",37.87.13,v53098150
1999,42.00,"Vancouver, British Columbia",37.87.13,v53098150
2000,11.00,"Vancouver, British Columbia",37.87.13,v53098150
2001,16.00,"Vancouver, British Columbia",37.87.13,v53098150
2002,10.00,"Vancouver, British Columbia",37.87.13,v53098150
2003,4.00,"Vancouver, British Columbia",37.87.13,v53098150
2004,3.00,"Vancouver, British Columbia",37.87.13,v53098150
2005,6.00,"Vancouver, British Columbia",37.87.13,v53098150
2006,7.00,"Vancouver, British Columbia",37.87.13,v53098150
2007,6.00,"Vancouver, British Columbia",37.87.13,v53098150
2008,1.00,"Vancouver, British Columbia",37.87.13,v53098150
2009,8.00,"Vancouver, British Columbia",37.87.13,v53098150
2010,9.00,"Vancouver, British Columbia",37.87.13,v53098150
2011,7.00,"Vancouver, British Columbia",37.87.13,v53098150
2012,6.00,"Vancouver, British Columbia",37.87.13,v53098150
2013,1.00,"Vancouver, British Columbia",37.87.13,v53098150
2014,1.00,"Vancouver, British Columbia",37.87.13,v53098150
2015,0.00,"Vancouver, British Columbia",37.87.13,v53098150
1998,2.00,"Victoria, British Columbia",38.87.13,v53100952
1999,6.00,"Victoria, British Columbia",38.87.13,v53100952
2000,5.00,"Victoria, British Columbia",38.87.13,v53100952
2001,4.00,"Victoria, British Columbia",38.87.13,v53100952
2002,2.00,"Victoria, British Columbia",38.87.13,v53100952
2003,1.00,"Victoria, British Columbia",38.87.13,v53100952
2004,0.00,"Victoria, British Columbia",38.87.13,v53100952
2005,5.00,"Victoria, British Columbia",38.87.13,v53100952
2006,0.00,"Victoria, British Columbia",38.87.13,v53100952
2007,1.00,"Victoria, British Columbia",38.87.13,v53100952
2008,0.00,"Victoria, British Columbia",38.87.13,v53100952
2009,0.00,"Victoria, British Columbia",38.87.13,v53100952
2010,0.00,"Victoria, British Columbia",38.87.13,v53100952
2011,0.00,"Victoria, British Columbia",38.87.13,v53100952
2012,0.00,"Victoria, British Columbia",38.87.13,v53100952
2013,0.00,"Victoria, British Columbia",38.87.13,v53100952
2014,0.00,"Victoria, British Columbia",38.87.13,v53100952
2015,0.00,"Victoria, British Columbia",38.87.13,v53100952
1998,0.00,"Yukon",40.87.13,v53101254
1999,1.00,"Yukon",40.87.13,v53101254
2000,0.00,"Yukon",40.87.13,v53101254
2001,0.00,"Yukon",40.87.13,v53101254
2002,1.00,"Yukon",40.87.13,v53101254
2003,0.00,"Yukon",40.87.13,v53101254
2004,0.00,"Yukon",40.87.13,v53101254
2005,0.00,"Yukon",40.87.13,v53101254
2006,0.00,"Yukon",40.87.13,v53101254
2007,0.00,"Yukon",40.87.13,v53101254
2008,0.00,"Yukon",40.87.13,v53101254
2009,0.00,"Yukon",40.87.13,v53101254
2010,0.00,"Yukon",40.87.13,v53101254
2011,0.00,"Yukon",40.87.13,v53101254
2012,0.00,"Yukon",40.87.13,v53101254
2013,0.00,"Yukon",40.87.13,v53101254
2014,0.00,"Yukon",40.87.13,v53101254
2015,0.00,"Yukon",40.87.13,v53101254
1998,0.00,"Northwest Territories",41.87.13,v53101372
1999,0.00,"Northwest Territories",41.87.13,v53101372
2000,0.00,"Northwest Territories",41.87.13,v53101372
2001,0.00,"Northwest Territories",41.87.13,v53101372
2002,0.00,"Northwest Territories",41.87.13,v53101372
2003,1.00,"Northwest Territories",41.87.13,v53101372
2004,0.00,"Northwest Territories",41.87.13,v53101372
2005,0.00,"Northwest Territories",41.87.13,v53101372
2006,0.00,"Northwest Territories",41.87.13,v53101372
2007,0.00,"Northwest Territories",41.87.13,v53101372
2008,0.00,"Northwest Territories",41.87.13,v53101372
2009,0.00,"Northwest Territories",41.87.13,v53101372
2010,0.00,"Northwest Territories",41.87.13,v53101372
2011,0.00,"Northwest Territories",41.87.13,v53101372
2012,0.00,"Northwest Territories",41.87.13,v53101372
2013,0.00,"Northwest Territories",41.87.13,v53101372
2014,0.00,"Northwest Territories",41.87.13,v53101372
2015,0.00,"Northwest Territories",41.87.13,v53101372
1998,..,"Nunavut",42.87.13,v53101492
1999,0.00,"Nunavut",42.87.13,v53101492
2000,0.00,"Nunavut",42.87.13,v53101492
2001,0.00,"Nunavut",42.87.13,v53101492
2002,1.00,"Nunavut",42.87.13,v53101492
2003,0.00,"Nunavut",42.87.13,v53101492
2004,0.00,"Nunavut",42.87.13,v53101492
2005,1.00,"Nunavut",42.87.13,v53101492
2006,0.00,"Nunavut",42.87.13,v53101492
2007,0.00,"Nunavut",42.87.13,v53101492
2008,0.00,"Nunavut",42.87.13,v53101492
2009,0.00,"Nunavut",42.87.13,v53101492
2010,0.00,"Nunavut",42.87.13,v53101492
2011,0.00,"Nunavut",42.87.13,v53101492
2012,0.00,"Nunavut",42.87.13,v53101492
2013,0.00,"Nunavut",42.87.13,v53101492
2014,0.00,"Nunavut",42.87.13,v53101492
2015,0.00,"Nunavut",42.87.13,v53101492
