1998,3.00,"Canada",1.87.11,v44363649
1999,99.00,"Canada",1.87.11,v44363649
2000,73.00,"Canada",1.87.11,v44363649
2001,74.00,"Canada",1.87.11,v44363649
2002,24.00,"Canada",1.87.11,v44363649
2003,42.00,"Canada",1.87.11,v44363649
2004,10.00,"Canada",1.87.11,v44363649
2005,13.00,"Canada",1.87.11,v44363649
2006,15.00,"Canada",1.87.11,v44363649
2007,15.00,"Canada",1.87.11,v44363649
2008,18.00,"Canada",1.87.11,v44363649
2009,3.00,"Canada",1.87.11,v44363649
2010,9.00,"Canada",1.87.11,v44363649
2011,9.00,"Canada",1.87.11,v44363649
2012,14.00,"Canada",1.87.11,v44363649
2013,7.00,"Canada",1.87.11,v44363649
2014,9.00,"Canada",1.87.11,v44363649
2015,6.00,"Canada",1.87.11,v44363649
1998,0.00,"Newfoundland and Labrador",2.87.11,v44328589
1999,1.00,"Newfoundland and Labrador",2.87.11,v44328589
2000,0.00,"Newfoundland and Labrador",2.87.11,v44328589
2001,0.00,"Newfoundland and Labrador",2.87.11,v44328589
2002,1.00,"Newfoundland and Labrador",2.87.11,v44328589
2003,0.00,"Newfoundland and Labrador",2.87.11,v44328589
2004,0.00,"Newfoundland and Labrador",2.87.11,v44328589
2005,0.00,"Newfoundland and Labrador",2.87.11,v44328589
2006,1.00,"Newfoundland and Labrador",2.87.11,v44328589
2007,0.00,"Newfoundland and Labrador",2.87.11,v44328589
2008,0.00,"Newfoundland and Labrador",2.87.11,v44328589
2009,0.00,"Newfoundland and Labrador",2.87.11,v44328589
2010,0.00,"Newfoundland and Labrador",2.87.11,v44328589
2011,0.00,"Newfoundland and Labrador",2.87.11,v44328589
2012,0.00,"Newfoundland and Labrador",2.87.11,v44328589
2013,0.00,"Newfoundland and Labrador",2.87.11,v44328589
2014,0.00,"Newfoundland and Labrador",2.87.11,v44328589
2015,0.00,"Newfoundland and Labrador",2.87.11,v44328589
1998,0.00,"St. John's, Newfoundland and Labrador",3.87.11,v44348607
1999,1.00,"St. John's, Newfoundland and Labrador",3.87.11,v44348607
2000,0.00,"St. John's, Newfoundland and Labrador",3.87.11,v44348607
2001,0.00,"St. John's, Newfoundland and Labrador",3.87.11,v44348607
2002,0.00,"St. John's, Newfoundland and Labrador",3.87.11,v44348607
2003,0.00,"St. John's, Newfoundland and Labrador",3.87.11,v44348607
2004,0.00,"St. John's, Newfoundland and Labrador",3.87.11,v44348607
2005,0.00,"St. John's, Newfoundland and Labrador",3.87.11,v44348607
2006,0.00,"St. John's, Newfoundland and Labrador",3.87.11,v44348607
2007,0.00,"St. John's, Newfoundland and Labrador",3.87.11,v44348607
2008,0.00,"St. John's, Newfoundland and Labrador",3.87.11,v44348607
2009,0.00,"St. John's, Newfoundland and Labrador",3.87.11,v44348607
2010,0.00,"St. John's, Newfoundland and Labrador",3.87.11,v44348607
2011,0.00,"St. John's, Newfoundland and Labrador",3.87.11,v44348607
2012,0.00,"St. John's, Newfoundland and Labrador",3.87.11,v44348607
2013,0.00,"St. John's, Newfoundland and Labrador",3.87.11,v44348607
2014,0.00,"St. John's, Newfoundland and Labrador",3.87.11,v44348607
2015,0.00,"St. John's, Newfoundland and Labrador",3.87.11,v44348607
1998,0.00,"Prince Edward Island",4.87.11,v44336701
1999,0.00,"Prince Edward Island",4.87.11,v44336701
2000,2.00,"Prince Edward Island",4.87.11,v44336701
2001,0.00,"Prince Edward Island",4.87.11,v44336701
2002,0.00,"Prince Edward Island",4.87.11,v44336701
2003,0.00,"Prince Edward Island",4.87.11,v44336701
2004,0.00,"Prince Edward Island",4.87.11,v44336701
2005,0.00,"Prince Edward Island",4.87.11,v44336701
2006,0.00,"Prince Edward Island",4.87.11,v44336701
2007,1.00,"Prince Edward Island",4.87.11,v44336701
2008,0.00,"Prince Edward Island",4.87.11,v44336701
2009,0.00,"Prince Edward Island",4.87.11,v44336701
2010,0.00,"Prince Edward Island",4.87.11,v44336701
2011,0.00,"Prince Edward Island",4.87.11,v44336701
2012,0.00,"Prince Edward Island",4.87.11,v44336701
2013,0.00,"Prince Edward Island",4.87.11,v44336701
2014,0.00,"Prince Edward Island",4.87.11,v44336701
2015,0.00,"Prince Edward Island",4.87.11,v44336701
1998,0.00,"Nova Scotia",5.87.11,v44416774
1999,3.00,"Nova Scotia",5.87.11,v44416774
2000,1.00,"Nova Scotia",5.87.11,v44416774
2001,2.00,"Nova Scotia",5.87.11,v44416774
2002,0.00,"Nova Scotia",5.87.11,v44416774
2003,4.00,"Nova Scotia",5.87.11,v44416774
2004,0.00,"Nova Scotia",5.87.11,v44416774
2005,0.00,"Nova Scotia",5.87.11,v44416774
2006,0.00,"Nova Scotia",5.87.11,v44416774
2007,1.00,"Nova Scotia",5.87.11,v44416774
2008,0.00,"Nova Scotia",5.87.11,v44416774
2009,0.00,"Nova Scotia",5.87.11,v44416774
2010,0.00,"Nova Scotia",5.87.11,v44416774
2011,1.00,"Nova Scotia",5.87.11,v44416774
2012,0.00,"Nova Scotia",5.87.11,v44416774
2013,0.00,"Nova Scotia",5.87.11,v44416774
2014,0.00,"Nova Scotia",5.87.11,v44416774
2015,0.00,"Nova Scotia",5.87.11,v44416774
1998,0.00,"Halifax, Nova Scotia",6.87.11,v44338091
1999,3.00,"Halifax, Nova Scotia",6.87.11,v44338091
2000,0.00,"Halifax, Nova Scotia",6.87.11,v44338091
2001,0.00,"Halifax, Nova Scotia",6.87.11,v44338091
2002,0.00,"Halifax, Nova Scotia",6.87.11,v44338091
2003,1.00,"Halifax, Nova Scotia",6.87.11,v44338091
2004,0.00,"Halifax, Nova Scotia",6.87.11,v44338091
2005,0.00,"Halifax, Nova Scotia",6.87.11,v44338091
2006,0.00,"Halifax, Nova Scotia",6.87.11,v44338091
2007,0.00,"Halifax, Nova Scotia",6.87.11,v44338091
2008,0.00,"Halifax, Nova Scotia",6.87.11,v44338091
2009,0.00,"Halifax, Nova Scotia",6.87.11,v44338091
2010,0.00,"Halifax, Nova Scotia",6.87.11,v44338091
2011,1.00,"Halifax, Nova Scotia",6.87.11,v44338091
2012,0.00,"Halifax, Nova Scotia",6.87.11,v44338091
2013,0.00,"Halifax, Nova Scotia",6.87.11,v44338091
2014,0.00,"Halifax, Nova Scotia",6.87.11,v44338091
2015,0.00,"Halifax, Nova Scotia",6.87.11,v44338091
1998,0.00,"New Brunswick",7.87.11,v44409023
1999,4.00,"New Brunswick",7.87.11,v44409023
2000,0.00,"New Brunswick",7.87.11,v44409023
2001,2.00,"New Brunswick",7.87.11,v44409023
2002,0.00,"New Brunswick",7.87.11,v44409023
2003,0.00,"New Brunswick",7.87.11,v44409023
2004,1.00,"New Brunswick",7.87.11,v44409023
2005,1.00,"New Brunswick",7.87.11,v44409023
2006,1.00,"New Brunswick",7.87.11,v44409023
2007,0.00,"New Brunswick",7.87.11,v44409023
2008,0.00,"New Brunswick",7.87.11,v44409023
2009,1.00,"New Brunswick",7.87.11,v44409023
2010,0.00,"New Brunswick",7.87.11,v44409023
2011,0.00,"New Brunswick",7.87.11,v44409023
2012,0.00,"New Brunswick",7.87.11,v44409023
2013,0.00,"New Brunswick",7.87.11,v44409023
2014,0.00,"New Brunswick",7.87.11,v44409023
2015,1.00,"New Brunswick",7.87.11,v44409023
2006,0.00,"Moncton, New Brunswick",43.87.11,v53082798
2007,0.00,"Moncton, New Brunswick",43.87.11,v53082798
2008,0.00,"Moncton, New Brunswick",43.87.11,v53082798
2009,1.00,"Moncton, New Brunswick",43.87.11,v53082798
2010,0.00,"Moncton, New Brunswick",43.87.11,v53082798
2011,0.00,"Moncton, New Brunswick",43.87.11,v53082798
2012,0.00,"Moncton, New Brunswick",43.87.11,v53082798
2013,0.00,"Moncton, New Brunswick",43.87.11,v53082798
2014,0.00,"Moncton, New Brunswick",43.87.11,v53082798
2015,0.00,"Moncton, New Brunswick",43.87.11,v53082798
1998,0.00,"Saint John, New Brunswick",8.87.11,v44408117
1999,2.00,"Saint John, New Brunswick",8.87.11,v44408117
2000,0.00,"Saint John, New Brunswick",8.87.11,v44408117
2001,0.00,"Saint John, New Brunswick",8.87.11,v44408117
2002,0.00,"Saint John, New Brunswick",8.87.11,v44408117
2003,0.00,"Saint John, New Brunswick",8.87.11,v44408117
2004,0.00,"Saint John, New Brunswick",8.87.11,v44408117
2005,1.00,"Saint John, New Brunswick",8.87.11,v44408117
2006,1.00,"Saint John, New Brunswick",8.87.11,v44408117
2007,0.00,"Saint John, New Brunswick",8.87.11,v44408117
2008,0.00,"Saint John, New Brunswick",8.87.11,v44408117
2009,0.00,"Saint John, New Brunswick",8.87.11,v44408117
2010,0.00,"Saint John, New Brunswick",8.87.11,v44408117
2011,0.00,"Saint John, New Brunswick",8.87.11,v44408117
2012,0.00,"Saint John, New Brunswick",8.87.11,v44408117
2013,0.00,"Saint John, New Brunswick",8.87.11,v44408117
2014,0.00,"Saint John, New Brunswick",8.87.11,v44408117
2015,0.00,"Saint John, New Brunswick",8.87.11,v44408117
1998,1.00,"Quebec",9.87.11,v44362841
1999,12.00,"Quebec",9.87.11,v44362841
2000,6.00,"Quebec",9.87.11,v44362841
2001,4.00,"Quebec",9.87.11,v44362841
2002,0.00,"Quebec",9.87.11,v44362841
2003,3.00,"Quebec",9.87.11,v44362841
2004,1.00,"Quebec",9.87.11,v44362841
2005,1.00,"Quebec",9.87.11,v44362841
2006,0.00,"Quebec",9.87.11,v44362841
2007,1.00,"Quebec",9.87.11,v44362841
2008,0.00,"Quebec",9.87.11,v44362841
2009,0.00,"Quebec",9.87.11,v44362841
2010,2.00,"Quebec",9.87.11,v44362841
2011,1.00,"Quebec",9.87.11,v44362841
2012,4.00,"Quebec",9.87.11,v44362841
2013,2.00,"Quebec",9.87.11,v44362841
2014,2.00,"Quebec",9.87.11,v44362841
2015,1.00,"Quebec",9.87.11,v44362841
1998,0.00,"Saguenay, Quebec",10.87.11,v44381261
1999,0.00,"Saguenay, Quebec",10.87.11,v44381261
2000,0.00,"Saguenay, Quebec",10.87.11,v44381261
2001,0.00,"Saguenay, Quebec",10.87.11,v44381261
2002,0.00,"Saguenay, Quebec",10.87.11,v44381261
2003,1.00,"Saguenay, Quebec",10.87.11,v44381261
2004,..,"Saguenay, Quebec",10.87.11,v44381261
2005,0.00,"Saguenay, Quebec",10.87.11,v44381261
2006,0.00,"Saguenay, Quebec",10.87.11,v44381261
2007,0.00,"Saguenay, Quebec",10.87.11,v44381261
2008,0.00,"Saguenay, Quebec",10.87.11,v44381261
2009,0.00,"Saguenay, Quebec",10.87.11,v44381261
2010,2.00,"Saguenay, Quebec",10.87.11,v44381261
2011,0.00,"Saguenay, Quebec",10.87.11,v44381261
2012,0.00,"Saguenay, Quebec",10.87.11,v44381261
2013,0.00,"Saguenay, Quebec",10.87.11,v44381261
2014,0.00,"Saguenay, Quebec",10.87.11,v44381261
2015,0.00,"Saguenay, Quebec",10.87.11,v44381261
1998,0.00,"Sherbrooke, Quebec",12.87.11,v44394962
1999,0.00,"Sherbrooke, Quebec",12.87.11,v44394962
2000,3.00,"Sherbrooke, Quebec",12.87.11,v44394962
2001,0.00,"Sherbrooke, Quebec",12.87.11,v44394962
2002,0.00,"Sherbrooke, Quebec",12.87.11,v44394962
2003,0.00,"Sherbrooke, Quebec",12.87.11,v44394962
2004,0.00,"Sherbrooke, Quebec",12.87.11,v44394962
2005,0.00,"Sherbrooke, Quebec",12.87.11,v44394962
2006,0.00,"Sherbrooke, Quebec",12.87.11,v44394962
2007,0.00,"Sherbrooke, Quebec",12.87.11,v44394962
2008,0.00,"Sherbrooke, Quebec",12.87.11,v44394962
2009,0.00,"Sherbrooke, Quebec",12.87.11,v44394962
2010,0.00,"Sherbrooke, Quebec",12.87.11,v44394962
2011,0.00,"Sherbrooke, Quebec",12.87.11,v44394962
2012,0.00,"Sherbrooke, Quebec",12.87.11,v44394962
2013,0.00,"Sherbrooke, Quebec",12.87.11,v44394962
2014,0.00,"Sherbrooke, Quebec",12.87.11,v44394962
2015,0.00,"Sherbrooke, Quebec",12.87.11,v44394962
1998,0.00,"Ottawa-Gatineau, Quebec part",15.87.11,v44374646
1999,3.00,"Ottawa-Gatineau, Quebec part",15.87.11,v44374646
2000,0.00,"Ottawa-Gatineau, Quebec part",15.87.11,v44374646
2001,0.00,"Ottawa-Gatineau, Quebec part",15.87.11,v44374646
2002,0.00,"Ottawa-Gatineau, Quebec part",15.87.11,v44374646
2003,0.00,"Ottawa-Gatineau, Quebec part",15.87.11,v44374646
2004,0.00,"Ottawa-Gatineau, Quebec part",15.87.11,v44374646
2005,0.00,"Ottawa-Gatineau, Quebec part",15.87.11,v44374646
2006,0.00,"Ottawa-Gatineau, Quebec part",15.87.11,v44374646
2007,0.00,"Ottawa-Gatineau, Quebec part",15.87.11,v44374646
2008,0.00,"Ottawa-Gatineau, Quebec part",15.87.11,v44374646
2009,0.00,"Ottawa-Gatineau, Quebec part",15.87.11,v44374646
2010,0.00,"Ottawa-Gatineau, Quebec part",15.87.11,v44374646
2011,0.00,"Ottawa-Gatineau, Quebec part",15.87.11,v44374646
2012,0.00,"Ottawa-Gatineau, Quebec part",15.87.11,v44374646
2013,1.00,"Ottawa-Gatineau, Quebec part",15.87.11,v44374646
2014,0.00,"Ottawa-Gatineau, Quebec part",15.87.11,v44374646
2015,0.00,"Ottawa-Gatineau, Quebec part",15.87.11,v44374646
1998,0.00,"Ontario",16.87.11,v44358193
1999,37.00,"Ontario",16.87.11,v44358193
2000,26.00,"Ontario",16.87.11,v44358193
2001,29.00,"Ontario",16.87.11,v44358193
2002,6.00,"Ontario",16.87.11,v44358193
2003,14.00,"Ontario",16.87.11,v44358193
2004,1.00,"Ontario",16.87.11,v44358193
2005,2.00,"Ontario",16.87.11,v44358193
2006,2.00,"Ontario",16.87.11,v44358193
2007,4.00,"Ontario",16.87.11,v44358193
2008,10.00,"Ontario",16.87.11,v44358193
2009,1.00,"Ontario",16.87.11,v44358193
2010,3.00,"Ontario",16.87.11,v44358193
2011,4.00,"Ontario",16.87.11,v44358193
2012,3.00,"Ontario",16.87.11,v44358193
2013,2.00,"Ontario",16.87.11,v44358193
2014,0.00,"Ontario",16.87.11,v44358193
2015,1.00,"Ontario",16.87.11,v44358193
1998,0.00,"Ottawa-Gatineau, Ontario/Quebec",17.87.11,v52148432
1999,4.00,"Ottawa-Gatineau, Ontario/Quebec",17.87.11,v52148432
2000,0.00,"Ottawa-Gatineau, Ontario/Quebec",17.87.11,v52148432
2001,0.00,"Ottawa-Gatineau, Ontario/Quebec",17.87.11,v52148432
2002,0.00,"Ottawa-Gatineau, Ontario/Quebec",17.87.11,v52148432
2003,0.00,"Ottawa-Gatineau, Ontario/Quebec",17.87.11,v52148432
2004,0.00,"Ottawa-Gatineau, Ontario/Quebec",17.87.11,v52148432
2005,0.00,"Ottawa-Gatineau, Ontario/Quebec",17.87.11,v52148432
2006,1.00,"Ottawa-Gatineau, Ontario/Quebec",17.87.11,v52148432
2007,1.00,"Ottawa-Gatineau, Ontario/Quebec",17.87.11,v52148432
2008,1.00,"Ottawa-Gatineau, Ontario/Quebec",17.87.11,v52148432
2009,0.00,"Ottawa-Gatineau, Ontario/Quebec",17.87.11,v52148432
2010,0.00,"Ottawa-Gatineau, Ontario/Quebec",17.87.11,v52148432
2011,0.00,"Ottawa-Gatineau, Ontario/Quebec",17.87.11,v52148432
2012,0.00,"Ottawa-Gatineau, Ontario/Quebec",17.87.11,v52148432
2013,1.00,"Ottawa-Gatineau, Ontario/Quebec",17.87.11,v52148432
2014,0.00,"Ottawa-Gatineau, Ontario/Quebec",17.87.11,v52148432
2015,0.00,"Ottawa-Gatineau, Ontario/Quebec",17.87.11,v52148432
1998,0.00,"Ottawa-Gatineau, Ontario part",18.87.11,v44392350
1999,1.00,"Ottawa-Gatineau, Ontario part",18.87.11,v44392350
2000,0.00,"Ottawa-Gatineau, Ontario part",18.87.11,v44392350
2001,0.00,"Ottawa-Gatineau, Ontario part",18.87.11,v44392350
2002,0.00,"Ottawa-Gatineau, Ontario part",18.87.11,v44392350
2003,0.00,"Ottawa-Gatineau, Ontario part",18.87.11,v44392350
2004,0.00,"Ottawa-Gatineau, Ontario part",18.87.11,v44392350
2005,0.00,"Ottawa-Gatineau, Ontario part",18.87.11,v44392350
2006,1.00,"Ottawa-Gatineau, Ontario part",18.87.11,v44392350
2007,1.00,"Ottawa-Gatineau, Ontario part",18.87.11,v44392350
2008,1.00,"Ottawa-Gatineau, Ontario part",18.87.11,v44392350
2009,0.00,"Ottawa-Gatineau, Ontario part",18.87.11,v44392350
2010,0.00,"Ottawa-Gatineau, Ontario part",18.87.11,v44392350
2011,0.00,"Ottawa-Gatineau, Ontario part",18.87.11,v44392350
2012,0.00,"Ottawa-Gatineau, Ontario part",18.87.11,v44392350
2013,0.00,"Ottawa-Gatineau, Ontario part",18.87.11,v44392350
2014,0.00,"Ottawa-Gatineau, Ontario part",18.87.11,v44392350
2015,0.00,"Ottawa-Gatineau, Ontario part",18.87.11,v44392350
2000,..,"Kingston, Ontario",27.87.11,v44398293
2001,1.00,"Kingston, Ontario",27.87.11,v44398293
2002,0.00,"Kingston, Ontario",27.87.11,v44398293
2003,0.00,"Kingston, Ontario",27.87.11,v44398293
2004,0.00,"Kingston, Ontario",27.87.11,v44398293
2005,0.00,"Kingston, Ontario",27.87.11,v44398293
2006,0.00,"Kingston, Ontario",27.87.11,v44398293
2007,0.00,"Kingston, Ontario",27.87.11,v44398293
2008,0.00,"Kingston, Ontario",27.87.11,v44398293
2009,0.00,"Kingston, Ontario",27.87.11,v44398293
2010,0.00,"Kingston, Ontario",27.87.11,v44398293
2011,0.00,"Kingston, Ontario",27.87.11,v44398293
2012,0.00,"Kingston, Ontario",27.87.11,v44398293
2013,0.00,"Kingston, Ontario",27.87.11,v44398293
2014,0.00,"Kingston, Ontario",27.87.11,v44398293
2015,0.00,"Kingston, Ontario",27.87.11,v44398293
2005,..,"Peterborough, Ontario",44.87.11,v52122620
2006,0.00,"Peterborough, Ontario",44.87.11,v52122620
2007,0.00,"Peterborough, Ontario",44.87.11,v52122620
2008,0.00,"Peterborough, Ontario",44.87.11,v52122620
2009,0.00,"Peterborough, Ontario",44.87.11,v52122620
2010,0.00,"Peterborough, Ontario",44.87.11,v52122620
2011,0.00,"Peterborough, Ontario",44.87.11,v52122620
2012,0.00,"Peterborough, Ontario",44.87.11,v52122620
2013,0.00,"Peterborough, Ontario",44.87.11,v52122620
2014,0.00,"Peterborough, Ontario",44.87.11,v52122620
2015,0.00,"Peterborough, Ontario",44.87.11,v52122620
1998,0.00,"Toronto, Ontario",19.87.11,v44378061
1999,5.00,"Toronto, Ontario",19.87.11,v44378061
2000,5.00,"Toronto, Ontario",19.87.11,v44378061
2001,2.00,"Toronto, Ontario",19.87.11,v44378061
2002,1.00,"Toronto, Ontario",19.87.11,v44378061
2003,10.00,"Toronto, Ontario",19.87.11,v44378061
2004,0.00,"Toronto, Ontario",19.87.11,v44378061
2005,0.00,"Toronto, Ontario",19.87.11,v44378061
2006,0.00,"Toronto, Ontario",19.87.11,v44378061
2007,0.00,"Toronto, Ontario",19.87.11,v44378061
2008,4.00,"Toronto, Ontario",19.87.11,v44378061
2009,0.00,"Toronto, Ontario",19.87.11,v44378061
2010,0.00,"Toronto, Ontario",19.87.11,v44378061
2011,0.00,"Toronto, Ontario",19.87.11,v44378061
2012,1.00,"Toronto, Ontario",19.87.11,v44378061
2013,0.00,"Toronto, Ontario",19.87.11,v44378061
2014,0.00,"Toronto, Ontario",19.87.11,v44378061
2015,0.00,"Toronto, Ontario",19.87.11,v44378061
1998,0.00,"Hamilton, Ontario",20.87.11,v44406991
1999,8.00,"Hamilton, Ontario",20.87.11,v44406991
2000,0.00,"Hamilton, Ontario",20.87.11,v44406991
2001,0.00,"Hamilton, Ontario",20.87.11,v44406991
2002,0.00,"Hamilton, Ontario",20.87.11,v44406991
2003,1.00,"Hamilton, Ontario",20.87.11,v44406991
2004,0.00,"Hamilton, Ontario",20.87.11,v44406991
2005,0.00,"Hamilton, Ontario",20.87.11,v44406991
2006,0.00,"Hamilton, Ontario",20.87.11,v44406991
2007,0.00,"Hamilton, Ontario",20.87.11,v44406991
2008,0.00,"Hamilton, Ontario",20.87.11,v44406991
2009,0.00,"Hamilton, Ontario",20.87.11,v44406991
2010,0.00,"Hamilton, Ontario",20.87.11,v44406991
2011,1.00,"Hamilton, Ontario",20.87.11,v44406991
2012,0.00,"Hamilton, Ontario",20.87.11,v44406991
2013,0.00,"Hamilton, Ontario",20.87.11,v44406991
2014,0.00,"Hamilton, Ontario",20.87.11,v44406991
2015,0.00,"Hamilton, Ontario",20.87.11,v44406991
1998,0.00,"St.Catharines-Niagara, Ontario",21.87.11,v44395570
1999,0.00,"St.Catharines-Niagara, Ontario",21.87.11,v44395570
2000,3.00,"St.Catharines-Niagara, Ontario",21.87.11,v44395570
2001,1.00,"St.Catharines-Niagara, Ontario",21.87.11,v44395570
2002,0.00,"St.Catharines-Niagara, Ontario",21.87.11,v44395570
2003,1.00,"St.Catharines-Niagara, Ontario",21.87.11,v44395570
2004,0.00,"St.Catharines-Niagara, Ontario",21.87.11,v44395570
2005,0.00,"St.Catharines-Niagara, Ontario",21.87.11,v44395570
2006,0.00,"St.Catharines-Niagara, Ontario",21.87.11,v44395570
2007,0.00,"St.Catharines-Niagara, Ontario",21.87.11,v44395570
2008,0.00,"St.Catharines-Niagara, Ontario",21.87.11,v44395570
2009,0.00,"St.Catharines-Niagara, Ontario",21.87.11,v44395570
2010,0.00,"St.Catharines-Niagara, Ontario",21.87.11,v44395570
2011,0.00,"St.Catharines-Niagara, Ontario",21.87.11,v44395570
2012,0.00,"St.Catharines-Niagara, Ontario",21.87.11,v44395570
2013,0.00,"St.Catharines-Niagara, Ontario",21.87.11,v44395570
2014,0.00,"St.Catharines-Niagara, Ontario",21.87.11,v44395570
2015,0.00,"St.Catharines-Niagara, Ontario",21.87.11,v44395570
1998,0.00,"Kitchener-Cambridge-Waterloo, Ontario",22.87.11,v44358709
1999,0.00,"Kitchener-Cambridge-Waterloo, Ontario",22.87.11,v44358709
2000,0.00,"Kitchener-Cambridge-Waterloo, Ontario",22.87.11,v44358709
2001,0.00,"Kitchener-Cambridge-Waterloo, Ontario",22.87.11,v44358709
2002,0.00,"Kitchener-Cambridge-Waterloo, Ontario",22.87.11,v44358709
2003,..,"Kitchener-Cambridge-Waterloo, Ontario",22.87.11,v44358709
2004,0.00,"Kitchener-Cambridge-Waterloo, Ontario",22.87.11,v44358709
2005,1.00,"Kitchener-Cambridge-Waterloo, Ontario",22.87.11,v44358709
2006,0.00,"Kitchener-Cambridge-Waterloo, Ontario",22.87.11,v44358709
2007,0.00,"Kitchener-Cambridge-Waterloo, Ontario",22.87.11,v44358709
2008,0.00,"Kitchener-Cambridge-Waterloo, Ontario",22.87.11,v44358709
2009,0.00,"Kitchener-Cambridge-Waterloo, Ontario",22.87.11,v44358709
2010,0.00,"Kitchener-Cambridge-Waterloo, Ontario",22.87.11,v44358709
2011,0.00,"Kitchener-Cambridge-Waterloo, Ontario",22.87.11,v44358709
2012,0.00,"Kitchener-Cambridge-Waterloo, Ontario",22.87.11,v44358709
2013,0.00,"Kitchener-Cambridge-Waterloo, Ontario",22.87.11,v44358709
2014,0.00,"Kitchener-Cambridge-Waterloo, Ontario",22.87.11,v44358709
2015,0.00,"Kitchener-Cambridge-Waterloo, Ontario",22.87.11,v44358709
2005,..,"Brantford, Ontario",45.87.11,v52119268
2006,0.00,"Brantford, Ontario",45.87.11,v52119268
2007,0.00,"Brantford, Ontario",45.87.11,v52119268
2008,0.00,"Brantford, Ontario",45.87.11,v52119268
2009,0.00,"Brantford, Ontario",45.87.11,v52119268
2010,0.00,"Brantford, Ontario",45.87.11,v52119268
2011,0.00,"Brantford, Ontario",45.87.11,v52119268
2012,0.00,"Brantford, Ontario",45.87.11,v52119268
2013,0.00,"Brantford, Ontario",45.87.11,v52119268
2014,0.00,"Brantford, Ontario",45.87.11,v52119268
2015,1.00,"Brantford, Ontario",45.87.11,v52119268
2005,..,"Guelph, Ontario",46.87.11,v52119701
2006,0.00,"Guelph, Ontario",46.87.11,v52119701
2007,0.00,"Guelph, Ontario",46.87.11,v52119701
2008,0.00,"Guelph, Ontario",46.87.11,v52119701
2009,0.00,"Guelph, Ontario",46.87.11,v52119701
2010,0.00,"Guelph, Ontario",46.87.11,v52119701
2011,0.00,"Guelph, Ontario",46.87.11,v52119701
2012,0.00,"Guelph, Ontario",46.87.11,v52119701
2013,0.00,"Guelph, Ontario",46.87.11,v52119701
2014,0.00,"Guelph, Ontario",46.87.11,v52119701
2015,0.00,"Guelph, Ontario",46.87.11,v52119701
1998,0.00,"London, Ontario",23.87.11,v44342155
1999,2.00,"London, Ontario",23.87.11,v44342155
2000,1.00,"London, Ontario",23.87.11,v44342155
2001,1.00,"London, Ontario",23.87.11,v44342155
2002,0.00,"London, Ontario",23.87.11,v44342155
2003,0.00,"London, Ontario",23.87.11,v44342155
2004,0.00,"London, Ontario",23.87.11,v44342155
2005,0.00,"London, Ontario",23.87.11,v44342155
2006,0.00,"London, Ontario",23.87.11,v44342155
2007,0.00,"London, Ontario",23.87.11,v44342155
2008,0.00,"London, Ontario",23.87.11,v44342155
2009,0.00,"London, Ontario",23.87.11,v44342155
2010,1.00,"London, Ontario",23.87.11,v44342155
2011,0.00,"London, Ontario",23.87.11,v44342155
2012,0.00,"London, Ontario",23.87.11,v44342155
2013,2.00,"London, Ontario",23.87.11,v44342155
2014,0.00,"London, Ontario",23.87.11,v44342155
2015,0.00,"London, Ontario",23.87.11,v44342155
1998,0.00,"Windsor, Ontario",24.87.11,v44366624
1999,0.00,"Windsor, Ontario",24.87.11,v44366624
2000,1.00,"Windsor, Ontario",24.87.11,v44366624
2001,1.00,"Windsor, Ontario",24.87.11,v44366624
2002,2.00,"Windsor, Ontario",24.87.11,v44366624
2003,0.00,"Windsor, Ontario",24.87.11,v44366624
2004,0.00,"Windsor, Ontario",24.87.11,v44366624
2005,0.00,"Windsor, Ontario",24.87.11,v44366624
2006,0.00,"Windsor, Ontario",24.87.11,v44366624
2007,0.00,"Windsor, Ontario",24.87.11,v44366624
2008,0.00,"Windsor, Ontario",24.87.11,v44366624
2009,0.00,"Windsor, Ontario",24.87.11,v44366624
2010,0.00,"Windsor, Ontario",24.87.11,v44366624
2011,0.00,"Windsor, Ontario",24.87.11,v44366624
2012,0.00,"Windsor, Ontario",24.87.11,v44366624
2013,0.00,"Windsor, Ontario",24.87.11,v44366624
2014,0.00,"Windsor, Ontario",24.87.11,v44366624
2015,0.00,"Windsor, Ontario",24.87.11,v44366624
2005,..,"Barrie, Ontario",47.87.11,v52145112
2006,0.00,"Barrie, Ontario",47.87.11,v52145112
2007,1.00,"Barrie, Ontario",47.87.11,v52145112
2008,1.00,"Barrie, Ontario",47.87.11,v52145112
2009,0.00,"Barrie, Ontario",47.87.11,v52145112
2010,0.00,"Barrie, Ontario",47.87.11,v52145112
2011,0.00,"Barrie, Ontario",47.87.11,v52145112
2012,0.00,"Barrie, Ontario",47.87.11,v52145112
2013,0.00,"Barrie, Ontario",47.87.11,v52145112
2014,0.00,"Barrie, Ontario",47.87.11,v52145112
2015,0.00,"Barrie, Ontario",47.87.11,v52145112
1998,0.00,"Sudbury, Ontario",25.87.11,v44396188
1999,1.00,"Sudbury, Ontario",25.87.11,v44396188
2000,1.00,"Sudbury, Ontario",25.87.11,v44396188
2001,1.00,"Sudbury, Ontario",25.87.11,v44396188
2002,0.00,"Sudbury, Ontario",25.87.11,v44396188
2003,0.00,"Sudbury, Ontario",25.87.11,v44396188
2004,0.00,"Sudbury, Ontario",25.87.11,v44396188
2005,0.00,"Sudbury, Ontario",25.87.11,v44396188
2006,0.00,"Sudbury, Ontario",25.87.11,v44396188
2007,0.00,"Sudbury, Ontario",25.87.11,v44396188
2008,0.00,"Sudbury, Ontario",25.87.11,v44396188
2009,0.00,"Sudbury, Ontario",25.87.11,v44396188
2010,0.00,"Sudbury, Ontario",25.87.11,v44396188
2011,0.00,"Sudbury, Ontario",25.87.11,v44396188
2012,0.00,"Sudbury, Ontario",25.87.11,v44396188
2013,0.00,"Sudbury, Ontario",25.87.11,v44396188
2014,0.00,"Sudbury, Ontario",25.87.11,v44396188
2015,0.00,"Sudbury, Ontario",25.87.11,v44396188
1998,0.00,"Thunder Bay, Ontario",26.87.11,v44360420
1999,0.00,"Thunder Bay, Ontario",26.87.11,v44360420
2000,0.00,"Thunder Bay, Ontario",26.87.11,v44360420
2001,0.00,"Thunder Bay, Ontario",26.87.11,v44360420
2002,0.00,"Thunder Bay, Ontario",26.87.11,v44360420
2003,0.00,"Thunder Bay, Ontario",26.87.11,v44360420
2004,0.00,"Thunder Bay, Ontario",26.87.11,v44360420
2005,0.00,"Thunder Bay, Ontario",26.87.11,v44360420
2006,0.00,"Thunder Bay, Ontario",26.87.11,v44360420
2007,0.00,"Thunder Bay, Ontario",26.87.11,v44360420
2008,0.00,"Thunder Bay, Ontario",26.87.11,v44360420
2009,0.00,"Thunder Bay, Ontario",26.87.11,v44360420
2010,0.00,"Thunder Bay, Ontario",26.87.11,v44360420
2011,0.00,"Thunder Bay, Ontario",26.87.11,v44360420
2012,0.00,"Thunder Bay, Ontario",26.87.11,v44360420
2013,0.00,"Thunder Bay, Ontario",26.87.11,v44360420
2014,0.00,"Thunder Bay, Ontario",26.87.11,v44360420
2015,0.00,"Thunder Bay, Ontario",26.87.11,v44360420
1998,1.00,"Manitoba",28.87.11,v44361550
1999,21.00,"Manitoba",28.87.11,v44361550
2000,11.00,"Manitoba",28.87.11,v44361550
2001,4.00,"Manitoba",28.87.11,v44361550
2002,5.00,"Manitoba",28.87.11,v44361550
2003,4.00,"Manitoba",28.87.11,v44361550
2004,1.00,"Manitoba",28.87.11,v44361550
2005,2.00,"Manitoba",28.87.11,v44361550
2006,5.00,"Manitoba",28.87.11,v44361550
2007,1.00,"Manitoba",28.87.11,v44361550
2008,1.00,"Manitoba",28.87.11,v44361550
2009,0.00,"Manitoba",28.87.11,v44361550
2010,1.00,"Manitoba",28.87.11,v44361550
2011,1.00,"Manitoba",28.87.11,v44361550
2012,0.00,"Manitoba",28.87.11,v44361550
2013,0.00,"Manitoba",28.87.11,v44361550
2014,0.00,"Manitoba",28.87.11,v44361550
2015,0.00,"Manitoba",28.87.11,v44361550
1998,1.00,"Winnipeg, Manitoba",29.87.11,v44361410
1999,16.00,"Winnipeg, Manitoba",29.87.11,v44361410
2000,6.00,"Winnipeg, Manitoba",29.87.11,v44361410
2001,0.00,"Winnipeg, Manitoba",29.87.11,v44361410
2002,0.00,"Winnipeg, Manitoba",29.87.11,v44361410
2003,0.00,"Winnipeg, Manitoba",29.87.11,v44361410
2004,0.00,"Winnipeg, Manitoba",29.87.11,v44361410
2005,1.00,"Winnipeg, Manitoba",29.87.11,v44361410
2006,0.00,"Winnipeg, Manitoba",29.87.11,v44361410
2007,0.00,"Winnipeg, Manitoba",29.87.11,v44361410
2008,0.00,"Winnipeg, Manitoba",29.87.11,v44361410
2009,0.00,"Winnipeg, Manitoba",29.87.11,v44361410
2010,1.00,"Winnipeg, Manitoba",29.87.11,v44361410
2011,0.00,"Winnipeg, Manitoba",29.87.11,v44361410
2012,0.00,"Winnipeg, Manitoba",29.87.11,v44361410
2013,0.00,"Winnipeg, Manitoba",29.87.11,v44361410
2014,0.00,"Winnipeg, Manitoba",29.87.11,v44361410
2015,0.00,"Winnipeg, Manitoba",29.87.11,v44361410
1998,0.00,"Saskatchewan",30.87.11,v44370211
1999,6.00,"Saskatchewan",30.87.11,v44370211
2000,5.00,"Saskatchewan",30.87.11,v44370211
2001,6.00,"Saskatchewan",30.87.11,v44370211
2002,2.00,"Saskatchewan",30.87.11,v44370211
2003,2.00,"Saskatchewan",30.87.11,v44370211
2004,2.00,"Saskatchewan",30.87.11,v44370211
2005,2.00,"Saskatchewan",30.87.11,v44370211
2006,0.00,"Saskatchewan",30.87.11,v44370211
2007,0.00,"Saskatchewan",30.87.11,v44370211
2008,0.00,"Saskatchewan",30.87.11,v44370211
2009,0.00,"Saskatchewan",30.87.11,v44370211
2010,2.00,"Saskatchewan",30.87.11,v44370211
2011,0.00,"Saskatchewan",30.87.11,v44370211
2012,6.00,"Saskatchewan",30.87.11,v44370211
2013,3.00,"Saskatchewan",30.87.11,v44370211
2014,1.00,"Saskatchewan",30.87.11,v44370211
2015,3.00,"Saskatchewan",30.87.11,v44370211
1998,0.00,"Regina, Saskatchewan",31.87.11,v44410313
1999,3.00,"Regina, Saskatchewan",31.87.11,v44410313
2000,2.00,"Regina, Saskatchewan",31.87.11,v44410313
2001,0.00,"Regina, Saskatchewan",31.87.11,v44410313
2002,0.00,"Regina, Saskatchewan",31.87.11,v44410313
2003,0.00,"Regina, Saskatchewan",31.87.11,v44410313
2004,1.00,"Regina, Saskatchewan",31.87.11,v44410313
2005,1.00,"Regina, Saskatchewan",31.87.11,v44410313
2006,0.00,"Regina, Saskatchewan",31.87.11,v44410313
2007,0.00,"Regina, Saskatchewan",31.87.11,v44410313
2008,0.00,"Regina, Saskatchewan",31.87.11,v44410313
2009,0.00,"Regina, Saskatchewan",31.87.11,v44410313
2010,2.00,"Regina, Saskatchewan",31.87.11,v44410313
2011,0.00,"Regina, Saskatchewan",31.87.11,v44410313
2012,2.00,"Regina, Saskatchewan",31.87.11,v44410313
2013,0.00,"Regina, Saskatchewan",31.87.11,v44410313
2014,1.00,"Regina, Saskatchewan",31.87.11,v44410313
2015,3.00,"Regina, Saskatchewan",31.87.11,v44410313
1998,0.00,"Saskatoon, Saskatchewan",32.87.11,v44337220
1999,0.00,"Saskatoon, Saskatchewan",32.87.11,v44337220
2000,0.00,"Saskatoon, Saskatchewan",32.87.11,v44337220
2001,1.00,"Saskatoon, Saskatchewan",32.87.11,v44337220
2002,1.00,"Saskatoon, Saskatchewan",32.87.11,v44337220
2003,0.00,"Saskatoon, Saskatchewan",32.87.11,v44337220
2004,0.00,"Saskatoon, Saskatchewan",32.87.11,v44337220
2005,1.00,"Saskatoon, Saskatchewan",32.87.11,v44337220
2006,0.00,"Saskatoon, Saskatchewan",32.87.11,v44337220
2007,0.00,"Saskatoon, Saskatchewan",32.87.11,v44337220
2008,0.00,"Saskatoon, Saskatchewan",32.87.11,v44337220
2009,0.00,"Saskatoon, Saskatchewan",32.87.11,v44337220
2010,0.00,"Saskatoon, Saskatchewan",32.87.11,v44337220
2011,0.00,"Saskatoon, Saskatchewan",32.87.11,v44337220
2012,0.00,"Saskatoon, Saskatchewan",32.87.11,v44337220
2013,0.00,"Saskatoon, Saskatchewan",32.87.11,v44337220
2014,0.00,"Saskatoon, Saskatchewan",32.87.11,v44337220
2015,0.00,"Saskatoon, Saskatchewan",32.87.11,v44337220
1998,1.00,"Alberta",33.87.11,v44411854
1999,8.00,"Alberta",33.87.11,v44411854
2000,11.00,"Alberta",33.87.11,v44411854
2001,11.00,"Alberta",33.87.11,v44411854
2002,3.00,"Alberta",33.87.11,v44411854
2003,4.00,"Alberta",33.87.11,v44411854
2004,1.00,"Alberta",33.87.11,v44411854
2005,1.00,"Alberta",33.87.11,v44411854
2006,1.00,"Alberta",33.87.11,v44411854
2007,2.00,"Alberta",33.87.11,v44411854
2008,6.00,"Alberta",33.87.11,v44411854
2009,0.00,"Alberta",33.87.11,v44411854
2010,0.00,"Alberta",33.87.11,v44411854
2011,1.00,"Alberta",33.87.11,v44411854
2012,0.00,"Alberta",33.87.11,v44411854
2013,0.00,"Alberta",33.87.11,v44411854
2014,1.00,"Alberta",33.87.11,v44411854
2015,0.00,"Alberta",33.87.11,v44411854
1998,0.00,"Calgary, Alberta",34.87.11,v44362169
1999,5.00,"Calgary, Alberta",34.87.11,v44362169
2000,6.00,"Calgary, Alberta",34.87.11,v44362169
2001,3.00,"Calgary, Alberta",34.87.11,v44362169
2002,1.00,"Calgary, Alberta",34.87.11,v44362169
2003,0.00,"Calgary, Alberta",34.87.11,v44362169
2004,0.00,"Calgary, Alberta",34.87.11,v44362169
2005,0.00,"Calgary, Alberta",34.87.11,v44362169
2006,0.00,"Calgary, Alberta",34.87.11,v44362169
2007,0.00,"Calgary, Alberta",34.87.11,v44362169
2008,0.00,"Calgary, Alberta",34.87.11,v44362169
2009,0.00,"Calgary, Alberta",34.87.11,v44362169
2010,0.00,"Calgary, Alberta",34.87.11,v44362169
2011,0.00,"Calgary, Alberta",34.87.11,v44362169
2012,0.00,"Calgary, Alberta",34.87.11,v44362169
2013,0.00,"Calgary, Alberta",34.87.11,v44362169
2014,0.00,"Calgary, Alberta",34.87.11,v44362169
2015,0.00,"Calgary, Alberta",34.87.11,v44362169
1998,1.00,"Edmonton, Alberta",35.87.11,v44356556
1999,2.00,"Edmonton, Alberta",35.87.11,v44356556
2000,1.00,"Edmonton, Alberta",35.87.11,v44356556
2001,1.00,"Edmonton, Alberta",35.87.11,v44356556
2002,1.00,"Edmonton, Alberta",35.87.11,v44356556
2003,3.00,"Edmonton, Alberta",35.87.11,v44356556
2004,1.00,"Edmonton, Alberta",35.87.11,v44356556
2005,0.00,"Edmonton, Alberta",35.87.11,v44356556
2006,0.00,"Edmonton, Alberta",35.87.11,v44356556
2007,1.00,"Edmonton, Alberta",35.87.11,v44356556
2008,5.00,"Edmonton, Alberta",35.87.11,v44356556
2009,0.00,"Edmonton, Alberta",35.87.11,v44356556
2010,0.00,"Edmonton, Alberta",35.87.11,v44356556
2011,0.00,"Edmonton, Alberta",35.87.11,v44356556
2012,0.00,"Edmonton, Alberta",35.87.11,v44356556
2013,0.00,"Edmonton, Alberta",35.87.11,v44356556
2014,0.00,"Edmonton, Alberta",35.87.11,v44356556
2015,0.00,"Edmonton, Alberta",35.87.11,v44356556
1998,0.00,"British Columbia",36.87.11,v44391405
1999,7.00,"British Columbia",36.87.11,v44391405
2000,11.00,"British Columbia",36.87.11,v44391405
2001,15.00,"British Columbia",36.87.11,v44391405
2002,7.00,"British Columbia",36.87.11,v44391405
2003,9.00,"British Columbia",36.87.11,v44391405
2004,3.00,"British Columbia",36.87.11,v44391405
2005,4.00,"British Columbia",36.87.11,v44391405
2006,5.00,"British Columbia",36.87.11,v44391405
2007,5.00,"British Columbia",36.87.11,v44391405
2008,1.00,"British Columbia",36.87.11,v44391405
2009,1.00,"British Columbia",36.87.11,v44391405
2010,1.00,"British Columbia",36.87.11,v44391405
2011,0.00,"British Columbia",36.87.11,v44391405
2012,1.00,"British Columbia",36.87.11,v44391405
2013,0.00,"British Columbia",36.87.11,v44391405
2014,5.00,"British Columbia",36.87.11,v44391405
2015,0.00,"British Columbia",36.87.11,v44391405
2005,..,"Kelowna, British Columbia",48.87.11,v52144209
2006,0.00,"Kelowna, British Columbia",48.87.11,v52144209
2007,1.00,"Kelowna, British Columbia",48.87.11,v52144209
2008,0.00,"Kelowna, British Columbia",48.87.11,v52144209
2009,0.00,"Kelowna, British Columbia",48.87.11,v52144209
2010,0.00,"Kelowna, British Columbia",48.87.11,v52144209
2011,0.00,"Kelowna, British Columbia",48.87.11,v52144209
2012,0.00,"Kelowna, British Columbia",48.87.11,v52144209
2013,0.00,"Kelowna, British Columbia",48.87.11,v52144209
2014,0.00,"Kelowna, British Columbia",48.87.11,v52144209
2015,0.00,"Kelowna, British Columbia",48.87.11,v52144209
2000,..,"Abbotsford-Mission, British Columbia",39.87.11,v44360243
2001,0.00,"Abbotsford-Mission, British Columbia",39.87.11,v44360243
2002,1.00,"Abbotsford-Mission, British Columbia",39.87.11,v44360243
2003,0.00,"Abbotsford-Mission, British Columbia",39.87.11,v44360243
2004,0.00,"Abbotsford-Mission, British Columbia",39.87.11,v44360243
2005,0.00,"Abbotsford-Mission, British Columbia",39.87.11,v44360243
2006,0.00,"Abbotsford-Mission, British Columbia",39.87.11,v44360243
2007,0.00,"Abbotsford-Mission, British Columbia",39.87.11,v44360243
2008,0.00,"Abbotsford-Mission, British Columbia",39.87.11,v44360243
2009,0.00,"Abbotsford-Mission, British Columbia",39.87.11,v44360243
2010,0.00,"Abbotsford-Mission, British Columbia",39.87.11,v44360243
2011,0.00,"Abbotsford-Mission, British Columbia",39.87.11,v44360243
2012,0.00,"Abbotsford-Mission, British Columbia",39.87.11,v44360243
2013,0.00,"Abbotsford-Mission, British Columbia",39.87.11,v44360243
2014,0.00,"Abbotsford-Mission, British Columbia",39.87.11,v44360243
2015,0.00,"Abbotsford-Mission, British Columbia",39.87.11,v44360243
1998,0.00,"Vancouver, British Columbia",37.87.11,v44401617
1999,2.00,"Vancouver, British Columbia",37.87.11,v44401617
2000,4.00,"Vancouver, British Columbia",37.87.11,v44401617
2001,6.00,"Vancouver, British Columbia",37.87.11,v44401617
2002,1.00,"Vancouver, British Columbia",37.87.11,v44401617
2003,4.00,"Vancouver, British Columbia",37.87.11,v44401617
2004,1.00,"Vancouver, British Columbia",37.87.11,v44401617
2005,2.00,"Vancouver, British Columbia",37.87.11,v44401617
2006,5.00,"Vancouver, British Columbia",37.87.11,v44401617
2007,2.00,"Vancouver, British Columbia",37.87.11,v44401617
2008,0.00,"Vancouver, British Columbia",37.87.11,v44401617
2009,1.00,"Vancouver, British Columbia",37.87.11,v44401617
2010,0.00,"Vancouver, British Columbia",37.87.11,v44401617
2011,0.00,"Vancouver, British Columbia",37.87.11,v44401617
2012,0.00,"Vancouver, British Columbia",37.87.11,v44401617
2013,0.00,"Vancouver, British Columbia",37.87.11,v44401617
2014,1.00,"Vancouver, British Columbia",37.87.11,v44401617
2015,0.00,"Vancouver, British Columbia",37.87.11,v44401617
1998,0.00,"Victoria, British Columbia",38.87.11,v44405357
1999,0.00,"Victoria, British Columbia",38.87.11,v44405357
2000,1.00,"Victoria, British Columbia",38.87.11,v44405357
2001,0.00,"Victoria, British Columbia",38.87.11,v44405357
2002,0.00,"Victoria, British Columbia",38.87.11,v44405357
2003,1.00,"Victoria, British Columbia",38.87.11,v44405357
2004,0.00,"Victoria, British Columbia",38.87.11,v44405357
2005,1.00,"Victoria, British Columbia",38.87.11,v44405357
2006,0.00,"Victoria, British Columbia",38.87.11,v44405357
2007,0.00,"Victoria, British Columbia",38.87.11,v44405357
2008,0.00,"Victoria, British Columbia",38.87.11,v44405357
2009,0.00,"Victoria, British Columbia",38.87.11,v44405357
2010,0.00,"Victoria, British Columbia",38.87.11,v44405357
2011,0.00,"Victoria, British Columbia",38.87.11,v44405357
2012,0.00,"Victoria, British Columbia",38.87.11,v44405357
2013,0.00,"Victoria, British Columbia",38.87.11,v44405357
2014,0.00,"Victoria, British Columbia",38.87.11,v44405357
2015,0.00,"Victoria, British Columbia",38.87.11,v44405357
1998,0.00,"Yukon",40.87.11,v44399501
1999,0.00,"Yukon",40.87.11,v44399501
2000,0.00,"Yukon",40.87.11,v44399501
2001,1.00,"Yukon",40.87.11,v44399501
2002,0.00,"Yukon",40.87.11,v44399501
2003,1.00,"Yukon",40.87.11,v44399501
2004,0.00,"Yukon",40.87.11,v44399501
2005,0.00,"Yukon",40.87.11,v44399501
2006,0.00,"Yukon",40.87.11,v44399501
2007,0.00,"Yukon",40.87.11,v44399501
2008,0.00,"Yukon",40.87.11,v44399501
2009,0.00,"Yukon",40.87.11,v44399501
2010,0.00,"Yukon",40.87.11,v44399501
2011,0.00,"Yukon",40.87.11,v44399501
2012,0.00,"Yukon",40.87.11,v44399501
2013,0.00,"Yukon",40.87.11,v44399501
2014,0.00,"Yukon",40.87.11,v44399501
2015,0.00,"Yukon",40.87.11,v44399501
1998,0.00,"Northwest Territories",41.87.11,v44351152
1999,0.00,"Northwest Territories",41.87.11,v44351152
2000,0.00,"Northwest Territories",41.87.11,v44351152
2001,0.00,"Northwest Territories",41.87.11,v44351152
2002,0.00,"Northwest Territories",41.87.11,v44351152
2003,1.00,"Northwest Territories",41.87.11,v44351152
2004,0.00,"Northwest Territories",41.87.11,v44351152
2005,0.00,"Northwest Territories",41.87.11,v44351152
2006,0.00,"Northwest Territories",41.87.11,v44351152
2007,0.00,"Northwest Territories",41.87.11,v44351152
2008,0.00,"Northwest Territories",41.87.11,v44351152
2009,0.00,"Northwest Territories",41.87.11,v44351152
2010,0.00,"Northwest Territories",41.87.11,v44351152
2011,0.00,"Northwest Territories",41.87.11,v44351152
2012,0.00,"Northwest Territories",41.87.11,v44351152
2013,0.00,"Northwest Territories",41.87.11,v44351152
2014,0.00,"Northwest Territories",41.87.11,v44351152
2015,0.00,"Northwest Territories",41.87.11,v44351152
1998,..,"Nunavut",42.87.11,v44405118
1999,0.00,"Nunavut",42.87.11,v44405118
2000,0.00,"Nunavut",42.87.11,v44405118
2001,0.00,"Nunavut",42.87.11,v44405118
2002,0.00,"Nunavut",42.87.11,v44405118
2003,0.00,"Nunavut",42.87.11,v44405118
2004,0.00,"Nunavut",42.87.11,v44405118
2005,0.00,"Nunavut",42.87.11,v44405118
2006,0.00,"Nunavut",42.87.11,v44405118
2007,0.00,"Nunavut",42.87.11,v44405118
2008,0.00,"Nunavut",42.87.11,v44405118
2009,0.00,"Nunavut",42.87.11,v44405118
2010,0.00,"Nunavut",42.87.11,v44405118
2011,1.00,"Nunavut",42.87.11,v44405118
2012,0.00,"Nunavut",42.87.11,v44405118
2013,0.00,"Nunavut",42.87.11,v44405118
2014,0.00,"Nunavut",42.87.11,v44405118
2015,0.00,"Nunavut",42.87.11,v44405118
