2006,..,"Canada",1.67.4,v52136001
2007,..,"Canada",1.67.4,v52136001
2008,23.00,"Canada",1.67.4,v52136001
2009,55.00,"Canada",1.67.4,v52136001
2010,85.00,"Canada",1.67.4,v52136001
2011,101.00,"Canada",1.67.4,v52136001
2012,140.00,"Canada",1.67.4,v52136001
2013,128.00,"Canada",1.67.4,v52136001
2014,143.00,"Canada",1.67.4,v52136001
2015,134.00,"Canada",1.67.4,v52136001
2006,..,"Newfoundland and Labrador",2.67.4,v53081337
2007,..,"Newfoundland and Labrador",2.67.4,v53081337
2008,0.00,"Newfoundland and Labrador",2.67.4,v53081337
2009,0.00,"Newfoundland and Labrador",2.67.4,v53081337
2010,1.00,"Newfoundland and Labrador",2.67.4,v53081337
2011,0.00,"Newfoundland and Labrador",2.67.4,v53081337
2012,1.00,"Newfoundland and Labrador",2.67.4,v53081337
2013,3.00,"Newfoundland and Labrador",2.67.4,v53081337
2014,5.00,"Newfoundland and Labrador",2.67.4,v53081337
2015,0.00,"Newfoundland and Labrador",2.67.4,v53081337
2006,..,"St. John's, Newfoundland and Labrador",3.67.4,v53082301
2007,..,"St. John's, Newfoundland and Labrador",3.67.4,v53082301
2008,0.00,"St. John's, Newfoundland and Labrador",3.67.4,v53082301
2009,0.00,"St. John's, Newfoundland and Labrador",3.67.4,v53082301
2010,1.00,"St. John's, Newfoundland and Labrador",3.67.4,v53082301
2011,0.00,"St. John's, Newfoundland and Labrador",3.67.4,v53082301
2012,0.00,"St. John's, Newfoundland and Labrador",3.67.4,v53082301
2013,0.00,"St. John's, Newfoundland and Labrador",3.67.4,v53082301
2014,1.00,"St. John's, Newfoundland and Labrador",3.67.4,v53082301
2015,0.00,"St. John's, Newfoundland and Labrador",3.67.4,v53082301
2006,..,"Prince Edward Island",4.67.4,v62003108
2007,..,"Prince Edward Island",4.67.4,v62003108
2008,0.00,"Prince Edward Island",4.67.4,v62003108
2009,0.00,"Prince Edward Island",4.67.4,v62003108
2010,0.00,"Prince Edward Island",4.67.4,v62003108
2011,1.00,"Prince Edward Island",4.67.4,v62003108
2012,0.00,"Prince Edward Island",4.67.4,v62003108
2013,0.00,"Prince Edward Island",4.67.4,v62003108
2014,0.00,"Prince Edward Island",4.67.4,v62003108
2015,0.00,"Prince Edward Island",4.67.4,v62003108
2006,..,"Nova Scotia",5.67.4,v52137935
2007,..,"Nova Scotia",5.67.4,v52137935
2008,0.00,"Nova Scotia",5.67.4,v52137935
2009,1.00,"Nova Scotia",5.67.4,v52137935
2010,7.00,"Nova Scotia",5.67.4,v52137935
2011,5.00,"Nova Scotia",5.67.4,v52137935
2012,9.00,"Nova Scotia",5.67.4,v52137935
2013,8.00,"Nova Scotia",5.67.4,v52137935
2014,2.00,"Nova Scotia",5.67.4,v52137935
2015,2.00,"Nova Scotia",5.67.4,v52137935
2006,..,"Halifax, Nova Scotia",6.67.4,v52138013
2007,..,"Halifax, Nova Scotia",6.67.4,v52138013
2008,0.00,"Halifax, Nova Scotia",6.67.4,v52138013
2009,0.00,"Halifax, Nova Scotia",6.67.4,v52138013
2010,7.00,"Halifax, Nova Scotia",6.67.4,v52138013
2011,2.00,"Halifax, Nova Scotia",6.67.4,v52138013
2012,5.00,"Halifax, Nova Scotia",6.67.4,v52138013
2013,2.00,"Halifax, Nova Scotia",6.67.4,v52138013
2014,1.00,"Halifax, Nova Scotia",6.67.4,v52138013
2015,1.00,"Halifax, Nova Scotia",6.67.4,v52138013
2006,..,"New Brunswick",7.67.4,v53082699
2007,..,"New Brunswick",7.67.4,v53082699
2008,0.00,"New Brunswick",7.67.4,v53082699
2009,1.00,"New Brunswick",7.67.4,v53082699
2010,1.00,"New Brunswick",7.67.4,v53082699
2011,1.00,"New Brunswick",7.67.4,v53082699
2012,3.00,"New Brunswick",7.67.4,v53082699
2013,2.00,"New Brunswick",7.67.4,v53082699
2014,5.00,"New Brunswick",7.67.4,v53082699
2015,7.00,"New Brunswick",7.67.4,v53082699
2006,..,"Moncton, New Brunswick",43.67.4,v62125958
2007,..,"Moncton, New Brunswick",43.67.4,v62125958
2008,0.00,"Moncton, New Brunswick",43.67.4,v62125958
2009,0.00,"Moncton, New Brunswick",43.67.4,v62125958
2010,0.00,"Moncton, New Brunswick",43.67.4,v62125958
2011,0.00,"Moncton, New Brunswick",43.67.4,v62125958
2012,0.00,"Moncton, New Brunswick",43.67.4,v62125958
2013,0.00,"Moncton, New Brunswick",43.67.4,v62125958
2014,1.00,"Moncton, New Brunswick",43.67.4,v62125958
2015,1.00,"Moncton, New Brunswick",43.67.4,v62125958
2006,..,"Saint John, New Brunswick",8.67.4,v62015708
2007,..,"Saint John, New Brunswick",8.67.4,v62015708
2008,0.00,"Saint John, New Brunswick",8.67.4,v62015708
2009,0.00,"Saint John, New Brunswick",8.67.4,v62015708
2010,0.00,"Saint John, New Brunswick",8.67.4,v62015708
2011,0.00,"Saint John, New Brunswick",8.67.4,v62015708
2012,1.00,"Saint John, New Brunswick",8.67.4,v62015708
2013,0.00,"Saint John, New Brunswick",8.67.4,v62015708
2014,0.00,"Saint John, New Brunswick",8.67.4,v62015708
2015,0.00,"Saint John, New Brunswick",8.67.4,v62015708
2006,..,"Quebec",9.67.4,v52138183
2007,..,"Quebec",9.67.4,v52138183
2008,0.00,"Quebec",9.67.4,v52138183
2009,1.00,"Quebec",9.67.4,v52138183
2010,7.00,"Quebec",9.67.4,v52138183
2011,15.00,"Quebec",9.67.4,v52138183
2012,16.00,"Quebec",9.67.4,v52138183
2013,21.00,"Quebec",9.67.4,v52138183
2014,23.00,"Quebec",9.67.4,v52138183
2015,14.00,"Quebec",9.67.4,v52138183
2006,..,"Saguenay, Quebec",10.67.4,v62022008
2007,..,"Saguenay, Quebec",10.67.4,v62022008
2008,0.00,"Saguenay, Quebec",10.67.4,v62022008
2009,0.00,"Saguenay, Quebec",10.67.4,v62022008
2010,0.00,"Saguenay, Quebec",10.67.4,v62022008
2011,1.00,"Saguenay, Quebec",10.67.4,v62022008
2012,0.00,"Saguenay, Quebec",10.67.4,v62022008
2013,0.00,"Saguenay, Quebec",10.67.4,v62022008
2014,0.00,"Saguenay, Quebec",10.67.4,v62022008
2015,0.00,"Saguenay, Quebec",10.67.4,v62022008
2006,..,"Sherbrooke, Quebec",12.67.4,v53086709
2007,..,"Sherbrooke, Quebec",12.67.4,v53086709
2008,0.00,"Sherbrooke, Quebec",12.67.4,v53086709
2009,1.00,"Sherbrooke, Quebec",12.67.4,v53086709
2010,0.00,"Sherbrooke, Quebec",12.67.4,v53086709
2011,0.00,"Sherbrooke, Quebec",12.67.4,v53086709
2012,0.00,"Sherbrooke, Quebec",12.67.4,v53086709
2013,0.00,"Sherbrooke, Quebec",12.67.4,v53086709
2014,0.00,"Sherbrooke, Quebec",12.67.4,v53086709
2015,0.00,"Sherbrooke, Quebec",12.67.4,v53086709
2006,..,"Ottawa-Gatineau, Quebec part",15.67.4,v52136298
2007,..,"Ottawa-Gatineau, Quebec part",15.67.4,v52136298
2008,0.00,"Ottawa-Gatineau, Quebec part",15.67.4,v52136298
2009,0.00,"Ottawa-Gatineau, Quebec part",15.67.4,v52136298
2010,1.00,"Ottawa-Gatineau, Quebec part",15.67.4,v52136298
2011,3.00,"Ottawa-Gatineau, Quebec part",15.67.4,v52136298
2012,0.00,"Ottawa-Gatineau, Quebec part",15.67.4,v52136298
2013,1.00,"Ottawa-Gatineau, Quebec part",15.67.4,v52136298
2014,1.00,"Ottawa-Gatineau, Quebec part",15.67.4,v52136298
2015,2.00,"Ottawa-Gatineau, Quebec part",15.67.4,v52136298
2006,..,"Ontario",16.67.4,v52136411
2007,..,"Ontario",16.67.4,v52136411
2008,18.00,"Ontario",16.67.4,v52136411
2009,28.00,"Ontario",16.67.4,v52136411
2010,38.00,"Ontario",16.67.4,v52136411
2011,38.00,"Ontario",16.67.4,v52136411
2012,54.00,"Ontario",16.67.4,v52136411
2013,44.00,"Ontario",16.67.4,v52136411
2014,56.00,"Ontario",16.67.4,v52136411
2015,41.00,"Ontario",16.67.4,v52136411
2006,..,"Ottawa-Gatineau, Ontario/Quebec",17.67.4,v52148173
2007,..,"Ottawa-Gatineau, Ontario/Quebec",17.67.4,v52148173
2008,1.00,"Ottawa-Gatineau, Ontario/Quebec",17.67.4,v52148173
2009,1.00,"Ottawa-Gatineau, Ontario/Quebec",17.67.4,v52148173
2010,2.00,"Ottawa-Gatineau, Ontario/Quebec",17.67.4,v52148173
2011,4.00,"Ottawa-Gatineau, Ontario/Quebec",17.67.4,v52148173
2012,4.00,"Ottawa-Gatineau, Ontario/Quebec",17.67.4,v52148173
2013,2.00,"Ottawa-Gatineau, Ontario/Quebec",17.67.4,v52148173
2014,3.00,"Ottawa-Gatineau, Ontario/Quebec",17.67.4,v52148173
2015,4.00,"Ottawa-Gatineau, Ontario/Quebec",17.67.4,v52148173
2006,..,"Ottawa-Gatineau, Ontario part",18.67.4,v52136523
2007,..,"Ottawa-Gatineau, Ontario part",18.67.4,v52136523
2008,1.00,"Ottawa-Gatineau, Ontario part",18.67.4,v52136523
2009,1.00,"Ottawa-Gatineau, Ontario part",18.67.4,v52136523
2010,1.00,"Ottawa-Gatineau, Ontario part",18.67.4,v52136523
2011,1.00,"Ottawa-Gatineau, Ontario part",18.67.4,v52136523
2012,4.00,"Ottawa-Gatineau, Ontario part",18.67.4,v52136523
2013,1.00,"Ottawa-Gatineau, Ontario part",18.67.4,v52136523
2014,2.00,"Ottawa-Gatineau, Ontario part",18.67.4,v52136523
2015,2.00,"Ottawa-Gatineau, Ontario part",18.67.4,v52136523
2006,..,"Kingston, Ontario",27.67.4,v54048994
2007,..,"Kingston, Ontario",27.67.4,v54048994
2008,0.00,"Kingston, Ontario",27.67.4,v54048994
2009,0.00,"Kingston, Ontario",27.67.4,v54048994
2010,1.00,"Kingston, Ontario",27.67.4,v54048994
2011,0.00,"Kingston, Ontario",27.67.4,v54048994
2012,0.00,"Kingston, Ontario",27.67.4,v54048994
2013,0.00,"Kingston, Ontario",27.67.4,v54048994
2014,0.00,"Kingston, Ontario",27.67.4,v54048994
2015,0.00,"Kingston, Ontario",27.67.4,v54048994
2006,..,"Peterborough, Ontario",44.67.4,v52122452
2007,..,"Peterborough, Ontario",44.67.4,v52122452
2008,0.00,"Peterborough, Ontario",44.67.4,v52122452
2009,0.00,"Peterborough, Ontario",44.67.4,v52122452
2010,0.00,"Peterborough, Ontario",44.67.4,v52122452
2011,1.00,"Peterborough, Ontario",44.67.4,v52122452
2012,0.00,"Peterborough, Ontario",44.67.4,v52122452
2013,3.00,"Peterborough, Ontario",44.67.4,v52122452
2014,0.00,"Peterborough, Ontario",44.67.4,v52122452
2015,0.00,"Peterborough, Ontario",44.67.4,v52122452
2006,..,"Toronto, Ontario",19.67.4,v52136635
2007,..,"Toronto, Ontario",19.67.4,v52136635
2008,0.00,"Toronto, Ontario",19.67.4,v52136635
2009,3.00,"Toronto, Ontario",19.67.4,v52136635
2010,4.00,"Toronto, Ontario",19.67.4,v52136635
2011,3.00,"Toronto, Ontario",19.67.4,v52136635
2012,4.00,"Toronto, Ontario",19.67.4,v52136635
2013,2.00,"Toronto, Ontario",19.67.4,v52136635
2014,3.00,"Toronto, Ontario",19.67.4,v52136635
2015,2.00,"Toronto, Ontario",19.67.4,v52136635
2006,..,"Hamilton, Ontario",20.67.4,v53088301
2007,..,"Hamilton, Ontario",20.67.4,v53088301
2008,0.00,"Hamilton, Ontario",20.67.4,v53088301
2009,0.00,"Hamilton, Ontario",20.67.4,v53088301
2010,0.00,"Hamilton, Ontario",20.67.4,v53088301
2011,0.00,"Hamilton, Ontario",20.67.4,v53088301
2012,0.00,"Hamilton, Ontario",20.67.4,v53088301
2013,0.00,"Hamilton, Ontario",20.67.4,v53088301
2014,2.00,"Hamilton, Ontario",20.67.4,v53088301
2015,0.00,"Hamilton, Ontario",20.67.4,v53088301
2006,..,"St.Catharines-Niagara, Ontario",21.67.4,v54048986
2007,..,"St.Catharines-Niagara, Ontario",21.67.4,v54048986
2008,0.00,"St.Catharines-Niagara, Ontario",21.67.4,v54048986
2009,0.00,"St.Catharines-Niagara, Ontario",21.67.4,v54048986
2010,4.00,"St.Catharines-Niagara, Ontario",21.67.4,v54048986
2011,0.00,"St.Catharines-Niagara, Ontario",21.67.4,v54048986
2012,1.00,"St.Catharines-Niagara, Ontario",21.67.4,v54048986
2013,0.00,"St.Catharines-Niagara, Ontario",21.67.4,v54048986
2014,0.00,"St.Catharines-Niagara, Ontario",21.67.4,v54048986
2015,1.00,"St.Catharines-Niagara, Ontario",21.67.4,v54048986
2006,..,"Kitchener-Cambridge-Waterloo, Ontario",22.67.4,v62059808
2007,..,"Kitchener-Cambridge-Waterloo, Ontario",22.67.4,v62059808
2008,0.00,"Kitchener-Cambridge-Waterloo, Ontario",22.67.4,v62059808
2009,0.00,"Kitchener-Cambridge-Waterloo, Ontario",22.67.4,v62059808
2010,0.00,"Kitchener-Cambridge-Waterloo, Ontario",22.67.4,v62059808
2011,0.00,"Kitchener-Cambridge-Waterloo, Ontario",22.67.4,v62059808
2012,3.00,"Kitchener-Cambridge-Waterloo, Ontario",22.67.4,v62059808
2013,0.00,"Kitchener-Cambridge-Waterloo, Ontario",22.67.4,v62059808
2014,0.00,"Kitchener-Cambridge-Waterloo, Ontario",22.67.4,v62059808
2015,1.00,"Kitchener-Cambridge-Waterloo, Ontario",22.67.4,v62059808
2006,..,"Brantford, Ontario",45.67.4,v52119087
2007,..,"Brantford, Ontario",45.67.4,v52119087
2008,0.00,"Brantford, Ontario",45.67.4,v52119087
2009,0.00,"Brantford, Ontario",45.67.4,v52119087
2010,0.00,"Brantford, Ontario",45.67.4,v52119087
2011,0.00,"Brantford, Ontario",45.67.4,v52119087
2012,0.00,"Brantford, Ontario",45.67.4,v52119087
2013,5.00,"Brantford, Ontario",45.67.4,v52119087
2014,0.00,"Brantford, Ontario",45.67.4,v52119087
2015,2.00,"Brantford, Ontario",45.67.4,v52119087
2006,..,"Guelph, Ontario",46.67.4,v62135408
2007,..,"Guelph, Ontario",46.67.4,v62135408
2008,0.00,"Guelph, Ontario",46.67.4,v62135408
2009,0.00,"Guelph, Ontario",46.67.4,v62135408
2010,0.00,"Guelph, Ontario",46.67.4,v62135408
2011,0.00,"Guelph, Ontario",46.67.4,v62135408
2012,1.00,"Guelph, Ontario",46.67.4,v62135408
2013,0.00,"Guelph, Ontario",46.67.4,v62135408
2014,0.00,"Guelph, Ontario",46.67.4,v62135408
2015,0.00,"Guelph, Ontario",46.67.4,v62135408
2006,..,"London, Ontario",23.67.4,v52136903
2007,..,"London, Ontario",23.67.4,v52136903
2008,0.00,"London, Ontario",23.67.4,v52136903
2009,1.00,"London, Ontario",23.67.4,v52136903
2010,1.00,"London, Ontario",23.67.4,v52136903
2011,1.00,"London, Ontario",23.67.4,v52136903
2012,0.00,"London, Ontario",23.67.4,v52136903
2013,1.00,"London, Ontario",23.67.4,v52136903
2014,5.00,"London, Ontario",23.67.4,v52136903
2015,2.00,"London, Ontario",23.67.4,v52136903
2006,..,"Windsor, Ontario",24.67.4,v53087948
2007,..,"Windsor, Ontario",24.67.4,v53087948
2008,0.00,"Windsor, Ontario",24.67.4,v53087948
2009,2.00,"Windsor, Ontario",24.67.4,v53087948
2010,0.00,"Windsor, Ontario",24.67.4,v53087948
2011,0.00,"Windsor, Ontario",24.67.4,v53087948
2012,2.00,"Windsor, Ontario",24.67.4,v53087948
2013,3.00,"Windsor, Ontario",24.67.4,v53087948
2014,1.00,"Windsor, Ontario",24.67.4,v53087948
2015,5.00,"Windsor, Ontario",24.67.4,v53087948
2006,..,"Barrie, Ontario",47.67.4,v53088957
2007,..,"Barrie, Ontario",47.67.4,v53088957
2008,0.00,"Barrie, Ontario",47.67.4,v53088957
2009,1.00,"Barrie, Ontario",47.67.4,v53088957
2010,0.00,"Barrie, Ontario",47.67.4,v53088957
2011,0.00,"Barrie, Ontario",47.67.4,v53088957
2012,0.00,"Barrie, Ontario",47.67.4,v53088957
2013,1.00,"Barrie, Ontario",47.67.4,v53088957
2014,0.00,"Barrie, Ontario",47.67.4,v53088957
2015,1.00,"Barrie, Ontario",47.67.4,v53088957
2006,..,"Sudbury, Ontario",25.67.4,v52136948
2007,..,"Sudbury, Ontario",25.67.4,v52136948
2008,0.00,"Sudbury, Ontario",25.67.4,v52136948
2009,0.00,"Sudbury, Ontario",25.67.4,v52136948
2010,0.00,"Sudbury, Ontario",25.67.4,v52136948
2011,5.00,"Sudbury, Ontario",25.67.4,v52136948
2012,0.00,"Sudbury, Ontario",25.67.4,v52136948
2013,4.00,"Sudbury, Ontario",25.67.4,v52136948
2014,0.00,"Sudbury, Ontario",25.67.4,v52136948
2015,2.00,"Sudbury, Ontario",25.67.4,v52136948
2006,..,"Thunder Bay, Ontario",26.67.4,v62072408
2007,..,"Thunder Bay, Ontario",26.67.4,v62072408
2008,0.00,"Thunder Bay, Ontario",26.67.4,v62072408
2009,0.00,"Thunder Bay, Ontario",26.67.4,v62072408
2010,0.00,"Thunder Bay, Ontario",26.67.4,v62072408
2011,0.00,"Thunder Bay, Ontario",26.67.4,v62072408
2012,0.00,"Thunder Bay, Ontario",26.67.4,v62072408
2013,0.00,"Thunder Bay, Ontario",26.67.4,v62072408
2014,0.00,"Thunder Bay, Ontario",26.67.4,v62072408
2015,0.00,"Thunder Bay, Ontario",26.67.4,v62072408
2006,..,"Manitoba",28.67.4,v52137016
2007,..,"Manitoba",28.67.4,v52137016
2008,0.00,"Manitoba",28.67.4,v52137016
2009,2.00,"Manitoba",28.67.4,v52137016
2010,6.00,"Manitoba",28.67.4,v52137016
2011,11.00,"Manitoba",28.67.4,v52137016
2012,15.00,"Manitoba",28.67.4,v52137016
2013,8.00,"Manitoba",28.67.4,v52137016
2014,10.00,"Manitoba",28.67.4,v52137016
2015,7.00,"Manitoba",28.67.4,v52137016
2006,..,"Winnipeg, Manitoba",29.67.4,v62081858
2007,..,"Winnipeg, Manitoba",29.67.4,v62081858
2008,0.00,"Winnipeg, Manitoba",29.67.4,v62081858
2009,0.00,"Winnipeg, Manitoba",29.67.4,v62081858
2010,0.00,"Winnipeg, Manitoba",29.67.4,v62081858
2011,6.00,"Winnipeg, Manitoba",29.67.4,v62081858
2012,8.00,"Winnipeg, Manitoba",29.67.4,v62081858
2013,1.00,"Winnipeg, Manitoba",29.67.4,v62081858
2014,2.00,"Winnipeg, Manitoba",29.67.4,v62081858
2015,0.00,"Winnipeg, Manitoba",29.67.4,v62081858
2006,..,"Saskatchewan",30.67.4,v52137182
2007,..,"Saskatchewan",30.67.4,v52137182
2008,2.00,"Saskatchewan",30.67.4,v52137182
2009,6.00,"Saskatchewan",30.67.4,v52137182
2010,12.00,"Saskatchewan",30.67.4,v52137182
2011,12.00,"Saskatchewan",30.67.4,v52137182
2012,15.00,"Saskatchewan",30.67.4,v52137182
2013,15.00,"Saskatchewan",30.67.4,v52137182
2014,19.00,"Saskatchewan",30.67.4,v52137182
2015,16.00,"Saskatchewan",30.67.4,v52137182
2006,..,"Regina, Saskatchewan",31.67.4,v53096387
2007,..,"Regina, Saskatchewan",31.67.4,v53096387
2008,0.00,"Regina, Saskatchewan",31.67.4,v53096387
2009,2.00,"Regina, Saskatchewan",31.67.4,v53096387
2010,1.00,"Regina, Saskatchewan",31.67.4,v53096387
2011,2.00,"Regina, Saskatchewan",31.67.4,v53096387
2012,0.00,"Regina, Saskatchewan",31.67.4,v53096387
2013,1.00,"Regina, Saskatchewan",31.67.4,v53096387
2014,1.00,"Regina, Saskatchewan",31.67.4,v53096387
2015,1.00,"Regina, Saskatchewan",31.67.4,v53096387
2006,..,"Saskatoon, Saskatchewan",32.67.4,v53090779
2007,..,"Saskatoon, Saskatchewan",32.67.4,v53090779
2008,0.00,"Saskatoon, Saskatchewan",32.67.4,v53090779
2009,1.00,"Saskatoon, Saskatchewan",32.67.4,v53090779
2010,1.00,"Saskatoon, Saskatchewan",32.67.4,v53090779
2011,1.00,"Saskatoon, Saskatchewan",32.67.4,v53090779
2012,3.00,"Saskatoon, Saskatchewan",32.67.4,v53090779
2013,4.00,"Saskatoon, Saskatchewan",32.67.4,v53090779
2014,3.00,"Saskatoon, Saskatchewan",32.67.4,v53090779
2015,3.00,"Saskatoon, Saskatchewan",32.67.4,v53090779
2006,..,"Alberta",33.67.4,v52137317
2007,..,"Alberta",33.67.4,v52137317
2008,2.00,"Alberta",33.67.4,v52137317
2009,8.00,"Alberta",33.67.4,v52137317
2010,8.00,"Alberta",33.67.4,v52137317
2011,10.00,"Alberta",33.67.4,v52137317
2012,12.00,"Alberta",33.67.4,v52137317
2013,13.00,"Alberta",33.67.4,v52137317
2014,14.00,"Alberta",33.67.4,v52137317
2015,30.00,"Alberta",33.67.4,v52137317
2006,..,"Calgary, Alberta",34.67.4,v62097608
2007,..,"Calgary, Alberta",34.67.4,v62097608
2008,0.00,"Calgary, Alberta",34.67.4,v62097608
2009,0.00,"Calgary, Alberta",34.67.4,v62097608
2010,0.00,"Calgary, Alberta",34.67.4,v62097608
2011,0.00,"Calgary, Alberta",34.67.4,v62097608
2012,0.00,"Calgary, Alberta",34.67.4,v62097608
2013,2.00,"Calgary, Alberta",34.67.4,v62097608
2014,1.00,"Calgary, Alberta",34.67.4,v62097608
2015,5.00,"Calgary, Alberta",34.67.4,v62097608
2006,..,"Edmonton, Alberta",35.67.4,v52137395
2007,..,"Edmonton, Alberta",35.67.4,v52137395
2008,0.00,"Edmonton, Alberta",35.67.4,v52137395
2009,0.00,"Edmonton, Alberta",35.67.4,v52137395
2010,0.00,"Edmonton, Alberta",35.67.4,v52137395
2011,1.00,"Edmonton, Alberta",35.67.4,v52137395
2012,2.00,"Edmonton, Alberta",35.67.4,v52137395
2013,3.00,"Edmonton, Alberta",35.67.4,v52137395
2014,0.00,"Edmonton, Alberta",35.67.4,v52137395
2015,10.00,"Edmonton, Alberta",35.67.4,v52137395
2006,..,"British Columbia",36.67.4,v52137546
2007,..,"British Columbia",36.67.4,v52137546
2008,1.00,"British Columbia",36.67.4,v52137546
2009,7.00,"British Columbia",36.67.4,v52137546
2010,4.00,"British Columbia",36.67.4,v52137546
2011,6.00,"British Columbia",36.67.4,v52137546
2012,15.00,"British Columbia",36.67.4,v52137546
2013,12.00,"British Columbia",36.67.4,v52137546
2014,8.00,"British Columbia",36.67.4,v52137546
2015,14.00,"British Columbia",36.67.4,v52137546
2006,..,"Kelowna, British Columbia",48.67.4,v62141708
2007,..,"Kelowna, British Columbia",48.67.4,v62141708
2008,0.00,"Kelowna, British Columbia",48.67.4,v62141708
2009,0.00,"Kelowna, British Columbia",48.67.4,v62141708
2010,0.00,"Kelowna, British Columbia",48.67.4,v62141708
2011,1.00,"Kelowna, British Columbia",48.67.4,v62141708
2012,2.00,"Kelowna, British Columbia",48.67.4,v62141708
2013,2.00,"Kelowna, British Columbia",48.67.4,v62141708
2014,1.00,"Kelowna, British Columbia",48.67.4,v62141708
2015,2.00,"Kelowna, British Columbia",48.67.4,v62141708
2006,..,"Abbotsford-Mission, British Columbia",39.67.4,v52137822
2007,..,"Abbotsford-Mission, British Columbia",39.67.4,v52137822
2008,1.00,"Abbotsford-Mission, British Columbia",39.67.4,v52137822
2009,1.00,"Abbotsford-Mission, British Columbia",39.67.4,v52137822
2010,1.00,"Abbotsford-Mission, British Columbia",39.67.4,v52137822
2011,0.00,"Abbotsford-Mission, British Columbia",39.67.4,v52137822
2012,0.00,"Abbotsford-Mission, British Columbia",39.67.4,v52137822
2013,0.00,"Abbotsford-Mission, British Columbia",39.67.4,v52137822
2014,0.00,"Abbotsford-Mission, British Columbia",39.67.4,v52137822
2015,0.00,"Abbotsford-Mission, British Columbia",39.67.4,v52137822
2006,..,"Vancouver, British Columbia",37.67.4,v53098090
2007,..,"Vancouver, British Columbia",37.67.4,v53098090
2008,0.00,"Vancouver, British Columbia",37.67.4,v53098090
2009,0.00,"Vancouver, British Columbia",37.67.4,v53098090
2010,1.00,"Vancouver, British Columbia",37.67.4,v53098090
2011,3.00,"Vancouver, British Columbia",37.67.4,v53098090
2012,1.00,"Vancouver, British Columbia",37.67.4,v53098090
2013,6.00,"Vancouver, British Columbia",37.67.4,v53098090
2014,2.00,"Vancouver, British Columbia",37.67.4,v53098090
2015,2.00,"Vancouver, British Columbia",37.67.4,v53098090
2006,..,"Victoria, British Columbia",38.67.4,v52137766
2007,..,"Victoria, British Columbia",38.67.4,v52137766
2008,0.00,"Victoria, British Columbia",38.67.4,v52137766
2009,0.00,"Victoria, British Columbia",38.67.4,v52137766
2010,1.00,"Victoria, British Columbia",38.67.4,v52137766
2011,0.00,"Victoria, British Columbia",38.67.4,v52137766
2012,0.00,"Victoria, British Columbia",38.67.4,v52137766
2013,0.00,"Victoria, British Columbia",38.67.4,v52137766
2014,0.00,"Victoria, British Columbia",38.67.4,v52137766
2015,0.00,"Victoria, British Columbia",38.67.4,v52137766
2006,..,"Yukon",40.67.4,v53094442
2007,..,"Yukon",40.67.4,v53094442
2008,0.00,"Yukon",40.67.4,v53094442
2009,1.00,"Yukon",40.67.4,v53094442
2010,1.00,"Yukon",40.67.4,v53094442
2011,0.00,"Yukon",40.67.4,v53094442
2012,0.00,"Yukon",40.67.4,v53094442
2013,0.00,"Yukon",40.67.4,v53094442
2014,0.00,"Yukon",40.67.4,v53094442
2015,0.00,"Yukon",40.67.4,v53094442
2006,..,"Northwest Territories",41.67.4,v62119658
2007,..,"Northwest Territories",41.67.4,v62119658
2008,0.00,"Northwest Territories",41.67.4,v62119658
2009,0.00,"Northwest Territories",41.67.4,v62119658
2010,0.00,"Northwest Territories",41.67.4,v62119658
2011,0.00,"Northwest Territories",41.67.4,v62119658
2012,0.00,"Northwest Territories",41.67.4,v62119658
2013,0.00,"Northwest Territories",41.67.4,v62119658
2014,1.00,"Northwest Territories",41.67.4,v62119658
2015,1.00,"Northwest Territories",41.67.4,v62119658
2006,..,"Nunavut",42.67.4,v62122808
2007,..,"Nunavut",42.67.4,v62122808
2008,0.00,"Nunavut",42.67.4,v62122808
2009,0.00,"Nunavut",42.67.4,v62122808
2010,0.00,"Nunavut",42.67.4,v62122808
2011,2.00,"Nunavut",42.67.4,v62122808
2012,0.00,"Nunavut",42.67.4,v62122808
2013,2.00,"Nunavut",42.67.4,v62122808
2014,0.00,"Nunavut",42.67.4,v62122808
2015,2.00,"Nunavut",42.67.4,v62122808
2006,..,"Canada",1.67.4,v52136001
2007,..,"Canada",1.67.4,v52136001
2008,23.00,"Canada",1.67.4,v52136001
2009,55.00,"Canada",1.67.4,v52136001
2010,85.00,"Canada",1.67.4,v52136001
2011,101.00,"Canada",1.67.4,v52136001
2012,140.00,"Canada",1.67.4,v52136001
2013,128.00,"Canada",1.67.4,v52136001
2014,143.00,"Canada",1.67.4,v52136001
2015,134.00,"Canada",1.67.4,v52136001
2006,..,"Newfoundland and Labrador",2.67.4,v53081337
2007,..,"Newfoundland and Labrador",2.67.4,v53081337
2008,0.00,"Newfoundland and Labrador",2.67.4,v53081337
2009,0.00,"Newfoundland and Labrador",2.67.4,v53081337
2010,1.00,"Newfoundland and Labrador",2.67.4,v53081337
2011,0.00,"Newfoundland and Labrador",2.67.4,v53081337
2012,1.00,"Newfoundland and Labrador",2.67.4,v53081337
2013,3.00,"Newfoundland and Labrador",2.67.4,v53081337
2014,5.00,"Newfoundland and Labrador",2.67.4,v53081337
2015,0.00,"Newfoundland and Labrador",2.67.4,v53081337
2006,..,"St. John's, Newfoundland and Labrador",3.67.4,v53082301
2007,..,"St. John's, Newfoundland and Labrador",3.67.4,v53082301
2008,0.00,"St. John's, Newfoundland and Labrador",3.67.4,v53082301
2009,0.00,"St. John's, Newfoundland and Labrador",3.67.4,v53082301
2010,1.00,"St. John's, Newfoundland and Labrador",3.67.4,v53082301
2011,0.00,"St. John's, Newfoundland and Labrador",3.67.4,v53082301
2012,0.00,"St. John's, Newfoundland and Labrador",3.67.4,v53082301
2013,0.00,"St. John's, Newfoundland and Labrador",3.67.4,v53082301
2014,1.00,"St. John's, Newfoundland and Labrador",3.67.4,v53082301
2015,0.00,"St. John's, Newfoundland and Labrador",3.67.4,v53082301
2006,..,"Prince Edward Island",4.67.4,v62003108
2007,..,"Prince Edward Island",4.67.4,v62003108
2008,0.00,"Prince Edward Island",4.67.4,v62003108
2009,0.00,"Prince Edward Island",4.67.4,v62003108
2010,0.00,"Prince Edward Island",4.67.4,v62003108
2011,1.00,"Prince Edward Island",4.67.4,v62003108
2012,0.00,"Prince Edward Island",4.67.4,v62003108
2013,0.00,"Prince Edward Island",4.67.4,v62003108
2014,0.00,"Prince Edward Island",4.67.4,v62003108
2015,0.00,"Prince Edward Island",4.67.4,v62003108
2006,..,"Nova Scotia",5.67.4,v52137935
2007,..,"Nova Scotia",5.67.4,v52137935
2008,0.00,"Nova Scotia",5.67.4,v52137935
2009,1.00,"Nova Scotia",5.67.4,v52137935
2010,7.00,"Nova Scotia",5.67.4,v52137935
2011,5.00,"Nova Scotia",5.67.4,v52137935
2012,9.00,"Nova Scotia",5.67.4,v52137935
2013,8.00,"Nova Scotia",5.67.4,v52137935
2014,2.00,"Nova Scotia",5.67.4,v52137935
2015,2.00,"Nova Scotia",5.67.4,v52137935
2006,..,"Halifax, Nova Scotia",6.67.4,v52138013
2007,..,"Halifax, Nova Scotia",6.67.4,v52138013
2008,0.00,"Halifax, Nova Scotia",6.67.4,v52138013
2009,0.00,"Halifax, Nova Scotia",6.67.4,v52138013
2010,7.00,"Halifax, Nova Scotia",6.67.4,v52138013
2011,2.00,"Halifax, Nova Scotia",6.67.4,v52138013
2012,5.00,"Halifax, Nova Scotia",6.67.4,v52138013
2013,2.00,"Halifax, Nova Scotia",6.67.4,v52138013
2014,1.00,"Halifax, Nova Scotia",6.67.4,v52138013
2015,1.00,"Halifax, Nova Scotia",6.67.4,v52138013
2006,..,"New Brunswick",7.67.4,v53082699
2007,..,"New Brunswick",7.67.4,v53082699
2008,0.00,"New Brunswick",7.67.4,v53082699
2009,1.00,"New Brunswick",7.67.4,v53082699
2010,1.00,"New Brunswick",7.67.4,v53082699
2011,1.00,"New Brunswick",7.67.4,v53082699
2012,3.00,"New Brunswick",7.67.4,v53082699
2013,2.00,"New Brunswick",7.67.4,v53082699
2014,5.00,"New Brunswick",7.67.4,v53082699
2015,7.00,"New Brunswick",7.67.4,v53082699
2006,..,"Moncton, New Brunswick",43.67.4,v62125958
2007,..,"Moncton, New Brunswick",43.67.4,v62125958
2008,0.00,"Moncton, New Brunswick",43.67.4,v62125958
2009,0.00,"Moncton, New Brunswick",43.67.4,v62125958
2010,0.00,"Moncton, New Brunswick",43.67.4,v62125958
2011,0.00,"Moncton, New Brunswick",43.67.4,v62125958
2012,0.00,"Moncton, New Brunswick",43.67.4,v62125958
2013,0.00,"Moncton, New Brunswick",43.67.4,v62125958
2014,1.00,"Moncton, New Brunswick",43.67.4,v62125958
2015,1.00,"Moncton, New Brunswick",43.67.4,v62125958
2006,..,"Saint John, New Brunswick",8.67.4,v62015708
2007,..,"Saint John, New Brunswick",8.67.4,v62015708
2008,0.00,"Saint John, New Brunswick",8.67.4,v62015708
2009,0.00,"Saint John, New Brunswick",8.67.4,v62015708
2010,0.00,"Saint John, New Brunswick",8.67.4,v62015708
2011,0.00,"Saint John, New Brunswick",8.67.4,v62015708
2012,1.00,"Saint John, New Brunswick",8.67.4,v62015708
2013,0.00,"Saint John, New Brunswick",8.67.4,v62015708
2014,0.00,"Saint John, New Brunswick",8.67.4,v62015708
2015,0.00,"Saint John, New Brunswick",8.67.4,v62015708
2006,..,"Quebec",9.67.4,v52138183
2007,..,"Quebec",9.67.4,v52138183
2008,0.00,"Quebec",9.67.4,v52138183
2009,1.00,"Quebec",9.67.4,v52138183
2010,7.00,"Quebec",9.67.4,v52138183
2011,15.00,"Quebec",9.67.4,v52138183
2012,16.00,"Quebec",9.67.4,v52138183
2013,21.00,"Quebec",9.67.4,v52138183
2014,23.00,"Quebec",9.67.4,v52138183
2015,14.00,"Quebec",9.67.4,v52138183
2006,..,"Saguenay, Quebec",10.67.4,v62022008
2007,..,"Saguenay, Quebec",10.67.4,v62022008
2008,0.00,"Saguenay, Quebec",10.67.4,v62022008
2009,0.00,"Saguenay, Quebec",10.67.4,v62022008
2010,0.00,"Saguenay, Quebec",10.67.4,v62022008
2011,1.00,"Saguenay, Quebec",10.67.4,v62022008
2012,0.00,"Saguenay, Quebec",10.67.4,v62022008
2013,0.00,"Saguenay, Quebec",10.67.4,v62022008
2014,0.00,"Saguenay, Quebec",10.67.4,v62022008
2015,0.00,"Saguenay, Quebec",10.67.4,v62022008
2006,..,"Quebec, Quebec",11.67.4,v52136060
2007,..,"Quebec, Quebec",11.67.4,v52136060
2008,0.00,"Quebec, Quebec",11.67.4,v52136060
2009,0.00,"Quebec, Quebec",11.67.4,v52136060
2010,0.00,"Quebec, Quebec",11.67.4,v52136060
2011,1.00,"Quebec, Quebec",11.67.4,v52136060
2012,4.00,"Quebec, Quebec",11.67.4,v52136060
2013,0.00,"Quebec, Quebec",11.67.4,v52136060
2014,0.00,"Quebec, Quebec",11.67.4,v52136060
2015,0.00,"Quebec, Quebec",11.67.4,v52136060
2006,..,"Sherbrooke, Quebec",12.67.4,v53086709
2007,..,"Sherbrooke, Quebec",12.67.4,v53086709
2008,0.00,"Sherbrooke, Quebec",12.67.4,v53086709
2009,1.00,"Sherbrooke, Quebec",12.67.4,v53086709
2010,0.00,"Sherbrooke, Quebec",12.67.4,v53086709
2011,0.00,"Sherbrooke, Quebec",12.67.4,v53086709
2012,0.00,"Sherbrooke, Quebec",12.67.4,v53086709
2013,0.00,"Sherbrooke, Quebec",12.67.4,v53086709
2014,0.00,"Sherbrooke, Quebec",12.67.4,v53086709
2015,0.00,"Sherbrooke, Quebec",12.67.4,v53086709
2006,..,"Montreal, Quebec",14.67.4,v53085489
2007,..,"Montreal, Quebec",14.67.4,v53085489
2008,0.00,"Montreal, Quebec",14.67.4,v53085489
2009,0.00,"Montreal, Quebec",14.67.4,v53085489
2010,0.00,"Montreal, Quebec",14.67.4,v53085489
2011,4.00,"Montreal, Quebec",14.67.4,v53085489
2012,1.00,"Montreal, Quebec",14.67.4,v53085489
2013,3.00,"Montreal, Quebec",14.67.4,v53085489
2014,3.00,"Montreal, Quebec",14.67.4,v53085489
2015,1.00,"Montreal, Quebec",14.67.4,v53085489
2006,..,"Ottawa-Gatineau, Quebec part",15.67.4,v52136298
2007,..,"Ottawa-Gatineau, Quebec part",15.67.4,v52136298
2008,0.00,"Ottawa-Gatineau, Quebec part",15.67.4,v52136298
2009,0.00,"Ottawa-Gatineau, Quebec part",15.67.4,v52136298
2010,1.00,"Ottawa-Gatineau, Quebec part",15.67.4,v52136298
2011,3.00,"Ottawa-Gatineau, Quebec part",15.67.4,v52136298
2012,0.00,"Ottawa-Gatineau, Quebec part",15.67.4,v52136298
2013,1.00,"Ottawa-Gatineau, Quebec part",15.67.4,v52136298
2014,1.00,"Ottawa-Gatineau, Quebec part",15.67.4,v52136298
2015,2.00,"Ottawa-Gatineau, Quebec part",15.67.4,v52136298
2006,..,"Ontario",16.67.4,v52136411
2007,..,"Ontario",16.67.4,v52136411
2008,18.00,"Ontario",16.67.4,v52136411
2009,28.00,"Ontario",16.67.4,v52136411
2010,38.00,"Ontario",16.67.4,v52136411
2011,38.00,"Ontario",16.67.4,v52136411
2012,54.00,"Ontario",16.67.4,v52136411
2013,44.00,"Ontario",16.67.4,v52136411
2014,56.00,"Ontario",16.67.4,v52136411
2015,41.00,"Ontario",16.67.4,v52136411
2006,..,"Ottawa-Gatineau, Ontario/Quebec",17.67.4,v52148173
2007,..,"Ottawa-Gatineau, Ontario/Quebec",17.67.4,v52148173
2008,1.00,"Ottawa-Gatineau, Ontario/Quebec",17.67.4,v52148173
2009,1.00,"Ottawa-Gatineau, Ontario/Quebec",17.67.4,v52148173
2010,2.00,"Ottawa-Gatineau, Ontario/Quebec",17.67.4,v52148173
2011,4.00,"Ottawa-Gatineau, Ontario/Quebec",17.67.4,v52148173
2012,4.00,"Ottawa-Gatineau, Ontario/Quebec",17.67.4,v52148173
2013,2.00,"Ottawa-Gatineau, Ontario/Quebec",17.67.4,v52148173
2014,3.00,"Ottawa-Gatineau, Ontario/Quebec",17.67.4,v52148173
2015,4.00,"Ottawa-Gatineau, Ontario/Quebec",17.67.4,v52148173
2006,..,"Ottawa-Gatineau, Ontario part",18.67.4,v52136523
2007,..,"Ottawa-Gatineau, Ontario part",18.67.4,v52136523
2008,1.00,"Ottawa-Gatineau, Ontario part",18.67.4,v52136523
2009,1.00,"Ottawa-Gatineau, Ontario part",18.67.4,v52136523
2010,1.00,"Ottawa-Gatineau, Ontario part",18.67.4,v52136523
2011,1.00,"Ottawa-Gatineau, Ontario part",18.67.4,v52136523
2012,4.00,"Ottawa-Gatineau, Ontario part",18.67.4,v52136523
2013,1.00,"Ottawa-Gatineau, Ontario part",18.67.4,v52136523
2014,2.00,"Ottawa-Gatineau, Ontario part",18.67.4,v52136523
2015,2.00,"Ottawa-Gatineau, Ontario part",18.67.4,v52136523
2006,..,"Kingston, Ontario",27.67.4,v54048994
2007,..,"Kingston, Ontario",27.67.4,v54048994
2008,0.00,"Kingston, Ontario",27.67.4,v54048994
2009,0.00,"Kingston, Ontario",27.67.4,v54048994
2010,1.00,"Kingston, Ontario",27.67.4,v54048994
2011,0.00,"Kingston, Ontario",27.67.4,v54048994
2012,0.00,"Kingston, Ontario",27.67.4,v54048994
2013,0.00,"Kingston, Ontario",27.67.4,v54048994
2014,0.00,"Kingston, Ontario",27.67.4,v54048994
2015,0.00,"Kingston, Ontario",27.67.4,v54048994
2006,..,"Peterborough, Ontario",44.67.4,v52122452
2007,..,"Peterborough, Ontario",44.67.4,v52122452
2008,0.00,"Peterborough, Ontario",44.67.4,v52122452
2009,0.00,"Peterborough, Ontario",44.67.4,v52122452
2010,0.00,"Peterborough, Ontario",44.67.4,v52122452
2011,1.00,"Peterborough, Ontario",44.67.4,v52122452
2012,0.00,"Peterborough, Ontario",44.67.4,v52122452
2013,3.00,"Peterborough, Ontario",44.67.4,v52122452
2014,0.00,"Peterborough, Ontario",44.67.4,v52122452
2015,0.00,"Peterborough, Ontario",44.67.4,v52122452
2006,..,"Toronto, Ontario",19.67.4,v52136635
2007,..,"Toronto, Ontario",19.67.4,v52136635
2008,0.00,"Toronto, Ontario",19.67.4,v52136635
2009,3.00,"Toronto, Ontario",19.67.4,v52136635
2010,4.00,"Toronto, Ontario",19.67.4,v52136635
2011,3.00,"Toronto, Ontario",19.67.4,v52136635
2012,4.00,"Toronto, Ontario",19.67.4,v52136635
2013,2.00,"Toronto, Ontario",19.67.4,v52136635
2014,3.00,"Toronto, Ontario",19.67.4,v52136635
2015,2.00,"Toronto, Ontario",19.67.4,v52136635
2006,..,"Hamilton, Ontario",20.67.4,v53088301
2007,..,"Hamilton, Ontario",20.67.4,v53088301
2008,0.00,"Hamilton, Ontario",20.67.4,v53088301
2009,0.00,"Hamilton, Ontario",20.67.4,v53088301
2010,0.00,"Hamilton, Ontario",20.67.4,v53088301
2011,0.00,"Hamilton, Ontario",20.67.4,v53088301
2012,0.00,"Hamilton, Ontario",20.67.4,v53088301
2013,0.00,"Hamilton, Ontario",20.67.4,v53088301
2014,2.00,"Hamilton, Ontario",20.67.4,v53088301
2015,0.00,"Hamilton, Ontario",20.67.4,v53088301
2006,..,"St.Catharines-Niagara, Ontario",21.67.4,v54048986
2007,..,"St.Catharines-Niagara, Ontario",21.67.4,v54048986
2008,0.00,"St.Catharines-Niagara, Ontario",21.67.4,v54048986
2009,0.00,"St.Catharines-Niagara, Ontario",21.67.4,v54048986
2010,4.00,"St.Catharines-Niagara, Ontario",21.67.4,v54048986
2011,0.00,"St.Catharines-Niagara, Ontario",21.67.4,v54048986
2012,1.00,"St.Catharines-Niagara, Ontario",21.67.4,v54048986
2013,0.00,"St.Catharines-Niagara, Ontario",21.67.4,v54048986
2014,0.00,"St.Catharines-Niagara, Ontario",21.67.4,v54048986
2015,1.00,"St.Catharines-Niagara, Ontario",21.67.4,v54048986
2006,..,"Kitchener-Cambridge-Waterloo, Ontario",22.67.4,v62059808
2007,..,"Kitchener-Cambridge-Waterloo, Ontario",22.67.4,v62059808
2008,0.00,"Kitchener-Cambridge-Waterloo, Ontario",22.67.4,v62059808
2009,0.00,"Kitchener-Cambridge-Waterloo, Ontario",22.67.4,v62059808
2010,0.00,"Kitchener-Cambridge-Waterloo, Ontario",22.67.4,v62059808
2011,0.00,"Kitchener-Cambridge-Waterloo, Ontario",22.67.4,v62059808
2012,3.00,"Kitchener-Cambridge-Waterloo, Ontario",22.67.4,v62059808
2013,0.00,"Kitchener-Cambridge-Waterloo, Ontario",22.67.4,v62059808
2014,0.00,"Kitchener-Cambridge-Waterloo, Ontario",22.67.4,v62059808
2015,1.00,"Kitchener-Cambridge-Waterloo, Ontario",22.67.4,v62059808
2006,..,"Brantford, Ontario",45.67.4,v52119087
2007,..,"Brantford, Ontario",45.67.4,v52119087
2008,0.00,"Brantford, Ontario",45.67.4,v52119087
2009,0.00,"Brantford, Ontario",45.67.4,v52119087
2010,0.00,"Brantford, Ontario",45.67.4,v52119087
2011,0.00,"Brantford, Ontario",45.67.4,v52119087
2012,0.00,"Brantford, Ontario",45.67.4,v52119087
2013,5.00,"Brantford, Ontario",45.67.4,v52119087
2014,0.00,"Brantford, Ontario",45.67.4,v52119087
2015,2.00,"Brantford, Ontario",45.67.4,v52119087
2006,..,"Guelph, Ontario",46.67.4,v62135408
2007,..,"Guelph, Ontario",46.67.4,v62135408
2008,0.00,"Guelph, Ontario",46.67.4,v62135408
2009,0.00,"Guelph, Ontario",46.67.4,v62135408
2010,0.00,"Guelph, Ontario",46.67.4,v62135408
2011,0.00,"Guelph, Ontario",46.67.4,v62135408
2012,1.00,"Guelph, Ontario",46.67.4,v62135408
2013,0.00,"Guelph, Ontario",46.67.4,v62135408
2014,0.00,"Guelph, Ontario",46.67.4,v62135408
2015,0.00,"Guelph, Ontario",46.67.4,v62135408
2006,..,"London, Ontario",23.67.4,v52136903
2007,..,"London, Ontario",23.67.4,v52136903
2008,0.00,"London, Ontario",23.67.4,v52136903
2009,1.00,"London, Ontario",23.67.4,v52136903
2010,1.00,"London, Ontario",23.67.4,v52136903
2011,1.00,"London, Ontario",23.67.4,v52136903
2012,0.00,"London, Ontario",23.67.4,v52136903
2013,1.00,"London, Ontario",23.67.4,v52136903
2014,5.00,"London, Ontario",23.67.4,v52136903
2015,2.00,"London, Ontario",23.67.4,v52136903
2006,..,"Windsor, Ontario",24.67.4,v53087948
2007,..,"Windsor, Ontario",24.67.4,v53087948
2008,0.00,"Windsor, Ontario",24.67.4,v53087948
2009,2.00,"Windsor, Ontario",24.67.4,v53087948
2010,0.00,"Windsor, Ontario",24.67.4,v53087948
2011,0.00,"Windsor, Ontario",24.67.4,v53087948
2012,2.00,"Windsor, Ontario",24.67.4,v53087948
2013,3.00,"Windsor, Ontario",24.67.4,v53087948
2014,1.00,"Windsor, Ontario",24.67.4,v53087948
2015,5.00,"Windsor, Ontario",24.67.4,v53087948
2006,..,"Barrie, Ontario",47.67.4,v53088957
2007,..,"Barrie, Ontario",47.67.4,v53088957
2008,0.00,"Barrie, Ontario",47.67.4,v53088957
2009,1.00,"Barrie, Ontario",47.67.4,v53088957
2010,0.00,"Barrie, Ontario",47.67.4,v53088957
2011,0.00,"Barrie, Ontario",47.67.4,v53088957
2012,0.00,"Barrie, Ontario",47.67.4,v53088957
2013,1.00,"Barrie, Ontario",47.67.4,v53088957
2014,0.00,"Barrie, Ontario",47.67.4,v53088957
2015,1.00,"Barrie, Ontario",47.67.4,v53088957
2006,..,"Sudbury, Ontario",25.67.4,v52136948
2007,..,"Sudbury, Ontario",25.67.4,v52136948
2008,0.00,"Sudbury, Ontario",25.67.4,v52136948
2009,0.00,"Sudbury, Ontario",25.67.4,v52136948
2010,0.00,"Sudbury, Ontario",25.67.4,v52136948
2011,5.00,"Sudbury, Ontario",25.67.4,v52136948
2012,0.00,"Sudbury, Ontario",25.67.4,v52136948
2013,4.00,"Sudbury, Ontario",25.67.4,v52136948
2014,0.00,"Sudbury, Ontario",25.67.4,v52136948
2015,2.00,"Sudbury, Ontario",25.67.4,v52136948
2006,..,"Thunder Bay, Ontario",26.67.4,v62072408
2007,..,"Thunder Bay, Ontario",26.67.4,v62072408
2008,0.00,"Thunder Bay, Ontario",26.67.4,v62072408
2009,0.00,"Thunder Bay, Ontario",26.67.4,v62072408
2010,0.00,"Thunder Bay, Ontario",26.67.4,v62072408
2011,0.00,"Thunder Bay, Ontario",26.67.4,v62072408
2012,0.00,"Thunder Bay, Ontario",26.67.4,v62072408
2013,0.00,"Thunder Bay, Ontario",26.67.4,v62072408
2014,0.00,"Thunder Bay, Ontario",26.67.4,v62072408
2015,0.00,"Thunder Bay, Ontario",26.67.4,v62072408
2006,..,"Manitoba",28.67.4,v52137016
2007,..,"Manitoba",28.67.4,v52137016
2008,0.00,"Manitoba",28.67.4,v52137016
2009,2.00,"Manitoba",28.67.4,v52137016
2010,6.00,"Manitoba",28.67.4,v52137016
2011,11.00,"Manitoba",28.67.4,v52137016
2012,15.00,"Manitoba",28.67.4,v52137016
2013,8.00,"Manitoba",28.67.4,v52137016
2014,10.00,"Manitoba",28.67.4,v52137016
2015,7.00,"Manitoba",28.67.4,v52137016
2006,..,"Winnipeg, Manitoba",29.67.4,v62081858
2007,..,"Winnipeg, Manitoba",29.67.4,v62081858
2008,0.00,"Winnipeg, Manitoba",29.67.4,v62081858
2009,0.00,"Winnipeg, Manitoba",29.67.4,v62081858
2010,0.00,"Winnipeg, Manitoba",29.67.4,v62081858
2011,6.00,"Winnipeg, Manitoba",29.67.4,v62081858
2012,8.00,"Winnipeg, Manitoba",29.67.4,v62081858
2013,1.00,"Winnipeg, Manitoba",29.67.4,v62081858
2014,2.00,"Winnipeg, Manitoba",29.67.4,v62081858
2015,0.00,"Winnipeg, Manitoba",29.67.4,v62081858
2006,..,"Saskatchewan",30.67.4,v52137182
2007,..,"Saskatchewan",30.67.4,v52137182
2008,2.00,"Saskatchewan",30.67.4,v52137182
2009,6.00,"Saskatchewan",30.67.4,v52137182
2010,12.00,"Saskatchewan",30.67.4,v52137182
2011,12.00,"Saskatchewan",30.67.4,v52137182
2012,15.00,"Saskatchewan",30.67.4,v52137182
2013,15.00,"Saskatchewan",30.67.4,v52137182
2014,19.00,"Saskatchewan",30.67.4,v52137182
2015,16.00,"Saskatchewan",30.67.4,v52137182
2006,..,"Regina, Saskatchewan",31.67.4,v53096387
2007,..,"Regina, Saskatchewan",31.67.4,v53096387
2008,0.00,"Regina, Saskatchewan",31.67.4,v53096387
2009,2.00,"Regina, Saskatchewan",31.67.4,v53096387
2010,1.00,"Regina, Saskatchewan",31.67.4,v53096387
2011,2.00,"Regina, Saskatchewan",31.67.4,v53096387
2012,0.00,"Regina, Saskatchewan",31.67.4,v53096387
2013,1.00,"Regina, Saskatchewan",31.67.4,v53096387
2014,1.00,"Regina, Saskatchewan",31.67.4,v53096387
2015,1.00,"Regina, Saskatchewan",31.67.4,v53096387
2006,..,"Saskatoon, Saskatchewan",32.67.4,v53090779
2007,..,"Saskatoon, Saskatchewan",32.67.4,v53090779
2008,0.00,"Saskatoon, Saskatchewan",32.67.4,v53090779
2009,1.00,"Saskatoon, Saskatchewan",32.67.4,v53090779
2010,1.00,"Saskatoon, Saskatchewan",32.67.4,v53090779
2011,1.00,"Saskatoon, Saskatchewan",32.67.4,v53090779
2012,3.00,"Saskatoon, Saskatchewan",32.67.4,v53090779
2013,4.00,"Saskatoon, Saskatchewan",32.67.4,v53090779
2014,3.00,"Saskatoon, Saskatchewan",32.67.4,v53090779
2015,3.00,"Saskatoon, Saskatchewan",32.67.4,v53090779
2006,..,"Alberta",33.67.4,v52137317
2007,..,"Alberta",33.67.4,v52137317
2008,2.00,"Alberta",33.67.4,v52137317
2009,8.00,"Alberta",33.67.4,v52137317
2010,8.00,"Alberta",33.67.4,v52137317
2011,10.00,"Alberta",33.67.4,v52137317
2012,12.00,"Alberta",33.67.4,v52137317
2013,13.00,"Alberta",33.67.4,v52137317
2014,14.00,"Alberta",33.67.4,v52137317
2015,30.00,"Alberta",33.67.4,v52137317
2006,..,"Calgary, Alberta",34.67.4,v62097608
2007,..,"Calgary, Alberta",34.67.4,v62097608
2008,0.00,"Calgary, Alberta",34.67.4,v62097608
2009,0.00,"Calgary, Alberta",34.67.4,v62097608
2010,0.00,"Calgary, Alberta",34.67.4,v62097608
2011,0.00,"Calgary, Alberta",34.67.4,v62097608
2012,0.00,"Calgary, Alberta",34.67.4,v62097608
2013,2.00,"Calgary, Alberta",34.67.4,v62097608
2014,1.00,"Calgary, Alberta",34.67.4,v62097608
2015,5.00,"Calgary, Alberta",34.67.4,v62097608
2006,..,"Edmonton, Alberta",35.67.4,v52137395
2007,..,"Edmonton, Alberta",35.67.4,v52137395
2008,0.00,"Edmonton, Alberta",35.67.4,v52137395
2009,0.00,"Edmonton, Alberta",35.67.4,v52137395
2010,0.00,"Edmonton, Alberta",35.67.4,v52137395
2011,1.00,"Edmonton, Alberta",35.67.4,v52137395
2012,2.00,"Edmonton, Alberta",35.67.4,v52137395
2013,3.00,"Edmonton, Alberta",35.67.4,v52137395
2014,0.00,"Edmonton, Alberta",35.67.4,v52137395
2015,10.00,"Edmonton, Alberta",35.67.4,v52137395
2006,..,"British Columbia",36.67.4,v52137546
2007,..,"British Columbia",36.67.4,v52137546
2008,1.00,"British Columbia",36.67.4,v52137546
2009,7.00,"British Columbia",36.67.4,v52137546
2010,4.00,"British Columbia",36.67.4,v52137546
2011,6.00,"British Columbia",36.67.4,v52137546
2012,15.00,"British Columbia",36.67.4,v52137546
2013,12.00,"British Columbia",36.67.4,v52137546
2014,8.00,"British Columbia",36.67.4,v52137546
2015,14.00,"British Columbia",36.67.4,v52137546
2006,..,"Kelowna, British Columbia",48.67.4,v62141708
2007,..,"Kelowna, British Columbia",48.67.4,v62141708
2008,0.00,"Kelowna, British Columbia",48.67.4,v62141708
2009,0.00,"Kelowna, British Columbia",48.67.4,v62141708
2010,0.00,"Kelowna, British Columbia",48.67.4,v62141708
2011,1.00,"Kelowna, British Columbia",48.67.4,v62141708
2012,2.00,"Kelowna, British Columbia",48.67.4,v62141708
2013,2.00,"Kelowna, British Columbia",48.67.4,v62141708
2014,1.00,"Kelowna, British Columbia",48.67.4,v62141708
2015,2.00,"Kelowna, British Columbia",48.67.4,v62141708
2006,..,"Abbotsford-Mission, British Columbia",39.67.4,v52137822
2007,..,"Abbotsford-Mission, British Columbia",39.67.4,v52137822
2008,1.00,"Abbotsford-Mission, British Columbia",39.67.4,v52137822
2009,1.00,"Abbotsford-Mission, British Columbia",39.67.4,v52137822
2010,1.00,"Abbotsford-Mission, British Columbia",39.67.4,v52137822
2011,0.00,"Abbotsford-Mission, British Columbia",39.67.4,v52137822
2012,0.00,"Abbotsford-Mission, British Columbia",39.67.4,v52137822
2013,0.00,"Abbotsford-Mission, British Columbia",39.67.4,v52137822
2014,0.00,"Abbotsford-Mission, British Columbia",39.67.4,v52137822
2015,0.00,"Abbotsford-Mission, British Columbia",39.67.4,v52137822
2006,..,"Vancouver, British Columbia",37.67.4,v53098090
2007,..,"Vancouver, British Columbia",37.67.4,v53098090
2008,0.00,"Vancouver, British Columbia",37.67.4,v53098090
2009,0.00,"Vancouver, British Columbia",37.67.4,v53098090
2010,1.00,"Vancouver, British Columbia",37.67.4,v53098090
2011,3.00,"Vancouver, British Columbia",37.67.4,v53098090
2012,1.00,"Vancouver, British Columbia",37.67.4,v53098090
2013,6.00,"Vancouver, British Columbia",37.67.4,v53098090
2014,2.00,"Vancouver, British Columbia",37.67.4,v53098090
2015,2.00,"Vancouver, British Columbia",37.67.4,v53098090
2006,..,"Victoria, British Columbia",38.67.4,v52137766
2007,..,"Victoria, British Columbia",38.67.4,v52137766
2008,0.00,"Victoria, British Columbia",38.67.4,v52137766
2009,0.00,"Victoria, British Columbia",38.67.4,v52137766
2010,1.00,"Victoria, British Columbia",38.67.4,v52137766
2011,0.00,"Victoria, British Columbia",38.67.4,v52137766
2012,0.00,"Victoria, British Columbia",38.67.4,v52137766
2013,0.00,"Victoria, British Columbia",38.67.4,v52137766
2014,0.00,"Victoria, British Columbia",38.67.4,v52137766
2015,0.00,"Victoria, British Columbia",38.67.4,v52137766
2006,..,"Yukon",40.67.4,v53094442
2007,..,"Yukon",40.67.4,v53094442
2008,0.00,"Yukon",40.67.4,v53094442
2009,1.00,"Yukon",40.67.4,v53094442
2010,1.00,"Yukon",40.67.4,v53094442
2011,0.00,"Yukon",40.67.4,v53094442
2012,0.00,"Yukon",40.67.4,v53094442
2013,0.00,"Yukon",40.67.4,v53094442
2014,0.00,"Yukon",40.67.4,v53094442
2015,0.00,"Yukon",40.67.4,v53094442
2006,..,"Northwest Territories",41.67.4,v62119658
2007,..,"Northwest Territories",41.67.4,v62119658
2008,0.00,"Northwest Territories",41.67.4,v62119658
2009,0.00,"Northwest Territories",41.67.4,v62119658
2010,0.00,"Northwest Territories",41.67.4,v62119658
2011,0.00,"Northwest Territories",41.67.4,v62119658
2012,0.00,"Northwest Territories",41.67.4,v62119658
2013,0.00,"Northwest Territories",41.67.4,v62119658
2014,1.00,"Northwest Territories",41.67.4,v62119658
2015,1.00,"Northwest Territories",41.67.4,v62119658
2006,..,"Nunavut",42.67.4,v62122808
2007,..,"Nunavut",42.67.4,v62122808
2008,0.00,"Nunavut",42.67.4,v62122808
2009,0.00,"Nunavut",42.67.4,v62122808
2010,0.00,"Nunavut",42.67.4,v62122808
2011,2.00,"Nunavut",42.67.4,v62122808
2012,0.00,"Nunavut",42.67.4,v62122808
2013,2.00,"Nunavut",42.67.4,v62122808
2014,0.00,"Nunavut",42.67.4,v62122808
2015,2.00,"Nunavut",42.67.4,v62122808
