1998,28.28,"Canada",1.78.8,v44402769
1999,23.11,"Canada",1.78.8,v44402769
2000,21.62,"Canada",1.78.8,v44402769
2001,20.46,"Canada",1.78.8,v44402769
2002,19.47,"Canada",1.78.8,v44402769
2003,18.83,"Canada",1.78.8,v44402769
2004,15.58,"Canada",1.78.8,v44402769
2005,11.47,"Canada",1.78.8,v44402769
2006,10.64,"Canada",1.78.8,v44402769
2007,7.72,"Canada",1.78.8,v44402769
2008,7.73,"Canada",1.78.8,v44402769
2009,8.75,"Canada",1.78.8,v44402769
2010,8.93,"Canada",1.78.8,v44402769
2011,10.03,"Canada",1.78.8,v44402769
2012,10.08,"Canada",1.78.8,v44402769
2013,8.88,"Canada",1.78.8,v44402769
2014,8.36,"Canada",1.78.8,v44402769
2015,8.30,"Canada",1.78.8,v44402769
1998,17.67,"Newfoundland and Labrador",2.78.8,v44337481
1999,21.29,"Newfoundland and Labrador",2.78.8,v44337481
2000,10.28,"Newfoundland and Labrador",2.78.8,v44337481
2001,18.51,"Newfoundland and Labrador",2.78.8,v44337481
2002,20.72,"Newfoundland and Labrador",2.78.8,v44337481
2003,14.52,"Newfoundland and Labrador",2.78.8,v44337481
2004,14.73,"Newfoundland and Labrador",2.78.8,v44337481
2005,11.48,"Newfoundland and Labrador",2.78.8,v44337481
2006,6.66,"Newfoundland and Labrador",2.78.8,v44337481
2007,4.45,"Newfoundland and Labrador",2.78.8,v44337481
2008,4.20,"Newfoundland and Labrador",2.78.8,v44337481
2009,6.35,"Newfoundland and Labrador",2.78.8,v44337481
2010,4.55,"Newfoundland and Labrador",2.78.8,v44337481
2011,6.67,"Newfoundland and Labrador",2.78.8,v44337481
2012,6.43,"Newfoundland and Labrador",2.78.8,v44337481
2013,7.27,"Newfoundland and Labrador",2.78.8,v44337481
2014,6.40,"Newfoundland and Labrador",2.78.8,v44337481
2015,6.84,"Newfoundland and Labrador",2.78.8,v44337481
1998,0.00,"St. John's, Newfoundland and Labrador",3.78.8,v44332192
1999,0.00,"St. John's, Newfoundland and Labrador",3.78.8,v44332192
2000,0.00,"St. John's, Newfoundland and Labrador",3.78.8,v44332192
2001,0.00,"St. John's, Newfoundland and Labrador",3.78.8,v44332192
2002,0.00,"St. John's, Newfoundland and Labrador",3.78.8,v44332192
2003,0.00,"St. John's, Newfoundland and Labrador",3.78.8,v44332192
2004,13.42,"St. John's, Newfoundland and Labrador",3.78.8,v44332192
2005,12.06,"St. John's, Newfoundland and Labrador",3.78.8,v44332192
2006,9.43,"St. John's, Newfoundland and Labrador",3.78.8,v44332192
2007,8.70,"St. John's, Newfoundland and Labrador",3.78.8,v44332192
2008,6.71,"St. John's, Newfoundland and Labrador",3.78.8,v44332192
2009,6.56,"St. John's, Newfoundland and Labrador",3.78.8,v44332192
2010,5.82,"St. John's, Newfoundland and Labrador",3.78.8,v44332192
2011,8.58,"St. John's, Newfoundland and Labrador",3.78.8,v44332192
2012,3.40,"St. John's, Newfoundland and Labrador",3.78.8,v44332192
2013,5.61,"St. John's, Newfoundland and Labrador",3.78.8,v44332192
2014,1.11,"St. John's, Newfoundland and Labrador",3.78.8,v44332192
2015,7.20,"St. John's, Newfoundland and Labrador",3.78.8,v44332192
1998,29.01,"Prince Edward Island",4.78.8,v44381297
1999,27.91,"Prince Edward Island",4.78.8,v44381297
2000,22.56,"Prince Edward Island",4.78.8,v44381297
2001,41.39,"Prince Edward Island",4.78.8,v44381297
2002,33.39,"Prince Edward Island",4.78.8,v44381297
2003,20.39,"Prince Edward Island",4.78.8,v44381297
2004,33.72,"Prince Edward Island",4.78.8,v44381297
2005,14.23,"Prince Edward Island",4.78.8,v44381297
2006,15.87,"Prince Edward Island",4.78.8,v44381297
2007,8.35,"Prince Edward Island",4.78.8,v44381297
2008,8.27,"Prince Edward Island",4.78.8,v44381297
2009,9.83,"Prince Edward Island",4.78.8,v44381297
2010,18.57,"Prince Edward Island",4.78.8,v44381297
2011,17.45,"Prince Edward Island",4.78.8,v44381297
2012,16.50,"Prince Edward Island",4.78.8,v44381297
2013,11.78,"Prince Edward Island",4.78.8,v44381297
2014,11.74,"Prince Edward Island",4.78.8,v44381297
2015,13.30,"Prince Edward Island",4.78.8,v44381297
1998,35.81,"Nova Scotia",5.78.8,v44364973
1999,34.47,"Nova Scotia",5.78.8,v44364973
2000,24.23,"Nova Scotia",5.78.8,v44364973
2001,20.43,"Nova Scotia",5.78.8,v44364973
2002,18.05,"Nova Scotia",5.78.8,v44364973
2003,26.38,"Nova Scotia",5.78.8,v44364973
2004,18.05,"Nova Scotia",5.78.8,v44364973
2005,6.33,"Nova Scotia",5.78.8,v44364973
2006,10.19,"Nova Scotia",5.78.8,v44364973
2007,3.89,"Nova Scotia",5.78.8,v44364973
2008,5.81,"Nova Scotia",5.78.8,v44364973
2009,5.19,"Nova Scotia",5.78.8,v44364973
2010,6.00,"Nova Scotia",5.78.8,v44364973
2011,12.55,"Nova Scotia",5.78.8,v44364973
2012,11.81,"Nova Scotia",5.78.8,v44364973
2013,12.18,"Nova Scotia",5.78.8,v44364973
2014,10.15,"Nova Scotia",5.78.8,v44364973
2015,7.64,"Nova Scotia",5.78.8,v44364973
1998,0.00,"Halifax, Nova Scotia",6.78.8,v44342547
1999,0.00,"Halifax, Nova Scotia",6.78.8,v44342547
2000,0.00,"Halifax, Nova Scotia",6.78.8,v44342547
2001,0.00,"Halifax, Nova Scotia",6.78.8,v44342547
2002,0.00,"Halifax, Nova Scotia",6.78.8,v44342547
2003,0.00,"Halifax, Nova Scotia",6.78.8,v44342547
2004,10.25,"Halifax, Nova Scotia",6.78.8,v44342547
2005,8.38,"Halifax, Nova Scotia",6.78.8,v44342547
2006,9.49,"Halifax, Nova Scotia",6.78.8,v44342547
2007,2.95,"Halifax, Nova Scotia",6.78.8,v44342547
2008,2.92,"Halifax, Nova Scotia",6.78.8,v44342547
2009,2.31,"Halifax, Nova Scotia",6.78.8,v44342547
2010,3.70,"Halifax, Nova Scotia",6.78.8,v44342547
2011,21.67,"Halifax, Nova Scotia",6.78.8,v44342547
2012,14.73,"Halifax, Nova Scotia",6.78.8,v44342547
2013,15.43,"Halifax, Nova Scotia",6.78.8,v44342547
2014,9.56,"Halifax, Nova Scotia",6.78.8,v44342547
2015,9.73,"Halifax, Nova Scotia",6.78.8,v44342547
1998,38.98,"New Brunswick",7.78.8,v44357726
1999,28.44,"New Brunswick",7.78.8,v44357726
2000,16.73,"New Brunswick",7.78.8,v44357726
2001,11.59,"New Brunswick",7.78.8,v44357726
2002,10.63,"New Brunswick",7.78.8,v44357726
2003,14.12,"New Brunswick",7.78.8,v44357726
2004,16.37,"New Brunswick",7.78.8,v44357726
2005,7.18,"New Brunswick",7.78.8,v44357726
2006,8.40,"New Brunswick",7.78.8,v44357726
2007,10.98,"New Brunswick",7.78.8,v44357726
2008,11.10,"New Brunswick",7.78.8,v44357726
2009,8.93,"New Brunswick",7.78.8,v44357726
2010,14.15,"New Brunswick",7.78.8,v44357726
2011,13.93,"New Brunswick",7.78.8,v44357726
2012,9.27,"New Brunswick",7.78.8,v44357726
2013,8.53,"New Brunswick",7.78.8,v44357726
2014,7.34,"New Brunswick",7.78.8,v44357726
2015,7.94,"New Brunswick",7.78.8,v44357726
2005,..,"Moncton, New Brunswick",43.78.8,v52121102
2006,7.90,"Moncton, New Brunswick",43.78.8,v52121102
2007,7.81,"Moncton, New Brunswick",43.78.8,v52121102
2008,6.85,"Moncton, New Brunswick",43.78.8,v52121102
2009,7.58,"Moncton, New Brunswick",43.78.8,v52121102
2010,9.11,"Moncton, New Brunswick",43.78.8,v52121102
2011,20.38,"Moncton, New Brunswick",43.78.8,v52121102
2012,6.43,"Moncton, New Brunswick",43.78.8,v52121102
2013,7.98,"Moncton, New Brunswick",43.78.8,v52121102
2014,5.15,"Moncton, New Brunswick",43.78.8,v52121102
2015,10.93,"Moncton, New Brunswick",43.78.8,v52121102
1998,0.00,"Saint John, New Brunswick",8.78.8,v44408212
1999,0.00,"Saint John, New Brunswick",8.78.8,v44408212
2000,0.00,"Saint John, New Brunswick",8.78.8,v44408212
2001,0.00,"Saint John, New Brunswick",8.78.8,v44408212
2002,0.00,"Saint John, New Brunswick",8.78.8,v44408212
2003,0.00,"Saint John, New Brunswick",8.78.8,v44408212
2004,8.87,"Saint John, New Brunswick",8.78.8,v44408212
2005,17.73,"Saint John, New Brunswick",8.78.8,v44408212
2006,4.02,"Saint John, New Brunswick",8.78.8,v44408212
2007,7.19,"Saint John, New Brunswick",8.78.8,v44408212
2008,13.51,"Saint John, New Brunswick",8.78.8,v44408212
2009,12.60,"Saint John, New Brunswick",8.78.8,v44408212
2010,25.83,"Saint John, New Brunswick",8.78.8,v44408212
2011,19.46,"Saint John, New Brunswick",8.78.8,v44408212
2012,16.35,"Saint John, New Brunswick",8.78.8,v44408212
2013,18.76,"Saint John, New Brunswick",8.78.8,v44408212
2014,18.78,"Saint John, New Brunswick",8.78.8,v44408212
2015,8.09,"Saint John, New Brunswick",8.78.8,v44408212
1998,18.80,"Quebec",9.78.8,v44395710
1999,17.66,"Quebec",9.78.8,v44395710
2000,17.72,"Quebec",9.78.8,v44395710
2001,16.53,"Quebec",9.78.8,v44395710
2002,17.42,"Quebec",9.78.8,v44395710
2003,15.64,"Quebec",9.78.8,v44395710
2004,14.65,"Quebec",9.78.8,v44395710
2005,13.90,"Quebec",9.78.8,v44395710
2006,14.55,"Quebec",9.78.8,v44395710
2007,9.80,"Quebec",9.78.8,v44395710
2008,12.32,"Quebec",9.78.8,v44395710
2009,14.09,"Quebec",9.78.8,v44395710
2010,15.03,"Quebec",9.78.8,v44395710
2011,13.99,"Quebec",9.78.8,v44395710
2012,12.90,"Quebec",9.78.8,v44395710
2013,11.33,"Quebec",9.78.8,v44395710
2014,8.84,"Quebec",9.78.8,v44395710
2015,9.17,"Quebec",9.78.8,v44395710
1998,0.00,"Saguenay, Quebec",10.78.8,v44334580
1999,0.00,"Saguenay, Quebec",10.78.8,v44334580
2000,0.00,"Saguenay, Quebec",10.78.8,v44334580
2001,0.00,"Saguenay, Quebec",10.78.8,v44334580
2002,0.00,"Saguenay, Quebec",10.78.8,v44334580
2003,0.00,"Saguenay, Quebec",10.78.8,v44334580
2004,4.61,"Saguenay, Quebec",10.78.8,v44334580
2005,9.26,"Saguenay, Quebec",10.78.8,v44334580
2006,6.18,"Saguenay, Quebec",10.78.8,v44334580
2007,11.58,"Saguenay, Quebec",10.78.8,v44334580
2008,6.15,"Saguenay, Quebec",10.78.8,v44334580
2009,14.56,"Saguenay, Quebec",10.78.8,v44334580
2010,10.68,"Saguenay, Quebec",10.78.8,v44334580
2011,13.46,"Saguenay, Quebec",10.78.8,v44334580
2012,9.40,"Saguenay, Quebec",10.78.8,v44334580
2013,7.39,"Saguenay, Quebec",10.78.8,v44334580
2014,12.76,"Saguenay, Quebec",10.78.8,v44334580
2015,13.48,"Saguenay, Quebec",10.78.8,v44334580
1998,0.00,"Sherbrooke, Quebec",12.78.8,v44336480
1999,0.00,"Sherbrooke, Quebec",12.78.8,v44336480
2000,0.00,"Sherbrooke, Quebec",12.78.8,v44336480
2001,0.00,"Sherbrooke, Quebec",12.78.8,v44336480
2002,0.00,"Sherbrooke, Quebec",12.78.8,v44336480
2003,0.00,"Sherbrooke, Quebec",12.78.8,v44336480
2004,25.97,"Sherbrooke, Quebec",12.78.8,v44336480
2005,10.11,"Sherbrooke, Quebec",12.78.8,v44336480
2006,9.53,"Sherbrooke, Quebec",12.78.8,v44336480
2007,11.33,"Sherbrooke, Quebec",12.78.8,v44336480
2008,11.81,"Sherbrooke, Quebec",12.78.8,v44336480
2009,10.42,"Sherbrooke, Quebec",12.78.8,v44336480
2010,19.98,"Sherbrooke, Quebec",12.78.8,v44336480
2011,10.73,"Sherbrooke, Quebec",12.78.8,v44336480
2012,9.41,"Sherbrooke, Quebec",12.78.8,v44336480
2013,13.96,"Sherbrooke, Quebec",12.78.8,v44336480
2014,5.75,"Sherbrooke, Quebec",12.78.8,v44336480
2015,12.57,"Sherbrooke, Quebec",12.78.8,v44336480
1998,0.00,"Ottawa-Gatineau, Quebec part",15.78.8,v44378015
1999,0.00,"Ottawa-Gatineau, Quebec part",15.78.8,v44378015
2000,0.00,"Ottawa-Gatineau, Quebec part",15.78.8,v44378015
2001,0.00,"Ottawa-Gatineau, Quebec part",15.78.8,v44378015
2002,0.00,"Ottawa-Gatineau, Quebec part",15.78.8,v44378015
2003,0.00,"Ottawa-Gatineau, Quebec part",15.78.8,v44378015
2004,28.38,"Ottawa-Gatineau, Quebec part",15.78.8,v44378015
2005,21.31,"Ottawa-Gatineau, Quebec part",15.78.8,v44378015
2006,21.00,"Ottawa-Gatineau, Quebec part",15.78.8,v44378015
2007,13.47,"Ottawa-Gatineau, Quebec part",15.78.8,v44378015
2008,20.21,"Ottawa-Gatineau, Quebec part",15.78.8,v44378015
2009,20.58,"Ottawa-Gatineau, Quebec part",15.78.8,v44378015
2010,27.66,"Ottawa-Gatineau, Quebec part",15.78.8,v44378015
2011,11.38,"Ottawa-Gatineau, Quebec part",15.78.8,v44378015
2012,24.29,"Ottawa-Gatineau, Quebec part",15.78.8,v44378015
2013,10.78,"Ottawa-Gatineau, Quebec part",15.78.8,v44378015
2014,9.63,"Ottawa-Gatineau, Quebec part",15.78.8,v44378015
2015,13.85,"Ottawa-Gatineau, Quebec part",15.78.8,v44378015
1998,18.79,"Ontario",16.78.8,v44342874
1999,15.16,"Ontario",16.78.8,v44342874
2000,14.91,"Ontario",16.78.8,v44342874
2001,12.08,"Ontario",16.78.8,v44342874
2002,10.42,"Ontario",16.78.8,v44342874
2003,6.93,"Ontario",16.78.8,v44342874
2004,6.37,"Ontario",16.78.8,v44342874
2005,6.70,"Ontario",16.78.8,v44342874
2006,6.14,"Ontario",16.78.8,v44342874
2007,5.75,"Ontario",16.78.8,v44342874
2008,5.40,"Ontario",16.78.8,v44342874
2009,6.35,"Ontario",16.78.8,v44342874
2010,5.66,"Ontario",16.78.8,v44342874
2011,7.48,"Ontario",16.78.8,v44342874
2012,8.64,"Ontario",16.78.8,v44342874
2013,7.68,"Ontario",16.78.8,v44342874
2014,7.92,"Ontario",16.78.8,v44342874
2015,7.39,"Ontario",16.78.8,v44342874
1998,0.00,"Ottawa-Gatineau, Ontario/Quebec",17.78.8,v52148321
1999,0.00,"Ottawa-Gatineau, Ontario/Quebec",17.78.8,v52148321
2000,0.00,"Ottawa-Gatineau, Ontario/Quebec",17.78.8,v52148321
2001,0.00,"Ottawa-Gatineau, Ontario/Quebec",17.78.8,v52148321
2002,0.00,"Ottawa-Gatineau, Ontario/Quebec",17.78.8,v52148321
2003,0.00,"Ottawa-Gatineau, Ontario/Quebec",17.78.8,v52148321
2004,12.05,"Ottawa-Gatineau, Ontario/Quebec",17.78.8,v52148321
2005,9.51,"Ottawa-Gatineau, Ontario/Quebec",17.78.8,v52148321
2006,11.29,"Ottawa-Gatineau, Ontario/Quebec",17.78.8,v52148321
2007,8.71,"Ottawa-Gatineau, Ontario/Quebec",17.78.8,v52148321
2008,10.44,"Ottawa-Gatineau, Ontario/Quebec",17.78.8,v52148321
2009,8.51,"Ottawa-Gatineau, Ontario/Quebec",17.78.8,v52148321
2010,11.27,"Ottawa-Gatineau, Ontario/Quebec",17.78.8,v52148321
2011,8.18,"Ottawa-Gatineau, Ontario/Quebec",17.78.8,v52148321
2012,14.26,"Ottawa-Gatineau, Ontario/Quebec",17.78.8,v52148321
2013,9.75,"Ottawa-Gatineau, Ontario/Quebec",17.78.8,v52148321
2014,7.63,"Ottawa-Gatineau, Ontario/Quebec",17.78.8,v52148321
2015,7.48,"Ottawa-Gatineau, Ontario/Quebec",17.78.8,v52148321
1998,0.00,"Ottawa-Gatineau, Ontario part",18.78.8,v44346053
1999,0.00,"Ottawa-Gatineau, Ontario part",18.78.8,v44346053
2000,0.00,"Ottawa-Gatineau, Ontario part",18.78.8,v44346053
2001,0.00,"Ottawa-Gatineau, Ontario part",18.78.8,v44346053
2002,0.00,"Ottawa-Gatineau, Ontario part",18.78.8,v44346053
2003,0.00,"Ottawa-Gatineau, Ontario part",18.78.8,v44346053
2004,6.88,"Ottawa-Gatineau, Ontario part",18.78.8,v44346053
2005,5.75,"Ottawa-Gatineau, Ontario part",18.78.8,v44346053
2006,8.17,"Ottawa-Gatineau, Ontario part",18.78.8,v44346053
2007,7.17,"Ottawa-Gatineau, Ontario part",18.78.8,v44346053
2008,7.28,"Ottawa-Gatineau, Ontario part",18.78.8,v44346053
2009,4.58,"Ottawa-Gatineau, Ontario part",18.78.8,v44346053
2010,5.89,"Ottawa-Gatineau, Ontario part",18.78.8,v44346053
2011,7.13,"Ottawa-Gatineau, Ontario part",18.78.8,v44346053
2012,10.97,"Ottawa-Gatineau, Ontario part",18.78.8,v44346053
2013,9.42,"Ottawa-Gatineau, Ontario part",18.78.8,v44346053
2014,6.98,"Ottawa-Gatineau, Ontario part",18.78.8,v44346053
2015,5.41,"Ottawa-Gatineau, Ontario part",18.78.8,v44346053
2000,..,"Kingston, Ontario",27.78.8,v44356315
2001,0.00,"Kingston, Ontario",27.78.8,v44356315
2002,0.00,"Kingston, Ontario",27.78.8,v44356315
2003,0.00,"Kingston, Ontario",27.78.8,v44356315
2004,8.09,"Kingston, Ontario",27.78.8,v44356315
2005,10.97,"Kingston, Ontario",27.78.8,v44356315
2006,8.74,"Kingston, Ontario",27.78.8,v44356315
2007,7.98,"Kingston, Ontario",27.78.8,v44356315
2008,3.59,"Kingston, Ontario",27.78.8,v44356315
2009,9.23,"Kingston, Ontario",27.78.8,v44356315
2010,3.51,"Kingston, Ontario",27.78.8,v44356315
2011,6.95,"Kingston, Ontario",27.78.8,v44356315
2012,14.51,"Kingston, Ontario",27.78.8,v44356315
2013,21.28,"Kingston, Ontario",27.78.8,v44356315
2014,17.73,"Kingston, Ontario",27.78.8,v44356315
2015,16.94,"Kingston, Ontario",27.78.8,v44356315
2005,..,"Peterborough, Ontario",44.78.8,v52122537
2006,11.35,"Peterborough, Ontario",44.78.8,v52122537
2007,13.21,"Peterborough, Ontario",44.78.8,v52122537
2008,3.75,"Peterborough, Ontario",44.78.8,v52122537
2009,5.62,"Peterborough, Ontario",44.78.8,v52122537
2010,1.86,"Peterborough, Ontario",44.78.8,v52122537
2011,3.71,"Peterborough, Ontario",44.78.8,v52122537
2012,8.32,"Peterborough, Ontario",44.78.8,v52122537
2013,11.05,"Peterborough, Ontario",44.78.8,v52122537
2014,9.20,"Peterborough, Ontario",44.78.8,v52122537
2015,8.27,"Peterborough, Ontario",44.78.8,v52122537
1998,0.00,"Toronto, Ontario",19.78.8,v44417939
1999,0.00,"Toronto, Ontario",19.78.8,v44417939
2000,0.00,"Toronto, Ontario",19.78.8,v44417939
2001,0.00,"Toronto, Ontario",19.78.8,v44417939
2002,0.00,"Toronto, Ontario",19.78.8,v44417939
2003,0.00,"Toronto, Ontario",19.78.8,v44417939
2004,4.84,"Toronto, Ontario",19.78.8,v44417939
2005,5.11,"Toronto, Ontario",19.78.8,v44417939
2006,4.43,"Toronto, Ontario",19.78.8,v44417939
2007,3.91,"Toronto, Ontario",19.78.8,v44417939
2008,3.56,"Toronto, Ontario",19.78.8,v44417939
2009,4.32,"Toronto, Ontario",19.78.8,v44417939
2010,3.61,"Toronto, Ontario",19.78.8,v44417939
2011,5.53,"Toronto, Ontario",19.78.8,v44417939
2012,5.79,"Toronto, Ontario",19.78.8,v44417939
2013,4.96,"Toronto, Ontario",19.78.8,v44417939
2014,6.73,"Toronto, Ontario",19.78.8,v44417939
2015,5.97,"Toronto, Ontario",19.78.8,v44417939
1998,0.00,"Hamilton, Ontario",20.78.8,v44344656
1999,0.00,"Hamilton, Ontario",20.78.8,v44344656
2000,0.00,"Hamilton, Ontario",20.78.8,v44344656
2001,0.00,"Hamilton, Ontario",20.78.8,v44344656
2002,0.00,"Hamilton, Ontario",20.78.8,v44344656
2003,0.00,"Hamilton, Ontario",20.78.8,v44344656
2004,11.25,"Hamilton, Ontario",20.78.8,v44344656
2005,8.28,"Hamilton, Ontario",20.78.8,v44344656
2006,2.52,"Hamilton, Ontario",20.78.8,v44344656
2007,1.16,"Hamilton, Ontario",20.78.8,v44344656
2008,1.82,"Hamilton, Ontario",20.78.8,v44344656
2009,1.64,"Hamilton, Ontario",20.78.8,v44344656
2010,1.47,"Hamilton, Ontario",20.78.8,v44344656
2011,1.77,"Hamilton, Ontario",20.78.8,v44344656
2012,2.70,"Hamilton, Ontario",20.78.8,v44344656
2013,4.54,"Hamilton, Ontario",20.78.8,v44344656
2014,5.26,"Hamilton, Ontario",20.78.8,v44344656
2015,5.50,"Hamilton, Ontario",20.78.8,v44344656
1998,0.00,"St.Catharines-Niagara, Ontario",21.78.8,v44365342
1999,0.00,"St.Catharines-Niagara, Ontario",21.78.8,v44365342
2000,0.00,"St.Catharines-Niagara, Ontario",21.78.8,v44365342
2001,0.00,"St.Catharines-Niagara, Ontario",21.78.8,v44365342
2002,0.00,"St.Catharines-Niagara, Ontario",21.78.8,v44365342
2003,0.00,"St.Catharines-Niagara, Ontario",21.78.8,v44365342
2004,13.17,"St.Catharines-Niagara, Ontario",21.78.8,v44365342
2005,14.36,"St.Catharines-Niagara, Ontario",21.78.8,v44365342
2006,10.09,"St.Catharines-Niagara, Ontario",21.78.8,v44365342
2007,14.22,"St.Catharines-Niagara, Ontario",21.78.8,v44365342
2008,12.14,"St.Catharines-Niagara, Ontario",21.78.8,v44365342
2009,19.60,"St.Catharines-Niagara, Ontario",21.78.8,v44365342
2010,11.05,"St.Catharines-Niagara, Ontario",21.78.8,v44365342
2011,11.78,"St.Catharines-Niagara, Ontario",21.78.8,v44365342
2012,11.72,"St.Catharines-Niagara, Ontario",21.78.8,v44365342
2013,9.39,"St.Catharines-Niagara, Ontario",21.78.8,v44365342
2014,9.34,"St.Catharines-Niagara, Ontario",21.78.8,v44365342
2015,5.53,"St.Catharines-Niagara, Ontario",21.78.8,v44365342
1998,0.00,"Kitchener-Cambridge-Waterloo, Ontario",22.78.8,v44348360
1999,0.00,"Kitchener-Cambridge-Waterloo, Ontario",22.78.8,v44348360
2000,0.00,"Kitchener-Cambridge-Waterloo, Ontario",22.78.8,v44348360
2001,0.00,"Kitchener-Cambridge-Waterloo, Ontario",22.78.8,v44348360
2002,0.00,"Kitchener-Cambridge-Waterloo, Ontario",22.78.8,v44348360
2003,0.00,"Kitchener-Cambridge-Waterloo, Ontario",22.78.8,v44348360
2004,4.41,"Kitchener-Cambridge-Waterloo, Ontario",22.78.8,v44348360
2005,5.77,"Kitchener-Cambridge-Waterloo, Ontario",22.78.8,v44348360
2006,4.95,"Kitchener-Cambridge-Waterloo, Ontario",22.78.8,v44348360
2007,2.80,"Kitchener-Cambridge-Waterloo, Ontario",22.78.8,v44348360
2008,7.82,"Kitchener-Cambridge-Waterloo, Ontario",22.78.8,v44348360
2009,7.98,"Kitchener-Cambridge-Waterloo, Ontario",22.78.8,v44348360
2010,6.08,"Kitchener-Cambridge-Waterloo, Ontario",22.78.8,v44348360
2011,15.58,"Kitchener-Cambridge-Waterloo, Ontario",22.78.8,v44348360
2012,20.67,"Kitchener-Cambridge-Waterloo, Ontario",22.78.8,v44348360
2013,15.68,"Kitchener-Cambridge-Waterloo, Ontario",22.78.8,v44348360
2014,14.45,"Kitchener-Cambridge-Waterloo, Ontario",22.78.8,v44348360
2015,11.56,"Kitchener-Cambridge-Waterloo, Ontario",22.78.8,v44348360
2005,..,"Brantford, Ontario",45.78.8,v52119172
2006,9.47,"Brantford, Ontario",45.78.8,v52119172
2007,5.13,"Brantford, Ontario",45.78.8,v52119172
2008,17.78,"Brantford, Ontario",45.78.8,v52119172
2009,10.92,"Brantford, Ontario",45.78.8,v52119172
2010,5.01,"Brantford, Ontario",45.78.8,v52119172
2011,10.77,"Brantford, Ontario",45.78.8,v52119172
2012,20.53,"Brantford, Ontario",45.78.8,v52119172
2013,25.20,"Brantford, Ontario",45.78.8,v52119172
2014,15.33,"Brantford, Ontario",45.78.8,v52119172
2015,22.43,"Brantford, Ontario",45.78.8,v52119172
2005,..,"Guelph, Ontario",46.78.8,v52119585
2006,11.67,"Guelph, Ontario",46.78.8,v52119585
2007,11.59,"Guelph, Ontario",46.78.8,v52119585
2008,13.37,"Guelph, Ontario",46.78.8,v52119585
2009,15.14,"Guelph, Ontario",46.78.8,v52119585
2010,7.47,"Guelph, Ontario",46.78.8,v52119585
2011,10.15,"Guelph, Ontario",46.78.8,v52119585
2012,20.94,"Guelph, Ontario",46.78.8,v52119585
2013,18.94,"Guelph, Ontario",46.78.8,v52119585
2014,12.50,"Guelph, Ontario",46.78.8,v52119585
2015,9.74,"Guelph, Ontario",46.78.8,v52119585
1998,0.00,"London, Ontario",23.78.8,v44359122
1999,0.00,"London, Ontario",23.78.8,v44359122
2000,0.00,"London, Ontario",23.78.8,v44359122
2001,0.00,"London, Ontario",23.78.8,v44359122
2002,0.00,"London, Ontario",23.78.8,v44359122
2003,0.00,"London, Ontario",23.78.8,v44359122
2004,11.13,"London, Ontario",23.78.8,v44359122
2005,10.26,"London, Ontario",23.78.8,v44359122
2006,13.04,"London, Ontario",23.78.8,v44359122
2007,7.43,"London, Ontario",23.78.8,v44359122
2008,5.95,"London, Ontario",23.78.8,v44359122
2009,11.59,"London, Ontario",23.78.8,v44359122
2010,10.33,"London, Ontario",23.78.8,v44359122
2011,12.83,"London, Ontario",23.78.8,v44359122
2012,8.08,"London, Ontario",23.78.8,v44359122
2013,6.41,"London, Ontario",23.78.8,v44359122
2014,11.80,"London, Ontario",23.78.8,v44359122
2015,10.59,"London, Ontario",23.78.8,v44359122
1998,0.00,"Windsor, Ontario",24.78.8,v44372218
1999,0.00,"Windsor, Ontario",24.78.8,v44372218
2000,0.00,"Windsor, Ontario",24.78.8,v44372218
2001,0.00,"Windsor, Ontario",24.78.8,v44372218
2002,0.00,"Windsor, Ontario",24.78.8,v44372218
2003,0.00,"Windsor, Ontario",24.78.8,v44372218
2004,7.79,"Windsor, Ontario",24.78.8,v44372218
2005,6.67,"Windsor, Ontario",24.78.8,v44372218
2006,6.62,"Windsor, Ontario",24.78.8,v44372218
2007,4.90,"Windsor, Ontario",24.78.8,v44372218
2008,3.52,"Windsor, Ontario",24.78.8,v44372218
2009,4.94,"Windsor, Ontario",24.78.8,v44372218
2010,10.94,"Windsor, Ontario",24.78.8,v44372218
2011,8.81,"Windsor, Ontario",24.78.8,v44372218
2012,11.55,"Windsor, Ontario",24.78.8,v44372218
2013,7.33,"Windsor, Ontario",24.78.8,v44372218
2014,14.94,"Windsor, Ontario",24.78.8,v44372218
2015,16.97,"Windsor, Ontario",24.78.8,v44372218
2005,..,"Barrie, Ontario",47.78.8,v52145016
2006,6.82,"Barrie, Ontario",47.78.8,v52145016
2007,52.51,"Barrie, Ontario",47.78.8,v52145016
2008,3.01,"Barrie, Ontario",47.78.8,v52145016
2009,4.75,"Barrie, Ontario",47.78.8,v52145016
2010,5.85,"Barrie, Ontario",47.78.8,v52145016
2011,2.88,"Barrie, Ontario",47.78.8,v52145016
2012,8.51,"Barrie, Ontario",47.78.8,v52145016
2013,1.68,"Barrie, Ontario",47.78.8,v52145016
2014,3.31,"Barrie, Ontario",47.78.8,v52145016
2015,2.18,"Barrie, Ontario",47.78.8,v52145016
1998,0.00,"Sudbury, Ontario",25.78.8,v44413582
1999,0.00,"Sudbury, Ontario",25.78.8,v44413582
2000,0.00,"Sudbury, Ontario",25.78.8,v44413582
2001,0.00,"Sudbury, Ontario",25.78.8,v44413582
2002,0.00,"Sudbury, Ontario",25.78.8,v44413582
2003,0.00,"Sudbury, Ontario",25.78.8,v44413582
2004,5.69,"Sudbury, Ontario",25.78.8,v44413582
2005,8.47,"Sudbury, Ontario",25.78.8,v44413582
2006,19.55,"Sudbury, Ontario",25.78.8,v44413582
2007,9.03,"Sudbury, Ontario",25.78.8,v44413582
2008,10.34,"Sudbury, Ontario",25.78.8,v44413582
2009,20.64,"Sudbury, Ontario",25.78.8,v44413582
2010,17.92,"Sudbury, Ontario",25.78.8,v44413582
2011,12.40,"Sudbury, Ontario",25.78.8,v44413582
2012,8.93,"Sudbury, Ontario",25.78.8,v44413582
2013,13.71,"Sudbury, Ontario",25.78.8,v44413582
2014,10.30,"Sudbury, Ontario",25.78.8,v44413582
2015,6.19,"Sudbury, Ontario",25.78.8,v44413582
1998,0.00,"Thunder Bay, Ontario",26.78.8,v44329720
1999,0.00,"Thunder Bay, Ontario",26.78.8,v44329720
2000,0.00,"Thunder Bay, Ontario",26.78.8,v44329720
2001,0.00,"Thunder Bay, Ontario",26.78.8,v44329720
2002,0.00,"Thunder Bay, Ontario",26.78.8,v44329720
2003,0.00,"Thunder Bay, Ontario",26.78.8,v44329720
2004,12.68,"Thunder Bay, Ontario",26.78.8,v44329720
2005,11.73,"Thunder Bay, Ontario",26.78.8,v44329720
2006,18.04,"Thunder Bay, Ontario",26.78.8,v44329720
2007,15.26,"Thunder Bay, Ontario",26.78.8,v44329720
2008,9.41,"Thunder Bay, Ontario",26.78.8,v44329720
2009,16.94,"Thunder Bay, Ontario",26.78.8,v44329720
2010,12.23,"Thunder Bay, Ontario",26.78.8,v44329720
2011,19.71,"Thunder Bay, Ontario",26.78.8,v44329720
2012,12.20,"Thunder Bay, Ontario",26.78.8,v44329720
2013,9.23,"Thunder Bay, Ontario",26.78.8,v44329720
2014,9.26,"Thunder Bay, Ontario",26.78.8,v44329720
2015,6.50,"Thunder Bay, Ontario",26.78.8,v44329720
1998,24.05,"Manitoba",28.78.8,v44394658
1999,23.15,"Manitoba",28.78.8,v44394658
2000,13.49,"Manitoba",28.78.8,v44394658
2001,13.30,"Manitoba",28.78.8,v44394658
2002,10.61,"Manitoba",28.78.8,v44394658
2003,7.55,"Manitoba",28.78.8,v44394658
2004,10.89,"Manitoba",28.78.8,v44394658
2005,6.51,"Manitoba",28.78.8,v44394658
2006,7.36,"Manitoba",28.78.8,v44394658
2007,5.24,"Manitoba",28.78.8,v44394658
2008,6.18,"Manitoba",28.78.8,v44394658
2009,8.85,"Manitoba",28.78.8,v44394658
2010,9.34,"Manitoba",28.78.8,v44394658
2011,10.10,"Manitoba",28.78.8,v44394658
2012,9.40,"Manitoba",28.78.8,v44394658
2013,4.83,"Manitoba",28.78.8,v44394658
2014,3.67,"Manitoba",28.78.8,v44394658
2015,4.91,"Manitoba",28.78.8,v44394658
1998,0.00,"Winnipeg, Manitoba",29.78.8,v44368823
1999,0.00,"Winnipeg, Manitoba",29.78.8,v44368823
2000,0.00,"Winnipeg, Manitoba",29.78.8,v44368823
2001,0.00,"Winnipeg, Manitoba",29.78.8,v44368823
2002,0.00,"Winnipeg, Manitoba",29.78.8,v44368823
2003,0.00,"Winnipeg, Manitoba",29.78.8,v44368823
2004,6.02,"Winnipeg, Manitoba",29.78.8,v44368823
2005,7.32,"Winnipeg, Manitoba",29.78.8,v44368823
2006,7.61,"Winnipeg, Manitoba",29.78.8,v44368823
2007,4.49,"Winnipeg, Manitoba",29.78.8,v44368823
2008,4.61,"Winnipeg, Manitoba",29.78.8,v44368823
2009,6.54,"Winnipeg, Manitoba",29.78.8,v44368823
2010,9.49,"Winnipeg, Manitoba",29.78.8,v44368823
2011,9.23,"Winnipeg, Manitoba",29.78.8,v44368823
2012,9.49,"Winnipeg, Manitoba",29.78.8,v44368823
2013,3.02,"Winnipeg, Manitoba",29.78.8,v44368823
2014,2.19,"Winnipeg, Manitoba",29.78.8,v44368823
2015,4.57,"Winnipeg, Manitoba",29.78.8,v44368823
1998,44.13,"Saskatchewan",30.78.8,v44381078
1999,34.21,"Saskatchewan",30.78.8,v44381078
2000,41.46,"Saskatchewan",30.78.8,v44381078
2001,61.67,"Saskatchewan",30.78.8,v44381078
2002,54.08,"Saskatchewan",30.78.8,v44381078
2003,63.24,"Saskatchewan",30.78.8,v44381078
2004,45.45,"Saskatchewan",30.78.8,v44381078
2005,22.39,"Saskatchewan",30.78.8,v44381078
2006,22.61,"Saskatchewan",30.78.8,v44381078
2007,12.42,"Saskatchewan",30.78.8,v44381078
2008,11.20,"Saskatchewan",30.78.8,v44381078
2009,16.91,"Saskatchewan",30.78.8,v44381078
2010,13.75,"Saskatchewan",30.78.8,v44381078
2011,20.19,"Saskatchewan",30.78.8,v44381078
2012,16.14,"Saskatchewan",30.78.8,v44381078
2013,16.73,"Saskatchewan",30.78.8,v44381078
2014,15.36,"Saskatchewan",30.78.8,v44381078
2015,17.64,"Saskatchewan",30.78.8,v44381078
1998,0.00,"Regina, Saskatchewan",31.78.8,v44363199
1999,0.00,"Regina, Saskatchewan",31.78.8,v44363199
2000,0.00,"Regina, Saskatchewan",31.78.8,v44363199
2001,0.00,"Regina, Saskatchewan",31.78.8,v44363199
2002,0.00,"Regina, Saskatchewan",31.78.8,v44363199
2003,0.00,"Regina, Saskatchewan",31.78.8,v44363199
2004,28.89,"Regina, Saskatchewan",31.78.8,v44363199
2005,24.72,"Regina, Saskatchewan",31.78.8,v44363199
2006,10.86,"Regina, Saskatchewan",31.78.8,v44363199
2007,7.91,"Regina, Saskatchewan",31.78.8,v44363199
2008,9.47,"Regina, Saskatchewan",31.78.8,v44363199
2009,12.02,"Regina, Saskatchewan",31.78.8,v44363199
2010,14.49,"Regina, Saskatchewan",31.78.8,v44363199
2011,31.55,"Regina, Saskatchewan",31.78.8,v44363199
2012,25.54,"Regina, Saskatchewan",31.78.8,v44363199
2013,30.93,"Regina, Saskatchewan",31.78.8,v44363199
2014,18.09,"Regina, Saskatchewan",31.78.8,v44363199
2015,27.97,"Regina, Saskatchewan",31.78.8,v44363199
1998,0.00,"Saskatoon, Saskatchewan",32.78.8,v44353781
1999,0.00,"Saskatoon, Saskatchewan",32.78.8,v44353781
2000,0.00,"Saskatoon, Saskatchewan",32.78.8,v44353781
2001,0.00,"Saskatoon, Saskatchewan",32.78.8,v44353781
2002,0.00,"Saskatoon, Saskatchewan",32.78.8,v44353781
2003,0.00,"Saskatoon, Saskatchewan",32.78.8,v44353781
2004,31.14,"Saskatoon, Saskatchewan",32.78.8,v44353781
2005,29.92,"Saskatoon, Saskatchewan",32.78.8,v44353781
2006,19.67,"Saskatoon, Saskatchewan",32.78.8,v44353781
2007,11.51,"Saskatoon, Saskatchewan",32.78.8,v44353781
2008,11.26,"Saskatoon, Saskatchewan",32.78.8,v44353781
2009,13.16,"Saskatoon, Saskatchewan",32.78.8,v44353781
2010,5.13,"Saskatoon, Saskatchewan",32.78.8,v44353781
2011,13.80,"Saskatoon, Saskatchewan",32.78.8,v44353781
2012,8.88,"Saskatoon, Saskatchewan",32.78.8,v44353781
2013,9.40,"Saskatoon, Saskatchewan",32.78.8,v44353781
2014,15.29,"Saskatoon, Saskatchewan",32.78.8,v44353781
2015,12.40,"Saskatoon, Saskatchewan",32.78.8,v44353781
1998,48.51,"Alberta",33.78.8,v44367682
1999,31.69,"Alberta",33.78.8,v44367682
2000,30.97,"Alberta",33.78.8,v44367682
2001,31.66,"Alberta",33.78.8,v44367682
2002,36.76,"Alberta",33.78.8,v44367682
2003,33.76,"Alberta",33.78.8,v44367682
2004,24.96,"Alberta",33.78.8,v44367682
2005,14.58,"Alberta",33.78.8,v44367682
2006,8.03,"Alberta",33.78.8,v44367682
2007,4.77,"Alberta",33.78.8,v44367682
2008,5.15,"Alberta",33.78.8,v44367682
2009,6.30,"Alberta",33.78.8,v44367682
2010,6.31,"Alberta",33.78.8,v44367682
2011,7.18,"Alberta",33.78.8,v44367682
2012,7.12,"Alberta",33.78.8,v44367682
2013,6.15,"Alberta",33.78.8,v44367682
2014,6.33,"Alberta",33.78.8,v44367682
2015,5.42,"Alberta",33.78.8,v44367682
1998,0.00,"Calgary, Alberta",34.78.8,v44347982
1999,0.00,"Calgary, Alberta",34.78.8,v44347982
2000,0.00,"Calgary, Alberta",34.78.8,v44347982
2001,0.00,"Calgary, Alberta",34.78.8,v44347982
2002,0.00,"Calgary, Alberta",34.78.8,v44347982
2003,0.00,"Calgary, Alberta",34.78.8,v44347982
2004,6.82,"Calgary, Alberta",34.78.8,v44347982
2005,4.30,"Calgary, Alberta",34.78.8,v44347982
2006,4.15,"Calgary, Alberta",34.78.8,v44347982
2007,1.01,"Calgary, Alberta",34.78.8,v44347982
2008,0.39,"Calgary, Alberta",34.78.8,v44347982
2009,0.48,"Calgary, Alberta",34.78.8,v44347982
2010,0.00,"Calgary, Alberta",34.78.8,v44347982
2011,0.65,"Calgary, Alberta",34.78.8,v44347982
2012,0.45,"Calgary, Alberta",34.78.8,v44347982
2013,0.60,"Calgary, Alberta",34.78.8,v44347982
2014,0.91,"Calgary, Alberta",34.78.8,v44347982
2015,1.13,"Calgary, Alberta",34.78.8,v44347982
1998,0.00,"Edmonton, Alberta",35.78.8,v44330618
1999,0.00,"Edmonton, Alberta",35.78.8,v44330618
2000,0.00,"Edmonton, Alberta",35.78.8,v44330618
2001,0.00,"Edmonton, Alberta",35.78.8,v44330618
2002,0.00,"Edmonton, Alberta",35.78.8,v44330618
2003,0.00,"Edmonton, Alberta",35.78.8,v44330618
2004,19.11,"Edmonton, Alberta",35.78.8,v44330618
2005,14.07,"Edmonton, Alberta",35.78.8,v44330618
2006,8.91,"Edmonton, Alberta",35.78.8,v44330618
2007,5.93,"Edmonton, Alberta",35.78.8,v44330618
2008,6.90,"Edmonton, Alberta",35.78.8,v44330618
2009,7.03,"Edmonton, Alberta",35.78.8,v44330618
2010,9.16,"Edmonton, Alberta",35.78.8,v44330618
2011,10.81,"Edmonton, Alberta",35.78.8,v44330618
2012,12.77,"Edmonton, Alberta",35.78.8,v44330618
2013,9.38,"Edmonton, Alberta",35.78.8,v44330618
2014,8.03,"Edmonton, Alberta",35.78.8,v44330618
2015,7.02,"Edmonton, Alberta",35.78.8,v44330618
1998,53.04,"British Columbia",36.78.8,v44406477
1999,43.20,"British Columbia",36.78.8,v44406477
2000,40.10,"British Columbia",36.78.8,v44406477
2001,36.38,"British Columbia",36.78.8,v44406477
2002,32.01,"British Columbia",36.78.8,v44406477
2003,39.03,"British Columbia",36.78.8,v44406477
2004,30.30,"British Columbia",36.78.8,v44406477
2005,19.51,"British Columbia",36.78.8,v44406477
2006,17.84,"British Columbia",36.78.8,v44406477
2007,12.50,"British Columbia",36.78.8,v44406477
2008,8.46,"British Columbia",36.78.8,v44406477
2009,7.45,"British Columbia",36.78.8,v44406477
2010,8.67,"British Columbia",36.78.8,v44406477
2011,9.38,"British Columbia",36.78.8,v44406477
2012,10.66,"British Columbia",36.78.8,v44406477
2013,9.24,"British Columbia",36.78.8,v44406477
2014,10.25,"British Columbia",36.78.8,v44406477
2015,11.04,"British Columbia",36.78.8,v44406477
2005,..,"Kelowna, British Columbia",48.78.8,v52146393
2006,14.93,"Kelowna, British Columbia",48.78.8,v52146393
2007,12.58,"Kelowna, British Columbia",48.78.8,v52146393
2008,6.46,"Kelowna, British Columbia",48.78.8,v52146393
2009,6.97,"Kelowna, British Columbia",48.78.8,v52146393
2010,7.47,"Kelowna, British Columbia",48.78.8,v52146393
2011,5.56,"Kelowna, British Columbia",48.78.8,v52146393
2012,10.97,"Kelowna, British Columbia",48.78.8,v52146393
2013,9.03,"Kelowna, British Columbia",48.78.8,v52146393
2014,8.87,"Kelowna, British Columbia",48.78.8,v52146393
2015,12.59,"Kelowna, British Columbia",48.78.8,v52146393
2000,..,"Abbotsford-Mission, British Columbia",39.78.8,v44349024
2001,0.00,"Abbotsford-Mission, British Columbia",39.78.8,v44349024
2002,0.00,"Abbotsford-Mission, British Columbia",39.78.8,v44349024
2003,0.00,"Abbotsford-Mission, British Columbia",39.78.8,v44349024
2004,13.48,"Abbotsford-Mission, British Columbia",39.78.8,v44349024
2005,5.15,"Abbotsford-Mission, British Columbia",39.78.8,v44349024
2006,3.60,"Abbotsford-Mission, British Columbia",39.78.8,v44349024
2007,5.68,"Abbotsford-Mission, British Columbia",39.78.8,v44349024
2008,6.29,"Abbotsford-Mission, British Columbia",39.78.8,v44349024
2009,4.83,"Abbotsford-Mission, British Columbia",39.78.8,v44349024
2010,4.08,"Abbotsford-Mission, British Columbia",39.78.8,v44349024
2011,7.42,"Abbotsford-Mission, British Columbia",39.78.8,v44349024
2012,11.98,"Abbotsford-Mission, British Columbia",39.78.8,v44349024
2013,5.93,"Abbotsford-Mission, British Columbia",39.78.8,v44349024
2014,12.33,"Abbotsford-Mission, British Columbia",39.78.8,v44349024
2015,19.67,"Abbotsford-Mission, British Columbia",39.78.8,v44349024
1998,0.00,"Vancouver, British Columbia",37.78.8,v44377347
1999,0.00,"Vancouver, British Columbia",37.78.8,v44377347
2000,0.00,"Vancouver, British Columbia",37.78.8,v44377347
2001,0.00,"Vancouver, British Columbia",37.78.8,v44377347
2002,0.00,"Vancouver, British Columbia",37.78.8,v44377347
2003,0.00,"Vancouver, British Columbia",37.78.8,v44377347
2004,25.91,"Vancouver, British Columbia",37.78.8,v44377347
2005,14.24,"Vancouver, British Columbia",37.78.8,v44377347
2006,12.47,"Vancouver, British Columbia",37.78.8,v44377347
2007,7.96,"Vancouver, British Columbia",37.78.8,v44377347
2008,6.91,"Vancouver, British Columbia",37.78.8,v44377347
2009,5.53,"Vancouver, British Columbia",37.78.8,v44377347
2010,6.00,"Vancouver, British Columbia",37.78.8,v44377347
2011,7.21,"Vancouver, British Columbia",37.78.8,v44377347
2012,8.32,"Vancouver, British Columbia",37.78.8,v44377347
2013,6.35,"Vancouver, British Columbia",37.78.8,v44377347
2014,8.34,"Vancouver, British Columbia",37.78.8,v44377347
2015,8.51,"Vancouver, British Columbia",37.78.8,v44377347
1998,0.00,"Victoria, British Columbia",38.78.8,v44395650
1999,0.00,"Victoria, British Columbia",38.78.8,v44395650
2000,0.00,"Victoria, British Columbia",38.78.8,v44395650
2001,0.00,"Victoria, British Columbia",38.78.8,v44395650
2002,0.00,"Victoria, British Columbia",38.78.8,v44395650
2003,0.00,"Victoria, British Columbia",38.78.8,v44395650
2004,19.18,"Victoria, British Columbia",38.78.8,v44395650
2005,20.61,"Victoria, British Columbia",38.78.8,v44395650
2006,16.77,"Victoria, British Columbia",38.78.8,v44395650
2007,12.43,"Victoria, British Columbia",38.78.8,v44395650
2008,10.69,"Victoria, British Columbia",38.78.8,v44395650
2009,13.75,"Victoria, British Columbia",38.78.8,v44395650
2010,11.08,"Victoria, British Columbia",38.78.8,v44395650
2011,10.10,"Victoria, British Columbia",38.78.8,v44395650
2012,12.52,"Victoria, British Columbia",38.78.8,v44395650
2013,17.41,"Victoria, British Columbia",38.78.8,v44395650
2014,11.69,"Victoria, British Columbia",38.78.8,v44395650
2015,5.49,"Victoria, British Columbia",38.78.8,v44395650
1998,35.12,"Yukon",40.78.8,v44390089
1999,43.19,"Yukon",40.78.8,v44390089
2000,55.19,"Yukon",40.78.8,v44390089
2001,67.07,"Yukon",40.78.8,v44390089
2002,38.95,"Yukon",40.78.8,v44390089
2003,87.36,"Yukon",40.78.8,v44390089
2004,7.44,"Yukon",40.78.8,v44390089
2005,0.00,"Yukon",40.78.8,v44390089
2006,3.60,"Yukon",40.78.8,v44390089
2007,7.12,"Yukon",40.78.8,v44390089
2008,0.00,"Yukon",40.78.8,v44390089
2009,10.28,"Yukon",40.78.8,v44390089
2010,0.00,"Yukon",40.78.8,v44390089
2011,19.56,"Yukon",40.78.8,v44390089
2012,3.19,"Yukon",40.78.8,v44390089
2013,6.34,"Yukon",40.78.8,v44390089
2014,0.00,"Yukon",40.78.8,v44390089
2015,3.10,"Yukon",40.78.8,v44390089
1998,18.12,"Northwest Territories",41.78.8,v44382396
1999,9.49,"Northwest Territories",41.78.8,v44382396
2000,22.10,"Northwest Territories",41.78.8,v44382396
2001,37.38,"Northwest Territories",41.78.8,v44382396
2002,27.21,"Northwest Territories",41.78.8,v44382396
2003,99.61,"Northwest Territories",41.78.8,v44382396
2004,19.98,"Northwest Territories",41.78.8,v44382396
2005,8.49,"Northwest Territories",41.78.8,v44382396
2006,8.49,"Northwest Territories",41.78.8,v44382396
2007,2.80,"Northwest Territories",41.78.8,v44382396
2008,2.79,"Northwest Territories",41.78.8,v44382396
2009,2.80,"Northwest Territories",41.78.8,v44382396
2010,2.78,"Northwest Territories",41.78.8,v44382396
2011,2.77,"Northwest Territories",41.78.8,v44382396
2012,5.54,"Northwest Territories",41.78.8,v44382396
2013,0.00,"Northwest Territories",41.78.8,v44382396
2014,0.00,"Northwest Territories",41.78.8,v44382396
2015,0.00,"Northwest Territories",41.78.8,v44382396
1998,..,"Nunavut",42.78.8,v44375666
1999,0.00,"Nunavut",42.78.8,v44375666
2000,5.23,"Nunavut",42.78.8,v44375666
2001,5.05,"Nunavut",42.78.8,v44375666
2002,4.89,"Nunavut",42.78.8,v44375666
2003,38.07,"Nunavut",42.78.8,v44375666
2004,18.51,"Nunavut",42.78.8,v44375666
2005,9.07,"Nunavut",42.78.8,v44375666
2006,22.09,"Nunavut",42.78.8,v44375666
2007,0.00,"Nunavut",42.78.8,v44375666
2008,0.00,"Nunavut",42.78.8,v44375666
2009,0.00,"Nunavut",42.78.8,v44375666
2010,0.00,"Nunavut",42.78.8,v44375666
2011,0.00,"Nunavut",42.78.8,v44375666
2012,0.00,"Nunavut",42.78.8,v44375666
2013,0.00,"Nunavut",42.78.8,v44375666
2014,0.00,"Nunavut",42.78.8,v44375666
2015,0.00,"Nunavut",42.78.8,v44375666
