1998,..,"Canada",1.23.3,v44411199
1999,-0.28,"Canada",1.23.3,v44411199
2000,7.49,"Canada",1.23.3,v44411199
2001,4.79,"Canada",1.23.3,v44411199
2002,0.53,"Canada",1.23.3,v44411199
2003,2.33,"Canada",1.23.3,v44411199
2004,2.17,"Canada",1.23.3,v44411199
2005,6.94,"Canada",1.23.3,v44411199
2006,4.90,"Canada",1.23.3,v44411199
2007,1.69,"Canada",1.23.3,v44411199
2008,-1.01,"Canada",1.23.3,v44411199
2009,-3.74,"Canada",1.23.3,v44411199
2010,-3.75,"Canada",1.23.3,v44411199
2011,-3.89,"Canada",1.23.3,v44411199
2012,-2.40,"Canada",1.23.3,v44411199
2013,-8.67,"Canada",1.23.3,v44411199
2014,-3.08,"Canada",1.23.3,v44411199
2015,3.59,"Canada",1.23.3,v44411199
1998,..,"Newfoundland and Labrador",2.23.3,v44393148
1999,15.27,"Newfoundland and Labrador",2.23.3,v44393148
2000,0.11,"Newfoundland and Labrador",2.23.3,v44393148
2001,8.83,"Newfoundland and Labrador",2.23.3,v44393148
2002,3.86,"Newfoundland and Labrador",2.23.3,v44393148
2003,-5.68,"Newfoundland and Labrador",2.23.3,v44393148
2004,11.63,"Newfoundland and Labrador",2.23.3,v44393148
2005,-8.45,"Newfoundland and Labrador",2.23.3,v44393148
2006,10.01,"Newfoundland and Labrador",2.23.3,v44393148
2007,8.60,"Newfoundland and Labrador",2.23.3,v44393148
2008,3.10,"Newfoundland and Labrador",2.23.3,v44393148
2009,-8.03,"Newfoundland and Labrador",2.23.3,v44393148
2010,-5.60,"Newfoundland and Labrador",2.23.3,v44393148
2011,3.79,"Newfoundland and Labrador",2.23.3,v44393148
2012,12.08,"Newfoundland and Labrador",2.23.3,v44393148
2013,-9.42,"Newfoundland and Labrador",2.23.3,v44393148
2014,-6.96,"Newfoundland and Labrador",2.23.3,v44393148
2015,-4.03,"Newfoundland and Labrador",2.23.3,v44393148
1998,..,"St. John's, Newfoundland and Labrador",3.23.3,v44402034
1999,15.69,"St. John's, Newfoundland and Labrador",3.23.3,v44402034
2000,-14.02,"St. John's, Newfoundland and Labrador",3.23.3,v44402034
2001,21.40,"St. John's, Newfoundland and Labrador",3.23.3,v44402034
2002,3.85,"St. John's, Newfoundland and Labrador",3.23.3,v44402034
2003,-17.78,"St. John's, Newfoundland and Labrador",3.23.3,v44402034
2004,18.94,"St. John's, Newfoundland and Labrador",3.23.3,v44402034
2005,2.91,"St. John's, Newfoundland and Labrador",3.23.3,v44402034
2006,-10.59,"St. John's, Newfoundland and Labrador",3.23.3,v44402034
2007,10.52,"St. John's, Newfoundland and Labrador",3.23.3,v44402034
2008,-1.51,"St. John's, Newfoundland and Labrador",3.23.3,v44402034
2009,-8.54,"St. John's, Newfoundland and Labrador",3.23.3,v44402034
2010,15.73,"St. John's, Newfoundland and Labrador",3.23.3,v44402034
2011,-29.69,"St. John's, Newfoundland and Labrador",3.23.3,v44402034
2012,22.95,"St. John's, Newfoundland and Labrador",3.23.3,v44402034
2013,-7.35,"St. John's, Newfoundland and Labrador",3.23.3,v44402034
2014,-17.58,"St. John's, Newfoundland and Labrador",3.23.3,v44402034
2015,-20.55,"St. John's, Newfoundland and Labrador",3.23.3,v44402034
1998,..,"Prince Edward Island",4.23.3,v44401604
1999,-38.68,"Prince Edward Island",4.23.3,v44401604
2000,74.75,"Prince Edward Island",4.23.3,v44401604
2001,-7.27,"Prince Edward Island",4.23.3,v44401604
2002,22.90,"Prince Edward Island",4.23.3,v44401604
2003,23.44,"Prince Edward Island",4.23.3,v44401604
2004,-13.42,"Prince Edward Island",4.23.3,v44401604
2005,6.68,"Prince Edward Island",4.23.3,v44401604
2006,30.61,"Prince Edward Island",4.23.3,v44401604
2007,-13.24,"Prince Edward Island",4.23.3,v44401604
2008,0.20,"Prince Edward Island",4.23.3,v44401604
2009,-1.76,"Prince Edward Island",4.23.3,v44401604
2010,15.84,"Prince Edward Island",4.23.3,v44401604
2011,4.01,"Prince Edward Island",4.23.3,v44401604
2012,-17.75,"Prince Edward Island",4.23.3,v44401604
2013,-14.13,"Prince Edward Island",4.23.3,v44401604
2014,-5.90,"Prince Edward Island",4.23.3,v44401604
2015,3.25,"Prince Edward Island",4.23.3,v44401604
1998,..,"Nova Scotia",5.23.3,v44402763
1999,18.88,"Nova Scotia",5.23.3,v44402763
2000,-3.45,"Nova Scotia",5.23.3,v44402763
2001,5.21,"Nova Scotia",5.23.3,v44402763
2002,12.12,"Nova Scotia",5.23.3,v44402763
2003,19.18,"Nova Scotia",5.23.3,v44402763
2004,11.99,"Nova Scotia",5.23.3,v44402763
2005,10.12,"Nova Scotia",5.23.3,v44402763
2006,7.65,"Nova Scotia",5.23.3,v44402763
2007,-1.28,"Nova Scotia",5.23.3,v44402763
2008,0.78,"Nova Scotia",5.23.3,v44402763
2009,0.41,"Nova Scotia",5.23.3,v44402763
2010,-20.64,"Nova Scotia",5.23.3,v44402763
2011,16.21,"Nova Scotia",5.23.3,v44402763
2012,-1.60,"Nova Scotia",5.23.3,v44402763
2013,-19.41,"Nova Scotia",5.23.3,v44402763
2014,-3.16,"Nova Scotia",5.23.3,v44402763
2015,-4.78,"Nova Scotia",5.23.3,v44402763
1998,..,"Halifax, Nova Scotia",6.23.3,v44368155
1999,27.90,"Halifax, Nova Scotia",6.23.3,v44368155
2000,-4.33,"Halifax, Nova Scotia",6.23.3,v44368155
2001,-0.37,"Halifax, Nova Scotia",6.23.3,v44368155
2002,-9.54,"Halifax, Nova Scotia",6.23.3,v44368155
2003,12.84,"Halifax, Nova Scotia",6.23.3,v44368155
2004,25.43,"Halifax, Nova Scotia",6.23.3,v44368155
2005,10.49,"Halifax, Nova Scotia",6.23.3,v44368155
2006,13.72,"Halifax, Nova Scotia",6.23.3,v44368155
2007,-8.82,"Halifax, Nova Scotia",6.23.3,v44368155
2008,-1.15,"Halifax, Nova Scotia",6.23.3,v44368155
2009,-8.00,"Halifax, Nova Scotia",6.23.3,v44368155
2010,-14.96,"Halifax, Nova Scotia",6.23.3,v44368155
2011,13.93,"Halifax, Nova Scotia",6.23.3,v44368155
2012,-14.33,"Halifax, Nova Scotia",6.23.3,v44368155
2013,-17.43,"Halifax, Nova Scotia",6.23.3,v44368155
2014,-12.09,"Halifax, Nova Scotia",6.23.3,v44368155
2015,-9.81,"Halifax, Nova Scotia",6.23.3,v44368155
1998,..,"New Brunswick",7.23.3,v44403781
1999,7.17,"New Brunswick",7.23.3,v44403781
2000,-5.84,"New Brunswick",7.23.3,v44403781
2001,1.87,"New Brunswick",7.23.3,v44403781
2002,-4.74,"New Brunswick",7.23.3,v44403781
2003,20.18,"New Brunswick",7.23.3,v44403781
2004,-7.76,"New Brunswick",7.23.3,v44403781
2005,-1.88,"New Brunswick",7.23.3,v44403781
2006,15.01,"New Brunswick",7.23.3,v44403781
2007,10.10,"New Brunswick",7.23.3,v44403781
2008,20.30,"New Brunswick",7.23.3,v44403781
2009,0.60,"New Brunswick",7.23.3,v44403781
2010,-15.29,"New Brunswick",7.23.3,v44403781
2011,2.89,"New Brunswick",7.23.3,v44403781
2012,-0.69,"New Brunswick",7.23.3,v44403781
2013,-21.08,"New Brunswick",7.23.3,v44403781
2014,5.89,"New Brunswick",7.23.3,v44403781
2015,-3.18,"New Brunswick",7.23.3,v44403781
2006,..,"Moncton, New Brunswick",43.23.3,v52118567
2007,0.87,"Moncton, New Brunswick",43.23.3,v52118567
2008,12.96,"Moncton, New Brunswick",43.23.3,v52118567
2009,-1.68,"Moncton, New Brunswick",43.23.3,v52118567
2010,-16.81,"Moncton, New Brunswick",43.23.3,v52118567
2011,30.38,"Moncton, New Brunswick",43.23.3,v52118567
2012,-3.74,"Moncton, New Brunswick",43.23.3,v52118567
2013,-25.17,"Moncton, New Brunswick",43.23.3,v52118567
2014,16.44,"Moncton, New Brunswick",43.23.3,v52118567
2015,16.85,"Moncton, New Brunswick",43.23.3,v52118567
1998,..,"Saint John, New Brunswick",8.23.3,v44408280
1999,-3.59,"Saint John, New Brunswick",8.23.3,v44408280
2000,-6.02,"Saint John, New Brunswick",8.23.3,v44408280
2001,-21.91,"Saint John, New Brunswick",8.23.3,v44408280
2002,-25.30,"Saint John, New Brunswick",8.23.3,v44408280
2003,53.82,"Saint John, New Brunswick",8.23.3,v44408280
2004,-22.32,"Saint John, New Brunswick",8.23.3,v44408280
2005,31.86,"Saint John, New Brunswick",8.23.3,v44408280
2006,14.60,"Saint John, New Brunswick",8.23.3,v44408280
2007,7.19,"Saint John, New Brunswick",8.23.3,v44408280
2008,34.67,"Saint John, New Brunswick",8.23.3,v44408280
2009,2.62,"Saint John, New Brunswick",8.23.3,v44408280
2010,-16.35,"Saint John, New Brunswick",8.23.3,v44408280
2011,-25.32,"Saint John, New Brunswick",8.23.3,v44408280
2012,28.87,"Saint John, New Brunswick",8.23.3,v44408280
2013,-30.79,"Saint John, New Brunswick",8.23.3,v44408280
2014,13.44,"Saint John, New Brunswick",8.23.3,v44408280
2015,8.89,"Saint John, New Brunswick",8.23.3,v44408280
1998,..,"Quebec",9.23.3,v44369188
1999,5.49,"Quebec",9.23.3,v44369188
2000,15.22,"Quebec",9.23.3,v44369188
2001,5.48,"Quebec",9.23.3,v44369188
2002,0.92,"Quebec",9.23.3,v44369188
2003,4.17,"Quebec",9.23.3,v44369188
2004,6.23,"Quebec",9.23.3,v44369188
2005,7.47,"Quebec",9.23.3,v44369188
2006,3.62,"Quebec",9.23.3,v44369188
2007,3.16,"Quebec",9.23.3,v44369188
2008,2.24,"Quebec",9.23.3,v44369188
2009,-1.91,"Quebec",9.23.3,v44369188
2010,0.65,"Quebec",9.23.3,v44369188
2011,-5.11,"Quebec",9.23.3,v44369188
2012,-5.74,"Quebec",9.23.3,v44369188
2013,-8.70,"Quebec",9.23.3,v44369188
2014,-3.98,"Quebec",9.23.3,v44369188
2015,0.33,"Quebec",9.23.3,v44369188
1998,..,"Saguenay, Quebec",10.23.3,v44379388
1999,-13.91,"Saguenay, Quebec",10.23.3,v44379388
2000,4.41,"Saguenay, Quebec",10.23.3,v44379388
2001,-6.94,"Saguenay, Quebec",10.23.3,v44379388
2002,4.86,"Saguenay, Quebec",10.23.3,v44379388
2003,-0.60,"Saguenay, Quebec",10.23.3,v44379388
2004,2.67,"Saguenay, Quebec",10.23.3,v44379388
2005,-21.15,"Saguenay, Quebec",10.23.3,v44379388
2006,64.65,"Saguenay, Quebec",10.23.3,v44379388
2007,42.59,"Saguenay, Quebec",10.23.3,v44379388
2008,-11.33,"Saguenay, Quebec",10.23.3,v44379388
2009,-3.76,"Saguenay, Quebec",10.23.3,v44379388
2010,6.56,"Saguenay, Quebec",10.23.3,v44379388
2011,-18.93,"Saguenay, Quebec",10.23.3,v44379388
2012,16.97,"Saguenay, Quebec",10.23.3,v44379388
2013,-13.75,"Saguenay, Quebec",10.23.3,v44379388
2014,14.29,"Saguenay, Quebec",10.23.3,v44379388
2015,-9.56,"Saguenay, Quebec",10.23.3,v44379388
1998,..,"Sherbrooke, Quebec",12.23.3,v44405852
1999,16.90,"Sherbrooke, Quebec",12.23.3,v44405852
2000,-1.75,"Sherbrooke, Quebec",12.23.3,v44405852
2001,31.72,"Sherbrooke, Quebec",12.23.3,v44405852
2002,0.11,"Sherbrooke, Quebec",12.23.3,v44405852
2003,49.28,"Sherbrooke, Quebec",12.23.3,v44405852
2004,-4.53,"Sherbrooke, Quebec",12.23.3,v44405852
2005,4.43,"Sherbrooke, Quebec",12.23.3,v44405852
2006,48.73,"Sherbrooke, Quebec",12.23.3,v44405852
2007,-15.51,"Sherbrooke, Quebec",12.23.3,v44405852
2008,23.81,"Sherbrooke, Quebec",12.23.3,v44405852
2009,-17.24,"Sherbrooke, Quebec",12.23.3,v44405852
2010,-7.60,"Sherbrooke, Quebec",12.23.3,v44405852
2011,9.36,"Sherbrooke, Quebec",12.23.3,v44405852
2012,12.12,"Sherbrooke, Quebec",12.23.3,v44405852
2013,-34.11,"Sherbrooke, Quebec",12.23.3,v44405852
2014,6.78,"Sherbrooke, Quebec",12.23.3,v44405852
2015,-6.65,"Sherbrooke, Quebec",12.23.3,v44405852
1998,..,"Ottawa-Gatineau, Quebec part",15.23.3,v44342859
1999,-14.56,"Ottawa-Gatineau, Quebec part",15.23.3,v44342859
2000,30.60,"Ottawa-Gatineau, Quebec part",15.23.3,v44342859
2001,2.09,"Ottawa-Gatineau, Quebec part",15.23.3,v44342859
2002,32.69,"Ottawa-Gatineau, Quebec part",15.23.3,v44342859
2003,0.46,"Ottawa-Gatineau, Quebec part",15.23.3,v44342859
2004,0.79,"Ottawa-Gatineau, Quebec part",15.23.3,v44342859
2005,1.48,"Ottawa-Gatineau, Quebec part",15.23.3,v44342859
2006,-5.81,"Ottawa-Gatineau, Quebec part",15.23.3,v44342859
2007,-8.20,"Ottawa-Gatineau, Quebec part",15.23.3,v44342859
2008,23.96,"Ottawa-Gatineau, Quebec part",15.23.3,v44342859
2009,-12.86,"Ottawa-Gatineau, Quebec part",15.23.3,v44342859
2010,3.47,"Ottawa-Gatineau, Quebec part",15.23.3,v44342859
2011,-5.38,"Ottawa-Gatineau, Quebec part",15.23.3,v44342859
2012,-3.31,"Ottawa-Gatineau, Quebec part",15.23.3,v44342859
2013,-9.67,"Ottawa-Gatineau, Quebec part",15.23.3,v44342859
2014,-8.42,"Ottawa-Gatineau, Quebec part",15.23.3,v44342859
2015,12.79,"Ottawa-Gatineau, Quebec part",15.23.3,v44342859
1998,..,"Ontario",16.23.3,v44338493
1999,0.17,"Ontario",16.23.3,v44338493
2000,5.87,"Ontario",16.23.3,v44338493
2001,4.60,"Ontario",16.23.3,v44338493
2002,-0.93,"Ontario",16.23.3,v44338493
2003,-3.31,"Ontario",16.23.3,v44338493
2004,-1.27,"Ontario",16.23.3,v44338493
2005,2.74,"Ontario",16.23.3,v44338493
2006,0.77,"Ontario",16.23.3,v44338493
2007,-0.32,"Ontario",16.23.3,v44338493
2008,-5.23,"Ontario",16.23.3,v44338493
2009,-3.86,"Ontario",16.23.3,v44338493
2010,-2.55,"Ontario",16.23.3,v44338493
2011,-5.27,"Ontario",16.23.3,v44338493
2012,-3.67,"Ontario",16.23.3,v44338493
2013,-9.11,"Ontario",16.23.3,v44338493
2014,-3.94,"Ontario",16.23.3,v44338493
2015,3.41,"Ontario",16.23.3,v44338493
1998,..,"Ottawa-Gatineau, Ontario/Quebec",17.23.3,v52149265
1999,-10.48,"Ottawa-Gatineau, Ontario/Quebec",17.23.3,v52149265
2000,15.96,"Ottawa-Gatineau, Ontario/Quebec",17.23.3,v52149265
2001,5.80,"Ottawa-Gatineau, Ontario/Quebec",17.23.3,v52149265
2002,-4.38,"Ottawa-Gatineau, Ontario/Quebec",17.23.3,v52149265
2003,7.08,"Ottawa-Gatineau, Ontario/Quebec",17.23.3,v52149265
2004,-5.26,"Ottawa-Gatineau, Ontario/Quebec",17.23.3,v52149265
2005,-7.91,"Ottawa-Gatineau, Ontario/Quebec",17.23.3,v52149265
2006,-8.14,"Ottawa-Gatineau, Ontario/Quebec",17.23.3,v52149265
2007,-1.61,"Ottawa-Gatineau, Ontario/Quebec",17.23.3,v52149265
2008,-1.75,"Ottawa-Gatineau, Ontario/Quebec",17.23.3,v52149265
2009,-3.95,"Ottawa-Gatineau, Ontario/Quebec",17.23.3,v52149265
2010,-7.65,"Ottawa-Gatineau, Ontario/Quebec",17.23.3,v52149265
2011,-9.12,"Ottawa-Gatineau, Ontario/Quebec",17.23.3,v52149265
2012,-2.75,"Ottawa-Gatineau, Ontario/Quebec",17.23.3,v52149265
2013,-2.86,"Ottawa-Gatineau, Ontario/Quebec",17.23.3,v52149265
2014,-16.79,"Ottawa-Gatineau, Ontario/Quebec",17.23.3,v52149265
2015,11.36,"Ottawa-Gatineau, Ontario/Quebec",17.23.3,v52149265
1998,..,"Ottawa-Gatineau, Ontario part",18.23.3,v44364168
1999,-9.62,"Ottawa-Gatineau, Ontario part",18.23.3,v44364168
2000,12.46,"Ottawa-Gatineau, Ontario part",18.23.3,v44364168
2001,6.76,"Ottawa-Gatineau, Ontario part",18.23.3,v44364168
2002,-13.87,"Ottawa-Gatineau, Ontario part",18.23.3,v44364168
2003,9.68,"Ottawa-Gatineau, Ontario part",18.23.3,v44364168
2004,-7.46,"Ottawa-Gatineau, Ontario part",18.23.3,v44364168
2005,-11.70,"Ottawa-Gatineau, Ontario part",18.23.3,v44364168
2006,-9.27,"Ottawa-Gatineau, Ontario part",18.23.3,v44364168
2007,1.50,"Ottawa-Gatineau, Ontario part",18.23.3,v44364168
2008,-12.97,"Ottawa-Gatineau, Ontario part",18.23.3,v44364168
2009,1.48,"Ottawa-Gatineau, Ontario part",18.23.3,v44364168
2010,-13.85,"Ottawa-Gatineau, Ontario part",18.23.3,v44364168
2011,-11.67,"Ottawa-Gatineau, Ontario part",18.23.3,v44364168
2012,-2.35,"Ottawa-Gatineau, Ontario part",18.23.3,v44364168
2013,1.92,"Ottawa-Gatineau, Ontario part",18.23.3,v44364168
2014,-21.89,"Ottawa-Gatineau, Ontario part",18.23.3,v44364168
2015,10.45,"Ottawa-Gatineau, Ontario part",18.23.3,v44364168
2001,..,"Kingston, Ontario",27.23.3,v44387402
2002,2.45,"Kingston, Ontario",27.23.3,v44387402
2003,16.43,"Kingston, Ontario",27.23.3,v44387402
2004,-25.35,"Kingston, Ontario",27.23.3,v44387402
2005,36.06,"Kingston, Ontario",27.23.3,v44387402
2006,7.05,"Kingston, Ontario",27.23.3,v44387402
2007,25.83,"Kingston, Ontario",27.23.3,v44387402
2008,-28.26,"Kingston, Ontario",27.23.3,v44387402
2009,-4.63,"Kingston, Ontario",27.23.3,v44387402
2010,-9.31,"Kingston, Ontario",27.23.3,v44387402
2011,4.08,"Kingston, Ontario",27.23.3,v44387402
2012,3.44,"Kingston, Ontario",27.23.3,v44387402
2013,-18.80,"Kingston, Ontario",27.23.3,v44387402
2014,23.56,"Kingston, Ontario",27.23.3,v44387402
2015,-16.31,"Kingston, Ontario",27.23.3,v44387402
2006,..,"Peterborough, Ontario",44.23.3,v52120040
2007,-27.98,"Peterborough, Ontario",44.23.3,v52120040
2008,11.39,"Peterborough, Ontario",44.23.3,v52120040
2009,-10.59,"Peterborough, Ontario",44.23.3,v52120040
2010,12.11,"Peterborough, Ontario",44.23.3,v52120040
2011,-6.47,"Peterborough, Ontario",44.23.3,v52120040
2012,47.45,"Peterborough, Ontario",44.23.3,v52120040
2013,-19.83,"Peterborough, Ontario",44.23.3,v52120040
2014,-5.78,"Peterborough, Ontario",44.23.3,v52120040
2015,-0.16,"Peterborough, Ontario",44.23.3,v52120040
1998,..,"Toronto, Ontario",19.23.3,v44408731
1999,-0.20,"Toronto, Ontario",19.23.3,v44408731
2000,7.72,"Toronto, Ontario",19.23.3,v44408731
2001,2.47,"Toronto, Ontario",19.23.3,v44408731
2002,-3.50,"Toronto, Ontario",19.23.3,v44408731
2003,-6.28,"Toronto, Ontario",19.23.3,v44408731
2004,-3.17,"Toronto, Ontario",19.23.3,v44408731
2005,5.87,"Toronto, Ontario",19.23.3,v44408731
2006,-2.73,"Toronto, Ontario",19.23.3,v44408731
2007,-2.02,"Toronto, Ontario",19.23.3,v44408731
2008,-9.33,"Toronto, Ontario",19.23.3,v44408731
2009,-5.05,"Toronto, Ontario",19.23.3,v44408731
2010,-2.28,"Toronto, Ontario",19.23.3,v44408731
2011,-6.03,"Toronto, Ontario",19.23.3,v44408731
2012,-7.03,"Toronto, Ontario",19.23.3,v44408731
2013,-7.87,"Toronto, Ontario",19.23.3,v44408731
2014,-3.81,"Toronto, Ontario",19.23.3,v44408731
2015,6.37,"Toronto, Ontario",19.23.3,v44408731
1998,..,"Hamilton, Ontario",20.23.3,v44369156
1999,-3.44,"Hamilton, Ontario",20.23.3,v44369156
2000,0.31,"Hamilton, Ontario",20.23.3,v44369156
2001,1.54,"Hamilton, Ontario",20.23.3,v44369156
2002,-6.66,"Hamilton, Ontario",20.23.3,v44369156
2003,-9.89,"Hamilton, Ontario",20.23.3,v44369156
2004,-12.69,"Hamilton, Ontario",20.23.3,v44369156
2005,10.28,"Hamilton, Ontario",20.23.3,v44369156
2006,-1.42,"Hamilton, Ontario",20.23.3,v44369156
2007,-2.40,"Hamilton, Ontario",20.23.3,v44369156
2008,11.13,"Hamilton, Ontario",20.23.3,v44369156
2009,-8.83,"Hamilton, Ontario",20.23.3,v44369156
2010,11.49,"Hamilton, Ontario",20.23.3,v44369156
2011,5.86,"Hamilton, Ontario",20.23.3,v44369156
2012,-13.65,"Hamilton, Ontario",20.23.3,v44369156
2013,-15.33,"Hamilton, Ontario",20.23.3,v44369156
2014,6.05,"Hamilton, Ontario",20.23.3,v44369156
2015,-6.85,"Hamilton, Ontario",20.23.3,v44369156
1998,..,"St.Catharines-Niagara, Ontario",21.23.3,v44410234
1999,1.86,"St.Catharines-Niagara, Ontario",21.23.3,v44410234
2000,3.74,"St.Catharines-Niagara, Ontario",21.23.3,v44410234
2001,24.12,"St.Catharines-Niagara, Ontario",21.23.3,v44410234
2002,-6.01,"St.Catharines-Niagara, Ontario",21.23.3,v44410234
2003,-19.08,"St.Catharines-Niagara, Ontario",21.23.3,v44410234
2004,-1.16,"St.Catharines-Niagara, Ontario",21.23.3,v44410234
2005,5.42,"St.Catharines-Niagara, Ontario",21.23.3,v44410234
2006,6.35,"St.Catharines-Niagara, Ontario",21.23.3,v44410234
2007,3.92,"St.Catharines-Niagara, Ontario",21.23.3,v44410234
2008,31.48,"St.Catharines-Niagara, Ontario",21.23.3,v44410234
2009,-12.03,"St.Catharines-Niagara, Ontario",21.23.3,v44410234
2010,-6.13,"St.Catharines-Niagara, Ontario",21.23.3,v44410234
2011,-12.10,"St.Catharines-Niagara, Ontario",21.23.3,v44410234
2012,5.28,"St.Catharines-Niagara, Ontario",21.23.3,v44410234
2013,-8.38,"St.Catharines-Niagara, Ontario",21.23.3,v44410234
2014,-6.47,"St.Catharines-Niagara, Ontario",21.23.3,v44410234
2015,-9.78,"St.Catharines-Niagara, Ontario",21.23.3,v44410234
1998,..,"Kitchener-Cambridge-Waterloo, Ontario",22.23.3,v44339038
1999,-9.72,"Kitchener-Cambridge-Waterloo, Ontario",22.23.3,v44339038
2000,-5.96,"Kitchener-Cambridge-Waterloo, Ontario",22.23.3,v44339038
2001,3.28,"Kitchener-Cambridge-Waterloo, Ontario",22.23.3,v44339038
2002,-5.13,"Kitchener-Cambridge-Waterloo, Ontario",22.23.3,v44339038
2003,-1.09,"Kitchener-Cambridge-Waterloo, Ontario",22.23.3,v44339038
2004,23.45,"Kitchener-Cambridge-Waterloo, Ontario",22.23.3,v44339038
2005,0.82,"Kitchener-Cambridge-Waterloo, Ontario",22.23.3,v44339038
2006,30.38,"Kitchener-Cambridge-Waterloo, Ontario",22.23.3,v44339038
2007,-11.80,"Kitchener-Cambridge-Waterloo, Ontario",22.23.3,v44339038
2008,-1.23,"Kitchener-Cambridge-Waterloo, Ontario",22.23.3,v44339038
2009,-2.38,"Kitchener-Cambridge-Waterloo, Ontario",22.23.3,v44339038
2010,17.24,"Kitchener-Cambridge-Waterloo, Ontario",22.23.3,v44339038
2011,-6.01,"Kitchener-Cambridge-Waterloo, Ontario",22.23.3,v44339038
2012,-4.78,"Kitchener-Cambridge-Waterloo, Ontario",22.23.3,v44339038
2013,-12.70,"Kitchener-Cambridge-Waterloo, Ontario",22.23.3,v44339038
2014,-12.24,"Kitchener-Cambridge-Waterloo, Ontario",22.23.3,v44339038
2015,7.05,"Kitchener-Cambridge-Waterloo, Ontario",22.23.3,v44339038
2006,..,"Brantford, Ontario",45.23.3,v52125302
2007,0.09,"Brantford, Ontario",45.23.3,v52125302
2008,4.33,"Brantford, Ontario",45.23.3,v52125302
2009,-5.34,"Brantford, Ontario",45.23.3,v52125302
2010,19.07,"Brantford, Ontario",45.23.3,v52125302
2011,-28.61,"Brantford, Ontario",45.23.3,v52125302
2012,1.05,"Brantford, Ontario",45.23.3,v52125302
2013,-10.46,"Brantford, Ontario",45.23.3,v52125302
2014,16.05,"Brantford, Ontario",45.23.3,v52125302
2015,1.45,"Brantford, Ontario",45.23.3,v52125302
2006,..,"Guelph, Ontario",46.23.3,v52126384
2007,-10.42,"Guelph, Ontario",46.23.3,v52126384
2008,-0.02,"Guelph, Ontario",46.23.3,v52126384
2009,0.96,"Guelph, Ontario",46.23.3,v52126384
2010,18.17,"Guelph, Ontario",46.23.3,v52126384
2011,-13.64,"Guelph, Ontario",46.23.3,v52126384
2012,-32.43,"Guelph, Ontario",46.23.3,v52126384
2013,2.95,"Guelph, Ontario",46.23.3,v52126384
2014,7.45,"Guelph, Ontario",46.23.3,v52126384
2015,-9.66,"Guelph, Ontario",46.23.3,v52126384
1998,..,"London, Ontario",23.23.3,v44382212
1999,-1.55,"London, Ontario",23.23.3,v44382212
2000,5.34,"London, Ontario",23.23.3,v44382212
2001,-1.16,"London, Ontario",23.23.3,v44382212
2002,11.19,"London, Ontario",23.23.3,v44382212
2003,-11.04,"London, Ontario",23.23.3,v44382212
2004,4.80,"London, Ontario",23.23.3,v44382212
2005,-0.99,"London, Ontario",23.23.3,v44382212
2006,2.54,"London, Ontario",23.23.3,v44382212
2007,7.89,"London, Ontario",23.23.3,v44382212
2008,-6.58,"London, Ontario",23.23.3,v44382212
2009,-1.85,"London, Ontario",23.23.3,v44382212
2010,3.72,"London, Ontario",23.23.3,v44382212
2011,-12.65,"London, Ontario",23.23.3,v44382212
2012,-6.40,"London, Ontario",23.23.3,v44382212
2013,-8.26,"London, Ontario",23.23.3,v44382212
2014,-3.07,"London, Ontario",23.23.3,v44382212
2015,9.60,"London, Ontario",23.23.3,v44382212
1998,..,"Windsor, Ontario",24.23.3,v44389356
1999,-10.25,"Windsor, Ontario",24.23.3,v44389356
2000,19.11,"Windsor, Ontario",24.23.3,v44389356
2001,2.88,"Windsor, Ontario",24.23.3,v44389356
2002,-2.67,"Windsor, Ontario",24.23.3,v44389356
2003,18.45,"Windsor, Ontario",24.23.3,v44389356
2004,6.81,"Windsor, Ontario",24.23.3,v44389356
2005,0.28,"Windsor, Ontario",24.23.3,v44389356
2006,-0.68,"Windsor, Ontario",24.23.3,v44389356
2007,15.06,"Windsor, Ontario",24.23.3,v44389356
2008,-13.54,"Windsor, Ontario",24.23.3,v44389356
2009,-8.98,"Windsor, Ontario",24.23.3,v44389356
2010,7.85,"Windsor, Ontario",24.23.3,v44389356
2011,-16.94,"Windsor, Ontario",24.23.3,v44389356
2012,20.79,"Windsor, Ontario",24.23.3,v44389356
2013,-21.77,"Windsor, Ontario",24.23.3,v44389356
2014,13.73,"Windsor, Ontario",24.23.3,v44389356
2015,13.74,"Windsor, Ontario",24.23.3,v44389356
2006,..,"Barrie, Ontario",47.23.3,v52143731
2007,-15.98,"Barrie, Ontario",47.23.3,v52143731
2008,-15.47,"Barrie, Ontario",47.23.3,v52143731
2009,2.85,"Barrie, Ontario",47.23.3,v52143731
2010,-3.16,"Barrie, Ontario",47.23.3,v52143731
2011,-21.40,"Barrie, Ontario",47.23.3,v52143731
2012,9.79,"Barrie, Ontario",47.23.3,v52143731
2013,-8.32,"Barrie, Ontario",47.23.3,v52143731
2014,-5.05,"Barrie, Ontario",47.23.3,v52143731
2015,21.88,"Barrie, Ontario",47.23.3,v52143731
1998,..,"Sudbury, Ontario",25.23.3,v44352245
1999,32.24,"Sudbury, Ontario",25.23.3,v44352245
2000,-9.53,"Sudbury, Ontario",25.23.3,v44352245
2001,15.71,"Sudbury, Ontario",25.23.3,v44352245
2002,5.13,"Sudbury, Ontario",25.23.3,v44352245
2003,-6.00,"Sudbury, Ontario",25.23.3,v44352245
2004,0.00,"Sudbury, Ontario",25.23.3,v44352245
2005,7.93,"Sudbury, Ontario",25.23.3,v44352245
2006,35.54,"Sudbury, Ontario",25.23.3,v44352245
2007,-3.00,"Sudbury, Ontario",25.23.3,v44352245
2008,-14.79,"Sudbury, Ontario",25.23.3,v44352245
2009,4.93,"Sudbury, Ontario",25.23.3,v44352245
2010,-10.33,"Sudbury, Ontario",25.23.3,v44352245
2011,-1.16,"Sudbury, Ontario",25.23.3,v44352245
2012,-13.24,"Sudbury, Ontario",25.23.3,v44352245
2013,-5.43,"Sudbury, Ontario",25.23.3,v44352245
2014,-10.10,"Sudbury, Ontario",25.23.3,v44352245
2015,0.80,"Sudbury, Ontario",25.23.3,v44352245
1998,..,"Thunder Bay, Ontario",26.23.3,v44387685
1999,-4.20,"Thunder Bay, Ontario",26.23.3,v44387685
2000,-10.47,"Thunder Bay, Ontario",26.23.3,v44387685
2001,12.37,"Thunder Bay, Ontario",26.23.3,v44387685
2002,10.13,"Thunder Bay, Ontario",26.23.3,v44387685
2003,-23.79,"Thunder Bay, Ontario",26.23.3,v44387685
2004,1.62,"Thunder Bay, Ontario",26.23.3,v44387685
2005,14.46,"Thunder Bay, Ontario",26.23.3,v44387685
2006,-0.05,"Thunder Bay, Ontario",26.23.3,v44387685
2007,7.38,"Thunder Bay, Ontario",26.23.3,v44387685
2008,-4.49,"Thunder Bay, Ontario",26.23.3,v44387685
2009,3.85,"Thunder Bay, Ontario",26.23.3,v44387685
2010,3.08,"Thunder Bay, Ontario",26.23.3,v44387685
2011,-4.25,"Thunder Bay, Ontario",26.23.3,v44387685
2012,-15.71,"Thunder Bay, Ontario",26.23.3,v44387685
2013,-4.74,"Thunder Bay, Ontario",26.23.3,v44387685
2014,13.86,"Thunder Bay, Ontario",26.23.3,v44387685
2015,-9.93,"Thunder Bay, Ontario",26.23.3,v44387685
1998,..,"Manitoba",28.23.3,v44389997
1999,-4.05,"Manitoba",28.23.3,v44389997
2000,12.74,"Manitoba",28.23.3,v44389997
2001,1.45,"Manitoba",28.23.3,v44389997
2002,-0.15,"Manitoba",28.23.3,v44389997
2003,-1.12,"Manitoba",28.23.3,v44389997
2004,-2.80,"Manitoba",28.23.3,v44389997
2005,17.71,"Manitoba",28.23.3,v44389997
2006,3.16,"Manitoba",28.23.3,v44389997
2007,-3.03,"Manitoba",28.23.3,v44389997
2008,0.81,"Manitoba",28.23.3,v44389997
2009,3.20,"Manitoba",28.23.3,v44389997
2010,0.04,"Manitoba",28.23.3,v44389997
2011,-3.58,"Manitoba",28.23.3,v44389997
2012,0.01,"Manitoba",28.23.3,v44389997
2013,-10.38,"Manitoba",28.23.3,v44389997
2014,-2.00,"Manitoba",28.23.3,v44389997
2015,6.03,"Manitoba",28.23.3,v44389997
1998,..,"Winnipeg, Manitoba",29.23.3,v44397427
1999,-8.39,"Winnipeg, Manitoba",29.23.3,v44397427
2000,23.99,"Winnipeg, Manitoba",29.23.3,v44397427
2001,-3.60,"Winnipeg, Manitoba",29.23.3,v44397427
2002,2.34,"Winnipeg, Manitoba",29.23.3,v44397427
2003,-8.00,"Winnipeg, Manitoba",29.23.3,v44397427
2004,-0.52,"Winnipeg, Manitoba",29.23.3,v44397427
2005,22.65,"Winnipeg, Manitoba",29.23.3,v44397427
2006,-4.38,"Winnipeg, Manitoba",29.23.3,v44397427
2007,-14.40,"Winnipeg, Manitoba",29.23.3,v44397427
2008,9.03,"Winnipeg, Manitoba",29.23.3,v44397427
2009,10.06,"Winnipeg, Manitoba",29.23.3,v44397427
2010,-6.37,"Winnipeg, Manitoba",29.23.3,v44397427
2011,-12.86,"Winnipeg, Manitoba",29.23.3,v44397427
2012,-7.90,"Winnipeg, Manitoba",29.23.3,v44397427
2013,-11.07,"Winnipeg, Manitoba",29.23.3,v44397427
2014,-3.26,"Winnipeg, Manitoba",29.23.3,v44397427
2015,6.81,"Winnipeg, Manitoba",29.23.3,v44397427
1998,..,"Saskatchewan",30.23.3,v44403747
1999,3.86,"Saskatchewan",30.23.3,v44403747
2000,12.04,"Saskatchewan",30.23.3,v44403747
2001,18.54,"Saskatchewan",30.23.3,v44403747
2002,-1.88,"Saskatchewan",30.23.3,v44403747
2003,8.12,"Saskatchewan",30.23.3,v44403747
2004,0.39,"Saskatchewan",30.23.3,v44403747
2005,6.00,"Saskatchewan",30.23.3,v44403747
2006,3.81,"Saskatchewan",30.23.3,v44403747
2007,6.67,"Saskatchewan",30.23.3,v44403747
2008,-7.37,"Saskatchewan",30.23.3,v44403747
2009,-4.49,"Saskatchewan",30.23.3,v44403747
2010,-6.64,"Saskatchewan",30.23.3,v44403747
2011,-1.45,"Saskatchewan",30.23.3,v44403747
2012,-1.15,"Saskatchewan",30.23.3,v44403747
2013,-5.74,"Saskatchewan",30.23.3,v44403747
2014,0.07,"Saskatchewan",30.23.3,v44403747
2015,8.41,"Saskatchewan",30.23.3,v44403747
1998,..,"Regina, Saskatchewan",31.23.3,v44344577
1999,9.28,"Regina, Saskatchewan",31.23.3,v44344577
2000,-8.51,"Regina, Saskatchewan",31.23.3,v44344577
2001,0.27,"Regina, Saskatchewan",31.23.3,v44344577
2002,-5.69,"Regina, Saskatchewan",31.23.3,v44344577
2003,-3.00,"Regina, Saskatchewan",31.23.3,v44344577
2004,1.23,"Regina, Saskatchewan",31.23.3,v44344577
2005,3.55,"Regina, Saskatchewan",31.23.3,v44344577
2006,-9.59,"Regina, Saskatchewan",31.23.3,v44344577
2007,12.11,"Regina, Saskatchewan",31.23.3,v44344577
2008,-18.05,"Regina, Saskatchewan",31.23.3,v44344577
2009,-2.58,"Regina, Saskatchewan",31.23.3,v44344577
2010,-8.08,"Regina, Saskatchewan",31.23.3,v44344577
2011,-6.84,"Regina, Saskatchewan",31.23.3,v44344577
2012,-3.48,"Regina, Saskatchewan",31.23.3,v44344577
2013,-6.00,"Regina, Saskatchewan",31.23.3,v44344577
2014,6.55,"Regina, Saskatchewan",31.23.3,v44344577
2015,1.27,"Regina, Saskatchewan",31.23.3,v44344577
1998,..,"Saskatoon, Saskatchewan",32.23.3,v44349398
1999,-10.17,"Saskatoon, Saskatchewan",32.23.3,v44349398
2000,14.05,"Saskatoon, Saskatchewan",32.23.3,v44349398
2001,25.41,"Saskatoon, Saskatchewan",32.23.3,v44349398
2002,-12.29,"Saskatoon, Saskatchewan",32.23.3,v44349398
2003,3.73,"Saskatoon, Saskatchewan",32.23.3,v44349398
2004,-13.35,"Saskatoon, Saskatchewan",32.23.3,v44349398
2005,-0.01,"Saskatoon, Saskatchewan",32.23.3,v44349398
2006,4.68,"Saskatoon, Saskatchewan",32.23.3,v44349398
2007,10.71,"Saskatoon, Saskatchewan",32.23.3,v44349398
2008,-8.62,"Saskatoon, Saskatchewan",32.23.3,v44349398
2009,-2.13,"Saskatoon, Saskatchewan",32.23.3,v44349398
2010,-5.48,"Saskatoon, Saskatchewan",32.23.3,v44349398
2011,-4.23,"Saskatoon, Saskatchewan",32.23.3,v44349398
2012,2.94,"Saskatoon, Saskatchewan",32.23.3,v44349398
2013,-13.03,"Saskatoon, Saskatchewan",32.23.3,v44349398
2014,-2.94,"Saskatoon, Saskatchewan",32.23.3,v44349398
2015,4.56,"Saskatoon, Saskatchewan",32.23.3,v44349398
1998,..,"Alberta",33.23.3,v44406383
1999,-5.10,"Alberta",33.23.3,v44406383
2000,5.64,"Alberta",33.23.3,v44406383
2001,7.90,"Alberta",33.23.3,v44406383
2002,-3.37,"Alberta",33.23.3,v44406383
2003,7.13,"Alberta",33.23.3,v44406383
2004,8.28,"Alberta",33.23.3,v44406383
2005,7.63,"Alberta",33.23.3,v44406383
2006,9.82,"Alberta",33.23.3,v44406383
2007,1.60,"Alberta",33.23.3,v44406383
2008,0.04,"Alberta",33.23.3,v44406383
2009,-6.60,"Alberta",33.23.3,v44406383
2010,-8.35,"Alberta",33.23.3,v44406383
2011,-2.65,"Alberta",33.23.3,v44406383
2012,0.99,"Alberta",33.23.3,v44406383
2013,-2.23,"Alberta",33.23.3,v44406383
2014,0.24,"Alberta",33.23.3,v44406383
2015,9.53,"Alberta",33.23.3,v44406383
1998,..,"Calgary, Alberta",34.23.3,v44348862
1999,-4.56,"Calgary, Alberta",34.23.3,v44348862
2000,6.69,"Calgary, Alberta",34.23.3,v44348862
2001,6.06,"Calgary, Alberta",34.23.3,v44348862
2002,-10.67,"Calgary, Alberta",34.23.3,v44348862
2003,21.06,"Calgary, Alberta",34.23.3,v44348862
2004,4.35,"Calgary, Alberta",34.23.3,v44348862
2005,-0.90,"Calgary, Alberta",34.23.3,v44348862
2006,7.27,"Calgary, Alberta",34.23.3,v44348862
2007,-15.25,"Calgary, Alberta",34.23.3,v44348862
2008,-5.63,"Calgary, Alberta",34.23.3,v44348862
2009,-8.43,"Calgary, Alberta",34.23.3,v44348862
2010,-0.68,"Calgary, Alberta",34.23.3,v44348862
2011,-6.61,"Calgary, Alberta",34.23.3,v44348862
2012,-5.74,"Calgary, Alberta",34.23.3,v44348862
2013,5.49,"Calgary, Alberta",34.23.3,v44348862
2014,1.40,"Calgary, Alberta",34.23.3,v44348862
2015,4.96,"Calgary, Alberta",34.23.3,v44348862
1998,..,"Edmonton, Alberta",35.23.3,v44348759
1999,-18.54,"Edmonton, Alberta",35.23.3,v44348759
2000,19.67,"Edmonton, Alberta",35.23.3,v44348759
2001,2.46,"Edmonton, Alberta",35.23.3,v44348759
2002,-5.84,"Edmonton, Alberta",35.23.3,v44348759
2003,-1.95,"Edmonton, Alberta",35.23.3,v44348759
2004,2.85,"Edmonton, Alberta",35.23.3,v44348759
2005,7.62,"Edmonton, Alberta",35.23.3,v44348759
2006,3.65,"Edmonton, Alberta",35.23.3,v44348759
2007,13.55,"Edmonton, Alberta",35.23.3,v44348759
2008,4.16,"Edmonton, Alberta",35.23.3,v44348759
2009,-9.58,"Edmonton, Alberta",35.23.3,v44348759
2010,-12.40,"Edmonton, Alberta",35.23.3,v44348759
2011,-5.27,"Edmonton, Alberta",35.23.3,v44348759
2012,0.38,"Edmonton, Alberta",35.23.3,v44348759
2013,2.57,"Edmonton, Alberta",35.23.3,v44348759
2014,-0.78,"Edmonton, Alberta",35.23.3,v44348759
2015,18.64,"Edmonton, Alberta",35.23.3,v44348759
1998,..,"British Columbia",36.23.3,v44416340
1999,-6.99,"British Columbia",36.23.3,v44416340
2000,2.76,"British Columbia",36.23.3,v44416340
2001,-2.33,"British Columbia",36.23.3,v44416340
2002,4.64,"British Columbia",36.23.3,v44416340
2003,4.03,"British Columbia",36.23.3,v44416340
2004,2.62,"British Columbia",36.23.3,v44416340
2005,12.43,"British Columbia",36.23.3,v44416340
2006,9.69,"British Columbia",36.23.3,v44416340
2007,1.81,"British Columbia",36.23.3,v44416340
2008,-0.17,"British Columbia",36.23.3,v44416340
2009,-7.39,"British Columbia",36.23.3,v44416340
2010,-3.92,"British Columbia",36.23.3,v44416340
2011,-7.79,"British Columbia",36.23.3,v44416340
2012,-1.88,"British Columbia",36.23.3,v44416340
2013,-10.88,"British Columbia",36.23.3,v44416340
2014,-7.00,"British Columbia",36.23.3,v44416340
2015,2.06,"British Columbia",36.23.3,v44416340
2006,..,"Kelowna, British Columbia",48.23.3,v52143208
2007,17.05,"Kelowna, British Columbia",48.23.3,v52143208
2008,9.92,"Kelowna, British Columbia",48.23.3,v52143208
2009,-9.79,"Kelowna, British Columbia",48.23.3,v52143208
2010,4.09,"Kelowna, British Columbia",48.23.3,v52143208
2011,-22.83,"Kelowna, British Columbia",48.23.3,v52143208
2012,6.33,"Kelowna, British Columbia",48.23.3,v52143208
2013,-17.29,"Kelowna, British Columbia",48.23.3,v52143208
2014,-10.00,"Kelowna, British Columbia",48.23.3,v52143208
2015,4.11,"Kelowna, British Columbia",48.23.3,v52143208
2001,..,"Abbotsford-Mission, British Columbia",39.23.3,v44375974
2002,10.63,"Abbotsford-Mission, British Columbia",39.23.3,v44375974
2003,3.69,"Abbotsford-Mission, British Columbia",39.23.3,v44375974
2004,4.77,"Abbotsford-Mission, British Columbia",39.23.3,v44375974
2005,45.50,"Abbotsford-Mission, British Columbia",39.23.3,v44375974
2006,45.12,"Abbotsford-Mission, British Columbia",39.23.3,v44375974
2007,16.15,"Abbotsford-Mission, British Columbia",39.23.3,v44375974
2008,-14.02,"Abbotsford-Mission, British Columbia",39.23.3,v44375974
2009,-13.73,"Abbotsford-Mission, British Columbia",39.23.3,v44375974
2010,-11.86,"Abbotsford-Mission, British Columbia",39.23.3,v44375974
2011,7.31,"Abbotsford-Mission, British Columbia",39.23.3,v44375974
2012,-24.03,"Abbotsford-Mission, British Columbia",39.23.3,v44375974
2013,2.08,"Abbotsford-Mission, British Columbia",39.23.3,v44375974
2014,7.08,"Abbotsford-Mission, British Columbia",39.23.3,v44375974
2015,12.60,"Abbotsford-Mission, British Columbia",39.23.3,v44375974
1998,..,"Vancouver, British Columbia",37.23.3,v44328237
1999,-7.91,"Vancouver, British Columbia",37.23.3,v44328237
2000,5.67,"Vancouver, British Columbia",37.23.3,v44328237
2001,-5.66,"Vancouver, British Columbia",37.23.3,v44328237
2002,6.89,"Vancouver, British Columbia",37.23.3,v44328237
2003,11.27,"Vancouver, British Columbia",37.23.3,v44328237
2004,2.38,"Vancouver, British Columbia",37.23.3,v44328237
2005,12.04,"Vancouver, British Columbia",37.23.3,v44328237
2006,12.65,"Vancouver, British Columbia",37.23.3,v44328237
2007,-0.82,"Vancouver, British Columbia",37.23.3,v44328237
2008,-5.77,"Vancouver, British Columbia",37.23.3,v44328237
2009,-10.41,"Vancouver, British Columbia",37.23.3,v44328237
2010,-4.55,"Vancouver, British Columbia",37.23.3,v44328237
2011,-7.06,"Vancouver, British Columbia",37.23.3,v44328237
2012,-0.62,"Vancouver, British Columbia",37.23.3,v44328237
2013,-11.54,"Vancouver, British Columbia",37.23.3,v44328237
2014,-10.19,"Vancouver, British Columbia",37.23.3,v44328237
2015,1.11,"Vancouver, British Columbia",37.23.3,v44328237
1998,..,"Victoria, British Columbia",38.23.3,v44387170
1999,-9.59,"Victoria, British Columbia",38.23.3,v44387170
2000,-0.19,"Victoria, British Columbia",38.23.3,v44387170
2001,-13.54,"Victoria, British Columbia",38.23.3,v44387170
2002,2.17,"Victoria, British Columbia",38.23.3,v44387170
2003,-4.24,"Victoria, British Columbia",38.23.3,v44387170
2004,1.35,"Victoria, British Columbia",38.23.3,v44387170
2005,1.25,"Victoria, British Columbia",38.23.3,v44387170
2006,19.62,"Victoria, British Columbia",38.23.3,v44387170
2007,-25.74,"Victoria, British Columbia",38.23.3,v44387170
2008,16.00,"Victoria, British Columbia",38.23.3,v44387170
2009,2.91,"Victoria, British Columbia",38.23.3,v44387170
2010,-9.77,"Victoria, British Columbia",38.23.3,v44387170
2011,-23.40,"Victoria, British Columbia",38.23.3,v44387170
2012,-4.21,"Victoria, British Columbia",38.23.3,v44387170
2013,0.82,"Victoria, British Columbia",38.23.3,v44387170
2014,-1.52,"Victoria, British Columbia",38.23.3,v44387170
2015,7.97,"Victoria, British Columbia",38.23.3,v44387170
1998,..,"Yukon",40.23.3,v44334952
1999,31.66,"Yukon",40.23.3,v44334952
2000,11.48,"Yukon",40.23.3,v44334952
2001,0.03,"Yukon",40.23.3,v44334952
2002,19.54,"Yukon",40.23.3,v44334952
2003,-2.64,"Yukon",40.23.3,v44334952
2004,-2.32,"Yukon",40.23.3,v44334952
2005,12.04,"Yukon",40.23.3,v44334952
2006,-11.09,"Yukon",40.23.3,v44334952
2007,26.85,"Yukon",40.23.3,v44334952
2008,-13.43,"Yukon",40.23.3,v44334952
2009,-4.96,"Yukon",40.23.3,v44334952
2010,-5.62,"Yukon",40.23.3,v44334952
2011,19.08,"Yukon",40.23.3,v44334952
2012,-3.77,"Yukon",40.23.3,v44334952
2013,-9.44,"Yukon",40.23.3,v44334952
2014,8.03,"Yukon",40.23.3,v44334952
2015,-14.27,"Yukon",40.23.3,v44334952
1998,..,"Northwest Territories",41.23.3,v44330713
1999,-11.57,"Northwest Territories",41.23.3,v44330713
2000,-7.93,"Northwest Territories",41.23.3,v44330713
2001,31.96,"Northwest Territories",41.23.3,v44330713
2002,64.49,"Northwest Territories",41.23.3,v44330713
2003,15.36,"Northwest Territories",41.23.3,v44330713
2004,-10.98,"Northwest Territories",41.23.3,v44330713
2005,-0.23,"Northwest Territories",41.23.3,v44330713
2006,14.78,"Northwest Territories",41.23.3,v44330713
2007,4.77,"Northwest Territories",41.23.3,v44330713
2008,12.14,"Northwest Territories",41.23.3,v44330713
2009,-4.71,"Northwest Territories",41.23.3,v44330713
2010,-8.18,"Northwest Territories",41.23.3,v44330713
2011,14.69,"Northwest Territories",41.23.3,v44330713
2012,-21.43,"Northwest Territories",41.23.3,v44330713
2013,-1.12,"Northwest Territories",41.23.3,v44330713
2014,6.59,"Northwest Territories",41.23.3,v44330713
2015,0.03,"Northwest Territories",41.23.3,v44330713
1999,..,"Nunavut",42.23.3,v44348406
2000,36.55,"Nunavut",42.23.3,v44348406
2001,29.55,"Nunavut",42.23.3,v44348406
2002,2.88,"Nunavut",42.23.3,v44348406
2003,22.31,"Nunavut",42.23.3,v44348406
2004,21.53,"Nunavut",42.23.3,v44348406
2005,-2.65,"Nunavut",42.23.3,v44348406
2006,15.32,"Nunavut",42.23.3,v44348406
2007,8.14,"Nunavut",42.23.3,v44348406
2008,8.12,"Nunavut",42.23.3,v44348406
2009,-5.78,"Nunavut",42.23.3,v44348406
2010,-8.67,"Nunavut",42.23.3,v44348406
2011,-1.61,"Nunavut",42.23.3,v44348406
2012,23.30,"Nunavut",42.23.3,v44348406
2013,-9.25,"Nunavut",42.23.3,v44348406
2014,-11.37,"Nunavut",42.23.3,v44348406
2015,-5.78,"Nunavut",42.23.3,v44348406
1998,..,"Canada",1.23.3,v44411199
1999,-0.28,"Canada",1.23.3,v44411199
2000,7.49,"Canada",1.23.3,v44411199
2001,4.79,"Canada",1.23.3,v44411199
2002,0.53,"Canada",1.23.3,v44411199
2003,2.33,"Canada",1.23.3,v44411199
2004,2.17,"Canada",1.23.3,v44411199
2005,6.94,"Canada",1.23.3,v44411199
2006,4.90,"Canada",1.23.3,v44411199
2007,1.69,"Canada",1.23.3,v44411199
2008,-1.01,"Canada",1.23.3,v44411199
2009,-3.74,"Canada",1.23.3,v44411199
2010,-3.75,"Canada",1.23.3,v44411199
2011,-3.89,"Canada",1.23.3,v44411199
2012,-2.40,"Canada",1.23.3,v44411199
2013,-8.67,"Canada",1.23.3,v44411199
2014,-3.08,"Canada",1.23.3,v44411199
2015,3.59,"Canada",1.23.3,v44411199
1998,..,"Newfoundland and Labrador",2.23.3,v44393148
1999,15.27,"Newfoundland and Labrador",2.23.3,v44393148
2000,0.11,"Newfoundland and Labrador",2.23.3,v44393148
2001,8.83,"Newfoundland and Labrador",2.23.3,v44393148
2002,3.86,"Newfoundland and Labrador",2.23.3,v44393148
2003,-5.68,"Newfoundland and Labrador",2.23.3,v44393148
2004,11.63,"Newfoundland and Labrador",2.23.3,v44393148
2005,-8.45,"Newfoundland and Labrador",2.23.3,v44393148
2006,10.01,"Newfoundland and Labrador",2.23.3,v44393148
2007,8.60,"Newfoundland and Labrador",2.23.3,v44393148
2008,3.10,"Newfoundland and Labrador",2.23.3,v44393148
2009,-8.03,"Newfoundland and Labrador",2.23.3,v44393148
2010,-5.60,"Newfoundland and Labrador",2.23.3,v44393148
2011,3.79,"Newfoundland and Labrador",2.23.3,v44393148
2012,12.08,"Newfoundland and Labrador",2.23.3,v44393148
2013,-9.42,"Newfoundland and Labrador",2.23.3,v44393148
2014,-6.96,"Newfoundland and Labrador",2.23.3,v44393148
2015,-4.03,"Newfoundland and Labrador",2.23.3,v44393148
1998,..,"St. John's, Newfoundland and Labrador",3.23.3,v44402034
1999,15.69,"St. John's, Newfoundland and Labrador",3.23.3,v44402034
2000,-14.02,"St. John's, Newfoundland and Labrador",3.23.3,v44402034
2001,21.40,"St. John's, Newfoundland and Labrador",3.23.3,v44402034
2002,3.85,"St. John's, Newfoundland and Labrador",3.23.3,v44402034
2003,-17.78,"St. John's, Newfoundland and Labrador",3.23.3,v44402034
2004,18.94,"St. John's, Newfoundland and Labrador",3.23.3,v44402034
2005,2.91,"St. John's, Newfoundland and Labrador",3.23.3,v44402034
2006,-10.59,"St. John's, Newfoundland and Labrador",3.23.3,v44402034
2007,10.52,"St. John's, Newfoundland and Labrador",3.23.3,v44402034
2008,-1.51,"St. John's, Newfoundland and Labrador",3.23.3,v44402034
2009,-8.54,"St. John's, Newfoundland and Labrador",3.23.3,v44402034
2010,15.73,"St. John's, Newfoundland and Labrador",3.23.3,v44402034
2011,-29.69,"St. John's, Newfoundland and Labrador",3.23.3,v44402034
2012,22.95,"St. John's, Newfoundland and Labrador",3.23.3,v44402034
2013,-7.35,"St. John's, Newfoundland and Labrador",3.23.3,v44402034
2014,-17.58,"St. John's, Newfoundland and Labrador",3.23.3,v44402034
2015,-20.55,"St. John's, Newfoundland and Labrador",3.23.3,v44402034
1998,..,"Prince Edward Island",4.23.3,v44401604
1999,-38.68,"Prince Edward Island",4.23.3,v44401604
2000,74.75,"Prince Edward Island",4.23.3,v44401604
2001,-7.27,"Prince Edward Island",4.23.3,v44401604
2002,22.90,"Prince Edward Island",4.23.3,v44401604
2003,23.44,"Prince Edward Island",4.23.3,v44401604
2004,-13.42,"Prince Edward Island",4.23.3,v44401604
2005,6.68,"Prince Edward Island",4.23.3,v44401604
2006,30.61,"Prince Edward Island",4.23.3,v44401604
2007,-13.24,"Prince Edward Island",4.23.3,v44401604
2008,0.20,"Prince Edward Island",4.23.3,v44401604
2009,-1.76,"Prince Edward Island",4.23.3,v44401604
2010,15.84,"Prince Edward Island",4.23.3,v44401604
2011,4.01,"Prince Edward Island",4.23.3,v44401604
2012,-17.75,"Prince Edward Island",4.23.3,v44401604
2013,-14.13,"Prince Edward Island",4.23.3,v44401604
2014,-5.90,"Prince Edward Island",4.23.3,v44401604
2015,3.25,"Prince Edward Island",4.23.3,v44401604
1998,..,"Nova Scotia",5.23.3,v44402763
1999,18.88,"Nova Scotia",5.23.3,v44402763
2000,-3.45,"Nova Scotia",5.23.3,v44402763
2001,5.21,"Nova Scotia",5.23.3,v44402763
2002,12.12,"Nova Scotia",5.23.3,v44402763
2003,19.18,"Nova Scotia",5.23.3,v44402763
2004,11.99,"Nova Scotia",5.23.3,v44402763
2005,10.12,"Nova Scotia",5.23.3,v44402763
2006,7.65,"Nova Scotia",5.23.3,v44402763
2007,-1.28,"Nova Scotia",5.23.3,v44402763
2008,0.78,"Nova Scotia",5.23.3,v44402763
2009,0.41,"Nova Scotia",5.23.3,v44402763
2010,-20.64,"Nova Scotia",5.23.3,v44402763
2011,16.21,"Nova Scotia",5.23.3,v44402763
2012,-1.60,"Nova Scotia",5.23.3,v44402763
2013,-19.41,"Nova Scotia",5.23.3,v44402763
2014,-3.16,"Nova Scotia",5.23.3,v44402763
2015,-4.78,"Nova Scotia",5.23.3,v44402763
1998,..,"Halifax, Nova Scotia",6.23.3,v44368155
1999,27.90,"Halifax, Nova Scotia",6.23.3,v44368155
2000,-4.33,"Halifax, Nova Scotia",6.23.3,v44368155
2001,-0.37,"Halifax, Nova Scotia",6.23.3,v44368155
2002,-9.54,"Halifax, Nova Scotia",6.23.3,v44368155
2003,12.84,"Halifax, Nova Scotia",6.23.3,v44368155
2004,25.43,"Halifax, Nova Scotia",6.23.3,v44368155
2005,10.49,"Halifax, Nova Scotia",6.23.3,v44368155
2006,13.72,"Halifax, Nova Scotia",6.23.3,v44368155
2007,-8.82,"Halifax, Nova Scotia",6.23.3,v44368155
2008,-1.15,"Halifax, Nova Scotia",6.23.3,v44368155
2009,-8.00,"Halifax, Nova Scotia",6.23.3,v44368155
2010,-14.96,"Halifax, Nova Scotia",6.23.3,v44368155
2011,13.93,"Halifax, Nova Scotia",6.23.3,v44368155
2012,-14.33,"Halifax, Nova Scotia",6.23.3,v44368155
2013,-17.43,"Halifax, Nova Scotia",6.23.3,v44368155
2014,-12.09,"Halifax, Nova Scotia",6.23.3,v44368155
2015,-9.81,"Halifax, Nova Scotia",6.23.3,v44368155
1998,..,"New Brunswick",7.23.3,v44403781
1999,7.17,"New Brunswick",7.23.3,v44403781
2000,-5.84,"New Brunswick",7.23.3,v44403781
2001,1.87,"New Brunswick",7.23.3,v44403781
2002,-4.74,"New Brunswick",7.23.3,v44403781
2003,20.18,"New Brunswick",7.23.3,v44403781
2004,-7.76,"New Brunswick",7.23.3,v44403781
2005,-1.88,"New Brunswick",7.23.3,v44403781
2006,15.01,"New Brunswick",7.23.3,v44403781
2007,10.10,"New Brunswick",7.23.3,v44403781
2008,20.30,"New Brunswick",7.23.3,v44403781
2009,0.60,"New Brunswick",7.23.3,v44403781
2010,-15.29,"New Brunswick",7.23.3,v44403781
2011,2.89,"New Brunswick",7.23.3,v44403781
2012,-0.69,"New Brunswick",7.23.3,v44403781
2013,-21.08,"New Brunswick",7.23.3,v44403781
2014,5.89,"New Brunswick",7.23.3,v44403781
2015,-3.18,"New Brunswick",7.23.3,v44403781
2006,..,"Moncton, New Brunswick",43.23.3,v52118567
2007,0.87,"Moncton, New Brunswick",43.23.3,v52118567
2008,12.96,"Moncton, New Brunswick",43.23.3,v52118567
2009,-1.68,"Moncton, New Brunswick",43.23.3,v52118567
2010,-16.81,"Moncton, New Brunswick",43.23.3,v52118567
2011,30.38,"Moncton, New Brunswick",43.23.3,v52118567
2012,-3.74,"Moncton, New Brunswick",43.23.3,v52118567
2013,-25.17,"Moncton, New Brunswick",43.23.3,v52118567
2014,16.44,"Moncton, New Brunswick",43.23.3,v52118567
2015,16.85,"Moncton, New Brunswick",43.23.3,v52118567
1998,..,"Saint John, New Brunswick",8.23.3,v44408280
1999,-3.59,"Saint John, New Brunswick",8.23.3,v44408280
2000,-6.02,"Saint John, New Brunswick",8.23.3,v44408280
2001,-21.91,"Saint John, New Brunswick",8.23.3,v44408280
2002,-25.30,"Saint John, New Brunswick",8.23.3,v44408280
2003,53.82,"Saint John, New Brunswick",8.23.3,v44408280
2004,-22.32,"Saint John, New Brunswick",8.23.3,v44408280
2005,31.86,"Saint John, New Brunswick",8.23.3,v44408280
2006,14.60,"Saint John, New Brunswick",8.23.3,v44408280
2007,7.19,"Saint John, New Brunswick",8.23.3,v44408280
2008,34.67,"Saint John, New Brunswick",8.23.3,v44408280
2009,2.62,"Saint John, New Brunswick",8.23.3,v44408280
2010,-16.35,"Saint John, New Brunswick",8.23.3,v44408280
2011,-25.32,"Saint John, New Brunswick",8.23.3,v44408280
2012,28.87,"Saint John, New Brunswick",8.23.3,v44408280
2013,-30.79,"Saint John, New Brunswick",8.23.3,v44408280
2014,13.44,"Saint John, New Brunswick",8.23.3,v44408280
2015,8.89,"Saint John, New Brunswick",8.23.3,v44408280
1998,..,"Quebec",9.23.3,v44369188
1999,5.49,"Quebec",9.23.3,v44369188
2000,15.22,"Quebec",9.23.3,v44369188
2001,5.48,"Quebec",9.23.3,v44369188
2002,0.92,"Quebec",9.23.3,v44369188
2003,4.17,"Quebec",9.23.3,v44369188
2004,6.23,"Quebec",9.23.3,v44369188
2005,7.47,"Quebec",9.23.3,v44369188
2006,3.62,"Quebec",9.23.3,v44369188
2007,3.16,"Quebec",9.23.3,v44369188
2008,2.24,"Quebec",9.23.3,v44369188
2009,-1.91,"Quebec",9.23.3,v44369188
2010,0.65,"Quebec",9.23.3,v44369188
2011,-5.11,"Quebec",9.23.3,v44369188
2012,-5.74,"Quebec",9.23.3,v44369188
2013,-8.70,"Quebec",9.23.3,v44369188
2014,-3.98,"Quebec",9.23.3,v44369188
2015,0.33,"Quebec",9.23.3,v44369188
1998,..,"Saguenay, Quebec",10.23.3,v44379388
1999,-13.91,"Saguenay, Quebec",10.23.3,v44379388
2000,4.41,"Saguenay, Quebec",10.23.3,v44379388
2001,-6.94,"Saguenay, Quebec",10.23.3,v44379388
2002,4.86,"Saguenay, Quebec",10.23.3,v44379388
2003,-0.60,"Saguenay, Quebec",10.23.3,v44379388
2004,2.67,"Saguenay, Quebec",10.23.3,v44379388
2005,-21.15,"Saguenay, Quebec",10.23.3,v44379388
2006,64.65,"Saguenay, Quebec",10.23.3,v44379388
2007,42.59,"Saguenay, Quebec",10.23.3,v44379388
2008,-11.33,"Saguenay, Quebec",10.23.3,v44379388
2009,-3.76,"Saguenay, Quebec",10.23.3,v44379388
2010,6.56,"Saguenay, Quebec",10.23.3,v44379388
2011,-18.93,"Saguenay, Quebec",10.23.3,v44379388
2012,16.97,"Saguenay, Quebec",10.23.3,v44379388
2013,-13.75,"Saguenay, Quebec",10.23.3,v44379388
2014,14.29,"Saguenay, Quebec",10.23.3,v44379388
2015,-9.56,"Saguenay, Quebec",10.23.3,v44379388
1998,..,"Quebec, Quebec",11.23.3,v44375410
1999,-4.76,"Quebec, Quebec",11.23.3,v44375410
2000,44.47,"Quebec, Quebec",11.23.3,v44375410
2001,3.05,"Quebec, Quebec",11.23.3,v44375410
2002,-18.67,"Quebec, Quebec",11.23.3,v44375410
2003,-1.76,"Quebec, Quebec",11.23.3,v44375410
2004,18.23,"Quebec, Quebec",11.23.3,v44375410
2005,19.03,"Quebec, Quebec",11.23.3,v44375410
2006,40.69,"Quebec, Quebec",11.23.3,v44375410
2007,-12.24,"Quebec, Quebec",11.23.3,v44375410
2008,4.23,"Quebec, Quebec",11.23.3,v44375410
2009,12.77,"Quebec, Quebec",11.23.3,v44375410
2010,8.82,"Quebec, Quebec",11.23.3,v44375410
2011,-11.35,"Quebec, Quebec",11.23.3,v44375410
2012,-17.01,"Quebec, Quebec",11.23.3,v44375410
2013,13.69,"Quebec, Quebec",11.23.3,v44375410
2014,-7.08,"Quebec, Quebec",11.23.3,v44375410
2015,-7.03,"Quebec, Quebec",11.23.3,v44375410
1998,..,"Sherbrooke, Quebec",12.23.3,v44405852
1999,16.90,"Sherbrooke, Quebec",12.23.3,v44405852
2000,-1.75,"Sherbrooke, Quebec",12.23.3,v44405852
2001,31.72,"Sherbrooke, Quebec",12.23.3,v44405852
2002,0.11,"Sherbrooke, Quebec",12.23.3,v44405852
2003,49.28,"Sherbrooke, Quebec",12.23.3,v44405852
2004,-4.53,"Sherbrooke, Quebec",12.23.3,v44405852
2005,4.43,"Sherbrooke, Quebec",12.23.3,v44405852
2006,48.73,"Sherbrooke, Quebec",12.23.3,v44405852
2007,-15.51,"Sherbrooke, Quebec",12.23.3,v44405852
2008,23.81,"Sherbrooke, Quebec",12.23.3,v44405852
2009,-17.24,"Sherbrooke, Quebec",12.23.3,v44405852
2010,-7.60,"Sherbrooke, Quebec",12.23.3,v44405852
2011,9.36,"Sherbrooke, Quebec",12.23.3,v44405852
2012,12.12,"Sherbrooke, Quebec",12.23.3,v44405852
2013,-34.11,"Sherbrooke, Quebec",12.23.3,v44405852
2014,6.78,"Sherbrooke, Quebec",12.23.3,v44405852
2015,-6.65,"Sherbrooke, Quebec",12.23.3,v44405852
1998,..,"Montreal, Quebec",14.23.3,v44382778
1999,5.78,"Montreal, Quebec",14.23.3,v44382778
2000,14.22,"Montreal, Quebec",14.23.3,v44382778
2001,2.28,"Montreal, Quebec",14.23.3,v44382778
2002,-2.72,"Montreal, Quebec",14.23.3,v44382778
2003,2.05,"Montreal, Quebec",14.23.3,v44382778
2004,6.94,"Montreal, Quebec",14.23.3,v44382778
2005,4.44,"Montreal, Quebec",14.23.3,v44382778
2006,-3.01,"Montreal, Quebec",14.23.3,v44382778
2007,4.55,"Montreal, Quebec",14.23.3,v44382778
2008,0.31,"Montreal, Quebec",14.23.3,v44382778
2009,-1.98,"Montreal, Quebec",14.23.3,v44382778
2010,-4.33,"Montreal, Quebec",14.23.3,v44382778
2011,-5.59,"Montreal, Quebec",14.23.3,v44382778
2012,-12.94,"Montreal, Quebec",14.23.3,v44382778
2013,-8.15,"Montreal, Quebec",14.23.3,v44382778
2014,1.03,"Montreal, Quebec",14.23.3,v44382778
2015,-0.97,"Montreal, Quebec",14.23.3,v44382778
1998,..,"Ottawa-Gatineau, Quebec part",15.23.3,v44342859
1999,-14.56,"Ottawa-Gatineau, Quebec part",15.23.3,v44342859
2000,30.60,"Ottawa-Gatineau, Quebec part",15.23.3,v44342859
2001,2.09,"Ottawa-Gatineau, Quebec part",15.23.3,v44342859
2002,32.69,"Ottawa-Gatineau, Quebec part",15.23.3,v44342859
2003,0.46,"Ottawa-Gatineau, Quebec part",15.23.3,v44342859
2004,0.79,"Ottawa-Gatineau, Quebec part",15.23.3,v44342859
2005,1.48,"Ottawa-Gatineau, Quebec part",15.23.3,v44342859
2006,-5.81,"Ottawa-Gatineau, Quebec part",15.23.3,v44342859
2007,-8.20,"Ottawa-Gatineau, Quebec part",15.23.3,v44342859
2008,23.96,"Ottawa-Gatineau, Quebec part",15.23.3,v44342859
2009,-12.86,"Ottawa-Gatineau, Quebec part",15.23.3,v44342859
2010,3.47,"Ottawa-Gatineau, Quebec part",15.23.3,v44342859
2011,-5.38,"Ottawa-Gatineau, Quebec part",15.23.3,v44342859
2012,-3.31,"Ottawa-Gatineau, Quebec part",15.23.3,v44342859
2013,-9.67,"Ottawa-Gatineau, Quebec part",15.23.3,v44342859
2014,-8.42,"Ottawa-Gatineau, Quebec part",15.23.3,v44342859
2015,12.79,"Ottawa-Gatineau, Quebec part",15.23.3,v44342859
1998,..,"Ontario",16.23.3,v44338493
1999,0.17,"Ontario",16.23.3,v44338493
2000,5.87,"Ontario",16.23.3,v44338493
2001,4.60,"Ontario",16.23.3,v44338493
2002,-0.93,"Ontario",16.23.3,v44338493
2003,-3.31,"Ontario",16.23.3,v44338493
2004,-1.27,"Ontario",16.23.3,v44338493
2005,2.74,"Ontario",16.23.3,v44338493
2006,0.77,"Ontario",16.23.3,v44338493
2007,-0.32,"Ontario",16.23.3,v44338493
2008,-5.23,"Ontario",16.23.3,v44338493
2009,-3.86,"Ontario",16.23.3,v44338493
2010,-2.55,"Ontario",16.23.3,v44338493
2011,-5.27,"Ontario",16.23.3,v44338493
2012,-3.67,"Ontario",16.23.3,v44338493
2013,-9.11,"Ontario",16.23.3,v44338493
2014,-3.94,"Ontario",16.23.3,v44338493
2015,3.41,"Ontario",16.23.3,v44338493
1998,..,"Ottawa-Gatineau, Ontario/Quebec",17.23.3,v52149265
1999,-10.48,"Ottawa-Gatineau, Ontario/Quebec",17.23.3,v52149265
2000,15.96,"Ottawa-Gatineau, Ontario/Quebec",17.23.3,v52149265
2001,5.80,"Ottawa-Gatineau, Ontario/Quebec",17.23.3,v52149265
2002,-4.38,"Ottawa-Gatineau, Ontario/Quebec",17.23.3,v52149265
2003,7.08,"Ottawa-Gatineau, Ontario/Quebec",17.23.3,v52149265
2004,-5.26,"Ottawa-Gatineau, Ontario/Quebec",17.23.3,v52149265
2005,-7.91,"Ottawa-Gatineau, Ontario/Quebec",17.23.3,v52149265
2006,-8.14,"Ottawa-Gatineau, Ontario/Quebec",17.23.3,v52149265
2007,-1.61,"Ottawa-Gatineau, Ontario/Quebec",17.23.3,v52149265
2008,-1.75,"Ottawa-Gatineau, Ontario/Quebec",17.23.3,v52149265
2009,-3.95,"Ottawa-Gatineau, Ontario/Quebec",17.23.3,v52149265
2010,-7.65,"Ottawa-Gatineau, Ontario/Quebec",17.23.3,v52149265
2011,-9.12,"Ottawa-Gatineau, Ontario/Quebec",17.23.3,v52149265
2012,-2.75,"Ottawa-Gatineau, Ontario/Quebec",17.23.3,v52149265
2013,-2.86,"Ottawa-Gatineau, Ontario/Quebec",17.23.3,v52149265
2014,-16.79,"Ottawa-Gatineau, Ontario/Quebec",17.23.3,v52149265
2015,11.36,"Ottawa-Gatineau, Ontario/Quebec",17.23.3,v52149265
1998,..,"Ottawa-Gatineau, Ontario part",18.23.3,v44364168
1999,-9.62,"Ottawa-Gatineau, Ontario part",18.23.3,v44364168
2000,12.46,"Ottawa-Gatineau, Ontario part",18.23.3,v44364168
2001,6.76,"Ottawa-Gatineau, Ontario part",18.23.3,v44364168
2002,-13.87,"Ottawa-Gatineau, Ontario part",18.23.3,v44364168
2003,9.68,"Ottawa-Gatineau, Ontario part",18.23.3,v44364168
2004,-7.46,"Ottawa-Gatineau, Ontario part",18.23.3,v44364168
2005,-11.70,"Ottawa-Gatineau, Ontario part",18.23.3,v44364168
2006,-9.27,"Ottawa-Gatineau, Ontario part",18.23.3,v44364168
2007,1.50,"Ottawa-Gatineau, Ontario part",18.23.3,v44364168
2008,-12.97,"Ottawa-Gatineau, Ontario part",18.23.3,v44364168
2009,1.48,"Ottawa-Gatineau, Ontario part",18.23.3,v44364168
2010,-13.85,"Ottawa-Gatineau, Ontario part",18.23.3,v44364168
2011,-11.67,"Ottawa-Gatineau, Ontario part",18.23.3,v44364168
2012,-2.35,"Ottawa-Gatineau, Ontario part",18.23.3,v44364168
2013,1.92,"Ottawa-Gatineau, Ontario part",18.23.3,v44364168
2014,-21.89,"Ottawa-Gatineau, Ontario part",18.23.3,v44364168
2015,10.45,"Ottawa-Gatineau, Ontario part",18.23.3,v44364168
2001,..,"Kingston, Ontario",27.23.3,v44387402
2002,2.45,"Kingston, Ontario",27.23.3,v44387402
2003,16.43,"Kingston, Ontario",27.23.3,v44387402
2004,-25.35,"Kingston, Ontario",27.23.3,v44387402
2005,36.06,"Kingston, Ontario",27.23.3,v44387402
2006,7.05,"Kingston, Ontario",27.23.3,v44387402
2007,25.83,"Kingston, Ontario",27.23.3,v44387402
2008,-28.26,"Kingston, Ontario",27.23.3,v44387402
2009,-4.63,"Kingston, Ontario",27.23.3,v44387402
2010,-9.31,"Kingston, Ontario",27.23.3,v44387402
2011,4.08,"Kingston, Ontario",27.23.3,v44387402
2012,3.44,"Kingston, Ontario",27.23.3,v44387402
2013,-18.80,"Kingston, Ontario",27.23.3,v44387402
2014,23.56,"Kingston, Ontario",27.23.3,v44387402
2015,-16.31,"Kingston, Ontario",27.23.3,v44387402
2006,..,"Peterborough, Ontario",44.23.3,v52120040
2007,-27.98,"Peterborough, Ontario",44.23.3,v52120040
2008,11.39,"Peterborough, Ontario",44.23.3,v52120040
2009,-10.59,"Peterborough, Ontario",44.23.3,v52120040
2010,12.11,"Peterborough, Ontario",44.23.3,v52120040
2011,-6.47,"Peterborough, Ontario",44.23.3,v52120040
2012,47.45,"Peterborough, Ontario",44.23.3,v52120040
2013,-19.83,"Peterborough, Ontario",44.23.3,v52120040
2014,-5.78,"Peterborough, Ontario",44.23.3,v52120040
2015,-0.16,"Peterborough, Ontario",44.23.3,v52120040
1998,..,"Toronto, Ontario",19.23.3,v44408731
1999,-0.20,"Toronto, Ontario",19.23.3,v44408731
2000,7.72,"Toronto, Ontario",19.23.3,v44408731
2001,2.47,"Toronto, Ontario",19.23.3,v44408731
2002,-3.50,"Toronto, Ontario",19.23.3,v44408731
2003,-6.28,"Toronto, Ontario",19.23.3,v44408731
2004,-3.17,"Toronto, Ontario",19.23.3,v44408731
2005,5.87,"Toronto, Ontario",19.23.3,v44408731
2006,-2.73,"Toronto, Ontario",19.23.3,v44408731
2007,-2.02,"Toronto, Ontario",19.23.3,v44408731
2008,-9.33,"Toronto, Ontario",19.23.3,v44408731
2009,-5.05,"Toronto, Ontario",19.23.3,v44408731
2010,-2.28,"Toronto, Ontario",19.23.3,v44408731
2011,-6.03,"Toronto, Ontario",19.23.3,v44408731
2012,-7.03,"Toronto, Ontario",19.23.3,v44408731
2013,-7.87,"Toronto, Ontario",19.23.3,v44408731
2014,-3.81,"Toronto, Ontario",19.23.3,v44408731
2015,6.37,"Toronto, Ontario",19.23.3,v44408731
1998,..,"Hamilton, Ontario",20.23.3,v44369156
1999,-3.44,"Hamilton, Ontario",20.23.3,v44369156
2000,0.31,"Hamilton, Ontario",20.23.3,v44369156
2001,1.54,"Hamilton, Ontario",20.23.3,v44369156
2002,-6.66,"Hamilton, Ontario",20.23.3,v44369156
2003,-9.89,"Hamilton, Ontario",20.23.3,v44369156
2004,-12.69,"Hamilton, Ontario",20.23.3,v44369156
2005,10.28,"Hamilton, Ontario",20.23.3,v44369156
2006,-1.42,"Hamilton, Ontario",20.23.3,v44369156
2007,-2.40,"Hamilton, Ontario",20.23.3,v44369156
2008,11.13,"Hamilton, Ontario",20.23.3,v44369156
2009,-8.83,"Hamilton, Ontario",20.23.3,v44369156
2010,11.49,"Hamilton, Ontario",20.23.3,v44369156
2011,5.86,"Hamilton, Ontario",20.23.3,v44369156
2012,-13.65,"Hamilton, Ontario",20.23.3,v44369156
2013,-15.33,"Hamilton, Ontario",20.23.3,v44369156
2014,6.05,"Hamilton, Ontario",20.23.3,v44369156
2015,-6.85,"Hamilton, Ontario",20.23.3,v44369156
1998,..,"St.Catharines-Niagara, Ontario",21.23.3,v44410234
1999,1.86,"St.Catharines-Niagara, Ontario",21.23.3,v44410234
2000,3.74,"St.Catharines-Niagara, Ontario",21.23.3,v44410234
2001,24.12,"St.Catharines-Niagara, Ontario",21.23.3,v44410234
2002,-6.01,"St.Catharines-Niagara, Ontario",21.23.3,v44410234
2003,-19.08,"St.Catharines-Niagara, Ontario",21.23.3,v44410234
2004,-1.16,"St.Catharines-Niagara, Ontario",21.23.3,v44410234
2005,5.42,"St.Catharines-Niagara, Ontario",21.23.3,v44410234
2006,6.35,"St.Catharines-Niagara, Ontario",21.23.3,v44410234
2007,3.92,"St.Catharines-Niagara, Ontario",21.23.3,v44410234
2008,31.48,"St.Catharines-Niagara, Ontario",21.23.3,v44410234
2009,-12.03,"St.Catharines-Niagara, Ontario",21.23.3,v44410234
2010,-6.13,"St.Catharines-Niagara, Ontario",21.23.3,v44410234
2011,-12.10,"St.Catharines-Niagara, Ontario",21.23.3,v44410234
2012,5.28,"St.Catharines-Niagara, Ontario",21.23.3,v44410234
2013,-8.38,"St.Catharines-Niagara, Ontario",21.23.3,v44410234
2014,-6.47,"St.Catharines-Niagara, Ontario",21.23.3,v44410234
2015,-9.78,"St.Catharines-Niagara, Ontario",21.23.3,v44410234
1998,..,"Kitchener-Cambridge-Waterloo, Ontario",22.23.3,v44339038
1999,-9.72,"Kitchener-Cambridge-Waterloo, Ontario",22.23.3,v44339038
2000,-5.96,"Kitchener-Cambridge-Waterloo, Ontario",22.23.3,v44339038
2001,3.28,"Kitchener-Cambridge-Waterloo, Ontario",22.23.3,v44339038
2002,-5.13,"Kitchener-Cambridge-Waterloo, Ontario",22.23.3,v44339038
2003,-1.09,"Kitchener-Cambridge-Waterloo, Ontario",22.23.3,v44339038
2004,23.45,"Kitchener-Cambridge-Waterloo, Ontario",22.23.3,v44339038
2005,0.82,"Kitchener-Cambridge-Waterloo, Ontario",22.23.3,v44339038
2006,30.38,"Kitchener-Cambridge-Waterloo, Ontario",22.23.3,v44339038
2007,-11.80,"Kitchener-Cambridge-Waterloo, Ontario",22.23.3,v44339038
2008,-1.23,"Kitchener-Cambridge-Waterloo, Ontario",22.23.3,v44339038
2009,-2.38,"Kitchener-Cambridge-Waterloo, Ontario",22.23.3,v44339038
2010,17.24,"Kitchener-Cambridge-Waterloo, Ontario",22.23.3,v44339038
2011,-6.01,"Kitchener-Cambridge-Waterloo, Ontario",22.23.3,v44339038
2012,-4.78,"Kitchener-Cambridge-Waterloo, Ontario",22.23.3,v44339038
2013,-12.70,"Kitchener-Cambridge-Waterloo, Ontario",22.23.3,v44339038
2014,-12.24,"Kitchener-Cambridge-Waterloo, Ontario",22.23.3,v44339038
2015,7.05,"Kitchener-Cambridge-Waterloo, Ontario",22.23.3,v44339038
2006,..,"Brantford, Ontario",45.23.3,v52125302
2007,0.09,"Brantford, Ontario",45.23.3,v52125302
2008,4.33,"Brantford, Ontario",45.23.3,v52125302
2009,-5.34,"Brantford, Ontario",45.23.3,v52125302
2010,19.07,"Brantford, Ontario",45.23.3,v52125302
2011,-28.61,"Brantford, Ontario",45.23.3,v52125302
2012,1.05,"Brantford, Ontario",45.23.3,v52125302
2013,-10.46,"Brantford, Ontario",45.23.3,v52125302
2014,16.05,"Brantford, Ontario",45.23.3,v52125302
2015,1.45,"Brantford, Ontario",45.23.3,v52125302
2006,..,"Guelph, Ontario",46.23.3,v52126384
2007,-10.42,"Guelph, Ontario",46.23.3,v52126384
2008,-0.02,"Guelph, Ontario",46.23.3,v52126384
2009,0.96,"Guelph, Ontario",46.23.3,v52126384
2010,18.17,"Guelph, Ontario",46.23.3,v52126384
2011,-13.64,"Guelph, Ontario",46.23.3,v52126384
2012,-32.43,"Guelph, Ontario",46.23.3,v52126384
2013,2.95,"Guelph, Ontario",46.23.3,v52126384
2014,7.45,"Guelph, Ontario",46.23.3,v52126384
2015,-9.66,"Guelph, Ontario",46.23.3,v52126384
1998,..,"London, Ontario",23.23.3,v44382212
1999,-1.55,"London, Ontario",23.23.3,v44382212
2000,5.34,"London, Ontario",23.23.3,v44382212
2001,-1.16,"London, Ontario",23.23.3,v44382212
2002,11.19,"London, Ontario",23.23.3,v44382212
2003,-11.04,"London, Ontario",23.23.3,v44382212
2004,4.80,"London, Ontario",23.23.3,v44382212
2005,-0.99,"London, Ontario",23.23.3,v44382212
2006,2.54,"London, Ontario",23.23.3,v44382212
2007,7.89,"London, Ontario",23.23.3,v44382212
2008,-6.58,"London, Ontario",23.23.3,v44382212
2009,-1.85,"London, Ontario",23.23.3,v44382212
2010,3.72,"London, Ontario",23.23.3,v44382212
2011,-12.65,"London, Ontario",23.23.3,v44382212
2012,-6.40,"London, Ontario",23.23.3,v44382212
2013,-8.26,"London, Ontario",23.23.3,v44382212
2014,-3.07,"London, Ontario",23.23.3,v44382212
2015,9.60,"London, Ontario",23.23.3,v44382212
1998,..,"Windsor, Ontario",24.23.3,v44389356
1999,-10.25,"Windsor, Ontario",24.23.3,v44389356
2000,19.11,"Windsor, Ontario",24.23.3,v44389356
2001,2.88,"Windsor, Ontario",24.23.3,v44389356
2002,-2.67,"Windsor, Ontario",24.23.3,v44389356
2003,18.45,"Windsor, Ontario",24.23.3,v44389356
2004,6.81,"Windsor, Ontario",24.23.3,v44389356
2005,0.28,"Windsor, Ontario",24.23.3,v44389356
2006,-0.68,"Windsor, Ontario",24.23.3,v44389356
2007,15.06,"Windsor, Ontario",24.23.3,v44389356
2008,-13.54,"Windsor, Ontario",24.23.3,v44389356
2009,-8.98,"Windsor, Ontario",24.23.3,v44389356
2010,7.85,"Windsor, Ontario",24.23.3,v44389356
2011,-16.94,"Windsor, Ontario",24.23.3,v44389356
2012,20.79,"Windsor, Ontario",24.23.3,v44389356
2013,-21.77,"Windsor, Ontario",24.23.3,v44389356
2014,13.73,"Windsor, Ontario",24.23.3,v44389356
2015,13.74,"Windsor, Ontario",24.23.3,v44389356
2006,..,"Barrie, Ontario",47.23.3,v52143731
2007,-15.98,"Barrie, Ontario",47.23.3,v52143731
2008,-15.47,"Barrie, Ontario",47.23.3,v52143731
2009,2.85,"Barrie, Ontario",47.23.3,v52143731
2010,-3.16,"Barrie, Ontario",47.23.3,v52143731
2011,-21.40,"Barrie, Ontario",47.23.3,v52143731
2012,9.79,"Barrie, Ontario",47.23.3,v52143731
2013,-8.32,"Barrie, Ontario",47.23.3,v52143731
2014,-5.05,"Barrie, Ontario",47.23.3,v52143731
2015,21.88,"Barrie, Ontario",47.23.3,v52143731
1998,..,"Sudbury, Ontario",25.23.3,v44352245
1999,32.24,"Sudbury, Ontario",25.23.3,v44352245
2000,-9.53,"Sudbury, Ontario",25.23.3,v44352245
2001,15.71,"Sudbury, Ontario",25.23.3,v44352245
2002,5.13,"Sudbury, Ontario",25.23.3,v44352245
2003,-6.00,"Sudbury, Ontario",25.23.3,v44352245
2004,0.00,"Sudbury, Ontario",25.23.3,v44352245
2005,7.93,"Sudbury, Ontario",25.23.3,v44352245
2006,35.54,"Sudbury, Ontario",25.23.3,v44352245
2007,-3.00,"Sudbury, Ontario",25.23.3,v44352245
2008,-14.79,"Sudbury, Ontario",25.23.3,v44352245
2009,4.93,"Sudbury, Ontario",25.23.3,v44352245
2010,-10.33,"Sudbury, Ontario",25.23.3,v44352245
2011,-1.16,"Sudbury, Ontario",25.23.3,v44352245
2012,-13.24,"Sudbury, Ontario",25.23.3,v44352245
2013,-5.43,"Sudbury, Ontario",25.23.3,v44352245
2014,-10.10,"Sudbury, Ontario",25.23.3,v44352245
2015,0.80,"Sudbury, Ontario",25.23.3,v44352245
1998,..,"Thunder Bay, Ontario",26.23.3,v44387685
1999,-4.20,"Thunder Bay, Ontario",26.23.3,v44387685
2000,-10.47,"Thunder Bay, Ontario",26.23.3,v44387685
2001,12.37,"Thunder Bay, Ontario",26.23.3,v44387685
2002,10.13,"Thunder Bay, Ontario",26.23.3,v44387685
2003,-23.79,"Thunder Bay, Ontario",26.23.3,v44387685
2004,1.62,"Thunder Bay, Ontario",26.23.3,v44387685
2005,14.46,"Thunder Bay, Ontario",26.23.3,v44387685
2006,-0.05,"Thunder Bay, Ontario",26.23.3,v44387685
2007,7.38,"Thunder Bay, Ontario",26.23.3,v44387685
2008,-4.49,"Thunder Bay, Ontario",26.23.3,v44387685
2009,3.85,"Thunder Bay, Ontario",26.23.3,v44387685
2010,3.08,"Thunder Bay, Ontario",26.23.3,v44387685
2011,-4.25,"Thunder Bay, Ontario",26.23.3,v44387685
2012,-15.71,"Thunder Bay, Ontario",26.23.3,v44387685
2013,-4.74,"Thunder Bay, Ontario",26.23.3,v44387685
2014,13.86,"Thunder Bay, Ontario",26.23.3,v44387685
2015,-9.93,"Thunder Bay, Ontario",26.23.3,v44387685
1998,..,"Manitoba",28.23.3,v44389997
1999,-4.05,"Manitoba",28.23.3,v44389997
2000,12.74,"Manitoba",28.23.3,v44389997
2001,1.45,"Manitoba",28.23.3,v44389997
2002,-0.15,"Manitoba",28.23.3,v44389997
2003,-1.12,"Manitoba",28.23.3,v44389997
2004,-2.80,"Manitoba",28.23.3,v44389997
2005,17.71,"Manitoba",28.23.3,v44389997
2006,3.16,"Manitoba",28.23.3,v44389997
2007,-3.03,"Manitoba",28.23.3,v44389997
2008,0.81,"Manitoba",28.23.3,v44389997
2009,3.20,"Manitoba",28.23.3,v44389997
2010,0.04,"Manitoba",28.23.3,v44389997
2011,-3.58,"Manitoba",28.23.3,v44389997
2012,0.01,"Manitoba",28.23.3,v44389997
2013,-10.38,"Manitoba",28.23.3,v44389997
2014,-2.00,"Manitoba",28.23.3,v44389997
2015,6.03,"Manitoba",28.23.3,v44389997
1998,..,"Winnipeg, Manitoba",29.23.3,v44397427
1999,-8.39,"Winnipeg, Manitoba",29.23.3,v44397427
2000,23.99,"Winnipeg, Manitoba",29.23.3,v44397427
2001,-3.60,"Winnipeg, Manitoba",29.23.3,v44397427
2002,2.34,"Winnipeg, Manitoba",29.23.3,v44397427
2003,-8.00,"Winnipeg, Manitoba",29.23.3,v44397427
2004,-0.52,"Winnipeg, Manitoba",29.23.3,v44397427
2005,22.65,"Winnipeg, Manitoba",29.23.3,v44397427
2006,-4.38,"Winnipeg, Manitoba",29.23.3,v44397427
2007,-14.40,"Winnipeg, Manitoba",29.23.3,v44397427
2008,9.03,"Winnipeg, Manitoba",29.23.3,v44397427
2009,10.06,"Winnipeg, Manitoba",29.23.3,v44397427
2010,-6.37,"Winnipeg, Manitoba",29.23.3,v44397427
2011,-12.86,"Winnipeg, Manitoba",29.23.3,v44397427
2012,-7.90,"Winnipeg, Manitoba",29.23.3,v44397427
2013,-11.07,"Winnipeg, Manitoba",29.23.3,v44397427
2014,-3.26,"Winnipeg, Manitoba",29.23.3,v44397427
2015,6.81,"Winnipeg, Manitoba",29.23.3,v44397427
1998,..,"Saskatchewan",30.23.3,v44403747
1999,3.86,"Saskatchewan",30.23.3,v44403747
2000,12.04,"Saskatchewan",30.23.3,v44403747
2001,18.54,"Saskatchewan",30.23.3,v44403747
2002,-1.88,"Saskatchewan",30.23.3,v44403747
2003,8.12,"Saskatchewan",30.23.3,v44403747
2004,0.39,"Saskatchewan",30.23.3,v44403747
2005,6.00,"Saskatchewan",30.23.3,v44403747
2006,3.81,"Saskatchewan",30.23.3,v44403747
2007,6.67,"Saskatchewan",30.23.3,v44403747
2008,-7.37,"Saskatchewan",30.23.3,v44403747
2009,-4.49,"Saskatchewan",30.23.3,v44403747
2010,-6.64,"Saskatchewan",30.23.3,v44403747
2011,-1.45,"Saskatchewan",30.23.3,v44403747
2012,-1.15,"Saskatchewan",30.23.3,v44403747
2013,-5.74,"Saskatchewan",30.23.3,v44403747
2014,0.07,"Saskatchewan",30.23.3,v44403747
2015,8.41,"Saskatchewan",30.23.3,v44403747
1998,..,"Regina, Saskatchewan",31.23.3,v44344577
1999,9.28,"Regina, Saskatchewan",31.23.3,v44344577
2000,-8.51,"Regina, Saskatchewan",31.23.3,v44344577
2001,0.27,"Regina, Saskatchewan",31.23.3,v44344577
2002,-5.69,"Regina, Saskatchewan",31.23.3,v44344577
2003,-3.00,"Regina, Saskatchewan",31.23.3,v44344577
2004,1.23,"Regina, Saskatchewan",31.23.3,v44344577
2005,3.55,"Regina, Saskatchewan",31.23.3,v44344577
2006,-9.59,"Regina, Saskatchewan",31.23.3,v44344577
2007,12.11,"Regina, Saskatchewan",31.23.3,v44344577
2008,-18.05,"Regina, Saskatchewan",31.23.3,v44344577
2009,-2.58,"Regina, Saskatchewan",31.23.3,v44344577
2010,-8.08,"Regina, Saskatchewan",31.23.3,v44344577
2011,-6.84,"Regina, Saskatchewan",31.23.3,v44344577
2012,-3.48,"Regina, Saskatchewan",31.23.3,v44344577
2013,-6.00,"Regina, Saskatchewan",31.23.3,v44344577
2014,6.55,"Regina, Saskatchewan",31.23.3,v44344577
2015,1.27,"Regina, Saskatchewan",31.23.3,v44344577
1998,..,"Saskatoon, Saskatchewan",32.23.3,v44349398
1999,-10.17,"Saskatoon, Saskatchewan",32.23.3,v44349398
2000,14.05,"Saskatoon, Saskatchewan",32.23.3,v44349398
2001,25.41,"Saskatoon, Saskatchewan",32.23.3,v44349398
2002,-12.29,"Saskatoon, Saskatchewan",32.23.3,v44349398
2003,3.73,"Saskatoon, Saskatchewan",32.23.3,v44349398
2004,-13.35,"Saskatoon, Saskatchewan",32.23.3,v44349398
2005,-0.01,"Saskatoon, Saskatchewan",32.23.3,v44349398
2006,4.68,"Saskatoon, Saskatchewan",32.23.3,v44349398
2007,10.71,"Saskatoon, Saskatchewan",32.23.3,v44349398
2008,-8.62,"Saskatoon, Saskatchewan",32.23.3,v44349398
2009,-2.13,"Saskatoon, Saskatchewan",32.23.3,v44349398
2010,-5.48,"Saskatoon, Saskatchewan",32.23.3,v44349398
2011,-4.23,"Saskatoon, Saskatchewan",32.23.3,v44349398
2012,2.94,"Saskatoon, Saskatchewan",32.23.3,v44349398
2013,-13.03,"Saskatoon, Saskatchewan",32.23.3,v44349398
2014,-2.94,"Saskatoon, Saskatchewan",32.23.3,v44349398
2015,4.56,"Saskatoon, Saskatchewan",32.23.3,v44349398
1998,..,"Alberta",33.23.3,v44406383
1999,-5.10,"Alberta",33.23.3,v44406383
2000,5.64,"Alberta",33.23.3,v44406383
2001,7.90,"Alberta",33.23.3,v44406383
2002,-3.37,"Alberta",33.23.3,v44406383
2003,7.13,"Alberta",33.23.3,v44406383
2004,8.28,"Alberta",33.23.3,v44406383
2005,7.63,"Alberta",33.23.3,v44406383
2006,9.82,"Alberta",33.23.3,v44406383
2007,1.60,"Alberta",33.23.3,v44406383
2008,0.04,"Alberta",33.23.3,v44406383
2009,-6.60,"Alberta",33.23.3,v44406383
2010,-8.35,"Alberta",33.23.3,v44406383
2011,-2.65,"Alberta",33.23.3,v44406383
2012,0.99,"Alberta",33.23.3,v44406383
2013,-2.23,"Alberta",33.23.3,v44406383
2014,0.24,"Alberta",33.23.3,v44406383
2015,9.53,"Alberta",33.23.3,v44406383
1998,..,"Calgary, Alberta",34.23.3,v44348862
1999,-4.56,"Calgary, Alberta",34.23.3,v44348862
2000,6.69,"Calgary, Alberta",34.23.3,v44348862
2001,6.06,"Calgary, Alberta",34.23.3,v44348862
2002,-10.67,"Calgary, Alberta",34.23.3,v44348862
2003,21.06,"Calgary, Alberta",34.23.3,v44348862
2004,4.35,"Calgary, Alberta",34.23.3,v44348862
2005,-0.90,"Calgary, Alberta",34.23.3,v44348862
2006,7.27,"Calgary, Alberta",34.23.3,v44348862
2007,-15.25,"Calgary, Alberta",34.23.3,v44348862
2008,-5.63,"Calgary, Alberta",34.23.3,v44348862
2009,-8.43,"Calgary, Alberta",34.23.3,v44348862
2010,-0.68,"Calgary, Alberta",34.23.3,v44348862
2011,-6.61,"Calgary, Alberta",34.23.3,v44348862
2012,-5.74,"Calgary, Alberta",34.23.3,v44348862
2013,5.49,"Calgary, Alberta",34.23.3,v44348862
2014,1.40,"Calgary, Alberta",34.23.3,v44348862
2015,4.96,"Calgary, Alberta",34.23.3,v44348862
1998,..,"Edmonton, Alberta",35.23.3,v44348759
1999,-18.54,"Edmonton, Alberta",35.23.3,v44348759
2000,19.67,"Edmonton, Alberta",35.23.3,v44348759
2001,2.46,"Edmonton, Alberta",35.23.3,v44348759
2002,-5.84,"Edmonton, Alberta",35.23.3,v44348759
2003,-1.95,"Edmonton, Alberta",35.23.3,v44348759
2004,2.85,"Edmonton, Alberta",35.23.3,v44348759
2005,7.62,"Edmonton, Alberta",35.23.3,v44348759
2006,3.65,"Edmonton, Alberta",35.23.3,v44348759
2007,13.55,"Edmonton, Alberta",35.23.3,v44348759
2008,4.16,"Edmonton, Alberta",35.23.3,v44348759
2009,-9.58,"Edmonton, Alberta",35.23.3,v44348759
2010,-12.40,"Edmonton, Alberta",35.23.3,v44348759
2011,-5.27,"Edmonton, Alberta",35.23.3,v44348759
2012,0.38,"Edmonton, Alberta",35.23.3,v44348759
2013,2.57,"Edmonton, Alberta",35.23.3,v44348759
2014,-0.78,"Edmonton, Alberta",35.23.3,v44348759
2015,18.64,"Edmonton, Alberta",35.23.3,v44348759
1998,..,"British Columbia",36.23.3,v44416340
1999,-6.99,"British Columbia",36.23.3,v44416340
2000,2.76,"British Columbia",36.23.3,v44416340
2001,-2.33,"British Columbia",36.23.3,v44416340
2002,4.64,"British Columbia",36.23.3,v44416340
2003,4.03,"British Columbia",36.23.3,v44416340
2004,2.62,"British Columbia",36.23.3,v44416340
2005,12.43,"British Columbia",36.23.3,v44416340
2006,9.69,"British Columbia",36.23.3,v44416340
2007,1.81,"British Columbia",36.23.3,v44416340
2008,-0.17,"British Columbia",36.23.3,v44416340
2009,-7.39,"British Columbia",36.23.3,v44416340
2010,-3.92,"British Columbia",36.23.3,v44416340
2011,-7.79,"British Columbia",36.23.3,v44416340
2012,-1.88,"British Columbia",36.23.3,v44416340
2013,-10.88,"British Columbia",36.23.3,v44416340
2014,-7.00,"British Columbia",36.23.3,v44416340
2015,2.06,"British Columbia",36.23.3,v44416340
2006,..,"Kelowna, British Columbia",48.23.3,v52143208
2007,17.05,"Kelowna, British Columbia",48.23.3,v52143208
2008,9.92,"Kelowna, British Columbia",48.23.3,v52143208
2009,-9.79,"Kelowna, British Columbia",48.23.3,v52143208
2010,4.09,"Kelowna, British Columbia",48.23.3,v52143208
2011,-22.83,"Kelowna, British Columbia",48.23.3,v52143208
2012,6.33,"Kelowna, British Columbia",48.23.3,v52143208
2013,-17.29,"Kelowna, British Columbia",48.23.3,v52143208
2014,-10.00,"Kelowna, British Columbia",48.23.3,v52143208
2015,4.11,"Kelowna, British Columbia",48.23.3,v52143208
2001,..,"Abbotsford-Mission, British Columbia",39.23.3,v44375974
2002,10.63,"Abbotsford-Mission, British Columbia",39.23.3,v44375974
2003,3.69,"Abbotsford-Mission, British Columbia",39.23.3,v44375974
2004,4.77,"Abbotsford-Mission, British Columbia",39.23.3,v44375974
2005,45.50,"Abbotsford-Mission, British Columbia",39.23.3,v44375974
2006,45.12,"Abbotsford-Mission, British Columbia",39.23.3,v44375974
2007,16.15,"Abbotsford-Mission, British Columbia",39.23.3,v44375974
2008,-14.02,"Abbotsford-Mission, British Columbia",39.23.3,v44375974
2009,-13.73,"Abbotsford-Mission, British Columbia",39.23.3,v44375974
2010,-11.86,"Abbotsford-Mission, British Columbia",39.23.3,v44375974
2011,7.31,"Abbotsford-Mission, British Columbia",39.23.3,v44375974
2012,-24.03,"Abbotsford-Mission, British Columbia",39.23.3,v44375974
2013,2.08,"Abbotsford-Mission, British Columbia",39.23.3,v44375974
2014,7.08,"Abbotsford-Mission, British Columbia",39.23.3,v44375974
2015,12.60,"Abbotsford-Mission, British Columbia",39.23.3,v44375974
1998,..,"Vancouver, British Columbia",37.23.3,v44328237
1999,-7.91,"Vancouver, British Columbia",37.23.3,v44328237
2000,5.67,"Vancouver, British Columbia",37.23.3,v44328237
2001,-5.66,"Vancouver, British Columbia",37.23.3,v44328237
2002,6.89,"Vancouver, British Columbia",37.23.3,v44328237
2003,11.27,"Vancouver, British Columbia",37.23.3,v44328237
2004,2.38,"Vancouver, British Columbia",37.23.3,v44328237
2005,12.04,"Vancouver, British Columbia",37.23.3,v44328237
2006,12.65,"Vancouver, British Columbia",37.23.3,v44328237
2007,-0.82,"Vancouver, British Columbia",37.23.3,v44328237
2008,-5.77,"Vancouver, British Columbia",37.23.3,v44328237
2009,-10.41,"Vancouver, British Columbia",37.23.3,v44328237
2010,-4.55,"Vancouver, British Columbia",37.23.3,v44328237
2011,-7.06,"Vancouver, British Columbia",37.23.3,v44328237
2012,-0.62,"Vancouver, British Columbia",37.23.3,v44328237
2013,-11.54,"Vancouver, British Columbia",37.23.3,v44328237
2014,-10.19,"Vancouver, British Columbia",37.23.3,v44328237
2015,1.11,"Vancouver, British Columbia",37.23.3,v44328237
1998,..,"Victoria, British Columbia",38.23.3,v44387170
1999,-9.59,"Victoria, British Columbia",38.23.3,v44387170
2000,-0.19,"Victoria, British Columbia",38.23.3,v44387170
2001,-13.54,"Victoria, British Columbia",38.23.3,v44387170
2002,2.17,"Victoria, British Columbia",38.23.3,v44387170
2003,-4.24,"Victoria, British Columbia",38.23.3,v44387170
2004,1.35,"Victoria, British Columbia",38.23.3,v44387170
2005,1.25,"Victoria, British Columbia",38.23.3,v44387170
2006,19.62,"Victoria, British Columbia",38.23.3,v44387170
2007,-25.74,"Victoria, British Columbia",38.23.3,v44387170
2008,16.00,"Victoria, British Columbia",38.23.3,v44387170
2009,2.91,"Victoria, British Columbia",38.23.3,v44387170
2010,-9.77,"Victoria, British Columbia",38.23.3,v44387170
2011,-23.40,"Victoria, British Columbia",38.23.3,v44387170
2012,-4.21,"Victoria, British Columbia",38.23.3,v44387170
2013,0.82,"Victoria, British Columbia",38.23.3,v44387170
2014,-1.52,"Victoria, British Columbia",38.23.3,v44387170
2015,7.97,"Victoria, British Columbia",38.23.3,v44387170
1998,..,"Yukon",40.23.3,v44334952
1999,31.66,"Yukon",40.23.3,v44334952
2000,11.48,"Yukon",40.23.3,v44334952
2001,0.03,"Yukon",40.23.3,v44334952
2002,19.54,"Yukon",40.23.3,v44334952
2003,-2.64,"Yukon",40.23.3,v44334952
2004,-2.32,"Yukon",40.23.3,v44334952
2005,12.04,"Yukon",40.23.3,v44334952
2006,-11.09,"Yukon",40.23.3,v44334952
2007,26.85,"Yukon",40.23.3,v44334952
2008,-13.43,"Yukon",40.23.3,v44334952
2009,-4.96,"Yukon",40.23.3,v44334952
2010,-5.62,"Yukon",40.23.3,v44334952
2011,19.08,"Yukon",40.23.3,v44334952
2012,-3.77,"Yukon",40.23.3,v44334952
2013,-9.44,"Yukon",40.23.3,v44334952
2014,8.03,"Yukon",40.23.3,v44334952
2015,-14.27,"Yukon",40.23.3,v44334952
1998,..,"Northwest Territories",41.23.3,v44330713
1999,-11.57,"Northwest Territories",41.23.3,v44330713
2000,-7.93,"Northwest Territories",41.23.3,v44330713
2001,31.96,"Northwest Territories",41.23.3,v44330713
2002,64.49,"Northwest Territories",41.23.3,v44330713
2003,15.36,"Northwest Territories",41.23.3,v44330713
2004,-10.98,"Northwest Territories",41.23.3,v44330713
2005,-0.23,"Northwest Territories",41.23.3,v44330713
2006,14.78,"Northwest Territories",41.23.3,v44330713
2007,4.77,"Northwest Territories",41.23.3,v44330713
2008,12.14,"Northwest Territories",41.23.3,v44330713
2009,-4.71,"Northwest Territories",41.23.3,v44330713
2010,-8.18,"Northwest Territories",41.23.3,v44330713
2011,14.69,"Northwest Territories",41.23.3,v44330713
2012,-21.43,"Northwest Territories",41.23.3,v44330713
2013,-1.12,"Northwest Territories",41.23.3,v44330713
2014,6.59,"Northwest Territories",41.23.3,v44330713
2015,0.03,"Northwest Territories",41.23.3,v44330713
1999,..,"Nunavut",42.23.3,v44348406
2000,36.55,"Nunavut",42.23.3,v44348406
2001,29.55,"Nunavut",42.23.3,v44348406
2002,2.88,"Nunavut",42.23.3,v44348406
2003,22.31,"Nunavut",42.23.3,v44348406
2004,21.53,"Nunavut",42.23.3,v44348406
2005,-2.65,"Nunavut",42.23.3,v44348406
2006,15.32,"Nunavut",42.23.3,v44348406
2007,8.14,"Nunavut",42.23.3,v44348406
2008,8.12,"Nunavut",42.23.3,v44348406
2009,-5.78,"Nunavut",42.23.3,v44348406
2010,-8.67,"Nunavut",42.23.3,v44348406
2011,-1.61,"Nunavut",42.23.3,v44348406
2012,23.30,"Nunavut",42.23.3,v44348406
2013,-9.25,"Nunavut",42.23.3,v44348406
2014,-11.37,"Nunavut",42.23.3,v44348406
2015,-5.78,"Nunavut",42.23.3,v44348406
