1998,39.81,"Canada",1.23.14,v53080950
1999,42.79,"Canada",1.23.14,v53080950
2000,52.97,"Canada",1.23.14,v53080950
2001,56.14,"Canada",1.23.14,v53080950
2002,57.53,"Canada",1.23.14,v53080950
2003,74.93,"Canada",1.23.14,v53080950
2004,81.37,"Canada",1.23.14,v53080950
2005,84.08,"Canada",1.23.14,v53080950
2006,99.29,"Canada",1.23.14,v53080950
2007,102.70,"Canada",1.23.14,v53080950
2008,94.50,"Canada",1.23.14,v53080950
2009,91.43,"Canada",1.23.14,v53080950
2010,80.93,"Canada",1.23.14,v53080950
2011,80.68,"Canada",1.23.14,v53080950
2012,74.99,"Canada",1.23.14,v53080950
2013,59.83,"Canada",1.23.14,v53080950
2014,53.70,"Canada",1.23.14,v53080950
2015,55.20,"Canada",1.23.14,v53080950
1998,18.04,"Newfoundland and Labrador",2.23.14,v53081249
1999,22.83,"Newfoundland and Labrador",2.23.14,v53081249
2000,30.09,"Newfoundland and Labrador",2.23.14,v53081249
2001,44.64,"Newfoundland and Labrador",2.23.14,v53081249
2002,52.77,"Newfoundland and Labrador",2.23.14,v53081249
2003,42.29,"Newfoundland and Labrador",2.23.14,v53081249
2004,87.06,"Newfoundland and Labrador",2.23.14,v53081249
2005,64.63,"Newfoundland and Labrador",2.23.14,v53081249
2006,97.78,"Newfoundland and Labrador",2.23.14,v53081249
2007,132.39,"Newfoundland and Labrador",2.23.14,v53081249
2008,169.87,"Newfoundland and Labrador",2.23.14,v53081249
2009,92.44,"Newfoundland and Labrador",2.23.14,v53081249
2010,68.48,"Newfoundland and Labrador",2.23.14,v53081249
2011,92.96,"Newfoundland and Labrador",2.23.14,v53081249
2012,121.27,"Newfoundland and Labrador",2.23.14,v53081249
2013,72.56,"Newfoundland and Labrador",2.23.14,v53081249
2014,83.26,"Newfoundland and Labrador",2.23.14,v53081249
2015,71.77,"Newfoundland and Labrador",2.23.14,v53081249
1998,0.00,"St. John's, Newfoundland and Labrador",3.23.14,v53082247
1999,0.00,"St. John's, Newfoundland and Labrador",3.23.14,v53082247
2000,0.00,"St. John's, Newfoundland and Labrador",3.23.14,v53082247
2001,0.00,"St. John's, Newfoundland and Labrador",3.23.14,v53082247
2002,0.00,"St. John's, Newfoundland and Labrador",3.23.14,v53082247
2003,0.00,"St. John's, Newfoundland and Labrador",3.23.14,v53082247
2004,21.59,"St. John's, Newfoundland and Labrador",3.23.14,v53082247
2005,29.30,"St. John's, Newfoundland and Labrador",3.23.14,v53082247
2006,89.42,"St. John's, Newfoundland and Labrador",3.23.14,v53082247
2007,67.29,"St. John's, Newfoundland and Labrador",3.23.14,v53082247
2008,60.37,"St. John's, Newfoundland and Labrador",3.23.14,v53082247
2009,30.67,"St. John's, Newfoundland and Labrador",3.23.14,v53082247
2010,23.44,"St. John's, Newfoundland and Labrador",3.23.14,v53082247
2011,31.56,"St. John's, Newfoundland and Labrador",3.23.14,v53082247
2012,47.70,"St. John's, Newfoundland and Labrador",3.23.14,v53082247
2013,8.05,"St. John's, Newfoundland and Labrador",3.23.14,v53082247
2014,24.53,"St. John's, Newfoundland and Labrador",3.23.14,v53082247
2015,24.62,"St. John's, Newfoundland and Labrador",3.23.14,v53082247
1998,0.00,"Prince Edward Island",4.23.14,v53080780
1999,16.28,"Prince Edward Island",4.23.14,v53080780
2000,16.39,"Prince Edward Island",4.23.14,v53080780
2001,24.59,"Prince Edward Island",4.23.14,v53080780
2002,16.37,"Prince Edward Island",4.23.14,v53080780
2003,16.55,"Prince Edward Island",4.23.14,v53080780
2004,16.72,"Prince Edward Island",4.23.14,v53080780
2005,25.23,"Prince Edward Island",4.23.14,v53080780
2006,25.51,"Prince Edward Island",4.23.14,v53080780
2007,61.10,"Prince Edward Island",4.23.14,v53080780
2008,35.28,"Prince Edward Island",4.23.14,v53080780
2009,143.15,"Prince Edward Island",4.23.14,v53080780
2010,9.11,"Prince Edward Island",4.23.14,v53080780
2011,36.43,"Prince Edward Island",4.23.14,v53080780
2012,55.67,"Prince Edward Island",4.23.14,v53080780
2013,115.77,"Prince Edward Island",4.23.14,v53080780
2014,0.00,"Prince Edward Island",4.23.14,v53080780
2015,71.49,"Prince Edward Island",4.23.14,v53080780
1998,10.64,"Nova Scotia",5.23.14,v53081627
1999,15.97,"Nova Scotia",5.23.14,v53081627
2000,37.32,"Nova Scotia",5.23.14,v53081627
2001,29.35,"Nova Scotia",5.23.14,v53081627
2002,56.05,"Nova Scotia",5.23.14,v53081627
2003,82.60,"Nova Scotia",5.23.14,v53081627
2004,81.61,"Nova Scotia",5.23.14,v53081627
2005,91.69,"Nova Scotia",5.23.14,v53081627
2006,124.01,"Nova Scotia",5.23.14,v53081627
2007,150.79,"Nova Scotia",5.23.14,v53081627
2008,142.21,"Nova Scotia",5.23.14,v53081627
2009,108.27,"Nova Scotia",5.23.14,v53081627
2010,92.72,"Nova Scotia",5.23.14,v53081627
2011,101.30,"Nova Scotia",5.23.14,v53081627
2012,108.30,"Nova Scotia",5.23.14,v53081627
2013,67.28,"Nova Scotia",5.23.14,v53081627
2014,75.92,"Nova Scotia",5.23.14,v53081627
2015,62.19,"Nova Scotia",5.23.14,v53081627
1998,0.00,"Halifax, Nova Scotia",6.23.14,v53081694
1999,0.00,"Halifax, Nova Scotia",6.23.14,v53081694
2000,0.00,"Halifax, Nova Scotia",6.23.14,v53081694
2001,0.00,"Halifax, Nova Scotia",6.23.14,v53081694
2002,0.00,"Halifax, Nova Scotia",6.23.14,v53081694
2003,0.00,"Halifax, Nova Scotia",6.23.14,v53081694
2004,98.47,"Halifax, Nova Scotia",6.23.14,v53081694
2005,81.81,"Halifax, Nova Scotia",6.23.14,v53081694
2006,93.66,"Halifax, Nova Scotia",6.23.14,v53081694
2007,132.54,"Halifax, Nova Scotia",6.23.14,v53081694
2008,145.48,"Halifax, Nova Scotia",6.23.14,v53081694
2009,55.03,"Halifax, Nova Scotia",6.23.14,v53081694
2010,97.44,"Halifax, Nova Scotia",6.23.14,v53081694
2011,57.33,"Halifax, Nova Scotia",6.23.14,v53081694
2012,73.64,"Halifax, Nova Scotia",6.23.14,v53081694
2013,87.28,"Halifax, Nova Scotia",6.23.14,v53081694
2014,48.67,"Halifax, Nova Scotia",6.23.14,v53081694
2015,32.97,"Halifax, Nova Scotia",6.23.14,v53081694
1998,24.18,"New Brunswick",7.23.14,v53082604
1999,22.83,"New Brunswick",7.23.14,v53082604
2000,56.09,"New Brunswick",7.23.14,v53082604
2001,23.38,"New Brunswick",7.23.14,v53082604
2002,27.04,"New Brunswick",7.23.14,v53082604
2003,57.92,"New Brunswick",7.23.14,v53082604
2004,48.06,"New Brunswick",7.23.14,v53082604
2005,65.47,"New Brunswick",7.23.14,v53082604
2006,99.25,"New Brunswick",7.23.14,v53082604
2007,113.17,"New Brunswick",7.23.14,v53082604
2008,101.38,"New Brunswick",7.23.14,v53082604
2009,137.39,"New Brunswick",7.23.14,v53082604
2010,81.28,"New Brunswick",7.23.14,v53082604
2011,77.63,"New Brunswick",7.23.14,v53082604
2012,103.27,"New Brunswick",7.23.14,v53082604
2013,79.63,"New Brunswick",7.23.14,v53082604
2014,66.90,"New Brunswick",7.23.14,v53082604
2015,69.83,"New Brunswick",7.23.14,v53082604
2005,..,"Moncton, New Brunswick",43.23.14,v53083652
2006,214.29,"Moncton, New Brunswick",43.23.14,v53083652
2007,117.58,"Moncton, New Brunswick",43.23.14,v53083652
2008,42.96,"Moncton, New Brunswick",43.23.14,v53083652
2009,163.26,"Moncton, New Brunswick",43.23.14,v53083652
2010,87.81,"Moncton, New Brunswick",43.23.14,v53083652
2011,100.20,"Moncton, New Brunswick",43.23.14,v53083652
2012,111.79,"Moncton, New Brunswick",43.23.14,v53083652
2013,90.61,"Moncton, New Brunswick",43.23.14,v53083652
2014,139.60,"Moncton, New Brunswick",43.23.14,v53083652
2015,95.99,"Moncton, New Brunswick",43.23.14,v53083652
1998,0.00,"Saint John, New Brunswick",8.23.14,v53083733
1999,0.00,"Saint John, New Brunswick",8.23.14,v53083733
2000,0.00,"Saint John, New Brunswick",8.23.14,v53083733
2001,0.00,"Saint John, New Brunswick",8.23.14,v53083733
2002,0.00,"Saint John, New Brunswick",8.23.14,v53083733
2003,0.00,"Saint John, New Brunswick",8.23.14,v53083733
2004,0.00,"Saint John, New Brunswick",8.23.14,v53083733
2005,74.61,"Saint John, New Brunswick",8.23.14,v53083733
2006,74.73,"Saint John, New Brunswick",8.23.14,v53083733
2007,176.80,"Saint John, New Brunswick",8.23.14,v53083733
2008,102.57,"Saint John, New Brunswick",8.23.14,v53083733
2009,156.32,"Saint John, New Brunswick",8.23.14,v53083733
2010,70.35,"Saint John, New Brunswick",8.23.14,v53083733
2011,80.79,"Saint John, New Brunswick",8.23.14,v53083733
2012,140.10,"Saint John, New Brunswick",8.23.14,v53083733
2013,86.54,"Saint John, New Brunswick",8.23.14,v53083733
2014,11.42,"Saint John, New Brunswick",8.23.14,v53083733
2015,105.01,"Saint John, New Brunswick",8.23.14,v53083733
1998,64.10,"Quebec",9.23.14,v53084978
1999,65.79,"Quebec",9.23.14,v53084978
2000,72.53,"Quebec",9.23.14,v53084978
2001,77.69,"Quebec",9.23.14,v53084978
2002,74.34,"Quebec",9.23.14,v53084978
2003,83.84,"Quebec",9.23.14,v53084978
2004,94.03,"Quebec",9.23.14,v53084978
2005,94.49,"Quebec",9.23.14,v53084978
2006,92.41,"Quebec",9.23.14,v53084978
2007,99.17,"Quebec",9.23.14,v53084978
2008,102.45,"Quebec",9.23.14,v53084978
2009,113.68,"Quebec",9.23.14,v53084978
2010,108.27,"Quebec",9.23.14,v53084978
2011,126.09,"Quebec",9.23.14,v53084978
2012,97.41,"Quebec",9.23.14,v53084978
2013,79.47,"Quebec",9.23.14,v53084978
2014,69.90,"Quebec",9.23.14,v53084978
2015,68.56,"Quebec",9.23.14,v53084978
1998,0.00,"Saguenay, Quebec",10.23.14,v53084157
1999,0.00,"Saguenay, Quebec",10.23.14,v53084157
2000,0.00,"Saguenay, Quebec",10.23.14,v53084157
2001,0.00,"Saguenay, Quebec",10.23.14,v53084157
2002,0.00,"Saguenay, Quebec",10.23.14,v53084157
2003,0.00,"Saguenay, Quebec",10.23.14,v53084157
2004,43.39,"Saguenay, Quebec",10.23.14,v53084157
2005,26.05,"Saguenay, Quebec",10.23.14,v53084157
2006,87.76,"Saguenay, Quebec",10.23.14,v53084157
2007,116.70,"Saguenay, Quebec",10.23.14,v53084157
2008,83.12,"Saguenay, Quebec",10.23.14,v53084157
2009,57.56,"Saguenay, Quebec",10.23.14,v53084157
2010,70.81,"Saguenay, Quebec",10.23.14,v53084157
2011,123.13,"Saguenay, Quebec",10.23.14,v53084157
2012,89.91,"Saguenay, Quebec",10.23.14,v53084157
2013,83.39,"Saguenay, Quebec",10.23.14,v53084157
2014,107.69,"Saguenay, Quebec",10.23.14,v53084157
2015,146.69,"Saguenay, Quebec",10.23.14,v53084157
1998,0.00,"Sherbrooke, Quebec",12.23.14,v53086611
1999,0.00,"Sherbrooke, Quebec",12.23.14,v53086611
2000,0.00,"Sherbrooke, Quebec",12.23.14,v53086611
2001,0.00,"Sherbrooke, Quebec",12.23.14,v53086611
2002,0.00,"Sherbrooke, Quebec",12.23.14,v53086611
2003,0.00,"Sherbrooke, Quebec",12.23.14,v53086611
2004,54.29,"Sherbrooke, Quebec",12.23.14,v53086611
2005,26.96,"Sherbrooke, Quebec",12.23.14,v53086611
2006,65.90,"Sherbrooke, Quebec",12.23.14,v53086611
2007,51.15,"Sherbrooke, Quebec",12.23.14,v53086611
2008,87.99,"Sherbrooke, Quebec",12.23.14,v53086611
2009,52.92,"Sherbrooke, Quebec",12.23.14,v53086611
2010,86.16,"Sherbrooke, Quebec",12.23.14,v53086611
2011,71.93,"Sherbrooke, Quebec",12.23.14,v53086611
2012,57.25,"Sherbrooke, Quebec",12.23.14,v53086611
2013,83.77,"Sherbrooke, Quebec",12.23.14,v53086611
2014,17.21,"Sherbrooke, Quebec",12.23.14,v53086611
2015,51.68,"Sherbrooke, Quebec",12.23.14,v53086611
1998,0.00,"Ottawa-Gatineau, Quebec part",15.23.14,v53085527
1999,0.00,"Ottawa-Gatineau, Quebec part",15.23.14,v53085527
2000,0.00,"Ottawa-Gatineau, Quebec part",15.23.14,v53085527
2001,0.00,"Ottawa-Gatineau, Quebec part",15.23.14,v53085527
2002,0.00,"Ottawa-Gatineau, Quebec part",15.23.14,v53085527
2003,0.00,"Ottawa-Gatineau, Quebec part",15.23.14,v53085527
2004,113.99,"Ottawa-Gatineau, Quebec part",15.23.14,v53085527
2005,134.68,"Ottawa-Gatineau, Quebec part",15.23.14,v53085527
2006,95.69,"Ottawa-Gatineau, Quebec part",15.23.14,v53085527
2007,79.24,"Ottawa-Gatineau, Quebec part",15.23.14,v53085527
2008,92.46,"Ottawa-Gatineau, Quebec part",15.23.14,v53085527
2009,82.28,"Ottawa-Gatineau, Quebec part",15.23.14,v53085527
2010,118.91,"Ottawa-Gatineau, Quebec part",15.23.14,v53085527
2011,100.02,"Ottawa-Gatineau, Quebec part",15.23.14,v53085527
2012,49.31,"Ottawa-Gatineau, Quebec part",15.23.14,v53085527
2013,73.81,"Ottawa-Gatineau, Quebec part",15.23.14,v53085527
2014,70.84,"Ottawa-Gatineau, Quebec part",15.23.14,v53085527
2015,67.13,"Ottawa-Gatineau, Quebec part",15.23.14,v53085527
1998,31.10,"Ontario",16.23.14,v53089591
1999,33.20,"Ontario",16.23.14,v53089591
2000,35.87,"Ontario",16.23.14,v53089591
2001,28.68,"Ontario",16.23.14,v53089591
2002,28.72,"Ontario",16.23.14,v53089591
2003,45.18,"Ontario",16.23.14,v53089591
2004,55.88,"Ontario",16.23.14,v53089591
2005,52.69,"Ontario",16.23.14,v53089591
2006,57.32,"Ontario",16.23.14,v53089591
2007,56.77,"Ontario",16.23.14,v53089591
2008,47.39,"Ontario",16.23.14,v53089591
2009,47.28,"Ontario",16.23.14,v53089591
2010,42.75,"Ontario",16.23.14,v53089591
2011,40.69,"Ontario",16.23.14,v53089591
2012,39.99,"Ontario",16.23.14,v53089591
2013,29.72,"Ontario",16.23.14,v53089591
2014,27.83,"Ontario",16.23.14,v53089591
2015,29.42,"Ontario",16.23.14,v53089591
1998,0.00,"Ottawa-Gatineau, Ontario/Quebec",17.23.14,v53081150
1999,0.00,"Ottawa-Gatineau, Ontario/Quebec",17.23.14,v53081150
2000,0.00,"Ottawa-Gatineau, Ontario/Quebec",17.23.14,v53081150
2001,0.00,"Ottawa-Gatineau, Ontario/Quebec",17.23.14,v53081150
2002,0.00,"Ottawa-Gatineau, Ontario/Quebec",17.23.14,v53081150
2003,0.00,"Ottawa-Gatineau, Ontario/Quebec",17.23.14,v53081150
2004,120.67,"Ottawa-Gatineau, Ontario/Quebec",17.23.14,v53081150
2005,77.50,"Ottawa-Gatineau, Ontario/Quebec",17.23.14,v53081150
2006,83.38,"Ottawa-Gatineau, Ontario/Quebec",17.23.14,v53081150
2007,74.24,"Ottawa-Gatineau, Ontario/Quebec",17.23.14,v53081150
2008,61.77,"Ottawa-Gatineau, Ontario/Quebec",17.23.14,v53081150
2009,58.48,"Ottawa-Gatineau, Ontario/Quebec",17.23.14,v53081150
2010,60.82,"Ottawa-Gatineau, Ontario/Quebec",17.23.14,v53081150
2011,44.36,"Ottawa-Gatineau, Ontario/Quebec",17.23.14,v53081150
2012,34.20,"Ottawa-Gatineau, Ontario/Quebec",17.23.14,v53081150
2013,41.77,"Ottawa-Gatineau, Ontario/Quebec",17.23.14,v53081150
2014,33.34,"Ottawa-Gatineau, Ontario/Quebec",17.23.14,v53081150
2015,34.79,"Ottawa-Gatineau, Ontario/Quebec",17.23.14,v53081150
1998,0.00,"Ottawa-Gatineau, Ontario part",18.23.14,v53089887
1999,0.00,"Ottawa-Gatineau, Ontario part",18.23.14,v53089887
2000,0.00,"Ottawa-Gatineau, Ontario part",18.23.14,v53089887
2001,0.00,"Ottawa-Gatineau, Ontario part",18.23.14,v53089887
2002,0.00,"Ottawa-Gatineau, Ontario part",18.23.14,v53089887
2003,0.00,"Ottawa-Gatineau, Ontario part",18.23.14,v53089887
2004,122.91,"Ottawa-Gatineau, Ontario part",18.23.14,v53089887
2005,57.77,"Ottawa-Gatineau, Ontario part",18.23.14,v53089887
2006,79.03,"Ottawa-Gatineau, Ontario part",18.23.14,v53089887
2007,72.48,"Ottawa-Gatineau, Ontario part",18.23.14,v53089887
2008,51.21,"Ottawa-Gatineau, Ontario part",18.23.14,v53089887
2009,50.38,"Ottawa-Gatineau, Ontario part",18.23.14,v53089887
2010,41.33,"Ottawa-Gatineau, Ontario part",18.23.14,v53089887
2011,25.92,"Ottawa-Gatineau, Ontario part",18.23.14,v53089887
2012,29.27,"Ottawa-Gatineau, Ontario part",18.23.14,v53089887
2013,31.39,"Ottawa-Gatineau, Ontario part",18.23.14,v53089887
2014,21.27,"Ottawa-Gatineau, Ontario part",18.23.14,v53089887
2015,24.48,"Ottawa-Gatineau, Ontario part",18.23.14,v53089887
2000,..,"Kingston, Ontario",27.23.14,v53090052
2001,0.00,"Kingston, Ontario",27.23.14,v53090052
2002,0.00,"Kingston, Ontario",27.23.14,v53090052
2003,0.00,"Kingston, Ontario",27.23.14,v53090052
2004,41.39,"Kingston, Ontario",27.23.14,v53090052
2005,25.01,"Kingston, Ontario",27.23.14,v53090052
2006,50.30,"Kingston, Ontario",27.23.14,v53090052
2007,115.21,"Kingston, Ontario",27.23.14,v53090052
2008,66.09,"Kingston, Ontario",27.23.14,v53090052
2009,42.55,"Kingston, Ontario",27.23.14,v53090052
2010,8.78,"Kingston, Ontario",27.23.14,v53090052
2011,45.38,"Kingston, Ontario",27.23.14,v53090052
2012,47.01,"Kingston, Ontario",27.23.14,v53090052
2013,19.62,"Kingston, Ontario",27.23.14,v53090052
2014,10.09,"Kingston, Ontario",27.23.14,v53090052
2015,10.30,"Kingston, Ontario",27.23.14,v53090052
2005,..,"Peterborough, Ontario",44.23.14,v53087164
2006,41.48,"Peterborough, Ontario",44.23.14,v53087164
2007,41.81,"Peterborough, Ontario",44.23.14,v53087164
2008,42.81,"Peterborough, Ontario",44.23.14,v53087164
2009,55.27,"Peterborough, Ontario",44.23.14,v53087164
2010,22.93,"Peterborough, Ontario",44.23.14,v53087164
2011,47.56,"Peterborough, Ontario",44.23.14,v53087164
2012,74.77,"Peterborough, Ontario",44.23.14,v53087164
2013,26.05,"Peterborough, Ontario",44.23.14,v53087164
2014,0.00,"Peterborough, Ontario",44.23.14,v53087164
2015,0.00,"Peterborough, Ontario",44.23.14,v53087164
1998,0.00,"Toronto, Ontario",19.23.14,v53092408
1999,0.00,"Toronto, Ontario",19.23.14,v53092408
2000,0.00,"Toronto, Ontario",19.23.14,v53092408
2001,0.00,"Toronto, Ontario",19.23.14,v53092408
2002,0.00,"Toronto, Ontario",19.23.14,v53092408
2003,0.00,"Toronto, Ontario",19.23.14,v53092408
2004,39.09,"Toronto, Ontario",19.23.14,v53092408
2005,47.77,"Toronto, Ontario",19.23.14,v53092408
2006,50.39,"Toronto, Ontario",19.23.14,v53092408
2007,46.98,"Toronto, Ontario",19.23.14,v53092408
2008,35.25,"Toronto, Ontario",19.23.14,v53092408
2009,30.88,"Toronto, Ontario",19.23.14,v53092408
2010,30.86,"Toronto, Ontario",19.23.14,v53092408
2011,29.02,"Toronto, Ontario",19.23.14,v53092408
2012,29.61,"Toronto, Ontario",19.23.14,v53092408
2013,24.19,"Toronto, Ontario",19.23.14,v53092408
2014,19.28,"Toronto, Ontario",19.23.14,v53092408
2015,25.68,"Toronto, Ontario",19.23.14,v53092408
1998,0.00,"Hamilton, Ontario",20.23.14,v53092617
1999,0.00,"Hamilton, Ontario",20.23.14,v53092617
2000,0.00,"Hamilton, Ontario",20.23.14,v53092617
2001,0.00,"Hamilton, Ontario",20.23.14,v53092617
2002,0.00,"Hamilton, Ontario",20.23.14,v53092617
2003,0.00,"Hamilton, Ontario",20.23.14,v53092617
2004,85.78,"Hamilton, Ontario",20.23.14,v53092617
2005,95.36,"Hamilton, Ontario",20.23.14,v53092617
2006,93.06,"Hamilton, Ontario",20.23.14,v53092617
2007,89.07,"Hamilton, Ontario",20.23.14,v53092617
2008,111.15,"Hamilton, Ontario",20.23.14,v53092617
2009,79.66,"Hamilton, Ontario",20.23.14,v53092617
2010,66.46,"Hamilton, Ontario",20.23.14,v53092617
2011,101.94,"Hamilton, Ontario",20.23.14,v53092617
2012,66.69,"Hamilton, Ontario",20.23.14,v53092617
2013,58.61,"Hamilton, Ontario",20.23.14,v53092617
2014,59.29,"Hamilton, Ontario",20.23.14,v53092617
2015,51.94,"Hamilton, Ontario",20.23.14,v53092617
1998,0.00,"St.Catharines-Niagara, Ontario",21.23.14,v53092767
1999,0.00,"St.Catharines-Niagara, Ontario",21.23.14,v53092767
2000,0.00,"St.Catharines-Niagara, Ontario",21.23.14,v53092767
2001,0.00,"St.Catharines-Niagara, Ontario",21.23.14,v53092767
2002,0.00,"St.Catharines-Niagara, Ontario",21.23.14,v53092767
2003,0.00,"St.Catharines-Niagara, Ontario",21.23.14,v53092767
2004,31.08,"St.Catharines-Niagara, Ontario",21.23.14,v53092767
2005,16.92,"St.Catharines-Niagara, Ontario",21.23.14,v53092767
2006,25.24,"St.Catharines-Niagara, Ontario",21.23.14,v53092767
2007,62.79,"St.Catharines-Niagara, Ontario",21.23.14,v53092767
2008,52.34,"St.Catharines-Niagara, Ontario",21.23.14,v53092767
2009,65.39,"St.Catharines-Niagara, Ontario",21.23.14,v53092767
2010,42.75,"St.Catharines-Niagara, Ontario",21.23.14,v53092767
2011,40.17,"St.Catharines-Niagara, Ontario",21.23.14,v53092767
2012,70.05,"St.Catharines-Niagara, Ontario",21.23.14,v53092767
2013,39.44,"St.Catharines-Niagara, Ontario",21.23.14,v53092767
2014,40.76,"St.Catharines-Niagara, Ontario",21.23.14,v53092767
2015,27.68,"St.Catharines-Niagara, Ontario",21.23.14,v53092767
1998,0.00,"Kitchener-Cambridge-Waterloo, Ontario",22.23.14,v53092928
1999,0.00,"Kitchener-Cambridge-Waterloo, Ontario",22.23.14,v53092928
2000,0.00,"Kitchener-Cambridge-Waterloo, Ontario",22.23.14,v53092928
2001,0.00,"Kitchener-Cambridge-Waterloo, Ontario",22.23.14,v53092928
2002,0.00,"Kitchener-Cambridge-Waterloo, Ontario",22.23.14,v53092928
2003,0.00,"Kitchener-Cambridge-Waterloo, Ontario",22.23.14,v53092928
2004,76.00,"Kitchener-Cambridge-Waterloo, Ontario",22.23.14,v53092928
2005,71.17,"Kitchener-Cambridge-Waterloo, Ontario",22.23.14,v53092928
2006,92.24,"Kitchener-Cambridge-Waterloo, Ontario",22.23.14,v53092928
2007,55.75,"Kitchener-Cambridge-Waterloo, Ontario",22.23.14,v53092928
2008,46.13,"Kitchener-Cambridge-Waterloo, Ontario",22.23.14,v53092928
2009,76.21,"Kitchener-Cambridge-Waterloo, Ontario",22.23.14,v53092928
2010,86.87,"Kitchener-Cambridge-Waterloo, Ontario",22.23.14,v53092928
2011,61.96,"Kitchener-Cambridge-Waterloo, Ontario",22.23.14,v53092928
2012,80.11,"Kitchener-Cambridge-Waterloo, Ontario",22.23.14,v53092928
2013,43.56,"Kitchener-Cambridge-Waterloo, Ontario",22.23.14,v53092928
2014,49.55,"Kitchener-Cambridge-Waterloo, Ontario",22.23.14,v53092928
2015,55.36,"Kitchener-Cambridge-Waterloo, Ontario",22.23.14,v53092928
2005,..,"Brantford, Ontario",45.23.14,v53087644
2006,85.97,"Brantford, Ontario",45.23.14,v53087644
2007,34.09,"Brantford, Ontario",45.23.14,v53087644
2008,34.36,"Brantford, Ontario",45.23.14,v53087644
2009,43.11,"Brantford, Ontario",45.23.14,v53087644
2010,35.54,"Brantford, Ontario",45.23.14,v53087644
2011,116.69,"Brantford, Ontario",45.23.14,v53087644
2012,0.00,"Brantford, Ontario",45.23.14,v53087644
2013,37.22,"Brantford, Ontario",45.23.14,v53087644
2014,0.00,"Brantford, Ontario",45.23.14,v53087644
2015,47.74,"Brantford, Ontario",45.23.14,v53087644
2005,..,"Guelph, Ontario",46.23.14,v53094867
2006,0.00,"Guelph, Ontario",46.23.14,v53094867
2007,65.06,"Guelph, Ontario",46.23.14,v53094867
2008,64.99,"Guelph, Ontario",46.23.14,v53094867
2009,21.79,"Guelph, Ontario",46.23.14,v53094867
2010,32.99,"Guelph, Ontario",46.23.14,v53094867
2011,65.93,"Guelph, Ontario",46.23.14,v53094867
2012,11.11,"Guelph, Ontario",46.23.14,v53094867
2013,11.32,"Guelph, Ontario",46.23.14,v53094867
2014,23.07,"Guelph, Ontario",46.23.14,v53094867
2015,46.76,"Guelph, Ontario",46.23.14,v53094867
1998,0.00,"London, Ontario",23.23.14,v53094915
1999,0.00,"London, Ontario",23.23.14,v53094915
2000,0.00,"London, Ontario",23.23.14,v53094915
2001,0.00,"London, Ontario",23.23.14,v53094915
2002,0.00,"London, Ontario",23.23.14,v53094915
2003,0.00,"London, Ontario",23.23.14,v53094915
2004,43.63,"London, Ontario",23.23.14,v53094915
2005,40.89,"London, Ontario",23.23.14,v53094915
2006,38.02,"London, Ontario",23.23.14,v53094915
2007,50.66,"London, Ontario",23.23.14,v53094915
2008,43.66,"London, Ontario",23.23.14,v53094915
2009,57.61,"London, Ontario",23.23.14,v53094915
2010,50.74,"London, Ontario",23.23.14,v53094915
2011,51.88,"London, Ontario",23.23.14,v53094915
2012,30.84,"London, Ontario",23.23.14,v53094915
2013,26.09,"London, Ontario",23.23.14,v53094915
2014,26.64,"London, Ontario",23.23.14,v53094915
2015,12.07,"London, Ontario",23.23.14,v53094915
1998,0.00,"Windsor, Ontario",24.23.14,v53087887
1999,0.00,"Windsor, Ontario",24.23.14,v53087887
2000,0.00,"Windsor, Ontario",24.23.14,v53087887
2001,0.00,"Windsor, Ontario",24.23.14,v53087887
2002,0.00,"Windsor, Ontario",24.23.14,v53087887
2003,0.00,"Windsor, Ontario",24.23.14,v53087887
2004,67.32,"Windsor, Ontario",24.23.14,v53087887
2005,81.30,"Windsor, Ontario",24.23.14,v53087887
2006,51.80,"Windsor, Ontario",24.23.14,v53087887
2007,74.56,"Windsor, Ontario",24.23.14,v53087887
2008,15.09,"Windsor, Ontario",24.23.14,v53087887
2009,30.56,"Windsor, Ontario",24.23.14,v53087887
2010,42.01,"Windsor, Ontario",24.23.14,v53087887
2011,26.97,"Windsor, Ontario",24.23.14,v53087887
2012,19.48,"Windsor, Ontario",24.23.14,v53087887
2013,20.01,"Windsor, Ontario",24.23.14,v53087887
2014,20.47,"Windsor, Ontario",24.23.14,v53087887
2015,49.65,"Windsor, Ontario",24.23.14,v53087887
2005,..,"Barrie, Ontario",47.23.14,v53095311
2006,39.51,"Barrie, Ontario",47.23.14,v53095311
2007,28.10,"Barrie, Ontario",47.23.14,v53095311
2008,44.76,"Barrie, Ontario",47.23.14,v53095311
2009,22.34,"Barrie, Ontario",47.23.14,v53095311
2010,16.89,"Barrie, Ontario",47.23.14,v53095311
2011,0.00,"Barrie, Ontario",47.23.14,v53095311
2012,5.85,"Barrie, Ontario",47.23.14,v53095311
2013,30.05,"Barrie, Ontario",47.23.14,v53095311
2014,6.16,"Barrie, Ontario",47.23.14,v53095311
2015,0.00,"Barrie, Ontario",47.23.14,v53095311
1998,0.00,"Sudbury, Ontario",25.23.14,v53095389
1999,0.00,"Sudbury, Ontario",25.23.14,v53095389
2000,0.00,"Sudbury, Ontario",25.23.14,v53095389
2001,0.00,"Sudbury, Ontario",25.23.14,v53095389
2002,0.00,"Sudbury, Ontario",25.23.14,v53095389
2003,0.00,"Sudbury, Ontario",25.23.14,v53095389
2004,46.05,"Sudbury, Ontario",25.23.14,v53095389
2005,53.64,"Sudbury, Ontario",25.23.14,v53095389
2006,68.66,"Sudbury, Ontario",25.23.14,v53095389
2007,61.43,"Sudbury, Ontario",25.23.14,v53095389
2008,54.31,"Sudbury, Ontario",25.23.14,v53095389
2009,63.30,"Sudbury, Ontario",25.23.14,v53095389
2010,98.12,"Sudbury, Ontario",25.23.14,v53095389
2011,33.65,"Sudbury, Ontario",25.23.14,v53095389
2012,78.32,"Sudbury, Ontario",25.23.14,v53095389
2013,9.01,"Sudbury, Ontario",25.23.14,v53095389
2014,28.18,"Sudbury, Ontario",25.23.14,v53095389
2015,38.82,"Sudbury, Ontario",25.23.14,v53095389
1998,0.00,"Thunder Bay, Ontario",26.23.14,v53090210
1999,0.00,"Thunder Bay, Ontario",26.23.14,v53090210
2000,0.00,"Thunder Bay, Ontario",26.23.14,v53090210
2001,0.00,"Thunder Bay, Ontario",26.23.14,v53090210
2002,0.00,"Thunder Bay, Ontario",26.23.14,v53090210
2003,0.00,"Thunder Bay, Ontario",26.23.14,v53090210
2004,39.40,"Thunder Bay, Ontario",26.23.14,v53090210
2005,88.37,"Thunder Bay, Ontario",26.23.14,v53090210
2006,89.31,"Thunder Bay, Ontario",26.23.14,v53090210
2007,50.58,"Thunder Bay, Ontario",26.23.14,v53090210
2008,43.96,"Thunder Bay, Ontario",26.23.14,v53090210
2009,44.91,"Thunder Bay, Ontario",26.23.14,v53090210
2010,47.19,"Thunder Bay, Ontario",26.23.14,v53090210
2011,47.97,"Thunder Bay, Ontario",26.23.14,v53090210
2012,74.53,"Thunder Bay, Ontario",26.23.14,v53090210
2013,50.95,"Thunder Bay, Ontario",26.23.14,v53090210
2014,171.62,"Thunder Bay, Ontario",26.23.14,v53090210
2015,0.00,"Thunder Bay, Ontario",26.23.14,v53090210
1998,18.42,"Manitoba",28.23.14,v53095737
1999,17.24,"Manitoba",28.23.14,v53095737
2000,51.58,"Manitoba",28.23.14,v53095737
2001,104.55,"Manitoba",28.23.14,v53095737
2002,117.27,"Manitoba",28.23.14,v53095737
2003,165.08,"Manitoba",28.23.14,v53095737
2004,158.05,"Manitoba",28.23.14,v53095737
2005,189.54,"Manitoba",28.23.14,v53095737
2006,243.63,"Manitoba",28.23.14,v53095737
2007,275.96,"Manitoba",28.23.14,v53095737
2008,269.90,"Manitoba",28.23.14,v53095737
2009,218.50,"Manitoba",28.23.14,v53095737
2010,216.12,"Manitoba",28.23.14,v53095737
2011,170.11,"Manitoba",28.23.14,v53095737
2012,178.88,"Manitoba",28.23.14,v53095737
2013,149.07,"Manitoba",28.23.14,v53095737
2014,147.49,"Manitoba",28.23.14,v53095737
2015,155.46,"Manitoba",28.23.14,v53095737
1998,0.00,"Winnipeg, Manitoba",29.23.14,v53095968
1999,0.00,"Winnipeg, Manitoba",29.23.14,v53095968
2000,0.00,"Winnipeg, Manitoba",29.23.14,v53095968
2001,0.00,"Winnipeg, Manitoba",29.23.14,v53095968
2002,0.00,"Winnipeg, Manitoba",29.23.14,v53095968
2003,0.00,"Winnipeg, Manitoba",29.23.14,v53095968
2004,95.02,"Winnipeg, Manitoba",29.23.14,v53095968
2005,70.60,"Winnipeg, Manitoba",29.23.14,v53095968
2006,70.75,"Winnipeg, Manitoba",29.23.14,v53095968
2007,67.43,"Winnipeg, Manitoba",29.23.14,v53095968
2008,76.36,"Winnipeg, Manitoba",29.23.14,v53095968
2009,63.45,"Winnipeg, Manitoba",29.23.14,v53095968
2010,94.22,"Winnipeg, Manitoba",29.23.14,v53095968
2011,26.86,"Winnipeg, Manitoba",29.23.14,v53095968
2012,52.00,"Winnipeg, Manitoba",29.23.14,v53095968
2013,37.47,"Winnipeg, Manitoba",29.23.14,v53095968
2014,33.73,"Winnipeg, Manitoba",29.23.14,v53095968
2015,60.17,"Winnipeg, Manitoba",29.23.14,v53095968
1998,33.98,"Saskatchewan",30.23.14,v53096132
1999,53.70,"Saskatchewan",30.23.14,v53096132
2000,75.12,"Saskatchewan",30.23.14,v53096132
2001,122.35,"Saskatchewan",30.23.14,v53096132
2002,122.09,"Saskatchewan",30.23.14,v53096132
2003,174.21,"Saskatchewan",30.23.14,v53096132
2004,197.76,"Saskatchewan",30.23.14,v53096132
2005,223.39,"Saskatchewan",30.23.14,v53096132
2006,269.71,"Saskatchewan",30.23.14,v53096132
2007,332.41,"Saskatchewan",30.23.14,v53096132
2008,281.28,"Saskatchewan",30.23.14,v53096132
2009,232.76,"Saskatchewan",30.23.14,v53096132
2010,215.21,"Saskatchewan",30.23.14,v53096132
2011,197.85,"Saskatchewan",30.23.14,v53096132
2012,203.33,"Saskatchewan",30.23.14,v53096132
2013,134.26,"Saskatchewan",30.23.14,v53096132
2014,117.78,"Saskatchewan",30.23.14,v53096132
2015,149.98,"Saskatchewan",30.23.14,v53096132
1998,0.00,"Regina, Saskatchewan",31.23.14,v53096332
1999,0.00,"Regina, Saskatchewan",31.23.14,v53096332
2000,0.00,"Regina, Saskatchewan",31.23.14,v53096332
2001,0.00,"Regina, Saskatchewan",31.23.14,v53096332
2002,0.00,"Regina, Saskatchewan",31.23.14,v53096332
2003,0.00,"Regina, Saskatchewan",31.23.14,v53096332
2004,33.64,"Regina, Saskatchewan",31.23.14,v53096332
2005,68.87,"Regina, Saskatchewan",31.23.14,v53096332
2006,104.60,"Regina, Saskatchewan",31.23.14,v53096332
2007,159.31,"Regina, Saskatchewan",31.23.14,v53096332
2008,120.71,"Regina, Saskatchewan",31.23.14,v53096332
2009,55.12,"Regina, Saskatchewan",31.23.14,v53096332
2010,105.51,"Regina, Saskatchewan",31.23.14,v53096332
2011,37.83,"Regina, Saskatchewan",31.23.14,v53096332
2012,69.29,"Regina, Saskatchewan",31.23.14,v53096332
2013,88.88,"Regina, Saskatchewan",31.23.14,v53096332
2014,37.91,"Regina, Saskatchewan",31.23.14,v53096332
2015,31.46,"Regina, Saskatchewan",31.23.14,v53096332
1998,0.00,"Saskatoon, Saskatchewan",32.23.14,v53090686
1999,0.00,"Saskatoon, Saskatchewan",32.23.14,v53090686
2000,0.00,"Saskatoon, Saskatchewan",32.23.14,v53090686
2001,0.00,"Saskatoon, Saskatchewan",32.23.14,v53090686
2002,0.00,"Saskatoon, Saskatchewan",32.23.14,v53090686
2003,0.00,"Saskatoon, Saskatchewan",32.23.14,v53090686
2004,77.78,"Saskatoon, Saskatchewan",32.23.14,v53090686
2005,51.18,"Saskatoon, Saskatchewan",32.23.14,v53090686
2006,70.85,"Saskatoon, Saskatchewan",32.23.14,v53090686
2007,79.92,"Saskatoon, Saskatchewan",32.23.14,v53090686
2008,57.25,"Saskatoon, Saskatchewan",32.23.14,v53090686
2009,38.70,"Saskatoon, Saskatchewan",32.23.14,v53090686
2010,34.43,"Saskatoon, Saskatchewan",32.23.14,v53090686
2011,19.91,"Saskatoon, Saskatchewan",32.23.14,v53090686
2012,69.08,"Saskatoon, Saskatchewan",32.23.14,v53090686
2013,39.58,"Saskatoon, Saskatchewan",32.23.14,v53090686
2014,19.69,"Saskatoon, Saskatchewan",32.23.14,v53090686
2015,54.14,"Saskatoon, Saskatchewan",32.23.14,v53090686
1998,24.56,"Alberta",33.23.14,v53091654
1999,29.52,"Alberta",33.23.14,v53091654
2000,59.50,"Alberta",33.23.14,v53091654
2001,60.23,"Alberta",33.23.14,v53091654
2002,57.80,"Alberta",33.23.14,v53091654
2003,84.79,"Alberta",33.23.14,v53091654
2004,71.52,"Alberta",33.23.14,v53091654
2005,71.90,"Alberta",33.23.14,v53091654
2006,121.21,"Alberta",33.23.14,v53091654
2007,103.16,"Alberta",33.23.14,v53091654
2008,110.08,"Alberta",33.23.14,v53091654
2009,105.37,"Alberta",33.23.14,v53091654
2010,80.24,"Alberta",33.23.14,v53091654
2011,65.43,"Alberta",33.23.14,v53091654
2012,65.61,"Alberta",33.23.14,v53091654
2013,64.66,"Alberta",33.23.14,v53091654
2014,51.96,"Alberta",33.23.14,v53091654
2015,59.58,"Alberta",33.23.14,v53091654
1998,0.00,"Calgary, Alberta",34.23.14,v53091812
1999,0.00,"Calgary, Alberta",34.23.14,v53091812
2000,0.00,"Calgary, Alberta",34.23.14,v53091812
2001,0.00,"Calgary, Alberta",34.23.14,v53091812
2002,0.00,"Calgary, Alberta",34.23.14,v53091812
2003,0.00,"Calgary, Alberta",34.23.14,v53091812
2004,70.56,"Calgary, Alberta",34.23.14,v53091812
2005,66.64,"Calgary, Alberta",34.23.14,v53091812
2006,81.66,"Calgary, Alberta",34.23.14,v53091812
2007,64.52,"Calgary, Alberta",34.23.14,v53091812
2008,54.44,"Calgary, Alberta",34.23.14,v53091812
2009,34.99,"Calgary, Alberta",34.23.14,v53091812
2010,49.41,"Calgary, Alberta",34.23.14,v53091812
2011,36.88,"Calgary, Alberta",34.23.14,v53091812
2012,31.08,"Calgary, Alberta",34.23.14,v53091812
2013,41.57,"Calgary, Alberta",34.23.14,v53091812
2014,32.72,"Calgary, Alberta",34.23.14,v53091812
2015,33.46,"Calgary, Alberta",34.23.14,v53091812
1998,0.00,"Edmonton, Alberta",35.23.14,v53097260
1999,0.00,"Edmonton, Alberta",35.23.14,v53097260
2000,0.00,"Edmonton, Alberta",35.23.14,v53097260
2001,0.00,"Edmonton, Alberta",35.23.14,v53097260
2002,0.00,"Edmonton, Alberta",35.23.14,v53097260
2003,0.00,"Edmonton, Alberta",35.23.14,v53097260
2004,37.04,"Edmonton, Alberta",35.23.14,v53097260
2005,32.27,"Edmonton, Alberta",35.23.14,v53097260
2006,87.75,"Edmonton, Alberta",35.23.14,v53097260
2007,69.37,"Edmonton, Alberta",35.23.14,v53097260
2008,86.90,"Edmonton, Alberta",35.23.14,v53097260
2009,67.32,"Edmonton, Alberta",35.23.14,v53097260
2010,30.50,"Edmonton, Alberta",35.23.14,v53097260
2011,30.39,"Edmonton, Alberta",35.23.14,v53097260
2012,28.26,"Edmonton, Alberta",35.23.14,v53097260
2013,23.60,"Edmonton, Alberta",35.23.14,v53097260
2014,21.27,"Edmonton, Alberta",35.23.14,v53097260
2015,31.68,"Edmonton, Alberta",35.23.14,v53097260
1998,57.42,"British Columbia",36.23.14,v53097481
1999,60.38,"British Columbia",36.23.14,v53097481
2000,66.28,"British Columbia",36.23.14,v53097481
2001,74.29,"British Columbia",36.23.14,v53097481
2002,77.69,"British Columbia",36.23.14,v53097481
2003,83.72,"British Columbia",36.23.14,v53097481
2004,88.06,"British Columbia",36.23.14,v53097481
2005,98.14,"British Columbia",36.23.14,v53097481
2006,115.60,"British Columbia",36.23.14,v53097481
2007,107.67,"British Columbia",36.23.14,v53097481
2008,79.39,"British Columbia",36.23.14,v53097481
2009,73.15,"British Columbia",36.23.14,v53097481
2010,67.59,"British Columbia",36.23.14,v53097481
2011,70.41,"British Columbia",36.23.14,v53097481
2012,63.22,"British Columbia",36.23.14,v53097481
2013,48.17,"British Columbia",36.23.14,v53097481
2014,41.70,"British Columbia",36.23.14,v53097481
2015,36.62,"British Columbia",36.23.14,v53097481
2005,..,"Kelowna, British Columbia",48.23.14,v53097758
2006,39.12,"Kelowna, British Columbia",48.23.14,v53097758
2007,132.72,"Kelowna, British Columbia",48.23.14,v53097758
2008,156.16,"Kelowna, British Columbia",48.23.14,v53097758
2009,78.64,"Kelowna, British Columbia",48.23.14,v53097758
2010,142.53,"Kelowna, British Columbia",48.23.14,v53097758
2011,127.38,"Kelowna, British Columbia",48.23.14,v53097758
2012,97.96,"Kelowna, British Columbia",48.23.14,v53097758
2013,41.96,"Kelowna, British Columbia",48.23.14,v53097758
2014,68.35,"Kelowna, British Columbia",48.23.14,v53097758
2015,33.74,"Kelowna, British Columbia",48.23.14,v53097758
2000,..,"Abbotsford-Mission, British Columbia",39.23.14,v53097899
2001,0.00,"Abbotsford-Mission, British Columbia",39.23.14,v53097899
2002,0.00,"Abbotsford-Mission, British Columbia",39.23.14,v53097899
2003,0.00,"Abbotsford-Mission, British Columbia",39.23.14,v53097899
2004,28.15,"Abbotsford-Mission, British Columbia",39.23.14,v53097899
2005,62.73,"Abbotsford-Mission, British Columbia",39.23.14,v53097899
2006,172.40,"Abbotsford-Mission, British Columbia",39.23.14,v53097899
2007,172.24,"Abbotsford-Mission, British Columbia",39.23.14,v53097899
2008,55.16,"Abbotsford-Mission, British Columbia",39.23.14,v53097899
2009,96.36,"Abbotsford-Mission, British Columbia",39.23.14,v53097899
2010,34.69,"Abbotsford-Mission, British Columbia",39.23.14,v53097899
2011,35.12,"Abbotsford-Mission, British Columbia",39.23.14,v53097899
2012,42.56,"Abbotsford-Mission, British Columbia",39.23.14,v53097899
2013,14.50,"Abbotsford-Mission, British Columbia",39.23.14,v53097899
2014,7.32,"Abbotsford-Mission, British Columbia",39.23.14,v53097899
2015,36.30,"Abbotsford-Mission, British Columbia",39.23.14,v53097899
1998,0.00,"Vancouver, British Columbia",37.23.14,v53093490
1999,0.00,"Vancouver, British Columbia",37.23.14,v53093490
2000,0.00,"Vancouver, British Columbia",37.23.14,v53093490
2001,0.00,"Vancouver, British Columbia",37.23.14,v53093490
2002,0.00,"Vancouver, British Columbia",37.23.14,v53093490
2003,0.00,"Vancouver, British Columbia",37.23.14,v53093490
2004,88.41,"Vancouver, British Columbia",37.23.14,v53093490
2005,96.97,"Vancouver, British Columbia",37.23.14,v53093490
2006,101.76,"Vancouver, British Columbia",37.23.14,v53093490
2007,103.25,"Vancouver, British Columbia",37.23.14,v53093490
2008,65.41,"Vancouver, British Columbia",37.23.14,v53093490
2009,61.78,"Vancouver, British Columbia",37.23.14,v53093490
2010,57.67,"Vancouver, British Columbia",37.23.14,v53093490
2011,60.02,"Vancouver, British Columbia",37.23.14,v53093490
2012,58.75,"Vancouver, British Columbia",37.23.14,v53093490
2013,47.92,"Vancouver, British Columbia",37.23.14,v53093490
2014,32.28,"Vancouver, British Columbia",37.23.14,v53093490
2015,32.43,"Vancouver, British Columbia",37.23.14,v53093490
1998,0.00,"Victoria, British Columbia",38.23.14,v53093596
1999,0.00,"Victoria, British Columbia",38.23.14,v53093596
2000,0.00,"Victoria, British Columbia",38.23.14,v53093596
2001,0.00,"Victoria, British Columbia",38.23.14,v53093596
2002,0.00,"Victoria, British Columbia",38.23.14,v53093596
2003,0.00,"Victoria, British Columbia",38.23.14,v53093596
2004,109.34,"Victoria, British Columbia",38.23.14,v53093596
2005,87.00,"Victoria, British Columbia",38.23.14,v53093596
2006,69.63,"Victoria, British Columbia",38.23.14,v53093596
2007,84.93,"Victoria, British Columbia",38.23.14,v53093596
2008,50.19,"Victoria, British Columbia",38.23.14,v53093596
2009,96.93,"Victoria, British Columbia",38.23.14,v53093596
2010,51.53,"Victoria, British Columbia",38.23.14,v53093596
2011,52.14,"Victoria, British Columbia",38.23.14,v53093596
2012,48.73,"Victoria, British Columbia",38.23.14,v53093596
2013,30.03,"Victoria, British Columbia",38.23.14,v53093596
2014,20.44,"Victoria, British Columbia",38.23.14,v53093596
2015,5.16,"Victoria, British Columbia",38.23.14,v53093596
1998,67.18,"Yukon",40.23.14,v53094362
1999,167.28,"Yukon",40.23.14,v53094362
2000,135.50,"Yukon",40.23.14,v53094362
2001,243.73,"Yukon",40.23.14,v53094362
2002,533.24,"Yukon",40.23.14,v53094362
2003,421.94,"Yukon",40.23.14,v53094362
2004,69.95,"Yukon",40.23.14,v53094362
2005,382.61,"Yukon",40.23.14,v53094362
2006,500.89,"Yukon",40.23.14,v53094362
2007,291.12,"Yukon",40.23.14,v53094362
2008,222.30,"Yukon",40.23.14,v53094362
2009,421.62,"Yukon",40.23.14,v53094362
2010,194.33,"Yukon",40.23.14,v53094362
2011,159.11,"Yukon",40.23.14,v53094362
2012,316.71,"Yukon",40.23.14,v53094362
2013,242.13,"Yukon",40.23.14,v53094362
2014,362.03,"Yukon",40.23.14,v53094362
2015,203.17,"Yukon",40.23.14,v53094362
1998,28.31,"Northwest Territories",41.23.14,v53098626
1999,0.00,"Northwest Territories",41.23.14,v53098626
2000,0.00,"Northwest Territories",41.23.14,v53098626
2001,197.78,"Northwest Territories",41.23.14,v53098626
2002,290.00,"Northwest Territories",41.23.14,v53098626
2003,369.94,"Northwest Territories",41.23.14,v53098626
2004,449.03,"Northwest Territories",41.23.14,v53098626
2005,445.04,"Northwest Territories",41.23.14,v53098626
2006,656.70,"Northwest Territories",41.23.14,v53098626
2007,732.60,"Northwest Territories",41.23.14,v53098626
2008,719.09,"Northwest Territories",41.23.14,v53098626
2009,649.35,"Northwest Territories",41.23.14,v53098626
2010,525.79,"Northwest Territories",41.23.14,v53098626
2011,441.56,"Northwest Territories",41.23.14,v53098626
2012,526.46,"Northwest Territories",41.23.14,v53098626
2013,495.05,"Northwest Territories",41.23.14,v53098626
2014,503.78,"Northwest Territories",41.23.14,v53098626
2015,232.25,"Northwest Territories",41.23.14,v53098626
1998,..,"Nunavut",42.23.14,v53093876
1999,0.00,"Nunavut",42.23.14,v53093876
2000,29.46,"Nunavut",42.23.14,v53093876
2001,140.06,"Nunavut",42.23.14,v53093876
2002,241.74,"Nunavut",42.23.14,v53093876
2003,311.93,"Nunavut",42.23.14,v53093876
2004,433.23,"Nunavut",42.23.14,v53093876
2005,303.64,"Nunavut",42.23.14,v53093876
2006,323.06,"Nunavut",42.23.14,v53093876
2007,467.75,"Nunavut",42.23.14,v53093876
2008,369.19,"Nunavut",42.23.14,v53093876
2009,523.82,"Nunavut",42.23.14,v53093876
2010,377.74,"Nunavut",42.23.14,v53093876
2011,486.56,"Nunavut",42.23.14,v53093876
2012,260.35,"Nunavut",42.23.14,v53093876
2013,524.25,"Nunavut",42.23.14,v53093876
2014,401.39,"Nunavut",42.23.14,v53093876
2015,421.16,"Nunavut",42.23.14,v53093876
1998,39.81,"Canada",1.23.14,v53080950
1999,42.79,"Canada",1.23.14,v53080950
2000,52.97,"Canada",1.23.14,v53080950
2001,56.14,"Canada",1.23.14,v53080950
2002,57.53,"Canada",1.23.14,v53080950
2003,74.93,"Canada",1.23.14,v53080950
2004,81.37,"Canada",1.23.14,v53080950
2005,84.08,"Canada",1.23.14,v53080950
2006,99.29,"Canada",1.23.14,v53080950
2007,102.70,"Canada",1.23.14,v53080950
2008,94.50,"Canada",1.23.14,v53080950
2009,91.43,"Canada",1.23.14,v53080950
2010,80.93,"Canada",1.23.14,v53080950
2011,80.68,"Canada",1.23.14,v53080950
2012,74.99,"Canada",1.23.14,v53080950
2013,59.83,"Canada",1.23.14,v53080950
2014,53.70,"Canada",1.23.14,v53080950
2015,55.20,"Canada",1.23.14,v53080950
1998,18.04,"Newfoundland and Labrador",2.23.14,v53081249
1999,22.83,"Newfoundland and Labrador",2.23.14,v53081249
2000,30.09,"Newfoundland and Labrador",2.23.14,v53081249
2001,44.64,"Newfoundland and Labrador",2.23.14,v53081249
2002,52.77,"Newfoundland and Labrador",2.23.14,v53081249
2003,42.29,"Newfoundland and Labrador",2.23.14,v53081249
2004,87.06,"Newfoundland and Labrador",2.23.14,v53081249
2005,64.63,"Newfoundland and Labrador",2.23.14,v53081249
2006,97.78,"Newfoundland and Labrador",2.23.14,v53081249
2007,132.39,"Newfoundland and Labrador",2.23.14,v53081249
2008,169.87,"Newfoundland and Labrador",2.23.14,v53081249
2009,92.44,"Newfoundland and Labrador",2.23.14,v53081249
2010,68.48,"Newfoundland and Labrador",2.23.14,v53081249
2011,92.96,"Newfoundland and Labrador",2.23.14,v53081249
2012,121.27,"Newfoundland and Labrador",2.23.14,v53081249
2013,72.56,"Newfoundland and Labrador",2.23.14,v53081249
2014,83.26,"Newfoundland and Labrador",2.23.14,v53081249
2015,71.77,"Newfoundland and Labrador",2.23.14,v53081249
1998,0.00,"St. John's, Newfoundland and Labrador",3.23.14,v53082247
1999,0.00,"St. John's, Newfoundland and Labrador",3.23.14,v53082247
2000,0.00,"St. John's, Newfoundland and Labrador",3.23.14,v53082247
2001,0.00,"St. John's, Newfoundland and Labrador",3.23.14,v53082247
2002,0.00,"St. John's, Newfoundland and Labrador",3.23.14,v53082247
2003,0.00,"St. John's, Newfoundland and Labrador",3.23.14,v53082247
2004,21.59,"St. John's, Newfoundland and Labrador",3.23.14,v53082247
2005,29.30,"St. John's, Newfoundland and Labrador",3.23.14,v53082247
2006,89.42,"St. John's, Newfoundland and Labrador",3.23.14,v53082247
2007,67.29,"St. John's, Newfoundland and Labrador",3.23.14,v53082247
2008,60.37,"St. John's, Newfoundland and Labrador",3.23.14,v53082247
2009,30.67,"St. John's, Newfoundland and Labrador",3.23.14,v53082247
2010,23.44,"St. John's, Newfoundland and Labrador",3.23.14,v53082247
2011,31.56,"St. John's, Newfoundland and Labrador",3.23.14,v53082247
2012,47.70,"St. John's, Newfoundland and Labrador",3.23.14,v53082247
2013,8.05,"St. John's, Newfoundland and Labrador",3.23.14,v53082247
2014,24.53,"St. John's, Newfoundland and Labrador",3.23.14,v53082247
2015,24.62,"St. John's, Newfoundland and Labrador",3.23.14,v53082247
1998,0.00,"Prince Edward Island",4.23.14,v53080780
1999,16.28,"Prince Edward Island",4.23.14,v53080780
2000,16.39,"Prince Edward Island",4.23.14,v53080780
2001,24.59,"Prince Edward Island",4.23.14,v53080780
2002,16.37,"Prince Edward Island",4.23.14,v53080780
2003,16.55,"Prince Edward Island",4.23.14,v53080780
2004,16.72,"Prince Edward Island",4.23.14,v53080780
2005,25.23,"Prince Edward Island",4.23.14,v53080780
2006,25.51,"Prince Edward Island",4.23.14,v53080780
2007,61.10,"Prince Edward Island",4.23.14,v53080780
2008,35.28,"Prince Edward Island",4.23.14,v53080780
2009,143.15,"Prince Edward Island",4.23.14,v53080780
2010,9.11,"Prince Edward Island",4.23.14,v53080780
2011,36.43,"Prince Edward Island",4.23.14,v53080780
2012,55.67,"Prince Edward Island",4.23.14,v53080780
2013,115.77,"Prince Edward Island",4.23.14,v53080780
2014,0.00,"Prince Edward Island",4.23.14,v53080780
2015,71.49,"Prince Edward Island",4.23.14,v53080780
1998,10.64,"Nova Scotia",5.23.14,v53081627
1999,15.97,"Nova Scotia",5.23.14,v53081627
2000,37.32,"Nova Scotia",5.23.14,v53081627
2001,29.35,"Nova Scotia",5.23.14,v53081627
2002,56.05,"Nova Scotia",5.23.14,v53081627
2003,82.60,"Nova Scotia",5.23.14,v53081627
2004,81.61,"Nova Scotia",5.23.14,v53081627
2005,91.69,"Nova Scotia",5.23.14,v53081627
2006,124.01,"Nova Scotia",5.23.14,v53081627
2007,150.79,"Nova Scotia",5.23.14,v53081627
2008,142.21,"Nova Scotia",5.23.14,v53081627
2009,108.27,"Nova Scotia",5.23.14,v53081627
2010,92.72,"Nova Scotia",5.23.14,v53081627
2011,101.30,"Nova Scotia",5.23.14,v53081627
2012,108.30,"Nova Scotia",5.23.14,v53081627
2013,67.28,"Nova Scotia",5.23.14,v53081627
2014,75.92,"Nova Scotia",5.23.14,v53081627
2015,62.19,"Nova Scotia",5.23.14,v53081627
1998,0.00,"Halifax, Nova Scotia",6.23.14,v53081694
1999,0.00,"Halifax, Nova Scotia",6.23.14,v53081694
2000,0.00,"Halifax, Nova Scotia",6.23.14,v53081694
2001,0.00,"Halifax, Nova Scotia",6.23.14,v53081694
2002,0.00,"Halifax, Nova Scotia",6.23.14,v53081694
2003,0.00,"Halifax, Nova Scotia",6.23.14,v53081694
2004,98.47,"Halifax, Nova Scotia",6.23.14,v53081694
2005,81.81,"Halifax, Nova Scotia",6.23.14,v53081694
2006,93.66,"Halifax, Nova Scotia",6.23.14,v53081694
2007,132.54,"Halifax, Nova Scotia",6.23.14,v53081694
2008,145.48,"Halifax, Nova Scotia",6.23.14,v53081694
2009,55.03,"Halifax, Nova Scotia",6.23.14,v53081694
2010,97.44,"Halifax, Nova Scotia",6.23.14,v53081694
2011,57.33,"Halifax, Nova Scotia",6.23.14,v53081694
2012,73.64,"Halifax, Nova Scotia",6.23.14,v53081694
2013,87.28,"Halifax, Nova Scotia",6.23.14,v53081694
2014,48.67,"Halifax, Nova Scotia",6.23.14,v53081694
2015,32.97,"Halifax, Nova Scotia",6.23.14,v53081694
1998,24.18,"New Brunswick",7.23.14,v53082604
1999,22.83,"New Brunswick",7.23.14,v53082604
2000,56.09,"New Brunswick",7.23.14,v53082604
2001,23.38,"New Brunswick",7.23.14,v53082604
2002,27.04,"New Brunswick",7.23.14,v53082604
2003,57.92,"New Brunswick",7.23.14,v53082604
2004,48.06,"New Brunswick",7.23.14,v53082604
2005,65.47,"New Brunswick",7.23.14,v53082604
2006,99.25,"New Brunswick",7.23.14,v53082604
2007,113.17,"New Brunswick",7.23.14,v53082604
2008,101.38,"New Brunswick",7.23.14,v53082604
2009,137.39,"New Brunswick",7.23.14,v53082604
2010,81.28,"New Brunswick",7.23.14,v53082604
2011,77.63,"New Brunswick",7.23.14,v53082604
2012,103.27,"New Brunswick",7.23.14,v53082604
2013,79.63,"New Brunswick",7.23.14,v53082604
2014,66.90,"New Brunswick",7.23.14,v53082604
2015,69.83,"New Brunswick",7.23.14,v53082604
2005,..,"Moncton, New Brunswick",43.23.14,v53083652
2006,214.29,"Moncton, New Brunswick",43.23.14,v53083652
2007,117.58,"Moncton, New Brunswick",43.23.14,v53083652
2008,42.96,"Moncton, New Brunswick",43.23.14,v53083652
2009,163.26,"Moncton, New Brunswick",43.23.14,v53083652
2010,87.81,"Moncton, New Brunswick",43.23.14,v53083652
2011,100.20,"Moncton, New Brunswick",43.23.14,v53083652
2012,111.79,"Moncton, New Brunswick",43.23.14,v53083652
2013,90.61,"Moncton, New Brunswick",43.23.14,v53083652
2014,139.60,"Moncton, New Brunswick",43.23.14,v53083652
2015,95.99,"Moncton, New Brunswick",43.23.14,v53083652
1998,0.00,"Saint John, New Brunswick",8.23.14,v53083733
1999,0.00,"Saint John, New Brunswick",8.23.14,v53083733
2000,0.00,"Saint John, New Brunswick",8.23.14,v53083733
2001,0.00,"Saint John, New Brunswick",8.23.14,v53083733
2002,0.00,"Saint John, New Brunswick",8.23.14,v53083733
2003,0.00,"Saint John, New Brunswick",8.23.14,v53083733
2004,0.00,"Saint John, New Brunswick",8.23.14,v53083733
2005,74.61,"Saint John, New Brunswick",8.23.14,v53083733
2006,74.73,"Saint John, New Brunswick",8.23.14,v53083733
2007,176.80,"Saint John, New Brunswick",8.23.14,v53083733
2008,102.57,"Saint John, New Brunswick",8.23.14,v53083733
2009,156.32,"Saint John, New Brunswick",8.23.14,v53083733
2010,70.35,"Saint John, New Brunswick",8.23.14,v53083733
2011,80.79,"Saint John, New Brunswick",8.23.14,v53083733
2012,140.10,"Saint John, New Brunswick",8.23.14,v53083733
2013,86.54,"Saint John, New Brunswick",8.23.14,v53083733
2014,11.42,"Saint John, New Brunswick",8.23.14,v53083733
2015,105.01,"Saint John, New Brunswick",8.23.14,v53083733
1998,64.10,"Quebec",9.23.14,v53084978
1999,65.79,"Quebec",9.23.14,v53084978
2000,72.53,"Quebec",9.23.14,v53084978
2001,77.69,"Quebec",9.23.14,v53084978
2002,74.34,"Quebec",9.23.14,v53084978
2003,83.84,"Quebec",9.23.14,v53084978
2004,94.03,"Quebec",9.23.14,v53084978
2005,94.49,"Quebec",9.23.14,v53084978
2006,92.41,"Quebec",9.23.14,v53084978
2007,99.17,"Quebec",9.23.14,v53084978
2008,102.45,"Quebec",9.23.14,v53084978
2009,113.68,"Quebec",9.23.14,v53084978
2010,108.27,"Quebec",9.23.14,v53084978
2011,126.09,"Quebec",9.23.14,v53084978
2012,97.41,"Quebec",9.23.14,v53084978
2013,79.47,"Quebec",9.23.14,v53084978
2014,69.90,"Quebec",9.23.14,v53084978
2015,68.56,"Quebec",9.23.14,v53084978
1998,0.00,"Saguenay, Quebec",10.23.14,v53084157
1999,0.00,"Saguenay, Quebec",10.23.14,v53084157
2000,0.00,"Saguenay, Quebec",10.23.14,v53084157
2001,0.00,"Saguenay, Quebec",10.23.14,v53084157
2002,0.00,"Saguenay, Quebec",10.23.14,v53084157
2003,0.00,"Saguenay, Quebec",10.23.14,v53084157
2004,43.39,"Saguenay, Quebec",10.23.14,v53084157
2005,26.05,"Saguenay, Quebec",10.23.14,v53084157
2006,87.76,"Saguenay, Quebec",10.23.14,v53084157
2007,116.70,"Saguenay, Quebec",10.23.14,v53084157
2008,83.12,"Saguenay, Quebec",10.23.14,v53084157
2009,57.56,"Saguenay, Quebec",10.23.14,v53084157
2010,70.81,"Saguenay, Quebec",10.23.14,v53084157
2011,123.13,"Saguenay, Quebec",10.23.14,v53084157
2012,89.91,"Saguenay, Quebec",10.23.14,v53084157
2013,83.39,"Saguenay, Quebec",10.23.14,v53084157
2014,107.69,"Saguenay, Quebec",10.23.14,v53084157
2015,146.69,"Saguenay, Quebec",10.23.14,v53084157
1998,0.00,"Quebec, Quebec",11.23.14,v53086453
1999,0.00,"Quebec, Quebec",11.23.14,v53086453
2000,0.00,"Quebec, Quebec",11.23.14,v53086453
2001,0.00,"Quebec, Quebec",11.23.14,v53086453
2002,0.00,"Quebec, Quebec",11.23.14,v53086453
2003,0.00,"Quebec, Quebec",11.23.14,v53086453
2004,44.63,"Quebec, Quebec",11.23.14,v53086453
2005,53.72,"Quebec, Quebec",11.23.14,v53086453
2006,13.62,"Quebec, Quebec",11.23.14,v53086453
2007,19.20,"Quebec, Quebec",11.23.14,v53086453
2008,17.40,"Quebec, Quebec",11.23.14,v53086453
2009,107.80,"Quebec, Quebec",11.23.14,v53086453
2010,60.02,"Quebec, Quebec",11.23.14,v53086453
2011,190.95,"Quebec, Quebec",11.23.14,v53086453
2012,93.60,"Quebec, Quebec",11.23.14,v53086453
2013,48.44,"Quebec, Quebec",11.23.14,v53086453
2014,57.04,"Quebec, Quebec",11.23.14,v53086453
2015,38.10,"Quebec, Quebec",11.23.14,v53086453
1998,0.00,"Sherbrooke, Quebec",12.23.14,v53086611
1999,0.00,"Sherbrooke, Quebec",12.23.14,v53086611
2000,0.00,"Sherbrooke, Quebec",12.23.14,v53086611
2001,0.00,"Sherbrooke, Quebec",12.23.14,v53086611
2002,0.00,"Sherbrooke, Quebec",12.23.14,v53086611
2003,0.00,"Sherbrooke, Quebec",12.23.14,v53086611
2004,54.29,"Sherbrooke, Quebec",12.23.14,v53086611
2005,26.96,"Sherbrooke, Quebec",12.23.14,v53086611
2006,65.90,"Sherbrooke, Quebec",12.23.14,v53086611
2007,51.15,"Sherbrooke, Quebec",12.23.14,v53086611
2008,87.99,"Sherbrooke, Quebec",12.23.14,v53086611
2009,52.92,"Sherbrooke, Quebec",12.23.14,v53086611
2010,86.16,"Sherbrooke, Quebec",12.23.14,v53086611
2011,71.93,"Sherbrooke, Quebec",12.23.14,v53086611
2012,57.25,"Sherbrooke, Quebec",12.23.14,v53086611
2013,83.77,"Sherbrooke, Quebec",12.23.14,v53086611
2014,17.21,"Sherbrooke, Quebec",12.23.14,v53086611
2015,51.68,"Sherbrooke, Quebec",12.23.14,v53086611
1998,0.00,"Montreal, Quebec",14.23.14,v53085386
1999,0.00,"Montreal, Quebec",14.23.14,v53085386
2000,0.00,"Montreal, Quebec",14.23.14,v53085386
2001,0.00,"Montreal, Quebec",14.23.14,v53085386
2002,0.00,"Montreal, Quebec",14.23.14,v53085386
2003,0.00,"Montreal, Quebec",14.23.14,v53085386
2004,123.80,"Montreal, Quebec",14.23.14,v53085386
2005,119.36,"Montreal, Quebec",14.23.14,v53085386
2006,106.77,"Montreal, Quebec",14.23.14,v53085386
2007,124.81,"Montreal, Quebec",14.23.14,v53085386
2008,105.99,"Montreal, Quebec",14.23.14,v53085386
2009,122.51,"Montreal, Quebec",14.23.14,v53085386
2010,109.72,"Montreal, Quebec",14.23.14,v53085386
2011,108.29,"Montreal, Quebec",14.23.14,v53085386
2012,90.61,"Montreal, Quebec",14.23.14,v53085386
2013,69.65,"Montreal, Quebec",14.23.14,v53085386
2014,63.66,"Montreal, Quebec",14.23.14,v53085386
2015,60.74,"Montreal, Quebec",14.23.14,v53085386
1998,0.00,"Ottawa-Gatineau, Quebec part",15.23.14,v53085527
1999,0.00,"Ottawa-Gatineau, Quebec part",15.23.14,v53085527
2000,0.00,"Ottawa-Gatineau, Quebec part",15.23.14,v53085527
2001,0.00,"Ottawa-Gatineau, Quebec part",15.23.14,v53085527
2002,0.00,"Ottawa-Gatineau, Quebec part",15.23.14,v53085527
2003,0.00,"Ottawa-Gatineau, Quebec part",15.23.14,v53085527
2004,113.99,"Ottawa-Gatineau, Quebec part",15.23.14,v53085527
2005,134.68,"Ottawa-Gatineau, Quebec part",15.23.14,v53085527
2006,95.69,"Ottawa-Gatineau, Quebec part",15.23.14,v53085527
2007,79.24,"Ottawa-Gatineau, Quebec part",15.23.14,v53085527
2008,92.46,"Ottawa-Gatineau, Quebec part",15.23.14,v53085527
2009,82.28,"Ottawa-Gatineau, Quebec part",15.23.14,v53085527
2010,118.91,"Ottawa-Gatineau, Quebec part",15.23.14,v53085527
2011,100.02,"Ottawa-Gatineau, Quebec part",15.23.14,v53085527
2012,49.31,"Ottawa-Gatineau, Quebec part",15.23.14,v53085527
2013,73.81,"Ottawa-Gatineau, Quebec part",15.23.14,v53085527
2014,70.84,"Ottawa-Gatineau, Quebec part",15.23.14,v53085527
2015,67.13,"Ottawa-Gatineau, Quebec part",15.23.14,v53085527
1998,31.10,"Ontario",16.23.14,v53089591
1999,33.20,"Ontario",16.23.14,v53089591
2000,35.87,"Ontario",16.23.14,v53089591
2001,28.68,"Ontario",16.23.14,v53089591
2002,28.72,"Ontario",16.23.14,v53089591
2003,45.18,"Ontario",16.23.14,v53089591
2004,55.88,"Ontario",16.23.14,v53089591
2005,52.69,"Ontario",16.23.14,v53089591
2006,57.32,"Ontario",16.23.14,v53089591
2007,56.77,"Ontario",16.23.14,v53089591
2008,47.39,"Ontario",16.23.14,v53089591
2009,47.28,"Ontario",16.23.14,v53089591
2010,42.75,"Ontario",16.23.14,v53089591
2011,40.69,"Ontario",16.23.14,v53089591
2012,39.99,"Ontario",16.23.14,v53089591
2013,29.72,"Ontario",16.23.14,v53089591
2014,27.83,"Ontario",16.23.14,v53089591
2015,29.42,"Ontario",16.23.14,v53089591
1998,0.00,"Ottawa-Gatineau, Ontario/Quebec",17.23.14,v53081150
1999,0.00,"Ottawa-Gatineau, Ontario/Quebec",17.23.14,v53081150
2000,0.00,"Ottawa-Gatineau, Ontario/Quebec",17.23.14,v53081150
2001,0.00,"Ottawa-Gatineau, Ontario/Quebec",17.23.14,v53081150
2002,0.00,"Ottawa-Gatineau, Ontario/Quebec",17.23.14,v53081150
2003,0.00,"Ottawa-Gatineau, Ontario/Quebec",17.23.14,v53081150
2004,120.67,"Ottawa-Gatineau, Ontario/Quebec",17.23.14,v53081150
2005,77.50,"Ottawa-Gatineau, Ontario/Quebec",17.23.14,v53081150
2006,83.38,"Ottawa-Gatineau, Ontario/Quebec",17.23.14,v53081150
2007,74.24,"Ottawa-Gatineau, Ontario/Quebec",17.23.14,v53081150
2008,61.77,"Ottawa-Gatineau, Ontario/Quebec",17.23.14,v53081150
2009,58.48,"Ottawa-Gatineau, Ontario/Quebec",17.23.14,v53081150
2010,60.82,"Ottawa-Gatineau, Ontario/Quebec",17.23.14,v53081150
2011,44.36,"Ottawa-Gatineau, Ontario/Quebec",17.23.14,v53081150
2012,34.20,"Ottawa-Gatineau, Ontario/Quebec",17.23.14,v53081150
2013,41.77,"Ottawa-Gatineau, Ontario/Quebec",17.23.14,v53081150
2014,33.34,"Ottawa-Gatineau, Ontario/Quebec",17.23.14,v53081150
2015,34.79,"Ottawa-Gatineau, Ontario/Quebec",17.23.14,v53081150
1998,0.00,"Ottawa-Gatineau, Ontario part",18.23.14,v53089887
1999,0.00,"Ottawa-Gatineau, Ontario part",18.23.14,v53089887
2000,0.00,"Ottawa-Gatineau, Ontario part",18.23.14,v53089887
2001,0.00,"Ottawa-Gatineau, Ontario part",18.23.14,v53089887
2002,0.00,"Ottawa-Gatineau, Ontario part",18.23.14,v53089887
2003,0.00,"Ottawa-Gatineau, Ontario part",18.23.14,v53089887
2004,122.91,"Ottawa-Gatineau, Ontario part",18.23.14,v53089887
2005,57.77,"Ottawa-Gatineau, Ontario part",18.23.14,v53089887
2006,79.03,"Ottawa-Gatineau, Ontario part",18.23.14,v53089887
2007,72.48,"Ottawa-Gatineau, Ontario part",18.23.14,v53089887
2008,51.21,"Ottawa-Gatineau, Ontario part",18.23.14,v53089887
2009,50.38,"Ottawa-Gatineau, Ontario part",18.23.14,v53089887
2010,41.33,"Ottawa-Gatineau, Ontario part",18.23.14,v53089887
2011,25.92,"Ottawa-Gatineau, Ontario part",18.23.14,v53089887
2012,29.27,"Ottawa-Gatineau, Ontario part",18.23.14,v53089887
2013,31.39,"Ottawa-Gatineau, Ontario part",18.23.14,v53089887
2014,21.27,"Ottawa-Gatineau, Ontario part",18.23.14,v53089887
2015,24.48,"Ottawa-Gatineau, Ontario part",18.23.14,v53089887
2000,..,"Kingston, Ontario",27.23.14,v53090052
2001,0.00,"Kingston, Ontario",27.23.14,v53090052
2002,0.00,"Kingston, Ontario",27.23.14,v53090052
2003,0.00,"Kingston, Ontario",27.23.14,v53090052
2004,41.39,"Kingston, Ontario",27.23.14,v53090052
2005,25.01,"Kingston, Ontario",27.23.14,v53090052
2006,50.30,"Kingston, Ontario",27.23.14,v53090052
2007,115.21,"Kingston, Ontario",27.23.14,v53090052
2008,66.09,"Kingston, Ontario",27.23.14,v53090052
2009,42.55,"Kingston, Ontario",27.23.14,v53090052
2010,8.78,"Kingston, Ontario",27.23.14,v53090052
2011,45.38,"Kingston, Ontario",27.23.14,v53090052
2012,47.01,"Kingston, Ontario",27.23.14,v53090052
2013,19.62,"Kingston, Ontario",27.23.14,v53090052
2014,10.09,"Kingston, Ontario",27.23.14,v53090052
2015,10.30,"Kingston, Ontario",27.23.14,v53090052
2005,..,"Peterborough, Ontario",44.23.14,v53087164
2006,41.48,"Peterborough, Ontario",44.23.14,v53087164
2007,41.81,"Peterborough, Ontario",44.23.14,v53087164
2008,42.81,"Peterborough, Ontario",44.23.14,v53087164
2009,55.27,"Peterborough, Ontario",44.23.14,v53087164
2010,22.93,"Peterborough, Ontario",44.23.14,v53087164
2011,47.56,"Peterborough, Ontario",44.23.14,v53087164
2012,74.77,"Peterborough, Ontario",44.23.14,v53087164
2013,26.05,"Peterborough, Ontario",44.23.14,v53087164
2014,0.00,"Peterborough, Ontario",44.23.14,v53087164
2015,0.00,"Peterborough, Ontario",44.23.14,v53087164
1998,0.00,"Toronto, Ontario",19.23.14,v53092408
1999,0.00,"Toronto, Ontario",19.23.14,v53092408
2000,0.00,"Toronto, Ontario",19.23.14,v53092408
2001,0.00,"Toronto, Ontario",19.23.14,v53092408
2002,0.00,"Toronto, Ontario",19.23.14,v53092408
2003,0.00,"Toronto, Ontario",19.23.14,v53092408
2004,39.09,"Toronto, Ontario",19.23.14,v53092408
2005,47.77,"Toronto, Ontario",19.23.14,v53092408
2006,50.39,"Toronto, Ontario",19.23.14,v53092408
2007,46.98,"Toronto, Ontario",19.23.14,v53092408
2008,35.25,"Toronto, Ontario",19.23.14,v53092408
2009,30.88,"Toronto, Ontario",19.23.14,v53092408
2010,30.86,"Toronto, Ontario",19.23.14,v53092408
2011,29.02,"Toronto, Ontario",19.23.14,v53092408
2012,29.61,"Toronto, Ontario",19.23.14,v53092408
2013,24.19,"Toronto, Ontario",19.23.14,v53092408
2014,19.28,"Toronto, Ontario",19.23.14,v53092408
2015,25.68,"Toronto, Ontario",19.23.14,v53092408
1998,0.00,"Hamilton, Ontario",20.23.14,v53092617
1999,0.00,"Hamilton, Ontario",20.23.14,v53092617
2000,0.00,"Hamilton, Ontario",20.23.14,v53092617
2001,0.00,"Hamilton, Ontario",20.23.14,v53092617
2002,0.00,"Hamilton, Ontario",20.23.14,v53092617
2003,0.00,"Hamilton, Ontario",20.23.14,v53092617
2004,85.78,"Hamilton, Ontario",20.23.14,v53092617
2005,95.36,"Hamilton, Ontario",20.23.14,v53092617
2006,93.06,"Hamilton, Ontario",20.23.14,v53092617
2007,89.07,"Hamilton, Ontario",20.23.14,v53092617
2008,111.15,"Hamilton, Ontario",20.23.14,v53092617
2009,79.66,"Hamilton, Ontario",20.23.14,v53092617
2010,66.46,"Hamilton, Ontario",20.23.14,v53092617
2011,101.94,"Hamilton, Ontario",20.23.14,v53092617
2012,66.69,"Hamilton, Ontario",20.23.14,v53092617
2013,58.61,"Hamilton, Ontario",20.23.14,v53092617
2014,59.29,"Hamilton, Ontario",20.23.14,v53092617
2015,51.94,"Hamilton, Ontario",20.23.14,v53092617
1998,0.00,"St.Catharines-Niagara, Ontario",21.23.14,v53092767
1999,0.00,"St.Catharines-Niagara, Ontario",21.23.14,v53092767
2000,0.00,"St.Catharines-Niagara, Ontario",21.23.14,v53092767
2001,0.00,"St.Catharines-Niagara, Ontario",21.23.14,v53092767
2002,0.00,"St.Catharines-Niagara, Ontario",21.23.14,v53092767
2003,0.00,"St.Catharines-Niagara, Ontario",21.23.14,v53092767
2004,31.08,"St.Catharines-Niagara, Ontario",21.23.14,v53092767
2005,16.92,"St.Catharines-Niagara, Ontario",21.23.14,v53092767
2006,25.24,"St.Catharines-Niagara, Ontario",21.23.14,v53092767
2007,62.79,"St.Catharines-Niagara, Ontario",21.23.14,v53092767
2008,52.34,"St.Catharines-Niagara, Ontario",21.23.14,v53092767
2009,65.39,"St.Catharines-Niagara, Ontario",21.23.14,v53092767
2010,42.75,"St.Catharines-Niagara, Ontario",21.23.14,v53092767
2011,40.17,"St.Catharines-Niagara, Ontario",21.23.14,v53092767
2012,70.05,"St.Catharines-Niagara, Ontario",21.23.14,v53092767
2013,39.44,"St.Catharines-Niagara, Ontario",21.23.14,v53092767
2014,40.76,"St.Catharines-Niagara, Ontario",21.23.14,v53092767
2015,27.68,"St.Catharines-Niagara, Ontario",21.23.14,v53092767
1998,0.00,"Kitchener-Cambridge-Waterloo, Ontario",22.23.14,v53092928
1999,0.00,"Kitchener-Cambridge-Waterloo, Ontario",22.23.14,v53092928
2000,0.00,"Kitchener-Cambridge-Waterloo, Ontario",22.23.14,v53092928
2001,0.00,"Kitchener-Cambridge-Waterloo, Ontario",22.23.14,v53092928
2002,0.00,"Kitchener-Cambridge-Waterloo, Ontario",22.23.14,v53092928
2003,0.00,"Kitchener-Cambridge-Waterloo, Ontario",22.23.14,v53092928
2004,76.00,"Kitchener-Cambridge-Waterloo, Ontario",22.23.14,v53092928
2005,71.17,"Kitchener-Cambridge-Waterloo, Ontario",22.23.14,v53092928
2006,92.24,"Kitchener-Cambridge-Waterloo, Ontario",22.23.14,v53092928
2007,55.75,"Kitchener-Cambridge-Waterloo, Ontario",22.23.14,v53092928
2008,46.13,"Kitchener-Cambridge-Waterloo, Ontario",22.23.14,v53092928
2009,76.21,"Kitchener-Cambridge-Waterloo, Ontario",22.23.14,v53092928
2010,86.87,"Kitchener-Cambridge-Waterloo, Ontario",22.23.14,v53092928
2011,61.96,"Kitchener-Cambridge-Waterloo, Ontario",22.23.14,v53092928
2012,80.11,"Kitchener-Cambridge-Waterloo, Ontario",22.23.14,v53092928
2013,43.56,"Kitchener-Cambridge-Waterloo, Ontario",22.23.14,v53092928
2014,49.55,"Kitchener-Cambridge-Waterloo, Ontario",22.23.14,v53092928
2015,55.36,"Kitchener-Cambridge-Waterloo, Ontario",22.23.14,v53092928
2005,..,"Brantford, Ontario",45.23.14,v53087644
2006,85.97,"Brantford, Ontario",45.23.14,v53087644
2007,34.09,"Brantford, Ontario",45.23.14,v53087644
2008,34.36,"Brantford, Ontario",45.23.14,v53087644
2009,43.11,"Brantford, Ontario",45.23.14,v53087644
2010,35.54,"Brantford, Ontario",45.23.14,v53087644
2011,116.69,"Brantford, Ontario",45.23.14,v53087644
2012,0.00,"Brantford, Ontario",45.23.14,v53087644
2013,37.22,"Brantford, Ontario",45.23.14,v53087644
2014,0.00,"Brantford, Ontario",45.23.14,v53087644
2015,47.74,"Brantford, Ontario",45.23.14,v53087644
2005,..,"Guelph, Ontario",46.23.14,v53094867
2006,0.00,"Guelph, Ontario",46.23.14,v53094867
2007,65.06,"Guelph, Ontario",46.23.14,v53094867
2008,64.99,"Guelph, Ontario",46.23.14,v53094867
2009,21.79,"Guelph, Ontario",46.23.14,v53094867
2010,32.99,"Guelph, Ontario",46.23.14,v53094867
2011,65.93,"Guelph, Ontario",46.23.14,v53094867
2012,11.11,"Guelph, Ontario",46.23.14,v53094867
2013,11.32,"Guelph, Ontario",46.23.14,v53094867
2014,23.07,"Guelph, Ontario",46.23.14,v53094867
2015,46.76,"Guelph, Ontario",46.23.14,v53094867
1998,0.00,"London, Ontario",23.23.14,v53094915
1999,0.00,"London, Ontario",23.23.14,v53094915
2000,0.00,"London, Ontario",23.23.14,v53094915
2001,0.00,"London, Ontario",23.23.14,v53094915
2002,0.00,"London, Ontario",23.23.14,v53094915
2003,0.00,"London, Ontario",23.23.14,v53094915
2004,43.63,"London, Ontario",23.23.14,v53094915
2005,40.89,"London, Ontario",23.23.14,v53094915
2006,38.02,"London, Ontario",23.23.14,v53094915
2007,50.66,"London, Ontario",23.23.14,v53094915
2008,43.66,"London, Ontario",23.23.14,v53094915
2009,57.61,"London, Ontario",23.23.14,v53094915
2010,50.74,"London, Ontario",23.23.14,v53094915
2011,51.88,"London, Ontario",23.23.14,v53094915
2012,30.84,"London, Ontario",23.23.14,v53094915
2013,26.09,"London, Ontario",23.23.14,v53094915
2014,26.64,"London, Ontario",23.23.14,v53094915
2015,12.07,"London, Ontario",23.23.14,v53094915
1998,0.00,"Windsor, Ontario",24.23.14,v53087887
1999,0.00,"Windsor, Ontario",24.23.14,v53087887
2000,0.00,"Windsor, Ontario",24.23.14,v53087887
2001,0.00,"Windsor, Ontario",24.23.14,v53087887
2002,0.00,"Windsor, Ontario",24.23.14,v53087887
2003,0.00,"Windsor, Ontario",24.23.14,v53087887
2004,67.32,"Windsor, Ontario",24.23.14,v53087887
2005,81.30,"Windsor, Ontario",24.23.14,v53087887
2006,51.80,"Windsor, Ontario",24.23.14,v53087887
2007,74.56,"Windsor, Ontario",24.23.14,v53087887
2008,15.09,"Windsor, Ontario",24.23.14,v53087887
2009,30.56,"Windsor, Ontario",24.23.14,v53087887
2010,42.01,"Windsor, Ontario",24.23.14,v53087887
2011,26.97,"Windsor, Ontario",24.23.14,v53087887
2012,19.48,"Windsor, Ontario",24.23.14,v53087887
2013,20.01,"Windsor, Ontario",24.23.14,v53087887
2014,20.47,"Windsor, Ontario",24.23.14,v53087887
2015,49.65,"Windsor, Ontario",24.23.14,v53087887
2005,..,"Barrie, Ontario",47.23.14,v53095311
2006,39.51,"Barrie, Ontario",47.23.14,v53095311
2007,28.10,"Barrie, Ontario",47.23.14,v53095311
2008,44.76,"Barrie, Ontario",47.23.14,v53095311
2009,22.34,"Barrie, Ontario",47.23.14,v53095311
2010,16.89,"Barrie, Ontario",47.23.14,v53095311
2011,0.00,"Barrie, Ontario",47.23.14,v53095311
2012,5.85,"Barrie, Ontario",47.23.14,v53095311
2013,30.05,"Barrie, Ontario",47.23.14,v53095311
2014,6.16,"Barrie, Ontario",47.23.14,v53095311
2015,0.00,"Barrie, Ontario",47.23.14,v53095311
1998,0.00,"Sudbury, Ontario",25.23.14,v53095389
1999,0.00,"Sudbury, Ontario",25.23.14,v53095389
2000,0.00,"Sudbury, Ontario",25.23.14,v53095389
2001,0.00,"Sudbury, Ontario",25.23.14,v53095389
2002,0.00,"Sudbury, Ontario",25.23.14,v53095389
2003,0.00,"Sudbury, Ontario",25.23.14,v53095389
2004,46.05,"Sudbury, Ontario",25.23.14,v53095389
2005,53.64,"Sudbury, Ontario",25.23.14,v53095389
2006,68.66,"Sudbury, Ontario",25.23.14,v53095389
2007,61.43,"Sudbury, Ontario",25.23.14,v53095389
2008,54.31,"Sudbury, Ontario",25.23.14,v53095389
2009,63.30,"Sudbury, Ontario",25.23.14,v53095389
2010,98.12,"Sudbury, Ontario",25.23.14,v53095389
2011,33.65,"Sudbury, Ontario",25.23.14,v53095389
2012,78.32,"Sudbury, Ontario",25.23.14,v53095389
2013,9.01,"Sudbury, Ontario",25.23.14,v53095389
2014,28.18,"Sudbury, Ontario",25.23.14,v53095389
2015,38.82,"Sudbury, Ontario",25.23.14,v53095389
1998,0.00,"Thunder Bay, Ontario",26.23.14,v53090210
1999,0.00,"Thunder Bay, Ontario",26.23.14,v53090210
2000,0.00,"Thunder Bay, Ontario",26.23.14,v53090210
2001,0.00,"Thunder Bay, Ontario",26.23.14,v53090210
2002,0.00,"Thunder Bay, Ontario",26.23.14,v53090210
2003,0.00,"Thunder Bay, Ontario",26.23.14,v53090210
2004,39.40,"Thunder Bay, Ontario",26.23.14,v53090210
2005,88.37,"Thunder Bay, Ontario",26.23.14,v53090210
2006,89.31,"Thunder Bay, Ontario",26.23.14,v53090210
2007,50.58,"Thunder Bay, Ontario",26.23.14,v53090210
2008,43.96,"Thunder Bay, Ontario",26.23.14,v53090210
2009,44.91,"Thunder Bay, Ontario",26.23.14,v53090210
2010,47.19,"Thunder Bay, Ontario",26.23.14,v53090210
2011,47.97,"Thunder Bay, Ontario",26.23.14,v53090210
2012,74.53,"Thunder Bay, Ontario",26.23.14,v53090210
2013,50.95,"Thunder Bay, Ontario",26.23.14,v53090210
2014,171.62,"Thunder Bay, Ontario",26.23.14,v53090210
2015,0.00,"Thunder Bay, Ontario",26.23.14,v53090210
1998,18.42,"Manitoba",28.23.14,v53095737
1999,17.24,"Manitoba",28.23.14,v53095737
2000,51.58,"Manitoba",28.23.14,v53095737
2001,104.55,"Manitoba",28.23.14,v53095737
2002,117.27,"Manitoba",28.23.14,v53095737
2003,165.08,"Manitoba",28.23.14,v53095737
2004,158.05,"Manitoba",28.23.14,v53095737
2005,189.54,"Manitoba",28.23.14,v53095737
2006,243.63,"Manitoba",28.23.14,v53095737
2007,275.96,"Manitoba",28.23.14,v53095737
2008,269.90,"Manitoba",28.23.14,v53095737
2009,218.50,"Manitoba",28.23.14,v53095737
2010,216.12,"Manitoba",28.23.14,v53095737
2011,170.11,"Manitoba",28.23.14,v53095737
2012,178.88,"Manitoba",28.23.14,v53095737
2013,149.07,"Manitoba",28.23.14,v53095737
2014,147.49,"Manitoba",28.23.14,v53095737
2015,155.46,"Manitoba",28.23.14,v53095737
1998,0.00,"Winnipeg, Manitoba",29.23.14,v53095968
1999,0.00,"Winnipeg, Manitoba",29.23.14,v53095968
2000,0.00,"Winnipeg, Manitoba",29.23.14,v53095968
2001,0.00,"Winnipeg, Manitoba",29.23.14,v53095968
2002,0.00,"Winnipeg, Manitoba",29.23.14,v53095968
2003,0.00,"Winnipeg, Manitoba",29.23.14,v53095968
2004,95.02,"Winnipeg, Manitoba",29.23.14,v53095968
2005,70.60,"Winnipeg, Manitoba",29.23.14,v53095968
2006,70.75,"Winnipeg, Manitoba",29.23.14,v53095968
2007,67.43,"Winnipeg, Manitoba",29.23.14,v53095968
2008,76.36,"Winnipeg, Manitoba",29.23.14,v53095968
2009,63.45,"Winnipeg, Manitoba",29.23.14,v53095968
2010,94.22,"Winnipeg, Manitoba",29.23.14,v53095968
2011,26.86,"Winnipeg, Manitoba",29.23.14,v53095968
2012,52.00,"Winnipeg, Manitoba",29.23.14,v53095968
2013,37.47,"Winnipeg, Manitoba",29.23.14,v53095968
2014,33.73,"Winnipeg, Manitoba",29.23.14,v53095968
2015,60.17,"Winnipeg, Manitoba",29.23.14,v53095968
1998,33.98,"Saskatchewan",30.23.14,v53096132
1999,53.70,"Saskatchewan",30.23.14,v53096132
2000,75.12,"Saskatchewan",30.23.14,v53096132
2001,122.35,"Saskatchewan",30.23.14,v53096132
2002,122.09,"Saskatchewan",30.23.14,v53096132
2003,174.21,"Saskatchewan",30.23.14,v53096132
2004,197.76,"Saskatchewan",30.23.14,v53096132
2005,223.39,"Saskatchewan",30.23.14,v53096132
2006,269.71,"Saskatchewan",30.23.14,v53096132
2007,332.41,"Saskatchewan",30.23.14,v53096132
2008,281.28,"Saskatchewan",30.23.14,v53096132
2009,232.76,"Saskatchewan",30.23.14,v53096132
2010,215.21,"Saskatchewan",30.23.14,v53096132
2011,197.85,"Saskatchewan",30.23.14,v53096132
2012,203.33,"Saskatchewan",30.23.14,v53096132
2013,134.26,"Saskatchewan",30.23.14,v53096132
2014,117.78,"Saskatchewan",30.23.14,v53096132
2015,149.98,"Saskatchewan",30.23.14,v53096132
1998,0.00,"Regina, Saskatchewan",31.23.14,v53096332
1999,0.00,"Regina, Saskatchewan",31.23.14,v53096332
2000,0.00,"Regina, Saskatchewan",31.23.14,v53096332
2001,0.00,"Regina, Saskatchewan",31.23.14,v53096332
2002,0.00,"Regina, Saskatchewan",31.23.14,v53096332
2003,0.00,"Regina, Saskatchewan",31.23.14,v53096332
2004,33.64,"Regina, Saskatchewan",31.23.14,v53096332
2005,68.87,"Regina, Saskatchewan",31.23.14,v53096332
2006,104.60,"Regina, Saskatchewan",31.23.14,v53096332
2007,159.31,"Regina, Saskatchewan",31.23.14,v53096332
2008,120.71,"Regina, Saskatchewan",31.23.14,v53096332
2009,55.12,"Regina, Saskatchewan",31.23.14,v53096332
2010,105.51,"Regina, Saskatchewan",31.23.14,v53096332
2011,37.83,"Regina, Saskatchewan",31.23.14,v53096332
2012,69.29,"Regina, Saskatchewan",31.23.14,v53096332
2013,88.88,"Regina, Saskatchewan",31.23.14,v53096332
2014,37.91,"Regina, Saskatchewan",31.23.14,v53096332
2015,31.46,"Regina, Saskatchewan",31.23.14,v53096332
1998,0.00,"Saskatoon, Saskatchewan",32.23.14,v53090686
1999,0.00,"Saskatoon, Saskatchewan",32.23.14,v53090686
2000,0.00,"Saskatoon, Saskatchewan",32.23.14,v53090686
2001,0.00,"Saskatoon, Saskatchewan",32.23.14,v53090686
2002,0.00,"Saskatoon, Saskatchewan",32.23.14,v53090686
2003,0.00,"Saskatoon, Saskatchewan",32.23.14,v53090686
2004,77.78,"Saskatoon, Saskatchewan",32.23.14,v53090686
2005,51.18,"Saskatoon, Saskatchewan",32.23.14,v53090686
2006,70.85,"Saskatoon, Saskatchewan",32.23.14,v53090686
2007,79.92,"Saskatoon, Saskatchewan",32.23.14,v53090686
2008,57.25,"Saskatoon, Saskatchewan",32.23.14,v53090686
2009,38.70,"Saskatoon, Saskatchewan",32.23.14,v53090686
2010,34.43,"Saskatoon, Saskatchewan",32.23.14,v53090686
2011,19.91,"Saskatoon, Saskatchewan",32.23.14,v53090686
2012,69.08,"Saskatoon, Saskatchewan",32.23.14,v53090686
2013,39.58,"Saskatoon, Saskatchewan",32.23.14,v53090686
2014,19.69,"Saskatoon, Saskatchewan",32.23.14,v53090686
2015,54.14,"Saskatoon, Saskatchewan",32.23.14,v53090686
1998,24.56,"Alberta",33.23.14,v53091654
1999,29.52,"Alberta",33.23.14,v53091654
2000,59.50,"Alberta",33.23.14,v53091654
2001,60.23,"Alberta",33.23.14,v53091654
2002,57.80,"Alberta",33.23.14,v53091654
2003,84.79,"Alberta",33.23.14,v53091654
2004,71.52,"Alberta",33.23.14,v53091654
2005,71.90,"Alberta",33.23.14,v53091654
2006,121.21,"Alberta",33.23.14,v53091654
2007,103.16,"Alberta",33.23.14,v53091654
2008,110.08,"Alberta",33.23.14,v53091654
2009,105.37,"Alberta",33.23.14,v53091654
2010,80.24,"Alberta",33.23.14,v53091654
2011,65.43,"Alberta",33.23.14,v53091654
2012,65.61,"Alberta",33.23.14,v53091654
2013,64.66,"Alberta",33.23.14,v53091654
2014,51.96,"Alberta",33.23.14,v53091654
2015,59.58,"Alberta",33.23.14,v53091654
1998,0.00,"Calgary, Alberta",34.23.14,v53091812
1999,0.00,"Calgary, Alberta",34.23.14,v53091812
2000,0.00,"Calgary, Alberta",34.23.14,v53091812
2001,0.00,"Calgary, Alberta",34.23.14,v53091812
2002,0.00,"Calgary, Alberta",34.23.14,v53091812
2003,0.00,"Calgary, Alberta",34.23.14,v53091812
2004,70.56,"Calgary, Alberta",34.23.14,v53091812
2005,66.64,"Calgary, Alberta",34.23.14,v53091812
2006,81.66,"Calgary, Alberta",34.23.14,v53091812
2007,64.52,"Calgary, Alberta",34.23.14,v53091812
2008,54.44,"Calgary, Alberta",34.23.14,v53091812
2009,34.99,"Calgary, Alberta",34.23.14,v53091812
2010,49.41,"Calgary, Alberta",34.23.14,v53091812
2011,36.88,"Calgary, Alberta",34.23.14,v53091812
2012,31.08,"Calgary, Alberta",34.23.14,v53091812
2013,41.57,"Calgary, Alberta",34.23.14,v53091812
2014,32.72,"Calgary, Alberta",34.23.14,v53091812
2015,33.46,"Calgary, Alberta",34.23.14,v53091812
1998,0.00,"Edmonton, Alberta",35.23.14,v53097260
1999,0.00,"Edmonton, Alberta",35.23.14,v53097260
2000,0.00,"Edmonton, Alberta",35.23.14,v53097260
2001,0.00,"Edmonton, Alberta",35.23.14,v53097260
2002,0.00,"Edmonton, Alberta",35.23.14,v53097260
2003,0.00,"Edmonton, Alberta",35.23.14,v53097260
2004,37.04,"Edmonton, Alberta",35.23.14,v53097260
2005,32.27,"Edmonton, Alberta",35.23.14,v53097260
2006,87.75,"Edmonton, Alberta",35.23.14,v53097260
2007,69.37,"Edmonton, Alberta",35.23.14,v53097260
2008,86.90,"Edmonton, Alberta",35.23.14,v53097260
2009,67.32,"Edmonton, Alberta",35.23.14,v53097260
2010,30.50,"Edmonton, Alberta",35.23.14,v53097260
2011,30.39,"Edmonton, Alberta",35.23.14,v53097260
2012,28.26,"Edmonton, Alberta",35.23.14,v53097260
2013,23.60,"Edmonton, Alberta",35.23.14,v53097260
2014,21.27,"Edmonton, Alberta",35.23.14,v53097260
2015,31.68,"Edmonton, Alberta",35.23.14,v53097260
1998,57.42,"British Columbia",36.23.14,v53097481
1999,60.38,"British Columbia",36.23.14,v53097481
2000,66.28,"British Columbia",36.23.14,v53097481
2001,74.29,"British Columbia",36.23.14,v53097481
2002,77.69,"British Columbia",36.23.14,v53097481
2003,83.72,"British Columbia",36.23.14,v53097481
2004,88.06,"British Columbia",36.23.14,v53097481
2005,98.14,"British Columbia",36.23.14,v53097481
2006,115.60,"British Columbia",36.23.14,v53097481
2007,107.67,"British Columbia",36.23.14,v53097481
2008,79.39,"British Columbia",36.23.14,v53097481
2009,73.15,"British Columbia",36.23.14,v53097481
2010,67.59,"British Columbia",36.23.14,v53097481
2011,70.41,"British Columbia",36.23.14,v53097481
2012,63.22,"British Columbia",36.23.14,v53097481
2013,48.17,"British Columbia",36.23.14,v53097481
2014,41.70,"British Columbia",36.23.14,v53097481
2015,36.62,"British Columbia",36.23.14,v53097481
2005,..,"Kelowna, British Columbia",48.23.14,v53097758
2006,39.12,"Kelowna, British Columbia",48.23.14,v53097758
2007,132.72,"Kelowna, British Columbia",48.23.14,v53097758
2008,156.16,"Kelowna, British Columbia",48.23.14,v53097758
2009,78.64,"Kelowna, British Columbia",48.23.14,v53097758
2010,142.53,"Kelowna, British Columbia",48.23.14,v53097758
2011,127.38,"Kelowna, British Columbia",48.23.14,v53097758
2012,97.96,"Kelowna, British Columbia",48.23.14,v53097758
2013,41.96,"Kelowna, British Columbia",48.23.14,v53097758
2014,68.35,"Kelowna, British Columbia",48.23.14,v53097758
2015,33.74,"Kelowna, British Columbia",48.23.14,v53097758
2000,..,"Abbotsford-Mission, British Columbia",39.23.14,v53097899
2001,0.00,"Abbotsford-Mission, British Columbia",39.23.14,v53097899
2002,0.00,"Abbotsford-Mission, British Columbia",39.23.14,v53097899
2003,0.00,"Abbotsford-Mission, British Columbia",39.23.14,v53097899
2004,28.15,"Abbotsford-Mission, British Columbia",39.23.14,v53097899
2005,62.73,"Abbotsford-Mission, British Columbia",39.23.14,v53097899
2006,172.40,"Abbotsford-Mission, British Columbia",39.23.14,v53097899
2007,172.24,"Abbotsford-Mission, British Columbia",39.23.14,v53097899
2008,55.16,"Abbotsford-Mission, British Columbia",39.23.14,v53097899
2009,96.36,"Abbotsford-Mission, British Columbia",39.23.14,v53097899
2010,34.69,"Abbotsford-Mission, British Columbia",39.23.14,v53097899
2011,35.12,"Abbotsford-Mission, British Columbia",39.23.14,v53097899
2012,42.56,"Abbotsford-Mission, British Columbia",39.23.14,v53097899
2013,14.50,"Abbotsford-Mission, British Columbia",39.23.14,v53097899
2014,7.32,"Abbotsford-Mission, British Columbia",39.23.14,v53097899
2015,36.30,"Abbotsford-Mission, British Columbia",39.23.14,v53097899
1998,0.00,"Vancouver, British Columbia",37.23.14,v53093490
1999,0.00,"Vancouver, British Columbia",37.23.14,v53093490
2000,0.00,"Vancouver, British Columbia",37.23.14,v53093490
2001,0.00,"Vancouver, British Columbia",37.23.14,v53093490
2002,0.00,"Vancouver, British Columbia",37.23.14,v53093490
2003,0.00,"Vancouver, British Columbia",37.23.14,v53093490
2004,88.41,"Vancouver, British Columbia",37.23.14,v53093490
2005,96.97,"Vancouver, British Columbia",37.23.14,v53093490
2006,101.76,"Vancouver, British Columbia",37.23.14,v53093490
2007,103.25,"Vancouver, British Columbia",37.23.14,v53093490
2008,65.41,"Vancouver, British Columbia",37.23.14,v53093490
2009,61.78,"Vancouver, British Columbia",37.23.14,v53093490
2010,57.67,"Vancouver, British Columbia",37.23.14,v53093490
2011,60.02,"Vancouver, British Columbia",37.23.14,v53093490
2012,58.75,"Vancouver, British Columbia",37.23.14,v53093490
2013,47.92,"Vancouver, British Columbia",37.23.14,v53093490
2014,32.28,"Vancouver, British Columbia",37.23.14,v53093490
2015,32.43,"Vancouver, British Columbia",37.23.14,v53093490
1998,0.00,"Victoria, British Columbia",38.23.14,v53093596
1999,0.00,"Victoria, British Columbia",38.23.14,v53093596
2000,0.00,"Victoria, British Columbia",38.23.14,v53093596
2001,0.00,"Victoria, British Columbia",38.23.14,v53093596
2002,0.00,"Victoria, British Columbia",38.23.14,v53093596
2003,0.00,"Victoria, British Columbia",38.23.14,v53093596
2004,109.34,"Victoria, British Columbia",38.23.14,v53093596
2005,87.00,"Victoria, British Columbia",38.23.14,v53093596
2006,69.63,"Victoria, British Columbia",38.23.14,v53093596
2007,84.93,"Victoria, British Columbia",38.23.14,v53093596
2008,50.19,"Victoria, British Columbia",38.23.14,v53093596
2009,96.93,"Victoria, British Columbia",38.23.14,v53093596
2010,51.53,"Victoria, British Columbia",38.23.14,v53093596
2011,52.14,"Victoria, British Columbia",38.23.14,v53093596
2012,48.73,"Victoria, British Columbia",38.23.14,v53093596
2013,30.03,"Victoria, British Columbia",38.23.14,v53093596
2014,20.44,"Victoria, British Columbia",38.23.14,v53093596
2015,5.16,"Victoria, British Columbia",38.23.14,v53093596
1998,67.18,"Yukon",40.23.14,v53094362
1999,167.28,"Yukon",40.23.14,v53094362
2000,135.50,"Yukon",40.23.14,v53094362
2001,243.73,"Yukon",40.23.14,v53094362
2002,533.24,"Yukon",40.23.14,v53094362
2003,421.94,"Yukon",40.23.14,v53094362
2004,69.95,"Yukon",40.23.14,v53094362
2005,382.61,"Yukon",40.23.14,v53094362
2006,500.89,"Yukon",40.23.14,v53094362
2007,291.12,"Yukon",40.23.14,v53094362
2008,222.30,"Yukon",40.23.14,v53094362
2009,421.62,"Yukon",40.23.14,v53094362
2010,194.33,"Yukon",40.23.14,v53094362
2011,159.11,"Yukon",40.23.14,v53094362
2012,316.71,"Yukon",40.23.14,v53094362
2013,242.13,"Yukon",40.23.14,v53094362
2014,362.03,"Yukon",40.23.14,v53094362
2015,203.17,"Yukon",40.23.14,v53094362
1998,28.31,"Northwest Territories",41.23.14,v53098626
1999,0.00,"Northwest Territories",41.23.14,v53098626
2000,0.00,"Northwest Territories",41.23.14,v53098626
2001,197.78,"Northwest Territories",41.23.14,v53098626
2002,290.00,"Northwest Territories",41.23.14,v53098626
2003,369.94,"Northwest Territories",41.23.14,v53098626
2004,449.03,"Northwest Territories",41.23.14,v53098626
2005,445.04,"Northwest Territories",41.23.14,v53098626
2006,656.70,"Northwest Territories",41.23.14,v53098626
2007,732.60,"Northwest Territories",41.23.14,v53098626
2008,719.09,"Northwest Territories",41.23.14,v53098626
2009,649.35,"Northwest Territories",41.23.14,v53098626
2010,525.79,"Northwest Territories",41.23.14,v53098626
2011,441.56,"Northwest Territories",41.23.14,v53098626
2012,526.46,"Northwest Territories",41.23.14,v53098626
2013,495.05,"Northwest Territories",41.23.14,v53098626
2014,503.78,"Northwest Territories",41.23.14,v53098626
2015,232.25,"Northwest Territories",41.23.14,v53098626
1998,..,"Nunavut",42.23.14,v53093876
1999,0.00,"Nunavut",42.23.14,v53093876
2000,29.46,"Nunavut",42.23.14,v53093876
2001,140.06,"Nunavut",42.23.14,v53093876
2002,241.74,"Nunavut",42.23.14,v53093876
2003,311.93,"Nunavut",42.23.14,v53093876
2004,433.23,"Nunavut",42.23.14,v53093876
2005,303.64,"Nunavut",42.23.14,v53093876
2006,323.06,"Nunavut",42.23.14,v53093876
2007,467.75,"Nunavut",42.23.14,v53093876
2008,369.19,"Nunavut",42.23.14,v53093876
2009,523.82,"Nunavut",42.23.14,v53093876
2010,377.74,"Nunavut",42.23.14,v53093876
2011,486.56,"Nunavut",42.23.14,v53093876
2012,260.35,"Nunavut",42.23.14,v53093876
2013,524.25,"Nunavut",42.23.14,v53093876
2014,401.39,"Nunavut",42.23.14,v53093876
2015,421.16,"Nunavut",42.23.14,v53093876
