1998,23893.00,"Canada",1.23.7,v44357701
1999,23882.00,"Canada",1.23.7,v44357701
2000,25883.00,"Canada",1.23.7,v44357701
2001,27805.00,"Canada",1.23.7,v44357701
2002,27834.00,"Canada",1.23.7,v44357701
2003,27956.00,"Canada",1.23.7,v44357701
2004,27972.00,"Canada",1.23.7,v44357701
2005,28671.00,"Canada",1.23.7,v44357701
2006,29932.00,"Canada",1.23.7,v44357701
2007,30019.00,"Canada",1.23.7,v44357701
2008,29859.00,"Canada",1.23.7,v44357701
2009,29548.00,"Canada",1.23.7,v44357701
2010,28807.00,"Canada",1.23.7,v44357701
2011,28536.00,"Canada",1.23.7,v44357701
2012,28525.00,"Canada",1.23.7,v44357701
2013,26639.00,"Canada",1.23.7,v44357701
2014,26144.00,"Canada",1.23.7,v44357701
2015,27050.00,"Canada",1.23.7,v44357701
1998,297.00,"Newfoundland and Labrador",2.23.7,v44339449
1999,378.00,"Newfoundland and Labrador",2.23.7,v44339449
2000,386.00,"Newfoundland and Labrador",2.23.7,v44339449
2001,411.00,"Newfoundland and Labrador",2.23.7,v44339449
2002,409.00,"Newfoundland and Labrador",2.23.7,v44339449
2003,427.00,"Newfoundland and Labrador",2.23.7,v44339449
2004,401.00,"Newfoundland and Labrador",2.23.7,v44339449
2005,365.00,"Newfoundland and Labrador",2.23.7,v44339449
2006,389.00,"Newfoundland and Labrador",2.23.7,v44339449
2007,404.00,"Newfoundland and Labrador",2.23.7,v44339449
2008,434.00,"Newfoundland and Labrador",2.23.7,v44339449
2009,414.00,"Newfoundland and Labrador",2.23.7,v44339449
2010,354.00,"Newfoundland and Labrador",2.23.7,v44339449
2011,402.00,"Newfoundland and Labrador",2.23.7,v44339449
2012,449.00,"Newfoundland and Labrador",2.23.7,v44339449
2013,439.00,"Newfoundland and Labrador",2.23.7,v44339449
2014,423.00,"Newfoundland and Labrador",2.23.7,v44339449
2015,369.00,"Newfoundland and Labrador",2.23.7,v44339449
1998,128.00,"St. John's, Newfoundland and Labrador",3.23.7,v44335584
1999,139.00,"St. John's, Newfoundland and Labrador",3.23.7,v44335584
2000,134.00,"St. John's, Newfoundland and Labrador",3.23.7,v44335584
2001,143.00,"St. John's, Newfoundland and Labrador",3.23.7,v44335584
2002,152.00,"St. John's, Newfoundland and Labrador",3.23.7,v44335584
2003,146.00,"St. John's, Newfoundland and Labrador",3.23.7,v44335584
2004,123.00,"St. John's, Newfoundland and Labrador",3.23.7,v44335584
2005,160.00,"St. John's, Newfoundland and Labrador",3.23.7,v44335584
2006,125.00,"St. John's, Newfoundland and Labrador",3.23.7,v44335584
2007,127.00,"St. John's, Newfoundland and Labrador",3.23.7,v44335584
2008,160.00,"St. John's, Newfoundland and Labrador",3.23.7,v44335584
2009,130.00,"St. John's, Newfoundland and Labrador",3.23.7,v44335584
2010,138.00,"St. John's, Newfoundland and Labrador",3.23.7,v44335584
2011,118.00,"St. John's, Newfoundland and Labrador",3.23.7,v44335584
2012,156.00,"St. John's, Newfoundland and Labrador",3.23.7,v44335584
2013,159.00,"St. John's, Newfoundland and Labrador",3.23.7,v44335584
2014,145.00,"St. John's, Newfoundland and Labrador",3.23.7,v44335584
2015,113.00,"St. John's, Newfoundland and Labrador",3.23.7,v44335584
1998,44.00,"Prince Edward Island",4.23.7,v44366924
1999,27.00,"Prince Edward Island",4.23.7,v44366924
2000,44.00,"Prince Edward Island",4.23.7,v44366924
2001,68.00,"Prince Edward Island",4.23.7,v44366924
2002,58.00,"Prince Edward Island",4.23.7,v44366924
2003,75.00,"Prince Edward Island",4.23.7,v44366924
2004,69.00,"Prince Edward Island",4.23.7,v44366924
2005,67.00,"Prince Edward Island",4.23.7,v44366924
2006,96.00,"Prince Edward Island",4.23.7,v44366924
2007,72.00,"Prince Edward Island",4.23.7,v44366924
2008,61.00,"Prince Edward Island",4.23.7,v44366924
2009,66.00,"Prince Edward Island",4.23.7,v44366924
2010,76.00,"Prince Edward Island",4.23.7,v44366924
2011,73.00,"Prince Edward Island",4.23.7,v44366924
2012,63.00,"Prince Edward Island",4.23.7,v44366924
2013,73.00,"Prince Edward Island",4.23.7,v44366924
2014,71.00,"Prince Edward Island",4.23.7,v44366924
2015,65.00,"Prince Edward Island",4.23.7,v44366924
1998,536.00,"Nova Scotia",5.23.7,v44372196
1999,546.00,"Nova Scotia",5.23.7,v44372196
2000,506.00,"Nova Scotia",5.23.7,v44372196
2001,614.00,"Nova Scotia",5.23.7,v44372196
2002,645.00,"Nova Scotia",5.23.7,v44372196
2003,818.00,"Nova Scotia",5.23.7,v44372196
2004,800.00,"Nova Scotia",5.23.7,v44372196
2005,819.00,"Nova Scotia",5.23.7,v44372196
2006,877.00,"Nova Scotia",5.23.7,v44372196
2007,913.00,"Nova Scotia",5.23.7,v44372196
2008,936.00,"Nova Scotia",5.23.7,v44372196
2009,894.00,"Nova Scotia",5.23.7,v44372196
2010,707.00,"Nova Scotia",5.23.7,v44372196
2011,829.00,"Nova Scotia",5.23.7,v44372196
2012,842.00,"Nova Scotia",5.23.7,v44372196
2013,726.00,"Nova Scotia",5.23.7,v44372196
2014,721.00,"Nova Scotia",5.23.7,v44372196
2015,707.00,"Nova Scotia",5.23.7,v44372196
1998,335.00,"Halifax, Nova Scotia",6.23.7,v44407848
1999,311.00,"Halifax, Nova Scotia",6.23.7,v44407848
2000,289.00,"Halifax, Nova Scotia",6.23.7,v44407848
2001,318.00,"Halifax, Nova Scotia",6.23.7,v44407848
2002,325.00,"Halifax, Nova Scotia",6.23.7,v44407848
2003,340.00,"Halifax, Nova Scotia",6.23.7,v44407848
2004,361.00,"Halifax, Nova Scotia",6.23.7,v44407848
2005,409.00,"Halifax, Nova Scotia",6.23.7,v44407848
2006,420.00,"Halifax, Nova Scotia",6.23.7,v44407848
2007,419.00,"Halifax, Nova Scotia",6.23.7,v44407848
2008,443.00,"Halifax, Nova Scotia",6.23.7,v44407848
2009,368.00,"Halifax, Nova Scotia",6.23.7,v44407848
2010,338.00,"Halifax, Nova Scotia",6.23.7,v44407848
2011,387.00,"Halifax, Nova Scotia",6.23.7,v44407848
2012,375.00,"Halifax, Nova Scotia",6.23.7,v44407848
2013,309.00,"Halifax, Nova Scotia",6.23.7,v44407848
2014,323.00,"Halifax, Nova Scotia",6.23.7,v44407848
2015,315.00,"Halifax, Nova Scotia",6.23.7,v44407848
1998,362.00,"New Brunswick",7.23.7,v44331954
1999,445.00,"New Brunswick",7.23.7,v44331954
2000,414.00,"New Brunswick",7.23.7,v44331954
2001,374.00,"New Brunswick",7.23.7,v44331954
2002,369.00,"New Brunswick",7.23.7,v44331954
2003,448.00,"New Brunswick",7.23.7,v44331954
2004,414.00,"New Brunswick",7.23.7,v44331954
2005,407.00,"New Brunswick",7.23.7,v44331954
2006,461.00,"New Brunswick",7.23.7,v44331954
2007,484.00,"New Brunswick",7.23.7,v44331954
2008,623.00,"New Brunswick",7.23.7,v44331954
2009,576.00,"New Brunswick",7.23.7,v44331954
2010,554.00,"New Brunswick",7.23.7,v44331954
2011,568.00,"New Brunswick",7.23.7,v44331954
2012,584.00,"New Brunswick",7.23.7,v44331954
2013,447.00,"New Brunswick",7.23.7,v44331954
2014,490.00,"New Brunswick",7.23.7,v44331954
2015,446.00,"New Brunswick",7.23.7,v44331954
2005,..,"Moncton, New Brunswick",43.23.7,v52118569
2006,92.00,"Moncton, New Brunswick",43.23.7,v52118569
2007,93.00,"Moncton, New Brunswick",43.23.7,v52118569
2008,106.00,"Moncton, New Brunswick",43.23.7,v52118569
2009,107.00,"Moncton, New Brunswick",43.23.7,v52118569
2010,81.00,"Moncton, New Brunswick",43.23.7,v52118569
2011,114.00,"Moncton, New Brunswick",43.23.7,v52118569
2012,113.00,"Moncton, New Brunswick",43.23.7,v52118569
2013,73.00,"Moncton, New Brunswick",43.23.7,v52118569
2014,90.00,"Moncton, New Brunswick",43.23.7,v52118569
2015,110.00,"Moncton, New Brunswick",43.23.7,v52118569
1998,52.00,"Saint John, New Brunswick",8.23.7,v44409628
1999,87.00,"Saint John, New Brunswick",8.23.7,v44409628
2000,81.00,"Saint John, New Brunswick",8.23.7,v44409628
2001,49.00,"Saint John, New Brunswick",8.23.7,v44409628
2002,45.00,"Saint John, New Brunswick",8.23.7,v44409628
2003,51.00,"Saint John, New Brunswick",8.23.7,v44409628
2004,52.00,"Saint John, New Brunswick",8.23.7,v44409628
2005,76.00,"Saint John, New Brunswick",8.23.7,v44409628
2006,65.00,"Saint John, New Brunswick",8.23.7,v44409628
2007,59.00,"Saint John, New Brunswick",8.23.7,v44409628
2008,103.00,"Saint John, New Brunswick",8.23.7,v44409628
2009,87.00,"Saint John, New Brunswick",8.23.7,v44409628
2010,87.00,"Saint John, New Brunswick",8.23.7,v44409628
2011,70.00,"Saint John, New Brunswick",8.23.7,v44409628
2012,115.00,"Saint John, New Brunswick",8.23.7,v44409628
2013,70.00,"Saint John, New Brunswick",8.23.7,v44409628
2014,89.00,"Saint John, New Brunswick",8.23.7,v44409628
2015,73.00,"Saint John, New Brunswick",8.23.7,v44409628
1998,3669.00,"Quebec",9.23.7,v44384183
1999,3829.00,"Quebec",9.23.7,v44384183
2000,4071.00,"Quebec",9.23.7,v44384183
2001,4568.00,"Quebec",9.23.7,v44384183
2002,4771.00,"Quebec",9.23.7,v44384183
2003,4877.00,"Quebec",9.23.7,v44384183
2004,5044.00,"Quebec",9.23.7,v44384183
2005,5370.00,"Quebec",9.23.7,v44384183
2006,5470.00,"Quebec",9.23.7,v44384183
2007,5323.00,"Quebec",9.23.7,v44384183
2008,5186.00,"Quebec",9.23.7,v44384183
2009,5425.00,"Quebec",9.23.7,v44384183
2010,5518.00,"Quebec",9.23.7,v44384183
2011,5236.00,"Quebec",9.23.7,v44384183
2012,5233.00,"Quebec",9.23.7,v44384183
2013,4846.00,"Quebec",9.23.7,v44384183
2014,4737.00,"Quebec",9.23.7,v44384183
2015,4727.00,"Quebec",9.23.7,v44384183
1998,71.00,"Saguenay, Quebec",10.23.7,v44404420
1999,49.00,"Saguenay, Quebec",10.23.7,v44404420
2000,72.00,"Saguenay, Quebec",10.23.7,v44404420
2001,52.00,"Saguenay, Quebec",10.23.7,v44404420
2002,57.00,"Saguenay, Quebec",10.23.7,v44404420
2003,55.00,"Saguenay, Quebec",10.23.7,v44404420
2004,75.00,"Saguenay, Quebec",10.23.7,v44404420
2005,54.00,"Saguenay, Quebec",10.23.7,v44404420
2006,73.00,"Saguenay, Quebec",10.23.7,v44404420
2007,116.00,"Saguenay, Quebec",10.23.7,v44404420
2008,82.00,"Saguenay, Quebec",10.23.7,v44404420
2009,112.00,"Saguenay, Quebec",10.23.7,v44404420
2010,105.00,"Saguenay, Quebec",10.23.7,v44404420
2011,103.00,"Saguenay, Quebec",10.23.7,v44404420
2012,129.00,"Saguenay, Quebec",10.23.7,v44404420
2013,108.00,"Saguenay, Quebec",10.23.7,v44404420
2014,111.00,"Saguenay, Quebec",10.23.7,v44404420
2015,122.00,"Saguenay, Quebec",10.23.7,v44404420
1998,36.00,"Sherbrooke, Quebec",12.23.7,v44382209
1999,28.00,"Sherbrooke, Quebec",12.23.7,v44382209
2000,34.00,"Sherbrooke, Quebec",12.23.7,v44382209
2001,37.00,"Sherbrooke, Quebec",12.23.7,v44382209
2002,49.00,"Sherbrooke, Quebec",12.23.7,v44382209
2003,69.00,"Sherbrooke, Quebec",12.23.7,v44382209
2004,47.00,"Sherbrooke, Quebec",12.23.7,v44382209
2005,65.00,"Sherbrooke, Quebec",12.23.7,v44382209
2006,116.00,"Sherbrooke, Quebec",12.23.7,v44382209
2007,73.00,"Sherbrooke, Quebec",12.23.7,v44382209
2008,82.00,"Sherbrooke, Quebec",12.23.7,v44382209
2009,121.00,"Sherbrooke, Quebec",12.23.7,v44382209
2010,103.00,"Sherbrooke, Quebec",12.23.7,v44382209
2011,111.00,"Sherbrooke, Quebec",12.23.7,v44382209
2012,124.00,"Sherbrooke, Quebec",12.23.7,v44382209
2013,71.00,"Sherbrooke, Quebec",12.23.7,v44382209
2014,94.00,"Sherbrooke, Quebec",12.23.7,v44382209
2015,70.00,"Sherbrooke, Quebec",12.23.7,v44382209
1998,125.00,"Ottawa-Gatineau, Quebec part",15.23.7,v44364372
1999,103.00,"Ottawa-Gatineau, Quebec part",15.23.7,v44364372
2000,126.00,"Ottawa-Gatineau, Quebec part",15.23.7,v44364372
2001,138.00,"Ottawa-Gatineau, Quebec part",15.23.7,v44364372
2002,189.00,"Ottawa-Gatineau, Quebec part",15.23.7,v44364372
2003,175.00,"Ottawa-Gatineau, Quebec part",15.23.7,v44364372
2004,174.00,"Ottawa-Gatineau, Quebec part",15.23.7,v44364372
2005,170.00,"Ottawa-Gatineau, Quebec part",15.23.7,v44364372
2006,155.00,"Ottawa-Gatineau, Quebec part",15.23.7,v44364372
2007,157.00,"Ottawa-Gatineau, Quebec part",15.23.7,v44364372
2008,215.00,"Ottawa-Gatineau, Quebec part",15.23.7,v44364372
2009,164.00,"Ottawa-Gatineau, Quebec part",15.23.7,v44364372
2010,190.00,"Ottawa-Gatineau, Quebec part",15.23.7,v44364372
2011,195.00,"Ottawa-Gatineau, Quebec part",15.23.7,v44364372
2012,180.00,"Ottawa-Gatineau, Quebec part",15.23.7,v44364372
2013,158.00,"Ottawa-Gatineau, Quebec part",15.23.7,v44364372
2014,173.00,"Ottawa-Gatineau, Quebec part",15.23.7,v44364372
2015,203.00,"Ottawa-Gatineau, Quebec part",15.23.7,v44364372
1998,8675.00,"Ontario",16.23.7,v44401398
1999,8654.00,"Ontario",16.23.7,v44401398
2000,9835.00,"Ontario",16.23.7,v44401398
2001,10449.00,"Ontario",16.23.7,v44401398
2002,10505.00,"Ontario",16.23.7,v44401398
2003,9854.00,"Ontario",16.23.7,v44401398
2004,10151.00,"Ontario",16.23.7,v44401398
2005,10480.00,"Ontario",16.23.7,v44401398
2006,10441.00,"Ontario",16.23.7,v44401398
2007,10367.00,"Ontario",16.23.7,v44401398
2008,10079.00,"Ontario",16.23.7,v44401398
2009,9987.00,"Ontario",16.23.7,v44401398
2010,9554.00,"Ontario",16.23.7,v44401398
2011,9379.00,"Ontario",16.23.7,v44401398
2012,9215.00,"Ontario",16.23.7,v44401398
2013,8335.00,"Ontario",16.23.7,v44401398
2014,8179.00,"Ontario",16.23.7,v44401398
2015,8356.00,"Ontario",16.23.7,v44401398
1998,587.00,"Ottawa-Gatineau, Ontario/Quebec",17.23.7,v52149269
1999,531.00,"Ottawa-Gatineau, Ontario/Quebec",17.23.7,v52149269
2000,681.00,"Ottawa-Gatineau, Ontario/Quebec",17.23.7,v52149269
2001,703.00,"Ottawa-Gatineau, Ontario/Quebec",17.23.7,v52149269
2002,682.00,"Ottawa-Gatineau, Ontario/Quebec",17.23.7,v52149269
2003,696.00,"Ottawa-Gatineau, Ontario/Quebec",17.23.7,v52149269
2004,688.00,"Ottawa-Gatineau, Ontario/Quebec",17.23.7,v52149269
2005,588.00,"Ottawa-Gatineau, Ontario/Quebec",17.23.7,v52149269
2006,536.00,"Ottawa-Gatineau, Ontario/Quebec",17.23.7,v52149269
2007,556.00,"Ottawa-Gatineau, Ontario/Quebec",17.23.7,v52149269
2008,617.00,"Ottawa-Gatineau, Ontario/Quebec",17.23.7,v52149269
2009,525.00,"Ottawa-Gatineau, Ontario/Quebec",17.23.7,v52149269
2010,521.00,"Ottawa-Gatineau, Ontario/Quebec",17.23.7,v52149269
2011,494.00,"Ottawa-Gatineau, Ontario/Quebec",17.23.7,v52149269
2012,488.00,"Ottawa-Gatineau, Ontario/Quebec",17.23.7,v52149269
2013,427.00,"Ottawa-Gatineau, Ontario/Quebec",17.23.7,v52149269
2014,427.00,"Ottawa-Gatineau, Ontario/Quebec",17.23.7,v52149269
2015,460.00,"Ottawa-Gatineau, Ontario/Quebec",17.23.7,v52149269
1998,462.00,"Ottawa-Gatineau, Ontario part",18.23.7,v44331400
1999,428.00,"Ottawa-Gatineau, Ontario part",18.23.7,v44331400
2000,555.00,"Ottawa-Gatineau, Ontario part",18.23.7,v44331400
2001,565.00,"Ottawa-Gatineau, Ontario part",18.23.7,v44331400
2002,493.00,"Ottawa-Gatineau, Ontario part",18.23.7,v44331400
2003,521.00,"Ottawa-Gatineau, Ontario part",18.23.7,v44331400
2004,514.00,"Ottawa-Gatineau, Ontario part",18.23.7,v44331400
2005,418.00,"Ottawa-Gatineau, Ontario part",18.23.7,v44331400
2006,381.00,"Ottawa-Gatineau, Ontario part",18.23.7,v44331400
2007,399.00,"Ottawa-Gatineau, Ontario part",18.23.7,v44331400
2008,402.00,"Ottawa-Gatineau, Ontario part",18.23.7,v44331400
2009,361.00,"Ottawa-Gatineau, Ontario part",18.23.7,v44331400
2010,331.00,"Ottawa-Gatineau, Ontario part",18.23.7,v44331400
2011,299.00,"Ottawa-Gatineau, Ontario part",18.23.7,v44331400
2012,308.00,"Ottawa-Gatineau, Ontario part",18.23.7,v44331400
2013,269.00,"Ottawa-Gatineau, Ontario part",18.23.7,v44331400
2014,254.00,"Ottawa-Gatineau, Ontario part",18.23.7,v44331400
2015,257.00,"Ottawa-Gatineau, Ontario part",18.23.7,v44331400
2000,..,"Kingston, Ontario",27.23.7,v44330982
2001,83.00,"Kingston, Ontario",27.23.7,v44330982
2002,91.00,"Kingston, Ontario",27.23.7,v44330982
2003,87.00,"Kingston, Ontario",27.23.7,v44330982
2004,67.00,"Kingston, Ontario",27.23.7,v44330982
2005,85.00,"Kingston, Ontario",27.23.7,v44330982
2006,109.00,"Kingston, Ontario",27.23.7,v44330982
2007,130.00,"Kingston, Ontario",27.23.7,v44330982
2008,100.00,"Kingston, Ontario",27.23.7,v44330982
2009,105.00,"Kingston, Ontario",27.23.7,v44330982
2010,108.00,"Kingston, Ontario",27.23.7,v44330982
2011,90.00,"Kingston, Ontario",27.23.7,v44330982
2012,107.00,"Kingston, Ontario",27.23.7,v44330982
2013,96.00,"Kingston, Ontario",27.23.7,v44330982
2014,103.00,"Kingston, Ontario",27.23.7,v44330982
2015,74.00,"Kingston, Ontario",27.23.7,v44330982
2005,..,"Peterborough, Ontario",44.23.7,v52120042
2006,102.00,"Peterborough, Ontario",44.23.7,v52120042
2007,73.00,"Peterborough, Ontario",44.23.7,v52120042
2008,78.00,"Peterborough, Ontario",44.23.7,v52120042
2009,66.00,"Peterborough, Ontario",44.23.7,v52120042
2010,68.00,"Peterborough, Ontario",44.23.7,v52120042
2011,69.00,"Peterborough, Ontario",44.23.7,v52120042
2012,86.00,"Peterborough, Ontario",44.23.7,v52120042
2013,80.00,"Peterborough, Ontario",44.23.7,v52120042
2014,81.00,"Peterborough, Ontario",44.23.7,v52120042
2015,75.00,"Peterborough, Ontario",44.23.7,v52120042
1998,4045.00,"Toronto, Ontario",19.23.7,v44359847
1999,4019.00,"Toronto, Ontario",19.23.7,v44359847
2000,4786.00,"Toronto, Ontario",19.23.7,v44359847
2001,4903.00,"Toronto, Ontario",19.23.7,v44359847
2002,4791.00,"Toronto, Ontario",19.23.7,v44359847
2003,4366.00,"Toronto, Ontario",19.23.7,v44359847
2004,4445.00,"Toronto, Ontario",19.23.7,v44359847
2005,4921.00,"Toronto, Ontario",19.23.7,v44359847
2006,4563.00,"Toronto, Ontario",19.23.7,v44359847
2007,4433.00,"Toronto, Ontario",19.23.7,v44359847
2008,4315.00,"Toronto, Ontario",19.23.7,v44359847
2009,4223.00,"Toronto, Ontario",19.23.7,v44359847
2010,4044.00,"Toronto, Ontario",19.23.7,v44359847
2011,3975.00,"Toronto, Ontario",19.23.7,v44359847
2012,3771.00,"Toronto, Ontario",19.23.7,v44359847
2013,3444.00,"Toronto, Ontario",19.23.7,v44359847
2014,3264.00,"Toronto, Ontario",19.23.7,v44359847
2015,3502.00,"Toronto, Ontario",19.23.7,v44359847
1998,538.00,"Hamilton, Ontario",20.23.7,v44346955
1999,510.00,"Hamilton, Ontario",20.23.7,v44346955
2000,474.00,"Hamilton, Ontario",20.23.7,v44346955
2001,486.00,"Hamilton, Ontario",20.23.7,v44346955
2002,496.00,"Hamilton, Ontario",20.23.7,v44346955
2003,416.00,"Hamilton, Ontario",20.23.7,v44346955
2004,375.00,"Hamilton, Ontario",20.23.7,v44346955
2005,405.00,"Hamilton, Ontario",20.23.7,v44346955
2006,370.00,"Hamilton, Ontario",20.23.7,v44346955
2007,403.00,"Hamilton, Ontario",20.23.7,v44346955
2008,417.00,"Hamilton, Ontario",20.23.7,v44346955
2009,442.00,"Hamilton, Ontario",20.23.7,v44346955
2010,483.00,"Hamilton, Ontario",20.23.7,v44346955
2011,535.00,"Hamilton, Ontario",20.23.7,v44346955
2012,465.00,"Hamilton, Ontario",20.23.7,v44346955
2013,440.00,"Hamilton, Ontario",20.23.7,v44346955
2014,455.00,"Hamilton, Ontario",20.23.7,v44346955
2015,418.00,"Hamilton, Ontario",20.23.7,v44346955
1998,242.00,"St.Catharines-Niagara, Ontario",21.23.7,v44359084
1999,228.00,"St.Catharines-Niagara, Ontario",21.23.7,v44359084
2000,251.00,"St.Catharines-Niagara, Ontario",21.23.7,v44359084
2001,322.00,"St.Catharines-Niagara, Ontario",21.23.7,v44359084
2002,293.00,"St.Catharines-Niagara, Ontario",21.23.7,v44359084
2003,236.00,"St.Catharines-Niagara, Ontario",21.23.7,v44359084
2004,268.00,"St.Catharines-Niagara, Ontario",21.23.7,v44359084
2005,248.00,"St.Catharines-Niagara, Ontario",21.23.7,v44359084
2006,289.00,"St.Catharines-Niagara, Ontario",21.23.7,v44359084
2007,254.00,"St.Catharines-Niagara, Ontario",21.23.7,v44359084
2008,330.00,"St.Catharines-Niagara, Ontario",21.23.7,v44359084
2009,297.00,"St.Catharines-Niagara, Ontario",21.23.7,v44359084
2010,295.00,"St.Catharines-Niagara, Ontario",21.23.7,v44359084
2011,280.00,"St.Catharines-Niagara, Ontario",21.23.7,v44359084
2012,262.00,"St.Catharines-Niagara, Ontario",21.23.7,v44359084
2013,276.00,"St.Catharines-Niagara, Ontario",21.23.7,v44359084
2014,250.00,"St.Catharines-Niagara, Ontario",21.23.7,v44359084
2015,237.00,"St.Catharines-Niagara, Ontario",21.23.7,v44359084
1998,325.00,"Kitchener-Cambridge-Waterloo, Ontario",22.23.7,v44362596
1999,323.00,"Kitchener-Cambridge-Waterloo, Ontario",22.23.7,v44362596
2000,323.00,"Kitchener-Cambridge-Waterloo, Ontario",22.23.7,v44362596
2001,372.00,"Kitchener-Cambridge-Waterloo, Ontario",22.23.7,v44362596
2002,352.00,"Kitchener-Cambridge-Waterloo, Ontario",22.23.7,v44362596
2003,332.00,"Kitchener-Cambridge-Waterloo, Ontario",22.23.7,v44362596
2004,425.00,"Kitchener-Cambridge-Waterloo, Ontario",22.23.7,v44362596
2005,378.00,"Kitchener-Cambridge-Waterloo, Ontario",22.23.7,v44362596
2006,470.00,"Kitchener-Cambridge-Waterloo, Ontario",22.23.7,v44362596
2007,396.00,"Kitchener-Cambridge-Waterloo, Ontario",22.23.7,v44362596
2008,422.00,"Kitchener-Cambridge-Waterloo, Ontario",22.23.7,v44362596
2009,376.00,"Kitchener-Cambridge-Waterloo, Ontario",22.23.7,v44362596
2010,439.00,"Kitchener-Cambridge-Waterloo, Ontario",22.23.7,v44362596
2011,388.00,"Kitchener-Cambridge-Waterloo, Ontario",22.23.7,v44362596
2012,428.00,"Kitchener-Cambridge-Waterloo, Ontario",22.23.7,v44362596
2013,347.00,"Kitchener-Cambridge-Waterloo, Ontario",22.23.7,v44362596
2014,342.00,"Kitchener-Cambridge-Waterloo, Ontario",22.23.7,v44362596
2015,363.00,"Kitchener-Cambridge-Waterloo, Ontario",22.23.7,v44362596
2005,..,"Brantford, Ontario",45.23.7,v52125304
2006,145.00,"Brantford, Ontario",45.23.7,v52125304
2007,159.00,"Brantford, Ontario",45.23.7,v52125304
2008,144.00,"Brantford, Ontario",45.23.7,v52125304
2009,151.00,"Brantford, Ontario",45.23.7,v52125304
2010,166.00,"Brantford, Ontario",45.23.7,v52125304
2011,125.00,"Brantford, Ontario",45.23.7,v52125304
2012,146.00,"Brantford, Ontario",45.23.7,v52125304
2013,115.00,"Brantford, Ontario",45.23.7,v52125304
2014,152.00,"Brantford, Ontario",45.23.7,v52125304
2015,148.00,"Brantford, Ontario",45.23.7,v52125304
2005,..,"Guelph, Ontario",46.23.7,v52126386
2006,106.00,"Guelph, Ontario",46.23.7,v52126386
2007,101.00,"Guelph, Ontario",46.23.7,v52126386
2008,92.00,"Guelph, Ontario",46.23.7,v52126386
2009,100.00,"Guelph, Ontario",46.23.7,v52126386
2010,114.00,"Guelph, Ontario",46.23.7,v52126386
2011,83.00,"Guelph, Ontario",46.23.7,v52126386
2012,63.00,"Guelph, Ontario",46.23.7,v52126386
2013,65.00,"Guelph, Ontario",46.23.7,v52126386
2014,78.00,"Guelph, Ontario",46.23.7,v52126386
2015,77.00,"Guelph, Ontario",46.23.7,v52126386
1998,346.00,"London, Ontario",23.23.7,v44349386
1999,338.00,"London, Ontario",23.23.7,v44349386
2000,336.00,"London, Ontario",23.23.7,v44349386
2001,347.00,"London, Ontario",23.23.7,v44349386
2002,378.00,"London, Ontario",23.23.7,v44349386
2003,306.00,"London, Ontario",23.23.7,v44349386
2004,339.00,"London, Ontario",23.23.7,v44349386
2005,338.00,"London, Ontario",23.23.7,v44349386
2006,347.00,"London, Ontario",23.23.7,v44349386
2007,378.00,"London, Ontario",23.23.7,v44349386
2008,338.00,"London, Ontario",23.23.7,v44349386
2009,367.00,"London, Ontario",23.23.7,v44349386
2010,356.00,"London, Ontario",23.23.7,v44349386
2011,321.00,"London, Ontario",23.23.7,v44349386
2012,343.00,"London, Ontario",23.23.7,v44349386
2013,284.00,"London, Ontario",23.23.7,v44349386
2014,299.00,"London, Ontario",23.23.7,v44349386
2015,333.00,"London, Ontario",23.23.7,v44349386
1998,159.00,"Windsor, Ontario",24.23.7,v44413651
1999,122.00,"Windsor, Ontario",24.23.7,v44413651
2000,176.00,"Windsor, Ontario",24.23.7,v44413651
2001,192.00,"Windsor, Ontario",24.23.7,v44413651
2002,176.00,"Windsor, Ontario",24.23.7,v44413651
2003,210.00,"Windsor, Ontario",24.23.7,v44413651
2004,207.00,"Windsor, Ontario",24.23.7,v44413651
2005,236.00,"Windsor, Ontario",24.23.7,v44413651
2006,220.00,"Windsor, Ontario",24.23.7,v44413651
2007,259.00,"Windsor, Ontario",24.23.7,v44413651
2008,261.00,"Windsor, Ontario",24.23.7,v44413651
2009,224.00,"Windsor, Ontario",24.23.7,v44413651
2010,211.00,"Windsor, Ontario",24.23.7,v44413651
2011,193.00,"Windsor, Ontario",24.23.7,v44413651
2012,229.00,"Windsor, Ontario",24.23.7,v44413651
2013,185.00,"Windsor, Ontario",24.23.7,v44413651
2014,218.00,"Windsor, Ontario",24.23.7,v44413651
2015,204.00,"Windsor, Ontario",24.23.7,v44413651
2005,..,"Barrie, Ontario",47.23.7,v52143733
2006,142.00,"Barrie, Ontario",47.23.7,v52143733
2007,130.00,"Barrie, Ontario",47.23.7,v52143733
2008,123.00,"Barrie, Ontario",47.23.7,v52143733
2009,144.00,"Barrie, Ontario",47.23.7,v52143733
2010,132.00,"Barrie, Ontario",47.23.7,v52143733
2011,109.00,"Barrie, Ontario",47.23.7,v52143733
2012,112.00,"Barrie, Ontario",47.23.7,v52143733
2013,107.00,"Barrie, Ontario",47.23.7,v52143733
2014,109.00,"Barrie, Ontario",47.23.7,v52143733
2015,117.00,"Barrie, Ontario",47.23.7,v52143733
1998,150.00,"Sudbury, Ontario",25.23.7,v44340672
1999,191.00,"Sudbury, Ontario",25.23.7,v44340672
2000,150.00,"Sudbury, Ontario",25.23.7,v44340672
2001,201.00,"Sudbury, Ontario",25.23.7,v44340672
2002,178.00,"Sudbury, Ontario",25.23.7,v44340672
2003,171.00,"Sudbury, Ontario",25.23.7,v44340672
2004,172.00,"Sudbury, Ontario",25.23.7,v44340672
2005,166.00,"Sudbury, Ontario",25.23.7,v44340672
2006,221.00,"Sudbury, Ontario",25.23.7,v44340672
2007,232.00,"Sudbury, Ontario",25.23.7,v44340672
2008,192.00,"Sudbury, Ontario",25.23.7,v44340672
2009,185.00,"Sudbury, Ontario",25.23.7,v44340672
2010,191.00,"Sudbury, Ontario",25.23.7,v44340672
2011,205.00,"Sudbury, Ontario",25.23.7,v44340672
2012,170.00,"Sudbury, Ontario",25.23.7,v44340672
2013,159.00,"Sudbury, Ontario",25.23.7,v44340672
2014,150.00,"Sudbury, Ontario",25.23.7,v44340672
2015,144.00,"Sudbury, Ontario",25.23.7,v44340672
1998,207.00,"Thunder Bay, Ontario",26.23.7,v44338257
1999,189.00,"Thunder Bay, Ontario",26.23.7,v44338257
2000,177.00,"Thunder Bay, Ontario",26.23.7,v44338257
2001,194.00,"Thunder Bay, Ontario",26.23.7,v44338257
2002,225.00,"Thunder Bay, Ontario",26.23.7,v44338257
2003,164.00,"Thunder Bay, Ontario",26.23.7,v44338257
2004,169.00,"Thunder Bay, Ontario",26.23.7,v44338257
2005,185.00,"Thunder Bay, Ontario",26.23.7,v44338257
2006,201.00,"Thunder Bay, Ontario",26.23.7,v44338257
2007,193.00,"Thunder Bay, Ontario",26.23.7,v44338257
2008,168.00,"Thunder Bay, Ontario",26.23.7,v44338257
2009,167.00,"Thunder Bay, Ontario",26.23.7,v44338257
2010,171.00,"Thunder Bay, Ontario",26.23.7,v44338257
2011,177.00,"Thunder Bay, Ontario",26.23.7,v44338257
2012,134.00,"Thunder Bay, Ontario",26.23.7,v44338257
2013,126.00,"Thunder Bay, Ontario",26.23.7,v44338257
2014,133.00,"Thunder Bay, Ontario",26.23.7,v44338257
2015,118.00,"Thunder Bay, Ontario",26.23.7,v44338257
1998,2211.00,"Manitoba",28.23.7,v44413244
1999,2049.00,"Manitoba",28.23.7,v44413244
2000,2337.00,"Manitoba",28.23.7,v44413244
2001,2453.00,"Manitoba",28.23.7,v44413244
2002,2369.00,"Manitoba",28.23.7,v44413244
2003,2357.00,"Manitoba",28.23.7,v44413244
2004,2228.00,"Manitoba",28.23.7,v44413244
2005,2183.00,"Manitoba",28.23.7,v44413244
2006,2281.00,"Manitoba",28.23.7,v44413244
2007,2291.00,"Manitoba",28.23.7,v44413244
2008,2209.00,"Manitoba",28.23.7,v44413244
2009,2288.00,"Manitoba",28.23.7,v44413244
2010,2138.00,"Manitoba",28.23.7,v44413244
2011,2286.00,"Manitoba",28.23.7,v44413244
2012,2449.00,"Manitoba",28.23.7,v44413244
2013,2164.00,"Manitoba",28.23.7,v44413244
2014,2095.00,"Manitoba",28.23.7,v44413244
2015,2285.00,"Manitoba",28.23.7,v44413244
1998,1132.00,"Winnipeg, Manitoba",29.23.7,v44335013
1999,1132.00,"Winnipeg, Manitoba",29.23.7,v44335013
2000,1222.00,"Winnipeg, Manitoba",29.23.7,v44335013
2001,1154.00,"Winnipeg, Manitoba",29.23.7,v44335013
2002,1141.00,"Winnipeg, Manitoba",29.23.7,v44335013
2003,1031.00,"Winnipeg, Manitoba",29.23.7,v44335013
2004,1029.00,"Winnipeg, Manitoba",29.23.7,v44335013
2005,964.00,"Winnipeg, Manitoba",29.23.7,v44335013
2006,1058.00,"Winnipeg, Manitoba",29.23.7,v44335013
2007,1066.00,"Winnipeg, Manitoba",29.23.7,v44335013
2008,1027.00,"Winnipeg, Manitoba",29.23.7,v44335013
2009,1067.00,"Winnipeg, Manitoba",29.23.7,v44335013
2010,982.00,"Winnipeg, Manitoba",29.23.7,v44335013
2011,931.00,"Winnipeg, Manitoba",29.23.7,v44335013
2012,900.00,"Winnipeg, Manitoba",29.23.7,v44335013
2013,826.00,"Winnipeg, Manitoba",29.23.7,v44335013
2014,773.00,"Winnipeg, Manitoba",29.23.7,v44335013
2015,831.00,"Winnipeg, Manitoba",29.23.7,v44335013
1998,1444.00,"Saskatchewan",30.23.7,v44379632
1999,1530.00,"Saskatchewan",30.23.7,v44379632
2000,1759.00,"Saskatchewan",30.23.7,v44379632
2001,2092.00,"Saskatchewan",30.23.7,v44379632
2002,1948.00,"Saskatchewan",30.23.7,v44379632
2003,2378.00,"Saskatchewan",30.23.7,v44379632
2004,1991.00,"Saskatchewan",30.23.7,v44379632
2005,2048.00,"Saskatchewan",30.23.7,v44379632
2006,2203.00,"Saskatchewan",30.23.7,v44379632
2007,2322.00,"Saskatchewan",30.23.7,v44379632
2008,2200.00,"Saskatchewan",30.23.7,v44379632
2009,1989.00,"Saskatchewan",30.23.7,v44379632
2010,1854.00,"Saskatchewan",30.23.7,v44379632
2011,1870.00,"Saskatchewan",30.23.7,v44379632
2012,1937.00,"Saskatchewan",30.23.7,v44379632
2013,2004.00,"Saskatchewan",30.23.7,v44379632
2014,2016.00,"Saskatchewan",30.23.7,v44379632
2015,2215.00,"Saskatchewan",30.23.7,v44379632
1998,567.00,"Regina, Saskatchewan",31.23.7,v44363502
1999,628.00,"Regina, Saskatchewan",31.23.7,v44363502
2000,580.00,"Regina, Saskatchewan",31.23.7,v44363502
2001,564.00,"Regina, Saskatchewan",31.23.7,v44363502
2002,488.00,"Regina, Saskatchewan",31.23.7,v44363502
2003,504.00,"Regina, Saskatchewan",31.23.7,v44363502
2004,489.00,"Regina, Saskatchewan",31.23.7,v44363502
2005,507.00,"Regina, Saskatchewan",31.23.7,v44363502
2006,502.00,"Regina, Saskatchewan",31.23.7,v44363502
2007,535.00,"Regina, Saskatchewan",31.23.7,v44363502
2008,467.00,"Regina, Saskatchewan",31.23.7,v44363502
2009,445.00,"Regina, Saskatchewan",31.23.7,v44363502
2010,373.00,"Regina, Saskatchewan",31.23.7,v44363502
2011,398.00,"Regina, Saskatchewan",31.23.7,v44363502
2012,348.00,"Regina, Saskatchewan",31.23.7,v44363502
2013,368.00,"Regina, Saskatchewan",31.23.7,v44363502
2014,377.00,"Regina, Saskatchewan",31.23.7,v44363502
2015,399.00,"Regina, Saskatchewan",31.23.7,v44363502
1998,319.00,"Saskatoon, Saskatchewan",32.23.7,v44326869
1999,281.00,"Saskatoon, Saskatchewan",32.23.7,v44326869
2000,341.00,"Saskatoon, Saskatchewan",32.23.7,v44326869
2001,381.00,"Saskatoon, Saskatchewan",32.23.7,v44326869
2002,383.00,"Saskatoon, Saskatchewan",32.23.7,v44326869
2003,382.00,"Saskatoon, Saskatchewan",32.23.7,v44326869
2004,323.00,"Saskatoon, Saskatchewan",32.23.7,v44326869
2005,330.00,"Saskatoon, Saskatchewan",32.23.7,v44326869
2006,311.00,"Saskatoon, Saskatchewan",32.23.7,v44326869
2007,345.00,"Saskatoon, Saskatchewan",32.23.7,v44326869
2008,345.00,"Saskatoon, Saskatchewan",32.23.7,v44326869
2009,310.00,"Saskatoon, Saskatchewan",32.23.7,v44326869
2010,285.00,"Saskatoon, Saskatchewan",32.23.7,v44326869
2011,319.00,"Saskatoon, Saskatchewan",32.23.7,v44326869
2012,335.00,"Saskatoon, Saskatchewan",32.23.7,v44326869
2013,311.00,"Saskatoon, Saskatchewan",32.23.7,v44326869
2014,293.00,"Saskatoon, Saskatchewan",32.23.7,v44326869
2015,327.00,"Saskatoon, Saskatchewan",32.23.7,v44326869
1998,2740.00,"Alberta",33.23.7,v44350816
1999,2618.00,"Alberta",33.23.7,v44350816
2000,2722.00,"Alberta",33.23.7,v44350816
2001,2924.00,"Alberta",33.23.7,v44350816
2002,2903.00,"Alberta",33.23.7,v44350816
2003,2970.00,"Alberta",33.23.7,v44350816
2004,3092.00,"Alberta",33.23.7,v44350816
2005,3276.00,"Alberta",33.23.7,v44350816
2006,3695.00,"Alberta",33.23.7,v44350816
2007,3767.00,"Alberta",33.23.7,v44350816
2008,3803.00,"Alberta",33.23.7,v44350816
2009,3678.00,"Alberta",33.23.7,v44350816
2010,3624.00,"Alberta",33.23.7,v44350816
2011,3596.00,"Alberta",33.23.7,v44350816
2012,3679.00,"Alberta",33.23.7,v44350816
2013,3660.00,"Alberta",33.23.7,v44350816
2014,3743.00,"Alberta",33.23.7,v44350816
2015,4052.00,"Alberta",33.23.7,v44350816
1998,728.00,"Calgary, Alberta",34.23.7,v44396012
1999,686.00,"Calgary, Alberta",34.23.7,v44396012
2000,665.00,"Calgary, Alberta",34.23.7,v44396012
2001,782.00,"Calgary, Alberta",34.23.7,v44396012
2002,698.00,"Calgary, Alberta",34.23.7,v44396012
2003,778.00,"Calgary, Alberta",34.23.7,v44396012
2004,859.00,"Calgary, Alberta",34.23.7,v44396012
2005,854.00,"Calgary, Alberta",34.23.7,v44396012
2006,829.00,"Calgary, Alberta",34.23.7,v44396012
2007,770.00,"Calgary, Alberta",34.23.7,v44396012
2008,783.00,"Calgary, Alberta",34.23.7,v44396012
2009,702.00,"Calgary, Alberta",34.23.7,v44396012
2010,757.00,"Calgary, Alberta",34.23.7,v44396012
2011,677.00,"Calgary, Alberta",34.23.7,v44396012
2012,611.00,"Calgary, Alberta",34.23.7,v44396012
2013,692.00,"Calgary, Alberta",34.23.7,v44396012
2014,681.00,"Calgary, Alberta",34.23.7,v44396012
2015,738.00,"Calgary, Alberta",34.23.7,v44396012
1998,1140.00,"Edmonton, Alberta",35.23.7,v44346810
1999,956.00,"Edmonton, Alberta",35.23.7,v44346810
2000,1097.00,"Edmonton, Alberta",35.23.7,v44346810
2001,1012.00,"Edmonton, Alberta",35.23.7,v44346810
2002,994.00,"Edmonton, Alberta",35.23.7,v44346810
2003,872.00,"Edmonton, Alberta",35.23.7,v44346810
2004,831.00,"Edmonton, Alberta",35.23.7,v44346810
2005,882.00,"Edmonton, Alberta",35.23.7,v44346810
2006,997.00,"Edmonton, Alberta",35.23.7,v44346810
2007,995.00,"Edmonton, Alberta",35.23.7,v44346810
2008,1057.00,"Edmonton, Alberta",35.23.7,v44346810
2009,1063.00,"Edmonton, Alberta",35.23.7,v44346810
2010,1046.00,"Edmonton, Alberta",35.23.7,v44346810
2011,1112.00,"Edmonton, Alberta",35.23.7,v44346810
2012,1193.00,"Edmonton, Alberta",35.23.7,v44346810
2013,1229.00,"Edmonton, Alberta",35.23.7,v44346810
2014,1235.00,"Edmonton, Alberta",35.23.7,v44346810
2015,1378.00,"Edmonton, Alberta",35.23.7,v44346810
1998,3681.00,"British Columbia",36.23.7,v44374511
1999,3593.00,"British Columbia",36.23.7,v44374511
2000,3568.00,"British Columbia",36.23.7,v44374511
2001,3530.00,"British Columbia",36.23.7,v44374511
2002,3475.00,"British Columbia",36.23.7,v44374511
2003,3318.00,"British Columbia",36.23.7,v44374511
2004,3315.00,"British Columbia",36.23.7,v44374511
2005,3195.00,"British Columbia",36.23.7,v44374511
2006,3530.00,"British Columbia",36.23.7,v44374511
2007,3511.00,"British Columbia",36.23.7,v44374511
2008,3700.00,"British Columbia",36.23.7,v44374511
2009,3652.00,"British Columbia",36.23.7,v44374511
2010,3876.00,"British Columbia",36.23.7,v44374511
2011,3692.00,"British Columbia",36.23.7,v44374511
2012,3468.00,"British Columbia",36.23.7,v44374511
2013,3387.00,"British Columbia",36.23.7,v44374511
2014,3134.00,"British Columbia",36.23.7,v44374511
2015,3328.00,"British Columbia",36.23.7,v44374511
2005,..,"Kelowna, British Columbia",48.23.7,v52143210
2006,118.00,"Kelowna, British Columbia",48.23.7,v52143210
2007,90.00,"Kelowna, British Columbia",48.23.7,v52143210
2008,119.00,"Kelowna, British Columbia",48.23.7,v52143210
2009,145.00,"Kelowna, British Columbia",48.23.7,v52143210
2010,145.00,"Kelowna, British Columbia",48.23.7,v52143210
2011,108.00,"Kelowna, British Columbia",48.23.7,v52143210
2012,117.00,"Kelowna, British Columbia",48.23.7,v52143210
2013,128.00,"Kelowna, British Columbia",48.23.7,v52143210
2014,107.00,"Kelowna, British Columbia",48.23.7,v52143210
2015,114.00,"Kelowna, British Columbia",48.23.7,v52143210
2000,..,"Abbotsford-Mission, British Columbia",39.23.7,v44326872
2001,106.00,"Abbotsford-Mission, British Columbia",39.23.7,v44326872
2002,99.00,"Abbotsford-Mission, British Columbia",39.23.7,v44326872
2003,98.00,"Abbotsford-Mission, British Columbia",39.23.7,v44326872
2004,111.00,"Abbotsford-Mission, British Columbia",39.23.7,v44326872
2005,118.00,"Abbotsford-Mission, British Columbia",39.23.7,v44326872
2006,142.00,"Abbotsford-Mission, British Columbia",39.23.7,v44326872
2007,161.00,"Abbotsford-Mission, British Columbia",39.23.7,v44326872
2008,149.00,"Abbotsford-Mission, British Columbia",39.23.7,v44326872
2009,113.00,"Abbotsford-Mission, British Columbia",39.23.7,v44326872
2010,123.00,"Abbotsford-Mission, British Columbia",39.23.7,v44326872
2011,135.00,"Abbotsford-Mission, British Columbia",39.23.7,v44326872
2012,103.00,"Abbotsford-Mission, British Columbia",39.23.7,v44326872
2013,129.00,"Abbotsford-Mission, British Columbia",39.23.7,v44326872
2014,92.00,"Abbotsford-Mission, British Columbia",39.23.7,v44326872
2015,120.00,"Abbotsford-Mission, British Columbia",39.23.7,v44326872
1998,1552.00,"Vancouver, British Columbia",37.23.7,v44417225
1999,1525.00,"Vancouver, British Columbia",37.23.7,v44417225
2000,1556.00,"Vancouver, British Columbia",37.23.7,v44417225
2001,1381.00,"Vancouver, British Columbia",37.23.7,v44417225
2002,1512.00,"Vancouver, British Columbia",37.23.7,v44417225
2003,1454.00,"Vancouver, British Columbia",37.23.7,v44417225
2004,1337.00,"Vancouver, British Columbia",37.23.7,v44417225
2005,1311.00,"Vancouver, British Columbia",37.23.7,v44417225
2006,1485.00,"Vancouver, British Columbia",37.23.7,v44417225
2007,1551.00,"Vancouver, British Columbia",37.23.7,v44417225
2008,1519.00,"Vancouver, British Columbia",37.23.7,v44417225
2009,1489.00,"Vancouver, British Columbia",37.23.7,v44417225
2010,1644.00,"Vancouver, British Columbia",37.23.7,v44417225
2011,1603.00,"Vancouver, British Columbia",37.23.7,v44417225
2012,1489.00,"Vancouver, British Columbia",37.23.7,v44417225
2013,1418.00,"Vancouver, British Columbia",37.23.7,v44417225
2014,1304.00,"Vancouver, British Columbia",37.23.7,v44417225
2015,1384.00,"Vancouver, British Columbia",37.23.7,v44417225
1998,337.00,"Victoria, British Columbia",38.23.7,v44374085
1999,317.00,"Victoria, British Columbia",38.23.7,v44374085
2000,294.00,"Victoria, British Columbia",38.23.7,v44374085
2001,257.00,"Victoria, British Columbia",38.23.7,v44374085
2002,252.00,"Victoria, British Columbia",38.23.7,v44374085
2003,209.00,"Victoria, British Columbia",38.23.7,v44374085
2004,241.00,"Victoria, British Columbia",38.23.7,v44374085
2005,248.00,"Victoria, British Columbia",38.23.7,v44374085
2006,272.00,"Victoria, British Columbia",38.23.7,v44374085
2007,194.00,"Victoria, British Columbia",38.23.7,v44374085
2008,222.00,"Victoria, British Columbia",38.23.7,v44374085
2009,287.00,"Victoria, British Columbia",38.23.7,v44374085
2010,279.00,"Victoria, British Columbia",38.23.7,v44374085
2011,201.00,"Victoria, British Columbia",38.23.7,v44374085
2012,198.00,"Victoria, British Columbia",38.23.7,v44374085
2013,217.00,"Victoria, British Columbia",38.23.7,v44374085
2014,218.00,"Victoria, British Columbia",38.23.7,v44374085
2015,212.00,"Victoria, British Columbia",38.23.7,v44374085
1998,54.00,"Yukon",40.23.7,v44389111
1999,61.00,"Yukon",40.23.7,v44389111
2000,64.00,"Yukon",40.23.7,v44389111
2001,84.00,"Yukon",40.23.7,v44389111
2002,74.00,"Yukon",40.23.7,v44389111
2003,75.00,"Yukon",40.23.7,v44389111
2004,92.00,"Yukon",40.23.7,v44389111
2005,93.00,"Yukon",40.23.7,v44389111
2006,92.00,"Yukon",40.23.7,v44389111
2007,105.00,"Yukon",40.23.7,v44389111
2008,103.00,"Yukon",40.23.7,v44389111
2009,93.00,"Yukon",40.23.7,v44389111
2010,83.00,"Yukon",40.23.7,v44389111
2011,115.00,"Yukon",40.23.7,v44389111
2012,112.00,"Yukon",40.23.7,v44389111
2013,86.00,"Yukon",40.23.7,v44389111
2014,90.00,"Yukon",40.23.7,v44389111
2015,96.00,"Yukon",40.23.7,v44389111
1998,180.00,"Northwest Territories",41.23.7,v44388256
1999,85.00,"Northwest Territories",41.23.7,v44388256
2000,83.00,"Northwest Territories",41.23.7,v44388256
2001,113.00,"Northwest Territories",41.23.7,v44388256
2002,190.00,"Northwest Territories",41.23.7,v44388256
2003,208.00,"Northwest Territories",41.23.7,v44388256
2004,183.00,"Northwest Territories",41.23.7,v44388256
2005,182.00,"Northwest Territories",41.23.7,v44388256
2006,178.00,"Northwest Territories",41.23.7,v44388256
2007,203.00,"Northwest Territories",41.23.7,v44388256
2008,252.00,"Northwest Territories",41.23.7,v44388256
2009,232.00,"Northwest Territories",41.23.7,v44388256
2010,219.00,"Northwest Territories",41.23.7,v44388256
2011,264.00,"Northwest Territories",41.23.7,v44388256
2012,202.00,"Northwest Territories",41.23.7,v44388256
2013,201.00,"Northwest Territories",41.23.7,v44388256
2014,213.00,"Northwest Territories",41.23.7,v44388256
2015,193.00,"Northwest Territories",41.23.7,v44388256
1998,..,"Nunavut",42.23.7,v44336344
1999,67.00,"Nunavut",42.23.7,v44336344
2000,94.00,"Nunavut",42.23.7,v44336344
2001,125.00,"Nunavut",42.23.7,v44336344
2002,118.00,"Nunavut",42.23.7,v44336344
2003,151.00,"Nunavut",42.23.7,v44336344
2004,192.00,"Nunavut",42.23.7,v44336344
2005,186.00,"Nunavut",42.23.7,v44336344
2006,219.00,"Nunavut",42.23.7,v44336344
2007,257.00,"Nunavut",42.23.7,v44336344
2008,273.00,"Nunavut",42.23.7,v44336344
2009,254.00,"Nunavut",42.23.7,v44336344
2010,250.00,"Nunavut",42.23.7,v44336344
2011,226.00,"Nunavut",42.23.7,v44336344
2012,292.00,"Nunavut",42.23.7,v44336344
2013,271.00,"Nunavut",42.23.7,v44336344
2014,232.00,"Nunavut",42.23.7,v44336344
2015,211.00,"Nunavut",42.23.7,v44336344
1998,23893.00,"Canada",1.23.7,v44357701
1999,23882.00,"Canada",1.23.7,v44357701
2000,25883.00,"Canada",1.23.7,v44357701
2001,27805.00,"Canada",1.23.7,v44357701
2002,27834.00,"Canada",1.23.7,v44357701
2003,27956.00,"Canada",1.23.7,v44357701
2004,27972.00,"Canada",1.23.7,v44357701
2005,28671.00,"Canada",1.23.7,v44357701
2006,29932.00,"Canada",1.23.7,v44357701
2007,30019.00,"Canada",1.23.7,v44357701
2008,29859.00,"Canada",1.23.7,v44357701
2009,29548.00,"Canada",1.23.7,v44357701
2010,28807.00,"Canada",1.23.7,v44357701
2011,28536.00,"Canada",1.23.7,v44357701
2012,28525.00,"Canada",1.23.7,v44357701
2013,26639.00,"Canada",1.23.7,v44357701
2014,26144.00,"Canada",1.23.7,v44357701
2015,27050.00,"Canada",1.23.7,v44357701
1998,297.00,"Newfoundland and Labrador",2.23.7,v44339449
1999,378.00,"Newfoundland and Labrador",2.23.7,v44339449
2000,386.00,"Newfoundland and Labrador",2.23.7,v44339449
2001,411.00,"Newfoundland and Labrador",2.23.7,v44339449
2002,409.00,"Newfoundland and Labrador",2.23.7,v44339449
2003,427.00,"Newfoundland and Labrador",2.23.7,v44339449
2004,401.00,"Newfoundland and Labrador",2.23.7,v44339449
2005,365.00,"Newfoundland and Labrador",2.23.7,v44339449
2006,389.00,"Newfoundland and Labrador",2.23.7,v44339449
2007,404.00,"Newfoundland and Labrador",2.23.7,v44339449
2008,434.00,"Newfoundland and Labrador",2.23.7,v44339449
2009,414.00,"Newfoundland and Labrador",2.23.7,v44339449
2010,354.00,"Newfoundland and Labrador",2.23.7,v44339449
2011,402.00,"Newfoundland and Labrador",2.23.7,v44339449
2012,449.00,"Newfoundland and Labrador",2.23.7,v44339449
2013,439.00,"Newfoundland and Labrador",2.23.7,v44339449
2014,423.00,"Newfoundland and Labrador",2.23.7,v44339449
2015,369.00,"Newfoundland and Labrador",2.23.7,v44339449
1998,128.00,"St. John's, Newfoundland and Labrador",3.23.7,v44335584
1999,139.00,"St. John's, Newfoundland and Labrador",3.23.7,v44335584
2000,134.00,"St. John's, Newfoundland and Labrador",3.23.7,v44335584
2001,143.00,"St. John's, Newfoundland and Labrador",3.23.7,v44335584
2002,152.00,"St. John's, Newfoundland and Labrador",3.23.7,v44335584
2003,146.00,"St. John's, Newfoundland and Labrador",3.23.7,v44335584
2004,123.00,"St. John's, Newfoundland and Labrador",3.23.7,v44335584
2005,160.00,"St. John's, Newfoundland and Labrador",3.23.7,v44335584
2006,125.00,"St. John's, Newfoundland and Labrador",3.23.7,v44335584
2007,127.00,"St. John's, Newfoundland and Labrador",3.23.7,v44335584
2008,160.00,"St. John's, Newfoundland and Labrador",3.23.7,v44335584
2009,130.00,"St. John's, Newfoundland and Labrador",3.23.7,v44335584
2010,138.00,"St. John's, Newfoundland and Labrador",3.23.7,v44335584
2011,118.00,"St. John's, Newfoundland and Labrador",3.23.7,v44335584
2012,156.00,"St. John's, Newfoundland and Labrador",3.23.7,v44335584
2013,159.00,"St. John's, Newfoundland and Labrador",3.23.7,v44335584
2014,145.00,"St. John's, Newfoundland and Labrador",3.23.7,v44335584
2015,113.00,"St. John's, Newfoundland and Labrador",3.23.7,v44335584
1998,44.00,"Prince Edward Island",4.23.7,v44366924
1999,27.00,"Prince Edward Island",4.23.7,v44366924
2000,44.00,"Prince Edward Island",4.23.7,v44366924
2001,68.00,"Prince Edward Island",4.23.7,v44366924
2002,58.00,"Prince Edward Island",4.23.7,v44366924
2003,75.00,"Prince Edward Island",4.23.7,v44366924
2004,69.00,"Prince Edward Island",4.23.7,v44366924
2005,67.00,"Prince Edward Island",4.23.7,v44366924
2006,96.00,"Prince Edward Island",4.23.7,v44366924
2007,72.00,"Prince Edward Island",4.23.7,v44366924
2008,61.00,"Prince Edward Island",4.23.7,v44366924
2009,66.00,"Prince Edward Island",4.23.7,v44366924
2010,76.00,"Prince Edward Island",4.23.7,v44366924
2011,73.00,"Prince Edward Island",4.23.7,v44366924
2012,63.00,"Prince Edward Island",4.23.7,v44366924
2013,73.00,"Prince Edward Island",4.23.7,v44366924
2014,71.00,"Prince Edward Island",4.23.7,v44366924
2015,65.00,"Prince Edward Island",4.23.7,v44366924
1998,536.00,"Nova Scotia",5.23.7,v44372196
1999,546.00,"Nova Scotia",5.23.7,v44372196
2000,506.00,"Nova Scotia",5.23.7,v44372196
2001,614.00,"Nova Scotia",5.23.7,v44372196
2002,645.00,"Nova Scotia",5.23.7,v44372196
2003,818.00,"Nova Scotia",5.23.7,v44372196
2004,800.00,"Nova Scotia",5.23.7,v44372196
2005,819.00,"Nova Scotia",5.23.7,v44372196
2006,877.00,"Nova Scotia",5.23.7,v44372196
2007,913.00,"Nova Scotia",5.23.7,v44372196
2008,936.00,"Nova Scotia",5.23.7,v44372196
2009,894.00,"Nova Scotia",5.23.7,v44372196
2010,707.00,"Nova Scotia",5.23.7,v44372196
2011,829.00,"Nova Scotia",5.23.7,v44372196
2012,842.00,"Nova Scotia",5.23.7,v44372196
2013,726.00,"Nova Scotia",5.23.7,v44372196
2014,721.00,"Nova Scotia",5.23.7,v44372196
2015,707.00,"Nova Scotia",5.23.7,v44372196
1998,335.00,"Halifax, Nova Scotia",6.23.7,v44407848
1999,311.00,"Halifax, Nova Scotia",6.23.7,v44407848
2000,289.00,"Halifax, Nova Scotia",6.23.7,v44407848
2001,318.00,"Halifax, Nova Scotia",6.23.7,v44407848
2002,325.00,"Halifax, Nova Scotia",6.23.7,v44407848
2003,340.00,"Halifax, Nova Scotia",6.23.7,v44407848
2004,361.00,"Halifax, Nova Scotia",6.23.7,v44407848
2005,409.00,"Halifax, Nova Scotia",6.23.7,v44407848
2006,420.00,"Halifax, Nova Scotia",6.23.7,v44407848
2007,419.00,"Halifax, Nova Scotia",6.23.7,v44407848
2008,443.00,"Halifax, Nova Scotia",6.23.7,v44407848
2009,368.00,"Halifax, Nova Scotia",6.23.7,v44407848
2010,338.00,"Halifax, Nova Scotia",6.23.7,v44407848
2011,387.00,"Halifax, Nova Scotia",6.23.7,v44407848
2012,375.00,"Halifax, Nova Scotia",6.23.7,v44407848
2013,309.00,"Halifax, Nova Scotia",6.23.7,v44407848
2014,323.00,"Halifax, Nova Scotia",6.23.7,v44407848
2015,315.00,"Halifax, Nova Scotia",6.23.7,v44407848
1998,362.00,"New Brunswick",7.23.7,v44331954
1999,445.00,"New Brunswick",7.23.7,v44331954
2000,414.00,"New Brunswick",7.23.7,v44331954
2001,374.00,"New Brunswick",7.23.7,v44331954
2002,369.00,"New Brunswick",7.23.7,v44331954
2003,448.00,"New Brunswick",7.23.7,v44331954
2004,414.00,"New Brunswick",7.23.7,v44331954
2005,407.00,"New Brunswick",7.23.7,v44331954
2006,461.00,"New Brunswick",7.23.7,v44331954
2007,484.00,"New Brunswick",7.23.7,v44331954
2008,623.00,"New Brunswick",7.23.7,v44331954
2009,576.00,"New Brunswick",7.23.7,v44331954
2010,554.00,"New Brunswick",7.23.7,v44331954
2011,568.00,"New Brunswick",7.23.7,v44331954
2012,584.00,"New Brunswick",7.23.7,v44331954
2013,447.00,"New Brunswick",7.23.7,v44331954
2014,490.00,"New Brunswick",7.23.7,v44331954
2015,446.00,"New Brunswick",7.23.7,v44331954
2005,..,"Moncton, New Brunswick",43.23.7,v52118569
2006,92.00,"Moncton, New Brunswick",43.23.7,v52118569
2007,93.00,"Moncton, New Brunswick",43.23.7,v52118569
2008,106.00,"Moncton, New Brunswick",43.23.7,v52118569
2009,107.00,"Moncton, New Brunswick",43.23.7,v52118569
2010,81.00,"Moncton, New Brunswick",43.23.7,v52118569
2011,114.00,"Moncton, New Brunswick",43.23.7,v52118569
2012,113.00,"Moncton, New Brunswick",43.23.7,v52118569
2013,73.00,"Moncton, New Brunswick",43.23.7,v52118569
2014,90.00,"Moncton, New Brunswick",43.23.7,v52118569
2015,110.00,"Moncton, New Brunswick",43.23.7,v52118569
1998,52.00,"Saint John, New Brunswick",8.23.7,v44409628
1999,87.00,"Saint John, New Brunswick",8.23.7,v44409628
2000,81.00,"Saint John, New Brunswick",8.23.7,v44409628
2001,49.00,"Saint John, New Brunswick",8.23.7,v44409628
2002,45.00,"Saint John, New Brunswick",8.23.7,v44409628
2003,51.00,"Saint John, New Brunswick",8.23.7,v44409628
2004,52.00,"Saint John, New Brunswick",8.23.7,v44409628
2005,76.00,"Saint John, New Brunswick",8.23.7,v44409628
2006,65.00,"Saint John, New Brunswick",8.23.7,v44409628
2007,59.00,"Saint John, New Brunswick",8.23.7,v44409628
2008,103.00,"Saint John, New Brunswick",8.23.7,v44409628
2009,87.00,"Saint John, New Brunswick",8.23.7,v44409628
2010,87.00,"Saint John, New Brunswick",8.23.7,v44409628
2011,70.00,"Saint John, New Brunswick",8.23.7,v44409628
2012,115.00,"Saint John, New Brunswick",8.23.7,v44409628
2013,70.00,"Saint John, New Brunswick",8.23.7,v44409628
2014,89.00,"Saint John, New Brunswick",8.23.7,v44409628
2015,73.00,"Saint John, New Brunswick",8.23.7,v44409628
1998,3669.00,"Quebec",9.23.7,v44384183
1999,3829.00,"Quebec",9.23.7,v44384183
2000,4071.00,"Quebec",9.23.7,v44384183
2001,4568.00,"Quebec",9.23.7,v44384183
2002,4771.00,"Quebec",9.23.7,v44384183
2003,4877.00,"Quebec",9.23.7,v44384183
2004,5044.00,"Quebec",9.23.7,v44384183
2005,5370.00,"Quebec",9.23.7,v44384183
2006,5470.00,"Quebec",9.23.7,v44384183
2007,5323.00,"Quebec",9.23.7,v44384183
2008,5186.00,"Quebec",9.23.7,v44384183
2009,5425.00,"Quebec",9.23.7,v44384183
2010,5518.00,"Quebec",9.23.7,v44384183
2011,5236.00,"Quebec",9.23.7,v44384183
2012,5233.00,"Quebec",9.23.7,v44384183
2013,4846.00,"Quebec",9.23.7,v44384183
2014,4737.00,"Quebec",9.23.7,v44384183
2015,4727.00,"Quebec",9.23.7,v44384183
1998,71.00,"Saguenay, Quebec",10.23.7,v44404420
1999,49.00,"Saguenay, Quebec",10.23.7,v44404420
2000,72.00,"Saguenay, Quebec",10.23.7,v44404420
2001,52.00,"Saguenay, Quebec",10.23.7,v44404420
2002,57.00,"Saguenay, Quebec",10.23.7,v44404420
2003,55.00,"Saguenay, Quebec",10.23.7,v44404420
2004,75.00,"Saguenay, Quebec",10.23.7,v44404420
2005,54.00,"Saguenay, Quebec",10.23.7,v44404420
2006,73.00,"Saguenay, Quebec",10.23.7,v44404420
2007,116.00,"Saguenay, Quebec",10.23.7,v44404420
2008,82.00,"Saguenay, Quebec",10.23.7,v44404420
2009,112.00,"Saguenay, Quebec",10.23.7,v44404420
2010,105.00,"Saguenay, Quebec",10.23.7,v44404420
2011,103.00,"Saguenay, Quebec",10.23.7,v44404420
2012,129.00,"Saguenay, Quebec",10.23.7,v44404420
2013,108.00,"Saguenay, Quebec",10.23.7,v44404420
2014,111.00,"Saguenay, Quebec",10.23.7,v44404420
2015,122.00,"Saguenay, Quebec",10.23.7,v44404420
1998,179.00,"Quebec, Quebec",11.23.7,v44409249
1999,176.00,"Quebec, Quebec",11.23.7,v44409249
2000,228.00,"Quebec, Quebec",11.23.7,v44409249
2001,227.00,"Quebec, Quebec",11.23.7,v44409249
2002,207.00,"Quebec, Quebec",11.23.7,v44409249
2003,213.00,"Quebec, Quebec",11.23.7,v44409249
2004,215.00,"Quebec, Quebec",11.23.7,v44409249
2005,294.00,"Quebec, Quebec",11.23.7,v44409249
2006,387.00,"Quebec, Quebec",11.23.7,v44409249
2007,72.00,"Quebec, Quebec",11.23.7,v44409249
2008,73.00,"Quebec, Quebec",11.23.7,v44409249
2009,394.00,"Quebec, Quebec",11.23.7,v44409249
2010,401.00,"Quebec, Quebec",11.23.7,v44409249
2011,383.00,"Quebec, Quebec",11.23.7,v44409249
2012,394.00,"Quebec, Quebec",11.23.7,v44409249
2013,377.00,"Quebec, Quebec",11.23.7,v44409249
2014,328.00,"Quebec, Quebec",11.23.7,v44409249
2015,317.00,"Quebec, Quebec",11.23.7,v44409249
1998,36.00,"Sherbrooke, Quebec",12.23.7,v44382209
1999,28.00,"Sherbrooke, Quebec",12.23.7,v44382209
2000,34.00,"Sherbrooke, Quebec",12.23.7,v44382209
2001,37.00,"Sherbrooke, Quebec",12.23.7,v44382209
2002,49.00,"Sherbrooke, Quebec",12.23.7,v44382209
2003,69.00,"Sherbrooke, Quebec",12.23.7,v44382209
2004,47.00,"Sherbrooke, Quebec",12.23.7,v44382209
2005,65.00,"Sherbrooke, Quebec",12.23.7,v44382209
2006,116.00,"Sherbrooke, Quebec",12.23.7,v44382209
2007,73.00,"Sherbrooke, Quebec",12.23.7,v44382209
2008,82.00,"Sherbrooke, Quebec",12.23.7,v44382209
2009,121.00,"Sherbrooke, Quebec",12.23.7,v44382209
2010,103.00,"Sherbrooke, Quebec",12.23.7,v44382209
2011,111.00,"Sherbrooke, Quebec",12.23.7,v44382209
2012,124.00,"Sherbrooke, Quebec",12.23.7,v44382209
2013,71.00,"Sherbrooke, Quebec",12.23.7,v44382209
2014,94.00,"Sherbrooke, Quebec",12.23.7,v44382209
2015,70.00,"Sherbrooke, Quebec",12.23.7,v44382209
1998,2312.00,"Montreal, Quebec",14.23.7,v44414395
1999,2457.00,"Montreal, Quebec",14.23.7,v44414395
2000,2503.00,"Montreal, Quebec",14.23.7,v44414395
2001,2859.00,"Montreal, Quebec",14.23.7,v44414395
2002,2885.00,"Montreal, Quebec",14.23.7,v44414395
2003,2878.00,"Montreal, Quebec",14.23.7,v44414395
2004,3100.00,"Montreal, Quebec",14.23.7,v44414395
2005,3196.00,"Montreal, Quebec",14.23.7,v44414395
2006,3110.00,"Montreal, Quebec",14.23.7,v44414395
2007,3133.00,"Montreal, Quebec",14.23.7,v44414395
2008,2951.00,"Montreal, Quebec",14.23.7,v44414395
2009,2968.00,"Montreal, Quebec",14.23.7,v44414395
2010,2941.00,"Montreal, Quebec",14.23.7,v44414395
2011,2745.00,"Montreal, Quebec",14.23.7,v44414395
2012,2645.00,"Montreal, Quebec",14.23.7,v44414395
2013,2431.00,"Montreal, Quebec",14.23.7,v44414395
2014,2481.00,"Montreal, Quebec",14.23.7,v44414395
2015,2519.00,"Montreal, Quebec",14.23.7,v44414395
1998,125.00,"Ottawa-Gatineau, Quebec part",15.23.7,v44364372
1999,103.00,"Ottawa-Gatineau, Quebec part",15.23.7,v44364372
2000,126.00,"Ottawa-Gatineau, Quebec part",15.23.7,v44364372
2001,138.00,"Ottawa-Gatineau, Quebec part",15.23.7,v44364372
2002,189.00,"Ottawa-Gatineau, Quebec part",15.23.7,v44364372
2003,175.00,"Ottawa-Gatineau, Quebec part",15.23.7,v44364372
2004,174.00,"Ottawa-Gatineau, Quebec part",15.23.7,v44364372
2005,170.00,"Ottawa-Gatineau, Quebec part",15.23.7,v44364372
2006,155.00,"Ottawa-Gatineau, Quebec part",15.23.7,v44364372
2007,157.00,"Ottawa-Gatineau, Quebec part",15.23.7,v44364372
2008,215.00,"Ottawa-Gatineau, Quebec part",15.23.7,v44364372
2009,164.00,"Ottawa-Gatineau, Quebec part",15.23.7,v44364372
2010,190.00,"Ottawa-Gatineau, Quebec part",15.23.7,v44364372
2011,195.00,"Ottawa-Gatineau, Quebec part",15.23.7,v44364372
2012,180.00,"Ottawa-Gatineau, Quebec part",15.23.7,v44364372
2013,158.00,"Ottawa-Gatineau, Quebec part",15.23.7,v44364372
2014,173.00,"Ottawa-Gatineau, Quebec part",15.23.7,v44364372
2015,203.00,"Ottawa-Gatineau, Quebec part",15.23.7,v44364372
1998,8675.00,"Ontario",16.23.7,v44401398
1999,8654.00,"Ontario",16.23.7,v44401398
2000,9835.00,"Ontario",16.23.7,v44401398
2001,10449.00,"Ontario",16.23.7,v44401398
2002,10505.00,"Ontario",16.23.7,v44401398
2003,9854.00,"Ontario",16.23.7,v44401398
2004,10151.00,"Ontario",16.23.7,v44401398
2005,10480.00,"Ontario",16.23.7,v44401398
2006,10441.00,"Ontario",16.23.7,v44401398
2007,10367.00,"Ontario",16.23.7,v44401398
2008,10079.00,"Ontario",16.23.7,v44401398
2009,9987.00,"Ontario",16.23.7,v44401398
2010,9554.00,"Ontario",16.23.7,v44401398
2011,9379.00,"Ontario",16.23.7,v44401398
2012,9215.00,"Ontario",16.23.7,v44401398
2013,8335.00,"Ontario",16.23.7,v44401398
2014,8179.00,"Ontario",16.23.7,v44401398
2015,8356.00,"Ontario",16.23.7,v44401398
1998,587.00,"Ottawa-Gatineau, Ontario/Quebec",17.23.7,v52149269
1999,531.00,"Ottawa-Gatineau, Ontario/Quebec",17.23.7,v52149269
2000,681.00,"Ottawa-Gatineau, Ontario/Quebec",17.23.7,v52149269
2001,703.00,"Ottawa-Gatineau, Ontario/Quebec",17.23.7,v52149269
2002,682.00,"Ottawa-Gatineau, Ontario/Quebec",17.23.7,v52149269
2003,696.00,"Ottawa-Gatineau, Ontario/Quebec",17.23.7,v52149269
2004,688.00,"Ottawa-Gatineau, Ontario/Quebec",17.23.7,v52149269
2005,588.00,"Ottawa-Gatineau, Ontario/Quebec",17.23.7,v52149269
2006,536.00,"Ottawa-Gatineau, Ontario/Quebec",17.23.7,v52149269
2007,556.00,"Ottawa-Gatineau, Ontario/Quebec",17.23.7,v52149269
2008,617.00,"Ottawa-Gatineau, Ontario/Quebec",17.23.7,v52149269
2009,525.00,"Ottawa-Gatineau, Ontario/Quebec",17.23.7,v52149269
2010,521.00,"Ottawa-Gatineau, Ontario/Quebec",17.23.7,v52149269
2011,494.00,"Ottawa-Gatineau, Ontario/Quebec",17.23.7,v52149269
2012,488.00,"Ottawa-Gatineau, Ontario/Quebec",17.23.7,v52149269
2013,427.00,"Ottawa-Gatineau, Ontario/Quebec",17.23.7,v52149269
2014,427.00,"Ottawa-Gatineau, Ontario/Quebec",17.23.7,v52149269
2015,460.00,"Ottawa-Gatineau, Ontario/Quebec",17.23.7,v52149269
1998,462.00,"Ottawa-Gatineau, Ontario part",18.23.7,v44331400
1999,428.00,"Ottawa-Gatineau, Ontario part",18.23.7,v44331400
2000,555.00,"Ottawa-Gatineau, Ontario part",18.23.7,v44331400
2001,565.00,"Ottawa-Gatineau, Ontario part",18.23.7,v44331400
2002,493.00,"Ottawa-Gatineau, Ontario part",18.23.7,v44331400
2003,521.00,"Ottawa-Gatineau, Ontario part",18.23.7,v44331400
2004,514.00,"Ottawa-Gatineau, Ontario part",18.23.7,v44331400
2005,418.00,"Ottawa-Gatineau, Ontario part",18.23.7,v44331400
2006,381.00,"Ottawa-Gatineau, Ontario part",18.23.7,v44331400
2007,399.00,"Ottawa-Gatineau, Ontario part",18.23.7,v44331400
2008,402.00,"Ottawa-Gatineau, Ontario part",18.23.7,v44331400
2009,361.00,"Ottawa-Gatineau, Ontario part",18.23.7,v44331400
2010,331.00,"Ottawa-Gatineau, Ontario part",18.23.7,v44331400
2011,299.00,"Ottawa-Gatineau, Ontario part",18.23.7,v44331400
2012,308.00,"Ottawa-Gatineau, Ontario part",18.23.7,v44331400
2013,269.00,"Ottawa-Gatineau, Ontario part",18.23.7,v44331400
2014,254.00,"Ottawa-Gatineau, Ontario part",18.23.7,v44331400
2015,257.00,"Ottawa-Gatineau, Ontario part",18.23.7,v44331400
2000,..,"Kingston, Ontario",27.23.7,v44330982
2001,83.00,"Kingston, Ontario",27.23.7,v44330982
2002,91.00,"Kingston, Ontario",27.23.7,v44330982
2003,87.00,"Kingston, Ontario",27.23.7,v44330982
2004,67.00,"Kingston, Ontario",27.23.7,v44330982
2005,85.00,"Kingston, Ontario",27.23.7,v44330982
2006,109.00,"Kingston, Ontario",27.23.7,v44330982
2007,130.00,"Kingston, Ontario",27.23.7,v44330982
2008,100.00,"Kingston, Ontario",27.23.7,v44330982
2009,105.00,"Kingston, Ontario",27.23.7,v44330982
2010,108.00,"Kingston, Ontario",27.23.7,v44330982
2011,90.00,"Kingston, Ontario",27.23.7,v44330982
2012,107.00,"Kingston, Ontario",27.23.7,v44330982
2013,96.00,"Kingston, Ontario",27.23.7,v44330982
2014,103.00,"Kingston, Ontario",27.23.7,v44330982
2015,74.00,"Kingston, Ontario",27.23.7,v44330982
2005,..,"Peterborough, Ontario",44.23.7,v52120042
2006,102.00,"Peterborough, Ontario",44.23.7,v52120042
2007,73.00,"Peterborough, Ontario",44.23.7,v52120042
2008,78.00,"Peterborough, Ontario",44.23.7,v52120042
2009,66.00,"Peterborough, Ontario",44.23.7,v52120042
2010,68.00,"Peterborough, Ontario",44.23.7,v52120042
2011,69.00,"Peterborough, Ontario",44.23.7,v52120042
2012,86.00,"Peterborough, Ontario",44.23.7,v52120042
2013,80.00,"Peterborough, Ontario",44.23.7,v52120042
2014,81.00,"Peterborough, Ontario",44.23.7,v52120042
2015,75.00,"Peterborough, Ontario",44.23.7,v52120042
1998,4045.00,"Toronto, Ontario",19.23.7,v44359847
1999,4019.00,"Toronto, Ontario",19.23.7,v44359847
2000,4786.00,"Toronto, Ontario",19.23.7,v44359847
2001,4903.00,"Toronto, Ontario",19.23.7,v44359847
2002,4791.00,"Toronto, Ontario",19.23.7,v44359847
2003,4366.00,"Toronto, Ontario",19.23.7,v44359847
2004,4445.00,"Toronto, Ontario",19.23.7,v44359847
2005,4921.00,"Toronto, Ontario",19.23.7,v44359847
2006,4563.00,"Toronto, Ontario",19.23.7,v44359847
2007,4433.00,"Toronto, Ontario",19.23.7,v44359847
2008,4315.00,"Toronto, Ontario",19.23.7,v44359847
2009,4223.00,"Toronto, Ontario",19.23.7,v44359847
2010,4044.00,"Toronto, Ontario",19.23.7,v44359847
2011,3975.00,"Toronto, Ontario",19.23.7,v44359847
2012,3771.00,"Toronto, Ontario",19.23.7,v44359847
2013,3444.00,"Toronto, Ontario",19.23.7,v44359847
2014,3264.00,"Toronto, Ontario",19.23.7,v44359847
2015,3502.00,"Toronto, Ontario",19.23.7,v44359847
1998,538.00,"Hamilton, Ontario",20.23.7,v44346955
1999,510.00,"Hamilton, Ontario",20.23.7,v44346955
2000,474.00,"Hamilton, Ontario",20.23.7,v44346955
2001,486.00,"Hamilton, Ontario",20.23.7,v44346955
2002,496.00,"Hamilton, Ontario",20.23.7,v44346955
2003,416.00,"Hamilton, Ontario",20.23.7,v44346955
2004,375.00,"Hamilton, Ontario",20.23.7,v44346955
2005,405.00,"Hamilton, Ontario",20.23.7,v44346955
2006,370.00,"Hamilton, Ontario",20.23.7,v44346955
2007,403.00,"Hamilton, Ontario",20.23.7,v44346955
2008,417.00,"Hamilton, Ontario",20.23.7,v44346955
2009,442.00,"Hamilton, Ontario",20.23.7,v44346955
2010,483.00,"Hamilton, Ontario",20.23.7,v44346955
2011,535.00,"Hamilton, Ontario",20.23.7,v44346955
2012,465.00,"Hamilton, Ontario",20.23.7,v44346955
2013,440.00,"Hamilton, Ontario",20.23.7,v44346955
2014,455.00,"Hamilton, Ontario",20.23.7,v44346955
2015,418.00,"Hamilton, Ontario",20.23.7,v44346955
1998,242.00,"St.Catharines-Niagara, Ontario",21.23.7,v44359084
1999,228.00,"St.Catharines-Niagara, Ontario",21.23.7,v44359084
2000,251.00,"St.Catharines-Niagara, Ontario",21.23.7,v44359084
2001,322.00,"St.Catharines-Niagara, Ontario",21.23.7,v44359084
2002,293.00,"St.Catharines-Niagara, Ontario",21.23.7,v44359084
2003,236.00,"St.Catharines-Niagara, Ontario",21.23.7,v44359084
2004,268.00,"St.Catharines-Niagara, Ontario",21.23.7,v44359084
2005,248.00,"St.Catharines-Niagara, Ontario",21.23.7,v44359084
2006,289.00,"St.Catharines-Niagara, Ontario",21.23.7,v44359084
2007,254.00,"St.Catharines-Niagara, Ontario",21.23.7,v44359084
2008,330.00,"St.Catharines-Niagara, Ontario",21.23.7,v44359084
2009,297.00,"St.Catharines-Niagara, Ontario",21.23.7,v44359084
2010,295.00,"St.Catharines-Niagara, Ontario",21.23.7,v44359084
2011,280.00,"St.Catharines-Niagara, Ontario",21.23.7,v44359084
2012,262.00,"St.Catharines-Niagara, Ontario",21.23.7,v44359084
2013,276.00,"St.Catharines-Niagara, Ontario",21.23.7,v44359084
2014,250.00,"St.Catharines-Niagara, Ontario",21.23.7,v44359084
2015,237.00,"St.Catharines-Niagara, Ontario",21.23.7,v44359084
1998,325.00,"Kitchener-Cambridge-Waterloo, Ontario",22.23.7,v44362596
1999,323.00,"Kitchener-Cambridge-Waterloo, Ontario",22.23.7,v44362596
2000,323.00,"Kitchener-Cambridge-Waterloo, Ontario",22.23.7,v44362596
2001,372.00,"Kitchener-Cambridge-Waterloo, Ontario",22.23.7,v44362596
2002,352.00,"Kitchener-Cambridge-Waterloo, Ontario",22.23.7,v44362596
2003,332.00,"Kitchener-Cambridge-Waterloo, Ontario",22.23.7,v44362596
2004,425.00,"Kitchener-Cambridge-Waterloo, Ontario",22.23.7,v44362596
2005,378.00,"Kitchener-Cambridge-Waterloo, Ontario",22.23.7,v44362596
2006,470.00,"Kitchener-Cambridge-Waterloo, Ontario",22.23.7,v44362596
2007,396.00,"Kitchener-Cambridge-Waterloo, Ontario",22.23.7,v44362596
2008,422.00,"Kitchener-Cambridge-Waterloo, Ontario",22.23.7,v44362596
2009,376.00,"Kitchener-Cambridge-Waterloo, Ontario",22.23.7,v44362596
2010,439.00,"Kitchener-Cambridge-Waterloo, Ontario",22.23.7,v44362596
2011,388.00,"Kitchener-Cambridge-Waterloo, Ontario",22.23.7,v44362596
2012,428.00,"Kitchener-Cambridge-Waterloo, Ontario",22.23.7,v44362596
2013,347.00,"Kitchener-Cambridge-Waterloo, Ontario",22.23.7,v44362596
2014,342.00,"Kitchener-Cambridge-Waterloo, Ontario",22.23.7,v44362596
2015,363.00,"Kitchener-Cambridge-Waterloo, Ontario",22.23.7,v44362596
2005,..,"Brantford, Ontario",45.23.7,v52125304
2006,145.00,"Brantford, Ontario",45.23.7,v52125304
2007,159.00,"Brantford, Ontario",45.23.7,v52125304
2008,144.00,"Brantford, Ontario",45.23.7,v52125304
2009,151.00,"Brantford, Ontario",45.23.7,v52125304
2010,166.00,"Brantford, Ontario",45.23.7,v52125304
2011,125.00,"Brantford, Ontario",45.23.7,v52125304
2012,146.00,"Brantford, Ontario",45.23.7,v52125304
2013,115.00,"Brantford, Ontario",45.23.7,v52125304
2014,152.00,"Brantford, Ontario",45.23.7,v52125304
2015,148.00,"Brantford, Ontario",45.23.7,v52125304
2005,..,"Guelph, Ontario",46.23.7,v52126386
2006,106.00,"Guelph, Ontario",46.23.7,v52126386
2007,101.00,"Guelph, Ontario",46.23.7,v52126386
2008,92.00,"Guelph, Ontario",46.23.7,v52126386
2009,100.00,"Guelph, Ontario",46.23.7,v52126386
2010,114.00,"Guelph, Ontario",46.23.7,v52126386
2011,83.00,"Guelph, Ontario",46.23.7,v52126386
2012,63.00,"Guelph, Ontario",46.23.7,v52126386
2013,65.00,"Guelph, Ontario",46.23.7,v52126386
2014,78.00,"Guelph, Ontario",46.23.7,v52126386
2015,77.00,"Guelph, Ontario",46.23.7,v52126386
1998,346.00,"London, Ontario",23.23.7,v44349386
1999,338.00,"London, Ontario",23.23.7,v44349386
2000,336.00,"London, Ontario",23.23.7,v44349386
2001,347.00,"London, Ontario",23.23.7,v44349386
2002,378.00,"London, Ontario",23.23.7,v44349386
2003,306.00,"London, Ontario",23.23.7,v44349386
2004,339.00,"London, Ontario",23.23.7,v44349386
2005,338.00,"London, Ontario",23.23.7,v44349386
2006,347.00,"London, Ontario",23.23.7,v44349386
2007,378.00,"London, Ontario",23.23.7,v44349386
2008,338.00,"London, Ontario",23.23.7,v44349386
2009,367.00,"London, Ontario",23.23.7,v44349386
2010,356.00,"London, Ontario",23.23.7,v44349386
2011,321.00,"London, Ontario",23.23.7,v44349386
2012,343.00,"London, Ontario",23.23.7,v44349386
2013,284.00,"London, Ontario",23.23.7,v44349386
2014,299.00,"London, Ontario",23.23.7,v44349386
2015,333.00,"London, Ontario",23.23.7,v44349386
1998,159.00,"Windsor, Ontario",24.23.7,v44413651
1999,122.00,"Windsor, Ontario",24.23.7,v44413651
2000,176.00,"Windsor, Ontario",24.23.7,v44413651
2001,192.00,"Windsor, Ontario",24.23.7,v44413651
2002,176.00,"Windsor, Ontario",24.23.7,v44413651
2003,210.00,"Windsor, Ontario",24.23.7,v44413651
2004,207.00,"Windsor, Ontario",24.23.7,v44413651
2005,236.00,"Windsor, Ontario",24.23.7,v44413651
2006,220.00,"Windsor, Ontario",24.23.7,v44413651
2007,259.00,"Windsor, Ontario",24.23.7,v44413651
2008,261.00,"Windsor, Ontario",24.23.7,v44413651
2009,224.00,"Windsor, Ontario",24.23.7,v44413651
2010,211.00,"Windsor, Ontario",24.23.7,v44413651
2011,193.00,"Windsor, Ontario",24.23.7,v44413651
2012,229.00,"Windsor, Ontario",24.23.7,v44413651
2013,185.00,"Windsor, Ontario",24.23.7,v44413651
2014,218.00,"Windsor, Ontario",24.23.7,v44413651
2015,204.00,"Windsor, Ontario",24.23.7,v44413651
2005,..,"Barrie, Ontario",47.23.7,v52143733
2006,142.00,"Barrie, Ontario",47.23.7,v52143733
2007,130.00,"Barrie, Ontario",47.23.7,v52143733
2008,123.00,"Barrie, Ontario",47.23.7,v52143733
2009,144.00,"Barrie, Ontario",47.23.7,v52143733
2010,132.00,"Barrie, Ontario",47.23.7,v52143733
2011,109.00,"Barrie, Ontario",47.23.7,v52143733
2012,112.00,"Barrie, Ontario",47.23.7,v52143733
2013,107.00,"Barrie, Ontario",47.23.7,v52143733
2014,109.00,"Barrie, Ontario",47.23.7,v52143733
2015,117.00,"Barrie, Ontario",47.23.7,v52143733
1998,150.00,"Sudbury, Ontario",25.23.7,v44340672
1999,191.00,"Sudbury, Ontario",25.23.7,v44340672
2000,150.00,"Sudbury, Ontario",25.23.7,v44340672
2001,201.00,"Sudbury, Ontario",25.23.7,v44340672
2002,178.00,"Sudbury, Ontario",25.23.7,v44340672
2003,171.00,"Sudbury, Ontario",25.23.7,v44340672
2004,172.00,"Sudbury, Ontario",25.23.7,v44340672
2005,166.00,"Sudbury, Ontario",25.23.7,v44340672
2006,221.00,"Sudbury, Ontario",25.23.7,v44340672
2007,232.00,"Sudbury, Ontario",25.23.7,v44340672
2008,192.00,"Sudbury, Ontario",25.23.7,v44340672
2009,185.00,"Sudbury, Ontario",25.23.7,v44340672
2010,191.00,"Sudbury, Ontario",25.23.7,v44340672
2011,205.00,"Sudbury, Ontario",25.23.7,v44340672
2012,170.00,"Sudbury, Ontario",25.23.7,v44340672
2013,159.00,"Sudbury, Ontario",25.23.7,v44340672
2014,150.00,"Sudbury, Ontario",25.23.7,v44340672
2015,144.00,"Sudbury, Ontario",25.23.7,v44340672
1998,207.00,"Thunder Bay, Ontario",26.23.7,v44338257
1999,189.00,"Thunder Bay, Ontario",26.23.7,v44338257
2000,177.00,"Thunder Bay, Ontario",26.23.7,v44338257
2001,194.00,"Thunder Bay, Ontario",26.23.7,v44338257
2002,225.00,"Thunder Bay, Ontario",26.23.7,v44338257
2003,164.00,"Thunder Bay, Ontario",26.23.7,v44338257
2004,169.00,"Thunder Bay, Ontario",26.23.7,v44338257
2005,185.00,"Thunder Bay, Ontario",26.23.7,v44338257
2006,201.00,"Thunder Bay, Ontario",26.23.7,v44338257
2007,193.00,"Thunder Bay, Ontario",26.23.7,v44338257
2008,168.00,"Thunder Bay, Ontario",26.23.7,v44338257
2009,167.00,"Thunder Bay, Ontario",26.23.7,v44338257
2010,171.00,"Thunder Bay, Ontario",26.23.7,v44338257
2011,177.00,"Thunder Bay, Ontario",26.23.7,v44338257
2012,134.00,"Thunder Bay, Ontario",26.23.7,v44338257
2013,126.00,"Thunder Bay, Ontario",26.23.7,v44338257
2014,133.00,"Thunder Bay, Ontario",26.23.7,v44338257
2015,118.00,"Thunder Bay, Ontario",26.23.7,v44338257
1998,2211.00,"Manitoba",28.23.7,v44413244
1999,2049.00,"Manitoba",28.23.7,v44413244
2000,2337.00,"Manitoba",28.23.7,v44413244
2001,2453.00,"Manitoba",28.23.7,v44413244
2002,2369.00,"Manitoba",28.23.7,v44413244
2003,2357.00,"Manitoba",28.23.7,v44413244
2004,2228.00,"Manitoba",28.23.7,v44413244
2005,2183.00,"Manitoba",28.23.7,v44413244
2006,2281.00,"Manitoba",28.23.7,v44413244
2007,2291.00,"Manitoba",28.23.7,v44413244
2008,2209.00,"Manitoba",28.23.7,v44413244
2009,2288.00,"Manitoba",28.23.7,v44413244
2010,2138.00,"Manitoba",28.23.7,v44413244
2011,2286.00,"Manitoba",28.23.7,v44413244
2012,2449.00,"Manitoba",28.23.7,v44413244
2013,2164.00,"Manitoba",28.23.7,v44413244
2014,2095.00,"Manitoba",28.23.7,v44413244
2015,2285.00,"Manitoba",28.23.7,v44413244
1998,1132.00,"Winnipeg, Manitoba",29.23.7,v44335013
1999,1132.00,"Winnipeg, Manitoba",29.23.7,v44335013
2000,1222.00,"Winnipeg, Manitoba",29.23.7,v44335013
2001,1154.00,"Winnipeg, Manitoba",29.23.7,v44335013
2002,1141.00,"Winnipeg, Manitoba",29.23.7,v44335013
2003,1031.00,"Winnipeg, Manitoba",29.23.7,v44335013
2004,1029.00,"Winnipeg, Manitoba",29.23.7,v44335013
2005,964.00,"Winnipeg, Manitoba",29.23.7,v44335013
2006,1058.00,"Winnipeg, Manitoba",29.23.7,v44335013
2007,1066.00,"Winnipeg, Manitoba",29.23.7,v44335013
2008,1027.00,"Winnipeg, Manitoba",29.23.7,v44335013
2009,1067.00,"Winnipeg, Manitoba",29.23.7,v44335013
2010,982.00,"Winnipeg, Manitoba",29.23.7,v44335013
2011,931.00,"Winnipeg, Manitoba",29.23.7,v44335013
2012,900.00,"Winnipeg, Manitoba",29.23.7,v44335013
2013,826.00,"Winnipeg, Manitoba",29.23.7,v44335013
2014,773.00,"Winnipeg, Manitoba",29.23.7,v44335013
2015,831.00,"Winnipeg, Manitoba",29.23.7,v44335013
1998,1444.00,"Saskatchewan",30.23.7,v44379632
1999,1530.00,"Saskatchewan",30.23.7,v44379632
2000,1759.00,"Saskatchewan",30.23.7,v44379632
2001,2092.00,"Saskatchewan",30.23.7,v44379632
2002,1948.00,"Saskatchewan",30.23.7,v44379632
2003,2378.00,"Saskatchewan",30.23.7,v44379632
2004,1991.00,"Saskatchewan",30.23.7,v44379632
2005,2048.00,"Saskatchewan",30.23.7,v44379632
2006,2203.00,"Saskatchewan",30.23.7,v44379632
2007,2322.00,"Saskatchewan",30.23.7,v44379632
2008,2200.00,"Saskatchewan",30.23.7,v44379632
2009,1989.00,"Saskatchewan",30.23.7,v44379632
2010,1854.00,"Saskatchewan",30.23.7,v44379632
2011,1870.00,"Saskatchewan",30.23.7,v44379632
2012,1937.00,"Saskatchewan",30.23.7,v44379632
2013,2004.00,"Saskatchewan",30.23.7,v44379632
2014,2016.00,"Saskatchewan",30.23.7,v44379632
2015,2215.00,"Saskatchewan",30.23.7,v44379632
1998,567.00,"Regina, Saskatchewan",31.23.7,v44363502
1999,628.00,"Regina, Saskatchewan",31.23.7,v44363502
2000,580.00,"Regina, Saskatchewan",31.23.7,v44363502
2001,564.00,"Regina, Saskatchewan",31.23.7,v44363502
2002,488.00,"Regina, Saskatchewan",31.23.7,v44363502
2003,504.00,"Regina, Saskatchewan",31.23.7,v44363502
2004,489.00,"Regina, Saskatchewan",31.23.7,v44363502
2005,507.00,"Regina, Saskatchewan",31.23.7,v44363502
2006,502.00,"Regina, Saskatchewan",31.23.7,v44363502
2007,535.00,"Regina, Saskatchewan",31.23.7,v44363502
2008,467.00,"Regina, Saskatchewan",31.23.7,v44363502
2009,445.00,"Regina, Saskatchewan",31.23.7,v44363502
2010,373.00,"Regina, Saskatchewan",31.23.7,v44363502
2011,398.00,"Regina, Saskatchewan",31.23.7,v44363502
2012,348.00,"Regina, Saskatchewan",31.23.7,v44363502
2013,368.00,"Regina, Saskatchewan",31.23.7,v44363502
2014,377.00,"Regina, Saskatchewan",31.23.7,v44363502
2015,399.00,"Regina, Saskatchewan",31.23.7,v44363502
1998,319.00,"Saskatoon, Saskatchewan",32.23.7,v44326869
1999,281.00,"Saskatoon, Saskatchewan",32.23.7,v44326869
2000,341.00,"Saskatoon, Saskatchewan",32.23.7,v44326869
2001,381.00,"Saskatoon, Saskatchewan",32.23.7,v44326869
2002,383.00,"Saskatoon, Saskatchewan",32.23.7,v44326869
2003,382.00,"Saskatoon, Saskatchewan",32.23.7,v44326869
2004,323.00,"Saskatoon, Saskatchewan",32.23.7,v44326869
2005,330.00,"Saskatoon, Saskatchewan",32.23.7,v44326869
2006,311.00,"Saskatoon, Saskatchewan",32.23.7,v44326869
2007,345.00,"Saskatoon, Saskatchewan",32.23.7,v44326869
2008,345.00,"Saskatoon, Saskatchewan",32.23.7,v44326869
2009,310.00,"Saskatoon, Saskatchewan",32.23.7,v44326869
2010,285.00,"Saskatoon, Saskatchewan",32.23.7,v44326869
2011,319.00,"Saskatoon, Saskatchewan",32.23.7,v44326869
2012,335.00,"Saskatoon, Saskatchewan",32.23.7,v44326869
2013,311.00,"Saskatoon, Saskatchewan",32.23.7,v44326869
2014,293.00,"Saskatoon, Saskatchewan",32.23.7,v44326869
2015,327.00,"Saskatoon, Saskatchewan",32.23.7,v44326869
1998,2740.00,"Alberta",33.23.7,v44350816
1999,2618.00,"Alberta",33.23.7,v44350816
2000,2722.00,"Alberta",33.23.7,v44350816
2001,2924.00,"Alberta",33.23.7,v44350816
2002,2903.00,"Alberta",33.23.7,v44350816
2003,2970.00,"Alberta",33.23.7,v44350816
2004,3092.00,"Alberta",33.23.7,v44350816
2005,3276.00,"Alberta",33.23.7,v44350816
2006,3695.00,"Alberta",33.23.7,v44350816
2007,3767.00,"Alberta",33.23.7,v44350816
2008,3803.00,"Alberta",33.23.7,v44350816
2009,3678.00,"Alberta",33.23.7,v44350816
2010,3624.00,"Alberta",33.23.7,v44350816
2011,3596.00,"Alberta",33.23.7,v44350816
2012,3679.00,"Alberta",33.23.7,v44350816
2013,3660.00,"Alberta",33.23.7,v44350816
2014,3743.00,"Alberta",33.23.7,v44350816
2015,4052.00,"Alberta",33.23.7,v44350816
1998,728.00,"Calgary, Alberta",34.23.7,v44396012
1999,686.00,"Calgary, Alberta",34.23.7,v44396012
2000,665.00,"Calgary, Alberta",34.23.7,v44396012
2001,782.00,"Calgary, Alberta",34.23.7,v44396012
2002,698.00,"Calgary, Alberta",34.23.7,v44396012
2003,778.00,"Calgary, Alberta",34.23.7,v44396012
2004,859.00,"Calgary, Alberta",34.23.7,v44396012
2005,854.00,"Calgary, Alberta",34.23.7,v44396012
2006,829.00,"Calgary, Alberta",34.23.7,v44396012
2007,770.00,"Calgary, Alberta",34.23.7,v44396012
2008,783.00,"Calgary, Alberta",34.23.7,v44396012
2009,702.00,"Calgary, Alberta",34.23.7,v44396012
2010,757.00,"Calgary, Alberta",34.23.7,v44396012
2011,677.00,"Calgary, Alberta",34.23.7,v44396012
2012,611.00,"Calgary, Alberta",34.23.7,v44396012
2013,692.00,"Calgary, Alberta",34.23.7,v44396012
2014,681.00,"Calgary, Alberta",34.23.7,v44396012
2015,738.00,"Calgary, Alberta",34.23.7,v44396012
1998,1140.00,"Edmonton, Alberta",35.23.7,v44346810
1999,956.00,"Edmonton, Alberta",35.23.7,v44346810
2000,1097.00,"Edmonton, Alberta",35.23.7,v44346810
2001,1012.00,"Edmonton, Alberta",35.23.7,v44346810
2002,994.00,"Edmonton, Alberta",35.23.7,v44346810
2003,872.00,"Edmonton, Alberta",35.23.7,v44346810
2004,831.00,"Edmonton, Alberta",35.23.7,v44346810
2005,882.00,"Edmonton, Alberta",35.23.7,v44346810
2006,997.00,"Edmonton, Alberta",35.23.7,v44346810
2007,995.00,"Edmonton, Alberta",35.23.7,v44346810
2008,1057.00,"Edmonton, Alberta",35.23.7,v44346810
2009,1063.00,"Edmonton, Alberta",35.23.7,v44346810
2010,1046.00,"Edmonton, Alberta",35.23.7,v44346810
2011,1112.00,"Edmonton, Alberta",35.23.7,v44346810
2012,1193.00,"Edmonton, Alberta",35.23.7,v44346810
2013,1229.00,"Edmonton, Alberta",35.23.7,v44346810
2014,1235.00,"Edmonton, Alberta",35.23.7,v44346810
2015,1378.00,"Edmonton, Alberta",35.23.7,v44346810
1998,3681.00,"British Columbia",36.23.7,v44374511
1999,3593.00,"British Columbia",36.23.7,v44374511
2000,3568.00,"British Columbia",36.23.7,v44374511
2001,3530.00,"British Columbia",36.23.7,v44374511
2002,3475.00,"British Columbia",36.23.7,v44374511
2003,3318.00,"British Columbia",36.23.7,v44374511
2004,3315.00,"British Columbia",36.23.7,v44374511
2005,3195.00,"British Columbia",36.23.7,v44374511
2006,3530.00,"British Columbia",36.23.7,v44374511
2007,3511.00,"British Columbia",36.23.7,v44374511
2008,3700.00,"British Columbia",36.23.7,v44374511
2009,3652.00,"British Columbia",36.23.7,v44374511
2010,3876.00,"British Columbia",36.23.7,v44374511
2011,3692.00,"British Columbia",36.23.7,v44374511
2012,3468.00,"British Columbia",36.23.7,v44374511
2013,3387.00,"British Columbia",36.23.7,v44374511
2014,3134.00,"British Columbia",36.23.7,v44374511
2015,3328.00,"British Columbia",36.23.7,v44374511
2005,..,"Kelowna, British Columbia",48.23.7,v52143210
2006,118.00,"Kelowna, British Columbia",48.23.7,v52143210
2007,90.00,"Kelowna, British Columbia",48.23.7,v52143210
2008,119.00,"Kelowna, British Columbia",48.23.7,v52143210
2009,145.00,"Kelowna, British Columbia",48.23.7,v52143210
2010,145.00,"Kelowna, British Columbia",48.23.7,v52143210
2011,108.00,"Kelowna, British Columbia",48.23.7,v52143210
2012,117.00,"Kelowna, British Columbia",48.23.7,v52143210
2013,128.00,"Kelowna, British Columbia",48.23.7,v52143210
2014,107.00,"Kelowna, British Columbia",48.23.7,v52143210
2015,114.00,"Kelowna, British Columbia",48.23.7,v52143210
2000,..,"Abbotsford-Mission, British Columbia",39.23.7,v44326872
2001,106.00,"Abbotsford-Mission, British Columbia",39.23.7,v44326872
2002,99.00,"Abbotsford-Mission, British Columbia",39.23.7,v44326872
2003,98.00,"Abbotsford-Mission, British Columbia",39.23.7,v44326872
2004,111.00,"Abbotsford-Mission, British Columbia",39.23.7,v44326872
2005,118.00,"Abbotsford-Mission, British Columbia",39.23.7,v44326872
2006,142.00,"Abbotsford-Mission, British Columbia",39.23.7,v44326872
2007,161.00,"Abbotsford-Mission, British Columbia",39.23.7,v44326872
2008,149.00,"Abbotsford-Mission, British Columbia",39.23.7,v44326872
2009,113.00,"Abbotsford-Mission, British Columbia",39.23.7,v44326872
2010,123.00,"Abbotsford-Mission, British Columbia",39.23.7,v44326872
2011,135.00,"Abbotsford-Mission, British Columbia",39.23.7,v44326872
2012,103.00,"Abbotsford-Mission, British Columbia",39.23.7,v44326872
2013,129.00,"Abbotsford-Mission, British Columbia",39.23.7,v44326872
2014,92.00,"Abbotsford-Mission, British Columbia",39.23.7,v44326872
2015,120.00,"Abbotsford-Mission, British Columbia",39.23.7,v44326872
1998,1552.00,"Vancouver, British Columbia",37.23.7,v44417225
1999,1525.00,"Vancouver, British Columbia",37.23.7,v44417225
2000,1556.00,"Vancouver, British Columbia",37.23.7,v44417225
2001,1381.00,"Vancouver, British Columbia",37.23.7,v44417225
2002,1512.00,"Vancouver, British Columbia",37.23.7,v44417225
2003,1454.00,"Vancouver, British Columbia",37.23.7,v44417225
2004,1337.00,"Vancouver, British Columbia",37.23.7,v44417225
2005,1311.00,"Vancouver, British Columbia",37.23.7,v44417225
2006,1485.00,"Vancouver, British Columbia",37.23.7,v44417225
2007,1551.00,"Vancouver, British Columbia",37.23.7,v44417225
2008,1519.00,"Vancouver, British Columbia",37.23.7,v44417225
2009,1489.00,"Vancouver, British Columbia",37.23.7,v44417225
2010,1644.00,"Vancouver, British Columbia",37.23.7,v44417225
2011,1603.00,"Vancouver, British Columbia",37.23.7,v44417225
2012,1489.00,"Vancouver, British Columbia",37.23.7,v44417225
2013,1418.00,"Vancouver, British Columbia",37.23.7,v44417225
2014,1304.00,"Vancouver, British Columbia",37.23.7,v44417225
2015,1384.00,"Vancouver, British Columbia",37.23.7,v44417225
1998,337.00,"Victoria, British Columbia",38.23.7,v44374085
1999,317.00,"Victoria, British Columbia",38.23.7,v44374085
2000,294.00,"Victoria, British Columbia",38.23.7,v44374085
2001,257.00,"Victoria, British Columbia",38.23.7,v44374085
2002,252.00,"Victoria, British Columbia",38.23.7,v44374085
2003,209.00,"Victoria, British Columbia",38.23.7,v44374085
2004,241.00,"Victoria, British Columbia",38.23.7,v44374085
2005,248.00,"Victoria, British Columbia",38.23.7,v44374085
2006,272.00,"Victoria, British Columbia",38.23.7,v44374085
2007,194.00,"Victoria, British Columbia",38.23.7,v44374085
2008,222.00,"Victoria, British Columbia",38.23.7,v44374085
2009,287.00,"Victoria, British Columbia",38.23.7,v44374085
2010,279.00,"Victoria, British Columbia",38.23.7,v44374085
2011,201.00,"Victoria, British Columbia",38.23.7,v44374085
2012,198.00,"Victoria, British Columbia",38.23.7,v44374085
2013,217.00,"Victoria, British Columbia",38.23.7,v44374085
2014,218.00,"Victoria, British Columbia",38.23.7,v44374085
2015,212.00,"Victoria, British Columbia",38.23.7,v44374085
1998,54.00,"Yukon",40.23.7,v44389111
1999,61.00,"Yukon",40.23.7,v44389111
2000,64.00,"Yukon",40.23.7,v44389111
2001,84.00,"Yukon",40.23.7,v44389111
2002,74.00,"Yukon",40.23.7,v44389111
2003,75.00,"Yukon",40.23.7,v44389111
2004,92.00,"Yukon",40.23.7,v44389111
2005,93.00,"Yukon",40.23.7,v44389111
2006,92.00,"Yukon",40.23.7,v44389111
2007,105.00,"Yukon",40.23.7,v44389111
2008,103.00,"Yukon",40.23.7,v44389111
2009,93.00,"Yukon",40.23.7,v44389111
2010,83.00,"Yukon",40.23.7,v44389111
2011,115.00,"Yukon",40.23.7,v44389111
2012,112.00,"Yukon",40.23.7,v44389111
2013,86.00,"Yukon",40.23.7,v44389111
2014,90.00,"Yukon",40.23.7,v44389111
2015,96.00,"Yukon",40.23.7,v44389111
1998,180.00,"Northwest Territories",41.23.7,v44388256
1999,85.00,"Northwest Territories",41.23.7,v44388256
2000,83.00,"Northwest Territories",41.23.7,v44388256
2001,113.00,"Northwest Territories",41.23.7,v44388256
2002,190.00,"Northwest Territories",41.23.7,v44388256
2003,208.00,"Northwest Territories",41.23.7,v44388256
2004,183.00,"Northwest Territories",41.23.7,v44388256
2005,182.00,"Northwest Territories",41.23.7,v44388256
2006,178.00,"Northwest Territories",41.23.7,v44388256
2007,203.00,"Northwest Territories",41.23.7,v44388256
2008,252.00,"Northwest Territories",41.23.7,v44388256
2009,232.00,"Northwest Territories",41.23.7,v44388256
2010,219.00,"Northwest Territories",41.23.7,v44388256
2011,264.00,"Northwest Territories",41.23.7,v44388256
2012,202.00,"Northwest Territories",41.23.7,v44388256
2013,201.00,"Northwest Territories",41.23.7,v44388256
2014,213.00,"Northwest Territories",41.23.7,v44388256
2015,193.00,"Northwest Territories",41.23.7,v44388256
1998,..,"Nunavut",42.23.7,v44336344
1999,67.00,"Nunavut",42.23.7,v44336344
2000,94.00,"Nunavut",42.23.7,v44336344
2001,125.00,"Nunavut",42.23.7,v44336344
2002,118.00,"Nunavut",42.23.7,v44336344
2003,151.00,"Nunavut",42.23.7,v44336344
2004,192.00,"Nunavut",42.23.7,v44336344
2005,186.00,"Nunavut",42.23.7,v44336344
2006,219.00,"Nunavut",42.23.7,v44336344
2007,257.00,"Nunavut",42.23.7,v44336344
2008,273.00,"Nunavut",42.23.7,v44336344
2009,254.00,"Nunavut",42.23.7,v44336344
2010,250.00,"Nunavut",42.23.7,v44336344
2011,226.00,"Nunavut",42.23.7,v44336344
2012,292.00,"Nunavut",42.23.7,v44336344
2013,271.00,"Nunavut",42.23.7,v44336344
2014,232.00,"Nunavut",42.23.7,v44336344
2015,211.00,"Nunavut",42.23.7,v44336344
