2006,0.00,"Canada",1.170.11,v52135867
2007,0.00,"Canada",1.170.11,v52135867
2008,1.00,"Canada",1.170.11,v52135867
2009,0.00,"Canada",1.170.11,v52135867
2010,0.00,"Canada",1.170.11,v52135867
2011,1.00,"Canada",1.170.11,v52135867
2012,0.00,"Canada",1.170.11,v52135867
2013,0.00,"Canada",1.170.11,v52135867
2014,1.00,"Canada",1.170.11,v52135867
2015,0.00,"Canada",1.170.11,v52135867
2006,0.00,"Newfoundland and Labrador",2.170.11,v53080604
2007,0.00,"Newfoundland and Labrador",2.170.11,v53080604
2008,0.00,"Newfoundland and Labrador",2.170.11,v53080604
2009,0.00,"Newfoundland and Labrador",2.170.11,v53080604
2010,0.00,"Newfoundland and Labrador",2.170.11,v53080604
2011,1.00,"Newfoundland and Labrador",2.170.11,v53080604
2012,0.00,"Newfoundland and Labrador",2.170.11,v53080604
2013,0.00,"Newfoundland and Labrador",2.170.11,v53080604
2014,0.00,"Newfoundland and Labrador",2.170.11,v53080604
2015,0.00,"Newfoundland and Labrador",2.170.11,v53080604
2006,0.00,"St. John's, Newfoundland and Labrador",3.170.11,v62001379
2007,0.00,"St. John's, Newfoundland and Labrador",3.170.11,v62001379
2008,0.00,"St. John's, Newfoundland and Labrador",3.170.11,v62001379
2009,0.00,"St. John's, Newfoundland and Labrador",3.170.11,v62001379
2010,0.00,"St. John's, Newfoundland and Labrador",3.170.11,v62001379
2011,1.00,"St. John's, Newfoundland and Labrador",3.170.11,v62001379
2012,0.00,"St. John's, Newfoundland and Labrador",3.170.11,v62001379
2013,0.00,"St. John's, Newfoundland and Labrador",3.170.11,v62001379
2014,0.00,"St. John's, Newfoundland and Labrador",3.170.11,v62001379
2015,0.00,"St. John's, Newfoundland and Labrador",3.170.11,v62001379
2006,0.00,"Prince Edward Island",4.170.11,v62004529
2007,0.00,"Prince Edward Island",4.170.11,v62004529
2008,0.00,"Prince Edward Island",4.170.11,v62004529
2009,0.00,"Prince Edward Island",4.170.11,v62004529
2010,0.00,"Prince Edward Island",4.170.11,v62004529
2011,0.00,"Prince Edward Island",4.170.11,v62004529
2012,0.00,"Prince Edward Island",4.170.11,v62004529
2013,0.00,"Prince Edward Island",4.170.11,v62004529
2014,0.00,"Prince Edward Island",4.170.11,v62004529
2015,0.00,"Prince Edward Island",4.170.11,v62004529
2006,0.00,"Nova Scotia",5.170.11,v62007679
2007,0.00,"Nova Scotia",5.170.11,v62007679
2008,0.00,"Nova Scotia",5.170.11,v62007679
2009,0.00,"Nova Scotia",5.170.11,v62007679
2010,0.00,"Nova Scotia",5.170.11,v62007679
2011,0.00,"Nova Scotia",5.170.11,v62007679
2012,0.00,"Nova Scotia",5.170.11,v62007679
2013,0.00,"Nova Scotia",5.170.11,v62007679
2014,0.00,"Nova Scotia",5.170.11,v62007679
2015,0.00,"Nova Scotia",5.170.11,v62007679
2006,0.00,"Halifax, Nova Scotia",6.170.11,v62010829
2007,0.00,"Halifax, Nova Scotia",6.170.11,v62010829
2008,0.00,"Halifax, Nova Scotia",6.170.11,v62010829
2009,0.00,"Halifax, Nova Scotia",6.170.11,v62010829
2010,0.00,"Halifax, Nova Scotia",6.170.11,v62010829
2011,0.00,"Halifax, Nova Scotia",6.170.11,v62010829
2012,0.00,"Halifax, Nova Scotia",6.170.11,v62010829
2013,0.00,"Halifax, Nova Scotia",6.170.11,v62010829
2014,0.00,"Halifax, Nova Scotia",6.170.11,v62010829
2015,0.00,"Halifax, Nova Scotia",6.170.11,v62010829
2006,0.00,"New Brunswick",7.170.11,v62013979
2007,0.00,"New Brunswick",7.170.11,v62013979
2008,0.00,"New Brunswick",7.170.11,v62013979
2009,0.00,"New Brunswick",7.170.11,v62013979
2010,0.00,"New Brunswick",7.170.11,v62013979
2011,0.00,"New Brunswick",7.170.11,v62013979
2012,0.00,"New Brunswick",7.170.11,v62013979
2013,0.00,"New Brunswick",7.170.11,v62013979
2014,0.00,"New Brunswick",7.170.11,v62013979
2015,0.00,"New Brunswick",7.170.11,v62013979
2006,0.00,"Moncton, New Brunswick",43.170.11,v62127379
2007,0.00,"Moncton, New Brunswick",43.170.11,v62127379
2008,0.00,"Moncton, New Brunswick",43.170.11,v62127379
2009,0.00,"Moncton, New Brunswick",43.170.11,v62127379
2010,0.00,"Moncton, New Brunswick",43.170.11,v62127379
2011,0.00,"Moncton, New Brunswick",43.170.11,v62127379
2012,0.00,"Moncton, New Brunswick",43.170.11,v62127379
2013,0.00,"Moncton, New Brunswick",43.170.11,v62127379
2014,0.00,"Moncton, New Brunswick",43.170.11,v62127379
2015,0.00,"Moncton, New Brunswick",43.170.11,v62127379
2006,0.00,"Saint John, New Brunswick",8.170.11,v62017129
2007,0.00,"Saint John, New Brunswick",8.170.11,v62017129
2008,0.00,"Saint John, New Brunswick",8.170.11,v62017129
2009,0.00,"Saint John, New Brunswick",8.170.11,v62017129
2010,0.00,"Saint John, New Brunswick",8.170.11,v62017129
2011,0.00,"Saint John, New Brunswick",8.170.11,v62017129
2012,0.00,"Saint John, New Brunswick",8.170.11,v62017129
2013,0.00,"Saint John, New Brunswick",8.170.11,v62017129
2014,0.00,"Saint John, New Brunswick",8.170.11,v62017129
2015,0.00,"Saint John, New Brunswick",8.170.11,v62017129
2006,0.00,"Quebec",9.170.11,v62020279
2007,0.00,"Quebec",9.170.11,v62020279
2008,0.00,"Quebec",9.170.11,v62020279
2009,0.00,"Quebec",9.170.11,v62020279
2010,0.00,"Quebec",9.170.11,v62020279
2011,0.00,"Quebec",9.170.11,v62020279
2012,0.00,"Quebec",9.170.11,v62020279
2013,0.00,"Quebec",9.170.11,v62020279
2014,0.00,"Quebec",9.170.11,v62020279
2015,0.00,"Quebec",9.170.11,v62020279
2006,0.00,"Saguenay, Quebec",10.170.11,v62023429
2007,0.00,"Saguenay, Quebec",10.170.11,v62023429
2008,0.00,"Saguenay, Quebec",10.170.11,v62023429
2009,0.00,"Saguenay, Quebec",10.170.11,v62023429
2010,0.00,"Saguenay, Quebec",10.170.11,v62023429
2011,0.00,"Saguenay, Quebec",10.170.11,v62023429
2012,0.00,"Saguenay, Quebec",10.170.11,v62023429
2013,0.00,"Saguenay, Quebec",10.170.11,v62023429
2014,0.00,"Saguenay, Quebec",10.170.11,v62023429
2015,0.00,"Saguenay, Quebec",10.170.11,v62023429
2006,0.00,"Sherbrooke, Quebec",12.170.11,v62029729
2007,0.00,"Sherbrooke, Quebec",12.170.11,v62029729
2008,0.00,"Sherbrooke, Quebec",12.170.11,v62029729
2009,0.00,"Sherbrooke, Quebec",12.170.11,v62029729
2010,0.00,"Sherbrooke, Quebec",12.170.11,v62029729
2011,0.00,"Sherbrooke, Quebec",12.170.11,v62029729
2012,0.00,"Sherbrooke, Quebec",12.170.11,v62029729
2013,0.00,"Sherbrooke, Quebec",12.170.11,v62029729
2014,0.00,"Sherbrooke, Quebec",12.170.11,v62029729
2015,0.00,"Sherbrooke, Quebec",12.170.11,v62029729
2006,0.00,"Ottawa-Gatineau, Quebec part",15.170.11,v62039179
2007,0.00,"Ottawa-Gatineau, Quebec part",15.170.11,v62039179
2008,0.00,"Ottawa-Gatineau, Quebec part",15.170.11,v62039179
2009,0.00,"Ottawa-Gatineau, Quebec part",15.170.11,v62039179
2010,0.00,"Ottawa-Gatineau, Quebec part",15.170.11,v62039179
2011,0.00,"Ottawa-Gatineau, Quebec part",15.170.11,v62039179
2012,0.00,"Ottawa-Gatineau, Quebec part",15.170.11,v62039179
2013,0.00,"Ottawa-Gatineau, Quebec part",15.170.11,v62039179
2014,0.00,"Ottawa-Gatineau, Quebec part",15.170.11,v62039179
2015,0.00,"Ottawa-Gatineau, Quebec part",15.170.11,v62039179
2006,0.00,"Ontario",16.170.11,v52136350
2007,0.00,"Ontario",16.170.11,v52136350
2008,1.00,"Ontario",16.170.11,v52136350
2009,0.00,"Ontario",16.170.11,v52136350
2010,0.00,"Ontario",16.170.11,v52136350
2011,0.00,"Ontario",16.170.11,v52136350
2012,0.00,"Ontario",16.170.11,v52136350
2013,0.00,"Ontario",16.170.11,v52136350
2014,1.00,"Ontario",16.170.11,v52136350
2015,0.00,"Ontario",16.170.11,v52136350
2006,0.00,"Ottawa-Gatineau, Ontario/Quebec",17.170.11,v62045479
2007,0.00,"Ottawa-Gatineau, Ontario/Quebec",17.170.11,v62045479
2008,0.00,"Ottawa-Gatineau, Ontario/Quebec",17.170.11,v62045479
2009,0.00,"Ottawa-Gatineau, Ontario/Quebec",17.170.11,v62045479
2010,0.00,"Ottawa-Gatineau, Ontario/Quebec",17.170.11,v62045479
2011,0.00,"Ottawa-Gatineau, Ontario/Quebec",17.170.11,v62045479
2012,0.00,"Ottawa-Gatineau, Ontario/Quebec",17.170.11,v62045479
2013,0.00,"Ottawa-Gatineau, Ontario/Quebec",17.170.11,v62045479
2014,0.00,"Ottawa-Gatineau, Ontario/Quebec",17.170.11,v62045479
2015,0.00,"Ottawa-Gatineau, Ontario/Quebec",17.170.11,v62045479
2006,0.00,"Ottawa-Gatineau, Ontario part",18.170.11,v62048629
2007,0.00,"Ottawa-Gatineau, Ontario part",18.170.11,v62048629
2008,0.00,"Ottawa-Gatineau, Ontario part",18.170.11,v62048629
2009,0.00,"Ottawa-Gatineau, Ontario part",18.170.11,v62048629
2010,0.00,"Ottawa-Gatineau, Ontario part",18.170.11,v62048629
2011,0.00,"Ottawa-Gatineau, Ontario part",18.170.11,v62048629
2012,0.00,"Ottawa-Gatineau, Ontario part",18.170.11,v62048629
2013,0.00,"Ottawa-Gatineau, Ontario part",18.170.11,v62048629
2014,0.00,"Ottawa-Gatineau, Ontario part",18.170.11,v62048629
2015,0.00,"Ottawa-Gatineau, Ontario part",18.170.11,v62048629
2006,0.00,"Kingston, Ontario",27.170.11,v62076979
2007,0.00,"Kingston, Ontario",27.170.11,v62076979
2008,0.00,"Kingston, Ontario",27.170.11,v62076979
2009,0.00,"Kingston, Ontario",27.170.11,v62076979
2010,0.00,"Kingston, Ontario",27.170.11,v62076979
2011,0.00,"Kingston, Ontario",27.170.11,v62076979
2012,0.00,"Kingston, Ontario",27.170.11,v62076979
2013,0.00,"Kingston, Ontario",27.170.11,v62076979
2014,0.00,"Kingston, Ontario",27.170.11,v62076979
2015,0.00,"Kingston, Ontario",27.170.11,v62076979
2006,0.00,"Peterborough, Ontario",44.170.11,v62130529
2007,0.00,"Peterborough, Ontario",44.170.11,v62130529
2008,0.00,"Peterborough, Ontario",44.170.11,v62130529
2009,0.00,"Peterborough, Ontario",44.170.11,v62130529
2010,0.00,"Peterborough, Ontario",44.170.11,v62130529
2011,0.00,"Peterborough, Ontario",44.170.11,v62130529
2012,0.00,"Peterborough, Ontario",44.170.11,v62130529
2013,0.00,"Peterborough, Ontario",44.170.11,v62130529
2014,0.00,"Peterborough, Ontario",44.170.11,v62130529
2015,0.00,"Peterborough, Ontario",44.170.11,v62130529
2006,0.00,"Toronto, Ontario",19.170.11,v52136576
2007,0.00,"Toronto, Ontario",19.170.11,v52136576
2008,1.00,"Toronto, Ontario",19.170.11,v52136576
2009,0.00,"Toronto, Ontario",19.170.11,v52136576
2010,0.00,"Toronto, Ontario",19.170.11,v52136576
2011,0.00,"Toronto, Ontario",19.170.11,v52136576
2012,0.00,"Toronto, Ontario",19.170.11,v52136576
2013,0.00,"Toronto, Ontario",19.170.11,v52136576
2014,1.00,"Toronto, Ontario",19.170.11,v52136576
2015,0.00,"Toronto, Ontario",19.170.11,v52136576
2006,0.00,"Hamilton, Ontario",20.170.11,v62054929
2007,0.00,"Hamilton, Ontario",20.170.11,v62054929
2008,0.00,"Hamilton, Ontario",20.170.11,v62054929
2009,0.00,"Hamilton, Ontario",20.170.11,v62054929
2010,0.00,"Hamilton, Ontario",20.170.11,v62054929
2011,0.00,"Hamilton, Ontario",20.170.11,v62054929
2012,0.00,"Hamilton, Ontario",20.170.11,v62054929
2013,0.00,"Hamilton, Ontario",20.170.11,v62054929
2014,0.00,"Hamilton, Ontario",20.170.11,v62054929
2015,0.00,"Hamilton, Ontario",20.170.11,v62054929
2006,0.00,"St.Catharines-Niagara, Ontario",21.170.11,v62058079
2007,0.00,"St.Catharines-Niagara, Ontario",21.170.11,v62058079
2008,0.00,"St.Catharines-Niagara, Ontario",21.170.11,v62058079
2009,0.00,"St.Catharines-Niagara, Ontario",21.170.11,v62058079
2010,0.00,"St.Catharines-Niagara, Ontario",21.170.11,v62058079
2011,0.00,"St.Catharines-Niagara, Ontario",21.170.11,v62058079
2012,0.00,"St.Catharines-Niagara, Ontario",21.170.11,v62058079
2013,0.00,"St.Catharines-Niagara, Ontario",21.170.11,v62058079
2014,0.00,"St.Catharines-Niagara, Ontario",21.170.11,v62058079
2015,0.00,"St.Catharines-Niagara, Ontario",21.170.11,v62058079
2006,0.00,"Kitchener-Cambridge-Waterloo, Ontario",22.170.11,v62061229
2007,0.00,"Kitchener-Cambridge-Waterloo, Ontario",22.170.11,v62061229
2008,0.00,"Kitchener-Cambridge-Waterloo, Ontario",22.170.11,v62061229
2009,0.00,"Kitchener-Cambridge-Waterloo, Ontario",22.170.11,v62061229
2010,0.00,"Kitchener-Cambridge-Waterloo, Ontario",22.170.11,v62061229
2011,0.00,"Kitchener-Cambridge-Waterloo, Ontario",22.170.11,v62061229
2012,0.00,"Kitchener-Cambridge-Waterloo, Ontario",22.170.11,v62061229
2013,0.00,"Kitchener-Cambridge-Waterloo, Ontario",22.170.11,v62061229
2014,0.00,"Kitchener-Cambridge-Waterloo, Ontario",22.170.11,v62061229
2015,0.00,"Kitchener-Cambridge-Waterloo, Ontario",22.170.11,v62061229
2006,0.00,"Brantford, Ontario",45.170.11,v62133679
2007,0.00,"Brantford, Ontario",45.170.11,v62133679
2008,0.00,"Brantford, Ontario",45.170.11,v62133679
2009,0.00,"Brantford, Ontario",45.170.11,v62133679
2010,0.00,"Brantford, Ontario",45.170.11,v62133679
2011,0.00,"Brantford, Ontario",45.170.11,v62133679
2012,0.00,"Brantford, Ontario",45.170.11,v62133679
2013,0.00,"Brantford, Ontario",45.170.11,v62133679
2014,0.00,"Brantford, Ontario",45.170.11,v62133679
2015,0.00,"Brantford, Ontario",45.170.11,v62133679
2006,0.00,"Guelph, Ontario",46.170.11,v62136829
2007,0.00,"Guelph, Ontario",46.170.11,v62136829
2008,0.00,"Guelph, Ontario",46.170.11,v62136829
2009,0.00,"Guelph, Ontario",46.170.11,v62136829
2010,0.00,"Guelph, Ontario",46.170.11,v62136829
2011,0.00,"Guelph, Ontario",46.170.11,v62136829
2012,0.00,"Guelph, Ontario",46.170.11,v62136829
2013,0.00,"Guelph, Ontario",46.170.11,v62136829
2014,0.00,"Guelph, Ontario",46.170.11,v62136829
2015,0.00,"Guelph, Ontario",46.170.11,v62136829
2006,0.00,"London, Ontario",23.170.11,v62064379
2007,0.00,"London, Ontario",23.170.11,v62064379
2008,0.00,"London, Ontario",23.170.11,v62064379
2009,0.00,"London, Ontario",23.170.11,v62064379
2010,0.00,"London, Ontario",23.170.11,v62064379
2011,0.00,"London, Ontario",23.170.11,v62064379
2012,0.00,"London, Ontario",23.170.11,v62064379
2013,0.00,"London, Ontario",23.170.11,v62064379
2014,0.00,"London, Ontario",23.170.11,v62064379
2015,0.00,"London, Ontario",23.170.11,v62064379
2006,0.00,"Windsor, Ontario",24.170.11,v62067529
2007,0.00,"Windsor, Ontario",24.170.11,v62067529
2008,0.00,"Windsor, Ontario",24.170.11,v62067529
2009,0.00,"Windsor, Ontario",24.170.11,v62067529
2010,0.00,"Windsor, Ontario",24.170.11,v62067529
2011,0.00,"Windsor, Ontario",24.170.11,v62067529
2012,0.00,"Windsor, Ontario",24.170.11,v62067529
2013,0.00,"Windsor, Ontario",24.170.11,v62067529
2014,0.00,"Windsor, Ontario",24.170.11,v62067529
2015,0.00,"Windsor, Ontario",24.170.11,v62067529
2006,0.00,"Barrie, Ontario",47.170.11,v62139979
2007,0.00,"Barrie, Ontario",47.170.11,v62139979
2008,0.00,"Barrie, Ontario",47.170.11,v62139979
2009,0.00,"Barrie, Ontario",47.170.11,v62139979
2010,0.00,"Barrie, Ontario",47.170.11,v62139979
2011,0.00,"Barrie, Ontario",47.170.11,v62139979
2012,0.00,"Barrie, Ontario",47.170.11,v62139979
2013,0.00,"Barrie, Ontario",47.170.11,v62139979
2014,0.00,"Barrie, Ontario",47.170.11,v62139979
2015,0.00,"Barrie, Ontario",47.170.11,v62139979
2006,0.00,"Sudbury, Ontario",25.170.11,v62070679
2007,0.00,"Sudbury, Ontario",25.170.11,v62070679
2008,0.00,"Sudbury, Ontario",25.170.11,v62070679
2009,0.00,"Sudbury, Ontario",25.170.11,v62070679
2010,0.00,"Sudbury, Ontario",25.170.11,v62070679
2011,0.00,"Sudbury, Ontario",25.170.11,v62070679
2012,0.00,"Sudbury, Ontario",25.170.11,v62070679
2013,0.00,"Sudbury, Ontario",25.170.11,v62070679
2014,0.00,"Sudbury, Ontario",25.170.11,v62070679
2015,0.00,"Sudbury, Ontario",25.170.11,v62070679
2006,0.00,"Thunder Bay, Ontario",26.170.11,v62073829
2007,0.00,"Thunder Bay, Ontario",26.170.11,v62073829
2008,0.00,"Thunder Bay, Ontario",26.170.11,v62073829
2009,0.00,"Thunder Bay, Ontario",26.170.11,v62073829
2010,0.00,"Thunder Bay, Ontario",26.170.11,v62073829
2011,0.00,"Thunder Bay, Ontario",26.170.11,v62073829
2012,0.00,"Thunder Bay, Ontario",26.170.11,v62073829
2013,0.00,"Thunder Bay, Ontario",26.170.11,v62073829
2014,0.00,"Thunder Bay, Ontario",26.170.11,v62073829
2015,0.00,"Thunder Bay, Ontario",26.170.11,v62073829
2006,0.00,"Manitoba",28.170.11,v62080129
2007,0.00,"Manitoba",28.170.11,v62080129
2008,0.00,"Manitoba",28.170.11,v62080129
2009,0.00,"Manitoba",28.170.11,v62080129
2010,0.00,"Manitoba",28.170.11,v62080129
2011,0.00,"Manitoba",28.170.11,v62080129
2012,0.00,"Manitoba",28.170.11,v62080129
2013,0.00,"Manitoba",28.170.11,v62080129
2014,0.00,"Manitoba",28.170.11,v62080129
2015,0.00,"Manitoba",28.170.11,v62080129
2006,0.00,"Winnipeg, Manitoba",29.170.11,v62083279
2007,0.00,"Winnipeg, Manitoba",29.170.11,v62083279
2008,0.00,"Winnipeg, Manitoba",29.170.11,v62083279
2009,0.00,"Winnipeg, Manitoba",29.170.11,v62083279
2010,0.00,"Winnipeg, Manitoba",29.170.11,v62083279
2011,0.00,"Winnipeg, Manitoba",29.170.11,v62083279
2012,0.00,"Winnipeg, Manitoba",29.170.11,v62083279
2013,0.00,"Winnipeg, Manitoba",29.170.11,v62083279
2014,0.00,"Winnipeg, Manitoba",29.170.11,v62083279
2015,0.00,"Winnipeg, Manitoba",29.170.11,v62083279
2006,0.00,"Saskatchewan",30.170.11,v52137157
2007,0.00,"Saskatchewan",30.170.11,v52137157
2008,0.00,"Saskatchewan",30.170.11,v52137157
2009,0.00,"Saskatchewan",30.170.11,v52137157
2010,0.00,"Saskatchewan",30.170.11,v52137157
2011,0.00,"Saskatchewan",30.170.11,v52137157
2012,0.00,"Saskatchewan",30.170.11,v52137157
2013,0.00,"Saskatchewan",30.170.11,v52137157
2014,0.00,"Saskatchewan",30.170.11,v52137157
2015,0.00,"Saskatchewan",30.170.11,v52137157
2006,0.00,"Regina, Saskatchewan",31.170.11,v62089579
2007,0.00,"Regina, Saskatchewan",31.170.11,v62089579
2008,0.00,"Regina, Saskatchewan",31.170.11,v62089579
2009,0.00,"Regina, Saskatchewan",31.170.11,v62089579
2010,0.00,"Regina, Saskatchewan",31.170.11,v62089579
2011,0.00,"Regina, Saskatchewan",31.170.11,v62089579
2012,0.00,"Regina, Saskatchewan",31.170.11,v62089579
2013,0.00,"Regina, Saskatchewan",31.170.11,v62089579
2014,0.00,"Regina, Saskatchewan",31.170.11,v62089579
2015,0.00,"Regina, Saskatchewan",31.170.11,v62089579
2006,0.00,"Saskatoon, Saskatchewan",32.170.11,v52137246
2007,0.00,"Saskatoon, Saskatchewan",32.170.11,v52137246
2008,0.00,"Saskatoon, Saskatchewan",32.170.11,v52137246
2009,0.00,"Saskatoon, Saskatchewan",32.170.11,v52137246
2010,0.00,"Saskatoon, Saskatchewan",32.170.11,v52137246
2011,0.00,"Saskatoon, Saskatchewan",32.170.11,v52137246
2012,0.00,"Saskatoon, Saskatchewan",32.170.11,v52137246
2013,0.00,"Saskatoon, Saskatchewan",32.170.11,v52137246
2014,0.00,"Saskatoon, Saskatchewan",32.170.11,v52137246
2015,0.00,"Saskatoon, Saskatchewan",32.170.11,v52137246
2006,0.00,"Alberta",33.170.11,v53096931
2007,0.00,"Alberta",33.170.11,v53096931
2008,0.00,"Alberta",33.170.11,v53096931
2009,0.00,"Alberta",33.170.11,v53096931
2010,0.00,"Alberta",33.170.11,v53096931
2011,0.00,"Alberta",33.170.11,v53096931
2012,0.00,"Alberta",33.170.11,v53096931
2013,0.00,"Alberta",33.170.11,v53096931
2014,0.00,"Alberta",33.170.11,v53096931
2015,0.00,"Alberta",33.170.11,v53096931
2006,0.00,"Calgary, Alberta",34.170.11,v62099029
2007,0.00,"Calgary, Alberta",34.170.11,v62099029
2008,0.00,"Calgary, Alberta",34.170.11,v62099029
2009,0.00,"Calgary, Alberta",34.170.11,v62099029
2010,0.00,"Calgary, Alberta",34.170.11,v62099029
2011,0.00,"Calgary, Alberta",34.170.11,v62099029
2012,0.00,"Calgary, Alberta",34.170.11,v62099029
2013,0.00,"Calgary, Alberta",34.170.11,v62099029
2014,0.00,"Calgary, Alberta",34.170.11,v62099029
2015,0.00,"Calgary, Alberta",34.170.11,v62099029
2006,0.00,"Edmonton, Alberta",35.170.11,v62102179
2007,0.00,"Edmonton, Alberta",35.170.11,v62102179
2008,0.00,"Edmonton, Alberta",35.170.11,v62102179
2009,0.00,"Edmonton, Alberta",35.170.11,v62102179
2010,0.00,"Edmonton, Alberta",35.170.11,v62102179
2011,0.00,"Edmonton, Alberta",35.170.11,v62102179
2012,0.00,"Edmonton, Alberta",35.170.11,v62102179
2013,0.00,"Edmonton, Alberta",35.170.11,v62102179
2014,0.00,"Edmonton, Alberta",35.170.11,v62102179
2015,0.00,"Edmonton, Alberta",35.170.11,v62102179
2006,0.00,"British Columbia",36.170.11,v62105329
2007,0.00,"British Columbia",36.170.11,v62105329
2008,0.00,"British Columbia",36.170.11,v62105329
2009,0.00,"British Columbia",36.170.11,v62105329
2010,0.00,"British Columbia",36.170.11,v62105329
2011,0.00,"British Columbia",36.170.11,v62105329
2012,0.00,"British Columbia",36.170.11,v62105329
2013,0.00,"British Columbia",36.170.11,v62105329
2014,0.00,"British Columbia",36.170.11,v62105329
2015,0.00,"British Columbia",36.170.11,v62105329
2006,0.00,"Kelowna, British Columbia",48.170.11,v62143129
2007,0.00,"Kelowna, British Columbia",48.170.11,v62143129
2008,0.00,"Kelowna, British Columbia",48.170.11,v62143129
2009,0.00,"Kelowna, British Columbia",48.170.11,v62143129
2010,0.00,"Kelowna, British Columbia",48.170.11,v62143129
2011,0.00,"Kelowna, British Columbia",48.170.11,v62143129
2012,0.00,"Kelowna, British Columbia",48.170.11,v62143129
2013,0.00,"Kelowna, British Columbia",48.170.11,v62143129
2014,0.00,"Kelowna, British Columbia",48.170.11,v62143129
2015,0.00,"Kelowna, British Columbia",48.170.11,v62143129
2006,0.00,"Abbotsford-Mission, British Columbia",39.170.11,v62114779
2007,0.00,"Abbotsford-Mission, British Columbia",39.170.11,v62114779
2008,0.00,"Abbotsford-Mission, British Columbia",39.170.11,v62114779
2009,0.00,"Abbotsford-Mission, British Columbia",39.170.11,v62114779
2010,0.00,"Abbotsford-Mission, British Columbia",39.170.11,v62114779
2011,0.00,"Abbotsford-Mission, British Columbia",39.170.11,v62114779
2012,0.00,"Abbotsford-Mission, British Columbia",39.170.11,v62114779
2013,0.00,"Abbotsford-Mission, British Columbia",39.170.11,v62114779
2014,0.00,"Abbotsford-Mission, British Columbia",39.170.11,v62114779
2015,0.00,"Abbotsford-Mission, British Columbia",39.170.11,v62114779
2006,0.00,"Vancouver, British Columbia",37.170.11,v62108479
2007,0.00,"Vancouver, British Columbia",37.170.11,v62108479
2008,0.00,"Vancouver, British Columbia",37.170.11,v62108479
2009,0.00,"Vancouver, British Columbia",37.170.11,v62108479
2010,0.00,"Vancouver, British Columbia",37.170.11,v62108479
2011,0.00,"Vancouver, British Columbia",37.170.11,v62108479
2012,0.00,"Vancouver, British Columbia",37.170.11,v62108479
2013,0.00,"Vancouver, British Columbia",37.170.11,v62108479
2014,0.00,"Vancouver, British Columbia",37.170.11,v62108479
2015,0.00,"Vancouver, British Columbia",37.170.11,v62108479
2006,0.00,"Victoria, British Columbia",38.170.11,v62111629
2007,0.00,"Victoria, British Columbia",38.170.11,v62111629
2008,0.00,"Victoria, British Columbia",38.170.11,v62111629
2009,0.00,"Victoria, British Columbia",38.170.11,v62111629
2010,0.00,"Victoria, British Columbia",38.170.11,v62111629
2011,0.00,"Victoria, British Columbia",38.170.11,v62111629
2012,0.00,"Victoria, British Columbia",38.170.11,v62111629
2013,0.00,"Victoria, British Columbia",38.170.11,v62111629
2014,0.00,"Victoria, British Columbia",38.170.11,v62111629
2015,0.00,"Victoria, British Columbia",38.170.11,v62111629
2006,0.00,"Yukon",40.170.11,v62117929
2007,0.00,"Yukon",40.170.11,v62117929
2008,0.00,"Yukon",40.170.11,v62117929
2009,0.00,"Yukon",40.170.11,v62117929
2010,0.00,"Yukon",40.170.11,v62117929
2011,0.00,"Yukon",40.170.11,v62117929
2012,0.00,"Yukon",40.170.11,v62117929
2013,0.00,"Yukon",40.170.11,v62117929
2014,0.00,"Yukon",40.170.11,v62117929
2015,0.00,"Yukon",40.170.11,v62117929
2006,0.00,"Northwest Territories",41.170.11,v62121079
2007,0.00,"Northwest Territories",41.170.11,v62121079
2008,0.00,"Northwest Territories",41.170.11,v62121079
2009,0.00,"Northwest Territories",41.170.11,v62121079
2010,0.00,"Northwest Territories",41.170.11,v62121079
2011,0.00,"Northwest Territories",41.170.11,v62121079
2012,0.00,"Northwest Territories",41.170.11,v62121079
2013,0.00,"Northwest Territories",41.170.11,v62121079
2014,0.00,"Northwest Territories",41.170.11,v62121079
2015,0.00,"Northwest Territories",41.170.11,v62121079
2006,0.00,"Nunavut",42.170.11,v62124229
2007,0.00,"Nunavut",42.170.11,v62124229
2008,0.00,"Nunavut",42.170.11,v62124229
2009,0.00,"Nunavut",42.170.11,v62124229
2010,0.00,"Nunavut",42.170.11,v62124229
2011,0.00,"Nunavut",42.170.11,v62124229
2012,0.00,"Nunavut",42.170.11,v62124229
2013,0.00,"Nunavut",42.170.11,v62124229
2014,0.00,"Nunavut",42.170.11,v62124229
2015,0.00,"Nunavut",42.170.11,v62124229
2006,0.00,"Canada",1.170.11,v52135867
2007,0.00,"Canada",1.170.11,v52135867
2008,1.00,"Canada",1.170.11,v52135867
2009,0.00,"Canada",1.170.11,v52135867
2010,0.00,"Canada",1.170.11,v52135867
2011,1.00,"Canada",1.170.11,v52135867
2012,0.00,"Canada",1.170.11,v52135867
2013,0.00,"Canada",1.170.11,v52135867
2014,1.00,"Canada",1.170.11,v52135867
2015,0.00,"Canada",1.170.11,v52135867
2006,0.00,"Newfoundland and Labrador",2.170.11,v53080604
2007,0.00,"Newfoundland and Labrador",2.170.11,v53080604
2008,0.00,"Newfoundland and Labrador",2.170.11,v53080604
2009,0.00,"Newfoundland and Labrador",2.170.11,v53080604
2010,0.00,"Newfoundland and Labrador",2.170.11,v53080604
2011,1.00,"Newfoundland and Labrador",2.170.11,v53080604
2012,0.00,"Newfoundland and Labrador",2.170.11,v53080604
2013,0.00,"Newfoundland and Labrador",2.170.11,v53080604
2014,0.00,"Newfoundland and Labrador",2.170.11,v53080604
2015,0.00,"Newfoundland and Labrador",2.170.11,v53080604
2006,0.00,"St. John's, Newfoundland and Labrador",3.170.11,v62001379
2007,0.00,"St. John's, Newfoundland and Labrador",3.170.11,v62001379
2008,0.00,"St. John's, Newfoundland and Labrador",3.170.11,v62001379
2009,0.00,"St. John's, Newfoundland and Labrador",3.170.11,v62001379
2010,0.00,"St. John's, Newfoundland and Labrador",3.170.11,v62001379
2011,1.00,"St. John's, Newfoundland and Labrador",3.170.11,v62001379
2012,0.00,"St. John's, Newfoundland and Labrador",3.170.11,v62001379
2013,0.00,"St. John's, Newfoundland and Labrador",3.170.11,v62001379
2014,0.00,"St. John's, Newfoundland and Labrador",3.170.11,v62001379
2015,0.00,"St. John's, Newfoundland and Labrador",3.170.11,v62001379
2006,0.00,"Prince Edward Island",4.170.11,v62004529
2007,0.00,"Prince Edward Island",4.170.11,v62004529
2008,0.00,"Prince Edward Island",4.170.11,v62004529
2009,0.00,"Prince Edward Island",4.170.11,v62004529
2010,0.00,"Prince Edward Island",4.170.11,v62004529
2011,0.00,"Prince Edward Island",4.170.11,v62004529
2012,0.00,"Prince Edward Island",4.170.11,v62004529
2013,0.00,"Prince Edward Island",4.170.11,v62004529
2014,0.00,"Prince Edward Island",4.170.11,v62004529
2015,0.00,"Prince Edward Island",4.170.11,v62004529
2006,0.00,"Nova Scotia",5.170.11,v62007679
2007,0.00,"Nova Scotia",5.170.11,v62007679
2008,0.00,"Nova Scotia",5.170.11,v62007679
2009,0.00,"Nova Scotia",5.170.11,v62007679
2010,0.00,"Nova Scotia",5.170.11,v62007679
2011,0.00,"Nova Scotia",5.170.11,v62007679
2012,0.00,"Nova Scotia",5.170.11,v62007679
2013,0.00,"Nova Scotia",5.170.11,v62007679
2014,0.00,"Nova Scotia",5.170.11,v62007679
2015,0.00,"Nova Scotia",5.170.11,v62007679
2006,0.00,"Halifax, Nova Scotia",6.170.11,v62010829
2007,0.00,"Halifax, Nova Scotia",6.170.11,v62010829
2008,0.00,"Halifax, Nova Scotia",6.170.11,v62010829
2009,0.00,"Halifax, Nova Scotia",6.170.11,v62010829
2010,0.00,"Halifax, Nova Scotia",6.170.11,v62010829
2011,0.00,"Halifax, Nova Scotia",6.170.11,v62010829
2012,0.00,"Halifax, Nova Scotia",6.170.11,v62010829
2013,0.00,"Halifax, Nova Scotia",6.170.11,v62010829
2014,0.00,"Halifax, Nova Scotia",6.170.11,v62010829
2015,0.00,"Halifax, Nova Scotia",6.170.11,v62010829
2006,0.00,"New Brunswick",7.170.11,v62013979
2007,0.00,"New Brunswick",7.170.11,v62013979
2008,0.00,"New Brunswick",7.170.11,v62013979
2009,0.00,"New Brunswick",7.170.11,v62013979
2010,0.00,"New Brunswick",7.170.11,v62013979
2011,0.00,"New Brunswick",7.170.11,v62013979
2012,0.00,"New Brunswick",7.170.11,v62013979
2013,0.00,"New Brunswick",7.170.11,v62013979
2014,0.00,"New Brunswick",7.170.11,v62013979
2015,0.00,"New Brunswick",7.170.11,v62013979
2006,0.00,"Moncton, New Brunswick",43.170.11,v62127379
2007,0.00,"Moncton, New Brunswick",43.170.11,v62127379
2008,0.00,"Moncton, New Brunswick",43.170.11,v62127379
2009,0.00,"Moncton, New Brunswick",43.170.11,v62127379
2010,0.00,"Moncton, New Brunswick",43.170.11,v62127379
2011,0.00,"Moncton, New Brunswick",43.170.11,v62127379
2012,0.00,"Moncton, New Brunswick",43.170.11,v62127379
2013,0.00,"Moncton, New Brunswick",43.170.11,v62127379
2014,0.00,"Moncton, New Brunswick",43.170.11,v62127379
2015,0.00,"Moncton, New Brunswick",43.170.11,v62127379
2006,0.00,"Saint John, New Brunswick",8.170.11,v62017129
2007,0.00,"Saint John, New Brunswick",8.170.11,v62017129
2008,0.00,"Saint John, New Brunswick",8.170.11,v62017129
2009,0.00,"Saint John, New Brunswick",8.170.11,v62017129
2010,0.00,"Saint John, New Brunswick",8.170.11,v62017129
2011,0.00,"Saint John, New Brunswick",8.170.11,v62017129
2012,0.00,"Saint John, New Brunswick",8.170.11,v62017129
2013,0.00,"Saint John, New Brunswick",8.170.11,v62017129
2014,0.00,"Saint John, New Brunswick",8.170.11,v62017129
2015,0.00,"Saint John, New Brunswick",8.170.11,v62017129
2006,0.00,"Quebec",9.170.11,v62020279
2007,0.00,"Quebec",9.170.11,v62020279
2008,0.00,"Quebec",9.170.11,v62020279
2009,0.00,"Quebec",9.170.11,v62020279
2010,0.00,"Quebec",9.170.11,v62020279
2011,0.00,"Quebec",9.170.11,v62020279
2012,0.00,"Quebec",9.170.11,v62020279
2013,0.00,"Quebec",9.170.11,v62020279
2014,0.00,"Quebec",9.170.11,v62020279
2015,0.00,"Quebec",9.170.11,v62020279
2006,0.00,"Saguenay, Quebec",10.170.11,v62023429
2007,0.00,"Saguenay, Quebec",10.170.11,v62023429
2008,0.00,"Saguenay, Quebec",10.170.11,v62023429
2009,0.00,"Saguenay, Quebec",10.170.11,v62023429
2010,0.00,"Saguenay, Quebec",10.170.11,v62023429
2011,0.00,"Saguenay, Quebec",10.170.11,v62023429
2012,0.00,"Saguenay, Quebec",10.170.11,v62023429
2013,0.00,"Saguenay, Quebec",10.170.11,v62023429
2014,0.00,"Saguenay, Quebec",10.170.11,v62023429
2015,0.00,"Saguenay, Quebec",10.170.11,v62023429
2006,0.00,"Quebec, Quebec",11.170.11,v62026579
2007,0.00,"Quebec, Quebec",11.170.11,v62026579
2008,0.00,"Quebec, Quebec",11.170.11,v62026579
2009,0.00,"Quebec, Quebec",11.170.11,v62026579
2010,0.00,"Quebec, Quebec",11.170.11,v62026579
2011,0.00,"Quebec, Quebec",11.170.11,v62026579
2012,0.00,"Quebec, Quebec",11.170.11,v62026579
2013,0.00,"Quebec, Quebec",11.170.11,v62026579
2014,0.00,"Quebec, Quebec",11.170.11,v62026579
2015,0.00,"Quebec, Quebec",11.170.11,v62026579
2006,0.00,"Sherbrooke, Quebec",12.170.11,v62029729
2007,0.00,"Sherbrooke, Quebec",12.170.11,v62029729
2008,0.00,"Sherbrooke, Quebec",12.170.11,v62029729
2009,0.00,"Sherbrooke, Quebec",12.170.11,v62029729
2010,0.00,"Sherbrooke, Quebec",12.170.11,v62029729
2011,0.00,"Sherbrooke, Quebec",12.170.11,v62029729
2012,0.00,"Sherbrooke, Quebec",12.170.11,v62029729
2013,0.00,"Sherbrooke, Quebec",12.170.11,v62029729
2014,0.00,"Sherbrooke, Quebec",12.170.11,v62029729
2015,0.00,"Sherbrooke, Quebec",12.170.11,v62029729
2006,0.00,"Montreal, Quebec",14.170.11,v62036029
2007,0.00,"Montreal, Quebec",14.170.11,v62036029
2008,0.00,"Montreal, Quebec",14.170.11,v62036029
2009,0.00,"Montreal, Quebec",14.170.11,v62036029
2010,0.00,"Montreal, Quebec",14.170.11,v62036029
2011,0.00,"Montreal, Quebec",14.170.11,v62036029
2012,0.00,"Montreal, Quebec",14.170.11,v62036029
2013,0.00,"Montreal, Quebec",14.170.11,v62036029
2014,0.00,"Montreal, Quebec",14.170.11,v62036029
2015,0.00,"Montreal, Quebec",14.170.11,v62036029
2006,0.00,"Ottawa-Gatineau, Quebec part",15.170.11,v62039179
2007,0.00,"Ottawa-Gatineau, Quebec part",15.170.11,v62039179
2008,0.00,"Ottawa-Gatineau, Quebec part",15.170.11,v62039179
2009,0.00,"Ottawa-Gatineau, Quebec part",15.170.11,v62039179
2010,0.00,"Ottawa-Gatineau, Quebec part",15.170.11,v62039179
2011,0.00,"Ottawa-Gatineau, Quebec part",15.170.11,v62039179
2012,0.00,"Ottawa-Gatineau, Quebec part",15.170.11,v62039179
2013,0.00,"Ottawa-Gatineau, Quebec part",15.170.11,v62039179
2014,0.00,"Ottawa-Gatineau, Quebec part",15.170.11,v62039179
2015,0.00,"Ottawa-Gatineau, Quebec part",15.170.11,v62039179
2006,0.00,"Ontario",16.170.11,v52136350
2007,0.00,"Ontario",16.170.11,v52136350
2008,1.00,"Ontario",16.170.11,v52136350
2009,0.00,"Ontario",16.170.11,v52136350
2010,0.00,"Ontario",16.170.11,v52136350
2011,0.00,"Ontario",16.170.11,v52136350
2012,0.00,"Ontario",16.170.11,v52136350
2013,0.00,"Ontario",16.170.11,v52136350
2014,1.00,"Ontario",16.170.11,v52136350
2015,0.00,"Ontario",16.170.11,v52136350
2006,0.00,"Ottawa-Gatineau, Ontario/Quebec",17.170.11,v62045479
2007,0.00,"Ottawa-Gatineau, Ontario/Quebec",17.170.11,v62045479
2008,0.00,"Ottawa-Gatineau, Ontario/Quebec",17.170.11,v62045479
2009,0.00,"Ottawa-Gatineau, Ontario/Quebec",17.170.11,v62045479
2010,0.00,"Ottawa-Gatineau, Ontario/Quebec",17.170.11,v62045479
2011,0.00,"Ottawa-Gatineau, Ontario/Quebec",17.170.11,v62045479
2012,0.00,"Ottawa-Gatineau, Ontario/Quebec",17.170.11,v62045479
2013,0.00,"Ottawa-Gatineau, Ontario/Quebec",17.170.11,v62045479
2014,0.00,"Ottawa-Gatineau, Ontario/Quebec",17.170.11,v62045479
2015,0.00,"Ottawa-Gatineau, Ontario/Quebec",17.170.11,v62045479
2006,0.00,"Ottawa-Gatineau, Ontario part",18.170.11,v62048629
2007,0.00,"Ottawa-Gatineau, Ontario part",18.170.11,v62048629
2008,0.00,"Ottawa-Gatineau, Ontario part",18.170.11,v62048629
2009,0.00,"Ottawa-Gatineau, Ontario part",18.170.11,v62048629
2010,0.00,"Ottawa-Gatineau, Ontario part",18.170.11,v62048629
2011,0.00,"Ottawa-Gatineau, Ontario part",18.170.11,v62048629
2012,0.00,"Ottawa-Gatineau, Ontario part",18.170.11,v62048629
2013,0.00,"Ottawa-Gatineau, Ontario part",18.170.11,v62048629
2014,0.00,"Ottawa-Gatineau, Ontario part",18.170.11,v62048629
2015,0.00,"Ottawa-Gatineau, Ontario part",18.170.11,v62048629
2006,0.00,"Kingston, Ontario",27.170.11,v62076979
2007,0.00,"Kingston, Ontario",27.170.11,v62076979
2008,0.00,"Kingston, Ontario",27.170.11,v62076979
2009,0.00,"Kingston, Ontario",27.170.11,v62076979
2010,0.00,"Kingston, Ontario",27.170.11,v62076979
2011,0.00,"Kingston, Ontario",27.170.11,v62076979
2012,0.00,"Kingston, Ontario",27.170.11,v62076979
2013,0.00,"Kingston, Ontario",27.170.11,v62076979
2014,0.00,"Kingston, Ontario",27.170.11,v62076979
2015,0.00,"Kingston, Ontario",27.170.11,v62076979
2006,0.00,"Peterborough, Ontario",44.170.11,v62130529
2007,0.00,"Peterborough, Ontario",44.170.11,v62130529
2008,0.00,"Peterborough, Ontario",44.170.11,v62130529
2009,0.00,"Peterborough, Ontario",44.170.11,v62130529
2010,0.00,"Peterborough, Ontario",44.170.11,v62130529
2011,0.00,"Peterborough, Ontario",44.170.11,v62130529
2012,0.00,"Peterborough, Ontario",44.170.11,v62130529
2013,0.00,"Peterborough, Ontario",44.170.11,v62130529
2014,0.00,"Peterborough, Ontario",44.170.11,v62130529
2015,0.00,"Peterborough, Ontario",44.170.11,v62130529
2006,0.00,"Toronto, Ontario",19.170.11,v52136576
2007,0.00,"Toronto, Ontario",19.170.11,v52136576
2008,1.00,"Toronto, Ontario",19.170.11,v52136576
2009,0.00,"Toronto, Ontario",19.170.11,v52136576
2010,0.00,"Toronto, Ontario",19.170.11,v52136576
2011,0.00,"Toronto, Ontario",19.170.11,v52136576
2012,0.00,"Toronto, Ontario",19.170.11,v52136576
2013,0.00,"Toronto, Ontario",19.170.11,v52136576
2014,1.00,"Toronto, Ontario",19.170.11,v52136576
2015,0.00,"Toronto, Ontario",19.170.11,v52136576
2006,0.00,"Hamilton, Ontario",20.170.11,v62054929
2007,0.00,"Hamilton, Ontario",20.170.11,v62054929
2008,0.00,"Hamilton, Ontario",20.170.11,v62054929
2009,0.00,"Hamilton, Ontario",20.170.11,v62054929
2010,0.00,"Hamilton, Ontario",20.170.11,v62054929
2011,0.00,"Hamilton, Ontario",20.170.11,v62054929
2012,0.00,"Hamilton, Ontario",20.170.11,v62054929
2013,0.00,"Hamilton, Ontario",20.170.11,v62054929
2014,0.00,"Hamilton, Ontario",20.170.11,v62054929
2015,0.00,"Hamilton, Ontario",20.170.11,v62054929
2006,0.00,"St.Catharines-Niagara, Ontario",21.170.11,v62058079
2007,0.00,"St.Catharines-Niagara, Ontario",21.170.11,v62058079
2008,0.00,"St.Catharines-Niagara, Ontario",21.170.11,v62058079
2009,0.00,"St.Catharines-Niagara, Ontario",21.170.11,v62058079
2010,0.00,"St.Catharines-Niagara, Ontario",21.170.11,v62058079
2011,0.00,"St.Catharines-Niagara, Ontario",21.170.11,v62058079
2012,0.00,"St.Catharines-Niagara, Ontario",21.170.11,v62058079
2013,0.00,"St.Catharines-Niagara, Ontario",21.170.11,v62058079
2014,0.00,"St.Catharines-Niagara, Ontario",21.170.11,v62058079
2015,0.00,"St.Catharines-Niagara, Ontario",21.170.11,v62058079
2006,0.00,"Kitchener-Cambridge-Waterloo, Ontario",22.170.11,v62061229
2007,0.00,"Kitchener-Cambridge-Waterloo, Ontario",22.170.11,v62061229
2008,0.00,"Kitchener-Cambridge-Waterloo, Ontario",22.170.11,v62061229
2009,0.00,"Kitchener-Cambridge-Waterloo, Ontario",22.170.11,v62061229
2010,0.00,"Kitchener-Cambridge-Waterloo, Ontario",22.170.11,v62061229
2011,0.00,"Kitchener-Cambridge-Waterloo, Ontario",22.170.11,v62061229
2012,0.00,"Kitchener-Cambridge-Waterloo, Ontario",22.170.11,v62061229
2013,0.00,"Kitchener-Cambridge-Waterloo, Ontario",22.170.11,v62061229
2014,0.00,"Kitchener-Cambridge-Waterloo, Ontario",22.170.11,v62061229
2015,0.00,"Kitchener-Cambridge-Waterloo, Ontario",22.170.11,v62061229
2006,0.00,"Brantford, Ontario",45.170.11,v62133679
2007,0.00,"Brantford, Ontario",45.170.11,v62133679
2008,0.00,"Brantford, Ontario",45.170.11,v62133679
2009,0.00,"Brantford, Ontario",45.170.11,v62133679
2010,0.00,"Brantford, Ontario",45.170.11,v62133679
2011,0.00,"Brantford, Ontario",45.170.11,v62133679
2012,0.00,"Brantford, Ontario",45.170.11,v62133679
2013,0.00,"Brantford, Ontario",45.170.11,v62133679
2014,0.00,"Brantford, Ontario",45.170.11,v62133679
2015,0.00,"Brantford, Ontario",45.170.11,v62133679
2006,0.00,"Guelph, Ontario",46.170.11,v62136829
2007,0.00,"Guelph, Ontario",46.170.11,v62136829
2008,0.00,"Guelph, Ontario",46.170.11,v62136829
2009,0.00,"Guelph, Ontario",46.170.11,v62136829
2010,0.00,"Guelph, Ontario",46.170.11,v62136829
2011,0.00,"Guelph, Ontario",46.170.11,v62136829
2012,0.00,"Guelph, Ontario",46.170.11,v62136829
2013,0.00,"Guelph, Ontario",46.170.11,v62136829
2014,0.00,"Guelph, Ontario",46.170.11,v62136829
2015,0.00,"Guelph, Ontario",46.170.11,v62136829
2006,0.00,"London, Ontario",23.170.11,v62064379
2007,0.00,"London, Ontario",23.170.11,v62064379
2008,0.00,"London, Ontario",23.170.11,v62064379
2009,0.00,"London, Ontario",23.170.11,v62064379
2010,0.00,"London, Ontario",23.170.11,v62064379
2011,0.00,"London, Ontario",23.170.11,v62064379
2012,0.00,"London, Ontario",23.170.11,v62064379
2013,0.00,"London, Ontario",23.170.11,v62064379
2014,0.00,"London, Ontario",23.170.11,v62064379
2015,0.00,"London, Ontario",23.170.11,v62064379
2006,0.00,"Windsor, Ontario",24.170.11,v62067529
2007,0.00,"Windsor, Ontario",24.170.11,v62067529
2008,0.00,"Windsor, Ontario",24.170.11,v62067529
2009,0.00,"Windsor, Ontario",24.170.11,v62067529
2010,0.00,"Windsor, Ontario",24.170.11,v62067529
2011,0.00,"Windsor, Ontario",24.170.11,v62067529
2012,0.00,"Windsor, Ontario",24.170.11,v62067529
2013,0.00,"Windsor, Ontario",24.170.11,v62067529
2014,0.00,"Windsor, Ontario",24.170.11,v62067529
2015,0.00,"Windsor, Ontario",24.170.11,v62067529
2006,0.00,"Barrie, Ontario",47.170.11,v62139979
2007,0.00,"Barrie, Ontario",47.170.11,v62139979
2008,0.00,"Barrie, Ontario",47.170.11,v62139979
2009,0.00,"Barrie, Ontario",47.170.11,v62139979
2010,0.00,"Barrie, Ontario",47.170.11,v62139979
2011,0.00,"Barrie, Ontario",47.170.11,v62139979
2012,0.00,"Barrie, Ontario",47.170.11,v62139979
2013,0.00,"Barrie, Ontario",47.170.11,v62139979
2014,0.00,"Barrie, Ontario",47.170.11,v62139979
2015,0.00,"Barrie, Ontario",47.170.11,v62139979
2006,0.00,"Sudbury, Ontario",25.170.11,v62070679
2007,0.00,"Sudbury, Ontario",25.170.11,v62070679
2008,0.00,"Sudbury, Ontario",25.170.11,v62070679
2009,0.00,"Sudbury, Ontario",25.170.11,v62070679
2010,0.00,"Sudbury, Ontario",25.170.11,v62070679
2011,0.00,"Sudbury, Ontario",25.170.11,v62070679
2012,0.00,"Sudbury, Ontario",25.170.11,v62070679
2013,0.00,"Sudbury, Ontario",25.170.11,v62070679
2014,0.00,"Sudbury, Ontario",25.170.11,v62070679
2015,0.00,"Sudbury, Ontario",25.170.11,v62070679
2006,0.00,"Thunder Bay, Ontario",26.170.11,v62073829
2007,0.00,"Thunder Bay, Ontario",26.170.11,v62073829
2008,0.00,"Thunder Bay, Ontario",26.170.11,v62073829
2009,0.00,"Thunder Bay, Ontario",26.170.11,v62073829
2010,0.00,"Thunder Bay, Ontario",26.170.11,v62073829
2011,0.00,"Thunder Bay, Ontario",26.170.11,v62073829
2012,0.00,"Thunder Bay, Ontario",26.170.11,v62073829
2013,0.00,"Thunder Bay, Ontario",26.170.11,v62073829
2014,0.00,"Thunder Bay, Ontario",26.170.11,v62073829
2015,0.00,"Thunder Bay, Ontario",26.170.11,v62073829
2006,0.00,"Manitoba",28.170.11,v62080129
2007,0.00,"Manitoba",28.170.11,v62080129
2008,0.00,"Manitoba",28.170.11,v62080129
2009,0.00,"Manitoba",28.170.11,v62080129
2010,0.00,"Manitoba",28.170.11,v62080129
2011,0.00,"Manitoba",28.170.11,v62080129
2012,0.00,"Manitoba",28.170.11,v62080129
2013,0.00,"Manitoba",28.170.11,v62080129
2014,0.00,"Manitoba",28.170.11,v62080129
2015,0.00,"Manitoba",28.170.11,v62080129
2006,0.00,"Winnipeg, Manitoba",29.170.11,v62083279
2007,0.00,"Winnipeg, Manitoba",29.170.11,v62083279
2008,0.00,"Winnipeg, Manitoba",29.170.11,v62083279
2009,0.00,"Winnipeg, Manitoba",29.170.11,v62083279
2010,0.00,"Winnipeg, Manitoba",29.170.11,v62083279
2011,0.00,"Winnipeg, Manitoba",29.170.11,v62083279
2012,0.00,"Winnipeg, Manitoba",29.170.11,v62083279
2013,0.00,"Winnipeg, Manitoba",29.170.11,v62083279
2014,0.00,"Winnipeg, Manitoba",29.170.11,v62083279
2015,0.00,"Winnipeg, Manitoba",29.170.11,v62083279
2006,0.00,"Saskatchewan",30.170.11,v52137157
2007,0.00,"Saskatchewan",30.170.11,v52137157
2008,0.00,"Saskatchewan",30.170.11,v52137157
2009,0.00,"Saskatchewan",30.170.11,v52137157
2010,0.00,"Saskatchewan",30.170.11,v52137157
2011,0.00,"Saskatchewan",30.170.11,v52137157
2012,0.00,"Saskatchewan",30.170.11,v52137157
2013,0.00,"Saskatchewan",30.170.11,v52137157
2014,0.00,"Saskatchewan",30.170.11,v52137157
2015,0.00,"Saskatchewan",30.170.11,v52137157
2006,0.00,"Regina, Saskatchewan",31.170.11,v62089579
2007,0.00,"Regina, Saskatchewan",31.170.11,v62089579
2008,0.00,"Regina, Saskatchewan",31.170.11,v62089579
2009,0.00,"Regina, Saskatchewan",31.170.11,v62089579
2010,0.00,"Regina, Saskatchewan",31.170.11,v62089579
2011,0.00,"Regina, Saskatchewan",31.170.11,v62089579
2012,0.00,"Regina, Saskatchewan",31.170.11,v62089579
2013,0.00,"Regina, Saskatchewan",31.170.11,v62089579
2014,0.00,"Regina, Saskatchewan",31.170.11,v62089579
2015,0.00,"Regina, Saskatchewan",31.170.11,v62089579
2006,0.00,"Saskatoon, Saskatchewan",32.170.11,v52137246
2007,0.00,"Saskatoon, Saskatchewan",32.170.11,v52137246
2008,0.00,"Saskatoon, Saskatchewan",32.170.11,v52137246
2009,0.00,"Saskatoon, Saskatchewan",32.170.11,v52137246
2010,0.00,"Saskatoon, Saskatchewan",32.170.11,v52137246
2011,0.00,"Saskatoon, Saskatchewan",32.170.11,v52137246
2012,0.00,"Saskatoon, Saskatchewan",32.170.11,v52137246
2013,0.00,"Saskatoon, Saskatchewan",32.170.11,v52137246
2014,0.00,"Saskatoon, Saskatchewan",32.170.11,v52137246
2015,0.00,"Saskatoon, Saskatchewan",32.170.11,v52137246
2006,0.00,"Alberta",33.170.11,v53096931
2007,0.00,"Alberta",33.170.11,v53096931
2008,0.00,"Alberta",33.170.11,v53096931
2009,0.00,"Alberta",33.170.11,v53096931
2010,0.00,"Alberta",33.170.11,v53096931
2011,0.00,"Alberta",33.170.11,v53096931
2012,0.00,"Alberta",33.170.11,v53096931
2013,0.00,"Alberta",33.170.11,v53096931
2014,0.00,"Alberta",33.170.11,v53096931
2015,0.00,"Alberta",33.170.11,v53096931
2006,0.00,"Calgary, Alberta",34.170.11,v62099029
2007,0.00,"Calgary, Alberta",34.170.11,v62099029
2008,0.00,"Calgary, Alberta",34.170.11,v62099029
2009,0.00,"Calgary, Alberta",34.170.11,v62099029
2010,0.00,"Calgary, Alberta",34.170.11,v62099029
2011,0.00,"Calgary, Alberta",34.170.11,v62099029
2012,0.00,"Calgary, Alberta",34.170.11,v62099029
2013,0.00,"Calgary, Alberta",34.170.11,v62099029
2014,0.00,"Calgary, Alberta",34.170.11,v62099029
2015,0.00,"Calgary, Alberta",34.170.11,v62099029
2006,0.00,"Edmonton, Alberta",35.170.11,v62102179
2007,0.00,"Edmonton, Alberta",35.170.11,v62102179
2008,0.00,"Edmonton, Alberta",35.170.11,v62102179
2009,0.00,"Edmonton, Alberta",35.170.11,v62102179
2010,0.00,"Edmonton, Alberta",35.170.11,v62102179
2011,0.00,"Edmonton, Alberta",35.170.11,v62102179
2012,0.00,"Edmonton, Alberta",35.170.11,v62102179
2013,0.00,"Edmonton, Alberta",35.170.11,v62102179
2014,0.00,"Edmonton, Alberta",35.170.11,v62102179
2015,0.00,"Edmonton, Alberta",35.170.11,v62102179
2006,0.00,"British Columbia",36.170.11,v62105329
2007,0.00,"British Columbia",36.170.11,v62105329
2008,0.00,"British Columbia",36.170.11,v62105329
2009,0.00,"British Columbia",36.170.11,v62105329
2010,0.00,"British Columbia",36.170.11,v62105329
2011,0.00,"British Columbia",36.170.11,v62105329
2012,0.00,"British Columbia",36.170.11,v62105329
2013,0.00,"British Columbia",36.170.11,v62105329
2014,0.00,"British Columbia",36.170.11,v62105329
2015,0.00,"British Columbia",36.170.11,v62105329
2006,0.00,"Kelowna, British Columbia",48.170.11,v62143129
2007,0.00,"Kelowna, British Columbia",48.170.11,v62143129
2008,0.00,"Kelowna, British Columbia",48.170.11,v62143129
2009,0.00,"Kelowna, British Columbia",48.170.11,v62143129
2010,0.00,"Kelowna, British Columbia",48.170.11,v62143129
2011,0.00,"Kelowna, British Columbia",48.170.11,v62143129
2012,0.00,"Kelowna, British Columbia",48.170.11,v62143129
2013,0.00,"Kelowna, British Columbia",48.170.11,v62143129
2014,0.00,"Kelowna, British Columbia",48.170.11,v62143129
2015,0.00,"Kelowna, British Columbia",48.170.11,v62143129
2006,0.00,"Abbotsford-Mission, British Columbia",39.170.11,v62114779
2007,0.00,"Abbotsford-Mission, British Columbia",39.170.11,v62114779
2008,0.00,"Abbotsford-Mission, British Columbia",39.170.11,v62114779
2009,0.00,"Abbotsford-Mission, British Columbia",39.170.11,v62114779
2010,0.00,"Abbotsford-Mission, British Columbia",39.170.11,v62114779
2011,0.00,"Abbotsford-Mission, British Columbia",39.170.11,v62114779
2012,0.00,"Abbotsford-Mission, British Columbia",39.170.11,v62114779
2013,0.00,"Abbotsford-Mission, British Columbia",39.170.11,v62114779
2014,0.00,"Abbotsford-Mission, British Columbia",39.170.11,v62114779
2015,0.00,"Abbotsford-Mission, British Columbia",39.170.11,v62114779
2006,0.00,"Vancouver, British Columbia",37.170.11,v62108479
2007,0.00,"Vancouver, British Columbia",37.170.11,v62108479
2008,0.00,"Vancouver, British Columbia",37.170.11,v62108479
2009,0.00,"Vancouver, British Columbia",37.170.11,v62108479
2010,0.00,"Vancouver, British Columbia",37.170.11,v62108479
2011,0.00,"Vancouver, British Columbia",37.170.11,v62108479
2012,0.00,"Vancouver, British Columbia",37.170.11,v62108479
2013,0.00,"Vancouver, British Columbia",37.170.11,v62108479
2014,0.00,"Vancouver, British Columbia",37.170.11,v62108479
2015,0.00,"Vancouver, British Columbia",37.170.11,v62108479
2006,0.00,"Victoria, British Columbia",38.170.11,v62111629
2007,0.00,"Victoria, British Columbia",38.170.11,v62111629
2008,0.00,"Victoria, British Columbia",38.170.11,v62111629
2009,0.00,"Victoria, British Columbia",38.170.11,v62111629
2010,0.00,"Victoria, British Columbia",38.170.11,v62111629
2011,0.00,"Victoria, British Columbia",38.170.11,v62111629
2012,0.00,"Victoria, British Columbia",38.170.11,v62111629
2013,0.00,"Victoria, British Columbia",38.170.11,v62111629
2014,0.00,"Victoria, British Columbia",38.170.11,v62111629
2015,0.00,"Victoria, British Columbia",38.170.11,v62111629
2006,0.00,"Yukon",40.170.11,v62117929
2007,0.00,"Yukon",40.170.11,v62117929
2008,0.00,"Yukon",40.170.11,v62117929
2009,0.00,"Yukon",40.170.11,v62117929
2010,0.00,"Yukon",40.170.11,v62117929
2011,0.00,"Yukon",40.170.11,v62117929
2012,0.00,"Yukon",40.170.11,v62117929
2013,0.00,"Yukon",40.170.11,v62117929
2014,0.00,"Yukon",40.170.11,v62117929
2015,0.00,"Yukon",40.170.11,v62117929
2006,0.00,"Northwest Territories",41.170.11,v62121079
2007,0.00,"Northwest Territories",41.170.11,v62121079
2008,0.00,"Northwest Territories",41.170.11,v62121079
2009,0.00,"Northwest Territories",41.170.11,v62121079
2010,0.00,"Northwest Territories",41.170.11,v62121079
2011,0.00,"Northwest Territories",41.170.11,v62121079
2012,0.00,"Northwest Territories",41.170.11,v62121079
2013,0.00,"Northwest Territories",41.170.11,v62121079
2014,0.00,"Northwest Territories",41.170.11,v62121079
2015,0.00,"Northwest Territories",41.170.11,v62121079
2006,0.00,"Nunavut",42.170.11,v62124229
2007,0.00,"Nunavut",42.170.11,v62124229
2008,0.00,"Nunavut",42.170.11,v62124229
2009,0.00,"Nunavut",42.170.11,v62124229
2010,0.00,"Nunavut",42.170.11,v62124229
2011,0.00,"Nunavut",42.170.11,v62124229
2012,0.00,"Nunavut",42.170.11,v62124229
2013,0.00,"Nunavut",42.170.11,v62124229
2014,0.00,"Nunavut",42.170.11,v62124229
2015,0.00,"Nunavut",42.170.11,v62124229
