1998,17.00,"Canada",1.40.5,v44370469
1999,11.00,"Canada",1.40.5,v44370469
2000,20.00,"Canada",1.40.5,v44370469
2001,16.00,"Canada",1.40.5,v44370469
2002,15.00,"Canada",1.40.5,v44370469
2003,15.00,"Canada",1.40.5,v44370469
2004,9.00,"Canada",1.40.5,v44370469
2005,17.00,"Canada",1.40.5,v44370469
2006,15.00,"Canada",1.40.5,v44370469
2007,11.00,"Canada",1.40.5,v44370469
2008,12.00,"Canada",1.40.5,v44370469
2009,8.00,"Canada",1.40.5,v44370469
2010,6.00,"Canada",1.40.5,v44370469
2011,11.00,"Canada",1.40.5,v44370469
2012,6.00,"Canada",1.40.5,v44370469
2013,6.00,"Canada",1.40.5,v44370469
2014,4.00,"Canada",1.40.5,v44370469
2015,6.00,"Canada",1.40.5,v44370469
1998,0.00,"Newfoundland and Labrador",2.40.5,v44369245
1999,..,"Newfoundland and Labrador",2.40.5,v44369245
2000,0.00,"Newfoundland and Labrador",2.40.5,v44369245
2001,0.00,"Newfoundland and Labrador",2.40.5,v44369245
2002,0.00,"Newfoundland and Labrador",2.40.5,v44369245
2003,..,"Newfoundland and Labrador",2.40.5,v44369245
2004,0.00,"Newfoundland and Labrador",2.40.5,v44369245
2005,1.00,"Newfoundland and Labrador",2.40.5,v44369245
2006,0.00,"Newfoundland and Labrador",2.40.5,v44369245
2007,0.00,"Newfoundland and Labrador",2.40.5,v44369245
2008,0.00,"Newfoundland and Labrador",2.40.5,v44369245
2009,0.00,"Newfoundland and Labrador",2.40.5,v44369245
2010,0.00,"Newfoundland and Labrador",2.40.5,v44369245
2011,0.00,"Newfoundland and Labrador",2.40.5,v44369245
2012,0.00,"Newfoundland and Labrador",2.40.5,v44369245
2013,1.00,"Newfoundland and Labrador",2.40.5,v44369245
2014,0.00,"Newfoundland and Labrador",2.40.5,v44369245
2015,0.00,"Newfoundland and Labrador",2.40.5,v44369245
1998,0.00,"St. John's, Newfoundland and Labrador",3.40.5,v44388646
1999,..,"St. John's, Newfoundland and Labrador",3.40.5,v44388646
2000,..,"St. John's, Newfoundland and Labrador",3.40.5,v44388646
2001,0.00,"St. John's, Newfoundland and Labrador",3.40.5,v44388646
2002,0.00,"St. John's, Newfoundland and Labrador",3.40.5,v44388646
2003,..,"St. John's, Newfoundland and Labrador",3.40.5,v44388646
2004,0.00,"St. John's, Newfoundland and Labrador",3.40.5,v44388646
2005,..,"St. John's, Newfoundland and Labrador",3.40.5,v44388646
2006,0.00,"St. John's, Newfoundland and Labrador",3.40.5,v44388646
2007,0.00,"St. John's, Newfoundland and Labrador",3.40.5,v44388646
2008,0.00,"St. John's, Newfoundland and Labrador",3.40.5,v44388646
2009,0.00,"St. John's, Newfoundland and Labrador",3.40.5,v44388646
2010,0.00,"St. John's, Newfoundland and Labrador",3.40.5,v44388646
2011,0.00,"St. John's, Newfoundland and Labrador",3.40.5,v44388646
2012,0.00,"St. John's, Newfoundland and Labrador",3.40.5,v44388646
2013,0.00,"St. John's, Newfoundland and Labrador",3.40.5,v44388646
2014,0.00,"St. John's, Newfoundland and Labrador",3.40.5,v44388646
2015,0.00,"St. John's, Newfoundland and Labrador",3.40.5,v44388646
1999,..,"Prince Edward Island",4.40.5,v44402387
2000,0.00,"Prince Edward Island",4.40.5,v44402387
2001,..,"Prince Edward Island",4.40.5,v44402387
2002,0.00,"Prince Edward Island",4.40.5,v44402387
2003,0.00,"Prince Edward Island",4.40.5,v44402387
2004,..,"Prince Edward Island",4.40.5,v44402387
2005,..,"Prince Edward Island",4.40.5,v44402387
2006,0.00,"Prince Edward Island",4.40.5,v44402387
2007,0.00,"Prince Edward Island",4.40.5,v44402387
2008,0.00,"Prince Edward Island",4.40.5,v44402387
2009,0.00,"Prince Edward Island",4.40.5,v44402387
2010,0.00,"Prince Edward Island",4.40.5,v44402387
2011,0.00,"Prince Edward Island",4.40.5,v44402387
2012,0.00,"Prince Edward Island",4.40.5,v44402387
2013,0.00,"Prince Edward Island",4.40.5,v44402387
2014,0.00,"Prince Edward Island",4.40.5,v44402387
2015,0.00,"Prince Edward Island",4.40.5,v44402387
1998,..,"Nova Scotia",5.40.5,v44409754
1999,0.00,"Nova Scotia",5.40.5,v44409754
2000,0.00,"Nova Scotia",5.40.5,v44409754
2001,0.00,"Nova Scotia",5.40.5,v44409754
2002,0.00,"Nova Scotia",5.40.5,v44409754
2003,..,"Nova Scotia",5.40.5,v44409754
2004,..,"Nova Scotia",5.40.5,v44409754
2005,1.00,"Nova Scotia",5.40.5,v44409754
2006,0.00,"Nova Scotia",5.40.5,v44409754
2007,0.00,"Nova Scotia",5.40.5,v44409754
2008,0.00,"Nova Scotia",5.40.5,v44409754
2009,0.00,"Nova Scotia",5.40.5,v44409754
2010,1.00,"Nova Scotia",5.40.5,v44409754
2011,1.00,"Nova Scotia",5.40.5,v44409754
2012,0.00,"Nova Scotia",5.40.5,v44409754
2013,0.00,"Nova Scotia",5.40.5,v44409754
2014,0.00,"Nova Scotia",5.40.5,v44409754
2015,0.00,"Nova Scotia",5.40.5,v44409754
1998,..,"Halifax, Nova Scotia",6.40.5,v44417860
1999,0.00,"Halifax, Nova Scotia",6.40.5,v44417860
2000,..,"Halifax, Nova Scotia",6.40.5,v44417860
2001,0.00,"Halifax, Nova Scotia",6.40.5,v44417860
2002,..,"Halifax, Nova Scotia",6.40.5,v44417860
2003,..,"Halifax, Nova Scotia",6.40.5,v44417860
2004,..,"Halifax, Nova Scotia",6.40.5,v44417860
2005,0.00,"Halifax, Nova Scotia",6.40.5,v44417860
2006,0.00,"Halifax, Nova Scotia",6.40.5,v44417860
2007,0.00,"Halifax, Nova Scotia",6.40.5,v44417860
2008,0.00,"Halifax, Nova Scotia",6.40.5,v44417860
2009,0.00,"Halifax, Nova Scotia",6.40.5,v44417860
2010,0.00,"Halifax, Nova Scotia",6.40.5,v44417860
2011,1.00,"Halifax, Nova Scotia",6.40.5,v44417860
2012,0.00,"Halifax, Nova Scotia",6.40.5,v44417860
2013,0.00,"Halifax, Nova Scotia",6.40.5,v44417860
2014,0.00,"Halifax, Nova Scotia",6.40.5,v44417860
2015,0.00,"Halifax, Nova Scotia",6.40.5,v44417860
1998,1.00,"New Brunswick",7.40.5,v44384579
1999,1.00,"New Brunswick",7.40.5,v44384579
2000,0.00,"New Brunswick",7.40.5,v44384579
2001,0.00,"New Brunswick",7.40.5,v44384579
2002,1.00,"New Brunswick",7.40.5,v44384579
2003,0.00,"New Brunswick",7.40.5,v44384579
2004,0.00,"New Brunswick",7.40.5,v44384579
2005,0.00,"New Brunswick",7.40.5,v44384579
2006,1.00,"New Brunswick",7.40.5,v44384579
2007,0.00,"New Brunswick",7.40.5,v44384579
2008,0.00,"New Brunswick",7.40.5,v44384579
2009,0.00,"New Brunswick",7.40.5,v44384579
2010,0.00,"New Brunswick",7.40.5,v44384579
2011,0.00,"New Brunswick",7.40.5,v44384579
2012,0.00,"New Brunswick",7.40.5,v44384579
2013,0.00,"New Brunswick",7.40.5,v44384579
2014,0.00,"New Brunswick",7.40.5,v44384579
2015,0.00,"New Brunswick",7.40.5,v44384579
2005,..,"Moncton, New Brunswick",43.40.5,v52120850
2006,0.00,"Moncton, New Brunswick",43.40.5,v52120850
2007,0.00,"Moncton, New Brunswick",43.40.5,v52120850
2008,0.00,"Moncton, New Brunswick",43.40.5,v52120850
2009,0.00,"Moncton, New Brunswick",43.40.5,v52120850
2010,0.00,"Moncton, New Brunswick",43.40.5,v52120850
2011,0.00,"Moncton, New Brunswick",43.40.5,v52120850
2012,0.00,"Moncton, New Brunswick",43.40.5,v52120850
2013,0.00,"Moncton, New Brunswick",43.40.5,v52120850
2014,0.00,"Moncton, New Brunswick",43.40.5,v52120850
2015,0.00,"Moncton, New Brunswick",43.40.5,v52120850
1998,..,"Saint John, New Brunswick",8.40.5,v44365938
1999,0.00,"Saint John, New Brunswick",8.40.5,v44365938
2000,0.00,"Saint John, New Brunswick",8.40.5,v44365938
2001,..,"Saint John, New Brunswick",8.40.5,v44365938
2002,..,"Saint John, New Brunswick",8.40.5,v44365938
2003,..,"Saint John, New Brunswick",8.40.5,v44365938
2004,0.00,"Saint John, New Brunswick",8.40.5,v44365938
2005,0.00,"Saint John, New Brunswick",8.40.5,v44365938
2006,0.00,"Saint John, New Brunswick",8.40.5,v44365938
2007,0.00,"Saint John, New Brunswick",8.40.5,v44365938
2008,0.00,"Saint John, New Brunswick",8.40.5,v44365938
2009,0.00,"Saint John, New Brunswick",8.40.5,v44365938
2010,0.00,"Saint John, New Brunswick",8.40.5,v44365938
2011,0.00,"Saint John, New Brunswick",8.40.5,v44365938
2012,0.00,"Saint John, New Brunswick",8.40.5,v44365938
2013,0.00,"Saint John, New Brunswick",8.40.5,v44365938
2014,0.00,"Saint John, New Brunswick",8.40.5,v44365938
2015,0.00,"Saint John, New Brunswick",8.40.5,v44365938
1998,1.00,"Quebec",9.40.5,v44379257
1999,0.00,"Quebec",9.40.5,v44379257
2000,4.00,"Quebec",9.40.5,v44379257
2001,0.00,"Quebec",9.40.5,v44379257
2002,2.00,"Quebec",9.40.5,v44379257
2003,4.00,"Quebec",9.40.5,v44379257
2004,2.00,"Quebec",9.40.5,v44379257
2005,2.00,"Quebec",9.40.5,v44379257
2006,0.00,"Quebec",9.40.5,v44379257
2007,1.00,"Quebec",9.40.5,v44379257
2008,1.00,"Quebec",9.40.5,v44379257
2009,0.00,"Quebec",9.40.5,v44379257
2010,2.00,"Quebec",9.40.5,v44379257
2011,1.00,"Quebec",9.40.5,v44379257
2012,2.00,"Quebec",9.40.5,v44379257
2013,2.00,"Quebec",9.40.5,v44379257
2014,1.00,"Quebec",9.40.5,v44379257
2015,2.00,"Quebec",9.40.5,v44379257
2000,..,"Saguenay, Quebec",10.40.5,v44391834
2001,0.00,"Saguenay, Quebec",10.40.5,v44391834
2002,..,"Saguenay, Quebec",10.40.5,v44391834
2003,..,"Saguenay, Quebec",10.40.5,v44391834
2004,..,"Saguenay, Quebec",10.40.5,v44391834
2005,..,"Saguenay, Quebec",10.40.5,v44391834
2006,0.00,"Saguenay, Quebec",10.40.5,v44391834
2007,0.00,"Saguenay, Quebec",10.40.5,v44391834
2008,0.00,"Saguenay, Quebec",10.40.5,v44391834
2009,0.00,"Saguenay, Quebec",10.40.5,v44391834
2010,0.00,"Saguenay, Quebec",10.40.5,v44391834
2011,0.00,"Saguenay, Quebec",10.40.5,v44391834
2012,0.00,"Saguenay, Quebec",10.40.5,v44391834
2013,0.00,"Saguenay, Quebec",10.40.5,v44391834
2014,0.00,"Saguenay, Quebec",10.40.5,v44391834
2015,0.00,"Saguenay, Quebec",10.40.5,v44391834
2006,0.00,"Sherbrooke, Quebec",12.40.5,v52136151
2007,0.00,"Sherbrooke, Quebec",12.40.5,v52136151
2008,0.00,"Sherbrooke, Quebec",12.40.5,v52136151
2009,0.00,"Sherbrooke, Quebec",12.40.5,v52136151
2010,0.00,"Sherbrooke, Quebec",12.40.5,v52136151
2011,0.00,"Sherbrooke, Quebec",12.40.5,v52136151
2012,0.00,"Sherbrooke, Quebec",12.40.5,v52136151
2013,0.00,"Sherbrooke, Quebec",12.40.5,v52136151
2014,0.00,"Sherbrooke, Quebec",12.40.5,v52136151
2015,0.00,"Sherbrooke, Quebec",12.40.5,v52136151
1998,0.00,"Ottawa-Gatineau, Quebec part",15.40.5,v44385905
1999,0.00,"Ottawa-Gatineau, Quebec part",15.40.5,v44385905
2000,0.00,"Ottawa-Gatineau, Quebec part",15.40.5,v44385905
2001,..,"Ottawa-Gatineau, Quebec part",15.40.5,v44385905
2002,..,"Ottawa-Gatineau, Quebec part",15.40.5,v44385905
2003,1.00,"Ottawa-Gatineau, Quebec part",15.40.5,v44385905
2004,..,"Ottawa-Gatineau, Quebec part",15.40.5,v44385905
2005,..,"Ottawa-Gatineau, Quebec part",15.40.5,v44385905
2006,0.00,"Ottawa-Gatineau, Quebec part",15.40.5,v44385905
2007,0.00,"Ottawa-Gatineau, Quebec part",15.40.5,v44385905
2008,0.00,"Ottawa-Gatineau, Quebec part",15.40.5,v44385905
2009,0.00,"Ottawa-Gatineau, Quebec part",15.40.5,v44385905
2010,0.00,"Ottawa-Gatineau, Quebec part",15.40.5,v44385905
2011,0.00,"Ottawa-Gatineau, Quebec part",15.40.5,v44385905
2012,0.00,"Ottawa-Gatineau, Quebec part",15.40.5,v44385905
2013,0.00,"Ottawa-Gatineau, Quebec part",15.40.5,v44385905
2014,0.00,"Ottawa-Gatineau, Quebec part",15.40.5,v44385905
2015,0.00,"Ottawa-Gatineau, Quebec part",15.40.5,v44385905
1998,8.00,"Ontario",16.40.5,v44373581
1999,6.00,"Ontario",16.40.5,v44373581
2000,11.00,"Ontario",16.40.5,v44373581
2001,8.00,"Ontario",16.40.5,v44373581
2002,7.00,"Ontario",16.40.5,v44373581
2003,6.00,"Ontario",16.40.5,v44373581
2004,2.00,"Ontario",16.40.5,v44373581
2005,7.00,"Ontario",16.40.5,v44373581
2006,7.00,"Ontario",16.40.5,v44373581
2007,4.00,"Ontario",16.40.5,v44373581
2008,5.00,"Ontario",16.40.5,v44373581
2009,4.00,"Ontario",16.40.5,v44373581
2010,2.00,"Ontario",16.40.5,v44373581
2011,1.00,"Ontario",16.40.5,v44373581
2012,0.00,"Ontario",16.40.5,v44373581
2013,1.00,"Ontario",16.40.5,v44373581
2014,0.00,"Ontario",16.40.5,v44373581
2015,0.00,"Ontario",16.40.5,v44373581
1998,2.00,"Ottawa-Gatineau, Ontario/Quebec",17.40.5,v52147842
1999,0.00,"Ottawa-Gatineau, Ontario/Quebec",17.40.5,v52147842
2000,0.00,"Ottawa-Gatineau, Ontario/Quebec",17.40.5,v52147842
2001,..,"Ottawa-Gatineau, Ontario/Quebec",17.40.5,v52147842
2002,0.00,"Ottawa-Gatineau, Ontario/Quebec",17.40.5,v52147842
2003,1.00,"Ottawa-Gatineau, Ontario/Quebec",17.40.5,v52147842
2004,0.00,"Ottawa-Gatineau, Ontario/Quebec",17.40.5,v52147842
2005,1.00,"Ottawa-Gatineau, Ontario/Quebec",17.40.5,v52147842
2006,0.00,"Ottawa-Gatineau, Ontario/Quebec",17.40.5,v52147842
2007,2.00,"Ottawa-Gatineau, Ontario/Quebec",17.40.5,v52147842
2008,0.00,"Ottawa-Gatineau, Ontario/Quebec",17.40.5,v52147842
2009,0.00,"Ottawa-Gatineau, Ontario/Quebec",17.40.5,v52147842
2010,0.00,"Ottawa-Gatineau, Ontario/Quebec",17.40.5,v52147842
2011,1.00,"Ottawa-Gatineau, Ontario/Quebec",17.40.5,v52147842
2012,0.00,"Ottawa-Gatineau, Ontario/Quebec",17.40.5,v52147842
2013,0.00,"Ottawa-Gatineau, Ontario/Quebec",17.40.5,v52147842
2014,0.00,"Ottawa-Gatineau, Ontario/Quebec",17.40.5,v52147842
2015,0.00,"Ottawa-Gatineau, Ontario/Quebec",17.40.5,v52147842
1998,2.00,"Ottawa-Gatineau, Ontario part",18.40.5,v44374346
1999,0.00,"Ottawa-Gatineau, Ontario part",18.40.5,v44374346
2000,0.00,"Ottawa-Gatineau, Ontario part",18.40.5,v44374346
2001,..,"Ottawa-Gatineau, Ontario part",18.40.5,v44374346
2002,0.00,"Ottawa-Gatineau, Ontario part",18.40.5,v44374346
2003,0.00,"Ottawa-Gatineau, Ontario part",18.40.5,v44374346
2004,0.00,"Ottawa-Gatineau, Ontario part",18.40.5,v44374346
2005,1.00,"Ottawa-Gatineau, Ontario part",18.40.5,v44374346
2006,0.00,"Ottawa-Gatineau, Ontario part",18.40.5,v44374346
2007,2.00,"Ottawa-Gatineau, Ontario part",18.40.5,v44374346
2008,0.00,"Ottawa-Gatineau, Ontario part",18.40.5,v44374346
2009,0.00,"Ottawa-Gatineau, Ontario part",18.40.5,v44374346
2010,0.00,"Ottawa-Gatineau, Ontario part",18.40.5,v44374346
2011,1.00,"Ottawa-Gatineau, Ontario part",18.40.5,v44374346
2012,0.00,"Ottawa-Gatineau, Ontario part",18.40.5,v44374346
2013,0.00,"Ottawa-Gatineau, Ontario part",18.40.5,v44374346
2014,0.00,"Ottawa-Gatineau, Ontario part",18.40.5,v44374346
2015,0.00,"Ottawa-Gatineau, Ontario part",18.40.5,v44374346
2001,..,"Kingston, Ontario",27.40.5,v44365094
2002,0.00,"Kingston, Ontario",27.40.5,v44365094
2003,..,"Kingston, Ontario",27.40.5,v44365094
2004,0.00,"Kingston, Ontario",27.40.5,v44365094
2005,0.00,"Kingston, Ontario",27.40.5,v44365094
2006,0.00,"Kingston, Ontario",27.40.5,v44365094
2007,0.00,"Kingston, Ontario",27.40.5,v44365094
2008,0.00,"Kingston, Ontario",27.40.5,v44365094
2009,0.00,"Kingston, Ontario",27.40.5,v44365094
2010,0.00,"Kingston, Ontario",27.40.5,v44365094
2011,0.00,"Kingston, Ontario",27.40.5,v44365094
2012,0.00,"Kingston, Ontario",27.40.5,v44365094
2013,0.00,"Kingston, Ontario",27.40.5,v44365094
2014,0.00,"Kingston, Ontario",27.40.5,v44365094
2015,0.00,"Kingston, Ontario",27.40.5,v44365094
2006,0.00,"Peterborough, Ontario",44.40.5,v53087183
2007,0.00,"Peterborough, Ontario",44.40.5,v53087183
2008,0.00,"Peterborough, Ontario",44.40.5,v53087183
2009,1.00,"Peterborough, Ontario",44.40.5,v53087183
2010,0.00,"Peterborough, Ontario",44.40.5,v53087183
2011,0.00,"Peterborough, Ontario",44.40.5,v53087183
2012,0.00,"Peterborough, Ontario",44.40.5,v53087183
2013,0.00,"Peterborough, Ontario",44.40.5,v53087183
2014,0.00,"Peterborough, Ontario",44.40.5,v53087183
2015,0.00,"Peterborough, Ontario",44.40.5,v53087183
1998,2.00,"Toronto, Ontario",19.40.5,v44378226
1999,1.00,"Toronto, Ontario",19.40.5,v44378226
2000,4.00,"Toronto, Ontario",19.40.5,v44378226
2001,5.00,"Toronto, Ontario",19.40.5,v44378226
2002,2.00,"Toronto, Ontario",19.40.5,v44378226
2003,1.00,"Toronto, Ontario",19.40.5,v44378226
2004,1.00,"Toronto, Ontario",19.40.5,v44378226
2005,0.00,"Toronto, Ontario",19.40.5,v44378226
2006,1.00,"Toronto, Ontario",19.40.5,v44378226
2007,0.00,"Toronto, Ontario",19.40.5,v44378226
2008,2.00,"Toronto, Ontario",19.40.5,v44378226
2009,2.00,"Toronto, Ontario",19.40.5,v44378226
2010,0.00,"Toronto, Ontario",19.40.5,v44378226
2011,0.00,"Toronto, Ontario",19.40.5,v44378226
2012,0.00,"Toronto, Ontario",19.40.5,v44378226
2013,0.00,"Toronto, Ontario",19.40.5,v44378226
2014,0.00,"Toronto, Ontario",19.40.5,v44378226
2015,0.00,"Toronto, Ontario",19.40.5,v44378226
1999,..,"Hamilton, Ontario",20.40.5,v44332513
2000,0.00,"Hamilton, Ontario",20.40.5,v44332513
2001,0.00,"Hamilton, Ontario",20.40.5,v44332513
2002,0.00,"Hamilton, Ontario",20.40.5,v44332513
2003,0.00,"Hamilton, Ontario",20.40.5,v44332513
2004,0.00,"Hamilton, Ontario",20.40.5,v44332513
2005,1.00,"Hamilton, Ontario",20.40.5,v44332513
2006,1.00,"Hamilton, Ontario",20.40.5,v44332513
2007,0.00,"Hamilton, Ontario",20.40.5,v44332513
2008,0.00,"Hamilton, Ontario",20.40.5,v44332513
2009,0.00,"Hamilton, Ontario",20.40.5,v44332513
2010,0.00,"Hamilton, Ontario",20.40.5,v44332513
2011,0.00,"Hamilton, Ontario",20.40.5,v44332513
2012,0.00,"Hamilton, Ontario",20.40.5,v44332513
2013,0.00,"Hamilton, Ontario",20.40.5,v44332513
2014,0.00,"Hamilton, Ontario",20.40.5,v44332513
2015,0.00,"Hamilton, Ontario",20.40.5,v44332513
2001,..,"St.Catharines-Niagara, Ontario",21.40.5,v44410158
2002,1.00,"St.Catharines-Niagara, Ontario",21.40.5,v44410158
2003,..,"St.Catharines-Niagara, Ontario",21.40.5,v44410158
2004,0.00,"St.Catharines-Niagara, Ontario",21.40.5,v44410158
2005,..,"St.Catharines-Niagara, Ontario",21.40.5,v44410158
2006,0.00,"St.Catharines-Niagara, Ontario",21.40.5,v44410158
2007,0.00,"St.Catharines-Niagara, Ontario",21.40.5,v44410158
2008,0.00,"St.Catharines-Niagara, Ontario",21.40.5,v44410158
2009,0.00,"St.Catharines-Niagara, Ontario",21.40.5,v44410158
2010,1.00,"St.Catharines-Niagara, Ontario",21.40.5,v44410158
2011,0.00,"St.Catharines-Niagara, Ontario",21.40.5,v44410158
2012,0.00,"St.Catharines-Niagara, Ontario",21.40.5,v44410158
2013,0.00,"St.Catharines-Niagara, Ontario",21.40.5,v44410158
2014,0.00,"St.Catharines-Niagara, Ontario",21.40.5,v44410158
2015,0.00,"St.Catharines-Niagara, Ontario",21.40.5,v44410158
1998,0.00,"Kitchener-Cambridge-Waterloo, Ontario",22.40.5,v44327020
1999,0.00,"Kitchener-Cambridge-Waterloo, Ontario",22.40.5,v44327020
2000,1.00,"Kitchener-Cambridge-Waterloo, Ontario",22.40.5,v44327020
2001,..,"Kitchener-Cambridge-Waterloo, Ontario",22.40.5,v44327020
2002,..,"Kitchener-Cambridge-Waterloo, Ontario",22.40.5,v44327020
2003,0.00,"Kitchener-Cambridge-Waterloo, Ontario",22.40.5,v44327020
2004,..,"Kitchener-Cambridge-Waterloo, Ontario",22.40.5,v44327020
2005,..,"Kitchener-Cambridge-Waterloo, Ontario",22.40.5,v44327020
2006,1.00,"Kitchener-Cambridge-Waterloo, Ontario",22.40.5,v44327020
2007,1.00,"Kitchener-Cambridge-Waterloo, Ontario",22.40.5,v44327020
2008,0.00,"Kitchener-Cambridge-Waterloo, Ontario",22.40.5,v44327020
2009,0.00,"Kitchener-Cambridge-Waterloo, Ontario",22.40.5,v44327020
2010,0.00,"Kitchener-Cambridge-Waterloo, Ontario",22.40.5,v44327020
2011,0.00,"Kitchener-Cambridge-Waterloo, Ontario",22.40.5,v44327020
2012,0.00,"Kitchener-Cambridge-Waterloo, Ontario",22.40.5,v44327020
2013,1.00,"Kitchener-Cambridge-Waterloo, Ontario",22.40.5,v44327020
2014,0.00,"Kitchener-Cambridge-Waterloo, Ontario",22.40.5,v44327020
2015,0.00,"Kitchener-Cambridge-Waterloo, Ontario",22.40.5,v44327020
2006,0.00,"Brantford, Ontario",45.40.5,v62131881
2007,0.00,"Brantford, Ontario",45.40.5,v62131881
2008,0.00,"Brantford, Ontario",45.40.5,v62131881
2009,0.00,"Brantford, Ontario",45.40.5,v62131881
2010,0.00,"Brantford, Ontario",45.40.5,v62131881
2011,0.00,"Brantford, Ontario",45.40.5,v62131881
2012,0.00,"Brantford, Ontario",45.40.5,v62131881
2013,0.00,"Brantford, Ontario",45.40.5,v62131881
2014,0.00,"Brantford, Ontario",45.40.5,v62131881
2015,0.00,"Brantford, Ontario",45.40.5,v62131881
2006,0.00,"Guelph, Ontario",46.40.5,v62135031
2007,0.00,"Guelph, Ontario",46.40.5,v62135031
2008,0.00,"Guelph, Ontario",46.40.5,v62135031
2009,0.00,"Guelph, Ontario",46.40.5,v62135031
2010,0.00,"Guelph, Ontario",46.40.5,v62135031
2011,0.00,"Guelph, Ontario",46.40.5,v62135031
2012,0.00,"Guelph, Ontario",46.40.5,v62135031
2013,0.00,"Guelph, Ontario",46.40.5,v62135031
2014,0.00,"Guelph, Ontario",46.40.5,v62135031
2015,0.00,"Guelph, Ontario",46.40.5,v62135031
2000,..,"London, Ontario",23.40.5,v44395910
2001,0.00,"London, Ontario",23.40.5,v44395910
2002,..,"London, Ontario",23.40.5,v44395910
2003,..,"London, Ontario",23.40.5,v44395910
2004,0.00,"London, Ontario",23.40.5,v44395910
2005,1.00,"London, Ontario",23.40.5,v44395910
2006,0.00,"London, Ontario",23.40.5,v44395910
2007,0.00,"London, Ontario",23.40.5,v44395910
2008,0.00,"London, Ontario",23.40.5,v44395910
2009,0.00,"London, Ontario",23.40.5,v44395910
2010,0.00,"London, Ontario",23.40.5,v44395910
2011,0.00,"London, Ontario",23.40.5,v44395910
2012,0.00,"London, Ontario",23.40.5,v44395910
2013,0.00,"London, Ontario",23.40.5,v44395910
2014,0.00,"London, Ontario",23.40.5,v44395910
2015,0.00,"London, Ontario",23.40.5,v44395910
1998,0.00,"Windsor, Ontario",24.40.5,v44400282
1999,..,"Windsor, Ontario",24.40.5,v44400282
2000,0.00,"Windsor, Ontario",24.40.5,v44400282
2001,0.00,"Windsor, Ontario",24.40.5,v44400282
2002,..,"Windsor, Ontario",24.40.5,v44400282
2003,0.00,"Windsor, Ontario",24.40.5,v44400282
2004,..,"Windsor, Ontario",24.40.5,v44400282
2005,..,"Windsor, Ontario",24.40.5,v44400282
2006,0.00,"Windsor, Ontario",24.40.5,v44400282
2007,0.00,"Windsor, Ontario",24.40.5,v44400282
2008,1.00,"Windsor, Ontario",24.40.5,v44400282
2009,0.00,"Windsor, Ontario",24.40.5,v44400282
2010,0.00,"Windsor, Ontario",24.40.5,v44400282
2011,0.00,"Windsor, Ontario",24.40.5,v44400282
2012,0.00,"Windsor, Ontario",24.40.5,v44400282
2013,0.00,"Windsor, Ontario",24.40.5,v44400282
2014,0.00,"Windsor, Ontario",24.40.5,v44400282
2015,0.00,"Windsor, Ontario",24.40.5,v44400282
2005,..,"Barrie, Ontario",47.40.5,v52144077
2006,0.00,"Barrie, Ontario",47.40.5,v52144077
2007,0.00,"Barrie, Ontario",47.40.5,v52144077
2008,0.00,"Barrie, Ontario",47.40.5,v52144077
2009,0.00,"Barrie, Ontario",47.40.5,v52144077
2010,0.00,"Barrie, Ontario",47.40.5,v52144077
2011,0.00,"Barrie, Ontario",47.40.5,v52144077
2012,0.00,"Barrie, Ontario",47.40.5,v52144077
2013,0.00,"Barrie, Ontario",47.40.5,v52144077
2014,0.00,"Barrie, Ontario",47.40.5,v52144077
2015,0.00,"Barrie, Ontario",47.40.5,v52144077
1999,..,"Sudbury, Ontario",25.40.5,v44374493
2000,2.00,"Sudbury, Ontario",25.40.5,v44374493
2001,..,"Sudbury, Ontario",25.40.5,v44374493
2002,..,"Sudbury, Ontario",25.40.5,v44374493
2003,..,"Sudbury, Ontario",25.40.5,v44374493
2004,0.00,"Sudbury, Ontario",25.40.5,v44374493
2005,..,"Sudbury, Ontario",25.40.5,v44374493
2006,0.00,"Sudbury, Ontario",25.40.5,v44374493
2007,0.00,"Sudbury, Ontario",25.40.5,v44374493
2008,0.00,"Sudbury, Ontario",25.40.5,v44374493
2009,0.00,"Sudbury, Ontario",25.40.5,v44374493
2010,0.00,"Sudbury, Ontario",25.40.5,v44374493
2011,0.00,"Sudbury, Ontario",25.40.5,v44374493
2012,0.00,"Sudbury, Ontario",25.40.5,v44374493
2013,0.00,"Sudbury, Ontario",25.40.5,v44374493
2014,0.00,"Sudbury, Ontario",25.40.5,v44374493
2015,0.00,"Sudbury, Ontario",25.40.5,v44374493
1998,0.00,"Thunder Bay, Ontario",26.40.5,v44380166
1999,0.00,"Thunder Bay, Ontario",26.40.5,v44380166
2000,..,"Thunder Bay, Ontario",26.40.5,v44380166
2001,..,"Thunder Bay, Ontario",26.40.5,v44380166
2002,1.00,"Thunder Bay, Ontario",26.40.5,v44380166
2003,..,"Thunder Bay, Ontario",26.40.5,v44380166
2004,..,"Thunder Bay, Ontario",26.40.5,v44380166
2005,..,"Thunder Bay, Ontario",26.40.5,v44380166
2006,0.00,"Thunder Bay, Ontario",26.40.5,v44380166
2007,0.00,"Thunder Bay, Ontario",26.40.5,v44380166
2008,0.00,"Thunder Bay, Ontario",26.40.5,v44380166
2009,0.00,"Thunder Bay, Ontario",26.40.5,v44380166
2010,1.00,"Thunder Bay, Ontario",26.40.5,v44380166
2011,0.00,"Thunder Bay, Ontario",26.40.5,v44380166
2012,0.00,"Thunder Bay, Ontario",26.40.5,v44380166
2013,0.00,"Thunder Bay, Ontario",26.40.5,v44380166
2014,0.00,"Thunder Bay, Ontario",26.40.5,v44380166
2015,0.00,"Thunder Bay, Ontario",26.40.5,v44380166
1998,1.00,"Manitoba",28.40.5,v44400853
1999,0.00,"Manitoba",28.40.5,v44400853
2000,0.00,"Manitoba",28.40.5,v44400853
2001,2.00,"Manitoba",28.40.5,v44400853
2002,1.00,"Manitoba",28.40.5,v44400853
2003,0.00,"Manitoba",28.40.5,v44400853
2004,0.00,"Manitoba",28.40.5,v44400853
2005,1.00,"Manitoba",28.40.5,v44400853
2006,1.00,"Manitoba",28.40.5,v44400853
2007,0.00,"Manitoba",28.40.5,v44400853
2008,1.00,"Manitoba",28.40.5,v44400853
2009,1.00,"Manitoba",28.40.5,v44400853
2010,0.00,"Manitoba",28.40.5,v44400853
2011,1.00,"Manitoba",28.40.5,v44400853
2012,1.00,"Manitoba",28.40.5,v44400853
2013,0.00,"Manitoba",28.40.5,v44400853
2014,0.00,"Manitoba",28.40.5,v44400853
2015,0.00,"Manitoba",28.40.5,v44400853
1998,0.00,"Winnipeg, Manitoba",29.40.5,v44346374
1999,..,"Winnipeg, Manitoba",29.40.5,v44346374
2000,0.00,"Winnipeg, Manitoba",29.40.5,v44346374
2001,0.00,"Winnipeg, Manitoba",29.40.5,v44346374
2002,..,"Winnipeg, Manitoba",29.40.5,v44346374
2003,0.00,"Winnipeg, Manitoba",29.40.5,v44346374
2004,0.00,"Winnipeg, Manitoba",29.40.5,v44346374
2005,0.00,"Winnipeg, Manitoba",29.40.5,v44346374
2006,0.00,"Winnipeg, Manitoba",29.40.5,v44346374
2007,0.00,"Winnipeg, Manitoba",29.40.5,v44346374
2008,1.00,"Winnipeg, Manitoba",29.40.5,v44346374
2009,1.00,"Winnipeg, Manitoba",29.40.5,v44346374
2010,0.00,"Winnipeg, Manitoba",29.40.5,v44346374
2011,0.00,"Winnipeg, Manitoba",29.40.5,v44346374
2012,0.00,"Winnipeg, Manitoba",29.40.5,v44346374
2013,0.00,"Winnipeg, Manitoba",29.40.5,v44346374
2014,0.00,"Winnipeg, Manitoba",29.40.5,v44346374
2015,0.00,"Winnipeg, Manitoba",29.40.5,v44346374
1998,0.00,"Saskatchewan",30.40.5,v44360445
1999,2.00,"Saskatchewan",30.40.5,v44360445
2000,1.00,"Saskatchewan",30.40.5,v44360445
2001,1.00,"Saskatchewan",30.40.5,v44360445
2002,0.00,"Saskatchewan",30.40.5,v44360445
2003,0.00,"Saskatchewan",30.40.5,v44360445
2004,0.00,"Saskatchewan",30.40.5,v44360445
2005,0.00,"Saskatchewan",30.40.5,v44360445
2006,1.00,"Saskatchewan",30.40.5,v44360445
2007,0.00,"Saskatchewan",30.40.5,v44360445
2008,1.00,"Saskatchewan",30.40.5,v44360445
2009,0.00,"Saskatchewan",30.40.5,v44360445
2010,1.00,"Saskatchewan",30.40.5,v44360445
2011,0.00,"Saskatchewan",30.40.5,v44360445
2012,1.00,"Saskatchewan",30.40.5,v44360445
2013,1.00,"Saskatchewan",30.40.5,v44360445
2014,0.00,"Saskatchewan",30.40.5,v44360445
2015,1.00,"Saskatchewan",30.40.5,v44360445
1998,..,"Regina, Saskatchewan",31.40.5,v44340774
1999,1.00,"Regina, Saskatchewan",31.40.5,v44340774
2000,..,"Regina, Saskatchewan",31.40.5,v44340774
2001,..,"Regina, Saskatchewan",31.40.5,v44340774
2002,..,"Regina, Saskatchewan",31.40.5,v44340774
2003,..,"Regina, Saskatchewan",31.40.5,v44340774
2004,..,"Regina, Saskatchewan",31.40.5,v44340774
2005,0.00,"Regina, Saskatchewan",31.40.5,v44340774
2006,0.00,"Regina, Saskatchewan",31.40.5,v44340774
2007,0.00,"Regina, Saskatchewan",31.40.5,v44340774
2008,0.00,"Regina, Saskatchewan",31.40.5,v44340774
2009,0.00,"Regina, Saskatchewan",31.40.5,v44340774
2010,0.00,"Regina, Saskatchewan",31.40.5,v44340774
2011,0.00,"Regina, Saskatchewan",31.40.5,v44340774
2012,0.00,"Regina, Saskatchewan",31.40.5,v44340774
2013,0.00,"Regina, Saskatchewan",31.40.5,v44340774
2014,0.00,"Regina, Saskatchewan",31.40.5,v44340774
2015,0.00,"Regina, Saskatchewan",31.40.5,v44340774
1998,0.00,"Saskatoon, Saskatchewan",32.40.5,v44346167
1999,..,"Saskatoon, Saskatchewan",32.40.5,v44346167
2000,..,"Saskatoon, Saskatchewan",32.40.5,v44346167
2001,1.00,"Saskatoon, Saskatchewan",32.40.5,v44346167
2002,0.00,"Saskatoon, Saskatchewan",32.40.5,v44346167
2003,..,"Saskatoon, Saskatchewan",32.40.5,v44346167
2004,..,"Saskatoon, Saskatchewan",32.40.5,v44346167
2005,0.00,"Saskatoon, Saskatchewan",32.40.5,v44346167
2006,0.00,"Saskatoon, Saskatchewan",32.40.5,v44346167
2007,0.00,"Saskatoon, Saskatchewan",32.40.5,v44346167
2008,0.00,"Saskatoon, Saskatchewan",32.40.5,v44346167
2009,0.00,"Saskatoon, Saskatchewan",32.40.5,v44346167
2010,0.00,"Saskatoon, Saskatchewan",32.40.5,v44346167
2011,0.00,"Saskatoon, Saskatchewan",32.40.5,v44346167
2012,1.00,"Saskatoon, Saskatchewan",32.40.5,v44346167
2013,0.00,"Saskatoon, Saskatchewan",32.40.5,v44346167
2014,0.00,"Saskatoon, Saskatchewan",32.40.5,v44346167
2015,0.00,"Saskatoon, Saskatchewan",32.40.5,v44346167
1998,4.00,"Alberta",33.40.5,v44417556
1999,1.00,"Alberta",33.40.5,v44417556
2000,2.00,"Alberta",33.40.5,v44417556
2001,2.00,"Alberta",33.40.5,v44417556
2002,3.00,"Alberta",33.40.5,v44417556
2003,2.00,"Alberta",33.40.5,v44417556
2004,2.00,"Alberta",33.40.5,v44417556
2005,3.00,"Alberta",33.40.5,v44417556
2006,3.00,"Alberta",33.40.5,v44417556
2007,2.00,"Alberta",33.40.5,v44417556
2008,3.00,"Alberta",33.40.5,v44417556
2009,3.00,"Alberta",33.40.5,v44417556
2010,0.00,"Alberta",33.40.5,v44417556
2011,2.00,"Alberta",33.40.5,v44417556
2012,2.00,"Alberta",33.40.5,v44417556
2013,1.00,"Alberta",33.40.5,v44417556
2014,3.00,"Alberta",33.40.5,v44417556
2015,2.00,"Alberta",33.40.5,v44417556
1998,2.00,"Calgary, Alberta",34.40.5,v44356180
1999,0.00,"Calgary, Alberta",34.40.5,v44356180
2000,1.00,"Calgary, Alberta",34.40.5,v44356180
2001,2.00,"Calgary, Alberta",34.40.5,v44356180
2002,..,"Calgary, Alberta",34.40.5,v44356180
2003,0.00,"Calgary, Alberta",34.40.5,v44356180
2004,0.00,"Calgary, Alberta",34.40.5,v44356180
2005,1.00,"Calgary, Alberta",34.40.5,v44356180
2006,1.00,"Calgary, Alberta",34.40.5,v44356180
2007,1.00,"Calgary, Alberta",34.40.5,v44356180
2008,1.00,"Calgary, Alberta",34.40.5,v44356180
2009,0.00,"Calgary, Alberta",34.40.5,v44356180
2010,0.00,"Calgary, Alberta",34.40.5,v44356180
2011,1.00,"Calgary, Alberta",34.40.5,v44356180
2012,0.00,"Calgary, Alberta",34.40.5,v44356180
2013,0.00,"Calgary, Alberta",34.40.5,v44356180
2014,1.00,"Calgary, Alberta",34.40.5,v44356180
2015,2.00,"Calgary, Alberta",34.40.5,v44356180
1998,..,"Edmonton, Alberta",35.40.5,v44356549
1999,1.00,"Edmonton, Alberta",35.40.5,v44356549
2000,0.00,"Edmonton, Alberta",35.40.5,v44356549
2001,0.00,"Edmonton, Alberta",35.40.5,v44356549
2002,1.00,"Edmonton, Alberta",35.40.5,v44356549
2003,0.00,"Edmonton, Alberta",35.40.5,v44356549
2004,0.00,"Edmonton, Alberta",35.40.5,v44356549
2005,1.00,"Edmonton, Alberta",35.40.5,v44356549
2006,0.00,"Edmonton, Alberta",35.40.5,v44356549
2007,0.00,"Edmonton, Alberta",35.40.5,v44356549
2008,1.00,"Edmonton, Alberta",35.40.5,v44356549
2009,0.00,"Edmonton, Alberta",35.40.5,v44356549
2010,0.00,"Edmonton, Alberta",35.40.5,v44356549
2011,0.00,"Edmonton, Alberta",35.40.5,v44356549
2012,1.00,"Edmonton, Alberta",35.40.5,v44356549
2013,0.00,"Edmonton, Alberta",35.40.5,v44356549
2014,0.00,"Edmonton, Alberta",35.40.5,v44356549
2015,0.00,"Edmonton, Alberta",35.40.5,v44356549
1998,2.00,"British Columbia",36.40.5,v44377667
1999,1.00,"British Columbia",36.40.5,v44377667
2000,2.00,"British Columbia",36.40.5,v44377667
2001,3.00,"British Columbia",36.40.5,v44377667
2002,1.00,"British Columbia",36.40.5,v44377667
2003,3.00,"British Columbia",36.40.5,v44377667
2004,2.00,"British Columbia",36.40.5,v44377667
2005,2.00,"British Columbia",36.40.5,v44377667
2006,2.00,"British Columbia",36.40.5,v44377667
2007,4.00,"British Columbia",36.40.5,v44377667
2008,0.00,"British Columbia",36.40.5,v44377667
2009,0.00,"British Columbia",36.40.5,v44377667
2010,0.00,"British Columbia",36.40.5,v44377667
2011,5.00,"British Columbia",36.40.5,v44377667
2012,0.00,"British Columbia",36.40.5,v44377667
2013,0.00,"British Columbia",36.40.5,v44377667
2014,0.00,"British Columbia",36.40.5,v44377667
2015,1.00,"British Columbia",36.40.5,v44377667
2006,0.00,"Kelowna, British Columbia",48.40.5,v62141331
2007,0.00,"Kelowna, British Columbia",48.40.5,v62141331
2008,0.00,"Kelowna, British Columbia",48.40.5,v62141331
2009,0.00,"Kelowna, British Columbia",48.40.5,v62141331
2010,0.00,"Kelowna, British Columbia",48.40.5,v62141331
2011,0.00,"Kelowna, British Columbia",48.40.5,v62141331
2012,0.00,"Kelowna, British Columbia",48.40.5,v62141331
2013,0.00,"Kelowna, British Columbia",48.40.5,v62141331
2014,0.00,"Kelowna, British Columbia",48.40.5,v62141331
2015,0.00,"Kelowna, British Columbia",48.40.5,v62141331
2000,..,"Abbotsford-Mission, British Columbia",39.40.5,v44405525
2001,0.00,"Abbotsford-Mission, British Columbia",39.40.5,v44405525
2002,..,"Abbotsford-Mission, British Columbia",39.40.5,v44405525
2003,0.00,"Abbotsford-Mission, British Columbia",39.40.5,v44405525
2004,1.00,"Abbotsford-Mission, British Columbia",39.40.5,v44405525
2005,..,"Abbotsford-Mission, British Columbia",39.40.5,v44405525
2006,0.00,"Abbotsford-Mission, British Columbia",39.40.5,v44405525
2007,0.00,"Abbotsford-Mission, British Columbia",39.40.5,v44405525
2008,0.00,"Abbotsford-Mission, British Columbia",39.40.5,v44405525
2009,0.00,"Abbotsford-Mission, British Columbia",39.40.5,v44405525
2010,0.00,"Abbotsford-Mission, British Columbia",39.40.5,v44405525
2011,0.00,"Abbotsford-Mission, British Columbia",39.40.5,v44405525
2012,0.00,"Abbotsford-Mission, British Columbia",39.40.5,v44405525
2013,0.00,"Abbotsford-Mission, British Columbia",39.40.5,v44405525
2014,0.00,"Abbotsford-Mission, British Columbia",39.40.5,v44405525
2015,0.00,"Abbotsford-Mission, British Columbia",39.40.5,v44405525
1998,1.00,"Vancouver, British Columbia",37.40.5,v44326638
1999,1.00,"Vancouver, British Columbia",37.40.5,v44326638
2000,0.00,"Vancouver, British Columbia",37.40.5,v44326638
2001,0.00,"Vancouver, British Columbia",37.40.5,v44326638
2002,0.00,"Vancouver, British Columbia",37.40.5,v44326638
2003,0.00,"Vancouver, British Columbia",37.40.5,v44326638
2004,1.00,"Vancouver, British Columbia",37.40.5,v44326638
2005,1.00,"Vancouver, British Columbia",37.40.5,v44326638
2006,1.00,"Vancouver, British Columbia",37.40.5,v44326638
2007,4.00,"Vancouver, British Columbia",37.40.5,v44326638
2008,0.00,"Vancouver, British Columbia",37.40.5,v44326638
2009,0.00,"Vancouver, British Columbia",37.40.5,v44326638
2010,0.00,"Vancouver, British Columbia",37.40.5,v44326638
2011,1.00,"Vancouver, British Columbia",37.40.5,v44326638
2012,0.00,"Vancouver, British Columbia",37.40.5,v44326638
2013,0.00,"Vancouver, British Columbia",37.40.5,v44326638
2014,0.00,"Vancouver, British Columbia",37.40.5,v44326638
2015,1.00,"Vancouver, British Columbia",37.40.5,v44326638
1998,0.00,"Victoria, British Columbia",38.40.5,v44331313
1999,0.00,"Victoria, British Columbia",38.40.5,v44331313
2000,..,"Victoria, British Columbia",38.40.5,v44331313
2001,0.00,"Victoria, British Columbia",38.40.5,v44331313
2002,..,"Victoria, British Columbia",38.40.5,v44331313
2003,0.00,"Victoria, British Columbia",38.40.5,v44331313
2004,..,"Victoria, British Columbia",38.40.5,v44331313
2005,..,"Victoria, British Columbia",38.40.5,v44331313
2006,0.00,"Victoria, British Columbia",38.40.5,v44331313
2007,0.00,"Victoria, British Columbia",38.40.5,v44331313
2008,0.00,"Victoria, British Columbia",38.40.5,v44331313
2009,0.00,"Victoria, British Columbia",38.40.5,v44331313
2010,0.00,"Victoria, British Columbia",38.40.5,v44331313
2011,0.00,"Victoria, British Columbia",38.40.5,v44331313
2012,0.00,"Victoria, British Columbia",38.40.5,v44331313
2013,0.00,"Victoria, British Columbia",38.40.5,v44331313
2014,0.00,"Victoria, British Columbia",38.40.5,v44331313
2015,0.00,"Victoria, British Columbia",38.40.5,v44331313
2000,..,"Yukon",40.40.5,v44378217
2001,0.00,"Yukon",40.40.5,v44378217
2002,..,"Yukon",40.40.5,v44378217
2003,..,"Yukon",40.40.5,v44378217
2004,0.00,"Yukon",40.40.5,v44378217
2005,..,"Yukon",40.40.5,v44378217
2006,0.00,"Yukon",40.40.5,v44378217
2007,0.00,"Yukon",40.40.5,v44378217
2008,1.00,"Yukon",40.40.5,v44378217
2009,0.00,"Yukon",40.40.5,v44378217
2010,0.00,"Yukon",40.40.5,v44378217
2011,0.00,"Yukon",40.40.5,v44378217
2012,0.00,"Yukon",40.40.5,v44378217
2013,0.00,"Yukon",40.40.5,v44378217
2014,0.00,"Yukon",40.40.5,v44378217
2015,0.00,"Yukon",40.40.5,v44378217
1998,0.00,"Northwest Territories",41.40.5,v44329471
1999,..,"Northwest Territories",41.40.5,v44329471
2000,..,"Northwest Territories",41.40.5,v44329471
2001,0.00,"Northwest Territories",41.40.5,v44329471
2002,0.00,"Northwest Territories",41.40.5,v44329471
2003,..,"Northwest Territories",41.40.5,v44329471
2004,0.00,"Northwest Territories",41.40.5,v44329471
2005,..,"Northwest Territories",41.40.5,v44329471
2006,0.00,"Northwest Territories",41.40.5,v44329471
2007,0.00,"Northwest Territories",41.40.5,v44329471
2008,0.00,"Northwest Territories",41.40.5,v44329471
2009,0.00,"Northwest Territories",41.40.5,v44329471
2010,0.00,"Northwest Territories",41.40.5,v44329471
2011,0.00,"Northwest Territories",41.40.5,v44329471
2012,0.00,"Northwest Territories",41.40.5,v44329471
2013,0.00,"Northwest Territories",41.40.5,v44329471
2014,0.00,"Northwest Territories",41.40.5,v44329471
2015,0.00,"Northwest Territories",41.40.5,v44329471
2003,..,"Nunavut",42.40.5,v44383291
2004,1.00,"Nunavut",42.40.5,v44383291
2005,..,"Nunavut",42.40.5,v44383291
2006,0.00,"Nunavut",42.40.5,v44383291
2007,0.00,"Nunavut",42.40.5,v44383291
2008,0.00,"Nunavut",42.40.5,v44383291
2009,0.00,"Nunavut",42.40.5,v44383291
2010,0.00,"Nunavut",42.40.5,v44383291
2011,0.00,"Nunavut",42.40.5,v44383291
2012,0.00,"Nunavut",42.40.5,v44383291
2013,0.00,"Nunavut",42.40.5,v44383291
2014,0.00,"Nunavut",42.40.5,v44383291
2015,0.00,"Nunavut",42.40.5,v44383291
1998,17.00,"Canada",1.40.5,v44370469
1999,11.00,"Canada",1.40.5,v44370469
2000,20.00,"Canada",1.40.5,v44370469
2001,16.00,"Canada",1.40.5,v44370469
2002,15.00,"Canada",1.40.5,v44370469
2003,15.00,"Canada",1.40.5,v44370469
2004,9.00,"Canada",1.40.5,v44370469
2005,17.00,"Canada",1.40.5,v44370469
2006,15.00,"Canada",1.40.5,v44370469
2007,11.00,"Canada",1.40.5,v44370469
2008,12.00,"Canada",1.40.5,v44370469
2009,8.00,"Canada",1.40.5,v44370469
2010,6.00,"Canada",1.40.5,v44370469
2011,11.00,"Canada",1.40.5,v44370469
2012,6.00,"Canada",1.40.5,v44370469
2013,6.00,"Canada",1.40.5,v44370469
2014,4.00,"Canada",1.40.5,v44370469
2015,6.00,"Canada",1.40.5,v44370469
1998,0.00,"Newfoundland and Labrador",2.40.5,v44369245
1999,..,"Newfoundland and Labrador",2.40.5,v44369245
2000,0.00,"Newfoundland and Labrador",2.40.5,v44369245
2001,0.00,"Newfoundland and Labrador",2.40.5,v44369245
2002,0.00,"Newfoundland and Labrador",2.40.5,v44369245
2003,..,"Newfoundland and Labrador",2.40.5,v44369245
2004,0.00,"Newfoundland and Labrador",2.40.5,v44369245
2005,1.00,"Newfoundland and Labrador",2.40.5,v44369245
2006,0.00,"Newfoundland and Labrador",2.40.5,v44369245
2007,0.00,"Newfoundland and Labrador",2.40.5,v44369245
2008,0.00,"Newfoundland and Labrador",2.40.5,v44369245
2009,0.00,"Newfoundland and Labrador",2.40.5,v44369245
2010,0.00,"Newfoundland and Labrador",2.40.5,v44369245
2011,0.00,"Newfoundland and Labrador",2.40.5,v44369245
2012,0.00,"Newfoundland and Labrador",2.40.5,v44369245
2013,1.00,"Newfoundland and Labrador",2.40.5,v44369245
2014,0.00,"Newfoundland and Labrador",2.40.5,v44369245
2015,0.00,"Newfoundland and Labrador",2.40.5,v44369245
1998,0.00,"St. John's, Newfoundland and Labrador",3.40.5,v44388646
1999,..,"St. John's, Newfoundland and Labrador",3.40.5,v44388646
2000,..,"St. John's, Newfoundland and Labrador",3.40.5,v44388646
2001,0.00,"St. John's, Newfoundland and Labrador",3.40.5,v44388646
2002,0.00,"St. John's, Newfoundland and Labrador",3.40.5,v44388646
2003,..,"St. John's, Newfoundland and Labrador",3.40.5,v44388646
2004,0.00,"St. John's, Newfoundland and Labrador",3.40.5,v44388646
2005,..,"St. John's, Newfoundland and Labrador",3.40.5,v44388646
2006,0.00,"St. John's, Newfoundland and Labrador",3.40.5,v44388646
2007,0.00,"St. John's, Newfoundland and Labrador",3.40.5,v44388646
2008,0.00,"St. John's, Newfoundland and Labrador",3.40.5,v44388646
2009,0.00,"St. John's, Newfoundland and Labrador",3.40.5,v44388646
2010,0.00,"St. John's, Newfoundland and Labrador",3.40.5,v44388646
2011,0.00,"St. John's, Newfoundland and Labrador",3.40.5,v44388646
2012,0.00,"St. John's, Newfoundland and Labrador",3.40.5,v44388646
2013,0.00,"St. John's, Newfoundland and Labrador",3.40.5,v44388646
2014,0.00,"St. John's, Newfoundland and Labrador",3.40.5,v44388646
2015,0.00,"St. John's, Newfoundland and Labrador",3.40.5,v44388646
1999,..,"Prince Edward Island",4.40.5,v44402387
2000,0.00,"Prince Edward Island",4.40.5,v44402387
2001,..,"Prince Edward Island",4.40.5,v44402387
2002,0.00,"Prince Edward Island",4.40.5,v44402387
2003,0.00,"Prince Edward Island",4.40.5,v44402387
2004,..,"Prince Edward Island",4.40.5,v44402387
2005,..,"Prince Edward Island",4.40.5,v44402387
2006,0.00,"Prince Edward Island",4.40.5,v44402387
2007,0.00,"Prince Edward Island",4.40.5,v44402387
2008,0.00,"Prince Edward Island",4.40.5,v44402387
2009,0.00,"Prince Edward Island",4.40.5,v44402387
2010,0.00,"Prince Edward Island",4.40.5,v44402387
2011,0.00,"Prince Edward Island",4.40.5,v44402387
2012,0.00,"Prince Edward Island",4.40.5,v44402387
2013,0.00,"Prince Edward Island",4.40.5,v44402387
2014,0.00,"Prince Edward Island",4.40.5,v44402387
2015,0.00,"Prince Edward Island",4.40.5,v44402387
1998,..,"Nova Scotia",5.40.5,v44409754
1999,0.00,"Nova Scotia",5.40.5,v44409754
2000,0.00,"Nova Scotia",5.40.5,v44409754
2001,0.00,"Nova Scotia",5.40.5,v44409754
2002,0.00,"Nova Scotia",5.40.5,v44409754
2003,..,"Nova Scotia",5.40.5,v44409754
2004,..,"Nova Scotia",5.40.5,v44409754
2005,1.00,"Nova Scotia",5.40.5,v44409754
2006,0.00,"Nova Scotia",5.40.5,v44409754
2007,0.00,"Nova Scotia",5.40.5,v44409754
2008,0.00,"Nova Scotia",5.40.5,v44409754
2009,0.00,"Nova Scotia",5.40.5,v44409754
2010,1.00,"Nova Scotia",5.40.5,v44409754
2011,1.00,"Nova Scotia",5.40.5,v44409754
2012,0.00,"Nova Scotia",5.40.5,v44409754
2013,0.00,"Nova Scotia",5.40.5,v44409754
2014,0.00,"Nova Scotia",5.40.5,v44409754
2015,0.00,"Nova Scotia",5.40.5,v44409754
1998,..,"Halifax, Nova Scotia",6.40.5,v44417860
1999,0.00,"Halifax, Nova Scotia",6.40.5,v44417860
2000,..,"Halifax, Nova Scotia",6.40.5,v44417860
2001,0.00,"Halifax, Nova Scotia",6.40.5,v44417860
2002,..,"Halifax, Nova Scotia",6.40.5,v44417860
2003,..,"Halifax, Nova Scotia",6.40.5,v44417860
2004,..,"Halifax, Nova Scotia",6.40.5,v44417860
2005,0.00,"Halifax, Nova Scotia",6.40.5,v44417860
2006,0.00,"Halifax, Nova Scotia",6.40.5,v44417860
2007,0.00,"Halifax, Nova Scotia",6.40.5,v44417860
2008,0.00,"Halifax, Nova Scotia",6.40.5,v44417860
2009,0.00,"Halifax, Nova Scotia",6.40.5,v44417860
2010,0.00,"Halifax, Nova Scotia",6.40.5,v44417860
2011,1.00,"Halifax, Nova Scotia",6.40.5,v44417860
2012,0.00,"Halifax, Nova Scotia",6.40.5,v44417860
2013,0.00,"Halifax, Nova Scotia",6.40.5,v44417860
2014,0.00,"Halifax, Nova Scotia",6.40.5,v44417860
2015,0.00,"Halifax, Nova Scotia",6.40.5,v44417860
1998,1.00,"New Brunswick",7.40.5,v44384579
1999,1.00,"New Brunswick",7.40.5,v44384579
2000,0.00,"New Brunswick",7.40.5,v44384579
2001,0.00,"New Brunswick",7.40.5,v44384579
2002,1.00,"New Brunswick",7.40.5,v44384579
2003,0.00,"New Brunswick",7.40.5,v44384579
2004,0.00,"New Brunswick",7.40.5,v44384579
2005,0.00,"New Brunswick",7.40.5,v44384579
2006,1.00,"New Brunswick",7.40.5,v44384579
2007,0.00,"New Brunswick",7.40.5,v44384579
2008,0.00,"New Brunswick",7.40.5,v44384579
2009,0.00,"New Brunswick",7.40.5,v44384579
2010,0.00,"New Brunswick",7.40.5,v44384579
2011,0.00,"New Brunswick",7.40.5,v44384579
2012,0.00,"New Brunswick",7.40.5,v44384579
2013,0.00,"New Brunswick",7.40.5,v44384579
2014,0.00,"New Brunswick",7.40.5,v44384579
2015,0.00,"New Brunswick",7.40.5,v44384579
2005,..,"Moncton, New Brunswick",43.40.5,v52120850
2006,0.00,"Moncton, New Brunswick",43.40.5,v52120850
2007,0.00,"Moncton, New Brunswick",43.40.5,v52120850
2008,0.00,"Moncton, New Brunswick",43.40.5,v52120850
2009,0.00,"Moncton, New Brunswick",43.40.5,v52120850
2010,0.00,"Moncton, New Brunswick",43.40.5,v52120850
2011,0.00,"Moncton, New Brunswick",43.40.5,v52120850
2012,0.00,"Moncton, New Brunswick",43.40.5,v52120850
2013,0.00,"Moncton, New Brunswick",43.40.5,v52120850
2014,0.00,"Moncton, New Brunswick",43.40.5,v52120850
2015,0.00,"Moncton, New Brunswick",43.40.5,v52120850
1998,..,"Saint John, New Brunswick",8.40.5,v44365938
1999,0.00,"Saint John, New Brunswick",8.40.5,v44365938
2000,0.00,"Saint John, New Brunswick",8.40.5,v44365938
2001,..,"Saint John, New Brunswick",8.40.5,v44365938
2002,..,"Saint John, New Brunswick",8.40.5,v44365938
2003,..,"Saint John, New Brunswick",8.40.5,v44365938
2004,0.00,"Saint John, New Brunswick",8.40.5,v44365938
2005,0.00,"Saint John, New Brunswick",8.40.5,v44365938
2006,0.00,"Saint John, New Brunswick",8.40.5,v44365938
2007,0.00,"Saint John, New Brunswick",8.40.5,v44365938
2008,0.00,"Saint John, New Brunswick",8.40.5,v44365938
2009,0.00,"Saint John, New Brunswick",8.40.5,v44365938
2010,0.00,"Saint John, New Brunswick",8.40.5,v44365938
2011,0.00,"Saint John, New Brunswick",8.40.5,v44365938
2012,0.00,"Saint John, New Brunswick",8.40.5,v44365938
2013,0.00,"Saint John, New Brunswick",8.40.5,v44365938
2014,0.00,"Saint John, New Brunswick",8.40.5,v44365938
2015,0.00,"Saint John, New Brunswick",8.40.5,v44365938
1998,1.00,"Quebec",9.40.5,v44379257
1999,0.00,"Quebec",9.40.5,v44379257
2000,4.00,"Quebec",9.40.5,v44379257
2001,0.00,"Quebec",9.40.5,v44379257
2002,2.00,"Quebec",9.40.5,v44379257
2003,4.00,"Quebec",9.40.5,v44379257
2004,2.00,"Quebec",9.40.5,v44379257
2005,2.00,"Quebec",9.40.5,v44379257
2006,0.00,"Quebec",9.40.5,v44379257
2007,1.00,"Quebec",9.40.5,v44379257
2008,1.00,"Quebec",9.40.5,v44379257
2009,0.00,"Quebec",9.40.5,v44379257
2010,2.00,"Quebec",9.40.5,v44379257
2011,1.00,"Quebec",9.40.5,v44379257
2012,2.00,"Quebec",9.40.5,v44379257
2013,2.00,"Quebec",9.40.5,v44379257
2014,1.00,"Quebec",9.40.5,v44379257
2015,2.00,"Quebec",9.40.5,v44379257
2000,..,"Saguenay, Quebec",10.40.5,v44391834
2001,0.00,"Saguenay, Quebec",10.40.5,v44391834
2002,..,"Saguenay, Quebec",10.40.5,v44391834
2003,..,"Saguenay, Quebec",10.40.5,v44391834
2004,..,"Saguenay, Quebec",10.40.5,v44391834
2005,..,"Saguenay, Quebec",10.40.5,v44391834
2006,0.00,"Saguenay, Quebec",10.40.5,v44391834
2007,0.00,"Saguenay, Quebec",10.40.5,v44391834
2008,0.00,"Saguenay, Quebec",10.40.5,v44391834
2009,0.00,"Saguenay, Quebec",10.40.5,v44391834
2010,0.00,"Saguenay, Quebec",10.40.5,v44391834
2011,0.00,"Saguenay, Quebec",10.40.5,v44391834
2012,0.00,"Saguenay, Quebec",10.40.5,v44391834
2013,0.00,"Saguenay, Quebec",10.40.5,v44391834
2014,0.00,"Saguenay, Quebec",10.40.5,v44391834
2015,0.00,"Saguenay, Quebec",10.40.5,v44391834
1998,..,"Quebec, Quebec",11.40.5,v44366715
1999,0.00,"Quebec, Quebec",11.40.5,v44366715
2000,2.00,"Quebec, Quebec",11.40.5,v44366715
2001,..,"Quebec, Quebec",11.40.5,v44366715
2002,..,"Quebec, Quebec",11.40.5,v44366715
2003,1.00,"Quebec, Quebec",11.40.5,v44366715
2004,1.00,"Quebec, Quebec",11.40.5,v44366715
2005,..,"Quebec, Quebec",11.40.5,v44366715
2006,0.00,"Quebec, Quebec",11.40.5,v44366715
2007,0.00,"Quebec, Quebec",11.40.5,v44366715
2008,0.00,"Quebec, Quebec",11.40.5,v44366715
2009,0.00,"Quebec, Quebec",11.40.5,v44366715
2010,0.00,"Quebec, Quebec",11.40.5,v44366715
2011,0.00,"Quebec, Quebec",11.40.5,v44366715
2012,0.00,"Quebec, Quebec",11.40.5,v44366715
2013,0.00,"Quebec, Quebec",11.40.5,v44366715
2014,0.00,"Quebec, Quebec",11.40.5,v44366715
2015,0.00,"Quebec, Quebec",11.40.5,v44366715
2006,0.00,"Sherbrooke, Quebec",12.40.5,v52136151
2007,0.00,"Sherbrooke, Quebec",12.40.5,v52136151
2008,0.00,"Sherbrooke, Quebec",12.40.5,v52136151
2009,0.00,"Sherbrooke, Quebec",12.40.5,v52136151
2010,0.00,"Sherbrooke, Quebec",12.40.5,v52136151
2011,0.00,"Sherbrooke, Quebec",12.40.5,v52136151
2012,0.00,"Sherbrooke, Quebec",12.40.5,v52136151
2013,0.00,"Sherbrooke, Quebec",12.40.5,v52136151
2014,0.00,"Sherbrooke, Quebec",12.40.5,v52136151
2015,0.00,"Sherbrooke, Quebec",12.40.5,v52136151
1998,1.00,"Montreal, Quebec",14.40.5,v44374574
1999,0.00,"Montreal, Quebec",14.40.5,v44374574
2000,2.00,"Montreal, Quebec",14.40.5,v44374574
2001,0.00,"Montreal, Quebec",14.40.5,v44374574
2002,1.00,"Montreal, Quebec",14.40.5,v44374574
2003,2.00,"Montreal, Quebec",14.40.5,v44374574
2004,0.00,"Montreal, Quebec",14.40.5,v44374574
2005,1.00,"Montreal, Quebec",14.40.5,v44374574
2006,0.00,"Montreal, Quebec",14.40.5,v44374574
2007,1.00,"Montreal, Quebec",14.40.5,v44374574
2008,0.00,"Montreal, Quebec",14.40.5,v44374574
2009,0.00,"Montreal, Quebec",14.40.5,v44374574
2010,0.00,"Montreal, Quebec",14.40.5,v44374574
2011,0.00,"Montreal, Quebec",14.40.5,v44374574
2012,2.00,"Montreal, Quebec",14.40.5,v44374574
2013,0.00,"Montreal, Quebec",14.40.5,v44374574
2014,1.00,"Montreal, Quebec",14.40.5,v44374574
2015,0.00,"Montreal, Quebec",14.40.5,v44374574
1998,0.00,"Ottawa-Gatineau, Quebec part",15.40.5,v44385905
1999,0.00,"Ottawa-Gatineau, Quebec part",15.40.5,v44385905
2000,0.00,"Ottawa-Gatineau, Quebec part",15.40.5,v44385905
2001,..,"Ottawa-Gatineau, Quebec part",15.40.5,v44385905
2002,..,"Ottawa-Gatineau, Quebec part",15.40.5,v44385905
2003,1.00,"Ottawa-Gatineau, Quebec part",15.40.5,v44385905
2004,..,"Ottawa-Gatineau, Quebec part",15.40.5,v44385905
2005,..,"Ottawa-Gatineau, Quebec part",15.40.5,v44385905
2006,0.00,"Ottawa-Gatineau, Quebec part",15.40.5,v44385905
2007,0.00,"Ottawa-Gatineau, Quebec part",15.40.5,v44385905
2008,0.00,"Ottawa-Gatineau, Quebec part",15.40.5,v44385905
2009,0.00,"Ottawa-Gatineau, Quebec part",15.40.5,v44385905
2010,0.00,"Ottawa-Gatineau, Quebec part",15.40.5,v44385905
2011,0.00,"Ottawa-Gatineau, Quebec part",15.40.5,v44385905
2012,0.00,"Ottawa-Gatineau, Quebec part",15.40.5,v44385905
2013,0.00,"Ottawa-Gatineau, Quebec part",15.40.5,v44385905
2014,0.00,"Ottawa-Gatineau, Quebec part",15.40.5,v44385905
2015,0.00,"Ottawa-Gatineau, Quebec part",15.40.5,v44385905
1998,8.00,"Ontario",16.40.5,v44373581
1999,6.00,"Ontario",16.40.5,v44373581
2000,11.00,"Ontario",16.40.5,v44373581
2001,8.00,"Ontario",16.40.5,v44373581
2002,7.00,"Ontario",16.40.5,v44373581
2003,6.00,"Ontario",16.40.5,v44373581
2004,2.00,"Ontario",16.40.5,v44373581
2005,7.00,"Ontario",16.40.5,v44373581
2006,7.00,"Ontario",16.40.5,v44373581
2007,4.00,"Ontario",16.40.5,v44373581
2008,5.00,"Ontario",16.40.5,v44373581
2009,4.00,"Ontario",16.40.5,v44373581
2010,2.00,"Ontario",16.40.5,v44373581
2011,1.00,"Ontario",16.40.5,v44373581
2012,0.00,"Ontario",16.40.5,v44373581
2013,1.00,"Ontario",16.40.5,v44373581
2014,0.00,"Ontario",16.40.5,v44373581
2015,0.00,"Ontario",16.40.5,v44373581
1998,2.00,"Ottawa-Gatineau, Ontario/Quebec",17.40.5,v52147842
1999,0.00,"Ottawa-Gatineau, Ontario/Quebec",17.40.5,v52147842
2000,0.00,"Ottawa-Gatineau, Ontario/Quebec",17.40.5,v52147842
2001,..,"Ottawa-Gatineau, Ontario/Quebec",17.40.5,v52147842
2002,0.00,"Ottawa-Gatineau, Ontario/Quebec",17.40.5,v52147842
2003,1.00,"Ottawa-Gatineau, Ontario/Quebec",17.40.5,v52147842
2004,0.00,"Ottawa-Gatineau, Ontario/Quebec",17.40.5,v52147842
2005,1.00,"Ottawa-Gatineau, Ontario/Quebec",17.40.5,v52147842
2006,0.00,"Ottawa-Gatineau, Ontario/Quebec",17.40.5,v52147842
2007,2.00,"Ottawa-Gatineau, Ontario/Quebec",17.40.5,v52147842
2008,0.00,"Ottawa-Gatineau, Ontario/Quebec",17.40.5,v52147842
2009,0.00,"Ottawa-Gatineau, Ontario/Quebec",17.40.5,v52147842
2010,0.00,"Ottawa-Gatineau, Ontario/Quebec",17.40.5,v52147842
2011,1.00,"Ottawa-Gatineau, Ontario/Quebec",17.40.5,v52147842
2012,0.00,"Ottawa-Gatineau, Ontario/Quebec",17.40.5,v52147842
2013,0.00,"Ottawa-Gatineau, Ontario/Quebec",17.40.5,v52147842
2014,0.00,"Ottawa-Gatineau, Ontario/Quebec",17.40.5,v52147842
2015,0.00,"Ottawa-Gatineau, Ontario/Quebec",17.40.5,v52147842
1998,2.00,"Ottawa-Gatineau, Ontario part",18.40.5,v44374346
1999,0.00,"Ottawa-Gatineau, Ontario part",18.40.5,v44374346
2000,0.00,"Ottawa-Gatineau, Ontario part",18.40.5,v44374346
2001,..,"Ottawa-Gatineau, Ontario part",18.40.5,v44374346
2002,0.00,"Ottawa-Gatineau, Ontario part",18.40.5,v44374346
2003,0.00,"Ottawa-Gatineau, Ontario part",18.40.5,v44374346
2004,0.00,"Ottawa-Gatineau, Ontario part",18.40.5,v44374346
2005,1.00,"Ottawa-Gatineau, Ontario part",18.40.5,v44374346
2006,0.00,"Ottawa-Gatineau, Ontario part",18.40.5,v44374346
2007,2.00,"Ottawa-Gatineau, Ontario part",18.40.5,v44374346
2008,0.00,"Ottawa-Gatineau, Ontario part",18.40.5,v44374346
2009,0.00,"Ottawa-Gatineau, Ontario part",18.40.5,v44374346
2010,0.00,"Ottawa-Gatineau, Ontario part",18.40.5,v44374346
2011,1.00,"Ottawa-Gatineau, Ontario part",18.40.5,v44374346
2012,0.00,"Ottawa-Gatineau, Ontario part",18.40.5,v44374346
2013,0.00,"Ottawa-Gatineau, Ontario part",18.40.5,v44374346
2014,0.00,"Ottawa-Gatineau, Ontario part",18.40.5,v44374346
2015,0.00,"Ottawa-Gatineau, Ontario part",18.40.5,v44374346
2001,..,"Kingston, Ontario",27.40.5,v44365094
2002,0.00,"Kingston, Ontario",27.40.5,v44365094
2003,..,"Kingston, Ontario",27.40.5,v44365094
2004,0.00,"Kingston, Ontario",27.40.5,v44365094
2005,0.00,"Kingston, Ontario",27.40.5,v44365094
2006,0.00,"Kingston, Ontario",27.40.5,v44365094
2007,0.00,"Kingston, Ontario",27.40.5,v44365094
2008,0.00,"Kingston, Ontario",27.40.5,v44365094
2009,0.00,"Kingston, Ontario",27.40.5,v44365094
2010,0.00,"Kingston, Ontario",27.40.5,v44365094
2011,0.00,"Kingston, Ontario",27.40.5,v44365094
2012,0.00,"Kingston, Ontario",27.40.5,v44365094
2013,0.00,"Kingston, Ontario",27.40.5,v44365094
2014,0.00,"Kingston, Ontario",27.40.5,v44365094
2015,0.00,"Kingston, Ontario",27.40.5,v44365094
2006,0.00,"Peterborough, Ontario",44.40.5,v53087183
2007,0.00,"Peterborough, Ontario",44.40.5,v53087183
2008,0.00,"Peterborough, Ontario",44.40.5,v53087183
2009,1.00,"Peterborough, Ontario",44.40.5,v53087183
2010,0.00,"Peterborough, Ontario",44.40.5,v53087183
2011,0.00,"Peterborough, Ontario",44.40.5,v53087183
2012,0.00,"Peterborough, Ontario",44.40.5,v53087183
2013,0.00,"Peterborough, Ontario",44.40.5,v53087183
2014,0.00,"Peterborough, Ontario",44.40.5,v53087183
2015,0.00,"Peterborough, Ontario",44.40.5,v53087183
1998,2.00,"Toronto, Ontario",19.40.5,v44378226
1999,1.00,"Toronto, Ontario",19.40.5,v44378226
2000,4.00,"Toronto, Ontario",19.40.5,v44378226
2001,5.00,"Toronto, Ontario",19.40.5,v44378226
2002,2.00,"Toronto, Ontario",19.40.5,v44378226
2003,1.00,"Toronto, Ontario",19.40.5,v44378226
2004,1.00,"Toronto, Ontario",19.40.5,v44378226
2005,0.00,"Toronto, Ontario",19.40.5,v44378226
2006,1.00,"Toronto, Ontario",19.40.5,v44378226
2007,0.00,"Toronto, Ontario",19.40.5,v44378226
2008,2.00,"Toronto, Ontario",19.40.5,v44378226
2009,2.00,"Toronto, Ontario",19.40.5,v44378226
2010,0.00,"Toronto, Ontario",19.40.5,v44378226
2011,0.00,"Toronto, Ontario",19.40.5,v44378226
2012,0.00,"Toronto, Ontario",19.40.5,v44378226
2013,0.00,"Toronto, Ontario",19.40.5,v44378226
2014,0.00,"Toronto, Ontario",19.40.5,v44378226
2015,0.00,"Toronto, Ontario",19.40.5,v44378226
1999,..,"Hamilton, Ontario",20.40.5,v44332513
2000,0.00,"Hamilton, Ontario",20.40.5,v44332513
2001,0.00,"Hamilton, Ontario",20.40.5,v44332513
2002,0.00,"Hamilton, Ontario",20.40.5,v44332513
2003,0.00,"Hamilton, Ontario",20.40.5,v44332513
2004,0.00,"Hamilton, Ontario",20.40.5,v44332513
2005,1.00,"Hamilton, Ontario",20.40.5,v44332513
2006,1.00,"Hamilton, Ontario",20.40.5,v44332513
2007,0.00,"Hamilton, Ontario",20.40.5,v44332513
2008,0.00,"Hamilton, Ontario",20.40.5,v44332513
2009,0.00,"Hamilton, Ontario",20.40.5,v44332513
2010,0.00,"Hamilton, Ontario",20.40.5,v44332513
2011,0.00,"Hamilton, Ontario",20.40.5,v44332513
2012,0.00,"Hamilton, Ontario",20.40.5,v44332513
2013,0.00,"Hamilton, Ontario",20.40.5,v44332513
2014,0.00,"Hamilton, Ontario",20.40.5,v44332513
2015,0.00,"Hamilton, Ontario",20.40.5,v44332513
2001,..,"St.Catharines-Niagara, Ontario",21.40.5,v44410158
2002,1.00,"St.Catharines-Niagara, Ontario",21.40.5,v44410158
2003,..,"St.Catharines-Niagara, Ontario",21.40.5,v44410158
2004,0.00,"St.Catharines-Niagara, Ontario",21.40.5,v44410158
2005,..,"St.Catharines-Niagara, Ontario",21.40.5,v44410158
2006,0.00,"St.Catharines-Niagara, Ontario",21.40.5,v44410158
2007,0.00,"St.Catharines-Niagara, Ontario",21.40.5,v44410158
2008,0.00,"St.Catharines-Niagara, Ontario",21.40.5,v44410158
2009,0.00,"St.Catharines-Niagara, Ontario",21.40.5,v44410158
2010,1.00,"St.Catharines-Niagara, Ontario",21.40.5,v44410158
2011,0.00,"St.Catharines-Niagara, Ontario",21.40.5,v44410158
2012,0.00,"St.Catharines-Niagara, Ontario",21.40.5,v44410158
2013,0.00,"St.Catharines-Niagara, Ontario",21.40.5,v44410158
2014,0.00,"St.Catharines-Niagara, Ontario",21.40.5,v44410158
2015,0.00,"St.Catharines-Niagara, Ontario",21.40.5,v44410158
1998,0.00,"Kitchener-Cambridge-Waterloo, Ontario",22.40.5,v44327020
1999,0.00,"Kitchener-Cambridge-Waterloo, Ontario",22.40.5,v44327020
2000,1.00,"Kitchener-Cambridge-Waterloo, Ontario",22.40.5,v44327020
2001,..,"Kitchener-Cambridge-Waterloo, Ontario",22.40.5,v44327020
2002,..,"Kitchener-Cambridge-Waterloo, Ontario",22.40.5,v44327020
2003,0.00,"Kitchener-Cambridge-Waterloo, Ontario",22.40.5,v44327020
2004,..,"Kitchener-Cambridge-Waterloo, Ontario",22.40.5,v44327020
2005,..,"Kitchener-Cambridge-Waterloo, Ontario",22.40.5,v44327020
2006,1.00,"Kitchener-Cambridge-Waterloo, Ontario",22.40.5,v44327020
2007,1.00,"Kitchener-Cambridge-Waterloo, Ontario",22.40.5,v44327020
2008,0.00,"Kitchener-Cambridge-Waterloo, Ontario",22.40.5,v44327020
2009,0.00,"Kitchener-Cambridge-Waterloo, Ontario",22.40.5,v44327020
2010,0.00,"Kitchener-Cambridge-Waterloo, Ontario",22.40.5,v44327020
2011,0.00,"Kitchener-Cambridge-Waterloo, Ontario",22.40.5,v44327020
2012,0.00,"Kitchener-Cambridge-Waterloo, Ontario",22.40.5,v44327020
2013,1.00,"Kitchener-Cambridge-Waterloo, Ontario",22.40.5,v44327020
2014,0.00,"Kitchener-Cambridge-Waterloo, Ontario",22.40.5,v44327020
2015,0.00,"Kitchener-Cambridge-Waterloo, Ontario",22.40.5,v44327020
2006,0.00,"Brantford, Ontario",45.40.5,v62131881
2007,0.00,"Brantford, Ontario",45.40.5,v62131881
2008,0.00,"Brantford, Ontario",45.40.5,v62131881
2009,0.00,"Brantford, Ontario",45.40.5,v62131881
2010,0.00,"Brantford, Ontario",45.40.5,v62131881
2011,0.00,"Brantford, Ontario",45.40.5,v62131881
2012,0.00,"Brantford, Ontario",45.40.5,v62131881
2013,0.00,"Brantford, Ontario",45.40.5,v62131881
2014,0.00,"Brantford, Ontario",45.40.5,v62131881
2015,0.00,"Brantford, Ontario",45.40.5,v62131881
2006,0.00,"Guelph, Ontario",46.40.5,v62135031
2007,0.00,"Guelph, Ontario",46.40.5,v62135031
2008,0.00,"Guelph, Ontario",46.40.5,v62135031
2009,0.00,"Guelph, Ontario",46.40.5,v62135031
2010,0.00,"Guelph, Ontario",46.40.5,v62135031
2011,0.00,"Guelph, Ontario",46.40.5,v62135031
2012,0.00,"Guelph, Ontario",46.40.5,v62135031
2013,0.00,"Guelph, Ontario",46.40.5,v62135031
2014,0.00,"Guelph, Ontario",46.40.5,v62135031
2015,0.00,"Guelph, Ontario",46.40.5,v62135031
2000,..,"London, Ontario",23.40.5,v44395910
2001,0.00,"London, Ontario",23.40.5,v44395910
2002,..,"London, Ontario",23.40.5,v44395910
2003,..,"London, Ontario",23.40.5,v44395910
2004,0.00,"London, Ontario",23.40.5,v44395910
2005,1.00,"London, Ontario",23.40.5,v44395910
2006,0.00,"London, Ontario",23.40.5,v44395910
2007,0.00,"London, Ontario",23.40.5,v44395910
2008,0.00,"London, Ontario",23.40.5,v44395910
2009,0.00,"London, Ontario",23.40.5,v44395910
2010,0.00,"London, Ontario",23.40.5,v44395910
2011,0.00,"London, Ontario",23.40.5,v44395910
2012,0.00,"London, Ontario",23.40.5,v44395910
2013,0.00,"London, Ontario",23.40.5,v44395910
2014,0.00,"London, Ontario",23.40.5,v44395910
2015,0.00,"London, Ontario",23.40.5,v44395910
1998,0.00,"Windsor, Ontario",24.40.5,v44400282
1999,..,"Windsor, Ontario",24.40.5,v44400282
2000,0.00,"Windsor, Ontario",24.40.5,v44400282
2001,0.00,"Windsor, Ontario",24.40.5,v44400282
2002,..,"Windsor, Ontario",24.40.5,v44400282
2003,0.00,"Windsor, Ontario",24.40.5,v44400282
2004,..,"Windsor, Ontario",24.40.5,v44400282
2005,..,"Windsor, Ontario",24.40.5,v44400282
2006,0.00,"Windsor, Ontario",24.40.5,v44400282
2007,0.00,"Windsor, Ontario",24.40.5,v44400282
2008,1.00,"Windsor, Ontario",24.40.5,v44400282
2009,0.00,"Windsor, Ontario",24.40.5,v44400282
2010,0.00,"Windsor, Ontario",24.40.5,v44400282
2011,0.00,"Windsor, Ontario",24.40.5,v44400282
2012,0.00,"Windsor, Ontario",24.40.5,v44400282
2013,0.00,"Windsor, Ontario",24.40.5,v44400282
2014,0.00,"Windsor, Ontario",24.40.5,v44400282
2015,0.00,"Windsor, Ontario",24.40.5,v44400282
2005,..,"Barrie, Ontario",47.40.5,v52144077
2006,0.00,"Barrie, Ontario",47.40.5,v52144077
2007,0.00,"Barrie, Ontario",47.40.5,v52144077
2008,0.00,"Barrie, Ontario",47.40.5,v52144077
2009,0.00,"Barrie, Ontario",47.40.5,v52144077
2010,0.00,"Barrie, Ontario",47.40.5,v52144077
2011,0.00,"Barrie, Ontario",47.40.5,v52144077
2012,0.00,"Barrie, Ontario",47.40.5,v52144077
2013,0.00,"Barrie, Ontario",47.40.5,v52144077
2014,0.00,"Barrie, Ontario",47.40.5,v52144077
2015,0.00,"Barrie, Ontario",47.40.5,v52144077
1999,..,"Sudbury, Ontario",25.40.5,v44374493
2000,2.00,"Sudbury, Ontario",25.40.5,v44374493
2001,..,"Sudbury, Ontario",25.40.5,v44374493
2002,..,"Sudbury, Ontario",25.40.5,v44374493
2003,..,"Sudbury, Ontario",25.40.5,v44374493
2004,0.00,"Sudbury, Ontario",25.40.5,v44374493
2005,..,"Sudbury, Ontario",25.40.5,v44374493
2006,0.00,"Sudbury, Ontario",25.40.5,v44374493
2007,0.00,"Sudbury, Ontario",25.40.5,v44374493
2008,0.00,"Sudbury, Ontario",25.40.5,v44374493
2009,0.00,"Sudbury, Ontario",25.40.5,v44374493
2010,0.00,"Sudbury, Ontario",25.40.5,v44374493
2011,0.00,"Sudbury, Ontario",25.40.5,v44374493
2012,0.00,"Sudbury, Ontario",25.40.5,v44374493
2013,0.00,"Sudbury, Ontario",25.40.5,v44374493
2014,0.00,"Sudbury, Ontario",25.40.5,v44374493
2015,0.00,"Sudbury, Ontario",25.40.5,v44374493
1998,0.00,"Thunder Bay, Ontario",26.40.5,v44380166
1999,0.00,"Thunder Bay, Ontario",26.40.5,v44380166
2000,..,"Thunder Bay, Ontario",26.40.5,v44380166
2001,..,"Thunder Bay, Ontario",26.40.5,v44380166
2002,1.00,"Thunder Bay, Ontario",26.40.5,v44380166
2003,..,"Thunder Bay, Ontario",26.40.5,v44380166
2004,..,"Thunder Bay, Ontario",26.40.5,v44380166
2005,..,"Thunder Bay, Ontario",26.40.5,v44380166
2006,0.00,"Thunder Bay, Ontario",26.40.5,v44380166
2007,0.00,"Thunder Bay, Ontario",26.40.5,v44380166
2008,0.00,"Thunder Bay, Ontario",26.40.5,v44380166
2009,0.00,"Thunder Bay, Ontario",26.40.5,v44380166
2010,1.00,"Thunder Bay, Ontario",26.40.5,v44380166
2011,0.00,"Thunder Bay, Ontario",26.40.5,v44380166
2012,0.00,"Thunder Bay, Ontario",26.40.5,v44380166
2013,0.00,"Thunder Bay, Ontario",26.40.5,v44380166
2014,0.00,"Thunder Bay, Ontario",26.40.5,v44380166
2015,0.00,"Thunder Bay, Ontario",26.40.5,v44380166
1998,1.00,"Manitoba",28.40.5,v44400853
1999,0.00,"Manitoba",28.40.5,v44400853
2000,0.00,"Manitoba",28.40.5,v44400853
2001,2.00,"Manitoba",28.40.5,v44400853
2002,1.00,"Manitoba",28.40.5,v44400853
2003,0.00,"Manitoba",28.40.5,v44400853
2004,0.00,"Manitoba",28.40.5,v44400853
2005,1.00,"Manitoba",28.40.5,v44400853
2006,1.00,"Manitoba",28.40.5,v44400853
2007,0.00,"Manitoba",28.40.5,v44400853
2008,1.00,"Manitoba",28.40.5,v44400853
2009,1.00,"Manitoba",28.40.5,v44400853
2010,0.00,"Manitoba",28.40.5,v44400853
2011,1.00,"Manitoba",28.40.5,v44400853
2012,1.00,"Manitoba",28.40.5,v44400853
2013,0.00,"Manitoba",28.40.5,v44400853
2014,0.00,"Manitoba",28.40.5,v44400853
2015,0.00,"Manitoba",28.40.5,v44400853
1998,0.00,"Winnipeg, Manitoba",29.40.5,v44346374
1999,..,"Winnipeg, Manitoba",29.40.5,v44346374
2000,0.00,"Winnipeg, Manitoba",29.40.5,v44346374
2001,0.00,"Winnipeg, Manitoba",29.40.5,v44346374
2002,..,"Winnipeg, Manitoba",29.40.5,v44346374
2003,0.00,"Winnipeg, Manitoba",29.40.5,v44346374
2004,0.00,"Winnipeg, Manitoba",29.40.5,v44346374
2005,0.00,"Winnipeg, Manitoba",29.40.5,v44346374
2006,0.00,"Winnipeg, Manitoba",29.40.5,v44346374
2007,0.00,"Winnipeg, Manitoba",29.40.5,v44346374
2008,1.00,"Winnipeg, Manitoba",29.40.5,v44346374
2009,1.00,"Winnipeg, Manitoba",29.40.5,v44346374
2010,0.00,"Winnipeg, Manitoba",29.40.5,v44346374
2011,0.00,"Winnipeg, Manitoba",29.40.5,v44346374
2012,0.00,"Winnipeg, Manitoba",29.40.5,v44346374
2013,0.00,"Winnipeg, Manitoba",29.40.5,v44346374
2014,0.00,"Winnipeg, Manitoba",29.40.5,v44346374
2015,0.00,"Winnipeg, Manitoba",29.40.5,v44346374
1998,0.00,"Saskatchewan",30.40.5,v44360445
1999,2.00,"Saskatchewan",30.40.5,v44360445
2000,1.00,"Saskatchewan",30.40.5,v44360445
2001,1.00,"Saskatchewan",30.40.5,v44360445
2002,0.00,"Saskatchewan",30.40.5,v44360445
2003,0.00,"Saskatchewan",30.40.5,v44360445
2004,0.00,"Saskatchewan",30.40.5,v44360445
2005,0.00,"Saskatchewan",30.40.5,v44360445
2006,1.00,"Saskatchewan",30.40.5,v44360445
2007,0.00,"Saskatchewan",30.40.5,v44360445
2008,1.00,"Saskatchewan",30.40.5,v44360445
2009,0.00,"Saskatchewan",30.40.5,v44360445
2010,1.00,"Saskatchewan",30.40.5,v44360445
2011,0.00,"Saskatchewan",30.40.5,v44360445
2012,1.00,"Saskatchewan",30.40.5,v44360445
2013,1.00,"Saskatchewan",30.40.5,v44360445
2014,0.00,"Saskatchewan",30.40.5,v44360445
2015,1.00,"Saskatchewan",30.40.5,v44360445
1998,..,"Regina, Saskatchewan",31.40.5,v44340774
1999,1.00,"Regina, Saskatchewan",31.40.5,v44340774
2000,..,"Regina, Saskatchewan",31.40.5,v44340774
2001,..,"Regina, Saskatchewan",31.40.5,v44340774
2002,..,"Regina, Saskatchewan",31.40.5,v44340774
2003,..,"Regina, Saskatchewan",31.40.5,v44340774
2004,..,"Regina, Saskatchewan",31.40.5,v44340774
2005,0.00,"Regina, Saskatchewan",31.40.5,v44340774
2006,0.00,"Regina, Saskatchewan",31.40.5,v44340774
2007,0.00,"Regina, Saskatchewan",31.40.5,v44340774
2008,0.00,"Regina, Saskatchewan",31.40.5,v44340774
2009,0.00,"Regina, Saskatchewan",31.40.5,v44340774
2010,0.00,"Regina, Saskatchewan",31.40.5,v44340774
2011,0.00,"Regina, Saskatchewan",31.40.5,v44340774
2012,0.00,"Regina, Saskatchewan",31.40.5,v44340774
2013,0.00,"Regina, Saskatchewan",31.40.5,v44340774
2014,0.00,"Regina, Saskatchewan",31.40.5,v44340774
2015,0.00,"Regina, Saskatchewan",31.40.5,v44340774
1998,0.00,"Saskatoon, Saskatchewan",32.40.5,v44346167
1999,..,"Saskatoon, Saskatchewan",32.40.5,v44346167
2000,..,"Saskatoon, Saskatchewan",32.40.5,v44346167
2001,1.00,"Saskatoon, Saskatchewan",32.40.5,v44346167
2002,0.00,"Saskatoon, Saskatchewan",32.40.5,v44346167
2003,..,"Saskatoon, Saskatchewan",32.40.5,v44346167
2004,..,"Saskatoon, Saskatchewan",32.40.5,v44346167
2005,0.00,"Saskatoon, Saskatchewan",32.40.5,v44346167
2006,0.00,"Saskatoon, Saskatchewan",32.40.5,v44346167
2007,0.00,"Saskatoon, Saskatchewan",32.40.5,v44346167
2008,0.00,"Saskatoon, Saskatchewan",32.40.5,v44346167
2009,0.00,"Saskatoon, Saskatchewan",32.40.5,v44346167
2010,0.00,"Saskatoon, Saskatchewan",32.40.5,v44346167
2011,0.00,"Saskatoon, Saskatchewan",32.40.5,v44346167
2012,1.00,"Saskatoon, Saskatchewan",32.40.5,v44346167
2013,0.00,"Saskatoon, Saskatchewan",32.40.5,v44346167
2014,0.00,"Saskatoon, Saskatchewan",32.40.5,v44346167
2015,0.00,"Saskatoon, Saskatchewan",32.40.5,v44346167
1998,4.00,"Alberta",33.40.5,v44417556
1999,1.00,"Alberta",33.40.5,v44417556
2000,2.00,"Alberta",33.40.5,v44417556
2001,2.00,"Alberta",33.40.5,v44417556
2002,3.00,"Alberta",33.40.5,v44417556
2003,2.00,"Alberta",33.40.5,v44417556
2004,2.00,"Alberta",33.40.5,v44417556
2005,3.00,"Alberta",33.40.5,v44417556
2006,3.00,"Alberta",33.40.5,v44417556
2007,2.00,"Alberta",33.40.5,v44417556
2008,3.00,"Alberta",33.40.5,v44417556
2009,3.00,"Alberta",33.40.5,v44417556
2010,0.00,"Alberta",33.40.5,v44417556
2011,2.00,"Alberta",33.40.5,v44417556
2012,2.00,"Alberta",33.40.5,v44417556
2013,1.00,"Alberta",33.40.5,v44417556
2014,3.00,"Alberta",33.40.5,v44417556
2015,2.00,"Alberta",33.40.5,v44417556
1998,2.00,"Calgary, Alberta",34.40.5,v44356180
1999,0.00,"Calgary, Alberta",34.40.5,v44356180
2000,1.00,"Calgary, Alberta",34.40.5,v44356180
2001,2.00,"Calgary, Alberta",34.40.5,v44356180
2002,..,"Calgary, Alberta",34.40.5,v44356180
2003,0.00,"Calgary, Alberta",34.40.5,v44356180
2004,0.00,"Calgary, Alberta",34.40.5,v44356180
2005,1.00,"Calgary, Alberta",34.40.5,v44356180
2006,1.00,"Calgary, Alberta",34.40.5,v44356180
2007,1.00,"Calgary, Alberta",34.40.5,v44356180
2008,1.00,"Calgary, Alberta",34.40.5,v44356180
2009,0.00,"Calgary, Alberta",34.40.5,v44356180
2010,0.00,"Calgary, Alberta",34.40.5,v44356180
2011,1.00,"Calgary, Alberta",34.40.5,v44356180
2012,0.00,"Calgary, Alberta",34.40.5,v44356180
2013,0.00,"Calgary, Alberta",34.40.5,v44356180
2014,1.00,"Calgary, Alberta",34.40.5,v44356180
2015,2.00,"Calgary, Alberta",34.40.5,v44356180
1998,..,"Edmonton, Alberta",35.40.5,v44356549
1999,1.00,"Edmonton, Alberta",35.40.5,v44356549
2000,0.00,"Edmonton, Alberta",35.40.5,v44356549
2001,0.00,"Edmonton, Alberta",35.40.5,v44356549
2002,1.00,"Edmonton, Alberta",35.40.5,v44356549
2003,0.00,"Edmonton, Alberta",35.40.5,v44356549
2004,0.00,"Edmonton, Alberta",35.40.5,v44356549
2005,1.00,"Edmonton, Alberta",35.40.5,v44356549
2006,0.00,"Edmonton, Alberta",35.40.5,v44356549
2007,0.00,"Edmonton, Alberta",35.40.5,v44356549
2008,1.00,"Edmonton, Alberta",35.40.5,v44356549
2009,0.00,"Edmonton, Alberta",35.40.5,v44356549
2010,0.00,"Edmonton, Alberta",35.40.5,v44356549
2011,0.00,"Edmonton, Alberta",35.40.5,v44356549
2012,1.00,"Edmonton, Alberta",35.40.5,v44356549
2013,0.00,"Edmonton, Alberta",35.40.5,v44356549
2014,0.00,"Edmonton, Alberta",35.40.5,v44356549
2015,0.00,"Edmonton, Alberta",35.40.5,v44356549
1998,2.00,"British Columbia",36.40.5,v44377667
1999,1.00,"British Columbia",36.40.5,v44377667
2000,2.00,"British Columbia",36.40.5,v44377667
2001,3.00,"British Columbia",36.40.5,v44377667
2002,1.00,"British Columbia",36.40.5,v44377667
2003,3.00,"British Columbia",36.40.5,v44377667
2004,2.00,"British Columbia",36.40.5,v44377667
2005,2.00,"British Columbia",36.40.5,v44377667
2006,2.00,"British Columbia",36.40.5,v44377667
2007,4.00,"British Columbia",36.40.5,v44377667
2008,0.00,"British Columbia",36.40.5,v44377667
2009,0.00,"British Columbia",36.40.5,v44377667
2010,0.00,"British Columbia",36.40.5,v44377667
2011,5.00,"British Columbia",36.40.5,v44377667
2012,0.00,"British Columbia",36.40.5,v44377667
2013,0.00,"British Columbia",36.40.5,v44377667
2014,0.00,"British Columbia",36.40.5,v44377667
2015,1.00,"British Columbia",36.40.5,v44377667
2006,0.00,"Kelowna, British Columbia",48.40.5,v62141331
2007,0.00,"Kelowna, British Columbia",48.40.5,v62141331
2008,0.00,"Kelowna, British Columbia",48.40.5,v62141331
2009,0.00,"Kelowna, British Columbia",48.40.5,v62141331
2010,0.00,"Kelowna, British Columbia",48.40.5,v62141331
2011,0.00,"Kelowna, British Columbia",48.40.5,v62141331
2012,0.00,"Kelowna, British Columbia",48.40.5,v62141331
2013,0.00,"Kelowna, British Columbia",48.40.5,v62141331
2014,0.00,"Kelowna, British Columbia",48.40.5,v62141331
2015,0.00,"Kelowna, British Columbia",48.40.5,v62141331
2000,..,"Abbotsford-Mission, British Columbia",39.40.5,v44405525
2001,0.00,"Abbotsford-Mission, British Columbia",39.40.5,v44405525
2002,..,"Abbotsford-Mission, British Columbia",39.40.5,v44405525
2003,0.00,"Abbotsford-Mission, British Columbia",39.40.5,v44405525
2004,1.00,"Abbotsford-Mission, British Columbia",39.40.5,v44405525
2005,..,"Abbotsford-Mission, British Columbia",39.40.5,v44405525
2006,0.00,"Abbotsford-Mission, British Columbia",39.40.5,v44405525
2007,0.00,"Abbotsford-Mission, British Columbia",39.40.5,v44405525
2008,0.00,"Abbotsford-Mission, British Columbia",39.40.5,v44405525
2009,0.00,"Abbotsford-Mission, British Columbia",39.40.5,v44405525
2010,0.00,"Abbotsford-Mission, British Columbia",39.40.5,v44405525
2011,0.00,"Abbotsford-Mission, British Columbia",39.40.5,v44405525
2012,0.00,"Abbotsford-Mission, British Columbia",39.40.5,v44405525
2013,0.00,"Abbotsford-Mission, British Columbia",39.40.5,v44405525
2014,0.00,"Abbotsford-Mission, British Columbia",39.40.5,v44405525
2015,0.00,"Abbotsford-Mission, British Columbia",39.40.5,v44405525
1998,1.00,"Vancouver, British Columbia",37.40.5,v44326638
1999,1.00,"Vancouver, British Columbia",37.40.5,v44326638
2000,0.00,"Vancouver, British Columbia",37.40.5,v44326638
2001,0.00,"Vancouver, British Columbia",37.40.5,v44326638
2002,0.00,"Vancouver, British Columbia",37.40.5,v44326638
2003,0.00,"Vancouver, British Columbia",37.40.5,v44326638
2004,1.00,"Vancouver, British Columbia",37.40.5,v44326638
2005,1.00,"Vancouver, British Columbia",37.40.5,v44326638
2006,1.00,"Vancouver, British Columbia",37.40.5,v44326638
2007,4.00,"Vancouver, British Columbia",37.40.5,v44326638
2008,0.00,"Vancouver, British Columbia",37.40.5,v44326638
2009,0.00,"Vancouver, British Columbia",37.40.5,v44326638
2010,0.00,"Vancouver, British Columbia",37.40.5,v44326638
2011,1.00,"Vancouver, British Columbia",37.40.5,v44326638
2012,0.00,"Vancouver, British Columbia",37.40.5,v44326638
2013,0.00,"Vancouver, British Columbia",37.40.5,v44326638
2014,0.00,"Vancouver, British Columbia",37.40.5,v44326638
2015,1.00,"Vancouver, British Columbia",37.40.5,v44326638
1998,0.00,"Victoria, British Columbia",38.40.5,v44331313
1999,0.00,"Victoria, British Columbia",38.40.5,v44331313
2000,..,"Victoria, British Columbia",38.40.5,v44331313
2001,0.00,"Victoria, British Columbia",38.40.5,v44331313
2002,..,"Victoria, British Columbia",38.40.5,v44331313
2003,0.00,"Victoria, British Columbia",38.40.5,v44331313
2004,..,"Victoria, British Columbia",38.40.5,v44331313
2005,..,"Victoria, British Columbia",38.40.5,v44331313
2006,0.00,"Victoria, British Columbia",38.40.5,v44331313
2007,0.00,"Victoria, British Columbia",38.40.5,v44331313
2008,0.00,"Victoria, British Columbia",38.40.5,v44331313
2009,0.00,"Victoria, British Columbia",38.40.5,v44331313
2010,0.00,"Victoria, British Columbia",38.40.5,v44331313
2011,0.00,"Victoria, British Columbia",38.40.5,v44331313
2012,0.00,"Victoria, British Columbia",38.40.5,v44331313
2013,0.00,"Victoria, British Columbia",38.40.5,v44331313
2014,0.00,"Victoria, British Columbia",38.40.5,v44331313
2015,0.00,"Victoria, British Columbia",38.40.5,v44331313
2000,..,"Yukon",40.40.5,v44378217
2001,0.00,"Yukon",40.40.5,v44378217
2002,..,"Yukon",40.40.5,v44378217
2003,..,"Yukon",40.40.5,v44378217
2004,0.00,"Yukon",40.40.5,v44378217
2005,..,"Yukon",40.40.5,v44378217
2006,0.00,"Yukon",40.40.5,v44378217
2007,0.00,"Yukon",40.40.5,v44378217
2008,1.00,"Yukon",40.40.5,v44378217
2009,0.00,"Yukon",40.40.5,v44378217
2010,0.00,"Yukon",40.40.5,v44378217
2011,0.00,"Yukon",40.40.5,v44378217
2012,0.00,"Yukon",40.40.5,v44378217
2013,0.00,"Yukon",40.40.5,v44378217
2014,0.00,"Yukon",40.40.5,v44378217
2015,0.00,"Yukon",40.40.5,v44378217
1998,0.00,"Northwest Territories",41.40.5,v44329471
1999,..,"Northwest Territories",41.40.5,v44329471
2000,..,"Northwest Territories",41.40.5,v44329471
2001,0.00,"Northwest Territories",41.40.5,v44329471
2002,0.00,"Northwest Territories",41.40.5,v44329471
2003,..,"Northwest Territories",41.40.5,v44329471
2004,0.00,"Northwest Territories",41.40.5,v44329471
2005,..,"Northwest Territories",41.40.5,v44329471
2006,0.00,"Northwest Territories",41.40.5,v44329471
2007,0.00,"Northwest Territories",41.40.5,v44329471
2008,0.00,"Northwest Territories",41.40.5,v44329471
2009,0.00,"Northwest Territories",41.40.5,v44329471
2010,0.00,"Northwest Territories",41.40.5,v44329471
2011,0.00,"Northwest Territories",41.40.5,v44329471
2012,0.00,"Northwest Territories",41.40.5,v44329471
2013,0.00,"Northwest Territories",41.40.5,v44329471
2014,0.00,"Northwest Territories",41.40.5,v44329471
2015,0.00,"Northwest Territories",41.40.5,v44329471
2003,..,"Nunavut",42.40.5,v44383291
2004,1.00,"Nunavut",42.40.5,v44383291
2005,..,"Nunavut",42.40.5,v44383291
2006,0.00,"Nunavut",42.40.5,v44383291
2007,0.00,"Nunavut",42.40.5,v44383291
2008,0.00,"Nunavut",42.40.5,v44383291
2009,0.00,"Nunavut",42.40.5,v44383291
2010,0.00,"Nunavut",42.40.5,v44383291
2011,0.00,"Nunavut",42.40.5,v44383291
2012,0.00,"Nunavut",42.40.5,v44383291
2013,0.00,"Nunavut",42.40.5,v44383291
2014,0.00,"Nunavut",42.40.5,v44383291
2015,0.00,"Nunavut",42.40.5,v44383291
