2006,..,"Canada",1.54.8,v44391934
2007,0.00,"Canada",1.54.8,v44391934
2008,0.00,"Canada",1.54.8,v44391934
2009,0.02,"Canada",1.54.8,v44391934
2010,0.02,"Canada",1.54.8,v44391934
2011,0.03,"Canada",1.54.8,v44391934
2012,0.03,"Canada",1.54.8,v44391934
2013,0.02,"Canada",1.54.8,v44391934
2014,0.02,"Canada",1.54.8,v44391934
2015,0.03,"Canada",1.54.8,v44391934
2006,..,"Newfoundland and Labrador",2.54.8,v44404874
2007,0.00,"Newfoundland and Labrador",2.54.8,v44404874
2008,0.00,"Newfoundland and Labrador",2.54.8,v44404874
2009,0.22,"Newfoundland and Labrador",2.54.8,v44404874
2010,0.00,"Newfoundland and Labrador",2.54.8,v44404874
2011,0.00,"Newfoundland and Labrador",2.54.8,v44404874
2012,0.00,"Newfoundland and Labrador",2.54.8,v44404874
2013,0.00,"Newfoundland and Labrador",2.54.8,v44404874
2014,0.00,"Newfoundland and Labrador",2.54.8,v44404874
2015,0.00,"Newfoundland and Labrador",2.54.8,v44404874
2006,..,"St. John's, Newfoundland and Labrador",3.54.8,v61999780
2007,0.00,"St. John's, Newfoundland and Labrador",3.54.8,v61999780
2008,0.00,"St. John's, Newfoundland and Labrador",3.54.8,v61999780
2009,0.00,"St. John's, Newfoundland and Labrador",3.54.8,v61999780
2010,0.00,"St. John's, Newfoundland and Labrador",3.54.8,v61999780
2011,0.00,"St. John's, Newfoundland and Labrador",3.54.8,v61999780
2012,0.00,"St. John's, Newfoundland and Labrador",3.54.8,v61999780
2013,0.00,"St. John's, Newfoundland and Labrador",3.54.8,v61999780
2014,0.00,"St. John's, Newfoundland and Labrador",3.54.8,v61999780
2015,0.00,"St. John's, Newfoundland and Labrador",3.54.8,v61999780
2006,..,"Prince Edward Island",4.54.8,v44342224
2007,0.00,"Prince Edward Island",4.54.8,v44342224
2008,0.00,"Prince Edward Island",4.54.8,v44342224
2009,0.00,"Prince Edward Island",4.54.8,v44342224
2010,0.00,"Prince Edward Island",4.54.8,v44342224
2011,0.00,"Prince Edward Island",4.54.8,v44342224
2012,0.00,"Prince Edward Island",4.54.8,v44342224
2013,0.00,"Prince Edward Island",4.54.8,v44342224
2014,0.00,"Prince Edward Island",4.54.8,v44342224
2015,0.00,"Prince Edward Island",4.54.8,v44342224
2006,..,"Nova Scotia",5.54.8,v44376480
2007,0.00,"Nova Scotia",5.54.8,v44376480
2008,0.00,"Nova Scotia",5.54.8,v44376480
2009,0.00,"Nova Scotia",5.54.8,v44376480
2010,0.12,"Nova Scotia",5.54.8,v44376480
2011,0.24,"Nova Scotia",5.54.8,v44376480
2012,0.12,"Nova Scotia",5.54.8,v44376480
2013,0.00,"Nova Scotia",5.54.8,v44376480
2014,0.00,"Nova Scotia",5.54.8,v44376480
2015,0.00,"Nova Scotia",5.54.8,v44376480
2006,..,"Halifax, Nova Scotia",6.54.8,v44373162
2007,0.00,"Halifax, Nova Scotia",6.54.8,v44373162
2008,0.00,"Halifax, Nova Scotia",6.54.8,v44373162
2009,0.00,"Halifax, Nova Scotia",6.54.8,v44373162
2010,0.28,"Halifax, Nova Scotia",6.54.8,v44373162
2011,0.00,"Halifax, Nova Scotia",6.54.8,v44373162
2012,0.00,"Halifax, Nova Scotia",6.54.8,v44373162
2013,0.00,"Halifax, Nova Scotia",6.54.8,v44373162
2014,0.00,"Halifax, Nova Scotia",6.54.8,v44373162
2015,0.00,"Halifax, Nova Scotia",6.54.8,v44373162
2006,..,"New Brunswick",7.54.8,v44389484
2007,0.00,"New Brunswick",7.54.8,v44389484
2008,0.00,"New Brunswick",7.54.8,v44389484
2009,0.00,"New Brunswick",7.54.8,v44389484
2010,0.00,"New Brunswick",7.54.8,v44389484
2011,0.00,"New Brunswick",7.54.8,v44389484
2012,0.15,"New Brunswick",7.54.8,v44389484
2013,0.15,"New Brunswick",7.54.8,v44389484
2014,0.00,"New Brunswick",7.54.8,v44389484
2015,0.00,"New Brunswick",7.54.8,v44389484
2006,..,"Moncton, New Brunswick",43.54.8,v62125780
2007,0.00,"Moncton, New Brunswick",43.54.8,v62125780
2008,0.00,"Moncton, New Brunswick",43.54.8,v62125780
2009,0.00,"Moncton, New Brunswick",43.54.8,v62125780
2010,0.00,"Moncton, New Brunswick",43.54.8,v62125780
2011,0.00,"Moncton, New Brunswick",43.54.8,v62125780
2012,0.00,"Moncton, New Brunswick",43.54.8,v62125780
2013,0.80,"Moncton, New Brunswick",43.54.8,v62125780
2014,0.00,"Moncton, New Brunswick",43.54.8,v62125780
2015,0.00,"Moncton, New Brunswick",43.54.8,v62125780
2006,..,"Saint John, New Brunswick",8.54.8,v44332779
2007,0.00,"Saint John, New Brunswick",8.54.8,v44332779
2008,0.00,"Saint John, New Brunswick",8.54.8,v44332779
2009,0.00,"Saint John, New Brunswick",8.54.8,v44332779
2010,0.00,"Saint John, New Brunswick",8.54.8,v44332779
2011,0.00,"Saint John, New Brunswick",8.54.8,v44332779
2012,0.00,"Saint John, New Brunswick",8.54.8,v44332779
2013,0.00,"Saint John, New Brunswick",8.54.8,v44332779
2014,0.00,"Saint John, New Brunswick",8.54.8,v44332779
2015,0.00,"Saint John, New Brunswick",8.54.8,v44332779
2006,..,"Quebec",9.54.8,v44353365
2007,0.00,"Quebec",9.54.8,v44353365
2008,0.00,"Quebec",9.54.8,v44353365
2009,0.00,"Quebec",9.54.8,v44353365
2010,0.03,"Quebec",9.54.8,v44353365
2011,0.00,"Quebec",9.54.8,v44353365
2012,0.00,"Quebec",9.54.8,v44353365
2013,0.00,"Quebec",9.54.8,v44353365
2014,0.06,"Quebec",9.54.8,v44353365
2015,0.00,"Quebec",9.54.8,v44353365
2006,..,"Saguenay, Quebec",10.54.8,v62021830
2007,0.00,"Saguenay, Quebec",10.54.8,v62021830
2008,0.00,"Saguenay, Quebec",10.54.8,v62021830
2009,0.00,"Saguenay, Quebec",10.54.8,v62021830
2010,0.00,"Saguenay, Quebec",10.54.8,v62021830
2011,0.00,"Saguenay, Quebec",10.54.8,v62021830
2012,0.00,"Saguenay, Quebec",10.54.8,v62021830
2013,0.00,"Saguenay, Quebec",10.54.8,v62021830
2014,0.00,"Saguenay, Quebec",10.54.8,v62021830
2015,0.00,"Saguenay, Quebec",10.54.8,v62021830
2006,..,"Sherbrooke, Quebec",12.54.8,v62028130
2007,0.00,"Sherbrooke, Quebec",12.54.8,v62028130
2008,0.00,"Sherbrooke, Quebec",12.54.8,v62028130
2009,0.00,"Sherbrooke, Quebec",12.54.8,v62028130
2010,0.00,"Sherbrooke, Quebec",12.54.8,v62028130
2011,0.00,"Sherbrooke, Quebec",12.54.8,v62028130
2012,0.00,"Sherbrooke, Quebec",12.54.8,v62028130
2013,0.00,"Sherbrooke, Quebec",12.54.8,v62028130
2014,0.00,"Sherbrooke, Quebec",12.54.8,v62028130
2015,0.00,"Sherbrooke, Quebec",12.54.8,v62028130
2006,..,"Ottawa-Gatineau, Quebec part",15.54.8,v62037580
2007,0.00,"Ottawa-Gatineau, Quebec part",15.54.8,v62037580
2008,0.00,"Ottawa-Gatineau, Quebec part",15.54.8,v62037580
2009,0.00,"Ottawa-Gatineau, Quebec part",15.54.8,v62037580
2010,0.00,"Ottawa-Gatineau, Quebec part",15.54.8,v62037580
2011,0.00,"Ottawa-Gatineau, Quebec part",15.54.8,v62037580
2012,0.00,"Ottawa-Gatineau, Quebec part",15.54.8,v62037580
2013,0.00,"Ottawa-Gatineau, Quebec part",15.54.8,v62037580
2014,0.71,"Ottawa-Gatineau, Quebec part",15.54.8,v62037580
2015,0.00,"Ottawa-Gatineau, Quebec part",15.54.8,v62037580
2006,..,"Ontario",16.54.8,v44363708
2007,0.01,"Ontario",16.54.8,v44363708
2008,0.00,"Ontario",16.54.8,v44363708
2009,0.01,"Ontario",16.54.8,v44363708
2010,0.02,"Ontario",16.54.8,v44363708
2011,0.02,"Ontario",16.54.8,v44363708
2012,0.01,"Ontario",16.54.8,v44363708
2013,0.02,"Ontario",16.54.8,v44363708
2014,0.00,"Ontario",16.54.8,v44363708
2015,0.03,"Ontario",16.54.8,v44363708
2006,..,"Ottawa-Gatineau, Ontario/Quebec",17.54.8,v62043880
2007,0.00,"Ottawa-Gatineau, Ontario/Quebec",17.54.8,v62043880
2008,0.00,"Ottawa-Gatineau, Ontario/Quebec",17.54.8,v62043880
2009,0.00,"Ottawa-Gatineau, Ontario/Quebec",17.54.8,v62043880
2010,0.00,"Ottawa-Gatineau, Ontario/Quebec",17.54.8,v62043880
2011,0.00,"Ottawa-Gatineau, Ontario/Quebec",17.54.8,v62043880
2012,0.00,"Ottawa-Gatineau, Ontario/Quebec",17.54.8,v62043880
2013,0.00,"Ottawa-Gatineau, Ontario/Quebec",17.54.8,v62043880
2014,0.18,"Ottawa-Gatineau, Ontario/Quebec",17.54.8,v62043880
2015,0.00,"Ottawa-Gatineau, Ontario/Quebec",17.54.8,v62043880
2006,..,"Ottawa-Gatineau, Ontario part",18.54.8,v44343639
2007,0.00,"Ottawa-Gatineau, Ontario part",18.54.8,v44343639
2008,0.00,"Ottawa-Gatineau, Ontario part",18.54.8,v44343639
2009,0.00,"Ottawa-Gatineau, Ontario part",18.54.8,v44343639
2010,0.00,"Ottawa-Gatineau, Ontario part",18.54.8,v44343639
2011,0.00,"Ottawa-Gatineau, Ontario part",18.54.8,v44343639
2012,0.00,"Ottawa-Gatineau, Ontario part",18.54.8,v44343639
2013,0.00,"Ottawa-Gatineau, Ontario part",18.54.8,v44343639
2014,0.00,"Ottawa-Gatineau, Ontario part",18.54.8,v44343639
2015,0.00,"Ottawa-Gatineau, Ontario part",18.54.8,v44343639
2006,..,"Kingston, Ontario",27.54.8,v44390092
2007,0.00,"Kingston, Ontario",27.54.8,v44390092
2008,0.00,"Kingston, Ontario",27.54.8,v44390092
2009,0.00,"Kingston, Ontario",27.54.8,v44390092
2010,0.00,"Kingston, Ontario",27.54.8,v44390092
2011,0.00,"Kingston, Ontario",27.54.8,v44390092
2012,0.00,"Kingston, Ontario",27.54.8,v44390092
2013,0.00,"Kingston, Ontario",27.54.8,v44390092
2014,0.00,"Kingston, Ontario",27.54.8,v44390092
2015,0.00,"Kingston, Ontario",27.54.8,v44390092
2006,..,"Peterborough, Ontario",44.54.8,v62128930
2007,0.00,"Peterborough, Ontario",44.54.8,v62128930
2008,0.00,"Peterborough, Ontario",44.54.8,v62128930
2009,0.00,"Peterborough, Ontario",44.54.8,v62128930
2010,0.00,"Peterborough, Ontario",44.54.8,v62128930
2011,0.00,"Peterborough, Ontario",44.54.8,v62128930
2012,0.00,"Peterborough, Ontario",44.54.8,v62128930
2013,0.00,"Peterborough, Ontario",44.54.8,v62128930
2014,0.00,"Peterborough, Ontario",44.54.8,v62128930
2015,0.00,"Peterborough, Ontario",44.54.8,v62128930
2006,..,"Toronto, Ontario",19.54.8,v44340519
2007,0.00,"Toronto, Ontario",19.54.8,v44340519
2008,0.00,"Toronto, Ontario",19.54.8,v44340519
2009,0.02,"Toronto, Ontario",19.54.8,v44340519
2010,0.00,"Toronto, Ontario",19.54.8,v44340519
2011,0.00,"Toronto, Ontario",19.54.8,v44340519
2012,0.00,"Toronto, Ontario",19.54.8,v44340519
2013,0.04,"Toronto, Ontario",19.54.8,v44340519
2014,0.00,"Toronto, Ontario",19.54.8,v44340519
2015,0.04,"Toronto, Ontario",19.54.8,v44340519
2006,..,"Hamilton, Ontario",20.54.8,v62053330
2007,0.00,"Hamilton, Ontario",20.54.8,v62053330
2008,0.00,"Hamilton, Ontario",20.54.8,v62053330
2009,0.00,"Hamilton, Ontario",20.54.8,v62053330
2010,0.00,"Hamilton, Ontario",20.54.8,v62053330
2011,0.00,"Hamilton, Ontario",20.54.8,v62053330
2012,0.00,"Hamilton, Ontario",20.54.8,v62053330
2013,0.00,"Hamilton, Ontario",20.54.8,v62053330
2014,0.00,"Hamilton, Ontario",20.54.8,v62053330
2015,0.00,"Hamilton, Ontario",20.54.8,v62053330
2006,..,"St.Catharines-Niagara, Ontario",21.54.8,v44405598
2007,0.00,"St.Catharines-Niagara, Ontario",21.54.8,v44405598
2008,0.00,"St.Catharines-Niagara, Ontario",21.54.8,v44405598
2009,0.00,"St.Catharines-Niagara, Ontario",21.54.8,v44405598
2010,0.00,"St.Catharines-Niagara, Ontario",21.54.8,v44405598
2011,0.00,"St.Catharines-Niagara, Ontario",21.54.8,v44405598
2012,0.00,"St.Catharines-Niagara, Ontario",21.54.8,v44405598
2013,0.00,"St.Catharines-Niagara, Ontario",21.54.8,v44405598
2014,0.00,"St.Catharines-Niagara, Ontario",21.54.8,v44405598
2015,0.00,"St.Catharines-Niagara, Ontario",21.54.8,v44405598
2006,..,"Kitchener-Cambridge-Waterloo, Ontario",22.54.8,v62059630
2007,0.00,"Kitchener-Cambridge-Waterloo, Ontario",22.54.8,v62059630
2008,0.00,"Kitchener-Cambridge-Waterloo, Ontario",22.54.8,v62059630
2009,0.00,"Kitchener-Cambridge-Waterloo, Ontario",22.54.8,v62059630
2010,0.00,"Kitchener-Cambridge-Waterloo, Ontario",22.54.8,v62059630
2011,0.45,"Kitchener-Cambridge-Waterloo, Ontario",22.54.8,v62059630
2012,0.00,"Kitchener-Cambridge-Waterloo, Ontario",22.54.8,v62059630
2013,0.00,"Kitchener-Cambridge-Waterloo, Ontario",22.54.8,v62059630
2014,0.00,"Kitchener-Cambridge-Waterloo, Ontario",22.54.8,v62059630
2015,0.00,"Kitchener-Cambridge-Waterloo, Ontario",22.54.8,v62059630
2006,..,"Brantford, Ontario",45.54.8,v62132080
2007,0.00,"Brantford, Ontario",45.54.8,v62132080
2008,0.00,"Brantford, Ontario",45.54.8,v62132080
2009,0.00,"Brantford, Ontario",45.54.8,v62132080
2010,0.00,"Brantford, Ontario",45.54.8,v62132080
2011,0.00,"Brantford, Ontario",45.54.8,v62132080
2012,0.00,"Brantford, Ontario",45.54.8,v62132080
2013,0.00,"Brantford, Ontario",45.54.8,v62132080
2014,0.00,"Brantford, Ontario",45.54.8,v62132080
2015,0.00,"Brantford, Ontario",45.54.8,v62132080
2006,..,"Guelph, Ontario",46.54.8,v62135230
2007,0.00,"Guelph, Ontario",46.54.8,v62135230
2008,0.00,"Guelph, Ontario",46.54.8,v62135230
2009,0.00,"Guelph, Ontario",46.54.8,v62135230
2010,0.00,"Guelph, Ontario",46.54.8,v62135230
2011,0.00,"Guelph, Ontario",46.54.8,v62135230
2012,0.00,"Guelph, Ontario",46.54.8,v62135230
2013,0.00,"Guelph, Ontario",46.54.8,v62135230
2014,0.00,"Guelph, Ontario",46.54.8,v62135230
2015,0.00,"Guelph, Ontario",46.54.8,v62135230
2006,..,"London, Ontario",23.54.8,v44343170
2007,0.00,"London, Ontario",23.54.8,v44343170
2008,0.00,"London, Ontario",23.54.8,v44343170
2009,0.00,"London, Ontario",23.54.8,v44343170
2010,0.00,"London, Ontario",23.54.8,v44343170
2011,0.00,"London, Ontario",23.54.8,v44343170
2012,0.00,"London, Ontario",23.54.8,v44343170
2013,0.00,"London, Ontario",23.54.8,v44343170
2014,0.00,"London, Ontario",23.54.8,v44343170
2015,0.00,"London, Ontario",23.54.8,v44343170
2006,..,"Windsor, Ontario",24.54.8,v44349556
2007,0.35,"Windsor, Ontario",24.54.8,v44349556
2008,0.00,"Windsor, Ontario",24.54.8,v44349556
2009,0.00,"Windsor, Ontario",24.54.8,v44349556
2010,0.00,"Windsor, Ontario",24.54.8,v44349556
2011,0.00,"Windsor, Ontario",24.54.8,v44349556
2012,0.00,"Windsor, Ontario",24.54.8,v44349556
2013,0.00,"Windsor, Ontario",24.54.8,v44349556
2014,0.00,"Windsor, Ontario",24.54.8,v44349556
2015,0.00,"Windsor, Ontario",24.54.8,v44349556
2006,..,"Barrie, Ontario",47.54.8,v62138380
2007,0.00,"Barrie, Ontario",47.54.8,v62138380
2008,0.00,"Barrie, Ontario",47.54.8,v62138380
2009,0.00,"Barrie, Ontario",47.54.8,v62138380
2010,0.00,"Barrie, Ontario",47.54.8,v62138380
2011,0.00,"Barrie, Ontario",47.54.8,v62138380
2012,0.00,"Barrie, Ontario",47.54.8,v62138380
2013,0.00,"Barrie, Ontario",47.54.8,v62138380
2014,0.00,"Barrie, Ontario",47.54.8,v62138380
2015,0.00,"Barrie, Ontario",47.54.8,v62138380
2006,..,"Sudbury, Ontario",25.54.8,v62069080
2007,0.00,"Sudbury, Ontario",25.54.8,v62069080
2008,0.00,"Sudbury, Ontario",25.54.8,v62069080
2009,0.00,"Sudbury, Ontario",25.54.8,v62069080
2010,0.00,"Sudbury, Ontario",25.54.8,v62069080
2011,0.00,"Sudbury, Ontario",25.54.8,v62069080
2012,0.00,"Sudbury, Ontario",25.54.8,v62069080
2013,0.00,"Sudbury, Ontario",25.54.8,v62069080
2014,0.00,"Sudbury, Ontario",25.54.8,v62069080
2015,0.69,"Sudbury, Ontario",25.54.8,v62069080
2006,..,"Thunder Bay, Ontario",26.54.8,v44364883
2007,0.00,"Thunder Bay, Ontario",26.54.8,v44364883
2008,0.00,"Thunder Bay, Ontario",26.54.8,v44364883
2009,0.00,"Thunder Bay, Ontario",26.54.8,v44364883
2010,0.00,"Thunder Bay, Ontario",26.54.8,v44364883
2011,0.00,"Thunder Bay, Ontario",26.54.8,v44364883
2012,0.00,"Thunder Bay, Ontario",26.54.8,v44364883
2013,0.00,"Thunder Bay, Ontario",26.54.8,v44364883
2014,0.00,"Thunder Bay, Ontario",26.54.8,v44364883
2015,0.00,"Thunder Bay, Ontario",26.54.8,v44364883
2006,..,"Manitoba",28.54.8,v44336742
2007,0.00,"Manitoba",28.54.8,v44336742
2008,0.00,"Manitoba",28.54.8,v44336742
2009,0.00,"Manitoba",28.54.8,v44336742
2010,0.10,"Manitoba",28.54.8,v44336742
2011,0.00,"Manitoba",28.54.8,v44336742
2012,0.28,"Manitoba",28.54.8,v44336742
2013,0.00,"Manitoba",28.54.8,v44336742
2014,0.00,"Manitoba",28.54.8,v44336742
2015,0.18,"Manitoba",28.54.8,v44336742
2006,..,"Winnipeg, Manitoba",29.54.8,v44370779
2007,0.00,"Winnipeg, Manitoba",29.54.8,v44370779
2008,0.00,"Winnipeg, Manitoba",29.54.8,v44370779
2009,0.00,"Winnipeg, Manitoba",29.54.8,v44370779
2010,0.00,"Winnipeg, Manitoba",29.54.8,v44370779
2011,0.00,"Winnipeg, Manitoba",29.54.8,v44370779
2012,0.00,"Winnipeg, Manitoba",29.54.8,v44370779
2013,0.00,"Winnipeg, Manitoba",29.54.8,v44370779
2014,0.00,"Winnipeg, Manitoba",29.54.8,v44370779
2015,0.00,"Winnipeg, Manitoba",29.54.8,v44370779
2006,..,"Saskatchewan",30.54.8,v44370318
2007,0.00,"Saskatchewan",30.54.8,v44370318
2008,0.00,"Saskatchewan",30.54.8,v44370318
2009,0.00,"Saskatchewan",30.54.8,v44370318
2010,0.11,"Saskatchewan",30.54.8,v44370318
2011,0.00,"Saskatchewan",30.54.8,v44370318
2012,0.11,"Saskatchewan",30.54.8,v44370318
2013,0.11,"Saskatchewan",30.54.8,v44370318
2014,0.00,"Saskatchewan",30.54.8,v44370318
2015,0.00,"Saskatchewan",30.54.8,v44370318
2006,..,"Regina, Saskatchewan",31.54.8,v44378672
2007,0.00,"Regina, Saskatchewan",31.54.8,v44378672
2008,0.00,"Regina, Saskatchewan",31.54.8,v44378672
2009,0.00,"Regina, Saskatchewan",31.54.8,v44378672
2010,0.00,"Regina, Saskatchewan",31.54.8,v44378672
2011,0.00,"Regina, Saskatchewan",31.54.8,v44378672
2012,0.00,"Regina, Saskatchewan",31.54.8,v44378672
2013,0.00,"Regina, Saskatchewan",31.54.8,v44378672
2014,0.00,"Regina, Saskatchewan",31.54.8,v44378672
2015,0.00,"Regina, Saskatchewan",31.54.8,v44378672
2006,..,"Saskatoon, Saskatchewan",32.54.8,v44390760
2007,0.00,"Saskatoon, Saskatchewan",32.54.8,v44390760
2008,0.00,"Saskatoon, Saskatchewan",32.54.8,v44390760
2009,0.00,"Saskatoon, Saskatchewan",32.54.8,v44390760
2010,0.00,"Saskatoon, Saskatchewan",32.54.8,v44390760
2011,0.00,"Saskatoon, Saskatchewan",32.54.8,v44390760
2012,0.00,"Saskatoon, Saskatchewan",32.54.8,v44390760
2013,0.00,"Saskatoon, Saskatchewan",32.54.8,v44390760
2014,0.00,"Saskatoon, Saskatchewan",32.54.8,v44390760
2015,0.00,"Saskatoon, Saskatchewan",32.54.8,v44390760
2006,..,"Alberta",33.54.8,v44416907
2007,0.00,"Alberta",33.54.8,v44416907
2008,0.00,"Alberta",33.54.8,v44416907
2009,0.03,"Alberta",33.54.8,v44416907
2010,0.00,"Alberta",33.54.8,v44416907
2011,0.03,"Alberta",33.54.8,v44416907
2012,0.06,"Alberta",33.54.8,v44416907
2013,0.03,"Alberta",33.54.8,v44416907
2014,0.06,"Alberta",33.54.8,v44416907
2015,0.08,"Alberta",33.54.8,v44416907
2006,..,"Calgary, Alberta",34.54.8,v44401879
2007,0.00,"Calgary, Alberta",34.54.8,v44401879
2008,0.00,"Calgary, Alberta",34.54.8,v44401879
2009,0.00,"Calgary, Alberta",34.54.8,v44401879
2010,0.00,"Calgary, Alberta",34.54.8,v44401879
2011,0.00,"Calgary, Alberta",34.54.8,v44401879
2012,0.00,"Calgary, Alberta",34.54.8,v44401879
2013,0.00,"Calgary, Alberta",34.54.8,v44401879
2014,0.00,"Calgary, Alberta",34.54.8,v44401879
2015,0.00,"Calgary, Alberta",34.54.8,v44401879
2006,..,"Edmonton, Alberta",35.54.8,v44363033
2007,0.00,"Edmonton, Alberta",35.54.8,v44363033
2008,0.00,"Edmonton, Alberta",35.54.8,v44363033
2009,0.10,"Edmonton, Alberta",35.54.8,v44363033
2010,0.00,"Edmonton, Alberta",35.54.8,v44363033
2011,0.10,"Edmonton, Alberta",35.54.8,v44363033
2012,0.09,"Edmonton, Alberta",35.54.8,v44363033
2013,0.00,"Edmonton, Alberta",35.54.8,v44363033
2014,0.00,"Edmonton, Alberta",35.54.8,v44363033
2015,0.09,"Edmonton, Alberta",35.54.8,v44363033
2006,..,"British Columbia",36.54.8,v44364524
2007,0.00,"British Columbia",36.54.8,v44364524
2008,0.03,"British Columbia",36.54.8,v44364524
2009,0.10,"British Columbia",36.54.8,v44364524
2010,0.00,"British Columbia",36.54.8,v44364524
2011,0.05,"British Columbia",36.54.8,v44364524
2012,0.02,"British Columbia",36.54.8,v44364524
2013,0.02,"British Columbia",36.54.8,v44364524
2014,0.00,"British Columbia",36.54.8,v44364524
2015,0.02,"British Columbia",36.54.8,v44364524
2006,..,"Kelowna, British Columbia",48.54.8,v62141530
2007,0.00,"Kelowna, British Columbia",48.54.8,v62141530
2008,0.00,"Kelowna, British Columbia",48.54.8,v62141530
2009,0.00,"Kelowna, British Columbia",48.54.8,v62141530
2010,0.00,"Kelowna, British Columbia",48.54.8,v62141530
2011,0.00,"Kelowna, British Columbia",48.54.8,v62141530
2012,0.00,"Kelowna, British Columbia",48.54.8,v62141530
2013,0.00,"Kelowna, British Columbia",48.54.8,v62141530
2014,0.00,"Kelowna, British Columbia",48.54.8,v62141530
2015,0.00,"Kelowna, British Columbia",48.54.8,v62141530
2006,..,"Abbotsford-Mission, British Columbia",39.54.8,v62113180
2007,0.00,"Abbotsford-Mission, British Columbia",39.54.8,v62113180
2008,0.00,"Abbotsford-Mission, British Columbia",39.54.8,v62113180
2009,0.00,"Abbotsford-Mission, British Columbia",39.54.8,v62113180
2010,0.00,"Abbotsford-Mission, British Columbia",39.54.8,v62113180
2011,0.00,"Abbotsford-Mission, British Columbia",39.54.8,v62113180
2012,0.00,"Abbotsford-Mission, British Columbia",39.54.8,v62113180
2013,0.00,"Abbotsford-Mission, British Columbia",39.54.8,v62113180
2014,0.00,"Abbotsford-Mission, British Columbia",39.54.8,v62113180
2015,0.00,"Abbotsford-Mission, British Columbia",39.54.8,v62113180
2006,..,"Vancouver, British Columbia",37.54.8,v44416695
2007,0.00,"Vancouver, British Columbia",37.54.8,v44416695
2008,0.05,"Vancouver, British Columbia",37.54.8,v44416695
2009,0.10,"Vancouver, British Columbia",37.54.8,v44416695
2010,0.00,"Vancouver, British Columbia",37.54.8,v44416695
2011,0.00,"Vancouver, British Columbia",37.54.8,v44416695
2012,0.00,"Vancouver, British Columbia",37.54.8,v44416695
2013,0.05,"Vancouver, British Columbia",37.54.8,v44416695
2014,0.00,"Vancouver, British Columbia",37.54.8,v44416695
2015,0.00,"Vancouver, British Columbia",37.54.8,v44416695
2006,..,"Victoria, British Columbia",38.54.8,v44417688
2007,0.00,"Victoria, British Columbia",38.54.8,v44417688
2008,0.00,"Victoria, British Columbia",38.54.8,v44417688
2009,0.32,"Victoria, British Columbia",38.54.8,v44417688
2010,0.00,"Victoria, British Columbia",38.54.8,v44417688
2011,0.00,"Victoria, British Columbia",38.54.8,v44417688
2012,0.00,"Victoria, British Columbia",38.54.8,v44417688
2013,0.00,"Victoria, British Columbia",38.54.8,v44417688
2014,0.00,"Victoria, British Columbia",38.54.8,v44417688
2015,0.00,"Victoria, British Columbia",38.54.8,v44417688
2006,..,"Yukon",40.54.8,v44351955
2007,0.00,"Yukon",40.54.8,v44351955
2008,0.00,"Yukon",40.54.8,v44351955
2009,0.00,"Yukon",40.54.8,v44351955
2010,0.00,"Yukon",40.54.8,v44351955
2011,0.00,"Yukon",40.54.8,v44351955
2012,0.00,"Yukon",40.54.8,v44351955
2013,0.00,"Yukon",40.54.8,v44351955
2014,0.00,"Yukon",40.54.8,v44351955
2015,0.00,"Yukon",40.54.8,v44351955
2006,..,"Northwest Territories",41.54.8,v44377722
2007,0.00,"Northwest Territories",41.54.8,v44377722
2008,0.00,"Northwest Territories",41.54.8,v44377722
2009,0.00,"Northwest Territories",41.54.8,v44377722
2010,0.00,"Northwest Territories",41.54.8,v44377722
2011,2.77,"Northwest Territories",41.54.8,v44377722
2012,0.00,"Northwest Territories",41.54.8,v44377722
2013,2.76,"Northwest Territories",41.54.8,v44377722
2014,0.00,"Northwest Territories",41.54.8,v44377722
2015,0.00,"Northwest Territories",41.54.8,v44377722
2006,..,"Nunavut",42.54.8,v44360599
2007,0.00,"Nunavut",42.54.8,v44360599
2008,0.00,"Nunavut",42.54.8,v44360599
2009,0.00,"Nunavut",42.54.8,v44360599
2010,0.00,"Nunavut",42.54.8,v44360599
2011,0.00,"Nunavut",42.54.8,v44360599
2012,0.00,"Nunavut",42.54.8,v44360599
2013,0.00,"Nunavut",42.54.8,v44360599
2014,0.00,"Nunavut",42.54.8,v44360599
2015,0.00,"Nunavut",42.54.8,v44360599
2006,..,"Canada",1.54.8,v44391934
2007,0.00,"Canada",1.54.8,v44391934
2008,0.00,"Canada",1.54.8,v44391934
2009,0.02,"Canada",1.54.8,v44391934
2010,0.02,"Canada",1.54.8,v44391934
2011,0.03,"Canada",1.54.8,v44391934
2012,0.03,"Canada",1.54.8,v44391934
2013,0.02,"Canada",1.54.8,v44391934
2014,0.02,"Canada",1.54.8,v44391934
2015,0.03,"Canada",1.54.8,v44391934
2006,..,"Newfoundland and Labrador",2.54.8,v44404874
2007,0.00,"Newfoundland and Labrador",2.54.8,v44404874
2008,0.00,"Newfoundland and Labrador",2.54.8,v44404874
2009,0.22,"Newfoundland and Labrador",2.54.8,v44404874
2010,0.00,"Newfoundland and Labrador",2.54.8,v44404874
2011,0.00,"Newfoundland and Labrador",2.54.8,v44404874
2012,0.00,"Newfoundland and Labrador",2.54.8,v44404874
2013,0.00,"Newfoundland and Labrador",2.54.8,v44404874
2014,0.00,"Newfoundland and Labrador",2.54.8,v44404874
2015,0.00,"Newfoundland and Labrador",2.54.8,v44404874
2006,..,"St. John's, Newfoundland and Labrador",3.54.8,v61999780
2007,0.00,"St. John's, Newfoundland and Labrador",3.54.8,v61999780
2008,0.00,"St. John's, Newfoundland and Labrador",3.54.8,v61999780
2009,0.00,"St. John's, Newfoundland and Labrador",3.54.8,v61999780
2010,0.00,"St. John's, Newfoundland and Labrador",3.54.8,v61999780
2011,0.00,"St. John's, Newfoundland and Labrador",3.54.8,v61999780
2012,0.00,"St. John's, Newfoundland and Labrador",3.54.8,v61999780
2013,0.00,"St. John's, Newfoundland and Labrador",3.54.8,v61999780
2014,0.00,"St. John's, Newfoundland and Labrador",3.54.8,v61999780
2015,0.00,"St. John's, Newfoundland and Labrador",3.54.8,v61999780
2006,..,"Prince Edward Island",4.54.8,v44342224
2007,0.00,"Prince Edward Island",4.54.8,v44342224
2008,0.00,"Prince Edward Island",4.54.8,v44342224
2009,0.00,"Prince Edward Island",4.54.8,v44342224
2010,0.00,"Prince Edward Island",4.54.8,v44342224
2011,0.00,"Prince Edward Island",4.54.8,v44342224
2012,0.00,"Prince Edward Island",4.54.8,v44342224
2013,0.00,"Prince Edward Island",4.54.8,v44342224
2014,0.00,"Prince Edward Island",4.54.8,v44342224
2015,0.00,"Prince Edward Island",4.54.8,v44342224
2006,..,"Nova Scotia",5.54.8,v44376480
2007,0.00,"Nova Scotia",5.54.8,v44376480
2008,0.00,"Nova Scotia",5.54.8,v44376480
2009,0.00,"Nova Scotia",5.54.8,v44376480
2010,0.12,"Nova Scotia",5.54.8,v44376480
2011,0.24,"Nova Scotia",5.54.8,v44376480
2012,0.12,"Nova Scotia",5.54.8,v44376480
2013,0.00,"Nova Scotia",5.54.8,v44376480
2014,0.00,"Nova Scotia",5.54.8,v44376480
2015,0.00,"Nova Scotia",5.54.8,v44376480
2006,..,"Halifax, Nova Scotia",6.54.8,v44373162
2007,0.00,"Halifax, Nova Scotia",6.54.8,v44373162
2008,0.00,"Halifax, Nova Scotia",6.54.8,v44373162
2009,0.00,"Halifax, Nova Scotia",6.54.8,v44373162
2010,0.28,"Halifax, Nova Scotia",6.54.8,v44373162
2011,0.00,"Halifax, Nova Scotia",6.54.8,v44373162
2012,0.00,"Halifax, Nova Scotia",6.54.8,v44373162
2013,0.00,"Halifax, Nova Scotia",6.54.8,v44373162
2014,0.00,"Halifax, Nova Scotia",6.54.8,v44373162
2015,0.00,"Halifax, Nova Scotia",6.54.8,v44373162
2006,..,"New Brunswick",7.54.8,v44389484
2007,0.00,"New Brunswick",7.54.8,v44389484
2008,0.00,"New Brunswick",7.54.8,v44389484
2009,0.00,"New Brunswick",7.54.8,v44389484
2010,0.00,"New Brunswick",7.54.8,v44389484
2011,0.00,"New Brunswick",7.54.8,v44389484
2012,0.15,"New Brunswick",7.54.8,v44389484
2013,0.15,"New Brunswick",7.54.8,v44389484
2014,0.00,"New Brunswick",7.54.8,v44389484
2015,0.00,"New Brunswick",7.54.8,v44389484
2006,..,"Moncton, New Brunswick",43.54.8,v62125780
2007,0.00,"Moncton, New Brunswick",43.54.8,v62125780
2008,0.00,"Moncton, New Brunswick",43.54.8,v62125780
2009,0.00,"Moncton, New Brunswick",43.54.8,v62125780
2010,0.00,"Moncton, New Brunswick",43.54.8,v62125780
2011,0.00,"Moncton, New Brunswick",43.54.8,v62125780
2012,0.00,"Moncton, New Brunswick",43.54.8,v62125780
2013,0.80,"Moncton, New Brunswick",43.54.8,v62125780
2014,0.00,"Moncton, New Brunswick",43.54.8,v62125780
2015,0.00,"Moncton, New Brunswick",43.54.8,v62125780
2006,..,"Saint John, New Brunswick",8.54.8,v44332779
2007,0.00,"Saint John, New Brunswick",8.54.8,v44332779
2008,0.00,"Saint John, New Brunswick",8.54.8,v44332779
2009,0.00,"Saint John, New Brunswick",8.54.8,v44332779
2010,0.00,"Saint John, New Brunswick",8.54.8,v44332779
2011,0.00,"Saint John, New Brunswick",8.54.8,v44332779
2012,0.00,"Saint John, New Brunswick",8.54.8,v44332779
2013,0.00,"Saint John, New Brunswick",8.54.8,v44332779
2014,0.00,"Saint John, New Brunswick",8.54.8,v44332779
2015,0.00,"Saint John, New Brunswick",8.54.8,v44332779
2006,..,"Quebec",9.54.8,v44353365
2007,0.00,"Quebec",9.54.8,v44353365
2008,0.00,"Quebec",9.54.8,v44353365
2009,0.00,"Quebec",9.54.8,v44353365
2010,0.03,"Quebec",9.54.8,v44353365
2011,0.00,"Quebec",9.54.8,v44353365
2012,0.00,"Quebec",9.54.8,v44353365
2013,0.00,"Quebec",9.54.8,v44353365
2014,0.06,"Quebec",9.54.8,v44353365
2015,0.00,"Quebec",9.54.8,v44353365
2006,..,"Saguenay, Quebec",10.54.8,v62021830
2007,0.00,"Saguenay, Quebec",10.54.8,v62021830
2008,0.00,"Saguenay, Quebec",10.54.8,v62021830
2009,0.00,"Saguenay, Quebec",10.54.8,v62021830
2010,0.00,"Saguenay, Quebec",10.54.8,v62021830
2011,0.00,"Saguenay, Quebec",10.54.8,v62021830
2012,0.00,"Saguenay, Quebec",10.54.8,v62021830
2013,0.00,"Saguenay, Quebec",10.54.8,v62021830
2014,0.00,"Saguenay, Quebec",10.54.8,v62021830
2015,0.00,"Saguenay, Quebec",10.54.8,v62021830
2006,..,"Quebec, Quebec",11.54.8,v44328618
2007,0.00,"Quebec, Quebec",11.54.8,v44328618
2008,0.00,"Quebec, Quebec",11.54.8,v44328618
2009,0.00,"Quebec, Quebec",11.54.8,v44328618
2010,0.00,"Quebec, Quebec",11.54.8,v44328618
2011,0.00,"Quebec, Quebec",11.54.8,v44328618
2012,0.00,"Quebec, Quebec",11.54.8,v44328618
2013,0.00,"Quebec, Quebec",11.54.8,v44328618
2014,0.00,"Quebec, Quebec",11.54.8,v44328618
2015,0.00,"Quebec, Quebec",11.54.8,v44328618
2006,..,"Sherbrooke, Quebec",12.54.8,v62028130
2007,0.00,"Sherbrooke, Quebec",12.54.8,v62028130
2008,0.00,"Sherbrooke, Quebec",12.54.8,v62028130
2009,0.00,"Sherbrooke, Quebec",12.54.8,v62028130
2010,0.00,"Sherbrooke, Quebec",12.54.8,v62028130
2011,0.00,"Sherbrooke, Quebec",12.54.8,v62028130
2012,0.00,"Sherbrooke, Quebec",12.54.8,v62028130
2013,0.00,"Sherbrooke, Quebec",12.54.8,v62028130
2014,0.00,"Sherbrooke, Quebec",12.54.8,v62028130
2015,0.00,"Sherbrooke, Quebec",12.54.8,v62028130
2006,..,"Montreal, Quebec",14.54.8,v44376391
2007,0.00,"Montreal, Quebec",14.54.8,v44376391
2008,0.00,"Montreal, Quebec",14.54.8,v44376391
2009,0.00,"Montreal, Quebec",14.54.8,v44376391
2010,0.00,"Montreal, Quebec",14.54.8,v44376391
2011,0.00,"Montreal, Quebec",14.54.8,v44376391
2012,0.00,"Montreal, Quebec",14.54.8,v44376391
2013,0.00,"Montreal, Quebec",14.54.8,v44376391
2014,0.03,"Montreal, Quebec",14.54.8,v44376391
2015,0.00,"Montreal, Quebec",14.54.8,v44376391
2006,..,"Ottawa-Gatineau, Quebec part",15.54.8,v62037580
2007,0.00,"Ottawa-Gatineau, Quebec part",15.54.8,v62037580
2008,0.00,"Ottawa-Gatineau, Quebec part",15.54.8,v62037580
2009,0.00,"Ottawa-Gatineau, Quebec part",15.54.8,v62037580
2010,0.00,"Ottawa-Gatineau, Quebec part",15.54.8,v62037580
2011,0.00,"Ottawa-Gatineau, Quebec part",15.54.8,v62037580
2012,0.00,"Ottawa-Gatineau, Quebec part",15.54.8,v62037580
2013,0.00,"Ottawa-Gatineau, Quebec part",15.54.8,v62037580
2014,0.71,"Ottawa-Gatineau, Quebec part",15.54.8,v62037580
2015,0.00,"Ottawa-Gatineau, Quebec part",15.54.8,v62037580
2006,..,"Ontario",16.54.8,v44363708
2007,0.01,"Ontario",16.54.8,v44363708
2008,0.00,"Ontario",16.54.8,v44363708
2009,0.01,"Ontario",16.54.8,v44363708
2010,0.02,"Ontario",16.54.8,v44363708
2011,0.02,"Ontario",16.54.8,v44363708
2012,0.01,"Ontario",16.54.8,v44363708
2013,0.02,"Ontario",16.54.8,v44363708
2014,0.00,"Ontario",16.54.8,v44363708
2015,0.03,"Ontario",16.54.8,v44363708
2006,..,"Ottawa-Gatineau, Ontario/Quebec",17.54.8,v62043880
2007,0.00,"Ottawa-Gatineau, Ontario/Quebec",17.54.8,v62043880
2008,0.00,"Ottawa-Gatineau, Ontario/Quebec",17.54.8,v62043880
2009,0.00,"Ottawa-Gatineau, Ontario/Quebec",17.54.8,v62043880
2010,0.00,"Ottawa-Gatineau, Ontario/Quebec",17.54.8,v62043880
2011,0.00,"Ottawa-Gatineau, Ontario/Quebec",17.54.8,v62043880
2012,0.00,"Ottawa-Gatineau, Ontario/Quebec",17.54.8,v62043880
2013,0.00,"Ottawa-Gatineau, Ontario/Quebec",17.54.8,v62043880
2014,0.18,"Ottawa-Gatineau, Ontario/Quebec",17.54.8,v62043880
2015,0.00,"Ottawa-Gatineau, Ontario/Quebec",17.54.8,v62043880
2006,..,"Ottawa-Gatineau, Ontario part",18.54.8,v44343639
2007,0.00,"Ottawa-Gatineau, Ontario part",18.54.8,v44343639
2008,0.00,"Ottawa-Gatineau, Ontario part",18.54.8,v44343639
2009,0.00,"Ottawa-Gatineau, Ontario part",18.54.8,v44343639
2010,0.00,"Ottawa-Gatineau, Ontario part",18.54.8,v44343639
2011,0.00,"Ottawa-Gatineau, Ontario part",18.54.8,v44343639
2012,0.00,"Ottawa-Gatineau, Ontario part",18.54.8,v44343639
2013,0.00,"Ottawa-Gatineau, Ontario part",18.54.8,v44343639
2014,0.00,"Ottawa-Gatineau, Ontario part",18.54.8,v44343639
2015,0.00,"Ottawa-Gatineau, Ontario part",18.54.8,v44343639
2006,..,"Kingston, Ontario",27.54.8,v44390092
2007,0.00,"Kingston, Ontario",27.54.8,v44390092
2008,0.00,"Kingston, Ontario",27.54.8,v44390092
2009,0.00,"Kingston, Ontario",27.54.8,v44390092
2010,0.00,"Kingston, Ontario",27.54.8,v44390092
2011,0.00,"Kingston, Ontario",27.54.8,v44390092
2012,0.00,"Kingston, Ontario",27.54.8,v44390092
2013,0.00,"Kingston, Ontario",27.54.8,v44390092
2014,0.00,"Kingston, Ontario",27.54.8,v44390092
2015,0.00,"Kingston, Ontario",27.54.8,v44390092
2006,..,"Peterborough, Ontario",44.54.8,v62128930
2007,0.00,"Peterborough, Ontario",44.54.8,v62128930
2008,0.00,"Peterborough, Ontario",44.54.8,v62128930
2009,0.00,"Peterborough, Ontario",44.54.8,v62128930
2010,0.00,"Peterborough, Ontario",44.54.8,v62128930
2011,0.00,"Peterborough, Ontario",44.54.8,v62128930
2012,0.00,"Peterborough, Ontario",44.54.8,v62128930
2013,0.00,"Peterborough, Ontario",44.54.8,v62128930
2014,0.00,"Peterborough, Ontario",44.54.8,v62128930
2015,0.00,"Peterborough, Ontario",44.54.8,v62128930
2006,..,"Toronto, Ontario",19.54.8,v44340519
2007,0.00,"Toronto, Ontario",19.54.8,v44340519
2008,0.00,"Toronto, Ontario",19.54.8,v44340519
2009,0.02,"Toronto, Ontario",19.54.8,v44340519
2010,0.00,"Toronto, Ontario",19.54.8,v44340519
2011,0.00,"Toronto, Ontario",19.54.8,v44340519
2012,0.00,"Toronto, Ontario",19.54.8,v44340519
2013,0.04,"Toronto, Ontario",19.54.8,v44340519
2014,0.00,"Toronto, Ontario",19.54.8,v44340519
2015,0.04,"Toronto, Ontario",19.54.8,v44340519
2006,..,"Hamilton, Ontario",20.54.8,v62053330
2007,0.00,"Hamilton, Ontario",20.54.8,v62053330
2008,0.00,"Hamilton, Ontario",20.54.8,v62053330
2009,0.00,"Hamilton, Ontario",20.54.8,v62053330
2010,0.00,"Hamilton, Ontario",20.54.8,v62053330
2011,0.00,"Hamilton, Ontario",20.54.8,v62053330
2012,0.00,"Hamilton, Ontario",20.54.8,v62053330
2013,0.00,"Hamilton, Ontario",20.54.8,v62053330
2014,0.00,"Hamilton, Ontario",20.54.8,v62053330
2015,0.00,"Hamilton, Ontario",20.54.8,v62053330
2006,..,"St.Catharines-Niagara, Ontario",21.54.8,v44405598
2007,0.00,"St.Catharines-Niagara, Ontario",21.54.8,v44405598
2008,0.00,"St.Catharines-Niagara, Ontario",21.54.8,v44405598
2009,0.00,"St.Catharines-Niagara, Ontario",21.54.8,v44405598
2010,0.00,"St.Catharines-Niagara, Ontario",21.54.8,v44405598
2011,0.00,"St.Catharines-Niagara, Ontario",21.54.8,v44405598
2012,0.00,"St.Catharines-Niagara, Ontario",21.54.8,v44405598
2013,0.00,"St.Catharines-Niagara, Ontario",21.54.8,v44405598
2014,0.00,"St.Catharines-Niagara, Ontario",21.54.8,v44405598
2015,0.00,"St.Catharines-Niagara, Ontario",21.54.8,v44405598
2006,..,"Kitchener-Cambridge-Waterloo, Ontario",22.54.8,v62059630
2007,0.00,"Kitchener-Cambridge-Waterloo, Ontario",22.54.8,v62059630
2008,0.00,"Kitchener-Cambridge-Waterloo, Ontario",22.54.8,v62059630
2009,0.00,"Kitchener-Cambridge-Waterloo, Ontario",22.54.8,v62059630
2010,0.00,"Kitchener-Cambridge-Waterloo, Ontario",22.54.8,v62059630
2011,0.45,"Kitchener-Cambridge-Waterloo, Ontario",22.54.8,v62059630
2012,0.00,"Kitchener-Cambridge-Waterloo, Ontario",22.54.8,v62059630
2013,0.00,"Kitchener-Cambridge-Waterloo, Ontario",22.54.8,v62059630
2014,0.00,"Kitchener-Cambridge-Waterloo, Ontario",22.54.8,v62059630
2015,0.00,"Kitchener-Cambridge-Waterloo, Ontario",22.54.8,v62059630
2006,..,"Brantford, Ontario",45.54.8,v62132080
2007,0.00,"Brantford, Ontario",45.54.8,v62132080
2008,0.00,"Brantford, Ontario",45.54.8,v62132080
2009,0.00,"Brantford, Ontario",45.54.8,v62132080
2010,0.00,"Brantford, Ontario",45.54.8,v62132080
2011,0.00,"Brantford, Ontario",45.54.8,v62132080
2012,0.00,"Brantford, Ontario",45.54.8,v62132080
2013,0.00,"Brantford, Ontario",45.54.8,v62132080
2014,0.00,"Brantford, Ontario",45.54.8,v62132080
2015,0.00,"Brantford, Ontario",45.54.8,v62132080
2006,..,"Guelph, Ontario",46.54.8,v62135230
2007,0.00,"Guelph, Ontario",46.54.8,v62135230
2008,0.00,"Guelph, Ontario",46.54.8,v62135230
2009,0.00,"Guelph, Ontario",46.54.8,v62135230
2010,0.00,"Guelph, Ontario",46.54.8,v62135230
2011,0.00,"Guelph, Ontario",46.54.8,v62135230
2012,0.00,"Guelph, Ontario",46.54.8,v62135230
2013,0.00,"Guelph, Ontario",46.54.8,v62135230
2014,0.00,"Guelph, Ontario",46.54.8,v62135230
2015,0.00,"Guelph, Ontario",46.54.8,v62135230
2006,..,"London, Ontario",23.54.8,v44343170
2007,0.00,"London, Ontario",23.54.8,v44343170
2008,0.00,"London, Ontario",23.54.8,v44343170
2009,0.00,"London, Ontario",23.54.8,v44343170
2010,0.00,"London, Ontario",23.54.8,v44343170
2011,0.00,"London, Ontario",23.54.8,v44343170
2012,0.00,"London, Ontario",23.54.8,v44343170
2013,0.00,"London, Ontario",23.54.8,v44343170
2014,0.00,"London, Ontario",23.54.8,v44343170
2015,0.00,"London, Ontario",23.54.8,v44343170
2006,..,"Windsor, Ontario",24.54.8,v44349556
2007,0.35,"Windsor, Ontario",24.54.8,v44349556
2008,0.00,"Windsor, Ontario",24.54.8,v44349556
2009,0.00,"Windsor, Ontario",24.54.8,v44349556
2010,0.00,"Windsor, Ontario",24.54.8,v44349556
2011,0.00,"Windsor, Ontario",24.54.8,v44349556
2012,0.00,"Windsor, Ontario",24.54.8,v44349556
2013,0.00,"Windsor, Ontario",24.54.8,v44349556
2014,0.00,"Windsor, Ontario",24.54.8,v44349556
2015,0.00,"Windsor, Ontario",24.54.8,v44349556
2006,..,"Barrie, Ontario",47.54.8,v62138380
2007,0.00,"Barrie, Ontario",47.54.8,v62138380
2008,0.00,"Barrie, Ontario",47.54.8,v62138380
2009,0.00,"Barrie, Ontario",47.54.8,v62138380
2010,0.00,"Barrie, Ontario",47.54.8,v62138380
2011,0.00,"Barrie, Ontario",47.54.8,v62138380
2012,0.00,"Barrie, Ontario",47.54.8,v62138380
2013,0.00,"Barrie, Ontario",47.54.8,v62138380
2014,0.00,"Barrie, Ontario",47.54.8,v62138380
2015,0.00,"Barrie, Ontario",47.54.8,v62138380
2006,..,"Sudbury, Ontario",25.54.8,v62069080
2007,0.00,"Sudbury, Ontario",25.54.8,v62069080
2008,0.00,"Sudbury, Ontario",25.54.8,v62069080
2009,0.00,"Sudbury, Ontario",25.54.8,v62069080
2010,0.00,"Sudbury, Ontario",25.54.8,v62069080
2011,0.00,"Sudbury, Ontario",25.54.8,v62069080
2012,0.00,"Sudbury, Ontario",25.54.8,v62069080
2013,0.00,"Sudbury, Ontario",25.54.8,v62069080
2014,0.00,"Sudbury, Ontario",25.54.8,v62069080
2015,0.69,"Sudbury, Ontario",25.54.8,v62069080
2006,..,"Thunder Bay, Ontario",26.54.8,v44364883
2007,0.00,"Thunder Bay, Ontario",26.54.8,v44364883
2008,0.00,"Thunder Bay, Ontario",26.54.8,v44364883
2009,0.00,"Thunder Bay, Ontario",26.54.8,v44364883
2010,0.00,"Thunder Bay, Ontario",26.54.8,v44364883
2011,0.00,"Thunder Bay, Ontario",26.54.8,v44364883
2012,0.00,"Thunder Bay, Ontario",26.54.8,v44364883
2013,0.00,"Thunder Bay, Ontario",26.54.8,v44364883
2014,0.00,"Thunder Bay, Ontario",26.54.8,v44364883
2015,0.00,"Thunder Bay, Ontario",26.54.8,v44364883
2006,..,"Manitoba",28.54.8,v44336742
2007,0.00,"Manitoba",28.54.8,v44336742
2008,0.00,"Manitoba",28.54.8,v44336742
2009,0.00,"Manitoba",28.54.8,v44336742
2010,0.10,"Manitoba",28.54.8,v44336742
2011,0.00,"Manitoba",28.54.8,v44336742
2012,0.28,"Manitoba",28.54.8,v44336742
2013,0.00,"Manitoba",28.54.8,v44336742
2014,0.00,"Manitoba",28.54.8,v44336742
2015,0.18,"Manitoba",28.54.8,v44336742
2006,..,"Winnipeg, Manitoba",29.54.8,v44370779
2007,0.00,"Winnipeg, Manitoba",29.54.8,v44370779
2008,0.00,"Winnipeg, Manitoba",29.54.8,v44370779
2009,0.00,"Winnipeg, Manitoba",29.54.8,v44370779
2010,0.00,"Winnipeg, Manitoba",29.54.8,v44370779
2011,0.00,"Winnipeg, Manitoba",29.54.8,v44370779
2012,0.00,"Winnipeg, Manitoba",29.54.8,v44370779
2013,0.00,"Winnipeg, Manitoba",29.54.8,v44370779
2014,0.00,"Winnipeg, Manitoba",29.54.8,v44370779
2015,0.00,"Winnipeg, Manitoba",29.54.8,v44370779
2006,..,"Saskatchewan",30.54.8,v44370318
2007,0.00,"Saskatchewan",30.54.8,v44370318
2008,0.00,"Saskatchewan",30.54.8,v44370318
2009,0.00,"Saskatchewan",30.54.8,v44370318
2010,0.11,"Saskatchewan",30.54.8,v44370318
2011,0.00,"Saskatchewan",30.54.8,v44370318
2012,0.11,"Saskatchewan",30.54.8,v44370318
2013,0.11,"Saskatchewan",30.54.8,v44370318
2014,0.00,"Saskatchewan",30.54.8,v44370318
2015,0.00,"Saskatchewan",30.54.8,v44370318
2006,..,"Regina, Saskatchewan",31.54.8,v44378672
2007,0.00,"Regina, Saskatchewan",31.54.8,v44378672
2008,0.00,"Regina, Saskatchewan",31.54.8,v44378672
2009,0.00,"Regina, Saskatchewan",31.54.8,v44378672
2010,0.00,"Regina, Saskatchewan",31.54.8,v44378672
2011,0.00,"Regina, Saskatchewan",31.54.8,v44378672
2012,0.00,"Regina, Saskatchewan",31.54.8,v44378672
2013,0.00,"Regina, Saskatchewan",31.54.8,v44378672
2014,0.00,"Regina, Saskatchewan",31.54.8,v44378672
2015,0.00,"Regina, Saskatchewan",31.54.8,v44378672
2006,..,"Saskatoon, Saskatchewan",32.54.8,v44390760
2007,0.00,"Saskatoon, Saskatchewan",32.54.8,v44390760
2008,0.00,"Saskatoon, Saskatchewan",32.54.8,v44390760
2009,0.00,"Saskatoon, Saskatchewan",32.54.8,v44390760
2010,0.00,"Saskatoon, Saskatchewan",32.54.8,v44390760
2011,0.00,"Saskatoon, Saskatchewan",32.54.8,v44390760
2012,0.00,"Saskatoon, Saskatchewan",32.54.8,v44390760
2013,0.00,"Saskatoon, Saskatchewan",32.54.8,v44390760
2014,0.00,"Saskatoon, Saskatchewan",32.54.8,v44390760
2015,0.00,"Saskatoon, Saskatchewan",32.54.8,v44390760
2006,..,"Alberta",33.54.8,v44416907
2007,0.00,"Alberta",33.54.8,v44416907
2008,0.00,"Alberta",33.54.8,v44416907
2009,0.03,"Alberta",33.54.8,v44416907
2010,0.00,"Alberta",33.54.8,v44416907
2011,0.03,"Alberta",33.54.8,v44416907
2012,0.06,"Alberta",33.54.8,v44416907
2013,0.03,"Alberta",33.54.8,v44416907
2014,0.06,"Alberta",33.54.8,v44416907
2015,0.08,"Alberta",33.54.8,v44416907
2006,..,"Calgary, Alberta",34.54.8,v44401879
2007,0.00,"Calgary, Alberta",34.54.8,v44401879
2008,0.00,"Calgary, Alberta",34.54.8,v44401879
2009,0.00,"Calgary, Alberta",34.54.8,v44401879
2010,0.00,"Calgary, Alberta",34.54.8,v44401879
2011,0.00,"Calgary, Alberta",34.54.8,v44401879
2012,0.00,"Calgary, Alberta",34.54.8,v44401879
2013,0.00,"Calgary, Alberta",34.54.8,v44401879
2014,0.00,"Calgary, Alberta",34.54.8,v44401879
2015,0.00,"Calgary, Alberta",34.54.8,v44401879
2006,..,"Edmonton, Alberta",35.54.8,v44363033
2007,0.00,"Edmonton, Alberta",35.54.8,v44363033
2008,0.00,"Edmonton, Alberta",35.54.8,v44363033
2009,0.10,"Edmonton, Alberta",35.54.8,v44363033
2010,0.00,"Edmonton, Alberta",35.54.8,v44363033
2011,0.10,"Edmonton, Alberta",35.54.8,v44363033
2012,0.09,"Edmonton, Alberta",35.54.8,v44363033
2013,0.00,"Edmonton, Alberta",35.54.8,v44363033
2014,0.00,"Edmonton, Alberta",35.54.8,v44363033
2015,0.09,"Edmonton, Alberta",35.54.8,v44363033
2006,..,"British Columbia",36.54.8,v44364524
2007,0.00,"British Columbia",36.54.8,v44364524
2008,0.03,"British Columbia",36.54.8,v44364524
2009,0.10,"British Columbia",36.54.8,v44364524
2010,0.00,"British Columbia",36.54.8,v44364524
2011,0.05,"British Columbia",36.54.8,v44364524
2012,0.02,"British Columbia",36.54.8,v44364524
2013,0.02,"British Columbia",36.54.8,v44364524
2014,0.00,"British Columbia",36.54.8,v44364524
2015,0.02,"British Columbia",36.54.8,v44364524
2006,..,"Kelowna, British Columbia",48.54.8,v62141530
2007,0.00,"Kelowna, British Columbia",48.54.8,v62141530
2008,0.00,"Kelowna, British Columbia",48.54.8,v62141530
2009,0.00,"Kelowna, British Columbia",48.54.8,v62141530
2010,0.00,"Kelowna, British Columbia",48.54.8,v62141530
2011,0.00,"Kelowna, British Columbia",48.54.8,v62141530
2012,0.00,"Kelowna, British Columbia",48.54.8,v62141530
2013,0.00,"Kelowna, British Columbia",48.54.8,v62141530
2014,0.00,"Kelowna, British Columbia",48.54.8,v62141530
2015,0.00,"Kelowna, British Columbia",48.54.8,v62141530
2006,..,"Abbotsford-Mission, British Columbia",39.54.8,v62113180
2007,0.00,"Abbotsford-Mission, British Columbia",39.54.8,v62113180
2008,0.00,"Abbotsford-Mission, British Columbia",39.54.8,v62113180
2009,0.00,"Abbotsford-Mission, British Columbia",39.54.8,v62113180
2010,0.00,"Abbotsford-Mission, British Columbia",39.54.8,v62113180
2011,0.00,"Abbotsford-Mission, British Columbia",39.54.8,v62113180
2012,0.00,"Abbotsford-Mission, British Columbia",39.54.8,v62113180
2013,0.00,"Abbotsford-Mission, British Columbia",39.54.8,v62113180
2014,0.00,"Abbotsford-Mission, British Columbia",39.54.8,v62113180
2015,0.00,"Abbotsford-Mission, British Columbia",39.54.8,v62113180
2006,..,"Vancouver, British Columbia",37.54.8,v44416695
2007,0.00,"Vancouver, British Columbia",37.54.8,v44416695
2008,0.05,"Vancouver, British Columbia",37.54.8,v44416695
2009,0.10,"Vancouver, British Columbia",37.54.8,v44416695
2010,0.00,"Vancouver, British Columbia",37.54.8,v44416695
2011,0.00,"Vancouver, British Columbia",37.54.8,v44416695
2012,0.00,"Vancouver, British Columbia",37.54.8,v44416695
2013,0.05,"Vancouver, British Columbia",37.54.8,v44416695
2014,0.00,"Vancouver, British Columbia",37.54.8,v44416695
2015,0.00,"Vancouver, British Columbia",37.54.8,v44416695
2006,..,"Victoria, British Columbia",38.54.8,v44417688
2007,0.00,"Victoria, British Columbia",38.54.8,v44417688
2008,0.00,"Victoria, British Columbia",38.54.8,v44417688
2009,0.32,"Victoria, British Columbia",38.54.8,v44417688
2010,0.00,"Victoria, British Columbia",38.54.8,v44417688
2011,0.00,"Victoria, British Columbia",38.54.8,v44417688
2012,0.00,"Victoria, British Columbia",38.54.8,v44417688
2013,0.00,"Victoria, British Columbia",38.54.8,v44417688
2014,0.00,"Victoria, British Columbia",38.54.8,v44417688
2015,0.00,"Victoria, British Columbia",38.54.8,v44417688
2006,..,"Yukon",40.54.8,v44351955
2007,0.00,"Yukon",40.54.8,v44351955
2008,0.00,"Yukon",40.54.8,v44351955
2009,0.00,"Yukon",40.54.8,v44351955
2010,0.00,"Yukon",40.54.8,v44351955
2011,0.00,"Yukon",40.54.8,v44351955
2012,0.00,"Yukon",40.54.8,v44351955
2013,0.00,"Yukon",40.54.8,v44351955
2014,0.00,"Yukon",40.54.8,v44351955
2015,0.00,"Yukon",40.54.8,v44351955
2006,..,"Northwest Territories",41.54.8,v44377722
2007,0.00,"Northwest Territories",41.54.8,v44377722
2008,0.00,"Northwest Territories",41.54.8,v44377722
2009,0.00,"Northwest Territories",41.54.8,v44377722
2010,0.00,"Northwest Territories",41.54.8,v44377722
2011,2.77,"Northwest Territories",41.54.8,v44377722
2012,0.00,"Northwest Territories",41.54.8,v44377722
2013,2.76,"Northwest Territories",41.54.8,v44377722
2014,0.00,"Northwest Territories",41.54.8,v44377722
2015,0.00,"Northwest Territories",41.54.8,v44377722
2006,..,"Nunavut",42.54.8,v44360599
2007,0.00,"Nunavut",42.54.8,v44360599
2008,0.00,"Nunavut",42.54.8,v44360599
2009,0.00,"Nunavut",42.54.8,v44360599
2010,0.00,"Nunavut",42.54.8,v44360599
2011,0.00,"Nunavut",42.54.8,v44360599
2012,0.00,"Nunavut",42.54.8,v44360599
2013,0.00,"Nunavut",42.54.8,v44360599
2014,0.00,"Nunavut",42.54.8,v44360599
2015,0.00,"Nunavut",42.54.8,v44360599
