2006,..,"Canada",1.54.13,v53080943
2007,0.00,"Canada",1.54.13,v53080943
2008,2.00,"Canada",1.54.13,v53080943
2009,0.00,"Canada",1.54.13,v53080943
2010,2.00,"Canada",1.54.13,v53080943
2011,0.00,"Canada",1.54.13,v53080943
2012,0.00,"Canada",1.54.13,v53080943
2013,2.00,"Canada",1.54.13,v53080943
2014,1.00,"Canada",1.54.13,v53080943
2015,0.00,"Canada",1.54.13,v53080943
2006,..,"Newfoundland and Labrador",2.54.13,v53081241
2007,0.00,"Newfoundland and Labrador",2.54.13,v53081241
2008,0.00,"Newfoundland and Labrador",2.54.13,v53081241
2009,0.00,"Newfoundland and Labrador",2.54.13,v53081241
2010,0.00,"Newfoundland and Labrador",2.54.13,v53081241
2011,0.00,"Newfoundland and Labrador",2.54.13,v53081241
2012,0.00,"Newfoundland and Labrador",2.54.13,v53081241
2013,0.00,"Newfoundland and Labrador",2.54.13,v53081241
2014,0.00,"Newfoundland and Labrador",2.54.13,v53081241
2015,0.00,"Newfoundland and Labrador",2.54.13,v53081241
2006,..,"St. John's, Newfoundland and Labrador",3.54.13,v61999785
2007,0.00,"St. John's, Newfoundland and Labrador",3.54.13,v61999785
2008,0.00,"St. John's, Newfoundland and Labrador",3.54.13,v61999785
2009,0.00,"St. John's, Newfoundland and Labrador",3.54.13,v61999785
2010,0.00,"St. John's, Newfoundland and Labrador",3.54.13,v61999785
2011,0.00,"St. John's, Newfoundland and Labrador",3.54.13,v61999785
2012,0.00,"St. John's, Newfoundland and Labrador",3.54.13,v61999785
2013,0.00,"St. John's, Newfoundland and Labrador",3.54.13,v61999785
2014,0.00,"St. John's, Newfoundland and Labrador",3.54.13,v61999785
2015,0.00,"St. John's, Newfoundland and Labrador",3.54.13,v61999785
2006,..,"Prince Edward Island",4.54.13,v62002935
2007,0.00,"Prince Edward Island",4.54.13,v62002935
2008,0.00,"Prince Edward Island",4.54.13,v62002935
2009,0.00,"Prince Edward Island",4.54.13,v62002935
2010,0.00,"Prince Edward Island",4.54.13,v62002935
2011,0.00,"Prince Edward Island",4.54.13,v62002935
2012,0.00,"Prince Edward Island",4.54.13,v62002935
2013,0.00,"Prince Edward Island",4.54.13,v62002935
2014,0.00,"Prince Edward Island",4.54.13,v62002935
2015,0.00,"Prince Edward Island",4.54.13,v62002935
2006,..,"Nova Scotia",5.54.13,v62006085
2007,0.00,"Nova Scotia",5.54.13,v62006085
2008,0.00,"Nova Scotia",5.54.13,v62006085
2009,0.00,"Nova Scotia",5.54.13,v62006085
2010,0.00,"Nova Scotia",5.54.13,v62006085
2011,0.00,"Nova Scotia",5.54.13,v62006085
2012,0.00,"Nova Scotia",5.54.13,v62006085
2013,1.00,"Nova Scotia",5.54.13,v62006085
2014,0.00,"Nova Scotia",5.54.13,v62006085
2015,0.00,"Nova Scotia",5.54.13,v62006085
2006,..,"Halifax, Nova Scotia",6.54.13,v62009235
2007,0.00,"Halifax, Nova Scotia",6.54.13,v62009235
2008,0.00,"Halifax, Nova Scotia",6.54.13,v62009235
2009,0.00,"Halifax, Nova Scotia",6.54.13,v62009235
2010,0.00,"Halifax, Nova Scotia",6.54.13,v62009235
2011,0.00,"Halifax, Nova Scotia",6.54.13,v62009235
2012,0.00,"Halifax, Nova Scotia",6.54.13,v62009235
2013,0.00,"Halifax, Nova Scotia",6.54.13,v62009235
2014,0.00,"Halifax, Nova Scotia",6.54.13,v62009235
2015,0.00,"Halifax, Nova Scotia",6.54.13,v62009235
2006,..,"New Brunswick",7.54.13,v62012385
2007,0.00,"New Brunswick",7.54.13,v62012385
2008,0.00,"New Brunswick",7.54.13,v62012385
2009,0.00,"New Brunswick",7.54.13,v62012385
2010,0.00,"New Brunswick",7.54.13,v62012385
2011,0.00,"New Brunswick",7.54.13,v62012385
2012,0.00,"New Brunswick",7.54.13,v62012385
2013,0.00,"New Brunswick",7.54.13,v62012385
2014,0.00,"New Brunswick",7.54.13,v62012385
2015,0.00,"New Brunswick",7.54.13,v62012385
2006,..,"Moncton, New Brunswick",43.54.13,v62125785
2007,0.00,"Moncton, New Brunswick",43.54.13,v62125785
2008,0.00,"Moncton, New Brunswick",43.54.13,v62125785
2009,0.00,"Moncton, New Brunswick",43.54.13,v62125785
2010,0.00,"Moncton, New Brunswick",43.54.13,v62125785
2011,0.00,"Moncton, New Brunswick",43.54.13,v62125785
2012,0.00,"Moncton, New Brunswick",43.54.13,v62125785
2013,0.00,"Moncton, New Brunswick",43.54.13,v62125785
2014,0.00,"Moncton, New Brunswick",43.54.13,v62125785
2015,0.00,"Moncton, New Brunswick",43.54.13,v62125785
2006,..,"Saint John, New Brunswick",8.54.13,v62015535
2007,0.00,"Saint John, New Brunswick",8.54.13,v62015535
2008,0.00,"Saint John, New Brunswick",8.54.13,v62015535
2009,0.00,"Saint John, New Brunswick",8.54.13,v62015535
2010,0.00,"Saint John, New Brunswick",8.54.13,v62015535
2011,0.00,"Saint John, New Brunswick",8.54.13,v62015535
2012,0.00,"Saint John, New Brunswick",8.54.13,v62015535
2013,0.00,"Saint John, New Brunswick",8.54.13,v62015535
2014,0.00,"Saint John, New Brunswick",8.54.13,v62015535
2015,0.00,"Saint John, New Brunswick",8.54.13,v62015535
2006,..,"Quebec",9.54.13,v53084970
2007,0.00,"Quebec",9.54.13,v53084970
2008,0.00,"Quebec",9.54.13,v53084970
2009,0.00,"Quebec",9.54.13,v53084970
2010,1.00,"Quebec",9.54.13,v53084970
2011,0.00,"Quebec",9.54.13,v53084970
2012,0.00,"Quebec",9.54.13,v53084970
2013,0.00,"Quebec",9.54.13,v53084970
2014,1.00,"Quebec",9.54.13,v53084970
2015,0.00,"Quebec",9.54.13,v53084970
2006,..,"Saguenay, Quebec",10.54.13,v62021835
2007,0.00,"Saguenay, Quebec",10.54.13,v62021835
2008,0.00,"Saguenay, Quebec",10.54.13,v62021835
2009,0.00,"Saguenay, Quebec",10.54.13,v62021835
2010,0.00,"Saguenay, Quebec",10.54.13,v62021835
2011,0.00,"Saguenay, Quebec",10.54.13,v62021835
2012,0.00,"Saguenay, Quebec",10.54.13,v62021835
2013,0.00,"Saguenay, Quebec",10.54.13,v62021835
2014,0.00,"Saguenay, Quebec",10.54.13,v62021835
2015,0.00,"Saguenay, Quebec",10.54.13,v62021835
2006,..,"Sherbrooke, Quebec",12.54.13,v62028135
2007,0.00,"Sherbrooke, Quebec",12.54.13,v62028135
2008,0.00,"Sherbrooke, Quebec",12.54.13,v62028135
2009,0.00,"Sherbrooke, Quebec",12.54.13,v62028135
2010,0.00,"Sherbrooke, Quebec",12.54.13,v62028135
2011,0.00,"Sherbrooke, Quebec",12.54.13,v62028135
2012,0.00,"Sherbrooke, Quebec",12.54.13,v62028135
2013,0.00,"Sherbrooke, Quebec",12.54.13,v62028135
2014,0.00,"Sherbrooke, Quebec",12.54.13,v62028135
2015,0.00,"Sherbrooke, Quebec",12.54.13,v62028135
2006,..,"Ottawa-Gatineau, Quebec part",15.54.13,v62037585
2007,0.00,"Ottawa-Gatineau, Quebec part",15.54.13,v62037585
2008,0.00,"Ottawa-Gatineau, Quebec part",15.54.13,v62037585
2009,0.00,"Ottawa-Gatineau, Quebec part",15.54.13,v62037585
2010,0.00,"Ottawa-Gatineau, Quebec part",15.54.13,v62037585
2011,0.00,"Ottawa-Gatineau, Quebec part",15.54.13,v62037585
2012,0.00,"Ottawa-Gatineau, Quebec part",15.54.13,v62037585
2013,0.00,"Ottawa-Gatineau, Quebec part",15.54.13,v62037585
2014,0.00,"Ottawa-Gatineau, Quebec part",15.54.13,v62037585
2015,0.00,"Ottawa-Gatineau, Quebec part",15.54.13,v62037585
2006,..,"Ontario",16.54.13,v53089584
2007,0.00,"Ontario",16.54.13,v53089584
2008,0.00,"Ontario",16.54.13,v53089584
2009,0.00,"Ontario",16.54.13,v53089584
2010,0.00,"Ontario",16.54.13,v53089584
2011,0.00,"Ontario",16.54.13,v53089584
2012,0.00,"Ontario",16.54.13,v53089584
2013,0.00,"Ontario",16.54.13,v53089584
2014,0.00,"Ontario",16.54.13,v53089584
2015,0.00,"Ontario",16.54.13,v53089584
2006,..,"Ottawa-Gatineau, Ontario/Quebec",17.54.13,v62043885
2007,0.00,"Ottawa-Gatineau, Ontario/Quebec",17.54.13,v62043885
2008,0.00,"Ottawa-Gatineau, Ontario/Quebec",17.54.13,v62043885
2009,0.00,"Ottawa-Gatineau, Ontario/Quebec",17.54.13,v62043885
2010,0.00,"Ottawa-Gatineau, Ontario/Quebec",17.54.13,v62043885
2011,0.00,"Ottawa-Gatineau, Ontario/Quebec",17.54.13,v62043885
2012,0.00,"Ottawa-Gatineau, Ontario/Quebec",17.54.13,v62043885
2013,0.00,"Ottawa-Gatineau, Ontario/Quebec",17.54.13,v62043885
2014,0.00,"Ottawa-Gatineau, Ontario/Quebec",17.54.13,v62043885
2015,0.00,"Ottawa-Gatineau, Ontario/Quebec",17.54.13,v62043885
2006,..,"Ottawa-Gatineau, Ontario part",18.54.13,v62047035
2007,0.00,"Ottawa-Gatineau, Ontario part",18.54.13,v62047035
2008,0.00,"Ottawa-Gatineau, Ontario part",18.54.13,v62047035
2009,0.00,"Ottawa-Gatineau, Ontario part",18.54.13,v62047035
2010,0.00,"Ottawa-Gatineau, Ontario part",18.54.13,v62047035
2011,0.00,"Ottawa-Gatineau, Ontario part",18.54.13,v62047035
2012,0.00,"Ottawa-Gatineau, Ontario part",18.54.13,v62047035
2013,0.00,"Ottawa-Gatineau, Ontario part",18.54.13,v62047035
2014,0.00,"Ottawa-Gatineau, Ontario part",18.54.13,v62047035
2015,0.00,"Ottawa-Gatineau, Ontario part",18.54.13,v62047035
2006,..,"Kingston, Ontario",27.54.13,v62075385
2007,0.00,"Kingston, Ontario",27.54.13,v62075385
2008,0.00,"Kingston, Ontario",27.54.13,v62075385
2009,0.00,"Kingston, Ontario",27.54.13,v62075385
2010,0.00,"Kingston, Ontario",27.54.13,v62075385
2011,0.00,"Kingston, Ontario",27.54.13,v62075385
2012,0.00,"Kingston, Ontario",27.54.13,v62075385
2013,0.00,"Kingston, Ontario",27.54.13,v62075385
2014,0.00,"Kingston, Ontario",27.54.13,v62075385
2015,0.00,"Kingston, Ontario",27.54.13,v62075385
2006,..,"Peterborough, Ontario",44.54.13,v62128935
2007,0.00,"Peterborough, Ontario",44.54.13,v62128935
2008,0.00,"Peterborough, Ontario",44.54.13,v62128935
2009,0.00,"Peterborough, Ontario",44.54.13,v62128935
2010,0.00,"Peterborough, Ontario",44.54.13,v62128935
2011,0.00,"Peterborough, Ontario",44.54.13,v62128935
2012,0.00,"Peterborough, Ontario",44.54.13,v62128935
2013,0.00,"Peterborough, Ontario",44.54.13,v62128935
2014,0.00,"Peterborough, Ontario",44.54.13,v62128935
2015,0.00,"Peterborough, Ontario",44.54.13,v62128935
2006,..,"Toronto, Ontario",19.54.13,v53092400
2007,0.00,"Toronto, Ontario",19.54.13,v53092400
2008,0.00,"Toronto, Ontario",19.54.13,v53092400
2009,0.00,"Toronto, Ontario",19.54.13,v53092400
2010,0.00,"Toronto, Ontario",19.54.13,v53092400
2011,0.00,"Toronto, Ontario",19.54.13,v53092400
2012,0.00,"Toronto, Ontario",19.54.13,v53092400
2013,0.00,"Toronto, Ontario",19.54.13,v53092400
2014,0.00,"Toronto, Ontario",19.54.13,v53092400
2015,0.00,"Toronto, Ontario",19.54.13,v53092400
2006,..,"Hamilton, Ontario",20.54.13,v62053335
2007,0.00,"Hamilton, Ontario",20.54.13,v62053335
2008,0.00,"Hamilton, Ontario",20.54.13,v62053335
2009,0.00,"Hamilton, Ontario",20.54.13,v62053335
2010,0.00,"Hamilton, Ontario",20.54.13,v62053335
2011,0.00,"Hamilton, Ontario",20.54.13,v62053335
2012,0.00,"Hamilton, Ontario",20.54.13,v62053335
2013,0.00,"Hamilton, Ontario",20.54.13,v62053335
2014,0.00,"Hamilton, Ontario",20.54.13,v62053335
2015,0.00,"Hamilton, Ontario",20.54.13,v62053335
2006,..,"St.Catharines-Niagara, Ontario",21.54.13,v62056485
2007,0.00,"St.Catharines-Niagara, Ontario",21.54.13,v62056485
2008,0.00,"St.Catharines-Niagara, Ontario",21.54.13,v62056485
2009,0.00,"St.Catharines-Niagara, Ontario",21.54.13,v62056485
2010,0.00,"St.Catharines-Niagara, Ontario",21.54.13,v62056485
2011,0.00,"St.Catharines-Niagara, Ontario",21.54.13,v62056485
2012,0.00,"St.Catharines-Niagara, Ontario",21.54.13,v62056485
2013,0.00,"St.Catharines-Niagara, Ontario",21.54.13,v62056485
2014,0.00,"St.Catharines-Niagara, Ontario",21.54.13,v62056485
2015,0.00,"St.Catharines-Niagara, Ontario",21.54.13,v62056485
2006,..,"Kitchener-Cambridge-Waterloo, Ontario",22.54.13,v62059635
2007,0.00,"Kitchener-Cambridge-Waterloo, Ontario",22.54.13,v62059635
2008,0.00,"Kitchener-Cambridge-Waterloo, Ontario",22.54.13,v62059635
2009,0.00,"Kitchener-Cambridge-Waterloo, Ontario",22.54.13,v62059635
2010,0.00,"Kitchener-Cambridge-Waterloo, Ontario",22.54.13,v62059635
2011,0.00,"Kitchener-Cambridge-Waterloo, Ontario",22.54.13,v62059635
2012,0.00,"Kitchener-Cambridge-Waterloo, Ontario",22.54.13,v62059635
2013,0.00,"Kitchener-Cambridge-Waterloo, Ontario",22.54.13,v62059635
2014,0.00,"Kitchener-Cambridge-Waterloo, Ontario",22.54.13,v62059635
2015,0.00,"Kitchener-Cambridge-Waterloo, Ontario",22.54.13,v62059635
2006,..,"Brantford, Ontario",45.54.13,v62132085
2007,0.00,"Brantford, Ontario",45.54.13,v62132085
2008,0.00,"Brantford, Ontario",45.54.13,v62132085
2009,0.00,"Brantford, Ontario",45.54.13,v62132085
2010,0.00,"Brantford, Ontario",45.54.13,v62132085
2011,0.00,"Brantford, Ontario",45.54.13,v62132085
2012,0.00,"Brantford, Ontario",45.54.13,v62132085
2013,0.00,"Brantford, Ontario",45.54.13,v62132085
2014,0.00,"Brantford, Ontario",45.54.13,v62132085
2015,0.00,"Brantford, Ontario",45.54.13,v62132085
2006,..,"Guelph, Ontario",46.54.13,v62135235
2007,0.00,"Guelph, Ontario",46.54.13,v62135235
2008,0.00,"Guelph, Ontario",46.54.13,v62135235
2009,0.00,"Guelph, Ontario",46.54.13,v62135235
2010,0.00,"Guelph, Ontario",46.54.13,v62135235
2011,0.00,"Guelph, Ontario",46.54.13,v62135235
2012,0.00,"Guelph, Ontario",46.54.13,v62135235
2013,0.00,"Guelph, Ontario",46.54.13,v62135235
2014,0.00,"Guelph, Ontario",46.54.13,v62135235
2015,0.00,"Guelph, Ontario",46.54.13,v62135235
2006,..,"London, Ontario",23.54.13,v62062785
2007,0.00,"London, Ontario",23.54.13,v62062785
2008,0.00,"London, Ontario",23.54.13,v62062785
2009,0.00,"London, Ontario",23.54.13,v62062785
2010,0.00,"London, Ontario",23.54.13,v62062785
2011,0.00,"London, Ontario",23.54.13,v62062785
2012,0.00,"London, Ontario",23.54.13,v62062785
2013,0.00,"London, Ontario",23.54.13,v62062785
2014,0.00,"London, Ontario",23.54.13,v62062785
2015,0.00,"London, Ontario",23.54.13,v62062785
2006,..,"Windsor, Ontario",24.54.13,v53105614
2007,0.00,"Windsor, Ontario",24.54.13,v53105614
2008,0.00,"Windsor, Ontario",24.54.13,v53105614
2009,0.00,"Windsor, Ontario",24.54.13,v53105614
2010,0.00,"Windsor, Ontario",24.54.13,v53105614
2011,0.00,"Windsor, Ontario",24.54.13,v53105614
2012,0.00,"Windsor, Ontario",24.54.13,v53105614
2013,0.00,"Windsor, Ontario",24.54.13,v53105614
2014,0.00,"Windsor, Ontario",24.54.13,v53105614
2015,0.00,"Windsor, Ontario",24.54.13,v53105614
2006,..,"Barrie, Ontario",47.54.13,v62138385
2007,0.00,"Barrie, Ontario",47.54.13,v62138385
2008,0.00,"Barrie, Ontario",47.54.13,v62138385
2009,0.00,"Barrie, Ontario",47.54.13,v62138385
2010,0.00,"Barrie, Ontario",47.54.13,v62138385
2011,0.00,"Barrie, Ontario",47.54.13,v62138385
2012,0.00,"Barrie, Ontario",47.54.13,v62138385
2013,0.00,"Barrie, Ontario",47.54.13,v62138385
2014,0.00,"Barrie, Ontario",47.54.13,v62138385
2015,0.00,"Barrie, Ontario",47.54.13,v62138385
2006,..,"Sudbury, Ontario",25.54.13,v62069085
2007,0.00,"Sudbury, Ontario",25.54.13,v62069085
2008,0.00,"Sudbury, Ontario",25.54.13,v62069085
2009,0.00,"Sudbury, Ontario",25.54.13,v62069085
2010,0.00,"Sudbury, Ontario",25.54.13,v62069085
2011,0.00,"Sudbury, Ontario",25.54.13,v62069085
2012,0.00,"Sudbury, Ontario",25.54.13,v62069085
2013,0.00,"Sudbury, Ontario",25.54.13,v62069085
2014,0.00,"Sudbury, Ontario",25.54.13,v62069085
2015,0.00,"Sudbury, Ontario",25.54.13,v62069085
2006,..,"Thunder Bay, Ontario",26.54.13,v62072235
2007,0.00,"Thunder Bay, Ontario",26.54.13,v62072235
2008,0.00,"Thunder Bay, Ontario",26.54.13,v62072235
2009,0.00,"Thunder Bay, Ontario",26.54.13,v62072235
2010,0.00,"Thunder Bay, Ontario",26.54.13,v62072235
2011,0.00,"Thunder Bay, Ontario",26.54.13,v62072235
2012,0.00,"Thunder Bay, Ontario",26.54.13,v62072235
2013,0.00,"Thunder Bay, Ontario",26.54.13,v62072235
2014,0.00,"Thunder Bay, Ontario",26.54.13,v62072235
2015,0.00,"Thunder Bay, Ontario",26.54.13,v62072235
2006,..,"Manitoba",28.54.13,v53122603
2007,0.00,"Manitoba",28.54.13,v53122603
2008,1.00,"Manitoba",28.54.13,v53122603
2009,0.00,"Manitoba",28.54.13,v53122603
2010,0.00,"Manitoba",28.54.13,v53122603
2011,0.00,"Manitoba",28.54.13,v53122603
2012,0.00,"Manitoba",28.54.13,v53122603
2013,0.00,"Manitoba",28.54.13,v53122603
2014,0.00,"Manitoba",28.54.13,v53122603
2015,0.00,"Manitoba",28.54.13,v53122603
2006,..,"Winnipeg, Manitoba",29.54.13,v62081685
2007,0.00,"Winnipeg, Manitoba",29.54.13,v62081685
2008,0.00,"Winnipeg, Manitoba",29.54.13,v62081685
2009,0.00,"Winnipeg, Manitoba",29.54.13,v62081685
2010,0.00,"Winnipeg, Manitoba",29.54.13,v62081685
2011,0.00,"Winnipeg, Manitoba",29.54.13,v62081685
2012,0.00,"Winnipeg, Manitoba",29.54.13,v62081685
2013,0.00,"Winnipeg, Manitoba",29.54.13,v62081685
2014,0.00,"Winnipeg, Manitoba",29.54.13,v62081685
2015,0.00,"Winnipeg, Manitoba",29.54.13,v62081685
2006,..,"Saskatchewan",30.54.13,v53096124
2007,0.00,"Saskatchewan",30.54.13,v53096124
2008,0.00,"Saskatchewan",30.54.13,v53096124
2009,0.00,"Saskatchewan",30.54.13,v53096124
2010,0.00,"Saskatchewan",30.54.13,v53096124
2011,0.00,"Saskatchewan",30.54.13,v53096124
2012,0.00,"Saskatchewan",30.54.13,v53096124
2013,0.00,"Saskatchewan",30.54.13,v53096124
2014,0.00,"Saskatchewan",30.54.13,v53096124
2015,0.00,"Saskatchewan",30.54.13,v53096124
2006,..,"Regina, Saskatchewan",31.54.13,v62087985
2007,0.00,"Regina, Saskatchewan",31.54.13,v62087985
2008,0.00,"Regina, Saskatchewan",31.54.13,v62087985
2009,0.00,"Regina, Saskatchewan",31.54.13,v62087985
2010,0.00,"Regina, Saskatchewan",31.54.13,v62087985
2011,0.00,"Regina, Saskatchewan",31.54.13,v62087985
2012,0.00,"Regina, Saskatchewan",31.54.13,v62087985
2013,0.00,"Regina, Saskatchewan",31.54.13,v62087985
2014,0.00,"Regina, Saskatchewan",31.54.13,v62087985
2015,0.00,"Regina, Saskatchewan",31.54.13,v62087985
2006,..,"Saskatoon, Saskatchewan",32.54.13,v62091135
2007,0.00,"Saskatoon, Saskatchewan",32.54.13,v62091135
2008,0.00,"Saskatoon, Saskatchewan",32.54.13,v62091135
2009,0.00,"Saskatoon, Saskatchewan",32.54.13,v62091135
2010,0.00,"Saskatoon, Saskatchewan",32.54.13,v62091135
2011,0.00,"Saskatoon, Saskatchewan",32.54.13,v62091135
2012,0.00,"Saskatoon, Saskatchewan",32.54.13,v62091135
2013,0.00,"Saskatoon, Saskatchewan",32.54.13,v62091135
2014,0.00,"Saskatoon, Saskatchewan",32.54.13,v62091135
2015,0.00,"Saskatoon, Saskatchewan",32.54.13,v62091135
2006,..,"Alberta",33.54.13,v53091647
2007,0.00,"Alberta",33.54.13,v53091647
2008,0.00,"Alberta",33.54.13,v53091647
2009,0.00,"Alberta",33.54.13,v53091647
2010,1.00,"Alberta",33.54.13,v53091647
2011,0.00,"Alberta",33.54.13,v53091647
2012,0.00,"Alberta",33.54.13,v53091647
2013,1.00,"Alberta",33.54.13,v53091647
2014,0.00,"Alberta",33.54.13,v53091647
2015,0.00,"Alberta",33.54.13,v53091647
2006,..,"Calgary, Alberta",34.54.13,v62097435
2007,0.00,"Calgary, Alberta",34.54.13,v62097435
2008,0.00,"Calgary, Alberta",34.54.13,v62097435
2009,0.00,"Calgary, Alberta",34.54.13,v62097435
2010,0.00,"Calgary, Alberta",34.54.13,v62097435
2011,0.00,"Calgary, Alberta",34.54.13,v62097435
2012,0.00,"Calgary, Alberta",34.54.13,v62097435
2013,0.00,"Calgary, Alberta",34.54.13,v62097435
2014,0.00,"Calgary, Alberta",34.54.13,v62097435
2015,0.00,"Calgary, Alberta",34.54.13,v62097435
2006,..,"Edmonton, Alberta",35.54.13,v53097253
2007,0.00,"Edmonton, Alberta",35.54.13,v53097253
2008,0.00,"Edmonton, Alberta",35.54.13,v53097253
2009,0.00,"Edmonton, Alberta",35.54.13,v53097253
2010,0.00,"Edmonton, Alberta",35.54.13,v53097253
2011,0.00,"Edmonton, Alberta",35.54.13,v53097253
2012,0.00,"Edmonton, Alberta",35.54.13,v53097253
2013,1.00,"Edmonton, Alberta",35.54.13,v53097253
2014,0.00,"Edmonton, Alberta",35.54.13,v53097253
2015,0.00,"Edmonton, Alberta",35.54.13,v53097253
2006,..,"British Columbia",36.54.13,v53097474
2007,0.00,"British Columbia",36.54.13,v53097474
2008,1.00,"British Columbia",36.54.13,v53097474
2009,0.00,"British Columbia",36.54.13,v53097474
2010,0.00,"British Columbia",36.54.13,v53097474
2011,0.00,"British Columbia",36.54.13,v53097474
2012,0.00,"British Columbia",36.54.13,v53097474
2013,0.00,"British Columbia",36.54.13,v53097474
2014,0.00,"British Columbia",36.54.13,v53097474
2015,0.00,"British Columbia",36.54.13,v53097474
2006,..,"Kelowna, British Columbia",48.54.13,v62141535
2007,0.00,"Kelowna, British Columbia",48.54.13,v62141535
2008,0.00,"Kelowna, British Columbia",48.54.13,v62141535
2009,0.00,"Kelowna, British Columbia",48.54.13,v62141535
2010,0.00,"Kelowna, British Columbia",48.54.13,v62141535
2011,0.00,"Kelowna, British Columbia",48.54.13,v62141535
2012,0.00,"Kelowna, British Columbia",48.54.13,v62141535
2013,0.00,"Kelowna, British Columbia",48.54.13,v62141535
2014,0.00,"Kelowna, British Columbia",48.54.13,v62141535
2015,0.00,"Kelowna, British Columbia",48.54.13,v62141535
2006,..,"Abbotsford-Mission, British Columbia",39.54.13,v62113185
2007,0.00,"Abbotsford-Mission, British Columbia",39.54.13,v62113185
2008,0.00,"Abbotsford-Mission, British Columbia",39.54.13,v62113185
2009,0.00,"Abbotsford-Mission, British Columbia",39.54.13,v62113185
2010,0.00,"Abbotsford-Mission, British Columbia",39.54.13,v62113185
2011,0.00,"Abbotsford-Mission, British Columbia",39.54.13,v62113185
2012,0.00,"Abbotsford-Mission, British Columbia",39.54.13,v62113185
2013,0.00,"Abbotsford-Mission, British Columbia",39.54.13,v62113185
2014,0.00,"Abbotsford-Mission, British Columbia",39.54.13,v62113185
2015,0.00,"Abbotsford-Mission, British Columbia",39.54.13,v62113185
2006,..,"Vancouver, British Columbia",37.54.13,v53093483
2007,0.00,"Vancouver, British Columbia",37.54.13,v53093483
2008,0.00,"Vancouver, British Columbia",37.54.13,v53093483
2009,0.00,"Vancouver, British Columbia",37.54.13,v53093483
2010,0.00,"Vancouver, British Columbia",37.54.13,v53093483
2011,0.00,"Vancouver, British Columbia",37.54.13,v53093483
2012,0.00,"Vancouver, British Columbia",37.54.13,v53093483
2013,0.00,"Vancouver, British Columbia",37.54.13,v53093483
2014,0.00,"Vancouver, British Columbia",37.54.13,v53093483
2015,0.00,"Vancouver, British Columbia",37.54.13,v53093483
2006,..,"Victoria, British Columbia",38.54.13,v53093588
2007,0.00,"Victoria, British Columbia",38.54.13,v53093588
2008,0.00,"Victoria, British Columbia",38.54.13,v53093588
2009,0.00,"Victoria, British Columbia",38.54.13,v53093588
2010,0.00,"Victoria, British Columbia",38.54.13,v53093588
2011,0.00,"Victoria, British Columbia",38.54.13,v53093588
2012,0.00,"Victoria, British Columbia",38.54.13,v53093588
2013,0.00,"Victoria, British Columbia",38.54.13,v53093588
2014,0.00,"Victoria, British Columbia",38.54.13,v53093588
2015,0.00,"Victoria, British Columbia",38.54.13,v53093588
2006,..,"Yukon",40.54.13,v62116335
2007,0.00,"Yukon",40.54.13,v62116335
2008,0.00,"Yukon",40.54.13,v62116335
2009,0.00,"Yukon",40.54.13,v62116335
2010,0.00,"Yukon",40.54.13,v62116335
2011,0.00,"Yukon",40.54.13,v62116335
2012,0.00,"Yukon",40.54.13,v62116335
2013,0.00,"Yukon",40.54.13,v62116335
2014,0.00,"Yukon",40.54.13,v62116335
2015,0.00,"Yukon",40.54.13,v62116335
2006,..,"Northwest Territories",41.54.13,v62119485
2007,0.00,"Northwest Territories",41.54.13,v62119485
2008,0.00,"Northwest Territories",41.54.13,v62119485
2009,0.00,"Northwest Territories",41.54.13,v62119485
2010,0.00,"Northwest Territories",41.54.13,v62119485
2011,0.00,"Northwest Territories",41.54.13,v62119485
2012,0.00,"Northwest Territories",41.54.13,v62119485
2013,0.00,"Northwest Territories",41.54.13,v62119485
2014,0.00,"Northwest Territories",41.54.13,v62119485
2015,0.00,"Northwest Territories",41.54.13,v62119485
2006,..,"Nunavut",42.54.13,v62122635
2007,0.00,"Nunavut",42.54.13,v62122635
2008,0.00,"Nunavut",42.54.13,v62122635
2009,0.00,"Nunavut",42.54.13,v62122635
2010,0.00,"Nunavut",42.54.13,v62122635
2011,0.00,"Nunavut",42.54.13,v62122635
2012,0.00,"Nunavut",42.54.13,v62122635
2013,0.00,"Nunavut",42.54.13,v62122635
2014,0.00,"Nunavut",42.54.13,v62122635
2015,0.00,"Nunavut",42.54.13,v62122635
2006,..,"Canada",1.54.13,v53080943
2007,0.00,"Canada",1.54.13,v53080943
2008,2.00,"Canada",1.54.13,v53080943
2009,0.00,"Canada",1.54.13,v53080943
2010,2.00,"Canada",1.54.13,v53080943
2011,0.00,"Canada",1.54.13,v53080943
2012,0.00,"Canada",1.54.13,v53080943
2013,2.00,"Canada",1.54.13,v53080943
2014,1.00,"Canada",1.54.13,v53080943
2015,0.00,"Canada",1.54.13,v53080943
2006,..,"Newfoundland and Labrador",2.54.13,v53081241
2007,0.00,"Newfoundland and Labrador",2.54.13,v53081241
2008,0.00,"Newfoundland and Labrador",2.54.13,v53081241
2009,0.00,"Newfoundland and Labrador",2.54.13,v53081241
2010,0.00,"Newfoundland and Labrador",2.54.13,v53081241
2011,0.00,"Newfoundland and Labrador",2.54.13,v53081241
2012,0.00,"Newfoundland and Labrador",2.54.13,v53081241
2013,0.00,"Newfoundland and Labrador",2.54.13,v53081241
2014,0.00,"Newfoundland and Labrador",2.54.13,v53081241
2015,0.00,"Newfoundland and Labrador",2.54.13,v53081241
2006,..,"St. John's, Newfoundland and Labrador",3.54.13,v61999785
2007,0.00,"St. John's, Newfoundland and Labrador",3.54.13,v61999785
2008,0.00,"St. John's, Newfoundland and Labrador",3.54.13,v61999785
2009,0.00,"St. John's, Newfoundland and Labrador",3.54.13,v61999785
2010,0.00,"St. John's, Newfoundland and Labrador",3.54.13,v61999785
2011,0.00,"St. John's, Newfoundland and Labrador",3.54.13,v61999785
2012,0.00,"St. John's, Newfoundland and Labrador",3.54.13,v61999785
2013,0.00,"St. John's, Newfoundland and Labrador",3.54.13,v61999785
2014,0.00,"St. John's, Newfoundland and Labrador",3.54.13,v61999785
2015,0.00,"St. John's, Newfoundland and Labrador",3.54.13,v61999785
2006,..,"Prince Edward Island",4.54.13,v62002935
2007,0.00,"Prince Edward Island",4.54.13,v62002935
2008,0.00,"Prince Edward Island",4.54.13,v62002935
2009,0.00,"Prince Edward Island",4.54.13,v62002935
2010,0.00,"Prince Edward Island",4.54.13,v62002935
2011,0.00,"Prince Edward Island",4.54.13,v62002935
2012,0.00,"Prince Edward Island",4.54.13,v62002935
2013,0.00,"Prince Edward Island",4.54.13,v62002935
2014,0.00,"Prince Edward Island",4.54.13,v62002935
2015,0.00,"Prince Edward Island",4.54.13,v62002935
2006,..,"Nova Scotia",5.54.13,v62006085
2007,0.00,"Nova Scotia",5.54.13,v62006085
2008,0.00,"Nova Scotia",5.54.13,v62006085
2009,0.00,"Nova Scotia",5.54.13,v62006085
2010,0.00,"Nova Scotia",5.54.13,v62006085
2011,0.00,"Nova Scotia",5.54.13,v62006085
2012,0.00,"Nova Scotia",5.54.13,v62006085
2013,1.00,"Nova Scotia",5.54.13,v62006085
2014,0.00,"Nova Scotia",5.54.13,v62006085
2015,0.00,"Nova Scotia",5.54.13,v62006085
2006,..,"Halifax, Nova Scotia",6.54.13,v62009235
2007,0.00,"Halifax, Nova Scotia",6.54.13,v62009235
2008,0.00,"Halifax, Nova Scotia",6.54.13,v62009235
2009,0.00,"Halifax, Nova Scotia",6.54.13,v62009235
2010,0.00,"Halifax, Nova Scotia",6.54.13,v62009235
2011,0.00,"Halifax, Nova Scotia",6.54.13,v62009235
2012,0.00,"Halifax, Nova Scotia",6.54.13,v62009235
2013,0.00,"Halifax, Nova Scotia",6.54.13,v62009235
2014,0.00,"Halifax, Nova Scotia",6.54.13,v62009235
2015,0.00,"Halifax, Nova Scotia",6.54.13,v62009235
2006,..,"New Brunswick",7.54.13,v62012385
2007,0.00,"New Brunswick",7.54.13,v62012385
2008,0.00,"New Brunswick",7.54.13,v62012385
2009,0.00,"New Brunswick",7.54.13,v62012385
2010,0.00,"New Brunswick",7.54.13,v62012385
2011,0.00,"New Brunswick",7.54.13,v62012385
2012,0.00,"New Brunswick",7.54.13,v62012385
2013,0.00,"New Brunswick",7.54.13,v62012385
2014,0.00,"New Brunswick",7.54.13,v62012385
2015,0.00,"New Brunswick",7.54.13,v62012385
2006,..,"Moncton, New Brunswick",43.54.13,v62125785
2007,0.00,"Moncton, New Brunswick",43.54.13,v62125785
2008,0.00,"Moncton, New Brunswick",43.54.13,v62125785
2009,0.00,"Moncton, New Brunswick",43.54.13,v62125785
2010,0.00,"Moncton, New Brunswick",43.54.13,v62125785
2011,0.00,"Moncton, New Brunswick",43.54.13,v62125785
2012,0.00,"Moncton, New Brunswick",43.54.13,v62125785
2013,0.00,"Moncton, New Brunswick",43.54.13,v62125785
2014,0.00,"Moncton, New Brunswick",43.54.13,v62125785
2015,0.00,"Moncton, New Brunswick",43.54.13,v62125785
2006,..,"Saint John, New Brunswick",8.54.13,v62015535
2007,0.00,"Saint John, New Brunswick",8.54.13,v62015535
2008,0.00,"Saint John, New Brunswick",8.54.13,v62015535
2009,0.00,"Saint John, New Brunswick",8.54.13,v62015535
2010,0.00,"Saint John, New Brunswick",8.54.13,v62015535
2011,0.00,"Saint John, New Brunswick",8.54.13,v62015535
2012,0.00,"Saint John, New Brunswick",8.54.13,v62015535
2013,0.00,"Saint John, New Brunswick",8.54.13,v62015535
2014,0.00,"Saint John, New Brunswick",8.54.13,v62015535
2015,0.00,"Saint John, New Brunswick",8.54.13,v62015535
2006,..,"Quebec",9.54.13,v53084970
2007,0.00,"Quebec",9.54.13,v53084970
2008,0.00,"Quebec",9.54.13,v53084970
2009,0.00,"Quebec",9.54.13,v53084970
2010,1.00,"Quebec",9.54.13,v53084970
2011,0.00,"Quebec",9.54.13,v53084970
2012,0.00,"Quebec",9.54.13,v53084970
2013,0.00,"Quebec",9.54.13,v53084970
2014,1.00,"Quebec",9.54.13,v53084970
2015,0.00,"Quebec",9.54.13,v53084970
2006,..,"Saguenay, Quebec",10.54.13,v62021835
2007,0.00,"Saguenay, Quebec",10.54.13,v62021835
2008,0.00,"Saguenay, Quebec",10.54.13,v62021835
2009,0.00,"Saguenay, Quebec",10.54.13,v62021835
2010,0.00,"Saguenay, Quebec",10.54.13,v62021835
2011,0.00,"Saguenay, Quebec",10.54.13,v62021835
2012,0.00,"Saguenay, Quebec",10.54.13,v62021835
2013,0.00,"Saguenay, Quebec",10.54.13,v62021835
2014,0.00,"Saguenay, Quebec",10.54.13,v62021835
2015,0.00,"Saguenay, Quebec",10.54.13,v62021835
2006,..,"Quebec, Quebec",11.54.13,v62024985
2007,0.00,"Quebec, Quebec",11.54.13,v62024985
2008,0.00,"Quebec, Quebec",11.54.13,v62024985
2009,0.00,"Quebec, Quebec",11.54.13,v62024985
2010,0.00,"Quebec, Quebec",11.54.13,v62024985
2011,0.00,"Quebec, Quebec",11.54.13,v62024985
2012,0.00,"Quebec, Quebec",11.54.13,v62024985
2013,0.00,"Quebec, Quebec",11.54.13,v62024985
2014,0.00,"Quebec, Quebec",11.54.13,v62024985
2015,0.00,"Quebec, Quebec",11.54.13,v62024985
2006,..,"Sherbrooke, Quebec",12.54.13,v62028135
2007,0.00,"Sherbrooke, Quebec",12.54.13,v62028135
2008,0.00,"Sherbrooke, Quebec",12.54.13,v62028135
2009,0.00,"Sherbrooke, Quebec",12.54.13,v62028135
2010,0.00,"Sherbrooke, Quebec",12.54.13,v62028135
2011,0.00,"Sherbrooke, Quebec",12.54.13,v62028135
2012,0.00,"Sherbrooke, Quebec",12.54.13,v62028135
2013,0.00,"Sherbrooke, Quebec",12.54.13,v62028135
2014,0.00,"Sherbrooke, Quebec",12.54.13,v62028135
2015,0.00,"Sherbrooke, Quebec",12.54.13,v62028135
2006,..,"Montreal, Quebec",14.54.13,v53085378
2007,0.00,"Montreal, Quebec",14.54.13,v53085378
2008,0.00,"Montreal, Quebec",14.54.13,v53085378
2009,0.00,"Montreal, Quebec",14.54.13,v53085378
2010,0.00,"Montreal, Quebec",14.54.13,v53085378
2011,0.00,"Montreal, Quebec",14.54.13,v53085378
2012,0.00,"Montreal, Quebec",14.54.13,v53085378
2013,0.00,"Montreal, Quebec",14.54.13,v53085378
2014,0.00,"Montreal, Quebec",14.54.13,v53085378
2015,0.00,"Montreal, Quebec",14.54.13,v53085378
2006,..,"Ottawa-Gatineau, Quebec part",15.54.13,v62037585
2007,0.00,"Ottawa-Gatineau, Quebec part",15.54.13,v62037585
2008,0.00,"Ottawa-Gatineau, Quebec part",15.54.13,v62037585
2009,0.00,"Ottawa-Gatineau, Quebec part",15.54.13,v62037585
2010,0.00,"Ottawa-Gatineau, Quebec part",15.54.13,v62037585
2011,0.00,"Ottawa-Gatineau, Quebec part",15.54.13,v62037585
2012,0.00,"Ottawa-Gatineau, Quebec part",15.54.13,v62037585
2013,0.00,"Ottawa-Gatineau, Quebec part",15.54.13,v62037585
2014,0.00,"Ottawa-Gatineau, Quebec part",15.54.13,v62037585
2015,0.00,"Ottawa-Gatineau, Quebec part",15.54.13,v62037585
2006,..,"Ontario",16.54.13,v53089584
2007,0.00,"Ontario",16.54.13,v53089584
2008,0.00,"Ontario",16.54.13,v53089584
2009,0.00,"Ontario",16.54.13,v53089584
2010,0.00,"Ontario",16.54.13,v53089584
2011,0.00,"Ontario",16.54.13,v53089584
2012,0.00,"Ontario",16.54.13,v53089584
2013,0.00,"Ontario",16.54.13,v53089584
2014,0.00,"Ontario",16.54.13,v53089584
2015,0.00,"Ontario",16.54.13,v53089584
2006,..,"Ottawa-Gatineau, Ontario/Quebec",17.54.13,v62043885
2007,0.00,"Ottawa-Gatineau, Ontario/Quebec",17.54.13,v62043885
2008,0.00,"Ottawa-Gatineau, Ontario/Quebec",17.54.13,v62043885
2009,0.00,"Ottawa-Gatineau, Ontario/Quebec",17.54.13,v62043885
2010,0.00,"Ottawa-Gatineau, Ontario/Quebec",17.54.13,v62043885
2011,0.00,"Ottawa-Gatineau, Ontario/Quebec",17.54.13,v62043885
2012,0.00,"Ottawa-Gatineau, Ontario/Quebec",17.54.13,v62043885
2013,0.00,"Ottawa-Gatineau, Ontario/Quebec",17.54.13,v62043885
2014,0.00,"Ottawa-Gatineau, Ontario/Quebec",17.54.13,v62043885
2015,0.00,"Ottawa-Gatineau, Ontario/Quebec",17.54.13,v62043885
2006,..,"Ottawa-Gatineau, Ontario part",18.54.13,v62047035
2007,0.00,"Ottawa-Gatineau, Ontario part",18.54.13,v62047035
2008,0.00,"Ottawa-Gatineau, Ontario part",18.54.13,v62047035
2009,0.00,"Ottawa-Gatineau, Ontario part",18.54.13,v62047035
2010,0.00,"Ottawa-Gatineau, Ontario part",18.54.13,v62047035
2011,0.00,"Ottawa-Gatineau, Ontario part",18.54.13,v62047035
2012,0.00,"Ottawa-Gatineau, Ontario part",18.54.13,v62047035
2013,0.00,"Ottawa-Gatineau, Ontario part",18.54.13,v62047035
2014,0.00,"Ottawa-Gatineau, Ontario part",18.54.13,v62047035
2015,0.00,"Ottawa-Gatineau, Ontario part",18.54.13,v62047035
2006,..,"Kingston, Ontario",27.54.13,v62075385
2007,0.00,"Kingston, Ontario",27.54.13,v62075385
2008,0.00,"Kingston, Ontario",27.54.13,v62075385
2009,0.00,"Kingston, Ontario",27.54.13,v62075385
2010,0.00,"Kingston, Ontario",27.54.13,v62075385
2011,0.00,"Kingston, Ontario",27.54.13,v62075385
2012,0.00,"Kingston, Ontario",27.54.13,v62075385
2013,0.00,"Kingston, Ontario",27.54.13,v62075385
2014,0.00,"Kingston, Ontario",27.54.13,v62075385
2015,0.00,"Kingston, Ontario",27.54.13,v62075385
2006,..,"Peterborough, Ontario",44.54.13,v62128935
2007,0.00,"Peterborough, Ontario",44.54.13,v62128935
2008,0.00,"Peterborough, Ontario",44.54.13,v62128935
2009,0.00,"Peterborough, Ontario",44.54.13,v62128935
2010,0.00,"Peterborough, Ontario",44.54.13,v62128935
2011,0.00,"Peterborough, Ontario",44.54.13,v62128935
2012,0.00,"Peterborough, Ontario",44.54.13,v62128935
2013,0.00,"Peterborough, Ontario",44.54.13,v62128935
2014,0.00,"Peterborough, Ontario",44.54.13,v62128935
2015,0.00,"Peterborough, Ontario",44.54.13,v62128935
2006,..,"Toronto, Ontario",19.54.13,v53092400
2007,0.00,"Toronto, Ontario",19.54.13,v53092400
2008,0.00,"Toronto, Ontario",19.54.13,v53092400
2009,0.00,"Toronto, Ontario",19.54.13,v53092400
2010,0.00,"Toronto, Ontario",19.54.13,v53092400
2011,0.00,"Toronto, Ontario",19.54.13,v53092400
2012,0.00,"Toronto, Ontario",19.54.13,v53092400
2013,0.00,"Toronto, Ontario",19.54.13,v53092400
2014,0.00,"Toronto, Ontario",19.54.13,v53092400
2015,0.00,"Toronto, Ontario",19.54.13,v53092400
2006,..,"Hamilton, Ontario",20.54.13,v62053335
2007,0.00,"Hamilton, Ontario",20.54.13,v62053335
2008,0.00,"Hamilton, Ontario",20.54.13,v62053335
2009,0.00,"Hamilton, Ontario",20.54.13,v62053335
2010,0.00,"Hamilton, Ontario",20.54.13,v62053335
2011,0.00,"Hamilton, Ontario",20.54.13,v62053335
2012,0.00,"Hamilton, Ontario",20.54.13,v62053335
2013,0.00,"Hamilton, Ontario",20.54.13,v62053335
2014,0.00,"Hamilton, Ontario",20.54.13,v62053335
2015,0.00,"Hamilton, Ontario",20.54.13,v62053335
2006,..,"St.Catharines-Niagara, Ontario",21.54.13,v62056485
2007,0.00,"St.Catharines-Niagara, Ontario",21.54.13,v62056485
2008,0.00,"St.Catharines-Niagara, Ontario",21.54.13,v62056485
2009,0.00,"St.Catharines-Niagara, Ontario",21.54.13,v62056485
2010,0.00,"St.Catharines-Niagara, Ontario",21.54.13,v62056485
2011,0.00,"St.Catharines-Niagara, Ontario",21.54.13,v62056485
2012,0.00,"St.Catharines-Niagara, Ontario",21.54.13,v62056485
2013,0.00,"St.Catharines-Niagara, Ontario",21.54.13,v62056485
2014,0.00,"St.Catharines-Niagara, Ontario",21.54.13,v62056485
2015,0.00,"St.Catharines-Niagara, Ontario",21.54.13,v62056485
2006,..,"Kitchener-Cambridge-Waterloo, Ontario",22.54.13,v62059635
2007,0.00,"Kitchener-Cambridge-Waterloo, Ontario",22.54.13,v62059635
2008,0.00,"Kitchener-Cambridge-Waterloo, Ontario",22.54.13,v62059635
2009,0.00,"Kitchener-Cambridge-Waterloo, Ontario",22.54.13,v62059635
2010,0.00,"Kitchener-Cambridge-Waterloo, Ontario",22.54.13,v62059635
2011,0.00,"Kitchener-Cambridge-Waterloo, Ontario",22.54.13,v62059635
2012,0.00,"Kitchener-Cambridge-Waterloo, Ontario",22.54.13,v62059635
2013,0.00,"Kitchener-Cambridge-Waterloo, Ontario",22.54.13,v62059635
2014,0.00,"Kitchener-Cambridge-Waterloo, Ontario",22.54.13,v62059635
2015,0.00,"Kitchener-Cambridge-Waterloo, Ontario",22.54.13,v62059635
2006,..,"Brantford, Ontario",45.54.13,v62132085
2007,0.00,"Brantford, Ontario",45.54.13,v62132085
2008,0.00,"Brantford, Ontario",45.54.13,v62132085
2009,0.00,"Brantford, Ontario",45.54.13,v62132085
2010,0.00,"Brantford, Ontario",45.54.13,v62132085
2011,0.00,"Brantford, Ontario",45.54.13,v62132085
2012,0.00,"Brantford, Ontario",45.54.13,v62132085
2013,0.00,"Brantford, Ontario",45.54.13,v62132085
2014,0.00,"Brantford, Ontario",45.54.13,v62132085
2015,0.00,"Brantford, Ontario",45.54.13,v62132085
2006,..,"Guelph, Ontario",46.54.13,v62135235
2007,0.00,"Guelph, Ontario",46.54.13,v62135235
2008,0.00,"Guelph, Ontario",46.54.13,v62135235
2009,0.00,"Guelph, Ontario",46.54.13,v62135235
2010,0.00,"Guelph, Ontario",46.54.13,v62135235
2011,0.00,"Guelph, Ontario",46.54.13,v62135235
2012,0.00,"Guelph, Ontario",46.54.13,v62135235
2013,0.00,"Guelph, Ontario",46.54.13,v62135235
2014,0.00,"Guelph, Ontario",46.54.13,v62135235
2015,0.00,"Guelph, Ontario",46.54.13,v62135235
2006,..,"London, Ontario",23.54.13,v62062785
2007,0.00,"London, Ontario",23.54.13,v62062785
2008,0.00,"London, Ontario",23.54.13,v62062785
2009,0.00,"London, Ontario",23.54.13,v62062785
2010,0.00,"London, Ontario",23.54.13,v62062785
2011,0.00,"London, Ontario",23.54.13,v62062785
2012,0.00,"London, Ontario",23.54.13,v62062785
2013,0.00,"London, Ontario",23.54.13,v62062785
2014,0.00,"London, Ontario",23.54.13,v62062785
2015,0.00,"London, Ontario",23.54.13,v62062785
2006,..,"Windsor, Ontario",24.54.13,v53105614
2007,0.00,"Windsor, Ontario",24.54.13,v53105614
2008,0.00,"Windsor, Ontario",24.54.13,v53105614
2009,0.00,"Windsor, Ontario",24.54.13,v53105614
2010,0.00,"Windsor, Ontario",24.54.13,v53105614
2011,0.00,"Windsor, Ontario",24.54.13,v53105614
2012,0.00,"Windsor, Ontario",24.54.13,v53105614
2013,0.00,"Windsor, Ontario",24.54.13,v53105614
2014,0.00,"Windsor, Ontario",24.54.13,v53105614
2015,0.00,"Windsor, Ontario",24.54.13,v53105614
2006,..,"Barrie, Ontario",47.54.13,v62138385
2007,0.00,"Barrie, Ontario",47.54.13,v62138385
2008,0.00,"Barrie, Ontario",47.54.13,v62138385
2009,0.00,"Barrie, Ontario",47.54.13,v62138385
2010,0.00,"Barrie, Ontario",47.54.13,v62138385
2011,0.00,"Barrie, Ontario",47.54.13,v62138385
2012,0.00,"Barrie, Ontario",47.54.13,v62138385
2013,0.00,"Barrie, Ontario",47.54.13,v62138385
2014,0.00,"Barrie, Ontario",47.54.13,v62138385
2015,0.00,"Barrie, Ontario",47.54.13,v62138385
2006,..,"Sudbury, Ontario",25.54.13,v62069085
2007,0.00,"Sudbury, Ontario",25.54.13,v62069085
2008,0.00,"Sudbury, Ontario",25.54.13,v62069085
2009,0.00,"Sudbury, Ontario",25.54.13,v62069085
2010,0.00,"Sudbury, Ontario",25.54.13,v62069085
2011,0.00,"Sudbury, Ontario",25.54.13,v62069085
2012,0.00,"Sudbury, Ontario",25.54.13,v62069085
2013,0.00,"Sudbury, Ontario",25.54.13,v62069085
2014,0.00,"Sudbury, Ontario",25.54.13,v62069085
2015,0.00,"Sudbury, Ontario",25.54.13,v62069085
2006,..,"Thunder Bay, Ontario",26.54.13,v62072235
2007,0.00,"Thunder Bay, Ontario",26.54.13,v62072235
2008,0.00,"Thunder Bay, Ontario",26.54.13,v62072235
2009,0.00,"Thunder Bay, Ontario",26.54.13,v62072235
2010,0.00,"Thunder Bay, Ontario",26.54.13,v62072235
2011,0.00,"Thunder Bay, Ontario",26.54.13,v62072235
2012,0.00,"Thunder Bay, Ontario",26.54.13,v62072235
2013,0.00,"Thunder Bay, Ontario",26.54.13,v62072235
2014,0.00,"Thunder Bay, Ontario",26.54.13,v62072235
2015,0.00,"Thunder Bay, Ontario",26.54.13,v62072235
2006,..,"Manitoba",28.54.13,v53122603
2007,0.00,"Manitoba",28.54.13,v53122603
2008,1.00,"Manitoba",28.54.13,v53122603
2009,0.00,"Manitoba",28.54.13,v53122603
2010,0.00,"Manitoba",28.54.13,v53122603
2011,0.00,"Manitoba",28.54.13,v53122603
2012,0.00,"Manitoba",28.54.13,v53122603
2013,0.00,"Manitoba",28.54.13,v53122603
2014,0.00,"Manitoba",28.54.13,v53122603
2015,0.00,"Manitoba",28.54.13,v53122603
2006,..,"Winnipeg, Manitoba",29.54.13,v62081685
2007,0.00,"Winnipeg, Manitoba",29.54.13,v62081685
2008,0.00,"Winnipeg, Manitoba",29.54.13,v62081685
2009,0.00,"Winnipeg, Manitoba",29.54.13,v62081685
2010,0.00,"Winnipeg, Manitoba",29.54.13,v62081685
2011,0.00,"Winnipeg, Manitoba",29.54.13,v62081685
2012,0.00,"Winnipeg, Manitoba",29.54.13,v62081685
2013,0.00,"Winnipeg, Manitoba",29.54.13,v62081685
2014,0.00,"Winnipeg, Manitoba",29.54.13,v62081685
2015,0.00,"Winnipeg, Manitoba",29.54.13,v62081685
2006,..,"Saskatchewan",30.54.13,v53096124
2007,0.00,"Saskatchewan",30.54.13,v53096124
2008,0.00,"Saskatchewan",30.54.13,v53096124
2009,0.00,"Saskatchewan",30.54.13,v53096124
2010,0.00,"Saskatchewan",30.54.13,v53096124
2011,0.00,"Saskatchewan",30.54.13,v53096124
2012,0.00,"Saskatchewan",30.54.13,v53096124
2013,0.00,"Saskatchewan",30.54.13,v53096124
2014,0.00,"Saskatchewan",30.54.13,v53096124
2015,0.00,"Saskatchewan",30.54.13,v53096124
2006,..,"Regina, Saskatchewan",31.54.13,v62087985
2007,0.00,"Regina, Saskatchewan",31.54.13,v62087985
2008,0.00,"Regina, Saskatchewan",31.54.13,v62087985
2009,0.00,"Regina, Saskatchewan",31.54.13,v62087985
2010,0.00,"Regina, Saskatchewan",31.54.13,v62087985
2011,0.00,"Regina, Saskatchewan",31.54.13,v62087985
2012,0.00,"Regina, Saskatchewan",31.54.13,v62087985
2013,0.00,"Regina, Saskatchewan",31.54.13,v62087985
2014,0.00,"Regina, Saskatchewan",31.54.13,v62087985
2015,0.00,"Regina, Saskatchewan",31.54.13,v62087985
2006,..,"Saskatoon, Saskatchewan",32.54.13,v62091135
2007,0.00,"Saskatoon, Saskatchewan",32.54.13,v62091135
2008,0.00,"Saskatoon, Saskatchewan",32.54.13,v62091135
2009,0.00,"Saskatoon, Saskatchewan",32.54.13,v62091135
2010,0.00,"Saskatoon, Saskatchewan",32.54.13,v62091135
2011,0.00,"Saskatoon, Saskatchewan",32.54.13,v62091135
2012,0.00,"Saskatoon, Saskatchewan",32.54.13,v62091135
2013,0.00,"Saskatoon, Saskatchewan",32.54.13,v62091135
2014,0.00,"Saskatoon, Saskatchewan",32.54.13,v62091135
2015,0.00,"Saskatoon, Saskatchewan",32.54.13,v62091135
2006,..,"Alberta",33.54.13,v53091647
2007,0.00,"Alberta",33.54.13,v53091647
2008,0.00,"Alberta",33.54.13,v53091647
2009,0.00,"Alberta",33.54.13,v53091647
2010,1.00,"Alberta",33.54.13,v53091647
2011,0.00,"Alberta",33.54.13,v53091647
2012,0.00,"Alberta",33.54.13,v53091647
2013,1.00,"Alberta",33.54.13,v53091647
2014,0.00,"Alberta",33.54.13,v53091647
2015,0.00,"Alberta",33.54.13,v53091647
2006,..,"Calgary, Alberta",34.54.13,v62097435
2007,0.00,"Calgary, Alberta",34.54.13,v62097435
2008,0.00,"Calgary, Alberta",34.54.13,v62097435
2009,0.00,"Calgary, Alberta",34.54.13,v62097435
2010,0.00,"Calgary, Alberta",34.54.13,v62097435
2011,0.00,"Calgary, Alberta",34.54.13,v62097435
2012,0.00,"Calgary, Alberta",34.54.13,v62097435
2013,0.00,"Calgary, Alberta",34.54.13,v62097435
2014,0.00,"Calgary, Alberta",34.54.13,v62097435
2015,0.00,"Calgary, Alberta",34.54.13,v62097435
2006,..,"Edmonton, Alberta",35.54.13,v53097253
2007,0.00,"Edmonton, Alberta",35.54.13,v53097253
2008,0.00,"Edmonton, Alberta",35.54.13,v53097253
2009,0.00,"Edmonton, Alberta",35.54.13,v53097253
2010,0.00,"Edmonton, Alberta",35.54.13,v53097253
2011,0.00,"Edmonton, Alberta",35.54.13,v53097253
2012,0.00,"Edmonton, Alberta",35.54.13,v53097253
2013,1.00,"Edmonton, Alberta",35.54.13,v53097253
2014,0.00,"Edmonton, Alberta",35.54.13,v53097253
2015,0.00,"Edmonton, Alberta",35.54.13,v53097253
2006,..,"British Columbia",36.54.13,v53097474
2007,0.00,"British Columbia",36.54.13,v53097474
2008,1.00,"British Columbia",36.54.13,v53097474
2009,0.00,"British Columbia",36.54.13,v53097474
2010,0.00,"British Columbia",36.54.13,v53097474
2011,0.00,"British Columbia",36.54.13,v53097474
2012,0.00,"British Columbia",36.54.13,v53097474
2013,0.00,"British Columbia",36.54.13,v53097474
2014,0.00,"British Columbia",36.54.13,v53097474
2015,0.00,"British Columbia",36.54.13,v53097474
2006,..,"Kelowna, British Columbia",48.54.13,v62141535
2007,0.00,"Kelowna, British Columbia",48.54.13,v62141535
2008,0.00,"Kelowna, British Columbia",48.54.13,v62141535
2009,0.00,"Kelowna, British Columbia",48.54.13,v62141535
2010,0.00,"Kelowna, British Columbia",48.54.13,v62141535
2011,0.00,"Kelowna, British Columbia",48.54.13,v62141535
2012,0.00,"Kelowna, British Columbia",48.54.13,v62141535
2013,0.00,"Kelowna, British Columbia",48.54.13,v62141535
2014,0.00,"Kelowna, British Columbia",48.54.13,v62141535
2015,0.00,"Kelowna, British Columbia",48.54.13,v62141535
2006,..,"Abbotsford-Mission, British Columbia",39.54.13,v62113185
2007,0.00,"Abbotsford-Mission, British Columbia",39.54.13,v62113185
2008,0.00,"Abbotsford-Mission, British Columbia",39.54.13,v62113185
2009,0.00,"Abbotsford-Mission, British Columbia",39.54.13,v62113185
2010,0.00,"Abbotsford-Mission, British Columbia",39.54.13,v62113185
2011,0.00,"Abbotsford-Mission, British Columbia",39.54.13,v62113185
2012,0.00,"Abbotsford-Mission, British Columbia",39.54.13,v62113185
2013,0.00,"Abbotsford-Mission, British Columbia",39.54.13,v62113185
2014,0.00,"Abbotsford-Mission, British Columbia",39.54.13,v62113185
2015,0.00,"Abbotsford-Mission, British Columbia",39.54.13,v62113185
2006,..,"Vancouver, British Columbia",37.54.13,v53093483
2007,0.00,"Vancouver, British Columbia",37.54.13,v53093483
2008,0.00,"Vancouver, British Columbia",37.54.13,v53093483
2009,0.00,"Vancouver, British Columbia",37.54.13,v53093483
2010,0.00,"Vancouver, British Columbia",37.54.13,v53093483
2011,0.00,"Vancouver, British Columbia",37.54.13,v53093483
2012,0.00,"Vancouver, British Columbia",37.54.13,v53093483
2013,0.00,"Vancouver, British Columbia",37.54.13,v53093483
2014,0.00,"Vancouver, British Columbia",37.54.13,v53093483
2015,0.00,"Vancouver, British Columbia",37.54.13,v53093483
2006,..,"Victoria, British Columbia",38.54.13,v53093588
2007,0.00,"Victoria, British Columbia",38.54.13,v53093588
2008,0.00,"Victoria, British Columbia",38.54.13,v53093588
2009,0.00,"Victoria, British Columbia",38.54.13,v53093588
2010,0.00,"Victoria, British Columbia",38.54.13,v53093588
2011,0.00,"Victoria, British Columbia",38.54.13,v53093588
2012,0.00,"Victoria, British Columbia",38.54.13,v53093588
2013,0.00,"Victoria, British Columbia",38.54.13,v53093588
2014,0.00,"Victoria, British Columbia",38.54.13,v53093588
2015,0.00,"Victoria, British Columbia",38.54.13,v53093588
2006,..,"Yukon",40.54.13,v62116335
2007,0.00,"Yukon",40.54.13,v62116335
2008,0.00,"Yukon",40.54.13,v62116335
2009,0.00,"Yukon",40.54.13,v62116335
2010,0.00,"Yukon",40.54.13,v62116335
2011,0.00,"Yukon",40.54.13,v62116335
2012,0.00,"Yukon",40.54.13,v62116335
2013,0.00,"Yukon",40.54.13,v62116335
2014,0.00,"Yukon",40.54.13,v62116335
2015,0.00,"Yukon",40.54.13,v62116335
2006,..,"Northwest Territories",41.54.13,v62119485
2007,0.00,"Northwest Territories",41.54.13,v62119485
2008,0.00,"Northwest Territories",41.54.13,v62119485
2009,0.00,"Northwest Territories",41.54.13,v62119485
2010,0.00,"Northwest Territories",41.54.13,v62119485
2011,0.00,"Northwest Territories",41.54.13,v62119485
2012,0.00,"Northwest Territories",41.54.13,v62119485
2013,0.00,"Northwest Territories",41.54.13,v62119485
2014,0.00,"Northwest Territories",41.54.13,v62119485
2015,0.00,"Northwest Territories",41.54.13,v62119485
2006,..,"Nunavut",42.54.13,v62122635
2007,0.00,"Nunavut",42.54.13,v62122635
2008,0.00,"Nunavut",42.54.13,v62122635
2009,0.00,"Nunavut",42.54.13,v62122635
2010,0.00,"Nunavut",42.54.13,v62122635
2011,0.00,"Nunavut",42.54.13,v62122635
2012,0.00,"Nunavut",42.54.13,v62122635
2013,0.00,"Nunavut",42.54.13,v62122635
2014,0.00,"Nunavut",42.54.13,v62122635
2015,0.00,"Nunavut",42.54.13,v62122635
