1998,7.87,"Canada",1.143.2,v44411111
1999,6.07,"Canada",1.143.2,v44411111
2000,4.29,"Canada",1.143.2,v44411111
2001,4.90,"Canada",1.143.2,v44411111
2002,4.46,"Canada",1.143.2,v44411111
2003,3.48,"Canada",1.143.2,v44411111
2004,1.89,"Canada",1.143.2,v44411111
2005,1.93,"Canada",1.143.2,v44411111
2006,1.51,"Canada",1.143.2,v44411111
2007,1.76,"Canada",1.143.2,v44411111
2008,1.36,"Canada",1.143.2,v44411111
2009,1.20,"Canada",1.143.2,v44411111
2010,1.40,"Canada",1.143.2,v44411111
2011,1.22,"Canada",1.143.2,v44411111
2012,1.17,"Canada",1.143.2,v44411111
2013,1.01,"Canada",1.143.2,v44411111
2014,1.04,"Canada",1.143.2,v44411111
2015,0.67,"Canada",1.143.2,v44411111
1998,2.78,"Newfoundland and Labrador",2.143.2,v44385582
1999,0.94,"Newfoundland and Labrador",2.143.2,v44385582
2000,0.38,"Newfoundland and Labrador",2.143.2,v44385582
2001,1.72,"Newfoundland and Labrador",2.143.2,v44385582
2002,1.35,"Newfoundland and Labrador",2.143.2,v44385582
2003,1.35,"Newfoundland and Labrador",2.143.2,v44385582
2004,0.00,"Newfoundland and Labrador",2.143.2,v44385582
2005,1.36,"Newfoundland and Labrador",2.143.2,v44385582
2006,1.96,"Newfoundland and Labrador",2.143.2,v44385582
2007,1.18,"Newfoundland and Labrador",2.143.2,v44385582
2008,1.95,"Newfoundland and Labrador",2.143.2,v44385582
2009,3.10,"Newfoundland and Labrador",2.143.2,v44385582
2010,2.30,"Newfoundland and Labrador",2.143.2,v44385582
2011,1.14,"Newfoundland and Labrador",2.143.2,v44385582
2012,2.47,"Newfoundland and Labrador",2.143.2,v44385582
2013,0.95,"Newfoundland and Labrador",2.143.2,v44385582
2014,0.57,"Newfoundland and Labrador",2.143.2,v44385582
2015,0.38,"Newfoundland and Labrador",2.143.2,v44385582
1998,1.74,"St. John's, Newfoundland and Labrador",3.143.2,v44414777
1999,0.58,"St. John's, Newfoundland and Labrador",3.143.2,v44414777
2000,..,"St. John's, Newfoundland and Labrador",3.143.2,v44414777
2001,0.57,"St. John's, Newfoundland and Labrador",3.143.2,v44414777
2002,1.14,"St. John's, Newfoundland and Labrador",3.143.2,v44414777
2003,1.13,"St. John's, Newfoundland and Labrador",3.143.2,v44414777
2004,0.00,"St. John's, Newfoundland and Labrador",3.143.2,v44414777
2005,1.11,"St. John's, Newfoundland and Labrador",3.143.2,v44414777
2006,1.10,"St. John's, Newfoundland and Labrador",3.143.2,v44414777
2007,0.00,"St. John's, Newfoundland and Labrador",3.143.2,v44414777
2008,0.00,"St. John's, Newfoundland and Labrador",3.143.2,v44414777
2009,0.00,"St. John's, Newfoundland and Labrador",3.143.2,v44414777
2010,0.51,"St. John's, Newfoundland and Labrador",3.143.2,v44414777
2011,0.50,"St. John's, Newfoundland and Labrador",3.143.2,v44414777
2012,0.50,"St. John's, Newfoundland and Labrador",3.143.2,v44414777
2013,0.49,"St. John's, Newfoundland and Labrador",3.143.2,v44414777
2014,0.49,"St. John's, Newfoundland and Labrador",3.143.2,v44414777
2015,0.00,"St. John's, Newfoundland and Labrador",3.143.2,v44414777
1998,8.84,"Prince Edward Island",4.143.2,v44390907
1999,5.87,"Prince Edward Island",4.143.2,v44390907
2000,4.40,"Prince Edward Island",4.143.2,v44390907
2001,5.85,"Prince Edward Island",4.143.2,v44390907
2002,5.84,"Prince Edward Island",4.143.2,v44390907
2003,5.83,"Prince Edward Island",4.143.2,v44390907
2004,2.91,"Prince Edward Island",4.143.2,v44390907
2005,2.17,"Prince Edward Island",4.143.2,v44390907
2006,1.45,"Prince Edward Island",4.143.2,v44390907
2007,2.18,"Prince Edward Island",4.143.2,v44390907
2008,3.60,"Prince Edward Island",4.143.2,v44390907
2009,0.00,"Prince Edward Island",4.143.2,v44390907
2010,0.00,"Prince Edward Island",4.143.2,v44390907
2011,0.69,"Prince Edward Island",4.143.2,v44390907
2012,0.69,"Prince Edward Island",4.143.2,v44390907
2013,0.00,"Prince Edward Island",4.143.2,v44390907
2014,0.00,"Prince Edward Island",4.143.2,v44390907
2015,0.68,"Prince Edward Island",4.143.2,v44390907
1998,9.76,"Nova Scotia",5.143.2,v44383663
1999,7.82,"Nova Scotia",5.143.2,v44383663
2000,4.18,"Nova Scotia",5.143.2,v44383663
2001,5.15,"Nova Scotia",5.143.2,v44383663
2002,4.49,"Nova Scotia",5.143.2,v44383663
2003,4.80,"Nova Scotia",5.143.2,v44383663
2004,1.60,"Nova Scotia",5.143.2,v44383663
2005,2.77,"Nova Scotia",5.143.2,v44383663
2006,3.63,"Nova Scotia",5.143.2,v44383663
2007,17.00,"Nova Scotia",5.143.2,v44383663
2008,1.18,"Nova Scotia",5.143.2,v44383663
2009,2.03,"Nova Scotia",5.143.2,v44383663
2010,1.49,"Nova Scotia",5.143.2,v44383663
2011,2.12,"Nova Scotia",5.143.2,v44383663
2012,1.48,"Nova Scotia",5.143.2,v44383663
2013,0.53,"Nova Scotia",5.143.2,v44383663
2014,1.49,"Nova Scotia",5.143.2,v44383663
2015,0.42,"Nova Scotia",5.143.2,v44383663
1998,9.08,"Halifax, Nova Scotia",6.143.2,v44362968
1999,6.38,"Halifax, Nova Scotia",6.143.2,v44362968
2000,2.18,"Halifax, Nova Scotia",6.143.2,v44362968
2001,2.71,"Halifax, Nova Scotia",6.143.2,v44362968
2002,2.41,"Halifax, Nova Scotia",6.143.2,v44362968
2003,2.39,"Halifax, Nova Scotia",6.143.2,v44362968
2004,1.57,"Halifax, Nova Scotia",6.143.2,v44362968
2005,2.88,"Halifax, Nova Scotia",6.143.2,v44362968
2006,1.30,"Halifax, Nova Scotia",6.143.2,v44362968
2007,0.78,"Halifax, Nova Scotia",6.143.2,v44362968
2008,0.26,"Halifax, Nova Scotia",6.143.2,v44362968
2009,2.79,"Halifax, Nova Scotia",6.143.2,v44362968
2010,2.26,"Halifax, Nova Scotia",6.143.2,v44362968
2011,2.24,"Halifax, Nova Scotia",6.143.2,v44362968
2012,1.48,"Halifax, Nova Scotia",6.143.2,v44362968
2013,0.00,"Halifax, Nova Scotia",6.143.2,v44362968
2014,0.48,"Halifax, Nova Scotia",6.143.2,v44362968
2015,0.24,"Halifax, Nova Scotia",6.143.2,v44362968
1998,8.93,"New Brunswick",7.143.2,v44372902
1999,7.33,"New Brunswick",7.143.2,v44372902
2000,4.40,"New Brunswick",7.143.2,v44372902
2001,5.20,"New Brunswick",7.143.2,v44372902
2002,5.20,"New Brunswick",7.143.2,v44372902
2003,4.27,"New Brunswick",7.143.2,v44372902
2004,2.14,"New Brunswick",7.143.2,v44372902
2005,3.21,"New Brunswick",7.143.2,v44372902
2006,6.57,"New Brunswick",7.143.2,v44372902
2007,4.56,"New Brunswick",7.143.2,v44372902
2008,3.08,"New Brunswick",7.143.2,v44372902
2009,4.80,"New Brunswick",7.143.2,v44372902
2010,9.96,"New Brunswick",7.143.2,v44372902
2011,3.31,"New Brunswick",7.143.2,v44372902
2012,2.64,"New Brunswick",7.143.2,v44372902
2013,5.03,"New Brunswick",7.143.2,v44372902
2014,4.51,"New Brunswick",7.143.2,v44372902
2015,3.32,"New Brunswick",7.143.2,v44372902
2005,..,"Moncton, New Brunswick",43.143.2,v52118030
2006,16.14,"Moncton, New Brunswick",43.143.2,v52118030
2007,13.69,"Moncton, New Brunswick",43.143.2,v52118030
2008,6.01,"Moncton, New Brunswick",43.143.2,v52118030
2009,11.07,"Moncton, New Brunswick",43.143.2,v52118030
2010,31.93,"Moncton, New Brunswick",43.143.2,v52118030
2011,4.29,"Moncton, New Brunswick",43.143.2,v52118030
2012,2.82,"Moncton, New Brunswick",43.143.2,v52118030
2013,4.90,"Moncton, New Brunswick",43.143.2,v52118030
2014,14.22,"Moncton, New Brunswick",43.143.2,v52118030
2015,7.68,"Moncton, New Brunswick",43.143.2,v52118030
1998,18.45,"Saint John, New Brunswick",8.143.2,v44348118
1999,11.61,"Saint John, New Brunswick",8.143.2,v44348118
2000,6.16,"Saint John, New Brunswick",8.143.2,v44348118
2001,5.49,"Saint John, New Brunswick",8.143.2,v44348118
2002,7.54,"Saint John, New Brunswick",8.143.2,v44348118
2003,6.90,"Saint John, New Brunswick",8.143.2,v44348118
2004,3.47,"Saint John, New Brunswick",8.143.2,v44348118
2005,3.48,"Saint John, New Brunswick",8.143.2,v44348118
2006,2.79,"Saint John, New Brunswick",8.143.2,v44348118
2007,2.08,"Saint John, New Brunswick",8.143.2,v44348118
2008,4.15,"Saint John, New Brunswick",8.143.2,v44348118
2009,6.86,"Saint John, New Brunswick",8.143.2,v44348118
2010,11.61,"Saint John, New Brunswick",8.143.2,v44348118
2011,7.48,"Saint John, New Brunswick",8.143.2,v44348118
2012,6.81,"Saint John, New Brunswick",8.143.2,v44348118
2013,14.36,"Saint John, New Brunswick",8.143.2,v44348118
2014,7.04,"Saint John, New Brunswick",8.143.2,v44348118
2015,5.50,"Saint John, New Brunswick",8.143.2,v44348118
1998,2.91,"Quebec",9.143.2,v44344567
1999,2.55,"Quebec",9.143.2,v44344567
2000,2.13,"Quebec",9.143.2,v44344567
2001,2.31,"Quebec",9.143.2,v44344567
2002,2.80,"Quebec",9.143.2,v44344567
2003,3.18,"Quebec",9.143.2,v44344567
2004,2.06,"Quebec",9.143.2,v44344567
2005,1.95,"Quebec",9.143.2,v44344567
2006,1.66,"Quebec",9.143.2,v44344567
2007,1.47,"Quebec",9.143.2,v44344567
2008,1.56,"Quebec",9.143.2,v44344567
2009,1.03,"Quebec",9.143.2,v44344567
2010,1.10,"Quebec",9.143.2,v44344567
2011,1.49,"Quebec",9.143.2,v44344567
2012,1.62,"Quebec",9.143.2,v44344567
2013,1.42,"Quebec",9.143.2,v44344567
2014,1.63,"Quebec",9.143.2,v44344567
2015,1.16,"Quebec",9.143.2,v44344567
1998,1.20,"Saguenay, Quebec",10.143.2,v44405854
1999,..,"Saguenay, Quebec",10.143.2,v44405854
2000,0.61,"Saguenay, Quebec",10.143.2,v44405854
2001,1.23,"Saguenay, Quebec",10.143.2,v44405854
2002,..,"Saguenay, Quebec",10.143.2,v44405854
2003,0.67,"Saguenay, Quebec",10.143.2,v44405854
2004,0.68,"Saguenay, Quebec",10.143.2,v44405854
2005,0.00,"Saguenay, Quebec",10.143.2,v44405854
2006,0.69,"Saguenay, Quebec",10.143.2,v44405854
2007,2.06,"Saguenay, Quebec",10.143.2,v44405854
2008,1.37,"Saguenay, Quebec",10.143.2,v44405854
2009,0.00,"Saguenay, Quebec",10.143.2,v44405854
2010,0.00,"Saguenay, Quebec",10.143.2,v44405854
2011,0.60,"Saguenay, Quebec",10.143.2,v44405854
2012,1.19,"Saguenay, Quebec",10.143.2,v44405854
2013,1.79,"Saguenay, Quebec",10.143.2,v44405854
2014,0.60,"Saguenay, Quebec",10.143.2,v44405854
2015,0.60,"Saguenay, Quebec",10.143.2,v44405854
1998,0.69,"Sherbrooke, Quebec",12.143.2,v44370560
1999,..,"Sherbrooke, Quebec",12.143.2,v44370560
2000,1.38,"Sherbrooke, Quebec",12.143.2,v44370560
2001,..,"Sherbrooke, Quebec",12.143.2,v44370560
2002,0.69,"Sherbrooke, Quebec",12.143.2,v44370560
2003,0.00,"Sherbrooke, Quebec",12.143.2,v44370560
2004,0.68,"Sherbrooke, Quebec",12.143.2,v44370560
2005,2.03,"Sherbrooke, Quebec",12.143.2,v44370560
2006,1.11,"Sherbrooke, Quebec",12.143.2,v44370560
2007,0.00,"Sherbrooke, Quebec",12.143.2,v44370560
2008,0.55,"Sherbrooke, Quebec",12.143.2,v44370560
2009,0.00,"Sherbrooke, Quebec",12.143.2,v44370560
2010,0.53,"Sherbrooke, Quebec",12.143.2,v44370560
2011,1.05,"Sherbrooke, Quebec",12.143.2,v44370560
2012,5.19,"Sherbrooke, Quebec",12.143.2,v44370560
2013,0.51,"Sherbrooke, Quebec",12.143.2,v44370560
2014,0.51,"Sherbrooke, Quebec",12.143.2,v44370560
2015,0.50,"Sherbrooke, Quebec",12.143.2,v44370560
1998,0.39,"Ottawa-Gatineau, Quebec part",15.143.2,v44352161
1999,0.77,"Ottawa-Gatineau, Quebec part",15.143.2,v44352161
2000,0.38,"Ottawa-Gatineau, Quebec part",15.143.2,v44352161
2001,0.00,"Ottawa-Gatineau, Quebec part",15.143.2,v44352161
2002,0.37,"Ottawa-Gatineau, Quebec part",15.143.2,v44352161
2003,..,"Ottawa-Gatineau, Quebec part",15.143.2,v44352161
2004,0.71,"Ottawa-Gatineau, Quebec part",15.143.2,v44352161
2005,1.06,"Ottawa-Gatineau, Quebec part",15.143.2,v44352161
2006,0.35,"Ottawa-Gatineau, Quebec part",15.143.2,v44352161
2007,0.00,"Ottawa-Gatineau, Quebec part",15.143.2,v44352161
2008,0.67,"Ottawa-Gatineau, Quebec part",15.143.2,v44352161
2009,0.33,"Ottawa-Gatineau, Quebec part",15.143.2,v44352161
2010,1.94,"Ottawa-Gatineau, Quebec part",15.143.2,v44352161
2011,0.00,"Ottawa-Gatineau, Quebec part",15.143.2,v44352161
2012,2.19,"Ottawa-Gatineau, Quebec part",15.143.2,v44352161
2013,1.55,"Ottawa-Gatineau, Quebec part",15.143.2,v44352161
2014,0.92,"Ottawa-Gatineau, Quebec part",15.143.2,v44352161
2015,0.30,"Ottawa-Gatineau, Quebec part",15.143.2,v44352161
1998,10.83,"Ontario",16.143.2,v44366558
1999,7.92,"Ontario",16.143.2,v44366558
2000,5.79,"Ontario",16.143.2,v44366558
2001,5.76,"Ontario",16.143.2,v44366558
2002,5.61,"Ontario",16.143.2,v44366558
2003,3.13,"Ontario",16.143.2,v44366558
2004,1.11,"Ontario",16.143.2,v44366558
2005,1.74,"Ontario",16.143.2,v44366558
2006,1.28,"Ontario",16.143.2,v44366558
2007,1.38,"Ontario",16.143.2,v44366558
2008,1.70,"Ontario",16.143.2,v44366558
2009,1.51,"Ontario",16.143.2,v44366558
2010,1.83,"Ontario",16.143.2,v44366558
2011,1.54,"Ontario",16.143.2,v44366558
2012,1.29,"Ontario",16.143.2,v44366558
2013,1.13,"Ontario",16.143.2,v44366558
2014,1.01,"Ontario",16.143.2,v44366558
2015,0.62,"Ontario",16.143.2,v44366558
1998,7.13,"Ottawa-Gatineau, Ontario/Quebec",17.143.2,v52147488
1999,2.71,"Ottawa-Gatineau, Ontario/Quebec",17.143.2,v52147488
2000,1.74,"Ottawa-Gatineau, Ontario/Quebec",17.143.2,v52147488
2001,1.97,"Ottawa-Gatineau, Ontario/Quebec",17.143.2,v52147488
2002,1.86,"Ottawa-Gatineau, Ontario/Quebec",17.143.2,v52147488
2003,1.40,"Ottawa-Gatineau, Ontario/Quebec",17.143.2,v52147488
2004,2.07,"Ottawa-Gatineau, Ontario/Quebec",17.143.2,v52147488
2005,0.85,"Ottawa-Gatineau, Ontario/Quebec",17.143.2,v52147488
2006,0.51,"Ottawa-Gatineau, Ontario/Quebec",17.143.2,v52147488
2007,0.75,"Ottawa-Gatineau, Ontario/Quebec",17.143.2,v52147488
2008,1.15,"Ottawa-Gatineau, Ontario/Quebec",17.143.2,v52147488
2009,1.95,"Ottawa-Gatineau, Ontario/Quebec",17.143.2,v52147488
2010,3.05,"Ottawa-Gatineau, Ontario/Quebec",17.143.2,v52147488
2011,2.21,"Ottawa-Gatineau, Ontario/Quebec",17.143.2,v52147488
2012,3.27,"Ottawa-Gatineau, Ontario/Quebec",17.143.2,v52147488
2013,2.54,"Ottawa-Gatineau, Ontario/Quebec",17.143.2,v52147488
2014,2.67,"Ottawa-Gatineau, Ontario/Quebec",17.143.2,v52147488
2015,1.66,"Ottawa-Gatineau, Ontario/Quebec",17.143.2,v52147488
1998,9.38,"Ottawa-Gatineau, Ontario part",18.143.2,v44370549
1999,3.33,"Ottawa-Gatineau, Ontario part",18.143.2,v44370549
2000,2.17,"Ottawa-Gatineau, Ontario part",18.143.2,v44370549
2001,2.59,"Ottawa-Gatineau, Ontario part",18.143.2,v44370549
2002,2.33,"Ottawa-Gatineau, Ontario part",18.143.2,v44370549
2003,1.84,"Ottawa-Gatineau, Ontario part",18.143.2,v44370549
2004,2.50,"Ottawa-Gatineau, Ontario part",18.143.2,v44370549
2005,0.79,"Ottawa-Gatineau, Ontario part",18.143.2,v44370549
2006,0.56,"Ottawa-Gatineau, Ontario part",18.143.2,v44370549
2007,1.00,"Ottawa-Gatineau, Ontario part",18.143.2,v44370549
2008,1.31,"Ottawa-Gatineau, Ontario part",18.143.2,v44370549
2009,2.48,"Ottawa-Gatineau, Ontario part",18.143.2,v44370549
2010,3.41,"Ottawa-Gatineau, Ontario part",18.143.2,v44370549
2011,2.94,"Ottawa-Gatineau, Ontario part",18.143.2,v44370549
2012,3.63,"Ottawa-Gatineau, Ontario part",18.143.2,v44370549
2013,2.87,"Ottawa-Gatineau, Ontario part",18.143.2,v44370549
2014,3.24,"Ottawa-Gatineau, Ontario part",18.143.2,v44370549
2015,2.11,"Ottawa-Gatineau, Ontario part",18.143.2,v44370549
2000,..,"Kingston, Ontario",27.143.2,v44416032
2001,64.27,"Kingston, Ontario",27.143.2,v44416032
2002,82.55,"Kingston, Ontario",27.143.2,v44416032
2003,71.49,"Kingston, Ontario",27.143.2,v44416032
2004,3.21,"Kingston, Ontario",27.143.2,v44416032
2005,60.26,"Kingston, Ontario",27.143.2,v44416032
2006,39.69,"Kingston, Ontario",27.143.2,v44416032
2007,44.69,"Kingston, Ontario",27.143.2,v44416032
2008,38.62,"Kingston, Ontario",27.143.2,v44416032
2009,15.67,"Kingston, Ontario",27.143.2,v44416032
2010,3.72,"Kingston, Ontario",27.143.2,v44416032
2011,2.46,"Kingston, Ontario",27.143.2,v44416032
2012,0.00,"Kingston, Ontario",27.143.2,v44416032
2013,0.00,"Kingston, Ontario",27.143.2,v44416032
2014,0.60,"Kingston, Ontario",27.143.2,v44416032
2015,0.60,"Kingston, Ontario",27.143.2,v44416032
2006,0.00,"Peterborough, Ontario",44.143.2,v62130142
2007,0.00,"Peterborough, Ontario",44.143.2,v62130142
2008,0.00,"Peterborough, Ontario",44.143.2,v62130142
2009,0.00,"Peterborough, Ontario",44.143.2,v62130142
2010,0.00,"Peterborough, Ontario",44.143.2,v62130142
2011,0.83,"Peterborough, Ontario",44.143.2,v62130142
2012,0.00,"Peterborough, Ontario",44.143.2,v62130142
2013,0.82,"Peterborough, Ontario",44.143.2,v62130142
2014,0.00,"Peterborough, Ontario",44.143.2,v62130142
2015,1.64,"Peterborough, Ontario",44.143.2,v62130142
1998,12.65,"Toronto, Ontario",19.143.2,v44369763
1999,9.46,"Toronto, Ontario",19.143.2,v44369763
2000,6.79,"Toronto, Ontario",19.143.2,v44369763
2001,6.97,"Toronto, Ontario",19.143.2,v44369763
2002,7.62,"Toronto, Ontario",19.143.2,v44369763
2003,2.87,"Toronto, Ontario",19.143.2,v44369763
2004,0.58,"Toronto, Ontario",19.143.2,v44369763
2005,0.76,"Toronto, Ontario",19.143.2,v44369763
2006,0.66,"Toronto, Ontario",19.143.2,v44369763
2007,0.78,"Toronto, Ontario",19.143.2,v44369763
2008,1.83,"Toronto, Ontario",19.143.2,v44369763
2009,1.71,"Toronto, Ontario",19.143.2,v44369763
2010,2.75,"Toronto, Ontario",19.143.2,v44369763
2011,1.41,"Toronto, Ontario",19.143.2,v44369763
2012,1.46,"Toronto, Ontario",19.143.2,v44369763
2013,1.25,"Toronto, Ontario",19.143.2,v44369763
2014,0.82,"Toronto, Ontario",19.143.2,v44369763
2015,0.30,"Toronto, Ontario",19.143.2,v44369763
1998,8.61,"Hamilton, Ontario",20.143.2,v44336736
1999,6.18,"Hamilton, Ontario",20.143.2,v44336736
2000,4.41,"Hamilton, Ontario",20.143.2,v44336736
2001,5.70,"Hamilton, Ontario",20.143.2,v44336736
2002,4.14,"Hamilton, Ontario",20.143.2,v44336736
2003,3.65,"Hamilton, Ontario",20.143.2,v44336736
2004,2.01,"Hamilton, Ontario",20.143.2,v44336736
2005,1.85,"Hamilton, Ontario",20.143.2,v44336736
2006,0.43,"Hamilton, Ontario",20.143.2,v44336736
2007,0.43,"Hamilton, Ontario",20.143.2,v44336736
2008,0.00,"Hamilton, Ontario",20.143.2,v44336736
2009,0.28,"Hamilton, Ontario",20.143.2,v44336736
2010,0.28,"Hamilton, Ontario",20.143.2,v44336736
2011,0.28,"Hamilton, Ontario",20.143.2,v44336736
2012,0.41,"Hamilton, Ontario",20.143.2,v44336736
2013,0.27,"Hamilton, Ontario",20.143.2,v44336736
2014,0.13,"Hamilton, Ontario",20.143.2,v44336736
2015,0.40,"Hamilton, Ontario",20.143.2,v44336736
1998,4.29,"St.Catharines-Niagara, Ontario",21.143.2,v44412975
1999,8.30,"St.Catharines-Niagara, Ontario",21.143.2,v44412975
2000,3.77,"St.Catharines-Niagara, Ontario",21.143.2,v44412975
2001,3.99,"St.Catharines-Niagara, Ontario",21.143.2,v44412975
2002,3.97,"St.Catharines-Niagara, Ontario",21.143.2,v44412975
2003,3.72,"St.Catharines-Niagara, Ontario",21.143.2,v44412975
2004,4.81,"St.Catharines-Niagara, Ontario",21.143.2,v44412975
2005,5.92,"St.Catharines-Niagara, Ontario",21.143.2,v44412975
2006,3.39,"St.Catharines-Niagara, Ontario",21.143.2,v44412975
2007,5.89,"St.Catharines-Niagara, Ontario",21.143.2,v44412975
2008,3.18,"St.Catharines-Niagara, Ontario",21.143.2,v44412975
2009,3.86,"St.Catharines-Niagara, Ontario",21.143.2,v44412975
2010,2.94,"St.Catharines-Niagara, Ontario",21.143.2,v44412975
2011,2.94,"St.Catharines-Niagara, Ontario",21.143.2,v44412975
2012,1.58,"St.Catharines-Niagara, Ontario",21.143.2,v44412975
2013,1.57,"St.Catharines-Niagara, Ontario",21.143.2,v44412975
2014,2.46,"St.Catharines-Niagara, Ontario",21.143.2,v44412975
2015,1.78,"St.Catharines-Niagara, Ontario",21.143.2,v44412975
1998,0.46,"Kitchener-Cambridge-Waterloo, Ontario",22.143.2,v44383240
1999,0.46,"Kitchener-Cambridge-Waterloo, Ontario",22.143.2,v44383240
2000,0.22,"Kitchener-Cambridge-Waterloo, Ontario",22.143.2,v44383240
2001,0.66,"Kitchener-Cambridge-Waterloo, Ontario",22.143.2,v44383240
2002,0.22,"Kitchener-Cambridge-Waterloo, Ontario",22.143.2,v44383240
2003,0.64,"Kitchener-Cambridge-Waterloo, Ontario",22.143.2,v44383240
2004,0.62,"Kitchener-Cambridge-Waterloo, Ontario",22.143.2,v44383240
2005,0.00,"Kitchener-Cambridge-Waterloo, Ontario",22.143.2,v44383240
2006,0.40,"Kitchener-Cambridge-Waterloo, Ontario",22.143.2,v44383240
2007,0.40,"Kitchener-Cambridge-Waterloo, Ontario",22.143.2,v44383240
2008,0.00,"Kitchener-Cambridge-Waterloo, Ontario",22.143.2,v44383240
2009,0.78,"Kitchener-Cambridge-Waterloo, Ontario",22.143.2,v44383240
2010,0.39,"Kitchener-Cambridge-Waterloo, Ontario",22.143.2,v44383240
2011,1.53,"Kitchener-Cambridge-Waterloo, Ontario",22.143.2,v44383240
2012,0.57,"Kitchener-Cambridge-Waterloo, Ontario",22.143.2,v44383240
2013,0.75,"Kitchener-Cambridge-Waterloo, Ontario",22.143.2,v44383240
2014,0.56,"Kitchener-Cambridge-Waterloo, Ontario",22.143.2,v44383240
2015,0.74,"Kitchener-Cambridge-Waterloo, Ontario",22.143.2,v44383240
2005,..,"Brantford, Ontario",45.143.2,v52124704
2006,1.47,"Brantford, Ontario",45.143.2,v52124704
2007,0.73,"Brantford, Ontario",45.143.2,v52124704
2008,1.45,"Brantford, Ontario",45.143.2,v52124704
2009,0.00,"Brantford, Ontario",45.143.2,v52124704
2010,0.00,"Brantford, Ontario",45.143.2,v52124704
2011,1.42,"Brantford, Ontario",45.143.2,v52124704
2012,0.00,"Brantford, Ontario",45.143.2,v52124704
2013,0.00,"Brantford, Ontario",45.143.2,v52124704
2014,0.00,"Brantford, Ontario",45.143.2,v52124704
2015,0.00,"Brantford, Ontario",45.143.2,v52124704
2006,0.00,"Guelph, Ontario",46.143.2,v53088768
2007,0.00,"Guelph, Ontario",46.143.2,v53088768
2008,0.00,"Guelph, Ontario",46.143.2,v53088768
2009,0.81,"Guelph, Ontario",46.143.2,v53088768
2010,0.00,"Guelph, Ontario",46.143.2,v53088768
2011,0.00,"Guelph, Ontario",46.143.2,v53088768
2012,0.00,"Guelph, Ontario",46.143.2,v53088768
2013,0.00,"Guelph, Ontario",46.143.2,v53088768
2014,0.00,"Guelph, Ontario",46.143.2,v53088768
2015,0.00,"Guelph, Ontario",46.143.2,v53088768
1998,1.31,"London, Ontario",23.143.2,v44393594
1999,4.65,"London, Ontario",23.143.2,v44393594
2000,1.11,"London, Ontario",23.143.2,v44393594
2001,1.53,"London, Ontario",23.143.2,v44393594
2002,0.22,"London, Ontario",23.143.2,v44393594
2003,0.22,"London, Ontario",23.143.2,v44393594
2004,1.70,"London, Ontario",23.143.2,v44393594
2005,0.00,"London, Ontario",23.143.2,v44393594
2006,0.42,"London, Ontario",23.143.2,v44393594
2007,0.42,"London, Ontario",23.143.2,v44393594
2008,0.21,"London, Ontario",23.143.2,v44393594
2009,0.00,"London, Ontario",23.143.2,v44393594
2010,0.41,"London, Ontario",23.143.2,v44393594
2011,0.41,"London, Ontario",23.143.2,v44393594
2012,0.60,"London, Ontario",23.143.2,v44393594
2013,0.00,"London, Ontario",23.143.2,v44393594
2014,0.20,"London, Ontario",23.143.2,v44393594
2015,0.79,"London, Ontario",23.143.2,v44393594
1998,1.30,"Windsor, Ontario",24.143.2,v44378691
1999,1.30,"Windsor, Ontario",24.143.2,v44378691
2000,1.27,"Windsor, Ontario",24.143.2,v44378691
2001,0.31,"Windsor, Ontario",24.143.2,v44378691
2002,0.31,"Windsor, Ontario",24.143.2,v44378691
2003,0.00,"Windsor, Ontario",24.143.2,v44378691
2004,0.30,"Windsor, Ontario",24.143.2,v44378691
2005,1.19,"Windsor, Ontario",24.143.2,v44378691
2006,0.00,"Windsor, Ontario",24.143.2,v44378691
2007,0.00,"Windsor, Ontario",24.143.2,v44378691
2008,1.51,"Windsor, Ontario",24.143.2,v44378691
2009,0.61,"Windsor, Ontario",24.143.2,v44378691
2010,0.91,"Windsor, Ontario",24.143.2,v44378691
2011,1.52,"Windsor, Ontario",24.143.2,v44378691
2012,1.21,"Windsor, Ontario",24.143.2,v44378691
2013,0.30,"Windsor, Ontario",24.143.2,v44378691
2014,0.00,"Windsor, Ontario",24.143.2,v44378691
2015,0.30,"Windsor, Ontario",24.143.2,v44378691
2005,..,"Barrie, Ontario",47.143.2,v52143848
2006,0.52,"Barrie, Ontario",47.143.2,v52143848
2007,0.00,"Barrie, Ontario",47.143.2,v52143848
2008,0.51,"Barrie, Ontario",47.143.2,v52143848
2009,0.51,"Barrie, Ontario",47.143.2,v52143848
2010,0.00,"Barrie, Ontario",47.143.2,v52143848
2011,0.00,"Barrie, Ontario",47.143.2,v52143848
2012,0.00,"Barrie, Ontario",47.143.2,v52143848
2013,0.96,"Barrie, Ontario",47.143.2,v52143848
2014,0.00,"Barrie, Ontario",47.143.2,v52143848
2015,0.94,"Barrie, Ontario",47.143.2,v52143848
1998,7.21,"Sudbury, Ontario",25.143.2,v44363687
1999,6.73,"Sudbury, Ontario",25.143.2,v44363687
2000,4.94,"Sudbury, Ontario",25.143.2,v44363687
2001,5.58,"Sudbury, Ontario",25.143.2,v44363687
2002,3.73,"Sudbury, Ontario",25.143.2,v44363687
2003,0.62,"Sudbury, Ontario",25.143.2,v44363687
2004,1.86,"Sudbury, Ontario",25.143.2,v44363687
2005,1.23,"Sudbury, Ontario",25.143.2,v44363687
2006,0.61,"Sudbury, Ontario",25.143.2,v44363687
2007,1.22,"Sudbury, Ontario",25.143.2,v44363687
2008,1.82,"Sudbury, Ontario",25.143.2,v44363687
2009,1.21,"Sudbury, Ontario",25.143.2,v44363687
2010,1.21,"Sudbury, Ontario",25.143.2,v44363687
2011,1.82,"Sudbury, Ontario",25.143.2,v44363687
2012,0.00,"Sudbury, Ontario",25.143.2,v44363687
2013,1.82,"Sudbury, Ontario",25.143.2,v44363687
2014,3.64,"Sudbury, Ontario",25.143.2,v44363687
2015,0.61,"Sudbury, Ontario",25.143.2,v44363687
1998,16.40,"Thunder Bay, Ontario",26.143.2,v44333837
1999,12.57,"Thunder Bay, Ontario",26.143.2,v44333837
2000,0.79,"Thunder Bay, Ontario",26.143.2,v44333837
2001,..,"Thunder Bay, Ontario",26.143.2,v44333837
2002,..,"Thunder Bay, Ontario",26.143.2,v44333837
2003,0.00,"Thunder Bay, Ontario",26.143.2,v44333837
2004,0.00,"Thunder Bay, Ontario",26.143.2,v44333837
2005,0.00,"Thunder Bay, Ontario",26.143.2,v44333837
2006,0.00,"Thunder Bay, Ontario",26.143.2,v44333837
2007,0.00,"Thunder Bay, Ontario",26.143.2,v44333837
2008,0.00,"Thunder Bay, Ontario",26.143.2,v44333837
2009,0.00,"Thunder Bay, Ontario",26.143.2,v44333837
2010,0.00,"Thunder Bay, Ontario",26.143.2,v44333837
2011,0.00,"Thunder Bay, Ontario",26.143.2,v44333837
2012,0.00,"Thunder Bay, Ontario",26.143.2,v44333837
2013,0.00,"Thunder Bay, Ontario",26.143.2,v44333837
2014,0.00,"Thunder Bay, Ontario",26.143.2,v44333837
2015,0.83,"Thunder Bay, Ontario",26.143.2,v44333837
1998,7.47,"Manitoba",28.143.2,v44366372
1999,5.60,"Manitoba",28.143.2,v44366372
2000,2.61,"Manitoba",28.143.2,v44366372
2001,3.56,"Manitoba",28.143.2,v44366372
2002,2.42,"Manitoba",28.143.2,v44366372
2003,2.49,"Manitoba",28.143.2,v44366372
2004,1.11,"Manitoba",28.143.2,v44366372
2005,1.95,"Manitoba",28.143.2,v44366372
2006,0.68,"Manitoba",28.143.2,v44366372
2007,1.51,"Manitoba",28.143.2,v44366372
2008,0.83,"Manitoba",28.143.2,v44366372
2009,0.41,"Manitoba",28.143.2,v44366372
2010,0.74,"Manitoba",28.143.2,v44366372
2011,0.41,"Manitoba",28.143.2,v44366372
2012,0.40,"Manitoba",28.143.2,v44366372
2013,0.47,"Manitoba",28.143.2,v44366372
2014,0.47,"Manitoba",28.143.2,v44366372
2015,0.08,"Manitoba",28.143.2,v44366372
1998,5.68,"Winnipeg, Manitoba",29.143.2,v44354026
1999,4.61,"Winnipeg, Manitoba",29.143.2,v44354026
2000,0.74,"Winnipeg, Manitoba",29.143.2,v44354026
2001,1.76,"Winnipeg, Manitoba",29.143.2,v44354026
2002,0.88,"Winnipeg, Manitoba",29.143.2,v44354026
2003,0.87,"Winnipeg, Manitoba",29.143.2,v44354026
2004,0.29,"Winnipeg, Manitoba",29.143.2,v44354026
2005,1.86,"Winnipeg, Manitoba",29.143.2,v44354026
2006,0.41,"Winnipeg, Manitoba",29.143.2,v44354026
2007,0.67,"Winnipeg, Manitoba",29.143.2,v44354026
2008,0.53,"Winnipeg, Manitoba",29.143.2,v44354026
2009,0.40,"Winnipeg, Manitoba",29.143.2,v44354026
2010,0.26,"Winnipeg, Manitoba",29.143.2,v44354026
2011,0.13,"Winnipeg, Manitoba",29.143.2,v44354026
2012,0.13,"Winnipeg, Manitoba",29.143.2,v44354026
2013,0.50,"Winnipeg, Manitoba",29.143.2,v44354026
2014,0.63,"Winnipeg, Manitoba",29.143.2,v44354026
2015,0.12,"Winnipeg, Manitoba",29.143.2,v44354026
1998,6.68,"Saskatchewan",30.143.2,v44329334
1999,6.01,"Saskatchewan",30.143.2,v44329334
2000,3.57,"Saskatchewan",30.143.2,v44329334
2001,11.10,"Saskatchewan",30.143.2,v44329334
2002,3.71,"Saskatchewan",30.143.2,v44329334
2003,3.71,"Saskatchewan",30.143.2,v44329334
2004,8.52,"Saskatchewan",30.143.2,v44329334
2005,1.11,"Saskatchewan",30.143.2,v44329334
2006,0.71,"Saskatchewan",30.143.2,v44329334
2007,2.49,"Saskatchewan",30.143.2,v44329334
2008,0.39,"Saskatchewan",30.143.2,v44329334
2009,0.58,"Saskatchewan",30.143.2,v44329334
2010,0.57,"Saskatchewan",30.143.2,v44329334
2011,0.75,"Saskatchewan",30.143.2,v44329334
2012,0.18,"Saskatchewan",30.143.2,v44329334
2013,0.63,"Saskatchewan",30.143.2,v44329334
2014,0.53,"Saskatchewan",30.143.2,v44329334
2015,0.44,"Saskatchewan",30.143.2,v44329334
1998,1.00,"Regina, Saskatchewan",31.143.2,v44377534
1999,0.50,"Regina, Saskatchewan",31.143.2,v44377534
2000,2.01,"Regina, Saskatchewan",31.143.2,v44377534
2001,24.21,"Regina, Saskatchewan",31.143.2,v44377534
2002,0.51,"Regina, Saskatchewan",31.143.2,v44377534
2003,0.00,"Regina, Saskatchewan",31.143.2,v44377534
2004,35.19,"Regina, Saskatchewan",31.143.2,v44377534
2005,0.00,"Regina, Saskatchewan",31.143.2,v44377534
2006,0.49,"Regina, Saskatchewan",31.143.2,v44377534
2007,4.88,"Regina, Saskatchewan",31.143.2,v44377534
2008,0.96,"Regina, Saskatchewan",31.143.2,v44377534
2009,0.47,"Regina, Saskatchewan",31.143.2,v44377534
2010,0.92,"Regina, Saskatchewan",31.143.2,v44377534
2011,0.00,"Regina, Saskatchewan",31.143.2,v44377534
2012,0.44,"Regina, Saskatchewan",31.143.2,v44377534
2013,0.00,"Regina, Saskatchewan",31.143.2,v44377534
2014,0.84,"Regina, Saskatchewan",31.143.2,v44377534
2015,0.00,"Regina, Saskatchewan",31.143.2,v44377534
1998,4.80,"Saskatoon, Saskatchewan",32.143.2,v44357414
1999,7.81,"Saskatoon, Saskatchewan",32.143.2,v44357414
2000,0.87,"Saskatoon, Saskatchewan",32.143.2,v44357414
2001,7.57,"Saskatoon, Saskatchewan",32.143.2,v44357414
2002,0.84,"Saskatoon, Saskatchewan",32.143.2,v44357414
2003,0.41,"Saskatoon, Saskatchewan",32.143.2,v44357414
2004,0.00,"Saskatoon, Saskatchewan",32.143.2,v44357414
2005,0.41,"Saskatoon, Saskatchewan",32.143.2,v44357414
2006,0.40,"Saskatoon, Saskatchewan",32.143.2,v44357414
2007,0.40,"Saskatoon, Saskatchewan",32.143.2,v44357414
2008,0.00,"Saskatoon, Saskatchewan",32.143.2,v44357414
2009,0.38,"Saskatoon, Saskatchewan",32.143.2,v44357414
2010,0.00,"Saskatoon, Saskatchewan",32.143.2,v44357414
2011,0.00,"Saskatoon, Saskatchewan",32.143.2,v44357414
2012,0.35,"Saskatoon, Saskatchewan",32.143.2,v44357414
2013,0.34,"Saskatoon, Saskatchewan",32.143.2,v44357414
2014,0.00,"Saskatoon, Saskatchewan",32.143.2,v44357414
2015,0.00,"Saskatoon, Saskatchewan",32.143.2,v44357414
1998,5.66,"Alberta",33.143.2,v44343317
1999,4.91,"Alberta",33.143.2,v44343317
2000,3.76,"Alberta",33.143.2,v44343317
2001,4.55,"Alberta",33.143.2,v44343317
2002,3.45,"Alberta",33.143.2,v44343317
2003,3.42,"Alberta",33.143.2,v44343317
2004,2.04,"Alberta",33.143.2,v44343317
2005,1.60,"Alberta",33.143.2,v44343317
2006,1.02,"Alberta",33.143.2,v44343317
2007,0.65,"Alberta",33.143.2,v44343317
2008,0.92,"Alberta",33.143.2,v44343317
2009,0.71,"Alberta",33.143.2,v44343317
2010,0.62,"Alberta",33.143.2,v44343317
2011,0.61,"Alberta",33.143.2,v44343317
2012,0.33,"Alberta",33.143.2,v44343317
2013,0.35,"Alberta",33.143.2,v44343317
2014,0.51,"Alberta",33.143.2,v44343317
2015,0.17,"Alberta",33.143.2,v44343317
1998,5.17,"Calgary, Alberta",34.143.2,v44337882
1999,4.82,"Calgary, Alberta",34.143.2,v44337882
2000,2.61,"Calgary, Alberta",34.143.2,v44337882
2001,5.09,"Calgary, Alberta",34.143.2,v44337882
2002,2.58,"Calgary, Alberta",34.143.2,v44337882
2003,3.68,"Calgary, Alberta",34.143.2,v44337882
2004,2.72,"Calgary, Alberta",34.143.2,v44337882
2005,2.66,"Calgary, Alberta",34.143.2,v44337882
2006,1.78,"Calgary, Alberta",34.143.2,v44337882
2007,1.30,"Calgary, Alberta",34.143.2,v44337882
2008,1.51,"Calgary, Alberta",34.143.2,v44337882
2009,1.55,"Calgary, Alberta",34.143.2,v44337882
2010,1.12,"Calgary, Alberta",34.143.2,v44337882
2011,1.03,"Calgary, Alberta",34.143.2,v44337882
2012,0.31,"Calgary, Alberta",34.143.2,v44337882
2013,0.37,"Calgary, Alberta",34.143.2,v44337882
2014,0.50,"Calgary, Alberta",34.143.2,v44337882
2015,0.14,"Calgary, Alberta",34.143.2,v44337882
1998,2.27,"Edmonton, Alberta",35.143.2,v44412271
1999,1.38,"Edmonton, Alberta",35.143.2,v44412271
2000,1.99,"Edmonton, Alberta",35.143.2,v44412271
2001,1.34,"Edmonton, Alberta",35.143.2,v44412271
2002,1.11,"Edmonton, Alberta",35.143.2,v44412271
2003,1.00,"Edmonton, Alberta",35.143.2,v44412271
2004,0.98,"Edmonton, Alberta",35.143.2,v44412271
2005,0.67,"Edmonton, Alberta",35.143.2,v44412271
2006,0.55,"Edmonton, Alberta",35.143.2,v44412271
2007,0.36,"Edmonton, Alberta",35.143.2,v44412271
2008,0.53,"Edmonton, Alberta",35.143.2,v44412271
2009,0.09,"Edmonton, Alberta",35.143.2,v44412271
2010,0.42,"Edmonton, Alberta",35.143.2,v44412271
2011,0.41,"Edmonton, Alberta",35.143.2,v44412271
2012,0.32,"Edmonton, Alberta",35.143.2,v44412271
2013,0.31,"Edmonton, Alberta",35.143.2,v44412271
2014,0.38,"Edmonton, Alberta",35.143.2,v44412271
2015,0.07,"Edmonton, Alberta",35.143.2,v44412271
1998,10.67,"British Columbia",36.143.2,v44413139
1999,8.28,"British Columbia",36.143.2,v44413139
2000,5.55,"British Columbia",36.143.2,v44413139
2001,6.55,"British Columbia",36.143.2,v44413139
2002,5.93,"British Columbia",36.143.2,v44413139
2003,5.12,"British Columbia",36.143.2,v44413139
2004,2.70,"British Columbia",36.143.2,v44413139
2005,2.57,"British Columbia",36.143.2,v44413139
2006,1.34,"British Columbia",36.143.2,v44413139
2007,0.47,"British Columbia",36.143.2,v44413139
2008,0.32,"British Columbia",36.143.2,v44413139
2009,0.32,"British Columbia",36.143.2,v44413139
2010,0.18,"British Columbia",36.143.2,v44413139
2011,0.16,"British Columbia",36.143.2,v44413139
2012,0.37,"British Columbia",36.143.2,v44413139
2013,0.13,"British Columbia",36.143.2,v44413139
2014,0.15,"British Columbia",36.143.2,v44413139
2015,0.06,"British Columbia",36.143.2,v44413139
2005,..,"Kelowna, British Columbia",48.143.2,v52145700
2006,2.39,"Kelowna, British Columbia",48.143.2,v52145700
2007,1.75,"Kelowna, British Columbia",48.143.2,v52145700
2008,0.00,"Kelowna, British Columbia",48.143.2,v52145700
2009,0.00,"Kelowna, British Columbia",48.143.2,v52145700
2010,0.00,"Kelowna, British Columbia",48.143.2,v52145700
2011,0.00,"Kelowna, British Columbia",48.143.2,v52145700
2012,0.00,"Kelowna, British Columbia",48.143.2,v52145700
2013,0.00,"Kelowna, British Columbia",48.143.2,v52145700
2014,0.00,"Kelowna, British Columbia",48.143.2,v52145700
2015,0.00,"Kelowna, British Columbia",48.143.2,v52145700
2000,..,"Abbotsford-Mission, British Columbia",39.143.2,v44349975
2001,7.84,"Abbotsford-Mission, British Columbia",39.143.2,v44349975
2002,9.03,"Abbotsford-Mission, British Columbia",39.143.2,v44349975
2003,6.82,"Abbotsford-Mission, British Columbia",39.143.2,v44349975
2004,4.40,"Abbotsford-Mission, British Columbia",39.143.2,v44349975
2005,3.72,"Abbotsford-Mission, British Columbia",39.143.2,v44349975
2006,0.61,"Abbotsford-Mission, British Columbia",39.143.2,v44349975
2007,0.00,"Abbotsford-Mission, British Columbia",39.143.2,v44349975
2008,0.59,"Abbotsford-Mission, British Columbia",39.143.2,v44349975
2009,0.00,"Abbotsford-Mission, British Columbia",39.143.2,v44349975
2010,0.58,"Abbotsford-Mission, British Columbia",39.143.2,v44349975
2011,0.57,"Abbotsford-Mission, British Columbia",39.143.2,v44349975
2012,0.00,"Abbotsford-Mission, British Columbia",39.143.2,v44349975
2013,0.56,"Abbotsford-Mission, British Columbia",39.143.2,v44349975
2014,0.00,"Abbotsford-Mission, British Columbia",39.143.2,v44349975
2015,0.00,"Abbotsford-Mission, British Columbia",39.143.2,v44349975
1998,8.29,"Vancouver, British Columbia",37.143.2,v44366271
1999,6.39,"Vancouver, British Columbia",37.143.2,v44366271
2000,4.33,"Vancouver, British Columbia",37.143.2,v44366271
2001,5.71,"Vancouver, British Columbia",37.143.2,v44366271
2002,4.42,"Vancouver, British Columbia",37.143.2,v44366271
2003,3.83,"Vancouver, British Columbia",37.143.2,v44366271
2004,2.25,"Vancouver, British Columbia",37.143.2,v44366271
2005,2.45,"Vancouver, British Columbia",37.143.2,v44366271
2006,0.96,"Vancouver, British Columbia",37.143.2,v44366271
2007,0.14,"Vancouver, British Columbia",37.143.2,v44366271
2008,0.40,"Vancouver, British Columbia",37.143.2,v44366271
2009,0.39,"Vancouver, British Columbia",37.143.2,v44366271
2010,0.17,"Vancouver, British Columbia",37.143.2,v44366271
2011,0.08,"Vancouver, British Columbia",37.143.2,v44366271
2012,0.37,"Vancouver, British Columbia",37.143.2,v44366271
2013,0.12,"Vancouver, British Columbia",37.143.2,v44366271
2014,0.16,"Vancouver, British Columbia",37.143.2,v44366271
2015,0.08,"Vancouver, British Columbia",37.143.2,v44366271
1998,15.29,"Victoria, British Columbia",38.143.2,v44410502
1999,11.34,"Victoria, British Columbia",38.143.2,v44410502
2000,6.78,"Victoria, British Columbia",38.143.2,v44410502
2001,7.35,"Victoria, British Columbia",38.143.2,v44410502
2002,7.31,"Victoria, British Columbia",38.143.2,v44410502
2003,6.36,"Victoria, British Columbia",38.143.2,v44410502
2004,1.20,"Victoria, British Columbia",38.143.2,v44410502
2005,0.00,"Victoria, British Columbia",38.143.2,v44410502
2006,0.29,"Victoria, British Columbia",38.143.2,v44410502
2007,0.00,"Victoria, British Columbia",38.143.2,v44410502
2008,0.00,"Victoria, British Columbia",38.143.2,v44410502
2009,0.00,"Victoria, British Columbia",38.143.2,v44410502
2010,0.28,"Victoria, British Columbia",38.143.2,v44410502
2011,0.28,"Victoria, British Columbia",38.143.2,v44410502
2012,0.00,"Victoria, British Columbia",38.143.2,v44410502
2013,0.28,"Victoria, British Columbia",38.143.2,v44410502
2014,0.28,"Victoria, British Columbia",38.143.2,v44410502
2015,0.00,"Victoria, British Columbia",38.143.2,v44410502
1998,6.42,"Yukon",40.143.2,v44351778
1999,6.50,"Yukon",40.143.2,v44351778
2000,3.29,"Yukon",40.143.2,v44351778
2001,3.32,"Yukon",40.143.2,v44351778
2002,3.29,"Yukon",40.143.2,v44351778
2003,3.23,"Yukon",40.143.2,v44351778
2004,0.00,"Yukon",40.143.2,v44351778
2005,0.00,"Yukon",40.143.2,v44351778
2006,0.00,"Yukon",40.143.2,v44351778
2007,9.21,"Yukon",40.143.2,v44351778
2008,0.00,"Yukon",40.143.2,v44351778
2009,5.93,"Yukon",40.143.2,v44351778
2010,2.89,"Yukon",40.143.2,v44351778
2011,0.00,"Yukon",40.143.2,v44351778
2012,0.00,"Yukon",40.143.2,v44351778
2013,0.00,"Yukon",40.143.2,v44351778
2014,0.00,"Yukon",40.143.2,v44351778
2015,0.00,"Yukon",40.143.2,v44351778
1998,2.98,"Northwest Territories",41.143.2,v44398464
1999,2.46,"Northwest Territories",41.143.2,v44398464
2000,0.00,"Northwest Territories",41.143.2,v44398464
2001,2.45,"Northwest Territories",41.143.2,v44398464
2002,0.00,"Northwest Territories",41.143.2,v44398464
2003,2.35,"Northwest Territories",41.143.2,v44398464
2004,0.00,"Northwest Territories",41.143.2,v44398464
2005,2.30,"Northwest Territories",41.143.2,v44398464
2006,0.00,"Northwest Territories",41.143.2,v44398464
2007,0.00,"Northwest Territories",41.143.2,v44398464
2008,0.00,"Northwest Territories",41.143.2,v44398464
2009,2.32,"Northwest Territories",41.143.2,v44398464
2010,0.00,"Northwest Territories",41.143.2,v44398464
2011,0.00,"Northwest Territories",41.143.2,v44398464
2012,4.58,"Northwest Territories",41.143.2,v44398464
2013,2.28,"Northwest Territories",41.143.2,v44398464
2014,4.55,"Northwest Territories",41.143.2,v44398464
2015,4.54,"Northwest Territories",41.143.2,v44398464
1998,..,"Nunavut",42.143.2,v44332654
1999,0.00,"Nunavut",42.143.2,v44332654
2000,0.00,"Nunavut",42.143.2,v44332654
2001,3.55,"Nunavut",42.143.2,v44332654
2002,0.00,"Nunavut",42.143.2,v44332654
2003,0.00,"Nunavut",42.143.2,v44332654
2004,0.00,"Nunavut",42.143.2,v44332654
2005,3.30,"Nunavut",42.143.2,v44332654
2006,3.25,"Nunavut",42.143.2,v44332654
2007,0.00,"Nunavut",42.143.2,v44332654
2008,3.14,"Nunavut",42.143.2,v44332654
2009,0.00,"Nunavut",42.143.2,v44332654
2010,0.00,"Nunavut",42.143.2,v44332654
2011,5.85,"Nunavut",42.143.2,v44332654
2012,40.31,"Nunavut",42.143.2,v44332654
2013,11.29,"Nunavut",42.143.2,v44332654
2014,11.09,"Nunavut",42.143.2,v44332654
2015,24.38,"Nunavut",42.143.2,v44332654
1998,7.87,"Canada",1.143.2,v44411111
1999,6.07,"Canada",1.143.2,v44411111
2000,4.29,"Canada",1.143.2,v44411111
2001,4.90,"Canada",1.143.2,v44411111
2002,4.46,"Canada",1.143.2,v44411111
2003,3.48,"Canada",1.143.2,v44411111
2004,1.89,"Canada",1.143.2,v44411111
2005,1.93,"Canada",1.143.2,v44411111
2006,1.51,"Canada",1.143.2,v44411111
2007,1.76,"Canada",1.143.2,v44411111
2008,1.36,"Canada",1.143.2,v44411111
2009,1.20,"Canada",1.143.2,v44411111
2010,1.40,"Canada",1.143.2,v44411111
2011,1.22,"Canada",1.143.2,v44411111
2012,1.17,"Canada",1.143.2,v44411111
2013,1.01,"Canada",1.143.2,v44411111
2014,1.04,"Canada",1.143.2,v44411111
2015,0.67,"Canada",1.143.2,v44411111
1998,2.78,"Newfoundland and Labrador",2.143.2,v44385582
1999,0.94,"Newfoundland and Labrador",2.143.2,v44385582
2000,0.38,"Newfoundland and Labrador",2.143.2,v44385582
2001,1.72,"Newfoundland and Labrador",2.143.2,v44385582
2002,1.35,"Newfoundland and Labrador",2.143.2,v44385582
2003,1.35,"Newfoundland and Labrador",2.143.2,v44385582
2004,0.00,"Newfoundland and Labrador",2.143.2,v44385582
2005,1.36,"Newfoundland and Labrador",2.143.2,v44385582
2006,1.96,"Newfoundland and Labrador",2.143.2,v44385582
2007,1.18,"Newfoundland and Labrador",2.143.2,v44385582
2008,1.95,"Newfoundland and Labrador",2.143.2,v44385582
2009,3.10,"Newfoundland and Labrador",2.143.2,v44385582
2010,2.30,"Newfoundland and Labrador",2.143.2,v44385582
2011,1.14,"Newfoundland and Labrador",2.143.2,v44385582
2012,2.47,"Newfoundland and Labrador",2.143.2,v44385582
2013,0.95,"Newfoundland and Labrador",2.143.2,v44385582
2014,0.57,"Newfoundland and Labrador",2.143.2,v44385582
2015,0.38,"Newfoundland and Labrador",2.143.2,v44385582
1998,1.74,"St. John's, Newfoundland and Labrador",3.143.2,v44414777
1999,0.58,"St. John's, Newfoundland and Labrador",3.143.2,v44414777
2000,..,"St. John's, Newfoundland and Labrador",3.143.2,v44414777
2001,0.57,"St. John's, Newfoundland and Labrador",3.143.2,v44414777
2002,1.14,"St. John's, Newfoundland and Labrador",3.143.2,v44414777
2003,1.13,"St. John's, Newfoundland and Labrador",3.143.2,v44414777
2004,0.00,"St. John's, Newfoundland and Labrador",3.143.2,v44414777
2005,1.11,"St. John's, Newfoundland and Labrador",3.143.2,v44414777
2006,1.10,"St. John's, Newfoundland and Labrador",3.143.2,v44414777
2007,0.00,"St. John's, Newfoundland and Labrador",3.143.2,v44414777
2008,0.00,"St. John's, Newfoundland and Labrador",3.143.2,v44414777
2009,0.00,"St. John's, Newfoundland and Labrador",3.143.2,v44414777
2010,0.51,"St. John's, Newfoundland and Labrador",3.143.2,v44414777
2011,0.50,"St. John's, Newfoundland and Labrador",3.143.2,v44414777
2012,0.50,"St. John's, Newfoundland and Labrador",3.143.2,v44414777
2013,0.49,"St. John's, Newfoundland and Labrador",3.143.2,v44414777
2014,0.49,"St. John's, Newfoundland and Labrador",3.143.2,v44414777
2015,0.00,"St. John's, Newfoundland and Labrador",3.143.2,v44414777
1998,8.84,"Prince Edward Island",4.143.2,v44390907
1999,5.87,"Prince Edward Island",4.143.2,v44390907
2000,4.40,"Prince Edward Island",4.143.2,v44390907
2001,5.85,"Prince Edward Island",4.143.2,v44390907
2002,5.84,"Prince Edward Island",4.143.2,v44390907
2003,5.83,"Prince Edward Island",4.143.2,v44390907
2004,2.91,"Prince Edward Island",4.143.2,v44390907
2005,2.17,"Prince Edward Island",4.143.2,v44390907
2006,1.45,"Prince Edward Island",4.143.2,v44390907
2007,2.18,"Prince Edward Island",4.143.2,v44390907
2008,3.60,"Prince Edward Island",4.143.2,v44390907
2009,0.00,"Prince Edward Island",4.143.2,v44390907
2010,0.00,"Prince Edward Island",4.143.2,v44390907
2011,0.69,"Prince Edward Island",4.143.2,v44390907
2012,0.69,"Prince Edward Island",4.143.2,v44390907
2013,0.00,"Prince Edward Island",4.143.2,v44390907
2014,0.00,"Prince Edward Island",4.143.2,v44390907
2015,0.68,"Prince Edward Island",4.143.2,v44390907
1998,9.76,"Nova Scotia",5.143.2,v44383663
1999,7.82,"Nova Scotia",5.143.2,v44383663
2000,4.18,"Nova Scotia",5.143.2,v44383663
2001,5.15,"Nova Scotia",5.143.2,v44383663
2002,4.49,"Nova Scotia",5.143.2,v44383663
2003,4.80,"Nova Scotia",5.143.2,v44383663
2004,1.60,"Nova Scotia",5.143.2,v44383663
2005,2.77,"Nova Scotia",5.143.2,v44383663
2006,3.63,"Nova Scotia",5.143.2,v44383663
2007,17.00,"Nova Scotia",5.143.2,v44383663
2008,1.18,"Nova Scotia",5.143.2,v44383663
2009,2.03,"Nova Scotia",5.143.2,v44383663
2010,1.49,"Nova Scotia",5.143.2,v44383663
2011,2.12,"Nova Scotia",5.143.2,v44383663
2012,1.48,"Nova Scotia",5.143.2,v44383663
2013,0.53,"Nova Scotia",5.143.2,v44383663
2014,1.49,"Nova Scotia",5.143.2,v44383663
2015,0.42,"Nova Scotia",5.143.2,v44383663
1998,9.08,"Halifax, Nova Scotia",6.143.2,v44362968
1999,6.38,"Halifax, Nova Scotia",6.143.2,v44362968
2000,2.18,"Halifax, Nova Scotia",6.143.2,v44362968
2001,2.71,"Halifax, Nova Scotia",6.143.2,v44362968
2002,2.41,"Halifax, Nova Scotia",6.143.2,v44362968
2003,2.39,"Halifax, Nova Scotia",6.143.2,v44362968
2004,1.57,"Halifax, Nova Scotia",6.143.2,v44362968
2005,2.88,"Halifax, Nova Scotia",6.143.2,v44362968
2006,1.30,"Halifax, Nova Scotia",6.143.2,v44362968
2007,0.78,"Halifax, Nova Scotia",6.143.2,v44362968
2008,0.26,"Halifax, Nova Scotia",6.143.2,v44362968
2009,2.79,"Halifax, Nova Scotia",6.143.2,v44362968
2010,2.26,"Halifax, Nova Scotia",6.143.2,v44362968
2011,2.24,"Halifax, Nova Scotia",6.143.2,v44362968
2012,1.48,"Halifax, Nova Scotia",6.143.2,v44362968
2013,0.00,"Halifax, Nova Scotia",6.143.2,v44362968
2014,0.48,"Halifax, Nova Scotia",6.143.2,v44362968
2015,0.24,"Halifax, Nova Scotia",6.143.2,v44362968
1998,8.93,"New Brunswick",7.143.2,v44372902
1999,7.33,"New Brunswick",7.143.2,v44372902
2000,4.40,"New Brunswick",7.143.2,v44372902
2001,5.20,"New Brunswick",7.143.2,v44372902
2002,5.20,"New Brunswick",7.143.2,v44372902
2003,4.27,"New Brunswick",7.143.2,v44372902
2004,2.14,"New Brunswick",7.143.2,v44372902
2005,3.21,"New Brunswick",7.143.2,v44372902
2006,6.57,"New Brunswick",7.143.2,v44372902
2007,4.56,"New Brunswick",7.143.2,v44372902
2008,3.08,"New Brunswick",7.143.2,v44372902
2009,4.80,"New Brunswick",7.143.2,v44372902
2010,9.96,"New Brunswick",7.143.2,v44372902
2011,3.31,"New Brunswick",7.143.2,v44372902
2012,2.64,"New Brunswick",7.143.2,v44372902
2013,5.03,"New Brunswick",7.143.2,v44372902
2014,4.51,"New Brunswick",7.143.2,v44372902
2015,3.32,"New Brunswick",7.143.2,v44372902
2005,..,"Moncton, New Brunswick",43.143.2,v52118030
2006,16.14,"Moncton, New Brunswick",43.143.2,v52118030
2007,13.69,"Moncton, New Brunswick",43.143.2,v52118030
2008,6.01,"Moncton, New Brunswick",43.143.2,v52118030
2009,11.07,"Moncton, New Brunswick",43.143.2,v52118030
2010,31.93,"Moncton, New Brunswick",43.143.2,v52118030
2011,4.29,"Moncton, New Brunswick",43.143.2,v52118030
2012,2.82,"Moncton, New Brunswick",43.143.2,v52118030
2013,4.90,"Moncton, New Brunswick",43.143.2,v52118030
2014,14.22,"Moncton, New Brunswick",43.143.2,v52118030
2015,7.68,"Moncton, New Brunswick",43.143.2,v52118030
1998,18.45,"Saint John, New Brunswick",8.143.2,v44348118
1999,11.61,"Saint John, New Brunswick",8.143.2,v44348118
2000,6.16,"Saint John, New Brunswick",8.143.2,v44348118
2001,5.49,"Saint John, New Brunswick",8.143.2,v44348118
2002,7.54,"Saint John, New Brunswick",8.143.2,v44348118
2003,6.90,"Saint John, New Brunswick",8.143.2,v44348118
2004,3.47,"Saint John, New Brunswick",8.143.2,v44348118
2005,3.48,"Saint John, New Brunswick",8.143.2,v44348118
2006,2.79,"Saint John, New Brunswick",8.143.2,v44348118
2007,2.08,"Saint John, New Brunswick",8.143.2,v44348118
2008,4.15,"Saint John, New Brunswick",8.143.2,v44348118
2009,6.86,"Saint John, New Brunswick",8.143.2,v44348118
2010,11.61,"Saint John, New Brunswick",8.143.2,v44348118
2011,7.48,"Saint John, New Brunswick",8.143.2,v44348118
2012,6.81,"Saint John, New Brunswick",8.143.2,v44348118
2013,14.36,"Saint John, New Brunswick",8.143.2,v44348118
2014,7.04,"Saint John, New Brunswick",8.143.2,v44348118
2015,5.50,"Saint John, New Brunswick",8.143.2,v44348118
1998,2.91,"Quebec",9.143.2,v44344567
1999,2.55,"Quebec",9.143.2,v44344567
2000,2.13,"Quebec",9.143.2,v44344567
2001,2.31,"Quebec",9.143.2,v44344567
2002,2.80,"Quebec",9.143.2,v44344567
2003,3.18,"Quebec",9.143.2,v44344567
2004,2.06,"Quebec",9.143.2,v44344567
2005,1.95,"Quebec",9.143.2,v44344567
2006,1.66,"Quebec",9.143.2,v44344567
2007,1.47,"Quebec",9.143.2,v44344567
2008,1.56,"Quebec",9.143.2,v44344567
2009,1.03,"Quebec",9.143.2,v44344567
2010,1.10,"Quebec",9.143.2,v44344567
2011,1.49,"Quebec",9.143.2,v44344567
2012,1.62,"Quebec",9.143.2,v44344567
2013,1.42,"Quebec",9.143.2,v44344567
2014,1.63,"Quebec",9.143.2,v44344567
2015,1.16,"Quebec",9.143.2,v44344567
1998,1.20,"Saguenay, Quebec",10.143.2,v44405854
1999,..,"Saguenay, Quebec",10.143.2,v44405854
2000,0.61,"Saguenay, Quebec",10.143.2,v44405854
2001,1.23,"Saguenay, Quebec",10.143.2,v44405854
2002,..,"Saguenay, Quebec",10.143.2,v44405854
2003,0.67,"Saguenay, Quebec",10.143.2,v44405854
2004,0.68,"Saguenay, Quebec",10.143.2,v44405854
2005,0.00,"Saguenay, Quebec",10.143.2,v44405854
2006,0.69,"Saguenay, Quebec",10.143.2,v44405854
2007,2.06,"Saguenay, Quebec",10.143.2,v44405854
2008,1.37,"Saguenay, Quebec",10.143.2,v44405854
2009,0.00,"Saguenay, Quebec",10.143.2,v44405854
2010,0.00,"Saguenay, Quebec",10.143.2,v44405854
2011,0.60,"Saguenay, Quebec",10.143.2,v44405854
2012,1.19,"Saguenay, Quebec",10.143.2,v44405854
2013,1.79,"Saguenay, Quebec",10.143.2,v44405854
2014,0.60,"Saguenay, Quebec",10.143.2,v44405854
2015,0.60,"Saguenay, Quebec",10.143.2,v44405854
1998,0.43,"Quebec, Quebec",11.143.2,v44338632
1999,0.43,"Quebec, Quebec",11.143.2,v44338632
2000,0.00,"Quebec, Quebec",11.143.2,v44338632
2001,0.57,"Quebec, Quebec",11.143.2,v44338632
2002,0.28,"Quebec, Quebec",11.143.2,v44338632
2003,0.85,"Quebec, Quebec",11.143.2,v44338632
2004,0.28,"Quebec, Quebec",11.143.2,v44338632
2005,0.14,"Quebec, Quebec",11.143.2,v44338632
2006,0.14,"Quebec, Quebec",11.143.2,v44338632
2007,0.14,"Quebec, Quebec",11.143.2,v44338632
2008,0.94,"Quebec, Quebec",11.143.2,v44338632
2009,0.27,"Quebec, Quebec",11.143.2,v44338632
2010,0.00,"Quebec, Quebec",11.143.2,v44338632
2011,0.00,"Quebec, Quebec",11.143.2,v44338632
2012,0.64,"Quebec, Quebec",11.143.2,v44338632
2013,0.38,"Quebec, Quebec",11.143.2,v44338632
2014,0.13,"Quebec, Quebec",11.143.2,v44338632
2015,0.25,"Quebec, Quebec",11.143.2,v44338632
1998,0.69,"Sherbrooke, Quebec",12.143.2,v44370560
1999,..,"Sherbrooke, Quebec",12.143.2,v44370560
2000,1.38,"Sherbrooke, Quebec",12.143.2,v44370560
2001,..,"Sherbrooke, Quebec",12.143.2,v44370560
2002,0.69,"Sherbrooke, Quebec",12.143.2,v44370560
2003,0.00,"Sherbrooke, Quebec",12.143.2,v44370560
2004,0.68,"Sherbrooke, Quebec",12.143.2,v44370560
2005,2.03,"Sherbrooke, Quebec",12.143.2,v44370560
2006,1.11,"Sherbrooke, Quebec",12.143.2,v44370560
2007,0.00,"Sherbrooke, Quebec",12.143.2,v44370560
2008,0.55,"Sherbrooke, Quebec",12.143.2,v44370560
2009,0.00,"Sherbrooke, Quebec",12.143.2,v44370560
2010,0.53,"Sherbrooke, Quebec",12.143.2,v44370560
2011,1.05,"Sherbrooke, Quebec",12.143.2,v44370560
2012,5.19,"Sherbrooke, Quebec",12.143.2,v44370560
2013,0.51,"Sherbrooke, Quebec",12.143.2,v44370560
2014,0.51,"Sherbrooke, Quebec",12.143.2,v44370560
2015,0.50,"Sherbrooke, Quebec",12.143.2,v44370560
1998,5.41,"Montreal, Quebec",14.143.2,v44367985
1999,4.64,"Montreal, Quebec",14.143.2,v44367985
2000,3.88,"Montreal, Quebec",14.143.2,v44367985
2001,3.99,"Montreal, Quebec",14.143.2,v44367985
2002,4.70,"Montreal, Quebec",14.143.2,v44367985
2003,5.60,"Montreal, Quebec",14.143.2,v44367985
2004,3.39,"Montreal, Quebec",14.143.2,v44367985
2005,3.05,"Montreal, Quebec",14.143.2,v44367985
2006,2.57,"Montreal, Quebec",14.143.2,v44367985
2007,2.29,"Montreal, Quebec",14.143.2,v44367985
2008,2.53,"Montreal, Quebec",14.143.2,v44367985
2009,1.29,"Montreal, Quebec",14.143.2,v44367985
2010,1.53,"Montreal, Quebec",14.143.2,v44367985
2011,2.49,"Montreal, Quebec",14.143.2,v44367985
2012,2.13,"Montreal, Quebec",14.143.2,v44367985
2013,2.16,"Montreal, Quebec",14.143.2,v44367985
2014,2.48,"Montreal, Quebec",14.143.2,v44367985
2015,1.84,"Montreal, Quebec",14.143.2,v44367985
1998,0.39,"Ottawa-Gatineau, Quebec part",15.143.2,v44352161
1999,0.77,"Ottawa-Gatineau, Quebec part",15.143.2,v44352161
2000,0.38,"Ottawa-Gatineau, Quebec part",15.143.2,v44352161
2001,0.00,"Ottawa-Gatineau, Quebec part",15.143.2,v44352161
2002,0.37,"Ottawa-Gatineau, Quebec part",15.143.2,v44352161
2003,..,"Ottawa-Gatineau, Quebec part",15.143.2,v44352161
2004,0.71,"Ottawa-Gatineau, Quebec part",15.143.2,v44352161
2005,1.06,"Ottawa-Gatineau, Quebec part",15.143.2,v44352161
2006,0.35,"Ottawa-Gatineau, Quebec part",15.143.2,v44352161
2007,0.00,"Ottawa-Gatineau, Quebec part",15.143.2,v44352161
2008,0.67,"Ottawa-Gatineau, Quebec part",15.143.2,v44352161
2009,0.33,"Ottawa-Gatineau, Quebec part",15.143.2,v44352161
2010,1.94,"Ottawa-Gatineau, Quebec part",15.143.2,v44352161
2011,0.00,"Ottawa-Gatineau, Quebec part",15.143.2,v44352161
2012,2.19,"Ottawa-Gatineau, Quebec part",15.143.2,v44352161
2013,1.55,"Ottawa-Gatineau, Quebec part",15.143.2,v44352161
2014,0.92,"Ottawa-Gatineau, Quebec part",15.143.2,v44352161
2015,0.30,"Ottawa-Gatineau, Quebec part",15.143.2,v44352161
1998,10.83,"Ontario",16.143.2,v44366558
1999,7.92,"Ontario",16.143.2,v44366558
2000,5.79,"Ontario",16.143.2,v44366558
2001,5.76,"Ontario",16.143.2,v44366558
2002,5.61,"Ontario",16.143.2,v44366558
2003,3.13,"Ontario",16.143.2,v44366558
2004,1.11,"Ontario",16.143.2,v44366558
2005,1.74,"Ontario",16.143.2,v44366558
2006,1.28,"Ontario",16.143.2,v44366558
2007,1.38,"Ontario",16.143.2,v44366558
2008,1.70,"Ontario",16.143.2,v44366558
2009,1.51,"Ontario",16.143.2,v44366558
2010,1.83,"Ontario",16.143.2,v44366558
2011,1.54,"Ontario",16.143.2,v44366558
2012,1.29,"Ontario",16.143.2,v44366558
2013,1.13,"Ontario",16.143.2,v44366558
2014,1.01,"Ontario",16.143.2,v44366558
2015,0.62,"Ontario",16.143.2,v44366558
1998,7.13,"Ottawa-Gatineau, Ontario/Quebec",17.143.2,v52147488
1999,2.71,"Ottawa-Gatineau, Ontario/Quebec",17.143.2,v52147488
2000,1.74,"Ottawa-Gatineau, Ontario/Quebec",17.143.2,v52147488
2001,1.97,"Ottawa-Gatineau, Ontario/Quebec",17.143.2,v52147488
2002,1.86,"Ottawa-Gatineau, Ontario/Quebec",17.143.2,v52147488
2003,1.40,"Ottawa-Gatineau, Ontario/Quebec",17.143.2,v52147488
2004,2.07,"Ottawa-Gatineau, Ontario/Quebec",17.143.2,v52147488
2005,0.85,"Ottawa-Gatineau, Ontario/Quebec",17.143.2,v52147488
2006,0.51,"Ottawa-Gatineau, Ontario/Quebec",17.143.2,v52147488
2007,0.75,"Ottawa-Gatineau, Ontario/Quebec",17.143.2,v52147488
2008,1.15,"Ottawa-Gatineau, Ontario/Quebec",17.143.2,v52147488
2009,1.95,"Ottawa-Gatineau, Ontario/Quebec",17.143.2,v52147488
2010,3.05,"Ottawa-Gatineau, Ontario/Quebec",17.143.2,v52147488
2011,2.21,"Ottawa-Gatineau, Ontario/Quebec",17.143.2,v52147488
2012,3.27,"Ottawa-Gatineau, Ontario/Quebec",17.143.2,v52147488
2013,2.54,"Ottawa-Gatineau, Ontario/Quebec",17.143.2,v52147488
2014,2.67,"Ottawa-Gatineau, Ontario/Quebec",17.143.2,v52147488
2015,1.66,"Ottawa-Gatineau, Ontario/Quebec",17.143.2,v52147488
1998,9.38,"Ottawa-Gatineau, Ontario part",18.143.2,v44370549
1999,3.33,"Ottawa-Gatineau, Ontario part",18.143.2,v44370549
2000,2.17,"Ottawa-Gatineau, Ontario part",18.143.2,v44370549
2001,2.59,"Ottawa-Gatineau, Ontario part",18.143.2,v44370549
2002,2.33,"Ottawa-Gatineau, Ontario part",18.143.2,v44370549
2003,1.84,"Ottawa-Gatineau, Ontario part",18.143.2,v44370549
2004,2.50,"Ottawa-Gatineau, Ontario part",18.143.2,v44370549
2005,0.79,"Ottawa-Gatineau, Ontario part",18.143.2,v44370549
2006,0.56,"Ottawa-Gatineau, Ontario part",18.143.2,v44370549
2007,1.00,"Ottawa-Gatineau, Ontario part",18.143.2,v44370549
2008,1.31,"Ottawa-Gatineau, Ontario part",18.143.2,v44370549
2009,2.48,"Ottawa-Gatineau, Ontario part",18.143.2,v44370549
2010,3.41,"Ottawa-Gatineau, Ontario part",18.143.2,v44370549
2011,2.94,"Ottawa-Gatineau, Ontario part",18.143.2,v44370549
2012,3.63,"Ottawa-Gatineau, Ontario part",18.143.2,v44370549
2013,2.87,"Ottawa-Gatineau, Ontario part",18.143.2,v44370549
2014,3.24,"Ottawa-Gatineau, Ontario part",18.143.2,v44370549
2015,2.11,"Ottawa-Gatineau, Ontario part",18.143.2,v44370549
2000,..,"Kingston, Ontario",27.143.2,v44416032
2001,64.27,"Kingston, Ontario",27.143.2,v44416032
2002,82.55,"Kingston, Ontario",27.143.2,v44416032
2003,71.49,"Kingston, Ontario",27.143.2,v44416032
2004,3.21,"Kingston, Ontario",27.143.2,v44416032
2005,60.26,"Kingston, Ontario",27.143.2,v44416032
2006,39.69,"Kingston, Ontario",27.143.2,v44416032
2007,44.69,"Kingston, Ontario",27.143.2,v44416032
2008,38.62,"Kingston, Ontario",27.143.2,v44416032
2009,15.67,"Kingston, Ontario",27.143.2,v44416032
2010,3.72,"Kingston, Ontario",27.143.2,v44416032
2011,2.46,"Kingston, Ontario",27.143.2,v44416032
2012,0.00,"Kingston, Ontario",27.143.2,v44416032
2013,0.00,"Kingston, Ontario",27.143.2,v44416032
2014,0.60,"Kingston, Ontario",27.143.2,v44416032
2015,0.60,"Kingston, Ontario",27.143.2,v44416032
2006,0.00,"Peterborough, Ontario",44.143.2,v62130142
2007,0.00,"Peterborough, Ontario",44.143.2,v62130142
2008,0.00,"Peterborough, Ontario",44.143.2,v62130142
2009,0.00,"Peterborough, Ontario",44.143.2,v62130142
2010,0.00,"Peterborough, Ontario",44.143.2,v62130142
2011,0.83,"Peterborough, Ontario",44.143.2,v62130142
2012,0.00,"Peterborough, Ontario",44.143.2,v62130142
2013,0.82,"Peterborough, Ontario",44.143.2,v62130142
2014,0.00,"Peterborough, Ontario",44.143.2,v62130142
2015,1.64,"Peterborough, Ontario",44.143.2,v62130142
1998,12.65,"Toronto, Ontario",19.143.2,v44369763
1999,9.46,"Toronto, Ontario",19.143.2,v44369763
2000,6.79,"Toronto, Ontario",19.143.2,v44369763
2001,6.97,"Toronto, Ontario",19.143.2,v44369763
2002,7.62,"Toronto, Ontario",19.143.2,v44369763
2003,2.87,"Toronto, Ontario",19.143.2,v44369763
2004,0.58,"Toronto, Ontario",19.143.2,v44369763
2005,0.76,"Toronto, Ontario",19.143.2,v44369763
2006,0.66,"Toronto, Ontario",19.143.2,v44369763
2007,0.78,"Toronto, Ontario",19.143.2,v44369763
2008,1.83,"Toronto, Ontario",19.143.2,v44369763
2009,1.71,"Toronto, Ontario",19.143.2,v44369763
2010,2.75,"Toronto, Ontario",19.143.2,v44369763
2011,1.41,"Toronto, Ontario",19.143.2,v44369763
2012,1.46,"Toronto, Ontario",19.143.2,v44369763
2013,1.25,"Toronto, Ontario",19.143.2,v44369763
2014,0.82,"Toronto, Ontario",19.143.2,v44369763
2015,0.30,"Toronto, Ontario",19.143.2,v44369763
1998,8.61,"Hamilton, Ontario",20.143.2,v44336736
1999,6.18,"Hamilton, Ontario",20.143.2,v44336736
2000,4.41,"Hamilton, Ontario",20.143.2,v44336736
2001,5.70,"Hamilton, Ontario",20.143.2,v44336736
2002,4.14,"Hamilton, Ontario",20.143.2,v44336736
2003,3.65,"Hamilton, Ontario",20.143.2,v44336736
2004,2.01,"Hamilton, Ontario",20.143.2,v44336736
2005,1.85,"Hamilton, Ontario",20.143.2,v44336736
2006,0.43,"Hamilton, Ontario",20.143.2,v44336736
2007,0.43,"Hamilton, Ontario",20.143.2,v44336736
2008,0.00,"Hamilton, Ontario",20.143.2,v44336736
2009,0.28,"Hamilton, Ontario",20.143.2,v44336736
2010,0.28,"Hamilton, Ontario",20.143.2,v44336736
2011,0.28,"Hamilton, Ontario",20.143.2,v44336736
2012,0.41,"Hamilton, Ontario",20.143.2,v44336736
2013,0.27,"Hamilton, Ontario",20.143.2,v44336736
2014,0.13,"Hamilton, Ontario",20.143.2,v44336736
2015,0.40,"Hamilton, Ontario",20.143.2,v44336736
1998,4.29,"St.Catharines-Niagara, Ontario",21.143.2,v44412975
1999,8.30,"St.Catharines-Niagara, Ontario",21.143.2,v44412975
2000,3.77,"St.Catharines-Niagara, Ontario",21.143.2,v44412975
2001,3.99,"St.Catharines-Niagara, Ontario",21.143.2,v44412975
2002,3.97,"St.Catharines-Niagara, Ontario",21.143.2,v44412975
2003,3.72,"St.Catharines-Niagara, Ontario",21.143.2,v44412975
2004,4.81,"St.Catharines-Niagara, Ontario",21.143.2,v44412975
2005,5.92,"St.Catharines-Niagara, Ontario",21.143.2,v44412975
2006,3.39,"St.Catharines-Niagara, Ontario",21.143.2,v44412975
2007,5.89,"St.Catharines-Niagara, Ontario",21.143.2,v44412975
2008,3.18,"St.Catharines-Niagara, Ontario",21.143.2,v44412975
2009,3.86,"St.Catharines-Niagara, Ontario",21.143.2,v44412975
2010,2.94,"St.Catharines-Niagara, Ontario",21.143.2,v44412975
2011,2.94,"St.Catharines-Niagara, Ontario",21.143.2,v44412975
2012,1.58,"St.Catharines-Niagara, Ontario",21.143.2,v44412975
2013,1.57,"St.Catharines-Niagara, Ontario",21.143.2,v44412975
2014,2.46,"St.Catharines-Niagara, Ontario",21.143.2,v44412975
2015,1.78,"St.Catharines-Niagara, Ontario",21.143.2,v44412975
1998,0.46,"Kitchener-Cambridge-Waterloo, Ontario",22.143.2,v44383240
1999,0.46,"Kitchener-Cambridge-Waterloo, Ontario",22.143.2,v44383240
2000,0.22,"Kitchener-Cambridge-Waterloo, Ontario",22.143.2,v44383240
2001,0.66,"Kitchener-Cambridge-Waterloo, Ontario",22.143.2,v44383240
2002,0.22,"Kitchener-Cambridge-Waterloo, Ontario",22.143.2,v44383240
2003,0.64,"Kitchener-Cambridge-Waterloo, Ontario",22.143.2,v44383240
2004,0.62,"Kitchener-Cambridge-Waterloo, Ontario",22.143.2,v44383240
2005,0.00,"Kitchener-Cambridge-Waterloo, Ontario",22.143.2,v44383240
2006,0.40,"Kitchener-Cambridge-Waterloo, Ontario",22.143.2,v44383240
2007,0.40,"Kitchener-Cambridge-Waterloo, Ontario",22.143.2,v44383240
2008,0.00,"Kitchener-Cambridge-Waterloo, Ontario",22.143.2,v44383240
2009,0.78,"Kitchener-Cambridge-Waterloo, Ontario",22.143.2,v44383240
2010,0.39,"Kitchener-Cambridge-Waterloo, Ontario",22.143.2,v44383240
2011,1.53,"Kitchener-Cambridge-Waterloo, Ontario",22.143.2,v44383240
2012,0.57,"Kitchener-Cambridge-Waterloo, Ontario",22.143.2,v44383240
2013,0.75,"Kitchener-Cambridge-Waterloo, Ontario",22.143.2,v44383240
2014,0.56,"Kitchener-Cambridge-Waterloo, Ontario",22.143.2,v44383240
2015,0.74,"Kitchener-Cambridge-Waterloo, Ontario",22.143.2,v44383240
2005,..,"Brantford, Ontario",45.143.2,v52124704
2006,1.47,"Brantford, Ontario",45.143.2,v52124704
2007,0.73,"Brantford, Ontario",45.143.2,v52124704
2008,1.45,"Brantford, Ontario",45.143.2,v52124704
2009,0.00,"Brantford, Ontario",45.143.2,v52124704
2010,0.00,"Brantford, Ontario",45.143.2,v52124704
2011,1.42,"Brantford, Ontario",45.143.2,v52124704
2012,0.00,"Brantford, Ontario",45.143.2,v52124704
2013,0.00,"Brantford, Ontario",45.143.2,v52124704
2014,0.00,"Brantford, Ontario",45.143.2,v52124704
2015,0.00,"Brantford, Ontario",45.143.2,v52124704
2006,0.00,"Guelph, Ontario",46.143.2,v53088768
2007,0.00,"Guelph, Ontario",46.143.2,v53088768
2008,0.00,"Guelph, Ontario",46.143.2,v53088768
2009,0.81,"Guelph, Ontario",46.143.2,v53088768
2010,0.00,"Guelph, Ontario",46.143.2,v53088768
2011,0.00,"Guelph, Ontario",46.143.2,v53088768
2012,0.00,"Guelph, Ontario",46.143.2,v53088768
2013,0.00,"Guelph, Ontario",46.143.2,v53088768
2014,0.00,"Guelph, Ontario",46.143.2,v53088768
2015,0.00,"Guelph, Ontario",46.143.2,v53088768
1998,1.31,"London, Ontario",23.143.2,v44393594
1999,4.65,"London, Ontario",23.143.2,v44393594
2000,1.11,"London, Ontario",23.143.2,v44393594
2001,1.53,"London, Ontario",23.143.2,v44393594
2002,0.22,"London, Ontario",23.143.2,v44393594
2003,0.22,"London, Ontario",23.143.2,v44393594
2004,1.70,"London, Ontario",23.143.2,v44393594
2005,0.00,"London, Ontario",23.143.2,v44393594
2006,0.42,"London, Ontario",23.143.2,v44393594
2007,0.42,"London, Ontario",23.143.2,v44393594
2008,0.21,"London, Ontario",23.143.2,v44393594
2009,0.00,"London, Ontario",23.143.2,v44393594
2010,0.41,"London, Ontario",23.143.2,v44393594
2011,0.41,"London, Ontario",23.143.2,v44393594
2012,0.60,"London, Ontario",23.143.2,v44393594
2013,0.00,"London, Ontario",23.143.2,v44393594
2014,0.20,"London, Ontario",23.143.2,v44393594
2015,0.79,"London, Ontario",23.143.2,v44393594
1998,1.30,"Windsor, Ontario",24.143.2,v44378691
1999,1.30,"Windsor, Ontario",24.143.2,v44378691
2000,1.27,"Windsor, Ontario",24.143.2,v44378691
2001,0.31,"Windsor, Ontario",24.143.2,v44378691
2002,0.31,"Windsor, Ontario",24.143.2,v44378691
2003,0.00,"Windsor, Ontario",24.143.2,v44378691
2004,0.30,"Windsor, Ontario",24.143.2,v44378691
2005,1.19,"Windsor, Ontario",24.143.2,v44378691
2006,0.00,"Windsor, Ontario",24.143.2,v44378691
2007,0.00,"Windsor, Ontario",24.143.2,v44378691
2008,1.51,"Windsor, Ontario",24.143.2,v44378691
2009,0.61,"Windsor, Ontario",24.143.2,v44378691
2010,0.91,"Windsor, Ontario",24.143.2,v44378691
2011,1.52,"Windsor, Ontario",24.143.2,v44378691
2012,1.21,"Windsor, Ontario",24.143.2,v44378691
2013,0.30,"Windsor, Ontario",24.143.2,v44378691
2014,0.00,"Windsor, Ontario",24.143.2,v44378691
2015,0.30,"Windsor, Ontario",24.143.2,v44378691
2005,..,"Barrie, Ontario",47.143.2,v52143848
2006,0.52,"Barrie, Ontario",47.143.2,v52143848
2007,0.00,"Barrie, Ontario",47.143.2,v52143848
2008,0.51,"Barrie, Ontario",47.143.2,v52143848
2009,0.51,"Barrie, Ontario",47.143.2,v52143848
2010,0.00,"Barrie, Ontario",47.143.2,v52143848
2011,0.00,"Barrie, Ontario",47.143.2,v52143848
2012,0.00,"Barrie, Ontario",47.143.2,v52143848
2013,0.96,"Barrie, Ontario",47.143.2,v52143848
2014,0.00,"Barrie, Ontario",47.143.2,v52143848
2015,0.94,"Barrie, Ontario",47.143.2,v52143848
1998,7.21,"Sudbury, Ontario",25.143.2,v44363687
1999,6.73,"Sudbury, Ontario",25.143.2,v44363687
2000,4.94,"Sudbury, Ontario",25.143.2,v44363687
2001,5.58,"Sudbury, Ontario",25.143.2,v44363687
2002,3.73,"Sudbury, Ontario",25.143.2,v44363687
2003,0.62,"Sudbury, Ontario",25.143.2,v44363687
2004,1.86,"Sudbury, Ontario",25.143.2,v44363687
2005,1.23,"Sudbury, Ontario",25.143.2,v44363687
2006,0.61,"Sudbury, Ontario",25.143.2,v44363687
2007,1.22,"Sudbury, Ontario",25.143.2,v44363687
2008,1.82,"Sudbury, Ontario",25.143.2,v44363687
2009,1.21,"Sudbury, Ontario",25.143.2,v44363687
2010,1.21,"Sudbury, Ontario",25.143.2,v44363687
2011,1.82,"Sudbury, Ontario",25.143.2,v44363687
2012,0.00,"Sudbury, Ontario",25.143.2,v44363687
2013,1.82,"Sudbury, Ontario",25.143.2,v44363687
2014,3.64,"Sudbury, Ontario",25.143.2,v44363687
2015,0.61,"Sudbury, Ontario",25.143.2,v44363687
1998,16.40,"Thunder Bay, Ontario",26.143.2,v44333837
1999,12.57,"Thunder Bay, Ontario",26.143.2,v44333837
2000,0.79,"Thunder Bay, Ontario",26.143.2,v44333837
2001,..,"Thunder Bay, Ontario",26.143.2,v44333837
2002,..,"Thunder Bay, Ontario",26.143.2,v44333837
2003,0.00,"Thunder Bay, Ontario",26.143.2,v44333837
2004,0.00,"Thunder Bay, Ontario",26.143.2,v44333837
2005,0.00,"Thunder Bay, Ontario",26.143.2,v44333837
2006,0.00,"Thunder Bay, Ontario",26.143.2,v44333837
2007,0.00,"Thunder Bay, Ontario",26.143.2,v44333837
2008,0.00,"Thunder Bay, Ontario",26.143.2,v44333837
2009,0.00,"Thunder Bay, Ontario",26.143.2,v44333837
2010,0.00,"Thunder Bay, Ontario",26.143.2,v44333837
2011,0.00,"Thunder Bay, Ontario",26.143.2,v44333837
2012,0.00,"Thunder Bay, Ontario",26.143.2,v44333837
2013,0.00,"Thunder Bay, Ontario",26.143.2,v44333837
2014,0.00,"Thunder Bay, Ontario",26.143.2,v44333837
2015,0.83,"Thunder Bay, Ontario",26.143.2,v44333837
1998,7.47,"Manitoba",28.143.2,v44366372
1999,5.60,"Manitoba",28.143.2,v44366372
2000,2.61,"Manitoba",28.143.2,v44366372
2001,3.56,"Manitoba",28.143.2,v44366372
2002,2.42,"Manitoba",28.143.2,v44366372
2003,2.49,"Manitoba",28.143.2,v44366372
2004,1.11,"Manitoba",28.143.2,v44366372
2005,1.95,"Manitoba",28.143.2,v44366372
2006,0.68,"Manitoba",28.143.2,v44366372
2007,1.51,"Manitoba",28.143.2,v44366372
2008,0.83,"Manitoba",28.143.2,v44366372
2009,0.41,"Manitoba",28.143.2,v44366372
2010,0.74,"Manitoba",28.143.2,v44366372
2011,0.41,"Manitoba",28.143.2,v44366372
2012,0.40,"Manitoba",28.143.2,v44366372
2013,0.47,"Manitoba",28.143.2,v44366372
2014,0.47,"Manitoba",28.143.2,v44366372
2015,0.08,"Manitoba",28.143.2,v44366372
1998,5.68,"Winnipeg, Manitoba",29.143.2,v44354026
1999,4.61,"Winnipeg, Manitoba",29.143.2,v44354026
2000,0.74,"Winnipeg, Manitoba",29.143.2,v44354026
2001,1.76,"Winnipeg, Manitoba",29.143.2,v44354026
2002,0.88,"Winnipeg, Manitoba",29.143.2,v44354026
2003,0.87,"Winnipeg, Manitoba",29.143.2,v44354026
2004,0.29,"Winnipeg, Manitoba",29.143.2,v44354026
2005,1.86,"Winnipeg, Manitoba",29.143.2,v44354026
2006,0.41,"Winnipeg, Manitoba",29.143.2,v44354026
2007,0.67,"Winnipeg, Manitoba",29.143.2,v44354026
2008,0.53,"Winnipeg, Manitoba",29.143.2,v44354026
2009,0.40,"Winnipeg, Manitoba",29.143.2,v44354026
2010,0.26,"Winnipeg, Manitoba",29.143.2,v44354026
2011,0.13,"Winnipeg, Manitoba",29.143.2,v44354026
2012,0.13,"Winnipeg, Manitoba",29.143.2,v44354026
2013,0.50,"Winnipeg, Manitoba",29.143.2,v44354026
2014,0.63,"Winnipeg, Manitoba",29.143.2,v44354026
2015,0.12,"Winnipeg, Manitoba",29.143.2,v44354026
1998,6.68,"Saskatchewan",30.143.2,v44329334
1999,6.01,"Saskatchewan",30.143.2,v44329334
2000,3.57,"Saskatchewan",30.143.2,v44329334
2001,11.10,"Saskatchewan",30.143.2,v44329334
2002,3.71,"Saskatchewan",30.143.2,v44329334
2003,3.71,"Saskatchewan",30.143.2,v44329334
2004,8.52,"Saskatchewan",30.143.2,v44329334
2005,1.11,"Saskatchewan",30.143.2,v44329334
2006,0.71,"Saskatchewan",30.143.2,v44329334
2007,2.49,"Saskatchewan",30.143.2,v44329334
2008,0.39,"Saskatchewan",30.143.2,v44329334
2009,0.58,"Saskatchewan",30.143.2,v44329334
2010,0.57,"Saskatchewan",30.143.2,v44329334
2011,0.75,"Saskatchewan",30.143.2,v44329334
2012,0.18,"Saskatchewan",30.143.2,v44329334
2013,0.63,"Saskatchewan",30.143.2,v44329334
2014,0.53,"Saskatchewan",30.143.2,v44329334
2015,0.44,"Saskatchewan",30.143.2,v44329334
1998,1.00,"Regina, Saskatchewan",31.143.2,v44377534
1999,0.50,"Regina, Saskatchewan",31.143.2,v44377534
2000,2.01,"Regina, Saskatchewan",31.143.2,v44377534
2001,24.21,"Regina, Saskatchewan",31.143.2,v44377534
2002,0.51,"Regina, Saskatchewan",31.143.2,v44377534
2003,0.00,"Regina, Saskatchewan",31.143.2,v44377534
2004,35.19,"Regina, Saskatchewan",31.143.2,v44377534
2005,0.00,"Regina, Saskatchewan",31.143.2,v44377534
2006,0.49,"Regina, Saskatchewan",31.143.2,v44377534
2007,4.88,"Regina, Saskatchewan",31.143.2,v44377534
2008,0.96,"Regina, Saskatchewan",31.143.2,v44377534
2009,0.47,"Regina, Saskatchewan",31.143.2,v44377534
2010,0.92,"Regina, Saskatchewan",31.143.2,v44377534
2011,0.00,"Regina, Saskatchewan",31.143.2,v44377534
2012,0.44,"Regina, Saskatchewan",31.143.2,v44377534
2013,0.00,"Regina, Saskatchewan",31.143.2,v44377534
2014,0.84,"Regina, Saskatchewan",31.143.2,v44377534
2015,0.00,"Regina, Saskatchewan",31.143.2,v44377534
1998,4.80,"Saskatoon, Saskatchewan",32.143.2,v44357414
1999,7.81,"Saskatoon, Saskatchewan",32.143.2,v44357414
2000,0.87,"Saskatoon, Saskatchewan",32.143.2,v44357414
2001,7.57,"Saskatoon, Saskatchewan",32.143.2,v44357414
2002,0.84,"Saskatoon, Saskatchewan",32.143.2,v44357414
2003,0.41,"Saskatoon, Saskatchewan",32.143.2,v44357414
2004,0.00,"Saskatoon, Saskatchewan",32.143.2,v44357414
2005,0.41,"Saskatoon, Saskatchewan",32.143.2,v44357414
2006,0.40,"Saskatoon, Saskatchewan",32.143.2,v44357414
2007,0.40,"Saskatoon, Saskatchewan",32.143.2,v44357414
2008,0.00,"Saskatoon, Saskatchewan",32.143.2,v44357414
2009,0.38,"Saskatoon, Saskatchewan",32.143.2,v44357414
2010,0.00,"Saskatoon, Saskatchewan",32.143.2,v44357414
2011,0.00,"Saskatoon, Saskatchewan",32.143.2,v44357414
2012,0.35,"Saskatoon, Saskatchewan",32.143.2,v44357414
2013,0.34,"Saskatoon, Saskatchewan",32.143.2,v44357414
2014,0.00,"Saskatoon, Saskatchewan",32.143.2,v44357414
2015,0.00,"Saskatoon, Saskatchewan",32.143.2,v44357414
1998,5.66,"Alberta",33.143.2,v44343317
1999,4.91,"Alberta",33.143.2,v44343317
2000,3.76,"Alberta",33.143.2,v44343317
2001,4.55,"Alberta",33.143.2,v44343317
2002,3.45,"Alberta",33.143.2,v44343317
2003,3.42,"Alberta",33.143.2,v44343317
2004,2.04,"Alberta",33.143.2,v44343317
2005,1.60,"Alberta",33.143.2,v44343317
2006,1.02,"Alberta",33.143.2,v44343317
2007,0.65,"Alberta",33.143.2,v44343317
2008,0.92,"Alberta",33.143.2,v44343317
2009,0.71,"Alberta",33.143.2,v44343317
2010,0.62,"Alberta",33.143.2,v44343317
2011,0.61,"Alberta",33.143.2,v44343317
2012,0.33,"Alberta",33.143.2,v44343317
2013,0.35,"Alberta",33.143.2,v44343317
2014,0.51,"Alberta",33.143.2,v44343317
2015,0.17,"Alberta",33.143.2,v44343317
1998,5.17,"Calgary, Alberta",34.143.2,v44337882
1999,4.82,"Calgary, Alberta",34.143.2,v44337882
2000,2.61,"Calgary, Alberta",34.143.2,v44337882
2001,5.09,"Calgary, Alberta",34.143.2,v44337882
2002,2.58,"Calgary, Alberta",34.143.2,v44337882
2003,3.68,"Calgary, Alberta",34.143.2,v44337882
2004,2.72,"Calgary, Alberta",34.143.2,v44337882
2005,2.66,"Calgary, Alberta",34.143.2,v44337882
2006,1.78,"Calgary, Alberta",34.143.2,v44337882
2007,1.30,"Calgary, Alberta",34.143.2,v44337882
2008,1.51,"Calgary, Alberta",34.143.2,v44337882
2009,1.55,"Calgary, Alberta",34.143.2,v44337882
2010,1.12,"Calgary, Alberta",34.143.2,v44337882
2011,1.03,"Calgary, Alberta",34.143.2,v44337882
2012,0.31,"Calgary, Alberta",34.143.2,v44337882
2013,0.37,"Calgary, Alberta",34.143.2,v44337882
2014,0.50,"Calgary, Alberta",34.143.2,v44337882
2015,0.14,"Calgary, Alberta",34.143.2,v44337882
1998,2.27,"Edmonton, Alberta",35.143.2,v44412271
1999,1.38,"Edmonton, Alberta",35.143.2,v44412271
2000,1.99,"Edmonton, Alberta",35.143.2,v44412271
2001,1.34,"Edmonton, Alberta",35.143.2,v44412271
2002,1.11,"Edmonton, Alberta",35.143.2,v44412271
2003,1.00,"Edmonton, Alberta",35.143.2,v44412271
2004,0.98,"Edmonton, Alberta",35.143.2,v44412271
2005,0.67,"Edmonton, Alberta",35.143.2,v44412271
2006,0.55,"Edmonton, Alberta",35.143.2,v44412271
2007,0.36,"Edmonton, Alberta",35.143.2,v44412271
2008,0.53,"Edmonton, Alberta",35.143.2,v44412271
2009,0.09,"Edmonton, Alberta",35.143.2,v44412271
2010,0.42,"Edmonton, Alberta",35.143.2,v44412271
2011,0.41,"Edmonton, Alberta",35.143.2,v44412271
2012,0.32,"Edmonton, Alberta",35.143.2,v44412271
2013,0.31,"Edmonton, Alberta",35.143.2,v44412271
2014,0.38,"Edmonton, Alberta",35.143.2,v44412271
2015,0.07,"Edmonton, Alberta",35.143.2,v44412271
1998,10.67,"British Columbia",36.143.2,v44413139
1999,8.28,"British Columbia",36.143.2,v44413139
2000,5.55,"British Columbia",36.143.2,v44413139
2001,6.55,"British Columbia",36.143.2,v44413139
2002,5.93,"British Columbia",36.143.2,v44413139
2003,5.12,"British Columbia",36.143.2,v44413139
2004,2.70,"British Columbia",36.143.2,v44413139
2005,2.57,"British Columbia",36.143.2,v44413139
2006,1.34,"British Columbia",36.143.2,v44413139
2007,0.47,"British Columbia",36.143.2,v44413139
2008,0.32,"British Columbia",36.143.2,v44413139
2009,0.32,"British Columbia",36.143.2,v44413139
2010,0.18,"British Columbia",36.143.2,v44413139
2011,0.16,"British Columbia",36.143.2,v44413139
2012,0.37,"British Columbia",36.143.2,v44413139
2013,0.13,"British Columbia",36.143.2,v44413139
2014,0.15,"British Columbia",36.143.2,v44413139
2015,0.06,"British Columbia",36.143.2,v44413139
2005,..,"Kelowna, British Columbia",48.143.2,v52145700
2006,2.39,"Kelowna, British Columbia",48.143.2,v52145700
2007,1.75,"Kelowna, British Columbia",48.143.2,v52145700
2008,0.00,"Kelowna, British Columbia",48.143.2,v52145700
2009,0.00,"Kelowna, British Columbia",48.143.2,v52145700
2010,0.00,"Kelowna, British Columbia",48.143.2,v52145700
2011,0.00,"Kelowna, British Columbia",48.143.2,v52145700
2012,0.00,"Kelowna, British Columbia",48.143.2,v52145700
2013,0.00,"Kelowna, British Columbia",48.143.2,v52145700
2014,0.00,"Kelowna, British Columbia",48.143.2,v52145700
2015,0.00,"Kelowna, British Columbia",48.143.2,v52145700
2000,..,"Abbotsford-Mission, British Columbia",39.143.2,v44349975
2001,7.84,"Abbotsford-Mission, British Columbia",39.143.2,v44349975
2002,9.03,"Abbotsford-Mission, British Columbia",39.143.2,v44349975
2003,6.82,"Abbotsford-Mission, British Columbia",39.143.2,v44349975
2004,4.40,"Abbotsford-Mission, British Columbia",39.143.2,v44349975
2005,3.72,"Abbotsford-Mission, British Columbia",39.143.2,v44349975
2006,0.61,"Abbotsford-Mission, British Columbia",39.143.2,v44349975
2007,0.00,"Abbotsford-Mission, British Columbia",39.143.2,v44349975
2008,0.59,"Abbotsford-Mission, British Columbia",39.143.2,v44349975
2009,0.00,"Abbotsford-Mission, British Columbia",39.143.2,v44349975
2010,0.58,"Abbotsford-Mission, British Columbia",39.143.2,v44349975
2011,0.57,"Abbotsford-Mission, British Columbia",39.143.2,v44349975
2012,0.00,"Abbotsford-Mission, British Columbia",39.143.2,v44349975
2013,0.56,"Abbotsford-Mission, British Columbia",39.143.2,v44349975
2014,0.00,"Abbotsford-Mission, British Columbia",39.143.2,v44349975
2015,0.00,"Abbotsford-Mission, British Columbia",39.143.2,v44349975
1998,8.29,"Vancouver, British Columbia",37.143.2,v44366271
1999,6.39,"Vancouver, British Columbia",37.143.2,v44366271
2000,4.33,"Vancouver, British Columbia",37.143.2,v44366271
2001,5.71,"Vancouver, British Columbia",37.143.2,v44366271
2002,4.42,"Vancouver, British Columbia",37.143.2,v44366271
2003,3.83,"Vancouver, British Columbia",37.143.2,v44366271
2004,2.25,"Vancouver, British Columbia",37.143.2,v44366271
2005,2.45,"Vancouver, British Columbia",37.143.2,v44366271
2006,0.96,"Vancouver, British Columbia",37.143.2,v44366271
2007,0.14,"Vancouver, British Columbia",37.143.2,v44366271
2008,0.40,"Vancouver, British Columbia",37.143.2,v44366271
2009,0.39,"Vancouver, British Columbia",37.143.2,v44366271
2010,0.17,"Vancouver, British Columbia",37.143.2,v44366271
2011,0.08,"Vancouver, British Columbia",37.143.2,v44366271
2012,0.37,"Vancouver, British Columbia",37.143.2,v44366271
2013,0.12,"Vancouver, British Columbia",37.143.2,v44366271
2014,0.16,"Vancouver, British Columbia",37.143.2,v44366271
2015,0.08,"Vancouver, British Columbia",37.143.2,v44366271
1998,15.29,"Victoria, British Columbia",38.143.2,v44410502
1999,11.34,"Victoria, British Columbia",38.143.2,v44410502
2000,6.78,"Victoria, British Columbia",38.143.2,v44410502
2001,7.35,"Victoria, British Columbia",38.143.2,v44410502
2002,7.31,"Victoria, British Columbia",38.143.2,v44410502
2003,6.36,"Victoria, British Columbia",38.143.2,v44410502
2004,1.20,"Victoria, British Columbia",38.143.2,v44410502
2005,0.00,"Victoria, British Columbia",38.143.2,v44410502
2006,0.29,"Victoria, British Columbia",38.143.2,v44410502
2007,0.00,"Victoria, British Columbia",38.143.2,v44410502
2008,0.00,"Victoria, British Columbia",38.143.2,v44410502
2009,0.00,"Victoria, British Columbia",38.143.2,v44410502
2010,0.28,"Victoria, British Columbia",38.143.2,v44410502
2011,0.28,"Victoria, British Columbia",38.143.2,v44410502
2012,0.00,"Victoria, British Columbia",38.143.2,v44410502
2013,0.28,"Victoria, British Columbia",38.143.2,v44410502
2014,0.28,"Victoria, British Columbia",38.143.2,v44410502
2015,0.00,"Victoria, British Columbia",38.143.2,v44410502
1998,6.42,"Yukon",40.143.2,v44351778
1999,6.50,"Yukon",40.143.2,v44351778
2000,3.29,"Yukon",40.143.2,v44351778
2001,3.32,"Yukon",40.143.2,v44351778
2002,3.29,"Yukon",40.143.2,v44351778
2003,3.23,"Yukon",40.143.2,v44351778
2004,0.00,"Yukon",40.143.2,v44351778
2005,0.00,"Yukon",40.143.2,v44351778
2006,0.00,"Yukon",40.143.2,v44351778
2007,9.21,"Yukon",40.143.2,v44351778
2008,0.00,"Yukon",40.143.2,v44351778
2009,5.93,"Yukon",40.143.2,v44351778
2010,2.89,"Yukon",40.143.2,v44351778
2011,0.00,"Yukon",40.143.2,v44351778
2012,0.00,"Yukon",40.143.2,v44351778
2013,0.00,"Yukon",40.143.2,v44351778
2014,0.00,"Yukon",40.143.2,v44351778
2015,0.00,"Yukon",40.143.2,v44351778
1998,2.98,"Northwest Territories",41.143.2,v44398464
1999,2.46,"Northwest Territories",41.143.2,v44398464
2000,0.00,"Northwest Territories",41.143.2,v44398464
2001,2.45,"Northwest Territories",41.143.2,v44398464
2002,0.00,"Northwest Territories",41.143.2,v44398464
2003,2.35,"Northwest Territories",41.143.2,v44398464
2004,0.00,"Northwest Territories",41.143.2,v44398464
2005,2.30,"Northwest Territories",41.143.2,v44398464
2006,0.00,"Northwest Territories",41.143.2,v44398464
2007,0.00,"Northwest Territories",41.143.2,v44398464
2008,0.00,"Northwest Territories",41.143.2,v44398464
2009,2.32,"Northwest Territories",41.143.2,v44398464
2010,0.00,"Northwest Territories",41.143.2,v44398464
2011,0.00,"Northwest Territories",41.143.2,v44398464
2012,4.58,"Northwest Territories",41.143.2,v44398464
2013,2.28,"Northwest Territories",41.143.2,v44398464
2014,4.55,"Northwest Territories",41.143.2,v44398464
2015,4.54,"Northwest Territories",41.143.2,v44398464
1998,..,"Nunavut",42.143.2,v44332654
1999,0.00,"Nunavut",42.143.2,v44332654
2000,0.00,"Nunavut",42.143.2,v44332654
2001,3.55,"Nunavut",42.143.2,v44332654
2002,0.00,"Nunavut",42.143.2,v44332654
2003,0.00,"Nunavut",42.143.2,v44332654
2004,0.00,"Nunavut",42.143.2,v44332654
2005,3.30,"Nunavut",42.143.2,v44332654
2006,3.25,"Nunavut",42.143.2,v44332654
2007,0.00,"Nunavut",42.143.2,v44332654
2008,3.14,"Nunavut",42.143.2,v44332654
2009,0.00,"Nunavut",42.143.2,v44332654
2010,0.00,"Nunavut",42.143.2,v44332654
2011,5.85,"Nunavut",42.143.2,v44332654
2012,40.31,"Nunavut",42.143.2,v44332654
2013,11.29,"Nunavut",42.143.2,v44332654
2014,11.09,"Nunavut",42.143.2,v44332654
2015,24.38,"Nunavut",42.143.2,v44332654
