2012,0.00,"Canada",1.234.5,v96885870
2013,0.00,"Canada",1.234.5,v96885870
2014,0.00,"Canada",1.234.5,v96885870
2015,2.00,"Canada",1.234.5,v96885870
2012,0.00,"Newfoundland and Labrador",2.234.5,v96886192
2013,0.00,"Newfoundland and Labrador",2.234.5,v96886192
2014,0.00,"Newfoundland and Labrador",2.234.5,v96886192
2015,0.00,"Newfoundland and Labrador",2.234.5,v96886192
2012,0.00,"St. John's, Newfoundland and Labrador",3.234.5,v96886514
2013,0.00,"St. John's, Newfoundland and Labrador",3.234.5,v96886514
2014,0.00,"St. John's, Newfoundland and Labrador",3.234.5,v96886514
2015,0.00,"St. John's, Newfoundland and Labrador",3.234.5,v96886514
2012,0.00,"Prince Edward Island",4.234.5,v96886836
2013,0.00,"Prince Edward Island",4.234.5,v96886836
2014,0.00,"Prince Edward Island",4.234.5,v96886836
2015,0.00,"Prince Edward Island",4.234.5,v96886836
2012,0.00,"Nova Scotia",5.234.5,v96887158
2013,0.00,"Nova Scotia",5.234.5,v96887158
2014,0.00,"Nova Scotia",5.234.5,v96887158
2015,0.00,"Nova Scotia",5.234.5,v96887158
2012,0.00,"Halifax, Nova Scotia",6.234.5,v96887480
2013,0.00,"Halifax, Nova Scotia",6.234.5,v96887480
2014,0.00,"Halifax, Nova Scotia",6.234.5,v96887480
2015,0.00,"Halifax, Nova Scotia",6.234.5,v96887480
2012,0.00,"New Brunswick",7.234.5,v96887802
2013,0.00,"New Brunswick",7.234.5,v96887802
2014,0.00,"New Brunswick",7.234.5,v96887802
2015,0.00,"New Brunswick",7.234.5,v96887802
2012,0.00,"Moncton, New Brunswick",43.234.5,v96888124
2013,0.00,"Moncton, New Brunswick",43.234.5,v96888124
2014,0.00,"Moncton, New Brunswick",43.234.5,v96888124
2015,0.00,"Moncton, New Brunswick",43.234.5,v96888124
2012,0.00,"Saint John, New Brunswick",8.234.5,v96888446
2013,0.00,"Saint John, New Brunswick",8.234.5,v96888446
2014,0.00,"Saint John, New Brunswick",8.234.5,v96888446
2015,0.00,"Saint John, New Brunswick",8.234.5,v96888446
2012,0.00,"Quebec",9.234.5,v96888768
2013,0.00,"Quebec",9.234.5,v96888768
2014,0.00,"Quebec",9.234.5,v96888768
2015,0.00,"Quebec",9.234.5,v96888768
2012,0.00,"Saguenay, Quebec",10.234.5,v96889090
2013,0.00,"Saguenay, Quebec",10.234.5,v96889090
2014,0.00,"Saguenay, Quebec",10.234.5,v96889090
2015,0.00,"Saguenay, Quebec",10.234.5,v96889090
2012,0.00,"Sherbrooke, Quebec",12.234.5,v96889734
2013,0.00,"Sherbrooke, Quebec",12.234.5,v96889734
2014,0.00,"Sherbrooke, Quebec",12.234.5,v96889734
2015,0.00,"Sherbrooke, Quebec",12.234.5,v96889734
2012,0.00,"Ottawa-Gatineau, Quebec part",15.234.5,v96890700
2013,0.00,"Ottawa-Gatineau, Quebec part",15.234.5,v96890700
2014,0.00,"Ottawa-Gatineau, Quebec part",15.234.5,v96890700
2015,0.00,"Ottawa-Gatineau, Quebec part",15.234.5,v96890700
2012,0.00,"Ontario",16.234.5,v96891022
2013,0.00,"Ontario",16.234.5,v96891022
2014,0.00,"Ontario",16.234.5,v96891022
2015,2.00,"Ontario",16.234.5,v96891022
2012,0.00,"Ottawa-Gatineau, Ontario/Quebec",17.234.5,v96891344
2013,0.00,"Ottawa-Gatineau, Ontario/Quebec",17.234.5,v96891344
2014,0.00,"Ottawa-Gatineau, Ontario/Quebec",17.234.5,v96891344
2015,2.00,"Ottawa-Gatineau, Ontario/Quebec",17.234.5,v96891344
2012,0.00,"Ottawa-Gatineau, Ontario part",18.234.5,v96891666
2013,0.00,"Ottawa-Gatineau, Ontario part",18.234.5,v96891666
2014,0.00,"Ottawa-Gatineau, Ontario part",18.234.5,v96891666
2015,2.00,"Ottawa-Gatineau, Ontario part",18.234.5,v96891666
2012,0.00,"Kingston, Ontario",27.234.5,v96891988
2013,0.00,"Kingston, Ontario",27.234.5,v96891988
2014,0.00,"Kingston, Ontario",27.234.5,v96891988
2015,0.00,"Kingston, Ontario",27.234.5,v96891988
2012,0.00,"Peterborough, Ontario",44.234.5,v96892310
2013,0.00,"Peterborough, Ontario",44.234.5,v96892310
2014,0.00,"Peterborough, Ontario",44.234.5,v96892310
2015,0.00,"Peterborough, Ontario",44.234.5,v96892310
2012,0.00,"Toronto, Ontario",19.234.5,v96892632
2013,0.00,"Toronto, Ontario",19.234.5,v96892632
2014,0.00,"Toronto, Ontario",19.234.5,v96892632
2015,0.00,"Toronto, Ontario",19.234.5,v96892632
2012,0.00,"Hamilton, Ontario",20.234.5,v96892954
2013,0.00,"Hamilton, Ontario",20.234.5,v96892954
2014,0.00,"Hamilton, Ontario",20.234.5,v96892954
2015,0.00,"Hamilton, Ontario",20.234.5,v96892954
2012,0.00,"St.Catharines-Niagara, Ontario",21.234.5,v96893276
2013,0.00,"St.Catharines-Niagara, Ontario",21.234.5,v96893276
2014,0.00,"St.Catharines-Niagara, Ontario",21.234.5,v96893276
2015,0.00,"St.Catharines-Niagara, Ontario",21.234.5,v96893276
2012,0.00,"Kitchener-Cambridge-Waterloo, Ontario",22.234.5,v96893598
2013,0.00,"Kitchener-Cambridge-Waterloo, Ontario",22.234.5,v96893598
2014,0.00,"Kitchener-Cambridge-Waterloo, Ontario",22.234.5,v96893598
2015,0.00,"Kitchener-Cambridge-Waterloo, Ontario",22.234.5,v96893598
2012,0.00,"Brantford, Ontario",45.234.5,v96893920
2013,0.00,"Brantford, Ontario",45.234.5,v96893920
2014,0.00,"Brantford, Ontario",45.234.5,v96893920
2015,0.00,"Brantford, Ontario",45.234.5,v96893920
2012,0.00,"Guelph, Ontario",46.234.5,v96894242
2013,0.00,"Guelph, Ontario",46.234.5,v96894242
2014,0.00,"Guelph, Ontario",46.234.5,v96894242
2015,0.00,"Guelph, Ontario",46.234.5,v96894242
2012,0.00,"London, Ontario",23.234.5,v96894564
2013,0.00,"London, Ontario",23.234.5,v96894564
2014,0.00,"London, Ontario",23.234.5,v96894564
2015,0.00,"London, Ontario",23.234.5,v96894564
2012,0.00,"Windsor, Ontario",24.234.5,v96894886
2013,0.00,"Windsor, Ontario",24.234.5,v96894886
2014,0.00,"Windsor, Ontario",24.234.5,v96894886
2015,0.00,"Windsor, Ontario",24.234.5,v96894886
2012,0.00,"Barrie, Ontario",47.234.5,v96895208
2013,0.00,"Barrie, Ontario",47.234.5,v96895208
2014,0.00,"Barrie, Ontario",47.234.5,v96895208
2015,0.00,"Barrie, Ontario",47.234.5,v96895208
2012,0.00,"Sudbury, Ontario",25.234.5,v96895530
2013,0.00,"Sudbury, Ontario",25.234.5,v96895530
2014,0.00,"Sudbury, Ontario",25.234.5,v96895530
2015,0.00,"Sudbury, Ontario",25.234.5,v96895530
2012,0.00,"Thunder Bay, Ontario",26.234.5,v96895852
2013,0.00,"Thunder Bay, Ontario",26.234.5,v96895852
2014,0.00,"Thunder Bay, Ontario",26.234.5,v96895852
2015,0.00,"Thunder Bay, Ontario",26.234.5,v96895852
2012,0.00,"Manitoba",28.234.5,v96896174
2013,0.00,"Manitoba",28.234.5,v96896174
2014,0.00,"Manitoba",28.234.5,v96896174
2015,0.00,"Manitoba",28.234.5,v96896174
2012,0.00,"Winnipeg, Manitoba",29.234.5,v96896496
2013,0.00,"Winnipeg, Manitoba",29.234.5,v96896496
2014,0.00,"Winnipeg, Manitoba",29.234.5,v96896496
2015,0.00,"Winnipeg, Manitoba",29.234.5,v96896496
2012,0.00,"Saskatchewan",30.234.5,v96896818
2013,0.00,"Saskatchewan",30.234.5,v96896818
2014,0.00,"Saskatchewan",30.234.5,v96896818
2015,0.00,"Saskatchewan",30.234.5,v96896818
2012,0.00,"Regina, Saskatchewan",31.234.5,v96897140
2013,0.00,"Regina, Saskatchewan",31.234.5,v96897140
2014,0.00,"Regina, Saskatchewan",31.234.5,v96897140
2015,0.00,"Regina, Saskatchewan",31.234.5,v96897140
2012,0.00,"Saskatoon, Saskatchewan",32.234.5,v96897462
2013,0.00,"Saskatoon, Saskatchewan",32.234.5,v96897462
2014,0.00,"Saskatoon, Saskatchewan",32.234.5,v96897462
2015,0.00,"Saskatoon, Saskatchewan",32.234.5,v96897462
2012,0.00,"Alberta",33.234.5,v96897784
2013,0.00,"Alberta",33.234.5,v96897784
2014,0.00,"Alberta",33.234.5,v96897784
2015,0.00,"Alberta",33.234.5,v96897784
2012,0.00,"Calgary, Alberta",34.234.5,v96898106
2013,0.00,"Calgary, Alberta",34.234.5,v96898106
2014,0.00,"Calgary, Alberta",34.234.5,v96898106
2015,0.00,"Calgary, Alberta",34.234.5,v96898106
2012,0.00,"Edmonton, Alberta",35.234.5,v96898428
2013,0.00,"Edmonton, Alberta",35.234.5,v96898428
2014,0.00,"Edmonton, Alberta",35.234.5,v96898428
2015,0.00,"Edmonton, Alberta",35.234.5,v96898428
2012,0.00,"British Columbia",36.234.5,v96898750
2013,0.00,"British Columbia",36.234.5,v96898750
2014,0.00,"British Columbia",36.234.5,v96898750
2015,0.00,"British Columbia",36.234.5,v96898750
2012,0.00,"Kelowna, British Columbia",48.234.5,v96899072
2013,0.00,"Kelowna, British Columbia",48.234.5,v96899072
2014,0.00,"Kelowna, British Columbia",48.234.5,v96899072
2015,0.00,"Kelowna, British Columbia",48.234.5,v96899072
2012,0.00,"Abbotsford-Mission, British Columbia",39.234.5,v96899394
2013,0.00,"Abbotsford-Mission, British Columbia",39.234.5,v96899394
2014,0.00,"Abbotsford-Mission, British Columbia",39.234.5,v96899394
2015,0.00,"Abbotsford-Mission, British Columbia",39.234.5,v96899394
2012,0.00,"Vancouver, British Columbia",37.234.5,v96899716
2013,0.00,"Vancouver, British Columbia",37.234.5,v96899716
2014,0.00,"Vancouver, British Columbia",37.234.5,v96899716
2015,0.00,"Vancouver, British Columbia",37.234.5,v96899716
2012,0.00,"Victoria, British Columbia",38.234.5,v96900038
2013,0.00,"Victoria, British Columbia",38.234.5,v96900038
2014,0.00,"Victoria, British Columbia",38.234.5,v96900038
2015,0.00,"Victoria, British Columbia",38.234.5,v96900038
2012,0.00,"Yukon",40.234.5,v96900360
2013,0.00,"Yukon",40.234.5,v96900360
2014,0.00,"Yukon",40.234.5,v96900360
2015,0.00,"Yukon",40.234.5,v96900360
2012,0.00,"Northwest Territories",41.234.5,v96900682
2013,0.00,"Northwest Territories",41.234.5,v96900682
2014,0.00,"Northwest Territories",41.234.5,v96900682
2015,0.00,"Northwest Territories",41.234.5,v96900682
2012,0.00,"Nunavut",42.234.5,v96901004
2013,0.00,"Nunavut",42.234.5,v96901004
2014,0.00,"Nunavut",42.234.5,v96901004
2015,0.00,"Nunavut",42.234.5,v96901004
