2012,0.00,"Canada",1.234.11,v96885876
2013,0.00,"Canada",1.234.11,v96885876
2014,0.00,"Canada",1.234.11,v96885876
2015,0.00,"Canada",1.234.11,v96885876
2012,0.00,"Newfoundland and Labrador",2.234.11,v96886198
2013,0.00,"Newfoundland and Labrador",2.234.11,v96886198
2014,0.00,"Newfoundland and Labrador",2.234.11,v96886198
2015,0.00,"Newfoundland and Labrador",2.234.11,v96886198
2012,0.00,"St. John's, Newfoundland and Labrador",3.234.11,v96886520
2013,0.00,"St. John's, Newfoundland and Labrador",3.234.11,v96886520
2014,0.00,"St. John's, Newfoundland and Labrador",3.234.11,v96886520
2015,0.00,"St. John's, Newfoundland and Labrador",3.234.11,v96886520
2012,0.00,"Prince Edward Island",4.234.11,v96886842
2013,0.00,"Prince Edward Island",4.234.11,v96886842
2014,0.00,"Prince Edward Island",4.234.11,v96886842
2015,0.00,"Prince Edward Island",4.234.11,v96886842
2012,0.00,"Nova Scotia",5.234.11,v96887164
2013,0.00,"Nova Scotia",5.234.11,v96887164
2014,0.00,"Nova Scotia",5.234.11,v96887164
2015,0.00,"Nova Scotia",5.234.11,v96887164
2012,0.00,"Halifax, Nova Scotia",6.234.11,v96887486
2013,0.00,"Halifax, Nova Scotia",6.234.11,v96887486
2014,0.00,"Halifax, Nova Scotia",6.234.11,v96887486
2015,0.00,"Halifax, Nova Scotia",6.234.11,v96887486
2012,0.00,"New Brunswick",7.234.11,v96887808
2013,0.00,"New Brunswick",7.234.11,v96887808
2014,0.00,"New Brunswick",7.234.11,v96887808
2015,0.00,"New Brunswick",7.234.11,v96887808
2012,0.00,"Moncton, New Brunswick",43.234.11,v96888130
2013,0.00,"Moncton, New Brunswick",43.234.11,v96888130
2014,0.00,"Moncton, New Brunswick",43.234.11,v96888130
2015,0.00,"Moncton, New Brunswick",43.234.11,v96888130
2012,0.00,"Saint John, New Brunswick",8.234.11,v96888452
2013,0.00,"Saint John, New Brunswick",8.234.11,v96888452
2014,0.00,"Saint John, New Brunswick",8.234.11,v96888452
2015,0.00,"Saint John, New Brunswick",8.234.11,v96888452
2012,0.00,"Quebec",9.234.11,v96888774
2013,0.00,"Quebec",9.234.11,v96888774
2014,0.00,"Quebec",9.234.11,v96888774
2015,0.00,"Quebec",9.234.11,v96888774
2012,0.00,"Saguenay, Quebec",10.234.11,v96889096
2013,0.00,"Saguenay, Quebec",10.234.11,v96889096
2014,0.00,"Saguenay, Quebec",10.234.11,v96889096
2015,0.00,"Saguenay, Quebec",10.234.11,v96889096
2012,0.00,"Sherbrooke, Quebec",12.234.11,v96889740
2013,0.00,"Sherbrooke, Quebec",12.234.11,v96889740
2014,0.00,"Sherbrooke, Quebec",12.234.11,v96889740
2015,0.00,"Sherbrooke, Quebec",12.234.11,v96889740
2012,0.00,"Ottawa-Gatineau, Quebec part",15.234.11,v96890706
2013,0.00,"Ottawa-Gatineau, Quebec part",15.234.11,v96890706
2014,0.00,"Ottawa-Gatineau, Quebec part",15.234.11,v96890706
2015,0.00,"Ottawa-Gatineau, Quebec part",15.234.11,v96890706
2012,0.00,"Ontario",16.234.11,v96891028
2013,0.00,"Ontario",16.234.11,v96891028
2014,0.00,"Ontario",16.234.11,v96891028
2015,0.00,"Ontario",16.234.11,v96891028
2012,0.00,"Ottawa-Gatineau, Ontario/Quebec",17.234.11,v96891350
2013,0.00,"Ottawa-Gatineau, Ontario/Quebec",17.234.11,v96891350
2014,0.00,"Ottawa-Gatineau, Ontario/Quebec",17.234.11,v96891350
2015,0.00,"Ottawa-Gatineau, Ontario/Quebec",17.234.11,v96891350
2012,0.00,"Ottawa-Gatineau, Ontario part",18.234.11,v96891672
2013,0.00,"Ottawa-Gatineau, Ontario part",18.234.11,v96891672
2014,0.00,"Ottawa-Gatineau, Ontario part",18.234.11,v96891672
2015,0.00,"Ottawa-Gatineau, Ontario part",18.234.11,v96891672
2012,0.00,"Kingston, Ontario",27.234.11,v96891994
2013,0.00,"Kingston, Ontario",27.234.11,v96891994
2014,0.00,"Kingston, Ontario",27.234.11,v96891994
2015,0.00,"Kingston, Ontario",27.234.11,v96891994
2012,0.00,"Peterborough, Ontario",44.234.11,v96892316
2013,0.00,"Peterborough, Ontario",44.234.11,v96892316
2014,0.00,"Peterborough, Ontario",44.234.11,v96892316
2015,0.00,"Peterborough, Ontario",44.234.11,v96892316
2012,0.00,"Toronto, Ontario",19.234.11,v96892638
2013,0.00,"Toronto, Ontario",19.234.11,v96892638
2014,0.00,"Toronto, Ontario",19.234.11,v96892638
2015,0.00,"Toronto, Ontario",19.234.11,v96892638
2012,0.00,"Hamilton, Ontario",20.234.11,v96892960
2013,0.00,"Hamilton, Ontario",20.234.11,v96892960
2014,0.00,"Hamilton, Ontario",20.234.11,v96892960
2015,0.00,"Hamilton, Ontario",20.234.11,v96892960
2012,0.00,"St.Catharines-Niagara, Ontario",21.234.11,v96893282
2013,0.00,"St.Catharines-Niagara, Ontario",21.234.11,v96893282
2014,0.00,"St.Catharines-Niagara, Ontario",21.234.11,v96893282
2015,0.00,"St.Catharines-Niagara, Ontario",21.234.11,v96893282
2012,0.00,"Kitchener-Cambridge-Waterloo, Ontario",22.234.11,v96893604
2013,0.00,"Kitchener-Cambridge-Waterloo, Ontario",22.234.11,v96893604
2014,0.00,"Kitchener-Cambridge-Waterloo, Ontario",22.234.11,v96893604
2015,0.00,"Kitchener-Cambridge-Waterloo, Ontario",22.234.11,v96893604
2012,0.00,"Brantford, Ontario",45.234.11,v96893926
2013,0.00,"Brantford, Ontario",45.234.11,v96893926
2014,0.00,"Brantford, Ontario",45.234.11,v96893926
2015,0.00,"Brantford, Ontario",45.234.11,v96893926
2012,0.00,"Guelph, Ontario",46.234.11,v96894248
2013,0.00,"Guelph, Ontario",46.234.11,v96894248
2014,0.00,"Guelph, Ontario",46.234.11,v96894248
2015,0.00,"Guelph, Ontario",46.234.11,v96894248
2012,0.00,"London, Ontario",23.234.11,v96894570
2013,0.00,"London, Ontario",23.234.11,v96894570
2014,0.00,"London, Ontario",23.234.11,v96894570
2015,0.00,"London, Ontario",23.234.11,v96894570
2012,0.00,"Windsor, Ontario",24.234.11,v96894892
2013,0.00,"Windsor, Ontario",24.234.11,v96894892
2014,0.00,"Windsor, Ontario",24.234.11,v96894892
2015,0.00,"Windsor, Ontario",24.234.11,v96894892
2012,0.00,"Barrie, Ontario",47.234.11,v96895214
2013,0.00,"Barrie, Ontario",47.234.11,v96895214
2014,0.00,"Barrie, Ontario",47.234.11,v96895214
2015,0.00,"Barrie, Ontario",47.234.11,v96895214
2012,0.00,"Sudbury, Ontario",25.234.11,v96895536
2013,0.00,"Sudbury, Ontario",25.234.11,v96895536
2014,0.00,"Sudbury, Ontario",25.234.11,v96895536
2015,0.00,"Sudbury, Ontario",25.234.11,v96895536
2012,0.00,"Thunder Bay, Ontario",26.234.11,v96895858
2013,0.00,"Thunder Bay, Ontario",26.234.11,v96895858
2014,0.00,"Thunder Bay, Ontario",26.234.11,v96895858
2015,0.00,"Thunder Bay, Ontario",26.234.11,v96895858
2012,0.00,"Manitoba",28.234.11,v96896180
2013,0.00,"Manitoba",28.234.11,v96896180
2014,0.00,"Manitoba",28.234.11,v96896180
2015,0.00,"Manitoba",28.234.11,v96896180
2012,0.00,"Winnipeg, Manitoba",29.234.11,v96896502
2013,0.00,"Winnipeg, Manitoba",29.234.11,v96896502
2014,0.00,"Winnipeg, Manitoba",29.234.11,v96896502
2015,0.00,"Winnipeg, Manitoba",29.234.11,v96896502
2012,0.00,"Saskatchewan",30.234.11,v96896824
2013,0.00,"Saskatchewan",30.234.11,v96896824
2014,0.00,"Saskatchewan",30.234.11,v96896824
2015,0.00,"Saskatchewan",30.234.11,v96896824
2012,0.00,"Regina, Saskatchewan",31.234.11,v96897146
2013,0.00,"Regina, Saskatchewan",31.234.11,v96897146
2014,0.00,"Regina, Saskatchewan",31.234.11,v96897146
2015,0.00,"Regina, Saskatchewan",31.234.11,v96897146
2012,0.00,"Saskatoon, Saskatchewan",32.234.11,v96897468
2013,0.00,"Saskatoon, Saskatchewan",32.234.11,v96897468
2014,0.00,"Saskatoon, Saskatchewan",32.234.11,v96897468
2015,0.00,"Saskatoon, Saskatchewan",32.234.11,v96897468
2012,0.00,"Alberta",33.234.11,v96897790
2013,0.00,"Alberta",33.234.11,v96897790
2014,0.00,"Alberta",33.234.11,v96897790
2015,0.00,"Alberta",33.234.11,v96897790
2012,0.00,"Calgary, Alberta",34.234.11,v96898112
2013,0.00,"Calgary, Alberta",34.234.11,v96898112
2014,0.00,"Calgary, Alberta",34.234.11,v96898112
2015,0.00,"Calgary, Alberta",34.234.11,v96898112
2012,0.00,"Edmonton, Alberta",35.234.11,v96898434
2013,0.00,"Edmonton, Alberta",35.234.11,v96898434
2014,0.00,"Edmonton, Alberta",35.234.11,v96898434
2015,0.00,"Edmonton, Alberta",35.234.11,v96898434
2012,0.00,"British Columbia",36.234.11,v96898756
2013,0.00,"British Columbia",36.234.11,v96898756
2014,0.00,"British Columbia",36.234.11,v96898756
2015,0.00,"British Columbia",36.234.11,v96898756
2012,0.00,"Kelowna, British Columbia",48.234.11,v96899078
2013,0.00,"Kelowna, British Columbia",48.234.11,v96899078
2014,0.00,"Kelowna, British Columbia",48.234.11,v96899078
2015,0.00,"Kelowna, British Columbia",48.234.11,v96899078
2012,0.00,"Abbotsford-Mission, British Columbia",39.234.11,v96899400
2013,0.00,"Abbotsford-Mission, British Columbia",39.234.11,v96899400
2014,0.00,"Abbotsford-Mission, British Columbia",39.234.11,v96899400
2015,0.00,"Abbotsford-Mission, British Columbia",39.234.11,v96899400
2012,0.00,"Vancouver, British Columbia",37.234.11,v96899722
2013,0.00,"Vancouver, British Columbia",37.234.11,v96899722
2014,0.00,"Vancouver, British Columbia",37.234.11,v96899722
2015,0.00,"Vancouver, British Columbia",37.234.11,v96899722
2012,0.00,"Victoria, British Columbia",38.234.11,v96900044
2013,0.00,"Victoria, British Columbia",38.234.11,v96900044
2014,0.00,"Victoria, British Columbia",38.234.11,v96900044
2015,0.00,"Victoria, British Columbia",38.234.11,v96900044
2012,0.00,"Yukon",40.234.11,v96900366
2013,0.00,"Yukon",40.234.11,v96900366
2014,0.00,"Yukon",40.234.11,v96900366
2015,0.00,"Yukon",40.234.11,v96900366
2012,0.00,"Northwest Territories",41.234.11,v96900688
2013,0.00,"Northwest Territories",41.234.11,v96900688
2014,0.00,"Northwest Territories",41.234.11,v96900688
2015,0.00,"Northwest Territories",41.234.11,v96900688
2012,0.00,"Nunavut",42.234.11,v96901010
2013,0.00,"Nunavut",42.234.11,v96901010
2014,0.00,"Nunavut",42.234.11,v96901010
2015,0.00,"Nunavut",42.234.11,v96901010
