1998,23288.00,"Canada",1.77.5,v44369798
1999,22381.00,"Canada",1.77.5,v44369798
2000,22768.00,"Canada",1.77.5,v44369798
2001,22033.00,"Canada",1.77.5,v44369798
2002,21168.00,"Canada",1.77.5,v44369798
2003,20406.00,"Canada",1.77.5,v44369798
2004,24501.00,"Canada",1.77.5,v44369798
2005,23354.00,"Canada",1.77.5,v44369798
2006,19723.00,"Canada",1.77.5,v44369798
2007,19350.00,"Canada",1.77.5,v44369798
2008,17962.00,"Canada",1.77.5,v44369798
2009,15615.00,"Canada",1.77.5,v44369798
2010,13771.00,"Canada",1.77.5,v44369798
2011,14061.00,"Canada",1.77.5,v44369798
2012,15249.00,"Canada",1.77.5,v44369798
2013,15011.00,"Canada",1.77.5,v44369798
2014,14631.00,"Canada",1.77.5,v44369798
2015,14433.00,"Canada",1.77.5,v44369798
1998,491.00,"Newfoundland and Labrador",2.77.5,v44406959
1999,413.00,"Newfoundland and Labrador",2.77.5,v44406959
2000,405.00,"Newfoundland and Labrador",2.77.5,v44406959
2001,533.00,"Newfoundland and Labrador",2.77.5,v44406959
2002,574.00,"Newfoundland and Labrador",2.77.5,v44406959
2003,712.00,"Newfoundland and Labrador",2.77.5,v44406959
2004,895.00,"Newfoundland and Labrador",2.77.5,v44406959
2005,800.00,"Newfoundland and Labrador",2.77.5,v44406959
2006,302.00,"Newfoundland and Labrador",2.77.5,v44406959
2007,290.00,"Newfoundland and Labrador",2.77.5,v44406959
2008,232.00,"Newfoundland and Labrador",2.77.5,v44406959
2009,255.00,"Newfoundland and Labrador",2.77.5,v44406959
2010,242.00,"Newfoundland and Labrador",2.77.5,v44406959
2011,244.00,"Newfoundland and Labrador",2.77.5,v44406959
2012,231.00,"Newfoundland and Labrador",2.77.5,v44406959
2013,274.00,"Newfoundland and Labrador",2.77.5,v44406959
2014,260.00,"Newfoundland and Labrador",2.77.5,v44406959
2015,246.00,"Newfoundland and Labrador",2.77.5,v44406959
1998,171.00,"St. John's, Newfoundland and Labrador",3.77.5,v44378283
1999,137.00,"St. John's, Newfoundland and Labrador",3.77.5,v44378283
2000,175.00,"St. John's, Newfoundland and Labrador",3.77.5,v44378283
2001,247.00,"St. John's, Newfoundland and Labrador",3.77.5,v44378283
2002,337.00,"St. John's, Newfoundland and Labrador",3.77.5,v44378283
2003,495.00,"St. John's, Newfoundland and Labrador",3.77.5,v44378283
2004,698.00,"St. John's, Newfoundland and Labrador",3.77.5,v44378283
2005,540.00,"St. John's, Newfoundland and Labrador",3.77.5,v44378283
2006,115.00,"St. John's, Newfoundland and Labrador",3.77.5,v44378283
2007,88.00,"St. John's, Newfoundland and Labrador",3.77.5,v44378283
2008,98.00,"St. John's, Newfoundland and Labrador",3.77.5,v44378283
2009,98.00,"St. John's, Newfoundland and Labrador",3.77.5,v44378283
2010,93.00,"St. John's, Newfoundland and Labrador",3.77.5,v44378283
2011,124.00,"St. John's, Newfoundland and Labrador",3.77.5,v44378283
2012,104.00,"St. John's, Newfoundland and Labrador",3.77.5,v44378283
2013,132.00,"St. John's, Newfoundland and Labrador",3.77.5,v44378283
2014,103.00,"St. John's, Newfoundland and Labrador",3.77.5,v44378283
2015,123.00,"St. John's, Newfoundland and Labrador",3.77.5,v44378283
1998,104.00,"Prince Edward Island",4.77.5,v44350594
1999,109.00,"Prince Edward Island",4.77.5,v44350594
2000,85.00,"Prince Edward Island",4.77.5,v44350594
2001,96.00,"Prince Edward Island",4.77.5,v44350594
2002,106.00,"Prince Edward Island",4.77.5,v44350594
2003,105.00,"Prince Edward Island",4.77.5,v44350594
2004,114.00,"Prince Edward Island",4.77.5,v44350594
2005,132.00,"Prince Edward Island",4.77.5,v44350594
2006,149.00,"Prince Edward Island",4.77.5,v44350594
2007,96.00,"Prince Edward Island",4.77.5,v44350594
2008,87.00,"Prince Edward Island",4.77.5,v44350594
2009,84.00,"Prince Edward Island",4.77.5,v44350594
2010,89.00,"Prince Edward Island",4.77.5,v44350594
2011,112.00,"Prince Edward Island",4.77.5,v44350594
2012,133.00,"Prince Edward Island",4.77.5,v44350594
2013,130.00,"Prince Edward Island",4.77.5,v44350594
2014,101.00,"Prince Edward Island",4.77.5,v44350594
2015,79.00,"Prince Edward Island",4.77.5,v44350594
1998,807.00,"Nova Scotia",5.77.5,v44356617
1999,698.00,"Nova Scotia",5.77.5,v44356617
2000,475.00,"Nova Scotia",5.77.5,v44356617
2001,559.00,"Nova Scotia",5.77.5,v44356617
2002,490.00,"Nova Scotia",5.77.5,v44356617
2003,557.00,"Nova Scotia",5.77.5,v44356617
2004,693.00,"Nova Scotia",5.77.5,v44356617
2005,805.00,"Nova Scotia",5.77.5,v44356617
2006,880.00,"Nova Scotia",5.77.5,v44356617
2007,859.00,"Nova Scotia",5.77.5,v44356617
2008,735.00,"Nova Scotia",5.77.5,v44356617
2009,766.00,"Nova Scotia",5.77.5,v44356617
2010,741.00,"Nova Scotia",5.77.5,v44356617
2011,883.00,"Nova Scotia",5.77.5,v44356617
2012,954.00,"Nova Scotia",5.77.5,v44356617
2013,954.00,"Nova Scotia",5.77.5,v44356617
2014,1263.00,"Nova Scotia",5.77.5,v44356617
2015,1022.00,"Nova Scotia",5.77.5,v44356617
1998,359.00,"Halifax, Nova Scotia",6.77.5,v44399917
1999,216.00,"Halifax, Nova Scotia",6.77.5,v44399917
2000,136.00,"Halifax, Nova Scotia",6.77.5,v44399917
2001,183.00,"Halifax, Nova Scotia",6.77.5,v44399917
2002,159.00,"Halifax, Nova Scotia",6.77.5,v44399917
2003,160.00,"Halifax, Nova Scotia",6.77.5,v44399917
2004,169.00,"Halifax, Nova Scotia",6.77.5,v44399917
2005,168.00,"Halifax, Nova Scotia",6.77.5,v44399917
2006,266.00,"Halifax, Nova Scotia",6.77.5,v44399917
2007,179.00,"Halifax, Nova Scotia",6.77.5,v44399917
2008,153.00,"Halifax, Nova Scotia",6.77.5,v44399917
2009,116.00,"Halifax, Nova Scotia",6.77.5,v44399917
2010,127.00,"Halifax, Nova Scotia",6.77.5,v44399917
2011,376.00,"Halifax, Nova Scotia",6.77.5,v44399917
2012,518.00,"Halifax, Nova Scotia",6.77.5,v44399917
2013,524.00,"Halifax, Nova Scotia",6.77.5,v44399917
2014,782.00,"Halifax, Nova Scotia",6.77.5,v44399917
2015,646.00,"Halifax, Nova Scotia",6.77.5,v44399917
1998,741.00,"New Brunswick",7.77.5,v44414034
1999,678.00,"New Brunswick",7.77.5,v44414034
2000,743.00,"New Brunswick",7.77.5,v44414034
2001,711.00,"New Brunswick",7.77.5,v44414034
2002,572.00,"New Brunswick",7.77.5,v44414034
2003,671.00,"New Brunswick",7.77.5,v44414034
2004,713.00,"New Brunswick",7.77.5,v44414034
2005,777.00,"New Brunswick",7.77.5,v44414034
2006,628.00,"New Brunswick",7.77.5,v44414034
2007,631.00,"New Brunswick",7.77.5,v44414034
2008,728.00,"New Brunswick",7.77.5,v44414034
2009,746.00,"New Brunswick",7.77.5,v44414034
2010,758.00,"New Brunswick",7.77.5,v44414034
2011,604.00,"New Brunswick",7.77.5,v44414034
2012,750.00,"New Brunswick",7.77.5,v44414034
2013,644.00,"New Brunswick",7.77.5,v44414034
2014,531.00,"New Brunswick",7.77.5,v44414034
2015,590.00,"New Brunswick",7.77.5,v44414034
2005,..,"Moncton, New Brunswick",43.77.5,v52121072
2006,105.00,"Moncton, New Brunswick",43.77.5,v52121072
2007,112.00,"Moncton, New Brunswick",43.77.5,v52121072
2008,155.00,"Moncton, New Brunswick",43.77.5,v52121072
2009,141.00,"Moncton, New Brunswick",43.77.5,v52121072
2010,125.00,"Moncton, New Brunswick",43.77.5,v52121072
2011,92.00,"Moncton, New Brunswick",43.77.5,v52121072
2012,114.00,"Moncton, New Brunswick",43.77.5,v52121072
2013,99.00,"Moncton, New Brunswick",43.77.5,v52121072
2014,95.00,"Moncton, New Brunswick",43.77.5,v52121072
2015,68.00,"Moncton, New Brunswick",43.77.5,v52121072
1998,163.00,"Saint John, New Brunswick",8.77.5,v44339677
1999,123.00,"Saint John, New Brunswick",8.77.5,v44339677
2000,160.00,"Saint John, New Brunswick",8.77.5,v44339677
2001,162.00,"Saint John, New Brunswick",8.77.5,v44339677
2002,153.00,"Saint John, New Brunswick",8.77.5,v44339677
2003,143.00,"Saint John, New Brunswick",8.77.5,v44339677
2004,148.00,"Saint John, New Brunswick",8.77.5,v44339677
2005,125.00,"Saint John, New Brunswick",8.77.5,v44339677
2006,152.00,"Saint John, New Brunswick",8.77.5,v44339677
2007,179.00,"Saint John, New Brunswick",8.77.5,v44339677
2008,212.00,"Saint John, New Brunswick",8.77.5,v44339677
2009,212.00,"Saint John, New Brunswick",8.77.5,v44339677
2010,214.00,"Saint John, New Brunswick",8.77.5,v44339677
2011,215.00,"Saint John, New Brunswick",8.77.5,v44339677
2012,305.00,"Saint John, New Brunswick",8.77.5,v44339677
2013,207.00,"Saint John, New Brunswick",8.77.5,v44339677
2014,134.00,"Saint John, New Brunswick",8.77.5,v44339677
2015,143.00,"Saint John, New Brunswick",8.77.5,v44339677
1998,5010.00,"Quebec",9.77.5,v44377710
1999,4499.00,"Quebec",9.77.5,v44377710
2000,4578.00,"Quebec",9.77.5,v44377710
2001,4292.00,"Quebec",9.77.5,v44377710
2002,3757.00,"Quebec",9.77.5,v44377710
2003,3528.00,"Quebec",9.77.5,v44377710
2004,3939.00,"Quebec",9.77.5,v44377710
2005,4027.00,"Quebec",9.77.5,v44377710
2006,3830.00,"Quebec",9.77.5,v44377710
2007,3734.00,"Quebec",9.77.5,v44377710
2008,3922.00,"Quebec",9.77.5,v44377710
2009,3031.00,"Quebec",9.77.5,v44377710
2010,2965.00,"Quebec",9.77.5,v44377710
2011,2987.00,"Quebec",9.77.5,v44377710
2012,3128.00,"Quebec",9.77.5,v44377710
2013,2880.00,"Quebec",9.77.5,v44377710
2014,2476.00,"Quebec",9.77.5,v44377710
2015,2595.00,"Quebec",9.77.5,v44377710
1998,88.00,"Saguenay, Quebec",10.77.5,v44376003
1999,86.00,"Saguenay, Quebec",10.77.5,v44376003
2000,98.00,"Saguenay, Quebec",10.77.5,v44376003
2001,71.00,"Saguenay, Quebec",10.77.5,v44376003
2002,53.00,"Saguenay, Quebec",10.77.5,v44376003
2003,97.00,"Saguenay, Quebec",10.77.5,v44376003
2004,59.00,"Saguenay, Quebec",10.77.5,v44376003
2005,51.00,"Saguenay, Quebec",10.77.5,v44376003
2006,62.00,"Saguenay, Quebec",10.77.5,v44376003
2007,58.00,"Saguenay, Quebec",10.77.5,v44376003
2008,67.00,"Saguenay, Quebec",10.77.5,v44376003
2009,55.00,"Saguenay, Quebec",10.77.5,v44376003
2010,52.00,"Saguenay, Quebec",10.77.5,v44376003
2011,67.00,"Saguenay, Quebec",10.77.5,v44376003
2012,72.00,"Saguenay, Quebec",10.77.5,v44376003
2013,69.00,"Saguenay, Quebec",10.77.5,v44376003
2014,65.00,"Saguenay, Quebec",10.77.5,v44376003
2015,50.00,"Saguenay, Quebec",10.77.5,v44376003
1998,128.00,"Sherbrooke, Quebec",12.77.5,v44402976
1999,84.00,"Sherbrooke, Quebec",12.77.5,v44402976
2000,68.00,"Sherbrooke, Quebec",12.77.5,v44402976
2001,70.00,"Sherbrooke, Quebec",12.77.5,v44402976
2002,66.00,"Sherbrooke, Quebec",12.77.5,v44402976
2003,80.00,"Sherbrooke, Quebec",12.77.5,v44402976
2004,67.00,"Sherbrooke, Quebec",12.77.5,v44402976
2005,71.00,"Sherbrooke, Quebec",12.77.5,v44402976
2006,108.00,"Sherbrooke, Quebec",12.77.5,v44402976
2007,147.00,"Sherbrooke, Quebec",12.77.5,v44402976
2008,77.00,"Sherbrooke, Quebec",12.77.5,v44402976
2009,100.00,"Sherbrooke, Quebec",12.77.5,v44402976
2010,116.00,"Sherbrooke, Quebec",12.77.5,v44402976
2011,76.00,"Sherbrooke, Quebec",12.77.5,v44402976
2012,114.00,"Sherbrooke, Quebec",12.77.5,v44402976
2013,99.00,"Sherbrooke, Quebec",12.77.5,v44402976
2014,85.00,"Sherbrooke, Quebec",12.77.5,v44402976
2015,97.00,"Sherbrooke, Quebec",12.77.5,v44402976
1998,253.00,"Ottawa-Gatineau, Quebec part",15.77.5,v44404422
1999,177.00,"Ottawa-Gatineau, Quebec part",15.77.5,v44404422
2000,329.00,"Ottawa-Gatineau, Quebec part",15.77.5,v44404422
2001,192.00,"Ottawa-Gatineau, Quebec part",15.77.5,v44404422
2002,169.00,"Ottawa-Gatineau, Quebec part",15.77.5,v44404422
2003,192.00,"Ottawa-Gatineau, Quebec part",15.77.5,v44404422
2004,444.00,"Ottawa-Gatineau, Quebec part",15.77.5,v44404422
2005,597.00,"Ottawa-Gatineau, Quebec part",15.77.5,v44404422
2006,166.00,"Ottawa-Gatineau, Quebec part",15.77.5,v44404422
2007,214.00,"Ottawa-Gatineau, Quebec part",15.77.5,v44404422
2008,506.00,"Ottawa-Gatineau, Quebec part",15.77.5,v44404422
2009,161.00,"Ottawa-Gatineau, Quebec part",15.77.5,v44404422
2010,146.00,"Ottawa-Gatineau, Quebec part",15.77.5,v44404422
2011,140.00,"Ottawa-Gatineau, Quebec part",15.77.5,v44404422
2012,164.00,"Ottawa-Gatineau, Quebec part",15.77.5,v44404422
2013,106.00,"Ottawa-Gatineau, Quebec part",15.77.5,v44404422
2014,104.00,"Ottawa-Gatineau, Quebec part",15.77.5,v44404422
2015,134.00,"Ottawa-Gatineau, Quebec part",15.77.5,v44404422
1998,7761.00,"Ontario",16.77.5,v44405871
1999,7892.00,"Ontario",16.77.5,v44405871
2000,8327.00,"Ontario",16.77.5,v44405871
2001,7392.00,"Ontario",16.77.5,v44405871
2002,7418.00,"Ontario",16.77.5,v44405871
2003,6909.00,"Ontario",16.77.5,v44405871
2004,7756.00,"Ontario",16.77.5,v44405871
2005,6438.00,"Ontario",16.77.5,v44405871
2006,5869.00,"Ontario",16.77.5,v44405871
2007,6195.00,"Ontario",16.77.5,v44405871
2008,6065.00,"Ontario",16.77.5,v44405871
2009,5357.00,"Ontario",16.77.5,v44405871
2010,4402.00,"Ontario",16.77.5,v44405871
2011,4866.00,"Ontario",16.77.5,v44405871
2012,5520.00,"Ontario",16.77.5,v44405871
2013,5484.00,"Ontario",16.77.5,v44405871
2014,5333.00,"Ontario",16.77.5,v44405871
2015,5173.00,"Ontario",16.77.5,v44405871
1998,522.00,"Ottawa-Gatineau, Ontario/Quebec",17.77.5,v52148306
1999,520.00,"Ottawa-Gatineau, Ontario/Quebec",17.77.5,v52148306
2000,582.00,"Ottawa-Gatineau, Ontario/Quebec",17.77.5,v52148306
2001,621.00,"Ottawa-Gatineau, Ontario/Quebec",17.77.5,v52148306
2002,597.00,"Ottawa-Gatineau, Ontario/Quebec",17.77.5,v52148306
2003,732.00,"Ottawa-Gatineau, Ontario/Quebec",17.77.5,v52148306
2004,1956.00,"Ottawa-Gatineau, Ontario/Quebec",17.77.5,v52148306
2005,1420.00,"Ottawa-Gatineau, Ontario/Quebec",17.77.5,v52148306
2006,632.00,"Ottawa-Gatineau, Ontario/Quebec",17.77.5,v52148306
2007,898.00,"Ottawa-Gatineau, Ontario/Quebec",17.77.5,v52148306
2008,1091.00,"Ottawa-Gatineau, Ontario/Quebec",17.77.5,v52148306
2009,683.00,"Ottawa-Gatineau, Ontario/Quebec",17.77.5,v52148306
2010,518.00,"Ottawa-Gatineau, Ontario/Quebec",17.77.5,v52148306
2011,576.00,"Ottawa-Gatineau, Ontario/Quebec",17.77.5,v52148306
2012,711.00,"Ottawa-Gatineau, Ontario/Quebec",17.77.5,v52148306
2013,629.00,"Ottawa-Gatineau, Ontario/Quebec",17.77.5,v52148306
2014,646.00,"Ottawa-Gatineau, Ontario/Quebec",17.77.5,v52148306
2015,533.00,"Ottawa-Gatineau, Ontario/Quebec",17.77.5,v52148306
1998,269.00,"Ottawa-Gatineau, Ontario part",18.77.5,v44394132
1999,343.00,"Ottawa-Gatineau, Ontario part",18.77.5,v44394132
2000,253.00,"Ottawa-Gatineau, Ontario part",18.77.5,v44394132
2001,429.00,"Ottawa-Gatineau, Ontario part",18.77.5,v44394132
2002,428.00,"Ottawa-Gatineau, Ontario part",18.77.5,v44394132
2003,540.00,"Ottawa-Gatineau, Ontario part",18.77.5,v44394132
2004,1512.00,"Ottawa-Gatineau, Ontario part",18.77.5,v44394132
2005,823.00,"Ottawa-Gatineau, Ontario part",18.77.5,v44394132
2006,466.00,"Ottawa-Gatineau, Ontario part",18.77.5,v44394132
2007,684.00,"Ottawa-Gatineau, Ontario part",18.77.5,v44394132
2008,585.00,"Ottawa-Gatineau, Ontario part",18.77.5,v44394132
2009,522.00,"Ottawa-Gatineau, Ontario part",18.77.5,v44394132
2010,372.00,"Ottawa-Gatineau, Ontario part",18.77.5,v44394132
2011,436.00,"Ottawa-Gatineau, Ontario part",18.77.5,v44394132
2012,547.00,"Ottawa-Gatineau, Ontario part",18.77.5,v44394132
2013,523.00,"Ottawa-Gatineau, Ontario part",18.77.5,v44394132
2014,542.00,"Ottawa-Gatineau, Ontario part",18.77.5,v44394132
2015,399.00,"Ottawa-Gatineau, Ontario part",18.77.5,v44394132
2000,..,"Kingston, Ontario",27.77.5,v44337539
2001,74.00,"Kingston, Ontario",27.77.5,v44337539
2002,99.00,"Kingston, Ontario",27.77.5,v44337539
2003,73.00,"Kingston, Ontario",27.77.5,v44337539
2004,258.00,"Kingston, Ontario",27.77.5,v44337539
2005,74.00,"Kingston, Ontario",27.77.5,v44337539
2006,75.00,"Kingston, Ontario",27.77.5,v44337539
2007,109.00,"Kingston, Ontario",27.77.5,v44337539
2008,89.00,"Kingston, Ontario",27.77.5,v44337539
2009,61.00,"Kingston, Ontario",27.77.5,v44337539
2010,84.00,"Kingston, Ontario",27.77.5,v44337539
2011,87.00,"Kingston, Ontario",27.77.5,v44337539
2012,125.00,"Kingston, Ontario",27.77.5,v44337539
2013,138.00,"Kingston, Ontario",27.77.5,v44337539
2014,113.00,"Kingston, Ontario",27.77.5,v44337539
2015,101.00,"Kingston, Ontario",27.77.5,v44337539
2005,..,"Peterborough, Ontario",44.77.5,v52122507
2006,72.00,"Peterborough, Ontario",44.77.5,v52122507
2007,66.00,"Peterborough, Ontario",44.77.5,v52122507
2008,65.00,"Peterborough, Ontario",44.77.5,v52122507
2009,67.00,"Peterborough, Ontario",44.77.5,v52122507
2010,44.00,"Peterborough, Ontario",44.77.5,v52122507
2011,46.00,"Peterborough, Ontario",44.77.5,v52122507
2012,46.00,"Peterborough, Ontario",44.77.5,v52122507
2013,60.00,"Peterborough, Ontario",44.77.5,v52122507
2014,62.00,"Peterborough, Ontario",44.77.5,v52122507
2015,64.00,"Peterborough, Ontario",44.77.5,v52122507
1998,1781.00,"Toronto, Ontario",19.77.5,v44412929
1999,2270.00,"Toronto, Ontario",19.77.5,v44412929
2000,2473.00,"Toronto, Ontario",19.77.5,v44412929
2001,2384.00,"Toronto, Ontario",19.77.5,v44412929
2002,2271.00,"Toronto, Ontario",19.77.5,v44412929
2003,2077.00,"Toronto, Ontario",19.77.5,v44412929
2004,1796.00,"Toronto, Ontario",19.77.5,v44412929
2005,1825.00,"Toronto, Ontario",19.77.5,v44412929
2006,1592.00,"Toronto, Ontario",19.77.5,v44412929
2007,1485.00,"Toronto, Ontario",19.77.5,v44412929
2008,1480.00,"Toronto, Ontario",19.77.5,v44412929
2009,1293.00,"Toronto, Ontario",19.77.5,v44412929
2010,1297.00,"Toronto, Ontario",19.77.5,v44412929
2011,1482.00,"Toronto, Ontario",19.77.5,v44412929
2012,1691.00,"Toronto, Ontario",19.77.5,v44412929
2013,1668.00,"Toronto, Ontario",19.77.5,v44412929
2014,1840.00,"Toronto, Ontario",19.77.5,v44412929
2015,1785.00,"Toronto, Ontario",19.77.5,v44412929
1998,160.00,"Hamilton, Ontario",20.77.5,v44405637
1999,207.00,"Hamilton, Ontario",20.77.5,v44405637
2000,201.00,"Hamilton, Ontario",20.77.5,v44405637
2001,214.00,"Hamilton, Ontario",20.77.5,v44405637
2002,202.00,"Hamilton, Ontario",20.77.5,v44405637
2003,184.00,"Hamilton, Ontario",20.77.5,v44405637
2004,160.00,"Hamilton, Ontario",20.77.5,v44405637
2005,160.00,"Hamilton, Ontario",20.77.5,v44405637
2006,154.00,"Hamilton, Ontario",20.77.5,v44405637
2007,102.00,"Hamilton, Ontario",20.77.5,v44405637
2008,93.00,"Hamilton, Ontario",20.77.5,v44405637
2009,93.00,"Hamilton, Ontario",20.77.5,v44405637
2010,87.00,"Hamilton, Ontario",20.77.5,v44405637
2011,95.00,"Hamilton, Ontario",20.77.5,v44405637
2012,93.00,"Hamilton, Ontario",20.77.5,v44405637
2013,179.00,"Hamilton, Ontario",20.77.5,v44405637
2014,154.00,"Hamilton, Ontario",20.77.5,v44405637
2015,170.00,"Hamilton, Ontario",20.77.5,v44405637
1998,250.00,"St.Catharines-Niagara, Ontario",21.77.5,v44403675
1999,249.00,"St.Catharines-Niagara, Ontario",21.77.5,v44403675
2000,221.00,"St.Catharines-Niagara, Ontario",21.77.5,v44403675
2001,264.00,"St.Catharines-Niagara, Ontario",21.77.5,v44403675
2002,235.00,"St.Catharines-Niagara, Ontario",21.77.5,v44403675
2003,205.00,"St.Catharines-Niagara, Ontario",21.77.5,v44403675
2004,184.00,"St.Catharines-Niagara, Ontario",21.77.5,v44403675
2005,244.00,"St.Catharines-Niagara, Ontario",21.77.5,v44403675
2006,225.00,"St.Catharines-Niagara, Ontario",21.77.5,v44403675
2007,241.00,"St.Catharines-Niagara, Ontario",21.77.5,v44403675
2008,271.00,"St.Catharines-Niagara, Ontario",21.77.5,v44403675
2009,205.00,"St.Catharines-Niagara, Ontario",21.77.5,v44403675
2010,195.00,"St.Catharines-Niagara, Ontario",21.77.5,v44403675
2011,200.00,"St.Catharines-Niagara, Ontario",21.77.5,v44403675
2012,254.00,"St.Catharines-Niagara, Ontario",21.77.5,v44403675
2013,268.00,"St.Catharines-Niagara, Ontario",21.77.5,v44403675
2014,153.00,"St.Catharines-Niagara, Ontario",21.77.5,v44403675
2015,168.00,"St.Catharines-Niagara, Ontario",21.77.5,v44403675
1998,266.00,"Kitchener-Cambridge-Waterloo, Ontario",22.77.5,v44416860
1999,206.00,"Kitchener-Cambridge-Waterloo, Ontario",22.77.5,v44416860
2000,202.00,"Kitchener-Cambridge-Waterloo, Ontario",22.77.5,v44416860
2001,195.00,"Kitchener-Cambridge-Waterloo, Ontario",22.77.5,v44416860
2002,191.00,"Kitchener-Cambridge-Waterloo, Ontario",22.77.5,v44416860
2003,193.00,"Kitchener-Cambridge-Waterloo, Ontario",22.77.5,v44416860
2004,214.00,"Kitchener-Cambridge-Waterloo, Ontario",22.77.5,v44416860
2005,202.00,"Kitchener-Cambridge-Waterloo, Ontario",22.77.5,v44416860
2006,204.00,"Kitchener-Cambridge-Waterloo, Ontario",22.77.5,v44416860
2007,184.00,"Kitchener-Cambridge-Waterloo, Ontario",22.77.5,v44416860
2008,257.00,"Kitchener-Cambridge-Waterloo, Ontario",22.77.5,v44416860
2009,184.00,"Kitchener-Cambridge-Waterloo, Ontario",22.77.5,v44416860
2010,115.00,"Kitchener-Cambridge-Waterloo, Ontario",22.77.5,v44416860
2011,307.00,"Kitchener-Cambridge-Waterloo, Ontario",22.77.5,v44416860
2012,309.00,"Kitchener-Cambridge-Waterloo, Ontario",22.77.5,v44416860
2013,315.00,"Kitchener-Cambridge-Waterloo, Ontario",22.77.5,v44416860
2014,236.00,"Kitchener-Cambridge-Waterloo, Ontario",22.77.5,v44416860
2015,288.00,"Kitchener-Cambridge-Waterloo, Ontario",22.77.5,v44416860
2005,..,"Brantford, Ontario",45.77.5,v52119142
2006,77.00,"Brantford, Ontario",45.77.5,v52119142
2007,74.00,"Brantford, Ontario",45.77.5,v52119142
2008,78.00,"Brantford, Ontario",45.77.5,v52119142
2009,120.00,"Brantford, Ontario",45.77.5,v52119142
2010,48.00,"Brantford, Ontario",45.77.5,v52119142
2011,105.00,"Brantford, Ontario",45.77.5,v52119142
2012,88.00,"Brantford, Ontario",45.77.5,v52119142
2013,81.00,"Brantford, Ontario",45.77.5,v52119142
2014,80.00,"Brantford, Ontario",45.77.5,v52119142
2015,68.00,"Brantford, Ontario",45.77.5,v52119142
2005,..,"Guelph, Ontario",46.77.5,v52119555
2006,43.00,"Guelph, Ontario",46.77.5,v52119555
2007,38.00,"Guelph, Ontario",46.77.5,v52119555
2008,80.00,"Guelph, Ontario",46.77.5,v52119555
2009,152.00,"Guelph, Ontario",46.77.5,v52119555
2010,50.00,"Guelph, Ontario",46.77.5,v52119555
2011,35.00,"Guelph, Ontario",46.77.5,v52119555
2012,58.00,"Guelph, Ontario",46.77.5,v52119555
2013,44.00,"Guelph, Ontario",46.77.5,v52119555
2014,76.00,"Guelph, Ontario",46.77.5,v52119555
2015,77.00,"Guelph, Ontario",46.77.5,v52119555
1998,676.00,"London, Ontario",23.77.5,v44389800
1999,575.00,"London, Ontario",23.77.5,v44389800
2000,618.00,"London, Ontario",23.77.5,v44389800
2001,612.00,"London, Ontario",23.77.5,v44389800
2002,601.00,"London, Ontario",23.77.5,v44389800
2003,660.00,"London, Ontario",23.77.5,v44389800
2004,467.00,"London, Ontario",23.77.5,v44389800
2005,462.00,"London, Ontario",23.77.5,v44389800
2006,423.00,"London, Ontario",23.77.5,v44389800
2007,434.00,"London, Ontario",23.77.5,v44389800
2008,313.00,"London, Ontario",23.77.5,v44389800
2009,269.00,"London, Ontario",23.77.5,v44389800
2010,295.00,"London, Ontario",23.77.5,v44389800
2011,287.00,"London, Ontario",23.77.5,v44389800
2012,257.00,"London, Ontario",23.77.5,v44389800
2013,280.00,"London, Ontario",23.77.5,v44389800
2014,263.00,"London, Ontario",23.77.5,v44389800
2015,279.00,"London, Ontario",23.77.5,v44389800
1998,111.00,"Windsor, Ontario",24.77.5,v44386842
1999,97.00,"Windsor, Ontario",24.77.5,v44386842
2000,192.00,"Windsor, Ontario",24.77.5,v44386842
2001,167.00,"Windsor, Ontario",24.77.5,v44386842
2002,142.00,"Windsor, Ontario",24.77.5,v44386842
2003,136.00,"Windsor, Ontario",24.77.5,v44386842
2004,543.00,"Windsor, Ontario",24.77.5,v44386842
2005,247.00,"Windsor, Ontario",24.77.5,v44386842
2006,103.00,"Windsor, Ontario",24.77.5,v44386842
2007,134.00,"Windsor, Ontario",24.77.5,v44386842
2008,96.00,"Windsor, Ontario",24.77.5,v44386842
2009,81.00,"Windsor, Ontario",24.77.5,v44386842
2010,81.00,"Windsor, Ontario",24.77.5,v44386842
2011,90.00,"Windsor, Ontario",24.77.5,v44386842
2012,131.00,"Windsor, Ontario",24.77.5,v44386842
2013,119.00,"Windsor, Ontario",24.77.5,v44386842
2014,109.00,"Windsor, Ontario",24.77.5,v44386842
2015,109.00,"Windsor, Ontario",24.77.5,v44386842
2005,..,"Barrie, Ontario",47.77.5,v52144986
2006,86.00,"Barrie, Ontario",47.77.5,v52144986
2007,227.00,"Barrie, Ontario",47.77.5,v52144986
2008,286.00,"Barrie, Ontario",47.77.5,v52144986
2009,281.00,"Barrie, Ontario",47.77.5,v52144986
2010,157.00,"Barrie, Ontario",47.77.5,v52144986
2011,130.00,"Barrie, Ontario",47.77.5,v52144986
2012,151.00,"Barrie, Ontario",47.77.5,v52144986
2013,94.00,"Barrie, Ontario",47.77.5,v52144986
2014,124.00,"Barrie, Ontario",47.77.5,v52144986
2015,110.00,"Barrie, Ontario",47.77.5,v52144986
1998,112.00,"Sudbury, Ontario",25.77.5,v44393794
1999,101.00,"Sudbury, Ontario",25.77.5,v44393794
2000,79.00,"Sudbury, Ontario",25.77.5,v44393794
2001,95.00,"Sudbury, Ontario",25.77.5,v44393794
2002,75.00,"Sudbury, Ontario",25.77.5,v44393794
2003,77.00,"Sudbury, Ontario",25.77.5,v44393794
2004,50.00,"Sudbury, Ontario",25.77.5,v44393794
2005,77.00,"Sudbury, Ontario",25.77.5,v44393794
2006,79.00,"Sudbury, Ontario",25.77.5,v44393794
2007,97.00,"Sudbury, Ontario",25.77.5,v44393794
2008,122.00,"Sudbury, Ontario",25.77.5,v44393794
2009,101.00,"Sudbury, Ontario",25.77.5,v44393794
2010,94.00,"Sudbury, Ontario",25.77.5,v44393794
2011,123.00,"Sudbury, Ontario",25.77.5,v44393794
2012,99.00,"Sudbury, Ontario",25.77.5,v44393794
2013,108.00,"Sudbury, Ontario",25.77.5,v44393794
2014,94.00,"Sudbury, Ontario",25.77.5,v44393794
2015,102.00,"Sudbury, Ontario",25.77.5,v44393794
1998,117.00,"Thunder Bay, Ontario",26.77.5,v44410988
1999,100.00,"Thunder Bay, Ontario",26.77.5,v44410988
2000,156.00,"Thunder Bay, Ontario",26.77.5,v44410988
2001,88.00,"Thunder Bay, Ontario",26.77.5,v44410988
2002,87.00,"Thunder Bay, Ontario",26.77.5,v44410988
2003,92.00,"Thunder Bay, Ontario",26.77.5,v44410988
2004,98.00,"Thunder Bay, Ontario",26.77.5,v44410988
2005,85.00,"Thunder Bay, Ontario",26.77.5,v44410988
2006,71.00,"Thunder Bay, Ontario",26.77.5,v44410988
2007,81.00,"Thunder Bay, Ontario",26.77.5,v44410988
2008,59.00,"Thunder Bay, Ontario",26.77.5,v44410988
2009,99.00,"Thunder Bay, Ontario",26.77.5,v44410988
2010,107.00,"Thunder Bay, Ontario",26.77.5,v44410988
2011,80.00,"Thunder Bay, Ontario",26.77.5,v44410988
2012,73.00,"Thunder Bay, Ontario",26.77.5,v44410988
2013,64.00,"Thunder Bay, Ontario",26.77.5,v44410988
2014,47.00,"Thunder Bay, Ontario",26.77.5,v44410988
2015,31.00,"Thunder Bay, Ontario",26.77.5,v44410988
1998,1071.00,"Manitoba",28.77.5,v44405194
1999,1067.00,"Manitoba",28.77.5,v44405194
2000,1302.00,"Manitoba",28.77.5,v44405194
2001,1412.00,"Manitoba",28.77.5,v44405194
2002,1269.00,"Manitoba",28.77.5,v44405194
2003,1245.00,"Manitoba",28.77.5,v44405194
2004,1153.00,"Manitoba",28.77.5,v44405194
2005,1694.00,"Manitoba",28.77.5,v44405194
2006,1433.00,"Manitoba",28.77.5,v44405194
2007,1120.00,"Manitoba",28.77.5,v44405194
2008,937.00,"Manitoba",28.77.5,v44405194
2009,1059.00,"Manitoba",28.77.5,v44405194
2010,627.00,"Manitoba",28.77.5,v44405194
2011,510.00,"Manitoba",28.77.5,v44405194
2012,656.00,"Manitoba",28.77.5,v44405194
2013,749.00,"Manitoba",28.77.5,v44405194
2014,712.00,"Manitoba",28.77.5,v44405194
2015,567.00,"Manitoba",28.77.5,v44405194
1998,633.00,"Winnipeg, Manitoba",29.77.5,v44360922
1999,611.00,"Winnipeg, Manitoba",29.77.5,v44360922
2000,916.00,"Winnipeg, Manitoba",29.77.5,v44360922
2001,968.00,"Winnipeg, Manitoba",29.77.5,v44360922
2002,915.00,"Winnipeg, Manitoba",29.77.5,v44360922
2003,861.00,"Winnipeg, Manitoba",29.77.5,v44360922
2004,827.00,"Winnipeg, Manitoba",29.77.5,v44360922
2005,1323.00,"Winnipeg, Manitoba",29.77.5,v44360922
2006,1139.00,"Winnipeg, Manitoba",29.77.5,v44360922
2007,808.00,"Winnipeg, Manitoba",29.77.5,v44360922
2008,580.00,"Winnipeg, Manitoba",29.77.5,v44360922
2009,767.00,"Winnipeg, Manitoba",29.77.5,v44360922
2010,393.00,"Winnipeg, Manitoba",29.77.5,v44360922
2011,320.00,"Winnipeg, Manitoba",29.77.5,v44360922
2012,417.00,"Winnipeg, Manitoba",29.77.5,v44360922
2013,531.00,"Winnipeg, Manitoba",29.77.5,v44360922
2014,458.00,"Winnipeg, Manitoba",29.77.5,v44360922
2015,341.00,"Winnipeg, Manitoba",29.77.5,v44360922
1998,1350.00,"Saskatchewan",30.77.5,v44402685
1999,1486.00,"Saskatchewan",30.77.5,v44402685
2000,1528.00,"Saskatchewan",30.77.5,v44402685
2001,1442.00,"Saskatchewan",30.77.5,v44402685
2002,1294.00,"Saskatchewan",30.77.5,v44402685
2003,1309.00,"Saskatchewan",30.77.5,v44402685
2004,1743.00,"Saskatchewan",30.77.5,v44402685
2005,1642.00,"Saskatchewan",30.77.5,v44402685
2006,1510.00,"Saskatchewan",30.77.5,v44402685
2007,1217.00,"Saskatchewan",30.77.5,v44402685
2008,1072.00,"Saskatchewan",30.77.5,v44402685
2009,935.00,"Saskatchewan",30.77.5,v44402685
2010,923.00,"Saskatchewan",30.77.5,v44402685
2011,987.00,"Saskatchewan",30.77.5,v44402685
2012,896.00,"Saskatchewan",30.77.5,v44402685
2013,874.00,"Saskatchewan",30.77.5,v44402685
2014,899.00,"Saskatchewan",30.77.5,v44402685
2015,887.00,"Saskatchewan",30.77.5,v44402685
1998,317.00,"Regina, Saskatchewan",31.77.5,v44334068
1999,350.00,"Regina, Saskatchewan",31.77.5,v44334068
2000,326.00,"Regina, Saskatchewan",31.77.5,v44334068
2001,273.00,"Regina, Saskatchewan",31.77.5,v44334068
2002,253.00,"Regina, Saskatchewan",31.77.5,v44334068
2003,319.00,"Regina, Saskatchewan",31.77.5,v44334068
2004,312.00,"Regina, Saskatchewan",31.77.5,v44334068
2005,470.00,"Regina, Saskatchewan",31.77.5,v44334068
2006,506.00,"Regina, Saskatchewan",31.77.5,v44334068
2007,455.00,"Regina, Saskatchewan",31.77.5,v44334068
2008,331.00,"Regina, Saskatchewan",31.77.5,v44334068
2009,266.00,"Regina, Saskatchewan",31.77.5,v44334068
2010,243.00,"Regina, Saskatchewan",31.77.5,v44334068
2011,211.00,"Regina, Saskatchewan",31.77.5,v44334068
2012,159.00,"Regina, Saskatchewan",31.77.5,v44334068
2013,187.00,"Regina, Saskatchewan",31.77.5,v44334068
2014,147.00,"Regina, Saskatchewan",31.77.5,v44334068
2015,155.00,"Regina, Saskatchewan",31.77.5,v44334068
1998,231.00,"Saskatoon, Saskatchewan",32.77.5,v44355475
1999,331.00,"Saskatoon, Saskatchewan",32.77.5,v44355475
2000,375.00,"Saskatoon, Saskatchewan",32.77.5,v44355475
2001,332.00,"Saskatoon, Saskatchewan",32.77.5,v44355475
2002,302.00,"Saskatoon, Saskatchewan",32.77.5,v44355475
2003,280.00,"Saskatoon, Saskatchewan",32.77.5,v44355475
2004,264.00,"Saskatoon, Saskatchewan",32.77.5,v44355475
2005,290.00,"Saskatoon, Saskatchewan",32.77.5,v44355475
2006,299.00,"Saskatoon, Saskatchewan",32.77.5,v44355475
2007,248.00,"Saskatoon, Saskatchewan",32.77.5,v44355475
2008,233.00,"Saskatoon, Saskatchewan",32.77.5,v44355475
2009,197.00,"Saskatoon, Saskatchewan",32.77.5,v44355475
2010,198.00,"Saskatoon, Saskatchewan",32.77.5,v44355475
2011,213.00,"Saskatoon, Saskatchewan",32.77.5,v44355475
2012,197.00,"Saskatoon, Saskatchewan",32.77.5,v44355475
2013,198.00,"Saskatoon, Saskatchewan",32.77.5,v44355475
2014,215.00,"Saskatoon, Saskatchewan",32.77.5,v44355475
2015,187.00,"Saskatoon, Saskatchewan",32.77.5,v44355475
1998,3114.00,"Alberta",33.77.5,v44385231
1999,2807.00,"Alberta",33.77.5,v44385231
2000,2831.00,"Alberta",33.77.5,v44385231
2001,2771.00,"Alberta",33.77.5,v44385231
2002,2888.00,"Alberta",33.77.5,v44385231
2003,2626.00,"Alberta",33.77.5,v44385231
2004,2833.00,"Alberta",33.77.5,v44385231
2005,3052.00,"Alberta",33.77.5,v44385231
2006,3089.00,"Alberta",33.77.5,v44385231
2007,3661.00,"Alberta",33.77.5,v44385231
2008,2947.00,"Alberta",33.77.5,v44385231
2009,2278.00,"Alberta",33.77.5,v44385231
2010,1855.00,"Alberta",33.77.5,v44385231
2011,1784.00,"Alberta",33.77.5,v44385231
2012,1827.00,"Alberta",33.77.5,v44385231
2013,1835.00,"Alberta",33.77.5,v44385231
2014,1904.00,"Alberta",33.77.5,v44385231
2015,2054.00,"Alberta",33.77.5,v44385231
1998,874.00,"Calgary, Alberta",34.77.5,v44349984
1999,702.00,"Calgary, Alberta",34.77.5,v44349984
2000,838.00,"Calgary, Alberta",34.77.5,v44349984
2001,819.00,"Calgary, Alberta",34.77.5,v44349984
2002,853.00,"Calgary, Alberta",34.77.5,v44349984
2003,820.00,"Calgary, Alberta",34.77.5,v44349984
2004,844.00,"Calgary, Alberta",34.77.5,v44349984
2005,778.00,"Calgary, Alberta",34.77.5,v44349984
2006,840.00,"Calgary, Alberta",34.77.5,v44349984
2007,1267.00,"Calgary, Alberta",34.77.5,v44349984
2008,1184.00,"Calgary, Alberta",34.77.5,v44349984
2009,616.00,"Calgary, Alberta",34.77.5,v44349984
2010,519.00,"Calgary, Alberta",34.77.5,v44349984
2011,488.00,"Calgary, Alberta",34.77.5,v44349984
2012,473.00,"Calgary, Alberta",34.77.5,v44349984
2013,426.00,"Calgary, Alberta",34.77.5,v44349984
2014,453.00,"Calgary, Alberta",34.77.5,v44349984
2015,487.00,"Calgary, Alberta",34.77.5,v44349984
1998,898.00,"Edmonton, Alberta",35.77.5,v44390167
1999,748.00,"Edmonton, Alberta",35.77.5,v44390167
2000,781.00,"Edmonton, Alberta",35.77.5,v44390167
2001,640.00,"Edmonton, Alberta",35.77.5,v44390167
2002,676.00,"Edmonton, Alberta",35.77.5,v44390167
2003,589.00,"Edmonton, Alberta",35.77.5,v44390167
2004,638.00,"Edmonton, Alberta",35.77.5,v44390167
2005,659.00,"Edmonton, Alberta",35.77.5,v44390167
2006,818.00,"Edmonton, Alberta",35.77.5,v44390167
2007,993.00,"Edmonton, Alberta",35.77.5,v44390167
2008,668.00,"Edmonton, Alberta",35.77.5,v44390167
2009,636.00,"Edmonton, Alberta",35.77.5,v44390167
2010,481.00,"Edmonton, Alberta",35.77.5,v44390167
2011,479.00,"Edmonton, Alberta",35.77.5,v44390167
2012,576.00,"Edmonton, Alberta",35.77.5,v44390167
2013,620.00,"Edmonton, Alberta",35.77.5,v44390167
2014,563.00,"Edmonton, Alberta",35.77.5,v44390167
2015,572.00,"Edmonton, Alberta",35.77.5,v44390167
1998,2683.00,"British Columbia",36.77.5,v44415483
1999,2576.00,"British Columbia",36.77.5,v44415483
2000,2351.00,"British Columbia",36.77.5,v44415483
2001,2681.00,"British Columbia",36.77.5,v44415483
2002,2670.00,"British Columbia",36.77.5,v44415483
2003,2577.00,"British Columbia",36.77.5,v44415483
2004,4488.00,"British Columbia",36.77.5,v44415483
2005,3819.00,"British Columbia",36.77.5,v44415483
2006,1857.00,"British Columbia",36.77.5,v44415483
2007,1425.00,"British Columbia",36.77.5,v44415483
2008,1137.00,"British Columbia",36.77.5,v44415483
2009,991.00,"British Columbia",36.77.5,v44415483
2010,1073.00,"British Columbia",36.77.5,v44415483
2011,998.00,"British Columbia",36.77.5,v44415483
2012,1081.00,"British Columbia",36.77.5,v44415483
2013,1091.00,"British Columbia",36.77.5,v44415483
2014,1079.00,"British Columbia",36.77.5,v44415483
2015,1138.00,"British Columbia",36.77.5,v44415483
2005,..,"Kelowna, British Columbia",48.77.5,v52146363
2006,59.00,"Kelowna, British Columbia",48.77.5,v52146363
2007,60.00,"Kelowna, British Columbia",48.77.5,v52146363
2008,37.00,"Kelowna, British Columbia",48.77.5,v52146363
2009,58.00,"Kelowna, British Columbia",48.77.5,v52146363
2010,43.00,"Kelowna, British Columbia",48.77.5,v52146363
2011,48.00,"Kelowna, British Columbia",48.77.5,v52146363
2012,47.00,"Kelowna, British Columbia",48.77.5,v52146363
2013,35.00,"Kelowna, British Columbia",48.77.5,v52146363
2014,53.00,"Kelowna, British Columbia",48.77.5,v52146363
2015,39.00,"Kelowna, British Columbia",48.77.5,v52146363
2000,..,"Abbotsford-Mission, British Columbia",39.77.5,v44325825
2001,104.00,"Abbotsford-Mission, British Columbia",39.77.5,v44325825
2002,90.00,"Abbotsford-Mission, British Columbia",39.77.5,v44325825
2003,156.00,"Abbotsford-Mission, British Columbia",39.77.5,v44325825
2004,111.00,"Abbotsford-Mission, British Columbia",39.77.5,v44325825
2005,118.00,"Abbotsford-Mission, British Columbia",39.77.5,v44325825
2006,86.00,"Abbotsford-Mission, British Columbia",39.77.5,v44325825
2007,46.00,"Abbotsford-Mission, British Columbia",39.77.5,v44325825
2008,34.00,"Abbotsford-Mission, British Columbia",39.77.5,v44325825
2009,24.00,"Abbotsford-Mission, British Columbia",39.77.5,v44325825
2010,38.00,"Abbotsford-Mission, British Columbia",39.77.5,v44325825
2011,27.00,"Abbotsford-Mission, British Columbia",39.77.5,v44325825
2012,25.00,"Abbotsford-Mission, British Columbia",39.77.5,v44325825
2013,16.00,"Abbotsford-Mission, British Columbia",39.77.5,v44325825
2014,44.00,"Abbotsford-Mission, British Columbia",39.77.5,v44325825
2015,34.00,"Abbotsford-Mission, British Columbia",39.77.5,v44325825
1998,947.00,"Vancouver, British Columbia",37.77.5,v44389747
1999,915.00,"Vancouver, British Columbia",37.77.5,v44389747
2000,597.00,"Vancouver, British Columbia",37.77.5,v44389747
2001,970.00,"Vancouver, British Columbia",37.77.5,v44389747
2002,1041.00,"Vancouver, British Columbia",37.77.5,v44389747
2003,1120.00,"Vancouver, British Columbia",37.77.5,v44389747
2004,2376.00,"Vancouver, British Columbia",37.77.5,v44389747
2005,1861.00,"Vancouver, British Columbia",37.77.5,v44389747
2006,709.00,"Vancouver, British Columbia",37.77.5,v44389747
2007,475.00,"Vancouver, British Columbia",37.77.5,v44389747
2008,386.00,"Vancouver, British Columbia",37.77.5,v44389747
2009,326.00,"Vancouver, British Columbia",37.77.5,v44389747
2010,412.00,"Vancouver, British Columbia",37.77.5,v44389747
2011,379.00,"Vancouver, British Columbia",37.77.5,v44389747
2012,412.00,"Vancouver, British Columbia",37.77.5,v44389747
2013,419.00,"Vancouver, British Columbia",37.77.5,v44389747
2014,407.00,"Vancouver, British Columbia",37.77.5,v44389747
2015,422.00,"Vancouver, British Columbia",37.77.5,v44389747
1998,251.00,"Victoria, British Columbia",38.77.5,v44400457
1999,207.00,"Victoria, British Columbia",38.77.5,v44400457
2000,270.00,"Victoria, British Columbia",38.77.5,v44400457
2001,219.00,"Victoria, British Columbia",38.77.5,v44400457
2002,288.00,"Victoria, British Columbia",38.77.5,v44400457
2003,218.00,"Victoria, British Columbia",38.77.5,v44400457
2004,944.00,"Victoria, British Columbia",38.77.5,v44400457
2005,914.00,"Victoria, British Columbia",38.77.5,v44400457
2006,145.00,"Victoria, British Columbia",38.77.5,v44400457
2007,110.00,"Victoria, British Columbia",38.77.5,v44400457
2008,117.00,"Victoria, British Columbia",38.77.5,v44400457
2009,94.00,"Victoria, British Columbia",38.77.5,v44400457
2010,83.00,"Victoria, British Columbia",38.77.5,v44400457
2011,82.00,"Victoria, British Columbia",38.77.5,v44400457
2012,100.00,"Victoria, British Columbia",38.77.5,v44400457
2013,83.00,"Victoria, British Columbia",38.77.5,v44400457
2014,80.00,"Victoria, British Columbia",38.77.5,v44400457
2015,102.00,"Victoria, British Columbia",38.77.5,v44400457
1998,49.00,"Yukon",40.77.5,v44387309
1999,83.00,"Yukon",40.77.5,v44387309
2000,51.00,"Yukon",40.77.5,v44387309
2001,35.00,"Yukon",40.77.5,v44387309
2002,29.00,"Yukon",40.77.5,v44387309
2003,41.00,"Yukon",40.77.5,v44387309
2004,55.00,"Yukon",40.77.5,v44387309
2005,56.00,"Yukon",40.77.5,v44387309
2006,45.00,"Yukon",40.77.5,v44387309
2007,21.00,"Yukon",40.77.5,v44387309
2008,24.00,"Yukon",40.77.5,v44387309
2009,37.00,"Yukon",40.77.5,v44387309
2010,29.00,"Yukon",40.77.5,v44387309
2011,19.00,"Yukon",40.77.5,v44387309
2012,10.00,"Yukon",40.77.5,v44387309
2013,22.00,"Yukon",40.77.5,v44387309
2014,18.00,"Yukon",40.77.5,v44387309
2015,25.00,"Yukon",40.77.5,v44387309
1998,107.00,"Northwest Territories",41.77.5,v44409992
1999,49.00,"Northwest Territories",41.77.5,v44409992
2000,59.00,"Northwest Territories",41.77.5,v44409992
2001,68.00,"Northwest Territories",41.77.5,v44409992
2002,62.00,"Northwest Territories",41.77.5,v44409992
2003,70.00,"Northwest Territories",41.77.5,v44409992
2004,91.00,"Northwest Territories",41.77.5,v44409992
2005,72.00,"Northwest Territories",41.77.5,v44409992
2006,85.00,"Northwest Territories",41.77.5,v44409992
2007,64.00,"Northwest Territories",41.77.5,v44409992
2008,46.00,"Northwest Territories",41.77.5,v44409992
2009,44.00,"Northwest Territories",41.77.5,v44409992
2010,34.00,"Northwest Territories",41.77.5,v44409992
2011,39.00,"Northwest Territories",41.77.5,v44409992
2012,36.00,"Northwest Territories",41.77.5,v44409992
2013,30.00,"Northwest Territories",41.77.5,v44409992
2014,30.00,"Northwest Territories",41.77.5,v44409992
2015,43.00,"Northwest Territories",41.77.5,v44409992
1998,..,"Nunavut",42.77.5,v44398397
1999,24.00,"Nunavut",42.77.5,v44398397
2000,33.00,"Nunavut",42.77.5,v44398397
2001,41.00,"Nunavut",42.77.5,v44398397
2002,39.00,"Nunavut",42.77.5,v44398397
2003,56.00,"Nunavut",42.77.5,v44398397
2004,28.00,"Nunavut",42.77.5,v44398397
2005,40.00,"Nunavut",42.77.5,v44398397
2006,46.00,"Nunavut",42.77.5,v44398397
2007,37.00,"Nunavut",42.77.5,v44398397
2008,30.00,"Nunavut",42.77.5,v44398397
2009,32.00,"Nunavut",42.77.5,v44398397
2010,33.00,"Nunavut",42.77.5,v44398397
2011,28.00,"Nunavut",42.77.5,v44398397
2012,27.00,"Nunavut",42.77.5,v44398397
2013,44.00,"Nunavut",42.77.5,v44398397
2014,25.00,"Nunavut",42.77.5,v44398397
2015,14.00,"Nunavut",42.77.5,v44398397
