2012,0.00,"Canada",1.243.4,v96885995
2013,0.00,"Canada",1.243.4,v96885995
2014,0.00,"Canada",1.243.4,v96885995
2015,2.00,"Canada",1.243.4,v96885995
2012,0.00,"Newfoundland and Labrador",2.243.4,v96886317
2013,0.00,"Newfoundland and Labrador",2.243.4,v96886317
2014,0.00,"Newfoundland and Labrador",2.243.4,v96886317
2015,0.00,"Newfoundland and Labrador",2.243.4,v96886317
2012,0.00,"St. John's, Newfoundland and Labrador",3.243.4,v96886639
2013,0.00,"St. John's, Newfoundland and Labrador",3.243.4,v96886639
2014,0.00,"St. John's, Newfoundland and Labrador",3.243.4,v96886639
2015,0.00,"St. John's, Newfoundland and Labrador",3.243.4,v96886639
2012,0.00,"Prince Edward Island",4.243.4,v96886961
2013,0.00,"Prince Edward Island",4.243.4,v96886961
2014,0.00,"Prince Edward Island",4.243.4,v96886961
2015,0.00,"Prince Edward Island",4.243.4,v96886961
2012,0.00,"Nova Scotia",5.243.4,v96887283
2013,0.00,"Nova Scotia",5.243.4,v96887283
2014,0.00,"Nova Scotia",5.243.4,v96887283
2015,0.00,"Nova Scotia",5.243.4,v96887283
2012,0.00,"Halifax, Nova Scotia",6.243.4,v96887605
2013,0.00,"Halifax, Nova Scotia",6.243.4,v96887605
2014,0.00,"Halifax, Nova Scotia",6.243.4,v96887605
2015,0.00,"Halifax, Nova Scotia",6.243.4,v96887605
2012,0.00,"New Brunswick",7.243.4,v96887927
2013,0.00,"New Brunswick",7.243.4,v96887927
2014,0.00,"New Brunswick",7.243.4,v96887927
2015,0.00,"New Brunswick",7.243.4,v96887927
2012,0.00,"Moncton, New Brunswick",43.243.4,v96888249
2013,0.00,"Moncton, New Brunswick",43.243.4,v96888249
2014,0.00,"Moncton, New Brunswick",43.243.4,v96888249
2015,0.00,"Moncton, New Brunswick",43.243.4,v96888249
2012,0.00,"Saint John, New Brunswick",8.243.4,v96888571
2013,0.00,"Saint John, New Brunswick",8.243.4,v96888571
2014,0.00,"Saint John, New Brunswick",8.243.4,v96888571
2015,0.00,"Saint John, New Brunswick",8.243.4,v96888571
2012,0.00,"Quebec",9.243.4,v96888893
2013,0.00,"Quebec",9.243.4,v96888893
2014,0.00,"Quebec",9.243.4,v96888893
2015,0.00,"Quebec",9.243.4,v96888893
2012,0.00,"Saguenay, Quebec",10.243.4,v96889215
2013,0.00,"Saguenay, Quebec",10.243.4,v96889215
2014,0.00,"Saguenay, Quebec",10.243.4,v96889215
2015,0.00,"Saguenay, Quebec",10.243.4,v96889215
2012,0.00,"Sherbrooke, Quebec",12.243.4,v96889859
2013,0.00,"Sherbrooke, Quebec",12.243.4,v96889859
2014,0.00,"Sherbrooke, Quebec",12.243.4,v96889859
2015,0.00,"Sherbrooke, Quebec",12.243.4,v96889859
2012,0.00,"Ottawa-Gatineau, Quebec part",15.243.4,v96890825
2013,0.00,"Ottawa-Gatineau, Quebec part",15.243.4,v96890825
2014,0.00,"Ottawa-Gatineau, Quebec part",15.243.4,v96890825
2015,0.00,"Ottawa-Gatineau, Quebec part",15.243.4,v96890825
2012,0.00,"Ontario",16.243.4,v96891147
2013,0.00,"Ontario",16.243.4,v96891147
2014,0.00,"Ontario",16.243.4,v96891147
2015,2.00,"Ontario",16.243.4,v96891147
2012,0.00,"Ottawa-Gatineau, Ontario/Quebec",17.243.4,v96891469
2013,0.00,"Ottawa-Gatineau, Ontario/Quebec",17.243.4,v96891469
2014,0.00,"Ottawa-Gatineau, Ontario/Quebec",17.243.4,v96891469
2015,0.00,"Ottawa-Gatineau, Ontario/Quebec",17.243.4,v96891469
2012,0.00,"Ottawa-Gatineau, Ontario part",18.243.4,v96891791
2013,0.00,"Ottawa-Gatineau, Ontario part",18.243.4,v96891791
2014,0.00,"Ottawa-Gatineau, Ontario part",18.243.4,v96891791
2015,0.00,"Ottawa-Gatineau, Ontario part",18.243.4,v96891791
2012,0.00,"Kingston, Ontario",27.243.4,v96892113
2013,0.00,"Kingston, Ontario",27.243.4,v96892113
2014,0.00,"Kingston, Ontario",27.243.4,v96892113
2015,0.00,"Kingston, Ontario",27.243.4,v96892113
2012,0.00,"Peterborough, Ontario",44.243.4,v96892435
2013,0.00,"Peterborough, Ontario",44.243.4,v96892435
2014,0.00,"Peterborough, Ontario",44.243.4,v96892435
2015,0.00,"Peterborough, Ontario",44.243.4,v96892435
2012,0.00,"Toronto, Ontario",19.243.4,v96892757
2013,0.00,"Toronto, Ontario",19.243.4,v96892757
2014,0.00,"Toronto, Ontario",19.243.4,v96892757
2015,0.00,"Toronto, Ontario",19.243.4,v96892757
2012,0.00,"Hamilton, Ontario",20.243.4,v96893079
2013,0.00,"Hamilton, Ontario",20.243.4,v96893079
2014,0.00,"Hamilton, Ontario",20.243.4,v96893079
2015,0.00,"Hamilton, Ontario",20.243.4,v96893079
2012,0.00,"St.Catharines-Niagara, Ontario",21.243.4,v96893401
2013,0.00,"St.Catharines-Niagara, Ontario",21.243.4,v96893401
2014,0.00,"St.Catharines-Niagara, Ontario",21.243.4,v96893401
2015,0.00,"St.Catharines-Niagara, Ontario",21.243.4,v96893401
2012,0.00,"Kitchener-Cambridge-Waterloo, Ontario",22.243.4,v96893723
2013,0.00,"Kitchener-Cambridge-Waterloo, Ontario",22.243.4,v96893723
2014,0.00,"Kitchener-Cambridge-Waterloo, Ontario",22.243.4,v96893723
2015,0.00,"Kitchener-Cambridge-Waterloo, Ontario",22.243.4,v96893723
2012,0.00,"Brantford, Ontario",45.243.4,v96894045
2013,0.00,"Brantford, Ontario",45.243.4,v96894045
2014,0.00,"Brantford, Ontario",45.243.4,v96894045
2015,1.00,"Brantford, Ontario",45.243.4,v96894045
2012,0.00,"Guelph, Ontario",46.243.4,v96894367
2013,0.00,"Guelph, Ontario",46.243.4,v96894367
2014,0.00,"Guelph, Ontario",46.243.4,v96894367
2015,0.00,"Guelph, Ontario",46.243.4,v96894367
2012,0.00,"London, Ontario",23.243.4,v96894689
2013,0.00,"London, Ontario",23.243.4,v96894689
2014,0.00,"London, Ontario",23.243.4,v96894689
2015,0.00,"London, Ontario",23.243.4,v96894689
2012,0.00,"Windsor, Ontario",24.243.4,v96895011
2013,0.00,"Windsor, Ontario",24.243.4,v96895011
2014,0.00,"Windsor, Ontario",24.243.4,v96895011
2015,0.00,"Windsor, Ontario",24.243.4,v96895011
2012,0.00,"Barrie, Ontario",47.243.4,v96895333
2013,0.00,"Barrie, Ontario",47.243.4,v96895333
2014,0.00,"Barrie, Ontario",47.243.4,v96895333
2015,0.00,"Barrie, Ontario",47.243.4,v96895333
2012,0.00,"Sudbury, Ontario",25.243.4,v96895655
2013,0.00,"Sudbury, Ontario",25.243.4,v96895655
2014,0.00,"Sudbury, Ontario",25.243.4,v96895655
2015,0.00,"Sudbury, Ontario",25.243.4,v96895655
2012,0.00,"Thunder Bay, Ontario",26.243.4,v96895977
2013,0.00,"Thunder Bay, Ontario",26.243.4,v96895977
2014,0.00,"Thunder Bay, Ontario",26.243.4,v96895977
2015,0.00,"Thunder Bay, Ontario",26.243.4,v96895977
2012,0.00,"Manitoba",28.243.4,v96896299
2013,0.00,"Manitoba",28.243.4,v96896299
2014,0.00,"Manitoba",28.243.4,v96896299
2015,0.00,"Manitoba",28.243.4,v96896299
2012,0.00,"Winnipeg, Manitoba",29.243.4,v96896621
2013,0.00,"Winnipeg, Manitoba",29.243.4,v96896621
2014,0.00,"Winnipeg, Manitoba",29.243.4,v96896621
2015,0.00,"Winnipeg, Manitoba",29.243.4,v96896621
2012,0.00,"Saskatchewan",30.243.4,v96896943
2013,0.00,"Saskatchewan",30.243.4,v96896943
2014,0.00,"Saskatchewan",30.243.4,v96896943
2015,0.00,"Saskatchewan",30.243.4,v96896943
2012,0.00,"Regina, Saskatchewan",31.243.4,v96897265
2013,0.00,"Regina, Saskatchewan",31.243.4,v96897265
2014,0.00,"Regina, Saskatchewan",31.243.4,v96897265
2015,0.00,"Regina, Saskatchewan",31.243.4,v96897265
2012,0.00,"Saskatoon, Saskatchewan",32.243.4,v96897587
2013,0.00,"Saskatoon, Saskatchewan",32.243.4,v96897587
2014,0.00,"Saskatoon, Saskatchewan",32.243.4,v96897587
2015,0.00,"Saskatoon, Saskatchewan",32.243.4,v96897587
2012,0.00,"Alberta",33.243.4,v96897909
2013,0.00,"Alberta",33.243.4,v96897909
2014,0.00,"Alberta",33.243.4,v96897909
2015,0.00,"Alberta",33.243.4,v96897909
2012,0.00,"Calgary, Alberta",34.243.4,v96898231
2013,0.00,"Calgary, Alberta",34.243.4,v96898231
2014,0.00,"Calgary, Alberta",34.243.4,v96898231
2015,0.00,"Calgary, Alberta",34.243.4,v96898231
2012,0.00,"Edmonton, Alberta",35.243.4,v96898553
2013,0.00,"Edmonton, Alberta",35.243.4,v96898553
2014,0.00,"Edmonton, Alberta",35.243.4,v96898553
2015,0.00,"Edmonton, Alberta",35.243.4,v96898553
2012,0.00,"British Columbia",36.243.4,v96898875
2013,0.00,"British Columbia",36.243.4,v96898875
2014,0.00,"British Columbia",36.243.4,v96898875
2015,0.00,"British Columbia",36.243.4,v96898875
2012,0.00,"Kelowna, British Columbia",48.243.4,v96899197
2013,0.00,"Kelowna, British Columbia",48.243.4,v96899197
2014,0.00,"Kelowna, British Columbia",48.243.4,v96899197
2015,0.00,"Kelowna, British Columbia",48.243.4,v96899197
2012,0.00,"Abbotsford-Mission, British Columbia",39.243.4,v96899519
2013,0.00,"Abbotsford-Mission, British Columbia",39.243.4,v96899519
2014,0.00,"Abbotsford-Mission, British Columbia",39.243.4,v96899519
2015,0.00,"Abbotsford-Mission, British Columbia",39.243.4,v96899519
2012,0.00,"Vancouver, British Columbia",37.243.4,v96899841
2013,0.00,"Vancouver, British Columbia",37.243.4,v96899841
2014,0.00,"Vancouver, British Columbia",37.243.4,v96899841
2015,0.00,"Vancouver, British Columbia",37.243.4,v96899841
2012,0.00,"Victoria, British Columbia",38.243.4,v96900163
2013,0.00,"Victoria, British Columbia",38.243.4,v96900163
2014,0.00,"Victoria, British Columbia",38.243.4,v96900163
2015,0.00,"Victoria, British Columbia",38.243.4,v96900163
2012,0.00,"Yukon",40.243.4,v96900485
2013,0.00,"Yukon",40.243.4,v96900485
2014,0.00,"Yukon",40.243.4,v96900485
2015,0.00,"Yukon",40.243.4,v96900485
2012,0.00,"Northwest Territories",41.243.4,v96900807
2013,0.00,"Northwest Territories",41.243.4,v96900807
2014,0.00,"Northwest Territories",41.243.4,v96900807
2015,0.00,"Northwest Territories",41.243.4,v96900807
2012,0.00,"Nunavut",42.243.4,v96901129
2013,0.00,"Nunavut",42.243.4,v96901129
2014,0.00,"Nunavut",42.243.4,v96901129
2015,0.00,"Nunavut",42.243.4,v96901129
2012,0.00,"Canada",1.243.4,v96885995
2013,0.00,"Canada",1.243.4,v96885995
2014,0.00,"Canada",1.243.4,v96885995
2015,2.00,"Canada",1.243.4,v96885995
2012,0.00,"Newfoundland and Labrador",2.243.4,v96886317
2013,0.00,"Newfoundland and Labrador",2.243.4,v96886317
2014,0.00,"Newfoundland and Labrador",2.243.4,v96886317
2015,0.00,"Newfoundland and Labrador",2.243.4,v96886317
2012,0.00,"St. John's, Newfoundland and Labrador",3.243.4,v96886639
2013,0.00,"St. John's, Newfoundland and Labrador",3.243.4,v96886639
2014,0.00,"St. John's, Newfoundland and Labrador",3.243.4,v96886639
2015,0.00,"St. John's, Newfoundland and Labrador",3.243.4,v96886639
2012,0.00,"Prince Edward Island",4.243.4,v96886961
2013,0.00,"Prince Edward Island",4.243.4,v96886961
2014,0.00,"Prince Edward Island",4.243.4,v96886961
2015,0.00,"Prince Edward Island",4.243.4,v96886961
2012,0.00,"Nova Scotia",5.243.4,v96887283
2013,0.00,"Nova Scotia",5.243.4,v96887283
2014,0.00,"Nova Scotia",5.243.4,v96887283
2015,0.00,"Nova Scotia",5.243.4,v96887283
2012,0.00,"Halifax, Nova Scotia",6.243.4,v96887605
2013,0.00,"Halifax, Nova Scotia",6.243.4,v96887605
2014,0.00,"Halifax, Nova Scotia",6.243.4,v96887605
2015,0.00,"Halifax, Nova Scotia",6.243.4,v96887605
2012,0.00,"New Brunswick",7.243.4,v96887927
2013,0.00,"New Brunswick",7.243.4,v96887927
2014,0.00,"New Brunswick",7.243.4,v96887927
2015,0.00,"New Brunswick",7.243.4,v96887927
2012,0.00,"Moncton, New Brunswick",43.243.4,v96888249
2013,0.00,"Moncton, New Brunswick",43.243.4,v96888249
2014,0.00,"Moncton, New Brunswick",43.243.4,v96888249
2015,0.00,"Moncton, New Brunswick",43.243.4,v96888249
2012,0.00,"Saint John, New Brunswick",8.243.4,v96888571
2013,0.00,"Saint John, New Brunswick",8.243.4,v96888571
2014,0.00,"Saint John, New Brunswick",8.243.4,v96888571
2015,0.00,"Saint John, New Brunswick",8.243.4,v96888571
2012,0.00,"Quebec",9.243.4,v96888893
2013,0.00,"Quebec",9.243.4,v96888893
2014,0.00,"Quebec",9.243.4,v96888893
2015,0.00,"Quebec",9.243.4,v96888893
2012,0.00,"Saguenay, Quebec",10.243.4,v96889215
2013,0.00,"Saguenay, Quebec",10.243.4,v96889215
2014,0.00,"Saguenay, Quebec",10.243.4,v96889215
2015,0.00,"Saguenay, Quebec",10.243.4,v96889215
2012,0.00,"Quebec, Quebec",11.243.4,v96889537
2013,0.00,"Quebec, Quebec",11.243.4,v96889537
2014,0.00,"Quebec, Quebec",11.243.4,v96889537
2015,0.00,"Quebec, Quebec",11.243.4,v96889537
2012,0.00,"Sherbrooke, Quebec",12.243.4,v96889859
2013,0.00,"Sherbrooke, Quebec",12.243.4,v96889859
2014,0.00,"Sherbrooke, Quebec",12.243.4,v96889859
2015,0.00,"Sherbrooke, Quebec",12.243.4,v96889859
2012,0.00,"Montreal, Quebec",14.243.4,v96890503
2013,0.00,"Montreal, Quebec",14.243.4,v96890503
2014,0.00,"Montreal, Quebec",14.243.4,v96890503
2015,0.00,"Montreal, Quebec",14.243.4,v96890503
2012,0.00,"Ottawa-Gatineau, Quebec part",15.243.4,v96890825
2013,0.00,"Ottawa-Gatineau, Quebec part",15.243.4,v96890825
2014,0.00,"Ottawa-Gatineau, Quebec part",15.243.4,v96890825
2015,0.00,"Ottawa-Gatineau, Quebec part",15.243.4,v96890825
2012,0.00,"Ontario",16.243.4,v96891147
2013,0.00,"Ontario",16.243.4,v96891147
2014,0.00,"Ontario",16.243.4,v96891147
2015,2.00,"Ontario",16.243.4,v96891147
2012,0.00,"Ottawa-Gatineau, Ontario/Quebec",17.243.4,v96891469
2013,0.00,"Ottawa-Gatineau, Ontario/Quebec",17.243.4,v96891469
2014,0.00,"Ottawa-Gatineau, Ontario/Quebec",17.243.4,v96891469
2015,0.00,"Ottawa-Gatineau, Ontario/Quebec",17.243.4,v96891469
2012,0.00,"Ottawa-Gatineau, Ontario part",18.243.4,v96891791
2013,0.00,"Ottawa-Gatineau, Ontario part",18.243.4,v96891791
2014,0.00,"Ottawa-Gatineau, Ontario part",18.243.4,v96891791
2015,0.00,"Ottawa-Gatineau, Ontario part",18.243.4,v96891791
2012,0.00,"Kingston, Ontario",27.243.4,v96892113
2013,0.00,"Kingston, Ontario",27.243.4,v96892113
2014,0.00,"Kingston, Ontario",27.243.4,v96892113
2015,0.00,"Kingston, Ontario",27.243.4,v96892113
2012,0.00,"Peterborough, Ontario",44.243.4,v96892435
2013,0.00,"Peterborough, Ontario",44.243.4,v96892435
2014,0.00,"Peterborough, Ontario",44.243.4,v96892435
2015,0.00,"Peterborough, Ontario",44.243.4,v96892435
2012,0.00,"Toronto, Ontario",19.243.4,v96892757
2013,0.00,"Toronto, Ontario",19.243.4,v96892757
2014,0.00,"Toronto, Ontario",19.243.4,v96892757
2015,0.00,"Toronto, Ontario",19.243.4,v96892757
2012,0.00,"Hamilton, Ontario",20.243.4,v96893079
2013,0.00,"Hamilton, Ontario",20.243.4,v96893079
2014,0.00,"Hamilton, Ontario",20.243.4,v96893079
2015,0.00,"Hamilton, Ontario",20.243.4,v96893079
2012,0.00,"St.Catharines-Niagara, Ontario",21.243.4,v96893401
2013,0.00,"St.Catharines-Niagara, Ontario",21.243.4,v96893401
2014,0.00,"St.Catharines-Niagara, Ontario",21.243.4,v96893401
2015,0.00,"St.Catharines-Niagara, Ontario",21.243.4,v96893401
2012,0.00,"Kitchener-Cambridge-Waterloo, Ontario",22.243.4,v96893723
2013,0.00,"Kitchener-Cambridge-Waterloo, Ontario",22.243.4,v96893723
2014,0.00,"Kitchener-Cambridge-Waterloo, Ontario",22.243.4,v96893723
2015,0.00,"Kitchener-Cambridge-Waterloo, Ontario",22.243.4,v96893723
2012,0.00,"Brantford, Ontario",45.243.4,v96894045
2013,0.00,"Brantford, Ontario",45.243.4,v96894045
2014,0.00,"Brantford, Ontario",45.243.4,v96894045
2015,1.00,"Brantford, Ontario",45.243.4,v96894045
2012,0.00,"Guelph, Ontario",46.243.4,v96894367
2013,0.00,"Guelph, Ontario",46.243.4,v96894367
2014,0.00,"Guelph, Ontario",46.243.4,v96894367
2015,0.00,"Guelph, Ontario",46.243.4,v96894367
2012,0.00,"London, Ontario",23.243.4,v96894689
2013,0.00,"London, Ontario",23.243.4,v96894689
2014,0.00,"London, Ontario",23.243.4,v96894689
2015,0.00,"London, Ontario",23.243.4,v96894689
2012,0.00,"Windsor, Ontario",24.243.4,v96895011
2013,0.00,"Windsor, Ontario",24.243.4,v96895011
2014,0.00,"Windsor, Ontario",24.243.4,v96895011
2015,0.00,"Windsor, Ontario",24.243.4,v96895011
2012,0.00,"Barrie, Ontario",47.243.4,v96895333
2013,0.00,"Barrie, Ontario",47.243.4,v96895333
2014,0.00,"Barrie, Ontario",47.243.4,v96895333
2015,0.00,"Barrie, Ontario",47.243.4,v96895333
2012,0.00,"Sudbury, Ontario",25.243.4,v96895655
2013,0.00,"Sudbury, Ontario",25.243.4,v96895655
2014,0.00,"Sudbury, Ontario",25.243.4,v96895655
2015,0.00,"Sudbury, Ontario",25.243.4,v96895655
2012,0.00,"Thunder Bay, Ontario",26.243.4,v96895977
2013,0.00,"Thunder Bay, Ontario",26.243.4,v96895977
2014,0.00,"Thunder Bay, Ontario",26.243.4,v96895977
2015,0.00,"Thunder Bay, Ontario",26.243.4,v96895977
2012,0.00,"Manitoba",28.243.4,v96896299
2013,0.00,"Manitoba",28.243.4,v96896299
2014,0.00,"Manitoba",28.243.4,v96896299
2015,0.00,"Manitoba",28.243.4,v96896299
2012,0.00,"Winnipeg, Manitoba",29.243.4,v96896621
2013,0.00,"Winnipeg, Manitoba",29.243.4,v96896621
2014,0.00,"Winnipeg, Manitoba",29.243.4,v96896621
2015,0.00,"Winnipeg, Manitoba",29.243.4,v96896621
2012,0.00,"Saskatchewan",30.243.4,v96896943
2013,0.00,"Saskatchewan",30.243.4,v96896943
2014,0.00,"Saskatchewan",30.243.4,v96896943
2015,0.00,"Saskatchewan",30.243.4,v96896943
2012,0.00,"Regina, Saskatchewan",31.243.4,v96897265
2013,0.00,"Regina, Saskatchewan",31.243.4,v96897265
2014,0.00,"Regina, Saskatchewan",31.243.4,v96897265
2015,0.00,"Regina, Saskatchewan",31.243.4,v96897265
2012,0.00,"Saskatoon, Saskatchewan",32.243.4,v96897587
2013,0.00,"Saskatoon, Saskatchewan",32.243.4,v96897587
2014,0.00,"Saskatoon, Saskatchewan",32.243.4,v96897587
2015,0.00,"Saskatoon, Saskatchewan",32.243.4,v96897587
2012,0.00,"Alberta",33.243.4,v96897909
2013,0.00,"Alberta",33.243.4,v96897909
2014,0.00,"Alberta",33.243.4,v96897909
2015,0.00,"Alberta",33.243.4,v96897909
2012,0.00,"Calgary, Alberta",34.243.4,v96898231
2013,0.00,"Calgary, Alberta",34.243.4,v96898231
2014,0.00,"Calgary, Alberta",34.243.4,v96898231
2015,0.00,"Calgary, Alberta",34.243.4,v96898231
2012,0.00,"Edmonton, Alberta",35.243.4,v96898553
2013,0.00,"Edmonton, Alberta",35.243.4,v96898553
2014,0.00,"Edmonton, Alberta",35.243.4,v96898553
2015,0.00,"Edmonton, Alberta",35.243.4,v96898553
2012,0.00,"British Columbia",36.243.4,v96898875
2013,0.00,"British Columbia",36.243.4,v96898875
2014,0.00,"British Columbia",36.243.4,v96898875
2015,0.00,"British Columbia",36.243.4,v96898875
2012,0.00,"Kelowna, British Columbia",48.243.4,v96899197
2013,0.00,"Kelowna, British Columbia",48.243.4,v96899197
2014,0.00,"Kelowna, British Columbia",48.243.4,v96899197
2015,0.00,"Kelowna, British Columbia",48.243.4,v96899197
2012,0.00,"Abbotsford-Mission, British Columbia",39.243.4,v96899519
2013,0.00,"Abbotsford-Mission, British Columbia",39.243.4,v96899519
2014,0.00,"Abbotsford-Mission, British Columbia",39.243.4,v96899519
2015,0.00,"Abbotsford-Mission, British Columbia",39.243.4,v96899519
2012,0.00,"Vancouver, British Columbia",37.243.4,v96899841
2013,0.00,"Vancouver, British Columbia",37.243.4,v96899841
2014,0.00,"Vancouver, British Columbia",37.243.4,v96899841
2015,0.00,"Vancouver, British Columbia",37.243.4,v96899841
2012,0.00,"Victoria, British Columbia",38.243.4,v96900163
2013,0.00,"Victoria, British Columbia",38.243.4,v96900163
2014,0.00,"Victoria, British Columbia",38.243.4,v96900163
2015,0.00,"Victoria, British Columbia",38.243.4,v96900163
2012,0.00,"Yukon",40.243.4,v96900485
2013,0.00,"Yukon",40.243.4,v96900485
2014,0.00,"Yukon",40.243.4,v96900485
2015,0.00,"Yukon",40.243.4,v96900485
2012,0.00,"Northwest Territories",41.243.4,v96900807
2013,0.00,"Northwest Territories",41.243.4,v96900807
2014,0.00,"Northwest Territories",41.243.4,v96900807
2015,0.00,"Northwest Territories",41.243.4,v96900807
2012,0.00,"Nunavut",42.243.4,v96901129
2013,0.00,"Nunavut",42.243.4,v96901129
2014,0.00,"Nunavut",42.243.4,v96901129
2015,0.00,"Nunavut",42.243.4,v96901129
