1998,5969.00,"Canada",1.99.1,v44364291
1999,5255.00,"Canada",1.99.1,v44364291
2000,5051.00,"Canada",1.99.1,v44364291
2001,5087.00,"Canada",1.99.1,v44364291
2002,5770.00,"Canada",1.99.1,v44364291
2003,5688.00,"Canada",1.99.1,v44364291
2004,6452.00,"Canada",1.99.1,v44364291
2005,5787.00,"Canada",1.99.1,v44364291
2006,5679.00,"Canada",1.99.1,v44364291
2007,4668.00,"Canada",1.99.1,v44364291
2008,3820.00,"Canada",1.99.1,v44364291
2009,3534.00,"Canada",1.99.1,v44364291
2010,3020.00,"Canada",1.99.1,v44364291
2011,2452.00,"Canada",1.99.1,v44364291
2012,2102.00,"Canada",1.99.1,v44364291
2013,2046.00,"Canada",1.99.1,v44364291
2014,1046.00,"Canada",1.99.1,v44364291
2015,171.00,"Canada",1.99.1,v44364291
1998,4.00,"Newfoundland and Labrador",2.99.1,v44351798
1999,7.00,"Newfoundland and Labrador",2.99.1,v44351798
2000,3.00,"Newfoundland and Labrador",2.99.1,v44351798
2001,6.00,"Newfoundland and Labrador",2.99.1,v44351798
2002,4.00,"Newfoundland and Labrador",2.99.1,v44351798
2003,7.00,"Newfoundland and Labrador",2.99.1,v44351798
2004,5.00,"Newfoundland and Labrador",2.99.1,v44351798
2005,4.00,"Newfoundland and Labrador",2.99.1,v44351798
2006,5.00,"Newfoundland and Labrador",2.99.1,v44351798
2007,6.00,"Newfoundland and Labrador",2.99.1,v44351798
2008,14.00,"Newfoundland and Labrador",2.99.1,v44351798
2009,23.00,"Newfoundland and Labrador",2.99.1,v44351798
2010,23.00,"Newfoundland and Labrador",2.99.1,v44351798
2011,12.00,"Newfoundland and Labrador",2.99.1,v44351798
2012,22.00,"Newfoundland and Labrador",2.99.1,v44351798
2013,22.00,"Newfoundland and Labrador",2.99.1,v44351798
2014,8.00,"Newfoundland and Labrador",2.99.1,v44351798
2015,0.00,"Newfoundland and Labrador",2.99.1,v44351798
1998,3.00,"St. John's, Newfoundland and Labrador",3.99.1,v44360251
1999,4.00,"St. John's, Newfoundland and Labrador",3.99.1,v44360251
2000,3.00,"St. John's, Newfoundland and Labrador",3.99.1,v44360251
2001,3.00,"St. John's, Newfoundland and Labrador",3.99.1,v44360251
2002,2.00,"St. John's, Newfoundland and Labrador",3.99.1,v44360251
2003,1.00,"St. John's, Newfoundland and Labrador",3.99.1,v44360251
2004,2.00,"St. John's, Newfoundland and Labrador",3.99.1,v44360251
2005,..,"St. John's, Newfoundland and Labrador",3.99.1,v44360251
2006,4.00,"St. John's, Newfoundland and Labrador",3.99.1,v44360251
2007,4.00,"St. John's, Newfoundland and Labrador",3.99.1,v44360251
2008,12.00,"St. John's, Newfoundland and Labrador",3.99.1,v44360251
2009,23.00,"St. John's, Newfoundland and Labrador",3.99.1,v44360251
2010,20.00,"St. John's, Newfoundland and Labrador",3.99.1,v44360251
2011,10.00,"St. John's, Newfoundland and Labrador",3.99.1,v44360251
2012,19.00,"St. John's, Newfoundland and Labrador",3.99.1,v44360251
2013,19.00,"St. John's, Newfoundland and Labrador",3.99.1,v44360251
2014,5.00,"St. John's, Newfoundland and Labrador",3.99.1,v44360251
2015,0.00,"St. John's, Newfoundland and Labrador",3.99.1,v44360251
1998,1.00,"Prince Edward Island",4.99.1,v44396453
1999,1.00,"Prince Edward Island",4.99.1,v44396453
2000,2.00,"Prince Edward Island",4.99.1,v44396453
2001,..,"Prince Edward Island",4.99.1,v44396453
2002,2.00,"Prince Edward Island",4.99.1,v44396453
2003,1.00,"Prince Edward Island",4.99.1,v44396453
2004,4.00,"Prince Edward Island",4.99.1,v44396453
2005,..,"Prince Edward Island",4.99.1,v44396453
2006,1.00,"Prince Edward Island",4.99.1,v44396453
2007,0.00,"Prince Edward Island",4.99.1,v44396453
2008,0.00,"Prince Edward Island",4.99.1,v44396453
2009,1.00,"Prince Edward Island",4.99.1,v44396453
2010,0.00,"Prince Edward Island",4.99.1,v44396453
2011,4.00,"Prince Edward Island",4.99.1,v44396453
2012,2.00,"Prince Edward Island",4.99.1,v44396453
2013,1.00,"Prince Edward Island",4.99.1,v44396453
2014,2.00,"Prince Edward Island",4.99.1,v44396453
2015,0.00,"Prince Edward Island",4.99.1,v44396453
1998,186.00,"Nova Scotia",5.99.1,v44413370
1999,226.00,"Nova Scotia",5.99.1,v44413370
2000,161.00,"Nova Scotia",5.99.1,v44413370
2001,97.00,"Nova Scotia",5.99.1,v44413370
2002,132.00,"Nova Scotia",5.99.1,v44413370
2003,74.00,"Nova Scotia",5.99.1,v44413370
2004,160.00,"Nova Scotia",5.99.1,v44413370
2005,111.00,"Nova Scotia",5.99.1,v44413370
2006,57.00,"Nova Scotia",5.99.1,v44413370
2007,110.00,"Nova Scotia",5.99.1,v44413370
2008,95.00,"Nova Scotia",5.99.1,v44413370
2009,62.00,"Nova Scotia",5.99.1,v44413370
2010,70.00,"Nova Scotia",5.99.1,v44413370
2011,45.00,"Nova Scotia",5.99.1,v44413370
2012,28.00,"Nova Scotia",5.99.1,v44413370
2013,58.00,"Nova Scotia",5.99.1,v44413370
2014,61.00,"Nova Scotia",5.99.1,v44413370
2015,4.00,"Nova Scotia",5.99.1,v44413370
1998,182.00,"Halifax, Nova Scotia",6.99.1,v44404879
1999,223.00,"Halifax, Nova Scotia",6.99.1,v44404879
2000,157.00,"Halifax, Nova Scotia",6.99.1,v44404879
2001,95.00,"Halifax, Nova Scotia",6.99.1,v44404879
2002,123.00,"Halifax, Nova Scotia",6.99.1,v44404879
2003,72.00,"Halifax, Nova Scotia",6.99.1,v44404879
2004,155.00,"Halifax, Nova Scotia",6.99.1,v44404879
2005,105.00,"Halifax, Nova Scotia",6.99.1,v44404879
2006,54.00,"Halifax, Nova Scotia",6.99.1,v44404879
2007,105.00,"Halifax, Nova Scotia",6.99.1,v44404879
2008,92.00,"Halifax, Nova Scotia",6.99.1,v44404879
2009,59.00,"Halifax, Nova Scotia",6.99.1,v44404879
2010,65.00,"Halifax, Nova Scotia",6.99.1,v44404879
2011,40.00,"Halifax, Nova Scotia",6.99.1,v44404879
2012,21.00,"Halifax, Nova Scotia",6.99.1,v44404879
2013,51.00,"Halifax, Nova Scotia",6.99.1,v44404879
2014,54.00,"Halifax, Nova Scotia",6.99.1,v44404879
2015,1.00,"Halifax, Nova Scotia",6.99.1,v44404879
1998,31.00,"New Brunswick",7.99.1,v44367879
1999,53.00,"New Brunswick",7.99.1,v44367879
2000,44.00,"New Brunswick",7.99.1,v44367879
2001,32.00,"New Brunswick",7.99.1,v44367879
2002,57.00,"New Brunswick",7.99.1,v44367879
2003,62.00,"New Brunswick",7.99.1,v44367879
2004,117.00,"New Brunswick",7.99.1,v44367879
2005,140.00,"New Brunswick",7.99.1,v44367879
2006,117.00,"New Brunswick",7.99.1,v44367879
2007,121.00,"New Brunswick",7.99.1,v44367879
2008,66.00,"New Brunswick",7.99.1,v44367879
2009,57.00,"New Brunswick",7.99.1,v44367879
2010,47.00,"New Brunswick",7.99.1,v44367879
2011,45.00,"New Brunswick",7.99.1,v44367879
2012,72.00,"New Brunswick",7.99.1,v44367879
2013,73.00,"New Brunswick",7.99.1,v44367879
2014,26.00,"New Brunswick",7.99.1,v44367879
2015,6.00,"New Brunswick",7.99.1,v44367879
2005,..,"Moncton, New Brunswick",43.99.1,v52123847
2006,84.00,"Moncton, New Brunswick",43.99.1,v52123847
2007,61.00,"Moncton, New Brunswick",43.99.1,v52123847
2008,41.00,"Moncton, New Brunswick",43.99.1,v52123847
2009,32.00,"Moncton, New Brunswick",43.99.1,v52123847
2010,32.00,"Moncton, New Brunswick",43.99.1,v52123847
2011,37.00,"Moncton, New Brunswick",43.99.1,v52123847
2012,57.00,"Moncton, New Brunswick",43.99.1,v52123847
2013,58.00,"Moncton, New Brunswick",43.99.1,v52123847
2014,21.00,"Moncton, New Brunswick",43.99.1,v52123847
2015,3.00,"Moncton, New Brunswick",43.99.1,v52123847
1998,22.00,"Saint John, New Brunswick",8.99.1,v44393750
1999,39.00,"Saint John, New Brunswick",8.99.1,v44393750
2000,31.00,"Saint John, New Brunswick",8.99.1,v44393750
2001,13.00,"Saint John, New Brunswick",8.99.1,v44393750
2002,20.00,"Saint John, New Brunswick",8.99.1,v44393750
2003,5.00,"Saint John, New Brunswick",8.99.1,v44393750
2004,22.00,"Saint John, New Brunswick",8.99.1,v44393750
2005,8.00,"Saint John, New Brunswick",8.99.1,v44393750
2006,18.00,"Saint John, New Brunswick",8.99.1,v44393750
2007,49.00,"Saint John, New Brunswick",8.99.1,v44393750
2008,10.00,"Saint John, New Brunswick",8.99.1,v44393750
2009,16.00,"Saint John, New Brunswick",8.99.1,v44393750
2010,5.00,"Saint John, New Brunswick",8.99.1,v44393750
2011,4.00,"Saint John, New Brunswick",8.99.1,v44393750
2012,10.00,"Saint John, New Brunswick",8.99.1,v44393750
2013,2.00,"Saint John, New Brunswick",8.99.1,v44393750
2014,0.00,"Saint John, New Brunswick",8.99.1,v44393750
2015,0.00,"Saint John, New Brunswick",8.99.1,v44393750
1998,780.00,"Quebec",9.99.1,v44404750
1999,847.00,"Quebec",9.99.1,v44404750
2000,865.00,"Quebec",9.99.1,v44404750
2001,682.00,"Quebec",9.99.1,v44404750
2002,833.00,"Quebec",9.99.1,v44404750
2003,1169.00,"Quebec",9.99.1,v44404750
2004,1595.00,"Quebec",9.99.1,v44404750
2005,1280.00,"Quebec",9.99.1,v44404750
2006,1502.00,"Quebec",9.99.1,v44404750
2007,1163.00,"Quebec",9.99.1,v44404750
2008,652.00,"Quebec",9.99.1,v44404750
2009,563.00,"Quebec",9.99.1,v44404750
2010,384.00,"Quebec",9.99.1,v44404750
2011,391.00,"Quebec",9.99.1,v44404750
2012,332.00,"Quebec",9.99.1,v44404750
2013,228.00,"Quebec",9.99.1,v44404750
2014,123.00,"Quebec",9.99.1,v44404750
2015,21.00,"Quebec",9.99.1,v44404750
1998,3.00,"Saguenay, Quebec",10.99.1,v44356135
1999,2.00,"Saguenay, Quebec",10.99.1,v44356135
2000,2.00,"Saguenay, Quebec",10.99.1,v44356135
2001,2.00,"Saguenay, Quebec",10.99.1,v44356135
2002,1.00,"Saguenay, Quebec",10.99.1,v44356135
2003,3.00,"Saguenay, Quebec",10.99.1,v44356135
2004,0.00,"Saguenay, Quebec",10.99.1,v44356135
2005,1.00,"Saguenay, Quebec",10.99.1,v44356135
2006,1.00,"Saguenay, Quebec",10.99.1,v44356135
2007,1.00,"Saguenay, Quebec",10.99.1,v44356135
2008,0.00,"Saguenay, Quebec",10.99.1,v44356135
2009,2.00,"Saguenay, Quebec",10.99.1,v44356135
2010,2.00,"Saguenay, Quebec",10.99.1,v44356135
2011,1.00,"Saguenay, Quebec",10.99.1,v44356135
2012,1.00,"Saguenay, Quebec",10.99.1,v44356135
2013,0.00,"Saguenay, Quebec",10.99.1,v44356135
2014,0.00,"Saguenay, Quebec",10.99.1,v44356135
2015,0.00,"Saguenay, Quebec",10.99.1,v44356135
1998,..,"Sherbrooke, Quebec",12.99.1,v44355880
1999,3.00,"Sherbrooke, Quebec",12.99.1,v44355880
2000,..,"Sherbrooke, Quebec",12.99.1,v44355880
2001,..,"Sherbrooke, Quebec",12.99.1,v44355880
2002,2.00,"Sherbrooke, Quebec",12.99.1,v44355880
2003,..,"Sherbrooke, Quebec",12.99.1,v44355880
2004,4.00,"Sherbrooke, Quebec",12.99.1,v44355880
2005,5.00,"Sherbrooke, Quebec",12.99.1,v44355880
2006,5.00,"Sherbrooke, Quebec",12.99.1,v44355880
2007,18.00,"Sherbrooke, Quebec",12.99.1,v44355880
2008,15.00,"Sherbrooke, Quebec",12.99.1,v44355880
2009,10.00,"Sherbrooke, Quebec",12.99.1,v44355880
2010,1.00,"Sherbrooke, Quebec",12.99.1,v44355880
2011,0.00,"Sherbrooke, Quebec",12.99.1,v44355880
2012,1.00,"Sherbrooke, Quebec",12.99.1,v44355880
2013,5.00,"Sherbrooke, Quebec",12.99.1,v44355880
2014,0.00,"Sherbrooke, Quebec",12.99.1,v44355880
2015,0.00,"Sherbrooke, Quebec",12.99.1,v44355880
1998,15.00,"Ottawa-Gatineau, Quebec part",15.99.1,v44408354
1999,55.00,"Ottawa-Gatineau, Quebec part",15.99.1,v44408354
2000,30.00,"Ottawa-Gatineau, Quebec part",15.99.1,v44408354
2001,23.00,"Ottawa-Gatineau, Quebec part",15.99.1,v44408354
2002,25.00,"Ottawa-Gatineau, Quebec part",15.99.1,v44408354
2003,15.00,"Ottawa-Gatineau, Quebec part",15.99.1,v44408354
2004,18.00,"Ottawa-Gatineau, Quebec part",15.99.1,v44408354
2005,26.00,"Ottawa-Gatineau, Quebec part",15.99.1,v44408354
2006,28.00,"Ottawa-Gatineau, Quebec part",15.99.1,v44408354
2007,6.00,"Ottawa-Gatineau, Quebec part",15.99.1,v44408354
2008,19.00,"Ottawa-Gatineau, Quebec part",15.99.1,v44408354
2009,9.00,"Ottawa-Gatineau, Quebec part",15.99.1,v44408354
2010,10.00,"Ottawa-Gatineau, Quebec part",15.99.1,v44408354
2011,13.00,"Ottawa-Gatineau, Quebec part",15.99.1,v44408354
2012,7.00,"Ottawa-Gatineau, Quebec part",15.99.1,v44408354
2013,6.00,"Ottawa-Gatineau, Quebec part",15.99.1,v44408354
2014,8.00,"Ottawa-Gatineau, Quebec part",15.99.1,v44408354
2015,0.00,"Ottawa-Gatineau, Quebec part",15.99.1,v44408354
1998,3275.00,"Ontario",16.99.1,v44383584
1999,2346.00,"Ontario",16.99.1,v44383584
2000,1674.00,"Ontario",16.99.1,v44383584
2001,1548.00,"Ontario",16.99.1,v44383584
2002,1650.00,"Ontario",16.99.1,v44383584
2003,1341.00,"Ontario",16.99.1,v44383584
2004,1525.00,"Ontario",16.99.1,v44383584
2005,1287.00,"Ontario",16.99.1,v44383584
2006,1442.00,"Ontario",16.99.1,v44383584
2007,1341.00,"Ontario",16.99.1,v44383584
2008,1069.00,"Ontario",16.99.1,v44383584
2009,1230.00,"Ontario",16.99.1,v44383584
2010,974.00,"Ontario",16.99.1,v44383584
2011,574.00,"Ontario",16.99.1,v44383584
2012,512.00,"Ontario",16.99.1,v44383584
2013,495.00,"Ontario",16.99.1,v44383584
2014,269.00,"Ontario",16.99.1,v44383584
2015,57.00,"Ontario",16.99.1,v44383584
1998,381.00,"Ottawa-Gatineau, Ontario/Quebec",17.99.1,v52148574
1999,257.00,"Ottawa-Gatineau, Ontario/Quebec",17.99.1,v52148574
2000,241.00,"Ottawa-Gatineau, Ontario/Quebec",17.99.1,v52148574
2001,159.00,"Ottawa-Gatineau, Ontario/Quebec",17.99.1,v52148574
2002,219.00,"Ottawa-Gatineau, Ontario/Quebec",17.99.1,v52148574
2003,182.00,"Ottawa-Gatineau, Ontario/Quebec",17.99.1,v52148574
2004,179.00,"Ottawa-Gatineau, Ontario/Quebec",17.99.1,v52148574
2005,151.00,"Ottawa-Gatineau, Ontario/Quebec",17.99.1,v52148574
2006,109.00,"Ottawa-Gatineau, Ontario/Quebec",17.99.1,v52148574
2007,87.00,"Ottawa-Gatineau, Ontario/Quebec",17.99.1,v52148574
2008,94.00,"Ottawa-Gatineau, Ontario/Quebec",17.99.1,v52148574
2009,59.00,"Ottawa-Gatineau, Ontario/Quebec",17.99.1,v52148574
2010,41.00,"Ottawa-Gatineau, Ontario/Quebec",17.99.1,v52148574
2011,32.00,"Ottawa-Gatineau, Ontario/Quebec",17.99.1,v52148574
2012,51.00,"Ottawa-Gatineau, Ontario/Quebec",17.99.1,v52148574
2013,69.00,"Ottawa-Gatineau, Ontario/Quebec",17.99.1,v52148574
2014,40.00,"Ottawa-Gatineau, Ontario/Quebec",17.99.1,v52148574
2015,26.00,"Ottawa-Gatineau, Ontario/Quebec",17.99.1,v52148574
1998,366.00,"Ottawa-Gatineau, Ontario part",18.99.1,v44350097
1999,202.00,"Ottawa-Gatineau, Ontario part",18.99.1,v44350097
2000,211.00,"Ottawa-Gatineau, Ontario part",18.99.1,v44350097
2001,136.00,"Ottawa-Gatineau, Ontario part",18.99.1,v44350097
2002,194.00,"Ottawa-Gatineau, Ontario part",18.99.1,v44350097
2003,167.00,"Ottawa-Gatineau, Ontario part",18.99.1,v44350097
2004,161.00,"Ottawa-Gatineau, Ontario part",18.99.1,v44350097
2005,125.00,"Ottawa-Gatineau, Ontario part",18.99.1,v44350097
2006,81.00,"Ottawa-Gatineau, Ontario part",18.99.1,v44350097
2007,81.00,"Ottawa-Gatineau, Ontario part",18.99.1,v44350097
2008,75.00,"Ottawa-Gatineau, Ontario part",18.99.1,v44350097
2009,50.00,"Ottawa-Gatineau, Ontario part",18.99.1,v44350097
2010,31.00,"Ottawa-Gatineau, Ontario part",18.99.1,v44350097
2011,19.00,"Ottawa-Gatineau, Ontario part",18.99.1,v44350097
2012,44.00,"Ottawa-Gatineau, Ontario part",18.99.1,v44350097
2013,63.00,"Ottawa-Gatineau, Ontario part",18.99.1,v44350097
2014,32.00,"Ottawa-Gatineau, Ontario part",18.99.1,v44350097
2015,26.00,"Ottawa-Gatineau, Ontario part",18.99.1,v44350097
2000,..,"Kingston, Ontario",27.99.1,v44389333
2001,22.00,"Kingston, Ontario",27.99.1,v44389333
2002,34.00,"Kingston, Ontario",27.99.1,v44389333
2003,19.00,"Kingston, Ontario",27.99.1,v44389333
2004,1.00,"Kingston, Ontario",27.99.1,v44389333
2005,3.00,"Kingston, Ontario",27.99.1,v44389333
2006,0.00,"Kingston, Ontario",27.99.1,v44389333
2007,2.00,"Kingston, Ontario",27.99.1,v44389333
2008,1.00,"Kingston, Ontario",27.99.1,v44389333
2009,9.00,"Kingston, Ontario",27.99.1,v44389333
2010,14.00,"Kingston, Ontario",27.99.1,v44389333
2011,0.00,"Kingston, Ontario",27.99.1,v44389333
2012,1.00,"Kingston, Ontario",27.99.1,v44389333
2013,2.00,"Kingston, Ontario",27.99.1,v44389333
2014,2.00,"Kingston, Ontario",27.99.1,v44389333
2015,0.00,"Kingston, Ontario",27.99.1,v44389333
2005,..,"Peterborough, Ontario",44.99.1,v52124327
2006,2.00,"Peterborough, Ontario",44.99.1,v52124327
2007,0.00,"Peterborough, Ontario",44.99.1,v52124327
2008,4.00,"Peterborough, Ontario",44.99.1,v52124327
2009,2.00,"Peterborough, Ontario",44.99.1,v52124327
2010,1.00,"Peterborough, Ontario",44.99.1,v52124327
2011,2.00,"Peterborough, Ontario",44.99.1,v52124327
2012,0.00,"Peterborough, Ontario",44.99.1,v52124327
2013,0.00,"Peterborough, Ontario",44.99.1,v52124327
2014,0.00,"Peterborough, Ontario",44.99.1,v52124327
2015,1.00,"Peterborough, Ontario",44.99.1,v52124327
1998,1942.00,"Toronto, Ontario",19.99.1,v44353729
1999,1633.00,"Toronto, Ontario",19.99.1,v44353729
2000,953.00,"Toronto, Ontario",19.99.1,v44353729
2001,988.00,"Toronto, Ontario",19.99.1,v44353729
2002,934.00,"Toronto, Ontario",19.99.1,v44353729
2003,782.00,"Toronto, Ontario",19.99.1,v44353729
2004,863.00,"Toronto, Ontario",19.99.1,v44353729
2005,678.00,"Toronto, Ontario",19.99.1,v44353729
2006,822.00,"Toronto, Ontario",19.99.1,v44353729
2007,594.00,"Toronto, Ontario",19.99.1,v44353729
2008,409.00,"Toronto, Ontario",19.99.1,v44353729
2009,637.00,"Toronto, Ontario",19.99.1,v44353729
2010,370.00,"Toronto, Ontario",19.99.1,v44353729
2011,86.00,"Toronto, Ontario",19.99.1,v44353729
2012,104.00,"Toronto, Ontario",19.99.1,v44353729
2013,124.00,"Toronto, Ontario",19.99.1,v44353729
2014,76.00,"Toronto, Ontario",19.99.1,v44353729
2015,4.00,"Toronto, Ontario",19.99.1,v44353729
1998,206.00,"Hamilton, Ontario",20.99.1,v44355573
1999,114.00,"Hamilton, Ontario",20.99.1,v44355573
2000,93.00,"Hamilton, Ontario",20.99.1,v44355573
2001,118.00,"Hamilton, Ontario",20.99.1,v44355573
2002,129.00,"Hamilton, Ontario",20.99.1,v44355573
2003,119.00,"Hamilton, Ontario",20.99.1,v44355573
2004,130.00,"Hamilton, Ontario",20.99.1,v44355573
2005,130.00,"Hamilton, Ontario",20.99.1,v44355573
2006,88.00,"Hamilton, Ontario",20.99.1,v44355573
2007,87.00,"Hamilton, Ontario",20.99.1,v44355573
2008,87.00,"Hamilton, Ontario",20.99.1,v44355573
2009,110.00,"Hamilton, Ontario",20.99.1,v44355573
2010,69.00,"Hamilton, Ontario",20.99.1,v44355573
2011,71.00,"Hamilton, Ontario",20.99.1,v44355573
2012,61.00,"Hamilton, Ontario",20.99.1,v44355573
2013,63.00,"Hamilton, Ontario",20.99.1,v44355573
2014,12.00,"Hamilton, Ontario",20.99.1,v44355573
2015,1.00,"Hamilton, Ontario",20.99.1,v44355573
1998,358.00,"St.Catharines-Niagara, Ontario",21.99.1,v44416238
1999,62.00,"St.Catharines-Niagara, Ontario",21.99.1,v44416238
2000,64.00,"St.Catharines-Niagara, Ontario",21.99.1,v44416238
2001,36.00,"St.Catharines-Niagara, Ontario",21.99.1,v44416238
2002,58.00,"St.Catharines-Niagara, Ontario",21.99.1,v44416238
2003,55.00,"St.Catharines-Niagara, Ontario",21.99.1,v44416238
2004,52.00,"St.Catharines-Niagara, Ontario",21.99.1,v44416238
2005,27.00,"St.Catharines-Niagara, Ontario",21.99.1,v44416238
2006,32.00,"St.Catharines-Niagara, Ontario",21.99.1,v44416238
2007,36.00,"St.Catharines-Niagara, Ontario",21.99.1,v44416238
2008,25.00,"St.Catharines-Niagara, Ontario",21.99.1,v44416238
2009,9.00,"St.Catharines-Niagara, Ontario",21.99.1,v44416238
2010,17.00,"St.Catharines-Niagara, Ontario",21.99.1,v44416238
2011,3.00,"St.Catharines-Niagara, Ontario",21.99.1,v44416238
2012,7.00,"St.Catharines-Niagara, Ontario",21.99.1,v44416238
2013,13.00,"St.Catharines-Niagara, Ontario",21.99.1,v44416238
2014,0.00,"St.Catharines-Niagara, Ontario",21.99.1,v44416238
2015,6.00,"St.Catharines-Niagara, Ontario",21.99.1,v44416238
1998,46.00,"Kitchener-Cambridge-Waterloo, Ontario",22.99.1,v44403544
1999,42.00,"Kitchener-Cambridge-Waterloo, Ontario",22.99.1,v44403544
2000,58.00,"Kitchener-Cambridge-Waterloo, Ontario",22.99.1,v44403544
2001,86.00,"Kitchener-Cambridge-Waterloo, Ontario",22.99.1,v44403544
2002,123.00,"Kitchener-Cambridge-Waterloo, Ontario",22.99.1,v44403544
2003,32.00,"Kitchener-Cambridge-Waterloo, Ontario",22.99.1,v44403544
2004,58.00,"Kitchener-Cambridge-Waterloo, Ontario",22.99.1,v44403544
2005,43.00,"Kitchener-Cambridge-Waterloo, Ontario",22.99.1,v44403544
2006,42.00,"Kitchener-Cambridge-Waterloo, Ontario",22.99.1,v44403544
2007,86.00,"Kitchener-Cambridge-Waterloo, Ontario",22.99.1,v44403544
2008,53.00,"Kitchener-Cambridge-Waterloo, Ontario",22.99.1,v44403544
2009,63.00,"Kitchener-Cambridge-Waterloo, Ontario",22.99.1,v44403544
2010,45.00,"Kitchener-Cambridge-Waterloo, Ontario",22.99.1,v44403544
2011,52.00,"Kitchener-Cambridge-Waterloo, Ontario",22.99.1,v44403544
2012,30.00,"Kitchener-Cambridge-Waterloo, Ontario",22.99.1,v44403544
2013,16.00,"Kitchener-Cambridge-Waterloo, Ontario",22.99.1,v44403544
2014,6.00,"Kitchener-Cambridge-Waterloo, Ontario",22.99.1,v44403544
2015,0.00,"Kitchener-Cambridge-Waterloo, Ontario",22.99.1,v44403544
2005,..,"Brantford, Ontario",45.99.1,v52122107
2006,9.00,"Brantford, Ontario",45.99.1,v52122107
2007,11.00,"Brantford, Ontario",45.99.1,v52122107
2008,7.00,"Brantford, Ontario",45.99.1,v52122107
2009,10.00,"Brantford, Ontario",45.99.1,v52122107
2010,13.00,"Brantford, Ontario",45.99.1,v52122107
2011,3.00,"Brantford, Ontario",45.99.1,v52122107
2012,3.00,"Brantford, Ontario",45.99.1,v52122107
2013,6.00,"Brantford, Ontario",45.99.1,v52122107
2014,5.00,"Brantford, Ontario",45.99.1,v52122107
2015,0.00,"Brantford, Ontario",45.99.1,v52122107
2005,..,"Guelph, Ontario",46.99.1,v52127059
2006,2.00,"Guelph, Ontario",46.99.1,v52127059
2007,2.00,"Guelph, Ontario",46.99.1,v52127059
2008,2.00,"Guelph, Ontario",46.99.1,v52127059
2009,1.00,"Guelph, Ontario",46.99.1,v52127059
2010,3.00,"Guelph, Ontario",46.99.1,v52127059
2011,1.00,"Guelph, Ontario",46.99.1,v52127059
2012,1.00,"Guelph, Ontario",46.99.1,v52127059
2013,5.00,"Guelph, Ontario",46.99.1,v52127059
2014,9.00,"Guelph, Ontario",46.99.1,v52127059
2015,0.00,"Guelph, Ontario",46.99.1,v52127059
1998,36.00,"London, Ontario",23.99.1,v44413111
1999,47.00,"London, Ontario",23.99.1,v44413111
2000,42.00,"London, Ontario",23.99.1,v44413111
2001,14.00,"London, Ontario",23.99.1,v44413111
2002,41.00,"London, Ontario",23.99.1,v44413111
2003,23.00,"London, Ontario",23.99.1,v44413111
2004,30.00,"London, Ontario",23.99.1,v44413111
2005,52.00,"London, Ontario",23.99.1,v44413111
2006,79.00,"London, Ontario",23.99.1,v44413111
2007,115.00,"London, Ontario",23.99.1,v44413111
2008,69.00,"London, Ontario",23.99.1,v44413111
2009,79.00,"London, Ontario",23.99.1,v44413111
2010,79.00,"London, Ontario",23.99.1,v44413111
2011,117.00,"London, Ontario",23.99.1,v44413111
2012,79.00,"London, Ontario",23.99.1,v44413111
2013,62.00,"London, Ontario",23.99.1,v44413111
2014,3.00,"London, Ontario",23.99.1,v44413111
2015,3.00,"London, Ontario",23.99.1,v44413111
1998,85.00,"Windsor, Ontario",24.99.1,v44372434
1999,86.00,"Windsor, Ontario",24.99.1,v44372434
2000,115.00,"Windsor, Ontario",24.99.1,v44372434
2001,76.00,"Windsor, Ontario",24.99.1,v44372434
2002,34.00,"Windsor, Ontario",24.99.1,v44372434
2003,84.00,"Windsor, Ontario",24.99.1,v44372434
2004,144.00,"Windsor, Ontario",24.99.1,v44372434
2005,114.00,"Windsor, Ontario",24.99.1,v44372434
2006,150.00,"Windsor, Ontario",24.99.1,v44372434
2007,140.00,"Windsor, Ontario",24.99.1,v44372434
2008,110.00,"Windsor, Ontario",24.99.1,v44372434
2009,98.00,"Windsor, Ontario",24.99.1,v44372434
2010,66.00,"Windsor, Ontario",24.99.1,v44372434
2011,72.00,"Windsor, Ontario",24.99.1,v44372434
2012,66.00,"Windsor, Ontario",24.99.1,v44372434
2013,34.00,"Windsor, Ontario",24.99.1,v44372434
2014,3.00,"Windsor, Ontario",24.99.1,v44372434
2015,0.00,"Windsor, Ontario",24.99.1,v44372434
2005,..,"Barrie, Ontario",47.99.1,v52144779
2006,14.00,"Barrie, Ontario",47.99.1,v52144779
2007,8.00,"Barrie, Ontario",47.99.1,v52144779
2008,40.00,"Barrie, Ontario",47.99.1,v52144779
2009,7.00,"Barrie, Ontario",47.99.1,v52144779
2010,7.00,"Barrie, Ontario",47.99.1,v52144779
2011,28.00,"Barrie, Ontario",47.99.1,v52144779
2012,15.00,"Barrie, Ontario",47.99.1,v52144779
2013,6.00,"Barrie, Ontario",47.99.1,v52144779
2014,18.00,"Barrie, Ontario",47.99.1,v52144779
2015,8.00,"Barrie, Ontario",47.99.1,v52144779
1998,33.00,"Sudbury, Ontario",25.99.1,v44334103
1999,20.00,"Sudbury, Ontario",25.99.1,v44334103
2000,27.00,"Sudbury, Ontario",25.99.1,v44334103
2001,15.00,"Sudbury, Ontario",25.99.1,v44334103
2002,2.00,"Sudbury, Ontario",25.99.1,v44334103
2003,1.00,"Sudbury, Ontario",25.99.1,v44334103
2004,..,"Sudbury, Ontario",25.99.1,v44334103
2005,13.00,"Sudbury, Ontario",25.99.1,v44334103
2006,23.00,"Sudbury, Ontario",25.99.1,v44334103
2007,37.00,"Sudbury, Ontario",25.99.1,v44334103
2008,42.00,"Sudbury, Ontario",25.99.1,v44334103
2009,26.00,"Sudbury, Ontario",25.99.1,v44334103
2010,54.00,"Sudbury, Ontario",25.99.1,v44334103
2011,50.00,"Sudbury, Ontario",25.99.1,v44334103
2012,30.00,"Sudbury, Ontario",25.99.1,v44334103
2013,15.00,"Sudbury, Ontario",25.99.1,v44334103
2014,0.00,"Sudbury, Ontario",25.99.1,v44334103
2015,0.00,"Sudbury, Ontario",25.99.1,v44334103
1998,0.00,"Thunder Bay, Ontario",26.99.1,v44337852
1999,22.00,"Thunder Bay, Ontario",26.99.1,v44337852
2000,10.00,"Thunder Bay, Ontario",26.99.1,v44337852
2001,1.00,"Thunder Bay, Ontario",26.99.1,v44337852
2002,5.00,"Thunder Bay, Ontario",26.99.1,v44337852
2003,13.00,"Thunder Bay, Ontario",26.99.1,v44337852
2004,20.00,"Thunder Bay, Ontario",26.99.1,v44337852
2005,14.00,"Thunder Bay, Ontario",26.99.1,v44337852
2006,21.00,"Thunder Bay, Ontario",26.99.1,v44337852
2007,8.00,"Thunder Bay, Ontario",26.99.1,v44337852
2008,0.00,"Thunder Bay, Ontario",26.99.1,v44337852
2009,10.00,"Thunder Bay, Ontario",26.99.1,v44337852
2010,7.00,"Thunder Bay, Ontario",26.99.1,v44337852
2011,0.00,"Thunder Bay, Ontario",26.99.1,v44337852
2012,0.00,"Thunder Bay, Ontario",26.99.1,v44337852
2013,0.00,"Thunder Bay, Ontario",26.99.1,v44337852
2014,0.00,"Thunder Bay, Ontario",26.99.1,v44337852
2015,0.00,"Thunder Bay, Ontario",26.99.1,v44337852
1998,144.00,"Manitoba",28.99.1,v44352149
1999,108.00,"Manitoba",28.99.1,v44352149
2000,273.00,"Manitoba",28.99.1,v44352149
2001,222.00,"Manitoba",28.99.1,v44352149
2002,171.00,"Manitoba",28.99.1,v44352149
2003,187.00,"Manitoba",28.99.1,v44352149
2004,163.00,"Manitoba",28.99.1,v44352149
2005,195.00,"Manitoba",28.99.1,v44352149
2006,159.00,"Manitoba",28.99.1,v44352149
2007,153.00,"Manitoba",28.99.1,v44352149
2008,186.00,"Manitoba",28.99.1,v44352149
2009,107.00,"Manitoba",28.99.1,v44352149
2010,100.00,"Manitoba",28.99.1,v44352149
2011,157.00,"Manitoba",28.99.1,v44352149
2012,148.00,"Manitoba",28.99.1,v44352149
2013,98.00,"Manitoba",28.99.1,v44352149
2014,58.00,"Manitoba",28.99.1,v44352149
2015,9.00,"Manitoba",28.99.1,v44352149
1998,137.00,"Winnipeg, Manitoba",29.99.1,v44387947
1999,101.00,"Winnipeg, Manitoba",29.99.1,v44387947
2000,269.00,"Winnipeg, Manitoba",29.99.1,v44387947
2001,219.00,"Winnipeg, Manitoba",29.99.1,v44387947
2002,167.00,"Winnipeg, Manitoba",29.99.1,v44387947
2003,184.00,"Winnipeg, Manitoba",29.99.1,v44387947
2004,159.00,"Winnipeg, Manitoba",29.99.1,v44387947
2005,189.00,"Winnipeg, Manitoba",29.99.1,v44387947
2006,147.00,"Winnipeg, Manitoba",29.99.1,v44387947
2007,147.00,"Winnipeg, Manitoba",29.99.1,v44387947
2008,181.00,"Winnipeg, Manitoba",29.99.1,v44387947
2009,104.00,"Winnipeg, Manitoba",29.99.1,v44387947
2010,95.00,"Winnipeg, Manitoba",29.99.1,v44387947
2011,151.00,"Winnipeg, Manitoba",29.99.1,v44387947
2012,143.00,"Winnipeg, Manitoba",29.99.1,v44387947
2013,92.00,"Winnipeg, Manitoba",29.99.1,v44387947
2014,53.00,"Winnipeg, Manitoba",29.99.1,v44387947
2015,9.00,"Winnipeg, Manitoba",29.99.1,v44387947
1998,326.00,"Saskatchewan",30.99.1,v44409889
1999,279.00,"Saskatchewan",30.99.1,v44409889
2000,276.00,"Saskatchewan",30.99.1,v44409889
2001,165.00,"Saskatchewan",30.99.1,v44409889
2002,268.00,"Saskatchewan",30.99.1,v44409889
2003,233.00,"Saskatchewan",30.99.1,v44409889
2004,256.00,"Saskatchewan",30.99.1,v44409889
2005,212.00,"Saskatchewan",30.99.1,v44409889
2006,235.00,"Saskatchewan",30.99.1,v44409889
2007,203.00,"Saskatchewan",30.99.1,v44409889
2008,204.00,"Saskatchewan",30.99.1,v44409889
2009,240.00,"Saskatchewan",30.99.1,v44409889
2010,199.00,"Saskatchewan",30.99.1,v44409889
2011,242.00,"Saskatchewan",30.99.1,v44409889
2012,206.00,"Saskatchewan",30.99.1,v44409889
2013,275.00,"Saskatchewan",30.99.1,v44409889
2014,86.00,"Saskatchewan",30.99.1,v44409889
2015,14.00,"Saskatchewan",30.99.1,v44409889
1998,127.00,"Regina, Saskatchewan",31.99.1,v44342949
1999,188.00,"Regina, Saskatchewan",31.99.1,v44342949
2000,170.00,"Regina, Saskatchewan",31.99.1,v44342949
2001,85.00,"Regina, Saskatchewan",31.99.1,v44342949
2002,138.00,"Regina, Saskatchewan",31.99.1,v44342949
2003,69.00,"Regina, Saskatchewan",31.99.1,v44342949
2004,115.00,"Regina, Saskatchewan",31.99.1,v44342949
2005,100.00,"Regina, Saskatchewan",31.99.1,v44342949
2006,86.00,"Regina, Saskatchewan",31.99.1,v44342949
2007,74.00,"Regina, Saskatchewan",31.99.1,v44342949
2008,70.00,"Regina, Saskatchewan",31.99.1,v44342949
2009,63.00,"Regina, Saskatchewan",31.99.1,v44342949
2010,65.00,"Regina, Saskatchewan",31.99.1,v44342949
2011,69.00,"Regina, Saskatchewan",31.99.1,v44342949
2012,92.00,"Regina, Saskatchewan",31.99.1,v44342949
2013,87.00,"Regina, Saskatchewan",31.99.1,v44342949
2014,7.00,"Regina, Saskatchewan",31.99.1,v44342949
2015,13.00,"Regina, Saskatchewan",31.99.1,v44342949
1998,145.00,"Saskatoon, Saskatchewan",32.99.1,v44330258
1999,52.00,"Saskatoon, Saskatchewan",32.99.1,v44330258
2000,61.00,"Saskatoon, Saskatchewan",32.99.1,v44330258
2001,47.00,"Saskatoon, Saskatchewan",32.99.1,v44330258
2002,87.00,"Saskatoon, Saskatchewan",32.99.1,v44330258
2003,101.00,"Saskatoon, Saskatchewan",32.99.1,v44330258
2004,109.00,"Saskatoon, Saskatchewan",32.99.1,v44330258
2005,88.00,"Saskatoon, Saskatchewan",32.99.1,v44330258
2006,98.00,"Saskatoon, Saskatchewan",32.99.1,v44330258
2007,78.00,"Saskatoon, Saskatchewan",32.99.1,v44330258
2008,100.00,"Saskatoon, Saskatchewan",32.99.1,v44330258
2009,142.00,"Saskatoon, Saskatchewan",32.99.1,v44330258
2010,116.00,"Saskatoon, Saskatchewan",32.99.1,v44330258
2011,136.00,"Saskatoon, Saskatchewan",32.99.1,v44330258
2012,105.00,"Saskatoon, Saskatchewan",32.99.1,v44330258
2013,161.00,"Saskatoon, Saskatchewan",32.99.1,v44330258
2014,59.00,"Saskatoon, Saskatchewan",32.99.1,v44330258
2015,1.00,"Saskatoon, Saskatchewan",32.99.1,v44330258
1998,709.00,"Alberta",33.99.1,v44330008
1999,622.00,"Alberta",33.99.1,v44330008
2000,778.00,"Alberta",33.99.1,v44330008
2001,1175.00,"Alberta",33.99.1,v44330008
2002,854.00,"Alberta",33.99.1,v44330008
2003,711.00,"Alberta",33.99.1,v44330008
2004,575.00,"Alberta",33.99.1,v44330008
2005,756.00,"Alberta",33.99.1,v44330008
2006,855.00,"Alberta",33.99.1,v44330008
2007,521.00,"Alberta",33.99.1,v44330008
2008,684.00,"Alberta",33.99.1,v44330008
2009,508.00,"Alberta",33.99.1,v44330008
2010,560.00,"Alberta",33.99.1,v44330008
2011,403.00,"Alberta",33.99.1,v44330008
2012,284.00,"Alberta",33.99.1,v44330008
2013,446.00,"Alberta",33.99.1,v44330008
2014,208.00,"Alberta",33.99.1,v44330008
2015,11.00,"Alberta",33.99.1,v44330008
1998,175.00,"Calgary, Alberta",34.99.1,v44401173
1999,144.00,"Calgary, Alberta",34.99.1,v44401173
2000,81.00,"Calgary, Alberta",34.99.1,v44401173
2001,291.00,"Calgary, Alberta",34.99.1,v44401173
2002,230.00,"Calgary, Alberta",34.99.1,v44401173
2003,254.00,"Calgary, Alberta",34.99.1,v44401173
2004,184.00,"Calgary, Alberta",34.99.1,v44401173
2005,245.00,"Calgary, Alberta",34.99.1,v44401173
2006,172.00,"Calgary, Alberta",34.99.1,v44401173
2007,142.00,"Calgary, Alberta",34.99.1,v44401173
2008,188.00,"Calgary, Alberta",34.99.1,v44401173
2009,150.00,"Calgary, Alberta",34.99.1,v44401173
2010,182.00,"Calgary, Alberta",34.99.1,v44401173
2011,113.00,"Calgary, Alberta",34.99.1,v44401173
2012,65.00,"Calgary, Alberta",34.99.1,v44401173
2013,143.00,"Calgary, Alberta",34.99.1,v44401173
2014,55.00,"Calgary, Alberta",34.99.1,v44401173
2015,4.00,"Calgary, Alberta",34.99.1,v44401173
1998,483.00,"Edmonton, Alberta",35.99.1,v44378180
1999,471.00,"Edmonton, Alberta",35.99.1,v44378180
2000,694.00,"Edmonton, Alberta",35.99.1,v44378180
2001,868.00,"Edmonton, Alberta",35.99.1,v44378180
2002,614.00,"Edmonton, Alberta",35.99.1,v44378180
2003,416.00,"Edmonton, Alberta",35.99.1,v44378180
2004,356.00,"Edmonton, Alberta",35.99.1,v44378180
2005,465.00,"Edmonton, Alberta",35.99.1,v44378180
2006,637.00,"Edmonton, Alberta",35.99.1,v44378180
2007,335.00,"Edmonton, Alberta",35.99.1,v44378180
2008,444.00,"Edmonton, Alberta",35.99.1,v44378180
2009,307.00,"Edmonton, Alberta",35.99.1,v44378180
2010,276.00,"Edmonton, Alberta",35.99.1,v44378180
2011,214.00,"Edmonton, Alberta",35.99.1,v44378180
2012,155.00,"Edmonton, Alberta",35.99.1,v44378180
2013,233.00,"Edmonton, Alberta",35.99.1,v44378180
2014,104.00,"Edmonton, Alberta",35.99.1,v44378180
2015,0.00,"Edmonton, Alberta",35.99.1,v44378180
1998,506.00,"British Columbia",36.99.1,v44361286
1999,764.00,"British Columbia",36.99.1,v44361286
2000,974.00,"British Columbia",36.99.1,v44361286
2001,1159.00,"British Columbia",36.99.1,v44361286
2002,1792.00,"British Columbia",36.99.1,v44361286
2003,1899.00,"British Columbia",36.99.1,v44361286
2004,2047.00,"British Columbia",36.99.1,v44361286
2005,1799.00,"British Columbia",36.99.1,v44361286
2006,1302.00,"British Columbia",36.99.1,v44361286
2007,1042.00,"British Columbia",36.99.1,v44361286
2008,845.00,"British Columbia",36.99.1,v44361286
2009,741.00,"British Columbia",36.99.1,v44361286
2010,656.00,"British Columbia",36.99.1,v44361286
2011,572.00,"British Columbia",36.99.1,v44361286
2012,492.00,"British Columbia",36.99.1,v44361286
2013,345.00,"British Columbia",36.99.1,v44361286
2014,198.00,"British Columbia",36.99.1,v44361286
2015,49.00,"British Columbia",36.99.1,v44361286
2005,..,"Kelowna, British Columbia",48.99.1,v52142841
2006,26.00,"Kelowna, British Columbia",48.99.1,v52142841
2007,35.00,"Kelowna, British Columbia",48.99.1,v52142841
2008,15.00,"Kelowna, British Columbia",48.99.1,v52142841
2009,22.00,"Kelowna, British Columbia",48.99.1,v52142841
2010,13.00,"Kelowna, British Columbia",48.99.1,v52142841
2011,3.00,"Kelowna, British Columbia",48.99.1,v52142841
2012,17.00,"Kelowna, British Columbia",48.99.1,v52142841
2013,16.00,"Kelowna, British Columbia",48.99.1,v52142841
2014,10.00,"Kelowna, British Columbia",48.99.1,v52142841
2015,0.00,"Kelowna, British Columbia",48.99.1,v52142841
2000,..,"Abbotsford-Mission, British Columbia",39.99.1,v44346095
2001,52.00,"Abbotsford-Mission, British Columbia",39.99.1,v44346095
2002,50.00,"Abbotsford-Mission, British Columbia",39.99.1,v44346095
2003,35.00,"Abbotsford-Mission, British Columbia",39.99.1,v44346095
2004,50.00,"Abbotsford-Mission, British Columbia",39.99.1,v44346095
2005,59.00,"Abbotsford-Mission, British Columbia",39.99.1,v44346095
2006,72.00,"Abbotsford-Mission, British Columbia",39.99.1,v44346095
2007,42.00,"Abbotsford-Mission, British Columbia",39.99.1,v44346095
2008,34.00,"Abbotsford-Mission, British Columbia",39.99.1,v44346095
2009,33.00,"Abbotsford-Mission, British Columbia",39.99.1,v44346095
2010,20.00,"Abbotsford-Mission, British Columbia",39.99.1,v44346095
2011,11.00,"Abbotsford-Mission, British Columbia",39.99.1,v44346095
2012,24.00,"Abbotsford-Mission, British Columbia",39.99.1,v44346095
2013,15.00,"Abbotsford-Mission, British Columbia",39.99.1,v44346095
2014,19.00,"Abbotsford-Mission, British Columbia",39.99.1,v44346095
2015,1.00,"Abbotsford-Mission, British Columbia",39.99.1,v44346095
1998,386.00,"Vancouver, British Columbia",37.99.1,v44345299
1999,449.00,"Vancouver, British Columbia",37.99.1,v44345299
2000,515.00,"Vancouver, British Columbia",37.99.1,v44345299
2001,611.00,"Vancouver, British Columbia",37.99.1,v44345299
2002,1017.00,"Vancouver, British Columbia",37.99.1,v44345299
2003,1215.00,"Vancouver, British Columbia",37.99.1,v44345299
2004,1345.00,"Vancouver, British Columbia",37.99.1,v44345299
2005,1178.00,"Vancouver, British Columbia",37.99.1,v44345299
2006,873.00,"Vancouver, British Columbia",37.99.1,v44345299
2007,632.00,"Vancouver, British Columbia",37.99.1,v44345299
2008,570.00,"Vancouver, British Columbia",37.99.1,v44345299
2009,503.00,"Vancouver, British Columbia",37.99.1,v44345299
2010,384.00,"Vancouver, British Columbia",37.99.1,v44345299
2011,396.00,"Vancouver, British Columbia",37.99.1,v44345299
2012,350.00,"Vancouver, British Columbia",37.99.1,v44345299
2013,220.00,"Vancouver, British Columbia",37.99.1,v44345299
2014,124.00,"Vancouver, British Columbia",37.99.1,v44345299
2015,46.00,"Vancouver, British Columbia",37.99.1,v44345299
1998,31.00,"Victoria, British Columbia",38.99.1,v44357757
1999,38.00,"Victoria, British Columbia",38.99.1,v44357757
2000,10.00,"Victoria, British Columbia",38.99.1,v44357757
2001,9.00,"Victoria, British Columbia",38.99.1,v44357757
2002,14.00,"Victoria, British Columbia",38.99.1,v44357757
2003,46.00,"Victoria, British Columbia",38.99.1,v44357757
2004,20.00,"Victoria, British Columbia",38.99.1,v44357757
2005,2.00,"Victoria, British Columbia",38.99.1,v44357757
2006,5.00,"Victoria, British Columbia",38.99.1,v44357757
2007,21.00,"Victoria, British Columbia",38.99.1,v44357757
2008,12.00,"Victoria, British Columbia",38.99.1,v44357757
2009,16.00,"Victoria, British Columbia",38.99.1,v44357757
2010,6.00,"Victoria, British Columbia",38.99.1,v44357757
2011,2.00,"Victoria, British Columbia",38.99.1,v44357757
2012,10.00,"Victoria, British Columbia",38.99.1,v44357757
2013,5.00,"Victoria, British Columbia",38.99.1,v44357757
2014,0.00,"Victoria, British Columbia",38.99.1,v44357757
2015,0.00,"Victoria, British Columbia",38.99.1,v44357757
1998,2.00,"Yukon",40.99.1,v44406742
1999,2.00,"Yukon",40.99.1,v44406742
2000,0.00,"Yukon",40.99.1,v44406742
2001,1.00,"Yukon",40.99.1,v44406742
2002,..,"Yukon",40.99.1,v44406742
2003,1.00,"Yukon",40.99.1,v44406742
2004,1.00,"Yukon",40.99.1,v44406742
2005,0.00,"Yukon",40.99.1,v44406742
2006,0.00,"Yukon",40.99.1,v44406742
2007,2.00,"Yukon",40.99.1,v44406742
2008,0.00,"Yukon",40.99.1,v44406742
2009,0.00,"Yukon",40.99.1,v44406742
2010,0.00,"Yukon",40.99.1,v44406742
2011,1.00,"Yukon",40.99.1,v44406742
2012,0.00,"Yukon",40.99.1,v44406742
2013,2.00,"Yukon",40.99.1,v44406742
2014,2.00,"Yukon",40.99.1,v44406742
2015,0.00,"Yukon",40.99.1,v44406742
1998,5.00,"Northwest Territories",41.99.1,v44418042
1999,..,"Northwest Territories",41.99.1,v44418042
2000,1.00,"Northwest Territories",41.99.1,v44418042
2001,..,"Northwest Territories",41.99.1,v44418042
2002,3.00,"Northwest Territories",41.99.1,v44418042
2003,2.00,"Northwest Territories",41.99.1,v44418042
2004,2.00,"Northwest Territories",41.99.1,v44418042
2005,3.00,"Northwest Territories",41.99.1,v44418042
2006,1.00,"Northwest Territories",41.99.1,v44418042
2007,5.00,"Northwest Territories",41.99.1,v44418042
2008,4.00,"Northwest Territories",41.99.1,v44418042
2009,2.00,"Northwest Territories",41.99.1,v44418042
2010,7.00,"Northwest Territories",41.99.1,v44418042
2011,5.00,"Northwest Territories",41.99.1,v44418042
2012,3.00,"Northwest Territories",41.99.1,v44418042
2013,2.00,"Northwest Territories",41.99.1,v44418042
2014,2.00,"Northwest Territories",41.99.1,v44418042
2015,0.00,"Northwest Territories",41.99.1,v44418042
2001,..,"Nunavut",42.99.1,v44394255
2002,4.00,"Nunavut",42.99.1,v44394255
2003,1.00,"Nunavut",42.99.1,v44394255
2004,2.00,"Nunavut",42.99.1,v44394255
2005,..,"Nunavut",42.99.1,v44394255
2006,3.00,"Nunavut",42.99.1,v44394255
2007,1.00,"Nunavut",42.99.1,v44394255
2008,1.00,"Nunavut",42.99.1,v44394255
2009,0.00,"Nunavut",42.99.1,v44394255
2010,0.00,"Nunavut",42.99.1,v44394255
2011,1.00,"Nunavut",42.99.1,v44394255
2012,1.00,"Nunavut",42.99.1,v44394255
2013,1.00,"Nunavut",42.99.1,v44394255
2014,3.00,"Nunavut",42.99.1,v44394255
2015,0.00,"Nunavut",42.99.1,v44394255
