1998,25.08,"Canada",1.99.10,v44382062
1999,20.99,"Canada",1.99.10,v44382062
2000,16.52,"Canada",1.99.10,v44382062
2001,14.75,"Canada",1.99.10,v44382062
2002,14.77,"Canada",1.99.10,v44382062
2003,13.90,"Canada",1.99.10,v44382062
2004,15.37,"Canada",1.99.10,v44382062
2005,13.44,"Canada",1.99.10,v44382062
2006,13.30,"Canada",1.99.10,v44382062
2007,11.57,"Canada",1.99.10,v44382062
2008,9.39,"Canada",1.99.10,v44382062
2009,9.12,"Canada",1.99.10,v44382062
2010,7.75,"Canada",1.99.10,v44382062
2011,5.76,"Canada",1.99.10,v44382062
2012,4.48,"Canada",1.99.10,v44382062
2013,4.23,"Canada",1.99.10,v44382062
2014,1.04,"Canada",1.99.10,v44382062
2015,0.24,"Canada",1.99.10,v44382062
1998,0.97,"Newfoundland and Labrador",2.99.10,v44335650
1999,0.24,"Newfoundland and Labrador",2.99.10,v44335650
2000,0.49,"Newfoundland and Labrador",2.99.10,v44335650
2001,0.00,"Newfoundland and Labrador",2.99.10,v44335650
2002,0.24,"Newfoundland and Labrador",2.99.10,v44335650
2003,0.00,"Newfoundland and Labrador",2.99.10,v44335650
2004,0.00,"Newfoundland and Labrador",2.99.10,v44335650
2005,0.24,"Newfoundland and Labrador",2.99.10,v44335650
2006,0.49,"Newfoundland and Labrador",2.99.10,v44335650
2007,0.00,"Newfoundland and Labrador",2.99.10,v44335650
2008,0.24,"Newfoundland and Labrador",2.99.10,v44335650
2009,3.33,"Newfoundland and Labrador",2.99.10,v44335650
2010,0.23,"Newfoundland and Labrador",2.99.10,v44335650
2011,0.23,"Newfoundland and Labrador",2.99.10,v44335650
2012,0.00,"Newfoundland and Labrador",2.99.10,v44335650
2013,0.46,"Newfoundland and Labrador",2.99.10,v44335650
2014,0.00,"Newfoundland and Labrador",2.99.10,v44335650
2015,0.00,"Newfoundland and Labrador",2.99.10,v44335650
1998,0.00,"St. John's, Newfoundland and Labrador",3.99.10,v44401749
1999,0.00,"St. John's, Newfoundland and Labrador",3.99.10,v44401749
2000,0.00,"St. John's, Newfoundland and Labrador",3.99.10,v44401749
2001,0.00,"St. John's, Newfoundland and Labrador",3.99.10,v44401749
2002,0.00,"St. John's, Newfoundland and Labrador",3.99.10,v44401749
2003,0.00,"St. John's, Newfoundland and Labrador",3.99.10,v44401749
2004,0.00,"St. John's, Newfoundland and Labrador",3.99.10,v44401749
2005,0.00,"St. John's, Newfoundland and Labrador",3.99.10,v44401749
2006,1.37,"St. John's, Newfoundland and Labrador",3.99.10,v44401749
2007,0.00,"St. John's, Newfoundland and Labrador",3.99.10,v44401749
2008,0.00,"St. John's, Newfoundland and Labrador",3.99.10,v44401749
2009,9.05,"St. John's, Newfoundland and Labrador",3.99.10,v44401749
2010,0.63,"St. John's, Newfoundland and Labrador",3.99.10,v44401749
2011,0.00,"St. John's, Newfoundland and Labrador",3.99.10,v44401749
2012,0.00,"St. John's, Newfoundland and Labrador",3.99.10,v44401749
2013,0.00,"St. John's, Newfoundland and Labrador",3.99.10,v44401749
2014,0.00,"St. John's, Newfoundland and Labrador",3.99.10,v44401749
2015,0.00,"St. John's, Newfoundland and Labrador",3.99.10,v44401749
1998,0.00,"Prince Edward Island",4.99.10,v44359395
1999,0.00,"Prince Edward Island",4.99.10,v44359395
2000,0.97,"Prince Edward Island",4.99.10,v44359395
2001,..,"Prince Edward Island",4.99.10,v44359395
2002,0.00,"Prince Edward Island",4.99.10,v44359395
2003,0.00,"Prince Edward Island",4.99.10,v44359395
2004,0.00,"Prince Edward Island",4.99.10,v44359395
2005,0.00,"Prince Edward Island",4.99.10,v44359395
2006,0.00,"Prince Edward Island",4.99.10,v44359395
2007,0.00,"Prince Edward Island",4.99.10,v44359395
2008,0.00,"Prince Edward Island",4.99.10,v44359395
2009,0.00,"Prince Edward Island",4.99.10,v44359395
2010,0.00,"Prince Edward Island",4.99.10,v44359395
2011,0.87,"Prince Edward Island",4.99.10,v44359395
2012,0.00,"Prince Edward Island",4.99.10,v44359395
2013,0.00,"Prince Edward Island",4.99.10,v44359395
2014,0.00,"Prince Edward Island",4.99.10,v44359395
2015,0.00,"Prince Edward Island",4.99.10,v44359395
1998,23.40,"Nova Scotia",5.99.10,v44352893
1999,26.84,"Nova Scotia",5.99.10,v44352893
2000,17.92,"Nova Scotia",5.99.10,v44352893
2001,13.33,"Nova Scotia",5.99.10,v44352893
2002,15.80,"Nova Scotia",5.99.10,v44352893
2003,8.38,"Nova Scotia",5.99.10,v44352893
2004,16.77,"Nova Scotia",5.99.10,v44352893
2005,7.36,"Nova Scotia",5.99.10,v44352893
2006,3.86,"Nova Scotia",5.99.10,v44352893
2007,7.45,"Nova Scotia",5.99.10,v44352893
2008,7.93,"Nova Scotia",5.99.10,v44352893
2009,3.81,"Nova Scotia",5.99.10,v44352893
2010,4.69,"Nova Scotia",5.99.10,v44352893
2011,0.91,"Nova Scotia",5.99.10,v44352893
2012,0.39,"Nova Scotia",5.99.10,v44352893
2013,0.51,"Nova Scotia",5.99.10,v44352893
2014,0.26,"Nova Scotia",5.99.10,v44352893
2015,3.46,"Nova Scotia",5.99.10,v44352893
1998,0.00,"Halifax, Nova Scotia",6.99.10,v44364204
1999,0.00,"Halifax, Nova Scotia",6.99.10,v44364204
2000,0.00,"Halifax, Nova Scotia",6.99.10,v44364204
2001,0.00,"Halifax, Nova Scotia",6.99.10,v44364204
2002,0.00,"Halifax, Nova Scotia",6.99.10,v44364204
2003,0.00,"Halifax, Nova Scotia",6.99.10,v44364204
2004,40.70,"Halifax, Nova Scotia",6.99.10,v44364204
2005,17.71,"Halifax, Nova Scotia",6.99.10,v44364204
2006,9.40,"Halifax, Nova Scotia",6.99.10,v44364204
2007,18.02,"Halifax, Nova Scotia",6.99.10,v44364204
2008,18.74,"Halifax, Nova Scotia",6.99.10,v44364204
2009,9.08,"Halifax, Nova Scotia",6.99.10,v44364204
2010,11.10,"Halifax, Nova Scotia",6.99.10,v44364204
2011,2.13,"Halifax, Nova Scotia",6.99.10,v44364204
2012,0.30,"Halifax, Nova Scotia",6.99.10,v44364204
2013,0.30,"Halifax, Nova Scotia",6.99.10,v44364204
2014,0.29,"Halifax, Nova Scotia",6.99.10,v44364204
2015,0.00,"Halifax, Nova Scotia",6.99.10,v44364204
1998,3.28,"New Brunswick",7.99.10,v44367474
1999,6.70,"New Brunswick",7.99.10,v44367474
2000,1.37,"New Brunswick",7.99.10,v44367474
2001,1.53,"New Brunswick",7.99.10,v44367474
2002,2.20,"New Brunswick",7.99.10,v44367474
2003,2.87,"New Brunswick",7.99.10,v44367474
2004,7.73,"New Brunswick",7.99.10,v44367474
2005,5.53,"New Brunswick",7.99.10,v44367474
2006,8.21,"New Brunswick",7.99.10,v44367474
2007,11.35,"New Brunswick",7.99.10,v44367474
2008,4.81,"New Brunswick",7.99.10,v44367474
2009,5.11,"New Brunswick",7.99.10,v44367474
2010,4.74,"New Brunswick",7.99.10,v44367474
2011,3.57,"New Brunswick",7.99.10,v44367474
2012,5.98,"New Brunswick",7.99.10,v44367474
2013,5.00,"New Brunswick",7.99.10,v44367474
2014,0.16,"New Brunswick",7.99.10,v44367474
2015,0.16,"New Brunswick",7.99.10,v44367474
2005,..,"Moncton, New Brunswick",43.99.10,v52123849
2006,27.74,"Moncton, New Brunswick",43.99.10,v52123849
2007,30.24,"Moncton, New Brunswick",43.99.10,v52123849
2008,11.16,"Moncton, New Brunswick",43.99.10,v52123849
2009,15.51,"Moncton, New Brunswick",43.99.10,v52123849
2010,16.12,"Moncton, New Brunswick",43.99.10,v52123849
2011,14.96,"Moncton, New Brunswick",43.99.10,v52123849
2012,22.52,"Moncton, New Brunswick",43.99.10,v52123849
2013,24.05,"Moncton, New Brunswick",43.99.10,v52123849
2014,0.00,"Moncton, New Brunswick",43.99.10,v52123849
2015,0.00,"Moncton, New Brunswick",43.99.10,v52123849
1998,0.00,"Saint John, New Brunswick",8.99.10,v44395122
1999,0.00,"Saint John, New Brunswick",8.99.10,v44395122
2000,0.00,"Saint John, New Brunswick",8.99.10,v44395122
2001,0.00,"Saint John, New Brunswick",8.99.10,v44395122
2002,0.00,"Saint John, New Brunswick",8.99.10,v44395122
2003,0.00,"Saint John, New Brunswick",8.99.10,v44395122
2004,13.39,"Saint John, New Brunswick",8.99.10,v44395122
2005,6.25,"Saint John, New Brunswick",8.99.10,v44395122
2006,15.11,"Saint John, New Brunswick",8.99.10,v44395122
2007,29.13,"Saint John, New Brunswick",8.99.10,v44395122
2008,7.88,"Saint John, New Brunswick",8.99.10,v44395122
2009,11.26,"Saint John, New Brunswick",8.99.10,v44395122
2010,3.44,"Saint John, New Brunswick",8.99.10,v44395122
2011,3.41,"Saint John, New Brunswick",8.99.10,v44395122
2012,8.50,"Saint John, New Brunswick",8.99.10,v44395122
2013,0.00,"Saint John, New Brunswick",8.99.10,v44395122
2014,0.00,"Saint John, New Brunswick",8.99.10,v44395122
2015,0.00,"Saint John, New Brunswick",8.99.10,v44395122
1998,18.27,"Quebec",9.99.10,v44413451
1999,16.82,"Quebec",9.99.10,v44413451
2000,12.95,"Quebec",9.99.10,v44413451
2001,9.77,"Quebec",9.99.10,v44413451
2002,10.78,"Quebec",9.99.10,v44413451
2003,15.83,"Quebec",9.99.10,v44413451
2004,17.55,"Quebec",9.99.10,v44413451
2005,12.96,"Quebec",9.99.10,v44413451
2006,14.48,"Quebec",9.99.10,v44413451
2007,10.13,"Quebec",9.99.10,v44413451
2008,6.07,"Quebec",9.99.10,v44413451
2009,6.37,"Quebec",9.99.10,v44413451
2010,5.14,"Quebec",9.99.10,v44413451
2011,4.44,"Quebec",9.99.10,v44413451
2012,3.35,"Quebec",9.99.10,v44413451
2013,2.35,"Quebec",9.99.10,v44413451
2014,0.21,"Quebec",9.99.10,v44413451
2015,0.12,"Quebec",9.99.10,v44413451
1998,0.00,"Saguenay, Quebec",10.99.10,v44373670
1999,0.00,"Saguenay, Quebec",10.99.10,v44373670
2000,0.00,"Saguenay, Quebec",10.99.10,v44373670
2001,0.00,"Saguenay, Quebec",10.99.10,v44373670
2002,0.00,"Saguenay, Quebec",10.99.10,v44373670
2003,0.00,"Saguenay, Quebec",10.99.10,v44373670
2004,0.00,"Saguenay, Quebec",10.99.10,v44373670
2005,0.00,"Saguenay, Quebec",10.99.10,v44373670
2006,0.00,"Saguenay, Quebec",10.99.10,v44373670
2007,5.91,"Saguenay, Quebec",10.99.10,v44373670
2008,0.00,"Saguenay, Quebec",10.99.10,v44373670
2009,0.00,"Saguenay, Quebec",10.99.10,v44373670
2010,4.13,"Saguenay, Quebec",10.99.10,v44373670
2011,0.72,"Saguenay, Quebec",10.99.10,v44373670
2012,0.00,"Saguenay, Quebec",10.99.10,v44373670
2013,0.00,"Saguenay, Quebec",10.99.10,v44373670
2014,0.00,"Saguenay, Quebec",10.99.10,v44373670
2015,0.00,"Saguenay, Quebec",10.99.10,v44373670
1998,..,"Sherbrooke, Quebec",12.99.10,v44327089
1999,0.00,"Sherbrooke, Quebec",12.99.10,v44327089
2000,..,"Sherbrooke, Quebec",12.99.10,v44327089
2001,..,"Sherbrooke, Quebec",12.99.10,v44327089
2002,0.00,"Sherbrooke, Quebec",12.99.10,v44327089
2003,..,"Sherbrooke, Quebec",12.99.10,v44327089
2004,7.76,"Sherbrooke, Quebec",12.99.10,v44327089
2005,5.96,"Sherbrooke, Quebec",12.99.10,v44327089
2006,2.09,"Sherbrooke, Quebec",12.99.10,v44327089
2007,7.58,"Sherbrooke, Quebec",12.99.10,v44327089
2008,3.40,"Sherbrooke, Quebec",12.99.10,v44327089
2009,14.68,"Sherbrooke, Quebec",12.99.10,v44327089
2010,0.66,"Sherbrooke, Quebec",12.99.10,v44327089
2011,0.00,"Sherbrooke, Quebec",12.99.10,v44327089
2012,0.00,"Sherbrooke, Quebec",12.99.10,v44327089
2013,3.75,"Sherbrooke, Quebec",12.99.10,v44327089
2014,0.00,"Sherbrooke, Quebec",12.99.10,v44327089
2015,0.00,"Sherbrooke, Quebec",12.99.10,v44327089
1998,0.00,"Ottawa-Gatineau, Quebec part",15.99.10,v44348163
1999,0.00,"Ottawa-Gatineau, Quebec part",15.99.10,v44348163
2000,0.00,"Ottawa-Gatineau, Quebec part",15.99.10,v44348163
2001,0.00,"Ottawa-Gatineau, Quebec part",15.99.10,v44348163
2002,0.00,"Ottawa-Gatineau, Quebec part",15.99.10,v44348163
2003,0.00,"Ottawa-Gatineau, Quebec part",15.99.10,v44348163
2004,6.95,"Ottawa-Gatineau, Quebec part",15.99.10,v44348163
2005,11.39,"Ottawa-Gatineau, Quebec part",15.99.10,v44348163
2006,12.59,"Ottawa-Gatineau, Quebec part",15.99.10,v44348163
2007,3.96,"Ottawa-Gatineau, Quebec part",15.99.10,v44348163
2008,9.03,"Ottawa-Gatineau, Quebec part",15.99.10,v44348163
2009,2.94,"Ottawa-Gatineau, Quebec part",15.99.10,v44348163
2010,3.28,"Ottawa-Gatineau, Quebec part",15.99.10,v44348163
2011,4.01,"Ottawa-Gatineau, Quebec part",15.99.10,v44348163
2012,2.37,"Ottawa-Gatineau, Quebec part",15.99.10,v44348163
2013,2.73,"Ottawa-Gatineau, Quebec part",15.99.10,v44348163
2014,0.00,"Ottawa-Gatineau, Quebec part",15.99.10,v44348163
2015,0.00,"Ottawa-Gatineau, Quebec part",15.99.10,v44348163
1998,38.89,"Ontario",16.99.10,v44337014
1999,29.19,"Ontario",16.99.10,v44337014
2000,18.00,"Ontario",16.99.10,v44337014
2001,16.23,"Ontario",16.99.10,v44337014
2002,16.30,"Ontario",16.99.10,v44337014
2003,12.07,"Ontario",16.99.10,v44337014
2004,15.26,"Ontario",16.99.10,v44337014
2005,12.35,"Ontario",16.99.10,v44337014
2006,13.05,"Ontario",16.99.10,v44337014
2007,11.63,"Ontario",16.99.10,v44337014
2008,8.46,"Ontario",16.99.10,v44337014
2009,10.27,"Ontario",16.99.10,v44337014
2010,7.51,"Ontario",16.99.10,v44337014
2011,3.94,"Ontario",16.99.10,v44337014
2012,3.19,"Ontario",16.99.10,v44337014
2013,2.22,"Ontario",16.99.10,v44337014
2014,0.32,"Ontario",16.99.10,v44337014
2015,0.13,"Ontario",16.99.10,v44337014
1998,0.00,"Ottawa-Gatineau, Ontario/Quebec",17.99.10,v52148575
1999,0.00,"Ottawa-Gatineau, Ontario/Quebec",17.99.10,v52148575
2000,0.00,"Ottawa-Gatineau, Ontario/Quebec",17.99.10,v52148575
2001,0.00,"Ottawa-Gatineau, Ontario/Quebec",17.99.10,v52148575
2002,0.00,"Ottawa-Gatineau, Ontario/Quebec",17.99.10,v52148575
2003,0.00,"Ottawa-Gatineau, Ontario/Quebec",17.99.10,v52148575
2004,9.99,"Ottawa-Gatineau, Ontario/Quebec",17.99.10,v52148575
2005,6.57,"Ottawa-Gatineau, Ontario/Quebec",17.99.10,v52148575
2006,5.74,"Ottawa-Gatineau, Ontario/Quebec",17.99.10,v52148575
2007,2.99,"Ottawa-Gatineau, Ontario/Quebec",17.99.10,v52148575
2008,4.60,"Ottawa-Gatineau, Ontario/Quebec",17.99.10,v52148575
2009,2.67,"Ottawa-Gatineau, Ontario/Quebec",17.99.10,v52148575
2010,1.62,"Ottawa-Gatineau, Ontario/Quebec",17.99.10,v52148575
2011,1.49,"Ottawa-Gatineau, Ontario/Quebec",17.99.10,v52148575
2012,0.59,"Ottawa-Gatineau, Ontario/Quebec",17.99.10,v52148575
2013,0.96,"Ottawa-Gatineau, Ontario/Quebec",17.99.10,v52148575
2014,0.38,"Ottawa-Gatineau, Ontario/Quebec",17.99.10,v52148575
2015,0.47,"Ottawa-Gatineau, Ontario/Quebec",17.99.10,v52148575
1998,0.00,"Ottawa-Gatineau, Ontario part",18.99.10,v44371762
1999,0.00,"Ottawa-Gatineau, Ontario part",18.99.10,v44371762
2000,0.00,"Ottawa-Gatineau, Ontario part",18.99.10,v44371762
2001,0.00,"Ottawa-Gatineau, Ontario part",18.99.10,v44371762
2002,0.00,"Ottawa-Gatineau, Ontario part",18.99.10,v44371762
2003,0.00,"Ottawa-Gatineau, Ontario part",18.99.10,v44371762
2004,10.95,"Ottawa-Gatineau, Ontario part",18.99.10,v44371762
2005,5.04,"Ottawa-Gatineau, Ontario part",18.99.10,v44371762
2006,3.57,"Ottawa-Gatineau, Ontario part",18.99.10,v44371762
2007,2.68,"Ottawa-Gatineau, Ontario part",18.99.10,v44371762
2008,3.18,"Ottawa-Gatineau, Ontario part",18.99.10,v44371762
2009,2.58,"Ottawa-Gatineau, Ontario part",18.99.10,v44371762
2010,1.07,"Ottawa-Gatineau, Ontario part",18.99.10,v44371762
2011,0.66,"Ottawa-Gatineau, Ontario part",18.99.10,v44371762
2012,0.00,"Ottawa-Gatineau, Ontario part",18.99.10,v44371762
2013,0.38,"Ottawa-Gatineau, Ontario part",18.99.10,v44371762
2014,0.50,"Ottawa-Gatineau, Ontario part",18.99.10,v44371762
2015,0.62,"Ottawa-Gatineau, Ontario part",18.99.10,v44371762
2000,..,"Kingston, Ontario",27.99.10,v44355022
2001,0.00,"Kingston, Ontario",27.99.10,v44355022
2002,0.00,"Kingston, Ontario",27.99.10,v44355022
2003,0.00,"Kingston, Ontario",27.99.10,v44355022
2004,0.81,"Kingston, Ontario",27.99.10,v44355022
2005,2.40,"Kingston, Ontario",27.99.10,v44355022
2006,0.00,"Kingston, Ontario",27.99.10,v44355022
2007,1.59,"Kingston, Ontario",27.99.10,v44355022
2008,0.00,"Kingston, Ontario",27.99.10,v44355022
2009,6.97,"Kingston, Ontario",27.99.10,v44355022
2010,9.92,"Kingston, Ontario",27.99.10,v44355022
2011,0.00,"Kingston, Ontario",27.99.10,v44355022
2012,0.75,"Kingston, Ontario",27.99.10,v44355022
2013,0.00,"Kingston, Ontario",27.99.10,v44355022
2014,0.00,"Kingston, Ontario",27.99.10,v44355022
2015,0.00,"Kingston, Ontario",27.99.10,v44355022
2005,..,"Peterborough, Ontario",44.99.10,v52124329
2006,0.00,"Peterborough, Ontario",44.99.10,v52124329
2007,0.00,"Peterborough, Ontario",44.99.10,v52124329
2008,3.09,"Peterborough, Ontario",44.99.10,v52124329
2009,2.05,"Peterborough, Ontario",44.99.10,v52124329
2010,1.01,"Peterborough, Ontario",44.99.10,v52124329
2011,0.00,"Peterborough, Ontario",44.99.10,v52124329
2012,0.00,"Peterborough, Ontario",44.99.10,v52124329
2013,0.00,"Peterborough, Ontario",44.99.10,v52124329
2014,0.00,"Peterborough, Ontario",44.99.10,v52124329
2015,0.00,"Peterborough, Ontario",44.99.10,v52124329
1998,0.00,"Toronto, Ontario",19.99.10,v44359200
1999,0.00,"Toronto, Ontario",19.99.10,v44359200
2000,0.00,"Toronto, Ontario",19.99.10,v44359200
2001,0.00,"Toronto, Ontario",19.99.10,v44359200
2002,0.00,"Toronto, Ontario",19.99.10,v44359200
2003,0.00,"Toronto, Ontario",19.99.10,v44359200
2004,23.38,"Toronto, Ontario",19.99.10,v44359200
2005,18.05,"Toronto, Ontario",19.99.10,v44359200
2006,19.55,"Toronto, Ontario",19.99.10,v44359200
2007,14.04,"Toronto, Ontario",19.99.10,v44359200
2008,8.95,"Toronto, Ontario",19.99.10,v44359200
2009,14.33,"Toronto, Ontario",19.99.10,v44359200
2010,7.60,"Toronto, Ontario",19.99.10,v44359200
2011,1.23,"Toronto, Ontario",19.99.10,v44359200
2012,1.34,"Toronto, Ontario",19.99.10,v44359200
2013,1.29,"Toronto, Ontario",19.99.10,v44359200
2014,0.48,"Toronto, Ontario",19.99.10,v44359200
2015,0.08,"Toronto, Ontario",19.99.10,v44359200
1998,0.00,"Hamilton, Ontario",20.99.10,v44344350
1999,0.00,"Hamilton, Ontario",20.99.10,v44344350
2000,0.00,"Hamilton, Ontario",20.99.10,v44344350
2001,0.00,"Hamilton, Ontario",20.99.10,v44344350
2002,0.00,"Hamilton, Ontario",20.99.10,v44344350
2003,0.00,"Hamilton, Ontario",20.99.10,v44344350
2004,23.03,"Hamilton, Ontario",20.99.10,v44344350
2005,22.15,"Hamilton, Ontario",20.99.10,v44344350
2006,15.57,"Hamilton, Ontario",20.99.10,v44344350
2007,15.43,"Hamilton, Ontario",20.99.10,v44344350
2008,14.80,"Hamilton, Ontario",20.99.10,v44344350
2009,17.69,"Hamilton, Ontario",20.99.10,v44344350
2010,10.74,"Hamilton, Ontario",20.99.10,v44344350
2011,9.54,"Hamilton, Ontario",20.99.10,v44344350
2012,7.99,"Hamilton, Ontario",20.99.10,v44344350
2013,6.32,"Hamilton, Ontario",20.99.10,v44344350
2014,0.00,"Hamilton, Ontario",20.99.10,v44344350
2015,0.00,"Hamilton, Ontario",20.99.10,v44344350
1998,0.00,"St.Catharines-Niagara, Ontario",21.99.10,v44326949
1999,0.00,"St.Catharines-Niagara, Ontario",21.99.10,v44326949
2000,0.00,"St.Catharines-Niagara, Ontario",21.99.10,v44326949
2001,0.00,"St.Catharines-Niagara, Ontario",21.99.10,v44326949
2002,0.00,"St.Catharines-Niagara, Ontario",21.99.10,v44326949
2003,0.00,"St.Catharines-Niagara, Ontario",21.99.10,v44326949
2004,13.66,"St.Catharines-Niagara, Ontario",21.99.10,v44326949
2005,7.48,"St.Catharines-Niagara, Ontario",21.99.10,v44326949
2006,7.98,"St.Catharines-Niagara, Ontario",21.99.10,v44326949
2007,7.96,"St.Catharines-Niagara, Ontario",21.99.10,v44326949
2008,2.83,"St.Catharines-Niagara, Ontario",21.99.10,v44326949
2009,0.56,"St.Catharines-Niagara, Ontario",21.99.10,v44326949
2010,2.24,"St.Catharines-Niagara, Ontario",21.99.10,v44326949
2011,0.00,"St.Catharines-Niagara, Ontario",21.99.10,v44326949
2012,0.83,"St.Catharines-Niagara, Ontario",21.99.10,v44326949
2013,1.37,"St.Catharines-Niagara, Ontario",21.99.10,v44326949
2014,0.00,"St.Catharines-Niagara, Ontario",21.99.10,v44326949
2015,1.36,"St.Catharines-Niagara, Ontario",21.99.10,v44326949
1998,0.00,"Kitchener-Cambridge-Waterloo, Ontario",22.99.10,v44389460
1999,0.00,"Kitchener-Cambridge-Waterloo, Ontario",22.99.10,v44389460
2000,0.00,"Kitchener-Cambridge-Waterloo, Ontario",22.99.10,v44389460
2001,0.00,"Kitchener-Cambridge-Waterloo, Ontario",22.99.10,v44389460
2002,0.00,"Kitchener-Cambridge-Waterloo, Ontario",22.99.10,v44389460
2003,0.00,"Kitchener-Cambridge-Waterloo, Ontario",22.99.10,v44389460
2004,13.35,"Kitchener-Cambridge-Waterloo, Ontario",22.99.10,v44389460
2005,10.66,"Kitchener-Cambridge-Waterloo, Ontario",22.99.10,v44389460
2006,9.91,"Kitchener-Cambridge-Waterloo, Ontario",22.99.10,v44389460
2007,21.39,"Kitchener-Cambridge-Waterloo, Ontario",22.99.10,v44389460
2008,12.96,"Kitchener-Cambridge-Waterloo, Ontario",22.99.10,v44389460
2009,12.06,"Kitchener-Cambridge-Waterloo, Ontario",22.99.10,v44389460
2010,7.44,"Kitchener-Cambridge-Waterloo, Ontario",22.99.10,v44389460
2011,7.83,"Kitchener-Cambridge-Waterloo, Ontario",22.99.10,v44389460
2012,5.06,"Kitchener-Cambridge-Waterloo, Ontario",22.99.10,v44389460
2013,0.48,"Kitchener-Cambridge-Waterloo, Ontario",22.99.10,v44389460
2014,0.71,"Kitchener-Cambridge-Waterloo, Ontario",22.99.10,v44389460
2015,0.00,"Kitchener-Cambridge-Waterloo, Ontario",22.99.10,v44389460
2005,..,"Brantford, Ontario",45.99.10,v52122109
2006,4.78,"Brantford, Ontario",45.99.10,v52122109
2007,5.70,"Brantford, Ontario",45.99.10,v52122109
2008,5.63,"Brantford, Ontario",45.99.10,v52122109
2009,5.58,"Brantford, Ontario",45.99.10,v52122109
2010,9.21,"Brantford, Ontario",45.99.10,v52122109
2011,1.83,"Brantford, Ontario",45.99.10,v52122109
2012,0.00,"Brantford, Ontario",45.99.10,v52122109
2013,3.56,"Brantford, Ontario",45.99.10,v52122109
2014,0.00,"Brantford, Ontario",45.99.10,v52122109
2015,0.00,"Brantford, Ontario",45.99.10,v52122109
2005,..,"Guelph, Ontario",46.99.10,v52127061
2006,0.00,"Guelph, Ontario",46.99.10,v52127061
2007,2.12,"Guelph, Ontario",46.99.10,v52127061
2008,7.33,"Guelph, Ontario",46.99.10,v52127061
2009,0.00,"Guelph, Ontario",46.99.10,v52127061
2010,3.06,"Guelph, Ontario",46.99.10,v52127061
2011,0.00,"Guelph, Ontario",46.99.10,v52127061
2012,0.00,"Guelph, Ontario",46.99.10,v52127061
2013,0.00,"Guelph, Ontario",46.99.10,v52127061
2014,0.00,"Guelph, Ontario",46.99.10,v52127061
2015,0.00,"Guelph, Ontario",46.99.10,v52127061
1998,0.00,"London, Ontario",23.99.10,v44407426
1999,0.00,"London, Ontario",23.99.10,v44407426
2000,0.00,"London, Ontario",23.99.10,v44407426
2001,0.00,"London, Ontario",23.99.10,v44407426
2002,0.00,"London, Ontario",23.99.10,v44407426
2003,0.00,"London, Ontario",23.99.10,v44407426
2004,9.86,"London, Ontario",23.99.10,v44407426
2005,12.97,"London, Ontario",23.99.10,v44407426
2006,20.55,"London, Ontario",23.99.10,v44407426
2007,28.06,"London, Ontario",23.99.10,v44407426
2008,18.09,"London, Ontario",23.99.10,v44407426
2009,17.16,"London, Ontario",23.99.10,v44407426
2010,19.31,"London, Ontario",23.99.10,v44407426
2011,27.56,"London, Ontario",23.99.10,v44407426
2012,18.61,"London, Ontario",23.99.10,v44407426
2013,13.16,"London, Ontario",23.99.10,v44407426
2014,0.00,"London, Ontario",23.99.10,v44407426
2015,0.00,"London, Ontario",23.99.10,v44407426
1998,0.00,"Windsor, Ontario",24.99.10,v44346398
1999,0.00,"Windsor, Ontario",24.99.10,v44346398
2000,0.00,"Windsor, Ontario",24.99.10,v44346398
2001,0.00,"Windsor, Ontario",24.99.10,v44346398
2002,0.00,"Windsor, Ontario",24.99.10,v44346398
2003,0.00,"Windsor, Ontario",24.99.10,v44346398
2004,53.95,"Windsor, Ontario",24.99.10,v44346398
2005,46.53,"Windsor, Ontario",24.99.10,v44346398
2006,55.81,"Windsor, Ontario",24.99.10,v44346398
2007,55.21,"Windsor, Ontario",24.99.10,v44346398
2008,43.42,"Windsor, Ontario",24.99.10,v44346398
2009,38.52,"Windsor, Ontario",24.99.10,v44346398
2010,26.44,"Windsor, Ontario",24.99.10,v44346398
2011,24.43,"Windsor, Ontario",24.99.10,v44346398
2012,23.85,"Windsor, Ontario",24.99.10,v44346398
2013,8.41,"Windsor, Ontario",24.99.10,v44346398
2014,0.00,"Windsor, Ontario",24.99.10,v44346398
2015,0.00,"Windsor, Ontario",24.99.10,v44346398
2005,..,"Barrie, Ontario",47.99.10,v52144781
2006,0.00,"Barrie, Ontario",47.99.10,v52144781
2007,2.74,"Barrie, Ontario",47.99.10,v52144781
2008,19.54,"Barrie, Ontario",47.99.10,v52144781
2009,2.66,"Barrie, Ontario",47.99.10,v52144781
2010,1.30,"Barrie, Ontario",47.99.10,v52144781
2011,7.68,"Barrie, Ontario",47.99.10,v52144781
2012,7.54,"Barrie, Ontario",47.99.10,v52144781
2013,2.47,"Barrie, Ontario",47.99.10,v52144781
2014,0.00,"Barrie, Ontario",47.99.10,v52144781
2015,0.00,"Barrie, Ontario",47.99.10,v52144781
1998,0.00,"Sudbury, Ontario",25.99.10,v44345291
1999,0.00,"Sudbury, Ontario",25.99.10,v44345291
2000,0.00,"Sudbury, Ontario",25.99.10,v44345291
2001,0.00,"Sudbury, Ontario",25.99.10,v44345291
2002,0.00,"Sudbury, Ontario",25.99.10,v44345291
2003,0.00,"Sudbury, Ontario",25.99.10,v44345291
2004,0.00,"Sudbury, Ontario",25.99.10,v44345291
2005,10.88,"Sudbury, Ontario",25.99.10,v44345291
2006,16.14,"Sudbury, Ontario",25.99.10,v44345291
2007,27.49,"Sudbury, Ontario",25.99.10,v44345291
2008,31.78,"Sudbury, Ontario",25.99.10,v44345291
2009,18.84,"Sudbury, Ontario",25.99.10,v44345291
2010,40.64,"Sudbury, Ontario",25.99.10,v44345291
2011,36.77,"Sudbury, Ontario",25.99.10,v44345291
2012,21.62,"Sudbury, Ontario",25.99.10,v44345291
2013,11.13,"Sudbury, Ontario",25.99.10,v44345291
2014,0.00,"Sudbury, Ontario",25.99.10,v44345291
2015,0.00,"Sudbury, Ontario",25.99.10,v44345291
1998,0.00,"Thunder Bay, Ontario",26.99.10,v44370164
1999,0.00,"Thunder Bay, Ontario",26.99.10,v44370164
2000,0.00,"Thunder Bay, Ontario",26.99.10,v44370164
2001,0.00,"Thunder Bay, Ontario",26.99.10,v44370164
2002,0.00,"Thunder Bay, Ontario",26.99.10,v44370164
2003,0.00,"Thunder Bay, Ontario",26.99.10,v44370164
2004,20.95,"Thunder Bay, Ontario",26.99.10,v44370164
2005,13.91,"Thunder Bay, Ontario",26.99.10,v44370164
2006,19.84,"Thunder Bay, Ontario",26.99.10,v44370164
2007,6.90,"Thunder Bay, Ontario",26.99.10,v44370164
2008,0.00,"Thunder Bay, Ontario",26.99.10,v44370164
2009,8.22,"Thunder Bay, Ontario",26.99.10,v44370164
2010,4.09,"Thunder Bay, Ontario",26.99.10,v44370164
2011,0.00,"Thunder Bay, Ontario",26.99.10,v44370164
2012,0.00,"Thunder Bay, Ontario",26.99.10,v44370164
2013,0.00,"Thunder Bay, Ontario",26.99.10,v44370164
2014,0.00,"Thunder Bay, Ontario",26.99.10,v44370164
2015,0.00,"Thunder Bay, Ontario",26.99.10,v44370164
1998,13.35,"Manitoba",28.99.10,v44364630
1999,9.27,"Manitoba",28.99.10,v44364630
2000,23.79,"Manitoba",28.99.10,v44364630
2001,14.83,"Manitoba",28.99.10,v44364630
2002,14.02,"Manitoba",28.99.10,v44364630
2003,19.80,"Manitoba",28.99.10,v44364630
2004,17.10,"Manitoba",28.99.10,v44364630
2005,15.53,"Manitoba",28.99.10,v44364630
2006,12.64,"Manitoba",28.99.10,v44364630
2007,14.98,"Manitoba",28.99.10,v44364630
2008,18.43,"Manitoba",28.99.10,v44364630
2009,10.25,"Manitoba",28.99.10,v44364630
2010,9.28,"Manitoba",28.99.10,v44364630
2011,15.93,"Manitoba",28.99.10,v44364630
2012,14.53,"Manitoba",28.99.10,v44364630
2013,10.02,"Manitoba",28.99.10,v44364630
2014,4.94,"Manitoba",28.99.10,v44364630
2015,0.00,"Manitoba",28.99.10,v44364630
1998,0.00,"Winnipeg, Manitoba",29.99.10,v44358337
1999,0.00,"Winnipeg, Manitoba",29.99.10,v44358337
2000,0.00,"Winnipeg, Manitoba",29.99.10,v44358337
2001,0.00,"Winnipeg, Manitoba",29.99.10,v44358337
2002,0.00,"Winnipeg, Manitoba",29.99.10,v44358337
2003,0.00,"Winnipeg, Manitoba",29.99.10,v44358337
2004,27.91,"Winnipeg, Manitoba",29.99.10,v44358337
2005,25.33,"Winnipeg, Manitoba",29.99.10,v44358337
2006,19.79,"Winnipeg, Manitoba",29.99.10,v44358337
2007,23.07,"Winnipeg, Manitoba",29.99.10,v44358337
2008,28.43,"Winnipeg, Manitoba",29.99.10,v44358337
2009,15.57,"Winnipeg, Manitoba",29.99.10,v44358337
2010,14.07,"Winnipeg, Manitoba",29.99.10,v44358337
2011,24.49,"Winnipeg, Manitoba",29.99.10,v44358337
2012,22.22,"Winnipeg, Manitoba",29.99.10,v44358337
2013,15.39,"Winnipeg, Manitoba",29.99.10,v44358337
2014,7.79,"Winnipeg, Manitoba",29.99.10,v44358337
2015,0.00,"Winnipeg, Manitoba",29.99.10,v44358337
1998,34.43,"Saskatchewan",30.99.10,v44416012
1999,32.88,"Saskatchewan",30.99.10,v44416012
2000,31.48,"Saskatchewan",30.99.10,v44416012
2001,12.80,"Saskatchewan",30.99.10,v44416012
2002,22.19,"Saskatchewan",30.99.10,v44416012
2003,18.19,"Saskatchewan",30.99.10,v44416012
2004,22.07,"Saskatchewan",30.99.10,v44416012
2005,18.60,"Saskatchewan",30.99.10,v44416012
2006,21.86,"Saskatchewan",30.99.10,v44416012
2007,22.75,"Saskatchewan",30.99.10,v44416012
2008,22.97,"Saskatchewan",30.99.10,v44416012
2009,27.79,"Saskatchewan",30.99.10,v44416012
2010,22.37,"Saskatchewan",30.99.10,v44416012
2011,24.20,"Saskatchewan",30.99.10,v44416012
2012,22.87,"Saskatchewan",30.99.10,v44416012
2013,28.75,"Saskatchewan",30.99.10,v44416012
2014,7.83,"Saskatchewan",30.99.10,v44416012
2015,1.48,"Saskatchewan",30.99.10,v44416012
1998,0.00,"Regina, Saskatchewan",31.99.10,v44365737
1999,0.00,"Regina, Saskatchewan",31.99.10,v44365737
2000,0.00,"Regina, Saskatchewan",31.99.10,v44365737
2001,0.00,"Regina, Saskatchewan",31.99.10,v44365737
2002,0.00,"Regina, Saskatchewan",31.99.10,v44365737
2003,0.00,"Regina, Saskatchewan",31.99.10,v44365737
2004,66.36,"Regina, Saskatchewan",31.99.10,v44365737
2005,51.75,"Regina, Saskatchewan",31.99.10,v44365737
2006,45.64,"Regina, Saskatchewan",31.99.10,v44365737
2007,38.75,"Regina, Saskatchewan",31.99.10,v44365737
2008,39.26,"Regina, Saskatchewan",31.99.10,v44365737
2009,34.78,"Regina, Saskatchewan",31.99.10,v44365737
2010,34.65,"Regina, Saskatchewan",31.99.10,v44365737
2011,35.00,"Regina, Saskatchewan",31.99.10,v44365737
2012,50.03,"Regina, Saskatchewan",31.99.10,v44365737
2013,42.77,"Regina, Saskatchewan",31.99.10,v44365737
2014,1.06,"Regina, Saskatchewan",31.99.10,v44365737
2015,6.79,"Regina, Saskatchewan",31.99.10,v44365737
1998,0.00,"Saskatoon, Saskatchewan",32.99.10,v44364268
1999,0.00,"Saskatoon, Saskatchewan",32.99.10,v44364268
2000,0.00,"Saskatoon, Saskatchewan",32.99.10,v44364268
2001,0.00,"Saskatoon, Saskatchewan",32.99.10,v44364268
2002,0.00,"Saskatoon, Saskatchewan",32.99.10,v44364268
2003,0.00,"Saskatoon, Saskatchewan",32.99.10,v44364268
2004,25.69,"Saskatoon, Saskatchewan",32.99.10,v44364268
2005,27.51,"Saskatoon, Saskatchewan",32.99.10,v44364268
2006,30.68,"Saskatoon, Saskatchewan",32.99.10,v44364268
2007,35.74,"Saskatoon, Saskatchewan",32.99.10,v44364268
2008,43.25,"Saskatoon, Saskatchewan",32.99.10,v44364268
2009,66.55,"Saskatoon, Saskatchewan",32.99.10,v44364268
2010,52.00,"Saskatoon, Saskatchewan",32.99.10,v44364268
2011,55.25,"Saskatoon, Saskatchewan",32.99.10,v44364268
2012,44.82,"Saskatoon, Saskatchewan",32.99.10,v44364268
2013,64.20,"Saskatoon, Saskatchewan",32.99.10,v44364268
2014,24.03,"Saskatoon, Saskatchewan",32.99.10,v44364268
2015,0.00,"Saskatoon, Saskatchewan",32.99.10,v44364268
1998,21.27,"Alberta",33.99.10,v44329359
1999,17.12,"Alberta",33.99.10,v44329359
2000,21.86,"Alberta",33.99.10,v44329359
2001,35.17,"Alberta",33.99.10,v44329359
2002,28.99,"Alberta",33.99.10,v44329359
2003,25.20,"Alberta",33.99.10,v44329359
2004,19.29,"Alberta",33.99.10,v44329359
2005,22.39,"Alberta",33.99.10,v44329359
2006,19.53,"Alberta",33.99.10,v44329359
2007,17.48,"Alberta",33.99.10,v44329359
2008,22.16,"Alberta",33.99.10,v44329359
2009,16.02,"Alberta",33.99.10,v44329359
2010,16.74,"Alberta",33.99.10,v44329359
2011,10.78,"Alberta",33.99.10,v44329359
2012,6.60,"Alberta",33.99.10,v44329359
2013,11.08,"Alberta",33.99.10,v44329359
2014,3.53,"Alberta",33.99.10,v44329359
2015,0.12,"Alberta",33.99.10,v44329359
1998,0.00,"Calgary, Alberta",34.99.10,v44378972
1999,0.00,"Calgary, Alberta",34.99.10,v44378972
2000,0.00,"Calgary, Alberta",34.99.10,v44378972
2001,0.00,"Calgary, Alberta",34.99.10,v44378972
2002,0.00,"Calgary, Alberta",34.99.10,v44378972
2003,0.00,"Calgary, Alberta",34.99.10,v44378972
2004,22.87,"Calgary, Alberta",34.99.10,v44378972
2005,23.57,"Calgary, Alberta",34.99.10,v44378972
2006,19.31,"Calgary, Alberta",34.99.10,v44378972
2007,15.03,"Calgary, Alberta",34.99.10,v44378972
2008,20.58,"Calgary, Alberta",34.99.10,v44378972
2009,16.96,"Calgary, Alberta",34.99.10,v44378972
2010,19.44,"Calgary, Alberta",34.99.10,v44378972
2011,11.66,"Calgary, Alberta",34.99.10,v44378972
2012,5.73,"Calgary, Alberta",34.99.10,v44378972
2013,12.80,"Calgary, Alberta",34.99.10,v44378972
2014,5.19,"Calgary, Alberta",34.99.10,v44378972
2015,0.35,"Calgary, Alberta",34.99.10,v44378972
1998,0.00,"Edmonton, Alberta",35.99.10,v44362890
1999,0.00,"Edmonton, Alberta",35.99.10,v44362890
2000,0.00,"Edmonton, Alberta",35.99.10,v44362890
2001,0.00,"Edmonton, Alberta",35.99.10,v44362890
2002,0.00,"Edmonton, Alberta",35.99.10,v44362890
2003,0.00,"Edmonton, Alberta",35.99.10,v44362890
2004,33.06,"Edmonton, Alberta",35.99.10,v44362890
2005,44.50,"Edmonton, Alberta",35.99.10,v44362890
2006,39.69,"Edmonton, Alberta",35.99.10,v44362890
2007,36.98,"Edmonton, Alberta",35.99.10,v44362890
2008,45.86,"Edmonton, Alberta",35.99.10,v44362890
2009,30.33,"Edmonton, Alberta",35.99.10,v44362890
2010,26.45,"Edmonton, Alberta",35.99.10,v44362890
2011,20.11,"Edmonton, Alberta",35.99.10,v44362890
2012,12.95,"Edmonton, Alberta",35.99.10,v44362890
2013,18.06,"Edmonton, Alberta",35.99.10,v44362890
2014,5.28,"Edmonton, Alberta",35.99.10,v44362890
2015,0.00,"Edmonton, Alberta",35.99.10,v44362890
1998,11.56,"British Columbia",36.99.10,v44378847
1999,13.82,"British Columbia",36.99.10,v44378847
2000,14.97,"British Columbia",36.99.10,v44378847
2001,10.77,"British Columbia",36.99.10,v44378847
2002,10.35,"British Columbia",36.99.10,v44378847
2003,10.51,"British Columbia",36.99.10,v44378847
2004,10.57,"British Columbia",36.99.10,v44378847
2005,14.03,"British Columbia",36.99.10,v44378847
2006,10.58,"British Columbia",36.99.10,v44378847
2007,8.84,"British Columbia",36.99.10,v44378847
2008,5.12,"British Columbia",36.99.10,v44378847
2009,3.65,"British Columbia",36.99.10,v44378847
2010,4.57,"British Columbia",36.99.10,v44378847
2011,4.82,"British Columbia",36.99.10,v44378847
2012,3.03,"British Columbia",36.99.10,v44378847
2013,1.82,"British Columbia",36.99.10,v44378847
2014,0.39,"British Columbia",36.99.10,v44378847
2015,0.08,"British Columbia",36.99.10,v44378847
2005,..,"Kelowna, British Columbia",48.99.10,v52142843
2006,5.20,"Kelowna, British Columbia",48.99.10,v52142843
2007,13.02,"Kelowna, British Columbia",48.99.10,v52142843
2008,4.93,"Kelowna, British Columbia",48.99.10,v52142843
2009,8.96,"Kelowna, British Columbia",48.99.10,v52142843
2010,2.03,"Kelowna, British Columbia",48.99.10,v52142843
2011,0.00,"Kelowna, British Columbia",48.99.10,v52142843
2012,0.00,"Kelowna, British Columbia",48.99.10,v52142843
2013,3.24,"Kelowna, British Columbia",48.99.10,v52142843
2014,0.64,"Kelowna, British Columbia",48.99.10,v52142843
2015,0.00,"Kelowna, British Columbia",48.99.10,v52142843
2000,..,"Abbotsford-Mission, British Columbia",39.99.10,v44338743
2001,0.00,"Abbotsford-Mission, British Columbia",39.99.10,v44338743
2002,0.00,"Abbotsford-Mission, British Columbia",39.99.10,v44338743
2003,0.00,"Abbotsford-Mission, British Columbia",39.99.10,v44338743
2004,10.05,"Abbotsford-Mission, British Columbia",39.99.10,v44338743
2005,24.69,"Abbotsford-Mission, British Columbia",39.99.10,v44338743
2006,35.39,"Abbotsford-Mission, British Columbia",39.99.10,v44338743
2007,10.30,"Abbotsford-Mission, British Columbia",39.99.10,v44338743
2008,9.34,"Abbotsford-Mission, British Columbia",39.99.10,v44338743
2009,6.13,"Abbotsford-Mission, British Columbia",39.99.10,v44338743
2010,3.02,"Abbotsford-Mission, British Columbia",39.99.10,v44338743
2011,4.47,"Abbotsford-Mission, British Columbia",39.99.10,v44338743
2012,0.73,"Abbotsford-Mission, British Columbia",39.99.10,v44338743
2013,0.00,"Abbotsford-Mission, British Columbia",39.99.10,v44338743
2014,0.71,"Abbotsford-Mission, British Columbia",39.99.10,v44338743
2015,0.00,"Abbotsford-Mission, British Columbia",39.99.10,v44338743
1998,0.00,"Vancouver, British Columbia",37.99.10,v44387406
1999,0.00,"Vancouver, British Columbia",37.99.10,v44387406
2000,0.00,"Vancouver, British Columbia",37.99.10,v44387406
2001,0.00,"Vancouver, British Columbia",37.99.10,v44387406
2002,0.00,"Vancouver, British Columbia",37.99.10,v44387406
2003,0.00,"Vancouver, British Columbia",37.99.10,v44387406
2004,13.17,"Vancouver, British Columbia",37.99.10,v44387406
2005,21.19,"Vancouver, British Columbia",37.99.10,v44387406
2006,16.12,"Vancouver, British Columbia",37.99.10,v44387406
2007,9.53,"Vancouver, British Columbia",37.99.10,v44387406
2008,5.33,"Vancouver, British Columbia",37.99.10,v44387406
2009,4.56,"Vancouver, British Columbia",37.99.10,v44387406
2010,6.10,"Vancouver, British Columbia",37.99.10,v44387406
2011,7.00,"Vancouver, British Columbia",37.99.10,v44387406
2012,5.29,"Vancouver, British Columbia",37.99.10,v44387406
2013,2.25,"Vancouver, British Columbia",37.99.10,v44387406
2014,0.44,"Vancouver, British Columbia",37.99.10,v44387406
2015,0.10,"Vancouver, British Columbia",37.99.10,v44387406
1998,0.00,"Victoria, British Columbia",38.99.10,v44382527
1999,0.00,"Victoria, British Columbia",38.99.10,v44382527
2000,0.00,"Victoria, British Columbia",38.99.10,v44382527
2001,0.00,"Victoria, British Columbia",38.99.10,v44382527
2002,0.00,"Victoria, British Columbia",38.99.10,v44382527
2003,0.00,"Victoria, British Columbia",38.99.10,v44382527
2004,5.83,"Victoria, British Columbia",38.99.10,v44382527
2005,0.00,"Victoria, British Columbia",38.99.10,v44382527
2006,0.00,"Victoria, British Columbia",38.99.10,v44382527
2007,2.47,"Victoria, British Columbia",38.99.10,v44382527
2008,2.09,"Victoria, British Columbia",38.99.10,v44382527
2009,1.37,"Victoria, British Columbia",38.99.10,v44382527
2010,0.68,"Victoria, British Columbia",38.99.10,v44382527
2011,0.00,"Victoria, British Columbia",38.99.10,v44382527
2012,0.00,"Victoria, British Columbia",38.99.10,v44382527
2013,0.33,"Victoria, British Columbia",38.99.10,v44382527
2014,0.00,"Victoria, British Columbia",38.99.10,v44382527
2015,0.00,"Victoria, British Columbia",38.99.10,v44382527
1998,0.00,"Yukon",40.99.10,v44359638
1999,0.00,"Yukon",40.99.10,v44359638
2000,0.00,"Yukon",40.99.10,v44359638
2001,0.00,"Yukon",40.99.10,v44359638
2002,..,"Yukon",40.99.10,v44359638
2003,0.00,"Yukon",40.99.10,v44359638
2004,0.00,"Yukon",40.99.10,v44359638
2005,0.00,"Yukon",40.99.10,v44359638
2006,0.00,"Yukon",40.99.10,v44359638
2007,0.00,"Yukon",40.99.10,v44359638
2008,0.00,"Yukon",40.99.10,v44359638
2009,0.00,"Yukon",40.99.10,v44359638
2010,0.00,"Yukon",40.99.10,v44359638
2011,0.00,"Yukon",40.99.10,v44359638
2012,0.00,"Yukon",40.99.10,v44359638
2013,0.00,"Yukon",40.99.10,v44359638
2014,0.00,"Yukon",40.99.10,v44359638
2015,0.00,"Yukon",40.99.10,v44359638
1998,0.00,"Northwest Territories",41.99.10,v44328844
1999,..,"Northwest Territories",41.99.10,v44328844
2000,0.00,"Northwest Territories",41.99.10,v44328844
2001,..,"Northwest Territories",41.99.10,v44328844
2002,6.91,"Northwest Territories",41.99.10,v44328844
2003,0.00,"Northwest Territories",41.99.10,v44328844
2004,3.27,"Northwest Territories",41.99.10,v44328844
2005,3.24,"Northwest Territories",41.99.10,v44328844
2006,0.00,"Northwest Territories",41.99.10,v44328844
2007,3.19,"Northwest Territories",41.99.10,v44328844
2008,0.00,"Northwest Territories",41.99.10,v44328844
2009,0.00,"Northwest Territories",41.99.10,v44328844
2010,3.13,"Northwest Territories",41.99.10,v44328844
2011,0.00,"Northwest Territories",41.99.10,v44328844
2012,0.00,"Northwest Territories",41.99.10,v44328844
2013,0.00,"Northwest Territories",41.99.10,v44328844
2014,0.00,"Northwest Territories",41.99.10,v44328844
2015,0.00,"Northwest Territories",41.99.10,v44328844
2001,..,"Nunavut",42.99.10,v44380392
2002,0.00,"Nunavut",42.99.10,v44380392
2003,0.00,"Nunavut",42.99.10,v44380392
2004,0.00,"Nunavut",42.99.10,v44380392
2005,0.00,"Nunavut",42.99.10,v44380392
2006,5.37,"Nunavut",42.99.10,v44380392
2007,0.00,"Nunavut",42.99.10,v44380392
2008,0.00,"Nunavut",42.99.10,v44380392
2009,0.00,"Nunavut",42.99.10,v44380392
2010,0.00,"Nunavut",42.99.10,v44380392
2011,0.00,"Nunavut",42.99.10,v44380392
2012,0.00,"Nunavut",42.99.10,v44380392
2013,0.00,"Nunavut",42.99.10,v44380392
2014,4.36,"Nunavut",42.99.10,v44380392
2015,0.00,"Nunavut",42.99.10,v44380392
