2012,0.00,"Canada",1.258.4,v107882577
2013,0.00,"Canada",1.258.4,v107882577
2014,0.00,"Canada",1.258.4,v107882577
2015,0.00,"Canada",1.258.4,v107882577
2012,0.00,"Newfoundland and Labrador",2.258.4,v107882647
2013,0.00,"Newfoundland and Labrador",2.258.4,v107882647
2014,0.00,"Newfoundland and Labrador",2.258.4,v107882647
2015,0.00,"Newfoundland and Labrador",2.258.4,v107882647
2012,0.00,"St. John's, Newfoundland and Labrador",3.258.4,v107882717
2013,0.00,"St. John's, Newfoundland and Labrador",3.258.4,v107882717
2014,0.00,"St. John's, Newfoundland and Labrador",3.258.4,v107882717
2015,0.00,"St. John's, Newfoundland and Labrador",3.258.4,v107882717
2012,0.00,"Prince Edward Island",4.258.4,v107882787
2013,0.00,"Prince Edward Island",4.258.4,v107882787
2014,0.00,"Prince Edward Island",4.258.4,v107882787
2015,0.00,"Prince Edward Island",4.258.4,v107882787
2012,0.00,"Nova Scotia",5.258.4,v107882857
2013,0.00,"Nova Scotia",5.258.4,v107882857
2014,0.00,"Nova Scotia",5.258.4,v107882857
2015,0.00,"Nova Scotia",5.258.4,v107882857
2012,0.00,"Halifax, Nova Scotia",6.258.4,v107882927
2013,0.00,"Halifax, Nova Scotia",6.258.4,v107882927
2014,0.00,"Halifax, Nova Scotia",6.258.4,v107882927
2015,0.00,"Halifax, Nova Scotia",6.258.4,v107882927
2012,0.00,"New Brunswick",7.258.4,v107882997
2013,0.00,"New Brunswick",7.258.4,v107882997
2014,0.00,"New Brunswick",7.258.4,v107882997
2015,0.00,"New Brunswick",7.258.4,v107882997
2012,0.00,"Moncton, New Brunswick",43.258.4,v107883067
2013,0.00,"Moncton, New Brunswick",43.258.4,v107883067
2014,0.00,"Moncton, New Brunswick",43.258.4,v107883067
2015,0.00,"Moncton, New Brunswick",43.258.4,v107883067
2012,0.00,"Saint John, New Brunswick",8.258.4,v107883137
2013,0.00,"Saint John, New Brunswick",8.258.4,v107883137
2014,0.00,"Saint John, New Brunswick",8.258.4,v107883137
2015,0.00,"Saint John, New Brunswick",8.258.4,v107883137
2012,0.00,"Quebec",9.258.4,v107883207
2013,0.00,"Quebec",9.258.4,v107883207
2014,0.00,"Quebec",9.258.4,v107883207
2015,0.00,"Quebec",9.258.4,v107883207
2012,0.00,"Saguenay, Quebec",10.258.4,v107883277
2013,0.00,"Saguenay, Quebec",10.258.4,v107883277
2014,0.00,"Saguenay, Quebec",10.258.4,v107883277
2015,0.00,"Saguenay, Quebec",10.258.4,v107883277
2012,0.00,"Sherbrooke, Quebec",12.258.4,v107883417
2013,0.00,"Sherbrooke, Quebec",12.258.4,v107883417
2014,0.00,"Sherbrooke, Quebec",12.258.4,v107883417
2015,0.00,"Sherbrooke, Quebec",12.258.4,v107883417
2012,0.00,"Ottawa-Gatineau, Quebec part",15.258.4,v107883627
2013,0.00,"Ottawa-Gatineau, Quebec part",15.258.4,v107883627
2014,0.00,"Ottawa-Gatineau, Quebec part",15.258.4,v107883627
2015,0.00,"Ottawa-Gatineau, Quebec part",15.258.4,v107883627
2012,0.00,"Ontario",16.258.4,v107883697
2013,0.00,"Ontario",16.258.4,v107883697
2014,0.00,"Ontario",16.258.4,v107883697
2015,0.00,"Ontario",16.258.4,v107883697
2012,0.00,"Ottawa-Gatineau, Ontario/Quebec",17.258.4,v107883767
2013,0.00,"Ottawa-Gatineau, Ontario/Quebec",17.258.4,v107883767
2014,0.00,"Ottawa-Gatineau, Ontario/Quebec",17.258.4,v107883767
2015,0.00,"Ottawa-Gatineau, Ontario/Quebec",17.258.4,v107883767
2012,0.00,"Ottawa-Gatineau, Ontario part",18.258.4,v107883837
2013,0.00,"Ottawa-Gatineau, Ontario part",18.258.4,v107883837
2014,0.00,"Ottawa-Gatineau, Ontario part",18.258.4,v107883837
2015,0.00,"Ottawa-Gatineau, Ontario part",18.258.4,v107883837
2012,0.00,"Kingston, Ontario",27.258.4,v107883907
2013,0.00,"Kingston, Ontario",27.258.4,v107883907
2014,0.00,"Kingston, Ontario",27.258.4,v107883907
2015,0.00,"Kingston, Ontario",27.258.4,v107883907
2012,0.00,"Peterborough, Ontario",44.258.4,v107883977
2013,0.00,"Peterborough, Ontario",44.258.4,v107883977
2014,0.00,"Peterborough, Ontario",44.258.4,v107883977
2015,0.00,"Peterborough, Ontario",44.258.4,v107883977
2012,0.00,"Toronto, Ontario",19.258.4,v107884047
2013,0.00,"Toronto, Ontario",19.258.4,v107884047
2014,0.00,"Toronto, Ontario",19.258.4,v107884047
2015,0.00,"Toronto, Ontario",19.258.4,v107884047
2012,0.00,"Hamilton, Ontario",20.258.4,v107884117
2013,0.00,"Hamilton, Ontario",20.258.4,v107884117
2014,0.00,"Hamilton, Ontario",20.258.4,v107884117
2015,0.00,"Hamilton, Ontario",20.258.4,v107884117
2012,0.00,"St.Catharines-Niagara, Ontario",21.258.4,v107884187
2013,0.00,"St.Catharines-Niagara, Ontario",21.258.4,v107884187
2014,0.00,"St.Catharines-Niagara, Ontario",21.258.4,v107884187
2015,0.00,"St.Catharines-Niagara, Ontario",21.258.4,v107884187
2012,0.00,"Kitchener-Cambridge-Waterloo, Ontario",22.258.4,v107884257
2013,0.00,"Kitchener-Cambridge-Waterloo, Ontario",22.258.4,v107884257
2014,0.00,"Kitchener-Cambridge-Waterloo, Ontario",22.258.4,v107884257
2015,0.00,"Kitchener-Cambridge-Waterloo, Ontario",22.258.4,v107884257
2012,0.00,"Brantford, Ontario",45.258.4,v107884327
2013,0.00,"Brantford, Ontario",45.258.4,v107884327
2014,0.00,"Brantford, Ontario",45.258.4,v107884327
2015,0.00,"Brantford, Ontario",45.258.4,v107884327
2012,0.00,"Guelph, Ontario",46.258.4,v107884397
2013,0.00,"Guelph, Ontario",46.258.4,v107884397
2014,0.00,"Guelph, Ontario",46.258.4,v107884397
2015,0.00,"Guelph, Ontario",46.258.4,v107884397
2012,0.00,"London, Ontario",23.258.4,v107884467
2013,0.00,"London, Ontario",23.258.4,v107884467
2014,0.00,"London, Ontario",23.258.4,v107884467
2015,0.00,"London, Ontario",23.258.4,v107884467
2012,0.00,"Windsor, Ontario",24.258.4,v107884537
2013,0.00,"Windsor, Ontario",24.258.4,v107884537
2014,0.00,"Windsor, Ontario",24.258.4,v107884537
2015,0.00,"Windsor, Ontario",24.258.4,v107884537
2012,0.00,"Barrie, Ontario",47.258.4,v107884607
2013,0.00,"Barrie, Ontario",47.258.4,v107884607
2014,0.00,"Barrie, Ontario",47.258.4,v107884607
2015,0.00,"Barrie, Ontario",47.258.4,v107884607
2012,0.00,"Sudbury, Ontario",25.258.4,v107884677
2013,0.00,"Sudbury, Ontario",25.258.4,v107884677
2014,0.00,"Sudbury, Ontario",25.258.4,v107884677
2015,0.00,"Sudbury, Ontario",25.258.4,v107884677
2012,0.00,"Thunder Bay, Ontario",26.258.4,v107884747
2013,0.00,"Thunder Bay, Ontario",26.258.4,v107884747
2014,0.00,"Thunder Bay, Ontario",26.258.4,v107884747
2015,0.00,"Thunder Bay, Ontario",26.258.4,v107884747
2012,0.00,"Manitoba",28.258.4,v107884817
2013,0.00,"Manitoba",28.258.4,v107884817
2014,0.00,"Manitoba",28.258.4,v107884817
2015,0.00,"Manitoba",28.258.4,v107884817
2012,0.00,"Winnipeg, Manitoba",29.258.4,v107884887
2013,0.00,"Winnipeg, Manitoba",29.258.4,v107884887
2014,0.00,"Winnipeg, Manitoba",29.258.4,v107884887
2015,0.00,"Winnipeg, Manitoba",29.258.4,v107884887
2012,0.00,"Saskatchewan",30.258.4,v107884957
2013,0.00,"Saskatchewan",30.258.4,v107884957
2014,0.00,"Saskatchewan",30.258.4,v107884957
2015,0.00,"Saskatchewan",30.258.4,v107884957
2012,0.00,"Regina, Saskatchewan",31.258.4,v107885027
2013,0.00,"Regina, Saskatchewan",31.258.4,v107885027
2014,0.00,"Regina, Saskatchewan",31.258.4,v107885027
2015,0.00,"Regina, Saskatchewan",31.258.4,v107885027
2012,0.00,"Saskatoon, Saskatchewan",32.258.4,v107885097
2013,0.00,"Saskatoon, Saskatchewan",32.258.4,v107885097
2014,0.00,"Saskatoon, Saskatchewan",32.258.4,v107885097
2015,0.00,"Saskatoon, Saskatchewan",32.258.4,v107885097
2012,0.00,"Alberta",33.258.4,v107885167
2013,0.00,"Alberta",33.258.4,v107885167
2014,0.00,"Alberta",33.258.4,v107885167
2015,0.00,"Alberta",33.258.4,v107885167
2012,0.00,"Calgary, Alberta",34.258.4,v107885237
2013,0.00,"Calgary, Alberta",34.258.4,v107885237
2014,0.00,"Calgary, Alberta",34.258.4,v107885237
2015,0.00,"Calgary, Alberta",34.258.4,v107885237
2012,0.00,"Edmonton, Alberta",35.258.4,v107885307
2013,0.00,"Edmonton, Alberta",35.258.4,v107885307
2014,0.00,"Edmonton, Alberta",35.258.4,v107885307
2015,0.00,"Edmonton, Alberta",35.258.4,v107885307
2012,0.00,"British Columbia",36.258.4,v107885377
2013,0.00,"British Columbia",36.258.4,v107885377
2014,0.00,"British Columbia",36.258.4,v107885377
2015,0.00,"British Columbia",36.258.4,v107885377
2012,0.00,"Kelowna, British Columbia",48.258.4,v107885447
2013,0.00,"Kelowna, British Columbia",48.258.4,v107885447
2014,0.00,"Kelowna, British Columbia",48.258.4,v107885447
2015,0.00,"Kelowna, British Columbia",48.258.4,v107885447
2012,0.00,"Abbotsford-Mission, British Columbia",39.258.4,v107885517
2013,0.00,"Abbotsford-Mission, British Columbia",39.258.4,v107885517
2014,0.00,"Abbotsford-Mission, British Columbia",39.258.4,v107885517
2015,0.00,"Abbotsford-Mission, British Columbia",39.258.4,v107885517
2012,0.00,"Vancouver, British Columbia",37.258.4,v107885587
2013,0.00,"Vancouver, British Columbia",37.258.4,v107885587
2014,0.00,"Vancouver, British Columbia",37.258.4,v107885587
2015,0.00,"Vancouver, British Columbia",37.258.4,v107885587
2012,0.00,"Victoria, British Columbia",38.258.4,v107885657
2013,0.00,"Victoria, British Columbia",38.258.4,v107885657
2014,0.00,"Victoria, British Columbia",38.258.4,v107885657
2015,0.00,"Victoria, British Columbia",38.258.4,v107885657
2012,0.00,"Yukon",40.258.4,v107885727
2013,0.00,"Yukon",40.258.4,v107885727
2014,0.00,"Yukon",40.258.4,v107885727
2015,0.00,"Yukon",40.258.4,v107885727
2012,0.00,"Northwest Territories",41.258.4,v107885797
2013,0.00,"Northwest Territories",41.258.4,v107885797
2014,0.00,"Northwest Territories",41.258.4,v107885797
2015,0.00,"Northwest Territories",41.258.4,v107885797
2012,0.00,"Nunavut",42.258.4,v107885867
2013,0.00,"Nunavut",42.258.4,v107885867
2014,0.00,"Nunavut",42.258.4,v107885867
2015,0.00,"Nunavut",42.258.4,v107885867
