2006,..,"Canada",1.122.6,v52135804
2007,0.00,"Canada",1.122.6,v52135804
2008,0.00,"Canada",1.122.6,v52135804
2009,1.00,"Canada",1.122.6,v52135804
2010,0.00,"Canada",1.122.6,v52135804
2011,0.00,"Canada",1.122.6,v52135804
2012,0.00,"Canada",1.122.6,v52135804
2013,0.00,"Canada",1.122.6,v52135804
2014,0.00,"Canada",1.122.6,v52135804
2015,1.00,"Canada",1.122.6,v52135804
2006,..,"Newfoundland and Labrador",2.122.6,v61997552
2007,0.00,"Newfoundland and Labrador",2.122.6,v61997552
2008,0.00,"Newfoundland and Labrador",2.122.6,v61997552
2009,0.00,"Newfoundland and Labrador",2.122.6,v61997552
2010,0.00,"Newfoundland and Labrador",2.122.6,v61997552
2011,0.00,"Newfoundland and Labrador",2.122.6,v61997552
2012,0.00,"Newfoundland and Labrador",2.122.6,v61997552
2013,0.00,"Newfoundland and Labrador",2.122.6,v61997552
2014,0.00,"Newfoundland and Labrador",2.122.6,v61997552
2015,0.00,"Newfoundland and Labrador",2.122.6,v61997552
2006,..,"St. John's, Newfoundland and Labrador",3.122.6,v62000702
2007,0.00,"St. John's, Newfoundland and Labrador",3.122.6,v62000702
2008,0.00,"St. John's, Newfoundland and Labrador",3.122.6,v62000702
2009,0.00,"St. John's, Newfoundland and Labrador",3.122.6,v62000702
2010,0.00,"St. John's, Newfoundland and Labrador",3.122.6,v62000702
2011,0.00,"St. John's, Newfoundland and Labrador",3.122.6,v62000702
2012,0.00,"St. John's, Newfoundland and Labrador",3.122.6,v62000702
2013,0.00,"St. John's, Newfoundland and Labrador",3.122.6,v62000702
2014,0.00,"St. John's, Newfoundland and Labrador",3.122.6,v62000702
2015,0.00,"St. John's, Newfoundland and Labrador",3.122.6,v62000702
2006,..,"Prince Edward Island",4.122.6,v62003852
2007,0.00,"Prince Edward Island",4.122.6,v62003852
2008,0.00,"Prince Edward Island",4.122.6,v62003852
2009,0.00,"Prince Edward Island",4.122.6,v62003852
2010,0.00,"Prince Edward Island",4.122.6,v62003852
2011,0.00,"Prince Edward Island",4.122.6,v62003852
2012,0.00,"Prince Edward Island",4.122.6,v62003852
2013,0.00,"Prince Edward Island",4.122.6,v62003852
2014,0.00,"Prince Edward Island",4.122.6,v62003852
2015,0.00,"Prince Edward Island",4.122.6,v62003852
2006,..,"Nova Scotia",5.122.6,v62007002
2007,0.00,"Nova Scotia",5.122.6,v62007002
2008,0.00,"Nova Scotia",5.122.6,v62007002
2009,0.00,"Nova Scotia",5.122.6,v62007002
2010,0.00,"Nova Scotia",5.122.6,v62007002
2011,0.00,"Nova Scotia",5.122.6,v62007002
2012,0.00,"Nova Scotia",5.122.6,v62007002
2013,0.00,"Nova Scotia",5.122.6,v62007002
2014,0.00,"Nova Scotia",5.122.6,v62007002
2015,0.00,"Nova Scotia",5.122.6,v62007002
2006,..,"Halifax, Nova Scotia",6.122.6,v62010152
2007,0.00,"Halifax, Nova Scotia",6.122.6,v62010152
2008,0.00,"Halifax, Nova Scotia",6.122.6,v62010152
2009,0.00,"Halifax, Nova Scotia",6.122.6,v62010152
2010,0.00,"Halifax, Nova Scotia",6.122.6,v62010152
2011,0.00,"Halifax, Nova Scotia",6.122.6,v62010152
2012,0.00,"Halifax, Nova Scotia",6.122.6,v62010152
2013,0.00,"Halifax, Nova Scotia",6.122.6,v62010152
2014,0.00,"Halifax, Nova Scotia",6.122.6,v62010152
2015,0.00,"Halifax, Nova Scotia",6.122.6,v62010152
2006,..,"New Brunswick",7.122.6,v62013302
2007,0.00,"New Brunswick",7.122.6,v62013302
2008,0.00,"New Brunswick",7.122.6,v62013302
2009,0.00,"New Brunswick",7.122.6,v62013302
2010,0.00,"New Brunswick",7.122.6,v62013302
2011,0.00,"New Brunswick",7.122.6,v62013302
2012,0.00,"New Brunswick",7.122.6,v62013302
2013,0.00,"New Brunswick",7.122.6,v62013302
2014,0.00,"New Brunswick",7.122.6,v62013302
2015,0.00,"New Brunswick",7.122.6,v62013302
2006,..,"Moncton, New Brunswick",43.122.6,v62126702
2007,0.00,"Moncton, New Brunswick",43.122.6,v62126702
2008,0.00,"Moncton, New Brunswick",43.122.6,v62126702
2009,0.00,"Moncton, New Brunswick",43.122.6,v62126702
2010,0.00,"Moncton, New Brunswick",43.122.6,v62126702
2011,0.00,"Moncton, New Brunswick",43.122.6,v62126702
2012,0.00,"Moncton, New Brunswick",43.122.6,v62126702
2013,0.00,"Moncton, New Brunswick",43.122.6,v62126702
2014,0.00,"Moncton, New Brunswick",43.122.6,v62126702
2015,0.00,"Moncton, New Brunswick",43.122.6,v62126702
2006,..,"Saint John, New Brunswick",8.122.6,v62016452
2007,0.00,"Saint John, New Brunswick",8.122.6,v62016452
2008,0.00,"Saint John, New Brunswick",8.122.6,v62016452
2009,0.00,"Saint John, New Brunswick",8.122.6,v62016452
2010,0.00,"Saint John, New Brunswick",8.122.6,v62016452
2011,0.00,"Saint John, New Brunswick",8.122.6,v62016452
2012,0.00,"Saint John, New Brunswick",8.122.6,v62016452
2013,0.00,"Saint John, New Brunswick",8.122.6,v62016452
2014,0.00,"Saint John, New Brunswick",8.122.6,v62016452
2015,0.00,"Saint John, New Brunswick",8.122.6,v62016452
2006,..,"Quebec",9.122.6,v52138105
2007,0.00,"Quebec",9.122.6,v52138105
2008,0.00,"Quebec",9.122.6,v52138105
2009,1.00,"Quebec",9.122.6,v52138105
2010,0.00,"Quebec",9.122.6,v52138105
2011,0.00,"Quebec",9.122.6,v52138105
2012,0.00,"Quebec",9.122.6,v52138105
2013,0.00,"Quebec",9.122.6,v52138105
2014,0.00,"Quebec",9.122.6,v52138105
2015,0.00,"Quebec",9.122.6,v52138105
2006,..,"Saguenay, Quebec",10.122.6,v62022752
2007,0.00,"Saguenay, Quebec",10.122.6,v62022752
2008,0.00,"Saguenay, Quebec",10.122.6,v62022752
2009,0.00,"Saguenay, Quebec",10.122.6,v62022752
2010,0.00,"Saguenay, Quebec",10.122.6,v62022752
2011,0.00,"Saguenay, Quebec",10.122.6,v62022752
2012,0.00,"Saguenay, Quebec",10.122.6,v62022752
2013,0.00,"Saguenay, Quebec",10.122.6,v62022752
2014,0.00,"Saguenay, Quebec",10.122.6,v62022752
2015,0.00,"Saguenay, Quebec",10.122.6,v62022752
2006,..,"Sherbrooke, Quebec",12.122.6,v62029052
2007,0.00,"Sherbrooke, Quebec",12.122.6,v62029052
2008,0.00,"Sherbrooke, Quebec",12.122.6,v62029052
2009,0.00,"Sherbrooke, Quebec",12.122.6,v62029052
2010,0.00,"Sherbrooke, Quebec",12.122.6,v62029052
2011,0.00,"Sherbrooke, Quebec",12.122.6,v62029052
2012,0.00,"Sherbrooke, Quebec",12.122.6,v62029052
2013,0.00,"Sherbrooke, Quebec",12.122.6,v62029052
2014,0.00,"Sherbrooke, Quebec",12.122.6,v62029052
2015,0.00,"Sherbrooke, Quebec",12.122.6,v62029052
2006,..,"Ottawa-Gatineau, Quebec part",15.122.6,v62038502
2007,0.00,"Ottawa-Gatineau, Quebec part",15.122.6,v62038502
2008,0.00,"Ottawa-Gatineau, Quebec part",15.122.6,v62038502
2009,0.00,"Ottawa-Gatineau, Quebec part",15.122.6,v62038502
2010,0.00,"Ottawa-Gatineau, Quebec part",15.122.6,v62038502
2011,0.00,"Ottawa-Gatineau, Quebec part",15.122.6,v62038502
2012,0.00,"Ottawa-Gatineau, Quebec part",15.122.6,v62038502
2013,0.00,"Ottawa-Gatineau, Quebec part",15.122.6,v62038502
2014,0.00,"Ottawa-Gatineau, Quebec part",15.122.6,v62038502
2015,0.00,"Ottawa-Gatineau, Quebec part",15.122.6,v62038502
2006,..,"Ontario",16.122.6,v52136311
2007,0.00,"Ontario",16.122.6,v52136311
2008,0.00,"Ontario",16.122.6,v52136311
2009,0.00,"Ontario",16.122.6,v52136311
2010,0.00,"Ontario",16.122.6,v52136311
2011,0.00,"Ontario",16.122.6,v52136311
2012,0.00,"Ontario",16.122.6,v52136311
2013,0.00,"Ontario",16.122.6,v52136311
2014,0.00,"Ontario",16.122.6,v52136311
2015,1.00,"Ontario",16.122.6,v52136311
2006,..,"Ottawa-Gatineau, Ontario/Quebec",17.122.6,v52147264
2007,0.00,"Ottawa-Gatineau, Ontario/Quebec",17.122.6,v52147264
2008,0.00,"Ottawa-Gatineau, Ontario/Quebec",17.122.6,v52147264
2009,0.00,"Ottawa-Gatineau, Ontario/Quebec",17.122.6,v52147264
2010,0.00,"Ottawa-Gatineau, Ontario/Quebec",17.122.6,v52147264
2011,0.00,"Ottawa-Gatineau, Ontario/Quebec",17.122.6,v52147264
2012,0.00,"Ottawa-Gatineau, Ontario/Quebec",17.122.6,v52147264
2013,0.00,"Ottawa-Gatineau, Ontario/Quebec",17.122.6,v52147264
2014,0.00,"Ottawa-Gatineau, Ontario/Quebec",17.122.6,v52147264
2015,0.00,"Ottawa-Gatineau, Ontario/Quebec",17.122.6,v52147264
2006,..,"Ottawa-Gatineau, Ontario part",18.122.6,v52136446
2007,0.00,"Ottawa-Gatineau, Ontario part",18.122.6,v52136446
2008,0.00,"Ottawa-Gatineau, Ontario part",18.122.6,v52136446
2009,0.00,"Ottawa-Gatineau, Ontario part",18.122.6,v52136446
2010,0.00,"Ottawa-Gatineau, Ontario part",18.122.6,v52136446
2011,0.00,"Ottawa-Gatineau, Ontario part",18.122.6,v52136446
2012,0.00,"Ottawa-Gatineau, Ontario part",18.122.6,v52136446
2013,0.00,"Ottawa-Gatineau, Ontario part",18.122.6,v52136446
2014,0.00,"Ottawa-Gatineau, Ontario part",18.122.6,v52136446
2015,0.00,"Ottawa-Gatineau, Ontario part",18.122.6,v52136446
2006,..,"Kingston, Ontario",27.122.6,v62076302
2007,0.00,"Kingston, Ontario",27.122.6,v62076302
2008,0.00,"Kingston, Ontario",27.122.6,v62076302
2009,0.00,"Kingston, Ontario",27.122.6,v62076302
2010,0.00,"Kingston, Ontario",27.122.6,v62076302
2011,0.00,"Kingston, Ontario",27.122.6,v62076302
2012,0.00,"Kingston, Ontario",27.122.6,v62076302
2013,0.00,"Kingston, Ontario",27.122.6,v62076302
2014,0.00,"Kingston, Ontario",27.122.6,v62076302
2015,0.00,"Kingston, Ontario",27.122.6,v62076302
2006,..,"Peterborough, Ontario",44.122.6,v62129852
2007,0.00,"Peterborough, Ontario",44.122.6,v62129852
2008,0.00,"Peterborough, Ontario",44.122.6,v62129852
2009,0.00,"Peterborough, Ontario",44.122.6,v62129852
2010,0.00,"Peterborough, Ontario",44.122.6,v62129852
2011,0.00,"Peterborough, Ontario",44.122.6,v62129852
2012,0.00,"Peterborough, Ontario",44.122.6,v62129852
2013,0.00,"Peterborough, Ontario",44.122.6,v62129852
2014,0.00,"Peterborough, Ontario",44.122.6,v62129852
2015,0.00,"Peterborough, Ontario",44.122.6,v62129852
2006,..,"Toronto, Ontario",19.122.6,v62051102
2007,0.00,"Toronto, Ontario",19.122.6,v62051102
2008,0.00,"Toronto, Ontario",19.122.6,v62051102
2009,0.00,"Toronto, Ontario",19.122.6,v62051102
2010,0.00,"Toronto, Ontario",19.122.6,v62051102
2011,0.00,"Toronto, Ontario",19.122.6,v62051102
2012,0.00,"Toronto, Ontario",19.122.6,v62051102
2013,0.00,"Toronto, Ontario",19.122.6,v62051102
2014,0.00,"Toronto, Ontario",19.122.6,v62051102
2015,1.00,"Toronto, Ontario",19.122.6,v62051102
2006,..,"Hamilton, Ontario",20.122.6,v62054252
2007,0.00,"Hamilton, Ontario",20.122.6,v62054252
2008,0.00,"Hamilton, Ontario",20.122.6,v62054252
2009,0.00,"Hamilton, Ontario",20.122.6,v62054252
2010,0.00,"Hamilton, Ontario",20.122.6,v62054252
2011,0.00,"Hamilton, Ontario",20.122.6,v62054252
2012,0.00,"Hamilton, Ontario",20.122.6,v62054252
2013,0.00,"Hamilton, Ontario",20.122.6,v62054252
2014,0.00,"Hamilton, Ontario",20.122.6,v62054252
2015,0.00,"Hamilton, Ontario",20.122.6,v62054252
2006,..,"St.Catharines-Niagara, Ontario",21.122.6,v62057402
2007,0.00,"St.Catharines-Niagara, Ontario",21.122.6,v62057402
2008,0.00,"St.Catharines-Niagara, Ontario",21.122.6,v62057402
2009,0.00,"St.Catharines-Niagara, Ontario",21.122.6,v62057402
2010,0.00,"St.Catharines-Niagara, Ontario",21.122.6,v62057402
2011,0.00,"St.Catharines-Niagara, Ontario",21.122.6,v62057402
2012,0.00,"St.Catharines-Niagara, Ontario",21.122.6,v62057402
2013,0.00,"St.Catharines-Niagara, Ontario",21.122.6,v62057402
2014,0.00,"St.Catharines-Niagara, Ontario",21.122.6,v62057402
2015,0.00,"St.Catharines-Niagara, Ontario",21.122.6,v62057402
2006,..,"Kitchener-Cambridge-Waterloo, Ontario",22.122.6,v62060552
2007,0.00,"Kitchener-Cambridge-Waterloo, Ontario",22.122.6,v62060552
2008,0.00,"Kitchener-Cambridge-Waterloo, Ontario",22.122.6,v62060552
2009,0.00,"Kitchener-Cambridge-Waterloo, Ontario",22.122.6,v62060552
2010,0.00,"Kitchener-Cambridge-Waterloo, Ontario",22.122.6,v62060552
2011,0.00,"Kitchener-Cambridge-Waterloo, Ontario",22.122.6,v62060552
2012,0.00,"Kitchener-Cambridge-Waterloo, Ontario",22.122.6,v62060552
2013,0.00,"Kitchener-Cambridge-Waterloo, Ontario",22.122.6,v62060552
2014,0.00,"Kitchener-Cambridge-Waterloo, Ontario",22.122.6,v62060552
2015,0.00,"Kitchener-Cambridge-Waterloo, Ontario",22.122.6,v62060552
2006,..,"Brantford, Ontario",45.122.6,v62133002
2007,0.00,"Brantford, Ontario",45.122.6,v62133002
2008,0.00,"Brantford, Ontario",45.122.6,v62133002
2009,0.00,"Brantford, Ontario",45.122.6,v62133002
2010,0.00,"Brantford, Ontario",45.122.6,v62133002
2011,0.00,"Brantford, Ontario",45.122.6,v62133002
2012,0.00,"Brantford, Ontario",45.122.6,v62133002
2013,0.00,"Brantford, Ontario",45.122.6,v62133002
2014,0.00,"Brantford, Ontario",45.122.6,v62133002
2015,0.00,"Brantford, Ontario",45.122.6,v62133002
2006,..,"Guelph, Ontario",46.122.6,v62136152
2007,0.00,"Guelph, Ontario",46.122.6,v62136152
2008,0.00,"Guelph, Ontario",46.122.6,v62136152
2009,0.00,"Guelph, Ontario",46.122.6,v62136152
2010,0.00,"Guelph, Ontario",46.122.6,v62136152
2011,0.00,"Guelph, Ontario",46.122.6,v62136152
2012,0.00,"Guelph, Ontario",46.122.6,v62136152
2013,0.00,"Guelph, Ontario",46.122.6,v62136152
2014,0.00,"Guelph, Ontario",46.122.6,v62136152
2015,0.00,"Guelph, Ontario",46.122.6,v62136152
2006,..,"London, Ontario",23.122.6,v62063702
2007,0.00,"London, Ontario",23.122.6,v62063702
2008,0.00,"London, Ontario",23.122.6,v62063702
2009,0.00,"London, Ontario",23.122.6,v62063702
2010,0.00,"London, Ontario",23.122.6,v62063702
2011,0.00,"London, Ontario",23.122.6,v62063702
2012,0.00,"London, Ontario",23.122.6,v62063702
2013,0.00,"London, Ontario",23.122.6,v62063702
2014,0.00,"London, Ontario",23.122.6,v62063702
2015,0.00,"London, Ontario",23.122.6,v62063702
2006,..,"Windsor, Ontario",24.122.6,v62066852
2007,0.00,"Windsor, Ontario",24.122.6,v62066852
2008,0.00,"Windsor, Ontario",24.122.6,v62066852
2009,0.00,"Windsor, Ontario",24.122.6,v62066852
2010,0.00,"Windsor, Ontario",24.122.6,v62066852
2011,0.00,"Windsor, Ontario",24.122.6,v62066852
2012,0.00,"Windsor, Ontario",24.122.6,v62066852
2013,0.00,"Windsor, Ontario",24.122.6,v62066852
2014,0.00,"Windsor, Ontario",24.122.6,v62066852
2015,0.00,"Windsor, Ontario",24.122.6,v62066852
2006,..,"Barrie, Ontario",47.122.6,v62139302
2007,0.00,"Barrie, Ontario",47.122.6,v62139302
2008,0.00,"Barrie, Ontario",47.122.6,v62139302
2009,0.00,"Barrie, Ontario",47.122.6,v62139302
2010,0.00,"Barrie, Ontario",47.122.6,v62139302
2011,0.00,"Barrie, Ontario",47.122.6,v62139302
2012,0.00,"Barrie, Ontario",47.122.6,v62139302
2013,0.00,"Barrie, Ontario",47.122.6,v62139302
2014,0.00,"Barrie, Ontario",47.122.6,v62139302
2015,0.00,"Barrie, Ontario",47.122.6,v62139302
2006,..,"Sudbury, Ontario",25.122.6,v62070002
2007,0.00,"Sudbury, Ontario",25.122.6,v62070002
2008,0.00,"Sudbury, Ontario",25.122.6,v62070002
2009,0.00,"Sudbury, Ontario",25.122.6,v62070002
2010,0.00,"Sudbury, Ontario",25.122.6,v62070002
2011,0.00,"Sudbury, Ontario",25.122.6,v62070002
2012,0.00,"Sudbury, Ontario",25.122.6,v62070002
2013,0.00,"Sudbury, Ontario",25.122.6,v62070002
2014,0.00,"Sudbury, Ontario",25.122.6,v62070002
2015,0.00,"Sudbury, Ontario",25.122.6,v62070002
2006,..,"Thunder Bay, Ontario",26.122.6,v62073152
2007,0.00,"Thunder Bay, Ontario",26.122.6,v62073152
2008,0.00,"Thunder Bay, Ontario",26.122.6,v62073152
2009,0.00,"Thunder Bay, Ontario",26.122.6,v62073152
2010,0.00,"Thunder Bay, Ontario",26.122.6,v62073152
2011,0.00,"Thunder Bay, Ontario",26.122.6,v62073152
2012,0.00,"Thunder Bay, Ontario",26.122.6,v62073152
2013,0.00,"Thunder Bay, Ontario",26.122.6,v62073152
2014,0.00,"Thunder Bay, Ontario",26.122.6,v62073152
2015,0.00,"Thunder Bay, Ontario",26.122.6,v62073152
2006,..,"Manitoba",28.122.6,v52136962
2007,0.00,"Manitoba",28.122.6,v52136962
2008,0.00,"Manitoba",28.122.6,v52136962
2009,0.00,"Manitoba",28.122.6,v52136962
2010,0.00,"Manitoba",28.122.6,v52136962
2011,0.00,"Manitoba",28.122.6,v52136962
2012,0.00,"Manitoba",28.122.6,v52136962
2013,0.00,"Manitoba",28.122.6,v52136962
2014,0.00,"Manitoba",28.122.6,v52136962
2015,0.00,"Manitoba",28.122.6,v52136962
2006,..,"Winnipeg, Manitoba",29.122.6,v62082602
2007,0.00,"Winnipeg, Manitoba",29.122.6,v62082602
2008,0.00,"Winnipeg, Manitoba",29.122.6,v62082602
2009,0.00,"Winnipeg, Manitoba",29.122.6,v62082602
2010,0.00,"Winnipeg, Manitoba",29.122.6,v62082602
2011,0.00,"Winnipeg, Manitoba",29.122.6,v62082602
2012,0.00,"Winnipeg, Manitoba",29.122.6,v62082602
2013,0.00,"Winnipeg, Manitoba",29.122.6,v62082602
2014,0.00,"Winnipeg, Manitoba",29.122.6,v62082602
2015,0.00,"Winnipeg, Manitoba",29.122.6,v62082602
2006,..,"Saskatchewan",30.122.6,v52137129
2007,0.00,"Saskatchewan",30.122.6,v52137129
2008,0.00,"Saskatchewan",30.122.6,v52137129
2009,0.00,"Saskatchewan",30.122.6,v52137129
2010,0.00,"Saskatchewan",30.122.6,v52137129
2011,0.00,"Saskatchewan",30.122.6,v52137129
2012,0.00,"Saskatchewan",30.122.6,v52137129
2013,0.00,"Saskatchewan",30.122.6,v52137129
2014,0.00,"Saskatchewan",30.122.6,v52137129
2015,0.00,"Saskatchewan",30.122.6,v52137129
2006,..,"Regina, Saskatchewan",31.122.6,v62088902
2007,0.00,"Regina, Saskatchewan",31.122.6,v62088902
2008,0.00,"Regina, Saskatchewan",31.122.6,v62088902
2009,0.00,"Regina, Saskatchewan",31.122.6,v62088902
2010,0.00,"Regina, Saskatchewan",31.122.6,v62088902
2011,0.00,"Regina, Saskatchewan",31.122.6,v62088902
2012,0.00,"Regina, Saskatchewan",31.122.6,v62088902
2013,0.00,"Regina, Saskatchewan",31.122.6,v62088902
2014,0.00,"Regina, Saskatchewan",31.122.6,v62088902
2015,0.00,"Regina, Saskatchewan",31.122.6,v62088902
2006,..,"Saskatoon, Saskatchewan",32.122.6,v52137229
2007,0.00,"Saskatoon, Saskatchewan",32.122.6,v52137229
2008,0.00,"Saskatoon, Saskatchewan",32.122.6,v52137229
2009,0.00,"Saskatoon, Saskatchewan",32.122.6,v52137229
2010,0.00,"Saskatoon, Saskatchewan",32.122.6,v52137229
2011,0.00,"Saskatoon, Saskatchewan",32.122.6,v52137229
2012,0.00,"Saskatoon, Saskatchewan",32.122.6,v52137229
2013,0.00,"Saskatoon, Saskatchewan",32.122.6,v52137229
2014,0.00,"Saskatoon, Saskatchewan",32.122.6,v52137229
2015,0.00,"Saskatoon, Saskatchewan",32.122.6,v52137229
2006,..,"Alberta",33.122.6,v62095202
2007,0.00,"Alberta",33.122.6,v62095202
2008,0.00,"Alberta",33.122.6,v62095202
2009,0.00,"Alberta",33.122.6,v62095202
2010,0.00,"Alberta",33.122.6,v62095202
2011,0.00,"Alberta",33.122.6,v62095202
2012,0.00,"Alberta",33.122.6,v62095202
2013,0.00,"Alberta",33.122.6,v62095202
2014,0.00,"Alberta",33.122.6,v62095202
2015,0.00,"Alberta",33.122.6,v62095202
2006,..,"Calgary, Alberta",34.122.6,v62098352
2007,0.00,"Calgary, Alberta",34.122.6,v62098352
2008,0.00,"Calgary, Alberta",34.122.6,v62098352
2009,0.00,"Calgary, Alberta",34.122.6,v62098352
2010,0.00,"Calgary, Alberta",34.122.6,v62098352
2011,0.00,"Calgary, Alberta",34.122.6,v62098352
2012,0.00,"Calgary, Alberta",34.122.6,v62098352
2013,0.00,"Calgary, Alberta",34.122.6,v62098352
2014,0.00,"Calgary, Alberta",34.122.6,v62098352
2015,0.00,"Calgary, Alberta",34.122.6,v62098352
2006,..,"Edmonton, Alberta",35.122.6,v62101502
2007,0.00,"Edmonton, Alberta",35.122.6,v62101502
2008,0.00,"Edmonton, Alberta",35.122.6,v62101502
2009,0.00,"Edmonton, Alberta",35.122.6,v62101502
2010,0.00,"Edmonton, Alberta",35.122.6,v62101502
2011,0.00,"Edmonton, Alberta",35.122.6,v62101502
2012,0.00,"Edmonton, Alberta",35.122.6,v62101502
2013,0.00,"Edmonton, Alberta",35.122.6,v62101502
2014,0.00,"Edmonton, Alberta",35.122.6,v62101502
2015,0.00,"Edmonton, Alberta",35.122.6,v62101502
2006,..,"British Columbia",36.122.6,v52137408
2007,0.00,"British Columbia",36.122.6,v52137408
2008,0.00,"British Columbia",36.122.6,v52137408
2009,0.00,"British Columbia",36.122.6,v52137408
2010,0.00,"British Columbia",36.122.6,v52137408
2011,0.00,"British Columbia",36.122.6,v52137408
2012,0.00,"British Columbia",36.122.6,v52137408
2013,0.00,"British Columbia",36.122.6,v52137408
2014,0.00,"British Columbia",36.122.6,v52137408
2015,0.00,"British Columbia",36.122.6,v52137408
2006,..,"Kelowna, British Columbia",48.122.6,v62142452
2007,0.00,"Kelowna, British Columbia",48.122.6,v62142452
2008,0.00,"Kelowna, British Columbia",48.122.6,v62142452
2009,0.00,"Kelowna, British Columbia",48.122.6,v62142452
2010,0.00,"Kelowna, British Columbia",48.122.6,v62142452
2011,0.00,"Kelowna, British Columbia",48.122.6,v62142452
2012,0.00,"Kelowna, British Columbia",48.122.6,v62142452
2013,0.00,"Kelowna, British Columbia",48.122.6,v62142452
2014,0.00,"Kelowna, British Columbia",48.122.6,v62142452
2015,0.00,"Kelowna, British Columbia",48.122.6,v62142452
2006,..,"Abbotsford-Mission, British Columbia",39.122.6,v62114102
2007,0.00,"Abbotsford-Mission, British Columbia",39.122.6,v62114102
2008,0.00,"Abbotsford-Mission, British Columbia",39.122.6,v62114102
2009,0.00,"Abbotsford-Mission, British Columbia",39.122.6,v62114102
2010,0.00,"Abbotsford-Mission, British Columbia",39.122.6,v62114102
2011,0.00,"Abbotsford-Mission, British Columbia",39.122.6,v62114102
2012,0.00,"Abbotsford-Mission, British Columbia",39.122.6,v62114102
2013,0.00,"Abbotsford-Mission, British Columbia",39.122.6,v62114102
2014,0.00,"Abbotsford-Mission, British Columbia",39.122.6,v62114102
2015,0.00,"Abbotsford-Mission, British Columbia",39.122.6,v62114102
2006,..,"Vancouver, British Columbia",37.122.6,v52137571
2007,0.00,"Vancouver, British Columbia",37.122.6,v52137571
2008,0.00,"Vancouver, British Columbia",37.122.6,v52137571
2009,0.00,"Vancouver, British Columbia",37.122.6,v52137571
2010,0.00,"Vancouver, British Columbia",37.122.6,v52137571
2011,0.00,"Vancouver, British Columbia",37.122.6,v52137571
2012,0.00,"Vancouver, British Columbia",37.122.6,v52137571
2013,0.00,"Vancouver, British Columbia",37.122.6,v52137571
2014,0.00,"Vancouver, British Columbia",37.122.6,v52137571
2015,0.00,"Vancouver, British Columbia",37.122.6,v52137571
2006,..,"Victoria, British Columbia",38.122.6,v62110952
2007,0.00,"Victoria, British Columbia",38.122.6,v62110952
2008,0.00,"Victoria, British Columbia",38.122.6,v62110952
2009,0.00,"Victoria, British Columbia",38.122.6,v62110952
2010,0.00,"Victoria, British Columbia",38.122.6,v62110952
2011,0.00,"Victoria, British Columbia",38.122.6,v62110952
2012,0.00,"Victoria, British Columbia",38.122.6,v62110952
2013,0.00,"Victoria, British Columbia",38.122.6,v62110952
2014,0.00,"Victoria, British Columbia",38.122.6,v62110952
2015,0.00,"Victoria, British Columbia",38.122.6,v62110952
2006,..,"Yukon",40.122.6,v62117252
2007,0.00,"Yukon",40.122.6,v62117252
2008,0.00,"Yukon",40.122.6,v62117252
2009,0.00,"Yukon",40.122.6,v62117252
2010,0.00,"Yukon",40.122.6,v62117252
2011,0.00,"Yukon",40.122.6,v62117252
2012,0.00,"Yukon",40.122.6,v62117252
2013,0.00,"Yukon",40.122.6,v62117252
2014,0.00,"Yukon",40.122.6,v62117252
2015,0.00,"Yukon",40.122.6,v62117252
2006,..,"Northwest Territories",41.122.6,v62120402
2007,0.00,"Northwest Territories",41.122.6,v62120402
2008,0.00,"Northwest Territories",41.122.6,v62120402
2009,0.00,"Northwest Territories",41.122.6,v62120402
2010,0.00,"Northwest Territories",41.122.6,v62120402
2011,0.00,"Northwest Territories",41.122.6,v62120402
2012,0.00,"Northwest Territories",41.122.6,v62120402
2013,0.00,"Northwest Territories",41.122.6,v62120402
2014,0.00,"Northwest Territories",41.122.6,v62120402
2015,0.00,"Northwest Territories",41.122.6,v62120402
2006,..,"Nunavut",42.122.6,v62123552
2007,0.00,"Nunavut",42.122.6,v62123552
2008,0.00,"Nunavut",42.122.6,v62123552
2009,0.00,"Nunavut",42.122.6,v62123552
2010,0.00,"Nunavut",42.122.6,v62123552
2011,0.00,"Nunavut",42.122.6,v62123552
2012,0.00,"Nunavut",42.122.6,v62123552
2013,0.00,"Nunavut",42.122.6,v62123552
2014,0.00,"Nunavut",42.122.6,v62123552
2015,0.00,"Nunavut",42.122.6,v62123552
2006,..,"Canada",1.122.6,v52135804
2007,0.00,"Canada",1.122.6,v52135804
2008,0.00,"Canada",1.122.6,v52135804
2009,1.00,"Canada",1.122.6,v52135804
2010,0.00,"Canada",1.122.6,v52135804
2011,0.00,"Canada",1.122.6,v52135804
2012,0.00,"Canada",1.122.6,v52135804
2013,0.00,"Canada",1.122.6,v52135804
2014,0.00,"Canada",1.122.6,v52135804
2015,1.00,"Canada",1.122.6,v52135804
2006,..,"Newfoundland and Labrador",2.122.6,v61997552
2007,0.00,"Newfoundland and Labrador",2.122.6,v61997552
2008,0.00,"Newfoundland and Labrador",2.122.6,v61997552
2009,0.00,"Newfoundland and Labrador",2.122.6,v61997552
2010,0.00,"Newfoundland and Labrador",2.122.6,v61997552
2011,0.00,"Newfoundland and Labrador",2.122.6,v61997552
2012,0.00,"Newfoundland and Labrador",2.122.6,v61997552
2013,0.00,"Newfoundland and Labrador",2.122.6,v61997552
2014,0.00,"Newfoundland and Labrador",2.122.6,v61997552
2015,0.00,"Newfoundland and Labrador",2.122.6,v61997552
2006,..,"St. John's, Newfoundland and Labrador",3.122.6,v62000702
2007,0.00,"St. John's, Newfoundland and Labrador",3.122.6,v62000702
2008,0.00,"St. John's, Newfoundland and Labrador",3.122.6,v62000702
2009,0.00,"St. John's, Newfoundland and Labrador",3.122.6,v62000702
2010,0.00,"St. John's, Newfoundland and Labrador",3.122.6,v62000702
2011,0.00,"St. John's, Newfoundland and Labrador",3.122.6,v62000702
2012,0.00,"St. John's, Newfoundland and Labrador",3.122.6,v62000702
2013,0.00,"St. John's, Newfoundland and Labrador",3.122.6,v62000702
2014,0.00,"St. John's, Newfoundland and Labrador",3.122.6,v62000702
2015,0.00,"St. John's, Newfoundland and Labrador",3.122.6,v62000702
2006,..,"Prince Edward Island",4.122.6,v62003852
2007,0.00,"Prince Edward Island",4.122.6,v62003852
2008,0.00,"Prince Edward Island",4.122.6,v62003852
2009,0.00,"Prince Edward Island",4.122.6,v62003852
2010,0.00,"Prince Edward Island",4.122.6,v62003852
2011,0.00,"Prince Edward Island",4.122.6,v62003852
2012,0.00,"Prince Edward Island",4.122.6,v62003852
2013,0.00,"Prince Edward Island",4.122.6,v62003852
2014,0.00,"Prince Edward Island",4.122.6,v62003852
2015,0.00,"Prince Edward Island",4.122.6,v62003852
2006,..,"Nova Scotia",5.122.6,v62007002
2007,0.00,"Nova Scotia",5.122.6,v62007002
2008,0.00,"Nova Scotia",5.122.6,v62007002
2009,0.00,"Nova Scotia",5.122.6,v62007002
2010,0.00,"Nova Scotia",5.122.6,v62007002
2011,0.00,"Nova Scotia",5.122.6,v62007002
2012,0.00,"Nova Scotia",5.122.6,v62007002
2013,0.00,"Nova Scotia",5.122.6,v62007002
2014,0.00,"Nova Scotia",5.122.6,v62007002
2015,0.00,"Nova Scotia",5.122.6,v62007002
2006,..,"Halifax, Nova Scotia",6.122.6,v62010152
2007,0.00,"Halifax, Nova Scotia",6.122.6,v62010152
2008,0.00,"Halifax, Nova Scotia",6.122.6,v62010152
2009,0.00,"Halifax, Nova Scotia",6.122.6,v62010152
2010,0.00,"Halifax, Nova Scotia",6.122.6,v62010152
2011,0.00,"Halifax, Nova Scotia",6.122.6,v62010152
2012,0.00,"Halifax, Nova Scotia",6.122.6,v62010152
2013,0.00,"Halifax, Nova Scotia",6.122.6,v62010152
2014,0.00,"Halifax, Nova Scotia",6.122.6,v62010152
2015,0.00,"Halifax, Nova Scotia",6.122.6,v62010152
2006,..,"New Brunswick",7.122.6,v62013302
2007,0.00,"New Brunswick",7.122.6,v62013302
2008,0.00,"New Brunswick",7.122.6,v62013302
2009,0.00,"New Brunswick",7.122.6,v62013302
2010,0.00,"New Brunswick",7.122.6,v62013302
2011,0.00,"New Brunswick",7.122.6,v62013302
2012,0.00,"New Brunswick",7.122.6,v62013302
2013,0.00,"New Brunswick",7.122.6,v62013302
2014,0.00,"New Brunswick",7.122.6,v62013302
2015,0.00,"New Brunswick",7.122.6,v62013302
2006,..,"Moncton, New Brunswick",43.122.6,v62126702
2007,0.00,"Moncton, New Brunswick",43.122.6,v62126702
2008,0.00,"Moncton, New Brunswick",43.122.6,v62126702
2009,0.00,"Moncton, New Brunswick",43.122.6,v62126702
2010,0.00,"Moncton, New Brunswick",43.122.6,v62126702
2011,0.00,"Moncton, New Brunswick",43.122.6,v62126702
2012,0.00,"Moncton, New Brunswick",43.122.6,v62126702
2013,0.00,"Moncton, New Brunswick",43.122.6,v62126702
2014,0.00,"Moncton, New Brunswick",43.122.6,v62126702
2015,0.00,"Moncton, New Brunswick",43.122.6,v62126702
2006,..,"Saint John, New Brunswick",8.122.6,v62016452
2007,0.00,"Saint John, New Brunswick",8.122.6,v62016452
2008,0.00,"Saint John, New Brunswick",8.122.6,v62016452
2009,0.00,"Saint John, New Brunswick",8.122.6,v62016452
2010,0.00,"Saint John, New Brunswick",8.122.6,v62016452
2011,0.00,"Saint John, New Brunswick",8.122.6,v62016452
2012,0.00,"Saint John, New Brunswick",8.122.6,v62016452
2013,0.00,"Saint John, New Brunswick",8.122.6,v62016452
2014,0.00,"Saint John, New Brunswick",8.122.6,v62016452
2015,0.00,"Saint John, New Brunswick",8.122.6,v62016452
2006,..,"Quebec",9.122.6,v52138105
2007,0.00,"Quebec",9.122.6,v52138105
2008,0.00,"Quebec",9.122.6,v52138105
2009,1.00,"Quebec",9.122.6,v52138105
2010,0.00,"Quebec",9.122.6,v52138105
2011,0.00,"Quebec",9.122.6,v52138105
2012,0.00,"Quebec",9.122.6,v52138105
2013,0.00,"Quebec",9.122.6,v52138105
2014,0.00,"Quebec",9.122.6,v52138105
2015,0.00,"Quebec",9.122.6,v52138105
2006,..,"Saguenay, Quebec",10.122.6,v62022752
2007,0.00,"Saguenay, Quebec",10.122.6,v62022752
2008,0.00,"Saguenay, Quebec",10.122.6,v62022752
2009,0.00,"Saguenay, Quebec",10.122.6,v62022752
2010,0.00,"Saguenay, Quebec",10.122.6,v62022752
2011,0.00,"Saguenay, Quebec",10.122.6,v62022752
2012,0.00,"Saguenay, Quebec",10.122.6,v62022752
2013,0.00,"Saguenay, Quebec",10.122.6,v62022752
2014,0.00,"Saguenay, Quebec",10.122.6,v62022752
2015,0.00,"Saguenay, Quebec",10.122.6,v62022752
2006,..,"Quebec, Quebec",11.122.6,v52136051
2007,0.00,"Quebec, Quebec",11.122.6,v52136051
2008,0.00,"Quebec, Quebec",11.122.6,v52136051
2009,0.00,"Quebec, Quebec",11.122.6,v52136051
2010,0.00,"Quebec, Quebec",11.122.6,v52136051
2011,0.00,"Quebec, Quebec",11.122.6,v52136051
2012,0.00,"Quebec, Quebec",11.122.6,v52136051
2013,0.00,"Quebec, Quebec",11.122.6,v52136051
2014,0.00,"Quebec, Quebec",11.122.6,v52136051
2015,0.00,"Quebec, Quebec",11.122.6,v52136051
2006,..,"Sherbrooke, Quebec",12.122.6,v62029052
2007,0.00,"Sherbrooke, Quebec",12.122.6,v62029052
2008,0.00,"Sherbrooke, Quebec",12.122.6,v62029052
2009,0.00,"Sherbrooke, Quebec",12.122.6,v62029052
2010,0.00,"Sherbrooke, Quebec",12.122.6,v62029052
2011,0.00,"Sherbrooke, Quebec",12.122.6,v62029052
2012,0.00,"Sherbrooke, Quebec",12.122.6,v62029052
2013,0.00,"Sherbrooke, Quebec",12.122.6,v62029052
2014,0.00,"Sherbrooke, Quebec",12.122.6,v62029052
2015,0.00,"Sherbrooke, Quebec",12.122.6,v62029052
2006,..,"Montreal, Quebec",14.122.6,v53084622
2007,0.00,"Montreal, Quebec",14.122.6,v53084622
2008,0.00,"Montreal, Quebec",14.122.6,v53084622
2009,1.00,"Montreal, Quebec",14.122.6,v53084622
2010,0.00,"Montreal, Quebec",14.122.6,v53084622
2011,0.00,"Montreal, Quebec",14.122.6,v53084622
2012,0.00,"Montreal, Quebec",14.122.6,v53084622
2013,0.00,"Montreal, Quebec",14.122.6,v53084622
2014,0.00,"Montreal, Quebec",14.122.6,v53084622
2015,0.00,"Montreal, Quebec",14.122.6,v53084622
2006,..,"Ottawa-Gatineau, Quebec part",15.122.6,v62038502
2007,0.00,"Ottawa-Gatineau, Quebec part",15.122.6,v62038502
2008,0.00,"Ottawa-Gatineau, Quebec part",15.122.6,v62038502
2009,0.00,"Ottawa-Gatineau, Quebec part",15.122.6,v62038502
2010,0.00,"Ottawa-Gatineau, Quebec part",15.122.6,v62038502
2011,0.00,"Ottawa-Gatineau, Quebec part",15.122.6,v62038502
2012,0.00,"Ottawa-Gatineau, Quebec part",15.122.6,v62038502
2013,0.00,"Ottawa-Gatineau, Quebec part",15.122.6,v62038502
2014,0.00,"Ottawa-Gatineau, Quebec part",15.122.6,v62038502
2015,0.00,"Ottawa-Gatineau, Quebec part",15.122.6,v62038502
2006,..,"Ontario",16.122.6,v52136311
2007,0.00,"Ontario",16.122.6,v52136311
2008,0.00,"Ontario",16.122.6,v52136311
2009,0.00,"Ontario",16.122.6,v52136311
2010,0.00,"Ontario",16.122.6,v52136311
2011,0.00,"Ontario",16.122.6,v52136311
2012,0.00,"Ontario",16.122.6,v52136311
2013,0.00,"Ontario",16.122.6,v52136311
2014,0.00,"Ontario",16.122.6,v52136311
2015,1.00,"Ontario",16.122.6,v52136311
2006,..,"Ottawa-Gatineau, Ontario/Quebec",17.122.6,v52147264
2007,0.00,"Ottawa-Gatineau, Ontario/Quebec",17.122.6,v52147264
2008,0.00,"Ottawa-Gatineau, Ontario/Quebec",17.122.6,v52147264
2009,0.00,"Ottawa-Gatineau, Ontario/Quebec",17.122.6,v52147264
2010,0.00,"Ottawa-Gatineau, Ontario/Quebec",17.122.6,v52147264
2011,0.00,"Ottawa-Gatineau, Ontario/Quebec",17.122.6,v52147264
2012,0.00,"Ottawa-Gatineau, Ontario/Quebec",17.122.6,v52147264
2013,0.00,"Ottawa-Gatineau, Ontario/Quebec",17.122.6,v52147264
2014,0.00,"Ottawa-Gatineau, Ontario/Quebec",17.122.6,v52147264
2015,0.00,"Ottawa-Gatineau, Ontario/Quebec",17.122.6,v52147264
2006,..,"Ottawa-Gatineau, Ontario part",18.122.6,v52136446
2007,0.00,"Ottawa-Gatineau, Ontario part",18.122.6,v52136446
2008,0.00,"Ottawa-Gatineau, Ontario part",18.122.6,v52136446
2009,0.00,"Ottawa-Gatineau, Ontario part",18.122.6,v52136446
2010,0.00,"Ottawa-Gatineau, Ontario part",18.122.6,v52136446
2011,0.00,"Ottawa-Gatineau, Ontario part",18.122.6,v52136446
2012,0.00,"Ottawa-Gatineau, Ontario part",18.122.6,v52136446
2013,0.00,"Ottawa-Gatineau, Ontario part",18.122.6,v52136446
2014,0.00,"Ottawa-Gatineau, Ontario part",18.122.6,v52136446
2015,0.00,"Ottawa-Gatineau, Ontario part",18.122.6,v52136446
2006,..,"Kingston, Ontario",27.122.6,v62076302
2007,0.00,"Kingston, Ontario",27.122.6,v62076302
2008,0.00,"Kingston, Ontario",27.122.6,v62076302
2009,0.00,"Kingston, Ontario",27.122.6,v62076302
2010,0.00,"Kingston, Ontario",27.122.6,v62076302
2011,0.00,"Kingston, Ontario",27.122.6,v62076302
2012,0.00,"Kingston, Ontario",27.122.6,v62076302
2013,0.00,"Kingston, Ontario",27.122.6,v62076302
2014,0.00,"Kingston, Ontario",27.122.6,v62076302
2015,0.00,"Kingston, Ontario",27.122.6,v62076302
2006,..,"Peterborough, Ontario",44.122.6,v62129852
2007,0.00,"Peterborough, Ontario",44.122.6,v62129852
2008,0.00,"Peterborough, Ontario",44.122.6,v62129852
2009,0.00,"Peterborough, Ontario",44.122.6,v62129852
2010,0.00,"Peterborough, Ontario",44.122.6,v62129852
2011,0.00,"Peterborough, Ontario",44.122.6,v62129852
2012,0.00,"Peterborough, Ontario",44.122.6,v62129852
2013,0.00,"Peterborough, Ontario",44.122.6,v62129852
2014,0.00,"Peterborough, Ontario",44.122.6,v62129852
2015,0.00,"Peterborough, Ontario",44.122.6,v62129852
2006,..,"Toronto, Ontario",19.122.6,v62051102
2007,0.00,"Toronto, Ontario",19.122.6,v62051102
2008,0.00,"Toronto, Ontario",19.122.6,v62051102
2009,0.00,"Toronto, Ontario",19.122.6,v62051102
2010,0.00,"Toronto, Ontario",19.122.6,v62051102
2011,0.00,"Toronto, Ontario",19.122.6,v62051102
2012,0.00,"Toronto, Ontario",19.122.6,v62051102
2013,0.00,"Toronto, Ontario",19.122.6,v62051102
2014,0.00,"Toronto, Ontario",19.122.6,v62051102
2015,1.00,"Toronto, Ontario",19.122.6,v62051102
2006,..,"Hamilton, Ontario",20.122.6,v62054252
2007,0.00,"Hamilton, Ontario",20.122.6,v62054252
2008,0.00,"Hamilton, Ontario",20.122.6,v62054252
2009,0.00,"Hamilton, Ontario",20.122.6,v62054252
2010,0.00,"Hamilton, Ontario",20.122.6,v62054252
2011,0.00,"Hamilton, Ontario",20.122.6,v62054252
2012,0.00,"Hamilton, Ontario",20.122.6,v62054252
2013,0.00,"Hamilton, Ontario",20.122.6,v62054252
2014,0.00,"Hamilton, Ontario",20.122.6,v62054252
2015,0.00,"Hamilton, Ontario",20.122.6,v62054252
2006,..,"St.Catharines-Niagara, Ontario",21.122.6,v62057402
2007,0.00,"St.Catharines-Niagara, Ontario",21.122.6,v62057402
2008,0.00,"St.Catharines-Niagara, Ontario",21.122.6,v62057402
2009,0.00,"St.Catharines-Niagara, Ontario",21.122.6,v62057402
2010,0.00,"St.Catharines-Niagara, Ontario",21.122.6,v62057402
2011,0.00,"St.Catharines-Niagara, Ontario",21.122.6,v62057402
2012,0.00,"St.Catharines-Niagara, Ontario",21.122.6,v62057402
2013,0.00,"St.Catharines-Niagara, Ontario",21.122.6,v62057402
2014,0.00,"St.Catharines-Niagara, Ontario",21.122.6,v62057402
2015,0.00,"St.Catharines-Niagara, Ontario",21.122.6,v62057402
2006,..,"Kitchener-Cambridge-Waterloo, Ontario",22.122.6,v62060552
2007,0.00,"Kitchener-Cambridge-Waterloo, Ontario",22.122.6,v62060552
2008,0.00,"Kitchener-Cambridge-Waterloo, Ontario",22.122.6,v62060552
2009,0.00,"Kitchener-Cambridge-Waterloo, Ontario",22.122.6,v62060552
2010,0.00,"Kitchener-Cambridge-Waterloo, Ontario",22.122.6,v62060552
2011,0.00,"Kitchener-Cambridge-Waterloo, Ontario",22.122.6,v62060552
2012,0.00,"Kitchener-Cambridge-Waterloo, Ontario",22.122.6,v62060552
2013,0.00,"Kitchener-Cambridge-Waterloo, Ontario",22.122.6,v62060552
2014,0.00,"Kitchener-Cambridge-Waterloo, Ontario",22.122.6,v62060552
2015,0.00,"Kitchener-Cambridge-Waterloo, Ontario",22.122.6,v62060552
2006,..,"Brantford, Ontario",45.122.6,v62133002
2007,0.00,"Brantford, Ontario",45.122.6,v62133002
2008,0.00,"Brantford, Ontario",45.122.6,v62133002
2009,0.00,"Brantford, Ontario",45.122.6,v62133002
2010,0.00,"Brantford, Ontario",45.122.6,v62133002
2011,0.00,"Brantford, Ontario",45.122.6,v62133002
2012,0.00,"Brantford, Ontario",45.122.6,v62133002
2013,0.00,"Brantford, Ontario",45.122.6,v62133002
2014,0.00,"Brantford, Ontario",45.122.6,v62133002
2015,0.00,"Brantford, Ontario",45.122.6,v62133002
2006,..,"Guelph, Ontario",46.122.6,v62136152
2007,0.00,"Guelph, Ontario",46.122.6,v62136152
2008,0.00,"Guelph, Ontario",46.122.6,v62136152
2009,0.00,"Guelph, Ontario",46.122.6,v62136152
2010,0.00,"Guelph, Ontario",46.122.6,v62136152
2011,0.00,"Guelph, Ontario",46.122.6,v62136152
2012,0.00,"Guelph, Ontario",46.122.6,v62136152
2013,0.00,"Guelph, Ontario",46.122.6,v62136152
2014,0.00,"Guelph, Ontario",46.122.6,v62136152
2015,0.00,"Guelph, Ontario",46.122.6,v62136152
2006,..,"London, Ontario",23.122.6,v62063702
2007,0.00,"London, Ontario",23.122.6,v62063702
2008,0.00,"London, Ontario",23.122.6,v62063702
2009,0.00,"London, Ontario",23.122.6,v62063702
2010,0.00,"London, Ontario",23.122.6,v62063702
2011,0.00,"London, Ontario",23.122.6,v62063702
2012,0.00,"London, Ontario",23.122.6,v62063702
2013,0.00,"London, Ontario",23.122.6,v62063702
2014,0.00,"London, Ontario",23.122.6,v62063702
2015,0.00,"London, Ontario",23.122.6,v62063702
2006,..,"Windsor, Ontario",24.122.6,v62066852
2007,0.00,"Windsor, Ontario",24.122.6,v62066852
2008,0.00,"Windsor, Ontario",24.122.6,v62066852
2009,0.00,"Windsor, Ontario",24.122.6,v62066852
2010,0.00,"Windsor, Ontario",24.122.6,v62066852
2011,0.00,"Windsor, Ontario",24.122.6,v62066852
2012,0.00,"Windsor, Ontario",24.122.6,v62066852
2013,0.00,"Windsor, Ontario",24.122.6,v62066852
2014,0.00,"Windsor, Ontario",24.122.6,v62066852
2015,0.00,"Windsor, Ontario",24.122.6,v62066852
2006,..,"Barrie, Ontario",47.122.6,v62139302
2007,0.00,"Barrie, Ontario",47.122.6,v62139302
2008,0.00,"Barrie, Ontario",47.122.6,v62139302
2009,0.00,"Barrie, Ontario",47.122.6,v62139302
2010,0.00,"Barrie, Ontario",47.122.6,v62139302
2011,0.00,"Barrie, Ontario",47.122.6,v62139302
2012,0.00,"Barrie, Ontario",47.122.6,v62139302
2013,0.00,"Barrie, Ontario",47.122.6,v62139302
2014,0.00,"Barrie, Ontario",47.122.6,v62139302
2015,0.00,"Barrie, Ontario",47.122.6,v62139302
2006,..,"Sudbury, Ontario",25.122.6,v62070002
2007,0.00,"Sudbury, Ontario",25.122.6,v62070002
2008,0.00,"Sudbury, Ontario",25.122.6,v62070002
2009,0.00,"Sudbury, Ontario",25.122.6,v62070002
2010,0.00,"Sudbury, Ontario",25.122.6,v62070002
2011,0.00,"Sudbury, Ontario",25.122.6,v62070002
2012,0.00,"Sudbury, Ontario",25.122.6,v62070002
2013,0.00,"Sudbury, Ontario",25.122.6,v62070002
2014,0.00,"Sudbury, Ontario",25.122.6,v62070002
2015,0.00,"Sudbury, Ontario",25.122.6,v62070002
2006,..,"Thunder Bay, Ontario",26.122.6,v62073152
2007,0.00,"Thunder Bay, Ontario",26.122.6,v62073152
2008,0.00,"Thunder Bay, Ontario",26.122.6,v62073152
2009,0.00,"Thunder Bay, Ontario",26.122.6,v62073152
2010,0.00,"Thunder Bay, Ontario",26.122.6,v62073152
2011,0.00,"Thunder Bay, Ontario",26.122.6,v62073152
2012,0.00,"Thunder Bay, Ontario",26.122.6,v62073152
2013,0.00,"Thunder Bay, Ontario",26.122.6,v62073152
2014,0.00,"Thunder Bay, Ontario",26.122.6,v62073152
2015,0.00,"Thunder Bay, Ontario",26.122.6,v62073152
2006,..,"Manitoba",28.122.6,v52136962
2007,0.00,"Manitoba",28.122.6,v52136962
2008,0.00,"Manitoba",28.122.6,v52136962
2009,0.00,"Manitoba",28.122.6,v52136962
2010,0.00,"Manitoba",28.122.6,v52136962
2011,0.00,"Manitoba",28.122.6,v52136962
2012,0.00,"Manitoba",28.122.6,v52136962
2013,0.00,"Manitoba",28.122.6,v52136962
2014,0.00,"Manitoba",28.122.6,v52136962
2015,0.00,"Manitoba",28.122.6,v52136962
2006,..,"Winnipeg, Manitoba",29.122.6,v62082602
2007,0.00,"Winnipeg, Manitoba",29.122.6,v62082602
2008,0.00,"Winnipeg, Manitoba",29.122.6,v62082602
2009,0.00,"Winnipeg, Manitoba",29.122.6,v62082602
2010,0.00,"Winnipeg, Manitoba",29.122.6,v62082602
2011,0.00,"Winnipeg, Manitoba",29.122.6,v62082602
2012,0.00,"Winnipeg, Manitoba",29.122.6,v62082602
2013,0.00,"Winnipeg, Manitoba",29.122.6,v62082602
2014,0.00,"Winnipeg, Manitoba",29.122.6,v62082602
2015,0.00,"Winnipeg, Manitoba",29.122.6,v62082602
2006,..,"Saskatchewan",30.122.6,v52137129
2007,0.00,"Saskatchewan",30.122.6,v52137129
2008,0.00,"Saskatchewan",30.122.6,v52137129
2009,0.00,"Saskatchewan",30.122.6,v52137129
2010,0.00,"Saskatchewan",30.122.6,v52137129
2011,0.00,"Saskatchewan",30.122.6,v52137129
2012,0.00,"Saskatchewan",30.122.6,v52137129
2013,0.00,"Saskatchewan",30.122.6,v52137129
2014,0.00,"Saskatchewan",30.122.6,v52137129
2015,0.00,"Saskatchewan",30.122.6,v52137129
2006,..,"Regina, Saskatchewan",31.122.6,v62088902
2007,0.00,"Regina, Saskatchewan",31.122.6,v62088902
2008,0.00,"Regina, Saskatchewan",31.122.6,v62088902
2009,0.00,"Regina, Saskatchewan",31.122.6,v62088902
2010,0.00,"Regina, Saskatchewan",31.122.6,v62088902
2011,0.00,"Regina, Saskatchewan",31.122.6,v62088902
2012,0.00,"Regina, Saskatchewan",31.122.6,v62088902
2013,0.00,"Regina, Saskatchewan",31.122.6,v62088902
2014,0.00,"Regina, Saskatchewan",31.122.6,v62088902
2015,0.00,"Regina, Saskatchewan",31.122.6,v62088902
2006,..,"Saskatoon, Saskatchewan",32.122.6,v52137229
2007,0.00,"Saskatoon, Saskatchewan",32.122.6,v52137229
2008,0.00,"Saskatoon, Saskatchewan",32.122.6,v52137229
2009,0.00,"Saskatoon, Saskatchewan",32.122.6,v52137229
2010,0.00,"Saskatoon, Saskatchewan",32.122.6,v52137229
2011,0.00,"Saskatoon, Saskatchewan",32.122.6,v52137229
2012,0.00,"Saskatoon, Saskatchewan",32.122.6,v52137229
2013,0.00,"Saskatoon, Saskatchewan",32.122.6,v52137229
2014,0.00,"Saskatoon, Saskatchewan",32.122.6,v52137229
2015,0.00,"Saskatoon, Saskatchewan",32.122.6,v52137229
2006,..,"Alberta",33.122.6,v62095202
2007,0.00,"Alberta",33.122.6,v62095202
2008,0.00,"Alberta",33.122.6,v62095202
2009,0.00,"Alberta",33.122.6,v62095202
2010,0.00,"Alberta",33.122.6,v62095202
2011,0.00,"Alberta",33.122.6,v62095202
2012,0.00,"Alberta",33.122.6,v62095202
2013,0.00,"Alberta",33.122.6,v62095202
2014,0.00,"Alberta",33.122.6,v62095202
2015,0.00,"Alberta",33.122.6,v62095202
2006,..,"Calgary, Alberta",34.122.6,v62098352
2007,0.00,"Calgary, Alberta",34.122.6,v62098352
2008,0.00,"Calgary, Alberta",34.122.6,v62098352
2009,0.00,"Calgary, Alberta",34.122.6,v62098352
2010,0.00,"Calgary, Alberta",34.122.6,v62098352
2011,0.00,"Calgary, Alberta",34.122.6,v62098352
2012,0.00,"Calgary, Alberta",34.122.6,v62098352
2013,0.00,"Calgary, Alberta",34.122.6,v62098352
2014,0.00,"Calgary, Alberta",34.122.6,v62098352
2015,0.00,"Calgary, Alberta",34.122.6,v62098352
2006,..,"Edmonton, Alberta",35.122.6,v62101502
2007,0.00,"Edmonton, Alberta",35.122.6,v62101502
2008,0.00,"Edmonton, Alberta",35.122.6,v62101502
2009,0.00,"Edmonton, Alberta",35.122.6,v62101502
2010,0.00,"Edmonton, Alberta",35.122.6,v62101502
2011,0.00,"Edmonton, Alberta",35.122.6,v62101502
2012,0.00,"Edmonton, Alberta",35.122.6,v62101502
2013,0.00,"Edmonton, Alberta",35.122.6,v62101502
2014,0.00,"Edmonton, Alberta",35.122.6,v62101502
2015,0.00,"Edmonton, Alberta",35.122.6,v62101502
2006,..,"British Columbia",36.122.6,v52137408
2007,0.00,"British Columbia",36.122.6,v52137408
2008,0.00,"British Columbia",36.122.6,v52137408
2009,0.00,"British Columbia",36.122.6,v52137408
2010,0.00,"British Columbia",36.122.6,v52137408
2011,0.00,"British Columbia",36.122.6,v52137408
2012,0.00,"British Columbia",36.122.6,v52137408
2013,0.00,"British Columbia",36.122.6,v52137408
2014,0.00,"British Columbia",36.122.6,v52137408
2015,0.00,"British Columbia",36.122.6,v52137408
2006,..,"Kelowna, British Columbia",48.122.6,v62142452
2007,0.00,"Kelowna, British Columbia",48.122.6,v62142452
2008,0.00,"Kelowna, British Columbia",48.122.6,v62142452
2009,0.00,"Kelowna, British Columbia",48.122.6,v62142452
2010,0.00,"Kelowna, British Columbia",48.122.6,v62142452
2011,0.00,"Kelowna, British Columbia",48.122.6,v62142452
2012,0.00,"Kelowna, British Columbia",48.122.6,v62142452
2013,0.00,"Kelowna, British Columbia",48.122.6,v62142452
2014,0.00,"Kelowna, British Columbia",48.122.6,v62142452
2015,0.00,"Kelowna, British Columbia",48.122.6,v62142452
2006,..,"Abbotsford-Mission, British Columbia",39.122.6,v62114102
2007,0.00,"Abbotsford-Mission, British Columbia",39.122.6,v62114102
2008,0.00,"Abbotsford-Mission, British Columbia",39.122.6,v62114102
2009,0.00,"Abbotsford-Mission, British Columbia",39.122.6,v62114102
2010,0.00,"Abbotsford-Mission, British Columbia",39.122.6,v62114102
2011,0.00,"Abbotsford-Mission, British Columbia",39.122.6,v62114102
2012,0.00,"Abbotsford-Mission, British Columbia",39.122.6,v62114102
2013,0.00,"Abbotsford-Mission, British Columbia",39.122.6,v62114102
2014,0.00,"Abbotsford-Mission, British Columbia",39.122.6,v62114102
2015,0.00,"Abbotsford-Mission, British Columbia",39.122.6,v62114102
2006,..,"Vancouver, British Columbia",37.122.6,v52137571
2007,0.00,"Vancouver, British Columbia",37.122.6,v52137571
2008,0.00,"Vancouver, British Columbia",37.122.6,v52137571
2009,0.00,"Vancouver, British Columbia",37.122.6,v52137571
2010,0.00,"Vancouver, British Columbia",37.122.6,v52137571
2011,0.00,"Vancouver, British Columbia",37.122.6,v52137571
2012,0.00,"Vancouver, British Columbia",37.122.6,v52137571
2013,0.00,"Vancouver, British Columbia",37.122.6,v52137571
2014,0.00,"Vancouver, British Columbia",37.122.6,v52137571
2015,0.00,"Vancouver, British Columbia",37.122.6,v52137571
2006,..,"Victoria, British Columbia",38.122.6,v62110952
2007,0.00,"Victoria, British Columbia",38.122.6,v62110952
2008,0.00,"Victoria, British Columbia",38.122.6,v62110952
2009,0.00,"Victoria, British Columbia",38.122.6,v62110952
2010,0.00,"Victoria, British Columbia",38.122.6,v62110952
2011,0.00,"Victoria, British Columbia",38.122.6,v62110952
2012,0.00,"Victoria, British Columbia",38.122.6,v62110952
2013,0.00,"Victoria, British Columbia",38.122.6,v62110952
2014,0.00,"Victoria, British Columbia",38.122.6,v62110952
2015,0.00,"Victoria, British Columbia",38.122.6,v62110952
2006,..,"Yukon",40.122.6,v62117252
2007,0.00,"Yukon",40.122.6,v62117252
2008,0.00,"Yukon",40.122.6,v62117252
2009,0.00,"Yukon",40.122.6,v62117252
2010,0.00,"Yukon",40.122.6,v62117252
2011,0.00,"Yukon",40.122.6,v62117252
2012,0.00,"Yukon",40.122.6,v62117252
2013,0.00,"Yukon",40.122.6,v62117252
2014,0.00,"Yukon",40.122.6,v62117252
2015,0.00,"Yukon",40.122.6,v62117252
2006,..,"Northwest Territories",41.122.6,v62120402
2007,0.00,"Northwest Territories",41.122.6,v62120402
2008,0.00,"Northwest Territories",41.122.6,v62120402
2009,0.00,"Northwest Territories",41.122.6,v62120402
2010,0.00,"Northwest Territories",41.122.6,v62120402
2011,0.00,"Northwest Territories",41.122.6,v62120402
2012,0.00,"Northwest Territories",41.122.6,v62120402
2013,0.00,"Northwest Territories",41.122.6,v62120402
2014,0.00,"Northwest Territories",41.122.6,v62120402
2015,0.00,"Northwest Territories",41.122.6,v62120402
2006,..,"Nunavut",42.122.6,v62123552
2007,0.00,"Nunavut",42.122.6,v62123552
2008,0.00,"Nunavut",42.122.6,v62123552
2009,0.00,"Nunavut",42.122.6,v62123552
2010,0.00,"Nunavut",42.122.6,v62123552
2011,0.00,"Nunavut",42.122.6,v62123552
2012,0.00,"Nunavut",42.122.6,v62123552
2013,0.00,"Nunavut",42.122.6,v62123552
2014,0.00,"Nunavut",42.122.6,v62123552
2015,0.00,"Nunavut",42.122.6,v62123552
