2006,..,"Canada",1.122.9,v52135807
2007,0.00,"Canada",1.122.9,v52135807
2008,0.00,"Canada",1.122.9,v52135807
2009,0.00,"Canada",1.122.9,v52135807
2010,1.00,"Canada",1.122.9,v52135807
2011,0.00,"Canada",1.122.9,v52135807
2012,0.00,"Canada",1.122.9,v52135807
2013,0.00,"Canada",1.122.9,v52135807
2014,0.00,"Canada",1.122.9,v52135807
2015,2.00,"Canada",1.122.9,v52135807
2006,..,"Newfoundland and Labrador",2.122.9,v61997555
2007,0.00,"Newfoundland and Labrador",2.122.9,v61997555
2008,0.00,"Newfoundland and Labrador",2.122.9,v61997555
2009,0.00,"Newfoundland and Labrador",2.122.9,v61997555
2010,0.00,"Newfoundland and Labrador",2.122.9,v61997555
2011,0.00,"Newfoundland and Labrador",2.122.9,v61997555
2012,0.00,"Newfoundland and Labrador",2.122.9,v61997555
2013,0.00,"Newfoundland and Labrador",2.122.9,v61997555
2014,0.00,"Newfoundland and Labrador",2.122.9,v61997555
2015,0.00,"Newfoundland and Labrador",2.122.9,v61997555
2006,..,"St. John's, Newfoundland and Labrador",3.122.9,v62000705
2007,0.00,"St. John's, Newfoundland and Labrador",3.122.9,v62000705
2008,0.00,"St. John's, Newfoundland and Labrador",3.122.9,v62000705
2009,0.00,"St. John's, Newfoundland and Labrador",3.122.9,v62000705
2010,0.00,"St. John's, Newfoundland and Labrador",3.122.9,v62000705
2011,0.00,"St. John's, Newfoundland and Labrador",3.122.9,v62000705
2012,0.00,"St. John's, Newfoundland and Labrador",3.122.9,v62000705
2013,0.00,"St. John's, Newfoundland and Labrador",3.122.9,v62000705
2014,0.00,"St. John's, Newfoundland and Labrador",3.122.9,v62000705
2015,0.00,"St. John's, Newfoundland and Labrador",3.122.9,v62000705
2006,..,"Prince Edward Island",4.122.9,v62003855
2007,0.00,"Prince Edward Island",4.122.9,v62003855
2008,0.00,"Prince Edward Island",4.122.9,v62003855
2009,0.00,"Prince Edward Island",4.122.9,v62003855
2010,0.00,"Prince Edward Island",4.122.9,v62003855
2011,0.00,"Prince Edward Island",4.122.9,v62003855
2012,0.00,"Prince Edward Island",4.122.9,v62003855
2013,0.00,"Prince Edward Island",4.122.9,v62003855
2014,0.00,"Prince Edward Island",4.122.9,v62003855
2015,0.00,"Prince Edward Island",4.122.9,v62003855
2006,..,"Nova Scotia",5.122.9,v62007005
2007,0.00,"Nova Scotia",5.122.9,v62007005
2008,0.00,"Nova Scotia",5.122.9,v62007005
2009,0.00,"Nova Scotia",5.122.9,v62007005
2010,0.00,"Nova Scotia",5.122.9,v62007005
2011,0.00,"Nova Scotia",5.122.9,v62007005
2012,0.00,"Nova Scotia",5.122.9,v62007005
2013,0.00,"Nova Scotia",5.122.9,v62007005
2014,0.00,"Nova Scotia",5.122.9,v62007005
2015,0.00,"Nova Scotia",5.122.9,v62007005
2006,..,"Halifax, Nova Scotia",6.122.9,v62010155
2007,0.00,"Halifax, Nova Scotia",6.122.9,v62010155
2008,0.00,"Halifax, Nova Scotia",6.122.9,v62010155
2009,0.00,"Halifax, Nova Scotia",6.122.9,v62010155
2010,0.00,"Halifax, Nova Scotia",6.122.9,v62010155
2011,0.00,"Halifax, Nova Scotia",6.122.9,v62010155
2012,0.00,"Halifax, Nova Scotia",6.122.9,v62010155
2013,0.00,"Halifax, Nova Scotia",6.122.9,v62010155
2014,0.00,"Halifax, Nova Scotia",6.122.9,v62010155
2015,0.00,"Halifax, Nova Scotia",6.122.9,v62010155
2006,..,"New Brunswick",7.122.9,v62013305
2007,0.00,"New Brunswick",7.122.9,v62013305
2008,0.00,"New Brunswick",7.122.9,v62013305
2009,0.00,"New Brunswick",7.122.9,v62013305
2010,0.00,"New Brunswick",7.122.9,v62013305
2011,0.00,"New Brunswick",7.122.9,v62013305
2012,0.00,"New Brunswick",7.122.9,v62013305
2013,0.00,"New Brunswick",7.122.9,v62013305
2014,0.00,"New Brunswick",7.122.9,v62013305
2015,0.00,"New Brunswick",7.122.9,v62013305
2006,..,"Moncton, New Brunswick",43.122.9,v62126705
2007,0.00,"Moncton, New Brunswick",43.122.9,v62126705
2008,0.00,"Moncton, New Brunswick",43.122.9,v62126705
2009,0.00,"Moncton, New Brunswick",43.122.9,v62126705
2010,0.00,"Moncton, New Brunswick",43.122.9,v62126705
2011,0.00,"Moncton, New Brunswick",43.122.9,v62126705
2012,0.00,"Moncton, New Brunswick",43.122.9,v62126705
2013,0.00,"Moncton, New Brunswick",43.122.9,v62126705
2014,0.00,"Moncton, New Brunswick",43.122.9,v62126705
2015,0.00,"Moncton, New Brunswick",43.122.9,v62126705
2006,..,"Saint John, New Brunswick",8.122.9,v62016455
2007,0.00,"Saint John, New Brunswick",8.122.9,v62016455
2008,0.00,"Saint John, New Brunswick",8.122.9,v62016455
2009,0.00,"Saint John, New Brunswick",8.122.9,v62016455
2010,0.00,"Saint John, New Brunswick",8.122.9,v62016455
2011,0.00,"Saint John, New Brunswick",8.122.9,v62016455
2012,0.00,"Saint John, New Brunswick",8.122.9,v62016455
2013,0.00,"Saint John, New Brunswick",8.122.9,v62016455
2014,0.00,"Saint John, New Brunswick",8.122.9,v62016455
2015,0.00,"Saint John, New Brunswick",8.122.9,v62016455
2006,..,"Quebec",9.122.9,v52138108
2007,0.00,"Quebec",9.122.9,v52138108
2008,0.00,"Quebec",9.122.9,v52138108
2009,0.00,"Quebec",9.122.9,v52138108
2010,0.00,"Quebec",9.122.9,v52138108
2011,0.00,"Quebec",9.122.9,v52138108
2012,0.00,"Quebec",9.122.9,v52138108
2013,0.00,"Quebec",9.122.9,v52138108
2014,0.00,"Quebec",9.122.9,v52138108
2015,0.00,"Quebec",9.122.9,v52138108
2006,..,"Saguenay, Quebec",10.122.9,v62022755
2007,0.00,"Saguenay, Quebec",10.122.9,v62022755
2008,0.00,"Saguenay, Quebec",10.122.9,v62022755
2009,0.00,"Saguenay, Quebec",10.122.9,v62022755
2010,0.00,"Saguenay, Quebec",10.122.9,v62022755
2011,0.00,"Saguenay, Quebec",10.122.9,v62022755
2012,0.00,"Saguenay, Quebec",10.122.9,v62022755
2013,0.00,"Saguenay, Quebec",10.122.9,v62022755
2014,0.00,"Saguenay, Quebec",10.122.9,v62022755
2015,0.00,"Saguenay, Quebec",10.122.9,v62022755
2006,..,"Sherbrooke, Quebec",12.122.9,v62029055
2007,0.00,"Sherbrooke, Quebec",12.122.9,v62029055
2008,0.00,"Sherbrooke, Quebec",12.122.9,v62029055
2009,0.00,"Sherbrooke, Quebec",12.122.9,v62029055
2010,0.00,"Sherbrooke, Quebec",12.122.9,v62029055
2011,0.00,"Sherbrooke, Quebec",12.122.9,v62029055
2012,0.00,"Sherbrooke, Quebec",12.122.9,v62029055
2013,0.00,"Sherbrooke, Quebec",12.122.9,v62029055
2014,0.00,"Sherbrooke, Quebec",12.122.9,v62029055
2015,0.00,"Sherbrooke, Quebec",12.122.9,v62029055
2006,..,"Ottawa-Gatineau, Quebec part",15.122.9,v62038505
2007,0.00,"Ottawa-Gatineau, Quebec part",15.122.9,v62038505
2008,0.00,"Ottawa-Gatineau, Quebec part",15.122.9,v62038505
2009,0.00,"Ottawa-Gatineau, Quebec part",15.122.9,v62038505
2010,0.00,"Ottawa-Gatineau, Quebec part",15.122.9,v62038505
2011,0.00,"Ottawa-Gatineau, Quebec part",15.122.9,v62038505
2012,0.00,"Ottawa-Gatineau, Quebec part",15.122.9,v62038505
2013,0.00,"Ottawa-Gatineau, Quebec part",15.122.9,v62038505
2014,0.00,"Ottawa-Gatineau, Quebec part",15.122.9,v62038505
2015,0.00,"Ottawa-Gatineau, Quebec part",15.122.9,v62038505
2006,..,"Ontario",16.122.9,v52136314
2007,0.00,"Ontario",16.122.9,v52136314
2008,0.00,"Ontario",16.122.9,v52136314
2009,0.00,"Ontario",16.122.9,v52136314
2010,1.00,"Ontario",16.122.9,v52136314
2011,0.00,"Ontario",16.122.9,v52136314
2012,0.00,"Ontario",16.122.9,v52136314
2013,0.00,"Ontario",16.122.9,v52136314
2014,0.00,"Ontario",16.122.9,v52136314
2015,2.00,"Ontario",16.122.9,v52136314
2006,..,"Ottawa-Gatineau, Ontario/Quebec",17.122.9,v52147267
2007,0.00,"Ottawa-Gatineau, Ontario/Quebec",17.122.9,v52147267
2008,0.00,"Ottawa-Gatineau, Ontario/Quebec",17.122.9,v52147267
2009,0.00,"Ottawa-Gatineau, Ontario/Quebec",17.122.9,v52147267
2010,0.00,"Ottawa-Gatineau, Ontario/Quebec",17.122.9,v52147267
2011,0.00,"Ottawa-Gatineau, Ontario/Quebec",17.122.9,v52147267
2012,0.00,"Ottawa-Gatineau, Ontario/Quebec",17.122.9,v52147267
2013,0.00,"Ottawa-Gatineau, Ontario/Quebec",17.122.9,v52147267
2014,0.00,"Ottawa-Gatineau, Ontario/Quebec",17.122.9,v52147267
2015,0.00,"Ottawa-Gatineau, Ontario/Quebec",17.122.9,v52147267
2006,..,"Ottawa-Gatineau, Ontario part",18.122.9,v52136449
2007,0.00,"Ottawa-Gatineau, Ontario part",18.122.9,v52136449
2008,0.00,"Ottawa-Gatineau, Ontario part",18.122.9,v52136449
2009,0.00,"Ottawa-Gatineau, Ontario part",18.122.9,v52136449
2010,0.00,"Ottawa-Gatineau, Ontario part",18.122.9,v52136449
2011,0.00,"Ottawa-Gatineau, Ontario part",18.122.9,v52136449
2012,0.00,"Ottawa-Gatineau, Ontario part",18.122.9,v52136449
2013,0.00,"Ottawa-Gatineau, Ontario part",18.122.9,v52136449
2014,0.00,"Ottawa-Gatineau, Ontario part",18.122.9,v52136449
2015,0.00,"Ottawa-Gatineau, Ontario part",18.122.9,v52136449
2006,..,"Kingston, Ontario",27.122.9,v62076305
2007,0.00,"Kingston, Ontario",27.122.9,v62076305
2008,0.00,"Kingston, Ontario",27.122.9,v62076305
2009,0.00,"Kingston, Ontario",27.122.9,v62076305
2010,0.00,"Kingston, Ontario",27.122.9,v62076305
2011,0.00,"Kingston, Ontario",27.122.9,v62076305
2012,0.00,"Kingston, Ontario",27.122.9,v62076305
2013,0.00,"Kingston, Ontario",27.122.9,v62076305
2014,0.00,"Kingston, Ontario",27.122.9,v62076305
2015,0.00,"Kingston, Ontario",27.122.9,v62076305
2006,..,"Peterborough, Ontario",44.122.9,v62129855
2007,0.00,"Peterborough, Ontario",44.122.9,v62129855
2008,0.00,"Peterborough, Ontario",44.122.9,v62129855
2009,0.00,"Peterborough, Ontario",44.122.9,v62129855
2010,0.00,"Peterborough, Ontario",44.122.9,v62129855
2011,0.00,"Peterborough, Ontario",44.122.9,v62129855
2012,0.00,"Peterborough, Ontario",44.122.9,v62129855
2013,0.00,"Peterborough, Ontario",44.122.9,v62129855
2014,0.00,"Peterborough, Ontario",44.122.9,v62129855
2015,0.00,"Peterborough, Ontario",44.122.9,v62129855
2006,..,"Toronto, Ontario",19.122.9,v54049052
2007,0.00,"Toronto, Ontario",19.122.9,v54049052
2008,0.00,"Toronto, Ontario",19.122.9,v54049052
2009,0.00,"Toronto, Ontario",19.122.9,v54049052
2010,1.00,"Toronto, Ontario",19.122.9,v54049052
2011,0.00,"Toronto, Ontario",19.122.9,v54049052
2012,0.00,"Toronto, Ontario",19.122.9,v54049052
2013,0.00,"Toronto, Ontario",19.122.9,v54049052
2014,0.00,"Toronto, Ontario",19.122.9,v54049052
2015,1.00,"Toronto, Ontario",19.122.9,v54049052
2006,..,"Hamilton, Ontario",20.122.9,v62054255
2007,0.00,"Hamilton, Ontario",20.122.9,v62054255
2008,0.00,"Hamilton, Ontario",20.122.9,v62054255
2009,0.00,"Hamilton, Ontario",20.122.9,v62054255
2010,0.00,"Hamilton, Ontario",20.122.9,v62054255
2011,0.00,"Hamilton, Ontario",20.122.9,v62054255
2012,0.00,"Hamilton, Ontario",20.122.9,v62054255
2013,0.00,"Hamilton, Ontario",20.122.9,v62054255
2014,0.00,"Hamilton, Ontario",20.122.9,v62054255
2015,0.00,"Hamilton, Ontario",20.122.9,v62054255
2006,..,"St.Catharines-Niagara, Ontario",21.122.9,v62057405
2007,0.00,"St.Catharines-Niagara, Ontario",21.122.9,v62057405
2008,0.00,"St.Catharines-Niagara, Ontario",21.122.9,v62057405
2009,0.00,"St.Catharines-Niagara, Ontario",21.122.9,v62057405
2010,0.00,"St.Catharines-Niagara, Ontario",21.122.9,v62057405
2011,0.00,"St.Catharines-Niagara, Ontario",21.122.9,v62057405
2012,0.00,"St.Catharines-Niagara, Ontario",21.122.9,v62057405
2013,0.00,"St.Catharines-Niagara, Ontario",21.122.9,v62057405
2014,0.00,"St.Catharines-Niagara, Ontario",21.122.9,v62057405
2015,0.00,"St.Catharines-Niagara, Ontario",21.122.9,v62057405
2006,..,"Kitchener-Cambridge-Waterloo, Ontario",22.122.9,v62060555
2007,0.00,"Kitchener-Cambridge-Waterloo, Ontario",22.122.9,v62060555
2008,0.00,"Kitchener-Cambridge-Waterloo, Ontario",22.122.9,v62060555
2009,0.00,"Kitchener-Cambridge-Waterloo, Ontario",22.122.9,v62060555
2010,0.00,"Kitchener-Cambridge-Waterloo, Ontario",22.122.9,v62060555
2011,0.00,"Kitchener-Cambridge-Waterloo, Ontario",22.122.9,v62060555
2012,0.00,"Kitchener-Cambridge-Waterloo, Ontario",22.122.9,v62060555
2013,0.00,"Kitchener-Cambridge-Waterloo, Ontario",22.122.9,v62060555
2014,0.00,"Kitchener-Cambridge-Waterloo, Ontario",22.122.9,v62060555
2015,0.00,"Kitchener-Cambridge-Waterloo, Ontario",22.122.9,v62060555
2006,..,"Brantford, Ontario",45.122.9,v62133005
2007,0.00,"Brantford, Ontario",45.122.9,v62133005
2008,0.00,"Brantford, Ontario",45.122.9,v62133005
2009,0.00,"Brantford, Ontario",45.122.9,v62133005
2010,0.00,"Brantford, Ontario",45.122.9,v62133005
2011,0.00,"Brantford, Ontario",45.122.9,v62133005
2012,0.00,"Brantford, Ontario",45.122.9,v62133005
2013,0.00,"Brantford, Ontario",45.122.9,v62133005
2014,0.00,"Brantford, Ontario",45.122.9,v62133005
2015,0.00,"Brantford, Ontario",45.122.9,v62133005
2006,..,"Guelph, Ontario",46.122.9,v62136155
2007,0.00,"Guelph, Ontario",46.122.9,v62136155
2008,0.00,"Guelph, Ontario",46.122.9,v62136155
2009,0.00,"Guelph, Ontario",46.122.9,v62136155
2010,0.00,"Guelph, Ontario",46.122.9,v62136155
2011,0.00,"Guelph, Ontario",46.122.9,v62136155
2012,0.00,"Guelph, Ontario",46.122.9,v62136155
2013,0.00,"Guelph, Ontario",46.122.9,v62136155
2014,0.00,"Guelph, Ontario",46.122.9,v62136155
2015,0.00,"Guelph, Ontario",46.122.9,v62136155
2006,..,"London, Ontario",23.122.9,v62063705
2007,0.00,"London, Ontario",23.122.9,v62063705
2008,0.00,"London, Ontario",23.122.9,v62063705
2009,0.00,"London, Ontario",23.122.9,v62063705
2010,0.00,"London, Ontario",23.122.9,v62063705
2011,0.00,"London, Ontario",23.122.9,v62063705
2012,0.00,"London, Ontario",23.122.9,v62063705
2013,0.00,"London, Ontario",23.122.9,v62063705
2014,0.00,"London, Ontario",23.122.9,v62063705
2015,0.00,"London, Ontario",23.122.9,v62063705
2006,..,"Windsor, Ontario",24.122.9,v62066855
2007,0.00,"Windsor, Ontario",24.122.9,v62066855
2008,0.00,"Windsor, Ontario",24.122.9,v62066855
2009,0.00,"Windsor, Ontario",24.122.9,v62066855
2010,0.00,"Windsor, Ontario",24.122.9,v62066855
2011,0.00,"Windsor, Ontario",24.122.9,v62066855
2012,0.00,"Windsor, Ontario",24.122.9,v62066855
2013,0.00,"Windsor, Ontario",24.122.9,v62066855
2014,0.00,"Windsor, Ontario",24.122.9,v62066855
2015,0.00,"Windsor, Ontario",24.122.9,v62066855
2006,..,"Barrie, Ontario",47.122.9,v62139305
2007,0.00,"Barrie, Ontario",47.122.9,v62139305
2008,0.00,"Barrie, Ontario",47.122.9,v62139305
2009,0.00,"Barrie, Ontario",47.122.9,v62139305
2010,0.00,"Barrie, Ontario",47.122.9,v62139305
2011,0.00,"Barrie, Ontario",47.122.9,v62139305
2012,0.00,"Barrie, Ontario",47.122.9,v62139305
2013,0.00,"Barrie, Ontario",47.122.9,v62139305
2014,0.00,"Barrie, Ontario",47.122.9,v62139305
2015,0.00,"Barrie, Ontario",47.122.9,v62139305
2006,..,"Sudbury, Ontario",25.122.9,v62070005
2007,0.00,"Sudbury, Ontario",25.122.9,v62070005
2008,0.00,"Sudbury, Ontario",25.122.9,v62070005
2009,0.00,"Sudbury, Ontario",25.122.9,v62070005
2010,0.00,"Sudbury, Ontario",25.122.9,v62070005
2011,0.00,"Sudbury, Ontario",25.122.9,v62070005
2012,0.00,"Sudbury, Ontario",25.122.9,v62070005
2013,0.00,"Sudbury, Ontario",25.122.9,v62070005
2014,0.00,"Sudbury, Ontario",25.122.9,v62070005
2015,1.00,"Sudbury, Ontario",25.122.9,v62070005
2006,..,"Thunder Bay, Ontario",26.122.9,v62073155
2007,0.00,"Thunder Bay, Ontario",26.122.9,v62073155
2008,0.00,"Thunder Bay, Ontario",26.122.9,v62073155
2009,0.00,"Thunder Bay, Ontario",26.122.9,v62073155
2010,0.00,"Thunder Bay, Ontario",26.122.9,v62073155
2011,0.00,"Thunder Bay, Ontario",26.122.9,v62073155
2012,0.00,"Thunder Bay, Ontario",26.122.9,v62073155
2013,0.00,"Thunder Bay, Ontario",26.122.9,v62073155
2014,0.00,"Thunder Bay, Ontario",26.122.9,v62073155
2015,0.00,"Thunder Bay, Ontario",26.122.9,v62073155
2006,..,"Manitoba",28.122.9,v52136965
2007,0.00,"Manitoba",28.122.9,v52136965
2008,0.00,"Manitoba",28.122.9,v52136965
2009,0.00,"Manitoba",28.122.9,v52136965
2010,0.00,"Manitoba",28.122.9,v52136965
2011,0.00,"Manitoba",28.122.9,v52136965
2012,0.00,"Manitoba",28.122.9,v52136965
2013,0.00,"Manitoba",28.122.9,v52136965
2014,0.00,"Manitoba",28.122.9,v52136965
2015,0.00,"Manitoba",28.122.9,v52136965
2006,..,"Winnipeg, Manitoba",29.122.9,v62082605
2007,0.00,"Winnipeg, Manitoba",29.122.9,v62082605
2008,0.00,"Winnipeg, Manitoba",29.122.9,v62082605
2009,0.00,"Winnipeg, Manitoba",29.122.9,v62082605
2010,0.00,"Winnipeg, Manitoba",29.122.9,v62082605
2011,0.00,"Winnipeg, Manitoba",29.122.9,v62082605
2012,0.00,"Winnipeg, Manitoba",29.122.9,v62082605
2013,0.00,"Winnipeg, Manitoba",29.122.9,v62082605
2014,0.00,"Winnipeg, Manitoba",29.122.9,v62082605
2015,0.00,"Winnipeg, Manitoba",29.122.9,v62082605
2006,..,"Saskatchewan",30.122.9,v52137132
2007,0.00,"Saskatchewan",30.122.9,v52137132
2008,0.00,"Saskatchewan",30.122.9,v52137132
2009,0.00,"Saskatchewan",30.122.9,v52137132
2010,0.00,"Saskatchewan",30.122.9,v52137132
2011,0.00,"Saskatchewan",30.122.9,v52137132
2012,0.00,"Saskatchewan",30.122.9,v52137132
2013,0.00,"Saskatchewan",30.122.9,v52137132
2014,0.00,"Saskatchewan",30.122.9,v52137132
2015,0.00,"Saskatchewan",30.122.9,v52137132
2006,..,"Regina, Saskatchewan",31.122.9,v62088905
2007,0.00,"Regina, Saskatchewan",31.122.9,v62088905
2008,0.00,"Regina, Saskatchewan",31.122.9,v62088905
2009,0.00,"Regina, Saskatchewan",31.122.9,v62088905
2010,0.00,"Regina, Saskatchewan",31.122.9,v62088905
2011,0.00,"Regina, Saskatchewan",31.122.9,v62088905
2012,0.00,"Regina, Saskatchewan",31.122.9,v62088905
2013,0.00,"Regina, Saskatchewan",31.122.9,v62088905
2014,0.00,"Regina, Saskatchewan",31.122.9,v62088905
2015,0.00,"Regina, Saskatchewan",31.122.9,v62088905
2006,..,"Saskatoon, Saskatchewan",32.122.9,v52137232
2007,0.00,"Saskatoon, Saskatchewan",32.122.9,v52137232
2008,0.00,"Saskatoon, Saskatchewan",32.122.9,v52137232
2009,0.00,"Saskatoon, Saskatchewan",32.122.9,v52137232
2010,0.00,"Saskatoon, Saskatchewan",32.122.9,v52137232
2011,0.00,"Saskatoon, Saskatchewan",32.122.9,v52137232
2012,0.00,"Saskatoon, Saskatchewan",32.122.9,v52137232
2013,0.00,"Saskatoon, Saskatchewan",32.122.9,v52137232
2014,0.00,"Saskatoon, Saskatchewan",32.122.9,v52137232
2015,0.00,"Saskatoon, Saskatchewan",32.122.9,v52137232
2006,..,"Alberta",33.122.9,v62095205
2007,0.00,"Alberta",33.122.9,v62095205
2008,0.00,"Alberta",33.122.9,v62095205
2009,0.00,"Alberta",33.122.9,v62095205
2010,0.00,"Alberta",33.122.9,v62095205
2011,0.00,"Alberta",33.122.9,v62095205
2012,0.00,"Alberta",33.122.9,v62095205
2013,0.00,"Alberta",33.122.9,v62095205
2014,0.00,"Alberta",33.122.9,v62095205
2015,0.00,"Alberta",33.122.9,v62095205
2006,..,"Calgary, Alberta",34.122.9,v62098355
2007,0.00,"Calgary, Alberta",34.122.9,v62098355
2008,0.00,"Calgary, Alberta",34.122.9,v62098355
2009,0.00,"Calgary, Alberta",34.122.9,v62098355
2010,0.00,"Calgary, Alberta",34.122.9,v62098355
2011,0.00,"Calgary, Alberta",34.122.9,v62098355
2012,0.00,"Calgary, Alberta",34.122.9,v62098355
2013,0.00,"Calgary, Alberta",34.122.9,v62098355
2014,0.00,"Calgary, Alberta",34.122.9,v62098355
2015,0.00,"Calgary, Alberta",34.122.9,v62098355
2006,..,"Edmonton, Alberta",35.122.9,v62101505
2007,0.00,"Edmonton, Alberta",35.122.9,v62101505
2008,0.00,"Edmonton, Alberta",35.122.9,v62101505
2009,0.00,"Edmonton, Alberta",35.122.9,v62101505
2010,0.00,"Edmonton, Alberta",35.122.9,v62101505
2011,0.00,"Edmonton, Alberta",35.122.9,v62101505
2012,0.00,"Edmonton, Alberta",35.122.9,v62101505
2013,0.00,"Edmonton, Alberta",35.122.9,v62101505
2014,0.00,"Edmonton, Alberta",35.122.9,v62101505
2015,0.00,"Edmonton, Alberta",35.122.9,v62101505
2006,..,"British Columbia",36.122.9,v52137411
2007,0.00,"British Columbia",36.122.9,v52137411
2008,0.00,"British Columbia",36.122.9,v52137411
2009,0.00,"British Columbia",36.122.9,v52137411
2010,0.00,"British Columbia",36.122.9,v52137411
2011,0.00,"British Columbia",36.122.9,v52137411
2012,0.00,"British Columbia",36.122.9,v52137411
2013,0.00,"British Columbia",36.122.9,v52137411
2014,0.00,"British Columbia",36.122.9,v52137411
2015,0.00,"British Columbia",36.122.9,v52137411
2006,..,"Kelowna, British Columbia",48.122.9,v62142455
2007,0.00,"Kelowna, British Columbia",48.122.9,v62142455
2008,0.00,"Kelowna, British Columbia",48.122.9,v62142455
2009,0.00,"Kelowna, British Columbia",48.122.9,v62142455
2010,0.00,"Kelowna, British Columbia",48.122.9,v62142455
2011,0.00,"Kelowna, British Columbia",48.122.9,v62142455
2012,0.00,"Kelowna, British Columbia",48.122.9,v62142455
2013,0.00,"Kelowna, British Columbia",48.122.9,v62142455
2014,0.00,"Kelowna, British Columbia",48.122.9,v62142455
2015,0.00,"Kelowna, British Columbia",48.122.9,v62142455
2006,..,"Abbotsford-Mission, British Columbia",39.122.9,v62114105
2007,0.00,"Abbotsford-Mission, British Columbia",39.122.9,v62114105
2008,0.00,"Abbotsford-Mission, British Columbia",39.122.9,v62114105
2009,0.00,"Abbotsford-Mission, British Columbia",39.122.9,v62114105
2010,0.00,"Abbotsford-Mission, British Columbia",39.122.9,v62114105
2011,0.00,"Abbotsford-Mission, British Columbia",39.122.9,v62114105
2012,0.00,"Abbotsford-Mission, British Columbia",39.122.9,v62114105
2013,0.00,"Abbotsford-Mission, British Columbia",39.122.9,v62114105
2014,0.00,"Abbotsford-Mission, British Columbia",39.122.9,v62114105
2015,0.00,"Abbotsford-Mission, British Columbia",39.122.9,v62114105
2006,..,"Vancouver, British Columbia",37.122.9,v52137574
2007,0.00,"Vancouver, British Columbia",37.122.9,v52137574
2008,0.00,"Vancouver, British Columbia",37.122.9,v52137574
2009,0.00,"Vancouver, British Columbia",37.122.9,v52137574
2010,0.00,"Vancouver, British Columbia",37.122.9,v52137574
2011,0.00,"Vancouver, British Columbia",37.122.9,v52137574
2012,0.00,"Vancouver, British Columbia",37.122.9,v52137574
2013,0.00,"Vancouver, British Columbia",37.122.9,v52137574
2014,0.00,"Vancouver, British Columbia",37.122.9,v52137574
2015,0.00,"Vancouver, British Columbia",37.122.9,v52137574
2006,..,"Victoria, British Columbia",38.122.9,v62110955
2007,0.00,"Victoria, British Columbia",38.122.9,v62110955
2008,0.00,"Victoria, British Columbia",38.122.9,v62110955
2009,0.00,"Victoria, British Columbia",38.122.9,v62110955
2010,0.00,"Victoria, British Columbia",38.122.9,v62110955
2011,0.00,"Victoria, British Columbia",38.122.9,v62110955
2012,0.00,"Victoria, British Columbia",38.122.9,v62110955
2013,0.00,"Victoria, British Columbia",38.122.9,v62110955
2014,0.00,"Victoria, British Columbia",38.122.9,v62110955
2015,0.00,"Victoria, British Columbia",38.122.9,v62110955
2006,..,"Yukon",40.122.9,v62117255
2007,0.00,"Yukon",40.122.9,v62117255
2008,0.00,"Yukon",40.122.9,v62117255
2009,0.00,"Yukon",40.122.9,v62117255
2010,0.00,"Yukon",40.122.9,v62117255
2011,0.00,"Yukon",40.122.9,v62117255
2012,0.00,"Yukon",40.122.9,v62117255
2013,0.00,"Yukon",40.122.9,v62117255
2014,0.00,"Yukon",40.122.9,v62117255
2015,0.00,"Yukon",40.122.9,v62117255
2006,..,"Northwest Territories",41.122.9,v62120405
2007,0.00,"Northwest Territories",41.122.9,v62120405
2008,0.00,"Northwest Territories",41.122.9,v62120405
2009,0.00,"Northwest Territories",41.122.9,v62120405
2010,0.00,"Northwest Territories",41.122.9,v62120405
2011,0.00,"Northwest Territories",41.122.9,v62120405
2012,0.00,"Northwest Territories",41.122.9,v62120405
2013,0.00,"Northwest Territories",41.122.9,v62120405
2014,0.00,"Northwest Territories",41.122.9,v62120405
2015,0.00,"Northwest Territories",41.122.9,v62120405
2006,..,"Nunavut",42.122.9,v62123555
2007,0.00,"Nunavut",42.122.9,v62123555
2008,0.00,"Nunavut",42.122.9,v62123555
2009,0.00,"Nunavut",42.122.9,v62123555
2010,0.00,"Nunavut",42.122.9,v62123555
2011,0.00,"Nunavut",42.122.9,v62123555
2012,0.00,"Nunavut",42.122.9,v62123555
2013,0.00,"Nunavut",42.122.9,v62123555
2014,0.00,"Nunavut",42.122.9,v62123555
2015,0.00,"Nunavut",42.122.9,v62123555
2006,..,"Canada",1.122.9,v52135807
2007,0.00,"Canada",1.122.9,v52135807
2008,0.00,"Canada",1.122.9,v52135807
2009,0.00,"Canada",1.122.9,v52135807
2010,1.00,"Canada",1.122.9,v52135807
2011,0.00,"Canada",1.122.9,v52135807
2012,0.00,"Canada",1.122.9,v52135807
2013,0.00,"Canada",1.122.9,v52135807
2014,0.00,"Canada",1.122.9,v52135807
2015,2.00,"Canada",1.122.9,v52135807
2006,..,"Newfoundland and Labrador",2.122.9,v61997555
2007,0.00,"Newfoundland and Labrador",2.122.9,v61997555
2008,0.00,"Newfoundland and Labrador",2.122.9,v61997555
2009,0.00,"Newfoundland and Labrador",2.122.9,v61997555
2010,0.00,"Newfoundland and Labrador",2.122.9,v61997555
2011,0.00,"Newfoundland and Labrador",2.122.9,v61997555
2012,0.00,"Newfoundland and Labrador",2.122.9,v61997555
2013,0.00,"Newfoundland and Labrador",2.122.9,v61997555
2014,0.00,"Newfoundland and Labrador",2.122.9,v61997555
2015,0.00,"Newfoundland and Labrador",2.122.9,v61997555
2006,..,"St. John's, Newfoundland and Labrador",3.122.9,v62000705
2007,0.00,"St. John's, Newfoundland and Labrador",3.122.9,v62000705
2008,0.00,"St. John's, Newfoundland and Labrador",3.122.9,v62000705
2009,0.00,"St. John's, Newfoundland and Labrador",3.122.9,v62000705
2010,0.00,"St. John's, Newfoundland and Labrador",3.122.9,v62000705
2011,0.00,"St. John's, Newfoundland and Labrador",3.122.9,v62000705
2012,0.00,"St. John's, Newfoundland and Labrador",3.122.9,v62000705
2013,0.00,"St. John's, Newfoundland and Labrador",3.122.9,v62000705
2014,0.00,"St. John's, Newfoundland and Labrador",3.122.9,v62000705
2015,0.00,"St. John's, Newfoundland and Labrador",3.122.9,v62000705
2006,..,"Prince Edward Island",4.122.9,v62003855
2007,0.00,"Prince Edward Island",4.122.9,v62003855
2008,0.00,"Prince Edward Island",4.122.9,v62003855
2009,0.00,"Prince Edward Island",4.122.9,v62003855
2010,0.00,"Prince Edward Island",4.122.9,v62003855
2011,0.00,"Prince Edward Island",4.122.9,v62003855
2012,0.00,"Prince Edward Island",4.122.9,v62003855
2013,0.00,"Prince Edward Island",4.122.9,v62003855
2014,0.00,"Prince Edward Island",4.122.9,v62003855
2015,0.00,"Prince Edward Island",4.122.9,v62003855
2006,..,"Nova Scotia",5.122.9,v62007005
2007,0.00,"Nova Scotia",5.122.9,v62007005
2008,0.00,"Nova Scotia",5.122.9,v62007005
2009,0.00,"Nova Scotia",5.122.9,v62007005
2010,0.00,"Nova Scotia",5.122.9,v62007005
2011,0.00,"Nova Scotia",5.122.9,v62007005
2012,0.00,"Nova Scotia",5.122.9,v62007005
2013,0.00,"Nova Scotia",5.122.9,v62007005
2014,0.00,"Nova Scotia",5.122.9,v62007005
2015,0.00,"Nova Scotia",5.122.9,v62007005
2006,..,"Halifax, Nova Scotia",6.122.9,v62010155
2007,0.00,"Halifax, Nova Scotia",6.122.9,v62010155
2008,0.00,"Halifax, Nova Scotia",6.122.9,v62010155
2009,0.00,"Halifax, Nova Scotia",6.122.9,v62010155
2010,0.00,"Halifax, Nova Scotia",6.122.9,v62010155
2011,0.00,"Halifax, Nova Scotia",6.122.9,v62010155
2012,0.00,"Halifax, Nova Scotia",6.122.9,v62010155
2013,0.00,"Halifax, Nova Scotia",6.122.9,v62010155
2014,0.00,"Halifax, Nova Scotia",6.122.9,v62010155
2015,0.00,"Halifax, Nova Scotia",6.122.9,v62010155
2006,..,"New Brunswick",7.122.9,v62013305
2007,0.00,"New Brunswick",7.122.9,v62013305
2008,0.00,"New Brunswick",7.122.9,v62013305
2009,0.00,"New Brunswick",7.122.9,v62013305
2010,0.00,"New Brunswick",7.122.9,v62013305
2011,0.00,"New Brunswick",7.122.9,v62013305
2012,0.00,"New Brunswick",7.122.9,v62013305
2013,0.00,"New Brunswick",7.122.9,v62013305
2014,0.00,"New Brunswick",7.122.9,v62013305
2015,0.00,"New Brunswick",7.122.9,v62013305
2006,..,"Moncton, New Brunswick",43.122.9,v62126705
2007,0.00,"Moncton, New Brunswick",43.122.9,v62126705
2008,0.00,"Moncton, New Brunswick",43.122.9,v62126705
2009,0.00,"Moncton, New Brunswick",43.122.9,v62126705
2010,0.00,"Moncton, New Brunswick",43.122.9,v62126705
2011,0.00,"Moncton, New Brunswick",43.122.9,v62126705
2012,0.00,"Moncton, New Brunswick",43.122.9,v62126705
2013,0.00,"Moncton, New Brunswick",43.122.9,v62126705
2014,0.00,"Moncton, New Brunswick",43.122.9,v62126705
2015,0.00,"Moncton, New Brunswick",43.122.9,v62126705
2006,..,"Saint John, New Brunswick",8.122.9,v62016455
2007,0.00,"Saint John, New Brunswick",8.122.9,v62016455
2008,0.00,"Saint John, New Brunswick",8.122.9,v62016455
2009,0.00,"Saint John, New Brunswick",8.122.9,v62016455
2010,0.00,"Saint John, New Brunswick",8.122.9,v62016455
2011,0.00,"Saint John, New Brunswick",8.122.9,v62016455
2012,0.00,"Saint John, New Brunswick",8.122.9,v62016455
2013,0.00,"Saint John, New Brunswick",8.122.9,v62016455
2014,0.00,"Saint John, New Brunswick",8.122.9,v62016455
2015,0.00,"Saint John, New Brunswick",8.122.9,v62016455
2006,..,"Quebec",9.122.9,v52138108
2007,0.00,"Quebec",9.122.9,v52138108
2008,0.00,"Quebec",9.122.9,v52138108
2009,0.00,"Quebec",9.122.9,v52138108
2010,0.00,"Quebec",9.122.9,v52138108
2011,0.00,"Quebec",9.122.9,v52138108
2012,0.00,"Quebec",9.122.9,v52138108
2013,0.00,"Quebec",9.122.9,v52138108
2014,0.00,"Quebec",9.122.9,v52138108
2015,0.00,"Quebec",9.122.9,v52138108
2006,..,"Saguenay, Quebec",10.122.9,v62022755
2007,0.00,"Saguenay, Quebec",10.122.9,v62022755
2008,0.00,"Saguenay, Quebec",10.122.9,v62022755
2009,0.00,"Saguenay, Quebec",10.122.9,v62022755
2010,0.00,"Saguenay, Quebec",10.122.9,v62022755
2011,0.00,"Saguenay, Quebec",10.122.9,v62022755
2012,0.00,"Saguenay, Quebec",10.122.9,v62022755
2013,0.00,"Saguenay, Quebec",10.122.9,v62022755
2014,0.00,"Saguenay, Quebec",10.122.9,v62022755
2015,0.00,"Saguenay, Quebec",10.122.9,v62022755
2006,..,"Quebec, Quebec",11.122.9,v52136054
2007,0.00,"Quebec, Quebec",11.122.9,v52136054
2008,0.00,"Quebec, Quebec",11.122.9,v52136054
2009,0.00,"Quebec, Quebec",11.122.9,v52136054
2010,0.00,"Quebec, Quebec",11.122.9,v52136054
2011,0.00,"Quebec, Quebec",11.122.9,v52136054
2012,0.00,"Quebec, Quebec",11.122.9,v52136054
2013,0.00,"Quebec, Quebec",11.122.9,v52136054
2014,0.00,"Quebec, Quebec",11.122.9,v52136054
2015,0.00,"Quebec, Quebec",11.122.9,v52136054
2006,..,"Sherbrooke, Quebec",12.122.9,v62029055
2007,0.00,"Sherbrooke, Quebec",12.122.9,v62029055
2008,0.00,"Sherbrooke, Quebec",12.122.9,v62029055
2009,0.00,"Sherbrooke, Quebec",12.122.9,v62029055
2010,0.00,"Sherbrooke, Quebec",12.122.9,v62029055
2011,0.00,"Sherbrooke, Quebec",12.122.9,v62029055
2012,0.00,"Sherbrooke, Quebec",12.122.9,v62029055
2013,0.00,"Sherbrooke, Quebec",12.122.9,v62029055
2014,0.00,"Sherbrooke, Quebec",12.122.9,v62029055
2015,0.00,"Sherbrooke, Quebec",12.122.9,v62029055
2006,..,"Montreal, Quebec",14.122.9,v53084619
2007,0.00,"Montreal, Quebec",14.122.9,v53084619
2008,0.00,"Montreal, Quebec",14.122.9,v53084619
2009,0.00,"Montreal, Quebec",14.122.9,v53084619
2010,0.00,"Montreal, Quebec",14.122.9,v53084619
2011,0.00,"Montreal, Quebec",14.122.9,v53084619
2012,0.00,"Montreal, Quebec",14.122.9,v53084619
2013,0.00,"Montreal, Quebec",14.122.9,v53084619
2014,0.00,"Montreal, Quebec",14.122.9,v53084619
2015,0.00,"Montreal, Quebec",14.122.9,v53084619
2006,..,"Ottawa-Gatineau, Quebec part",15.122.9,v62038505
2007,0.00,"Ottawa-Gatineau, Quebec part",15.122.9,v62038505
2008,0.00,"Ottawa-Gatineau, Quebec part",15.122.9,v62038505
2009,0.00,"Ottawa-Gatineau, Quebec part",15.122.9,v62038505
2010,0.00,"Ottawa-Gatineau, Quebec part",15.122.9,v62038505
2011,0.00,"Ottawa-Gatineau, Quebec part",15.122.9,v62038505
2012,0.00,"Ottawa-Gatineau, Quebec part",15.122.9,v62038505
2013,0.00,"Ottawa-Gatineau, Quebec part",15.122.9,v62038505
2014,0.00,"Ottawa-Gatineau, Quebec part",15.122.9,v62038505
2015,0.00,"Ottawa-Gatineau, Quebec part",15.122.9,v62038505
2006,..,"Ontario",16.122.9,v52136314
2007,0.00,"Ontario",16.122.9,v52136314
2008,0.00,"Ontario",16.122.9,v52136314
2009,0.00,"Ontario",16.122.9,v52136314
2010,1.00,"Ontario",16.122.9,v52136314
2011,0.00,"Ontario",16.122.9,v52136314
2012,0.00,"Ontario",16.122.9,v52136314
2013,0.00,"Ontario",16.122.9,v52136314
2014,0.00,"Ontario",16.122.9,v52136314
2015,2.00,"Ontario",16.122.9,v52136314
2006,..,"Ottawa-Gatineau, Ontario/Quebec",17.122.9,v52147267
2007,0.00,"Ottawa-Gatineau, Ontario/Quebec",17.122.9,v52147267
2008,0.00,"Ottawa-Gatineau, Ontario/Quebec",17.122.9,v52147267
2009,0.00,"Ottawa-Gatineau, Ontario/Quebec",17.122.9,v52147267
2010,0.00,"Ottawa-Gatineau, Ontario/Quebec",17.122.9,v52147267
2011,0.00,"Ottawa-Gatineau, Ontario/Quebec",17.122.9,v52147267
2012,0.00,"Ottawa-Gatineau, Ontario/Quebec",17.122.9,v52147267
2013,0.00,"Ottawa-Gatineau, Ontario/Quebec",17.122.9,v52147267
2014,0.00,"Ottawa-Gatineau, Ontario/Quebec",17.122.9,v52147267
2015,0.00,"Ottawa-Gatineau, Ontario/Quebec",17.122.9,v52147267
2006,..,"Ottawa-Gatineau, Ontario part",18.122.9,v52136449
2007,0.00,"Ottawa-Gatineau, Ontario part",18.122.9,v52136449
2008,0.00,"Ottawa-Gatineau, Ontario part",18.122.9,v52136449
2009,0.00,"Ottawa-Gatineau, Ontario part",18.122.9,v52136449
2010,0.00,"Ottawa-Gatineau, Ontario part",18.122.9,v52136449
2011,0.00,"Ottawa-Gatineau, Ontario part",18.122.9,v52136449
2012,0.00,"Ottawa-Gatineau, Ontario part",18.122.9,v52136449
2013,0.00,"Ottawa-Gatineau, Ontario part",18.122.9,v52136449
2014,0.00,"Ottawa-Gatineau, Ontario part",18.122.9,v52136449
2015,0.00,"Ottawa-Gatineau, Ontario part",18.122.9,v52136449
2006,..,"Kingston, Ontario",27.122.9,v62076305
2007,0.00,"Kingston, Ontario",27.122.9,v62076305
2008,0.00,"Kingston, Ontario",27.122.9,v62076305
2009,0.00,"Kingston, Ontario",27.122.9,v62076305
2010,0.00,"Kingston, Ontario",27.122.9,v62076305
2011,0.00,"Kingston, Ontario",27.122.9,v62076305
2012,0.00,"Kingston, Ontario",27.122.9,v62076305
2013,0.00,"Kingston, Ontario",27.122.9,v62076305
2014,0.00,"Kingston, Ontario",27.122.9,v62076305
2015,0.00,"Kingston, Ontario",27.122.9,v62076305
2006,..,"Peterborough, Ontario",44.122.9,v62129855
2007,0.00,"Peterborough, Ontario",44.122.9,v62129855
2008,0.00,"Peterborough, Ontario",44.122.9,v62129855
2009,0.00,"Peterborough, Ontario",44.122.9,v62129855
2010,0.00,"Peterborough, Ontario",44.122.9,v62129855
2011,0.00,"Peterborough, Ontario",44.122.9,v62129855
2012,0.00,"Peterborough, Ontario",44.122.9,v62129855
2013,0.00,"Peterborough, Ontario",44.122.9,v62129855
2014,0.00,"Peterborough, Ontario",44.122.9,v62129855
2015,0.00,"Peterborough, Ontario",44.122.9,v62129855
2006,..,"Toronto, Ontario",19.122.9,v54049052
2007,0.00,"Toronto, Ontario",19.122.9,v54049052
2008,0.00,"Toronto, Ontario",19.122.9,v54049052
2009,0.00,"Toronto, Ontario",19.122.9,v54049052
2010,1.00,"Toronto, Ontario",19.122.9,v54049052
2011,0.00,"Toronto, Ontario",19.122.9,v54049052
2012,0.00,"Toronto, Ontario",19.122.9,v54049052
2013,0.00,"Toronto, Ontario",19.122.9,v54049052
2014,0.00,"Toronto, Ontario",19.122.9,v54049052
2015,1.00,"Toronto, Ontario",19.122.9,v54049052
2006,..,"Hamilton, Ontario",20.122.9,v62054255
2007,0.00,"Hamilton, Ontario",20.122.9,v62054255
2008,0.00,"Hamilton, Ontario",20.122.9,v62054255
2009,0.00,"Hamilton, Ontario",20.122.9,v62054255
2010,0.00,"Hamilton, Ontario",20.122.9,v62054255
2011,0.00,"Hamilton, Ontario",20.122.9,v62054255
2012,0.00,"Hamilton, Ontario",20.122.9,v62054255
2013,0.00,"Hamilton, Ontario",20.122.9,v62054255
2014,0.00,"Hamilton, Ontario",20.122.9,v62054255
2015,0.00,"Hamilton, Ontario",20.122.9,v62054255
2006,..,"St.Catharines-Niagara, Ontario",21.122.9,v62057405
2007,0.00,"St.Catharines-Niagara, Ontario",21.122.9,v62057405
2008,0.00,"St.Catharines-Niagara, Ontario",21.122.9,v62057405
2009,0.00,"St.Catharines-Niagara, Ontario",21.122.9,v62057405
2010,0.00,"St.Catharines-Niagara, Ontario",21.122.9,v62057405
2011,0.00,"St.Catharines-Niagara, Ontario",21.122.9,v62057405
2012,0.00,"St.Catharines-Niagara, Ontario",21.122.9,v62057405
2013,0.00,"St.Catharines-Niagara, Ontario",21.122.9,v62057405
2014,0.00,"St.Catharines-Niagara, Ontario",21.122.9,v62057405
2015,0.00,"St.Catharines-Niagara, Ontario",21.122.9,v62057405
2006,..,"Kitchener-Cambridge-Waterloo, Ontario",22.122.9,v62060555
2007,0.00,"Kitchener-Cambridge-Waterloo, Ontario",22.122.9,v62060555
2008,0.00,"Kitchener-Cambridge-Waterloo, Ontario",22.122.9,v62060555
2009,0.00,"Kitchener-Cambridge-Waterloo, Ontario",22.122.9,v62060555
2010,0.00,"Kitchener-Cambridge-Waterloo, Ontario",22.122.9,v62060555
2011,0.00,"Kitchener-Cambridge-Waterloo, Ontario",22.122.9,v62060555
2012,0.00,"Kitchener-Cambridge-Waterloo, Ontario",22.122.9,v62060555
2013,0.00,"Kitchener-Cambridge-Waterloo, Ontario",22.122.9,v62060555
2014,0.00,"Kitchener-Cambridge-Waterloo, Ontario",22.122.9,v62060555
2015,0.00,"Kitchener-Cambridge-Waterloo, Ontario",22.122.9,v62060555
2006,..,"Brantford, Ontario",45.122.9,v62133005
2007,0.00,"Brantford, Ontario",45.122.9,v62133005
2008,0.00,"Brantford, Ontario",45.122.9,v62133005
2009,0.00,"Brantford, Ontario",45.122.9,v62133005
2010,0.00,"Brantford, Ontario",45.122.9,v62133005
2011,0.00,"Brantford, Ontario",45.122.9,v62133005
2012,0.00,"Brantford, Ontario",45.122.9,v62133005
2013,0.00,"Brantford, Ontario",45.122.9,v62133005
2014,0.00,"Brantford, Ontario",45.122.9,v62133005
2015,0.00,"Brantford, Ontario",45.122.9,v62133005
2006,..,"Guelph, Ontario",46.122.9,v62136155
2007,0.00,"Guelph, Ontario",46.122.9,v62136155
2008,0.00,"Guelph, Ontario",46.122.9,v62136155
2009,0.00,"Guelph, Ontario",46.122.9,v62136155
2010,0.00,"Guelph, Ontario",46.122.9,v62136155
2011,0.00,"Guelph, Ontario",46.122.9,v62136155
2012,0.00,"Guelph, Ontario",46.122.9,v62136155
2013,0.00,"Guelph, Ontario",46.122.9,v62136155
2014,0.00,"Guelph, Ontario",46.122.9,v62136155
2015,0.00,"Guelph, Ontario",46.122.9,v62136155
2006,..,"London, Ontario",23.122.9,v62063705
2007,0.00,"London, Ontario",23.122.9,v62063705
2008,0.00,"London, Ontario",23.122.9,v62063705
2009,0.00,"London, Ontario",23.122.9,v62063705
2010,0.00,"London, Ontario",23.122.9,v62063705
2011,0.00,"London, Ontario",23.122.9,v62063705
2012,0.00,"London, Ontario",23.122.9,v62063705
2013,0.00,"London, Ontario",23.122.9,v62063705
2014,0.00,"London, Ontario",23.122.9,v62063705
2015,0.00,"London, Ontario",23.122.9,v62063705
2006,..,"Windsor, Ontario",24.122.9,v62066855
2007,0.00,"Windsor, Ontario",24.122.9,v62066855
2008,0.00,"Windsor, Ontario",24.122.9,v62066855
2009,0.00,"Windsor, Ontario",24.122.9,v62066855
2010,0.00,"Windsor, Ontario",24.122.9,v62066855
2011,0.00,"Windsor, Ontario",24.122.9,v62066855
2012,0.00,"Windsor, Ontario",24.122.9,v62066855
2013,0.00,"Windsor, Ontario",24.122.9,v62066855
2014,0.00,"Windsor, Ontario",24.122.9,v62066855
2015,0.00,"Windsor, Ontario",24.122.9,v62066855
2006,..,"Barrie, Ontario",47.122.9,v62139305
2007,0.00,"Barrie, Ontario",47.122.9,v62139305
2008,0.00,"Barrie, Ontario",47.122.9,v62139305
2009,0.00,"Barrie, Ontario",47.122.9,v62139305
2010,0.00,"Barrie, Ontario",47.122.9,v62139305
2011,0.00,"Barrie, Ontario",47.122.9,v62139305
2012,0.00,"Barrie, Ontario",47.122.9,v62139305
2013,0.00,"Barrie, Ontario",47.122.9,v62139305
2014,0.00,"Barrie, Ontario",47.122.9,v62139305
2015,0.00,"Barrie, Ontario",47.122.9,v62139305
2006,..,"Sudbury, Ontario",25.122.9,v62070005
2007,0.00,"Sudbury, Ontario",25.122.9,v62070005
2008,0.00,"Sudbury, Ontario",25.122.9,v62070005
2009,0.00,"Sudbury, Ontario",25.122.9,v62070005
2010,0.00,"Sudbury, Ontario",25.122.9,v62070005
2011,0.00,"Sudbury, Ontario",25.122.9,v62070005
2012,0.00,"Sudbury, Ontario",25.122.9,v62070005
2013,0.00,"Sudbury, Ontario",25.122.9,v62070005
2014,0.00,"Sudbury, Ontario",25.122.9,v62070005
2015,1.00,"Sudbury, Ontario",25.122.9,v62070005
2006,..,"Thunder Bay, Ontario",26.122.9,v62073155
2007,0.00,"Thunder Bay, Ontario",26.122.9,v62073155
2008,0.00,"Thunder Bay, Ontario",26.122.9,v62073155
2009,0.00,"Thunder Bay, Ontario",26.122.9,v62073155
2010,0.00,"Thunder Bay, Ontario",26.122.9,v62073155
2011,0.00,"Thunder Bay, Ontario",26.122.9,v62073155
2012,0.00,"Thunder Bay, Ontario",26.122.9,v62073155
2013,0.00,"Thunder Bay, Ontario",26.122.9,v62073155
2014,0.00,"Thunder Bay, Ontario",26.122.9,v62073155
2015,0.00,"Thunder Bay, Ontario",26.122.9,v62073155
2006,..,"Manitoba",28.122.9,v52136965
2007,0.00,"Manitoba",28.122.9,v52136965
2008,0.00,"Manitoba",28.122.9,v52136965
2009,0.00,"Manitoba",28.122.9,v52136965
2010,0.00,"Manitoba",28.122.9,v52136965
2011,0.00,"Manitoba",28.122.9,v52136965
2012,0.00,"Manitoba",28.122.9,v52136965
2013,0.00,"Manitoba",28.122.9,v52136965
2014,0.00,"Manitoba",28.122.9,v52136965
2015,0.00,"Manitoba",28.122.9,v52136965
2006,..,"Winnipeg, Manitoba",29.122.9,v62082605
2007,0.00,"Winnipeg, Manitoba",29.122.9,v62082605
2008,0.00,"Winnipeg, Manitoba",29.122.9,v62082605
2009,0.00,"Winnipeg, Manitoba",29.122.9,v62082605
2010,0.00,"Winnipeg, Manitoba",29.122.9,v62082605
2011,0.00,"Winnipeg, Manitoba",29.122.9,v62082605
2012,0.00,"Winnipeg, Manitoba",29.122.9,v62082605
2013,0.00,"Winnipeg, Manitoba",29.122.9,v62082605
2014,0.00,"Winnipeg, Manitoba",29.122.9,v62082605
2015,0.00,"Winnipeg, Manitoba",29.122.9,v62082605
2006,..,"Saskatchewan",30.122.9,v52137132
2007,0.00,"Saskatchewan",30.122.9,v52137132
2008,0.00,"Saskatchewan",30.122.9,v52137132
2009,0.00,"Saskatchewan",30.122.9,v52137132
2010,0.00,"Saskatchewan",30.122.9,v52137132
2011,0.00,"Saskatchewan",30.122.9,v52137132
2012,0.00,"Saskatchewan",30.122.9,v52137132
2013,0.00,"Saskatchewan",30.122.9,v52137132
2014,0.00,"Saskatchewan",30.122.9,v52137132
2015,0.00,"Saskatchewan",30.122.9,v52137132
2006,..,"Regina, Saskatchewan",31.122.9,v62088905
2007,0.00,"Regina, Saskatchewan",31.122.9,v62088905
2008,0.00,"Regina, Saskatchewan",31.122.9,v62088905
2009,0.00,"Regina, Saskatchewan",31.122.9,v62088905
2010,0.00,"Regina, Saskatchewan",31.122.9,v62088905
2011,0.00,"Regina, Saskatchewan",31.122.9,v62088905
2012,0.00,"Regina, Saskatchewan",31.122.9,v62088905
2013,0.00,"Regina, Saskatchewan",31.122.9,v62088905
2014,0.00,"Regina, Saskatchewan",31.122.9,v62088905
2015,0.00,"Regina, Saskatchewan",31.122.9,v62088905
2006,..,"Saskatoon, Saskatchewan",32.122.9,v52137232
2007,0.00,"Saskatoon, Saskatchewan",32.122.9,v52137232
2008,0.00,"Saskatoon, Saskatchewan",32.122.9,v52137232
2009,0.00,"Saskatoon, Saskatchewan",32.122.9,v52137232
2010,0.00,"Saskatoon, Saskatchewan",32.122.9,v52137232
2011,0.00,"Saskatoon, Saskatchewan",32.122.9,v52137232
2012,0.00,"Saskatoon, Saskatchewan",32.122.9,v52137232
2013,0.00,"Saskatoon, Saskatchewan",32.122.9,v52137232
2014,0.00,"Saskatoon, Saskatchewan",32.122.9,v52137232
2015,0.00,"Saskatoon, Saskatchewan",32.122.9,v52137232
2006,..,"Alberta",33.122.9,v62095205
2007,0.00,"Alberta",33.122.9,v62095205
2008,0.00,"Alberta",33.122.9,v62095205
2009,0.00,"Alberta",33.122.9,v62095205
2010,0.00,"Alberta",33.122.9,v62095205
2011,0.00,"Alberta",33.122.9,v62095205
2012,0.00,"Alberta",33.122.9,v62095205
2013,0.00,"Alberta",33.122.9,v62095205
2014,0.00,"Alberta",33.122.9,v62095205
2015,0.00,"Alberta",33.122.9,v62095205
2006,..,"Calgary, Alberta",34.122.9,v62098355
2007,0.00,"Calgary, Alberta",34.122.9,v62098355
2008,0.00,"Calgary, Alberta",34.122.9,v62098355
2009,0.00,"Calgary, Alberta",34.122.9,v62098355
2010,0.00,"Calgary, Alberta",34.122.9,v62098355
2011,0.00,"Calgary, Alberta",34.122.9,v62098355
2012,0.00,"Calgary, Alberta",34.122.9,v62098355
2013,0.00,"Calgary, Alberta",34.122.9,v62098355
2014,0.00,"Calgary, Alberta",34.122.9,v62098355
2015,0.00,"Calgary, Alberta",34.122.9,v62098355
2006,..,"Edmonton, Alberta",35.122.9,v62101505
2007,0.00,"Edmonton, Alberta",35.122.9,v62101505
2008,0.00,"Edmonton, Alberta",35.122.9,v62101505
2009,0.00,"Edmonton, Alberta",35.122.9,v62101505
2010,0.00,"Edmonton, Alberta",35.122.9,v62101505
2011,0.00,"Edmonton, Alberta",35.122.9,v62101505
2012,0.00,"Edmonton, Alberta",35.122.9,v62101505
2013,0.00,"Edmonton, Alberta",35.122.9,v62101505
2014,0.00,"Edmonton, Alberta",35.122.9,v62101505
2015,0.00,"Edmonton, Alberta",35.122.9,v62101505
2006,..,"British Columbia",36.122.9,v52137411
2007,0.00,"British Columbia",36.122.9,v52137411
2008,0.00,"British Columbia",36.122.9,v52137411
2009,0.00,"British Columbia",36.122.9,v52137411
2010,0.00,"British Columbia",36.122.9,v52137411
2011,0.00,"British Columbia",36.122.9,v52137411
2012,0.00,"British Columbia",36.122.9,v52137411
2013,0.00,"British Columbia",36.122.9,v52137411
2014,0.00,"British Columbia",36.122.9,v52137411
2015,0.00,"British Columbia",36.122.9,v52137411
2006,..,"Kelowna, British Columbia",48.122.9,v62142455
2007,0.00,"Kelowna, British Columbia",48.122.9,v62142455
2008,0.00,"Kelowna, British Columbia",48.122.9,v62142455
2009,0.00,"Kelowna, British Columbia",48.122.9,v62142455
2010,0.00,"Kelowna, British Columbia",48.122.9,v62142455
2011,0.00,"Kelowna, British Columbia",48.122.9,v62142455
2012,0.00,"Kelowna, British Columbia",48.122.9,v62142455
2013,0.00,"Kelowna, British Columbia",48.122.9,v62142455
2014,0.00,"Kelowna, British Columbia",48.122.9,v62142455
2015,0.00,"Kelowna, British Columbia",48.122.9,v62142455
2006,..,"Abbotsford-Mission, British Columbia",39.122.9,v62114105
2007,0.00,"Abbotsford-Mission, British Columbia",39.122.9,v62114105
2008,0.00,"Abbotsford-Mission, British Columbia",39.122.9,v62114105
2009,0.00,"Abbotsford-Mission, British Columbia",39.122.9,v62114105
2010,0.00,"Abbotsford-Mission, British Columbia",39.122.9,v62114105
2011,0.00,"Abbotsford-Mission, British Columbia",39.122.9,v62114105
2012,0.00,"Abbotsford-Mission, British Columbia",39.122.9,v62114105
2013,0.00,"Abbotsford-Mission, British Columbia",39.122.9,v62114105
2014,0.00,"Abbotsford-Mission, British Columbia",39.122.9,v62114105
2015,0.00,"Abbotsford-Mission, British Columbia",39.122.9,v62114105
2006,..,"Vancouver, British Columbia",37.122.9,v52137574
2007,0.00,"Vancouver, British Columbia",37.122.9,v52137574
2008,0.00,"Vancouver, British Columbia",37.122.9,v52137574
2009,0.00,"Vancouver, British Columbia",37.122.9,v52137574
2010,0.00,"Vancouver, British Columbia",37.122.9,v52137574
2011,0.00,"Vancouver, British Columbia",37.122.9,v52137574
2012,0.00,"Vancouver, British Columbia",37.122.9,v52137574
2013,0.00,"Vancouver, British Columbia",37.122.9,v52137574
2014,0.00,"Vancouver, British Columbia",37.122.9,v52137574
2015,0.00,"Vancouver, British Columbia",37.122.9,v52137574
2006,..,"Victoria, British Columbia",38.122.9,v62110955
2007,0.00,"Victoria, British Columbia",38.122.9,v62110955
2008,0.00,"Victoria, British Columbia",38.122.9,v62110955
2009,0.00,"Victoria, British Columbia",38.122.9,v62110955
2010,0.00,"Victoria, British Columbia",38.122.9,v62110955
2011,0.00,"Victoria, British Columbia",38.122.9,v62110955
2012,0.00,"Victoria, British Columbia",38.122.9,v62110955
2013,0.00,"Victoria, British Columbia",38.122.9,v62110955
2014,0.00,"Victoria, British Columbia",38.122.9,v62110955
2015,0.00,"Victoria, British Columbia",38.122.9,v62110955
2006,..,"Yukon",40.122.9,v62117255
2007,0.00,"Yukon",40.122.9,v62117255
2008,0.00,"Yukon",40.122.9,v62117255
2009,0.00,"Yukon",40.122.9,v62117255
2010,0.00,"Yukon",40.122.9,v62117255
2011,0.00,"Yukon",40.122.9,v62117255
2012,0.00,"Yukon",40.122.9,v62117255
2013,0.00,"Yukon",40.122.9,v62117255
2014,0.00,"Yukon",40.122.9,v62117255
2015,0.00,"Yukon",40.122.9,v62117255
2006,..,"Northwest Territories",41.122.9,v62120405
2007,0.00,"Northwest Territories",41.122.9,v62120405
2008,0.00,"Northwest Territories",41.122.9,v62120405
2009,0.00,"Northwest Territories",41.122.9,v62120405
2010,0.00,"Northwest Territories",41.122.9,v62120405
2011,0.00,"Northwest Territories",41.122.9,v62120405
2012,0.00,"Northwest Territories",41.122.9,v62120405
2013,0.00,"Northwest Territories",41.122.9,v62120405
2014,0.00,"Northwest Territories",41.122.9,v62120405
2015,0.00,"Northwest Territories",41.122.9,v62120405
2006,..,"Nunavut",42.122.9,v62123555
2007,0.00,"Nunavut",42.122.9,v62123555
2008,0.00,"Nunavut",42.122.9,v62123555
2009,0.00,"Nunavut",42.122.9,v62123555
2010,0.00,"Nunavut",42.122.9,v62123555
2011,0.00,"Nunavut",42.122.9,v62123555
2012,0.00,"Nunavut",42.122.9,v62123555
2013,0.00,"Nunavut",42.122.9,v62123555
2014,0.00,"Nunavut",42.122.9,v62123555
2015,0.00,"Nunavut",42.122.9,v62123555
