1998,2366.38,"Canada",1.76.2,v44327702
1999,2231.19,"Canada",1.76.2,v44327702
2000,2160.51,"Canada",1.76.2,v44327702
2001,2126.40,"Canada",1.76.2,v44327702
2002,2128.34,"Canada",1.76.2,v44327702
2003,2214.32,"Canada",1.76.2,v44327702
2004,2110.16,"Canada",1.76.2,v44327702
2005,1980.71,"Canada",1.76.2,v44327702
2006,1896.86,"Canada",1.76.2,v44327702
2007,1763.79,"Canada",1.76.2,v44327702
2008,1663.24,"Canada",1.76.2,v44327702
2009,1662.74,"Canada",1.76.2,v44327702
2010,1554.41,"Canada",1.76.2,v44327702
2011,1457.35,"Canada",1.76.2,v44327702
2012,1437.30,"Canada",1.76.2,v44327702
2013,1343.25,"Canada",1.76.2,v44327702
2014,1330.51,"Canada",1.76.2,v44327702
2015,1362.67,"Canada",1.76.2,v44327702
1998,1359.06,"Newfoundland and Labrador",2.76.2,v44383033
1999,1339.87,"Newfoundland and Labrador",2.76.2,v44383033
2000,1366.93,"Newfoundland and Labrador",2.76.2,v44383033
2001,1291.87,"Newfoundland and Labrador",2.76.2,v44383033
2002,1420.90,"Newfoundland and Labrador",2.76.2,v44383033
2003,1454.52,"Newfoundland and Labrador",2.76.2,v44383033
2004,1353.18,"Newfoundland and Labrador",2.76.2,v44383033
2005,1305.50,"Newfoundland and Labrador",2.76.2,v44383033
2006,1247.79,"Newfoundland and Labrador",2.76.2,v44383033
2007,1167.69,"Newfoundland and Labrador",2.76.2,v44383033
2008,1082.41,"Newfoundland and Labrador",2.76.2,v44383033
2009,1195.79,"Newfoundland and Labrador",2.76.2,v44383033
2010,1270.76,"Newfoundland and Labrador",2.76.2,v44383033
2011,1241.82,"Newfoundland and Labrador",2.76.2,v44383033
2012,1149.75,"Newfoundland and Labrador",2.76.2,v44383033
2013,1235.95,"Newfoundland and Labrador",2.76.2,v44383033
2014,1102.12,"Newfoundland and Labrador",2.76.2,v44383033
2015,1162.66,"Newfoundland and Labrador",2.76.2,v44383033
1998,2323.00,"St. John's, Newfoundland and Labrador",3.76.2,v44410635
1999,2044.70,"St. John's, Newfoundland and Labrador",3.76.2,v44410635
2000,2310.64,"St. John's, Newfoundland and Labrador",3.76.2,v44410635
2001,2133.67,"St. John's, Newfoundland and Labrador",3.76.2,v44410635
2002,2430.10,"St. John's, Newfoundland and Labrador",3.76.2,v44410635
2003,2309.54,"St. John's, Newfoundland and Labrador",3.76.2,v44410635
2004,2178.43,"St. John's, Newfoundland and Labrador",3.76.2,v44410635
2005,2079.48,"St. John's, Newfoundland and Labrador",3.76.2,v44410635
2006,2157.67,"St. John's, Newfoundland and Labrador",3.76.2,v44410635
2007,1988.78,"St. John's, Newfoundland and Labrador",3.76.2,v44410635
2008,1700.61,"St. John's, Newfoundland and Labrador",3.76.2,v44410635
2009,1988.40,"St. John's, Newfoundland and Labrador",3.76.2,v44410635
2010,2134.68,"St. John's, Newfoundland and Labrador",3.76.2,v44410635
2011,2119.45,"St. John's, Newfoundland and Labrador",3.76.2,v44410635
2012,1841.08,"St. John's, Newfoundland and Labrador",3.76.2,v44410635
2013,2026.32,"St. John's, Newfoundland and Labrador",3.76.2,v44410635
2014,1685.12,"St. John's, Newfoundland and Labrador",3.76.2,v44410635
2015,1847.64,"St. John's, Newfoundland and Labrador",3.76.2,v44410635
1998,1660.30,"Prince Edward Island",4.76.2,v44370446
1999,1890.74,"Prince Edward Island",4.76.2,v44370446
2000,1907.16,"Prince Edward Island",4.76.2,v44370446
2001,1898.83,"Prince Edward Island",4.76.2,v44370446
2002,1998.89,"Prince Edward Island",4.76.2,v44370446
2003,2266.42,"Prince Edward Island",4.76.2,v44370446
2004,2352.66,"Prince Edward Island",4.76.2,v44370446
2005,2210.71,"Prince Edward Island",4.76.2,v44370446
2006,2031.70,"Prince Edward Island",4.76.2,v44370446
2007,1791.30,"Prince Edward Island",4.76.2,v44370446
2008,1988.27,"Prince Edward Island",4.76.2,v44370446
2009,1984.15,"Prince Edward Island",4.76.2,v44370446
2010,2123.12,"Prince Edward Island",4.76.2,v44370446
2011,2075.15,"Prince Edward Island",4.76.2,v44370446
2012,2225.68,"Prince Edward Island",4.76.2,v44370446
2013,2271.71,"Prince Edward Island",4.76.2,v44370446
2014,1611.91,"Prince Edward Island",4.76.2,v44370446
2015,1300.13,"Prince Edward Island",4.76.2,v44370446
1998,2338.00,"Nova Scotia",5.76.2,v44332842
1999,2230.45,"Nova Scotia",5.76.2,v44332842
2000,1969.52,"Nova Scotia",5.76.2,v44332842
2001,2076.56,"Nova Scotia",5.76.2,v44332842
2002,1905.32,"Nova Scotia",5.76.2,v44332842
2003,2031.38,"Nova Scotia",5.76.2,v44332842
2004,2133.65,"Nova Scotia",5.76.2,v44332842
2005,1945.86,"Nova Scotia",5.76.2,v44332842
2006,1932.57,"Nova Scotia",5.76.2,v44332842
2007,1670.89,"Nova Scotia",5.76.2,v44332842
2008,1491.56,"Nova Scotia",5.76.2,v44332842
2009,1567.05,"Nova Scotia",5.76.2,v44332842
2010,1709.53,"Nova Scotia",5.76.2,v44332842
2011,1659.45,"Nova Scotia",5.76.2,v44332842
2012,1708.45,"Nova Scotia",5.76.2,v44332842
2013,1530.98,"Nova Scotia",5.76.2,v44332842
2014,1422.13,"Nova Scotia",5.76.2,v44332842
2015,1202.01,"Nova Scotia",5.76.2,v44332842
1998,3725.67,"Halifax, Nova Scotia",6.76.2,v44416917
1999,3410.50,"Halifax, Nova Scotia",6.76.2,v44416917
2000,2722.29,"Halifax, Nova Scotia",6.76.2,v44416917
2001,3044.29,"Halifax, Nova Scotia",6.76.2,v44416917
2002,2508.98,"Halifax, Nova Scotia",6.76.2,v44416917
2003,2649.67,"Halifax, Nova Scotia",6.76.2,v44416917
2004,2818.65,"Halifax, Nova Scotia",6.76.2,v44416917
2005,2546.98,"Halifax, Nova Scotia",6.76.2,v44416917
2006,2388.81,"Halifax, Nova Scotia",6.76.2,v44416917
2007,1969.78,"Halifax, Nova Scotia",6.76.2,v44416917
2008,1677.80,"Halifax, Nova Scotia",6.76.2,v44416917
2009,1871.12,"Halifax, Nova Scotia",6.76.2,v44416917
2010,2013.31,"Halifax, Nova Scotia",6.76.2,v44416917
2011,2005.26,"Halifax, Nova Scotia",6.76.2,v44416917
2012,2085.78,"Halifax, Nova Scotia",6.76.2,v44416917
2013,1862.18,"Halifax, Nova Scotia",6.76.2,v44416917
2014,1711.21,"Halifax, Nova Scotia",6.76.2,v44416917
2015,1430.60,"Halifax, Nova Scotia",6.76.2,v44416917
1998,1439.48,"New Brunswick",7.76.2,v44364135
1999,1485.99,"New Brunswick",7.76.2,v44364135
2000,1566.65,"New Brunswick",7.76.2,v44364135
2001,1517.20,"New Brunswick",7.76.2,v44364135
2002,1575.14,"New Brunswick",7.76.2,v44364135
2003,1641.60,"New Brunswick",7.76.2,v44364135
2004,1598.41,"New Brunswick",7.76.2,v44364135
2005,1423.87,"New Brunswick",7.76.2,v44364135
2006,1443.79,"New Brunswick",7.76.2,v44364135
2007,1314.45,"New Brunswick",7.76.2,v44364135
2008,1344.97,"New Brunswick",7.76.2,v44364135
2009,1289.01,"New Brunswick",7.76.2,v44364135
2010,1346.67,"New Brunswick",7.76.2,v44364135
2011,1214.51,"New Brunswick",7.76.2,v44364135
2012,1318.38,"New Brunswick",7.76.2,v44364135
2013,1160.62,"New Brunswick",7.76.2,v44364135
2014,1005.99,"New Brunswick",7.76.2,v44364135
2015,1208.96,"New Brunswick",7.76.2,v44364135
2005,..,"Moncton, New Brunswick",43.76.2,v52123817
2006,2228.90,"Moncton, New Brunswick",43.76.2,v52123817
2007,1912.35,"Moncton, New Brunswick",43.76.2,v52123817
2008,1597.43,"Moncton, New Brunswick",43.76.2,v52123817
2009,1656.22,"Moncton, New Brunswick",43.76.2,v52123817
2010,1630.53,"Moncton, New Brunswick",43.76.2,v52123817
2011,1583.38,"Moncton, New Brunswick",43.76.2,v52123817
2012,1957.15,"Moncton, New Brunswick",43.76.2,v52123817
2013,1647.71,"Moncton, New Brunswick",43.76.2,v52123817
2014,1441.24,"Moncton, New Brunswick",43.76.2,v52123817
2015,1912.75,"Moncton, New Brunswick",43.76.2,v52123817
1998,1790.00,"Saint John, New Brunswick",8.76.2,v44386689
1999,1622.98,"Saint John, New Brunswick",8.76.2,v44386689
2000,1738.46,"Saint John, New Brunswick",8.76.2,v44386689
2001,1642.38,"Saint John, New Brunswick",8.76.2,v44386689
2002,1922.55,"Saint John, New Brunswick",8.76.2,v44386689
2003,1796.34,"Saint John, New Brunswick",8.76.2,v44386689
2004,1651.76,"Saint John, New Brunswick",8.76.2,v44386689
2005,1502.49,"Saint John, New Brunswick",8.76.2,v44386689
2006,1709.65,"Saint John, New Brunswick",8.76.2,v44386689
2007,1701.85,"Saint John, New Brunswick",8.76.2,v44386689
2008,1741.72,"Saint John, New Brunswick",8.76.2,v44386689
2009,1664.17,"Saint John, New Brunswick",8.76.2,v44386689
2010,1773.30,"Saint John, New Brunswick",8.76.2,v44386689
2011,1435.36,"Saint John, New Brunswick",8.76.2,v44386689
2012,1517.36,"Saint John, New Brunswick",8.76.2,v44386689
2013,1412.44,"Saint John, New Brunswick",8.76.2,v44386689
2014,1182.11,"Saint John, New Brunswick",8.76.2,v44386689
2015,1097.85,"Saint John, New Brunswick",8.76.2,v44386689
1998,1751.86,"Quebec",9.76.2,v44411839
1999,1617.48,"Quebec",9.76.2,v44411839
2000,1632.25,"Quebec",9.76.2,v44411839
2001,1583.27,"Quebec",9.76.2,v44411839
2002,1519.11,"Quebec",9.76.2,v44411839
2003,1517.96,"Quebec",9.76.2,v44411839
2004,1478.60,"Quebec",9.76.2,v44411839
2005,1434.06,"Quebec",9.76.2,v44411839
2006,1403.84,"Quebec",9.76.2,v44411839
2007,1320.09,"Quebec",9.76.2,v44411839
2008,1360.79,"Quebec",9.76.2,v44411839
2009,1300.81,"Quebec",9.76.2,v44411839
2010,1204.94,"Quebec",9.76.2,v44411839
2011,1100.20,"Quebec",9.76.2,v44411839
2012,1044.74,"Quebec",9.76.2,v44411839
2013,918.05,"Quebec",9.76.2,v44411839
2014,835.78,"Quebec",9.76.2,v44411839
2015,790.66,"Quebec",9.76.2,v44411839
1998,1854.18,"Saguenay, Quebec",10.76.2,v44398162
1999,1466.13,"Saguenay, Quebec",10.76.2,v44398162
2000,1476.89,"Saguenay, Quebec",10.76.2,v44398162
2001,1360.55,"Saguenay, Quebec",10.76.2,v44398162
2002,1187.05,"Saguenay, Quebec",10.76.2,v44398162
2003,1210.82,"Saguenay, Quebec",10.76.2,v44398162
2004,1134.81,"Saguenay, Quebec",10.76.2,v44398162
2005,1000.56,"Saguenay, Quebec",10.76.2,v44398162
2006,942.06,"Saguenay, Quebec",10.76.2,v44398162
2007,974.42,"Saguenay, Quebec",10.76.2,v44398162
2008,889.74,"Saguenay, Quebec",10.76.2,v44398162
2009,988.60,"Saguenay, Quebec",10.76.2,v44398162
2010,929.12,"Saguenay, Quebec",10.76.2,v44398162
2011,842.06,"Saguenay, Quebec",10.76.2,v44398162
2012,703.61,"Saguenay, Quebec",10.76.2,v44398162
2013,645.17,"Saguenay, Quebec",10.76.2,v44398162
2014,643.65,"Saguenay, Quebec",10.76.2,v44398162
2015,710.42,"Saguenay, Quebec",10.76.2,v44398162
1998,1759.40,"Sherbrooke, Quebec",12.76.2,v44415792
1999,1589.85,"Sherbrooke, Quebec",12.76.2,v44415792
2000,1715.24,"Sherbrooke, Quebec",12.76.2,v44415792
2001,1677.21,"Sherbrooke, Quebec",12.76.2,v44415792
2002,1751.39,"Sherbrooke, Quebec",12.76.2,v44415792
2003,1642.39,"Sherbrooke, Quebec",12.76.2,v44415792
2004,1427.32,"Sherbrooke, Quebec",12.76.2,v44415792
2005,1149.81,"Sherbrooke, Quebec",12.76.2,v44415792
2006,1231.64,"Sherbrooke, Quebec",12.76.2,v44415792
2007,1182.48,"Sherbrooke, Quebec",12.76.2,v44415792
2008,1108.32,"Sherbrooke, Quebec",12.76.2,v44415792
2009,1215.88,"Sherbrooke, Quebec",12.76.2,v44415792
2010,1076.54,"Sherbrooke, Quebec",12.76.2,v44415792
2011,978.75,"Sherbrooke, Quebec",12.76.2,v44415792
2012,975.35,"Sherbrooke, Quebec",12.76.2,v44415792
2013,857.28,"Sherbrooke, Quebec",12.76.2,v44415792
2014,771.66,"Sherbrooke, Quebec",12.76.2,v44415792
2015,769.81,"Sherbrooke, Quebec",12.76.2,v44415792
1998,2019.82,"Ottawa-Gatineau, Quebec part",15.76.2,v44391061
1999,1911.93,"Ottawa-Gatineau, Quebec part",15.76.2,v44391061
2000,1887.09,"Ottawa-Gatineau, Quebec part",15.76.2,v44391061
2001,1633.80,"Ottawa-Gatineau, Quebec part",15.76.2,v44391061
2002,1729.97,"Ottawa-Gatineau, Quebec part",15.76.2,v44391061
2003,1665.27,"Ottawa-Gatineau, Quebec part",15.76.2,v44391061
2004,1647.05,"Ottawa-Gatineau, Quebec part",15.76.2,v44391061
2005,1450.62,"Ottawa-Gatineau, Quebec part",15.76.2,v44391061
2006,1336.06,"Ottawa-Gatineau, Quebec part",15.76.2,v44391061
2007,1385.95,"Ottawa-Gatineau, Quebec part",15.76.2,v44391061
2008,1417.46,"Ottawa-Gatineau, Quebec part",15.76.2,v44391061
2009,1186.85,"Ottawa-Gatineau, Quebec part",15.76.2,v44391061
2010,1212.48,"Ottawa-Gatineau, Quebec part",15.76.2,v44391061
2011,1027.08,"Ottawa-Gatineau, Quebec part",15.76.2,v44391061
2012,1068.64,"Ottawa-Gatineau, Quebec part",15.76.2,v44391061
2013,900.46,"Ottawa-Gatineau, Quebec part",15.76.2,v44391061
2014,765.96,"Ottawa-Gatineau, Quebec part",15.76.2,v44391061
2015,793.05,"Ottawa-Gatineau, Quebec part",15.76.2,v44391061
1998,2078.20,"Ontario",16.76.2,v44374561
1999,1901.33,"Ontario",16.76.2,v44374561
2000,1801.76,"Ontario",16.76.2,v44374561
2001,1754.14,"Ontario",16.76.2,v44374561
2002,1754.40,"Ontario",16.76.2,v44374561
2003,1746.46,"Ontario",16.76.2,v44374561
2004,1601.36,"Ontario",16.76.2,v44374561
2005,1521.21,"Ontario",16.76.2,v44374561
2006,1544.30,"Ontario",16.76.2,v44374561
2007,1474.11,"Ontario",16.76.2,v44374561
2008,1429.13,"Ontario",16.76.2,v44374561
2009,1450.84,"Ontario",16.76.2,v44374561
2010,1373.41,"Ontario",16.76.2,v44374561
2011,1318.72,"Ontario",16.76.2,v44374561
2012,1287.22,"Ontario",16.76.2,v44374561
2013,1179.34,"Ontario",16.76.2,v44374561
2014,1141.08,"Ontario",16.76.2,v44374561
2015,1113.37,"Ontario",16.76.2,v44374561
1998,2389.14,"Ottawa-Gatineau, Ontario/Quebec",17.76.2,v52148291
1999,2036.36,"Ottawa-Gatineau, Ontario/Quebec",17.76.2,v52148291
2000,1749.01,"Ottawa-Gatineau, Ontario/Quebec",17.76.2,v52148291
2001,1787.80,"Ottawa-Gatineau, Ontario/Quebec",17.76.2,v52148291
2002,1938.95,"Ottawa-Gatineau, Ontario/Quebec",17.76.2,v52148291
2003,1940.82,"Ottawa-Gatineau, Ontario/Quebec",17.76.2,v52148291
2004,1688.79,"Ottawa-Gatineau, Ontario/Quebec",17.76.2,v52148291
2005,1639.20,"Ottawa-Gatineau, Ontario/Quebec",17.76.2,v52148291
2006,1679.11,"Ottawa-Gatineau, Ontario/Quebec",17.76.2,v52148291
2007,1624.46,"Ottawa-Gatineau, Ontario/Quebec",17.76.2,v52148291
2008,1501.44,"Ottawa-Gatineau, Ontario/Quebec",17.76.2,v52148291
2009,1483.90,"Ottawa-Gatineau, Ontario/Quebec",17.76.2,v52148291
2010,1421.59,"Ottawa-Gatineau, Ontario/Quebec",17.76.2,v52148291
2011,1417.63,"Ottawa-Gatineau, Ontario/Quebec",17.76.2,v52148291
2012,1429.82,"Ottawa-Gatineau, Ontario/Quebec",17.76.2,v52148291
2013,1193.81,"Ottawa-Gatineau, Ontario/Quebec",17.76.2,v52148291
2014,1115.62,"Ottawa-Gatineau, Ontario/Quebec",17.76.2,v52148291
2015,1094.87,"Ottawa-Gatineau, Ontario/Quebec",17.76.2,v52148291
1998,2511.90,"Ottawa-Gatineau, Ontario part",18.76.2,v44345488
1999,2076.34,"Ottawa-Gatineau, Ontario part",18.76.2,v44345488
2000,1705.11,"Ottawa-Gatineau, Ontario part",18.76.2,v44345488
2001,1836.31,"Ottawa-Gatineau, Ontario part",18.76.2,v44345488
2002,2005.02,"Ottawa-Gatineau, Ontario part",18.76.2,v44345488
2003,2028.60,"Ottawa-Gatineau, Ontario part",18.76.2,v44345488
2004,1702.09,"Ottawa-Gatineau, Ontario part",18.76.2,v44345488
2005,1699.68,"Ottawa-Gatineau, Ontario part",18.76.2,v44345488
2006,1789.74,"Ottawa-Gatineau, Ontario part",18.76.2,v44345488
2007,1701.86,"Ottawa-Gatineau, Ontario part",18.76.2,v44345488
2008,1528.68,"Ottawa-Gatineau, Ontario part",18.76.2,v44345488
2009,1580.95,"Ottawa-Gatineau, Ontario part",18.76.2,v44345488
2010,1490.64,"Ottawa-Gatineau, Ontario part",18.76.2,v44345488
2011,1547.19,"Ottawa-Gatineau, Ontario part",18.76.2,v44345488
2012,1549.63,"Ottawa-Gatineau, Ontario part",18.76.2,v44345488
2013,1290.89,"Ottawa-Gatineau, Ontario part",18.76.2,v44345488
2014,1231.11,"Ottawa-Gatineau, Ontario part",18.76.2,v44345488
2015,1194.24,"Ottawa-Gatineau, Ontario part",18.76.2,v44345488
2000,..,"Kingston, Ontario",27.76.2,v44362129
2001,2422.38,"Kingston, Ontario",27.76.2,v44362129
2002,2386.18,"Kingston, Ontario",27.76.2,v44362129
2003,2296.68,"Kingston, Ontario",27.76.2,v44362129
2004,2619.01,"Kingston, Ontario",27.76.2,v44362129
2005,2355.20,"Kingston, Ontario",27.76.2,v44362129
2006,2285.47,"Kingston, Ontario",27.76.2,v44362129
2007,1891.03,"Kingston, Ontario",27.76.2,v44362129
2008,1817.85,"Kingston, Ontario",27.76.2,v44362129
2009,1678.31,"Kingston, Ontario",27.76.2,v44362129
2010,1750.89,"Kingston, Ontario",27.76.2,v44362129
2011,1797.02,"Kingston, Ontario",27.76.2,v44362129
2012,1838.65,"Kingston, Ontario",27.76.2,v44362129
2013,1754.17,"Kingston, Ontario",27.76.2,v44362129
2014,1985.75,"Kingston, Ontario",27.76.2,v44362129
2015,1983.79,"Kingston, Ontario",27.76.2,v44362129
2005,..,"Peterborough, Ontario",44.76.2,v52124297
2006,2343.70,"Peterborough, Ontario",44.76.2,v52124297
2007,1677.45,"Peterborough, Ontario",44.76.2,v52124297
2008,1901.90,"Peterborough, Ontario",44.76.2,v52124297
2009,1926.47,"Peterborough, Ontario",44.76.2,v52124297
2010,1686.52,"Peterborough, Ontario",44.76.2,v52124297
2011,1571.10,"Peterborough, Ontario",44.76.2,v52124297
2012,1630.96,"Peterborough, Ontario",44.76.2,v52124297
2013,1649.90,"Peterborough, Ontario",44.76.2,v52124297
2014,1754.92,"Peterborough, Ontario",44.76.2,v52124297
2015,1496.27,"Peterborough, Ontario",44.76.2,v52124297
1998,1879.43,"Toronto, Ontario",19.76.2,v44353755
1999,1745.52,"Toronto, Ontario",19.76.2,v44353755
2000,1623.75,"Toronto, Ontario",19.76.2,v44353755
2001,1598.46,"Toronto, Ontario",19.76.2,v44353755
2002,1592.04,"Toronto, Ontario",19.76.2,v44353755
2003,1522.95,"Toronto, Ontario",19.76.2,v44353755
2004,1362.22,"Toronto, Ontario",19.76.2,v44353755
2005,1293.65,"Toronto, Ontario",19.76.2,v44353755
2006,1334.66,"Toronto, Ontario",19.76.2,v44353755
2007,1288.27,"Toronto, Ontario",19.76.2,v44353755
2008,1218.36,"Toronto, Ontario",19.76.2,v44353755
2009,1232.28,"Toronto, Ontario",19.76.2,v44353755
2010,1161.80,"Toronto, Ontario",19.76.2,v44353755
2011,1155.06,"Toronto, Ontario",19.76.2,v44353755
2012,1099.34,"Toronto, Ontario",19.76.2,v44353755
2013,1045.79,"Toronto, Ontario",19.76.2,v44353755
2014,988.64,"Toronto, Ontario",19.76.2,v44353755
2015,978.59,"Toronto, Ontario",19.76.2,v44353755
1998,2038.78,"Hamilton, Ontario",20.76.2,v44403671
1999,1943.53,"Hamilton, Ontario",20.76.2,v44403671
2000,1836.46,"Hamilton, Ontario",20.76.2,v44403671
2001,1885.02,"Hamilton, Ontario",20.76.2,v44403671
2002,1850.98,"Hamilton, Ontario",20.76.2,v44403671
2003,1881.91,"Hamilton, Ontario",20.76.2,v44403671
2004,1691.39,"Hamilton, Ontario",20.76.2,v44403671
2005,1572.61,"Hamilton, Ontario",20.76.2,v44403671
2006,1501.33,"Hamilton, Ontario",20.76.2,v44403671
2007,1495.96,"Hamilton, Ontario",20.76.2,v44403671
2008,1562.86,"Hamilton, Ontario",20.76.2,v44403671
2009,1487.48,"Hamilton, Ontario",20.76.2,v44403671
2010,1486.27,"Hamilton, Ontario",20.76.2,v44403671
2011,1397.84,"Hamilton, Ontario",20.76.2,v44403671
2012,1335.59,"Hamilton, Ontario",20.76.2,v44403671
2013,1233.83,"Hamilton, Ontario",20.76.2,v44403671
2014,1124.06,"Hamilton, Ontario",20.76.2,v44403671
2015,1117.29,"Hamilton, Ontario",20.76.2,v44403671
1998,2255.71,"St.Catharines-Niagara, Ontario",21.76.2,v44339422
1999,2030.12,"St.Catharines-Niagara, Ontario",21.76.2,v44339422
2000,1949.82,"St.Catharines-Niagara, Ontario",21.76.2,v44339422
2001,2082.14,"St.Catharines-Niagara, Ontario",21.76.2,v44339422
2002,2051.12,"St.Catharines-Niagara, Ontario",21.76.2,v44339422
2003,2091.39,"St.Catharines-Niagara, Ontario",21.76.2,v44339422
2004,1900.76,"St.Catharines-Niagara, Ontario",21.76.2,v44339422
2005,1902.14,"St.Catharines-Niagara, Ontario",21.76.2,v44339422
2006,1803.32,"St.Catharines-Niagara, Ontario",21.76.2,v44339422
2007,1718.97,"St.Catharines-Niagara, Ontario",21.76.2,v44339422
2008,1825.50,"St.Catharines-Niagara, Ontario",21.76.2,v44339422
2009,1798.31,"St.Catharines-Niagara, Ontario",21.76.2,v44339422
2010,1715.32,"St.Catharines-Niagara, Ontario",21.76.2,v44339422
2011,1559.38,"St.Catharines-Niagara, Ontario",21.76.2,v44339422
2012,1598.51,"St.Catharines-Niagara, Ontario",21.76.2,v44339422
2013,1368.81,"St.Catharines-Niagara, Ontario",21.76.2,v44339422
2014,1216.19,"St.Catharines-Niagara, Ontario",21.76.2,v44339422
2015,1220.22,"St.Catharines-Niagara, Ontario",21.76.2,v44339422
1998,2187.51,"Kitchener-Cambridge-Waterloo, Ontario",22.76.2,v44335908
1999,1927.99,"Kitchener-Cambridge-Waterloo, Ontario",22.76.2,v44335908
2000,1773.97,"Kitchener-Cambridge-Waterloo, Ontario",22.76.2,v44335908
2001,1740.99,"Kitchener-Cambridge-Waterloo, Ontario",22.76.2,v44335908
2002,1895.70,"Kitchener-Cambridge-Waterloo, Ontario",22.76.2,v44335908
2003,1969.01,"Kitchener-Cambridge-Waterloo, Ontario",22.76.2,v44335908
2004,1739.75,"Kitchener-Cambridge-Waterloo, Ontario",22.76.2,v44335908
2005,1677.69,"Kitchener-Cambridge-Waterloo, Ontario",22.76.2,v44335908
2006,1549.41,"Kitchener-Cambridge-Waterloo, Ontario",22.76.2,v44335908
2007,1468.75,"Kitchener-Cambridge-Waterloo, Ontario",22.76.2,v44335908
2008,1431.37,"Kitchener-Cambridge-Waterloo, Ontario",22.76.2,v44335908
2009,1616.59,"Kitchener-Cambridge-Waterloo, Ontario",22.76.2,v44335908
2010,1343.39,"Kitchener-Cambridge-Waterloo, Ontario",22.76.2,v44335908
2011,1456.60,"Kitchener-Cambridge-Waterloo, Ontario",22.76.2,v44335908
2012,1624.70,"Kitchener-Cambridge-Waterloo, Ontario",22.76.2,v44335908
2013,1531.08,"Kitchener-Cambridge-Waterloo, Ontario",22.76.2,v44335908
2014,1480.48,"Kitchener-Cambridge-Waterloo, Ontario",22.76.2,v44335908
2015,1588.91,"Kitchener-Cambridge-Waterloo, Ontario",22.76.2,v44335908
2005,..,"Brantford, Ontario",45.76.2,v52122077
2006,2283.22,"Brantford, Ontario",45.76.2,v52122077
2007,2139.49,"Brantford, Ontario",45.76.2,v52122077
2008,1870.31,"Brantford, Ontario",45.76.2,v52122077
2009,1879.10,"Brantford, Ontario",45.76.2,v52122077
2010,1771.51,"Brantford, Ontario",45.76.2,v52122077
2011,1788.23,"Brantford, Ontario",45.76.2,v52122077
2012,1990.73,"Brantford, Ontario",45.76.2,v52122077
2013,1767.26,"Brantford, Ontario",45.76.2,v52122077
2014,1575.23,"Brantford, Ontario",45.76.2,v52122077
2015,1532.77,"Brantford, Ontario",45.76.2,v52122077
2005,..,"Guelph, Ontario",46.76.2,v52127029
2006,1451.75,"Guelph, Ontario",46.76.2,v52127029
2007,1630.97,"Guelph, Ontario",46.76.2,v52127029
2008,1756.22,"Guelph, Ontario",46.76.2,v52127029
2009,1857.81,"Guelph, Ontario",46.76.2,v52127029
2010,1241.27,"Guelph, Ontario",46.76.2,v52127029
2011,1208.61,"Guelph, Ontario",46.76.2,v52127029
2012,1342.23,"Guelph, Ontario",46.76.2,v52127029
2013,1275.76,"Guelph, Ontario",46.76.2,v52127029
2014,1390.22,"Guelph, Ontario",46.76.2,v52127029
2015,1409.08,"Guelph, Ontario",46.76.2,v52127029
1998,2765.09,"London, Ontario",23.76.2,v44336714
1999,2746.05,"London, Ontario",23.76.2,v44336714
2000,2751.86,"London, Ontario",23.76.2,v44336714
2001,2575.67,"London, Ontario",23.76.2,v44336714
2002,2324.00,"London, Ontario",23.76.2,v44336714
2003,2470.12,"London, Ontario",23.76.2,v44336714
2004,2230.36,"London, Ontario",23.76.2,v44336714
2005,2289.95,"London, Ontario",23.76.2,v44336714
2006,2477.08,"London, Ontario",23.76.2,v44336714
2007,2305.62,"London, Ontario",23.76.2,v44336714
2008,2440.98,"London, Ontario",23.76.2,v44336714
2009,2461.77,"London, Ontario",23.76.2,v44336714
2010,2093.43,"London, Ontario",23.76.2,v44336714
2011,1903.76,"London, Ontario",23.76.2,v44336714
2012,1871.10,"London, Ontario",23.76.2,v44336714
2013,1742.14,"London, Ontario",23.76.2,v44336714
2014,1885.77,"London, Ontario",23.76.2,v44336714
2015,1715.36,"London, Ontario",23.76.2,v44336714
1998,2494.43,"Windsor, Ontario",24.76.2,v44370180
1999,1968.78,"Windsor, Ontario",24.76.2,v44370180
2000,2053.03,"Windsor, Ontario",24.76.2,v44370180
2001,2071.41,"Windsor, Ontario",24.76.2,v44370180
2002,2398.91,"Windsor, Ontario",24.76.2,v44370180
2003,2545.02,"Windsor, Ontario",24.76.2,v44370180
2004,2445.27,"Windsor, Ontario",24.76.2,v44370180
2005,2066.59,"Windsor, Ontario",24.76.2,v44370180
2006,2120.27,"Windsor, Ontario",24.76.2,v44370180
2007,1969.33,"Windsor, Ontario",24.76.2,v44370180
2008,1621.16,"Windsor, Ontario",24.76.2,v44370180
2009,1677.79,"Windsor, Ontario",24.76.2,v44370180
2010,1813.12,"Windsor, Ontario",24.76.2,v44370180
2011,1572.17,"Windsor, Ontario",24.76.2,v44370180
2012,1609.65,"Windsor, Ontario",24.76.2,v44370180
2013,1536.79,"Windsor, Ontario",24.76.2,v44370180
2014,1522.91,"Windsor, Ontario",24.76.2,v44370180
2015,1556.51,"Windsor, Ontario",24.76.2,v44370180
2005,..,"Barrie, Ontario",47.76.2,v52144749
2006,1606.87,"Barrie, Ontario",47.76.2,v52144749
2007,1657.73,"Barrie, Ontario",47.76.2,v52144749
2008,1693.02,"Barrie, Ontario",47.76.2,v52144749
2009,1791.31,"Barrie, Ontario",47.76.2,v52144749
2010,1699.41,"Barrie, Ontario",47.76.2,v52144749
2011,1520.47,"Barrie, Ontario",47.76.2,v52144749
2012,1348.55,"Barrie, Ontario",47.76.2,v52144749
2013,1177.95,"Barrie, Ontario",47.76.2,v52144749
2014,1182.60,"Barrie, Ontario",47.76.2,v52144749
2015,1050.52,"Barrie, Ontario",47.76.2,v52144749
1998,1905.62,"Sudbury, Ontario",25.76.2,v44363948
1999,1571.59,"Sudbury, Ontario",25.76.2,v44363948
2000,1548.66,"Sudbury, Ontario",25.76.2,v44363948
2001,1449.46,"Sudbury, Ontario",25.76.2,v44363948
2002,1479.82,"Sudbury, Ontario",25.76.2,v44363948
2003,1844.72,"Sudbury, Ontario",25.76.2,v44363948
2004,1800.12,"Sudbury, Ontario",25.76.2,v44363948
2005,1700.48,"Sudbury, Ontario",25.76.2,v44363948
2006,1636.22,"Sudbury, Ontario",25.76.2,v44363948
2007,1592.59,"Sudbury, Ontario",25.76.2,v44363948
2008,1615.28,"Sudbury, Ontario",25.76.2,v44363948
2009,1721.11,"Sudbury, Ontario",25.76.2,v44363948
2010,1770.18,"Sudbury, Ontario",25.76.2,v44363948
2011,1723.84,"Sudbury, Ontario",25.76.2,v44363948
2012,1580.30,"Sudbury, Ontario",25.76.2,v44363948
2013,1506.69,"Sudbury, Ontario",25.76.2,v44363948
2014,1602.15,"Sudbury, Ontario",25.76.2,v44363948
2015,1250.41,"Sudbury, Ontario",25.76.2,v44363948
1998,2806.75,"Thunder Bay, Ontario",26.76.2,v44360982
1999,2359.37,"Thunder Bay, Ontario",26.76.2,v44360982
2000,2250.68,"Thunder Bay, Ontario",26.76.2,v44360982
2001,2056.75,"Thunder Bay, Ontario",26.76.2,v44360982
2002,1985.79,"Thunder Bay, Ontario",26.76.2,v44360982
2003,2151.21,"Thunder Bay, Ontario",26.76.2,v44360982
2004,2550.85,"Thunder Bay, Ontario",26.76.2,v44360982
2005,2509.02,"Thunder Bay, Ontario",26.76.2,v44360982
2006,2349.58,"Thunder Bay, Ontario",26.76.2,v44360982
2007,2370.41,"Thunder Bay, Ontario",26.76.2,v44360982
2008,2355.80,"Thunder Bay, Ontario",26.76.2,v44360982
2009,2995.70,"Thunder Bay, Ontario",26.76.2,v44360982
2010,2834.48,"Thunder Bay, Ontario",26.76.2,v44360982
2011,2539.94,"Thunder Bay, Ontario",26.76.2,v44360982
2012,1936.83,"Thunder Bay, Ontario",26.76.2,v44360982
2013,1680.82,"Thunder Bay, Ontario",26.76.2,v44360982
2014,1769.65,"Thunder Bay, Ontario",26.76.2,v44360982
2015,1723.13,"Thunder Bay, Ontario",26.76.2,v44360982
1998,2335.53,"Manitoba",28.76.2,v44376399
1999,2437.39,"Manitoba",28.76.2,v44376399
2000,2367.41,"Manitoba",28.76.2,v44376399
2001,2456.84,"Manitoba",28.76.2,v44376399
2002,2473.95,"Manitoba",28.76.2,v44376399
2003,2918.50,"Manitoba",28.76.2,v44376399
2004,2791.92,"Manitoba",28.76.2,v44376399
2005,2302.55,"Manitoba",28.76.2,v44376399
2006,2139.04,"Manitoba",28.76.2,v44376399
2007,1826.10,"Manitoba",28.76.2,v44376399
2008,1690.30,"Manitoba",28.76.2,v44376399
2009,2389.15,"Manitoba",28.76.2,v44376399
2010,1690.60,"Manitoba",28.76.2,v44376399
2011,1453.08,"Manitoba",28.76.2,v44376399
2012,1431.22,"Manitoba",28.76.2,v44376399
2013,1271.28,"Manitoba",28.76.2,v44376399
2014,1327.17,"Manitoba",28.76.2,v44376399
2015,1370.52,"Manitoba",28.76.2,v44376399
1998,2670.41,"Winnipeg, Manitoba",29.76.2,v44332302
1999,2795.81,"Winnipeg, Manitoba",29.76.2,v44332302
2000,2767.35,"Winnipeg, Manitoba",29.76.2,v44332302
2001,2921.50,"Winnipeg, Manitoba",29.76.2,v44332302
2002,2862.66,"Winnipeg, Manitoba",29.76.2,v44332302
2003,3475.71,"Winnipeg, Manitoba",29.76.2,v44332302
2004,3375.81,"Winnipeg, Manitoba",29.76.2,v44332302
2005,2771.02,"Winnipeg, Manitoba",29.76.2,v44332302
2006,2540.31,"Winnipeg, Manitoba",29.76.2,v44332302
2007,2036.57,"Winnipeg, Manitoba",29.76.2,v44332302
2008,1847.70,"Winnipeg, Manitoba",29.76.2,v44332302
2009,2984.50,"Winnipeg, Manitoba",29.76.2,v44332302
2010,1833.27,"Winnipeg, Manitoba",29.76.2,v44332302
2011,1505.26,"Winnipeg, Manitoba",29.76.2,v44332302
2012,1459.78,"Winnipeg, Manitoba",29.76.2,v44332302
2013,1293.41,"Winnipeg, Manitoba",29.76.2,v44332302
2014,1375.50,"Winnipeg, Manitoba",29.76.2,v44332302
2015,1387.08,"Winnipeg, Manitoba",29.76.2,v44332302
1998,2861.31,"Saskatchewan",30.76.2,v44395879
1999,2696.44,"Saskatchewan",30.76.2,v44395879
2000,2946.02,"Saskatchewan",30.76.2,v44395879
2001,2961.55,"Saskatchewan",30.76.2,v44395879
2002,2908.60,"Saskatchewan",30.76.2,v44395879
2003,3383.70,"Saskatchewan",30.76.2,v44395879
2004,3007.38,"Saskatchewan",30.76.2,v44395879
2005,2748.85,"Saskatchewan",30.76.2,v44395879
2006,2374.88,"Saskatchewan",30.76.2,v44395879
2007,2117.46,"Saskatchewan",30.76.2,v44395879
2008,1853.16,"Saskatchewan",30.76.2,v44395879
2009,1926.98,"Saskatchewan",30.76.2,v44395879
2010,1814.97,"Saskatchewan",30.76.2,v44395879
2011,1855.02,"Saskatchewan",30.76.2,v44395879
2012,1656.42,"Saskatchewan",30.76.2,v44395879
2013,1567.19,"Saskatchewan",30.76.2,v44395879
2014,1637.20,"Saskatchewan",30.76.2,v44395879
2015,1744.39,"Saskatchewan",30.76.2,v44395879
1998,3932.02,"Regina, Saskatchewan",31.76.2,v44379637
1999,3653.34,"Regina, Saskatchewan",31.76.2,v44379637
2000,4174.46,"Regina, Saskatchewan",31.76.2,v44379637
2001,4792.65,"Regina, Saskatchewan",31.76.2,v44379637
2002,4254.02,"Regina, Saskatchewan",31.76.2,v44379637
2003,4455.29,"Regina, Saskatchewan",31.76.2,v44379637
2004,3983.25,"Regina, Saskatchewan",31.76.2,v44379637
2005,3513.43,"Regina, Saskatchewan",31.76.2,v44379637
2006,3185.36,"Regina, Saskatchewan",31.76.2,v44379637
2007,2799.41,"Regina, Saskatchewan",31.76.2,v44379637
2008,2533.96,"Regina, Saskatchewan",31.76.2,v44379637
2009,2491.69,"Regina, Saskatchewan",31.76.2,v44379637
2010,2384.48,"Regina, Saskatchewan",31.76.2,v44379637
2011,2515.27,"Regina, Saskatchewan",31.76.2,v44379637
2012,2078.50,"Regina, Saskatchewan",31.76.2,v44379637
2013,1984.70,"Regina, Saskatchewan",31.76.2,v44379637
2014,2055.17,"Regina, Saskatchewan",31.76.2,v44379637
2015,2071.57,"Regina, Saskatchewan",31.76.2,v44379637
1998,3148.51,"Saskatoon, Saskatchewan",32.76.2,v44392589
1999,3277.59,"Saskatoon, Saskatchewan",32.76.2,v44392589
2000,3622.14,"Saskatoon, Saskatchewan",32.76.2,v44392589
2001,3287.28,"Saskatoon, Saskatchewan",32.76.2,v44392589
2002,3397.80,"Saskatoon, Saskatchewan",32.76.2,v44392589
2003,4273.99,"Saskatoon, Saskatchewan",32.76.2,v44392589
2004,3369.29,"Saskatoon, Saskatchewan",32.76.2,v44392589
2005,3519.83,"Saskatoon, Saskatchewan",32.76.2,v44392589
2006,2851.27,"Saskatoon, Saskatchewan",32.76.2,v44392589
2007,2388.05,"Saskatoon, Saskatchewan",32.76.2,v44392589
2008,2117.22,"Saskatoon, Saskatchewan",32.76.2,v44392589
2009,2196.92,"Saskatoon, Saskatchewan",32.76.2,v44392589
2010,1969.58,"Saskatoon, Saskatchewan",32.76.2,v44392589
2011,2018.76,"Saskatoon, Saskatchewan",32.76.2,v44392589
2012,1852.13,"Saskatoon, Saskatchewan",32.76.2,v44392589
2013,1839.74,"Saskatoon, Saskatchewan",32.76.2,v44392589
2014,1935.01,"Saskatoon, Saskatchewan",32.76.2,v44392589
2015,2055.38,"Saskatoon, Saskatchewan",32.76.2,v44392589
1998,2688.30,"Alberta",33.76.2,v44392641
1999,2621.18,"Alberta",33.76.2,v44392641
2000,2458.58,"Alberta",33.76.2,v44392641
2001,2426.28,"Alberta",33.76.2,v44392641
2002,2582.66,"Alberta",33.76.2,v44392641
2003,2800.09,"Alberta",33.76.2,v44392641
2004,2723.13,"Alberta",33.76.2,v44392641
2005,2622.21,"Alberta",33.76.2,v44392641
2006,2357.19,"Alberta",33.76.2,v44392641
2007,2244.52,"Alberta",33.76.2,v44392641
2008,2088.24,"Alberta",33.76.2,v44392641
2009,2013.11,"Alberta",33.76.2,v44392641
2010,1835.57,"Alberta",33.76.2,v44392641
2011,1657.38,"Alberta",33.76.2,v44392641
2012,1624.90,"Alberta",33.76.2,v44392641
2013,1631.24,"Alberta",33.76.2,v44392641
2014,1660.56,"Alberta",33.76.2,v44392641
2015,2005.62,"Alberta",33.76.2,v44392641
1998,2865.62,"Calgary, Alberta",34.76.2,v44371033
1999,2761.60,"Calgary, Alberta",34.76.2,v44371033
2000,2537.74,"Calgary, Alberta",34.76.2,v44371033
2001,2433.03,"Calgary, Alberta",34.76.2,v44371033
2002,2431.77,"Calgary, Alberta",34.76.2,v44371033
2003,2457.12,"Calgary, Alberta",34.76.2,v44371033
2004,2318.35,"Calgary, Alberta",34.76.2,v44371033
2005,2236.55,"Calgary, Alberta",34.76.2,v44371033
2006,2135.18,"Calgary, Alberta",34.76.2,v44371033
2007,2048.25,"Calgary, Alberta",34.76.2,v44371033
2008,1938.10,"Calgary, Alberta",34.76.2,v44371033
2009,1782.15,"Calgary, Alberta",34.76.2,v44371033
2010,1647.48,"Calgary, Alberta",34.76.2,v44371033
2011,1613.01,"Calgary, Alberta",34.76.2,v44371033
2012,1523.90,"Calgary, Alberta",34.76.2,v44371033
2013,1498.89,"Calgary, Alberta",34.76.2,v44371033
2014,1469.40,"Calgary, Alberta",34.76.2,v44371033
2015,1969.12,"Calgary, Alberta",34.76.2,v44371033
1998,2677.55,"Edmonton, Alberta",35.76.2,v44382574
1999,2556.89,"Edmonton, Alberta",35.76.2,v44382574
2000,2469.30,"Edmonton, Alberta",35.76.2,v44382574
2001,2481.28,"Edmonton, Alberta",35.76.2,v44382574
2002,2834.24,"Edmonton, Alberta",35.76.2,v44382574
2003,3214.02,"Edmonton, Alberta",35.76.2,v44382574
2004,3300.35,"Edmonton, Alberta",35.76.2,v44382574
2005,3324.21,"Edmonton, Alberta",35.76.2,v44382574
2006,2933.59,"Edmonton, Alberta",35.76.2,v44382574
2007,2724.77,"Edmonton, Alberta",35.76.2,v44382574
2008,2409.59,"Edmonton, Alberta",35.76.2,v44382574
2009,2412.81,"Edmonton, Alberta",35.76.2,v44382574
2010,2009.51,"Edmonton, Alberta",35.76.2,v44382574
2011,1661.76,"Edmonton, Alberta",35.76.2,v44382574
2012,1614.98,"Edmonton, Alberta",35.76.2,v44382574
2013,1711.45,"Edmonton, Alberta",35.76.2,v44382574
2014,1745.63,"Edmonton, Alberta",35.76.2,v44382574
2015,1937.73,"Edmonton, Alberta",35.76.2,v44382574
1998,4291.05,"British Columbia",36.76.2,v44356934
1999,4094.96,"British Columbia",36.76.2,v44356934
2000,3932.34,"British Columbia",36.76.2,v44356934
2001,3904.26,"British Columbia",36.76.2,v44356934
2002,3930.70,"British Columbia",36.76.2,v44356934
2003,4145.50,"British Columbia",36.76.2,v44356934
2004,4035.86,"British Columbia",36.76.2,v44356934
2005,3724.09,"British Columbia",36.76.2,v44356934
2006,3422.46,"British Columbia",36.76.2,v44356934
2007,3087.61,"British Columbia",36.76.2,v44356934
2008,2636.24,"British Columbia",36.76.2,v44356934
2009,2499.77,"British Columbia",36.76.2,v44356934
2010,2381.90,"British Columbia",36.76.2,v44356934
2011,2231.03,"British Columbia",36.76.2,v44356934
2012,2325.42,"British Columbia",36.76.2,v44356934
2013,2256.10,"British Columbia",36.76.2,v44356934
2014,2436.82,"British Columbia",36.76.2,v44356934
2015,2504.90,"British Columbia",36.76.2,v44356934
2005,..,"Kelowna, British Columbia",48.76.2,v52142811
2006,3583.20,"Kelowna, British Columbia",48.76.2,v52142811
2007,3165.79,"Kelowna, British Columbia",48.76.2,v52142811
2008,3083.63,"Kelowna, British Columbia",48.76.2,v52142811
2009,2833.49,"Kelowna, British Columbia",48.76.2,v52142811
2010,2493.00,"Kelowna, British Columbia",48.76.2,v52142811
2011,2184.31,"Kelowna, British Columbia",48.76.2,v52142811
2012,2601.49,"Kelowna, British Columbia",48.76.2,v52142811
2013,2289.87,"Kelowna, British Columbia",48.76.2,v52142811
2014,2260.29,"Kelowna, British Columbia",48.76.2,v52142811
2015,2705.76,"Kelowna, British Columbia",48.76.2,v52142811
2000,..,"Abbotsford-Mission, British Columbia",39.76.2,v44405188
2001,4180.17,"Abbotsford-Mission, British Columbia",39.76.2,v44405188
2002,4321.91,"Abbotsford-Mission, British Columbia",39.76.2,v44405188
2003,4296.13,"Abbotsford-Mission, British Columbia",39.76.2,v44405188
2004,4414.66,"Abbotsford-Mission, British Columbia",39.76.2,v44405188
2005,3801.22,"Abbotsford-Mission, British Columbia",39.76.2,v44405188
2006,3249.75,"Abbotsford-Mission, British Columbia",39.76.2,v44405188
2007,3077.28,"Abbotsford-Mission, British Columbia",39.76.2,v44405188
2008,2602.64,"Abbotsford-Mission, British Columbia",39.76.2,v44405188
2009,1964.64,"Abbotsford-Mission, British Columbia",39.76.2,v44405188
2010,1980.56,"Abbotsford-Mission, British Columbia",39.76.2,v44405188
2011,1847.98,"Abbotsford-Mission, British Columbia",39.76.2,v44405188
2012,1953.95,"Abbotsford-Mission, British Columbia",39.76.2,v44405188
2013,1859.38,"Abbotsford-Mission, British Columbia",39.76.2,v44405188
2014,2048.57,"Abbotsford-Mission, British Columbia",39.76.2,v44405188
2015,2522.35,"Abbotsford-Mission, British Columbia",39.76.2,v44405188
1998,4908.42,"Vancouver, British Columbia",37.76.2,v44388860
1999,4690.81,"Vancouver, British Columbia",37.76.2,v44388860
2000,4377.88,"Vancouver, British Columbia",37.76.2,v44388860
2001,4332.78,"Vancouver, British Columbia",37.76.2,v44388860
2002,4109.13,"Vancouver, British Columbia",37.76.2,v44388860
2003,4249.14,"Vancouver, British Columbia",37.76.2,v44388860
2004,4152.16,"Vancouver, British Columbia",37.76.2,v44388860
2005,3754.40,"Vancouver, British Columbia",37.76.2,v44388860
2006,3452.20,"Vancouver, British Columbia",37.76.2,v44388860
2007,3033.71,"Vancouver, British Columbia",37.76.2,v44388860
2008,2687.38,"Vancouver, British Columbia",37.76.2,v44388860
2009,2606.12,"Vancouver, British Columbia",37.76.2,v44388860
2010,2448.96,"Vancouver, British Columbia",37.76.2,v44388860
2011,2360.55,"Vancouver, British Columbia",37.76.2,v44388860
2012,2519.84,"Vancouver, British Columbia",37.76.2,v44388860
2013,2477.71,"Vancouver, British Columbia",37.76.2,v44388860
2014,2802.83,"Vancouver, British Columbia",37.76.2,v44388860
2015,2752.78,"Vancouver, British Columbia",37.76.2,v44388860
1998,4161.72,"Victoria, British Columbia",38.76.2,v44329391
1999,4624.70,"Victoria, British Columbia",38.76.2,v44329391
2000,4009.65,"Victoria, British Columbia",38.76.2,v44329391
2001,3723.51,"Victoria, British Columbia",38.76.2,v44329391
2002,3883.99,"Victoria, British Columbia",38.76.2,v44329391
2003,3725.22,"Victoria, British Columbia",38.76.2,v44329391
2004,3833.95,"Victoria, British Columbia",38.76.2,v44329391
2005,3942.19,"Victoria, British Columbia",38.76.2,v44329391
2006,3797.24,"Victoria, British Columbia",38.76.2,v44329391
2007,3182.20,"Victoria, British Columbia",38.76.2,v44329391
2008,2612.36,"Victoria, British Columbia",38.76.2,v44329391
2009,2629.26,"Victoria, British Columbia",38.76.2,v44329391
2010,2571.70,"Victoria, British Columbia",38.76.2,v44329391
2011,2226.36,"Victoria, British Columbia",38.76.2,v44329391
2012,2308.00,"Victoria, British Columbia",38.76.2,v44329391
2013,2016.97,"Victoria, British Columbia",38.76.2,v44329391
2014,2045.89,"Victoria, British Columbia",38.76.2,v44329391
2015,2195.35,"Victoria, British Columbia",38.76.2,v44329391
1998,3651.02,"Yukon",40.76.2,v44385358
1999,3730.06,"Yukon",40.76.2,v44385358
2000,4155.02,"Yukon",40.76.2,v44385358
2001,3621.17,"Yukon",40.76.2,v44385358
2002,4107.65,"Yukon",40.76.2,v44385358
2003,4347.12,"Yukon",40.76.2,v44385358
2004,3415.63,"Yukon",40.76.2,v44385358
2005,3429.04,"Yukon",40.76.2,v44385358
2006,2680.43,"Yukon",40.76.2,v44385358
2007,2282.15,"Yukon",40.76.2,v44385358
2008,2082.33,"Yukon",40.76.2,v44385358
2009,2119.65,"Yukon",40.76.2,v44385358
2010,2156.32,"Yukon",40.76.2,v44385358
2011,2254.11,"Yukon",40.76.2,v44385358
2012,2498.00,"Yukon",40.76.2,v44385358
2013,2687.42,"Yukon",40.76.2,v44385358
2014,2538.52,"Yukon",40.76.2,v44385358
2015,2591.64,"Yukon",40.76.2,v44385358
1998,2564.37,"Northwest Territories",41.76.2,v44342260
1999,2486.84,"Northwest Territories",41.76.2,v44342260
2000,2876.61,"Northwest Territories",41.76.2,v44342260
2001,2203.51,"Northwest Territories",41.76.2,v44342260
2002,2563.30,"Northwest Territories",41.76.2,v44342260
2003,3242.41,"Northwest Territories",41.76.2,v44342260
2004,3422.55,"Northwest Territories",41.76.2,v44342260
2005,2857.21,"Northwest Territories",41.76.2,v44342260
2006,2582.33,"Northwest Territories",41.76.2,v44342260
2007,2547.61,"Northwest Territories",41.76.2,v44342260
2008,2249.13,"Northwest Territories",41.76.2,v44342260
2009,2285.11,"Northwest Territories",41.76.2,v44342260
2010,2151.21,"Northwest Territories",41.76.2,v44342260
2011,2333.28,"Northwest Territories",41.76.2,v44342260
2012,2226.91,"Northwest Territories",41.76.2,v44342260
2013,2107.83,"Northwest Territories",41.76.2,v44342260
2014,1934.97,"Northwest Territories",41.76.2,v44342260
2015,1882.60,"Northwest Territories",41.76.2,v44342260
1998,..,"Nunavut",42.76.2,v44346369
1999,1465.22,"Nunavut",42.76.2,v44346369
2000,1621.82,"Nunavut",42.76.2,v44346369
2001,1691.90,"Nunavut",42.76.2,v44346369
2002,2113.19,"Nunavut",42.76.2,v44346369
2003,2476.13,"Nunavut",42.76.2,v44346369
2004,2217.46,"Nunavut",42.76.2,v44346369
2005,1711.29,"Nunavut",42.76.2,v44346369
2006,1314.42,"Nunavut",42.76.2,v44346369
2007,1226.31,"Nunavut",42.76.2,v44346369
2008,1304.40,"Nunavut",42.76.2,v44346369
2009,1193.25,"Nunavut",42.76.2,v44346369
2010,1391.18,"Nunavut",42.76.2,v44346369
2011,1207.74,"Nunavut",42.76.2,v44346369
2012,1146.02,"Nunavut",42.76.2,v44346369
2013,1188.09,"Nunavut",42.76.2,v44346369
2014,1066.98,"Nunavut",42.76.2,v44346369
2015,1037.41,"Nunavut",42.76.2,v44346369
