2012,0.00,"Canada",1.233.6,v96885857
2013,0.00,"Canada",1.233.6,v96885857
2014,0.00,"Canada",1.233.6,v96885857
2015,4.00,"Canada",1.233.6,v96885857
2012,0.00,"Newfoundland and Labrador",2.233.6,v96886179
2013,0.00,"Newfoundland and Labrador",2.233.6,v96886179
2014,0.00,"Newfoundland and Labrador",2.233.6,v96886179
2015,0.00,"Newfoundland and Labrador",2.233.6,v96886179
2012,0.00,"St. John's, Newfoundland and Labrador",3.233.6,v96886501
2013,0.00,"St. John's, Newfoundland and Labrador",3.233.6,v96886501
2014,0.00,"St. John's, Newfoundland and Labrador",3.233.6,v96886501
2015,0.00,"St. John's, Newfoundland and Labrador",3.233.6,v96886501
2012,0.00,"Prince Edward Island",4.233.6,v96886823
2013,0.00,"Prince Edward Island",4.233.6,v96886823
2014,0.00,"Prince Edward Island",4.233.6,v96886823
2015,0.00,"Prince Edward Island",4.233.6,v96886823
2012,0.00,"Nova Scotia",5.233.6,v96887145
2013,0.00,"Nova Scotia",5.233.6,v96887145
2014,0.00,"Nova Scotia",5.233.6,v96887145
2015,0.00,"Nova Scotia",5.233.6,v96887145
2012,0.00,"Halifax, Nova Scotia",6.233.6,v96887467
2013,0.00,"Halifax, Nova Scotia",6.233.6,v96887467
2014,0.00,"Halifax, Nova Scotia",6.233.6,v96887467
2015,0.00,"Halifax, Nova Scotia",6.233.6,v96887467
2012,0.00,"New Brunswick",7.233.6,v96887789
2013,0.00,"New Brunswick",7.233.6,v96887789
2014,0.00,"New Brunswick",7.233.6,v96887789
2015,0.00,"New Brunswick",7.233.6,v96887789
2012,0.00,"Moncton, New Brunswick",43.233.6,v96888111
2013,0.00,"Moncton, New Brunswick",43.233.6,v96888111
2014,0.00,"Moncton, New Brunswick",43.233.6,v96888111
2015,0.00,"Moncton, New Brunswick",43.233.6,v96888111
2012,0.00,"Saint John, New Brunswick",8.233.6,v96888433
2013,0.00,"Saint John, New Brunswick",8.233.6,v96888433
2014,0.00,"Saint John, New Brunswick",8.233.6,v96888433
2015,0.00,"Saint John, New Brunswick",8.233.6,v96888433
2012,0.00,"Quebec",9.233.6,v96888755
2013,0.00,"Quebec",9.233.6,v96888755
2014,0.00,"Quebec",9.233.6,v96888755
2015,0.00,"Quebec",9.233.6,v96888755
2012,0.00,"Saguenay, Quebec",10.233.6,v96889077
2013,0.00,"Saguenay, Quebec",10.233.6,v96889077
2014,0.00,"Saguenay, Quebec",10.233.6,v96889077
2015,0.00,"Saguenay, Quebec",10.233.6,v96889077
2012,0.00,"Sherbrooke, Quebec",12.233.6,v96889721
2013,0.00,"Sherbrooke, Quebec",12.233.6,v96889721
2014,0.00,"Sherbrooke, Quebec",12.233.6,v96889721
2015,0.00,"Sherbrooke, Quebec",12.233.6,v96889721
2012,0.00,"Ottawa-Gatineau, Quebec part",15.233.6,v96890687
2013,0.00,"Ottawa-Gatineau, Quebec part",15.233.6,v96890687
2014,0.00,"Ottawa-Gatineau, Quebec part",15.233.6,v96890687
2015,0.00,"Ottawa-Gatineau, Quebec part",15.233.6,v96890687
2012,0.00,"Ontario",16.233.6,v96891009
2013,0.00,"Ontario",16.233.6,v96891009
2014,0.00,"Ontario",16.233.6,v96891009
2015,0.00,"Ontario",16.233.6,v96891009
2012,0.00,"Ottawa-Gatineau, Ontario/Quebec",17.233.6,v96891331
2013,0.00,"Ottawa-Gatineau, Ontario/Quebec",17.233.6,v96891331
2014,0.00,"Ottawa-Gatineau, Ontario/Quebec",17.233.6,v96891331
2015,0.00,"Ottawa-Gatineau, Ontario/Quebec",17.233.6,v96891331
2012,0.00,"Ottawa-Gatineau, Ontario part",18.233.6,v96891653
2013,0.00,"Ottawa-Gatineau, Ontario part",18.233.6,v96891653
2014,0.00,"Ottawa-Gatineau, Ontario part",18.233.6,v96891653
2015,0.00,"Ottawa-Gatineau, Ontario part",18.233.6,v96891653
2012,0.00,"Kingston, Ontario",27.233.6,v96891975
2013,0.00,"Kingston, Ontario",27.233.6,v96891975
2014,0.00,"Kingston, Ontario",27.233.6,v96891975
2015,0.00,"Kingston, Ontario",27.233.6,v96891975
2012,0.00,"Peterborough, Ontario",44.233.6,v96892297
2013,0.00,"Peterborough, Ontario",44.233.6,v96892297
2014,0.00,"Peterborough, Ontario",44.233.6,v96892297
2015,0.00,"Peterborough, Ontario",44.233.6,v96892297
2012,0.00,"Toronto, Ontario",19.233.6,v96892619
2013,0.00,"Toronto, Ontario",19.233.6,v96892619
2014,0.00,"Toronto, Ontario",19.233.6,v96892619
2015,0.00,"Toronto, Ontario",19.233.6,v96892619
2012,0.00,"Hamilton, Ontario",20.233.6,v96892941
2013,0.00,"Hamilton, Ontario",20.233.6,v96892941
2014,0.00,"Hamilton, Ontario",20.233.6,v96892941
2015,0.00,"Hamilton, Ontario",20.233.6,v96892941
2012,0.00,"St.Catharines-Niagara, Ontario",21.233.6,v96893263
2013,0.00,"St.Catharines-Niagara, Ontario",21.233.6,v96893263
2014,0.00,"St.Catharines-Niagara, Ontario",21.233.6,v96893263
2015,0.00,"St.Catharines-Niagara, Ontario",21.233.6,v96893263
2012,0.00,"Kitchener-Cambridge-Waterloo, Ontario",22.233.6,v96893585
2013,0.00,"Kitchener-Cambridge-Waterloo, Ontario",22.233.6,v96893585
2014,0.00,"Kitchener-Cambridge-Waterloo, Ontario",22.233.6,v96893585
2015,0.00,"Kitchener-Cambridge-Waterloo, Ontario",22.233.6,v96893585
2012,0.00,"Brantford, Ontario",45.233.6,v96893907
2013,0.00,"Brantford, Ontario",45.233.6,v96893907
2014,0.00,"Brantford, Ontario",45.233.6,v96893907
2015,0.00,"Brantford, Ontario",45.233.6,v96893907
2012,0.00,"Guelph, Ontario",46.233.6,v96894229
2013,0.00,"Guelph, Ontario",46.233.6,v96894229
2014,0.00,"Guelph, Ontario",46.233.6,v96894229
2015,0.00,"Guelph, Ontario",46.233.6,v96894229
2012,0.00,"London, Ontario",23.233.6,v96894551
2013,0.00,"London, Ontario",23.233.6,v96894551
2014,0.00,"London, Ontario",23.233.6,v96894551
2015,0.00,"London, Ontario",23.233.6,v96894551
2012,0.00,"Windsor, Ontario",24.233.6,v96894873
2013,0.00,"Windsor, Ontario",24.233.6,v96894873
2014,0.00,"Windsor, Ontario",24.233.6,v96894873
2015,0.00,"Windsor, Ontario",24.233.6,v96894873
2012,0.00,"Barrie, Ontario",47.233.6,v96895195
2013,0.00,"Barrie, Ontario",47.233.6,v96895195
2014,0.00,"Barrie, Ontario",47.233.6,v96895195
2015,0.00,"Barrie, Ontario",47.233.6,v96895195
2012,0.00,"Sudbury, Ontario",25.233.6,v96895517
2013,0.00,"Sudbury, Ontario",25.233.6,v96895517
2014,0.00,"Sudbury, Ontario",25.233.6,v96895517
2015,0.00,"Sudbury, Ontario",25.233.6,v96895517
2012,0.00,"Thunder Bay, Ontario",26.233.6,v96895839
2013,0.00,"Thunder Bay, Ontario",26.233.6,v96895839
2014,0.00,"Thunder Bay, Ontario",26.233.6,v96895839
2015,0.00,"Thunder Bay, Ontario",26.233.6,v96895839
2012,0.00,"Manitoba",28.233.6,v96896161
2013,0.00,"Manitoba",28.233.6,v96896161
2014,0.00,"Manitoba",28.233.6,v96896161
2015,0.00,"Manitoba",28.233.6,v96896161
2012,0.00,"Winnipeg, Manitoba",29.233.6,v96896483
2013,0.00,"Winnipeg, Manitoba",29.233.6,v96896483
2014,0.00,"Winnipeg, Manitoba",29.233.6,v96896483
2015,0.00,"Winnipeg, Manitoba",29.233.6,v96896483
2012,0.00,"Saskatchewan",30.233.6,v96896805
2013,0.00,"Saskatchewan",30.233.6,v96896805
2014,0.00,"Saskatchewan",30.233.6,v96896805
2015,0.00,"Saskatchewan",30.233.6,v96896805
2012,0.00,"Regina, Saskatchewan",31.233.6,v96897127
2013,0.00,"Regina, Saskatchewan",31.233.6,v96897127
2014,0.00,"Regina, Saskatchewan",31.233.6,v96897127
2015,0.00,"Regina, Saskatchewan",31.233.6,v96897127
2012,0.00,"Saskatoon, Saskatchewan",32.233.6,v96897449
2013,0.00,"Saskatoon, Saskatchewan",32.233.6,v96897449
2014,0.00,"Saskatoon, Saskatchewan",32.233.6,v96897449
2015,0.00,"Saskatoon, Saskatchewan",32.233.6,v96897449
2012,0.00,"Alberta",33.233.6,v96897771
2013,0.00,"Alberta",33.233.6,v96897771
2014,0.00,"Alberta",33.233.6,v96897771
2015,2.00,"Alberta",33.233.6,v96897771
2012,0.00,"Calgary, Alberta",34.233.6,v96898093
2013,0.00,"Calgary, Alberta",34.233.6,v96898093
2014,0.00,"Calgary, Alberta",34.233.6,v96898093
2015,0.00,"Calgary, Alberta",34.233.6,v96898093
2012,0.00,"Edmonton, Alberta",35.233.6,v96898415
2013,0.00,"Edmonton, Alberta",35.233.6,v96898415
2014,0.00,"Edmonton, Alberta",35.233.6,v96898415
2015,1.00,"Edmonton, Alberta",35.233.6,v96898415
2012,0.00,"British Columbia",36.233.6,v96898737
2013,0.00,"British Columbia",36.233.6,v96898737
2014,0.00,"British Columbia",36.233.6,v96898737
2015,0.00,"British Columbia",36.233.6,v96898737
2012,0.00,"Kelowna, British Columbia",48.233.6,v96899059
2013,0.00,"Kelowna, British Columbia",48.233.6,v96899059
2014,0.00,"Kelowna, British Columbia",48.233.6,v96899059
2015,0.00,"Kelowna, British Columbia",48.233.6,v96899059
2012,0.00,"Abbotsford-Mission, British Columbia",39.233.6,v96899381
2013,0.00,"Abbotsford-Mission, British Columbia",39.233.6,v96899381
2014,0.00,"Abbotsford-Mission, British Columbia",39.233.6,v96899381
2015,0.00,"Abbotsford-Mission, British Columbia",39.233.6,v96899381
2012,0.00,"Vancouver, British Columbia",37.233.6,v96899703
2013,0.00,"Vancouver, British Columbia",37.233.6,v96899703
2014,0.00,"Vancouver, British Columbia",37.233.6,v96899703
2015,0.00,"Vancouver, British Columbia",37.233.6,v96899703
2012,0.00,"Victoria, British Columbia",38.233.6,v96900025
2013,0.00,"Victoria, British Columbia",38.233.6,v96900025
2014,0.00,"Victoria, British Columbia",38.233.6,v96900025
2015,0.00,"Victoria, British Columbia",38.233.6,v96900025
2012,0.00,"Yukon",40.233.6,v96900347
2013,0.00,"Yukon",40.233.6,v96900347
2014,0.00,"Yukon",40.233.6,v96900347
2015,0.00,"Yukon",40.233.6,v96900347
2012,0.00,"Northwest Territories",41.233.6,v96900669
2013,0.00,"Northwest Territories",41.233.6,v96900669
2014,0.00,"Northwest Territories",41.233.6,v96900669
2015,1.00,"Northwest Territories",41.233.6,v96900669
2012,0.00,"Nunavut",42.233.6,v96900991
2013,0.00,"Nunavut",42.233.6,v96900991
2014,0.00,"Nunavut",42.233.6,v96900991
2015,1.00,"Nunavut",42.233.6,v96900991
