2012,0.00,"Canada",1.233.8,v96885859
2013,0.00,"Canada",1.233.8,v96885859
2014,0.00,"Canada",1.233.8,v96885859
2015,0.01,"Canada",1.233.8,v96885859
2012,0.00,"Newfoundland and Labrador",2.233.8,v96886181
2013,0.00,"Newfoundland and Labrador",2.233.8,v96886181
2014,0.00,"Newfoundland and Labrador",2.233.8,v96886181
2015,0.00,"Newfoundland and Labrador",2.233.8,v96886181
2012,0.00,"St. John's, Newfoundland and Labrador",3.233.8,v96886503
2013,0.00,"St. John's, Newfoundland and Labrador",3.233.8,v96886503
2014,0.00,"St. John's, Newfoundland and Labrador",3.233.8,v96886503
2015,0.00,"St. John's, Newfoundland and Labrador",3.233.8,v96886503
2012,0.00,"Prince Edward Island",4.233.8,v96886825
2013,0.00,"Prince Edward Island",4.233.8,v96886825
2014,0.00,"Prince Edward Island",4.233.8,v96886825
2015,0.00,"Prince Edward Island",4.233.8,v96886825
2012,0.00,"Nova Scotia",5.233.8,v96887147
2013,0.00,"Nova Scotia",5.233.8,v96887147
2014,0.00,"Nova Scotia",5.233.8,v96887147
2015,0.00,"Nova Scotia",5.233.8,v96887147
2012,0.00,"Halifax, Nova Scotia",6.233.8,v96887469
2013,0.00,"Halifax, Nova Scotia",6.233.8,v96887469
2014,0.00,"Halifax, Nova Scotia",6.233.8,v96887469
2015,0.00,"Halifax, Nova Scotia",6.233.8,v96887469
2012,0.00,"New Brunswick",7.233.8,v96887791
2013,0.00,"New Brunswick",7.233.8,v96887791
2014,0.00,"New Brunswick",7.233.8,v96887791
2015,0.00,"New Brunswick",7.233.8,v96887791
2012,0.00,"Moncton, New Brunswick",43.233.8,v96888113
2013,0.00,"Moncton, New Brunswick",43.233.8,v96888113
2014,0.00,"Moncton, New Brunswick",43.233.8,v96888113
2015,0.00,"Moncton, New Brunswick",43.233.8,v96888113
2012,0.00,"Saint John, New Brunswick",8.233.8,v96888435
2013,0.00,"Saint John, New Brunswick",8.233.8,v96888435
2014,0.00,"Saint John, New Brunswick",8.233.8,v96888435
2015,0.00,"Saint John, New Brunswick",8.233.8,v96888435
2012,0.00,"Quebec",9.233.8,v96888757
2013,0.00,"Quebec",9.233.8,v96888757
2014,0.00,"Quebec",9.233.8,v96888757
2015,0.03,"Quebec",9.233.8,v96888757
2012,0.00,"Saguenay, Quebec",10.233.8,v96889079
2013,0.00,"Saguenay, Quebec",10.233.8,v96889079
2014,0.00,"Saguenay, Quebec",10.233.8,v96889079
2015,0.00,"Saguenay, Quebec",10.233.8,v96889079
2012,0.00,"Sherbrooke, Quebec",12.233.8,v96889723
2013,0.00,"Sherbrooke, Quebec",12.233.8,v96889723
2014,0.00,"Sherbrooke, Quebec",12.233.8,v96889723
2015,0.00,"Sherbrooke, Quebec",12.233.8,v96889723
2012,0.00,"Ottawa-Gatineau, Quebec part",15.233.8,v96890689
2013,0.00,"Ottawa-Gatineau, Quebec part",15.233.8,v96890689
2014,0.00,"Ottawa-Gatineau, Quebec part",15.233.8,v96890689
2015,0.00,"Ottawa-Gatineau, Quebec part",15.233.8,v96890689
2012,0.00,"Ontario",16.233.8,v96891011
2013,0.00,"Ontario",16.233.8,v96891011
2014,0.00,"Ontario",16.233.8,v96891011
2015,0.00,"Ontario",16.233.8,v96891011
2012,0.00,"Ottawa-Gatineau, Ontario/Quebec",17.233.8,v96891333
2013,0.00,"Ottawa-Gatineau, Ontario/Quebec",17.233.8,v96891333
2014,0.00,"Ottawa-Gatineau, Ontario/Quebec",17.233.8,v96891333
2015,0.00,"Ottawa-Gatineau, Ontario/Quebec",17.233.8,v96891333
2012,0.00,"Ottawa-Gatineau, Ontario part",18.233.8,v96891655
2013,0.00,"Ottawa-Gatineau, Ontario part",18.233.8,v96891655
2014,0.00,"Ottawa-Gatineau, Ontario part",18.233.8,v96891655
2015,0.00,"Ottawa-Gatineau, Ontario part",18.233.8,v96891655
2012,0.00,"Kingston, Ontario",27.233.8,v96891977
2013,0.00,"Kingston, Ontario",27.233.8,v96891977
2014,0.00,"Kingston, Ontario",27.233.8,v96891977
2015,0.00,"Kingston, Ontario",27.233.8,v96891977
2012,0.00,"Peterborough, Ontario",44.233.8,v96892299
2013,0.00,"Peterborough, Ontario",44.233.8,v96892299
2014,0.00,"Peterborough, Ontario",44.233.8,v96892299
2015,0.00,"Peterborough, Ontario",44.233.8,v96892299
2012,0.00,"Toronto, Ontario",19.233.8,v96892621
2013,0.00,"Toronto, Ontario",19.233.8,v96892621
2014,0.00,"Toronto, Ontario",19.233.8,v96892621
2015,0.00,"Toronto, Ontario",19.233.8,v96892621
2012,0.00,"Hamilton, Ontario",20.233.8,v96892943
2013,0.00,"Hamilton, Ontario",20.233.8,v96892943
2014,0.00,"Hamilton, Ontario",20.233.8,v96892943
2015,0.00,"Hamilton, Ontario",20.233.8,v96892943
2012,0.00,"St.Catharines-Niagara, Ontario",21.233.8,v96893265
2013,0.00,"St.Catharines-Niagara, Ontario",21.233.8,v96893265
2014,0.00,"St.Catharines-Niagara, Ontario",21.233.8,v96893265
2015,0.00,"St.Catharines-Niagara, Ontario",21.233.8,v96893265
2012,0.00,"Kitchener-Cambridge-Waterloo, Ontario",22.233.8,v96893587
2013,0.00,"Kitchener-Cambridge-Waterloo, Ontario",22.233.8,v96893587
2014,0.00,"Kitchener-Cambridge-Waterloo, Ontario",22.233.8,v96893587
2015,0.00,"Kitchener-Cambridge-Waterloo, Ontario",22.233.8,v96893587
2012,0.00,"Brantford, Ontario",45.233.8,v96893909
2013,0.00,"Brantford, Ontario",45.233.8,v96893909
2014,0.00,"Brantford, Ontario",45.233.8,v96893909
2015,0.00,"Brantford, Ontario",45.233.8,v96893909
2012,0.00,"Guelph, Ontario",46.233.8,v96894231
2013,0.00,"Guelph, Ontario",46.233.8,v96894231
2014,0.00,"Guelph, Ontario",46.233.8,v96894231
2015,0.00,"Guelph, Ontario",46.233.8,v96894231
2012,0.00,"London, Ontario",23.233.8,v96894553
2013,0.00,"London, Ontario",23.233.8,v96894553
2014,0.00,"London, Ontario",23.233.8,v96894553
2015,0.00,"London, Ontario",23.233.8,v96894553
2012,0.00,"Windsor, Ontario",24.233.8,v96894875
2013,0.00,"Windsor, Ontario",24.233.8,v96894875
2014,0.00,"Windsor, Ontario",24.233.8,v96894875
2015,0.00,"Windsor, Ontario",24.233.8,v96894875
2012,0.00,"Barrie, Ontario",47.233.8,v96895197
2013,0.00,"Barrie, Ontario",47.233.8,v96895197
2014,0.00,"Barrie, Ontario",47.233.8,v96895197
2015,0.00,"Barrie, Ontario",47.233.8,v96895197
2012,0.00,"Sudbury, Ontario",25.233.8,v96895519
2013,0.00,"Sudbury, Ontario",25.233.8,v96895519
2014,0.00,"Sudbury, Ontario",25.233.8,v96895519
2015,0.00,"Sudbury, Ontario",25.233.8,v96895519
2012,0.00,"Thunder Bay, Ontario",26.233.8,v96895841
2013,0.00,"Thunder Bay, Ontario",26.233.8,v96895841
2014,0.00,"Thunder Bay, Ontario",26.233.8,v96895841
2015,0.00,"Thunder Bay, Ontario",26.233.8,v96895841
2012,0.00,"Manitoba",28.233.8,v96896163
2013,0.00,"Manitoba",28.233.8,v96896163
2014,0.00,"Manitoba",28.233.8,v96896163
2015,0.00,"Manitoba",28.233.8,v96896163
2012,0.00,"Winnipeg, Manitoba",29.233.8,v96896485
2013,0.00,"Winnipeg, Manitoba",29.233.8,v96896485
2014,0.00,"Winnipeg, Manitoba",29.233.8,v96896485
2015,0.00,"Winnipeg, Manitoba",29.233.8,v96896485
2012,0.00,"Saskatchewan",30.233.8,v96896807
2013,0.00,"Saskatchewan",30.233.8,v96896807
2014,0.00,"Saskatchewan",30.233.8,v96896807
2015,0.00,"Saskatchewan",30.233.8,v96896807
2012,0.00,"Regina, Saskatchewan",31.233.8,v96897129
2013,0.00,"Regina, Saskatchewan",31.233.8,v96897129
2014,0.00,"Regina, Saskatchewan",31.233.8,v96897129
2015,0.00,"Regina, Saskatchewan",31.233.8,v96897129
2012,0.00,"Saskatoon, Saskatchewan",32.233.8,v96897451
2013,0.00,"Saskatoon, Saskatchewan",32.233.8,v96897451
2014,0.00,"Saskatoon, Saskatchewan",32.233.8,v96897451
2015,0.00,"Saskatoon, Saskatchewan",32.233.8,v96897451
2012,0.00,"Alberta",33.233.8,v96897773
2013,0.00,"Alberta",33.233.8,v96897773
2014,0.00,"Alberta",33.233.8,v96897773
2015,0.03,"Alberta",33.233.8,v96897773
2012,0.00,"Calgary, Alberta",34.233.8,v96898095
2013,0.00,"Calgary, Alberta",34.233.8,v96898095
2014,0.00,"Calgary, Alberta",34.233.8,v96898095
2015,0.00,"Calgary, Alberta",34.233.8,v96898095
2012,0.00,"Edmonton, Alberta",35.233.8,v96898417
2013,0.00,"Edmonton, Alberta",35.233.8,v96898417
2014,0.00,"Edmonton, Alberta",35.233.8,v96898417
2015,0.00,"Edmonton, Alberta",35.233.8,v96898417
2012,0.00,"British Columbia",36.233.8,v96898739
2013,0.00,"British Columbia",36.233.8,v96898739
2014,0.00,"British Columbia",36.233.8,v96898739
2015,0.00,"British Columbia",36.233.8,v96898739
2012,0.00,"Kelowna, British Columbia",48.233.8,v96899061
2013,0.00,"Kelowna, British Columbia",48.233.8,v96899061
2014,0.00,"Kelowna, British Columbia",48.233.8,v96899061
2015,0.00,"Kelowna, British Columbia",48.233.8,v96899061
2012,0.00,"Abbotsford-Mission, British Columbia",39.233.8,v96899383
2013,0.00,"Abbotsford-Mission, British Columbia",39.233.8,v96899383
2014,0.00,"Abbotsford-Mission, British Columbia",39.233.8,v96899383
2015,0.00,"Abbotsford-Mission, British Columbia",39.233.8,v96899383
2012,0.00,"Vancouver, British Columbia",37.233.8,v96899705
2013,0.00,"Vancouver, British Columbia",37.233.8,v96899705
2014,0.00,"Vancouver, British Columbia",37.233.8,v96899705
2015,0.00,"Vancouver, British Columbia",37.233.8,v96899705
2012,0.00,"Victoria, British Columbia",38.233.8,v96900027
2013,0.00,"Victoria, British Columbia",38.233.8,v96900027
2014,0.00,"Victoria, British Columbia",38.233.8,v96900027
2015,0.00,"Victoria, British Columbia",38.233.8,v96900027
2012,0.00,"Yukon",40.233.8,v96900349
2013,0.00,"Yukon",40.233.8,v96900349
2014,0.00,"Yukon",40.233.8,v96900349
2015,0.00,"Yukon",40.233.8,v96900349
2012,0.00,"Northwest Territories",41.233.8,v96900671
2013,0.00,"Northwest Territories",41.233.8,v96900671
2014,0.00,"Northwest Territories",41.233.8,v96900671
2015,0.00,"Northwest Territories",41.233.8,v96900671
2012,0.00,"Nunavut",42.233.8,v96900993
2013,0.00,"Nunavut",42.233.8,v96900993
2014,0.00,"Nunavut",42.233.8,v96900993
2015,0.00,"Nunavut",42.233.8,v96900993
