2012,0.00,"Canada",1.233.13,v96885864
2013,0.00,"Canada",1.233.13,v96885864
2014,0.00,"Canada",1.233.13,v96885864
2015,0.00,"Canada",1.233.13,v96885864
2012,0.00,"Newfoundland and Labrador",2.233.13,v96886186
2013,0.00,"Newfoundland and Labrador",2.233.13,v96886186
2014,0.00,"Newfoundland and Labrador",2.233.13,v96886186
2015,0.00,"Newfoundland and Labrador",2.233.13,v96886186
2012,0.00,"St. John's, Newfoundland and Labrador",3.233.13,v96886508
2013,0.00,"St. John's, Newfoundland and Labrador",3.233.13,v96886508
2014,0.00,"St. John's, Newfoundland and Labrador",3.233.13,v96886508
2015,0.00,"St. John's, Newfoundland and Labrador",3.233.13,v96886508
2012,0.00,"Prince Edward Island",4.233.13,v96886830
2013,0.00,"Prince Edward Island",4.233.13,v96886830
2014,0.00,"Prince Edward Island",4.233.13,v96886830
2015,0.00,"Prince Edward Island",4.233.13,v96886830
2012,0.00,"Nova Scotia",5.233.13,v96887152
2013,0.00,"Nova Scotia",5.233.13,v96887152
2014,0.00,"Nova Scotia",5.233.13,v96887152
2015,0.00,"Nova Scotia",5.233.13,v96887152
2012,0.00,"Halifax, Nova Scotia",6.233.13,v96887474
2013,0.00,"Halifax, Nova Scotia",6.233.13,v96887474
2014,0.00,"Halifax, Nova Scotia",6.233.13,v96887474
2015,0.00,"Halifax, Nova Scotia",6.233.13,v96887474
2012,0.00,"New Brunswick",7.233.13,v96887796
2013,0.00,"New Brunswick",7.233.13,v96887796
2014,0.00,"New Brunswick",7.233.13,v96887796
2015,0.00,"New Brunswick",7.233.13,v96887796
2012,0.00,"Moncton, New Brunswick",43.233.13,v96888118
2013,0.00,"Moncton, New Brunswick",43.233.13,v96888118
2014,0.00,"Moncton, New Brunswick",43.233.13,v96888118
2015,0.00,"Moncton, New Brunswick",43.233.13,v96888118
2012,0.00,"Saint John, New Brunswick",8.233.13,v96888440
2013,0.00,"Saint John, New Brunswick",8.233.13,v96888440
2014,0.00,"Saint John, New Brunswick",8.233.13,v96888440
2015,0.00,"Saint John, New Brunswick",8.233.13,v96888440
2012,0.00,"Quebec",9.233.13,v96888762
2013,0.00,"Quebec",9.233.13,v96888762
2014,0.00,"Quebec",9.233.13,v96888762
2015,0.00,"Quebec",9.233.13,v96888762
2012,0.00,"Saguenay, Quebec",10.233.13,v96889084
2013,0.00,"Saguenay, Quebec",10.233.13,v96889084
2014,0.00,"Saguenay, Quebec",10.233.13,v96889084
2015,0.00,"Saguenay, Quebec",10.233.13,v96889084
2012,0.00,"Sherbrooke, Quebec",12.233.13,v96889728
2013,0.00,"Sherbrooke, Quebec",12.233.13,v96889728
2014,0.00,"Sherbrooke, Quebec",12.233.13,v96889728
2015,0.00,"Sherbrooke, Quebec",12.233.13,v96889728
2012,0.00,"Ottawa-Gatineau, Quebec part",15.233.13,v96890694
2013,0.00,"Ottawa-Gatineau, Quebec part",15.233.13,v96890694
2014,0.00,"Ottawa-Gatineau, Quebec part",15.233.13,v96890694
2015,0.00,"Ottawa-Gatineau, Quebec part",15.233.13,v96890694
2012,0.00,"Ontario",16.233.13,v96891016
2013,0.00,"Ontario",16.233.13,v96891016
2014,0.00,"Ontario",16.233.13,v96891016
2015,0.00,"Ontario",16.233.13,v96891016
2012,0.00,"Ottawa-Gatineau, Ontario/Quebec",17.233.13,v96891338
2013,0.00,"Ottawa-Gatineau, Ontario/Quebec",17.233.13,v96891338
2014,0.00,"Ottawa-Gatineau, Ontario/Quebec",17.233.13,v96891338
2015,0.00,"Ottawa-Gatineau, Ontario/Quebec",17.233.13,v96891338
2012,0.00,"Ottawa-Gatineau, Ontario part",18.233.13,v96891660
2013,0.00,"Ottawa-Gatineau, Ontario part",18.233.13,v96891660
2014,0.00,"Ottawa-Gatineau, Ontario part",18.233.13,v96891660
2015,0.00,"Ottawa-Gatineau, Ontario part",18.233.13,v96891660
2012,0.00,"Kingston, Ontario",27.233.13,v96891982
2013,0.00,"Kingston, Ontario",27.233.13,v96891982
2014,0.00,"Kingston, Ontario",27.233.13,v96891982
2015,0.00,"Kingston, Ontario",27.233.13,v96891982
2012,0.00,"Peterborough, Ontario",44.233.13,v96892304
2013,0.00,"Peterborough, Ontario",44.233.13,v96892304
2014,0.00,"Peterborough, Ontario",44.233.13,v96892304
2015,0.00,"Peterborough, Ontario",44.233.13,v96892304
2012,0.00,"Toronto, Ontario",19.233.13,v96892626
2013,0.00,"Toronto, Ontario",19.233.13,v96892626
2014,0.00,"Toronto, Ontario",19.233.13,v96892626
2015,0.00,"Toronto, Ontario",19.233.13,v96892626
2012,0.00,"Hamilton, Ontario",20.233.13,v96892948
2013,0.00,"Hamilton, Ontario",20.233.13,v96892948
2014,0.00,"Hamilton, Ontario",20.233.13,v96892948
2015,0.00,"Hamilton, Ontario",20.233.13,v96892948
2012,0.00,"St.Catharines-Niagara, Ontario",21.233.13,v96893270
2013,0.00,"St.Catharines-Niagara, Ontario",21.233.13,v96893270
2014,0.00,"St.Catharines-Niagara, Ontario",21.233.13,v96893270
2015,0.00,"St.Catharines-Niagara, Ontario",21.233.13,v96893270
2012,0.00,"Kitchener-Cambridge-Waterloo, Ontario",22.233.13,v96893592
2013,0.00,"Kitchener-Cambridge-Waterloo, Ontario",22.233.13,v96893592
2014,0.00,"Kitchener-Cambridge-Waterloo, Ontario",22.233.13,v96893592
2015,0.00,"Kitchener-Cambridge-Waterloo, Ontario",22.233.13,v96893592
2012,0.00,"Brantford, Ontario",45.233.13,v96893914
2013,0.00,"Brantford, Ontario",45.233.13,v96893914
2014,0.00,"Brantford, Ontario",45.233.13,v96893914
2015,0.00,"Brantford, Ontario",45.233.13,v96893914
2012,0.00,"Guelph, Ontario",46.233.13,v96894236
2013,0.00,"Guelph, Ontario",46.233.13,v96894236
2014,0.00,"Guelph, Ontario",46.233.13,v96894236
2015,0.00,"Guelph, Ontario",46.233.13,v96894236
2012,0.00,"London, Ontario",23.233.13,v96894558
2013,0.00,"London, Ontario",23.233.13,v96894558
2014,0.00,"London, Ontario",23.233.13,v96894558
2015,0.00,"London, Ontario",23.233.13,v96894558
2012,0.00,"Windsor, Ontario",24.233.13,v96894880
2013,0.00,"Windsor, Ontario",24.233.13,v96894880
2014,0.00,"Windsor, Ontario",24.233.13,v96894880
2015,0.00,"Windsor, Ontario",24.233.13,v96894880
2012,0.00,"Barrie, Ontario",47.233.13,v96895202
2013,0.00,"Barrie, Ontario",47.233.13,v96895202
2014,0.00,"Barrie, Ontario",47.233.13,v96895202
2015,0.00,"Barrie, Ontario",47.233.13,v96895202
2012,0.00,"Sudbury, Ontario",25.233.13,v96895524
2013,0.00,"Sudbury, Ontario",25.233.13,v96895524
2014,0.00,"Sudbury, Ontario",25.233.13,v96895524
2015,0.00,"Sudbury, Ontario",25.233.13,v96895524
2012,0.00,"Thunder Bay, Ontario",26.233.13,v96895846
2013,0.00,"Thunder Bay, Ontario",26.233.13,v96895846
2014,0.00,"Thunder Bay, Ontario",26.233.13,v96895846
2015,0.00,"Thunder Bay, Ontario",26.233.13,v96895846
2012,0.00,"Manitoba",28.233.13,v96896168
2013,0.00,"Manitoba",28.233.13,v96896168
2014,0.00,"Manitoba",28.233.13,v96896168
2015,0.00,"Manitoba",28.233.13,v96896168
2012,0.00,"Winnipeg, Manitoba",29.233.13,v96896490
2013,0.00,"Winnipeg, Manitoba",29.233.13,v96896490
2014,0.00,"Winnipeg, Manitoba",29.233.13,v96896490
2015,0.00,"Winnipeg, Manitoba",29.233.13,v96896490
2012,0.00,"Saskatchewan",30.233.13,v96896812
2013,0.00,"Saskatchewan",30.233.13,v96896812
2014,0.00,"Saskatchewan",30.233.13,v96896812
2015,0.00,"Saskatchewan",30.233.13,v96896812
2012,0.00,"Regina, Saskatchewan",31.233.13,v96897134
2013,0.00,"Regina, Saskatchewan",31.233.13,v96897134
2014,0.00,"Regina, Saskatchewan",31.233.13,v96897134
2015,0.00,"Regina, Saskatchewan",31.233.13,v96897134
2012,0.00,"Saskatoon, Saskatchewan",32.233.13,v96897456
2013,0.00,"Saskatoon, Saskatchewan",32.233.13,v96897456
2014,0.00,"Saskatoon, Saskatchewan",32.233.13,v96897456
2015,0.00,"Saskatoon, Saskatchewan",32.233.13,v96897456
2012,0.00,"Alberta",33.233.13,v96897778
2013,0.00,"Alberta",33.233.13,v96897778
2014,0.00,"Alberta",33.233.13,v96897778
2015,0.00,"Alberta",33.233.13,v96897778
2012,0.00,"Calgary, Alberta",34.233.13,v96898100
2013,0.00,"Calgary, Alberta",34.233.13,v96898100
2014,0.00,"Calgary, Alberta",34.233.13,v96898100
2015,0.00,"Calgary, Alberta",34.233.13,v96898100
2012,0.00,"Edmonton, Alberta",35.233.13,v96898422
2013,0.00,"Edmonton, Alberta",35.233.13,v96898422
2014,0.00,"Edmonton, Alberta",35.233.13,v96898422
2015,0.00,"Edmonton, Alberta",35.233.13,v96898422
2012,0.00,"British Columbia",36.233.13,v96898744
2013,0.00,"British Columbia",36.233.13,v96898744
2014,0.00,"British Columbia",36.233.13,v96898744
2015,0.00,"British Columbia",36.233.13,v96898744
2012,0.00,"Kelowna, British Columbia",48.233.13,v96899066
2013,0.00,"Kelowna, British Columbia",48.233.13,v96899066
2014,0.00,"Kelowna, British Columbia",48.233.13,v96899066
2015,0.00,"Kelowna, British Columbia",48.233.13,v96899066
2012,0.00,"Abbotsford-Mission, British Columbia",39.233.13,v96899388
2013,0.00,"Abbotsford-Mission, British Columbia",39.233.13,v96899388
2014,0.00,"Abbotsford-Mission, British Columbia",39.233.13,v96899388
2015,0.00,"Abbotsford-Mission, British Columbia",39.233.13,v96899388
2012,0.00,"Vancouver, British Columbia",37.233.13,v96899710
2013,0.00,"Vancouver, British Columbia",37.233.13,v96899710
2014,0.00,"Vancouver, British Columbia",37.233.13,v96899710
2015,0.00,"Vancouver, British Columbia",37.233.13,v96899710
2012,0.00,"Victoria, British Columbia",38.233.13,v96900032
2013,0.00,"Victoria, British Columbia",38.233.13,v96900032
2014,0.00,"Victoria, British Columbia",38.233.13,v96900032
2015,0.00,"Victoria, British Columbia",38.233.13,v96900032
2012,0.00,"Yukon",40.233.13,v96900354
2013,0.00,"Yukon",40.233.13,v96900354
2014,0.00,"Yukon",40.233.13,v96900354
2015,0.00,"Yukon",40.233.13,v96900354
2012,0.00,"Northwest Territories",41.233.13,v96900676
2013,0.00,"Northwest Territories",41.233.13,v96900676
2014,0.00,"Northwest Territories",41.233.13,v96900676
2015,0.00,"Northwest Territories",41.233.13,v96900676
2012,0.00,"Nunavut",42.233.13,v96900998
2013,0.00,"Nunavut",42.233.13,v96900998
2014,0.00,"Nunavut",42.233.13,v96900998
2015,0.00,"Nunavut",42.233.13,v96900998
