1998,56.00,"Canada",1.39.5,v44379817
1999,41.00,"Canada",1.39.5,v44379817
2000,59.00,"Canada",1.39.5,v44379817
2001,39.00,"Canada",1.39.5,v44379817
2002,47.00,"Canada",1.39.5,v44379817
2003,31.00,"Canada",1.39.5,v44379817
2004,30.00,"Canada",1.39.5,v44379817
2005,39.00,"Canada",1.39.5,v44379817
2006,38.00,"Canada",1.39.5,v44379817
2007,35.00,"Canada",1.39.5,v44379817
2008,43.00,"Canada",1.39.5,v44379817
2009,43.00,"Canada",1.39.5,v44379817
2010,46.00,"Canada",1.39.5,v44379817
2011,30.00,"Canada",1.39.5,v44379817
2012,45.00,"Canada",1.39.5,v44379817
2013,27.00,"Canada",1.39.5,v44379817
2014,33.00,"Canada",1.39.5,v44379817
2015,39.00,"Canada",1.39.5,v44379817
1998,1.00,"Newfoundland and Labrador",2.39.5,v44362644
1999,1.00,"Newfoundland and Labrador",2.39.5,v44362644
2000,1.00,"Newfoundland and Labrador",2.39.5,v44362644
2001,0.00,"Newfoundland and Labrador",2.39.5,v44362644
2002,1.00,"Newfoundland and Labrador",2.39.5,v44362644
2003,0.00,"Newfoundland and Labrador",2.39.5,v44362644
2004,0.00,"Newfoundland and Labrador",2.39.5,v44362644
2005,0.00,"Newfoundland and Labrador",2.39.5,v44362644
2006,0.00,"Newfoundland and Labrador",2.39.5,v44362644
2007,0.00,"Newfoundland and Labrador",2.39.5,v44362644
2008,0.00,"Newfoundland and Labrador",2.39.5,v44362644
2009,1.00,"Newfoundland and Labrador",2.39.5,v44362644
2010,0.00,"Newfoundland and Labrador",2.39.5,v44362644
2011,1.00,"Newfoundland and Labrador",2.39.5,v44362644
2012,0.00,"Newfoundland and Labrador",2.39.5,v44362644
2013,0.00,"Newfoundland and Labrador",2.39.5,v44362644
2014,0.00,"Newfoundland and Labrador",2.39.5,v44362644
2015,0.00,"Newfoundland and Labrador",2.39.5,v44362644
1998,0.00,"St. John's, Newfoundland and Labrador",3.39.5,v44342583
1999,0.00,"St. John's, Newfoundland and Labrador",3.39.5,v44342583
2000,1.00,"St. John's, Newfoundland and Labrador",3.39.5,v44342583
2001,0.00,"St. John's, Newfoundland and Labrador",3.39.5,v44342583
2002,0.00,"St. John's, Newfoundland and Labrador",3.39.5,v44342583
2003,0.00,"St. John's, Newfoundland and Labrador",3.39.5,v44342583
2004,0.00,"St. John's, Newfoundland and Labrador",3.39.5,v44342583
2005,0.00,"St. John's, Newfoundland and Labrador",3.39.5,v44342583
2006,0.00,"St. John's, Newfoundland and Labrador",3.39.5,v44342583
2007,0.00,"St. John's, Newfoundland and Labrador",3.39.5,v44342583
2008,0.00,"St. John's, Newfoundland and Labrador",3.39.5,v44342583
2009,0.00,"St. John's, Newfoundland and Labrador",3.39.5,v44342583
2010,0.00,"St. John's, Newfoundland and Labrador",3.39.5,v44342583
2011,1.00,"St. John's, Newfoundland and Labrador",3.39.5,v44342583
2012,0.00,"St. John's, Newfoundland and Labrador",3.39.5,v44342583
2013,0.00,"St. John's, Newfoundland and Labrador",3.39.5,v44342583
2014,0.00,"St. John's, Newfoundland and Labrador",3.39.5,v44342583
2015,0.00,"St. John's, Newfoundland and Labrador",3.39.5,v44342583
1998,1.00,"Prince Edward Island",4.39.5,v44406305
1999,0.00,"Prince Edward Island",4.39.5,v44406305
2000,0.00,"Prince Edward Island",4.39.5,v44406305
2001,0.00,"Prince Edward Island",4.39.5,v44406305
2002,0.00,"Prince Edward Island",4.39.5,v44406305
2003,1.00,"Prince Edward Island",4.39.5,v44406305
2004,0.00,"Prince Edward Island",4.39.5,v44406305
2005,..,"Prince Edward Island",4.39.5,v44406305
2006,0.00,"Prince Edward Island",4.39.5,v44406305
2007,0.00,"Prince Edward Island",4.39.5,v44406305
2008,0.00,"Prince Edward Island",4.39.5,v44406305
2009,0.00,"Prince Edward Island",4.39.5,v44406305
2010,0.00,"Prince Edward Island",4.39.5,v44406305
2011,0.00,"Prince Edward Island",4.39.5,v44406305
2012,0.00,"Prince Edward Island",4.39.5,v44406305
2013,0.00,"Prince Edward Island",4.39.5,v44406305
2014,0.00,"Prince Edward Island",4.39.5,v44406305
2015,0.00,"Prince Edward Island",4.39.5,v44406305
1998,1.00,"Nova Scotia",5.39.5,v44377166
1999,1.00,"Nova Scotia",5.39.5,v44377166
2000,1.00,"Nova Scotia",5.39.5,v44377166
2001,1.00,"Nova Scotia",5.39.5,v44377166
2002,1.00,"Nova Scotia",5.39.5,v44377166
2003,0.00,"Nova Scotia",5.39.5,v44377166
2004,0.00,"Nova Scotia",5.39.5,v44377166
2005,1.00,"Nova Scotia",5.39.5,v44377166
2006,0.00,"Nova Scotia",5.39.5,v44377166
2007,0.00,"Nova Scotia",5.39.5,v44377166
2008,0.00,"Nova Scotia",5.39.5,v44377166
2009,1.00,"Nova Scotia",5.39.5,v44377166
2010,0.00,"Nova Scotia",5.39.5,v44377166
2011,1.00,"Nova Scotia",5.39.5,v44377166
2012,2.00,"Nova Scotia",5.39.5,v44377166
2013,0.00,"Nova Scotia",5.39.5,v44377166
2014,0.00,"Nova Scotia",5.39.5,v44377166
2015,10.00,"Nova Scotia",5.39.5,v44377166
1998,0.00,"Halifax, Nova Scotia",6.39.5,v44386841
1999,0.00,"Halifax, Nova Scotia",6.39.5,v44386841
2000,0.00,"Halifax, Nova Scotia",6.39.5,v44386841
2001,0.00,"Halifax, Nova Scotia",6.39.5,v44386841
2002,1.00,"Halifax, Nova Scotia",6.39.5,v44386841
2003,0.00,"Halifax, Nova Scotia",6.39.5,v44386841
2004,0.00,"Halifax, Nova Scotia",6.39.5,v44386841
2005,0.00,"Halifax, Nova Scotia",6.39.5,v44386841
2006,0.00,"Halifax, Nova Scotia",6.39.5,v44386841
2007,0.00,"Halifax, Nova Scotia",6.39.5,v44386841
2008,0.00,"Halifax, Nova Scotia",6.39.5,v44386841
2009,0.00,"Halifax, Nova Scotia",6.39.5,v44386841
2010,0.00,"Halifax, Nova Scotia",6.39.5,v44386841
2011,0.00,"Halifax, Nova Scotia",6.39.5,v44386841
2012,1.00,"Halifax, Nova Scotia",6.39.5,v44386841
2013,0.00,"Halifax, Nova Scotia",6.39.5,v44386841
2014,0.00,"Halifax, Nova Scotia",6.39.5,v44386841
2015,9.00,"Halifax, Nova Scotia",6.39.5,v44386841
1998,3.00,"New Brunswick",7.39.5,v44409726
1999,0.00,"New Brunswick",7.39.5,v44409726
2000,1.00,"New Brunswick",7.39.5,v44409726
2001,1.00,"New Brunswick",7.39.5,v44409726
2002,1.00,"New Brunswick",7.39.5,v44409726
2003,1.00,"New Brunswick",7.39.5,v44409726
2004,3.00,"New Brunswick",7.39.5,v44409726
2005,0.00,"New Brunswick",7.39.5,v44409726
2006,1.00,"New Brunswick",7.39.5,v44409726
2007,1.00,"New Brunswick",7.39.5,v44409726
2008,1.00,"New Brunswick",7.39.5,v44409726
2009,4.00,"New Brunswick",7.39.5,v44409726
2010,0.00,"New Brunswick",7.39.5,v44409726
2011,3.00,"New Brunswick",7.39.5,v44409726
2012,1.00,"New Brunswick",7.39.5,v44409726
2013,1.00,"New Brunswick",7.39.5,v44409726
2014,0.00,"New Brunswick",7.39.5,v44409726
2015,0.00,"New Brunswick",7.39.5,v44409726
2005,..,"Moncton, New Brunswick",43.39.5,v52120838
2006,0.00,"Moncton, New Brunswick",43.39.5,v52120838
2007,1.00,"Moncton, New Brunswick",43.39.5,v52120838
2008,0.00,"Moncton, New Brunswick",43.39.5,v52120838
2009,0.00,"Moncton, New Brunswick",43.39.5,v52120838
2010,0.00,"Moncton, New Brunswick",43.39.5,v52120838
2011,2.00,"Moncton, New Brunswick",43.39.5,v52120838
2012,1.00,"Moncton, New Brunswick",43.39.5,v52120838
2013,1.00,"Moncton, New Brunswick",43.39.5,v52120838
2014,0.00,"Moncton, New Brunswick",43.39.5,v52120838
2015,0.00,"Moncton, New Brunswick",43.39.5,v52120838
1998,1.00,"Saint John, New Brunswick",8.39.5,v44326724
1999,0.00,"Saint John, New Brunswick",8.39.5,v44326724
2000,0.00,"Saint John, New Brunswick",8.39.5,v44326724
2001,0.00,"Saint John, New Brunswick",8.39.5,v44326724
2002,0.00,"Saint John, New Brunswick",8.39.5,v44326724
2003,0.00,"Saint John, New Brunswick",8.39.5,v44326724
2004,0.00,"Saint John, New Brunswick",8.39.5,v44326724
2005,0.00,"Saint John, New Brunswick",8.39.5,v44326724
2006,0.00,"Saint John, New Brunswick",8.39.5,v44326724
2007,0.00,"Saint John, New Brunswick",8.39.5,v44326724
2008,0.00,"Saint John, New Brunswick",8.39.5,v44326724
2009,0.00,"Saint John, New Brunswick",8.39.5,v44326724
2010,0.00,"Saint John, New Brunswick",8.39.5,v44326724
2011,0.00,"Saint John, New Brunswick",8.39.5,v44326724
2012,0.00,"Saint John, New Brunswick",8.39.5,v44326724
2013,0.00,"Saint John, New Brunswick",8.39.5,v44326724
2014,0.00,"Saint John, New Brunswick",8.39.5,v44326724
2015,0.00,"Saint John, New Brunswick",8.39.5,v44326724
1998,7.00,"Quebec",9.39.5,v44362341
1999,5.00,"Quebec",9.39.5,v44362341
2000,12.00,"Quebec",9.39.5,v44362341
2001,8.00,"Quebec",9.39.5,v44362341
2002,11.00,"Quebec",9.39.5,v44362341
2003,5.00,"Quebec",9.39.5,v44362341
2004,2.00,"Quebec",9.39.5,v44362341
2005,5.00,"Quebec",9.39.5,v44362341
2006,7.00,"Quebec",9.39.5,v44362341
2007,5.00,"Quebec",9.39.5,v44362341
2008,5.00,"Quebec",9.39.5,v44362341
2009,5.00,"Quebec",9.39.5,v44362341
2010,5.00,"Quebec",9.39.5,v44362341
2011,2.00,"Quebec",9.39.5,v44362341
2012,4.00,"Quebec",9.39.5,v44362341
2013,7.00,"Quebec",9.39.5,v44362341
2014,8.00,"Quebec",9.39.5,v44362341
2015,10.00,"Quebec",9.39.5,v44362341
1999,..,"Saguenay, Quebec",10.39.5,v44339938
2000,0.00,"Saguenay, Quebec",10.39.5,v44339938
2001,0.00,"Saguenay, Quebec",10.39.5,v44339938
2002,1.00,"Saguenay, Quebec",10.39.5,v44339938
2003,..,"Saguenay, Quebec",10.39.5,v44339938
2004,..,"Saguenay, Quebec",10.39.5,v44339938
2005,..,"Saguenay, Quebec",10.39.5,v44339938
2006,0.00,"Saguenay, Quebec",10.39.5,v44339938
2007,0.00,"Saguenay, Quebec",10.39.5,v44339938
2008,0.00,"Saguenay, Quebec",10.39.5,v44339938
2009,0.00,"Saguenay, Quebec",10.39.5,v44339938
2010,0.00,"Saguenay, Quebec",10.39.5,v44339938
2011,0.00,"Saguenay, Quebec",10.39.5,v44339938
2012,0.00,"Saguenay, Quebec",10.39.5,v44339938
2013,0.00,"Saguenay, Quebec",10.39.5,v44339938
2014,0.00,"Saguenay, Quebec",10.39.5,v44339938
2015,0.00,"Saguenay, Quebec",10.39.5,v44339938
1998,0.00,"Sherbrooke, Quebec",12.39.5,v44347338
1999,..,"Sherbrooke, Quebec",12.39.5,v44347338
2000,..,"Sherbrooke, Quebec",12.39.5,v44347338
2001,..,"Sherbrooke, Quebec",12.39.5,v44347338
2002,..,"Sherbrooke, Quebec",12.39.5,v44347338
2003,..,"Sherbrooke, Quebec",12.39.5,v44347338
2004,..,"Sherbrooke, Quebec",12.39.5,v44347338
2005,..,"Sherbrooke, Quebec",12.39.5,v44347338
2006,0.00,"Sherbrooke, Quebec",12.39.5,v44347338
2007,0.00,"Sherbrooke, Quebec",12.39.5,v44347338
2008,0.00,"Sherbrooke, Quebec",12.39.5,v44347338
2009,1.00,"Sherbrooke, Quebec",12.39.5,v44347338
2010,0.00,"Sherbrooke, Quebec",12.39.5,v44347338
2011,1.00,"Sherbrooke, Quebec",12.39.5,v44347338
2012,0.00,"Sherbrooke, Quebec",12.39.5,v44347338
2013,0.00,"Sherbrooke, Quebec",12.39.5,v44347338
2014,1.00,"Sherbrooke, Quebec",12.39.5,v44347338
2015,1.00,"Sherbrooke, Quebec",12.39.5,v44347338
1998,1.00,"Ottawa-Gatineau, Quebec part",15.39.5,v44392252
1999,2.00,"Ottawa-Gatineau, Quebec part",15.39.5,v44392252
2000,0.00,"Ottawa-Gatineau, Quebec part",15.39.5,v44392252
2001,..,"Ottawa-Gatineau, Quebec part",15.39.5,v44392252
2002,0.00,"Ottawa-Gatineau, Quebec part",15.39.5,v44392252
2003,..,"Ottawa-Gatineau, Quebec part",15.39.5,v44392252
2004,0.00,"Ottawa-Gatineau, Quebec part",15.39.5,v44392252
2005,0.00,"Ottawa-Gatineau, Quebec part",15.39.5,v44392252
2006,0.00,"Ottawa-Gatineau, Quebec part",15.39.5,v44392252
2007,0.00,"Ottawa-Gatineau, Quebec part",15.39.5,v44392252
2008,0.00,"Ottawa-Gatineau, Quebec part",15.39.5,v44392252
2009,0.00,"Ottawa-Gatineau, Quebec part",15.39.5,v44392252
2010,1.00,"Ottawa-Gatineau, Quebec part",15.39.5,v44392252
2011,0.00,"Ottawa-Gatineau, Quebec part",15.39.5,v44392252
2012,2.00,"Ottawa-Gatineau, Quebec part",15.39.5,v44392252
2013,0.00,"Ottawa-Gatineau, Quebec part",15.39.5,v44392252
2014,0.00,"Ottawa-Gatineau, Quebec part",15.39.5,v44392252
2015,1.00,"Ottawa-Gatineau, Quebec part",15.39.5,v44392252
1998,16.00,"Ontario",16.39.5,v44371363
1999,16.00,"Ontario",16.39.5,v44371363
2000,19.00,"Ontario",16.39.5,v44371363
2001,16.00,"Ontario",16.39.5,v44371363
2002,12.00,"Ontario",16.39.5,v44371363
2003,8.00,"Ontario",16.39.5,v44371363
2004,7.00,"Ontario",16.39.5,v44371363
2005,13.00,"Ontario",16.39.5,v44371363
2006,14.00,"Ontario",16.39.5,v44371363
2007,6.00,"Ontario",16.39.5,v44371363
2008,19.00,"Ontario",16.39.5,v44371363
2009,9.00,"Ontario",16.39.5,v44371363
2010,18.00,"Ontario",16.39.5,v44371363
2011,8.00,"Ontario",16.39.5,v44371363
2012,16.00,"Ontario",16.39.5,v44371363
2013,10.00,"Ontario",16.39.5,v44371363
2014,10.00,"Ontario",16.39.5,v44371363
2015,3.00,"Ontario",16.39.5,v44371363
1998,3.00,"Ottawa-Gatineau, Ontario/Quebec",17.39.5,v52147818
1999,3.00,"Ottawa-Gatineau, Ontario/Quebec",17.39.5,v52147818
2000,2.00,"Ottawa-Gatineau, Ontario/Quebec",17.39.5,v52147818
2001,1.00,"Ottawa-Gatineau, Ontario/Quebec",17.39.5,v52147818
2002,0.00,"Ottawa-Gatineau, Ontario/Quebec",17.39.5,v52147818
2003,1.00,"Ottawa-Gatineau, Ontario/Quebec",17.39.5,v52147818
2004,2.00,"Ottawa-Gatineau, Ontario/Quebec",17.39.5,v52147818
2005,3.00,"Ottawa-Gatineau, Ontario/Quebec",17.39.5,v52147818
2006,0.00,"Ottawa-Gatineau, Ontario/Quebec",17.39.5,v52147818
2007,0.00,"Ottawa-Gatineau, Ontario/Quebec",17.39.5,v52147818
2008,1.00,"Ottawa-Gatineau, Ontario/Quebec",17.39.5,v52147818
2009,1.00,"Ottawa-Gatineau, Ontario/Quebec",17.39.5,v52147818
2010,2.00,"Ottawa-Gatineau, Ontario/Quebec",17.39.5,v52147818
2011,3.00,"Ottawa-Gatineau, Ontario/Quebec",17.39.5,v52147818
2012,3.00,"Ottawa-Gatineau, Ontario/Quebec",17.39.5,v52147818
2013,0.00,"Ottawa-Gatineau, Ontario/Quebec",17.39.5,v52147818
2014,0.00,"Ottawa-Gatineau, Ontario/Quebec",17.39.5,v52147818
2015,1.00,"Ottawa-Gatineau, Ontario/Quebec",17.39.5,v52147818
1998,2.00,"Ottawa-Gatineau, Ontario part",18.39.5,v44326259
1999,1.00,"Ottawa-Gatineau, Ontario part",18.39.5,v44326259
2000,2.00,"Ottawa-Gatineau, Ontario part",18.39.5,v44326259
2001,1.00,"Ottawa-Gatineau, Ontario part",18.39.5,v44326259
2002,0.00,"Ottawa-Gatineau, Ontario part",18.39.5,v44326259
2003,1.00,"Ottawa-Gatineau, Ontario part",18.39.5,v44326259
2004,2.00,"Ottawa-Gatineau, Ontario part",18.39.5,v44326259
2005,3.00,"Ottawa-Gatineau, Ontario part",18.39.5,v44326259
2006,0.00,"Ottawa-Gatineau, Ontario part",18.39.5,v44326259
2007,0.00,"Ottawa-Gatineau, Ontario part",18.39.5,v44326259
2008,1.00,"Ottawa-Gatineau, Ontario part",18.39.5,v44326259
2009,1.00,"Ottawa-Gatineau, Ontario part",18.39.5,v44326259
2010,1.00,"Ottawa-Gatineau, Ontario part",18.39.5,v44326259
2011,3.00,"Ottawa-Gatineau, Ontario part",18.39.5,v44326259
2012,1.00,"Ottawa-Gatineau, Ontario part",18.39.5,v44326259
2013,0.00,"Ottawa-Gatineau, Ontario part",18.39.5,v44326259
2014,0.00,"Ottawa-Gatineau, Ontario part",18.39.5,v44326259
2015,0.00,"Ottawa-Gatineau, Ontario part",18.39.5,v44326259
2003,..,"Kingston, Ontario",27.39.5,v44365642
2004,0.00,"Kingston, Ontario",27.39.5,v44365642
2005,..,"Kingston, Ontario",27.39.5,v44365642
2006,0.00,"Kingston, Ontario",27.39.5,v44365642
2007,1.00,"Kingston, Ontario",27.39.5,v44365642
2008,0.00,"Kingston, Ontario",27.39.5,v44365642
2009,0.00,"Kingston, Ontario",27.39.5,v44365642
2010,1.00,"Kingston, Ontario",27.39.5,v44365642
2011,0.00,"Kingston, Ontario",27.39.5,v44365642
2012,0.00,"Kingston, Ontario",27.39.5,v44365642
2013,0.00,"Kingston, Ontario",27.39.5,v44365642
2014,0.00,"Kingston, Ontario",27.39.5,v44365642
2015,1.00,"Kingston, Ontario",27.39.5,v44365642
2006,0.00,"Peterborough, Ontario",44.39.5,v52122308
2007,0.00,"Peterborough, Ontario",44.39.5,v52122308
2008,2.00,"Peterborough, Ontario",44.39.5,v52122308
2009,1.00,"Peterborough, Ontario",44.39.5,v52122308
2010,0.00,"Peterborough, Ontario",44.39.5,v52122308
2011,0.00,"Peterborough, Ontario",44.39.5,v52122308
2012,0.00,"Peterborough, Ontario",44.39.5,v52122308
2013,0.00,"Peterborough, Ontario",44.39.5,v52122308
2014,0.00,"Peterborough, Ontario",44.39.5,v52122308
2015,0.00,"Peterborough, Ontario",44.39.5,v52122308
1998,7.00,"Toronto, Ontario",19.39.5,v44414458
1999,2.00,"Toronto, Ontario",19.39.5,v44414458
2000,7.00,"Toronto, Ontario",19.39.5,v44414458
2001,3.00,"Toronto, Ontario",19.39.5,v44414458
2002,3.00,"Toronto, Ontario",19.39.5,v44414458
2003,2.00,"Toronto, Ontario",19.39.5,v44414458
2004,1.00,"Toronto, Ontario",19.39.5,v44414458
2005,1.00,"Toronto, Ontario",19.39.5,v44414458
2006,5.00,"Toronto, Ontario",19.39.5,v44414458
2007,3.00,"Toronto, Ontario",19.39.5,v44414458
2008,8.00,"Toronto, Ontario",19.39.5,v44414458
2009,2.00,"Toronto, Ontario",19.39.5,v44414458
2010,12.00,"Toronto, Ontario",19.39.5,v44414458
2011,1.00,"Toronto, Ontario",19.39.5,v44414458
2012,8.00,"Toronto, Ontario",19.39.5,v44414458
2013,4.00,"Toronto, Ontario",19.39.5,v44414458
2014,5.00,"Toronto, Ontario",19.39.5,v44414458
2015,1.00,"Toronto, Ontario",19.39.5,v44414458
1998,1.00,"Hamilton, Ontario",20.39.5,v44371754
1999,1.00,"Hamilton, Ontario",20.39.5,v44371754
2000,1.00,"Hamilton, Ontario",20.39.5,v44371754
2001,1.00,"Hamilton, Ontario",20.39.5,v44371754
2002,0.00,"Hamilton, Ontario",20.39.5,v44371754
2003,0.00,"Hamilton, Ontario",20.39.5,v44371754
2004,1.00,"Hamilton, Ontario",20.39.5,v44371754
2005,0.00,"Hamilton, Ontario",20.39.5,v44371754
2006,1.00,"Hamilton, Ontario",20.39.5,v44371754
2007,0.00,"Hamilton, Ontario",20.39.5,v44371754
2008,0.00,"Hamilton, Ontario",20.39.5,v44371754
2009,0.00,"Hamilton, Ontario",20.39.5,v44371754
2010,0.00,"Hamilton, Ontario",20.39.5,v44371754
2011,0.00,"Hamilton, Ontario",20.39.5,v44371754
2012,0.00,"Hamilton, Ontario",20.39.5,v44371754
2013,0.00,"Hamilton, Ontario",20.39.5,v44371754
2014,0.00,"Hamilton, Ontario",20.39.5,v44371754
2015,0.00,"Hamilton, Ontario",20.39.5,v44371754
1998,..,"St.Catharines-Niagara, Ontario",21.39.5,v44412585
1999,0.00,"St.Catharines-Niagara, Ontario",21.39.5,v44412585
2000,..,"St.Catharines-Niagara, Ontario",21.39.5,v44412585
2001,..,"St.Catharines-Niagara, Ontario",21.39.5,v44412585
2002,..,"St.Catharines-Niagara, Ontario",21.39.5,v44412585
2003,1.00,"St.Catharines-Niagara, Ontario",21.39.5,v44412585
2004,0.00,"St.Catharines-Niagara, Ontario",21.39.5,v44412585
2005,..,"St.Catharines-Niagara, Ontario",21.39.5,v44412585
2006,0.00,"St.Catharines-Niagara, Ontario",21.39.5,v44412585
2007,0.00,"St.Catharines-Niagara, Ontario",21.39.5,v44412585
2008,0.00,"St.Catharines-Niagara, Ontario",21.39.5,v44412585
2009,0.00,"St.Catharines-Niagara, Ontario",21.39.5,v44412585
2010,0.00,"St.Catharines-Niagara, Ontario",21.39.5,v44412585
2011,0.00,"St.Catharines-Niagara, Ontario",21.39.5,v44412585
2012,2.00,"St.Catharines-Niagara, Ontario",21.39.5,v44412585
2013,1.00,"St.Catharines-Niagara, Ontario",21.39.5,v44412585
2014,0.00,"St.Catharines-Niagara, Ontario",21.39.5,v44412585
2015,0.00,"St.Catharines-Niagara, Ontario",21.39.5,v44412585
1998,0.00,"Kitchener-Cambridge-Waterloo, Ontario",22.39.5,v44357725
1999,0.00,"Kitchener-Cambridge-Waterloo, Ontario",22.39.5,v44357725
2000,0.00,"Kitchener-Cambridge-Waterloo, Ontario",22.39.5,v44357725
2001,2.00,"Kitchener-Cambridge-Waterloo, Ontario",22.39.5,v44357725
2002,1.00,"Kitchener-Cambridge-Waterloo, Ontario",22.39.5,v44357725
2003,0.00,"Kitchener-Cambridge-Waterloo, Ontario",22.39.5,v44357725
2004,0.00,"Kitchener-Cambridge-Waterloo, Ontario",22.39.5,v44357725
2005,3.00,"Kitchener-Cambridge-Waterloo, Ontario",22.39.5,v44357725
2006,2.00,"Kitchener-Cambridge-Waterloo, Ontario",22.39.5,v44357725
2007,0.00,"Kitchener-Cambridge-Waterloo, Ontario",22.39.5,v44357725
2008,2.00,"Kitchener-Cambridge-Waterloo, Ontario",22.39.5,v44357725
2009,2.00,"Kitchener-Cambridge-Waterloo, Ontario",22.39.5,v44357725
2010,0.00,"Kitchener-Cambridge-Waterloo, Ontario",22.39.5,v44357725
2011,0.00,"Kitchener-Cambridge-Waterloo, Ontario",22.39.5,v44357725
2012,3.00,"Kitchener-Cambridge-Waterloo, Ontario",22.39.5,v44357725
2013,0.00,"Kitchener-Cambridge-Waterloo, Ontario",22.39.5,v44357725
2014,0.00,"Kitchener-Cambridge-Waterloo, Ontario",22.39.5,v44357725
2015,0.00,"Kitchener-Cambridge-Waterloo, Ontario",22.39.5,v44357725
2006,0.00,"Brantford, Ontario",45.39.5,v52118930
2007,0.00,"Brantford, Ontario",45.39.5,v52118930
2008,0.00,"Brantford, Ontario",45.39.5,v52118930
2009,0.00,"Brantford, Ontario",45.39.5,v52118930
2010,0.00,"Brantford, Ontario",45.39.5,v52118930
2011,0.00,"Brantford, Ontario",45.39.5,v52118930
2012,0.00,"Brantford, Ontario",45.39.5,v52118930
2013,0.00,"Brantford, Ontario",45.39.5,v52118930
2014,0.00,"Brantford, Ontario",45.39.5,v52118930
2015,0.00,"Brantford, Ontario",45.39.5,v52118930
2005,..,"Guelph, Ontario",46.39.5,v52119378
2006,2.00,"Guelph, Ontario",46.39.5,v52119378
2007,0.00,"Guelph, Ontario",46.39.5,v52119378
2008,1.00,"Guelph, Ontario",46.39.5,v52119378
2009,0.00,"Guelph, Ontario",46.39.5,v52119378
2010,0.00,"Guelph, Ontario",46.39.5,v52119378
2011,0.00,"Guelph, Ontario",46.39.5,v52119378
2012,0.00,"Guelph, Ontario",46.39.5,v52119378
2013,0.00,"Guelph, Ontario",46.39.5,v52119378
2014,0.00,"Guelph, Ontario",46.39.5,v52119378
2015,0.00,"Guelph, Ontario",46.39.5,v52119378
1998,0.00,"London, Ontario",23.39.5,v44333788
1999,0.00,"London, Ontario",23.39.5,v44333788
2000,2.00,"London, Ontario",23.39.5,v44333788
2001,0.00,"London, Ontario",23.39.5,v44333788
2002,1.00,"London, Ontario",23.39.5,v44333788
2003,0.00,"London, Ontario",23.39.5,v44333788
2004,0.00,"London, Ontario",23.39.5,v44333788
2005,0.00,"London, Ontario",23.39.5,v44333788
2006,0.00,"London, Ontario",23.39.5,v44333788
2007,0.00,"London, Ontario",23.39.5,v44333788
2008,1.00,"London, Ontario",23.39.5,v44333788
2009,1.00,"London, Ontario",23.39.5,v44333788
2010,0.00,"London, Ontario",23.39.5,v44333788
2011,0.00,"London, Ontario",23.39.5,v44333788
2012,1.00,"London, Ontario",23.39.5,v44333788
2013,2.00,"London, Ontario",23.39.5,v44333788
2014,0.00,"London, Ontario",23.39.5,v44333788
2015,0.00,"London, Ontario",23.39.5,v44333788
1998,0.00,"Windsor, Ontario",24.39.5,v44387247
1999,0.00,"Windsor, Ontario",24.39.5,v44387247
2000,1.00,"Windsor, Ontario",24.39.5,v44387247
2001,0.00,"Windsor, Ontario",24.39.5,v44387247
2002,0.00,"Windsor, Ontario",24.39.5,v44387247
2003,0.00,"Windsor, Ontario",24.39.5,v44387247
2004,0.00,"Windsor, Ontario",24.39.5,v44387247
2005,1.00,"Windsor, Ontario",24.39.5,v44387247
2006,0.00,"Windsor, Ontario",24.39.5,v44387247
2007,1.00,"Windsor, Ontario",24.39.5,v44387247
2008,0.00,"Windsor, Ontario",24.39.5,v44387247
2009,0.00,"Windsor, Ontario",24.39.5,v44387247
2010,0.00,"Windsor, Ontario",24.39.5,v44387247
2011,0.00,"Windsor, Ontario",24.39.5,v44387247
2012,0.00,"Windsor, Ontario",24.39.5,v44387247
2013,0.00,"Windsor, Ontario",24.39.5,v44387247
2014,0.00,"Windsor, Ontario",24.39.5,v44387247
2015,0.00,"Windsor, Ontario",24.39.5,v44387247
2005,..,"Barrie, Ontario",47.39.5,v52144065
2006,0.00,"Barrie, Ontario",47.39.5,v52144065
2007,0.00,"Barrie, Ontario",47.39.5,v52144065
2008,0.00,"Barrie, Ontario",47.39.5,v52144065
2009,0.00,"Barrie, Ontario",47.39.5,v52144065
2010,0.00,"Barrie, Ontario",47.39.5,v52144065
2011,0.00,"Barrie, Ontario",47.39.5,v52144065
2012,0.00,"Barrie, Ontario",47.39.5,v52144065
2013,0.00,"Barrie, Ontario",47.39.5,v52144065
2014,0.00,"Barrie, Ontario",47.39.5,v52144065
2015,0.00,"Barrie, Ontario",47.39.5,v52144065
1998,1.00,"Sudbury, Ontario",25.39.5,v44326090
1999,..,"Sudbury, Ontario",25.39.5,v44326090
2000,..,"Sudbury, Ontario",25.39.5,v44326090
2001,1.00,"Sudbury, Ontario",25.39.5,v44326090
2002,..,"Sudbury, Ontario",25.39.5,v44326090
2003,..,"Sudbury, Ontario",25.39.5,v44326090
2004,..,"Sudbury, Ontario",25.39.5,v44326090
2005,1.00,"Sudbury, Ontario",25.39.5,v44326090
2006,0.00,"Sudbury, Ontario",25.39.5,v44326090
2007,0.00,"Sudbury, Ontario",25.39.5,v44326090
2008,0.00,"Sudbury, Ontario",25.39.5,v44326090
2009,0.00,"Sudbury, Ontario",25.39.5,v44326090
2010,0.00,"Sudbury, Ontario",25.39.5,v44326090
2011,0.00,"Sudbury, Ontario",25.39.5,v44326090
2012,0.00,"Sudbury, Ontario",25.39.5,v44326090
2013,0.00,"Sudbury, Ontario",25.39.5,v44326090
2014,1.00,"Sudbury, Ontario",25.39.5,v44326090
2015,0.00,"Sudbury, Ontario",25.39.5,v44326090
1998,0.00,"Thunder Bay, Ontario",26.39.5,v44341674
1999,1.00,"Thunder Bay, Ontario",26.39.5,v44341674
2000,0.00,"Thunder Bay, Ontario",26.39.5,v44341674
2001,0.00,"Thunder Bay, Ontario",26.39.5,v44341674
2002,0.00,"Thunder Bay, Ontario",26.39.5,v44341674
2003,0.00,"Thunder Bay, Ontario",26.39.5,v44341674
2004,0.00,"Thunder Bay, Ontario",26.39.5,v44341674
2005,1.00,"Thunder Bay, Ontario",26.39.5,v44341674
2006,0.00,"Thunder Bay, Ontario",26.39.5,v44341674
2007,0.00,"Thunder Bay, Ontario",26.39.5,v44341674
2008,0.00,"Thunder Bay, Ontario",26.39.5,v44341674
2009,0.00,"Thunder Bay, Ontario",26.39.5,v44341674
2010,0.00,"Thunder Bay, Ontario",26.39.5,v44341674
2011,0.00,"Thunder Bay, Ontario",26.39.5,v44341674
2012,0.00,"Thunder Bay, Ontario",26.39.5,v44341674
2013,1.00,"Thunder Bay, Ontario",26.39.5,v44341674
2014,0.00,"Thunder Bay, Ontario",26.39.5,v44341674
2015,0.00,"Thunder Bay, Ontario",26.39.5,v44341674
1998,6.00,"Manitoba",28.39.5,v44383340
1999,4.00,"Manitoba",28.39.5,v44383340
2000,3.00,"Manitoba",28.39.5,v44383340
2001,0.00,"Manitoba",28.39.5,v44383340
2002,3.00,"Manitoba",28.39.5,v44383340
2003,2.00,"Manitoba",28.39.5,v44383340
2004,4.00,"Manitoba",28.39.5,v44383340
2005,5.00,"Manitoba",28.39.5,v44383340
2006,4.00,"Manitoba",28.39.5,v44383340
2007,3.00,"Manitoba",28.39.5,v44383340
2008,7.00,"Manitoba",28.39.5,v44383340
2009,6.00,"Manitoba",28.39.5,v44383340
2010,6.00,"Manitoba",28.39.5,v44383340
2011,2.00,"Manitoba",28.39.5,v44383340
2012,6.00,"Manitoba",28.39.5,v44383340
2013,1.00,"Manitoba",28.39.5,v44383340
2014,4.00,"Manitoba",28.39.5,v44383340
2015,1.00,"Manitoba",28.39.5,v44383340
1998,5.00,"Winnipeg, Manitoba",29.39.5,v44376254
1999,1.00,"Winnipeg, Manitoba",29.39.5,v44376254
2000,3.00,"Winnipeg, Manitoba",29.39.5,v44376254
2001,0.00,"Winnipeg, Manitoba",29.39.5,v44376254
2002,1.00,"Winnipeg, Manitoba",29.39.5,v44376254
2003,1.00,"Winnipeg, Manitoba",29.39.5,v44376254
2004,1.00,"Winnipeg, Manitoba",29.39.5,v44376254
2005,4.00,"Winnipeg, Manitoba",29.39.5,v44376254
2006,4.00,"Winnipeg, Manitoba",29.39.5,v44376254
2007,0.00,"Winnipeg, Manitoba",29.39.5,v44376254
2008,7.00,"Winnipeg, Manitoba",29.39.5,v44376254
2009,5.00,"Winnipeg, Manitoba",29.39.5,v44376254
2010,3.00,"Winnipeg, Manitoba",29.39.5,v44376254
2011,0.00,"Winnipeg, Manitoba",29.39.5,v44376254
2012,1.00,"Winnipeg, Manitoba",29.39.5,v44376254
2013,1.00,"Winnipeg, Manitoba",29.39.5,v44376254
2014,1.00,"Winnipeg, Manitoba",29.39.5,v44376254
2015,1.00,"Winnipeg, Manitoba",29.39.5,v44376254
1998,1.00,"Saskatchewan",30.39.5,v44360689
1999,2.00,"Saskatchewan",30.39.5,v44360689
2000,3.00,"Saskatchewan",30.39.5,v44360689
2001,0.00,"Saskatchewan",30.39.5,v44360689
2002,2.00,"Saskatchewan",30.39.5,v44360689
2003,0.00,"Saskatchewan",30.39.5,v44360689
2004,1.00,"Saskatchewan",30.39.5,v44360689
2005,4.00,"Saskatchewan",30.39.5,v44360689
2006,4.00,"Saskatchewan",30.39.5,v44360689
2007,1.00,"Saskatchewan",30.39.5,v44360689
2008,2.00,"Saskatchewan",30.39.5,v44360689
2009,2.00,"Saskatchewan",30.39.5,v44360689
2010,3.00,"Saskatchewan",30.39.5,v44360689
2011,1.00,"Saskatchewan",30.39.5,v44360689
2012,3.00,"Saskatchewan",30.39.5,v44360689
2013,0.00,"Saskatchewan",30.39.5,v44360689
2014,0.00,"Saskatchewan",30.39.5,v44360689
2015,3.00,"Saskatchewan",30.39.5,v44360689
1998,0.00,"Regina, Saskatchewan",31.39.5,v44343756
1999,1.00,"Regina, Saskatchewan",31.39.5,v44343756
2000,0.00,"Regina, Saskatchewan",31.39.5,v44343756
2001,0.00,"Regina, Saskatchewan",31.39.5,v44343756
2002,1.00,"Regina, Saskatchewan",31.39.5,v44343756
2003,0.00,"Regina, Saskatchewan",31.39.5,v44343756
2004,0.00,"Regina, Saskatchewan",31.39.5,v44343756
2005,3.00,"Regina, Saskatchewan",31.39.5,v44343756
2006,0.00,"Regina, Saskatchewan",31.39.5,v44343756
2007,0.00,"Regina, Saskatchewan",31.39.5,v44343756
2008,0.00,"Regina, Saskatchewan",31.39.5,v44343756
2009,0.00,"Regina, Saskatchewan",31.39.5,v44343756
2010,1.00,"Regina, Saskatchewan",31.39.5,v44343756
2011,1.00,"Regina, Saskatchewan",31.39.5,v44343756
2012,0.00,"Regina, Saskatchewan",31.39.5,v44343756
2013,0.00,"Regina, Saskatchewan",31.39.5,v44343756
2014,0.00,"Regina, Saskatchewan",31.39.5,v44343756
2015,0.00,"Regina, Saskatchewan",31.39.5,v44343756
1998,1.00,"Saskatoon, Saskatchewan",32.39.5,v44333453
1999,0.00,"Saskatoon, Saskatchewan",32.39.5,v44333453
2000,0.00,"Saskatoon, Saskatchewan",32.39.5,v44333453
2001,0.00,"Saskatoon, Saskatchewan",32.39.5,v44333453
2002,0.00,"Saskatoon, Saskatchewan",32.39.5,v44333453
2003,0.00,"Saskatoon, Saskatchewan",32.39.5,v44333453
2004,0.00,"Saskatoon, Saskatchewan",32.39.5,v44333453
2005,1.00,"Saskatoon, Saskatchewan",32.39.5,v44333453
2006,2.00,"Saskatoon, Saskatchewan",32.39.5,v44333453
2007,0.00,"Saskatoon, Saskatchewan",32.39.5,v44333453
2008,0.00,"Saskatoon, Saskatchewan",32.39.5,v44333453
2009,1.00,"Saskatoon, Saskatchewan",32.39.5,v44333453
2010,0.00,"Saskatoon, Saskatchewan",32.39.5,v44333453
2011,0.00,"Saskatoon, Saskatchewan",32.39.5,v44333453
2012,0.00,"Saskatoon, Saskatchewan",32.39.5,v44333453
2013,0.00,"Saskatoon, Saskatchewan",32.39.5,v44333453
2014,0.00,"Saskatoon, Saskatchewan",32.39.5,v44333453
2015,0.00,"Saskatoon, Saskatchewan",32.39.5,v44333453
1998,7.00,"Alberta",33.39.5,v44377250
1999,3.00,"Alberta",33.39.5,v44377250
2000,12.00,"Alberta",33.39.5,v44377250
2001,3.00,"Alberta",33.39.5,v44377250
2002,6.00,"Alberta",33.39.5,v44377250
2003,5.00,"Alberta",33.39.5,v44377250
2004,1.00,"Alberta",33.39.5,v44377250
2005,2.00,"Alberta",33.39.5,v44377250
2006,4.00,"Alberta",33.39.5,v44377250
2007,13.00,"Alberta",33.39.5,v44377250
2008,3.00,"Alberta",33.39.5,v44377250
2009,6.00,"Alberta",33.39.5,v44377250
2010,8.00,"Alberta",33.39.5,v44377250
2011,5.00,"Alberta",33.39.5,v44377250
2012,6.00,"Alberta",33.39.5,v44377250
2013,2.00,"Alberta",33.39.5,v44377250
2014,6.00,"Alberta",33.39.5,v44377250
2015,1.00,"Alberta",33.39.5,v44377250
1998,1.00,"Calgary, Alberta",34.39.5,v44409015
1999,0.00,"Calgary, Alberta",34.39.5,v44409015
2000,1.00,"Calgary, Alberta",34.39.5,v44409015
2001,1.00,"Calgary, Alberta",34.39.5,v44409015
2002,0.00,"Calgary, Alberta",34.39.5,v44409015
2003,2.00,"Calgary, Alberta",34.39.5,v44409015
2004,0.00,"Calgary, Alberta",34.39.5,v44409015
2005,0.00,"Calgary, Alberta",34.39.5,v44409015
2006,0.00,"Calgary, Alberta",34.39.5,v44409015
2007,1.00,"Calgary, Alberta",34.39.5,v44409015
2008,0.00,"Calgary, Alberta",34.39.5,v44409015
2009,2.00,"Calgary, Alberta",34.39.5,v44409015
2010,0.00,"Calgary, Alberta",34.39.5,v44409015
2011,1.00,"Calgary, Alberta",34.39.5,v44409015
2012,0.00,"Calgary, Alberta",34.39.5,v44409015
2013,0.00,"Calgary, Alberta",34.39.5,v44409015
2014,0.00,"Calgary, Alberta",34.39.5,v44409015
2015,0.00,"Calgary, Alberta",34.39.5,v44409015
1998,1.00,"Edmonton, Alberta",35.39.5,v44377952
1999,1.00,"Edmonton, Alberta",35.39.5,v44377952
2000,4.00,"Edmonton, Alberta",35.39.5,v44377952
2001,0.00,"Edmonton, Alberta",35.39.5,v44377952
2002,2.00,"Edmonton, Alberta",35.39.5,v44377952
2003,0.00,"Edmonton, Alberta",35.39.5,v44377952
2004,0.00,"Edmonton, Alberta",35.39.5,v44377952
2005,0.00,"Edmonton, Alberta",35.39.5,v44377952
2006,0.00,"Edmonton, Alberta",35.39.5,v44377952
2007,5.00,"Edmonton, Alberta",35.39.5,v44377952
2008,1.00,"Edmonton, Alberta",35.39.5,v44377952
2009,3.00,"Edmonton, Alberta",35.39.5,v44377952
2010,4.00,"Edmonton, Alberta",35.39.5,v44377952
2011,2.00,"Edmonton, Alberta",35.39.5,v44377952
2012,5.00,"Edmonton, Alberta",35.39.5,v44377952
2013,1.00,"Edmonton, Alberta",35.39.5,v44377952
2014,1.00,"Edmonton, Alberta",35.39.5,v44377952
2015,1.00,"Edmonton, Alberta",35.39.5,v44377952
1998,13.00,"British Columbia",36.39.5,v44380038
1999,9.00,"British Columbia",36.39.5,v44380038
2000,7.00,"British Columbia",36.39.5,v44380038
2001,8.00,"British Columbia",36.39.5,v44380038
2002,10.00,"British Columbia",36.39.5,v44380038
2003,9.00,"British Columbia",36.39.5,v44380038
2004,11.00,"British Columbia",36.39.5,v44380038
2005,9.00,"British Columbia",36.39.5,v44380038
2006,4.00,"British Columbia",36.39.5,v44380038
2007,4.00,"British Columbia",36.39.5,v44380038
2008,6.00,"British Columbia",36.39.5,v44380038
2009,8.00,"British Columbia",36.39.5,v44380038
2010,4.00,"British Columbia",36.39.5,v44380038
2011,7.00,"British Columbia",36.39.5,v44380038
2012,7.00,"British Columbia",36.39.5,v44380038
2013,6.00,"British Columbia",36.39.5,v44380038
2014,5.00,"British Columbia",36.39.5,v44380038
2015,8.00,"British Columbia",36.39.5,v44380038
2006,0.00,"Kelowna, British Columbia",48.39.5,v52143334
2007,0.00,"Kelowna, British Columbia",48.39.5,v52143334
2008,0.00,"Kelowna, British Columbia",48.39.5,v52143334
2009,0.00,"Kelowna, British Columbia",48.39.5,v52143334
2010,0.00,"Kelowna, British Columbia",48.39.5,v52143334
2011,0.00,"Kelowna, British Columbia",48.39.5,v52143334
2012,0.00,"Kelowna, British Columbia",48.39.5,v52143334
2013,0.00,"Kelowna, British Columbia",48.39.5,v52143334
2014,0.00,"Kelowna, British Columbia",48.39.5,v52143334
2015,0.00,"Kelowna, British Columbia",48.39.5,v52143334
2000,..,"Abbotsford-Mission, British Columbia",39.39.5,v44347064
2001,0.00,"Abbotsford-Mission, British Columbia",39.39.5,v44347064
2002,1.00,"Abbotsford-Mission, British Columbia",39.39.5,v44347064
2003,0.00,"Abbotsford-Mission, British Columbia",39.39.5,v44347064
2004,..,"Abbotsford-Mission, British Columbia",39.39.5,v44347064
2005,1.00,"Abbotsford-Mission, British Columbia",39.39.5,v44347064
2006,0.00,"Abbotsford-Mission, British Columbia",39.39.5,v44347064
2007,0.00,"Abbotsford-Mission, British Columbia",39.39.5,v44347064
2008,0.00,"Abbotsford-Mission, British Columbia",39.39.5,v44347064
2009,0.00,"Abbotsford-Mission, British Columbia",39.39.5,v44347064
2010,0.00,"Abbotsford-Mission, British Columbia",39.39.5,v44347064
2011,0.00,"Abbotsford-Mission, British Columbia",39.39.5,v44347064
2012,0.00,"Abbotsford-Mission, British Columbia",39.39.5,v44347064
2013,0.00,"Abbotsford-Mission, British Columbia",39.39.5,v44347064
2014,0.00,"Abbotsford-Mission, British Columbia",39.39.5,v44347064
2015,0.00,"Abbotsford-Mission, British Columbia",39.39.5,v44347064
1998,2.00,"Vancouver, British Columbia",37.39.5,v44382751
1999,2.00,"Vancouver, British Columbia",37.39.5,v44382751
2000,1.00,"Vancouver, British Columbia",37.39.5,v44382751
2001,5.00,"Vancouver, British Columbia",37.39.5,v44382751
2002,4.00,"Vancouver, British Columbia",37.39.5,v44382751
2003,5.00,"Vancouver, British Columbia",37.39.5,v44382751
2004,4.00,"Vancouver, British Columbia",37.39.5,v44382751
2005,7.00,"Vancouver, British Columbia",37.39.5,v44382751
2006,0.00,"Vancouver, British Columbia",37.39.5,v44382751
2007,3.00,"Vancouver, British Columbia",37.39.5,v44382751
2008,3.00,"Vancouver, British Columbia",37.39.5,v44382751
2009,5.00,"Vancouver, British Columbia",37.39.5,v44382751
2010,1.00,"Vancouver, British Columbia",37.39.5,v44382751
2011,5.00,"Vancouver, British Columbia",37.39.5,v44382751
2012,4.00,"Vancouver, British Columbia",37.39.5,v44382751
2013,2.00,"Vancouver, British Columbia",37.39.5,v44382751
2014,2.00,"Vancouver, British Columbia",37.39.5,v44382751
2015,4.00,"Vancouver, British Columbia",37.39.5,v44382751
1998,3.00,"Victoria, British Columbia",38.39.5,v44327152
1999,0.00,"Victoria, British Columbia",38.39.5,v44327152
2000,0.00,"Victoria, British Columbia",38.39.5,v44327152
2001,1.00,"Victoria, British Columbia",38.39.5,v44327152
2002,3.00,"Victoria, British Columbia",38.39.5,v44327152
2003,2.00,"Victoria, British Columbia",38.39.5,v44327152
2004,0.00,"Victoria, British Columbia",38.39.5,v44327152
2005,0.00,"Victoria, British Columbia",38.39.5,v44327152
2006,0.00,"Victoria, British Columbia",38.39.5,v44327152
2007,0.00,"Victoria, British Columbia",38.39.5,v44327152
2008,0.00,"Victoria, British Columbia",38.39.5,v44327152
2009,0.00,"Victoria, British Columbia",38.39.5,v44327152
2010,0.00,"Victoria, British Columbia",38.39.5,v44327152
2011,0.00,"Victoria, British Columbia",38.39.5,v44327152
2012,0.00,"Victoria, British Columbia",38.39.5,v44327152
2013,0.00,"Victoria, British Columbia",38.39.5,v44327152
2014,0.00,"Victoria, British Columbia",38.39.5,v44327152
2015,0.00,"Victoria, British Columbia",38.39.5,v44327152
1998,0.00,"Yukon",40.39.5,v44403230
1999,0.00,"Yukon",40.39.5,v44403230
2000,0.00,"Yukon",40.39.5,v44403230
2001,1.00,"Yukon",40.39.5,v44403230
2002,0.00,"Yukon",40.39.5,v44403230
2003,0.00,"Yukon",40.39.5,v44403230
2004,0.00,"Yukon",40.39.5,v44403230
2005,..,"Yukon",40.39.5,v44403230
2006,0.00,"Yukon",40.39.5,v44403230
2007,0.00,"Yukon",40.39.5,v44403230
2008,0.00,"Yukon",40.39.5,v44403230
2009,1.00,"Yukon",40.39.5,v44403230
2010,1.00,"Yukon",40.39.5,v44403230
2011,0.00,"Yukon",40.39.5,v44403230
2012,0.00,"Yukon",40.39.5,v44403230
2013,0.00,"Yukon",40.39.5,v44403230
2014,0.00,"Yukon",40.39.5,v44403230
2015,0.00,"Yukon",40.39.5,v44403230
1998,0.00,"Northwest Territories",41.39.5,v44398835
1999,0.00,"Northwest Territories",41.39.5,v44398835
2000,0.00,"Northwest Territories",41.39.5,v44398835
2001,0.00,"Northwest Territories",41.39.5,v44398835
2002,0.00,"Northwest Territories",41.39.5,v44398835
2003,0.00,"Northwest Territories",41.39.5,v44398835
2004,0.00,"Northwest Territories",41.39.5,v44398835
2005,0.00,"Northwest Territories",41.39.5,v44398835
2006,0.00,"Northwest Territories",41.39.5,v44398835
2007,0.00,"Northwest Territories",41.39.5,v44398835
2008,0.00,"Northwest Territories",41.39.5,v44398835
2009,0.00,"Northwest Territories",41.39.5,v44398835
2010,0.00,"Northwest Territories",41.39.5,v44398835
2011,0.00,"Northwest Territories",41.39.5,v44398835
2012,0.00,"Northwest Territories",41.39.5,v44398835
2013,0.00,"Northwest Territories",41.39.5,v44398835
2014,0.00,"Northwest Territories",41.39.5,v44398835
2015,1.00,"Northwest Territories",41.39.5,v44398835
1998,..,"Nunavut",42.39.5,v44385367
1999,0.00,"Nunavut",42.39.5,v44385367
2000,..,"Nunavut",42.39.5,v44385367
2001,1.00,"Nunavut",42.39.5,v44385367
2002,..,"Nunavut",42.39.5,v44385367
2003,0.00,"Nunavut",42.39.5,v44385367
2004,1.00,"Nunavut",42.39.5,v44385367
2005,..,"Nunavut",42.39.5,v44385367
2006,0.00,"Nunavut",42.39.5,v44385367
2007,2.00,"Nunavut",42.39.5,v44385367
2008,0.00,"Nunavut",42.39.5,v44385367
2009,0.00,"Nunavut",42.39.5,v44385367
2010,1.00,"Nunavut",42.39.5,v44385367
2011,0.00,"Nunavut",42.39.5,v44385367
2012,0.00,"Nunavut",42.39.5,v44385367
2013,0.00,"Nunavut",42.39.5,v44385367
2014,0.00,"Nunavut",42.39.5,v44385367
2015,2.00,"Nunavut",42.39.5,v44385367
1998,56.00,"Canada",1.39.5,v44379817
1999,41.00,"Canada",1.39.5,v44379817
2000,59.00,"Canada",1.39.5,v44379817
2001,39.00,"Canada",1.39.5,v44379817
2002,47.00,"Canada",1.39.5,v44379817
2003,31.00,"Canada",1.39.5,v44379817
2004,30.00,"Canada",1.39.5,v44379817
2005,39.00,"Canada",1.39.5,v44379817
2006,38.00,"Canada",1.39.5,v44379817
2007,35.00,"Canada",1.39.5,v44379817
2008,43.00,"Canada",1.39.5,v44379817
2009,43.00,"Canada",1.39.5,v44379817
2010,46.00,"Canada",1.39.5,v44379817
2011,30.00,"Canada",1.39.5,v44379817
2012,45.00,"Canada",1.39.5,v44379817
2013,27.00,"Canada",1.39.5,v44379817
2014,33.00,"Canada",1.39.5,v44379817
2015,39.00,"Canada",1.39.5,v44379817
1998,1.00,"Newfoundland and Labrador",2.39.5,v44362644
1999,1.00,"Newfoundland and Labrador",2.39.5,v44362644
2000,1.00,"Newfoundland and Labrador",2.39.5,v44362644
2001,0.00,"Newfoundland and Labrador",2.39.5,v44362644
2002,1.00,"Newfoundland and Labrador",2.39.5,v44362644
2003,0.00,"Newfoundland and Labrador",2.39.5,v44362644
2004,0.00,"Newfoundland and Labrador",2.39.5,v44362644
2005,0.00,"Newfoundland and Labrador",2.39.5,v44362644
2006,0.00,"Newfoundland and Labrador",2.39.5,v44362644
2007,0.00,"Newfoundland and Labrador",2.39.5,v44362644
2008,0.00,"Newfoundland and Labrador",2.39.5,v44362644
2009,1.00,"Newfoundland and Labrador",2.39.5,v44362644
2010,0.00,"Newfoundland and Labrador",2.39.5,v44362644
2011,1.00,"Newfoundland and Labrador",2.39.5,v44362644
2012,0.00,"Newfoundland and Labrador",2.39.5,v44362644
2013,0.00,"Newfoundland and Labrador",2.39.5,v44362644
2014,0.00,"Newfoundland and Labrador",2.39.5,v44362644
2015,0.00,"Newfoundland and Labrador",2.39.5,v44362644
1998,0.00,"St. John's, Newfoundland and Labrador",3.39.5,v44342583
1999,0.00,"St. John's, Newfoundland and Labrador",3.39.5,v44342583
2000,1.00,"St. John's, Newfoundland and Labrador",3.39.5,v44342583
2001,0.00,"St. John's, Newfoundland and Labrador",3.39.5,v44342583
2002,0.00,"St. John's, Newfoundland and Labrador",3.39.5,v44342583
2003,0.00,"St. John's, Newfoundland and Labrador",3.39.5,v44342583
2004,0.00,"St. John's, Newfoundland and Labrador",3.39.5,v44342583
2005,0.00,"St. John's, Newfoundland and Labrador",3.39.5,v44342583
2006,0.00,"St. John's, Newfoundland and Labrador",3.39.5,v44342583
2007,0.00,"St. John's, Newfoundland and Labrador",3.39.5,v44342583
2008,0.00,"St. John's, Newfoundland and Labrador",3.39.5,v44342583
2009,0.00,"St. John's, Newfoundland and Labrador",3.39.5,v44342583
2010,0.00,"St. John's, Newfoundland and Labrador",3.39.5,v44342583
2011,1.00,"St. John's, Newfoundland and Labrador",3.39.5,v44342583
2012,0.00,"St. John's, Newfoundland and Labrador",3.39.5,v44342583
2013,0.00,"St. John's, Newfoundland and Labrador",3.39.5,v44342583
2014,0.00,"St. John's, Newfoundland and Labrador",3.39.5,v44342583
2015,0.00,"St. John's, Newfoundland and Labrador",3.39.5,v44342583
1998,1.00,"Prince Edward Island",4.39.5,v44406305
1999,0.00,"Prince Edward Island",4.39.5,v44406305
2000,0.00,"Prince Edward Island",4.39.5,v44406305
2001,0.00,"Prince Edward Island",4.39.5,v44406305
2002,0.00,"Prince Edward Island",4.39.5,v44406305
2003,1.00,"Prince Edward Island",4.39.5,v44406305
2004,0.00,"Prince Edward Island",4.39.5,v44406305
2005,..,"Prince Edward Island",4.39.5,v44406305
2006,0.00,"Prince Edward Island",4.39.5,v44406305
2007,0.00,"Prince Edward Island",4.39.5,v44406305
2008,0.00,"Prince Edward Island",4.39.5,v44406305
2009,0.00,"Prince Edward Island",4.39.5,v44406305
2010,0.00,"Prince Edward Island",4.39.5,v44406305
2011,0.00,"Prince Edward Island",4.39.5,v44406305
2012,0.00,"Prince Edward Island",4.39.5,v44406305
2013,0.00,"Prince Edward Island",4.39.5,v44406305
2014,0.00,"Prince Edward Island",4.39.5,v44406305
2015,0.00,"Prince Edward Island",4.39.5,v44406305
1998,1.00,"Nova Scotia",5.39.5,v44377166
1999,1.00,"Nova Scotia",5.39.5,v44377166
2000,1.00,"Nova Scotia",5.39.5,v44377166
2001,1.00,"Nova Scotia",5.39.5,v44377166
2002,1.00,"Nova Scotia",5.39.5,v44377166
2003,0.00,"Nova Scotia",5.39.5,v44377166
2004,0.00,"Nova Scotia",5.39.5,v44377166
2005,1.00,"Nova Scotia",5.39.5,v44377166
2006,0.00,"Nova Scotia",5.39.5,v44377166
2007,0.00,"Nova Scotia",5.39.5,v44377166
2008,0.00,"Nova Scotia",5.39.5,v44377166
2009,1.00,"Nova Scotia",5.39.5,v44377166
2010,0.00,"Nova Scotia",5.39.5,v44377166
2011,1.00,"Nova Scotia",5.39.5,v44377166
2012,2.00,"Nova Scotia",5.39.5,v44377166
2013,0.00,"Nova Scotia",5.39.5,v44377166
2014,0.00,"Nova Scotia",5.39.5,v44377166
2015,10.00,"Nova Scotia",5.39.5,v44377166
1998,0.00,"Halifax, Nova Scotia",6.39.5,v44386841
1999,0.00,"Halifax, Nova Scotia",6.39.5,v44386841
2000,0.00,"Halifax, Nova Scotia",6.39.5,v44386841
2001,0.00,"Halifax, Nova Scotia",6.39.5,v44386841
2002,1.00,"Halifax, Nova Scotia",6.39.5,v44386841
2003,0.00,"Halifax, Nova Scotia",6.39.5,v44386841
2004,0.00,"Halifax, Nova Scotia",6.39.5,v44386841
2005,0.00,"Halifax, Nova Scotia",6.39.5,v44386841
2006,0.00,"Halifax, Nova Scotia",6.39.5,v44386841
2007,0.00,"Halifax, Nova Scotia",6.39.5,v44386841
2008,0.00,"Halifax, Nova Scotia",6.39.5,v44386841
2009,0.00,"Halifax, Nova Scotia",6.39.5,v44386841
2010,0.00,"Halifax, Nova Scotia",6.39.5,v44386841
2011,0.00,"Halifax, Nova Scotia",6.39.5,v44386841
2012,1.00,"Halifax, Nova Scotia",6.39.5,v44386841
2013,0.00,"Halifax, Nova Scotia",6.39.5,v44386841
2014,0.00,"Halifax, Nova Scotia",6.39.5,v44386841
2015,9.00,"Halifax, Nova Scotia",6.39.5,v44386841
1998,3.00,"New Brunswick",7.39.5,v44409726
1999,0.00,"New Brunswick",7.39.5,v44409726
2000,1.00,"New Brunswick",7.39.5,v44409726
2001,1.00,"New Brunswick",7.39.5,v44409726
2002,1.00,"New Brunswick",7.39.5,v44409726
2003,1.00,"New Brunswick",7.39.5,v44409726
2004,3.00,"New Brunswick",7.39.5,v44409726
2005,0.00,"New Brunswick",7.39.5,v44409726
2006,1.00,"New Brunswick",7.39.5,v44409726
2007,1.00,"New Brunswick",7.39.5,v44409726
2008,1.00,"New Brunswick",7.39.5,v44409726
2009,4.00,"New Brunswick",7.39.5,v44409726
2010,0.00,"New Brunswick",7.39.5,v44409726
2011,3.00,"New Brunswick",7.39.5,v44409726
2012,1.00,"New Brunswick",7.39.5,v44409726
2013,1.00,"New Brunswick",7.39.5,v44409726
2014,0.00,"New Brunswick",7.39.5,v44409726
2015,0.00,"New Brunswick",7.39.5,v44409726
2005,..,"Moncton, New Brunswick",43.39.5,v52120838
2006,0.00,"Moncton, New Brunswick",43.39.5,v52120838
2007,1.00,"Moncton, New Brunswick",43.39.5,v52120838
2008,0.00,"Moncton, New Brunswick",43.39.5,v52120838
2009,0.00,"Moncton, New Brunswick",43.39.5,v52120838
2010,0.00,"Moncton, New Brunswick",43.39.5,v52120838
2011,2.00,"Moncton, New Brunswick",43.39.5,v52120838
2012,1.00,"Moncton, New Brunswick",43.39.5,v52120838
2013,1.00,"Moncton, New Brunswick",43.39.5,v52120838
2014,0.00,"Moncton, New Brunswick",43.39.5,v52120838
2015,0.00,"Moncton, New Brunswick",43.39.5,v52120838
1998,1.00,"Saint John, New Brunswick",8.39.5,v44326724
1999,0.00,"Saint John, New Brunswick",8.39.5,v44326724
2000,0.00,"Saint John, New Brunswick",8.39.5,v44326724
2001,0.00,"Saint John, New Brunswick",8.39.5,v44326724
2002,0.00,"Saint John, New Brunswick",8.39.5,v44326724
2003,0.00,"Saint John, New Brunswick",8.39.5,v44326724
2004,0.00,"Saint John, New Brunswick",8.39.5,v44326724
2005,0.00,"Saint John, New Brunswick",8.39.5,v44326724
2006,0.00,"Saint John, New Brunswick",8.39.5,v44326724
2007,0.00,"Saint John, New Brunswick",8.39.5,v44326724
2008,0.00,"Saint John, New Brunswick",8.39.5,v44326724
2009,0.00,"Saint John, New Brunswick",8.39.5,v44326724
2010,0.00,"Saint John, New Brunswick",8.39.5,v44326724
2011,0.00,"Saint John, New Brunswick",8.39.5,v44326724
2012,0.00,"Saint John, New Brunswick",8.39.5,v44326724
2013,0.00,"Saint John, New Brunswick",8.39.5,v44326724
2014,0.00,"Saint John, New Brunswick",8.39.5,v44326724
2015,0.00,"Saint John, New Brunswick",8.39.5,v44326724
1998,7.00,"Quebec",9.39.5,v44362341
1999,5.00,"Quebec",9.39.5,v44362341
2000,12.00,"Quebec",9.39.5,v44362341
2001,8.00,"Quebec",9.39.5,v44362341
2002,11.00,"Quebec",9.39.5,v44362341
2003,5.00,"Quebec",9.39.5,v44362341
2004,2.00,"Quebec",9.39.5,v44362341
2005,5.00,"Quebec",9.39.5,v44362341
2006,7.00,"Quebec",9.39.5,v44362341
2007,5.00,"Quebec",9.39.5,v44362341
2008,5.00,"Quebec",9.39.5,v44362341
2009,5.00,"Quebec",9.39.5,v44362341
2010,5.00,"Quebec",9.39.5,v44362341
2011,2.00,"Quebec",9.39.5,v44362341
2012,4.00,"Quebec",9.39.5,v44362341
2013,7.00,"Quebec",9.39.5,v44362341
2014,8.00,"Quebec",9.39.5,v44362341
2015,10.00,"Quebec",9.39.5,v44362341
1999,..,"Saguenay, Quebec",10.39.5,v44339938
2000,0.00,"Saguenay, Quebec",10.39.5,v44339938
2001,0.00,"Saguenay, Quebec",10.39.5,v44339938
2002,1.00,"Saguenay, Quebec",10.39.5,v44339938
2003,..,"Saguenay, Quebec",10.39.5,v44339938
2004,..,"Saguenay, Quebec",10.39.5,v44339938
2005,..,"Saguenay, Quebec",10.39.5,v44339938
2006,0.00,"Saguenay, Quebec",10.39.5,v44339938
2007,0.00,"Saguenay, Quebec",10.39.5,v44339938
2008,0.00,"Saguenay, Quebec",10.39.5,v44339938
2009,0.00,"Saguenay, Quebec",10.39.5,v44339938
2010,0.00,"Saguenay, Quebec",10.39.5,v44339938
2011,0.00,"Saguenay, Quebec",10.39.5,v44339938
2012,0.00,"Saguenay, Quebec",10.39.5,v44339938
2013,0.00,"Saguenay, Quebec",10.39.5,v44339938
2014,0.00,"Saguenay, Quebec",10.39.5,v44339938
2015,0.00,"Saguenay, Quebec",10.39.5,v44339938
1998,0.00,"Quebec, Quebec",11.39.5,v44396690
1999,..,"Quebec, Quebec",11.39.5,v44396690
2000,0.00,"Quebec, Quebec",11.39.5,v44396690
2001,1.00,"Quebec, Quebec",11.39.5,v44396690
2002,0.00,"Quebec, Quebec",11.39.5,v44396690
2003,0.00,"Quebec, Quebec",11.39.5,v44396690
2004,0.00,"Quebec, Quebec",11.39.5,v44396690
2005,0.00,"Quebec, Quebec",11.39.5,v44396690
2006,1.00,"Quebec, Quebec",11.39.5,v44396690
2007,0.00,"Quebec, Quebec",11.39.5,v44396690
2008,0.00,"Quebec, Quebec",11.39.5,v44396690
2009,0.00,"Quebec, Quebec",11.39.5,v44396690
2010,0.00,"Quebec, Quebec",11.39.5,v44396690
2011,0.00,"Quebec, Quebec",11.39.5,v44396690
2012,0.00,"Quebec, Quebec",11.39.5,v44396690
2013,2.00,"Quebec, Quebec",11.39.5,v44396690
2014,0.00,"Quebec, Quebec",11.39.5,v44396690
2015,0.00,"Quebec, Quebec",11.39.5,v44396690
1998,0.00,"Sherbrooke, Quebec",12.39.5,v44347338
1999,..,"Sherbrooke, Quebec",12.39.5,v44347338
2000,..,"Sherbrooke, Quebec",12.39.5,v44347338
2001,..,"Sherbrooke, Quebec",12.39.5,v44347338
2002,..,"Sherbrooke, Quebec",12.39.5,v44347338
2003,..,"Sherbrooke, Quebec",12.39.5,v44347338
2004,..,"Sherbrooke, Quebec",12.39.5,v44347338
2005,..,"Sherbrooke, Quebec",12.39.5,v44347338
2006,0.00,"Sherbrooke, Quebec",12.39.5,v44347338
2007,0.00,"Sherbrooke, Quebec",12.39.5,v44347338
2008,0.00,"Sherbrooke, Quebec",12.39.5,v44347338
2009,1.00,"Sherbrooke, Quebec",12.39.5,v44347338
2010,0.00,"Sherbrooke, Quebec",12.39.5,v44347338
2011,1.00,"Sherbrooke, Quebec",12.39.5,v44347338
2012,0.00,"Sherbrooke, Quebec",12.39.5,v44347338
2013,0.00,"Sherbrooke, Quebec",12.39.5,v44347338
2014,1.00,"Sherbrooke, Quebec",12.39.5,v44347338
2015,1.00,"Sherbrooke, Quebec",12.39.5,v44347338
1998,4.00,"Montreal, Quebec",14.39.5,v44381346
1999,1.00,"Montreal, Quebec",14.39.5,v44381346
2000,11.00,"Montreal, Quebec",14.39.5,v44381346
2001,7.00,"Montreal, Quebec",14.39.5,v44381346
2002,8.00,"Montreal, Quebec",14.39.5,v44381346
2003,3.00,"Montreal, Quebec",14.39.5,v44381346
2004,2.00,"Montreal, Quebec",14.39.5,v44381346
2005,3.00,"Montreal, Quebec",14.39.5,v44381346
2006,6.00,"Montreal, Quebec",14.39.5,v44381346
2007,3.00,"Montreal, Quebec",14.39.5,v44381346
2008,3.00,"Montreal, Quebec",14.39.5,v44381346
2009,3.00,"Montreal, Quebec",14.39.5,v44381346
2010,2.00,"Montreal, Quebec",14.39.5,v44381346
2011,0.00,"Montreal, Quebec",14.39.5,v44381346
2012,0.00,"Montreal, Quebec",14.39.5,v44381346
2013,4.00,"Montreal, Quebec",14.39.5,v44381346
2014,5.00,"Montreal, Quebec",14.39.5,v44381346
2015,2.00,"Montreal, Quebec",14.39.5,v44381346
1998,1.00,"Ottawa-Gatineau, Quebec part",15.39.5,v44392252
1999,2.00,"Ottawa-Gatineau, Quebec part",15.39.5,v44392252
2000,0.00,"Ottawa-Gatineau, Quebec part",15.39.5,v44392252
2001,..,"Ottawa-Gatineau, Quebec part",15.39.5,v44392252
2002,0.00,"Ottawa-Gatineau, Quebec part",15.39.5,v44392252
2003,..,"Ottawa-Gatineau, Quebec part",15.39.5,v44392252
2004,0.00,"Ottawa-Gatineau, Quebec part",15.39.5,v44392252
2005,0.00,"Ottawa-Gatineau, Quebec part",15.39.5,v44392252
2006,0.00,"Ottawa-Gatineau, Quebec part",15.39.5,v44392252
2007,0.00,"Ottawa-Gatineau, Quebec part",15.39.5,v44392252
2008,0.00,"Ottawa-Gatineau, Quebec part",15.39.5,v44392252
2009,0.00,"Ottawa-Gatineau, Quebec part",15.39.5,v44392252
2010,1.00,"Ottawa-Gatineau, Quebec part",15.39.5,v44392252
2011,0.00,"Ottawa-Gatineau, Quebec part",15.39.5,v44392252
2012,2.00,"Ottawa-Gatineau, Quebec part",15.39.5,v44392252
2013,0.00,"Ottawa-Gatineau, Quebec part",15.39.5,v44392252
2014,0.00,"Ottawa-Gatineau, Quebec part",15.39.5,v44392252
2015,1.00,"Ottawa-Gatineau, Quebec part",15.39.5,v44392252
1998,16.00,"Ontario",16.39.5,v44371363
1999,16.00,"Ontario",16.39.5,v44371363
2000,19.00,"Ontario",16.39.5,v44371363
2001,16.00,"Ontario",16.39.5,v44371363
2002,12.00,"Ontario",16.39.5,v44371363
2003,8.00,"Ontario",16.39.5,v44371363
2004,7.00,"Ontario",16.39.5,v44371363
2005,13.00,"Ontario",16.39.5,v44371363
2006,14.00,"Ontario",16.39.5,v44371363
2007,6.00,"Ontario",16.39.5,v44371363
2008,19.00,"Ontario",16.39.5,v44371363
2009,9.00,"Ontario",16.39.5,v44371363
2010,18.00,"Ontario",16.39.5,v44371363
2011,8.00,"Ontario",16.39.5,v44371363
2012,16.00,"Ontario",16.39.5,v44371363
2013,10.00,"Ontario",16.39.5,v44371363
2014,10.00,"Ontario",16.39.5,v44371363
2015,3.00,"Ontario",16.39.5,v44371363
1998,3.00,"Ottawa-Gatineau, Ontario/Quebec",17.39.5,v52147818
1999,3.00,"Ottawa-Gatineau, Ontario/Quebec",17.39.5,v52147818
2000,2.00,"Ottawa-Gatineau, Ontario/Quebec",17.39.5,v52147818
2001,1.00,"Ottawa-Gatineau, Ontario/Quebec",17.39.5,v52147818
2002,0.00,"Ottawa-Gatineau, Ontario/Quebec",17.39.5,v52147818
2003,1.00,"Ottawa-Gatineau, Ontario/Quebec",17.39.5,v52147818
2004,2.00,"Ottawa-Gatineau, Ontario/Quebec",17.39.5,v52147818
2005,3.00,"Ottawa-Gatineau, Ontario/Quebec",17.39.5,v52147818
2006,0.00,"Ottawa-Gatineau, Ontario/Quebec",17.39.5,v52147818
2007,0.00,"Ottawa-Gatineau, Ontario/Quebec",17.39.5,v52147818
2008,1.00,"Ottawa-Gatineau, Ontario/Quebec",17.39.5,v52147818
2009,1.00,"Ottawa-Gatineau, Ontario/Quebec",17.39.5,v52147818
2010,2.00,"Ottawa-Gatineau, Ontario/Quebec",17.39.5,v52147818
2011,3.00,"Ottawa-Gatineau, Ontario/Quebec",17.39.5,v52147818
2012,3.00,"Ottawa-Gatineau, Ontario/Quebec",17.39.5,v52147818
2013,0.00,"Ottawa-Gatineau, Ontario/Quebec",17.39.5,v52147818
2014,0.00,"Ottawa-Gatineau, Ontario/Quebec",17.39.5,v52147818
2015,1.00,"Ottawa-Gatineau, Ontario/Quebec",17.39.5,v52147818
1998,2.00,"Ottawa-Gatineau, Ontario part",18.39.5,v44326259
1999,1.00,"Ottawa-Gatineau, Ontario part",18.39.5,v44326259
2000,2.00,"Ottawa-Gatineau, Ontario part",18.39.5,v44326259
2001,1.00,"Ottawa-Gatineau, Ontario part",18.39.5,v44326259
2002,0.00,"Ottawa-Gatineau, Ontario part",18.39.5,v44326259
2003,1.00,"Ottawa-Gatineau, Ontario part",18.39.5,v44326259
2004,2.00,"Ottawa-Gatineau, Ontario part",18.39.5,v44326259
2005,3.00,"Ottawa-Gatineau, Ontario part",18.39.5,v44326259
2006,0.00,"Ottawa-Gatineau, Ontario part",18.39.5,v44326259
2007,0.00,"Ottawa-Gatineau, Ontario part",18.39.5,v44326259
2008,1.00,"Ottawa-Gatineau, Ontario part",18.39.5,v44326259
2009,1.00,"Ottawa-Gatineau, Ontario part",18.39.5,v44326259
2010,1.00,"Ottawa-Gatineau, Ontario part",18.39.5,v44326259
2011,3.00,"Ottawa-Gatineau, Ontario part",18.39.5,v44326259
2012,1.00,"Ottawa-Gatineau, Ontario part",18.39.5,v44326259
2013,0.00,"Ottawa-Gatineau, Ontario part",18.39.5,v44326259
2014,0.00,"Ottawa-Gatineau, Ontario part",18.39.5,v44326259
2015,0.00,"Ottawa-Gatineau, Ontario part",18.39.5,v44326259
2003,..,"Kingston, Ontario",27.39.5,v44365642
2004,0.00,"Kingston, Ontario",27.39.5,v44365642
2005,..,"Kingston, Ontario",27.39.5,v44365642
2006,0.00,"Kingston, Ontario",27.39.5,v44365642
2007,1.00,"Kingston, Ontario",27.39.5,v44365642
2008,0.00,"Kingston, Ontario",27.39.5,v44365642
2009,0.00,"Kingston, Ontario",27.39.5,v44365642
2010,1.00,"Kingston, Ontario",27.39.5,v44365642
2011,0.00,"Kingston, Ontario",27.39.5,v44365642
2012,0.00,"Kingston, Ontario",27.39.5,v44365642
2013,0.00,"Kingston, Ontario",27.39.5,v44365642
2014,0.00,"Kingston, Ontario",27.39.5,v44365642
2015,1.00,"Kingston, Ontario",27.39.5,v44365642
2006,0.00,"Peterborough, Ontario",44.39.5,v52122308
2007,0.00,"Peterborough, Ontario",44.39.5,v52122308
2008,2.00,"Peterborough, Ontario",44.39.5,v52122308
2009,1.00,"Peterborough, Ontario",44.39.5,v52122308
2010,0.00,"Peterborough, Ontario",44.39.5,v52122308
2011,0.00,"Peterborough, Ontario",44.39.5,v52122308
2012,0.00,"Peterborough, Ontario",44.39.5,v52122308
2013,0.00,"Peterborough, Ontario",44.39.5,v52122308
2014,0.00,"Peterborough, Ontario",44.39.5,v52122308
2015,0.00,"Peterborough, Ontario",44.39.5,v52122308
1998,7.00,"Toronto, Ontario",19.39.5,v44414458
1999,2.00,"Toronto, Ontario",19.39.5,v44414458
2000,7.00,"Toronto, Ontario",19.39.5,v44414458
2001,3.00,"Toronto, Ontario",19.39.5,v44414458
2002,3.00,"Toronto, Ontario",19.39.5,v44414458
2003,2.00,"Toronto, Ontario",19.39.5,v44414458
2004,1.00,"Toronto, Ontario",19.39.5,v44414458
2005,1.00,"Toronto, Ontario",19.39.5,v44414458
2006,5.00,"Toronto, Ontario",19.39.5,v44414458
2007,3.00,"Toronto, Ontario",19.39.5,v44414458
2008,8.00,"Toronto, Ontario",19.39.5,v44414458
2009,2.00,"Toronto, Ontario",19.39.5,v44414458
2010,12.00,"Toronto, Ontario",19.39.5,v44414458
2011,1.00,"Toronto, Ontario",19.39.5,v44414458
2012,8.00,"Toronto, Ontario",19.39.5,v44414458
2013,4.00,"Toronto, Ontario",19.39.5,v44414458
2014,5.00,"Toronto, Ontario",19.39.5,v44414458
2015,1.00,"Toronto, Ontario",19.39.5,v44414458
1998,1.00,"Hamilton, Ontario",20.39.5,v44371754
1999,1.00,"Hamilton, Ontario",20.39.5,v44371754
2000,1.00,"Hamilton, Ontario",20.39.5,v44371754
2001,1.00,"Hamilton, Ontario",20.39.5,v44371754
2002,0.00,"Hamilton, Ontario",20.39.5,v44371754
2003,0.00,"Hamilton, Ontario",20.39.5,v44371754
2004,1.00,"Hamilton, Ontario",20.39.5,v44371754
2005,0.00,"Hamilton, Ontario",20.39.5,v44371754
2006,1.00,"Hamilton, Ontario",20.39.5,v44371754
2007,0.00,"Hamilton, Ontario",20.39.5,v44371754
2008,0.00,"Hamilton, Ontario",20.39.5,v44371754
2009,0.00,"Hamilton, Ontario",20.39.5,v44371754
2010,0.00,"Hamilton, Ontario",20.39.5,v44371754
2011,0.00,"Hamilton, Ontario",20.39.5,v44371754
2012,0.00,"Hamilton, Ontario",20.39.5,v44371754
2013,0.00,"Hamilton, Ontario",20.39.5,v44371754
2014,0.00,"Hamilton, Ontario",20.39.5,v44371754
2015,0.00,"Hamilton, Ontario",20.39.5,v44371754
1998,..,"St.Catharines-Niagara, Ontario",21.39.5,v44412585
1999,0.00,"St.Catharines-Niagara, Ontario",21.39.5,v44412585
2000,..,"St.Catharines-Niagara, Ontario",21.39.5,v44412585
2001,..,"St.Catharines-Niagara, Ontario",21.39.5,v44412585
2002,..,"St.Catharines-Niagara, Ontario",21.39.5,v44412585
2003,1.00,"St.Catharines-Niagara, Ontario",21.39.5,v44412585
2004,0.00,"St.Catharines-Niagara, Ontario",21.39.5,v44412585
2005,..,"St.Catharines-Niagara, Ontario",21.39.5,v44412585
2006,0.00,"St.Catharines-Niagara, Ontario",21.39.5,v44412585
2007,0.00,"St.Catharines-Niagara, Ontario",21.39.5,v44412585
2008,0.00,"St.Catharines-Niagara, Ontario",21.39.5,v44412585
2009,0.00,"St.Catharines-Niagara, Ontario",21.39.5,v44412585
2010,0.00,"St.Catharines-Niagara, Ontario",21.39.5,v44412585
2011,0.00,"St.Catharines-Niagara, Ontario",21.39.5,v44412585
2012,2.00,"St.Catharines-Niagara, Ontario",21.39.5,v44412585
2013,1.00,"St.Catharines-Niagara, Ontario",21.39.5,v44412585
2014,0.00,"St.Catharines-Niagara, Ontario",21.39.5,v44412585
2015,0.00,"St.Catharines-Niagara, Ontario",21.39.5,v44412585
1998,0.00,"Kitchener-Cambridge-Waterloo, Ontario",22.39.5,v44357725
1999,0.00,"Kitchener-Cambridge-Waterloo, Ontario",22.39.5,v44357725
2000,0.00,"Kitchener-Cambridge-Waterloo, Ontario",22.39.5,v44357725
2001,2.00,"Kitchener-Cambridge-Waterloo, Ontario",22.39.5,v44357725
2002,1.00,"Kitchener-Cambridge-Waterloo, Ontario",22.39.5,v44357725
2003,0.00,"Kitchener-Cambridge-Waterloo, Ontario",22.39.5,v44357725
2004,0.00,"Kitchener-Cambridge-Waterloo, Ontario",22.39.5,v44357725
2005,3.00,"Kitchener-Cambridge-Waterloo, Ontario",22.39.5,v44357725
2006,2.00,"Kitchener-Cambridge-Waterloo, Ontario",22.39.5,v44357725
2007,0.00,"Kitchener-Cambridge-Waterloo, Ontario",22.39.5,v44357725
2008,2.00,"Kitchener-Cambridge-Waterloo, Ontario",22.39.5,v44357725
2009,2.00,"Kitchener-Cambridge-Waterloo, Ontario",22.39.5,v44357725
2010,0.00,"Kitchener-Cambridge-Waterloo, Ontario",22.39.5,v44357725
2011,0.00,"Kitchener-Cambridge-Waterloo, Ontario",22.39.5,v44357725
2012,3.00,"Kitchener-Cambridge-Waterloo, Ontario",22.39.5,v44357725
2013,0.00,"Kitchener-Cambridge-Waterloo, Ontario",22.39.5,v44357725
2014,0.00,"Kitchener-Cambridge-Waterloo, Ontario",22.39.5,v44357725
2015,0.00,"Kitchener-Cambridge-Waterloo, Ontario",22.39.5,v44357725
2006,0.00,"Brantford, Ontario",45.39.5,v52118930
2007,0.00,"Brantford, Ontario",45.39.5,v52118930
2008,0.00,"Brantford, Ontario",45.39.5,v52118930
2009,0.00,"Brantford, Ontario",45.39.5,v52118930
2010,0.00,"Brantford, Ontario",45.39.5,v52118930
2011,0.00,"Brantford, Ontario",45.39.5,v52118930
2012,0.00,"Brantford, Ontario",45.39.5,v52118930
2013,0.00,"Brantford, Ontario",45.39.5,v52118930
2014,0.00,"Brantford, Ontario",45.39.5,v52118930
2015,0.00,"Brantford, Ontario",45.39.5,v52118930
2005,..,"Guelph, Ontario",46.39.5,v52119378
2006,2.00,"Guelph, Ontario",46.39.5,v52119378
2007,0.00,"Guelph, Ontario",46.39.5,v52119378
2008,1.00,"Guelph, Ontario",46.39.5,v52119378
2009,0.00,"Guelph, Ontario",46.39.5,v52119378
2010,0.00,"Guelph, Ontario",46.39.5,v52119378
2011,0.00,"Guelph, Ontario",46.39.5,v52119378
2012,0.00,"Guelph, Ontario",46.39.5,v52119378
2013,0.00,"Guelph, Ontario",46.39.5,v52119378
2014,0.00,"Guelph, Ontario",46.39.5,v52119378
2015,0.00,"Guelph, Ontario",46.39.5,v52119378
1998,0.00,"London, Ontario",23.39.5,v44333788
1999,0.00,"London, Ontario",23.39.5,v44333788
2000,2.00,"London, Ontario",23.39.5,v44333788
2001,0.00,"London, Ontario",23.39.5,v44333788
2002,1.00,"London, Ontario",23.39.5,v44333788
2003,0.00,"London, Ontario",23.39.5,v44333788
2004,0.00,"London, Ontario",23.39.5,v44333788
2005,0.00,"London, Ontario",23.39.5,v44333788
2006,0.00,"London, Ontario",23.39.5,v44333788
2007,0.00,"London, Ontario",23.39.5,v44333788
2008,1.00,"London, Ontario",23.39.5,v44333788
2009,1.00,"London, Ontario",23.39.5,v44333788
2010,0.00,"London, Ontario",23.39.5,v44333788
2011,0.00,"London, Ontario",23.39.5,v44333788
2012,1.00,"London, Ontario",23.39.5,v44333788
2013,2.00,"London, Ontario",23.39.5,v44333788
2014,0.00,"London, Ontario",23.39.5,v44333788
2015,0.00,"London, Ontario",23.39.5,v44333788
1998,0.00,"Windsor, Ontario",24.39.5,v44387247
1999,0.00,"Windsor, Ontario",24.39.5,v44387247
2000,1.00,"Windsor, Ontario",24.39.5,v44387247
2001,0.00,"Windsor, Ontario",24.39.5,v44387247
2002,0.00,"Windsor, Ontario",24.39.5,v44387247
2003,0.00,"Windsor, Ontario",24.39.5,v44387247
2004,0.00,"Windsor, Ontario",24.39.5,v44387247
2005,1.00,"Windsor, Ontario",24.39.5,v44387247
2006,0.00,"Windsor, Ontario",24.39.5,v44387247
2007,1.00,"Windsor, Ontario",24.39.5,v44387247
2008,0.00,"Windsor, Ontario",24.39.5,v44387247
2009,0.00,"Windsor, Ontario",24.39.5,v44387247
2010,0.00,"Windsor, Ontario",24.39.5,v44387247
2011,0.00,"Windsor, Ontario",24.39.5,v44387247
2012,0.00,"Windsor, Ontario",24.39.5,v44387247
2013,0.00,"Windsor, Ontario",24.39.5,v44387247
2014,0.00,"Windsor, Ontario",24.39.5,v44387247
2015,0.00,"Windsor, Ontario",24.39.5,v44387247
2005,..,"Barrie, Ontario",47.39.5,v52144065
2006,0.00,"Barrie, Ontario",47.39.5,v52144065
2007,0.00,"Barrie, Ontario",47.39.5,v52144065
2008,0.00,"Barrie, Ontario",47.39.5,v52144065
2009,0.00,"Barrie, Ontario",47.39.5,v52144065
2010,0.00,"Barrie, Ontario",47.39.5,v52144065
2011,0.00,"Barrie, Ontario",47.39.5,v52144065
2012,0.00,"Barrie, Ontario",47.39.5,v52144065
2013,0.00,"Barrie, Ontario",47.39.5,v52144065
2014,0.00,"Barrie, Ontario",47.39.5,v52144065
2015,0.00,"Barrie, Ontario",47.39.5,v52144065
1998,1.00,"Sudbury, Ontario",25.39.5,v44326090
1999,..,"Sudbury, Ontario",25.39.5,v44326090
2000,..,"Sudbury, Ontario",25.39.5,v44326090
2001,1.00,"Sudbury, Ontario",25.39.5,v44326090
2002,..,"Sudbury, Ontario",25.39.5,v44326090
2003,..,"Sudbury, Ontario",25.39.5,v44326090
2004,..,"Sudbury, Ontario",25.39.5,v44326090
2005,1.00,"Sudbury, Ontario",25.39.5,v44326090
2006,0.00,"Sudbury, Ontario",25.39.5,v44326090
2007,0.00,"Sudbury, Ontario",25.39.5,v44326090
2008,0.00,"Sudbury, Ontario",25.39.5,v44326090
2009,0.00,"Sudbury, Ontario",25.39.5,v44326090
2010,0.00,"Sudbury, Ontario",25.39.5,v44326090
2011,0.00,"Sudbury, Ontario",25.39.5,v44326090
2012,0.00,"Sudbury, Ontario",25.39.5,v44326090
2013,0.00,"Sudbury, Ontario",25.39.5,v44326090
2014,1.00,"Sudbury, Ontario",25.39.5,v44326090
2015,0.00,"Sudbury, Ontario",25.39.5,v44326090
1998,0.00,"Thunder Bay, Ontario",26.39.5,v44341674
1999,1.00,"Thunder Bay, Ontario",26.39.5,v44341674
2000,0.00,"Thunder Bay, Ontario",26.39.5,v44341674
2001,0.00,"Thunder Bay, Ontario",26.39.5,v44341674
2002,0.00,"Thunder Bay, Ontario",26.39.5,v44341674
2003,0.00,"Thunder Bay, Ontario",26.39.5,v44341674
2004,0.00,"Thunder Bay, Ontario",26.39.5,v44341674
2005,1.00,"Thunder Bay, Ontario",26.39.5,v44341674
2006,0.00,"Thunder Bay, Ontario",26.39.5,v44341674
2007,0.00,"Thunder Bay, Ontario",26.39.5,v44341674
2008,0.00,"Thunder Bay, Ontario",26.39.5,v44341674
2009,0.00,"Thunder Bay, Ontario",26.39.5,v44341674
2010,0.00,"Thunder Bay, Ontario",26.39.5,v44341674
2011,0.00,"Thunder Bay, Ontario",26.39.5,v44341674
2012,0.00,"Thunder Bay, Ontario",26.39.5,v44341674
2013,1.00,"Thunder Bay, Ontario",26.39.5,v44341674
2014,0.00,"Thunder Bay, Ontario",26.39.5,v44341674
2015,0.00,"Thunder Bay, Ontario",26.39.5,v44341674
1998,6.00,"Manitoba",28.39.5,v44383340
1999,4.00,"Manitoba",28.39.5,v44383340
2000,3.00,"Manitoba",28.39.5,v44383340
2001,0.00,"Manitoba",28.39.5,v44383340
2002,3.00,"Manitoba",28.39.5,v44383340
2003,2.00,"Manitoba",28.39.5,v44383340
2004,4.00,"Manitoba",28.39.5,v44383340
2005,5.00,"Manitoba",28.39.5,v44383340
2006,4.00,"Manitoba",28.39.5,v44383340
2007,3.00,"Manitoba",28.39.5,v44383340
2008,7.00,"Manitoba",28.39.5,v44383340
2009,6.00,"Manitoba",28.39.5,v44383340
2010,6.00,"Manitoba",28.39.5,v44383340
2011,2.00,"Manitoba",28.39.5,v44383340
2012,6.00,"Manitoba",28.39.5,v44383340
2013,1.00,"Manitoba",28.39.5,v44383340
2014,4.00,"Manitoba",28.39.5,v44383340
2015,1.00,"Manitoba",28.39.5,v44383340
1998,5.00,"Winnipeg, Manitoba",29.39.5,v44376254
1999,1.00,"Winnipeg, Manitoba",29.39.5,v44376254
2000,3.00,"Winnipeg, Manitoba",29.39.5,v44376254
2001,0.00,"Winnipeg, Manitoba",29.39.5,v44376254
2002,1.00,"Winnipeg, Manitoba",29.39.5,v44376254
2003,1.00,"Winnipeg, Manitoba",29.39.5,v44376254
2004,1.00,"Winnipeg, Manitoba",29.39.5,v44376254
2005,4.00,"Winnipeg, Manitoba",29.39.5,v44376254
2006,4.00,"Winnipeg, Manitoba",29.39.5,v44376254
2007,0.00,"Winnipeg, Manitoba",29.39.5,v44376254
2008,7.00,"Winnipeg, Manitoba",29.39.5,v44376254
2009,5.00,"Winnipeg, Manitoba",29.39.5,v44376254
2010,3.00,"Winnipeg, Manitoba",29.39.5,v44376254
2011,0.00,"Winnipeg, Manitoba",29.39.5,v44376254
2012,1.00,"Winnipeg, Manitoba",29.39.5,v44376254
2013,1.00,"Winnipeg, Manitoba",29.39.5,v44376254
2014,1.00,"Winnipeg, Manitoba",29.39.5,v44376254
2015,1.00,"Winnipeg, Manitoba",29.39.5,v44376254
1998,1.00,"Saskatchewan",30.39.5,v44360689
1999,2.00,"Saskatchewan",30.39.5,v44360689
2000,3.00,"Saskatchewan",30.39.5,v44360689
2001,0.00,"Saskatchewan",30.39.5,v44360689
2002,2.00,"Saskatchewan",30.39.5,v44360689
2003,0.00,"Saskatchewan",30.39.5,v44360689
2004,1.00,"Saskatchewan",30.39.5,v44360689
2005,4.00,"Saskatchewan",30.39.5,v44360689
2006,4.00,"Saskatchewan",30.39.5,v44360689
2007,1.00,"Saskatchewan",30.39.5,v44360689
2008,2.00,"Saskatchewan",30.39.5,v44360689
2009,2.00,"Saskatchewan",30.39.5,v44360689
2010,3.00,"Saskatchewan",30.39.5,v44360689
2011,1.00,"Saskatchewan",30.39.5,v44360689
2012,3.00,"Saskatchewan",30.39.5,v44360689
2013,0.00,"Saskatchewan",30.39.5,v44360689
2014,0.00,"Saskatchewan",30.39.5,v44360689
2015,3.00,"Saskatchewan",30.39.5,v44360689
1998,0.00,"Regina, Saskatchewan",31.39.5,v44343756
1999,1.00,"Regina, Saskatchewan",31.39.5,v44343756
2000,0.00,"Regina, Saskatchewan",31.39.5,v44343756
2001,0.00,"Regina, Saskatchewan",31.39.5,v44343756
2002,1.00,"Regina, Saskatchewan",31.39.5,v44343756
2003,0.00,"Regina, Saskatchewan",31.39.5,v44343756
2004,0.00,"Regina, Saskatchewan",31.39.5,v44343756
2005,3.00,"Regina, Saskatchewan",31.39.5,v44343756
2006,0.00,"Regina, Saskatchewan",31.39.5,v44343756
2007,0.00,"Regina, Saskatchewan",31.39.5,v44343756
2008,0.00,"Regina, Saskatchewan",31.39.5,v44343756
2009,0.00,"Regina, Saskatchewan",31.39.5,v44343756
2010,1.00,"Regina, Saskatchewan",31.39.5,v44343756
2011,1.00,"Regina, Saskatchewan",31.39.5,v44343756
2012,0.00,"Regina, Saskatchewan",31.39.5,v44343756
2013,0.00,"Regina, Saskatchewan",31.39.5,v44343756
2014,0.00,"Regina, Saskatchewan",31.39.5,v44343756
2015,0.00,"Regina, Saskatchewan",31.39.5,v44343756
1998,1.00,"Saskatoon, Saskatchewan",32.39.5,v44333453
1999,0.00,"Saskatoon, Saskatchewan",32.39.5,v44333453
2000,0.00,"Saskatoon, Saskatchewan",32.39.5,v44333453
2001,0.00,"Saskatoon, Saskatchewan",32.39.5,v44333453
2002,0.00,"Saskatoon, Saskatchewan",32.39.5,v44333453
2003,0.00,"Saskatoon, Saskatchewan",32.39.5,v44333453
2004,0.00,"Saskatoon, Saskatchewan",32.39.5,v44333453
2005,1.00,"Saskatoon, Saskatchewan",32.39.5,v44333453
2006,2.00,"Saskatoon, Saskatchewan",32.39.5,v44333453
2007,0.00,"Saskatoon, Saskatchewan",32.39.5,v44333453
2008,0.00,"Saskatoon, Saskatchewan",32.39.5,v44333453
2009,1.00,"Saskatoon, Saskatchewan",32.39.5,v44333453
2010,0.00,"Saskatoon, Saskatchewan",32.39.5,v44333453
2011,0.00,"Saskatoon, Saskatchewan",32.39.5,v44333453
2012,0.00,"Saskatoon, Saskatchewan",32.39.5,v44333453
2013,0.00,"Saskatoon, Saskatchewan",32.39.5,v44333453
2014,0.00,"Saskatoon, Saskatchewan",32.39.5,v44333453
2015,0.00,"Saskatoon, Saskatchewan",32.39.5,v44333453
1998,7.00,"Alberta",33.39.5,v44377250
1999,3.00,"Alberta",33.39.5,v44377250
2000,12.00,"Alberta",33.39.5,v44377250
2001,3.00,"Alberta",33.39.5,v44377250
2002,6.00,"Alberta",33.39.5,v44377250
2003,5.00,"Alberta",33.39.5,v44377250
2004,1.00,"Alberta",33.39.5,v44377250
2005,2.00,"Alberta",33.39.5,v44377250
2006,4.00,"Alberta",33.39.5,v44377250
2007,13.00,"Alberta",33.39.5,v44377250
2008,3.00,"Alberta",33.39.5,v44377250
2009,6.00,"Alberta",33.39.5,v44377250
2010,8.00,"Alberta",33.39.5,v44377250
2011,5.00,"Alberta",33.39.5,v44377250
2012,6.00,"Alberta",33.39.5,v44377250
2013,2.00,"Alberta",33.39.5,v44377250
2014,6.00,"Alberta",33.39.5,v44377250
2015,1.00,"Alberta",33.39.5,v44377250
1998,1.00,"Calgary, Alberta",34.39.5,v44409015
1999,0.00,"Calgary, Alberta",34.39.5,v44409015
2000,1.00,"Calgary, Alberta",34.39.5,v44409015
2001,1.00,"Calgary, Alberta",34.39.5,v44409015
2002,0.00,"Calgary, Alberta",34.39.5,v44409015
2003,2.00,"Calgary, Alberta",34.39.5,v44409015
2004,0.00,"Calgary, Alberta",34.39.5,v44409015
2005,0.00,"Calgary, Alberta",34.39.5,v44409015
2006,0.00,"Calgary, Alberta",34.39.5,v44409015
2007,1.00,"Calgary, Alberta",34.39.5,v44409015
2008,0.00,"Calgary, Alberta",34.39.5,v44409015
2009,2.00,"Calgary, Alberta",34.39.5,v44409015
2010,0.00,"Calgary, Alberta",34.39.5,v44409015
2011,1.00,"Calgary, Alberta",34.39.5,v44409015
2012,0.00,"Calgary, Alberta",34.39.5,v44409015
2013,0.00,"Calgary, Alberta",34.39.5,v44409015
2014,0.00,"Calgary, Alberta",34.39.5,v44409015
2015,0.00,"Calgary, Alberta",34.39.5,v44409015
1998,1.00,"Edmonton, Alberta",35.39.5,v44377952
1999,1.00,"Edmonton, Alberta",35.39.5,v44377952
2000,4.00,"Edmonton, Alberta",35.39.5,v44377952
2001,0.00,"Edmonton, Alberta",35.39.5,v44377952
2002,2.00,"Edmonton, Alberta",35.39.5,v44377952
2003,0.00,"Edmonton, Alberta",35.39.5,v44377952
2004,0.00,"Edmonton, Alberta",35.39.5,v44377952
2005,0.00,"Edmonton, Alberta",35.39.5,v44377952
2006,0.00,"Edmonton, Alberta",35.39.5,v44377952
2007,5.00,"Edmonton, Alberta",35.39.5,v44377952
2008,1.00,"Edmonton, Alberta",35.39.5,v44377952
2009,3.00,"Edmonton, Alberta",35.39.5,v44377952
2010,4.00,"Edmonton, Alberta",35.39.5,v44377952
2011,2.00,"Edmonton, Alberta",35.39.5,v44377952
2012,5.00,"Edmonton, Alberta",35.39.5,v44377952
2013,1.00,"Edmonton, Alberta",35.39.5,v44377952
2014,1.00,"Edmonton, Alberta",35.39.5,v44377952
2015,1.00,"Edmonton, Alberta",35.39.5,v44377952
1998,13.00,"British Columbia",36.39.5,v44380038
1999,9.00,"British Columbia",36.39.5,v44380038
2000,7.00,"British Columbia",36.39.5,v44380038
2001,8.00,"British Columbia",36.39.5,v44380038
2002,10.00,"British Columbia",36.39.5,v44380038
2003,9.00,"British Columbia",36.39.5,v44380038
2004,11.00,"British Columbia",36.39.5,v44380038
2005,9.00,"British Columbia",36.39.5,v44380038
2006,4.00,"British Columbia",36.39.5,v44380038
2007,4.00,"British Columbia",36.39.5,v44380038
2008,6.00,"British Columbia",36.39.5,v44380038
2009,8.00,"British Columbia",36.39.5,v44380038
2010,4.00,"British Columbia",36.39.5,v44380038
2011,7.00,"British Columbia",36.39.5,v44380038
2012,7.00,"British Columbia",36.39.5,v44380038
2013,6.00,"British Columbia",36.39.5,v44380038
2014,5.00,"British Columbia",36.39.5,v44380038
2015,8.00,"British Columbia",36.39.5,v44380038
2006,0.00,"Kelowna, British Columbia",48.39.5,v52143334
2007,0.00,"Kelowna, British Columbia",48.39.5,v52143334
2008,0.00,"Kelowna, British Columbia",48.39.5,v52143334
2009,0.00,"Kelowna, British Columbia",48.39.5,v52143334
2010,0.00,"Kelowna, British Columbia",48.39.5,v52143334
2011,0.00,"Kelowna, British Columbia",48.39.5,v52143334
2012,0.00,"Kelowna, British Columbia",48.39.5,v52143334
2013,0.00,"Kelowna, British Columbia",48.39.5,v52143334
2014,0.00,"Kelowna, British Columbia",48.39.5,v52143334
2015,0.00,"Kelowna, British Columbia",48.39.5,v52143334
2000,..,"Abbotsford-Mission, British Columbia",39.39.5,v44347064
2001,0.00,"Abbotsford-Mission, British Columbia",39.39.5,v44347064
2002,1.00,"Abbotsford-Mission, British Columbia",39.39.5,v44347064
2003,0.00,"Abbotsford-Mission, British Columbia",39.39.5,v44347064
2004,..,"Abbotsford-Mission, British Columbia",39.39.5,v44347064
2005,1.00,"Abbotsford-Mission, British Columbia",39.39.5,v44347064
2006,0.00,"Abbotsford-Mission, British Columbia",39.39.5,v44347064
2007,0.00,"Abbotsford-Mission, British Columbia",39.39.5,v44347064
2008,0.00,"Abbotsford-Mission, British Columbia",39.39.5,v44347064
2009,0.00,"Abbotsford-Mission, British Columbia",39.39.5,v44347064
2010,0.00,"Abbotsford-Mission, British Columbia",39.39.5,v44347064
2011,0.00,"Abbotsford-Mission, British Columbia",39.39.5,v44347064
2012,0.00,"Abbotsford-Mission, British Columbia",39.39.5,v44347064
2013,0.00,"Abbotsford-Mission, British Columbia",39.39.5,v44347064
2014,0.00,"Abbotsford-Mission, British Columbia",39.39.5,v44347064
2015,0.00,"Abbotsford-Mission, British Columbia",39.39.5,v44347064
1998,2.00,"Vancouver, British Columbia",37.39.5,v44382751
1999,2.00,"Vancouver, British Columbia",37.39.5,v44382751
2000,1.00,"Vancouver, British Columbia",37.39.5,v44382751
2001,5.00,"Vancouver, British Columbia",37.39.5,v44382751
2002,4.00,"Vancouver, British Columbia",37.39.5,v44382751
2003,5.00,"Vancouver, British Columbia",37.39.5,v44382751
2004,4.00,"Vancouver, British Columbia",37.39.5,v44382751
2005,7.00,"Vancouver, British Columbia",37.39.5,v44382751
2006,0.00,"Vancouver, British Columbia",37.39.5,v44382751
2007,3.00,"Vancouver, British Columbia",37.39.5,v44382751
2008,3.00,"Vancouver, British Columbia",37.39.5,v44382751
2009,5.00,"Vancouver, British Columbia",37.39.5,v44382751
2010,1.00,"Vancouver, British Columbia",37.39.5,v44382751
2011,5.00,"Vancouver, British Columbia",37.39.5,v44382751
2012,4.00,"Vancouver, British Columbia",37.39.5,v44382751
2013,2.00,"Vancouver, British Columbia",37.39.5,v44382751
2014,2.00,"Vancouver, British Columbia",37.39.5,v44382751
2015,4.00,"Vancouver, British Columbia",37.39.5,v44382751
1998,3.00,"Victoria, British Columbia",38.39.5,v44327152
1999,0.00,"Victoria, British Columbia",38.39.5,v44327152
2000,0.00,"Victoria, British Columbia",38.39.5,v44327152
2001,1.00,"Victoria, British Columbia",38.39.5,v44327152
2002,3.00,"Victoria, British Columbia",38.39.5,v44327152
2003,2.00,"Victoria, British Columbia",38.39.5,v44327152
2004,0.00,"Victoria, British Columbia",38.39.5,v44327152
2005,0.00,"Victoria, British Columbia",38.39.5,v44327152
2006,0.00,"Victoria, British Columbia",38.39.5,v44327152
2007,0.00,"Victoria, British Columbia",38.39.5,v44327152
2008,0.00,"Victoria, British Columbia",38.39.5,v44327152
2009,0.00,"Victoria, British Columbia",38.39.5,v44327152
2010,0.00,"Victoria, British Columbia",38.39.5,v44327152
2011,0.00,"Victoria, British Columbia",38.39.5,v44327152
2012,0.00,"Victoria, British Columbia",38.39.5,v44327152
2013,0.00,"Victoria, British Columbia",38.39.5,v44327152
2014,0.00,"Victoria, British Columbia",38.39.5,v44327152
2015,0.00,"Victoria, British Columbia",38.39.5,v44327152
1998,0.00,"Yukon",40.39.5,v44403230
1999,0.00,"Yukon",40.39.5,v44403230
2000,0.00,"Yukon",40.39.5,v44403230
2001,1.00,"Yukon",40.39.5,v44403230
2002,0.00,"Yukon",40.39.5,v44403230
2003,0.00,"Yukon",40.39.5,v44403230
2004,0.00,"Yukon",40.39.5,v44403230
2005,..,"Yukon",40.39.5,v44403230
2006,0.00,"Yukon",40.39.5,v44403230
2007,0.00,"Yukon",40.39.5,v44403230
2008,0.00,"Yukon",40.39.5,v44403230
2009,1.00,"Yukon",40.39.5,v44403230
2010,1.00,"Yukon",40.39.5,v44403230
2011,0.00,"Yukon",40.39.5,v44403230
2012,0.00,"Yukon",40.39.5,v44403230
2013,0.00,"Yukon",40.39.5,v44403230
2014,0.00,"Yukon",40.39.5,v44403230
2015,0.00,"Yukon",40.39.5,v44403230
1998,0.00,"Northwest Territories",41.39.5,v44398835
1999,0.00,"Northwest Territories",41.39.5,v44398835
2000,0.00,"Northwest Territories",41.39.5,v44398835
2001,0.00,"Northwest Territories",41.39.5,v44398835
2002,0.00,"Northwest Territories",41.39.5,v44398835
2003,0.00,"Northwest Territories",41.39.5,v44398835
2004,0.00,"Northwest Territories",41.39.5,v44398835
2005,0.00,"Northwest Territories",41.39.5,v44398835
2006,0.00,"Northwest Territories",41.39.5,v44398835
2007,0.00,"Northwest Territories",41.39.5,v44398835
2008,0.00,"Northwest Territories",41.39.5,v44398835
2009,0.00,"Northwest Territories",41.39.5,v44398835
2010,0.00,"Northwest Territories",41.39.5,v44398835
2011,0.00,"Northwest Territories",41.39.5,v44398835
2012,0.00,"Northwest Territories",41.39.5,v44398835
2013,0.00,"Northwest Territories",41.39.5,v44398835
2014,0.00,"Northwest Territories",41.39.5,v44398835
2015,1.00,"Northwest Territories",41.39.5,v44398835
1998,..,"Nunavut",42.39.5,v44385367
1999,0.00,"Nunavut",42.39.5,v44385367
2000,..,"Nunavut",42.39.5,v44385367
2001,1.00,"Nunavut",42.39.5,v44385367
2002,..,"Nunavut",42.39.5,v44385367
2003,0.00,"Nunavut",42.39.5,v44385367
2004,1.00,"Nunavut",42.39.5,v44385367
2005,..,"Nunavut",42.39.5,v44385367
2006,0.00,"Nunavut",42.39.5,v44385367
2007,2.00,"Nunavut",42.39.5,v44385367
2008,0.00,"Nunavut",42.39.5,v44385367
2009,0.00,"Nunavut",42.39.5,v44385367
2010,1.00,"Nunavut",42.39.5,v44385367
2011,0.00,"Nunavut",42.39.5,v44385367
2012,0.00,"Nunavut",42.39.5,v44385367
2013,0.00,"Nunavut",42.39.5,v44385367
2014,0.00,"Nunavut",42.39.5,v44385367
2015,2.00,"Nunavut",42.39.5,v44385367
