1998,4.00,"Canada",1.39.11,v44369890
1999,5.00,"Canada",1.39.11,v44369890
2000,6.00,"Canada",1.39.11,v44369890
2001,1.00,"Canada",1.39.11,v44369890
2002,0.00,"Canada",1.39.11,v44369890
2003,1.00,"Canada",1.39.11,v44369890
2004,2.00,"Canada",1.39.11,v44369890
2005,3.00,"Canada",1.39.11,v44369890
2006,2.00,"Canada",1.39.11,v44369890
2007,0.00,"Canada",1.39.11,v44369890
2008,1.00,"Canada",1.39.11,v44369890
2009,3.00,"Canada",1.39.11,v44369890
2010,1.00,"Canada",1.39.11,v44369890
2011,1.00,"Canada",1.39.11,v44369890
2012,3.00,"Canada",1.39.11,v44369890
2013,0.00,"Canada",1.39.11,v44369890
2014,0.00,"Canada",1.39.11,v44369890
2015,0.00,"Canada",1.39.11,v44369890
1998,0.00,"Newfoundland and Labrador",2.39.11,v44364486
1999,0.00,"Newfoundland and Labrador",2.39.11,v44364486
2000,0.00,"Newfoundland and Labrador",2.39.11,v44364486
2001,0.00,"Newfoundland and Labrador",2.39.11,v44364486
2002,0.00,"Newfoundland and Labrador",2.39.11,v44364486
2003,0.00,"Newfoundland and Labrador",2.39.11,v44364486
2004,0.00,"Newfoundland and Labrador",2.39.11,v44364486
2005,0.00,"Newfoundland and Labrador",2.39.11,v44364486
2006,0.00,"Newfoundland and Labrador",2.39.11,v44364486
2007,0.00,"Newfoundland and Labrador",2.39.11,v44364486
2008,0.00,"Newfoundland and Labrador",2.39.11,v44364486
2009,0.00,"Newfoundland and Labrador",2.39.11,v44364486
2010,0.00,"Newfoundland and Labrador",2.39.11,v44364486
2011,0.00,"Newfoundland and Labrador",2.39.11,v44364486
2012,0.00,"Newfoundland and Labrador",2.39.11,v44364486
2013,0.00,"Newfoundland and Labrador",2.39.11,v44364486
2014,0.00,"Newfoundland and Labrador",2.39.11,v44364486
2015,0.00,"Newfoundland and Labrador",2.39.11,v44364486
1998,0.00,"St. John's, Newfoundland and Labrador",3.39.11,v44410404
1999,0.00,"St. John's, Newfoundland and Labrador",3.39.11,v44410404
2000,0.00,"St. John's, Newfoundland and Labrador",3.39.11,v44410404
2001,0.00,"St. John's, Newfoundland and Labrador",3.39.11,v44410404
2002,0.00,"St. John's, Newfoundland and Labrador",3.39.11,v44410404
2003,0.00,"St. John's, Newfoundland and Labrador",3.39.11,v44410404
2004,0.00,"St. John's, Newfoundland and Labrador",3.39.11,v44410404
2005,0.00,"St. John's, Newfoundland and Labrador",3.39.11,v44410404
2006,0.00,"St. John's, Newfoundland and Labrador",3.39.11,v44410404
2007,0.00,"St. John's, Newfoundland and Labrador",3.39.11,v44410404
2008,0.00,"St. John's, Newfoundland and Labrador",3.39.11,v44410404
2009,0.00,"St. John's, Newfoundland and Labrador",3.39.11,v44410404
2010,0.00,"St. John's, Newfoundland and Labrador",3.39.11,v44410404
2011,0.00,"St. John's, Newfoundland and Labrador",3.39.11,v44410404
2012,0.00,"St. John's, Newfoundland and Labrador",3.39.11,v44410404
2013,0.00,"St. John's, Newfoundland and Labrador",3.39.11,v44410404
2014,0.00,"St. John's, Newfoundland and Labrador",3.39.11,v44410404
2015,0.00,"St. John's, Newfoundland and Labrador",3.39.11,v44410404
1998,0.00,"Prince Edward Island",4.39.11,v44384998
1999,0.00,"Prince Edward Island",4.39.11,v44384998
2000,0.00,"Prince Edward Island",4.39.11,v44384998
2001,0.00,"Prince Edward Island",4.39.11,v44384998
2002,0.00,"Prince Edward Island",4.39.11,v44384998
2003,0.00,"Prince Edward Island",4.39.11,v44384998
2004,0.00,"Prince Edward Island",4.39.11,v44384998
2005,..,"Prince Edward Island",4.39.11,v44384998
2006,0.00,"Prince Edward Island",4.39.11,v44384998
2007,0.00,"Prince Edward Island",4.39.11,v44384998
2008,0.00,"Prince Edward Island",4.39.11,v44384998
2009,0.00,"Prince Edward Island",4.39.11,v44384998
2010,0.00,"Prince Edward Island",4.39.11,v44384998
2011,0.00,"Prince Edward Island",4.39.11,v44384998
2012,0.00,"Prince Edward Island",4.39.11,v44384998
2013,0.00,"Prince Edward Island",4.39.11,v44384998
2014,0.00,"Prince Edward Island",4.39.11,v44384998
2015,0.00,"Prince Edward Island",4.39.11,v44384998
1998,0.00,"Nova Scotia",5.39.11,v44376725
1999,0.00,"Nova Scotia",5.39.11,v44376725
2000,0.00,"Nova Scotia",5.39.11,v44376725
2001,0.00,"Nova Scotia",5.39.11,v44376725
2002,0.00,"Nova Scotia",5.39.11,v44376725
2003,0.00,"Nova Scotia",5.39.11,v44376725
2004,0.00,"Nova Scotia",5.39.11,v44376725
2005,0.00,"Nova Scotia",5.39.11,v44376725
2006,0.00,"Nova Scotia",5.39.11,v44376725
2007,0.00,"Nova Scotia",5.39.11,v44376725
2008,0.00,"Nova Scotia",5.39.11,v44376725
2009,0.00,"Nova Scotia",5.39.11,v44376725
2010,0.00,"Nova Scotia",5.39.11,v44376725
2011,0.00,"Nova Scotia",5.39.11,v44376725
2012,0.00,"Nova Scotia",5.39.11,v44376725
2013,0.00,"Nova Scotia",5.39.11,v44376725
2014,0.00,"Nova Scotia",5.39.11,v44376725
2015,0.00,"Nova Scotia",5.39.11,v44376725
1998,0.00,"Halifax, Nova Scotia",6.39.11,v44366571
1999,0.00,"Halifax, Nova Scotia",6.39.11,v44366571
2000,0.00,"Halifax, Nova Scotia",6.39.11,v44366571
2001,0.00,"Halifax, Nova Scotia",6.39.11,v44366571
2002,0.00,"Halifax, Nova Scotia",6.39.11,v44366571
2003,0.00,"Halifax, Nova Scotia",6.39.11,v44366571
2004,0.00,"Halifax, Nova Scotia",6.39.11,v44366571
2005,0.00,"Halifax, Nova Scotia",6.39.11,v44366571
2006,0.00,"Halifax, Nova Scotia",6.39.11,v44366571
2007,0.00,"Halifax, Nova Scotia",6.39.11,v44366571
2008,0.00,"Halifax, Nova Scotia",6.39.11,v44366571
2009,0.00,"Halifax, Nova Scotia",6.39.11,v44366571
2010,0.00,"Halifax, Nova Scotia",6.39.11,v44366571
2011,0.00,"Halifax, Nova Scotia",6.39.11,v44366571
2012,0.00,"Halifax, Nova Scotia",6.39.11,v44366571
2013,0.00,"Halifax, Nova Scotia",6.39.11,v44366571
2014,0.00,"Halifax, Nova Scotia",6.39.11,v44366571
2015,0.00,"Halifax, Nova Scotia",6.39.11,v44366571
1998,0.00,"New Brunswick",7.39.11,v44378007
1999,0.00,"New Brunswick",7.39.11,v44378007
2000,2.00,"New Brunswick",7.39.11,v44378007
2001,0.00,"New Brunswick",7.39.11,v44378007
2002,0.00,"New Brunswick",7.39.11,v44378007
2003,0.00,"New Brunswick",7.39.11,v44378007
2004,0.00,"New Brunswick",7.39.11,v44378007
2005,0.00,"New Brunswick",7.39.11,v44378007
2006,0.00,"New Brunswick",7.39.11,v44378007
2007,0.00,"New Brunswick",7.39.11,v44378007
2008,0.00,"New Brunswick",7.39.11,v44378007
2009,0.00,"New Brunswick",7.39.11,v44378007
2010,0.00,"New Brunswick",7.39.11,v44378007
2011,0.00,"New Brunswick",7.39.11,v44378007
2012,0.00,"New Brunswick",7.39.11,v44378007
2013,0.00,"New Brunswick",7.39.11,v44378007
2014,0.00,"New Brunswick",7.39.11,v44378007
2015,0.00,"New Brunswick",7.39.11,v44378007
2005,..,"Moncton, New Brunswick",43.39.11,v52120845
2006,0.00,"Moncton, New Brunswick",43.39.11,v52120845
2007,0.00,"Moncton, New Brunswick",43.39.11,v52120845
2008,0.00,"Moncton, New Brunswick",43.39.11,v52120845
2009,0.00,"Moncton, New Brunswick",43.39.11,v52120845
2010,0.00,"Moncton, New Brunswick",43.39.11,v52120845
2011,0.00,"Moncton, New Brunswick",43.39.11,v52120845
2012,0.00,"Moncton, New Brunswick",43.39.11,v52120845
2013,0.00,"Moncton, New Brunswick",43.39.11,v52120845
2014,0.00,"Moncton, New Brunswick",43.39.11,v52120845
2015,0.00,"Moncton, New Brunswick",43.39.11,v52120845
1998,0.00,"Saint John, New Brunswick",8.39.11,v44356529
1999,0.00,"Saint John, New Brunswick",8.39.11,v44356529
2000,1.00,"Saint John, New Brunswick",8.39.11,v44356529
2001,0.00,"Saint John, New Brunswick",8.39.11,v44356529
2002,0.00,"Saint John, New Brunswick",8.39.11,v44356529
2003,0.00,"Saint John, New Brunswick",8.39.11,v44356529
2004,0.00,"Saint John, New Brunswick",8.39.11,v44356529
2005,0.00,"Saint John, New Brunswick",8.39.11,v44356529
2006,0.00,"Saint John, New Brunswick",8.39.11,v44356529
2007,0.00,"Saint John, New Brunswick",8.39.11,v44356529
2008,0.00,"Saint John, New Brunswick",8.39.11,v44356529
2009,0.00,"Saint John, New Brunswick",8.39.11,v44356529
2010,0.00,"Saint John, New Brunswick",8.39.11,v44356529
2011,0.00,"Saint John, New Brunswick",8.39.11,v44356529
2012,0.00,"Saint John, New Brunswick",8.39.11,v44356529
2013,0.00,"Saint John, New Brunswick",8.39.11,v44356529
2014,0.00,"Saint John, New Brunswick",8.39.11,v44356529
2015,0.00,"Saint John, New Brunswick",8.39.11,v44356529
1998,1.00,"Quebec",9.39.11,v44378666
1999,0.00,"Quebec",9.39.11,v44378666
2000,0.00,"Quebec",9.39.11,v44378666
2001,0.00,"Quebec",9.39.11,v44378666
2002,0.00,"Quebec",9.39.11,v44378666
2003,0.00,"Quebec",9.39.11,v44378666
2004,0.00,"Quebec",9.39.11,v44378666
2005,0.00,"Quebec",9.39.11,v44378666
2006,0.00,"Quebec",9.39.11,v44378666
2007,0.00,"Quebec",9.39.11,v44378666
2008,0.00,"Quebec",9.39.11,v44378666
2009,1.00,"Quebec",9.39.11,v44378666
2010,1.00,"Quebec",9.39.11,v44378666
2011,0.00,"Quebec",9.39.11,v44378666
2012,0.00,"Quebec",9.39.11,v44378666
2013,0.00,"Quebec",9.39.11,v44378666
2014,0.00,"Quebec",9.39.11,v44378666
2015,0.00,"Quebec",9.39.11,v44378666
1999,..,"Saguenay, Quebec",10.39.11,v44394942
2000,0.00,"Saguenay, Quebec",10.39.11,v44394942
2001,0.00,"Saguenay, Quebec",10.39.11,v44394942
2002,0.00,"Saguenay, Quebec",10.39.11,v44394942
2003,..,"Saguenay, Quebec",10.39.11,v44394942
2004,..,"Saguenay, Quebec",10.39.11,v44394942
2005,..,"Saguenay, Quebec",10.39.11,v44394942
2006,0.00,"Saguenay, Quebec",10.39.11,v44394942
2007,0.00,"Saguenay, Quebec",10.39.11,v44394942
2008,0.00,"Saguenay, Quebec",10.39.11,v44394942
2009,0.00,"Saguenay, Quebec",10.39.11,v44394942
2010,0.00,"Saguenay, Quebec",10.39.11,v44394942
2011,0.00,"Saguenay, Quebec",10.39.11,v44394942
2012,0.00,"Saguenay, Quebec",10.39.11,v44394942
2013,0.00,"Saguenay, Quebec",10.39.11,v44394942
2014,0.00,"Saguenay, Quebec",10.39.11,v44394942
2015,0.00,"Saguenay, Quebec",10.39.11,v44394942
1998,0.00,"Sherbrooke, Quebec",12.39.11,v44373872
1999,..,"Sherbrooke, Quebec",12.39.11,v44373872
2000,..,"Sherbrooke, Quebec",12.39.11,v44373872
2001,..,"Sherbrooke, Quebec",12.39.11,v44373872
2002,..,"Sherbrooke, Quebec",12.39.11,v44373872
2003,..,"Sherbrooke, Quebec",12.39.11,v44373872
2004,..,"Sherbrooke, Quebec",12.39.11,v44373872
2005,..,"Sherbrooke, Quebec",12.39.11,v44373872
2006,0.00,"Sherbrooke, Quebec",12.39.11,v44373872
2007,0.00,"Sherbrooke, Quebec",12.39.11,v44373872
2008,0.00,"Sherbrooke, Quebec",12.39.11,v44373872
2009,0.00,"Sherbrooke, Quebec",12.39.11,v44373872
2010,0.00,"Sherbrooke, Quebec",12.39.11,v44373872
2011,0.00,"Sherbrooke, Quebec",12.39.11,v44373872
2012,0.00,"Sherbrooke, Quebec",12.39.11,v44373872
2013,0.00,"Sherbrooke, Quebec",12.39.11,v44373872
2014,0.00,"Sherbrooke, Quebec",12.39.11,v44373872
2015,0.00,"Sherbrooke, Quebec",12.39.11,v44373872
1998,0.00,"Ottawa-Gatineau, Quebec part",15.39.11,v44328118
1999,0.00,"Ottawa-Gatineau, Quebec part",15.39.11,v44328118
2000,0.00,"Ottawa-Gatineau, Quebec part",15.39.11,v44328118
2001,..,"Ottawa-Gatineau, Quebec part",15.39.11,v44328118
2002,0.00,"Ottawa-Gatineau, Quebec part",15.39.11,v44328118
2003,..,"Ottawa-Gatineau, Quebec part",15.39.11,v44328118
2004,0.00,"Ottawa-Gatineau, Quebec part",15.39.11,v44328118
2005,0.00,"Ottawa-Gatineau, Quebec part",15.39.11,v44328118
2006,0.00,"Ottawa-Gatineau, Quebec part",15.39.11,v44328118
2007,0.00,"Ottawa-Gatineau, Quebec part",15.39.11,v44328118
2008,0.00,"Ottawa-Gatineau, Quebec part",15.39.11,v44328118
2009,0.00,"Ottawa-Gatineau, Quebec part",15.39.11,v44328118
2010,0.00,"Ottawa-Gatineau, Quebec part",15.39.11,v44328118
2011,0.00,"Ottawa-Gatineau, Quebec part",15.39.11,v44328118
2012,0.00,"Ottawa-Gatineau, Quebec part",15.39.11,v44328118
2013,0.00,"Ottawa-Gatineau, Quebec part",15.39.11,v44328118
2014,0.00,"Ottawa-Gatineau, Quebec part",15.39.11,v44328118
2015,0.00,"Ottawa-Gatineau, Quebec part",15.39.11,v44328118
1998,3.00,"Ontario",16.39.11,v44354627
1999,0.00,"Ontario",16.39.11,v44354627
2000,3.00,"Ontario",16.39.11,v44354627
2001,1.00,"Ontario",16.39.11,v44354627
2002,0.00,"Ontario",16.39.11,v44354627
2003,0.00,"Ontario",16.39.11,v44354627
2004,0.00,"Ontario",16.39.11,v44354627
2005,0.00,"Ontario",16.39.11,v44354627
2006,0.00,"Ontario",16.39.11,v44354627
2007,0.00,"Ontario",16.39.11,v44354627
2008,1.00,"Ontario",16.39.11,v44354627
2009,2.00,"Ontario",16.39.11,v44354627
2010,0.00,"Ontario",16.39.11,v44354627
2011,0.00,"Ontario",16.39.11,v44354627
2012,1.00,"Ontario",16.39.11,v44354627
2013,0.00,"Ontario",16.39.11,v44354627
2014,0.00,"Ontario",16.39.11,v44354627
2015,0.00,"Ontario",16.39.11,v44354627
1998,2.00,"Ottawa-Gatineau, Ontario/Quebec",17.39.11,v52147813
1999,0.00,"Ottawa-Gatineau, Ontario/Quebec",17.39.11,v52147813
2000,2.00,"Ottawa-Gatineau, Ontario/Quebec",17.39.11,v52147813
2001,0.00,"Ottawa-Gatineau, Ontario/Quebec",17.39.11,v52147813
2002,0.00,"Ottawa-Gatineau, Ontario/Quebec",17.39.11,v52147813
2003,0.00,"Ottawa-Gatineau, Ontario/Quebec",17.39.11,v52147813
2004,0.00,"Ottawa-Gatineau, Ontario/Quebec",17.39.11,v52147813
2005,0.00,"Ottawa-Gatineau, Ontario/Quebec",17.39.11,v52147813
2006,0.00,"Ottawa-Gatineau, Ontario/Quebec",17.39.11,v52147813
2007,0.00,"Ottawa-Gatineau, Ontario/Quebec",17.39.11,v52147813
2008,0.00,"Ottawa-Gatineau, Ontario/Quebec",17.39.11,v52147813
2009,0.00,"Ottawa-Gatineau, Ontario/Quebec",17.39.11,v52147813
2010,0.00,"Ottawa-Gatineau, Ontario/Quebec",17.39.11,v52147813
2011,0.00,"Ottawa-Gatineau, Ontario/Quebec",17.39.11,v52147813
2012,0.00,"Ottawa-Gatineau, Ontario/Quebec",17.39.11,v52147813
2013,0.00,"Ottawa-Gatineau, Ontario/Quebec",17.39.11,v52147813
2014,0.00,"Ottawa-Gatineau, Ontario/Quebec",17.39.11,v52147813
2015,0.00,"Ottawa-Gatineau, Ontario/Quebec",17.39.11,v52147813
1998,2.00,"Ottawa-Gatineau, Ontario part",18.39.11,v44339279
1999,0.00,"Ottawa-Gatineau, Ontario part",18.39.11,v44339279
2000,2.00,"Ottawa-Gatineau, Ontario part",18.39.11,v44339279
2001,0.00,"Ottawa-Gatineau, Ontario part",18.39.11,v44339279
2002,0.00,"Ottawa-Gatineau, Ontario part",18.39.11,v44339279
2003,0.00,"Ottawa-Gatineau, Ontario part",18.39.11,v44339279
2004,0.00,"Ottawa-Gatineau, Ontario part",18.39.11,v44339279
2005,0.00,"Ottawa-Gatineau, Ontario part",18.39.11,v44339279
2006,0.00,"Ottawa-Gatineau, Ontario part",18.39.11,v44339279
2007,0.00,"Ottawa-Gatineau, Ontario part",18.39.11,v44339279
2008,0.00,"Ottawa-Gatineau, Ontario part",18.39.11,v44339279
2009,0.00,"Ottawa-Gatineau, Ontario part",18.39.11,v44339279
2010,0.00,"Ottawa-Gatineau, Ontario part",18.39.11,v44339279
2011,0.00,"Ottawa-Gatineau, Ontario part",18.39.11,v44339279
2012,0.00,"Ottawa-Gatineau, Ontario part",18.39.11,v44339279
2013,0.00,"Ottawa-Gatineau, Ontario part",18.39.11,v44339279
2014,0.00,"Ottawa-Gatineau, Ontario part",18.39.11,v44339279
2015,0.00,"Ottawa-Gatineau, Ontario part",18.39.11,v44339279
2003,..,"Kingston, Ontario",27.39.11,v44366485
2004,0.00,"Kingston, Ontario",27.39.11,v44366485
2005,..,"Kingston, Ontario",27.39.11,v44366485
2006,0.00,"Kingston, Ontario",27.39.11,v44366485
2007,0.00,"Kingston, Ontario",27.39.11,v44366485
2008,0.00,"Kingston, Ontario",27.39.11,v44366485
2009,0.00,"Kingston, Ontario",27.39.11,v44366485
2010,0.00,"Kingston, Ontario",27.39.11,v44366485
2011,0.00,"Kingston, Ontario",27.39.11,v44366485
2012,0.00,"Kingston, Ontario",27.39.11,v44366485
2013,0.00,"Kingston, Ontario",27.39.11,v44366485
2014,0.00,"Kingston, Ontario",27.39.11,v44366485
2015,0.00,"Kingston, Ontario",27.39.11,v44366485
2006,0.00,"Peterborough, Ontario",44.39.11,v52122314
2007,0.00,"Peterborough, Ontario",44.39.11,v52122314
2008,0.00,"Peterborough, Ontario",44.39.11,v52122314
2009,0.00,"Peterborough, Ontario",44.39.11,v52122314
2010,0.00,"Peterborough, Ontario",44.39.11,v52122314
2011,0.00,"Peterborough, Ontario",44.39.11,v52122314
2012,0.00,"Peterborough, Ontario",44.39.11,v52122314
2013,0.00,"Peterborough, Ontario",44.39.11,v52122314
2014,0.00,"Peterborough, Ontario",44.39.11,v52122314
2015,0.00,"Peterborough, Ontario",44.39.11,v52122314
1998,0.00,"Toronto, Ontario",19.39.11,v44388665
1999,0.00,"Toronto, Ontario",19.39.11,v44388665
2000,1.00,"Toronto, Ontario",19.39.11,v44388665
2001,1.00,"Toronto, Ontario",19.39.11,v44388665
2002,0.00,"Toronto, Ontario",19.39.11,v44388665
2003,0.00,"Toronto, Ontario",19.39.11,v44388665
2004,0.00,"Toronto, Ontario",19.39.11,v44388665
2005,0.00,"Toronto, Ontario",19.39.11,v44388665
2006,0.00,"Toronto, Ontario",19.39.11,v44388665
2007,0.00,"Toronto, Ontario",19.39.11,v44388665
2008,1.00,"Toronto, Ontario",19.39.11,v44388665
2009,1.00,"Toronto, Ontario",19.39.11,v44388665
2010,0.00,"Toronto, Ontario",19.39.11,v44388665
2011,0.00,"Toronto, Ontario",19.39.11,v44388665
2012,1.00,"Toronto, Ontario",19.39.11,v44388665
2013,0.00,"Toronto, Ontario",19.39.11,v44388665
2014,0.00,"Toronto, Ontario",19.39.11,v44388665
2015,0.00,"Toronto, Ontario",19.39.11,v44388665
1998,0.00,"Hamilton, Ontario",20.39.11,v44406974
1999,0.00,"Hamilton, Ontario",20.39.11,v44406974
2000,0.00,"Hamilton, Ontario",20.39.11,v44406974
2001,0.00,"Hamilton, Ontario",20.39.11,v44406974
2002,0.00,"Hamilton, Ontario",20.39.11,v44406974
2003,0.00,"Hamilton, Ontario",20.39.11,v44406974
2004,0.00,"Hamilton, Ontario",20.39.11,v44406974
2005,0.00,"Hamilton, Ontario",20.39.11,v44406974
2006,0.00,"Hamilton, Ontario",20.39.11,v44406974
2007,0.00,"Hamilton, Ontario",20.39.11,v44406974
2008,0.00,"Hamilton, Ontario",20.39.11,v44406974
2009,0.00,"Hamilton, Ontario",20.39.11,v44406974
2010,0.00,"Hamilton, Ontario",20.39.11,v44406974
2011,0.00,"Hamilton, Ontario",20.39.11,v44406974
2012,0.00,"Hamilton, Ontario",20.39.11,v44406974
2013,0.00,"Hamilton, Ontario",20.39.11,v44406974
2014,0.00,"Hamilton, Ontario",20.39.11,v44406974
2015,0.00,"Hamilton, Ontario",20.39.11,v44406974
1998,..,"St.Catharines-Niagara, Ontario",21.39.11,v44389575
1999,0.00,"St.Catharines-Niagara, Ontario",21.39.11,v44389575
2000,..,"St.Catharines-Niagara, Ontario",21.39.11,v44389575
2001,..,"St.Catharines-Niagara, Ontario",21.39.11,v44389575
2002,..,"St.Catharines-Niagara, Ontario",21.39.11,v44389575
2003,0.00,"St.Catharines-Niagara, Ontario",21.39.11,v44389575
2004,0.00,"St.Catharines-Niagara, Ontario",21.39.11,v44389575
2005,..,"St.Catharines-Niagara, Ontario",21.39.11,v44389575
2006,0.00,"St.Catharines-Niagara, Ontario",21.39.11,v44389575
2007,0.00,"St.Catharines-Niagara, Ontario",21.39.11,v44389575
2008,0.00,"St.Catharines-Niagara, Ontario",21.39.11,v44389575
2009,0.00,"St.Catharines-Niagara, Ontario",21.39.11,v44389575
2010,0.00,"St.Catharines-Niagara, Ontario",21.39.11,v44389575
2011,0.00,"St.Catharines-Niagara, Ontario",21.39.11,v44389575
2012,0.00,"St.Catharines-Niagara, Ontario",21.39.11,v44389575
2013,0.00,"St.Catharines-Niagara, Ontario",21.39.11,v44389575
2014,0.00,"St.Catharines-Niagara, Ontario",21.39.11,v44389575
2015,0.00,"St.Catharines-Niagara, Ontario",21.39.11,v44389575
1998,0.00,"Kitchener-Cambridge-Waterloo, Ontario",22.39.11,v44358461
1999,0.00,"Kitchener-Cambridge-Waterloo, Ontario",22.39.11,v44358461
2000,0.00,"Kitchener-Cambridge-Waterloo, Ontario",22.39.11,v44358461
2001,0.00,"Kitchener-Cambridge-Waterloo, Ontario",22.39.11,v44358461
2002,0.00,"Kitchener-Cambridge-Waterloo, Ontario",22.39.11,v44358461
2003,0.00,"Kitchener-Cambridge-Waterloo, Ontario",22.39.11,v44358461
2004,0.00,"Kitchener-Cambridge-Waterloo, Ontario",22.39.11,v44358461
2005,0.00,"Kitchener-Cambridge-Waterloo, Ontario",22.39.11,v44358461
2006,0.00,"Kitchener-Cambridge-Waterloo, Ontario",22.39.11,v44358461
2007,0.00,"Kitchener-Cambridge-Waterloo, Ontario",22.39.11,v44358461
2008,0.00,"Kitchener-Cambridge-Waterloo, Ontario",22.39.11,v44358461
2009,1.00,"Kitchener-Cambridge-Waterloo, Ontario",22.39.11,v44358461
2010,0.00,"Kitchener-Cambridge-Waterloo, Ontario",22.39.11,v44358461
2011,0.00,"Kitchener-Cambridge-Waterloo, Ontario",22.39.11,v44358461
2012,0.00,"Kitchener-Cambridge-Waterloo, Ontario",22.39.11,v44358461
2013,0.00,"Kitchener-Cambridge-Waterloo, Ontario",22.39.11,v44358461
2014,0.00,"Kitchener-Cambridge-Waterloo, Ontario",22.39.11,v44358461
2015,0.00,"Kitchener-Cambridge-Waterloo, Ontario",22.39.11,v44358461
2006,0.00,"Brantford, Ontario",45.39.11,v52118936
2007,0.00,"Brantford, Ontario",45.39.11,v52118936
2008,0.00,"Brantford, Ontario",45.39.11,v52118936
2009,0.00,"Brantford, Ontario",45.39.11,v52118936
2010,0.00,"Brantford, Ontario",45.39.11,v52118936
2011,0.00,"Brantford, Ontario",45.39.11,v52118936
2012,0.00,"Brantford, Ontario",45.39.11,v52118936
2013,0.00,"Brantford, Ontario",45.39.11,v52118936
2014,0.00,"Brantford, Ontario",45.39.11,v52118936
2015,0.00,"Brantford, Ontario",45.39.11,v52118936
2005,..,"Guelph, Ontario",46.39.11,v52119384
2006,0.00,"Guelph, Ontario",46.39.11,v52119384
2007,0.00,"Guelph, Ontario",46.39.11,v52119384
2008,0.00,"Guelph, Ontario",46.39.11,v52119384
2009,0.00,"Guelph, Ontario",46.39.11,v52119384
2010,0.00,"Guelph, Ontario",46.39.11,v52119384
2011,0.00,"Guelph, Ontario",46.39.11,v52119384
2012,0.00,"Guelph, Ontario",46.39.11,v52119384
2013,0.00,"Guelph, Ontario",46.39.11,v52119384
2014,0.00,"Guelph, Ontario",46.39.11,v52119384
2015,0.00,"Guelph, Ontario",46.39.11,v52119384
1998,0.00,"London, Ontario",23.39.11,v44370177
1999,0.00,"London, Ontario",23.39.11,v44370177
2000,0.00,"London, Ontario",23.39.11,v44370177
2001,0.00,"London, Ontario",23.39.11,v44370177
2002,0.00,"London, Ontario",23.39.11,v44370177
2003,0.00,"London, Ontario",23.39.11,v44370177
2004,0.00,"London, Ontario",23.39.11,v44370177
2005,0.00,"London, Ontario",23.39.11,v44370177
2006,0.00,"London, Ontario",23.39.11,v44370177
2007,0.00,"London, Ontario",23.39.11,v44370177
2008,0.00,"London, Ontario",23.39.11,v44370177
2009,0.00,"London, Ontario",23.39.11,v44370177
2010,0.00,"London, Ontario",23.39.11,v44370177
2011,0.00,"London, Ontario",23.39.11,v44370177
2012,0.00,"London, Ontario",23.39.11,v44370177
2013,0.00,"London, Ontario",23.39.11,v44370177
2014,0.00,"London, Ontario",23.39.11,v44370177
2015,0.00,"London, Ontario",23.39.11,v44370177
1998,0.00,"Windsor, Ontario",24.39.11,v44415477
1999,0.00,"Windsor, Ontario",24.39.11,v44415477
2000,0.00,"Windsor, Ontario",24.39.11,v44415477
2001,0.00,"Windsor, Ontario",24.39.11,v44415477
2002,0.00,"Windsor, Ontario",24.39.11,v44415477
2003,0.00,"Windsor, Ontario",24.39.11,v44415477
2004,0.00,"Windsor, Ontario",24.39.11,v44415477
2005,0.00,"Windsor, Ontario",24.39.11,v44415477
2006,0.00,"Windsor, Ontario",24.39.11,v44415477
2007,0.00,"Windsor, Ontario",24.39.11,v44415477
2008,0.00,"Windsor, Ontario",24.39.11,v44415477
2009,0.00,"Windsor, Ontario",24.39.11,v44415477
2010,0.00,"Windsor, Ontario",24.39.11,v44415477
2011,0.00,"Windsor, Ontario",24.39.11,v44415477
2012,0.00,"Windsor, Ontario",24.39.11,v44415477
2013,0.00,"Windsor, Ontario",24.39.11,v44415477
2014,0.00,"Windsor, Ontario",24.39.11,v44415477
2015,0.00,"Windsor, Ontario",24.39.11,v44415477
2005,..,"Barrie, Ontario",47.39.11,v52144072
2006,0.00,"Barrie, Ontario",47.39.11,v52144072
2007,0.00,"Barrie, Ontario",47.39.11,v52144072
2008,0.00,"Barrie, Ontario",47.39.11,v52144072
2009,0.00,"Barrie, Ontario",47.39.11,v52144072
2010,0.00,"Barrie, Ontario",47.39.11,v52144072
2011,0.00,"Barrie, Ontario",47.39.11,v52144072
2012,0.00,"Barrie, Ontario",47.39.11,v52144072
2013,0.00,"Barrie, Ontario",47.39.11,v52144072
2014,0.00,"Barrie, Ontario",47.39.11,v52144072
2015,0.00,"Barrie, Ontario",47.39.11,v52144072
1998,0.00,"Sudbury, Ontario",25.39.11,v44395132
1999,..,"Sudbury, Ontario",25.39.11,v44395132
2000,..,"Sudbury, Ontario",25.39.11,v44395132
2001,0.00,"Sudbury, Ontario",25.39.11,v44395132
2002,..,"Sudbury, Ontario",25.39.11,v44395132
2003,..,"Sudbury, Ontario",25.39.11,v44395132
2004,..,"Sudbury, Ontario",25.39.11,v44395132
2005,0.00,"Sudbury, Ontario",25.39.11,v44395132
2006,0.00,"Sudbury, Ontario",25.39.11,v44395132
2007,0.00,"Sudbury, Ontario",25.39.11,v44395132
2008,0.00,"Sudbury, Ontario",25.39.11,v44395132
2009,0.00,"Sudbury, Ontario",25.39.11,v44395132
2010,0.00,"Sudbury, Ontario",25.39.11,v44395132
2011,0.00,"Sudbury, Ontario",25.39.11,v44395132
2012,0.00,"Sudbury, Ontario",25.39.11,v44395132
2013,0.00,"Sudbury, Ontario",25.39.11,v44395132
2014,0.00,"Sudbury, Ontario",25.39.11,v44395132
2015,0.00,"Sudbury, Ontario",25.39.11,v44395132
1998,0.00,"Thunder Bay, Ontario",26.39.11,v44375920
1999,0.00,"Thunder Bay, Ontario",26.39.11,v44375920
2000,0.00,"Thunder Bay, Ontario",26.39.11,v44375920
2001,0.00,"Thunder Bay, Ontario",26.39.11,v44375920
2002,0.00,"Thunder Bay, Ontario",26.39.11,v44375920
2003,0.00,"Thunder Bay, Ontario",26.39.11,v44375920
2004,0.00,"Thunder Bay, Ontario",26.39.11,v44375920
2005,0.00,"Thunder Bay, Ontario",26.39.11,v44375920
2006,0.00,"Thunder Bay, Ontario",26.39.11,v44375920
2007,0.00,"Thunder Bay, Ontario",26.39.11,v44375920
2008,0.00,"Thunder Bay, Ontario",26.39.11,v44375920
2009,0.00,"Thunder Bay, Ontario",26.39.11,v44375920
2010,0.00,"Thunder Bay, Ontario",26.39.11,v44375920
2011,0.00,"Thunder Bay, Ontario",26.39.11,v44375920
2012,0.00,"Thunder Bay, Ontario",26.39.11,v44375920
2013,0.00,"Thunder Bay, Ontario",26.39.11,v44375920
2014,0.00,"Thunder Bay, Ontario",26.39.11,v44375920
2015,0.00,"Thunder Bay, Ontario",26.39.11,v44375920
1998,0.00,"Manitoba",28.39.11,v44399470
1999,1.00,"Manitoba",28.39.11,v44399470
2000,0.00,"Manitoba",28.39.11,v44399470
2001,0.00,"Manitoba",28.39.11,v44399470
2002,0.00,"Manitoba",28.39.11,v44399470
2003,0.00,"Manitoba",28.39.11,v44399470
2004,1.00,"Manitoba",28.39.11,v44399470
2005,0.00,"Manitoba",28.39.11,v44399470
2006,0.00,"Manitoba",28.39.11,v44399470
2007,0.00,"Manitoba",28.39.11,v44399470
2008,0.00,"Manitoba",28.39.11,v44399470
2009,0.00,"Manitoba",28.39.11,v44399470
2010,0.00,"Manitoba",28.39.11,v44399470
2011,0.00,"Manitoba",28.39.11,v44399470
2012,0.00,"Manitoba",28.39.11,v44399470
2013,0.00,"Manitoba",28.39.11,v44399470
2014,0.00,"Manitoba",28.39.11,v44399470
2015,0.00,"Manitoba",28.39.11,v44399470
1998,0.00,"Winnipeg, Manitoba",29.39.11,v44337531
1999,0.00,"Winnipeg, Manitoba",29.39.11,v44337531
2000,0.00,"Winnipeg, Manitoba",29.39.11,v44337531
2001,0.00,"Winnipeg, Manitoba",29.39.11,v44337531
2002,0.00,"Winnipeg, Manitoba",29.39.11,v44337531
2003,0.00,"Winnipeg, Manitoba",29.39.11,v44337531
2004,0.00,"Winnipeg, Manitoba",29.39.11,v44337531
2005,0.00,"Winnipeg, Manitoba",29.39.11,v44337531
2006,0.00,"Winnipeg, Manitoba",29.39.11,v44337531
2007,0.00,"Winnipeg, Manitoba",29.39.11,v44337531
2008,0.00,"Winnipeg, Manitoba",29.39.11,v44337531
2009,0.00,"Winnipeg, Manitoba",29.39.11,v44337531
2010,0.00,"Winnipeg, Manitoba",29.39.11,v44337531
2011,0.00,"Winnipeg, Manitoba",29.39.11,v44337531
2012,0.00,"Winnipeg, Manitoba",29.39.11,v44337531
2013,0.00,"Winnipeg, Manitoba",29.39.11,v44337531
2014,0.00,"Winnipeg, Manitoba",29.39.11,v44337531
2015,0.00,"Winnipeg, Manitoba",29.39.11,v44337531
1998,0.00,"Saskatchewan",30.39.11,v44347914
1999,0.00,"Saskatchewan",30.39.11,v44347914
2000,0.00,"Saskatchewan",30.39.11,v44347914
2001,0.00,"Saskatchewan",30.39.11,v44347914
2002,0.00,"Saskatchewan",30.39.11,v44347914
2003,0.00,"Saskatchewan",30.39.11,v44347914
2004,0.00,"Saskatchewan",30.39.11,v44347914
2005,0.00,"Saskatchewan",30.39.11,v44347914
2006,1.00,"Saskatchewan",30.39.11,v44347914
2007,0.00,"Saskatchewan",30.39.11,v44347914
2008,0.00,"Saskatchewan",30.39.11,v44347914
2009,0.00,"Saskatchewan",30.39.11,v44347914
2010,0.00,"Saskatchewan",30.39.11,v44347914
2011,0.00,"Saskatchewan",30.39.11,v44347914
2012,2.00,"Saskatchewan",30.39.11,v44347914
2013,0.00,"Saskatchewan",30.39.11,v44347914
2014,0.00,"Saskatchewan",30.39.11,v44347914
2015,0.00,"Saskatchewan",30.39.11,v44347914
1998,0.00,"Regina, Saskatchewan",31.39.11,v44378688
1999,0.00,"Regina, Saskatchewan",31.39.11,v44378688
2000,0.00,"Regina, Saskatchewan",31.39.11,v44378688
2001,0.00,"Regina, Saskatchewan",31.39.11,v44378688
2002,0.00,"Regina, Saskatchewan",31.39.11,v44378688
2003,0.00,"Regina, Saskatchewan",31.39.11,v44378688
2004,0.00,"Regina, Saskatchewan",31.39.11,v44378688
2005,0.00,"Regina, Saskatchewan",31.39.11,v44378688
2006,0.00,"Regina, Saskatchewan",31.39.11,v44378688
2007,0.00,"Regina, Saskatchewan",31.39.11,v44378688
2008,0.00,"Regina, Saskatchewan",31.39.11,v44378688
2009,0.00,"Regina, Saskatchewan",31.39.11,v44378688
2010,0.00,"Regina, Saskatchewan",31.39.11,v44378688
2011,0.00,"Regina, Saskatchewan",31.39.11,v44378688
2012,0.00,"Regina, Saskatchewan",31.39.11,v44378688
2013,0.00,"Regina, Saskatchewan",31.39.11,v44378688
2014,0.00,"Regina, Saskatchewan",31.39.11,v44378688
2015,0.00,"Regina, Saskatchewan",31.39.11,v44378688
1998,0.00,"Saskatoon, Saskatchewan",32.39.11,v44382887
1999,0.00,"Saskatoon, Saskatchewan",32.39.11,v44382887
2000,0.00,"Saskatoon, Saskatchewan",32.39.11,v44382887
2001,0.00,"Saskatoon, Saskatchewan",32.39.11,v44382887
2002,0.00,"Saskatoon, Saskatchewan",32.39.11,v44382887
2003,0.00,"Saskatoon, Saskatchewan",32.39.11,v44382887
2004,0.00,"Saskatoon, Saskatchewan",32.39.11,v44382887
2005,0.00,"Saskatoon, Saskatchewan",32.39.11,v44382887
2006,1.00,"Saskatoon, Saskatchewan",32.39.11,v44382887
2007,0.00,"Saskatoon, Saskatchewan",32.39.11,v44382887
2008,0.00,"Saskatoon, Saskatchewan",32.39.11,v44382887
2009,0.00,"Saskatoon, Saskatchewan",32.39.11,v44382887
2010,0.00,"Saskatoon, Saskatchewan",32.39.11,v44382887
2011,0.00,"Saskatoon, Saskatchewan",32.39.11,v44382887
2012,0.00,"Saskatoon, Saskatchewan",32.39.11,v44382887
2013,0.00,"Saskatoon, Saskatchewan",32.39.11,v44382887
2014,0.00,"Saskatoon, Saskatchewan",32.39.11,v44382887
2015,0.00,"Saskatoon, Saskatchewan",32.39.11,v44382887
1998,0.00,"Alberta",33.39.11,v44358762
1999,0.00,"Alberta",33.39.11,v44358762
2000,0.00,"Alberta",33.39.11,v44358762
2001,0.00,"Alberta",33.39.11,v44358762
2002,0.00,"Alberta",33.39.11,v44358762
2003,1.00,"Alberta",33.39.11,v44358762
2004,1.00,"Alberta",33.39.11,v44358762
2005,0.00,"Alberta",33.39.11,v44358762
2006,1.00,"Alberta",33.39.11,v44358762
2007,0.00,"Alberta",33.39.11,v44358762
2008,0.00,"Alberta",33.39.11,v44358762
2009,0.00,"Alberta",33.39.11,v44358762
2010,0.00,"Alberta",33.39.11,v44358762
2011,0.00,"Alberta",33.39.11,v44358762
2012,0.00,"Alberta",33.39.11,v44358762
2013,0.00,"Alberta",33.39.11,v44358762
2014,0.00,"Alberta",33.39.11,v44358762
2015,0.00,"Alberta",33.39.11,v44358762
1998,0.00,"Calgary, Alberta",34.39.11,v44386897
1999,0.00,"Calgary, Alberta",34.39.11,v44386897
2000,0.00,"Calgary, Alberta",34.39.11,v44386897
2001,0.00,"Calgary, Alberta",34.39.11,v44386897
2002,0.00,"Calgary, Alberta",34.39.11,v44386897
2003,0.00,"Calgary, Alberta",34.39.11,v44386897
2004,0.00,"Calgary, Alberta",34.39.11,v44386897
2005,0.00,"Calgary, Alberta",34.39.11,v44386897
2006,0.00,"Calgary, Alberta",34.39.11,v44386897
2007,0.00,"Calgary, Alberta",34.39.11,v44386897
2008,0.00,"Calgary, Alberta",34.39.11,v44386897
2009,0.00,"Calgary, Alberta",34.39.11,v44386897
2010,0.00,"Calgary, Alberta",34.39.11,v44386897
2011,0.00,"Calgary, Alberta",34.39.11,v44386897
2012,0.00,"Calgary, Alberta",34.39.11,v44386897
2013,0.00,"Calgary, Alberta",34.39.11,v44386897
2014,0.00,"Calgary, Alberta",34.39.11,v44386897
2015,0.00,"Calgary, Alberta",34.39.11,v44386897
1998,0.00,"Edmonton, Alberta",35.39.11,v44349751
1999,0.00,"Edmonton, Alberta",35.39.11,v44349751
2000,0.00,"Edmonton, Alberta",35.39.11,v44349751
2001,0.00,"Edmonton, Alberta",35.39.11,v44349751
2002,0.00,"Edmonton, Alberta",35.39.11,v44349751
2003,0.00,"Edmonton, Alberta",35.39.11,v44349751
2004,0.00,"Edmonton, Alberta",35.39.11,v44349751
2005,0.00,"Edmonton, Alberta",35.39.11,v44349751
2006,0.00,"Edmonton, Alberta",35.39.11,v44349751
2007,0.00,"Edmonton, Alberta",35.39.11,v44349751
2008,0.00,"Edmonton, Alberta",35.39.11,v44349751
2009,0.00,"Edmonton, Alberta",35.39.11,v44349751
2010,0.00,"Edmonton, Alberta",35.39.11,v44349751
2011,0.00,"Edmonton, Alberta",35.39.11,v44349751
2012,0.00,"Edmonton, Alberta",35.39.11,v44349751
2013,0.00,"Edmonton, Alberta",35.39.11,v44349751
2014,0.00,"Edmonton, Alberta",35.39.11,v44349751
2015,0.00,"Edmonton, Alberta",35.39.11,v44349751
1998,0.00,"British Columbia",36.39.11,v44373616
1999,4.00,"British Columbia",36.39.11,v44373616
2000,1.00,"British Columbia",36.39.11,v44373616
2001,0.00,"British Columbia",36.39.11,v44373616
2002,0.00,"British Columbia",36.39.11,v44373616
2003,0.00,"British Columbia",36.39.11,v44373616
2004,0.00,"British Columbia",36.39.11,v44373616
2005,3.00,"British Columbia",36.39.11,v44373616
2006,0.00,"British Columbia",36.39.11,v44373616
2007,0.00,"British Columbia",36.39.11,v44373616
2008,0.00,"British Columbia",36.39.11,v44373616
2009,0.00,"British Columbia",36.39.11,v44373616
2010,0.00,"British Columbia",36.39.11,v44373616
2011,1.00,"British Columbia",36.39.11,v44373616
2012,0.00,"British Columbia",36.39.11,v44373616
2013,0.00,"British Columbia",36.39.11,v44373616
2014,0.00,"British Columbia",36.39.11,v44373616
2015,0.00,"British Columbia",36.39.11,v44373616
2006,0.00,"Kelowna, British Columbia",48.39.11,v52143341
2007,0.00,"Kelowna, British Columbia",48.39.11,v52143341
2008,0.00,"Kelowna, British Columbia",48.39.11,v52143341
2009,0.00,"Kelowna, British Columbia",48.39.11,v52143341
2010,0.00,"Kelowna, British Columbia",48.39.11,v52143341
2011,0.00,"Kelowna, British Columbia",48.39.11,v52143341
2012,0.00,"Kelowna, British Columbia",48.39.11,v52143341
2013,0.00,"Kelowna, British Columbia",48.39.11,v52143341
2014,0.00,"Kelowna, British Columbia",48.39.11,v52143341
2015,0.00,"Kelowna, British Columbia",48.39.11,v52143341
2000,..,"Abbotsford-Mission, British Columbia",39.39.11,v44373039
2001,0.00,"Abbotsford-Mission, British Columbia",39.39.11,v44373039
2002,0.00,"Abbotsford-Mission, British Columbia",39.39.11,v44373039
2003,0.00,"Abbotsford-Mission, British Columbia",39.39.11,v44373039
2004,..,"Abbotsford-Mission, British Columbia",39.39.11,v44373039
2005,0.00,"Abbotsford-Mission, British Columbia",39.39.11,v44373039
2006,0.00,"Abbotsford-Mission, British Columbia",39.39.11,v44373039
2007,0.00,"Abbotsford-Mission, British Columbia",39.39.11,v44373039
2008,0.00,"Abbotsford-Mission, British Columbia",39.39.11,v44373039
2009,0.00,"Abbotsford-Mission, British Columbia",39.39.11,v44373039
2010,0.00,"Abbotsford-Mission, British Columbia",39.39.11,v44373039
2011,0.00,"Abbotsford-Mission, British Columbia",39.39.11,v44373039
2012,0.00,"Abbotsford-Mission, British Columbia",39.39.11,v44373039
2013,0.00,"Abbotsford-Mission, British Columbia",39.39.11,v44373039
2014,0.00,"Abbotsford-Mission, British Columbia",39.39.11,v44373039
2015,0.00,"Abbotsford-Mission, British Columbia",39.39.11,v44373039
1998,0.00,"Vancouver, British Columbia",37.39.11,v44370814
1999,0.00,"Vancouver, British Columbia",37.39.11,v44370814
2000,0.00,"Vancouver, British Columbia",37.39.11,v44370814
2001,0.00,"Vancouver, British Columbia",37.39.11,v44370814
2002,0.00,"Vancouver, British Columbia",37.39.11,v44370814
2003,0.00,"Vancouver, British Columbia",37.39.11,v44370814
2004,0.00,"Vancouver, British Columbia",37.39.11,v44370814
2005,3.00,"Vancouver, British Columbia",37.39.11,v44370814
2006,0.00,"Vancouver, British Columbia",37.39.11,v44370814
2007,0.00,"Vancouver, British Columbia",37.39.11,v44370814
2008,0.00,"Vancouver, British Columbia",37.39.11,v44370814
2009,0.00,"Vancouver, British Columbia",37.39.11,v44370814
2010,0.00,"Vancouver, British Columbia",37.39.11,v44370814
2011,1.00,"Vancouver, British Columbia",37.39.11,v44370814
2012,0.00,"Vancouver, British Columbia",37.39.11,v44370814
2013,0.00,"Vancouver, British Columbia",37.39.11,v44370814
2014,0.00,"Vancouver, British Columbia",37.39.11,v44370814
2015,0.00,"Vancouver, British Columbia",37.39.11,v44370814
1998,0.00,"Victoria, British Columbia",38.39.11,v44373827
1999,0.00,"Victoria, British Columbia",38.39.11,v44373827
2000,0.00,"Victoria, British Columbia",38.39.11,v44373827
2001,0.00,"Victoria, British Columbia",38.39.11,v44373827
2002,0.00,"Victoria, British Columbia",38.39.11,v44373827
2003,0.00,"Victoria, British Columbia",38.39.11,v44373827
2004,0.00,"Victoria, British Columbia",38.39.11,v44373827
2005,0.00,"Victoria, British Columbia",38.39.11,v44373827
2006,0.00,"Victoria, British Columbia",38.39.11,v44373827
2007,0.00,"Victoria, British Columbia",38.39.11,v44373827
2008,0.00,"Victoria, British Columbia",38.39.11,v44373827
2009,0.00,"Victoria, British Columbia",38.39.11,v44373827
2010,0.00,"Victoria, British Columbia",38.39.11,v44373827
2011,0.00,"Victoria, British Columbia",38.39.11,v44373827
2012,0.00,"Victoria, British Columbia",38.39.11,v44373827
2013,0.00,"Victoria, British Columbia",38.39.11,v44373827
2014,0.00,"Victoria, British Columbia",38.39.11,v44373827
2015,0.00,"Victoria, British Columbia",38.39.11,v44373827
1998,0.00,"Yukon",40.39.11,v44351335
1999,0.00,"Yukon",40.39.11,v44351335
2000,0.00,"Yukon",40.39.11,v44351335
2001,0.00,"Yukon",40.39.11,v44351335
2002,0.00,"Yukon",40.39.11,v44351335
2003,0.00,"Yukon",40.39.11,v44351335
2004,0.00,"Yukon",40.39.11,v44351335
2005,..,"Yukon",40.39.11,v44351335
2006,0.00,"Yukon",40.39.11,v44351335
2007,0.00,"Yukon",40.39.11,v44351335
2008,0.00,"Yukon",40.39.11,v44351335
2009,0.00,"Yukon",40.39.11,v44351335
2010,0.00,"Yukon",40.39.11,v44351335
2011,0.00,"Yukon",40.39.11,v44351335
2012,0.00,"Yukon",40.39.11,v44351335
2013,0.00,"Yukon",40.39.11,v44351335
2014,0.00,"Yukon",40.39.11,v44351335
2015,0.00,"Yukon",40.39.11,v44351335
1998,0.00,"Northwest Territories",41.39.11,v44377555
1999,0.00,"Northwest Territories",41.39.11,v44377555
2000,0.00,"Northwest Territories",41.39.11,v44377555
2001,0.00,"Northwest Territories",41.39.11,v44377555
2002,0.00,"Northwest Territories",41.39.11,v44377555
2003,0.00,"Northwest Territories",41.39.11,v44377555
2004,0.00,"Northwest Territories",41.39.11,v44377555
2005,0.00,"Northwest Territories",41.39.11,v44377555
2006,0.00,"Northwest Territories",41.39.11,v44377555
2007,0.00,"Northwest Territories",41.39.11,v44377555
2008,0.00,"Northwest Territories",41.39.11,v44377555
2009,0.00,"Northwest Territories",41.39.11,v44377555
2010,0.00,"Northwest Territories",41.39.11,v44377555
2011,0.00,"Northwest Territories",41.39.11,v44377555
2012,0.00,"Northwest Territories",41.39.11,v44377555
2013,0.00,"Northwest Territories",41.39.11,v44377555
2014,0.00,"Northwest Territories",41.39.11,v44377555
2015,0.00,"Northwest Territories",41.39.11,v44377555
1998,..,"Nunavut",42.39.11,v44382179
1999,0.00,"Nunavut",42.39.11,v44382179
2000,..,"Nunavut",42.39.11,v44382179
2001,0.00,"Nunavut",42.39.11,v44382179
2002,..,"Nunavut",42.39.11,v44382179
2003,0.00,"Nunavut",42.39.11,v44382179
2004,0.00,"Nunavut",42.39.11,v44382179
2005,..,"Nunavut",42.39.11,v44382179
2006,0.00,"Nunavut",42.39.11,v44382179
2007,0.00,"Nunavut",42.39.11,v44382179
2008,0.00,"Nunavut",42.39.11,v44382179
2009,0.00,"Nunavut",42.39.11,v44382179
2010,0.00,"Nunavut",42.39.11,v44382179
2011,0.00,"Nunavut",42.39.11,v44382179
2012,0.00,"Nunavut",42.39.11,v44382179
2013,0.00,"Nunavut",42.39.11,v44382179
2014,0.00,"Nunavut",42.39.11,v44382179
2015,0.00,"Nunavut",42.39.11,v44382179
1998,4.00,"Canada",1.39.11,v44369890
1999,5.00,"Canada",1.39.11,v44369890
2000,6.00,"Canada",1.39.11,v44369890
2001,1.00,"Canada",1.39.11,v44369890
2002,0.00,"Canada",1.39.11,v44369890
2003,1.00,"Canada",1.39.11,v44369890
2004,2.00,"Canada",1.39.11,v44369890
2005,3.00,"Canada",1.39.11,v44369890
2006,2.00,"Canada",1.39.11,v44369890
2007,0.00,"Canada",1.39.11,v44369890
2008,1.00,"Canada",1.39.11,v44369890
2009,3.00,"Canada",1.39.11,v44369890
2010,1.00,"Canada",1.39.11,v44369890
2011,1.00,"Canada",1.39.11,v44369890
2012,3.00,"Canada",1.39.11,v44369890
2013,0.00,"Canada",1.39.11,v44369890
2014,0.00,"Canada",1.39.11,v44369890
2015,0.00,"Canada",1.39.11,v44369890
1998,0.00,"Newfoundland and Labrador",2.39.11,v44364486
1999,0.00,"Newfoundland and Labrador",2.39.11,v44364486
2000,0.00,"Newfoundland and Labrador",2.39.11,v44364486
2001,0.00,"Newfoundland and Labrador",2.39.11,v44364486
2002,0.00,"Newfoundland and Labrador",2.39.11,v44364486
2003,0.00,"Newfoundland and Labrador",2.39.11,v44364486
2004,0.00,"Newfoundland and Labrador",2.39.11,v44364486
2005,0.00,"Newfoundland and Labrador",2.39.11,v44364486
2006,0.00,"Newfoundland and Labrador",2.39.11,v44364486
2007,0.00,"Newfoundland and Labrador",2.39.11,v44364486
2008,0.00,"Newfoundland and Labrador",2.39.11,v44364486
2009,0.00,"Newfoundland and Labrador",2.39.11,v44364486
2010,0.00,"Newfoundland and Labrador",2.39.11,v44364486
2011,0.00,"Newfoundland and Labrador",2.39.11,v44364486
2012,0.00,"Newfoundland and Labrador",2.39.11,v44364486
2013,0.00,"Newfoundland and Labrador",2.39.11,v44364486
2014,0.00,"Newfoundland and Labrador",2.39.11,v44364486
2015,0.00,"Newfoundland and Labrador",2.39.11,v44364486
1998,0.00,"St. John's, Newfoundland and Labrador",3.39.11,v44410404
1999,0.00,"St. John's, Newfoundland and Labrador",3.39.11,v44410404
2000,0.00,"St. John's, Newfoundland and Labrador",3.39.11,v44410404
2001,0.00,"St. John's, Newfoundland and Labrador",3.39.11,v44410404
2002,0.00,"St. John's, Newfoundland and Labrador",3.39.11,v44410404
2003,0.00,"St. John's, Newfoundland and Labrador",3.39.11,v44410404
2004,0.00,"St. John's, Newfoundland and Labrador",3.39.11,v44410404
2005,0.00,"St. John's, Newfoundland and Labrador",3.39.11,v44410404
2006,0.00,"St. John's, Newfoundland and Labrador",3.39.11,v44410404
2007,0.00,"St. John's, Newfoundland and Labrador",3.39.11,v44410404
2008,0.00,"St. John's, Newfoundland and Labrador",3.39.11,v44410404
2009,0.00,"St. John's, Newfoundland and Labrador",3.39.11,v44410404
2010,0.00,"St. John's, Newfoundland and Labrador",3.39.11,v44410404
2011,0.00,"St. John's, Newfoundland and Labrador",3.39.11,v44410404
2012,0.00,"St. John's, Newfoundland and Labrador",3.39.11,v44410404
2013,0.00,"St. John's, Newfoundland and Labrador",3.39.11,v44410404
2014,0.00,"St. John's, Newfoundland and Labrador",3.39.11,v44410404
2015,0.00,"St. John's, Newfoundland and Labrador",3.39.11,v44410404
1998,0.00,"Prince Edward Island",4.39.11,v44384998
1999,0.00,"Prince Edward Island",4.39.11,v44384998
2000,0.00,"Prince Edward Island",4.39.11,v44384998
2001,0.00,"Prince Edward Island",4.39.11,v44384998
2002,0.00,"Prince Edward Island",4.39.11,v44384998
2003,0.00,"Prince Edward Island",4.39.11,v44384998
2004,0.00,"Prince Edward Island",4.39.11,v44384998
2005,..,"Prince Edward Island",4.39.11,v44384998
2006,0.00,"Prince Edward Island",4.39.11,v44384998
2007,0.00,"Prince Edward Island",4.39.11,v44384998
2008,0.00,"Prince Edward Island",4.39.11,v44384998
2009,0.00,"Prince Edward Island",4.39.11,v44384998
2010,0.00,"Prince Edward Island",4.39.11,v44384998
2011,0.00,"Prince Edward Island",4.39.11,v44384998
2012,0.00,"Prince Edward Island",4.39.11,v44384998
2013,0.00,"Prince Edward Island",4.39.11,v44384998
2014,0.00,"Prince Edward Island",4.39.11,v44384998
2015,0.00,"Prince Edward Island",4.39.11,v44384998
1998,0.00,"Nova Scotia",5.39.11,v44376725
1999,0.00,"Nova Scotia",5.39.11,v44376725
2000,0.00,"Nova Scotia",5.39.11,v44376725
2001,0.00,"Nova Scotia",5.39.11,v44376725
2002,0.00,"Nova Scotia",5.39.11,v44376725
2003,0.00,"Nova Scotia",5.39.11,v44376725
2004,0.00,"Nova Scotia",5.39.11,v44376725
2005,0.00,"Nova Scotia",5.39.11,v44376725
2006,0.00,"Nova Scotia",5.39.11,v44376725
2007,0.00,"Nova Scotia",5.39.11,v44376725
2008,0.00,"Nova Scotia",5.39.11,v44376725
2009,0.00,"Nova Scotia",5.39.11,v44376725
2010,0.00,"Nova Scotia",5.39.11,v44376725
2011,0.00,"Nova Scotia",5.39.11,v44376725
2012,0.00,"Nova Scotia",5.39.11,v44376725
2013,0.00,"Nova Scotia",5.39.11,v44376725
2014,0.00,"Nova Scotia",5.39.11,v44376725
2015,0.00,"Nova Scotia",5.39.11,v44376725
1998,0.00,"Halifax, Nova Scotia",6.39.11,v44366571
1999,0.00,"Halifax, Nova Scotia",6.39.11,v44366571
2000,0.00,"Halifax, Nova Scotia",6.39.11,v44366571
2001,0.00,"Halifax, Nova Scotia",6.39.11,v44366571
2002,0.00,"Halifax, Nova Scotia",6.39.11,v44366571
2003,0.00,"Halifax, Nova Scotia",6.39.11,v44366571
2004,0.00,"Halifax, Nova Scotia",6.39.11,v44366571
2005,0.00,"Halifax, Nova Scotia",6.39.11,v44366571
2006,0.00,"Halifax, Nova Scotia",6.39.11,v44366571
2007,0.00,"Halifax, Nova Scotia",6.39.11,v44366571
2008,0.00,"Halifax, Nova Scotia",6.39.11,v44366571
2009,0.00,"Halifax, Nova Scotia",6.39.11,v44366571
2010,0.00,"Halifax, Nova Scotia",6.39.11,v44366571
2011,0.00,"Halifax, Nova Scotia",6.39.11,v44366571
2012,0.00,"Halifax, Nova Scotia",6.39.11,v44366571
2013,0.00,"Halifax, Nova Scotia",6.39.11,v44366571
2014,0.00,"Halifax, Nova Scotia",6.39.11,v44366571
2015,0.00,"Halifax, Nova Scotia",6.39.11,v44366571
1998,0.00,"New Brunswick",7.39.11,v44378007
1999,0.00,"New Brunswick",7.39.11,v44378007
2000,2.00,"New Brunswick",7.39.11,v44378007
2001,0.00,"New Brunswick",7.39.11,v44378007
2002,0.00,"New Brunswick",7.39.11,v44378007
2003,0.00,"New Brunswick",7.39.11,v44378007
2004,0.00,"New Brunswick",7.39.11,v44378007
2005,0.00,"New Brunswick",7.39.11,v44378007
2006,0.00,"New Brunswick",7.39.11,v44378007
2007,0.00,"New Brunswick",7.39.11,v44378007
2008,0.00,"New Brunswick",7.39.11,v44378007
2009,0.00,"New Brunswick",7.39.11,v44378007
2010,0.00,"New Brunswick",7.39.11,v44378007
2011,0.00,"New Brunswick",7.39.11,v44378007
2012,0.00,"New Brunswick",7.39.11,v44378007
2013,0.00,"New Brunswick",7.39.11,v44378007
2014,0.00,"New Brunswick",7.39.11,v44378007
2015,0.00,"New Brunswick",7.39.11,v44378007
2005,..,"Moncton, New Brunswick",43.39.11,v52120845
2006,0.00,"Moncton, New Brunswick",43.39.11,v52120845
2007,0.00,"Moncton, New Brunswick",43.39.11,v52120845
2008,0.00,"Moncton, New Brunswick",43.39.11,v52120845
2009,0.00,"Moncton, New Brunswick",43.39.11,v52120845
2010,0.00,"Moncton, New Brunswick",43.39.11,v52120845
2011,0.00,"Moncton, New Brunswick",43.39.11,v52120845
2012,0.00,"Moncton, New Brunswick",43.39.11,v52120845
2013,0.00,"Moncton, New Brunswick",43.39.11,v52120845
2014,0.00,"Moncton, New Brunswick",43.39.11,v52120845
2015,0.00,"Moncton, New Brunswick",43.39.11,v52120845
1998,0.00,"Saint John, New Brunswick",8.39.11,v44356529
1999,0.00,"Saint John, New Brunswick",8.39.11,v44356529
2000,1.00,"Saint John, New Brunswick",8.39.11,v44356529
2001,0.00,"Saint John, New Brunswick",8.39.11,v44356529
2002,0.00,"Saint John, New Brunswick",8.39.11,v44356529
2003,0.00,"Saint John, New Brunswick",8.39.11,v44356529
2004,0.00,"Saint John, New Brunswick",8.39.11,v44356529
2005,0.00,"Saint John, New Brunswick",8.39.11,v44356529
2006,0.00,"Saint John, New Brunswick",8.39.11,v44356529
2007,0.00,"Saint John, New Brunswick",8.39.11,v44356529
2008,0.00,"Saint John, New Brunswick",8.39.11,v44356529
2009,0.00,"Saint John, New Brunswick",8.39.11,v44356529
2010,0.00,"Saint John, New Brunswick",8.39.11,v44356529
2011,0.00,"Saint John, New Brunswick",8.39.11,v44356529
2012,0.00,"Saint John, New Brunswick",8.39.11,v44356529
2013,0.00,"Saint John, New Brunswick",8.39.11,v44356529
2014,0.00,"Saint John, New Brunswick",8.39.11,v44356529
2015,0.00,"Saint John, New Brunswick",8.39.11,v44356529
1998,1.00,"Quebec",9.39.11,v44378666
1999,0.00,"Quebec",9.39.11,v44378666
2000,0.00,"Quebec",9.39.11,v44378666
2001,0.00,"Quebec",9.39.11,v44378666
2002,0.00,"Quebec",9.39.11,v44378666
2003,0.00,"Quebec",9.39.11,v44378666
2004,0.00,"Quebec",9.39.11,v44378666
2005,0.00,"Quebec",9.39.11,v44378666
2006,0.00,"Quebec",9.39.11,v44378666
2007,0.00,"Quebec",9.39.11,v44378666
2008,0.00,"Quebec",9.39.11,v44378666
2009,1.00,"Quebec",9.39.11,v44378666
2010,1.00,"Quebec",9.39.11,v44378666
2011,0.00,"Quebec",9.39.11,v44378666
2012,0.00,"Quebec",9.39.11,v44378666
2013,0.00,"Quebec",9.39.11,v44378666
2014,0.00,"Quebec",9.39.11,v44378666
2015,0.00,"Quebec",9.39.11,v44378666
1999,..,"Saguenay, Quebec",10.39.11,v44394942
2000,0.00,"Saguenay, Quebec",10.39.11,v44394942
2001,0.00,"Saguenay, Quebec",10.39.11,v44394942
2002,0.00,"Saguenay, Quebec",10.39.11,v44394942
2003,..,"Saguenay, Quebec",10.39.11,v44394942
2004,..,"Saguenay, Quebec",10.39.11,v44394942
2005,..,"Saguenay, Quebec",10.39.11,v44394942
2006,0.00,"Saguenay, Quebec",10.39.11,v44394942
2007,0.00,"Saguenay, Quebec",10.39.11,v44394942
2008,0.00,"Saguenay, Quebec",10.39.11,v44394942
2009,0.00,"Saguenay, Quebec",10.39.11,v44394942
2010,0.00,"Saguenay, Quebec",10.39.11,v44394942
2011,0.00,"Saguenay, Quebec",10.39.11,v44394942
2012,0.00,"Saguenay, Quebec",10.39.11,v44394942
2013,0.00,"Saguenay, Quebec",10.39.11,v44394942
2014,0.00,"Saguenay, Quebec",10.39.11,v44394942
2015,0.00,"Saguenay, Quebec",10.39.11,v44394942
1998,0.00,"Quebec, Quebec",11.39.11,v44358838
1999,..,"Quebec, Quebec",11.39.11,v44358838
2000,0.00,"Quebec, Quebec",11.39.11,v44358838
2001,0.00,"Quebec, Quebec",11.39.11,v44358838
2002,0.00,"Quebec, Quebec",11.39.11,v44358838
2003,0.00,"Quebec, Quebec",11.39.11,v44358838
2004,0.00,"Quebec, Quebec",11.39.11,v44358838
2005,0.00,"Quebec, Quebec",11.39.11,v44358838
2006,0.00,"Quebec, Quebec",11.39.11,v44358838
2007,0.00,"Quebec, Quebec",11.39.11,v44358838
2008,0.00,"Quebec, Quebec",11.39.11,v44358838
2009,0.00,"Quebec, Quebec",11.39.11,v44358838
2010,0.00,"Quebec, Quebec",11.39.11,v44358838
2011,0.00,"Quebec, Quebec",11.39.11,v44358838
2012,0.00,"Quebec, Quebec",11.39.11,v44358838
2013,0.00,"Quebec, Quebec",11.39.11,v44358838
2014,0.00,"Quebec, Quebec",11.39.11,v44358838
2015,0.00,"Quebec, Quebec",11.39.11,v44358838
1998,0.00,"Sherbrooke, Quebec",12.39.11,v44373872
1999,..,"Sherbrooke, Quebec",12.39.11,v44373872
2000,..,"Sherbrooke, Quebec",12.39.11,v44373872
2001,..,"Sherbrooke, Quebec",12.39.11,v44373872
2002,..,"Sherbrooke, Quebec",12.39.11,v44373872
2003,..,"Sherbrooke, Quebec",12.39.11,v44373872
2004,..,"Sherbrooke, Quebec",12.39.11,v44373872
2005,..,"Sherbrooke, Quebec",12.39.11,v44373872
2006,0.00,"Sherbrooke, Quebec",12.39.11,v44373872
2007,0.00,"Sherbrooke, Quebec",12.39.11,v44373872
2008,0.00,"Sherbrooke, Quebec",12.39.11,v44373872
2009,0.00,"Sherbrooke, Quebec",12.39.11,v44373872
2010,0.00,"Sherbrooke, Quebec",12.39.11,v44373872
2011,0.00,"Sherbrooke, Quebec",12.39.11,v44373872
2012,0.00,"Sherbrooke, Quebec",12.39.11,v44373872
2013,0.00,"Sherbrooke, Quebec",12.39.11,v44373872
2014,0.00,"Sherbrooke, Quebec",12.39.11,v44373872
2015,0.00,"Sherbrooke, Quebec",12.39.11,v44373872
1998,1.00,"Montreal, Quebec",14.39.11,v44401758
1999,0.00,"Montreal, Quebec",14.39.11,v44401758
2000,0.00,"Montreal, Quebec",14.39.11,v44401758
2001,0.00,"Montreal, Quebec",14.39.11,v44401758
2002,0.00,"Montreal, Quebec",14.39.11,v44401758
2003,0.00,"Montreal, Quebec",14.39.11,v44401758
2004,0.00,"Montreal, Quebec",14.39.11,v44401758
2005,0.00,"Montreal, Quebec",14.39.11,v44401758
2006,0.00,"Montreal, Quebec",14.39.11,v44401758
2007,0.00,"Montreal, Quebec",14.39.11,v44401758
2008,0.00,"Montreal, Quebec",14.39.11,v44401758
2009,0.00,"Montreal, Quebec",14.39.11,v44401758
2010,0.00,"Montreal, Quebec",14.39.11,v44401758
2011,0.00,"Montreal, Quebec",14.39.11,v44401758
2012,0.00,"Montreal, Quebec",14.39.11,v44401758
2013,0.00,"Montreal, Quebec",14.39.11,v44401758
2014,0.00,"Montreal, Quebec",14.39.11,v44401758
2015,0.00,"Montreal, Quebec",14.39.11,v44401758
1998,0.00,"Ottawa-Gatineau, Quebec part",15.39.11,v44328118
1999,0.00,"Ottawa-Gatineau, Quebec part",15.39.11,v44328118
2000,0.00,"Ottawa-Gatineau, Quebec part",15.39.11,v44328118
2001,..,"Ottawa-Gatineau, Quebec part",15.39.11,v44328118
2002,0.00,"Ottawa-Gatineau, Quebec part",15.39.11,v44328118
2003,..,"Ottawa-Gatineau, Quebec part",15.39.11,v44328118
2004,0.00,"Ottawa-Gatineau, Quebec part",15.39.11,v44328118
2005,0.00,"Ottawa-Gatineau, Quebec part",15.39.11,v44328118
2006,0.00,"Ottawa-Gatineau, Quebec part",15.39.11,v44328118
2007,0.00,"Ottawa-Gatineau, Quebec part",15.39.11,v44328118
2008,0.00,"Ottawa-Gatineau, Quebec part",15.39.11,v44328118
2009,0.00,"Ottawa-Gatineau, Quebec part",15.39.11,v44328118
2010,0.00,"Ottawa-Gatineau, Quebec part",15.39.11,v44328118
2011,0.00,"Ottawa-Gatineau, Quebec part",15.39.11,v44328118
2012,0.00,"Ottawa-Gatineau, Quebec part",15.39.11,v44328118
2013,0.00,"Ottawa-Gatineau, Quebec part",15.39.11,v44328118
2014,0.00,"Ottawa-Gatineau, Quebec part",15.39.11,v44328118
2015,0.00,"Ottawa-Gatineau, Quebec part",15.39.11,v44328118
1998,3.00,"Ontario",16.39.11,v44354627
1999,0.00,"Ontario",16.39.11,v44354627
2000,3.00,"Ontario",16.39.11,v44354627
2001,1.00,"Ontario",16.39.11,v44354627
2002,0.00,"Ontario",16.39.11,v44354627
2003,0.00,"Ontario",16.39.11,v44354627
2004,0.00,"Ontario",16.39.11,v44354627
2005,0.00,"Ontario",16.39.11,v44354627
2006,0.00,"Ontario",16.39.11,v44354627
2007,0.00,"Ontario",16.39.11,v44354627
2008,1.00,"Ontario",16.39.11,v44354627
2009,2.00,"Ontario",16.39.11,v44354627
2010,0.00,"Ontario",16.39.11,v44354627
2011,0.00,"Ontario",16.39.11,v44354627
2012,1.00,"Ontario",16.39.11,v44354627
2013,0.00,"Ontario",16.39.11,v44354627
2014,0.00,"Ontario",16.39.11,v44354627
2015,0.00,"Ontario",16.39.11,v44354627
1998,2.00,"Ottawa-Gatineau, Ontario/Quebec",17.39.11,v52147813
1999,0.00,"Ottawa-Gatineau, Ontario/Quebec",17.39.11,v52147813
2000,2.00,"Ottawa-Gatineau, Ontario/Quebec",17.39.11,v52147813
2001,0.00,"Ottawa-Gatineau, Ontario/Quebec",17.39.11,v52147813
2002,0.00,"Ottawa-Gatineau, Ontario/Quebec",17.39.11,v52147813
2003,0.00,"Ottawa-Gatineau, Ontario/Quebec",17.39.11,v52147813
2004,0.00,"Ottawa-Gatineau, Ontario/Quebec",17.39.11,v52147813
2005,0.00,"Ottawa-Gatineau, Ontario/Quebec",17.39.11,v52147813
2006,0.00,"Ottawa-Gatineau, Ontario/Quebec",17.39.11,v52147813
2007,0.00,"Ottawa-Gatineau, Ontario/Quebec",17.39.11,v52147813
2008,0.00,"Ottawa-Gatineau, Ontario/Quebec",17.39.11,v52147813
2009,0.00,"Ottawa-Gatineau, Ontario/Quebec",17.39.11,v52147813
2010,0.00,"Ottawa-Gatineau, Ontario/Quebec",17.39.11,v52147813
2011,0.00,"Ottawa-Gatineau, Ontario/Quebec",17.39.11,v52147813
2012,0.00,"Ottawa-Gatineau, Ontario/Quebec",17.39.11,v52147813
2013,0.00,"Ottawa-Gatineau, Ontario/Quebec",17.39.11,v52147813
2014,0.00,"Ottawa-Gatineau, Ontario/Quebec",17.39.11,v52147813
2015,0.00,"Ottawa-Gatineau, Ontario/Quebec",17.39.11,v52147813
1998,2.00,"Ottawa-Gatineau, Ontario part",18.39.11,v44339279
1999,0.00,"Ottawa-Gatineau, Ontario part",18.39.11,v44339279
2000,2.00,"Ottawa-Gatineau, Ontario part",18.39.11,v44339279
2001,0.00,"Ottawa-Gatineau, Ontario part",18.39.11,v44339279
2002,0.00,"Ottawa-Gatineau, Ontario part",18.39.11,v44339279
2003,0.00,"Ottawa-Gatineau, Ontario part",18.39.11,v44339279
2004,0.00,"Ottawa-Gatineau, Ontario part",18.39.11,v44339279
2005,0.00,"Ottawa-Gatineau, Ontario part",18.39.11,v44339279
2006,0.00,"Ottawa-Gatineau, Ontario part",18.39.11,v44339279
2007,0.00,"Ottawa-Gatineau, Ontario part",18.39.11,v44339279
2008,0.00,"Ottawa-Gatineau, Ontario part",18.39.11,v44339279
2009,0.00,"Ottawa-Gatineau, Ontario part",18.39.11,v44339279
2010,0.00,"Ottawa-Gatineau, Ontario part",18.39.11,v44339279
2011,0.00,"Ottawa-Gatineau, Ontario part",18.39.11,v44339279
2012,0.00,"Ottawa-Gatineau, Ontario part",18.39.11,v44339279
2013,0.00,"Ottawa-Gatineau, Ontario part",18.39.11,v44339279
2014,0.00,"Ottawa-Gatineau, Ontario part",18.39.11,v44339279
2015,0.00,"Ottawa-Gatineau, Ontario part",18.39.11,v44339279
2003,..,"Kingston, Ontario",27.39.11,v44366485
2004,0.00,"Kingston, Ontario",27.39.11,v44366485
2005,..,"Kingston, Ontario",27.39.11,v44366485
2006,0.00,"Kingston, Ontario",27.39.11,v44366485
2007,0.00,"Kingston, Ontario",27.39.11,v44366485
2008,0.00,"Kingston, Ontario",27.39.11,v44366485
2009,0.00,"Kingston, Ontario",27.39.11,v44366485
2010,0.00,"Kingston, Ontario",27.39.11,v44366485
2011,0.00,"Kingston, Ontario",27.39.11,v44366485
2012,0.00,"Kingston, Ontario",27.39.11,v44366485
2013,0.00,"Kingston, Ontario",27.39.11,v44366485
2014,0.00,"Kingston, Ontario",27.39.11,v44366485
2015,0.00,"Kingston, Ontario",27.39.11,v44366485
2006,0.00,"Peterborough, Ontario",44.39.11,v52122314
2007,0.00,"Peterborough, Ontario",44.39.11,v52122314
2008,0.00,"Peterborough, Ontario",44.39.11,v52122314
2009,0.00,"Peterborough, Ontario",44.39.11,v52122314
2010,0.00,"Peterborough, Ontario",44.39.11,v52122314
2011,0.00,"Peterborough, Ontario",44.39.11,v52122314
2012,0.00,"Peterborough, Ontario",44.39.11,v52122314
2013,0.00,"Peterborough, Ontario",44.39.11,v52122314
2014,0.00,"Peterborough, Ontario",44.39.11,v52122314
2015,0.00,"Peterborough, Ontario",44.39.11,v52122314
1998,0.00,"Toronto, Ontario",19.39.11,v44388665
1999,0.00,"Toronto, Ontario",19.39.11,v44388665
2000,1.00,"Toronto, Ontario",19.39.11,v44388665
2001,1.00,"Toronto, Ontario",19.39.11,v44388665
2002,0.00,"Toronto, Ontario",19.39.11,v44388665
2003,0.00,"Toronto, Ontario",19.39.11,v44388665
2004,0.00,"Toronto, Ontario",19.39.11,v44388665
2005,0.00,"Toronto, Ontario",19.39.11,v44388665
2006,0.00,"Toronto, Ontario",19.39.11,v44388665
2007,0.00,"Toronto, Ontario",19.39.11,v44388665
2008,1.00,"Toronto, Ontario",19.39.11,v44388665
2009,1.00,"Toronto, Ontario",19.39.11,v44388665
2010,0.00,"Toronto, Ontario",19.39.11,v44388665
2011,0.00,"Toronto, Ontario",19.39.11,v44388665
2012,1.00,"Toronto, Ontario",19.39.11,v44388665
2013,0.00,"Toronto, Ontario",19.39.11,v44388665
2014,0.00,"Toronto, Ontario",19.39.11,v44388665
2015,0.00,"Toronto, Ontario",19.39.11,v44388665
1998,0.00,"Hamilton, Ontario",20.39.11,v44406974
1999,0.00,"Hamilton, Ontario",20.39.11,v44406974
2000,0.00,"Hamilton, Ontario",20.39.11,v44406974
2001,0.00,"Hamilton, Ontario",20.39.11,v44406974
2002,0.00,"Hamilton, Ontario",20.39.11,v44406974
2003,0.00,"Hamilton, Ontario",20.39.11,v44406974
2004,0.00,"Hamilton, Ontario",20.39.11,v44406974
2005,0.00,"Hamilton, Ontario",20.39.11,v44406974
2006,0.00,"Hamilton, Ontario",20.39.11,v44406974
2007,0.00,"Hamilton, Ontario",20.39.11,v44406974
2008,0.00,"Hamilton, Ontario",20.39.11,v44406974
2009,0.00,"Hamilton, Ontario",20.39.11,v44406974
2010,0.00,"Hamilton, Ontario",20.39.11,v44406974
2011,0.00,"Hamilton, Ontario",20.39.11,v44406974
2012,0.00,"Hamilton, Ontario",20.39.11,v44406974
2013,0.00,"Hamilton, Ontario",20.39.11,v44406974
2014,0.00,"Hamilton, Ontario",20.39.11,v44406974
2015,0.00,"Hamilton, Ontario",20.39.11,v44406974
1998,..,"St.Catharines-Niagara, Ontario",21.39.11,v44389575
1999,0.00,"St.Catharines-Niagara, Ontario",21.39.11,v44389575
2000,..,"St.Catharines-Niagara, Ontario",21.39.11,v44389575
2001,..,"St.Catharines-Niagara, Ontario",21.39.11,v44389575
2002,..,"St.Catharines-Niagara, Ontario",21.39.11,v44389575
2003,0.00,"St.Catharines-Niagara, Ontario",21.39.11,v44389575
2004,0.00,"St.Catharines-Niagara, Ontario",21.39.11,v44389575
2005,..,"St.Catharines-Niagara, Ontario",21.39.11,v44389575
2006,0.00,"St.Catharines-Niagara, Ontario",21.39.11,v44389575
2007,0.00,"St.Catharines-Niagara, Ontario",21.39.11,v44389575
2008,0.00,"St.Catharines-Niagara, Ontario",21.39.11,v44389575
2009,0.00,"St.Catharines-Niagara, Ontario",21.39.11,v44389575
2010,0.00,"St.Catharines-Niagara, Ontario",21.39.11,v44389575
2011,0.00,"St.Catharines-Niagara, Ontario",21.39.11,v44389575
2012,0.00,"St.Catharines-Niagara, Ontario",21.39.11,v44389575
2013,0.00,"St.Catharines-Niagara, Ontario",21.39.11,v44389575
2014,0.00,"St.Catharines-Niagara, Ontario",21.39.11,v44389575
2015,0.00,"St.Catharines-Niagara, Ontario",21.39.11,v44389575
1998,0.00,"Kitchener-Cambridge-Waterloo, Ontario",22.39.11,v44358461
1999,0.00,"Kitchener-Cambridge-Waterloo, Ontario",22.39.11,v44358461
2000,0.00,"Kitchener-Cambridge-Waterloo, Ontario",22.39.11,v44358461
2001,0.00,"Kitchener-Cambridge-Waterloo, Ontario",22.39.11,v44358461
2002,0.00,"Kitchener-Cambridge-Waterloo, Ontario",22.39.11,v44358461
2003,0.00,"Kitchener-Cambridge-Waterloo, Ontario",22.39.11,v44358461
2004,0.00,"Kitchener-Cambridge-Waterloo, Ontario",22.39.11,v44358461
2005,0.00,"Kitchener-Cambridge-Waterloo, Ontario",22.39.11,v44358461
2006,0.00,"Kitchener-Cambridge-Waterloo, Ontario",22.39.11,v44358461
2007,0.00,"Kitchener-Cambridge-Waterloo, Ontario",22.39.11,v44358461
2008,0.00,"Kitchener-Cambridge-Waterloo, Ontario",22.39.11,v44358461
2009,1.00,"Kitchener-Cambridge-Waterloo, Ontario",22.39.11,v44358461
2010,0.00,"Kitchener-Cambridge-Waterloo, Ontario",22.39.11,v44358461
2011,0.00,"Kitchener-Cambridge-Waterloo, Ontario",22.39.11,v44358461
2012,0.00,"Kitchener-Cambridge-Waterloo, Ontario",22.39.11,v44358461
2013,0.00,"Kitchener-Cambridge-Waterloo, Ontario",22.39.11,v44358461
2014,0.00,"Kitchener-Cambridge-Waterloo, Ontario",22.39.11,v44358461
2015,0.00,"Kitchener-Cambridge-Waterloo, Ontario",22.39.11,v44358461
2006,0.00,"Brantford, Ontario",45.39.11,v52118936
2007,0.00,"Brantford, Ontario",45.39.11,v52118936
2008,0.00,"Brantford, Ontario",45.39.11,v52118936
2009,0.00,"Brantford, Ontario",45.39.11,v52118936
2010,0.00,"Brantford, Ontario",45.39.11,v52118936
2011,0.00,"Brantford, Ontario",45.39.11,v52118936
2012,0.00,"Brantford, Ontario",45.39.11,v52118936
2013,0.00,"Brantford, Ontario",45.39.11,v52118936
2014,0.00,"Brantford, Ontario",45.39.11,v52118936
2015,0.00,"Brantford, Ontario",45.39.11,v52118936
2005,..,"Guelph, Ontario",46.39.11,v52119384
2006,0.00,"Guelph, Ontario",46.39.11,v52119384
2007,0.00,"Guelph, Ontario",46.39.11,v52119384
2008,0.00,"Guelph, Ontario",46.39.11,v52119384
2009,0.00,"Guelph, Ontario",46.39.11,v52119384
2010,0.00,"Guelph, Ontario",46.39.11,v52119384
2011,0.00,"Guelph, Ontario",46.39.11,v52119384
2012,0.00,"Guelph, Ontario",46.39.11,v52119384
2013,0.00,"Guelph, Ontario",46.39.11,v52119384
2014,0.00,"Guelph, Ontario",46.39.11,v52119384
2015,0.00,"Guelph, Ontario",46.39.11,v52119384
1998,0.00,"London, Ontario",23.39.11,v44370177
1999,0.00,"London, Ontario",23.39.11,v44370177
2000,0.00,"London, Ontario",23.39.11,v44370177
2001,0.00,"London, Ontario",23.39.11,v44370177
2002,0.00,"London, Ontario",23.39.11,v44370177
2003,0.00,"London, Ontario",23.39.11,v44370177
2004,0.00,"London, Ontario",23.39.11,v44370177
2005,0.00,"London, Ontario",23.39.11,v44370177
2006,0.00,"London, Ontario",23.39.11,v44370177
2007,0.00,"London, Ontario",23.39.11,v44370177
2008,0.00,"London, Ontario",23.39.11,v44370177
2009,0.00,"London, Ontario",23.39.11,v44370177
2010,0.00,"London, Ontario",23.39.11,v44370177
2011,0.00,"London, Ontario",23.39.11,v44370177
2012,0.00,"London, Ontario",23.39.11,v44370177
2013,0.00,"London, Ontario",23.39.11,v44370177
2014,0.00,"London, Ontario",23.39.11,v44370177
2015,0.00,"London, Ontario",23.39.11,v44370177
1998,0.00,"Windsor, Ontario",24.39.11,v44415477
1999,0.00,"Windsor, Ontario",24.39.11,v44415477
2000,0.00,"Windsor, Ontario",24.39.11,v44415477
2001,0.00,"Windsor, Ontario",24.39.11,v44415477
2002,0.00,"Windsor, Ontario",24.39.11,v44415477
2003,0.00,"Windsor, Ontario",24.39.11,v44415477
2004,0.00,"Windsor, Ontario",24.39.11,v44415477
2005,0.00,"Windsor, Ontario",24.39.11,v44415477
2006,0.00,"Windsor, Ontario",24.39.11,v44415477
2007,0.00,"Windsor, Ontario",24.39.11,v44415477
2008,0.00,"Windsor, Ontario",24.39.11,v44415477
2009,0.00,"Windsor, Ontario",24.39.11,v44415477
2010,0.00,"Windsor, Ontario",24.39.11,v44415477
2011,0.00,"Windsor, Ontario",24.39.11,v44415477
2012,0.00,"Windsor, Ontario",24.39.11,v44415477
2013,0.00,"Windsor, Ontario",24.39.11,v44415477
2014,0.00,"Windsor, Ontario",24.39.11,v44415477
2015,0.00,"Windsor, Ontario",24.39.11,v44415477
2005,..,"Barrie, Ontario",47.39.11,v52144072
2006,0.00,"Barrie, Ontario",47.39.11,v52144072
2007,0.00,"Barrie, Ontario",47.39.11,v52144072
2008,0.00,"Barrie, Ontario",47.39.11,v52144072
2009,0.00,"Barrie, Ontario",47.39.11,v52144072
2010,0.00,"Barrie, Ontario",47.39.11,v52144072
2011,0.00,"Barrie, Ontario",47.39.11,v52144072
2012,0.00,"Barrie, Ontario",47.39.11,v52144072
2013,0.00,"Barrie, Ontario",47.39.11,v52144072
2014,0.00,"Barrie, Ontario",47.39.11,v52144072
2015,0.00,"Barrie, Ontario",47.39.11,v52144072
1998,0.00,"Sudbury, Ontario",25.39.11,v44395132
1999,..,"Sudbury, Ontario",25.39.11,v44395132
2000,..,"Sudbury, Ontario",25.39.11,v44395132
2001,0.00,"Sudbury, Ontario",25.39.11,v44395132
2002,..,"Sudbury, Ontario",25.39.11,v44395132
2003,..,"Sudbury, Ontario",25.39.11,v44395132
2004,..,"Sudbury, Ontario",25.39.11,v44395132
2005,0.00,"Sudbury, Ontario",25.39.11,v44395132
2006,0.00,"Sudbury, Ontario",25.39.11,v44395132
2007,0.00,"Sudbury, Ontario",25.39.11,v44395132
2008,0.00,"Sudbury, Ontario",25.39.11,v44395132
2009,0.00,"Sudbury, Ontario",25.39.11,v44395132
2010,0.00,"Sudbury, Ontario",25.39.11,v44395132
2011,0.00,"Sudbury, Ontario",25.39.11,v44395132
2012,0.00,"Sudbury, Ontario",25.39.11,v44395132
2013,0.00,"Sudbury, Ontario",25.39.11,v44395132
2014,0.00,"Sudbury, Ontario",25.39.11,v44395132
2015,0.00,"Sudbury, Ontario",25.39.11,v44395132
1998,0.00,"Thunder Bay, Ontario",26.39.11,v44375920
1999,0.00,"Thunder Bay, Ontario",26.39.11,v44375920
2000,0.00,"Thunder Bay, Ontario",26.39.11,v44375920
2001,0.00,"Thunder Bay, Ontario",26.39.11,v44375920
2002,0.00,"Thunder Bay, Ontario",26.39.11,v44375920
2003,0.00,"Thunder Bay, Ontario",26.39.11,v44375920
2004,0.00,"Thunder Bay, Ontario",26.39.11,v44375920
2005,0.00,"Thunder Bay, Ontario",26.39.11,v44375920
2006,0.00,"Thunder Bay, Ontario",26.39.11,v44375920
2007,0.00,"Thunder Bay, Ontario",26.39.11,v44375920
2008,0.00,"Thunder Bay, Ontario",26.39.11,v44375920
2009,0.00,"Thunder Bay, Ontario",26.39.11,v44375920
2010,0.00,"Thunder Bay, Ontario",26.39.11,v44375920
2011,0.00,"Thunder Bay, Ontario",26.39.11,v44375920
2012,0.00,"Thunder Bay, Ontario",26.39.11,v44375920
2013,0.00,"Thunder Bay, Ontario",26.39.11,v44375920
2014,0.00,"Thunder Bay, Ontario",26.39.11,v44375920
2015,0.00,"Thunder Bay, Ontario",26.39.11,v44375920
1998,0.00,"Manitoba",28.39.11,v44399470
1999,1.00,"Manitoba",28.39.11,v44399470
2000,0.00,"Manitoba",28.39.11,v44399470
2001,0.00,"Manitoba",28.39.11,v44399470
2002,0.00,"Manitoba",28.39.11,v44399470
2003,0.00,"Manitoba",28.39.11,v44399470
2004,1.00,"Manitoba",28.39.11,v44399470
2005,0.00,"Manitoba",28.39.11,v44399470
2006,0.00,"Manitoba",28.39.11,v44399470
2007,0.00,"Manitoba",28.39.11,v44399470
2008,0.00,"Manitoba",28.39.11,v44399470
2009,0.00,"Manitoba",28.39.11,v44399470
2010,0.00,"Manitoba",28.39.11,v44399470
2011,0.00,"Manitoba",28.39.11,v44399470
2012,0.00,"Manitoba",28.39.11,v44399470
2013,0.00,"Manitoba",28.39.11,v44399470
2014,0.00,"Manitoba",28.39.11,v44399470
2015,0.00,"Manitoba",28.39.11,v44399470
1998,0.00,"Winnipeg, Manitoba",29.39.11,v44337531
1999,0.00,"Winnipeg, Manitoba",29.39.11,v44337531
2000,0.00,"Winnipeg, Manitoba",29.39.11,v44337531
2001,0.00,"Winnipeg, Manitoba",29.39.11,v44337531
2002,0.00,"Winnipeg, Manitoba",29.39.11,v44337531
2003,0.00,"Winnipeg, Manitoba",29.39.11,v44337531
2004,0.00,"Winnipeg, Manitoba",29.39.11,v44337531
2005,0.00,"Winnipeg, Manitoba",29.39.11,v44337531
2006,0.00,"Winnipeg, Manitoba",29.39.11,v44337531
2007,0.00,"Winnipeg, Manitoba",29.39.11,v44337531
2008,0.00,"Winnipeg, Manitoba",29.39.11,v44337531
2009,0.00,"Winnipeg, Manitoba",29.39.11,v44337531
2010,0.00,"Winnipeg, Manitoba",29.39.11,v44337531
2011,0.00,"Winnipeg, Manitoba",29.39.11,v44337531
2012,0.00,"Winnipeg, Manitoba",29.39.11,v44337531
2013,0.00,"Winnipeg, Manitoba",29.39.11,v44337531
2014,0.00,"Winnipeg, Manitoba",29.39.11,v44337531
2015,0.00,"Winnipeg, Manitoba",29.39.11,v44337531
1998,0.00,"Saskatchewan",30.39.11,v44347914
1999,0.00,"Saskatchewan",30.39.11,v44347914
2000,0.00,"Saskatchewan",30.39.11,v44347914
2001,0.00,"Saskatchewan",30.39.11,v44347914
2002,0.00,"Saskatchewan",30.39.11,v44347914
2003,0.00,"Saskatchewan",30.39.11,v44347914
2004,0.00,"Saskatchewan",30.39.11,v44347914
2005,0.00,"Saskatchewan",30.39.11,v44347914
2006,1.00,"Saskatchewan",30.39.11,v44347914
2007,0.00,"Saskatchewan",30.39.11,v44347914
2008,0.00,"Saskatchewan",30.39.11,v44347914
2009,0.00,"Saskatchewan",30.39.11,v44347914
2010,0.00,"Saskatchewan",30.39.11,v44347914
2011,0.00,"Saskatchewan",30.39.11,v44347914
2012,2.00,"Saskatchewan",30.39.11,v44347914
2013,0.00,"Saskatchewan",30.39.11,v44347914
2014,0.00,"Saskatchewan",30.39.11,v44347914
2015,0.00,"Saskatchewan",30.39.11,v44347914
1998,0.00,"Regina, Saskatchewan",31.39.11,v44378688
1999,0.00,"Regina, Saskatchewan",31.39.11,v44378688
2000,0.00,"Regina, Saskatchewan",31.39.11,v44378688
2001,0.00,"Regina, Saskatchewan",31.39.11,v44378688
2002,0.00,"Regina, Saskatchewan",31.39.11,v44378688
2003,0.00,"Regina, Saskatchewan",31.39.11,v44378688
2004,0.00,"Regina, Saskatchewan",31.39.11,v44378688
2005,0.00,"Regina, Saskatchewan",31.39.11,v44378688
2006,0.00,"Regina, Saskatchewan",31.39.11,v44378688
2007,0.00,"Regina, Saskatchewan",31.39.11,v44378688
2008,0.00,"Regina, Saskatchewan",31.39.11,v44378688
2009,0.00,"Regina, Saskatchewan",31.39.11,v44378688
2010,0.00,"Regina, Saskatchewan",31.39.11,v44378688
2011,0.00,"Regina, Saskatchewan",31.39.11,v44378688
2012,0.00,"Regina, Saskatchewan",31.39.11,v44378688
2013,0.00,"Regina, Saskatchewan",31.39.11,v44378688
2014,0.00,"Regina, Saskatchewan",31.39.11,v44378688
2015,0.00,"Regina, Saskatchewan",31.39.11,v44378688
1998,0.00,"Saskatoon, Saskatchewan",32.39.11,v44382887
1999,0.00,"Saskatoon, Saskatchewan",32.39.11,v44382887
2000,0.00,"Saskatoon, Saskatchewan",32.39.11,v44382887
2001,0.00,"Saskatoon, Saskatchewan",32.39.11,v44382887
2002,0.00,"Saskatoon, Saskatchewan",32.39.11,v44382887
2003,0.00,"Saskatoon, Saskatchewan",32.39.11,v44382887
2004,0.00,"Saskatoon, Saskatchewan",32.39.11,v44382887
2005,0.00,"Saskatoon, Saskatchewan",32.39.11,v44382887
2006,1.00,"Saskatoon, Saskatchewan",32.39.11,v44382887
2007,0.00,"Saskatoon, Saskatchewan",32.39.11,v44382887
2008,0.00,"Saskatoon, Saskatchewan",32.39.11,v44382887
2009,0.00,"Saskatoon, Saskatchewan",32.39.11,v44382887
2010,0.00,"Saskatoon, Saskatchewan",32.39.11,v44382887
2011,0.00,"Saskatoon, Saskatchewan",32.39.11,v44382887
2012,0.00,"Saskatoon, Saskatchewan",32.39.11,v44382887
2013,0.00,"Saskatoon, Saskatchewan",32.39.11,v44382887
2014,0.00,"Saskatoon, Saskatchewan",32.39.11,v44382887
2015,0.00,"Saskatoon, Saskatchewan",32.39.11,v44382887
1998,0.00,"Alberta",33.39.11,v44358762
1999,0.00,"Alberta",33.39.11,v44358762
2000,0.00,"Alberta",33.39.11,v44358762
2001,0.00,"Alberta",33.39.11,v44358762
2002,0.00,"Alberta",33.39.11,v44358762
2003,1.00,"Alberta",33.39.11,v44358762
2004,1.00,"Alberta",33.39.11,v44358762
2005,0.00,"Alberta",33.39.11,v44358762
2006,1.00,"Alberta",33.39.11,v44358762
2007,0.00,"Alberta",33.39.11,v44358762
2008,0.00,"Alberta",33.39.11,v44358762
2009,0.00,"Alberta",33.39.11,v44358762
2010,0.00,"Alberta",33.39.11,v44358762
2011,0.00,"Alberta",33.39.11,v44358762
2012,0.00,"Alberta",33.39.11,v44358762
2013,0.00,"Alberta",33.39.11,v44358762
2014,0.00,"Alberta",33.39.11,v44358762
2015,0.00,"Alberta",33.39.11,v44358762
1998,0.00,"Calgary, Alberta",34.39.11,v44386897
1999,0.00,"Calgary, Alberta",34.39.11,v44386897
2000,0.00,"Calgary, Alberta",34.39.11,v44386897
2001,0.00,"Calgary, Alberta",34.39.11,v44386897
2002,0.00,"Calgary, Alberta",34.39.11,v44386897
2003,0.00,"Calgary, Alberta",34.39.11,v44386897
2004,0.00,"Calgary, Alberta",34.39.11,v44386897
2005,0.00,"Calgary, Alberta",34.39.11,v44386897
2006,0.00,"Calgary, Alberta",34.39.11,v44386897
2007,0.00,"Calgary, Alberta",34.39.11,v44386897
2008,0.00,"Calgary, Alberta",34.39.11,v44386897
2009,0.00,"Calgary, Alberta",34.39.11,v44386897
2010,0.00,"Calgary, Alberta",34.39.11,v44386897
2011,0.00,"Calgary, Alberta",34.39.11,v44386897
2012,0.00,"Calgary, Alberta",34.39.11,v44386897
2013,0.00,"Calgary, Alberta",34.39.11,v44386897
2014,0.00,"Calgary, Alberta",34.39.11,v44386897
2015,0.00,"Calgary, Alberta",34.39.11,v44386897
1998,0.00,"Edmonton, Alberta",35.39.11,v44349751
1999,0.00,"Edmonton, Alberta",35.39.11,v44349751
2000,0.00,"Edmonton, Alberta",35.39.11,v44349751
2001,0.00,"Edmonton, Alberta",35.39.11,v44349751
2002,0.00,"Edmonton, Alberta",35.39.11,v44349751
2003,0.00,"Edmonton, Alberta",35.39.11,v44349751
2004,0.00,"Edmonton, Alberta",35.39.11,v44349751
2005,0.00,"Edmonton, Alberta",35.39.11,v44349751
2006,0.00,"Edmonton, Alberta",35.39.11,v44349751
2007,0.00,"Edmonton, Alberta",35.39.11,v44349751
2008,0.00,"Edmonton, Alberta",35.39.11,v44349751
2009,0.00,"Edmonton, Alberta",35.39.11,v44349751
2010,0.00,"Edmonton, Alberta",35.39.11,v44349751
2011,0.00,"Edmonton, Alberta",35.39.11,v44349751
2012,0.00,"Edmonton, Alberta",35.39.11,v44349751
2013,0.00,"Edmonton, Alberta",35.39.11,v44349751
2014,0.00,"Edmonton, Alberta",35.39.11,v44349751
2015,0.00,"Edmonton, Alberta",35.39.11,v44349751
1998,0.00,"British Columbia",36.39.11,v44373616
1999,4.00,"British Columbia",36.39.11,v44373616
2000,1.00,"British Columbia",36.39.11,v44373616
2001,0.00,"British Columbia",36.39.11,v44373616
2002,0.00,"British Columbia",36.39.11,v44373616
2003,0.00,"British Columbia",36.39.11,v44373616
2004,0.00,"British Columbia",36.39.11,v44373616
2005,3.00,"British Columbia",36.39.11,v44373616
2006,0.00,"British Columbia",36.39.11,v44373616
2007,0.00,"British Columbia",36.39.11,v44373616
2008,0.00,"British Columbia",36.39.11,v44373616
2009,0.00,"British Columbia",36.39.11,v44373616
2010,0.00,"British Columbia",36.39.11,v44373616
2011,1.00,"British Columbia",36.39.11,v44373616
2012,0.00,"British Columbia",36.39.11,v44373616
2013,0.00,"British Columbia",36.39.11,v44373616
2014,0.00,"British Columbia",36.39.11,v44373616
2015,0.00,"British Columbia",36.39.11,v44373616
2006,0.00,"Kelowna, British Columbia",48.39.11,v52143341
2007,0.00,"Kelowna, British Columbia",48.39.11,v52143341
2008,0.00,"Kelowna, British Columbia",48.39.11,v52143341
2009,0.00,"Kelowna, British Columbia",48.39.11,v52143341
2010,0.00,"Kelowna, British Columbia",48.39.11,v52143341
2011,0.00,"Kelowna, British Columbia",48.39.11,v52143341
2012,0.00,"Kelowna, British Columbia",48.39.11,v52143341
2013,0.00,"Kelowna, British Columbia",48.39.11,v52143341
2014,0.00,"Kelowna, British Columbia",48.39.11,v52143341
2015,0.00,"Kelowna, British Columbia",48.39.11,v52143341
2000,..,"Abbotsford-Mission, British Columbia",39.39.11,v44373039
2001,0.00,"Abbotsford-Mission, British Columbia",39.39.11,v44373039
2002,0.00,"Abbotsford-Mission, British Columbia",39.39.11,v44373039
2003,0.00,"Abbotsford-Mission, British Columbia",39.39.11,v44373039
2004,..,"Abbotsford-Mission, British Columbia",39.39.11,v44373039
2005,0.00,"Abbotsford-Mission, British Columbia",39.39.11,v44373039
2006,0.00,"Abbotsford-Mission, British Columbia",39.39.11,v44373039
2007,0.00,"Abbotsford-Mission, British Columbia",39.39.11,v44373039
2008,0.00,"Abbotsford-Mission, British Columbia",39.39.11,v44373039
2009,0.00,"Abbotsford-Mission, British Columbia",39.39.11,v44373039
2010,0.00,"Abbotsford-Mission, British Columbia",39.39.11,v44373039
2011,0.00,"Abbotsford-Mission, British Columbia",39.39.11,v44373039
2012,0.00,"Abbotsford-Mission, British Columbia",39.39.11,v44373039
2013,0.00,"Abbotsford-Mission, British Columbia",39.39.11,v44373039
2014,0.00,"Abbotsford-Mission, British Columbia",39.39.11,v44373039
2015,0.00,"Abbotsford-Mission, British Columbia",39.39.11,v44373039
1998,0.00,"Vancouver, British Columbia",37.39.11,v44370814
1999,0.00,"Vancouver, British Columbia",37.39.11,v44370814
2000,0.00,"Vancouver, British Columbia",37.39.11,v44370814
2001,0.00,"Vancouver, British Columbia",37.39.11,v44370814
2002,0.00,"Vancouver, British Columbia",37.39.11,v44370814
2003,0.00,"Vancouver, British Columbia",37.39.11,v44370814
2004,0.00,"Vancouver, British Columbia",37.39.11,v44370814
2005,3.00,"Vancouver, British Columbia",37.39.11,v44370814
2006,0.00,"Vancouver, British Columbia",37.39.11,v44370814
2007,0.00,"Vancouver, British Columbia",37.39.11,v44370814
2008,0.00,"Vancouver, British Columbia",37.39.11,v44370814
2009,0.00,"Vancouver, British Columbia",37.39.11,v44370814
2010,0.00,"Vancouver, British Columbia",37.39.11,v44370814
2011,1.00,"Vancouver, British Columbia",37.39.11,v44370814
2012,0.00,"Vancouver, British Columbia",37.39.11,v44370814
2013,0.00,"Vancouver, British Columbia",37.39.11,v44370814
2014,0.00,"Vancouver, British Columbia",37.39.11,v44370814
2015,0.00,"Vancouver, British Columbia",37.39.11,v44370814
1998,0.00,"Victoria, British Columbia",38.39.11,v44373827
1999,0.00,"Victoria, British Columbia",38.39.11,v44373827
2000,0.00,"Victoria, British Columbia",38.39.11,v44373827
2001,0.00,"Victoria, British Columbia",38.39.11,v44373827
2002,0.00,"Victoria, British Columbia",38.39.11,v44373827
2003,0.00,"Victoria, British Columbia",38.39.11,v44373827
2004,0.00,"Victoria, British Columbia",38.39.11,v44373827
2005,0.00,"Victoria, British Columbia",38.39.11,v44373827
2006,0.00,"Victoria, British Columbia",38.39.11,v44373827
2007,0.00,"Victoria, British Columbia",38.39.11,v44373827
2008,0.00,"Victoria, British Columbia",38.39.11,v44373827
2009,0.00,"Victoria, British Columbia",38.39.11,v44373827
2010,0.00,"Victoria, British Columbia",38.39.11,v44373827
2011,0.00,"Victoria, British Columbia",38.39.11,v44373827
2012,0.00,"Victoria, British Columbia",38.39.11,v44373827
2013,0.00,"Victoria, British Columbia",38.39.11,v44373827
2014,0.00,"Victoria, British Columbia",38.39.11,v44373827
2015,0.00,"Victoria, British Columbia",38.39.11,v44373827
1998,0.00,"Yukon",40.39.11,v44351335
1999,0.00,"Yukon",40.39.11,v44351335
2000,0.00,"Yukon",40.39.11,v44351335
2001,0.00,"Yukon",40.39.11,v44351335
2002,0.00,"Yukon",40.39.11,v44351335
2003,0.00,"Yukon",40.39.11,v44351335
2004,0.00,"Yukon",40.39.11,v44351335
2005,..,"Yukon",40.39.11,v44351335
2006,0.00,"Yukon",40.39.11,v44351335
2007,0.00,"Yukon",40.39.11,v44351335
2008,0.00,"Yukon",40.39.11,v44351335
2009,0.00,"Yukon",40.39.11,v44351335
2010,0.00,"Yukon",40.39.11,v44351335
2011,0.00,"Yukon",40.39.11,v44351335
2012,0.00,"Yukon",40.39.11,v44351335
2013,0.00,"Yukon",40.39.11,v44351335
2014,0.00,"Yukon",40.39.11,v44351335
2015,0.00,"Yukon",40.39.11,v44351335
1998,0.00,"Northwest Territories",41.39.11,v44377555
1999,0.00,"Northwest Territories",41.39.11,v44377555
2000,0.00,"Northwest Territories",41.39.11,v44377555
2001,0.00,"Northwest Territories",41.39.11,v44377555
2002,0.00,"Northwest Territories",41.39.11,v44377555
2003,0.00,"Northwest Territories",41.39.11,v44377555
2004,0.00,"Northwest Territories",41.39.11,v44377555
2005,0.00,"Northwest Territories",41.39.11,v44377555
2006,0.00,"Northwest Territories",41.39.11,v44377555
2007,0.00,"Northwest Territories",41.39.11,v44377555
2008,0.00,"Northwest Territories",41.39.11,v44377555
2009,0.00,"Northwest Territories",41.39.11,v44377555
2010,0.00,"Northwest Territories",41.39.11,v44377555
2011,0.00,"Northwest Territories",41.39.11,v44377555
2012,0.00,"Northwest Territories",41.39.11,v44377555
2013,0.00,"Northwest Territories",41.39.11,v44377555
2014,0.00,"Northwest Territories",41.39.11,v44377555
2015,0.00,"Northwest Territories",41.39.11,v44377555
1998,..,"Nunavut",42.39.11,v44382179
1999,0.00,"Nunavut",42.39.11,v44382179
2000,..,"Nunavut",42.39.11,v44382179
2001,0.00,"Nunavut",42.39.11,v44382179
2002,..,"Nunavut",42.39.11,v44382179
2003,0.00,"Nunavut",42.39.11,v44382179
2004,0.00,"Nunavut",42.39.11,v44382179
2005,..,"Nunavut",42.39.11,v44382179
2006,0.00,"Nunavut",42.39.11,v44382179
2007,0.00,"Nunavut",42.39.11,v44382179
2008,0.00,"Nunavut",42.39.11,v44382179
2009,0.00,"Nunavut",42.39.11,v44382179
2010,0.00,"Nunavut",42.39.11,v44382179
2011,0.00,"Nunavut",42.39.11,v44382179
2012,0.00,"Nunavut",42.39.11,v44382179
2013,0.00,"Nunavut",42.39.11,v44382179
2014,0.00,"Nunavut",42.39.11,v44382179
2015,0.00,"Nunavut",42.39.11,v44382179
