1998,15.00,"Canada",1.96.1,v44364862
1999,50.00,"Canada",1.96.1,v44364862
2000,260.00,"Canada",1.96.1,v44364862
2001,800.00,"Canada",1.96.1,v44364862
2002,1139.00,"Canada",1.96.1,v44364862
2003,1056.00,"Canada",1.96.1,v44364862
2004,931.00,"Canada",1.96.1,v44364862
2005,773.00,"Canada",1.96.1,v44364862
2006,575.00,"Canada",1.96.1,v44364862
2007,556.00,"Canada",1.96.1,v44364862
2008,500.00,"Canada",1.96.1,v44364862
2009,435.00,"Canada",1.96.1,v44364862
2010,435.00,"Canada",1.96.1,v44364862
2011,420.00,"Canada",1.96.1,v44364862
2012,415.00,"Canada",1.96.1,v44364862
2013,303.00,"Canada",1.96.1,v44364862
2014,328.00,"Canada",1.96.1,v44364862
2015,275.00,"Canada",1.96.1,v44364862
1998,1.00,"Newfoundland and Labrador",2.96.1,v44332112
1999,0.00,"Newfoundland and Labrador",2.96.1,v44332112
2000,7.00,"Newfoundland and Labrador",2.96.1,v44332112
2001,45.00,"Newfoundland and Labrador",2.96.1,v44332112
2002,78.00,"Newfoundland and Labrador",2.96.1,v44332112
2003,50.00,"Newfoundland and Labrador",2.96.1,v44332112
2004,33.00,"Newfoundland and Labrador",2.96.1,v44332112
2005,38.00,"Newfoundland and Labrador",2.96.1,v44332112
2006,32.00,"Newfoundland and Labrador",2.96.1,v44332112
2007,80.00,"Newfoundland and Labrador",2.96.1,v44332112
2008,86.00,"Newfoundland and Labrador",2.96.1,v44332112
2009,56.00,"Newfoundland and Labrador",2.96.1,v44332112
2010,61.00,"Newfoundland and Labrador",2.96.1,v44332112
2011,62.00,"Newfoundland and Labrador",2.96.1,v44332112
2012,27.00,"Newfoundland and Labrador",2.96.1,v44332112
2013,41.00,"Newfoundland and Labrador",2.96.1,v44332112
2014,45.00,"Newfoundland and Labrador",2.96.1,v44332112
2015,24.00,"Newfoundland and Labrador",2.96.1,v44332112
1998,1.00,"St. John's, Newfoundland and Labrador",3.96.1,v44362713
1999,..,"St. John's, Newfoundland and Labrador",3.96.1,v44362713
2000,1.00,"St. John's, Newfoundland and Labrador",3.96.1,v44362713
2001,25.00,"St. John's, Newfoundland and Labrador",3.96.1,v44362713
2002,51.00,"St. John's, Newfoundland and Labrador",3.96.1,v44362713
2003,28.00,"St. John's, Newfoundland and Labrador",3.96.1,v44362713
2004,20.00,"St. John's, Newfoundland and Labrador",3.96.1,v44362713
2005,26.00,"St. John's, Newfoundland and Labrador",3.96.1,v44362713
2006,27.00,"St. John's, Newfoundland and Labrador",3.96.1,v44362713
2007,70.00,"St. John's, Newfoundland and Labrador",3.96.1,v44362713
2008,66.00,"St. John's, Newfoundland and Labrador",3.96.1,v44362713
2009,33.00,"St. John's, Newfoundland and Labrador",3.96.1,v44362713
2010,44.00,"St. John's, Newfoundland and Labrador",3.96.1,v44362713
2011,46.00,"St. John's, Newfoundland and Labrador",3.96.1,v44362713
2012,23.00,"St. John's, Newfoundland and Labrador",3.96.1,v44362713
2013,35.00,"St. John's, Newfoundland and Labrador",3.96.1,v44362713
2014,40.00,"St. John's, Newfoundland and Labrador",3.96.1,v44362713
2015,22.00,"St. John's, Newfoundland and Labrador",3.96.1,v44362713
1998,0.00,"Prince Edward Island",4.96.1,v44382112
1999,0.00,"Prince Edward Island",4.96.1,v44382112
2000,1.00,"Prince Edward Island",4.96.1,v44382112
2001,6.00,"Prince Edward Island",4.96.1,v44382112
2002,5.00,"Prince Edward Island",4.96.1,v44382112
2003,8.00,"Prince Edward Island",4.96.1,v44382112
2004,5.00,"Prince Edward Island",4.96.1,v44382112
2005,1.00,"Prince Edward Island",4.96.1,v44382112
2006,0.00,"Prince Edward Island",4.96.1,v44382112
2007,0.00,"Prince Edward Island",4.96.1,v44382112
2008,0.00,"Prince Edward Island",4.96.1,v44382112
2009,0.00,"Prince Edward Island",4.96.1,v44382112
2010,0.00,"Prince Edward Island",4.96.1,v44382112
2011,1.00,"Prince Edward Island",4.96.1,v44382112
2012,1.00,"Prince Edward Island",4.96.1,v44382112
2013,0.00,"Prince Edward Island",4.96.1,v44382112
2014,0.00,"Prince Edward Island",4.96.1,v44382112
2015,0.00,"Prince Edward Island",4.96.1,v44382112
1998,0.00,"Nova Scotia",5.96.1,v44393398
1999,2.00,"Nova Scotia",5.96.1,v44393398
2000,9.00,"Nova Scotia",5.96.1,v44393398
2001,40.00,"Nova Scotia",5.96.1,v44393398
2002,58.00,"Nova Scotia",5.96.1,v44393398
2003,61.00,"Nova Scotia",5.96.1,v44393398
2004,46.00,"Nova Scotia",5.96.1,v44393398
2005,27.00,"Nova Scotia",5.96.1,v44393398
2006,3.00,"Nova Scotia",5.96.1,v44393398
2007,6.00,"Nova Scotia",5.96.1,v44393398
2008,15.00,"Nova Scotia",5.96.1,v44393398
2009,2.00,"Nova Scotia",5.96.1,v44393398
2010,3.00,"Nova Scotia",5.96.1,v44393398
2011,7.00,"Nova Scotia",5.96.1,v44393398
2012,24.00,"Nova Scotia",5.96.1,v44393398
2013,11.00,"Nova Scotia",5.96.1,v44393398
2014,25.00,"Nova Scotia",5.96.1,v44393398
2015,9.00,"Nova Scotia",5.96.1,v44393398
1998,0.00,"Halifax, Nova Scotia",6.96.1,v44333257
1999,1.00,"Halifax, Nova Scotia",6.96.1,v44333257
2000,3.00,"Halifax, Nova Scotia",6.96.1,v44333257
2001,14.00,"Halifax, Nova Scotia",6.96.1,v44333257
2002,21.00,"Halifax, Nova Scotia",6.96.1,v44333257
2003,18.00,"Halifax, Nova Scotia",6.96.1,v44333257
2004,11.00,"Halifax, Nova Scotia",6.96.1,v44333257
2005,4.00,"Halifax, Nova Scotia",6.96.1,v44333257
2006,1.00,"Halifax, Nova Scotia",6.96.1,v44333257
2007,3.00,"Halifax, Nova Scotia",6.96.1,v44333257
2008,6.00,"Halifax, Nova Scotia",6.96.1,v44333257
2009,2.00,"Halifax, Nova Scotia",6.96.1,v44333257
2010,1.00,"Halifax, Nova Scotia",6.96.1,v44333257
2011,5.00,"Halifax, Nova Scotia",6.96.1,v44333257
2012,22.00,"Halifax, Nova Scotia",6.96.1,v44333257
2013,10.00,"Halifax, Nova Scotia",6.96.1,v44333257
2014,25.00,"Halifax, Nova Scotia",6.96.1,v44333257
2015,9.00,"Halifax, Nova Scotia",6.96.1,v44333257
1998,2.00,"New Brunswick",7.96.1,v44360238
1999,0.00,"New Brunswick",7.96.1,v44360238
2000,12.00,"New Brunswick",7.96.1,v44360238
2001,36.00,"New Brunswick",7.96.1,v44360238
2002,54.00,"New Brunswick",7.96.1,v44360238
2003,46.00,"New Brunswick",7.96.1,v44360238
2004,42.00,"New Brunswick",7.96.1,v44360238
2005,21.00,"New Brunswick",7.96.1,v44360238
2006,14.00,"New Brunswick",7.96.1,v44360238
2007,4.00,"New Brunswick",7.96.1,v44360238
2008,1.00,"New Brunswick",7.96.1,v44360238
2009,2.00,"New Brunswick",7.96.1,v44360238
2010,7.00,"New Brunswick",7.96.1,v44360238
2011,6.00,"New Brunswick",7.96.1,v44360238
2012,3.00,"New Brunswick",7.96.1,v44360238
2013,2.00,"New Brunswick",7.96.1,v44360238
2014,6.00,"New Brunswick",7.96.1,v44360238
2015,2.00,"New Brunswick",7.96.1,v44360238
2006,0.00,"Moncton, New Brunswick",43.96.1,v54049033
2007,0.00,"Moncton, New Brunswick",43.96.1,v54049033
2008,0.00,"Moncton, New Brunswick",43.96.1,v54049033
2009,0.00,"Moncton, New Brunswick",43.96.1,v54049033
2010,1.00,"Moncton, New Brunswick",43.96.1,v54049033
2011,0.00,"Moncton, New Brunswick",43.96.1,v54049033
2012,0.00,"Moncton, New Brunswick",43.96.1,v54049033
2013,0.00,"Moncton, New Brunswick",43.96.1,v54049033
2014,1.00,"Moncton, New Brunswick",43.96.1,v54049033
2015,0.00,"Moncton, New Brunswick",43.96.1,v54049033
1998,0.00,"Saint John, New Brunswick",8.96.1,v44336566
1999,0.00,"Saint John, New Brunswick",8.96.1,v44336566
2000,1.00,"Saint John, New Brunswick",8.96.1,v44336566
2001,4.00,"Saint John, New Brunswick",8.96.1,v44336566
2002,14.00,"Saint John, New Brunswick",8.96.1,v44336566
2003,6.00,"Saint John, New Brunswick",8.96.1,v44336566
2004,6.00,"Saint John, New Brunswick",8.96.1,v44336566
2005,3.00,"Saint John, New Brunswick",8.96.1,v44336566
2006,3.00,"Saint John, New Brunswick",8.96.1,v44336566
2007,1.00,"Saint John, New Brunswick",8.96.1,v44336566
2008,0.00,"Saint John, New Brunswick",8.96.1,v44336566
2009,0.00,"Saint John, New Brunswick",8.96.1,v44336566
2010,1.00,"Saint John, New Brunswick",8.96.1,v44336566
2011,1.00,"Saint John, New Brunswick",8.96.1,v44336566
2012,0.00,"Saint John, New Brunswick",8.96.1,v44336566
2013,0.00,"Saint John, New Brunswick",8.96.1,v44336566
2014,2.00,"Saint John, New Brunswick",8.96.1,v44336566
2015,2.00,"Saint John, New Brunswick",8.96.1,v44336566
1998,2.00,"Quebec",9.96.1,v44392400
1999,2.00,"Quebec",9.96.1,v44392400
2000,4.00,"Quebec",9.96.1,v44392400
2001,31.00,"Quebec",9.96.1,v44392400
2002,58.00,"Quebec",9.96.1,v44392400
2003,56.00,"Quebec",9.96.1,v44392400
2004,68.00,"Quebec",9.96.1,v44392400
2005,45.00,"Quebec",9.96.1,v44392400
2006,45.00,"Quebec",9.96.1,v44392400
2007,52.00,"Quebec",9.96.1,v44392400
2008,59.00,"Quebec",9.96.1,v44392400
2009,79.00,"Quebec",9.96.1,v44392400
2010,64.00,"Quebec",9.96.1,v44392400
2011,67.00,"Quebec",9.96.1,v44392400
2012,54.00,"Quebec",9.96.1,v44392400
2013,38.00,"Quebec",9.96.1,v44392400
2014,40.00,"Quebec",9.96.1,v44392400
2015,13.00,"Quebec",9.96.1,v44392400
1998,0.00,"Saguenay, Quebec",10.96.1,v44386096
1999,0.00,"Saguenay, Quebec",10.96.1,v44386096
2000,0.00,"Saguenay, Quebec",10.96.1,v44386096
2001,1.00,"Saguenay, Quebec",10.96.1,v44386096
2002,2.00,"Saguenay, Quebec",10.96.1,v44386096
2003,2.00,"Saguenay, Quebec",10.96.1,v44386096
2004,3.00,"Saguenay, Quebec",10.96.1,v44386096
2005,1.00,"Saguenay, Quebec",10.96.1,v44386096
2006,1.00,"Saguenay, Quebec",10.96.1,v44386096
2007,0.00,"Saguenay, Quebec",10.96.1,v44386096
2008,0.00,"Saguenay, Quebec",10.96.1,v44386096
2009,0.00,"Saguenay, Quebec",10.96.1,v44386096
2010,2.00,"Saguenay, Quebec",10.96.1,v44386096
2011,0.00,"Saguenay, Quebec",10.96.1,v44386096
2012,0.00,"Saguenay, Quebec",10.96.1,v44386096
2013,0.00,"Saguenay, Quebec",10.96.1,v44386096
2014,2.00,"Saguenay, Quebec",10.96.1,v44386096
2015,0.00,"Saguenay, Quebec",10.96.1,v44386096
1998,0.00,"Sherbrooke, Quebec",12.96.1,v44413793
1999,..,"Sherbrooke, Quebec",12.96.1,v44413793
2000,..,"Sherbrooke, Quebec",12.96.1,v44413793
2001,..,"Sherbrooke, Quebec",12.96.1,v44413793
2002,..,"Sherbrooke, Quebec",12.96.1,v44413793
2003,1.00,"Sherbrooke, Quebec",12.96.1,v44413793
2004,1.00,"Sherbrooke, Quebec",12.96.1,v44413793
2005,0.00,"Sherbrooke, Quebec",12.96.1,v44413793
2006,1.00,"Sherbrooke, Quebec",12.96.1,v44413793
2007,0.00,"Sherbrooke, Quebec",12.96.1,v44413793
2008,0.00,"Sherbrooke, Quebec",12.96.1,v44413793
2009,0.00,"Sherbrooke, Quebec",12.96.1,v44413793
2010,2.00,"Sherbrooke, Quebec",12.96.1,v44413793
2011,0.00,"Sherbrooke, Quebec",12.96.1,v44413793
2012,1.00,"Sherbrooke, Quebec",12.96.1,v44413793
2013,1.00,"Sherbrooke, Quebec",12.96.1,v44413793
2014,2.00,"Sherbrooke, Quebec",12.96.1,v44413793
2015,0.00,"Sherbrooke, Quebec",12.96.1,v44413793
1998,0.00,"Ottawa-Gatineau, Quebec part",15.96.1,v44334238
1999,0.00,"Ottawa-Gatineau, Quebec part",15.96.1,v44334238
2000,0.00,"Ottawa-Gatineau, Quebec part",15.96.1,v44334238
2001,1.00,"Ottawa-Gatineau, Quebec part",15.96.1,v44334238
2002,2.00,"Ottawa-Gatineau, Quebec part",15.96.1,v44334238
2003,2.00,"Ottawa-Gatineau, Quebec part",15.96.1,v44334238
2004,0.00,"Ottawa-Gatineau, Quebec part",15.96.1,v44334238
2005,5.00,"Ottawa-Gatineau, Quebec part",15.96.1,v44334238
2006,1.00,"Ottawa-Gatineau, Quebec part",15.96.1,v44334238
2007,3.00,"Ottawa-Gatineau, Quebec part",15.96.1,v44334238
2008,2.00,"Ottawa-Gatineau, Quebec part",15.96.1,v44334238
2009,0.00,"Ottawa-Gatineau, Quebec part",15.96.1,v44334238
2010,2.00,"Ottawa-Gatineau, Quebec part",15.96.1,v44334238
2011,2.00,"Ottawa-Gatineau, Quebec part",15.96.1,v44334238
2012,3.00,"Ottawa-Gatineau, Quebec part",15.96.1,v44334238
2013,1.00,"Ottawa-Gatineau, Quebec part",15.96.1,v44334238
2014,0.00,"Ottawa-Gatineau, Quebec part",15.96.1,v44334238
2015,0.00,"Ottawa-Gatineau, Quebec part",15.96.1,v44334238
1998,5.00,"Ontario",16.96.1,v44412627
1999,32.00,"Ontario",16.96.1,v44412627
2000,105.00,"Ontario",16.96.1,v44412627
2001,223.00,"Ontario",16.96.1,v44412627
2002,278.00,"Ontario",16.96.1,v44412627
2003,240.00,"Ontario",16.96.1,v44412627
2004,177.00,"Ontario",16.96.1,v44412627
2005,183.00,"Ontario",16.96.1,v44412627
2006,202.00,"Ontario",16.96.1,v44412627
2007,270.00,"Ontario",16.96.1,v44412627
2008,261.00,"Ontario",16.96.1,v44412627
2009,231.00,"Ontario",16.96.1,v44412627
2010,209.00,"Ontario",16.96.1,v44412627
2011,188.00,"Ontario",16.96.1,v44412627
2012,251.00,"Ontario",16.96.1,v44412627
2013,167.00,"Ontario",16.96.1,v44412627
2014,173.00,"Ontario",16.96.1,v44412627
2015,190.00,"Ontario",16.96.1,v44412627
1998,0.00,"Ottawa-Gatineau, Ontario/Quebec",17.96.1,v52148538
1999,9.00,"Ottawa-Gatineau, Ontario/Quebec",17.96.1,v52148538
2000,13.00,"Ottawa-Gatineau, Ontario/Quebec",17.96.1,v52148538
2001,36.00,"Ottawa-Gatineau, Ontario/Quebec",17.96.1,v52148538
2002,31.00,"Ottawa-Gatineau, Ontario/Quebec",17.96.1,v52148538
2003,7.00,"Ottawa-Gatineau, Ontario/Quebec",17.96.1,v52148538
2004,8.00,"Ottawa-Gatineau, Ontario/Quebec",17.96.1,v52148538
2005,10.00,"Ottawa-Gatineau, Ontario/Quebec",17.96.1,v52148538
2006,6.00,"Ottawa-Gatineau, Ontario/Quebec",17.96.1,v52148538
2007,16.00,"Ottawa-Gatineau, Ontario/Quebec",17.96.1,v52148538
2008,4.00,"Ottawa-Gatineau, Ontario/Quebec",17.96.1,v52148538
2009,5.00,"Ottawa-Gatineau, Ontario/Quebec",17.96.1,v52148538
2010,6.00,"Ottawa-Gatineau, Ontario/Quebec",17.96.1,v52148538
2011,4.00,"Ottawa-Gatineau, Ontario/Quebec",17.96.1,v52148538
2012,4.00,"Ottawa-Gatineau, Ontario/Quebec",17.96.1,v52148538
2013,2.00,"Ottawa-Gatineau, Ontario/Quebec",17.96.1,v52148538
2014,1.00,"Ottawa-Gatineau, Ontario/Quebec",17.96.1,v52148538
2015,4.00,"Ottawa-Gatineau, Ontario/Quebec",17.96.1,v52148538
1998,0.00,"Ottawa-Gatineau, Ontario part",18.96.1,v44352466
1999,9.00,"Ottawa-Gatineau, Ontario part",18.96.1,v44352466
2000,13.00,"Ottawa-Gatineau, Ontario part",18.96.1,v44352466
2001,35.00,"Ottawa-Gatineau, Ontario part",18.96.1,v44352466
2002,29.00,"Ottawa-Gatineau, Ontario part",18.96.1,v44352466
2003,5.00,"Ottawa-Gatineau, Ontario part",18.96.1,v44352466
2004,8.00,"Ottawa-Gatineau, Ontario part",18.96.1,v44352466
2005,5.00,"Ottawa-Gatineau, Ontario part",18.96.1,v44352466
2006,5.00,"Ottawa-Gatineau, Ontario part",18.96.1,v44352466
2007,13.00,"Ottawa-Gatineau, Ontario part",18.96.1,v44352466
2008,2.00,"Ottawa-Gatineau, Ontario part",18.96.1,v44352466
2009,5.00,"Ottawa-Gatineau, Ontario part",18.96.1,v44352466
2010,4.00,"Ottawa-Gatineau, Ontario part",18.96.1,v44352466
2011,2.00,"Ottawa-Gatineau, Ontario part",18.96.1,v44352466
2012,1.00,"Ottawa-Gatineau, Ontario part",18.96.1,v44352466
2013,1.00,"Ottawa-Gatineau, Ontario part",18.96.1,v44352466
2014,1.00,"Ottawa-Gatineau, Ontario part",18.96.1,v44352466
2015,4.00,"Ottawa-Gatineau, Ontario part",18.96.1,v44352466
2000,..,"Kingston, Ontario",27.96.1,v44381729
2001,2.00,"Kingston, Ontario",27.96.1,v44381729
2002,4.00,"Kingston, Ontario",27.96.1,v44381729
2003,3.00,"Kingston, Ontario",27.96.1,v44381729
2004,2.00,"Kingston, Ontario",27.96.1,v44381729
2005,4.00,"Kingston, Ontario",27.96.1,v44381729
2006,5.00,"Kingston, Ontario",27.96.1,v44381729
2007,5.00,"Kingston, Ontario",27.96.1,v44381729
2008,0.00,"Kingston, Ontario",27.96.1,v44381729
2009,7.00,"Kingston, Ontario",27.96.1,v44381729
2010,7.00,"Kingston, Ontario",27.96.1,v44381729
2011,0.00,"Kingston, Ontario",27.96.1,v44381729
2012,2.00,"Kingston, Ontario",27.96.1,v44381729
2013,5.00,"Kingston, Ontario",27.96.1,v44381729
2014,1.00,"Kingston, Ontario",27.96.1,v44381729
2015,13.00,"Kingston, Ontario",27.96.1,v44381729
2005,..,"Peterborough, Ontario",44.96.1,v52122702
2006,2.00,"Peterborough, Ontario",44.96.1,v52122702
2007,1.00,"Peterborough, Ontario",44.96.1,v52122702
2008,1.00,"Peterborough, Ontario",44.96.1,v52122702
2009,2.00,"Peterborough, Ontario",44.96.1,v52122702
2010,2.00,"Peterborough, Ontario",44.96.1,v52122702
2011,2.00,"Peterborough, Ontario",44.96.1,v52122702
2012,6.00,"Peterborough, Ontario",44.96.1,v52122702
2013,1.00,"Peterborough, Ontario",44.96.1,v52122702
2014,0.00,"Peterborough, Ontario",44.96.1,v52122702
2015,0.00,"Peterborough, Ontario",44.96.1,v52122702
1998,0.00,"Toronto, Ontario",19.96.1,v44399672
1999,3.00,"Toronto, Ontario",19.96.1,v44399672
2000,5.00,"Toronto, Ontario",19.96.1,v44399672
2001,9.00,"Toronto, Ontario",19.96.1,v44399672
2002,20.00,"Toronto, Ontario",19.96.1,v44399672
2003,65.00,"Toronto, Ontario",19.96.1,v44399672
2004,10.00,"Toronto, Ontario",19.96.1,v44399672
2005,11.00,"Toronto, Ontario",19.96.1,v44399672
2006,11.00,"Toronto, Ontario",19.96.1,v44399672
2007,30.00,"Toronto, Ontario",19.96.1,v44399672
2008,32.00,"Toronto, Ontario",19.96.1,v44399672
2009,40.00,"Toronto, Ontario",19.96.1,v44399672
2010,29.00,"Toronto, Ontario",19.96.1,v44399672
2011,21.00,"Toronto, Ontario",19.96.1,v44399672
2012,54.00,"Toronto, Ontario",19.96.1,v44399672
2013,15.00,"Toronto, Ontario",19.96.1,v44399672
2014,6.00,"Toronto, Ontario",19.96.1,v44399672
2015,14.00,"Toronto, Ontario",19.96.1,v44399672
1998,0.00,"Hamilton, Ontario",20.96.1,v44390878
1999,2.00,"Hamilton, Ontario",20.96.1,v44390878
2000,2.00,"Hamilton, Ontario",20.96.1,v44390878
2001,10.00,"Hamilton, Ontario",20.96.1,v44390878
2002,11.00,"Hamilton, Ontario",20.96.1,v44390878
2003,10.00,"Hamilton, Ontario",20.96.1,v44390878
2004,7.00,"Hamilton, Ontario",20.96.1,v44390878
2005,9.00,"Hamilton, Ontario",20.96.1,v44390878
2006,17.00,"Hamilton, Ontario",20.96.1,v44390878
2007,44.00,"Hamilton, Ontario",20.96.1,v44390878
2008,33.00,"Hamilton, Ontario",20.96.1,v44390878
2009,20.00,"Hamilton, Ontario",20.96.1,v44390878
2010,29.00,"Hamilton, Ontario",20.96.1,v44390878
2011,21.00,"Hamilton, Ontario",20.96.1,v44390878
2012,22.00,"Hamilton, Ontario",20.96.1,v44390878
2013,20.00,"Hamilton, Ontario",20.96.1,v44390878
2014,16.00,"Hamilton, Ontario",20.96.1,v44390878
2015,17.00,"Hamilton, Ontario",20.96.1,v44390878
1998,0.00,"St.Catharines-Niagara, Ontario",21.96.1,v44396745
1999,0.00,"St.Catharines-Niagara, Ontario",21.96.1,v44396745
2000,0.00,"St.Catharines-Niagara, Ontario",21.96.1,v44396745
2001,0.00,"St.Catharines-Niagara, Ontario",21.96.1,v44396745
2002,..,"St.Catharines-Niagara, Ontario",21.96.1,v44396745
2003,..,"St.Catharines-Niagara, Ontario",21.96.1,v44396745
2004,..,"St.Catharines-Niagara, Ontario",21.96.1,v44396745
2005,1.00,"St.Catharines-Niagara, Ontario",21.96.1,v44396745
2006,6.00,"St.Catharines-Niagara, Ontario",21.96.1,v44396745
2007,16.00,"St.Catharines-Niagara, Ontario",21.96.1,v44396745
2008,2.00,"St.Catharines-Niagara, Ontario",21.96.1,v44396745
2009,0.00,"St.Catharines-Niagara, Ontario",21.96.1,v44396745
2010,1.00,"St.Catharines-Niagara, Ontario",21.96.1,v44396745
2011,1.00,"St.Catharines-Niagara, Ontario",21.96.1,v44396745
2012,2.00,"St.Catharines-Niagara, Ontario",21.96.1,v44396745
2013,1.00,"St.Catharines-Niagara, Ontario",21.96.1,v44396745
2014,0.00,"St.Catharines-Niagara, Ontario",21.96.1,v44396745
2015,1.00,"St.Catharines-Niagara, Ontario",21.96.1,v44396745
1998,..,"Kitchener-Cambridge-Waterloo, Ontario",22.96.1,v44333149
1999,0.00,"Kitchener-Cambridge-Waterloo, Ontario",22.96.1,v44333149
2000,..,"Kitchener-Cambridge-Waterloo, Ontario",22.96.1,v44333149
2001,1.00,"Kitchener-Cambridge-Waterloo, Ontario",22.96.1,v44333149
2002,1.00,"Kitchener-Cambridge-Waterloo, Ontario",22.96.1,v44333149
2003,1.00,"Kitchener-Cambridge-Waterloo, Ontario",22.96.1,v44333149
2004,1.00,"Kitchener-Cambridge-Waterloo, Ontario",22.96.1,v44333149
2005,1.00,"Kitchener-Cambridge-Waterloo, Ontario",22.96.1,v44333149
2006,1.00,"Kitchener-Cambridge-Waterloo, Ontario",22.96.1,v44333149
2007,1.00,"Kitchener-Cambridge-Waterloo, Ontario",22.96.1,v44333149
2008,2.00,"Kitchener-Cambridge-Waterloo, Ontario",22.96.1,v44333149
2009,1.00,"Kitchener-Cambridge-Waterloo, Ontario",22.96.1,v44333149
2010,1.00,"Kitchener-Cambridge-Waterloo, Ontario",22.96.1,v44333149
2011,1.00,"Kitchener-Cambridge-Waterloo, Ontario",22.96.1,v44333149
2012,0.00,"Kitchener-Cambridge-Waterloo, Ontario",22.96.1,v44333149
2013,1.00,"Kitchener-Cambridge-Waterloo, Ontario",22.96.1,v44333149
2014,0.00,"Kitchener-Cambridge-Waterloo, Ontario",22.96.1,v44333149
2015,0.00,"Kitchener-Cambridge-Waterloo, Ontario",22.96.1,v44333149
2005,..,"Brantford, Ontario",45.96.1,v52119338
2006,2.00,"Brantford, Ontario",45.96.1,v52119338
2007,1.00,"Brantford, Ontario",45.96.1,v52119338
2008,2.00,"Brantford, Ontario",45.96.1,v52119338
2009,3.00,"Brantford, Ontario",45.96.1,v52119338
2010,3.00,"Brantford, Ontario",45.96.1,v52119338
2011,3.00,"Brantford, Ontario",45.96.1,v52119338
2012,3.00,"Brantford, Ontario",45.96.1,v52119338
2013,0.00,"Brantford, Ontario",45.96.1,v52119338
2014,2.00,"Brantford, Ontario",45.96.1,v52119338
2015,2.00,"Brantford, Ontario",45.96.1,v52119338
2005,..,"Guelph, Ontario",46.96.1,v52119782
2006,0.00,"Guelph, Ontario",46.96.1,v52119782
2007,0.00,"Guelph, Ontario",46.96.1,v52119782
2008,0.00,"Guelph, Ontario",46.96.1,v52119782
2009,1.00,"Guelph, Ontario",46.96.1,v52119782
2010,0.00,"Guelph, Ontario",46.96.1,v52119782
2011,1.00,"Guelph, Ontario",46.96.1,v52119782
2012,1.00,"Guelph, Ontario",46.96.1,v52119782
2013,0.00,"Guelph, Ontario",46.96.1,v52119782
2014,1.00,"Guelph, Ontario",46.96.1,v52119782
2015,0.00,"Guelph, Ontario",46.96.1,v52119782
1998,1.00,"London, Ontario",23.96.1,v44410106
1999,1.00,"London, Ontario",23.96.1,v44410106
2000,5.00,"London, Ontario",23.96.1,v44410106
2001,2.00,"London, Ontario",23.96.1,v44410106
2002,7.00,"London, Ontario",23.96.1,v44410106
2003,1.00,"London, Ontario",23.96.1,v44410106
2004,3.00,"London, Ontario",23.96.1,v44410106
2005,2.00,"London, Ontario",23.96.1,v44410106
2006,1.00,"London, Ontario",23.96.1,v44410106
2007,5.00,"London, Ontario",23.96.1,v44410106
2008,3.00,"London, Ontario",23.96.1,v44410106
2009,5.00,"London, Ontario",23.96.1,v44410106
2010,6.00,"London, Ontario",23.96.1,v44410106
2011,11.00,"London, Ontario",23.96.1,v44410106
2012,11.00,"London, Ontario",23.96.1,v44410106
2013,5.00,"London, Ontario",23.96.1,v44410106
2014,7.00,"London, Ontario",23.96.1,v44410106
2015,10.00,"London, Ontario",23.96.1,v44410106
1998,1.00,"Windsor, Ontario",24.96.1,v44384260
1999,0.00,"Windsor, Ontario",24.96.1,v44384260
2000,1.00,"Windsor, Ontario",24.96.1,v44384260
2001,6.00,"Windsor, Ontario",24.96.1,v44384260
2002,1.00,"Windsor, Ontario",24.96.1,v44384260
2003,2.00,"Windsor, Ontario",24.96.1,v44384260
2004,4.00,"Windsor, Ontario",24.96.1,v44384260
2005,14.00,"Windsor, Ontario",24.96.1,v44384260
2006,9.00,"Windsor, Ontario",24.96.1,v44384260
2007,3.00,"Windsor, Ontario",24.96.1,v44384260
2008,15.00,"Windsor, Ontario",24.96.1,v44384260
2009,9.00,"Windsor, Ontario",24.96.1,v44384260
2010,0.00,"Windsor, Ontario",24.96.1,v44384260
2011,9.00,"Windsor, Ontario",24.96.1,v44384260
2012,16.00,"Windsor, Ontario",24.96.1,v44384260
2013,7.00,"Windsor, Ontario",24.96.1,v44384260
2014,13.00,"Windsor, Ontario",24.96.1,v44384260
2015,5.00,"Windsor, Ontario",24.96.1,v44384260
2005,..,"Barrie, Ontario",47.96.1,v52145194
2006,38.00,"Barrie, Ontario",47.96.1,v52145194
2007,34.00,"Barrie, Ontario",47.96.1,v52145194
2008,27.00,"Barrie, Ontario",47.96.1,v52145194
2009,14.00,"Barrie, Ontario",47.96.1,v52145194
2010,16.00,"Barrie, Ontario",47.96.1,v52145194
2011,4.00,"Barrie, Ontario",47.96.1,v52145194
2012,14.00,"Barrie, Ontario",47.96.1,v52145194
2013,7.00,"Barrie, Ontario",47.96.1,v52145194
2014,13.00,"Barrie, Ontario",47.96.1,v52145194
2015,11.00,"Barrie, Ontario",47.96.1,v52145194
1998,0.00,"Sudbury, Ontario",25.96.1,v44396773
1999,0.00,"Sudbury, Ontario",25.96.1,v44396773
2000,1.00,"Sudbury, Ontario",25.96.1,v44396773
2001,1.00,"Sudbury, Ontario",25.96.1,v44396773
2002,1.00,"Sudbury, Ontario",25.96.1,v44396773
2003,0.00,"Sudbury, Ontario",25.96.1,v44396773
2004,1.00,"Sudbury, Ontario",25.96.1,v44396773
2005,1.00,"Sudbury, Ontario",25.96.1,v44396773
2006,0.00,"Sudbury, Ontario",25.96.1,v44396773
2007,0.00,"Sudbury, Ontario",25.96.1,v44396773
2008,0.00,"Sudbury, Ontario",25.96.1,v44396773
2009,0.00,"Sudbury, Ontario",25.96.1,v44396773
2010,0.00,"Sudbury, Ontario",25.96.1,v44396773
2011,0.00,"Sudbury, Ontario",25.96.1,v44396773
2012,0.00,"Sudbury, Ontario",25.96.1,v44396773
2013,0.00,"Sudbury, Ontario",25.96.1,v44396773
2014,0.00,"Sudbury, Ontario",25.96.1,v44396773
2015,0.00,"Sudbury, Ontario",25.96.1,v44396773
1998,0.00,"Thunder Bay, Ontario",26.96.1,v44361116
1999,0.00,"Thunder Bay, Ontario",26.96.1,v44361116
2000,2.00,"Thunder Bay, Ontario",26.96.1,v44361116
2001,0.00,"Thunder Bay, Ontario",26.96.1,v44361116
2002,1.00,"Thunder Bay, Ontario",26.96.1,v44361116
2003,1.00,"Thunder Bay, Ontario",26.96.1,v44361116
2004,0.00,"Thunder Bay, Ontario",26.96.1,v44361116
2005,1.00,"Thunder Bay, Ontario",26.96.1,v44361116
2006,0.00,"Thunder Bay, Ontario",26.96.1,v44361116
2007,1.00,"Thunder Bay, Ontario",26.96.1,v44361116
2008,0.00,"Thunder Bay, Ontario",26.96.1,v44361116
2009,1.00,"Thunder Bay, Ontario",26.96.1,v44361116
2010,0.00,"Thunder Bay, Ontario",26.96.1,v44361116
2011,2.00,"Thunder Bay, Ontario",26.96.1,v44361116
2012,0.00,"Thunder Bay, Ontario",26.96.1,v44361116
2013,0.00,"Thunder Bay, Ontario",26.96.1,v44361116
2014,0.00,"Thunder Bay, Ontario",26.96.1,v44361116
2015,0.00,"Thunder Bay, Ontario",26.96.1,v44361116
1998,1.00,"Manitoba",28.96.1,v44414343
1999,4.00,"Manitoba",28.96.1,v44414343
2000,28.00,"Manitoba",28.96.1,v44414343
2001,63.00,"Manitoba",28.96.1,v44414343
2002,91.00,"Manitoba",28.96.1,v44414343
2003,74.00,"Manitoba",28.96.1,v44414343
2004,72.00,"Manitoba",28.96.1,v44414343
2005,49.00,"Manitoba",28.96.1,v44414343
2006,17.00,"Manitoba",28.96.1,v44414343
2007,10.00,"Manitoba",28.96.1,v44414343
2008,12.00,"Manitoba",28.96.1,v44414343
2009,14.00,"Manitoba",28.96.1,v44414343
2010,16.00,"Manitoba",28.96.1,v44414343
2011,23.00,"Manitoba",28.96.1,v44414343
2012,9.00,"Manitoba",28.96.1,v44414343
2013,3.00,"Manitoba",28.96.1,v44414343
2014,2.00,"Manitoba",28.96.1,v44414343
2015,4.00,"Manitoba",28.96.1,v44414343
1998,1.00,"Winnipeg, Manitoba",29.96.1,v44407155
1999,4.00,"Winnipeg, Manitoba",29.96.1,v44407155
2000,0.00,"Winnipeg, Manitoba",29.96.1,v44407155
2001,2.00,"Winnipeg, Manitoba",29.96.1,v44407155
2002,2.00,"Winnipeg, Manitoba",29.96.1,v44407155
2003,2.00,"Winnipeg, Manitoba",29.96.1,v44407155
2004,6.00,"Winnipeg, Manitoba",29.96.1,v44407155
2005,6.00,"Winnipeg, Manitoba",29.96.1,v44407155
2006,8.00,"Winnipeg, Manitoba",29.96.1,v44407155
2007,1.00,"Winnipeg, Manitoba",29.96.1,v44407155
2008,1.00,"Winnipeg, Manitoba",29.96.1,v44407155
2009,6.00,"Winnipeg, Manitoba",29.96.1,v44407155
2010,10.00,"Winnipeg, Manitoba",29.96.1,v44407155
2011,10.00,"Winnipeg, Manitoba",29.96.1,v44407155
2012,3.00,"Winnipeg, Manitoba",29.96.1,v44407155
2013,1.00,"Winnipeg, Manitoba",29.96.1,v44407155
2014,0.00,"Winnipeg, Manitoba",29.96.1,v44407155
2015,1.00,"Winnipeg, Manitoba",29.96.1,v44407155
1998,2.00,"Saskatchewan",30.96.1,v44363786
1999,2.00,"Saskatchewan",30.96.1,v44363786
2000,13.00,"Saskatchewan",30.96.1,v44363786
2001,42.00,"Saskatchewan",30.96.1,v44363786
2002,67.00,"Saskatchewan",30.96.1,v44363786
2003,75.00,"Saskatchewan",30.96.1,v44363786
2004,69.00,"Saskatchewan",30.96.1,v44363786
2005,34.00,"Saskatchewan",30.96.1,v44363786
2006,18.00,"Saskatchewan",30.96.1,v44363786
2007,29.00,"Saskatchewan",30.96.1,v44363786
2008,22.00,"Saskatchewan",30.96.1,v44363786
2009,9.00,"Saskatchewan",30.96.1,v44363786
2010,10.00,"Saskatchewan",30.96.1,v44363786
2011,13.00,"Saskatchewan",30.96.1,v44363786
2012,13.00,"Saskatchewan",30.96.1,v44363786
2013,13.00,"Saskatchewan",30.96.1,v44363786
2014,13.00,"Saskatchewan",30.96.1,v44363786
2015,8.00,"Saskatchewan",30.96.1,v44363786
1998,0.00,"Regina, Saskatchewan",31.96.1,v44378928
1999,1.00,"Regina, Saskatchewan",31.96.1,v44378928
2000,0.00,"Regina, Saskatchewan",31.96.1,v44378928
2001,9.00,"Regina, Saskatchewan",31.96.1,v44378928
2002,3.00,"Regina, Saskatchewan",31.96.1,v44378928
2003,9.00,"Regina, Saskatchewan",31.96.1,v44378928
2004,2.00,"Regina, Saskatchewan",31.96.1,v44378928
2005,4.00,"Regina, Saskatchewan",31.96.1,v44378928
2006,1.00,"Regina, Saskatchewan",31.96.1,v44378928
2007,4.00,"Regina, Saskatchewan",31.96.1,v44378928
2008,3.00,"Regina, Saskatchewan",31.96.1,v44378928
2009,0.00,"Regina, Saskatchewan",31.96.1,v44378928
2010,0.00,"Regina, Saskatchewan",31.96.1,v44378928
2011,1.00,"Regina, Saskatchewan",31.96.1,v44378928
2012,2.00,"Regina, Saskatchewan",31.96.1,v44378928
2013,2.00,"Regina, Saskatchewan",31.96.1,v44378928
2014,1.00,"Regina, Saskatchewan",31.96.1,v44378928
2015,0.00,"Regina, Saskatchewan",31.96.1,v44378928
1998,1.00,"Saskatoon, Saskatchewan",32.96.1,v44370759
1999,0.00,"Saskatoon, Saskatchewan",32.96.1,v44370759
2000,2.00,"Saskatoon, Saskatchewan",32.96.1,v44370759
2001,0.00,"Saskatoon, Saskatchewan",32.96.1,v44370759
2002,1.00,"Saskatoon, Saskatchewan",32.96.1,v44370759
2003,1.00,"Saskatoon, Saskatchewan",32.96.1,v44370759
2004,3.00,"Saskatoon, Saskatchewan",32.96.1,v44370759
2005,6.00,"Saskatoon, Saskatchewan",32.96.1,v44370759
2006,3.00,"Saskatoon, Saskatchewan",32.96.1,v44370759
2007,3.00,"Saskatoon, Saskatchewan",32.96.1,v44370759
2008,6.00,"Saskatoon, Saskatchewan",32.96.1,v44370759
2009,0.00,"Saskatoon, Saskatchewan",32.96.1,v44370759
2010,0.00,"Saskatoon, Saskatchewan",32.96.1,v44370759
2011,2.00,"Saskatoon, Saskatchewan",32.96.1,v44370759
2012,1.00,"Saskatoon, Saskatchewan",32.96.1,v44370759
2013,0.00,"Saskatoon, Saskatchewan",32.96.1,v44370759
2014,1.00,"Saskatoon, Saskatchewan",32.96.1,v44370759
2015,0.00,"Saskatoon, Saskatchewan",32.96.1,v44370759
1998,0.00,"Alberta",33.96.1,v44381818
1999,1.00,"Alberta",33.96.1,v44381818
2000,25.00,"Alberta",33.96.1,v44381818
2001,100.00,"Alberta",33.96.1,v44381818
2002,153.00,"Alberta",33.96.1,v44381818
2003,140.00,"Alberta",33.96.1,v44381818
2004,149.00,"Alberta",33.96.1,v44381818
2005,91.00,"Alberta",33.96.1,v44381818
2006,21.00,"Alberta",33.96.1,v44381818
2007,12.00,"Alberta",33.96.1,v44381818
2008,10.00,"Alberta",33.96.1,v44381818
2009,5.00,"Alberta",33.96.1,v44381818
2010,9.00,"Alberta",33.96.1,v44381818
2011,9.00,"Alberta",33.96.1,v44381818
2012,2.00,"Alberta",33.96.1,v44381818
2013,11.00,"Alberta",33.96.1,v44381818
2014,4.00,"Alberta",33.96.1,v44381818
2015,7.00,"Alberta",33.96.1,v44381818
1998,0.00,"Calgary, Alberta",34.96.1,v44365890
1999,0.00,"Calgary, Alberta",34.96.1,v44365890
2000,2.00,"Calgary, Alberta",34.96.1,v44365890
2001,3.00,"Calgary, Alberta",34.96.1,v44365890
2002,5.00,"Calgary, Alberta",34.96.1,v44365890
2003,3.00,"Calgary, Alberta",34.96.1,v44365890
2004,10.00,"Calgary, Alberta",34.96.1,v44365890
2005,4.00,"Calgary, Alberta",34.96.1,v44365890
2006,1.00,"Calgary, Alberta",34.96.1,v44365890
2007,0.00,"Calgary, Alberta",34.96.1,v44365890
2008,1.00,"Calgary, Alberta",34.96.1,v44365890
2009,1.00,"Calgary, Alberta",34.96.1,v44365890
2010,2.00,"Calgary, Alberta",34.96.1,v44365890
2011,0.00,"Calgary, Alberta",34.96.1,v44365890
2012,1.00,"Calgary, Alberta",34.96.1,v44365890
2013,0.00,"Calgary, Alberta",34.96.1,v44365890
2014,1.00,"Calgary, Alberta",34.96.1,v44365890
2015,0.00,"Calgary, Alberta",34.96.1,v44365890
1998,0.00,"Edmonton, Alberta",35.96.1,v44416742
1999,1.00,"Edmonton, Alberta",35.96.1,v44416742
2000,7.00,"Edmonton, Alberta",35.96.1,v44416742
2001,18.00,"Edmonton, Alberta",35.96.1,v44416742
2002,26.00,"Edmonton, Alberta",35.96.1,v44416742
2003,40.00,"Edmonton, Alberta",35.96.1,v44416742
2004,30.00,"Edmonton, Alberta",35.96.1,v44416742
2005,16.00,"Edmonton, Alberta",35.96.1,v44416742
2006,2.00,"Edmonton, Alberta",35.96.1,v44416742
2007,2.00,"Edmonton, Alberta",35.96.1,v44416742
2008,1.00,"Edmonton, Alberta",35.96.1,v44416742
2009,0.00,"Edmonton, Alberta",35.96.1,v44416742
2010,2.00,"Edmonton, Alberta",35.96.1,v44416742
2011,7.00,"Edmonton, Alberta",35.96.1,v44416742
2012,0.00,"Edmonton, Alberta",35.96.1,v44416742
2013,8.00,"Edmonton, Alberta",35.96.1,v44416742
2014,1.00,"Edmonton, Alberta",35.96.1,v44416742
2015,3.00,"Edmonton, Alberta",35.96.1,v44416742
1998,2.00,"British Columbia",36.96.1,v44392197
1999,7.00,"British Columbia",36.96.1,v44392197
2000,51.00,"British Columbia",36.96.1,v44392197
2001,194.00,"British Columbia",36.96.1,v44392197
2002,275.00,"British Columbia",36.96.1,v44392197
2003,270.00,"British Columbia",36.96.1,v44392197
2004,251.00,"British Columbia",36.96.1,v44392197
2005,278.00,"British Columbia",36.96.1,v44392197
2006,222.00,"British Columbia",36.96.1,v44392197
2007,92.00,"British Columbia",36.96.1,v44392197
2008,34.00,"British Columbia",36.96.1,v44392197
2009,37.00,"British Columbia",36.96.1,v44392197
2010,56.00,"British Columbia",36.96.1,v44392197
2011,41.00,"British Columbia",36.96.1,v44392197
2012,31.00,"British Columbia",36.96.1,v44392197
2013,17.00,"British Columbia",36.96.1,v44392197
2014,17.00,"British Columbia",36.96.1,v44392197
2015,18.00,"British Columbia",36.96.1,v44392197
2005,..,"Kelowna, British Columbia",48.96.1,v52144281
2006,4.00,"Kelowna, British Columbia",48.96.1,v52144281
2007,5.00,"Kelowna, British Columbia",48.96.1,v52144281
2008,0.00,"Kelowna, British Columbia",48.96.1,v52144281
2009,0.00,"Kelowna, British Columbia",48.96.1,v52144281
2010,0.00,"Kelowna, British Columbia",48.96.1,v52144281
2011,1.00,"Kelowna, British Columbia",48.96.1,v52144281
2012,2.00,"Kelowna, British Columbia",48.96.1,v52144281
2013,1.00,"Kelowna, British Columbia",48.96.1,v52144281
2014,0.00,"Kelowna, British Columbia",48.96.1,v52144281
2015,0.00,"Kelowna, British Columbia",48.96.1,v52144281
2000,..,"Abbotsford-Mission, British Columbia",39.96.1,v44391088
2001,4.00,"Abbotsford-Mission, British Columbia",39.96.1,v44391088
2002,9.00,"Abbotsford-Mission, British Columbia",39.96.1,v44391088
2003,9.00,"Abbotsford-Mission, British Columbia",39.96.1,v44391088
2004,6.00,"Abbotsford-Mission, British Columbia",39.96.1,v44391088
2005,8.00,"Abbotsford-Mission, British Columbia",39.96.1,v44391088
2006,2.00,"Abbotsford-Mission, British Columbia",39.96.1,v44391088
2007,0.00,"Abbotsford-Mission, British Columbia",39.96.1,v44391088
2008,0.00,"Abbotsford-Mission, British Columbia",39.96.1,v44391088
2009,0.00,"Abbotsford-Mission, British Columbia",39.96.1,v44391088
2010,0.00,"Abbotsford-Mission, British Columbia",39.96.1,v44391088
2011,0.00,"Abbotsford-Mission, British Columbia",39.96.1,v44391088
2012,0.00,"Abbotsford-Mission, British Columbia",39.96.1,v44391088
2013,0.00,"Abbotsford-Mission, British Columbia",39.96.1,v44391088
2014,0.00,"Abbotsford-Mission, British Columbia",39.96.1,v44391088
2015,0.00,"Abbotsford-Mission, British Columbia",39.96.1,v44391088
1998,1.00,"Vancouver, British Columbia",37.96.1,v44351320
1999,5.00,"Vancouver, British Columbia",37.96.1,v44351320
2000,18.00,"Vancouver, British Columbia",37.96.1,v44351320
2001,68.00,"Vancouver, British Columbia",37.96.1,v44351320
2002,94.00,"Vancouver, British Columbia",37.96.1,v44351320
2003,121.00,"Vancouver, British Columbia",37.96.1,v44351320
2004,81.00,"Vancouver, British Columbia",37.96.1,v44351320
2005,137.00,"Vancouver, British Columbia",37.96.1,v44351320
2006,104.00,"Vancouver, British Columbia",37.96.1,v44351320
2007,7.00,"Vancouver, British Columbia",37.96.1,v44351320
2008,3.00,"Vancouver, British Columbia",37.96.1,v44351320
2009,4.00,"Vancouver, British Columbia",37.96.1,v44351320
2010,4.00,"Vancouver, British Columbia",37.96.1,v44351320
2011,2.00,"Vancouver, British Columbia",37.96.1,v44351320
2012,11.00,"Vancouver, British Columbia",37.96.1,v44351320
2013,3.00,"Vancouver, British Columbia",37.96.1,v44351320
2014,3.00,"Vancouver, British Columbia",37.96.1,v44351320
2015,5.00,"Vancouver, British Columbia",37.96.1,v44351320
1998,1.00,"Victoria, British Columbia",38.96.1,v44398103
1999,0.00,"Victoria, British Columbia",38.96.1,v44398103
2000,2.00,"Victoria, British Columbia",38.96.1,v44398103
2001,9.00,"Victoria, British Columbia",38.96.1,v44398103
2002,10.00,"Victoria, British Columbia",38.96.1,v44398103
2003,8.00,"Victoria, British Columbia",38.96.1,v44398103
2004,5.00,"Victoria, British Columbia",38.96.1,v44398103
2005,5.00,"Victoria, British Columbia",38.96.1,v44398103
2006,2.00,"Victoria, British Columbia",38.96.1,v44398103
2007,7.00,"Victoria, British Columbia",38.96.1,v44398103
2008,5.00,"Victoria, British Columbia",38.96.1,v44398103
2009,0.00,"Victoria, British Columbia",38.96.1,v44398103
2010,7.00,"Victoria, British Columbia",38.96.1,v44398103
2011,1.00,"Victoria, British Columbia",38.96.1,v44398103
2012,3.00,"Victoria, British Columbia",38.96.1,v44398103
2013,4.00,"Victoria, British Columbia",38.96.1,v44398103
2014,1.00,"Victoria, British Columbia",38.96.1,v44398103
2015,2.00,"Victoria, British Columbia",38.96.1,v44398103
1998,0.00,"Yukon",40.96.1,v44357227
1999,0.00,"Yukon",40.96.1,v44357227
2000,3.00,"Yukon",40.96.1,v44357227
2001,4.00,"Yukon",40.96.1,v44357227
2002,6.00,"Yukon",40.96.1,v44357227
2003,14.00,"Yukon",40.96.1,v44357227
2004,5.00,"Yukon",40.96.1,v44357227
2005,1.00,"Yukon",40.96.1,v44357227
2006,0.00,"Yukon",40.96.1,v44357227
2007,0.00,"Yukon",40.96.1,v44357227
2008,0.00,"Yukon",40.96.1,v44357227
2009,0.00,"Yukon",40.96.1,v44357227
2010,0.00,"Yukon",40.96.1,v44357227
2011,0.00,"Yukon",40.96.1,v44357227
2012,0.00,"Yukon",40.96.1,v44357227
2013,0.00,"Yukon",40.96.1,v44357227
2014,2.00,"Yukon",40.96.1,v44357227
2015,0.00,"Yukon",40.96.1,v44357227
1998,0.00,"Northwest Territories",41.96.1,v44410834
1999,0.00,"Northwest Territories",41.96.1,v44410834
2000,1.00,"Northwest Territories",41.96.1,v44410834
2001,8.00,"Northwest Territories",41.96.1,v44410834
2002,11.00,"Northwest Territories",41.96.1,v44410834
2003,14.00,"Northwest Territories",41.96.1,v44410834
2004,7.00,"Northwest Territories",41.96.1,v44410834
2005,4.00,"Northwest Territories",41.96.1,v44410834
2006,1.00,"Northwest Territories",41.96.1,v44410834
2007,1.00,"Northwest Territories",41.96.1,v44410834
2008,0.00,"Northwest Territories",41.96.1,v44410834
2009,0.00,"Northwest Territories",41.96.1,v44410834
2010,0.00,"Northwest Territories",41.96.1,v44410834
2011,1.00,"Northwest Territories",41.96.1,v44410834
2012,0.00,"Northwest Territories",41.96.1,v44410834
2013,0.00,"Northwest Territories",41.96.1,v44410834
2014,1.00,"Northwest Territories",41.96.1,v44410834
2015,0.00,"Northwest Territories",41.96.1,v44410834
1998,..,"Nunavut",42.96.1,v44352812
1999,0.00,"Nunavut",42.96.1,v44352812
2000,1.00,"Nunavut",42.96.1,v44352812
2001,8.00,"Nunavut",42.96.1,v44352812
2002,5.00,"Nunavut",42.96.1,v44352812
2003,8.00,"Nunavut",42.96.1,v44352812
2004,7.00,"Nunavut",42.96.1,v44352812
2005,1.00,"Nunavut",42.96.1,v44352812
2006,0.00,"Nunavut",42.96.1,v44352812
2007,0.00,"Nunavut",42.96.1,v44352812
2008,0.00,"Nunavut",42.96.1,v44352812
2009,0.00,"Nunavut",42.96.1,v44352812
2010,0.00,"Nunavut",42.96.1,v44352812
2011,2.00,"Nunavut",42.96.1,v44352812
2012,0.00,"Nunavut",42.96.1,v44352812
2013,0.00,"Nunavut",42.96.1,v44352812
2014,0.00,"Nunavut",42.96.1,v44352812
2015,0.00,"Nunavut",42.96.1,v44352812
