1998,1.00,"Canada",1.96.9,v44336947
1999,7.00,"Canada",1.96.9,v44336947
2000,11.00,"Canada",1.96.9,v44336947
2001,31.00,"Canada",1.96.9,v44336947
2002,93.00,"Canada",1.96.9,v44336947
2003,144.00,"Canada",1.96.9,v44336947
2004,114.00,"Canada",1.96.9,v44336947
2005,58.00,"Canada",1.96.9,v44336947
2006,31.00,"Canada",1.96.9,v44336947
2007,37.00,"Canada",1.96.9,v44336947
2008,37.00,"Canada",1.96.9,v44336947
2009,40.00,"Canada",1.96.9,v44336947
2010,51.00,"Canada",1.96.9,v44336947
2011,51.00,"Canada",1.96.9,v44336947
2012,38.00,"Canada",1.96.9,v44336947
2013,29.00,"Canada",1.96.9,v44336947
2014,31.00,"Canada",1.96.9,v44336947
2015,20.00,"Canada",1.96.9,v44336947
1998,0.00,"Newfoundland and Labrador",2.96.9,v44369505
1999,0.00,"Newfoundland and Labrador",2.96.9,v44369505
2000,0.00,"Newfoundland and Labrador",2.96.9,v44369505
2001,2.00,"Newfoundland and Labrador",2.96.9,v44369505
2002,3.00,"Newfoundland and Labrador",2.96.9,v44369505
2003,5.00,"Newfoundland and Labrador",2.96.9,v44369505
2004,2.00,"Newfoundland and Labrador",2.96.9,v44369505
2005,3.00,"Newfoundland and Labrador",2.96.9,v44369505
2006,0.00,"Newfoundland and Labrador",2.96.9,v44369505
2007,0.00,"Newfoundland and Labrador",2.96.9,v44369505
2008,0.00,"Newfoundland and Labrador",2.96.9,v44369505
2009,1.00,"Newfoundland and Labrador",2.96.9,v44369505
2010,4.00,"Newfoundland and Labrador",2.96.9,v44369505
2011,7.00,"Newfoundland and Labrador",2.96.9,v44369505
2012,2.00,"Newfoundland and Labrador",2.96.9,v44369505
2013,6.00,"Newfoundland and Labrador",2.96.9,v44369505
2014,5.00,"Newfoundland and Labrador",2.96.9,v44369505
2015,2.00,"Newfoundland and Labrador",2.96.9,v44369505
1998,0.00,"St. John's, Newfoundland and Labrador",3.96.9,v44332806
1999,..,"St. John's, Newfoundland and Labrador",3.96.9,v44332806
2000,0.00,"St. John's, Newfoundland and Labrador",3.96.9,v44332806
2001,0.00,"St. John's, Newfoundland and Labrador",3.96.9,v44332806
2002,1.00,"St. John's, Newfoundland and Labrador",3.96.9,v44332806
2003,0.00,"St. John's, Newfoundland and Labrador",3.96.9,v44332806
2004,0.00,"St. John's, Newfoundland and Labrador",3.96.9,v44332806
2005,1.00,"St. John's, Newfoundland and Labrador",3.96.9,v44332806
2006,0.00,"St. John's, Newfoundland and Labrador",3.96.9,v44332806
2007,0.00,"St. John's, Newfoundland and Labrador",3.96.9,v44332806
2008,0.00,"St. John's, Newfoundland and Labrador",3.96.9,v44332806
2009,1.00,"St. John's, Newfoundland and Labrador",3.96.9,v44332806
2010,4.00,"St. John's, Newfoundland and Labrador",3.96.9,v44332806
2011,7.00,"St. John's, Newfoundland and Labrador",3.96.9,v44332806
2012,2.00,"St. John's, Newfoundland and Labrador",3.96.9,v44332806
2013,5.00,"St. John's, Newfoundland and Labrador",3.96.9,v44332806
2014,5.00,"St. John's, Newfoundland and Labrador",3.96.9,v44332806
2015,2.00,"St. John's, Newfoundland and Labrador",3.96.9,v44332806
1998,0.00,"Prince Edward Island",4.96.9,v44413681
1999,0.00,"Prince Edward Island",4.96.9,v44413681
2000,0.00,"Prince Edward Island",4.96.9,v44413681
2001,0.00,"Prince Edward Island",4.96.9,v44413681
2002,0.00,"Prince Edward Island",4.96.9,v44413681
2003,1.00,"Prince Edward Island",4.96.9,v44413681
2004,0.00,"Prince Edward Island",4.96.9,v44413681
2005,0.00,"Prince Edward Island",4.96.9,v44413681
2006,0.00,"Prince Edward Island",4.96.9,v44413681
2007,0.00,"Prince Edward Island",4.96.9,v44413681
2008,0.00,"Prince Edward Island",4.96.9,v44413681
2009,0.00,"Prince Edward Island",4.96.9,v44413681
2010,0.00,"Prince Edward Island",4.96.9,v44413681
2011,0.00,"Prince Edward Island",4.96.9,v44413681
2012,0.00,"Prince Edward Island",4.96.9,v44413681
2013,0.00,"Prince Edward Island",4.96.9,v44413681
2014,0.00,"Prince Edward Island",4.96.9,v44413681
2015,0.00,"Prince Edward Island",4.96.9,v44413681
1998,0.00,"Nova Scotia",5.96.9,v44374860
1999,0.00,"Nova Scotia",5.96.9,v44374860
2000,0.00,"Nova Scotia",5.96.9,v44374860
2001,1.00,"Nova Scotia",5.96.9,v44374860
2002,6.00,"Nova Scotia",5.96.9,v44374860
2003,16.00,"Nova Scotia",5.96.9,v44374860
2004,7.00,"Nova Scotia",5.96.9,v44374860
2005,2.00,"Nova Scotia",5.96.9,v44374860
2006,0.00,"Nova Scotia",5.96.9,v44374860
2007,0.00,"Nova Scotia",5.96.9,v44374860
2008,0.00,"Nova Scotia",5.96.9,v44374860
2009,0.00,"Nova Scotia",5.96.9,v44374860
2010,1.00,"Nova Scotia",5.96.9,v44374860
2011,4.00,"Nova Scotia",5.96.9,v44374860
2012,2.00,"Nova Scotia",5.96.9,v44374860
2013,0.00,"Nova Scotia",5.96.9,v44374860
2014,0.00,"Nova Scotia",5.96.9,v44374860
2015,0.00,"Nova Scotia",5.96.9,v44374860
1998,0.00,"Halifax, Nova Scotia",6.96.9,v44408394
1999,0.00,"Halifax, Nova Scotia",6.96.9,v44408394
2000,0.00,"Halifax, Nova Scotia",6.96.9,v44408394
2001,0.00,"Halifax, Nova Scotia",6.96.9,v44408394
2002,1.00,"Halifax, Nova Scotia",6.96.9,v44408394
2003,1.00,"Halifax, Nova Scotia",6.96.9,v44408394
2004,1.00,"Halifax, Nova Scotia",6.96.9,v44408394
2005,1.00,"Halifax, Nova Scotia",6.96.9,v44408394
2006,0.00,"Halifax, Nova Scotia",6.96.9,v44408394
2007,0.00,"Halifax, Nova Scotia",6.96.9,v44408394
2008,0.00,"Halifax, Nova Scotia",6.96.9,v44408394
2009,0.00,"Halifax, Nova Scotia",6.96.9,v44408394
2010,0.00,"Halifax, Nova Scotia",6.96.9,v44408394
2011,2.00,"Halifax, Nova Scotia",6.96.9,v44408394
2012,0.00,"Halifax, Nova Scotia",6.96.9,v44408394
2013,0.00,"Halifax, Nova Scotia",6.96.9,v44408394
2014,0.00,"Halifax, Nova Scotia",6.96.9,v44408394
2015,0.00,"Halifax, Nova Scotia",6.96.9,v44408394
1998,0.00,"New Brunswick",7.96.9,v44326298
1999,0.00,"New Brunswick",7.96.9,v44326298
2000,5.00,"New Brunswick",7.96.9,v44326298
2001,7.00,"New Brunswick",7.96.9,v44326298
2002,9.00,"New Brunswick",7.96.9,v44326298
2003,13.00,"New Brunswick",7.96.9,v44326298
2004,10.00,"New Brunswick",7.96.9,v44326298
2005,4.00,"New Brunswick",7.96.9,v44326298
2006,2.00,"New Brunswick",7.96.9,v44326298
2007,3.00,"New Brunswick",7.96.9,v44326298
2008,0.00,"New Brunswick",7.96.9,v44326298
2009,0.00,"New Brunswick",7.96.9,v44326298
2010,2.00,"New Brunswick",7.96.9,v44326298
2011,0.00,"New Brunswick",7.96.9,v44326298
2012,1.00,"New Brunswick",7.96.9,v44326298
2013,0.00,"New Brunswick",7.96.9,v44326298
2014,1.00,"New Brunswick",7.96.9,v44326298
2015,0.00,"New Brunswick",7.96.9,v44326298
2006,0.00,"Moncton, New Brunswick",43.96.9,v62126341
2007,0.00,"Moncton, New Brunswick",43.96.9,v62126341
2008,0.00,"Moncton, New Brunswick",43.96.9,v62126341
2009,0.00,"Moncton, New Brunswick",43.96.9,v62126341
2010,0.00,"Moncton, New Brunswick",43.96.9,v62126341
2011,0.00,"Moncton, New Brunswick",43.96.9,v62126341
2012,0.00,"Moncton, New Brunswick",43.96.9,v62126341
2013,0.00,"Moncton, New Brunswick",43.96.9,v62126341
2014,0.00,"Moncton, New Brunswick",43.96.9,v62126341
2015,0.00,"Moncton, New Brunswick",43.96.9,v62126341
1998,0.00,"Saint John, New Brunswick",8.96.9,v44330558
1999,0.00,"Saint John, New Brunswick",8.96.9,v44330558
2000,0.00,"Saint John, New Brunswick",8.96.9,v44330558
2001,0.00,"Saint John, New Brunswick",8.96.9,v44330558
2002,0.00,"Saint John, New Brunswick",8.96.9,v44330558
2003,1.00,"Saint John, New Brunswick",8.96.9,v44330558
2004,2.00,"Saint John, New Brunswick",8.96.9,v44330558
2005,0.00,"Saint John, New Brunswick",8.96.9,v44330558
2006,0.00,"Saint John, New Brunswick",8.96.9,v44330558
2007,1.00,"Saint John, New Brunswick",8.96.9,v44330558
2008,0.00,"Saint John, New Brunswick",8.96.9,v44330558
2009,0.00,"Saint John, New Brunswick",8.96.9,v44330558
2010,1.00,"Saint John, New Brunswick",8.96.9,v44330558
2011,0.00,"Saint John, New Brunswick",8.96.9,v44330558
2012,0.00,"Saint John, New Brunswick",8.96.9,v44330558
2013,0.00,"Saint John, New Brunswick",8.96.9,v44330558
2014,0.00,"Saint John, New Brunswick",8.96.9,v44330558
2015,0.00,"Saint John, New Brunswick",8.96.9,v44330558
1998,1.00,"Quebec",9.96.9,v44364888
1999,1.00,"Quebec",9.96.9,v44364888
2000,1.00,"Quebec",9.96.9,v44364888
2001,6.00,"Quebec",9.96.9,v44364888
2002,25.00,"Quebec",9.96.9,v44364888
2003,31.00,"Quebec",9.96.9,v44364888
2004,26.00,"Quebec",9.96.9,v44364888
2005,19.00,"Quebec",9.96.9,v44364888
2006,14.00,"Quebec",9.96.9,v44364888
2007,17.00,"Quebec",9.96.9,v44364888
2008,22.00,"Quebec",9.96.9,v44364888
2009,21.00,"Quebec",9.96.9,v44364888
2010,26.00,"Quebec",9.96.9,v44364888
2011,21.00,"Quebec",9.96.9,v44364888
2012,23.00,"Quebec",9.96.9,v44364888
2013,15.00,"Quebec",9.96.9,v44364888
2014,12.00,"Quebec",9.96.9,v44364888
2015,5.00,"Quebec",9.96.9,v44364888
1998,0.00,"Saguenay, Quebec",10.96.9,v44415401
1999,0.00,"Saguenay, Quebec",10.96.9,v44415401
2000,0.00,"Saguenay, Quebec",10.96.9,v44415401
2001,0.00,"Saguenay, Quebec",10.96.9,v44415401
2002,2.00,"Saguenay, Quebec",10.96.9,v44415401
2003,1.00,"Saguenay, Quebec",10.96.9,v44415401
2004,3.00,"Saguenay, Quebec",10.96.9,v44415401
2005,0.00,"Saguenay, Quebec",10.96.9,v44415401
2006,0.00,"Saguenay, Quebec",10.96.9,v44415401
2007,0.00,"Saguenay, Quebec",10.96.9,v44415401
2008,0.00,"Saguenay, Quebec",10.96.9,v44415401
2009,0.00,"Saguenay, Quebec",10.96.9,v44415401
2010,2.00,"Saguenay, Quebec",10.96.9,v44415401
2011,0.00,"Saguenay, Quebec",10.96.9,v44415401
2012,0.00,"Saguenay, Quebec",10.96.9,v44415401
2013,0.00,"Saguenay, Quebec",10.96.9,v44415401
2014,1.00,"Saguenay, Quebec",10.96.9,v44415401
2015,1.00,"Saguenay, Quebec",10.96.9,v44415401
1998,0.00,"Sherbrooke, Quebec",12.96.9,v44349323
1999,..,"Sherbrooke, Quebec",12.96.9,v44349323
2000,..,"Sherbrooke, Quebec",12.96.9,v44349323
2001,..,"Sherbrooke, Quebec",12.96.9,v44349323
2002,..,"Sherbrooke, Quebec",12.96.9,v44349323
2003,1.00,"Sherbrooke, Quebec",12.96.9,v44349323
2004,1.00,"Sherbrooke, Quebec",12.96.9,v44349323
2005,0.00,"Sherbrooke, Quebec",12.96.9,v44349323
2006,0.00,"Sherbrooke, Quebec",12.96.9,v44349323
2007,0.00,"Sherbrooke, Quebec",12.96.9,v44349323
2008,0.00,"Sherbrooke, Quebec",12.96.9,v44349323
2009,0.00,"Sherbrooke, Quebec",12.96.9,v44349323
2010,1.00,"Sherbrooke, Quebec",12.96.9,v44349323
2011,0.00,"Sherbrooke, Quebec",12.96.9,v44349323
2012,0.00,"Sherbrooke, Quebec",12.96.9,v44349323
2013,0.00,"Sherbrooke, Quebec",12.96.9,v44349323
2014,0.00,"Sherbrooke, Quebec",12.96.9,v44349323
2015,0.00,"Sherbrooke, Quebec",12.96.9,v44349323
1998,0.00,"Ottawa-Gatineau, Quebec part",15.96.9,v44365975
1999,0.00,"Ottawa-Gatineau, Quebec part",15.96.9,v44365975
2000,0.00,"Ottawa-Gatineau, Quebec part",15.96.9,v44365975
2001,1.00,"Ottawa-Gatineau, Quebec part",15.96.9,v44365975
2002,1.00,"Ottawa-Gatineau, Quebec part",15.96.9,v44365975
2003,1.00,"Ottawa-Gatineau, Quebec part",15.96.9,v44365975
2004,0.00,"Ottawa-Gatineau, Quebec part",15.96.9,v44365975
2005,0.00,"Ottawa-Gatineau, Quebec part",15.96.9,v44365975
2006,0.00,"Ottawa-Gatineau, Quebec part",15.96.9,v44365975
2007,0.00,"Ottawa-Gatineau, Quebec part",15.96.9,v44365975
2008,0.00,"Ottawa-Gatineau, Quebec part",15.96.9,v44365975
2009,0.00,"Ottawa-Gatineau, Quebec part",15.96.9,v44365975
2010,1.00,"Ottawa-Gatineau, Quebec part",15.96.9,v44365975
2011,0.00,"Ottawa-Gatineau, Quebec part",15.96.9,v44365975
2012,0.00,"Ottawa-Gatineau, Quebec part",15.96.9,v44365975
2013,2.00,"Ottawa-Gatineau, Quebec part",15.96.9,v44365975
2014,0.00,"Ottawa-Gatineau, Quebec part",15.96.9,v44365975
2015,0.00,"Ottawa-Gatineau, Quebec part",15.96.9,v44365975
1998,0.00,"Ontario",16.96.9,v44354577
1999,3.00,"Ontario",16.96.9,v44354577
2000,4.00,"Ontario",16.96.9,v44354577
2001,4.00,"Ontario",16.96.9,v44354577
2002,17.00,"Ontario",16.96.9,v44354577
2003,12.00,"Ontario",16.96.9,v44354577
2004,5.00,"Ontario",16.96.9,v44354577
2005,11.00,"Ontario",16.96.9,v44354577
2006,7.00,"Ontario",16.96.9,v44354577
2007,10.00,"Ontario",16.96.9,v44354577
2008,9.00,"Ontario",16.96.9,v44354577
2009,9.00,"Ontario",16.96.9,v44354577
2010,13.00,"Ontario",16.96.9,v44354577
2011,10.00,"Ontario",16.96.9,v44354577
2012,6.00,"Ontario",16.96.9,v44354577
2013,5.00,"Ontario",16.96.9,v44354577
2014,7.00,"Ontario",16.96.9,v44354577
2015,7.00,"Ontario",16.96.9,v44354577
1998,0.00,"Ottawa-Gatineau, Ontario/Quebec",17.96.9,v52148549
1999,2.00,"Ottawa-Gatineau, Ontario/Quebec",17.96.9,v52148549
2000,0.00,"Ottawa-Gatineau, Ontario/Quebec",17.96.9,v52148549
2001,2.00,"Ottawa-Gatineau, Ontario/Quebec",17.96.9,v52148549
2002,1.00,"Ottawa-Gatineau, Ontario/Quebec",17.96.9,v52148549
2003,1.00,"Ottawa-Gatineau, Ontario/Quebec",17.96.9,v52148549
2004,0.00,"Ottawa-Gatineau, Ontario/Quebec",17.96.9,v52148549
2005,0.00,"Ottawa-Gatineau, Ontario/Quebec",17.96.9,v52148549
2006,0.00,"Ottawa-Gatineau, Ontario/Quebec",17.96.9,v52148549
2007,1.00,"Ottawa-Gatineau, Ontario/Quebec",17.96.9,v52148549
2008,0.00,"Ottawa-Gatineau, Ontario/Quebec",17.96.9,v52148549
2009,0.00,"Ottawa-Gatineau, Ontario/Quebec",17.96.9,v52148549
2010,1.00,"Ottawa-Gatineau, Ontario/Quebec",17.96.9,v52148549
2011,0.00,"Ottawa-Gatineau, Ontario/Quebec",17.96.9,v52148549
2012,0.00,"Ottawa-Gatineau, Ontario/Quebec",17.96.9,v52148549
2013,2.00,"Ottawa-Gatineau, Ontario/Quebec",17.96.9,v52148549
2014,0.00,"Ottawa-Gatineau, Ontario/Quebec",17.96.9,v52148549
2015,0.00,"Ottawa-Gatineau, Ontario/Quebec",17.96.9,v52148549
1998,0.00,"Ottawa-Gatineau, Ontario part",18.96.9,v44384719
1999,2.00,"Ottawa-Gatineau, Ontario part",18.96.9,v44384719
2000,0.00,"Ottawa-Gatineau, Ontario part",18.96.9,v44384719
2001,1.00,"Ottawa-Gatineau, Ontario part",18.96.9,v44384719
2002,0.00,"Ottawa-Gatineau, Ontario part",18.96.9,v44384719
2003,0.00,"Ottawa-Gatineau, Ontario part",18.96.9,v44384719
2004,0.00,"Ottawa-Gatineau, Ontario part",18.96.9,v44384719
2005,0.00,"Ottawa-Gatineau, Ontario part",18.96.9,v44384719
2006,0.00,"Ottawa-Gatineau, Ontario part",18.96.9,v44384719
2007,1.00,"Ottawa-Gatineau, Ontario part",18.96.9,v44384719
2008,0.00,"Ottawa-Gatineau, Ontario part",18.96.9,v44384719
2009,0.00,"Ottawa-Gatineau, Ontario part",18.96.9,v44384719
2010,0.00,"Ottawa-Gatineau, Ontario part",18.96.9,v44384719
2011,0.00,"Ottawa-Gatineau, Ontario part",18.96.9,v44384719
2012,0.00,"Ottawa-Gatineau, Ontario part",18.96.9,v44384719
2013,0.00,"Ottawa-Gatineau, Ontario part",18.96.9,v44384719
2014,0.00,"Ottawa-Gatineau, Ontario part",18.96.9,v44384719
2015,0.00,"Ottawa-Gatineau, Ontario part",18.96.9,v44384719
2000,..,"Kingston, Ontario",27.96.9,v44368073
2001,0.00,"Kingston, Ontario",27.96.9,v44368073
2002,0.00,"Kingston, Ontario",27.96.9,v44368073
2003,0.00,"Kingston, Ontario",27.96.9,v44368073
2004,0.00,"Kingston, Ontario",27.96.9,v44368073
2005,0.00,"Kingston, Ontario",27.96.9,v44368073
2006,0.00,"Kingston, Ontario",27.96.9,v44368073
2007,0.00,"Kingston, Ontario",27.96.9,v44368073
2008,0.00,"Kingston, Ontario",27.96.9,v44368073
2009,0.00,"Kingston, Ontario",27.96.9,v44368073
2010,0.00,"Kingston, Ontario",27.96.9,v44368073
2011,0.00,"Kingston, Ontario",27.96.9,v44368073
2012,0.00,"Kingston, Ontario",27.96.9,v44368073
2013,0.00,"Kingston, Ontario",27.96.9,v44368073
2014,0.00,"Kingston, Ontario",27.96.9,v44368073
2015,0.00,"Kingston, Ontario",27.96.9,v44368073
2005,..,"Peterborough, Ontario",44.96.9,v52122703
2006,0.00,"Peterborough, Ontario",44.96.9,v52122703
2007,0.00,"Peterborough, Ontario",44.96.9,v52122703
2008,0.00,"Peterborough, Ontario",44.96.9,v52122703
2009,0.00,"Peterborough, Ontario",44.96.9,v52122703
2010,0.00,"Peterborough, Ontario",44.96.9,v52122703
2011,1.00,"Peterborough, Ontario",44.96.9,v52122703
2012,0.00,"Peterborough, Ontario",44.96.9,v52122703
2013,0.00,"Peterborough, Ontario",44.96.9,v52122703
2014,0.00,"Peterborough, Ontario",44.96.9,v52122703
2015,0.00,"Peterborough, Ontario",44.96.9,v52122703
1998,0.00,"Toronto, Ontario",19.96.9,v44384855
1999,0.00,"Toronto, Ontario",19.96.9,v44384855
2000,1.00,"Toronto, Ontario",19.96.9,v44384855
2001,0.00,"Toronto, Ontario",19.96.9,v44384855
2002,1.00,"Toronto, Ontario",19.96.9,v44384855
2003,6.00,"Toronto, Ontario",19.96.9,v44384855
2004,0.00,"Toronto, Ontario",19.96.9,v44384855
2005,0.00,"Toronto, Ontario",19.96.9,v44384855
2006,1.00,"Toronto, Ontario",19.96.9,v44384855
2007,1.00,"Toronto, Ontario",19.96.9,v44384855
2008,2.00,"Toronto, Ontario",19.96.9,v44384855
2009,1.00,"Toronto, Ontario",19.96.9,v44384855
2010,3.00,"Toronto, Ontario",19.96.9,v44384855
2011,2.00,"Toronto, Ontario",19.96.9,v44384855
2012,0.00,"Toronto, Ontario",19.96.9,v44384855
2013,0.00,"Toronto, Ontario",19.96.9,v44384855
2014,0.00,"Toronto, Ontario",19.96.9,v44384855
2015,0.00,"Toronto, Ontario",19.96.9,v44384855
1998,0.00,"Hamilton, Ontario",20.96.9,v44417676
1999,1.00,"Hamilton, Ontario",20.96.9,v44417676
2000,0.00,"Hamilton, Ontario",20.96.9,v44417676
2001,0.00,"Hamilton, Ontario",20.96.9,v44417676
2002,0.00,"Hamilton, Ontario",20.96.9,v44417676
2003,0.00,"Hamilton, Ontario",20.96.9,v44417676
2004,0.00,"Hamilton, Ontario",20.96.9,v44417676
2005,0.00,"Hamilton, Ontario",20.96.9,v44417676
2006,0.00,"Hamilton, Ontario",20.96.9,v44417676
2007,1.00,"Hamilton, Ontario",20.96.9,v44417676
2008,0.00,"Hamilton, Ontario",20.96.9,v44417676
2009,0.00,"Hamilton, Ontario",20.96.9,v44417676
2010,0.00,"Hamilton, Ontario",20.96.9,v44417676
2011,0.00,"Hamilton, Ontario",20.96.9,v44417676
2012,0.00,"Hamilton, Ontario",20.96.9,v44417676
2013,0.00,"Hamilton, Ontario",20.96.9,v44417676
2014,2.00,"Hamilton, Ontario",20.96.9,v44417676
2015,0.00,"Hamilton, Ontario",20.96.9,v44417676
1998,0.00,"St.Catharines-Niagara, Ontario",21.96.9,v44378143
1999,0.00,"St.Catharines-Niagara, Ontario",21.96.9,v44378143
2000,0.00,"St.Catharines-Niagara, Ontario",21.96.9,v44378143
2001,0.00,"St.Catharines-Niagara, Ontario",21.96.9,v44378143
2002,..,"St.Catharines-Niagara, Ontario",21.96.9,v44378143
2003,..,"St.Catharines-Niagara, Ontario",21.96.9,v44378143
2004,..,"St.Catharines-Niagara, Ontario",21.96.9,v44378143
2005,0.00,"St.Catharines-Niagara, Ontario",21.96.9,v44378143
2006,0.00,"St.Catharines-Niagara, Ontario",21.96.9,v44378143
2007,0.00,"St.Catharines-Niagara, Ontario",21.96.9,v44378143
2008,0.00,"St.Catharines-Niagara, Ontario",21.96.9,v44378143
2009,0.00,"St.Catharines-Niagara, Ontario",21.96.9,v44378143
2010,0.00,"St.Catharines-Niagara, Ontario",21.96.9,v44378143
2011,0.00,"St.Catharines-Niagara, Ontario",21.96.9,v44378143
2012,0.00,"St.Catharines-Niagara, Ontario",21.96.9,v44378143
2013,0.00,"St.Catharines-Niagara, Ontario",21.96.9,v44378143
2014,0.00,"St.Catharines-Niagara, Ontario",21.96.9,v44378143
2015,0.00,"St.Catharines-Niagara, Ontario",21.96.9,v44378143
1998,..,"Kitchener-Cambridge-Waterloo, Ontario",22.96.9,v44342451
1999,0.00,"Kitchener-Cambridge-Waterloo, Ontario",22.96.9,v44342451
2000,..,"Kitchener-Cambridge-Waterloo, Ontario",22.96.9,v44342451
2001,1.00,"Kitchener-Cambridge-Waterloo, Ontario",22.96.9,v44342451
2002,0.00,"Kitchener-Cambridge-Waterloo, Ontario",22.96.9,v44342451
2003,0.00,"Kitchener-Cambridge-Waterloo, Ontario",22.96.9,v44342451
2004,0.00,"Kitchener-Cambridge-Waterloo, Ontario",22.96.9,v44342451
2005,1.00,"Kitchener-Cambridge-Waterloo, Ontario",22.96.9,v44342451
2006,1.00,"Kitchener-Cambridge-Waterloo, Ontario",22.96.9,v44342451
2007,1.00,"Kitchener-Cambridge-Waterloo, Ontario",22.96.9,v44342451
2008,0.00,"Kitchener-Cambridge-Waterloo, Ontario",22.96.9,v44342451
2009,0.00,"Kitchener-Cambridge-Waterloo, Ontario",22.96.9,v44342451
2010,0.00,"Kitchener-Cambridge-Waterloo, Ontario",22.96.9,v44342451
2011,0.00,"Kitchener-Cambridge-Waterloo, Ontario",22.96.9,v44342451
2012,0.00,"Kitchener-Cambridge-Waterloo, Ontario",22.96.9,v44342451
2013,0.00,"Kitchener-Cambridge-Waterloo, Ontario",22.96.9,v44342451
2014,0.00,"Kitchener-Cambridge-Waterloo, Ontario",22.96.9,v44342451
2015,0.00,"Kitchener-Cambridge-Waterloo, Ontario",22.96.9,v44342451
2005,..,"Brantford, Ontario",45.96.9,v52119339
2006,0.00,"Brantford, Ontario",45.96.9,v52119339
2007,0.00,"Brantford, Ontario",45.96.9,v52119339
2008,0.00,"Brantford, Ontario",45.96.9,v52119339
2009,0.00,"Brantford, Ontario",45.96.9,v52119339
2010,0.00,"Brantford, Ontario",45.96.9,v52119339
2011,0.00,"Brantford, Ontario",45.96.9,v52119339
2012,0.00,"Brantford, Ontario",45.96.9,v52119339
2013,0.00,"Brantford, Ontario",45.96.9,v52119339
2014,0.00,"Brantford, Ontario",45.96.9,v52119339
2015,1.00,"Brantford, Ontario",45.96.9,v52119339
2005,..,"Guelph, Ontario",46.96.9,v52119783
2006,0.00,"Guelph, Ontario",46.96.9,v52119783
2007,0.00,"Guelph, Ontario",46.96.9,v52119783
2008,0.00,"Guelph, Ontario",46.96.9,v52119783
2009,0.00,"Guelph, Ontario",46.96.9,v52119783
2010,0.00,"Guelph, Ontario",46.96.9,v52119783
2011,0.00,"Guelph, Ontario",46.96.9,v52119783
2012,0.00,"Guelph, Ontario",46.96.9,v52119783
2013,0.00,"Guelph, Ontario",46.96.9,v52119783
2014,0.00,"Guelph, Ontario",46.96.9,v52119783
2015,0.00,"Guelph, Ontario",46.96.9,v52119783
1998,0.00,"London, Ontario",23.96.9,v44400150
1999,0.00,"London, Ontario",23.96.9,v44400150
2000,0.00,"London, Ontario",23.96.9,v44400150
2001,1.00,"London, Ontario",23.96.9,v44400150
2002,6.00,"London, Ontario",23.96.9,v44400150
2003,0.00,"London, Ontario",23.96.9,v44400150
2004,0.00,"London, Ontario",23.96.9,v44400150
2005,1.00,"London, Ontario",23.96.9,v44400150
2006,0.00,"London, Ontario",23.96.9,v44400150
2007,2.00,"London, Ontario",23.96.9,v44400150
2008,0.00,"London, Ontario",23.96.9,v44400150
2009,0.00,"London, Ontario",23.96.9,v44400150
2010,3.00,"London, Ontario",23.96.9,v44400150
2011,0.00,"London, Ontario",23.96.9,v44400150
2012,0.00,"London, Ontario",23.96.9,v44400150
2013,0.00,"London, Ontario",23.96.9,v44400150
2014,0.00,"London, Ontario",23.96.9,v44400150
2015,1.00,"London, Ontario",23.96.9,v44400150
1998,0.00,"Windsor, Ontario",24.96.9,v44386011
1999,0.00,"Windsor, Ontario",24.96.9,v44386011
2000,0.00,"Windsor, Ontario",24.96.9,v44386011
2001,0.00,"Windsor, Ontario",24.96.9,v44386011
2002,0.00,"Windsor, Ontario",24.96.9,v44386011
2003,0.00,"Windsor, Ontario",24.96.9,v44386011
2004,0.00,"Windsor, Ontario",24.96.9,v44386011
2005,1.00,"Windsor, Ontario",24.96.9,v44386011
2006,0.00,"Windsor, Ontario",24.96.9,v44386011
2007,0.00,"Windsor, Ontario",24.96.9,v44386011
2008,0.00,"Windsor, Ontario",24.96.9,v44386011
2009,0.00,"Windsor, Ontario",24.96.9,v44386011
2010,0.00,"Windsor, Ontario",24.96.9,v44386011
2011,1.00,"Windsor, Ontario",24.96.9,v44386011
2012,0.00,"Windsor, Ontario",24.96.9,v44386011
2013,0.00,"Windsor, Ontario",24.96.9,v44386011
2014,0.00,"Windsor, Ontario",24.96.9,v44386011
2015,0.00,"Windsor, Ontario",24.96.9,v44386011
2005,..,"Barrie, Ontario",47.96.9,v52145195
2006,0.00,"Barrie, Ontario",47.96.9,v52145195
2007,1.00,"Barrie, Ontario",47.96.9,v52145195
2008,0.00,"Barrie, Ontario",47.96.9,v52145195
2009,1.00,"Barrie, Ontario",47.96.9,v52145195
2010,0.00,"Barrie, Ontario",47.96.9,v52145195
2011,0.00,"Barrie, Ontario",47.96.9,v52145195
2012,0.00,"Barrie, Ontario",47.96.9,v52145195
2013,0.00,"Barrie, Ontario",47.96.9,v52145195
2014,0.00,"Barrie, Ontario",47.96.9,v52145195
2015,0.00,"Barrie, Ontario",47.96.9,v52145195
1998,0.00,"Sudbury, Ontario",25.96.9,v44375211
1999,0.00,"Sudbury, Ontario",25.96.9,v44375211
2000,0.00,"Sudbury, Ontario",25.96.9,v44375211
2001,1.00,"Sudbury, Ontario",25.96.9,v44375211
2002,0.00,"Sudbury, Ontario",25.96.9,v44375211
2003,0.00,"Sudbury, Ontario",25.96.9,v44375211
2004,1.00,"Sudbury, Ontario",25.96.9,v44375211
2005,1.00,"Sudbury, Ontario",25.96.9,v44375211
2006,0.00,"Sudbury, Ontario",25.96.9,v44375211
2007,0.00,"Sudbury, Ontario",25.96.9,v44375211
2008,0.00,"Sudbury, Ontario",25.96.9,v44375211
2009,0.00,"Sudbury, Ontario",25.96.9,v44375211
2010,0.00,"Sudbury, Ontario",25.96.9,v44375211
2011,0.00,"Sudbury, Ontario",25.96.9,v44375211
2012,0.00,"Sudbury, Ontario",25.96.9,v44375211
2013,0.00,"Sudbury, Ontario",25.96.9,v44375211
2014,0.00,"Sudbury, Ontario",25.96.9,v44375211
2015,0.00,"Sudbury, Ontario",25.96.9,v44375211
1998,0.00,"Thunder Bay, Ontario",26.96.9,v44373744
1999,0.00,"Thunder Bay, Ontario",26.96.9,v44373744
2000,1.00,"Thunder Bay, Ontario",26.96.9,v44373744
2001,0.00,"Thunder Bay, Ontario",26.96.9,v44373744
2002,0.00,"Thunder Bay, Ontario",26.96.9,v44373744
2003,0.00,"Thunder Bay, Ontario",26.96.9,v44373744
2004,0.00,"Thunder Bay, Ontario",26.96.9,v44373744
2005,0.00,"Thunder Bay, Ontario",26.96.9,v44373744
2006,0.00,"Thunder Bay, Ontario",26.96.9,v44373744
2007,0.00,"Thunder Bay, Ontario",26.96.9,v44373744
2008,0.00,"Thunder Bay, Ontario",26.96.9,v44373744
2009,0.00,"Thunder Bay, Ontario",26.96.9,v44373744
2010,0.00,"Thunder Bay, Ontario",26.96.9,v44373744
2011,0.00,"Thunder Bay, Ontario",26.96.9,v44373744
2012,0.00,"Thunder Bay, Ontario",26.96.9,v44373744
2013,0.00,"Thunder Bay, Ontario",26.96.9,v44373744
2014,0.00,"Thunder Bay, Ontario",26.96.9,v44373744
2015,0.00,"Thunder Bay, Ontario",26.96.9,v44373744
1998,0.00,"Manitoba",28.96.9,v44372817
1999,2.00,"Manitoba",28.96.9,v44372817
2000,1.00,"Manitoba",28.96.9,v44372817
2001,6.00,"Manitoba",28.96.9,v44372817
2002,10.00,"Manitoba",28.96.9,v44372817
2003,13.00,"Manitoba",28.96.9,v44372817
2004,20.00,"Manitoba",28.96.9,v44372817
2005,2.00,"Manitoba",28.96.9,v44372817
2006,3.00,"Manitoba",28.96.9,v44372817
2007,1.00,"Manitoba",28.96.9,v44372817
2008,0.00,"Manitoba",28.96.9,v44372817
2009,2.00,"Manitoba",28.96.9,v44372817
2010,1.00,"Manitoba",28.96.9,v44372817
2011,6.00,"Manitoba",28.96.9,v44372817
2012,3.00,"Manitoba",28.96.9,v44372817
2013,1.00,"Manitoba",28.96.9,v44372817
2014,1.00,"Manitoba",28.96.9,v44372817
2015,3.00,"Manitoba",28.96.9,v44372817
1998,0.00,"Winnipeg, Manitoba",29.96.9,v44364958
1999,2.00,"Winnipeg, Manitoba",29.96.9,v44364958
2000,0.00,"Winnipeg, Manitoba",29.96.9,v44364958
2001,0.00,"Winnipeg, Manitoba",29.96.9,v44364958
2002,0.00,"Winnipeg, Manitoba",29.96.9,v44364958
2003,0.00,"Winnipeg, Manitoba",29.96.9,v44364958
2004,1.00,"Winnipeg, Manitoba",29.96.9,v44364958
2005,0.00,"Winnipeg, Manitoba",29.96.9,v44364958
2006,2.00,"Winnipeg, Manitoba",29.96.9,v44364958
2007,0.00,"Winnipeg, Manitoba",29.96.9,v44364958
2008,0.00,"Winnipeg, Manitoba",29.96.9,v44364958
2009,1.00,"Winnipeg, Manitoba",29.96.9,v44364958
2010,0.00,"Winnipeg, Manitoba",29.96.9,v44364958
2011,1.00,"Winnipeg, Manitoba",29.96.9,v44364958
2012,0.00,"Winnipeg, Manitoba",29.96.9,v44364958
2013,1.00,"Winnipeg, Manitoba",29.96.9,v44364958
2014,0.00,"Winnipeg, Manitoba",29.96.9,v44364958
2015,1.00,"Winnipeg, Manitoba",29.96.9,v44364958
1998,0.00,"Saskatchewan",30.96.9,v44396705
1999,1.00,"Saskatchewan",30.96.9,v44396705
2000,0.00,"Saskatchewan",30.96.9,v44396705
2001,0.00,"Saskatchewan",30.96.9,v44396705
2002,4.00,"Saskatchewan",30.96.9,v44396705
2003,15.00,"Saskatchewan",30.96.9,v44396705
2004,10.00,"Saskatchewan",30.96.9,v44396705
2005,2.00,"Saskatchewan",30.96.9,v44396705
2006,0.00,"Saskatchewan",30.96.9,v44396705
2007,0.00,"Saskatchewan",30.96.9,v44396705
2008,2.00,"Saskatchewan",30.96.9,v44396705
2009,2.00,"Saskatchewan",30.96.9,v44396705
2010,1.00,"Saskatchewan",30.96.9,v44396705
2011,1.00,"Saskatchewan",30.96.9,v44396705
2012,1.00,"Saskatchewan",30.96.9,v44396705
2013,0.00,"Saskatchewan",30.96.9,v44396705
2014,1.00,"Saskatchewan",30.96.9,v44396705
2015,1.00,"Saskatchewan",30.96.9,v44396705
1998,0.00,"Regina, Saskatchewan",31.96.9,v44343251
1999,1.00,"Regina, Saskatchewan",31.96.9,v44343251
2000,0.00,"Regina, Saskatchewan",31.96.9,v44343251
2001,0.00,"Regina, Saskatchewan",31.96.9,v44343251
2002,0.00,"Regina, Saskatchewan",31.96.9,v44343251
2003,2.00,"Regina, Saskatchewan",31.96.9,v44343251
2004,0.00,"Regina, Saskatchewan",31.96.9,v44343251
2005,0.00,"Regina, Saskatchewan",31.96.9,v44343251
2006,0.00,"Regina, Saskatchewan",31.96.9,v44343251
2007,0.00,"Regina, Saskatchewan",31.96.9,v44343251
2008,0.00,"Regina, Saskatchewan",31.96.9,v44343251
2009,0.00,"Regina, Saskatchewan",31.96.9,v44343251
2010,0.00,"Regina, Saskatchewan",31.96.9,v44343251
2011,0.00,"Regina, Saskatchewan",31.96.9,v44343251
2012,0.00,"Regina, Saskatchewan",31.96.9,v44343251
2013,0.00,"Regina, Saskatchewan",31.96.9,v44343251
2014,0.00,"Regina, Saskatchewan",31.96.9,v44343251
2015,0.00,"Regina, Saskatchewan",31.96.9,v44343251
1998,0.00,"Saskatoon, Saskatchewan",32.96.9,v44356276
1999,0.00,"Saskatoon, Saskatchewan",32.96.9,v44356276
2000,0.00,"Saskatoon, Saskatchewan",32.96.9,v44356276
2001,0.00,"Saskatoon, Saskatchewan",32.96.9,v44356276
2002,0.00,"Saskatoon, Saskatchewan",32.96.9,v44356276
2003,0.00,"Saskatoon, Saskatchewan",32.96.9,v44356276
2004,1.00,"Saskatoon, Saskatchewan",32.96.9,v44356276
2005,0.00,"Saskatoon, Saskatchewan",32.96.9,v44356276
2006,0.00,"Saskatoon, Saskatchewan",32.96.9,v44356276
2007,0.00,"Saskatoon, Saskatchewan",32.96.9,v44356276
2008,0.00,"Saskatoon, Saskatchewan",32.96.9,v44356276
2009,0.00,"Saskatoon, Saskatchewan",32.96.9,v44356276
2010,0.00,"Saskatoon, Saskatchewan",32.96.9,v44356276
2011,0.00,"Saskatoon, Saskatchewan",32.96.9,v44356276
2012,0.00,"Saskatoon, Saskatchewan",32.96.9,v44356276
2013,0.00,"Saskatoon, Saskatchewan",32.96.9,v44356276
2014,0.00,"Saskatoon, Saskatchewan",32.96.9,v44356276
2015,0.00,"Saskatoon, Saskatchewan",32.96.9,v44356276
1998,0.00,"Alberta",33.96.9,v44359795
1999,0.00,"Alberta",33.96.9,v44359795
2000,0.00,"Alberta",33.96.9,v44359795
2001,3.00,"Alberta",33.96.9,v44359795
2002,14.00,"Alberta",33.96.9,v44359795
2003,16.00,"Alberta",33.96.9,v44359795
2004,15.00,"Alberta",33.96.9,v44359795
2005,3.00,"Alberta",33.96.9,v44359795
2006,0.00,"Alberta",33.96.9,v44359795
2007,1.00,"Alberta",33.96.9,v44359795
2008,3.00,"Alberta",33.96.9,v44359795
2009,1.00,"Alberta",33.96.9,v44359795
2010,2.00,"Alberta",33.96.9,v44359795
2011,1.00,"Alberta",33.96.9,v44359795
2012,0.00,"Alberta",33.96.9,v44359795
2013,1.00,"Alberta",33.96.9,v44359795
2014,1.00,"Alberta",33.96.9,v44359795
2015,1.00,"Alberta",33.96.9,v44359795
1998,0.00,"Calgary, Alberta",34.96.9,v44369804
1999,0.00,"Calgary, Alberta",34.96.9,v44369804
2000,0.00,"Calgary, Alberta",34.96.9,v44369804
2001,0.00,"Calgary, Alberta",34.96.9,v44369804
2002,0.00,"Calgary, Alberta",34.96.9,v44369804
2003,0.00,"Calgary, Alberta",34.96.9,v44369804
2004,1.00,"Calgary, Alberta",34.96.9,v44369804
2005,0.00,"Calgary, Alberta",34.96.9,v44369804
2006,0.00,"Calgary, Alberta",34.96.9,v44369804
2007,0.00,"Calgary, Alberta",34.96.9,v44369804
2008,1.00,"Calgary, Alberta",34.96.9,v44369804
2009,1.00,"Calgary, Alberta",34.96.9,v44369804
2010,2.00,"Calgary, Alberta",34.96.9,v44369804
2011,0.00,"Calgary, Alberta",34.96.9,v44369804
2012,0.00,"Calgary, Alberta",34.96.9,v44369804
2013,0.00,"Calgary, Alberta",34.96.9,v44369804
2014,1.00,"Calgary, Alberta",34.96.9,v44369804
2015,0.00,"Calgary, Alberta",34.96.9,v44369804
1998,0.00,"Edmonton, Alberta",35.96.9,v44415747
1999,0.00,"Edmonton, Alberta",35.96.9,v44415747
2000,0.00,"Edmonton, Alberta",35.96.9,v44415747
2001,1.00,"Edmonton, Alberta",35.96.9,v44415747
2002,3.00,"Edmonton, Alberta",35.96.9,v44415747
2003,3.00,"Edmonton, Alberta",35.96.9,v44415747
2004,1.00,"Edmonton, Alberta",35.96.9,v44415747
2005,0.00,"Edmonton, Alberta",35.96.9,v44415747
2006,0.00,"Edmonton, Alberta",35.96.9,v44415747
2007,0.00,"Edmonton, Alberta",35.96.9,v44415747
2008,1.00,"Edmonton, Alberta",35.96.9,v44415747
2009,0.00,"Edmonton, Alberta",35.96.9,v44415747
2010,0.00,"Edmonton, Alberta",35.96.9,v44415747
2011,1.00,"Edmonton, Alberta",35.96.9,v44415747
2012,0.00,"Edmonton, Alberta",35.96.9,v44415747
2013,0.00,"Edmonton, Alberta",35.96.9,v44415747
2014,0.00,"Edmonton, Alberta",35.96.9,v44415747
2015,1.00,"Edmonton, Alberta",35.96.9,v44415747
1998,0.00,"British Columbia",36.96.9,v44345157
1999,0.00,"British Columbia",36.96.9,v44345157
2000,0.00,"British Columbia",36.96.9,v44345157
2001,2.00,"British Columbia",36.96.9,v44345157
2002,4.00,"British Columbia",36.96.9,v44345157
2003,14.00,"British Columbia",36.96.9,v44345157
2004,14.00,"British Columbia",36.96.9,v44345157
2005,11.00,"British Columbia",36.96.9,v44345157
2006,5.00,"British Columbia",36.96.9,v44345157
2007,5.00,"British Columbia",36.96.9,v44345157
2008,1.00,"British Columbia",36.96.9,v44345157
2009,4.00,"British Columbia",36.96.9,v44345157
2010,1.00,"British Columbia",36.96.9,v44345157
2011,1.00,"British Columbia",36.96.9,v44345157
2012,0.00,"British Columbia",36.96.9,v44345157
2013,1.00,"British Columbia",36.96.9,v44345157
2014,1.00,"British Columbia",36.96.9,v44345157
2015,1.00,"British Columbia",36.96.9,v44345157
2005,..,"Kelowna, British Columbia",48.96.9,v52144282
2006,0.00,"Kelowna, British Columbia",48.96.9,v52144282
2007,1.00,"Kelowna, British Columbia",48.96.9,v52144282
2008,0.00,"Kelowna, British Columbia",48.96.9,v52144282
2009,0.00,"Kelowna, British Columbia",48.96.9,v52144282
2010,0.00,"Kelowna, British Columbia",48.96.9,v52144282
2011,0.00,"Kelowna, British Columbia",48.96.9,v52144282
2012,0.00,"Kelowna, British Columbia",48.96.9,v52144282
2013,0.00,"Kelowna, British Columbia",48.96.9,v52144282
2014,0.00,"Kelowna, British Columbia",48.96.9,v52144282
2015,0.00,"Kelowna, British Columbia",48.96.9,v52144282
2000,..,"Abbotsford-Mission, British Columbia",39.96.9,v44355725
2001,0.00,"Abbotsford-Mission, British Columbia",39.96.9,v44355725
2002,0.00,"Abbotsford-Mission, British Columbia",39.96.9,v44355725
2003,1.00,"Abbotsford-Mission, British Columbia",39.96.9,v44355725
2004,0.00,"Abbotsford-Mission, British Columbia",39.96.9,v44355725
2005,0.00,"Abbotsford-Mission, British Columbia",39.96.9,v44355725
2006,0.00,"Abbotsford-Mission, British Columbia",39.96.9,v44355725
2007,0.00,"Abbotsford-Mission, British Columbia",39.96.9,v44355725
2008,0.00,"Abbotsford-Mission, British Columbia",39.96.9,v44355725
2009,0.00,"Abbotsford-Mission, British Columbia",39.96.9,v44355725
2010,0.00,"Abbotsford-Mission, British Columbia",39.96.9,v44355725
2011,0.00,"Abbotsford-Mission, British Columbia",39.96.9,v44355725
2012,0.00,"Abbotsford-Mission, British Columbia",39.96.9,v44355725
2013,0.00,"Abbotsford-Mission, British Columbia",39.96.9,v44355725
2014,0.00,"Abbotsford-Mission, British Columbia",39.96.9,v44355725
2015,0.00,"Abbotsford-Mission, British Columbia",39.96.9,v44355725
1998,0.00,"Vancouver, British Columbia",37.96.9,v44363622
1999,0.00,"Vancouver, British Columbia",37.96.9,v44363622
2000,0.00,"Vancouver, British Columbia",37.96.9,v44363622
2001,2.00,"Vancouver, British Columbia",37.96.9,v44363622
2002,1.00,"Vancouver, British Columbia",37.96.9,v44363622
2003,1.00,"Vancouver, British Columbia",37.96.9,v44363622
2004,0.00,"Vancouver, British Columbia",37.96.9,v44363622
2005,2.00,"Vancouver, British Columbia",37.96.9,v44363622
2006,2.00,"Vancouver, British Columbia",37.96.9,v44363622
2007,0.00,"Vancouver, British Columbia",37.96.9,v44363622
2008,0.00,"Vancouver, British Columbia",37.96.9,v44363622
2009,1.00,"Vancouver, British Columbia",37.96.9,v44363622
2010,0.00,"Vancouver, British Columbia",37.96.9,v44363622
2011,0.00,"Vancouver, British Columbia",37.96.9,v44363622
2012,0.00,"Vancouver, British Columbia",37.96.9,v44363622
2013,1.00,"Vancouver, British Columbia",37.96.9,v44363622
2014,0.00,"Vancouver, British Columbia",37.96.9,v44363622
2015,0.00,"Vancouver, British Columbia",37.96.9,v44363622
1998,0.00,"Victoria, British Columbia",38.96.9,v44375512
1999,0.00,"Victoria, British Columbia",38.96.9,v44375512
2000,0.00,"Victoria, British Columbia",38.96.9,v44375512
2001,0.00,"Victoria, British Columbia",38.96.9,v44375512
2002,0.00,"Victoria, British Columbia",38.96.9,v44375512
2003,0.00,"Victoria, British Columbia",38.96.9,v44375512
2004,0.00,"Victoria, British Columbia",38.96.9,v44375512
2005,0.00,"Victoria, British Columbia",38.96.9,v44375512
2006,0.00,"Victoria, British Columbia",38.96.9,v44375512
2007,1.00,"Victoria, British Columbia",38.96.9,v44375512
2008,0.00,"Victoria, British Columbia",38.96.9,v44375512
2009,0.00,"Victoria, British Columbia",38.96.9,v44375512
2010,0.00,"Victoria, British Columbia",38.96.9,v44375512
2011,0.00,"Victoria, British Columbia",38.96.9,v44375512
2012,0.00,"Victoria, British Columbia",38.96.9,v44375512
2013,0.00,"Victoria, British Columbia",38.96.9,v44375512
2014,0.00,"Victoria, British Columbia",38.96.9,v44375512
2015,0.00,"Victoria, British Columbia",38.96.9,v44375512
1998,0.00,"Yukon",40.96.9,v44377205
1999,0.00,"Yukon",40.96.9,v44377205
2000,0.00,"Yukon",40.96.9,v44377205
2001,0.00,"Yukon",40.96.9,v44377205
2002,0.00,"Yukon",40.96.9,v44377205
2003,4.00,"Yukon",40.96.9,v44377205
2004,2.00,"Yukon",40.96.9,v44377205
2005,0.00,"Yukon",40.96.9,v44377205
2006,0.00,"Yukon",40.96.9,v44377205
2007,0.00,"Yukon",40.96.9,v44377205
2008,0.00,"Yukon",40.96.9,v44377205
2009,0.00,"Yukon",40.96.9,v44377205
2010,0.00,"Yukon",40.96.9,v44377205
2011,0.00,"Yukon",40.96.9,v44377205
2012,0.00,"Yukon",40.96.9,v44377205
2013,0.00,"Yukon",40.96.9,v44377205
2014,2.00,"Yukon",40.96.9,v44377205
2015,0.00,"Yukon",40.96.9,v44377205
1998,0.00,"Northwest Territories",41.96.9,v44328215
1999,0.00,"Northwest Territories",41.96.9,v44328215
2000,0.00,"Northwest Territories",41.96.9,v44328215
2001,0.00,"Northwest Territories",41.96.9,v44328215
2002,1.00,"Northwest Territories",41.96.9,v44328215
2003,4.00,"Northwest Territories",41.96.9,v44328215
2004,2.00,"Northwest Territories",41.96.9,v44328215
2005,1.00,"Northwest Territories",41.96.9,v44328215
2006,0.00,"Northwest Territories",41.96.9,v44328215
2007,0.00,"Northwest Territories",41.96.9,v44328215
2008,0.00,"Northwest Territories",41.96.9,v44328215
2009,0.00,"Northwest Territories",41.96.9,v44328215
2010,0.00,"Northwest Territories",41.96.9,v44328215
2011,0.00,"Northwest Territories",41.96.9,v44328215
2012,0.00,"Northwest Territories",41.96.9,v44328215
2013,0.00,"Northwest Territories",41.96.9,v44328215
2014,0.00,"Northwest Territories",41.96.9,v44328215
2015,0.00,"Northwest Territories",41.96.9,v44328215
1998,..,"Nunavut",42.96.9,v44375069
1999,0.00,"Nunavut",42.96.9,v44375069
2000,0.00,"Nunavut",42.96.9,v44375069
2001,0.00,"Nunavut",42.96.9,v44375069
2002,0.00,"Nunavut",42.96.9,v44375069
2003,0.00,"Nunavut",42.96.9,v44375069
2004,1.00,"Nunavut",42.96.9,v44375069
2005,0.00,"Nunavut",42.96.9,v44375069
2006,0.00,"Nunavut",42.96.9,v44375069
2007,0.00,"Nunavut",42.96.9,v44375069
2008,0.00,"Nunavut",42.96.9,v44375069
2009,0.00,"Nunavut",42.96.9,v44375069
2010,0.00,"Nunavut",42.96.9,v44375069
2011,0.00,"Nunavut",42.96.9,v44375069
2012,0.00,"Nunavut",42.96.9,v44375069
2013,0.00,"Nunavut",42.96.9,v44375069
2014,0.00,"Nunavut",42.96.9,v44375069
2015,0.00,"Nunavut",42.96.9,v44375069
