2000,..,"Canada",1.53.8,v44347685
2001,0.00,"Canada",1.53.8,v44347685
2002,0.00,"Canada",1.53.8,v44347685
2003,..,"Canada",1.53.8,v44347685
2004,0.00,"Canada",1.53.8,v44347685
2005,0.00,"Canada",1.53.8,v44347685
2006,0.00,"Canada",1.53.8,v44347685
2007,0.00,"Canada",1.53.8,v44347685
2008,0.02,"Canada",1.53.8,v44347685
2009,0.01,"Canada",1.53.8,v44347685
2010,0.04,"Canada",1.53.8,v44347685
2011,0.04,"Canada",1.53.8,v44347685
2012,0.02,"Canada",1.53.8,v44347685
2013,0.03,"Canada",1.53.8,v44347685
2014,0.01,"Canada",1.53.8,v44347685
2015,0.02,"Canada",1.53.8,v44347685
2000,..,"Newfoundland and Labrador",2.53.8,v44391594
2001,0.00,"Newfoundland and Labrador",2.53.8,v44391594
2002,0.00,"Newfoundland and Labrador",2.53.8,v44391594
2003,..,"Newfoundland and Labrador",2.53.8,v44391594
2004,0.00,"Newfoundland and Labrador",2.53.8,v44391594
2005,0.00,"Newfoundland and Labrador",2.53.8,v44391594
2006,0.00,"Newfoundland and Labrador",2.53.8,v44391594
2007,0.00,"Newfoundland and Labrador",2.53.8,v44391594
2008,0.00,"Newfoundland and Labrador",2.53.8,v44391594
2009,0.00,"Newfoundland and Labrador",2.53.8,v44391594
2010,0.00,"Newfoundland and Labrador",2.53.8,v44391594
2011,0.00,"Newfoundland and Labrador",2.53.8,v44391594
2012,0.00,"Newfoundland and Labrador",2.53.8,v44391594
2013,0.00,"Newfoundland and Labrador",2.53.8,v44391594
2014,0.00,"Newfoundland and Labrador",2.53.8,v44391594
2015,0.00,"Newfoundland and Labrador",2.53.8,v44391594
2000,..,"St. John's, Newfoundland and Labrador",3.53.8,v44363240
2001,0.00,"St. John's, Newfoundland and Labrador",3.53.8,v44363240
2002,0.00,"St. John's, Newfoundland and Labrador",3.53.8,v44363240
2003,..,"St. John's, Newfoundland and Labrador",3.53.8,v44363240
2004,0.00,"St. John's, Newfoundland and Labrador",3.53.8,v44363240
2005,0.00,"St. John's, Newfoundland and Labrador",3.53.8,v44363240
2006,0.00,"St. John's, Newfoundland and Labrador",3.53.8,v44363240
2007,0.00,"St. John's, Newfoundland and Labrador",3.53.8,v44363240
2008,0.00,"St. John's, Newfoundland and Labrador",3.53.8,v44363240
2009,0.00,"St. John's, Newfoundland and Labrador",3.53.8,v44363240
2010,0.00,"St. John's, Newfoundland and Labrador",3.53.8,v44363240
2011,0.00,"St. John's, Newfoundland and Labrador",3.53.8,v44363240
2012,0.00,"St. John's, Newfoundland and Labrador",3.53.8,v44363240
2013,0.00,"St. John's, Newfoundland and Labrador",3.53.8,v44363240
2014,0.00,"St. John's, Newfoundland and Labrador",3.53.8,v44363240
2015,0.00,"St. John's, Newfoundland and Labrador",3.53.8,v44363240
2000,..,"Prince Edward Island",4.53.8,v44411469
2001,0.00,"Prince Edward Island",4.53.8,v44411469
2002,0.00,"Prince Edward Island",4.53.8,v44411469
2003,..,"Prince Edward Island",4.53.8,v44411469
2004,0.00,"Prince Edward Island",4.53.8,v44411469
2005,0.00,"Prince Edward Island",4.53.8,v44411469
2006,0.00,"Prince Edward Island",4.53.8,v44411469
2007,0.00,"Prince Edward Island",4.53.8,v44411469
2008,0.00,"Prince Edward Island",4.53.8,v44411469
2009,0.00,"Prince Edward Island",4.53.8,v44411469
2010,0.00,"Prince Edward Island",4.53.8,v44411469
2011,0.00,"Prince Edward Island",4.53.8,v44411469
2012,0.00,"Prince Edward Island",4.53.8,v44411469
2013,0.00,"Prince Edward Island",4.53.8,v44411469
2014,0.00,"Prince Edward Island",4.53.8,v44411469
2015,0.00,"Prince Edward Island",4.53.8,v44411469
2000,..,"Nova Scotia",5.53.8,v44336710
2001,0.00,"Nova Scotia",5.53.8,v44336710
2002,0.00,"Nova Scotia",5.53.8,v44336710
2003,..,"Nova Scotia",5.53.8,v44336710
2004,0.00,"Nova Scotia",5.53.8,v44336710
2005,0.00,"Nova Scotia",5.53.8,v44336710
2006,0.00,"Nova Scotia",5.53.8,v44336710
2007,0.00,"Nova Scotia",5.53.8,v44336710
2008,0.00,"Nova Scotia",5.53.8,v44336710
2009,0.00,"Nova Scotia",5.53.8,v44336710
2010,0.00,"Nova Scotia",5.53.8,v44336710
2011,0.00,"Nova Scotia",5.53.8,v44336710
2012,0.00,"Nova Scotia",5.53.8,v44336710
2013,0.00,"Nova Scotia",5.53.8,v44336710
2014,0.00,"Nova Scotia",5.53.8,v44336710
2015,0.00,"Nova Scotia",5.53.8,v44336710
2000,..,"Halifax, Nova Scotia",6.53.8,v44343279
2001,0.00,"Halifax, Nova Scotia",6.53.8,v44343279
2002,0.00,"Halifax, Nova Scotia",6.53.8,v44343279
2003,..,"Halifax, Nova Scotia",6.53.8,v44343279
2004,0.00,"Halifax, Nova Scotia",6.53.8,v44343279
2005,0.00,"Halifax, Nova Scotia",6.53.8,v44343279
2006,0.00,"Halifax, Nova Scotia",6.53.8,v44343279
2007,0.00,"Halifax, Nova Scotia",6.53.8,v44343279
2008,0.00,"Halifax, Nova Scotia",6.53.8,v44343279
2009,0.00,"Halifax, Nova Scotia",6.53.8,v44343279
2010,0.00,"Halifax, Nova Scotia",6.53.8,v44343279
2011,0.00,"Halifax, Nova Scotia",6.53.8,v44343279
2012,0.00,"Halifax, Nova Scotia",6.53.8,v44343279
2013,0.00,"Halifax, Nova Scotia",6.53.8,v44343279
2014,0.00,"Halifax, Nova Scotia",6.53.8,v44343279
2015,0.00,"Halifax, Nova Scotia",6.53.8,v44343279
2000,..,"New Brunswick",7.53.8,v44331843
2001,0.00,"New Brunswick",7.53.8,v44331843
2002,0.00,"New Brunswick",7.53.8,v44331843
2003,..,"New Brunswick",7.53.8,v44331843
2004,0.00,"New Brunswick",7.53.8,v44331843
2005,0.00,"New Brunswick",7.53.8,v44331843
2006,0.00,"New Brunswick",7.53.8,v44331843
2007,0.00,"New Brunswick",7.53.8,v44331843
2008,0.00,"New Brunswick",7.53.8,v44331843
2009,0.00,"New Brunswick",7.53.8,v44331843
2010,0.00,"New Brunswick",7.53.8,v44331843
2011,0.00,"New Brunswick",7.53.8,v44331843
2012,0.00,"New Brunswick",7.53.8,v44331843
2013,0.15,"New Brunswick",7.53.8,v44331843
2014,0.00,"New Brunswick",7.53.8,v44331843
2015,0.00,"New Brunswick",7.53.8,v44331843
2005,..,"Moncton, New Brunswick",43.53.8,v52118535
2006,0.00,"Moncton, New Brunswick",43.53.8,v52118535
2007,0.00,"Moncton, New Brunswick",43.53.8,v52118535
2008,0.00,"Moncton, New Brunswick",43.53.8,v52118535
2009,0.00,"Moncton, New Brunswick",43.53.8,v52118535
2010,0.00,"Moncton, New Brunswick",43.53.8,v52118535
2011,0.00,"Moncton, New Brunswick",43.53.8,v52118535
2012,0.00,"Moncton, New Brunswick",43.53.8,v52118535
2013,0.00,"Moncton, New Brunswick",43.53.8,v52118535
2014,0.00,"Moncton, New Brunswick",43.53.8,v52118535
2015,0.00,"Moncton, New Brunswick",43.53.8,v52118535
2000,..,"Saint John, New Brunswick",8.53.8,v44359713
2001,0.00,"Saint John, New Brunswick",8.53.8,v44359713
2002,0.00,"Saint John, New Brunswick",8.53.8,v44359713
2003,..,"Saint John, New Brunswick",8.53.8,v44359713
2004,0.00,"Saint John, New Brunswick",8.53.8,v44359713
2005,0.00,"Saint John, New Brunswick",8.53.8,v44359713
2006,0.00,"Saint John, New Brunswick",8.53.8,v44359713
2007,0.00,"Saint John, New Brunswick",8.53.8,v44359713
2008,0.00,"Saint John, New Brunswick",8.53.8,v44359713
2009,0.00,"Saint John, New Brunswick",8.53.8,v44359713
2010,0.00,"Saint John, New Brunswick",8.53.8,v44359713
2011,0.00,"Saint John, New Brunswick",8.53.8,v44359713
2012,0.00,"Saint John, New Brunswick",8.53.8,v44359713
2013,0.00,"Saint John, New Brunswick",8.53.8,v44359713
2014,0.00,"Saint John, New Brunswick",8.53.8,v44359713
2015,0.00,"Saint John, New Brunswick",8.53.8,v44359713
2000,..,"Quebec",9.53.8,v44338514
2001,0.00,"Quebec",9.53.8,v44338514
2002,0.00,"Quebec",9.53.8,v44338514
2003,..,"Quebec",9.53.8,v44338514
2004,0.00,"Quebec",9.53.8,v44338514
2005,0.00,"Quebec",9.53.8,v44338514
2006,0.00,"Quebec",9.53.8,v44338514
2007,0.00,"Quebec",9.53.8,v44338514
2008,0.01,"Quebec",9.53.8,v44338514
2009,0.00,"Quebec",9.53.8,v44338514
2010,0.04,"Quebec",9.53.8,v44338514
2011,0.01,"Quebec",9.53.8,v44338514
2012,0.03,"Quebec",9.53.8,v44338514
2013,0.00,"Quebec",9.53.8,v44338514
2014,0.00,"Quebec",9.53.8,v44338514
2015,0.01,"Quebec",9.53.8,v44338514
2000,..,"Saguenay, Quebec",10.53.8,v44394058
2001,0.00,"Saguenay, Quebec",10.53.8,v44394058
2002,..,"Saguenay, Quebec",10.53.8,v44394058
2003,..,"Saguenay, Quebec",10.53.8,v44394058
2004,0.00,"Saguenay, Quebec",10.53.8,v44394058
2005,0.00,"Saguenay, Quebec",10.53.8,v44394058
2006,0.00,"Saguenay, Quebec",10.53.8,v44394058
2007,0.00,"Saguenay, Quebec",10.53.8,v44394058
2008,0.00,"Saguenay, Quebec",10.53.8,v44394058
2009,0.00,"Saguenay, Quebec",10.53.8,v44394058
2010,0.00,"Saguenay, Quebec",10.53.8,v44394058
2011,0.00,"Saguenay, Quebec",10.53.8,v44394058
2012,0.00,"Saguenay, Quebec",10.53.8,v44394058
2013,0.00,"Saguenay, Quebec",10.53.8,v44394058
2014,0.00,"Saguenay, Quebec",10.53.8,v44394058
2015,0.00,"Saguenay, Quebec",10.53.8,v44394058
2005,0.00,"Sherbrooke, Quebec",12.53.8,v52136176
2006,0.00,"Sherbrooke, Quebec",12.53.8,v52136176
2007,0.00,"Sherbrooke, Quebec",12.53.8,v52136176
2008,0.62,"Sherbrooke, Quebec",12.53.8,v52136176
2009,0.00,"Sherbrooke, Quebec",12.53.8,v52136176
2010,0.00,"Sherbrooke, Quebec",12.53.8,v52136176
2011,0.00,"Sherbrooke, Quebec",12.53.8,v52136176
2012,0.00,"Sherbrooke, Quebec",12.53.8,v52136176
2013,0.00,"Sherbrooke, Quebec",12.53.8,v52136176
2014,0.00,"Sherbrooke, Quebec",12.53.8,v52136176
2015,0.00,"Sherbrooke, Quebec",12.53.8,v52136176
2000,..,"Ottawa-Gatineau, Quebec part",15.53.8,v44397146
2001,0.00,"Ottawa-Gatineau, Quebec part",15.53.8,v44397146
2002,0.00,"Ottawa-Gatineau, Quebec part",15.53.8,v44397146
2003,..,"Ottawa-Gatineau, Quebec part",15.53.8,v44397146
2004,0.00,"Ottawa-Gatineau, Quebec part",15.53.8,v44397146
2005,0.00,"Ottawa-Gatineau, Quebec part",15.53.8,v44397146
2006,0.00,"Ottawa-Gatineau, Quebec part",15.53.8,v44397146
2007,0.00,"Ottawa-Gatineau, Quebec part",15.53.8,v44397146
2008,0.00,"Ottawa-Gatineau, Quebec part",15.53.8,v44397146
2009,0.00,"Ottawa-Gatineau, Quebec part",15.53.8,v44397146
2010,0.00,"Ottawa-Gatineau, Quebec part",15.53.8,v44397146
2011,0.00,"Ottawa-Gatineau, Quebec part",15.53.8,v44397146
2012,0.00,"Ottawa-Gatineau, Quebec part",15.53.8,v44397146
2013,0.00,"Ottawa-Gatineau, Quebec part",15.53.8,v44397146
2014,0.00,"Ottawa-Gatineau, Quebec part",15.53.8,v44397146
2015,0.00,"Ottawa-Gatineau, Quebec part",15.53.8,v44397146
2000,..,"Ontario",16.53.8,v44358301
2001,0.00,"Ontario",16.53.8,v44358301
2002,0.00,"Ontario",16.53.8,v44358301
2003,..,"Ontario",16.53.8,v44358301
2004,0.00,"Ontario",16.53.8,v44358301
2005,0.00,"Ontario",16.53.8,v44358301
2006,0.00,"Ontario",16.53.8,v44358301
2007,0.00,"Ontario",16.53.8,v44358301
2008,0.02,"Ontario",16.53.8,v44358301
2009,0.03,"Ontario",16.53.8,v44358301
2010,0.04,"Ontario",16.53.8,v44358301
2011,0.05,"Ontario",16.53.8,v44358301
2012,0.03,"Ontario",16.53.8,v44358301
2013,0.02,"Ontario",16.53.8,v44358301
2014,0.01,"Ontario",16.53.8,v44358301
2015,0.02,"Ontario",16.53.8,v44358301
2000,..,"Ottawa-Gatineau, Ontario/Quebec",17.53.8,v52148013
2001,0.00,"Ottawa-Gatineau, Ontario/Quebec",17.53.8,v52148013
2002,0.00,"Ottawa-Gatineau, Ontario/Quebec",17.53.8,v52148013
2003,..,"Ottawa-Gatineau, Ontario/Quebec",17.53.8,v52148013
2004,0.00,"Ottawa-Gatineau, Ontario/Quebec",17.53.8,v52148013
2005,0.00,"Ottawa-Gatineau, Ontario/Quebec",17.53.8,v52148013
2006,0.00,"Ottawa-Gatineau, Ontario/Quebec",17.53.8,v52148013
2007,0.00,"Ottawa-Gatineau, Ontario/Quebec",17.53.8,v52148013
2008,0.00,"Ottawa-Gatineau, Ontario/Quebec",17.53.8,v52148013
2009,0.09,"Ottawa-Gatineau, Ontario/Quebec",17.53.8,v52148013
2010,0.09,"Ottawa-Gatineau, Ontario/Quebec",17.53.8,v52148013
2011,0.09,"Ottawa-Gatineau, Ontario/Quebec",17.53.8,v52148013
2012,0.09,"Ottawa-Gatineau, Ontario/Quebec",17.53.8,v52148013
2013,0.00,"Ottawa-Gatineau, Ontario/Quebec",17.53.8,v52148013
2014,0.00,"Ottawa-Gatineau, Ontario/Quebec",17.53.8,v52148013
2015,0.17,"Ottawa-Gatineau, Ontario/Quebec",17.53.8,v52148013
2000,..,"Ottawa-Gatineau, Ontario part",18.53.8,v44370794
2001,0.00,"Ottawa-Gatineau, Ontario part",18.53.8,v44370794
2002,0.00,"Ottawa-Gatineau, Ontario part",18.53.8,v44370794
2003,..,"Ottawa-Gatineau, Ontario part",18.53.8,v44370794
2004,0.00,"Ottawa-Gatineau, Ontario part",18.53.8,v44370794
2005,0.00,"Ottawa-Gatineau, Ontario part",18.53.8,v44370794
2006,0.00,"Ottawa-Gatineau, Ontario part",18.53.8,v44370794
2007,0.00,"Ottawa-Gatineau, Ontario part",18.53.8,v44370794
2008,0.00,"Ottawa-Gatineau, Ontario part",18.53.8,v44370794
2009,0.12,"Ottawa-Gatineau, Ontario part",18.53.8,v44370794
2010,0.12,"Ottawa-Gatineau, Ontario part",18.53.8,v44370794
2011,0.12,"Ottawa-Gatineau, Ontario part",18.53.8,v44370794
2012,0.12,"Ottawa-Gatineau, Ontario part",18.53.8,v44370794
2013,0.00,"Ottawa-Gatineau, Ontario part",18.53.8,v44370794
2014,0.00,"Ottawa-Gatineau, Ontario part",18.53.8,v44370794
2015,0.23,"Ottawa-Gatineau, Ontario part",18.53.8,v44370794
2000,..,"Kingston, Ontario",27.53.8,v44350212
2001,0.00,"Kingston, Ontario",27.53.8,v44350212
2002,0.00,"Kingston, Ontario",27.53.8,v44350212
2003,..,"Kingston, Ontario",27.53.8,v44350212
2004,0.00,"Kingston, Ontario",27.53.8,v44350212
2005,0.00,"Kingston, Ontario",27.53.8,v44350212
2006,0.00,"Kingston, Ontario",27.53.8,v44350212
2007,0.00,"Kingston, Ontario",27.53.8,v44350212
2008,0.00,"Kingston, Ontario",27.53.8,v44350212
2009,0.00,"Kingston, Ontario",27.53.8,v44350212
2010,0.00,"Kingston, Ontario",27.53.8,v44350212
2011,0.00,"Kingston, Ontario",27.53.8,v44350212
2012,0.00,"Kingston, Ontario",27.53.8,v44350212
2013,0.00,"Kingston, Ontario",27.53.8,v44350212
2014,0.00,"Kingston, Ontario",27.53.8,v44350212
2015,0.00,"Kingston, Ontario",27.53.8,v44350212
2005,..,"Peterborough, Ontario",44.53.8,v52120008
2006,0.00,"Peterborough, Ontario",44.53.8,v52120008
2007,0.00,"Peterborough, Ontario",44.53.8,v52120008
2008,0.00,"Peterborough, Ontario",44.53.8,v52120008
2009,0.00,"Peterborough, Ontario",44.53.8,v52120008
2010,0.00,"Peterborough, Ontario",44.53.8,v52120008
2011,0.00,"Peterborough, Ontario",44.53.8,v52120008
2012,0.00,"Peterborough, Ontario",44.53.8,v52120008
2013,0.00,"Peterborough, Ontario",44.53.8,v52120008
2014,0.00,"Peterborough, Ontario",44.53.8,v52120008
2015,0.00,"Peterborough, Ontario",44.53.8,v52120008
2000,..,"Toronto, Ontario",19.53.8,v44351148
2001,0.00,"Toronto, Ontario",19.53.8,v44351148
2002,0.00,"Toronto, Ontario",19.53.8,v44351148
2003,..,"Toronto, Ontario",19.53.8,v44351148
2004,0.00,"Toronto, Ontario",19.53.8,v44351148
2005,0.00,"Toronto, Ontario",19.53.8,v44351148
2006,0.00,"Toronto, Ontario",19.53.8,v44351148
2007,0.00,"Toronto, Ontario",19.53.8,v44351148
2008,0.04,"Toronto, Ontario",19.53.8,v44351148
2009,0.02,"Toronto, Ontario",19.53.8,v44351148
2010,0.02,"Toronto, Ontario",19.53.8,v44351148
2011,0.02,"Toronto, Ontario",19.53.8,v44351148
2012,0.00,"Toronto, Ontario",19.53.8,v44351148
2013,0.00,"Toronto, Ontario",19.53.8,v44351148
2014,0.00,"Toronto, Ontario",19.53.8,v44351148
2015,0.00,"Toronto, Ontario",19.53.8,v44351148
2000,..,"Hamilton, Ontario",20.53.8,v44377257
2001,0.00,"Hamilton, Ontario",20.53.8,v44377257
2002,0.00,"Hamilton, Ontario",20.53.8,v44377257
2003,..,"Hamilton, Ontario",20.53.8,v44377257
2004,0.00,"Hamilton, Ontario",20.53.8,v44377257
2005,0.00,"Hamilton, Ontario",20.53.8,v44377257
2006,0.00,"Hamilton, Ontario",20.53.8,v44377257
2007,0.00,"Hamilton, Ontario",20.53.8,v44377257
2008,0.00,"Hamilton, Ontario",20.53.8,v44377257
2009,0.00,"Hamilton, Ontario",20.53.8,v44377257
2010,0.00,"Hamilton, Ontario",20.53.8,v44377257
2011,0.00,"Hamilton, Ontario",20.53.8,v44377257
2012,0.00,"Hamilton, Ontario",20.53.8,v44377257
2013,0.00,"Hamilton, Ontario",20.53.8,v44377257
2014,0.00,"Hamilton, Ontario",20.53.8,v44377257
2015,0.00,"Hamilton, Ontario",20.53.8,v44377257
2006,0.00,"St.Catharines-Niagara, Ontario",21.53.8,v44363470
2007,0.00,"St.Catharines-Niagara, Ontario",21.53.8,v44363470
2008,0.00,"St.Catharines-Niagara, Ontario",21.53.8,v44363470
2009,0.00,"St.Catharines-Niagara, Ontario",21.53.8,v44363470
2010,0.51,"St.Catharines-Niagara, Ontario",21.53.8,v44363470
2011,0.00,"St.Catharines-Niagara, Ontario",21.53.8,v44363470
2012,0.25,"St.Catharines-Niagara, Ontario",21.53.8,v44363470
2013,0.00,"St.Catharines-Niagara, Ontario",21.53.8,v44363470
2014,0.00,"St.Catharines-Niagara, Ontario",21.53.8,v44363470
2015,0.00,"St.Catharines-Niagara, Ontario",21.53.8,v44363470
2006,0.00,"Kitchener-Cambridge-Waterloo, Ontario",22.53.8,v62059616
2007,0.00,"Kitchener-Cambridge-Waterloo, Ontario",22.53.8,v62059616
2008,0.00,"Kitchener-Cambridge-Waterloo, Ontario",22.53.8,v62059616
2009,0.00,"Kitchener-Cambridge-Waterloo, Ontario",22.53.8,v62059616
2010,0.00,"Kitchener-Cambridge-Waterloo, Ontario",22.53.8,v62059616
2011,0.00,"Kitchener-Cambridge-Waterloo, Ontario",22.53.8,v62059616
2012,0.00,"Kitchener-Cambridge-Waterloo, Ontario",22.53.8,v62059616
2013,0.00,"Kitchener-Cambridge-Waterloo, Ontario",22.53.8,v62059616
2014,0.00,"Kitchener-Cambridge-Waterloo, Ontario",22.53.8,v62059616
2015,0.00,"Kitchener-Cambridge-Waterloo, Ontario",22.53.8,v62059616
2005,..,"Brantford, Ontario",45.53.8,v52125270
2006,0.00,"Brantford, Ontario",45.53.8,v52125270
2007,0.00,"Brantford, Ontario",45.53.8,v52125270
2008,0.00,"Brantford, Ontario",45.53.8,v52125270
2009,0.00,"Brantford, Ontario",45.53.8,v52125270
2010,0.00,"Brantford, Ontario",45.53.8,v52125270
2011,0.00,"Brantford, Ontario",45.53.8,v52125270
2012,0.00,"Brantford, Ontario",45.53.8,v52125270
2013,0.00,"Brantford, Ontario",45.53.8,v52125270
2014,0.00,"Brantford, Ontario",45.53.8,v52125270
2015,0.00,"Brantford, Ontario",45.53.8,v52125270
2006,0.00,"Guelph, Ontario",46.53.8,v62135216
2007,0.00,"Guelph, Ontario",46.53.8,v62135216
2008,0.00,"Guelph, Ontario",46.53.8,v62135216
2009,0.00,"Guelph, Ontario",46.53.8,v62135216
2010,0.00,"Guelph, Ontario",46.53.8,v62135216
2011,0.00,"Guelph, Ontario",46.53.8,v62135216
2012,0.00,"Guelph, Ontario",46.53.8,v62135216
2013,0.00,"Guelph, Ontario",46.53.8,v62135216
2014,0.00,"Guelph, Ontario",46.53.8,v62135216
2015,0.00,"Guelph, Ontario",46.53.8,v62135216
2000,..,"London, Ontario",23.53.8,v44361185
2001,0.00,"London, Ontario",23.53.8,v44361185
2002,0.00,"London, Ontario",23.53.8,v44361185
2003,..,"London, Ontario",23.53.8,v44361185
2004,0.00,"London, Ontario",23.53.8,v44361185
2005,0.00,"London, Ontario",23.53.8,v44361185
2006,0.00,"London, Ontario",23.53.8,v44361185
2007,0.00,"London, Ontario",23.53.8,v44361185
2008,0.00,"London, Ontario",23.53.8,v44361185
2009,0.00,"London, Ontario",23.53.8,v44361185
2010,0.23,"London, Ontario",23.53.8,v44361185
2011,0.00,"London, Ontario",23.53.8,v44361185
2012,0.00,"London, Ontario",23.53.8,v44361185
2013,0.00,"London, Ontario",23.53.8,v44361185
2014,0.00,"London, Ontario",23.53.8,v44361185
2015,0.00,"London, Ontario",23.53.8,v44361185
2000,..,"Windsor, Ontario",24.53.8,v44344657
2001,0.00,"Windsor, Ontario",24.53.8,v44344657
2002,0.00,"Windsor, Ontario",24.53.8,v44344657
2003,..,"Windsor, Ontario",24.53.8,v44344657
2004,0.00,"Windsor, Ontario",24.53.8,v44344657
2005,0.00,"Windsor, Ontario",24.53.8,v44344657
2006,0.00,"Windsor, Ontario",24.53.8,v44344657
2007,0.00,"Windsor, Ontario",24.53.8,v44344657
2008,0.00,"Windsor, Ontario",24.53.8,v44344657
2009,0.00,"Windsor, Ontario",24.53.8,v44344657
2010,0.00,"Windsor, Ontario",24.53.8,v44344657
2011,0.35,"Windsor, Ontario",24.53.8,v44344657
2012,0.00,"Windsor, Ontario",24.53.8,v44344657
2013,0.00,"Windsor, Ontario",24.53.8,v44344657
2014,0.00,"Windsor, Ontario",24.53.8,v44344657
2015,0.00,"Windsor, Ontario",24.53.8,v44344657
2005,..,"Barrie, Ontario",47.53.8,v52143699
2006,0.00,"Barrie, Ontario",47.53.8,v52143699
2007,0.00,"Barrie, Ontario",47.53.8,v52143699
2008,0.00,"Barrie, Ontario",47.53.8,v52143699
2009,0.00,"Barrie, Ontario",47.53.8,v52143699
2010,0.00,"Barrie, Ontario",47.53.8,v52143699
2011,0.00,"Barrie, Ontario",47.53.8,v52143699
2012,0.00,"Barrie, Ontario",47.53.8,v52143699
2013,0.00,"Barrie, Ontario",47.53.8,v52143699
2014,0.00,"Barrie, Ontario",47.53.8,v52143699
2015,0.00,"Barrie, Ontario",47.53.8,v52143699
2000,..,"Sudbury, Ontario",25.53.8,v44407142
2001,0.00,"Sudbury, Ontario",25.53.8,v44407142
2002,0.00,"Sudbury, Ontario",25.53.8,v44407142
2003,..,"Sudbury, Ontario",25.53.8,v44407142
2004,0.00,"Sudbury, Ontario",25.53.8,v44407142
2005,0.00,"Sudbury, Ontario",25.53.8,v44407142
2006,0.00,"Sudbury, Ontario",25.53.8,v44407142
2007,0.00,"Sudbury, Ontario",25.53.8,v44407142
2008,0.00,"Sudbury, Ontario",25.53.8,v44407142
2009,0.00,"Sudbury, Ontario",25.53.8,v44407142
2010,0.00,"Sudbury, Ontario",25.53.8,v44407142
2011,0.00,"Sudbury, Ontario",25.53.8,v44407142
2012,0.00,"Sudbury, Ontario",25.53.8,v44407142
2013,0.00,"Sudbury, Ontario",25.53.8,v44407142
2014,0.00,"Sudbury, Ontario",25.53.8,v44407142
2015,0.00,"Sudbury, Ontario",25.53.8,v44407142
2000,..,"Thunder Bay, Ontario",26.53.8,v44371906
2001,0.00,"Thunder Bay, Ontario",26.53.8,v44371906
2002,0.00,"Thunder Bay, Ontario",26.53.8,v44371906
2003,..,"Thunder Bay, Ontario",26.53.8,v44371906
2004,0.00,"Thunder Bay, Ontario",26.53.8,v44371906
2005,0.00,"Thunder Bay, Ontario",26.53.8,v44371906
2006,0.00,"Thunder Bay, Ontario",26.53.8,v44371906
2007,0.00,"Thunder Bay, Ontario",26.53.8,v44371906
2008,0.00,"Thunder Bay, Ontario",26.53.8,v44371906
2009,0.00,"Thunder Bay, Ontario",26.53.8,v44371906
2010,0.00,"Thunder Bay, Ontario",26.53.8,v44371906
2011,0.00,"Thunder Bay, Ontario",26.53.8,v44371906
2012,0.00,"Thunder Bay, Ontario",26.53.8,v44371906
2013,0.00,"Thunder Bay, Ontario",26.53.8,v44371906
2014,0.00,"Thunder Bay, Ontario",26.53.8,v44371906
2015,0.00,"Thunder Bay, Ontario",26.53.8,v44371906
2000,..,"Manitoba",28.53.8,v44359474
2001,0.00,"Manitoba",28.53.8,v44359474
2002,0.00,"Manitoba",28.53.8,v44359474
2003,..,"Manitoba",28.53.8,v44359474
2004,0.00,"Manitoba",28.53.8,v44359474
2005,0.00,"Manitoba",28.53.8,v44359474
2006,0.00,"Manitoba",28.53.8,v44359474
2007,0.00,"Manitoba",28.53.8,v44359474
2008,0.00,"Manitoba",28.53.8,v44359474
2009,0.10,"Manitoba",28.53.8,v44359474
2010,0.10,"Manitoba",28.53.8,v44359474
2011,0.00,"Manitoba",28.53.8,v44359474
2012,0.00,"Manitoba",28.53.8,v44359474
2013,0.28,"Manitoba",28.53.8,v44359474
2014,0.00,"Manitoba",28.53.8,v44359474
2015,0.00,"Manitoba",28.53.8,v44359474
2001,..,"Winnipeg, Manitoba",29.53.8,v44365421
2002,0.00,"Winnipeg, Manitoba",29.53.8,v44365421
2003,..,"Winnipeg, Manitoba",29.53.8,v44365421
2004,0.00,"Winnipeg, Manitoba",29.53.8,v44365421
2005,0.00,"Winnipeg, Manitoba",29.53.8,v44365421
2006,0.00,"Winnipeg, Manitoba",29.53.8,v44365421
2007,0.00,"Winnipeg, Manitoba",29.53.8,v44365421
2008,0.00,"Winnipeg, Manitoba",29.53.8,v44365421
2009,0.15,"Winnipeg, Manitoba",29.53.8,v44365421
2010,0.15,"Winnipeg, Manitoba",29.53.8,v44365421
2011,0.00,"Winnipeg, Manitoba",29.53.8,v44365421
2012,0.00,"Winnipeg, Manitoba",29.53.8,v44365421
2013,0.00,"Winnipeg, Manitoba",29.53.8,v44365421
2014,0.00,"Winnipeg, Manitoba",29.53.8,v44365421
2015,0.00,"Winnipeg, Manitoba",29.53.8,v44365421
2000,..,"Saskatchewan",30.53.8,v44370479
2001,0.00,"Saskatchewan",30.53.8,v44370479
2002,0.00,"Saskatchewan",30.53.8,v44370479
2003,..,"Saskatchewan",30.53.8,v44370479
2004,0.00,"Saskatchewan",30.53.8,v44370479
2005,0.00,"Saskatchewan",30.53.8,v44370479
2006,0.00,"Saskatchewan",30.53.8,v44370479
2007,0.00,"Saskatchewan",30.53.8,v44370479
2008,0.00,"Saskatchewan",30.53.8,v44370479
2009,0.00,"Saskatchewan",30.53.8,v44370479
2010,0.11,"Saskatchewan",30.53.8,v44370479
2011,0.11,"Saskatchewan",30.53.8,v44370479
2012,0.00,"Saskatchewan",30.53.8,v44370479
2013,0.11,"Saskatchewan",30.53.8,v44370479
2014,0.00,"Saskatchewan",30.53.8,v44370479
2015,0.00,"Saskatchewan",30.53.8,v44370479
2000,..,"Regina, Saskatchewan",31.53.8,v44417480
2001,0.00,"Regina, Saskatchewan",31.53.8,v44417480
2002,0.00,"Regina, Saskatchewan",31.53.8,v44417480
2003,..,"Regina, Saskatchewan",31.53.8,v44417480
2004,0.00,"Regina, Saskatchewan",31.53.8,v44417480
2005,0.00,"Regina, Saskatchewan",31.53.8,v44417480
2006,0.00,"Regina, Saskatchewan",31.53.8,v44417480
2007,0.00,"Regina, Saskatchewan",31.53.8,v44417480
2008,0.00,"Regina, Saskatchewan",31.53.8,v44417480
2009,0.00,"Regina, Saskatchewan",31.53.8,v44417480
2010,0.00,"Regina, Saskatchewan",31.53.8,v44417480
2011,0.00,"Regina, Saskatchewan",31.53.8,v44417480
2012,0.00,"Regina, Saskatchewan",31.53.8,v44417480
2013,0.00,"Regina, Saskatchewan",31.53.8,v44417480
2014,0.00,"Regina, Saskatchewan",31.53.8,v44417480
2015,0.00,"Regina, Saskatchewan",31.53.8,v44417480
2000,..,"Saskatoon, Saskatchewan",32.53.8,v44336031
2001,0.00,"Saskatoon, Saskatchewan",32.53.8,v44336031
2002,0.00,"Saskatoon, Saskatchewan",32.53.8,v44336031
2003,..,"Saskatoon, Saskatchewan",32.53.8,v44336031
2004,0.00,"Saskatoon, Saskatchewan",32.53.8,v44336031
2005,0.00,"Saskatoon, Saskatchewan",32.53.8,v44336031
2006,0.00,"Saskatoon, Saskatchewan",32.53.8,v44336031
2007,0.00,"Saskatoon, Saskatchewan",32.53.8,v44336031
2008,0.00,"Saskatoon, Saskatchewan",32.53.8,v44336031
2009,0.00,"Saskatoon, Saskatchewan",32.53.8,v44336031
2010,0.00,"Saskatoon, Saskatchewan",32.53.8,v44336031
2011,0.00,"Saskatoon, Saskatchewan",32.53.8,v44336031
2012,0.00,"Saskatoon, Saskatchewan",32.53.8,v44336031
2013,0.39,"Saskatoon, Saskatchewan",32.53.8,v44336031
2014,0.00,"Saskatoon, Saskatchewan",32.53.8,v44336031
2015,0.00,"Saskatoon, Saskatchewan",32.53.8,v44336031
2000,..,"Alberta",33.53.8,v44408419
2001,0.00,"Alberta",33.53.8,v44408419
2002,0.00,"Alberta",33.53.8,v44408419
2003,..,"Alberta",33.53.8,v44408419
2004,0.00,"Alberta",33.53.8,v44408419
2005,0.00,"Alberta",33.53.8,v44408419
2006,0.00,"Alberta",33.53.8,v44408419
2007,0.00,"Alberta",33.53.8,v44408419
2008,0.00,"Alberta",33.53.8,v44408419
2009,0.00,"Alberta",33.53.8,v44408419
2010,0.00,"Alberta",33.53.8,v44408419
2011,0.00,"Alberta",33.53.8,v44408419
2012,0.00,"Alberta",33.53.8,v44408419
2013,0.00,"Alberta",33.53.8,v44408419
2014,0.00,"Alberta",33.53.8,v44408419
2015,0.03,"Alberta",33.53.8,v44408419
2000,..,"Calgary, Alberta",34.53.8,v44379202
2001,0.00,"Calgary, Alberta",34.53.8,v44379202
2002,0.00,"Calgary, Alberta",34.53.8,v44379202
2003,..,"Calgary, Alberta",34.53.8,v44379202
2004,0.00,"Calgary, Alberta",34.53.8,v44379202
2005,0.00,"Calgary, Alberta",34.53.8,v44379202
2006,0.00,"Calgary, Alberta",34.53.8,v44379202
2007,0.00,"Calgary, Alberta",34.53.8,v44379202
2008,0.00,"Calgary, Alberta",34.53.8,v44379202
2009,0.00,"Calgary, Alberta",34.53.8,v44379202
2010,0.00,"Calgary, Alberta",34.53.8,v44379202
2011,0.00,"Calgary, Alberta",34.53.8,v44379202
2012,0.00,"Calgary, Alberta",34.53.8,v44379202
2013,0.00,"Calgary, Alberta",34.53.8,v44379202
2014,0.00,"Calgary, Alberta",34.53.8,v44379202
2015,0.00,"Calgary, Alberta",34.53.8,v44379202
2000,..,"Edmonton, Alberta",35.53.8,v44326443
2001,0.00,"Edmonton, Alberta",35.53.8,v44326443
2002,0.00,"Edmonton, Alberta",35.53.8,v44326443
2003,..,"Edmonton, Alberta",35.53.8,v44326443
2004,0.00,"Edmonton, Alberta",35.53.8,v44326443
2005,0.00,"Edmonton, Alberta",35.53.8,v44326443
2006,0.00,"Edmonton, Alberta",35.53.8,v44326443
2007,0.00,"Edmonton, Alberta",35.53.8,v44326443
2008,0.00,"Edmonton, Alberta",35.53.8,v44326443
2009,0.00,"Edmonton, Alberta",35.53.8,v44326443
2010,0.00,"Edmonton, Alberta",35.53.8,v44326443
2011,0.00,"Edmonton, Alberta",35.53.8,v44326443
2012,0.00,"Edmonton, Alberta",35.53.8,v44326443
2013,0.00,"Edmonton, Alberta",35.53.8,v44326443
2014,0.00,"Edmonton, Alberta",35.53.8,v44326443
2015,0.00,"Edmonton, Alberta",35.53.8,v44326443
2000,..,"British Columbia",36.53.8,v44366219
2001,0.00,"British Columbia",36.53.8,v44366219
2002,0.00,"British Columbia",36.53.8,v44366219
2003,..,"British Columbia",36.53.8,v44366219
2004,0.00,"British Columbia",36.53.8,v44366219
2005,0.00,"British Columbia",36.53.8,v44366219
2006,0.00,"British Columbia",36.53.8,v44366219
2007,0.00,"British Columbia",36.53.8,v44366219
2008,0.08,"British Columbia",36.53.8,v44366219
2009,0.00,"British Columbia",36.53.8,v44366219
2010,0.03,"British Columbia",36.53.8,v44366219
2011,0.08,"British Columbia",36.53.8,v44366219
2012,0.00,"British Columbia",36.53.8,v44366219
2013,0.05,"British Columbia",36.53.8,v44366219
2014,0.02,"British Columbia",36.53.8,v44366219
2015,0.00,"British Columbia",36.53.8,v44366219
2005,..,"Kelowna, British Columbia",48.53.8,v52143176
2006,0.00,"Kelowna, British Columbia",48.53.8,v52143176
2007,0.00,"Kelowna, British Columbia",48.53.8,v52143176
2008,0.65,"Kelowna, British Columbia",48.53.8,v52143176
2009,0.00,"Kelowna, British Columbia",48.53.8,v52143176
2010,0.00,"Kelowna, British Columbia",48.53.8,v52143176
2011,0.00,"Kelowna, British Columbia",48.53.8,v52143176
2012,0.00,"Kelowna, British Columbia",48.53.8,v52143176
2013,0.00,"Kelowna, British Columbia",48.53.8,v52143176
2014,0.00,"Kelowna, British Columbia",48.53.8,v52143176
2015,0.00,"Kelowna, British Columbia",48.53.8,v52143176
2000,..,"Abbotsford-Mission, British Columbia",39.53.8,v44370183
2001,0.00,"Abbotsford-Mission, British Columbia",39.53.8,v44370183
2002,0.00,"Abbotsford-Mission, British Columbia",39.53.8,v44370183
2003,..,"Abbotsford-Mission, British Columbia",39.53.8,v44370183
2004,0.00,"Abbotsford-Mission, British Columbia",39.53.8,v44370183
2005,0.00,"Abbotsford-Mission, British Columbia",39.53.8,v44370183
2006,0.00,"Abbotsford-Mission, British Columbia",39.53.8,v44370183
2007,0.00,"Abbotsford-Mission, British Columbia",39.53.8,v44370183
2008,0.00,"Abbotsford-Mission, British Columbia",39.53.8,v44370183
2009,0.00,"Abbotsford-Mission, British Columbia",39.53.8,v44370183
2010,0.00,"Abbotsford-Mission, British Columbia",39.53.8,v44370183
2011,0.00,"Abbotsford-Mission, British Columbia",39.53.8,v44370183
2012,0.00,"Abbotsford-Mission, British Columbia",39.53.8,v44370183
2013,0.00,"Abbotsford-Mission, British Columbia",39.53.8,v44370183
2014,0.00,"Abbotsford-Mission, British Columbia",39.53.8,v44370183
2015,0.00,"Abbotsford-Mission, British Columbia",39.53.8,v44370183
2000,..,"Vancouver, British Columbia",37.53.8,v44415525
2001,0.00,"Vancouver, British Columbia",37.53.8,v44415525
2002,0.00,"Vancouver, British Columbia",37.53.8,v44415525
2003,..,"Vancouver, British Columbia",37.53.8,v44415525
2004,0.00,"Vancouver, British Columbia",37.53.8,v44415525
2005,0.00,"Vancouver, British Columbia",37.53.8,v44415525
2006,0.00,"Vancouver, British Columbia",37.53.8,v44415525
2007,0.00,"Vancouver, British Columbia",37.53.8,v44415525
2008,0.05,"Vancouver, British Columbia",37.53.8,v44415525
2009,0.00,"Vancouver, British Columbia",37.53.8,v44415525
2010,0.00,"Vancouver, British Columbia",37.53.8,v44415525
2011,0.05,"Vancouver, British Columbia",37.53.8,v44415525
2012,0.00,"Vancouver, British Columbia",37.53.8,v44415525
2013,0.05,"Vancouver, British Columbia",37.53.8,v44415525
2014,0.05,"Vancouver, British Columbia",37.53.8,v44415525
2015,0.00,"Vancouver, British Columbia",37.53.8,v44415525
2000,..,"Victoria, British Columbia",38.53.8,v44377396
2001,0.00,"Victoria, British Columbia",38.53.8,v44377396
2002,0.00,"Victoria, British Columbia",38.53.8,v44377396
2003,..,"Victoria, British Columbia",38.53.8,v44377396
2004,0.00,"Victoria, British Columbia",38.53.8,v44377396
2005,0.00,"Victoria, British Columbia",38.53.8,v44377396
2006,0.00,"Victoria, British Columbia",38.53.8,v44377396
2007,0.00,"Victoria, British Columbia",38.53.8,v44377396
2008,0.00,"Victoria, British Columbia",38.53.8,v44377396
2009,0.00,"Victoria, British Columbia",38.53.8,v44377396
2010,0.00,"Victoria, British Columbia",38.53.8,v44377396
2011,0.00,"Victoria, British Columbia",38.53.8,v44377396
2012,0.00,"Victoria, British Columbia",38.53.8,v44377396
2013,0.00,"Victoria, British Columbia",38.53.8,v44377396
2014,0.00,"Victoria, British Columbia",38.53.8,v44377396
2015,0.00,"Victoria, British Columbia",38.53.8,v44377396
2000,..,"Yukon",40.53.8,v44363844
2001,0.00,"Yukon",40.53.8,v44363844
2002,0.00,"Yukon",40.53.8,v44363844
2003,..,"Yukon",40.53.8,v44363844
2004,0.00,"Yukon",40.53.8,v44363844
2005,0.00,"Yukon",40.53.8,v44363844
2006,0.00,"Yukon",40.53.8,v44363844
2007,0.00,"Yukon",40.53.8,v44363844
2008,0.00,"Yukon",40.53.8,v44363844
2009,0.00,"Yukon",40.53.8,v44363844
2010,0.00,"Yukon",40.53.8,v44363844
2011,0.00,"Yukon",40.53.8,v44363844
2012,0.00,"Yukon",40.53.8,v44363844
2013,0.00,"Yukon",40.53.8,v44363844
2014,0.00,"Yukon",40.53.8,v44363844
2015,0.00,"Yukon",40.53.8,v44363844
2000,..,"Northwest Territories",41.53.8,v44392202
2001,0.00,"Northwest Territories",41.53.8,v44392202
2002,0.00,"Northwest Territories",41.53.8,v44392202
2003,..,"Northwest Territories",41.53.8,v44392202
2004,0.00,"Northwest Territories",41.53.8,v44392202
2005,0.00,"Northwest Territories",41.53.8,v44392202
2006,0.00,"Northwest Territories",41.53.8,v44392202
2007,0.00,"Northwest Territories",41.53.8,v44392202
2008,0.00,"Northwest Territories",41.53.8,v44392202
2009,0.00,"Northwest Territories",41.53.8,v44392202
2010,0.00,"Northwest Territories",41.53.8,v44392202
2011,0.00,"Northwest Territories",41.53.8,v44392202
2012,0.00,"Northwest Territories",41.53.8,v44392202
2013,0.00,"Northwest Territories",41.53.8,v44392202
2014,0.00,"Northwest Territories",41.53.8,v44392202
2015,0.00,"Northwest Territories",41.53.8,v44392202
2000,..,"Nunavut",42.53.8,v44350898
2001,0.00,"Nunavut",42.53.8,v44350898
2002,0.00,"Nunavut",42.53.8,v44350898
2003,..,"Nunavut",42.53.8,v44350898
2004,0.00,"Nunavut",42.53.8,v44350898
2005,0.00,"Nunavut",42.53.8,v44350898
2006,0.00,"Nunavut",42.53.8,v44350898
2007,0.00,"Nunavut",42.53.8,v44350898
2008,0.00,"Nunavut",42.53.8,v44350898
2009,0.00,"Nunavut",42.53.8,v44350898
2010,0.00,"Nunavut",42.53.8,v44350898
2011,0.00,"Nunavut",42.53.8,v44350898
2012,0.00,"Nunavut",42.53.8,v44350898
2013,0.00,"Nunavut",42.53.8,v44350898
2014,0.00,"Nunavut",42.53.8,v44350898
2015,0.00,"Nunavut",42.53.8,v44350898
2000,..,"Canada",1.53.8,v44347685
2001,0.00,"Canada",1.53.8,v44347685
2002,0.00,"Canada",1.53.8,v44347685
2003,..,"Canada",1.53.8,v44347685
2004,0.00,"Canada",1.53.8,v44347685
2005,0.00,"Canada",1.53.8,v44347685
2006,0.00,"Canada",1.53.8,v44347685
2007,0.00,"Canada",1.53.8,v44347685
2008,0.02,"Canada",1.53.8,v44347685
2009,0.01,"Canada",1.53.8,v44347685
2010,0.04,"Canada",1.53.8,v44347685
2011,0.04,"Canada",1.53.8,v44347685
2012,0.02,"Canada",1.53.8,v44347685
2013,0.03,"Canada",1.53.8,v44347685
2014,0.01,"Canada",1.53.8,v44347685
2015,0.02,"Canada",1.53.8,v44347685
2000,..,"Newfoundland and Labrador",2.53.8,v44391594
2001,0.00,"Newfoundland and Labrador",2.53.8,v44391594
2002,0.00,"Newfoundland and Labrador",2.53.8,v44391594
2003,..,"Newfoundland and Labrador",2.53.8,v44391594
2004,0.00,"Newfoundland and Labrador",2.53.8,v44391594
2005,0.00,"Newfoundland and Labrador",2.53.8,v44391594
2006,0.00,"Newfoundland and Labrador",2.53.8,v44391594
2007,0.00,"Newfoundland and Labrador",2.53.8,v44391594
2008,0.00,"Newfoundland and Labrador",2.53.8,v44391594
2009,0.00,"Newfoundland and Labrador",2.53.8,v44391594
2010,0.00,"Newfoundland and Labrador",2.53.8,v44391594
2011,0.00,"Newfoundland and Labrador",2.53.8,v44391594
2012,0.00,"Newfoundland and Labrador",2.53.8,v44391594
2013,0.00,"Newfoundland and Labrador",2.53.8,v44391594
2014,0.00,"Newfoundland and Labrador",2.53.8,v44391594
2015,0.00,"Newfoundland and Labrador",2.53.8,v44391594
2000,..,"St. John's, Newfoundland and Labrador",3.53.8,v44363240
2001,0.00,"St. John's, Newfoundland and Labrador",3.53.8,v44363240
2002,0.00,"St. John's, Newfoundland and Labrador",3.53.8,v44363240
2003,..,"St. John's, Newfoundland and Labrador",3.53.8,v44363240
2004,0.00,"St. John's, Newfoundland and Labrador",3.53.8,v44363240
2005,0.00,"St. John's, Newfoundland and Labrador",3.53.8,v44363240
2006,0.00,"St. John's, Newfoundland and Labrador",3.53.8,v44363240
2007,0.00,"St. John's, Newfoundland and Labrador",3.53.8,v44363240
2008,0.00,"St. John's, Newfoundland and Labrador",3.53.8,v44363240
2009,0.00,"St. John's, Newfoundland and Labrador",3.53.8,v44363240
2010,0.00,"St. John's, Newfoundland and Labrador",3.53.8,v44363240
2011,0.00,"St. John's, Newfoundland and Labrador",3.53.8,v44363240
2012,0.00,"St. John's, Newfoundland and Labrador",3.53.8,v44363240
2013,0.00,"St. John's, Newfoundland and Labrador",3.53.8,v44363240
2014,0.00,"St. John's, Newfoundland and Labrador",3.53.8,v44363240
2015,0.00,"St. John's, Newfoundland and Labrador",3.53.8,v44363240
2000,..,"Prince Edward Island",4.53.8,v44411469
2001,0.00,"Prince Edward Island",4.53.8,v44411469
2002,0.00,"Prince Edward Island",4.53.8,v44411469
2003,..,"Prince Edward Island",4.53.8,v44411469
2004,0.00,"Prince Edward Island",4.53.8,v44411469
2005,0.00,"Prince Edward Island",4.53.8,v44411469
2006,0.00,"Prince Edward Island",4.53.8,v44411469
2007,0.00,"Prince Edward Island",4.53.8,v44411469
2008,0.00,"Prince Edward Island",4.53.8,v44411469
2009,0.00,"Prince Edward Island",4.53.8,v44411469
2010,0.00,"Prince Edward Island",4.53.8,v44411469
2011,0.00,"Prince Edward Island",4.53.8,v44411469
2012,0.00,"Prince Edward Island",4.53.8,v44411469
2013,0.00,"Prince Edward Island",4.53.8,v44411469
2014,0.00,"Prince Edward Island",4.53.8,v44411469
2015,0.00,"Prince Edward Island",4.53.8,v44411469
2000,..,"Nova Scotia",5.53.8,v44336710
2001,0.00,"Nova Scotia",5.53.8,v44336710
2002,0.00,"Nova Scotia",5.53.8,v44336710
2003,..,"Nova Scotia",5.53.8,v44336710
2004,0.00,"Nova Scotia",5.53.8,v44336710
2005,0.00,"Nova Scotia",5.53.8,v44336710
2006,0.00,"Nova Scotia",5.53.8,v44336710
2007,0.00,"Nova Scotia",5.53.8,v44336710
2008,0.00,"Nova Scotia",5.53.8,v44336710
2009,0.00,"Nova Scotia",5.53.8,v44336710
2010,0.00,"Nova Scotia",5.53.8,v44336710
2011,0.00,"Nova Scotia",5.53.8,v44336710
2012,0.00,"Nova Scotia",5.53.8,v44336710
2013,0.00,"Nova Scotia",5.53.8,v44336710
2014,0.00,"Nova Scotia",5.53.8,v44336710
2015,0.00,"Nova Scotia",5.53.8,v44336710
2000,..,"Halifax, Nova Scotia",6.53.8,v44343279
2001,0.00,"Halifax, Nova Scotia",6.53.8,v44343279
2002,0.00,"Halifax, Nova Scotia",6.53.8,v44343279
2003,..,"Halifax, Nova Scotia",6.53.8,v44343279
2004,0.00,"Halifax, Nova Scotia",6.53.8,v44343279
2005,0.00,"Halifax, Nova Scotia",6.53.8,v44343279
2006,0.00,"Halifax, Nova Scotia",6.53.8,v44343279
2007,0.00,"Halifax, Nova Scotia",6.53.8,v44343279
2008,0.00,"Halifax, Nova Scotia",6.53.8,v44343279
2009,0.00,"Halifax, Nova Scotia",6.53.8,v44343279
2010,0.00,"Halifax, Nova Scotia",6.53.8,v44343279
2011,0.00,"Halifax, Nova Scotia",6.53.8,v44343279
2012,0.00,"Halifax, Nova Scotia",6.53.8,v44343279
2013,0.00,"Halifax, Nova Scotia",6.53.8,v44343279
2014,0.00,"Halifax, Nova Scotia",6.53.8,v44343279
2015,0.00,"Halifax, Nova Scotia",6.53.8,v44343279
2000,..,"New Brunswick",7.53.8,v44331843
2001,0.00,"New Brunswick",7.53.8,v44331843
2002,0.00,"New Brunswick",7.53.8,v44331843
2003,..,"New Brunswick",7.53.8,v44331843
2004,0.00,"New Brunswick",7.53.8,v44331843
2005,0.00,"New Brunswick",7.53.8,v44331843
2006,0.00,"New Brunswick",7.53.8,v44331843
2007,0.00,"New Brunswick",7.53.8,v44331843
2008,0.00,"New Brunswick",7.53.8,v44331843
2009,0.00,"New Brunswick",7.53.8,v44331843
2010,0.00,"New Brunswick",7.53.8,v44331843
2011,0.00,"New Brunswick",7.53.8,v44331843
2012,0.00,"New Brunswick",7.53.8,v44331843
2013,0.15,"New Brunswick",7.53.8,v44331843
2014,0.00,"New Brunswick",7.53.8,v44331843
2015,0.00,"New Brunswick",7.53.8,v44331843
2005,..,"Moncton, New Brunswick",43.53.8,v52118535
2006,0.00,"Moncton, New Brunswick",43.53.8,v52118535
2007,0.00,"Moncton, New Brunswick",43.53.8,v52118535
2008,0.00,"Moncton, New Brunswick",43.53.8,v52118535
2009,0.00,"Moncton, New Brunswick",43.53.8,v52118535
2010,0.00,"Moncton, New Brunswick",43.53.8,v52118535
2011,0.00,"Moncton, New Brunswick",43.53.8,v52118535
2012,0.00,"Moncton, New Brunswick",43.53.8,v52118535
2013,0.00,"Moncton, New Brunswick",43.53.8,v52118535
2014,0.00,"Moncton, New Brunswick",43.53.8,v52118535
2015,0.00,"Moncton, New Brunswick",43.53.8,v52118535
2000,..,"Saint John, New Brunswick",8.53.8,v44359713
2001,0.00,"Saint John, New Brunswick",8.53.8,v44359713
2002,0.00,"Saint John, New Brunswick",8.53.8,v44359713
2003,..,"Saint John, New Brunswick",8.53.8,v44359713
2004,0.00,"Saint John, New Brunswick",8.53.8,v44359713
2005,0.00,"Saint John, New Brunswick",8.53.8,v44359713
2006,0.00,"Saint John, New Brunswick",8.53.8,v44359713
2007,0.00,"Saint John, New Brunswick",8.53.8,v44359713
2008,0.00,"Saint John, New Brunswick",8.53.8,v44359713
2009,0.00,"Saint John, New Brunswick",8.53.8,v44359713
2010,0.00,"Saint John, New Brunswick",8.53.8,v44359713
2011,0.00,"Saint John, New Brunswick",8.53.8,v44359713
2012,0.00,"Saint John, New Brunswick",8.53.8,v44359713
2013,0.00,"Saint John, New Brunswick",8.53.8,v44359713
2014,0.00,"Saint John, New Brunswick",8.53.8,v44359713
2015,0.00,"Saint John, New Brunswick",8.53.8,v44359713
2000,..,"Quebec",9.53.8,v44338514
2001,0.00,"Quebec",9.53.8,v44338514
2002,0.00,"Quebec",9.53.8,v44338514
2003,..,"Quebec",9.53.8,v44338514
2004,0.00,"Quebec",9.53.8,v44338514
2005,0.00,"Quebec",9.53.8,v44338514
2006,0.00,"Quebec",9.53.8,v44338514
2007,0.00,"Quebec",9.53.8,v44338514
2008,0.01,"Quebec",9.53.8,v44338514
2009,0.00,"Quebec",9.53.8,v44338514
2010,0.04,"Quebec",9.53.8,v44338514
2011,0.01,"Quebec",9.53.8,v44338514
2012,0.03,"Quebec",9.53.8,v44338514
2013,0.00,"Quebec",9.53.8,v44338514
2014,0.00,"Quebec",9.53.8,v44338514
2015,0.01,"Quebec",9.53.8,v44338514
2000,..,"Saguenay, Quebec",10.53.8,v44394058
2001,0.00,"Saguenay, Quebec",10.53.8,v44394058
2002,..,"Saguenay, Quebec",10.53.8,v44394058
2003,..,"Saguenay, Quebec",10.53.8,v44394058
2004,0.00,"Saguenay, Quebec",10.53.8,v44394058
2005,0.00,"Saguenay, Quebec",10.53.8,v44394058
2006,0.00,"Saguenay, Quebec",10.53.8,v44394058
2007,0.00,"Saguenay, Quebec",10.53.8,v44394058
2008,0.00,"Saguenay, Quebec",10.53.8,v44394058
2009,0.00,"Saguenay, Quebec",10.53.8,v44394058
2010,0.00,"Saguenay, Quebec",10.53.8,v44394058
2011,0.00,"Saguenay, Quebec",10.53.8,v44394058
2012,0.00,"Saguenay, Quebec",10.53.8,v44394058
2013,0.00,"Saguenay, Quebec",10.53.8,v44394058
2014,0.00,"Saguenay, Quebec",10.53.8,v44394058
2015,0.00,"Saguenay, Quebec",10.53.8,v44394058
2000,..,"Quebec, Quebec",11.53.8,v44399873
2001,0.00,"Quebec, Quebec",11.53.8,v44399873
2002,0.00,"Quebec, Quebec",11.53.8,v44399873
2003,..,"Quebec, Quebec",11.53.8,v44399873
2004,0.00,"Quebec, Quebec",11.53.8,v44399873
2005,0.00,"Quebec, Quebec",11.53.8,v44399873
2006,0.00,"Quebec, Quebec",11.53.8,v44399873
2007,0.00,"Quebec, Quebec",11.53.8,v44399873
2008,0.00,"Quebec, Quebec",11.53.8,v44399873
2009,0.00,"Quebec, Quebec",11.53.8,v44399873
2010,0.00,"Quebec, Quebec",11.53.8,v44399873
2011,0.00,"Quebec, Quebec",11.53.8,v44399873
2012,0.00,"Quebec, Quebec",11.53.8,v44399873
2013,0.00,"Quebec, Quebec",11.53.8,v44399873
2014,0.00,"Quebec, Quebec",11.53.8,v44399873
2015,0.00,"Quebec, Quebec",11.53.8,v44399873
2005,0.00,"Sherbrooke, Quebec",12.53.8,v52136176
2006,0.00,"Sherbrooke, Quebec",12.53.8,v52136176
2007,0.00,"Sherbrooke, Quebec",12.53.8,v52136176
2008,0.62,"Sherbrooke, Quebec",12.53.8,v52136176
2009,0.00,"Sherbrooke, Quebec",12.53.8,v52136176
2010,0.00,"Sherbrooke, Quebec",12.53.8,v52136176
2011,0.00,"Sherbrooke, Quebec",12.53.8,v52136176
2012,0.00,"Sherbrooke, Quebec",12.53.8,v52136176
2013,0.00,"Sherbrooke, Quebec",12.53.8,v52136176
2014,0.00,"Sherbrooke, Quebec",12.53.8,v52136176
2015,0.00,"Sherbrooke, Quebec",12.53.8,v52136176
2000,..,"Montreal, Quebec",14.53.8,v44370902
2001,0.00,"Montreal, Quebec",14.53.8,v44370902
2002,0.00,"Montreal, Quebec",14.53.8,v44370902
2003,..,"Montreal, Quebec",14.53.8,v44370902
2004,0.00,"Montreal, Quebec",14.53.8,v44370902
2005,0.00,"Montreal, Quebec",14.53.8,v44370902
2006,0.00,"Montreal, Quebec",14.53.8,v44370902
2007,0.00,"Montreal, Quebec",14.53.8,v44370902
2008,0.00,"Montreal, Quebec",14.53.8,v44370902
2009,0.00,"Montreal, Quebec",14.53.8,v44370902
2010,0.03,"Montreal, Quebec",14.53.8,v44370902
2011,0.00,"Montreal, Quebec",14.53.8,v44370902
2012,0.00,"Montreal, Quebec",14.53.8,v44370902
2013,0.00,"Montreal, Quebec",14.53.8,v44370902
2014,0.00,"Montreal, Quebec",14.53.8,v44370902
2015,0.00,"Montreal, Quebec",14.53.8,v44370902
2000,..,"Ottawa-Gatineau, Quebec part",15.53.8,v44397146
2001,0.00,"Ottawa-Gatineau, Quebec part",15.53.8,v44397146
2002,0.00,"Ottawa-Gatineau, Quebec part",15.53.8,v44397146
2003,..,"Ottawa-Gatineau, Quebec part",15.53.8,v44397146
2004,0.00,"Ottawa-Gatineau, Quebec part",15.53.8,v44397146
2005,0.00,"Ottawa-Gatineau, Quebec part",15.53.8,v44397146
2006,0.00,"Ottawa-Gatineau, Quebec part",15.53.8,v44397146
2007,0.00,"Ottawa-Gatineau, Quebec part",15.53.8,v44397146
2008,0.00,"Ottawa-Gatineau, Quebec part",15.53.8,v44397146
2009,0.00,"Ottawa-Gatineau, Quebec part",15.53.8,v44397146
2010,0.00,"Ottawa-Gatineau, Quebec part",15.53.8,v44397146
2011,0.00,"Ottawa-Gatineau, Quebec part",15.53.8,v44397146
2012,0.00,"Ottawa-Gatineau, Quebec part",15.53.8,v44397146
2013,0.00,"Ottawa-Gatineau, Quebec part",15.53.8,v44397146
2014,0.00,"Ottawa-Gatineau, Quebec part",15.53.8,v44397146
2015,0.00,"Ottawa-Gatineau, Quebec part",15.53.8,v44397146
2000,..,"Ontario",16.53.8,v44358301
2001,0.00,"Ontario",16.53.8,v44358301
2002,0.00,"Ontario",16.53.8,v44358301
2003,..,"Ontario",16.53.8,v44358301
2004,0.00,"Ontario",16.53.8,v44358301
2005,0.00,"Ontario",16.53.8,v44358301
2006,0.00,"Ontario",16.53.8,v44358301
2007,0.00,"Ontario",16.53.8,v44358301
2008,0.02,"Ontario",16.53.8,v44358301
2009,0.03,"Ontario",16.53.8,v44358301
2010,0.04,"Ontario",16.53.8,v44358301
2011,0.05,"Ontario",16.53.8,v44358301
2012,0.03,"Ontario",16.53.8,v44358301
2013,0.02,"Ontario",16.53.8,v44358301
2014,0.01,"Ontario",16.53.8,v44358301
2015,0.02,"Ontario",16.53.8,v44358301
2000,..,"Ottawa-Gatineau, Ontario/Quebec",17.53.8,v52148013
2001,0.00,"Ottawa-Gatineau, Ontario/Quebec",17.53.8,v52148013
2002,0.00,"Ottawa-Gatineau, Ontario/Quebec",17.53.8,v52148013
2003,..,"Ottawa-Gatineau, Ontario/Quebec",17.53.8,v52148013
2004,0.00,"Ottawa-Gatineau, Ontario/Quebec",17.53.8,v52148013
2005,0.00,"Ottawa-Gatineau, Ontario/Quebec",17.53.8,v52148013
2006,0.00,"Ottawa-Gatineau, Ontario/Quebec",17.53.8,v52148013
2007,0.00,"Ottawa-Gatineau, Ontario/Quebec",17.53.8,v52148013
2008,0.00,"Ottawa-Gatineau, Ontario/Quebec",17.53.8,v52148013
2009,0.09,"Ottawa-Gatineau, Ontario/Quebec",17.53.8,v52148013
2010,0.09,"Ottawa-Gatineau, Ontario/Quebec",17.53.8,v52148013
2011,0.09,"Ottawa-Gatineau, Ontario/Quebec",17.53.8,v52148013
2012,0.09,"Ottawa-Gatineau, Ontario/Quebec",17.53.8,v52148013
2013,0.00,"Ottawa-Gatineau, Ontario/Quebec",17.53.8,v52148013
2014,0.00,"Ottawa-Gatineau, Ontario/Quebec",17.53.8,v52148013
2015,0.17,"Ottawa-Gatineau, Ontario/Quebec",17.53.8,v52148013
2000,..,"Ottawa-Gatineau, Ontario part",18.53.8,v44370794
2001,0.00,"Ottawa-Gatineau, Ontario part",18.53.8,v44370794
2002,0.00,"Ottawa-Gatineau, Ontario part",18.53.8,v44370794
2003,..,"Ottawa-Gatineau, Ontario part",18.53.8,v44370794
2004,0.00,"Ottawa-Gatineau, Ontario part",18.53.8,v44370794
2005,0.00,"Ottawa-Gatineau, Ontario part",18.53.8,v44370794
2006,0.00,"Ottawa-Gatineau, Ontario part",18.53.8,v44370794
2007,0.00,"Ottawa-Gatineau, Ontario part",18.53.8,v44370794
2008,0.00,"Ottawa-Gatineau, Ontario part",18.53.8,v44370794
2009,0.12,"Ottawa-Gatineau, Ontario part",18.53.8,v44370794
2010,0.12,"Ottawa-Gatineau, Ontario part",18.53.8,v44370794
2011,0.12,"Ottawa-Gatineau, Ontario part",18.53.8,v44370794
2012,0.12,"Ottawa-Gatineau, Ontario part",18.53.8,v44370794
2013,0.00,"Ottawa-Gatineau, Ontario part",18.53.8,v44370794
2014,0.00,"Ottawa-Gatineau, Ontario part",18.53.8,v44370794
2015,0.23,"Ottawa-Gatineau, Ontario part",18.53.8,v44370794
2000,..,"Kingston, Ontario",27.53.8,v44350212
2001,0.00,"Kingston, Ontario",27.53.8,v44350212
2002,0.00,"Kingston, Ontario",27.53.8,v44350212
2003,..,"Kingston, Ontario",27.53.8,v44350212
2004,0.00,"Kingston, Ontario",27.53.8,v44350212
2005,0.00,"Kingston, Ontario",27.53.8,v44350212
2006,0.00,"Kingston, Ontario",27.53.8,v44350212
2007,0.00,"Kingston, Ontario",27.53.8,v44350212
2008,0.00,"Kingston, Ontario",27.53.8,v44350212
2009,0.00,"Kingston, Ontario",27.53.8,v44350212
2010,0.00,"Kingston, Ontario",27.53.8,v44350212
2011,0.00,"Kingston, Ontario",27.53.8,v44350212
2012,0.00,"Kingston, Ontario",27.53.8,v44350212
2013,0.00,"Kingston, Ontario",27.53.8,v44350212
2014,0.00,"Kingston, Ontario",27.53.8,v44350212
2015,0.00,"Kingston, Ontario",27.53.8,v44350212
2005,..,"Peterborough, Ontario",44.53.8,v52120008
2006,0.00,"Peterborough, Ontario",44.53.8,v52120008
2007,0.00,"Peterborough, Ontario",44.53.8,v52120008
2008,0.00,"Peterborough, Ontario",44.53.8,v52120008
2009,0.00,"Peterborough, Ontario",44.53.8,v52120008
2010,0.00,"Peterborough, Ontario",44.53.8,v52120008
2011,0.00,"Peterborough, Ontario",44.53.8,v52120008
2012,0.00,"Peterborough, Ontario",44.53.8,v52120008
2013,0.00,"Peterborough, Ontario",44.53.8,v52120008
2014,0.00,"Peterborough, Ontario",44.53.8,v52120008
2015,0.00,"Peterborough, Ontario",44.53.8,v52120008
2000,..,"Toronto, Ontario",19.53.8,v44351148
2001,0.00,"Toronto, Ontario",19.53.8,v44351148
2002,0.00,"Toronto, Ontario",19.53.8,v44351148
2003,..,"Toronto, Ontario",19.53.8,v44351148
2004,0.00,"Toronto, Ontario",19.53.8,v44351148
2005,0.00,"Toronto, Ontario",19.53.8,v44351148
2006,0.00,"Toronto, Ontario",19.53.8,v44351148
2007,0.00,"Toronto, Ontario",19.53.8,v44351148
2008,0.04,"Toronto, Ontario",19.53.8,v44351148
2009,0.02,"Toronto, Ontario",19.53.8,v44351148
2010,0.02,"Toronto, Ontario",19.53.8,v44351148
2011,0.02,"Toronto, Ontario",19.53.8,v44351148
2012,0.00,"Toronto, Ontario",19.53.8,v44351148
2013,0.00,"Toronto, Ontario",19.53.8,v44351148
2014,0.00,"Toronto, Ontario",19.53.8,v44351148
2015,0.00,"Toronto, Ontario",19.53.8,v44351148
2000,..,"Hamilton, Ontario",20.53.8,v44377257
2001,0.00,"Hamilton, Ontario",20.53.8,v44377257
2002,0.00,"Hamilton, Ontario",20.53.8,v44377257
2003,..,"Hamilton, Ontario",20.53.8,v44377257
2004,0.00,"Hamilton, Ontario",20.53.8,v44377257
2005,0.00,"Hamilton, Ontario",20.53.8,v44377257
2006,0.00,"Hamilton, Ontario",20.53.8,v44377257
2007,0.00,"Hamilton, Ontario",20.53.8,v44377257
2008,0.00,"Hamilton, Ontario",20.53.8,v44377257
2009,0.00,"Hamilton, Ontario",20.53.8,v44377257
2010,0.00,"Hamilton, Ontario",20.53.8,v44377257
2011,0.00,"Hamilton, Ontario",20.53.8,v44377257
2012,0.00,"Hamilton, Ontario",20.53.8,v44377257
2013,0.00,"Hamilton, Ontario",20.53.8,v44377257
2014,0.00,"Hamilton, Ontario",20.53.8,v44377257
2015,0.00,"Hamilton, Ontario",20.53.8,v44377257
2006,0.00,"St.Catharines-Niagara, Ontario",21.53.8,v44363470
2007,0.00,"St.Catharines-Niagara, Ontario",21.53.8,v44363470
2008,0.00,"St.Catharines-Niagara, Ontario",21.53.8,v44363470
2009,0.00,"St.Catharines-Niagara, Ontario",21.53.8,v44363470
2010,0.51,"St.Catharines-Niagara, Ontario",21.53.8,v44363470
2011,0.00,"St.Catharines-Niagara, Ontario",21.53.8,v44363470
2012,0.25,"St.Catharines-Niagara, Ontario",21.53.8,v44363470
2013,0.00,"St.Catharines-Niagara, Ontario",21.53.8,v44363470
2014,0.00,"St.Catharines-Niagara, Ontario",21.53.8,v44363470
2015,0.00,"St.Catharines-Niagara, Ontario",21.53.8,v44363470
2006,0.00,"Kitchener-Cambridge-Waterloo, Ontario",22.53.8,v62059616
2007,0.00,"Kitchener-Cambridge-Waterloo, Ontario",22.53.8,v62059616
2008,0.00,"Kitchener-Cambridge-Waterloo, Ontario",22.53.8,v62059616
2009,0.00,"Kitchener-Cambridge-Waterloo, Ontario",22.53.8,v62059616
2010,0.00,"Kitchener-Cambridge-Waterloo, Ontario",22.53.8,v62059616
2011,0.00,"Kitchener-Cambridge-Waterloo, Ontario",22.53.8,v62059616
2012,0.00,"Kitchener-Cambridge-Waterloo, Ontario",22.53.8,v62059616
2013,0.00,"Kitchener-Cambridge-Waterloo, Ontario",22.53.8,v62059616
2014,0.00,"Kitchener-Cambridge-Waterloo, Ontario",22.53.8,v62059616
2015,0.00,"Kitchener-Cambridge-Waterloo, Ontario",22.53.8,v62059616
2005,..,"Brantford, Ontario",45.53.8,v52125270
2006,0.00,"Brantford, Ontario",45.53.8,v52125270
2007,0.00,"Brantford, Ontario",45.53.8,v52125270
2008,0.00,"Brantford, Ontario",45.53.8,v52125270
2009,0.00,"Brantford, Ontario",45.53.8,v52125270
2010,0.00,"Brantford, Ontario",45.53.8,v52125270
2011,0.00,"Brantford, Ontario",45.53.8,v52125270
2012,0.00,"Brantford, Ontario",45.53.8,v52125270
2013,0.00,"Brantford, Ontario",45.53.8,v52125270
2014,0.00,"Brantford, Ontario",45.53.8,v52125270
2015,0.00,"Brantford, Ontario",45.53.8,v52125270
2006,0.00,"Guelph, Ontario",46.53.8,v62135216
2007,0.00,"Guelph, Ontario",46.53.8,v62135216
2008,0.00,"Guelph, Ontario",46.53.8,v62135216
2009,0.00,"Guelph, Ontario",46.53.8,v62135216
2010,0.00,"Guelph, Ontario",46.53.8,v62135216
2011,0.00,"Guelph, Ontario",46.53.8,v62135216
2012,0.00,"Guelph, Ontario",46.53.8,v62135216
2013,0.00,"Guelph, Ontario",46.53.8,v62135216
2014,0.00,"Guelph, Ontario",46.53.8,v62135216
2015,0.00,"Guelph, Ontario",46.53.8,v62135216
2000,..,"London, Ontario",23.53.8,v44361185
2001,0.00,"London, Ontario",23.53.8,v44361185
2002,0.00,"London, Ontario",23.53.8,v44361185
2003,..,"London, Ontario",23.53.8,v44361185
2004,0.00,"London, Ontario",23.53.8,v44361185
2005,0.00,"London, Ontario",23.53.8,v44361185
2006,0.00,"London, Ontario",23.53.8,v44361185
2007,0.00,"London, Ontario",23.53.8,v44361185
2008,0.00,"London, Ontario",23.53.8,v44361185
2009,0.00,"London, Ontario",23.53.8,v44361185
2010,0.23,"London, Ontario",23.53.8,v44361185
2011,0.00,"London, Ontario",23.53.8,v44361185
2012,0.00,"London, Ontario",23.53.8,v44361185
2013,0.00,"London, Ontario",23.53.8,v44361185
2014,0.00,"London, Ontario",23.53.8,v44361185
2015,0.00,"London, Ontario",23.53.8,v44361185
2000,..,"Windsor, Ontario",24.53.8,v44344657
2001,0.00,"Windsor, Ontario",24.53.8,v44344657
2002,0.00,"Windsor, Ontario",24.53.8,v44344657
2003,..,"Windsor, Ontario",24.53.8,v44344657
2004,0.00,"Windsor, Ontario",24.53.8,v44344657
2005,0.00,"Windsor, Ontario",24.53.8,v44344657
2006,0.00,"Windsor, Ontario",24.53.8,v44344657
2007,0.00,"Windsor, Ontario",24.53.8,v44344657
2008,0.00,"Windsor, Ontario",24.53.8,v44344657
2009,0.00,"Windsor, Ontario",24.53.8,v44344657
2010,0.00,"Windsor, Ontario",24.53.8,v44344657
2011,0.35,"Windsor, Ontario",24.53.8,v44344657
2012,0.00,"Windsor, Ontario",24.53.8,v44344657
2013,0.00,"Windsor, Ontario",24.53.8,v44344657
2014,0.00,"Windsor, Ontario",24.53.8,v44344657
2015,0.00,"Windsor, Ontario",24.53.8,v44344657
2005,..,"Barrie, Ontario",47.53.8,v52143699
2006,0.00,"Barrie, Ontario",47.53.8,v52143699
2007,0.00,"Barrie, Ontario",47.53.8,v52143699
2008,0.00,"Barrie, Ontario",47.53.8,v52143699
2009,0.00,"Barrie, Ontario",47.53.8,v52143699
2010,0.00,"Barrie, Ontario",47.53.8,v52143699
2011,0.00,"Barrie, Ontario",47.53.8,v52143699
2012,0.00,"Barrie, Ontario",47.53.8,v52143699
2013,0.00,"Barrie, Ontario",47.53.8,v52143699
2014,0.00,"Barrie, Ontario",47.53.8,v52143699
2015,0.00,"Barrie, Ontario",47.53.8,v52143699
2000,..,"Sudbury, Ontario",25.53.8,v44407142
2001,0.00,"Sudbury, Ontario",25.53.8,v44407142
2002,0.00,"Sudbury, Ontario",25.53.8,v44407142
2003,..,"Sudbury, Ontario",25.53.8,v44407142
2004,0.00,"Sudbury, Ontario",25.53.8,v44407142
2005,0.00,"Sudbury, Ontario",25.53.8,v44407142
2006,0.00,"Sudbury, Ontario",25.53.8,v44407142
2007,0.00,"Sudbury, Ontario",25.53.8,v44407142
2008,0.00,"Sudbury, Ontario",25.53.8,v44407142
2009,0.00,"Sudbury, Ontario",25.53.8,v44407142
2010,0.00,"Sudbury, Ontario",25.53.8,v44407142
2011,0.00,"Sudbury, Ontario",25.53.8,v44407142
2012,0.00,"Sudbury, Ontario",25.53.8,v44407142
2013,0.00,"Sudbury, Ontario",25.53.8,v44407142
2014,0.00,"Sudbury, Ontario",25.53.8,v44407142
2015,0.00,"Sudbury, Ontario",25.53.8,v44407142
2000,..,"Thunder Bay, Ontario",26.53.8,v44371906
2001,0.00,"Thunder Bay, Ontario",26.53.8,v44371906
2002,0.00,"Thunder Bay, Ontario",26.53.8,v44371906
2003,..,"Thunder Bay, Ontario",26.53.8,v44371906
2004,0.00,"Thunder Bay, Ontario",26.53.8,v44371906
2005,0.00,"Thunder Bay, Ontario",26.53.8,v44371906
2006,0.00,"Thunder Bay, Ontario",26.53.8,v44371906
2007,0.00,"Thunder Bay, Ontario",26.53.8,v44371906
2008,0.00,"Thunder Bay, Ontario",26.53.8,v44371906
2009,0.00,"Thunder Bay, Ontario",26.53.8,v44371906
2010,0.00,"Thunder Bay, Ontario",26.53.8,v44371906
2011,0.00,"Thunder Bay, Ontario",26.53.8,v44371906
2012,0.00,"Thunder Bay, Ontario",26.53.8,v44371906
2013,0.00,"Thunder Bay, Ontario",26.53.8,v44371906
2014,0.00,"Thunder Bay, Ontario",26.53.8,v44371906
2015,0.00,"Thunder Bay, Ontario",26.53.8,v44371906
2000,..,"Manitoba",28.53.8,v44359474
2001,0.00,"Manitoba",28.53.8,v44359474
2002,0.00,"Manitoba",28.53.8,v44359474
2003,..,"Manitoba",28.53.8,v44359474
2004,0.00,"Manitoba",28.53.8,v44359474
2005,0.00,"Manitoba",28.53.8,v44359474
2006,0.00,"Manitoba",28.53.8,v44359474
2007,0.00,"Manitoba",28.53.8,v44359474
2008,0.00,"Manitoba",28.53.8,v44359474
2009,0.10,"Manitoba",28.53.8,v44359474
2010,0.10,"Manitoba",28.53.8,v44359474
2011,0.00,"Manitoba",28.53.8,v44359474
2012,0.00,"Manitoba",28.53.8,v44359474
2013,0.28,"Manitoba",28.53.8,v44359474
2014,0.00,"Manitoba",28.53.8,v44359474
2015,0.00,"Manitoba",28.53.8,v44359474
2001,..,"Winnipeg, Manitoba",29.53.8,v44365421
2002,0.00,"Winnipeg, Manitoba",29.53.8,v44365421
2003,..,"Winnipeg, Manitoba",29.53.8,v44365421
2004,0.00,"Winnipeg, Manitoba",29.53.8,v44365421
2005,0.00,"Winnipeg, Manitoba",29.53.8,v44365421
2006,0.00,"Winnipeg, Manitoba",29.53.8,v44365421
2007,0.00,"Winnipeg, Manitoba",29.53.8,v44365421
2008,0.00,"Winnipeg, Manitoba",29.53.8,v44365421
2009,0.15,"Winnipeg, Manitoba",29.53.8,v44365421
2010,0.15,"Winnipeg, Manitoba",29.53.8,v44365421
2011,0.00,"Winnipeg, Manitoba",29.53.8,v44365421
2012,0.00,"Winnipeg, Manitoba",29.53.8,v44365421
2013,0.00,"Winnipeg, Manitoba",29.53.8,v44365421
2014,0.00,"Winnipeg, Manitoba",29.53.8,v44365421
2015,0.00,"Winnipeg, Manitoba",29.53.8,v44365421
2000,..,"Saskatchewan",30.53.8,v44370479
2001,0.00,"Saskatchewan",30.53.8,v44370479
2002,0.00,"Saskatchewan",30.53.8,v44370479
2003,..,"Saskatchewan",30.53.8,v44370479
2004,0.00,"Saskatchewan",30.53.8,v44370479
2005,0.00,"Saskatchewan",30.53.8,v44370479
2006,0.00,"Saskatchewan",30.53.8,v44370479
2007,0.00,"Saskatchewan",30.53.8,v44370479
2008,0.00,"Saskatchewan",30.53.8,v44370479
2009,0.00,"Saskatchewan",30.53.8,v44370479
2010,0.11,"Saskatchewan",30.53.8,v44370479
2011,0.11,"Saskatchewan",30.53.8,v44370479
2012,0.00,"Saskatchewan",30.53.8,v44370479
2013,0.11,"Saskatchewan",30.53.8,v44370479
2014,0.00,"Saskatchewan",30.53.8,v44370479
2015,0.00,"Saskatchewan",30.53.8,v44370479
2000,..,"Regina, Saskatchewan",31.53.8,v44417480
2001,0.00,"Regina, Saskatchewan",31.53.8,v44417480
2002,0.00,"Regina, Saskatchewan",31.53.8,v44417480
2003,..,"Regina, Saskatchewan",31.53.8,v44417480
2004,0.00,"Regina, Saskatchewan",31.53.8,v44417480
2005,0.00,"Regina, Saskatchewan",31.53.8,v44417480
2006,0.00,"Regina, Saskatchewan",31.53.8,v44417480
2007,0.00,"Regina, Saskatchewan",31.53.8,v44417480
2008,0.00,"Regina, Saskatchewan",31.53.8,v44417480
2009,0.00,"Regina, Saskatchewan",31.53.8,v44417480
2010,0.00,"Regina, Saskatchewan",31.53.8,v44417480
2011,0.00,"Regina, Saskatchewan",31.53.8,v44417480
2012,0.00,"Regina, Saskatchewan",31.53.8,v44417480
2013,0.00,"Regina, Saskatchewan",31.53.8,v44417480
2014,0.00,"Regina, Saskatchewan",31.53.8,v44417480
2015,0.00,"Regina, Saskatchewan",31.53.8,v44417480
2000,..,"Saskatoon, Saskatchewan",32.53.8,v44336031
2001,0.00,"Saskatoon, Saskatchewan",32.53.8,v44336031
2002,0.00,"Saskatoon, Saskatchewan",32.53.8,v44336031
2003,..,"Saskatoon, Saskatchewan",32.53.8,v44336031
2004,0.00,"Saskatoon, Saskatchewan",32.53.8,v44336031
2005,0.00,"Saskatoon, Saskatchewan",32.53.8,v44336031
2006,0.00,"Saskatoon, Saskatchewan",32.53.8,v44336031
2007,0.00,"Saskatoon, Saskatchewan",32.53.8,v44336031
2008,0.00,"Saskatoon, Saskatchewan",32.53.8,v44336031
2009,0.00,"Saskatoon, Saskatchewan",32.53.8,v44336031
2010,0.00,"Saskatoon, Saskatchewan",32.53.8,v44336031
2011,0.00,"Saskatoon, Saskatchewan",32.53.8,v44336031
2012,0.00,"Saskatoon, Saskatchewan",32.53.8,v44336031
2013,0.39,"Saskatoon, Saskatchewan",32.53.8,v44336031
2014,0.00,"Saskatoon, Saskatchewan",32.53.8,v44336031
2015,0.00,"Saskatoon, Saskatchewan",32.53.8,v44336031
2000,..,"Alberta",33.53.8,v44408419
2001,0.00,"Alberta",33.53.8,v44408419
2002,0.00,"Alberta",33.53.8,v44408419
2003,..,"Alberta",33.53.8,v44408419
2004,0.00,"Alberta",33.53.8,v44408419
2005,0.00,"Alberta",33.53.8,v44408419
2006,0.00,"Alberta",33.53.8,v44408419
2007,0.00,"Alberta",33.53.8,v44408419
2008,0.00,"Alberta",33.53.8,v44408419
2009,0.00,"Alberta",33.53.8,v44408419
2010,0.00,"Alberta",33.53.8,v44408419
2011,0.00,"Alberta",33.53.8,v44408419
2012,0.00,"Alberta",33.53.8,v44408419
2013,0.00,"Alberta",33.53.8,v44408419
2014,0.00,"Alberta",33.53.8,v44408419
2015,0.03,"Alberta",33.53.8,v44408419
2000,..,"Calgary, Alberta",34.53.8,v44379202
2001,0.00,"Calgary, Alberta",34.53.8,v44379202
2002,0.00,"Calgary, Alberta",34.53.8,v44379202
2003,..,"Calgary, Alberta",34.53.8,v44379202
2004,0.00,"Calgary, Alberta",34.53.8,v44379202
2005,0.00,"Calgary, Alberta",34.53.8,v44379202
2006,0.00,"Calgary, Alberta",34.53.8,v44379202
2007,0.00,"Calgary, Alberta",34.53.8,v44379202
2008,0.00,"Calgary, Alberta",34.53.8,v44379202
2009,0.00,"Calgary, Alberta",34.53.8,v44379202
2010,0.00,"Calgary, Alberta",34.53.8,v44379202
2011,0.00,"Calgary, Alberta",34.53.8,v44379202
2012,0.00,"Calgary, Alberta",34.53.8,v44379202
2013,0.00,"Calgary, Alberta",34.53.8,v44379202
2014,0.00,"Calgary, Alberta",34.53.8,v44379202
2015,0.00,"Calgary, Alberta",34.53.8,v44379202
2000,..,"Edmonton, Alberta",35.53.8,v44326443
2001,0.00,"Edmonton, Alberta",35.53.8,v44326443
2002,0.00,"Edmonton, Alberta",35.53.8,v44326443
2003,..,"Edmonton, Alberta",35.53.8,v44326443
2004,0.00,"Edmonton, Alberta",35.53.8,v44326443
2005,0.00,"Edmonton, Alberta",35.53.8,v44326443
2006,0.00,"Edmonton, Alberta",35.53.8,v44326443
2007,0.00,"Edmonton, Alberta",35.53.8,v44326443
2008,0.00,"Edmonton, Alberta",35.53.8,v44326443
2009,0.00,"Edmonton, Alberta",35.53.8,v44326443
2010,0.00,"Edmonton, Alberta",35.53.8,v44326443
2011,0.00,"Edmonton, Alberta",35.53.8,v44326443
2012,0.00,"Edmonton, Alberta",35.53.8,v44326443
2013,0.00,"Edmonton, Alberta",35.53.8,v44326443
2014,0.00,"Edmonton, Alberta",35.53.8,v44326443
2015,0.00,"Edmonton, Alberta",35.53.8,v44326443
2000,..,"British Columbia",36.53.8,v44366219
2001,0.00,"British Columbia",36.53.8,v44366219
2002,0.00,"British Columbia",36.53.8,v44366219
2003,..,"British Columbia",36.53.8,v44366219
2004,0.00,"British Columbia",36.53.8,v44366219
2005,0.00,"British Columbia",36.53.8,v44366219
2006,0.00,"British Columbia",36.53.8,v44366219
2007,0.00,"British Columbia",36.53.8,v44366219
2008,0.08,"British Columbia",36.53.8,v44366219
2009,0.00,"British Columbia",36.53.8,v44366219
2010,0.03,"British Columbia",36.53.8,v44366219
2011,0.08,"British Columbia",36.53.8,v44366219
2012,0.00,"British Columbia",36.53.8,v44366219
2013,0.05,"British Columbia",36.53.8,v44366219
2014,0.02,"British Columbia",36.53.8,v44366219
2015,0.00,"British Columbia",36.53.8,v44366219
2005,..,"Kelowna, British Columbia",48.53.8,v52143176
2006,0.00,"Kelowna, British Columbia",48.53.8,v52143176
2007,0.00,"Kelowna, British Columbia",48.53.8,v52143176
2008,0.65,"Kelowna, British Columbia",48.53.8,v52143176
2009,0.00,"Kelowna, British Columbia",48.53.8,v52143176
2010,0.00,"Kelowna, British Columbia",48.53.8,v52143176
2011,0.00,"Kelowna, British Columbia",48.53.8,v52143176
2012,0.00,"Kelowna, British Columbia",48.53.8,v52143176
2013,0.00,"Kelowna, British Columbia",48.53.8,v52143176
2014,0.00,"Kelowna, British Columbia",48.53.8,v52143176
2015,0.00,"Kelowna, British Columbia",48.53.8,v52143176
2000,..,"Abbotsford-Mission, British Columbia",39.53.8,v44370183
2001,0.00,"Abbotsford-Mission, British Columbia",39.53.8,v44370183
2002,0.00,"Abbotsford-Mission, British Columbia",39.53.8,v44370183
2003,..,"Abbotsford-Mission, British Columbia",39.53.8,v44370183
2004,0.00,"Abbotsford-Mission, British Columbia",39.53.8,v44370183
2005,0.00,"Abbotsford-Mission, British Columbia",39.53.8,v44370183
2006,0.00,"Abbotsford-Mission, British Columbia",39.53.8,v44370183
2007,0.00,"Abbotsford-Mission, British Columbia",39.53.8,v44370183
2008,0.00,"Abbotsford-Mission, British Columbia",39.53.8,v44370183
2009,0.00,"Abbotsford-Mission, British Columbia",39.53.8,v44370183
2010,0.00,"Abbotsford-Mission, British Columbia",39.53.8,v44370183
2011,0.00,"Abbotsford-Mission, British Columbia",39.53.8,v44370183
2012,0.00,"Abbotsford-Mission, British Columbia",39.53.8,v44370183
2013,0.00,"Abbotsford-Mission, British Columbia",39.53.8,v44370183
2014,0.00,"Abbotsford-Mission, British Columbia",39.53.8,v44370183
2015,0.00,"Abbotsford-Mission, British Columbia",39.53.8,v44370183
2000,..,"Vancouver, British Columbia",37.53.8,v44415525
2001,0.00,"Vancouver, British Columbia",37.53.8,v44415525
2002,0.00,"Vancouver, British Columbia",37.53.8,v44415525
2003,..,"Vancouver, British Columbia",37.53.8,v44415525
2004,0.00,"Vancouver, British Columbia",37.53.8,v44415525
2005,0.00,"Vancouver, British Columbia",37.53.8,v44415525
2006,0.00,"Vancouver, British Columbia",37.53.8,v44415525
2007,0.00,"Vancouver, British Columbia",37.53.8,v44415525
2008,0.05,"Vancouver, British Columbia",37.53.8,v44415525
2009,0.00,"Vancouver, British Columbia",37.53.8,v44415525
2010,0.00,"Vancouver, British Columbia",37.53.8,v44415525
2011,0.05,"Vancouver, British Columbia",37.53.8,v44415525
2012,0.00,"Vancouver, British Columbia",37.53.8,v44415525
2013,0.05,"Vancouver, British Columbia",37.53.8,v44415525
2014,0.05,"Vancouver, British Columbia",37.53.8,v44415525
2015,0.00,"Vancouver, British Columbia",37.53.8,v44415525
2000,..,"Victoria, British Columbia",38.53.8,v44377396
2001,0.00,"Victoria, British Columbia",38.53.8,v44377396
2002,0.00,"Victoria, British Columbia",38.53.8,v44377396
2003,..,"Victoria, British Columbia",38.53.8,v44377396
2004,0.00,"Victoria, British Columbia",38.53.8,v44377396
2005,0.00,"Victoria, British Columbia",38.53.8,v44377396
2006,0.00,"Victoria, British Columbia",38.53.8,v44377396
2007,0.00,"Victoria, British Columbia",38.53.8,v44377396
2008,0.00,"Victoria, British Columbia",38.53.8,v44377396
2009,0.00,"Victoria, British Columbia",38.53.8,v44377396
2010,0.00,"Victoria, British Columbia",38.53.8,v44377396
2011,0.00,"Victoria, British Columbia",38.53.8,v44377396
2012,0.00,"Victoria, British Columbia",38.53.8,v44377396
2013,0.00,"Victoria, British Columbia",38.53.8,v44377396
2014,0.00,"Victoria, British Columbia",38.53.8,v44377396
2015,0.00,"Victoria, British Columbia",38.53.8,v44377396
2000,..,"Yukon",40.53.8,v44363844
2001,0.00,"Yukon",40.53.8,v44363844
2002,0.00,"Yukon",40.53.8,v44363844
2003,..,"Yukon",40.53.8,v44363844
2004,0.00,"Yukon",40.53.8,v44363844
2005,0.00,"Yukon",40.53.8,v44363844
2006,0.00,"Yukon",40.53.8,v44363844
2007,0.00,"Yukon",40.53.8,v44363844
2008,0.00,"Yukon",40.53.8,v44363844
2009,0.00,"Yukon",40.53.8,v44363844
2010,0.00,"Yukon",40.53.8,v44363844
2011,0.00,"Yukon",40.53.8,v44363844
2012,0.00,"Yukon",40.53.8,v44363844
2013,0.00,"Yukon",40.53.8,v44363844
2014,0.00,"Yukon",40.53.8,v44363844
2015,0.00,"Yukon",40.53.8,v44363844
2000,..,"Northwest Territories",41.53.8,v44392202
2001,0.00,"Northwest Territories",41.53.8,v44392202
2002,0.00,"Northwest Territories",41.53.8,v44392202
2003,..,"Northwest Territories",41.53.8,v44392202
2004,0.00,"Northwest Territories",41.53.8,v44392202
2005,0.00,"Northwest Territories",41.53.8,v44392202
2006,0.00,"Northwest Territories",41.53.8,v44392202
2007,0.00,"Northwest Territories",41.53.8,v44392202
2008,0.00,"Northwest Territories",41.53.8,v44392202
2009,0.00,"Northwest Territories",41.53.8,v44392202
2010,0.00,"Northwest Territories",41.53.8,v44392202
2011,0.00,"Northwest Territories",41.53.8,v44392202
2012,0.00,"Northwest Territories",41.53.8,v44392202
2013,0.00,"Northwest Territories",41.53.8,v44392202
2014,0.00,"Northwest Territories",41.53.8,v44392202
2015,0.00,"Northwest Territories",41.53.8,v44392202
2000,..,"Nunavut",42.53.8,v44350898
2001,0.00,"Nunavut",42.53.8,v44350898
2002,0.00,"Nunavut",42.53.8,v44350898
2003,..,"Nunavut",42.53.8,v44350898
2004,0.00,"Nunavut",42.53.8,v44350898
2005,0.00,"Nunavut",42.53.8,v44350898
2006,0.00,"Nunavut",42.53.8,v44350898
2007,0.00,"Nunavut",42.53.8,v44350898
2008,0.00,"Nunavut",42.53.8,v44350898
2009,0.00,"Nunavut",42.53.8,v44350898
2010,0.00,"Nunavut",42.53.8,v44350898
2011,0.00,"Nunavut",42.53.8,v44350898
2012,0.00,"Nunavut",42.53.8,v44350898
2013,0.00,"Nunavut",42.53.8,v44350898
2014,0.00,"Nunavut",42.53.8,v44350898
2015,0.00,"Nunavut",42.53.8,v44350898
