1998,17954.00,"Canada",1.111.9,v44348538
1999,16058.00,"Canada",1.111.9,v44348538
2000,17283.00,"Canada",1.111.9,v44348538
2001,18713.00,"Canada",1.111.9,v44348538
2002,18684.00,"Canada",1.111.9,v44348538
2003,19635.00,"Canada",1.111.9,v44348538
2004,20501.00,"Canada",1.111.9,v44348538
2005,21116.00,"Canada",1.111.9,v44348538
2006,25011.00,"Canada",1.111.9,v44348538
2007,25932.00,"Canada",1.111.9,v44348538
2008,26372.00,"Canada",1.111.9,v44348538
2009,26838.00,"Canada",1.111.9,v44348538
2010,27317.00,"Canada",1.111.9,v44348538
2011,26064.00,"Canada",1.111.9,v44348538
2012,28425.00,"Canada",1.111.9,v44348538
2013,27878.00,"Canada",1.111.9,v44348538
2014,28610.00,"Canada",1.111.9,v44348538
2015,28909.00,"Canada",1.111.9,v44348538
1998,378.00,"Newfoundland and Labrador",2.111.9,v44400256
1999,264.00,"Newfoundland and Labrador",2.111.9,v44400256
2000,260.00,"Newfoundland and Labrador",2.111.9,v44400256
2001,267.00,"Newfoundland and Labrador",2.111.9,v44400256
2002,252.00,"Newfoundland and Labrador",2.111.9,v44400256
2003,279.00,"Newfoundland and Labrador",2.111.9,v44400256
2004,222.00,"Newfoundland and Labrador",2.111.9,v44400256
2005,190.00,"Newfoundland and Labrador",2.111.9,v44400256
2006,210.00,"Newfoundland and Labrador",2.111.9,v44400256
2007,212.00,"Newfoundland and Labrador",2.111.9,v44400256
2008,232.00,"Newfoundland and Labrador",2.111.9,v44400256
2009,236.00,"Newfoundland and Labrador",2.111.9,v44400256
2010,303.00,"Newfoundland and Labrador",2.111.9,v44400256
2011,283.00,"Newfoundland and Labrador",2.111.9,v44400256
2012,239.00,"Newfoundland and Labrador",2.111.9,v44400256
2013,227.00,"Newfoundland and Labrador",2.111.9,v44400256
2014,269.00,"Newfoundland and Labrador",2.111.9,v44400256
2015,255.00,"Newfoundland and Labrador",2.111.9,v44400256
1998,120.00,"St. John's, Newfoundland and Labrador",3.111.9,v44394455
1999,102.00,"St. John's, Newfoundland and Labrador",3.111.9,v44394455
2000,81.00,"St. John's, Newfoundland and Labrador",3.111.9,v44394455
2001,86.00,"St. John's, Newfoundland and Labrador",3.111.9,v44394455
2002,109.00,"St. John's, Newfoundland and Labrador",3.111.9,v44394455
2003,109.00,"St. John's, Newfoundland and Labrador",3.111.9,v44394455
2004,88.00,"St. John's, Newfoundland and Labrador",3.111.9,v44394455
2005,65.00,"St. John's, Newfoundland and Labrador",3.111.9,v44394455
2006,66.00,"St. John's, Newfoundland and Labrador",3.111.9,v44394455
2007,61.00,"St. John's, Newfoundland and Labrador",3.111.9,v44394455
2008,81.00,"St. John's, Newfoundland and Labrador",3.111.9,v44394455
2009,86.00,"St. John's, Newfoundland and Labrador",3.111.9,v44394455
2010,113.00,"St. John's, Newfoundland and Labrador",3.111.9,v44394455
2011,109.00,"St. John's, Newfoundland and Labrador",3.111.9,v44394455
2012,100.00,"St. John's, Newfoundland and Labrador",3.111.9,v44394455
2013,92.00,"St. John's, Newfoundland and Labrador",3.111.9,v44394455
2014,140.00,"St. John's, Newfoundland and Labrador",3.111.9,v44394455
2015,108.00,"St. John's, Newfoundland and Labrador",3.111.9,v44394455
1998,88.00,"Prince Edward Island",4.111.9,v44369437
1999,48.00,"Prince Edward Island",4.111.9,v44369437
2000,54.00,"Prince Edward Island",4.111.9,v44369437
2001,67.00,"Prince Edward Island",4.111.9,v44369437
2002,75.00,"Prince Edward Island",4.111.9,v44369437
2003,103.00,"Prince Edward Island",4.111.9,v44369437
2004,66.00,"Prince Edward Island",4.111.9,v44369437
2005,59.00,"Prince Edward Island",4.111.9,v44369437
2006,44.00,"Prince Edward Island",4.111.9,v44369437
2007,35.00,"Prince Edward Island",4.111.9,v44369437
2008,56.00,"Prince Edward Island",4.111.9,v44369437
2009,43.00,"Prince Edward Island",4.111.9,v44369437
2010,60.00,"Prince Edward Island",4.111.9,v44369437
2011,44.00,"Prince Edward Island",4.111.9,v44369437
2012,70.00,"Prince Edward Island",4.111.9,v44369437
2013,52.00,"Prince Edward Island",4.111.9,v44369437
2014,58.00,"Prince Edward Island",4.111.9,v44369437
2015,67.00,"Prince Edward Island",4.111.9,v44369437
1998,892.00,"Nova Scotia",5.111.9,v44326845
1999,723.00,"Nova Scotia",5.111.9,v44326845
2000,603.00,"Nova Scotia",5.111.9,v44326845
2001,685.00,"Nova Scotia",5.111.9,v44326845
2002,621.00,"Nova Scotia",5.111.9,v44326845
2003,671.00,"Nova Scotia",5.111.9,v44326845
2004,561.00,"Nova Scotia",5.111.9,v44326845
2005,482.00,"Nova Scotia",5.111.9,v44326845
2006,601.00,"Nova Scotia",5.111.9,v44326845
2007,598.00,"Nova Scotia",5.111.9,v44326845
2008,754.00,"Nova Scotia",5.111.9,v44326845
2009,726.00,"Nova Scotia",5.111.9,v44326845
2010,573.00,"Nova Scotia",5.111.9,v44326845
2011,608.00,"Nova Scotia",5.111.9,v44326845
2012,627.00,"Nova Scotia",5.111.9,v44326845
2013,608.00,"Nova Scotia",5.111.9,v44326845
2014,585.00,"Nova Scotia",5.111.9,v44326845
2015,537.00,"Nova Scotia",5.111.9,v44326845
1998,195.00,"Halifax, Nova Scotia",6.111.9,v44369129
1999,115.00,"Halifax, Nova Scotia",6.111.9,v44369129
2000,85.00,"Halifax, Nova Scotia",6.111.9,v44369129
2001,101.00,"Halifax, Nova Scotia",6.111.9,v44369129
2002,91.00,"Halifax, Nova Scotia",6.111.9,v44369129
2003,82.00,"Halifax, Nova Scotia",6.111.9,v44369129
2004,120.00,"Halifax, Nova Scotia",6.111.9,v44369129
2005,74.00,"Halifax, Nova Scotia",6.111.9,v44369129
2006,118.00,"Halifax, Nova Scotia",6.111.9,v44369129
2007,160.00,"Halifax, Nova Scotia",6.111.9,v44369129
2008,189.00,"Halifax, Nova Scotia",6.111.9,v44369129
2009,152.00,"Halifax, Nova Scotia",6.111.9,v44369129
2010,193.00,"Halifax, Nova Scotia",6.111.9,v44369129
2011,298.00,"Halifax, Nova Scotia",6.111.9,v44369129
2012,333.00,"Halifax, Nova Scotia",6.111.9,v44369129
2013,314.00,"Halifax, Nova Scotia",6.111.9,v44369129
2014,297.00,"Halifax, Nova Scotia",6.111.9,v44369129
2015,292.00,"Halifax, Nova Scotia",6.111.9,v44369129
1998,793.00,"New Brunswick",7.111.9,v44352517
1999,743.00,"New Brunswick",7.111.9,v44352517
2000,502.00,"New Brunswick",7.111.9,v44352517
2001,525.00,"New Brunswick",7.111.9,v44352517
2002,521.00,"New Brunswick",7.111.9,v44352517
2003,483.00,"New Brunswick",7.111.9,v44352517
2004,497.00,"New Brunswick",7.111.9,v44352517
2005,569.00,"New Brunswick",7.111.9,v44352517
2006,617.00,"New Brunswick",7.111.9,v44352517
2007,632.00,"New Brunswick",7.111.9,v44352517
2008,669.00,"New Brunswick",7.111.9,v44352517
2009,676.00,"New Brunswick",7.111.9,v44352517
2010,649.00,"New Brunswick",7.111.9,v44352517
2011,679.00,"New Brunswick",7.111.9,v44352517
2012,681.00,"New Brunswick",7.111.9,v44352517
2013,650.00,"New Brunswick",7.111.9,v44352517
2014,609.00,"New Brunswick",7.111.9,v44352517
2015,668.00,"New Brunswick",7.111.9,v44352517
2005,..,"Moncton, New Brunswick",43.111.9,v52121415
2006,91.00,"Moncton, New Brunswick",43.111.9,v52121415
2007,103.00,"Moncton, New Brunswick",43.111.9,v52121415
2008,117.00,"Moncton, New Brunswick",43.111.9,v52121415
2009,147.00,"Moncton, New Brunswick",43.111.9,v52121415
2010,162.00,"Moncton, New Brunswick",43.111.9,v52121415
2011,144.00,"Moncton, New Brunswick",43.111.9,v52121415
2012,146.00,"Moncton, New Brunswick",43.111.9,v52121415
2013,130.00,"Moncton, New Brunswick",43.111.9,v52121415
2014,167.00,"Moncton, New Brunswick",43.111.9,v52121415
2015,201.00,"Moncton, New Brunswick",43.111.9,v52121415
1998,180.00,"Saint John, New Brunswick",8.111.9,v44377382
1999,284.00,"Saint John, New Brunswick",8.111.9,v44377382
2000,132.00,"Saint John, New Brunswick",8.111.9,v44377382
2001,110.00,"Saint John, New Brunswick",8.111.9,v44377382
2002,101.00,"Saint John, New Brunswick",8.111.9,v44377382
2003,91.00,"Saint John, New Brunswick",8.111.9,v44377382
2004,98.00,"Saint John, New Brunswick",8.111.9,v44377382
2005,119.00,"Saint John, New Brunswick",8.111.9,v44377382
2006,106.00,"Saint John, New Brunswick",8.111.9,v44377382
2007,120.00,"Saint John, New Brunswick",8.111.9,v44377382
2008,126.00,"Saint John, New Brunswick",8.111.9,v44377382
2009,122.00,"Saint John, New Brunswick",8.111.9,v44377382
2010,85.00,"Saint John, New Brunswick",8.111.9,v44377382
2011,125.00,"Saint John, New Brunswick",8.111.9,v44377382
2012,127.00,"Saint John, New Brunswick",8.111.9,v44377382
2013,139.00,"Saint John, New Brunswick",8.111.9,v44377382
2014,108.00,"Saint John, New Brunswick",8.111.9,v44377382
2015,100.00,"Saint John, New Brunswick",8.111.9,v44377382
1998,3032.00,"Quebec",9.111.9,v44380270
1999,3199.00,"Quebec",9.111.9,v44380270
2000,3565.00,"Quebec",9.111.9,v44380270
2001,3937.00,"Quebec",9.111.9,v44380270
2002,3862.00,"Quebec",9.111.9,v44380270
2003,4163.00,"Quebec",9.111.9,v44380270
2004,4268.00,"Quebec",9.111.9,v44380270
2005,4683.00,"Quebec",9.111.9,v44380270
2006,5515.00,"Quebec",9.111.9,v44380270
2007,6326.00,"Quebec",9.111.9,v44380270
2008,5405.00,"Quebec",9.111.9,v44380270
2009,5756.00,"Quebec",9.111.9,v44380270
2010,5682.00,"Quebec",9.111.9,v44380270
2011,4782.00,"Quebec",9.111.9,v44380270
2012,5553.00,"Quebec",9.111.9,v44380270
2013,5417.00,"Quebec",9.111.9,v44380270
2014,6371.00,"Quebec",9.111.9,v44380270
2015,6430.00,"Quebec",9.111.9,v44380270
1998,67.00,"Saguenay, Quebec",10.111.9,v44416497
1999,73.00,"Saguenay, Quebec",10.111.9,v44416497
2000,92.00,"Saguenay, Quebec",10.111.9,v44416497
2001,102.00,"Saguenay, Quebec",10.111.9,v44416497
2002,78.00,"Saguenay, Quebec",10.111.9,v44416497
2003,69.00,"Saguenay, Quebec",10.111.9,v44416497
2004,62.00,"Saguenay, Quebec",10.111.9,v44416497
2005,56.00,"Saguenay, Quebec",10.111.9,v44416497
2006,71.00,"Saguenay, Quebec",10.111.9,v44416497
2007,146.00,"Saguenay, Quebec",10.111.9,v44416497
2008,74.00,"Saguenay, Quebec",10.111.9,v44416497
2009,76.00,"Saguenay, Quebec",10.111.9,v44416497
2010,77.00,"Saguenay, Quebec",10.111.9,v44416497
2011,72.00,"Saguenay, Quebec",10.111.9,v44416497
2012,63.00,"Saguenay, Quebec",10.111.9,v44416497
2013,74.00,"Saguenay, Quebec",10.111.9,v44416497
2014,139.00,"Saguenay, Quebec",10.111.9,v44416497
2015,103.00,"Saguenay, Quebec",10.111.9,v44416497
1998,27.00,"Sherbrooke, Quebec",12.111.9,v44416070
1999,30.00,"Sherbrooke, Quebec",12.111.9,v44416070
2000,31.00,"Sherbrooke, Quebec",12.111.9,v44416070
2001,29.00,"Sherbrooke, Quebec",12.111.9,v44416070
2002,89.00,"Sherbrooke, Quebec",12.111.9,v44416070
2003,93.00,"Sherbrooke, Quebec",12.111.9,v44416070
2004,99.00,"Sherbrooke, Quebec",12.111.9,v44416070
2005,178.00,"Sherbrooke, Quebec",12.111.9,v44416070
2006,215.00,"Sherbrooke, Quebec",12.111.9,v44416070
2007,210.00,"Sherbrooke, Quebec",12.111.9,v44416070
2008,144.00,"Sherbrooke, Quebec",12.111.9,v44416070
2009,327.00,"Sherbrooke, Quebec",12.111.9,v44416070
2010,391.00,"Sherbrooke, Quebec",12.111.9,v44416070
2011,362.00,"Sherbrooke, Quebec",12.111.9,v44416070
2012,363.00,"Sherbrooke, Quebec",12.111.9,v44416070
2013,387.00,"Sherbrooke, Quebec",12.111.9,v44416070
2014,321.00,"Sherbrooke, Quebec",12.111.9,v44416070
2015,437.00,"Sherbrooke, Quebec",12.111.9,v44416070
1998,506.00,"Ottawa-Gatineau, Quebec part",15.111.9,v44346322
1999,400.00,"Ottawa-Gatineau, Quebec part",15.111.9,v44346322
2000,397.00,"Ottawa-Gatineau, Quebec part",15.111.9,v44346322
2001,288.00,"Ottawa-Gatineau, Quebec part",15.111.9,v44346322
2002,279.00,"Ottawa-Gatineau, Quebec part",15.111.9,v44346322
2003,204.00,"Ottawa-Gatineau, Quebec part",15.111.9,v44346322
2004,148.00,"Ottawa-Gatineau, Quebec part",15.111.9,v44346322
2005,167.00,"Ottawa-Gatineau, Quebec part",15.111.9,v44346322
2006,311.00,"Ottawa-Gatineau, Quebec part",15.111.9,v44346322
2007,532.00,"Ottawa-Gatineau, Quebec part",15.111.9,v44346322
2008,530.00,"Ottawa-Gatineau, Quebec part",15.111.9,v44346322
2009,591.00,"Ottawa-Gatineau, Quebec part",15.111.9,v44346322
2010,488.00,"Ottawa-Gatineau, Quebec part",15.111.9,v44346322
2011,423.00,"Ottawa-Gatineau, Quebec part",15.111.9,v44346322
2012,484.00,"Ottawa-Gatineau, Quebec part",15.111.9,v44346322
2013,450.00,"Ottawa-Gatineau, Quebec part",15.111.9,v44346322
2014,532.00,"Ottawa-Gatineau, Quebec part",15.111.9,v44346322
2015,534.00,"Ottawa-Gatineau, Quebec part",15.111.9,v44346322
1998,5779.00,"Ontario",16.111.9,v44365575
1999,5347.00,"Ontario",16.111.9,v44365575
2000,6040.00,"Ontario",16.111.9,v44365575
2001,6330.00,"Ontario",16.111.9,v44365575
2002,6397.00,"Ontario",16.111.9,v44365575
2003,6839.00,"Ontario",16.111.9,v44365575
2004,7311.00,"Ontario",16.111.9,v44365575
2005,7754.00,"Ontario",16.111.9,v44365575
2006,9141.00,"Ontario",16.111.9,v44365575
2007,9318.00,"Ontario",16.111.9,v44365575
2008,9557.00,"Ontario",16.111.9,v44365575
2009,8803.00,"Ontario",16.111.9,v44365575
2010,8753.00,"Ontario",16.111.9,v44365575
2011,8701.00,"Ontario",16.111.9,v44365575
2012,9252.00,"Ontario",16.111.9,v44365575
2013,9067.00,"Ontario",16.111.9,v44365575
2014,8885.00,"Ontario",16.111.9,v44365575
2015,9157.00,"Ontario",16.111.9,v44365575
1998,710.00,"Ottawa-Gatineau, Ontario/Quebec",17.111.9,v52147125
1999,507.00,"Ottawa-Gatineau, Ontario/Quebec",17.111.9,v52147125
2000,548.00,"Ottawa-Gatineau, Ontario/Quebec",17.111.9,v52147125
2001,554.00,"Ottawa-Gatineau, Ontario/Quebec",17.111.9,v52147125
2002,513.00,"Ottawa-Gatineau, Ontario/Quebec",17.111.9,v52147125
2003,385.00,"Ottawa-Gatineau, Ontario/Quebec",17.111.9,v52147125
2004,344.00,"Ottawa-Gatineau, Ontario/Quebec",17.111.9,v52147125
2005,400.00,"Ottawa-Gatineau, Ontario/Quebec",17.111.9,v52147125
2006,563.00,"Ottawa-Gatineau, Ontario/Quebec",17.111.9,v52147125
2007,706.00,"Ottawa-Gatineau, Ontario/Quebec",17.111.9,v52147125
2008,751.00,"Ottawa-Gatineau, Ontario/Quebec",17.111.9,v52147125
2009,801.00,"Ottawa-Gatineau, Ontario/Quebec",17.111.9,v52147125
2010,709.00,"Ottawa-Gatineau, Ontario/Quebec",17.111.9,v52147125
2011,580.00,"Ottawa-Gatineau, Ontario/Quebec",17.111.9,v52147125
2012,714.00,"Ottawa-Gatineau, Ontario/Quebec",17.111.9,v52147125
2013,637.00,"Ottawa-Gatineau, Ontario/Quebec",17.111.9,v52147125
2014,781.00,"Ottawa-Gatineau, Ontario/Quebec",17.111.9,v52147125
2015,766.00,"Ottawa-Gatineau, Ontario/Quebec",17.111.9,v52147125
1998,204.00,"Ottawa-Gatineau, Ontario part",18.111.9,v44392241
1999,107.00,"Ottawa-Gatineau, Ontario part",18.111.9,v44392241
2000,151.00,"Ottawa-Gatineau, Ontario part",18.111.9,v44392241
2001,266.00,"Ottawa-Gatineau, Ontario part",18.111.9,v44392241
2002,234.00,"Ottawa-Gatineau, Ontario part",18.111.9,v44392241
2003,181.00,"Ottawa-Gatineau, Ontario part",18.111.9,v44392241
2004,196.00,"Ottawa-Gatineau, Ontario part",18.111.9,v44392241
2005,233.00,"Ottawa-Gatineau, Ontario part",18.111.9,v44392241
2006,252.00,"Ottawa-Gatineau, Ontario part",18.111.9,v44392241
2007,174.00,"Ottawa-Gatineau, Ontario part",18.111.9,v44392241
2008,221.00,"Ottawa-Gatineau, Ontario part",18.111.9,v44392241
2009,210.00,"Ottawa-Gatineau, Ontario part",18.111.9,v44392241
2010,221.00,"Ottawa-Gatineau, Ontario part",18.111.9,v44392241
2011,157.00,"Ottawa-Gatineau, Ontario part",18.111.9,v44392241
2012,230.00,"Ottawa-Gatineau, Ontario part",18.111.9,v44392241
2013,187.00,"Ottawa-Gatineau, Ontario part",18.111.9,v44392241
2014,249.00,"Ottawa-Gatineau, Ontario part",18.111.9,v44392241
2015,232.00,"Ottawa-Gatineau, Ontario part",18.111.9,v44392241
2000,..,"Kingston, Ontario",27.111.9,v44402824
2001,144.00,"Kingston, Ontario",27.111.9,v44402824
2002,146.00,"Kingston, Ontario",27.111.9,v44402824
2003,132.00,"Kingston, Ontario",27.111.9,v44402824
2004,102.00,"Kingston, Ontario",27.111.9,v44402824
2005,132.00,"Kingston, Ontario",27.111.9,v44402824
2006,164.00,"Kingston, Ontario",27.111.9,v44402824
2007,172.00,"Kingston, Ontario",27.111.9,v44402824
2008,207.00,"Kingston, Ontario",27.111.9,v44402824
2009,186.00,"Kingston, Ontario",27.111.9,v44402824
2010,192.00,"Kingston, Ontario",27.111.9,v44402824
2011,226.00,"Kingston, Ontario",27.111.9,v44402824
2012,278.00,"Kingston, Ontario",27.111.9,v44402824
2013,322.00,"Kingston, Ontario",27.111.9,v44402824
2014,286.00,"Kingston, Ontario",27.111.9,v44402824
2015,280.00,"Kingston, Ontario",27.111.9,v44402824
2005,..,"Peterborough, Ontario",44.111.9,v52122857
2006,226.00,"Peterborough, Ontario",44.111.9,v52122857
2007,254.00,"Peterborough, Ontario",44.111.9,v52122857
2008,219.00,"Peterborough, Ontario",44.111.9,v52122857
2009,206.00,"Peterborough, Ontario",44.111.9,v52122857
2010,274.00,"Peterborough, Ontario",44.111.9,v52122857
2011,237.00,"Peterborough, Ontario",44.111.9,v52122857
2012,311.00,"Peterborough, Ontario",44.111.9,v52122857
2013,256.00,"Peterborough, Ontario",44.111.9,v52122857
2014,230.00,"Peterborough, Ontario",44.111.9,v52122857
2015,225.00,"Peterborough, Ontario",44.111.9,v52122857
1998,1703.00,"Toronto, Ontario",19.111.9,v44343819
1999,1708.00,"Toronto, Ontario",19.111.9,v44343819
2000,1935.00,"Toronto, Ontario",19.111.9,v44343819
2001,1908.00,"Toronto, Ontario",19.111.9,v44343819
2002,1856.00,"Toronto, Ontario",19.111.9,v44343819
2003,2217.00,"Toronto, Ontario",19.111.9,v44343819
2004,2439.00,"Toronto, Ontario",19.111.9,v44343819
2005,2511.00,"Toronto, Ontario",19.111.9,v44343819
2006,2321.00,"Toronto, Ontario",19.111.9,v44343819
2007,2524.00,"Toronto, Ontario",19.111.9,v44343819
2008,3183.00,"Toronto, Ontario",19.111.9,v44343819
2009,2608.00,"Toronto, Ontario",19.111.9,v44343819
2010,2351.00,"Toronto, Ontario",19.111.9,v44343819
2011,2240.00,"Toronto, Ontario",19.111.9,v44343819
2012,2362.00,"Toronto, Ontario",19.111.9,v44343819
2013,2371.00,"Toronto, Ontario",19.111.9,v44343819
2014,2423.00,"Toronto, Ontario",19.111.9,v44343819
2015,2593.00,"Toronto, Ontario",19.111.9,v44343819
1998,236.00,"Hamilton, Ontario",20.111.9,v44359879
1999,209.00,"Hamilton, Ontario",20.111.9,v44359879
2000,214.00,"Hamilton, Ontario",20.111.9,v44359879
2001,243.00,"Hamilton, Ontario",20.111.9,v44359879
2002,198.00,"Hamilton, Ontario",20.111.9,v44359879
2003,185.00,"Hamilton, Ontario",20.111.9,v44359879
2004,189.00,"Hamilton, Ontario",20.111.9,v44359879
2005,215.00,"Hamilton, Ontario",20.111.9,v44359879
2006,835.00,"Hamilton, Ontario",20.111.9,v44359879
2007,780.00,"Hamilton, Ontario",20.111.9,v44359879
2008,727.00,"Hamilton, Ontario",20.111.9,v44359879
2009,700.00,"Hamilton, Ontario",20.111.9,v44359879
2010,604.00,"Hamilton, Ontario",20.111.9,v44359879
2011,586.00,"Hamilton, Ontario",20.111.9,v44359879
2012,540.00,"Hamilton, Ontario",20.111.9,v44359879
2013,606.00,"Hamilton, Ontario",20.111.9,v44359879
2014,547.00,"Hamilton, Ontario",20.111.9,v44359879
2015,610.00,"Hamilton, Ontario",20.111.9,v44359879
1998,51.00,"St.Catharines-Niagara, Ontario",21.111.9,v44364078
1999,64.00,"St.Catharines-Niagara, Ontario",21.111.9,v44364078
2000,98.00,"St.Catharines-Niagara, Ontario",21.111.9,v44364078
2001,95.00,"St.Catharines-Niagara, Ontario",21.111.9,v44364078
2002,135.00,"St.Catharines-Niagara, Ontario",21.111.9,v44364078
2003,102.00,"St.Catharines-Niagara, Ontario",21.111.9,v44364078
2004,91.00,"St.Catharines-Niagara, Ontario",21.111.9,v44364078
2005,111.00,"St.Catharines-Niagara, Ontario",21.111.9,v44364078
2006,288.00,"St.Catharines-Niagara, Ontario",21.111.9,v44364078
2007,309.00,"St.Catharines-Niagara, Ontario",21.111.9,v44364078
2008,291.00,"St.Catharines-Niagara, Ontario",21.111.9,v44364078
2009,289.00,"St.Catharines-Niagara, Ontario",21.111.9,v44364078
2010,325.00,"St.Catharines-Niagara, Ontario",21.111.9,v44364078
2011,309.00,"St.Catharines-Niagara, Ontario",21.111.9,v44364078
2012,358.00,"St.Catharines-Niagara, Ontario",21.111.9,v44364078
2013,367.00,"St.Catharines-Niagara, Ontario",21.111.9,v44364078
2014,368.00,"St.Catharines-Niagara, Ontario",21.111.9,v44364078
2015,333.00,"St.Catharines-Niagara, Ontario",21.111.9,v44364078
1998,312.00,"Kitchener-Cambridge-Waterloo, Ontario",22.111.9,v44408325
1999,329.00,"Kitchener-Cambridge-Waterloo, Ontario",22.111.9,v44408325
2000,396.00,"Kitchener-Cambridge-Waterloo, Ontario",22.111.9,v44408325
2001,346.00,"Kitchener-Cambridge-Waterloo, Ontario",22.111.9,v44408325
2002,409.00,"Kitchener-Cambridge-Waterloo, Ontario",22.111.9,v44408325
2003,395.00,"Kitchener-Cambridge-Waterloo, Ontario",22.111.9,v44408325
2004,399.00,"Kitchener-Cambridge-Waterloo, Ontario",22.111.9,v44408325
2005,457.00,"Kitchener-Cambridge-Waterloo, Ontario",22.111.9,v44408325
2006,539.00,"Kitchener-Cambridge-Waterloo, Ontario",22.111.9,v44408325
2007,632.00,"Kitchener-Cambridge-Waterloo, Ontario",22.111.9,v44408325
2008,412.00,"Kitchener-Cambridge-Waterloo, Ontario",22.111.9,v44408325
2009,540.00,"Kitchener-Cambridge-Waterloo, Ontario",22.111.9,v44408325
2010,610.00,"Kitchener-Cambridge-Waterloo, Ontario",22.111.9,v44408325
2011,586.00,"Kitchener-Cambridge-Waterloo, Ontario",22.111.9,v44408325
2012,673.00,"Kitchener-Cambridge-Waterloo, Ontario",22.111.9,v44408325
2013,667.00,"Kitchener-Cambridge-Waterloo, Ontario",22.111.9,v44408325
2014,721.00,"Kitchener-Cambridge-Waterloo, Ontario",22.111.9,v44408325
2015,754.00,"Kitchener-Cambridge-Waterloo, Ontario",22.111.9,v44408325
2005,..,"Brantford, Ontario",45.111.9,v52124469
2006,247.00,"Brantford, Ontario",45.111.9,v52124469
2007,228.00,"Brantford, Ontario",45.111.9,v52124469
2008,159.00,"Brantford, Ontario",45.111.9,v52124469
2009,149.00,"Brantford, Ontario",45.111.9,v52124469
2010,158.00,"Brantford, Ontario",45.111.9,v52124469
2011,156.00,"Brantford, Ontario",45.111.9,v52124469
2012,137.00,"Brantford, Ontario",45.111.9,v52124469
2013,121.00,"Brantford, Ontario",45.111.9,v52124469
2014,120.00,"Brantford, Ontario",45.111.9,v52124469
2015,110.00,"Brantford, Ontario",45.111.9,v52124469
2005,..,"Guelph, Ontario",46.111.9,v52125333
2006,102.00,"Guelph, Ontario",46.111.9,v52125333
2007,81.00,"Guelph, Ontario",46.111.9,v52125333
2008,63.00,"Guelph, Ontario",46.111.9,v52125333
2009,86.00,"Guelph, Ontario",46.111.9,v52125333
2010,94.00,"Guelph, Ontario",46.111.9,v52125333
2011,91.00,"Guelph, Ontario",46.111.9,v52125333
2012,84.00,"Guelph, Ontario",46.111.9,v52125333
2013,103.00,"Guelph, Ontario",46.111.9,v52125333
2014,100.00,"Guelph, Ontario",46.111.9,v52125333
2015,129.00,"Guelph, Ontario",46.111.9,v52125333
1998,208.00,"London, Ontario",23.111.9,v44371815
1999,267.00,"London, Ontario",23.111.9,v44371815
2000,328.00,"London, Ontario",23.111.9,v44371815
2001,296.00,"London, Ontario",23.111.9,v44371815
2002,293.00,"London, Ontario",23.111.9,v44371815
2003,321.00,"London, Ontario",23.111.9,v44371815
2004,404.00,"London, Ontario",23.111.9,v44371815
2005,516.00,"London, Ontario",23.111.9,v44371815
2006,620.00,"London, Ontario",23.111.9,v44371815
2007,524.00,"London, Ontario",23.111.9,v44371815
2008,551.00,"London, Ontario",23.111.9,v44371815
2009,527.00,"London, Ontario",23.111.9,v44371815
2010,586.00,"London, Ontario",23.111.9,v44371815
2011,676.00,"London, Ontario",23.111.9,v44371815
2012,695.00,"London, Ontario",23.111.9,v44371815
2013,644.00,"London, Ontario",23.111.9,v44371815
2014,461.00,"London, Ontario",23.111.9,v44371815
2015,350.00,"London, Ontario",23.111.9,v44371815
1998,225.00,"Windsor, Ontario",24.111.9,v44406168
1999,173.00,"Windsor, Ontario",24.111.9,v44406168
2000,238.00,"Windsor, Ontario",24.111.9,v44406168
2001,362.00,"Windsor, Ontario",24.111.9,v44406168
2002,331.00,"Windsor, Ontario",24.111.9,v44406168
2003,452.00,"Windsor, Ontario",24.111.9,v44406168
2004,584.00,"Windsor, Ontario",24.111.9,v44406168
2005,480.00,"Windsor, Ontario",24.111.9,v44406168
2006,618.00,"Windsor, Ontario",24.111.9,v44406168
2007,550.00,"Windsor, Ontario",24.111.9,v44406168
2008,424.00,"Windsor, Ontario",24.111.9,v44406168
2009,323.00,"Windsor, Ontario",24.111.9,v44406168
2010,384.00,"Windsor, Ontario",24.111.9,v44406168
2011,362.00,"Windsor, Ontario",24.111.9,v44406168
2012,319.00,"Windsor, Ontario",24.111.9,v44406168
2013,388.00,"Windsor, Ontario",24.111.9,v44406168
2014,382.00,"Windsor, Ontario",24.111.9,v44406168
2015,387.00,"Windsor, Ontario",24.111.9,v44406168
2005,..,"Barrie, Ontario",47.111.9,v52145350
2006,255.00,"Barrie, Ontario",47.111.9,v52145350
2007,323.00,"Barrie, Ontario",47.111.9,v52145350
2008,256.00,"Barrie, Ontario",47.111.9,v52145350
2009,211.00,"Barrie, Ontario",47.111.9,v52145350
2010,198.00,"Barrie, Ontario",47.111.9,v52145350
2011,192.00,"Barrie, Ontario",47.111.9,v52145350
2012,196.00,"Barrie, Ontario",47.111.9,v52145350
2013,194.00,"Barrie, Ontario",47.111.9,v52145350
2014,227.00,"Barrie, Ontario",47.111.9,v52145350
2015,207.00,"Barrie, Ontario",47.111.9,v52145350
1998,84.00,"Sudbury, Ontario",25.111.9,v44406570
1999,103.00,"Sudbury, Ontario",25.111.9,v44406570
2000,126.00,"Sudbury, Ontario",25.111.9,v44406570
2001,146.00,"Sudbury, Ontario",25.111.9,v44406570
2002,130.00,"Sudbury, Ontario",25.111.9,v44406570
2003,130.00,"Sudbury, Ontario",25.111.9,v44406570
2004,130.00,"Sudbury, Ontario",25.111.9,v44406570
2005,139.00,"Sudbury, Ontario",25.111.9,v44406570
2006,174.00,"Sudbury, Ontario",25.111.9,v44406570
2007,161.00,"Sudbury, Ontario",25.111.9,v44406570
2008,185.00,"Sudbury, Ontario",25.111.9,v44406570
2009,190.00,"Sudbury, Ontario",25.111.9,v44406570
2010,177.00,"Sudbury, Ontario",25.111.9,v44406570
2011,201.00,"Sudbury, Ontario",25.111.9,v44406570
2012,258.00,"Sudbury, Ontario",25.111.9,v44406570
2013,253.00,"Sudbury, Ontario",25.111.9,v44406570
2014,222.00,"Sudbury, Ontario",25.111.9,v44406570
2015,242.00,"Sudbury, Ontario",25.111.9,v44406570
1998,224.00,"Thunder Bay, Ontario",26.111.9,v44412504
1999,215.00,"Thunder Bay, Ontario",26.111.9,v44412504
2000,291.00,"Thunder Bay, Ontario",26.111.9,v44412504
2001,277.00,"Thunder Bay, Ontario",26.111.9,v44412504
2002,265.00,"Thunder Bay, Ontario",26.111.9,v44412504
2003,292.00,"Thunder Bay, Ontario",26.111.9,v44412504
2004,295.00,"Thunder Bay, Ontario",26.111.9,v44412504
2005,279.00,"Thunder Bay, Ontario",26.111.9,v44412504
2006,353.00,"Thunder Bay, Ontario",26.111.9,v44412504
2007,354.00,"Thunder Bay, Ontario",26.111.9,v44412504
2008,329.00,"Thunder Bay, Ontario",26.111.9,v44412504
2009,297.00,"Thunder Bay, Ontario",26.111.9,v44412504
2010,339.00,"Thunder Bay, Ontario",26.111.9,v44412504
2011,394.00,"Thunder Bay, Ontario",26.111.9,v44412504
2012,415.00,"Thunder Bay, Ontario",26.111.9,v44412504
2013,345.00,"Thunder Bay, Ontario",26.111.9,v44412504
2014,320.00,"Thunder Bay, Ontario",26.111.9,v44412504
2015,297.00,"Thunder Bay, Ontario",26.111.9,v44412504
1998,1109.00,"Manitoba",28.111.9,v44351230
1999,891.00,"Manitoba",28.111.9,v44351230
2000,1024.00,"Manitoba",28.111.9,v44351230
2001,1259.00,"Manitoba",28.111.9,v44351230
2002,1363.00,"Manitoba",28.111.9,v44351230
2003,1363.00,"Manitoba",28.111.9,v44351230
2004,1283.00,"Manitoba",28.111.9,v44351230
2005,1086.00,"Manitoba",28.111.9,v44351230
2006,1111.00,"Manitoba",28.111.9,v44351230
2007,1117.00,"Manitoba",28.111.9,v44351230
2008,1234.00,"Manitoba",28.111.9,v44351230
2009,1214.00,"Manitoba",28.111.9,v44351230
2010,1339.00,"Manitoba",28.111.9,v44351230
2011,1382.00,"Manitoba",28.111.9,v44351230
2012,1897.00,"Manitoba",28.111.9,v44351230
2013,2057.00,"Manitoba",28.111.9,v44351230
2014,2087.00,"Manitoba",28.111.9,v44351230
2015,1913.00,"Manitoba",28.111.9,v44351230
1998,442.00,"Winnipeg, Manitoba",29.111.9,v44362609
1999,435.00,"Winnipeg, Manitoba",29.111.9,v44362609
2000,506.00,"Winnipeg, Manitoba",29.111.9,v44362609
2001,664.00,"Winnipeg, Manitoba",29.111.9,v44362609
2002,767.00,"Winnipeg, Manitoba",29.111.9,v44362609
2003,755.00,"Winnipeg, Manitoba",29.111.9,v44362609
2004,717.00,"Winnipeg, Manitoba",29.111.9,v44362609
2005,459.00,"Winnipeg, Manitoba",29.111.9,v44362609
2006,420.00,"Winnipeg, Manitoba",29.111.9,v44362609
2007,444.00,"Winnipeg, Manitoba",29.111.9,v44362609
2008,490.00,"Winnipeg, Manitoba",29.111.9,v44362609
2009,554.00,"Winnipeg, Manitoba",29.111.9,v44362609
2010,574.00,"Winnipeg, Manitoba",29.111.9,v44362609
2011,578.00,"Winnipeg, Manitoba",29.111.9,v44362609
2012,697.00,"Winnipeg, Manitoba",29.111.9,v44362609
2013,798.00,"Winnipeg, Manitoba",29.111.9,v44362609
2014,760.00,"Winnipeg, Manitoba",29.111.9,v44362609
2015,756.00,"Winnipeg, Manitoba",29.111.9,v44362609
1998,1999.00,"Saskatchewan",30.111.9,v44401451
1999,1512.00,"Saskatchewan",30.111.9,v44401451
2000,1657.00,"Saskatchewan",30.111.9,v44401451
2001,2016.00,"Saskatchewan",30.111.9,v44401451
2002,1919.00,"Saskatchewan",30.111.9,v44401451
2003,2121.00,"Saskatchewan",30.111.9,v44401451
2004,2166.00,"Saskatchewan",30.111.9,v44401451
2005,2039.00,"Saskatchewan",30.111.9,v44401451
2006,2835.00,"Saskatchewan",30.111.9,v44401451
2007,2847.00,"Saskatchewan",30.111.9,v44401451
2008,3022.00,"Saskatchewan",30.111.9,v44401451
2009,3256.00,"Saskatchewan",30.111.9,v44401451
2010,3278.00,"Saskatchewan",30.111.9,v44401451
2011,3225.00,"Saskatchewan",30.111.9,v44401451
2012,3343.00,"Saskatchewan",30.111.9,v44401451
2013,3361.00,"Saskatchewan",30.111.9,v44401451
2014,3517.00,"Saskatchewan",30.111.9,v44401451
2015,3367.00,"Saskatchewan",30.111.9,v44401451
1998,438.00,"Regina, Saskatchewan",31.111.9,v44389537
1999,490.00,"Regina, Saskatchewan",31.111.9,v44389537
2000,422.00,"Regina, Saskatchewan",31.111.9,v44389537
2001,520.00,"Regina, Saskatchewan",31.111.9,v44389537
2002,522.00,"Regina, Saskatchewan",31.111.9,v44389537
2003,521.00,"Regina, Saskatchewan",31.111.9,v44389537
2004,520.00,"Regina, Saskatchewan",31.111.9,v44389537
2005,551.00,"Regina, Saskatchewan",31.111.9,v44389537
2006,665.00,"Regina, Saskatchewan",31.111.9,v44389537
2007,545.00,"Regina, Saskatchewan",31.111.9,v44389537
2008,529.00,"Regina, Saskatchewan",31.111.9,v44389537
2009,694.00,"Regina, Saskatchewan",31.111.9,v44389537
2010,608.00,"Regina, Saskatchewan",31.111.9,v44389537
2011,570.00,"Regina, Saskatchewan",31.111.9,v44389537
2012,645.00,"Regina, Saskatchewan",31.111.9,v44389537
2013,565.00,"Regina, Saskatchewan",31.111.9,v44389537
2014,512.00,"Regina, Saskatchewan",31.111.9,v44389537
2015,590.00,"Regina, Saskatchewan",31.111.9,v44389537
1998,484.00,"Saskatoon, Saskatchewan",32.111.9,v44416054
1999,236.00,"Saskatoon, Saskatchewan",32.111.9,v44416054
2000,422.00,"Saskatoon, Saskatchewan",32.111.9,v44416054
2001,519.00,"Saskatoon, Saskatchewan",32.111.9,v44416054
2002,572.00,"Saskatoon, Saskatchewan",32.111.9,v44416054
2003,549.00,"Saskatoon, Saskatchewan",32.111.9,v44416054
2004,569.00,"Saskatoon, Saskatchewan",32.111.9,v44416054
2005,576.00,"Saskatoon, Saskatchewan",32.111.9,v44416054
2006,631.00,"Saskatoon, Saskatchewan",32.111.9,v44416054
2007,818.00,"Saskatoon, Saskatchewan",32.111.9,v44416054
2008,960.00,"Saskatoon, Saskatchewan",32.111.9,v44416054
2009,996.00,"Saskatoon, Saskatchewan",32.111.9,v44416054
2010,1006.00,"Saskatoon, Saskatchewan",32.111.9,v44416054
2011,1029.00,"Saskatoon, Saskatchewan",32.111.9,v44416054
2012,999.00,"Saskatoon, Saskatchewan",32.111.9,v44416054
2013,986.00,"Saskatoon, Saskatchewan",32.111.9,v44416054
2014,1041.00,"Saskatoon, Saskatchewan",32.111.9,v44416054
2015,1097.00,"Saskatoon, Saskatchewan",32.111.9,v44416054
1998,1313.00,"Alberta",33.111.9,v44378191
1999,1133.00,"Alberta",33.111.9,v44378191
2000,1295.00,"Alberta",33.111.9,v44378191
2001,1332.00,"Alberta",33.111.9,v44378191
2002,1383.00,"Alberta",33.111.9,v44378191
2003,1244.00,"Alberta",33.111.9,v44378191
2004,1416.00,"Alberta",33.111.9,v44378191
2005,1437.00,"Alberta",33.111.9,v44378191
2006,1614.00,"Alberta",33.111.9,v44378191
2007,1620.00,"Alberta",33.111.9,v44378191
2008,1744.00,"Alberta",33.111.9,v44378191
2009,1973.00,"Alberta",33.111.9,v44378191
2010,2098.00,"Alberta",33.111.9,v44378191
2011,1970.00,"Alberta",33.111.9,v44378191
2012,2169.00,"Alberta",33.111.9,v44378191
2013,1916.00,"Alberta",33.111.9,v44378191
2014,1730.00,"Alberta",33.111.9,v44378191
2015,1704.00,"Alberta",33.111.9,v44378191
1998,161.00,"Calgary, Alberta",34.111.9,v44346789
1999,158.00,"Calgary, Alberta",34.111.9,v44346789
2000,253.00,"Calgary, Alberta",34.111.9,v44346789
2001,262.00,"Calgary, Alberta",34.111.9,v44346789
2002,368.00,"Calgary, Alberta",34.111.9,v44346789
2003,288.00,"Calgary, Alberta",34.111.9,v44346789
2004,395.00,"Calgary, Alberta",34.111.9,v44346789
2005,388.00,"Calgary, Alberta",34.111.9,v44346789
2006,405.00,"Calgary, Alberta",34.111.9,v44346789
2007,295.00,"Calgary, Alberta",34.111.9,v44346789
2008,317.00,"Calgary, Alberta",34.111.9,v44346789
2009,428.00,"Calgary, Alberta",34.111.9,v44346789
2010,406.00,"Calgary, Alberta",34.111.9,v44346789
2011,389.00,"Calgary, Alberta",34.111.9,v44346789
2012,357.00,"Calgary, Alberta",34.111.9,v44346789
2013,281.00,"Calgary, Alberta",34.111.9,v44346789
2014,236.00,"Calgary, Alberta",34.111.9,v44346789
2015,275.00,"Calgary, Alberta",34.111.9,v44346789
1998,258.00,"Edmonton, Alberta",35.111.9,v44370947
1999,213.00,"Edmonton, Alberta",35.111.9,v44370947
2000,276.00,"Edmonton, Alberta",35.111.9,v44370947
2001,240.00,"Edmonton, Alberta",35.111.9,v44370947
2002,234.00,"Edmonton, Alberta",35.111.9,v44370947
2003,240.00,"Edmonton, Alberta",35.111.9,v44370947
2004,225.00,"Edmonton, Alberta",35.111.9,v44370947
2005,205.00,"Edmonton, Alberta",35.111.9,v44370947
2006,238.00,"Edmonton, Alberta",35.111.9,v44370947
2007,337.00,"Edmonton, Alberta",35.111.9,v44370947
2008,370.00,"Edmonton, Alberta",35.111.9,v44370947
2009,470.00,"Edmonton, Alberta",35.111.9,v44370947
2010,539.00,"Edmonton, Alberta",35.111.9,v44370947
2011,491.00,"Edmonton, Alberta",35.111.9,v44370947
2012,704.00,"Edmonton, Alberta",35.111.9,v44370947
2013,564.00,"Edmonton, Alberta",35.111.9,v44370947
2014,473.00,"Edmonton, Alberta",35.111.9,v44370947
2015,503.00,"Edmonton, Alberta",35.111.9,v44370947
1998,2311.00,"British Columbia",36.111.9,v44359376
1999,2045.00,"British Columbia",36.111.9,v44359376
2000,2115.00,"British Columbia",36.111.9,v44359376
2001,2099.00,"British Columbia",36.111.9,v44359376
2002,2120.00,"British Columbia",36.111.9,v44359376
2003,2216.00,"British Columbia",36.111.9,v44359376
2004,2543.00,"British Columbia",36.111.9,v44359376
2005,2562.00,"British Columbia",36.111.9,v44359376
2006,2920.00,"British Columbia",36.111.9,v44359376
2007,2779.00,"British Columbia",36.111.9,v44359376
2008,3152.00,"British Columbia",36.111.9,v44359376
2009,3590.00,"British Columbia",36.111.9,v44359376
2010,4029.00,"British Columbia",36.111.9,v44359376
2011,3840.00,"British Columbia",36.111.9,v44359376
2012,4094.00,"British Columbia",36.111.9,v44359376
2013,4023.00,"British Columbia",36.111.9,v44359376
2014,4110.00,"British Columbia",36.111.9,v44359376
2015,4444.00,"British Columbia",36.111.9,v44359376
2005,..,"Kelowna, British Columbia",48.111.9,v52144438
2006,110.00,"Kelowna, British Columbia",48.111.9,v52144438
2007,89.00,"Kelowna, British Columbia",48.111.9,v52144438
2008,85.00,"Kelowna, British Columbia",48.111.9,v52144438
2009,130.00,"Kelowna, British Columbia",48.111.9,v52144438
2010,104.00,"Kelowna, British Columbia",48.111.9,v52144438
2011,79.00,"Kelowna, British Columbia",48.111.9,v52144438
2012,125.00,"Kelowna, British Columbia",48.111.9,v52144438
2013,172.00,"Kelowna, British Columbia",48.111.9,v52144438
2014,128.00,"Kelowna, British Columbia",48.111.9,v52144438
2015,95.00,"Kelowna, British Columbia",48.111.9,v52144438
2000,..,"Abbotsford-Mission, British Columbia",39.111.9,v44412143
2001,81.00,"Abbotsford-Mission, British Columbia",39.111.9,v44412143
2002,86.00,"Abbotsford-Mission, British Columbia",39.111.9,v44412143
2003,97.00,"Abbotsford-Mission, British Columbia",39.111.9,v44412143
2004,109.00,"Abbotsford-Mission, British Columbia",39.111.9,v44412143
2005,105.00,"Abbotsford-Mission, British Columbia",39.111.9,v44412143
2006,99.00,"Abbotsford-Mission, British Columbia",39.111.9,v44412143
2007,76.00,"Abbotsford-Mission, British Columbia",39.111.9,v44412143
2008,67.00,"Abbotsford-Mission, British Columbia",39.111.9,v44412143
2009,125.00,"Abbotsford-Mission, British Columbia",39.111.9,v44412143
2010,139.00,"Abbotsford-Mission, British Columbia",39.111.9,v44412143
2011,120.00,"Abbotsford-Mission, British Columbia",39.111.9,v44412143
2012,142.00,"Abbotsford-Mission, British Columbia",39.111.9,v44412143
2013,160.00,"Abbotsford-Mission, British Columbia",39.111.9,v44412143
2014,109.00,"Abbotsford-Mission, British Columbia",39.111.9,v44412143
2015,145.00,"Abbotsford-Mission, British Columbia",39.111.9,v44412143
1998,770.00,"Vancouver, British Columbia",37.111.9,v44330009
1999,799.00,"Vancouver, British Columbia",37.111.9,v44330009
2000,808.00,"Vancouver, British Columbia",37.111.9,v44330009
2001,801.00,"Vancouver, British Columbia",37.111.9,v44330009
2002,908.00,"Vancouver, British Columbia",37.111.9,v44330009
2003,1033.00,"Vancouver, British Columbia",37.111.9,v44330009
2004,1108.00,"Vancouver, British Columbia",37.111.9,v44330009
2005,936.00,"Vancouver, British Columbia",37.111.9,v44330009
2006,1108.00,"Vancouver, British Columbia",37.111.9,v44330009
2007,981.00,"Vancouver, British Columbia",37.111.9,v44330009
2008,1085.00,"Vancouver, British Columbia",37.111.9,v44330009
2009,1172.00,"Vancouver, British Columbia",37.111.9,v44330009
2010,1255.00,"Vancouver, British Columbia",37.111.9,v44330009
2011,1391.00,"Vancouver, British Columbia",37.111.9,v44330009
2012,1513.00,"Vancouver, British Columbia",37.111.9,v44330009
2013,1338.00,"Vancouver, British Columbia",37.111.9,v44330009
2014,1515.00,"Vancouver, British Columbia",37.111.9,v44330009
2015,1606.00,"Vancouver, British Columbia",37.111.9,v44330009
1998,293.00,"Victoria, British Columbia",38.111.9,v44357166
1999,252.00,"Victoria, British Columbia",38.111.9,v44357166
2000,242.00,"Victoria, British Columbia",38.111.9,v44357166
2001,242.00,"Victoria, British Columbia",38.111.9,v44357166
2002,211.00,"Victoria, British Columbia",38.111.9,v44357166
2003,252.00,"Victoria, British Columbia",38.111.9,v44357166
2004,549.00,"Victoria, British Columbia",38.111.9,v44357166
2005,669.00,"Victoria, British Columbia",38.111.9,v44357166
2006,680.00,"Victoria, British Columbia",38.111.9,v44357166
2007,572.00,"Victoria, British Columbia",38.111.9,v44357166
2008,479.00,"Victoria, British Columbia",38.111.9,v44357166
2009,443.00,"Victoria, British Columbia",38.111.9,v44357166
2010,451.00,"Victoria, British Columbia",38.111.9,v44357166
2011,278.00,"Victoria, British Columbia",38.111.9,v44357166
2012,275.00,"Victoria, British Columbia",38.111.9,v44357166
2013,258.00,"Victoria, British Columbia",38.111.9,v44357166
2014,326.00,"Victoria, British Columbia",38.111.9,v44357166
2015,433.00,"Victoria, British Columbia",38.111.9,v44357166
1998,83.00,"Yukon",40.111.9,v44406565
1999,65.00,"Yukon",40.111.9,v44406565
2000,61.00,"Yukon",40.111.9,v44406565
2001,59.00,"Yukon",40.111.9,v44406565
2002,51.00,"Yukon",40.111.9,v44406565
2003,34.00,"Yukon",40.111.9,v44406565
2004,37.00,"Yukon",40.111.9,v44406565
2005,115.00,"Yukon",40.111.9,v44406565
2006,122.00,"Yukon",40.111.9,v44406565
2007,114.00,"Yukon",40.111.9,v44406565
2008,115.00,"Yukon",40.111.9,v44406565
2009,168.00,"Yukon",40.111.9,v44406565
2010,170.00,"Yukon",40.111.9,v44406565
2011,133.00,"Yukon",40.111.9,v44406565
2012,151.00,"Yukon",40.111.9,v44406565
2013,179.00,"Yukon",40.111.9,v44406565
2014,105.00,"Yukon",40.111.9,v44406565
2015,110.00,"Yukon",40.111.9,v44406565
1998,177.00,"Northwest Territories",41.111.9,v44386900
1999,63.00,"Northwest Territories",41.111.9,v44386900
2000,63.00,"Northwest Territories",41.111.9,v44386900
2001,85.00,"Northwest Territories",41.111.9,v44386900
2002,64.00,"Northwest Territories",41.111.9,v44386900
2003,65.00,"Northwest Territories",41.111.9,v44386900
2004,79.00,"Northwest Territories",41.111.9,v44386900
2005,86.00,"Northwest Territories",41.111.9,v44386900
2006,179.00,"Northwest Territories",41.111.9,v44386900
2007,209.00,"Northwest Territories",41.111.9,v44386900
2008,253.00,"Northwest Territories",41.111.9,v44386900
2009,248.00,"Northwest Territories",41.111.9,v44386900
2010,258.00,"Northwest Territories",41.111.9,v44386900
2011,303.00,"Northwest Territories",41.111.9,v44386900
2012,245.00,"Northwest Territories",41.111.9,v44386900
2013,230.00,"Northwest Territories",41.111.9,v44386900
2014,207.00,"Northwest Territories",41.111.9,v44386900
2015,195.00,"Northwest Territories",41.111.9,v44386900
1998,..,"Nunavut",42.111.9,v44379115
1999,25.00,"Nunavut",42.111.9,v44379115
2000,44.00,"Nunavut",42.111.9,v44379115
2001,52.00,"Nunavut",42.111.9,v44379115
2002,56.00,"Nunavut",42.111.9,v44379115
2003,54.00,"Nunavut",42.111.9,v44379115
2004,52.00,"Nunavut",42.111.9,v44379115
2005,54.00,"Nunavut",42.111.9,v44379115
2006,102.00,"Nunavut",42.111.9,v44379115
2007,125.00,"Nunavut",42.111.9,v44379115
2008,179.00,"Nunavut",42.111.9,v44379115
2009,149.00,"Nunavut",42.111.9,v44379115
2010,125.00,"Nunavut",42.111.9,v44379115
2011,114.00,"Nunavut",42.111.9,v44379115
2012,104.00,"Nunavut",42.111.9,v44379115
2013,91.00,"Nunavut",42.111.9,v44379115
2014,77.00,"Nunavut",42.111.9,v44379115
2015,62.00,"Nunavut",42.111.9,v44379115
1998,17954.00,"Canada",1.111.9,v44348538
1999,16058.00,"Canada",1.111.9,v44348538
2000,17283.00,"Canada",1.111.9,v44348538
2001,18713.00,"Canada",1.111.9,v44348538
2002,18684.00,"Canada",1.111.9,v44348538
2003,19635.00,"Canada",1.111.9,v44348538
2004,20501.00,"Canada",1.111.9,v44348538
2005,21116.00,"Canada",1.111.9,v44348538
2006,25011.00,"Canada",1.111.9,v44348538
2007,25932.00,"Canada",1.111.9,v44348538
2008,26372.00,"Canada",1.111.9,v44348538
2009,26838.00,"Canada",1.111.9,v44348538
2010,27317.00,"Canada",1.111.9,v44348538
2011,26064.00,"Canada",1.111.9,v44348538
2012,28425.00,"Canada",1.111.9,v44348538
2013,27878.00,"Canada",1.111.9,v44348538
2014,28610.00,"Canada",1.111.9,v44348538
2015,28909.00,"Canada",1.111.9,v44348538
1998,378.00,"Newfoundland and Labrador",2.111.9,v44400256
1999,264.00,"Newfoundland and Labrador",2.111.9,v44400256
2000,260.00,"Newfoundland and Labrador",2.111.9,v44400256
2001,267.00,"Newfoundland and Labrador",2.111.9,v44400256
2002,252.00,"Newfoundland and Labrador",2.111.9,v44400256
2003,279.00,"Newfoundland and Labrador",2.111.9,v44400256
2004,222.00,"Newfoundland and Labrador",2.111.9,v44400256
2005,190.00,"Newfoundland and Labrador",2.111.9,v44400256
2006,210.00,"Newfoundland and Labrador",2.111.9,v44400256
2007,212.00,"Newfoundland and Labrador",2.111.9,v44400256
2008,232.00,"Newfoundland and Labrador",2.111.9,v44400256
2009,236.00,"Newfoundland and Labrador",2.111.9,v44400256
2010,303.00,"Newfoundland and Labrador",2.111.9,v44400256
2011,283.00,"Newfoundland and Labrador",2.111.9,v44400256
2012,239.00,"Newfoundland and Labrador",2.111.9,v44400256
2013,227.00,"Newfoundland and Labrador",2.111.9,v44400256
2014,269.00,"Newfoundland and Labrador",2.111.9,v44400256
2015,255.00,"Newfoundland and Labrador",2.111.9,v44400256
1998,120.00,"St. John's, Newfoundland and Labrador",3.111.9,v44394455
1999,102.00,"St. John's, Newfoundland and Labrador",3.111.9,v44394455
2000,81.00,"St. John's, Newfoundland and Labrador",3.111.9,v44394455
2001,86.00,"St. John's, Newfoundland and Labrador",3.111.9,v44394455
2002,109.00,"St. John's, Newfoundland and Labrador",3.111.9,v44394455
2003,109.00,"St. John's, Newfoundland and Labrador",3.111.9,v44394455
2004,88.00,"St. John's, Newfoundland and Labrador",3.111.9,v44394455
2005,65.00,"St. John's, Newfoundland and Labrador",3.111.9,v44394455
2006,66.00,"St. John's, Newfoundland and Labrador",3.111.9,v44394455
2007,61.00,"St. John's, Newfoundland and Labrador",3.111.9,v44394455
2008,81.00,"St. John's, Newfoundland and Labrador",3.111.9,v44394455
2009,86.00,"St. John's, Newfoundland and Labrador",3.111.9,v44394455
2010,113.00,"St. John's, Newfoundland and Labrador",3.111.9,v44394455
2011,109.00,"St. John's, Newfoundland and Labrador",3.111.9,v44394455
2012,100.00,"St. John's, Newfoundland and Labrador",3.111.9,v44394455
2013,92.00,"St. John's, Newfoundland and Labrador",3.111.9,v44394455
2014,140.00,"St. John's, Newfoundland and Labrador",3.111.9,v44394455
2015,108.00,"St. John's, Newfoundland and Labrador",3.111.9,v44394455
1998,88.00,"Prince Edward Island",4.111.9,v44369437
1999,48.00,"Prince Edward Island",4.111.9,v44369437
2000,54.00,"Prince Edward Island",4.111.9,v44369437
2001,67.00,"Prince Edward Island",4.111.9,v44369437
2002,75.00,"Prince Edward Island",4.111.9,v44369437
2003,103.00,"Prince Edward Island",4.111.9,v44369437
2004,66.00,"Prince Edward Island",4.111.9,v44369437
2005,59.00,"Prince Edward Island",4.111.9,v44369437
2006,44.00,"Prince Edward Island",4.111.9,v44369437
2007,35.00,"Prince Edward Island",4.111.9,v44369437
2008,56.00,"Prince Edward Island",4.111.9,v44369437
2009,43.00,"Prince Edward Island",4.111.9,v44369437
2010,60.00,"Prince Edward Island",4.111.9,v44369437
2011,44.00,"Prince Edward Island",4.111.9,v44369437
2012,70.00,"Prince Edward Island",4.111.9,v44369437
2013,52.00,"Prince Edward Island",4.111.9,v44369437
2014,58.00,"Prince Edward Island",4.111.9,v44369437
2015,67.00,"Prince Edward Island",4.111.9,v44369437
1998,892.00,"Nova Scotia",5.111.9,v44326845
1999,723.00,"Nova Scotia",5.111.9,v44326845
2000,603.00,"Nova Scotia",5.111.9,v44326845
2001,685.00,"Nova Scotia",5.111.9,v44326845
2002,621.00,"Nova Scotia",5.111.9,v44326845
2003,671.00,"Nova Scotia",5.111.9,v44326845
2004,561.00,"Nova Scotia",5.111.9,v44326845
2005,482.00,"Nova Scotia",5.111.9,v44326845
2006,601.00,"Nova Scotia",5.111.9,v44326845
2007,598.00,"Nova Scotia",5.111.9,v44326845
2008,754.00,"Nova Scotia",5.111.9,v44326845
2009,726.00,"Nova Scotia",5.111.9,v44326845
2010,573.00,"Nova Scotia",5.111.9,v44326845
2011,608.00,"Nova Scotia",5.111.9,v44326845
2012,627.00,"Nova Scotia",5.111.9,v44326845
2013,608.00,"Nova Scotia",5.111.9,v44326845
2014,585.00,"Nova Scotia",5.111.9,v44326845
2015,537.00,"Nova Scotia",5.111.9,v44326845
1998,195.00,"Halifax, Nova Scotia",6.111.9,v44369129
1999,115.00,"Halifax, Nova Scotia",6.111.9,v44369129
2000,85.00,"Halifax, Nova Scotia",6.111.9,v44369129
2001,101.00,"Halifax, Nova Scotia",6.111.9,v44369129
2002,91.00,"Halifax, Nova Scotia",6.111.9,v44369129
2003,82.00,"Halifax, Nova Scotia",6.111.9,v44369129
2004,120.00,"Halifax, Nova Scotia",6.111.9,v44369129
2005,74.00,"Halifax, Nova Scotia",6.111.9,v44369129
2006,118.00,"Halifax, Nova Scotia",6.111.9,v44369129
2007,160.00,"Halifax, Nova Scotia",6.111.9,v44369129
2008,189.00,"Halifax, Nova Scotia",6.111.9,v44369129
2009,152.00,"Halifax, Nova Scotia",6.111.9,v44369129
2010,193.00,"Halifax, Nova Scotia",6.111.9,v44369129
2011,298.00,"Halifax, Nova Scotia",6.111.9,v44369129
2012,333.00,"Halifax, Nova Scotia",6.111.9,v44369129
2013,314.00,"Halifax, Nova Scotia",6.111.9,v44369129
2014,297.00,"Halifax, Nova Scotia",6.111.9,v44369129
2015,292.00,"Halifax, Nova Scotia",6.111.9,v44369129
1998,793.00,"New Brunswick",7.111.9,v44352517
1999,743.00,"New Brunswick",7.111.9,v44352517
2000,502.00,"New Brunswick",7.111.9,v44352517
2001,525.00,"New Brunswick",7.111.9,v44352517
2002,521.00,"New Brunswick",7.111.9,v44352517
2003,483.00,"New Brunswick",7.111.9,v44352517
2004,497.00,"New Brunswick",7.111.9,v44352517
2005,569.00,"New Brunswick",7.111.9,v44352517
2006,617.00,"New Brunswick",7.111.9,v44352517
2007,632.00,"New Brunswick",7.111.9,v44352517
2008,669.00,"New Brunswick",7.111.9,v44352517
2009,676.00,"New Brunswick",7.111.9,v44352517
2010,649.00,"New Brunswick",7.111.9,v44352517
2011,679.00,"New Brunswick",7.111.9,v44352517
2012,681.00,"New Brunswick",7.111.9,v44352517
2013,650.00,"New Brunswick",7.111.9,v44352517
2014,609.00,"New Brunswick",7.111.9,v44352517
2015,668.00,"New Brunswick",7.111.9,v44352517
2005,..,"Moncton, New Brunswick",43.111.9,v52121415
2006,91.00,"Moncton, New Brunswick",43.111.9,v52121415
2007,103.00,"Moncton, New Brunswick",43.111.9,v52121415
2008,117.00,"Moncton, New Brunswick",43.111.9,v52121415
2009,147.00,"Moncton, New Brunswick",43.111.9,v52121415
2010,162.00,"Moncton, New Brunswick",43.111.9,v52121415
2011,144.00,"Moncton, New Brunswick",43.111.9,v52121415
2012,146.00,"Moncton, New Brunswick",43.111.9,v52121415
2013,130.00,"Moncton, New Brunswick",43.111.9,v52121415
2014,167.00,"Moncton, New Brunswick",43.111.9,v52121415
2015,201.00,"Moncton, New Brunswick",43.111.9,v52121415
1998,180.00,"Saint John, New Brunswick",8.111.9,v44377382
1999,284.00,"Saint John, New Brunswick",8.111.9,v44377382
2000,132.00,"Saint John, New Brunswick",8.111.9,v44377382
2001,110.00,"Saint John, New Brunswick",8.111.9,v44377382
2002,101.00,"Saint John, New Brunswick",8.111.9,v44377382
2003,91.00,"Saint John, New Brunswick",8.111.9,v44377382
2004,98.00,"Saint John, New Brunswick",8.111.9,v44377382
2005,119.00,"Saint John, New Brunswick",8.111.9,v44377382
2006,106.00,"Saint John, New Brunswick",8.111.9,v44377382
2007,120.00,"Saint John, New Brunswick",8.111.9,v44377382
2008,126.00,"Saint John, New Brunswick",8.111.9,v44377382
2009,122.00,"Saint John, New Brunswick",8.111.9,v44377382
2010,85.00,"Saint John, New Brunswick",8.111.9,v44377382
2011,125.00,"Saint John, New Brunswick",8.111.9,v44377382
2012,127.00,"Saint John, New Brunswick",8.111.9,v44377382
2013,139.00,"Saint John, New Brunswick",8.111.9,v44377382
2014,108.00,"Saint John, New Brunswick",8.111.9,v44377382
2015,100.00,"Saint John, New Brunswick",8.111.9,v44377382
1998,3032.00,"Quebec",9.111.9,v44380270
1999,3199.00,"Quebec",9.111.9,v44380270
2000,3565.00,"Quebec",9.111.9,v44380270
2001,3937.00,"Quebec",9.111.9,v44380270
2002,3862.00,"Quebec",9.111.9,v44380270
2003,4163.00,"Quebec",9.111.9,v44380270
2004,4268.00,"Quebec",9.111.9,v44380270
2005,4683.00,"Quebec",9.111.9,v44380270
2006,5515.00,"Quebec",9.111.9,v44380270
2007,6326.00,"Quebec",9.111.9,v44380270
2008,5405.00,"Quebec",9.111.9,v44380270
2009,5756.00,"Quebec",9.111.9,v44380270
2010,5682.00,"Quebec",9.111.9,v44380270
2011,4782.00,"Quebec",9.111.9,v44380270
2012,5553.00,"Quebec",9.111.9,v44380270
2013,5417.00,"Quebec",9.111.9,v44380270
2014,6371.00,"Quebec",9.111.9,v44380270
2015,6430.00,"Quebec",9.111.9,v44380270
1998,67.00,"Saguenay, Quebec",10.111.9,v44416497
1999,73.00,"Saguenay, Quebec",10.111.9,v44416497
2000,92.00,"Saguenay, Quebec",10.111.9,v44416497
2001,102.00,"Saguenay, Quebec",10.111.9,v44416497
2002,78.00,"Saguenay, Quebec",10.111.9,v44416497
2003,69.00,"Saguenay, Quebec",10.111.9,v44416497
2004,62.00,"Saguenay, Quebec",10.111.9,v44416497
2005,56.00,"Saguenay, Quebec",10.111.9,v44416497
2006,71.00,"Saguenay, Quebec",10.111.9,v44416497
2007,146.00,"Saguenay, Quebec",10.111.9,v44416497
2008,74.00,"Saguenay, Quebec",10.111.9,v44416497
2009,76.00,"Saguenay, Quebec",10.111.9,v44416497
2010,77.00,"Saguenay, Quebec",10.111.9,v44416497
2011,72.00,"Saguenay, Quebec",10.111.9,v44416497
2012,63.00,"Saguenay, Quebec",10.111.9,v44416497
2013,74.00,"Saguenay, Quebec",10.111.9,v44416497
2014,139.00,"Saguenay, Quebec",10.111.9,v44416497
2015,103.00,"Saguenay, Quebec",10.111.9,v44416497
1998,96.00,"Quebec, Quebec",11.111.9,v44327923
1999,89.00,"Quebec, Quebec",11.111.9,v44327923
2000,337.00,"Quebec, Quebec",11.111.9,v44327923
2001,287.00,"Quebec, Quebec",11.111.9,v44327923
2002,245.00,"Quebec, Quebec",11.111.9,v44327923
2003,314.00,"Quebec, Quebec",11.111.9,v44327923
2004,233.00,"Quebec, Quebec",11.111.9,v44327923
2005,233.00,"Quebec, Quebec",11.111.9,v44327923
2006,241.00,"Quebec, Quebec",11.111.9,v44327923
2007,43.00,"Quebec, Quebec",11.111.9,v44327923
2008,59.00,"Quebec, Quebec",11.111.9,v44327923
2009,217.00,"Quebec, Quebec",11.111.9,v44327923
2010,209.00,"Quebec, Quebec",11.111.9,v44327923
2011,241.00,"Quebec, Quebec",11.111.9,v44327923
2012,387.00,"Quebec, Quebec",11.111.9,v44327923
2013,434.00,"Quebec, Quebec",11.111.9,v44327923
2014,439.00,"Quebec, Quebec",11.111.9,v44327923
2015,425.00,"Quebec, Quebec",11.111.9,v44327923
1998,27.00,"Sherbrooke, Quebec",12.111.9,v44416070
1999,30.00,"Sherbrooke, Quebec",12.111.9,v44416070
2000,31.00,"Sherbrooke, Quebec",12.111.9,v44416070
2001,29.00,"Sherbrooke, Quebec",12.111.9,v44416070
2002,89.00,"Sherbrooke, Quebec",12.111.9,v44416070
2003,93.00,"Sherbrooke, Quebec",12.111.9,v44416070
2004,99.00,"Sherbrooke, Quebec",12.111.9,v44416070
2005,178.00,"Sherbrooke, Quebec",12.111.9,v44416070
2006,215.00,"Sherbrooke, Quebec",12.111.9,v44416070
2007,210.00,"Sherbrooke, Quebec",12.111.9,v44416070
2008,144.00,"Sherbrooke, Quebec",12.111.9,v44416070
2009,327.00,"Sherbrooke, Quebec",12.111.9,v44416070
2010,391.00,"Sherbrooke, Quebec",12.111.9,v44416070
2011,362.00,"Sherbrooke, Quebec",12.111.9,v44416070
2012,363.00,"Sherbrooke, Quebec",12.111.9,v44416070
2013,387.00,"Sherbrooke, Quebec",12.111.9,v44416070
2014,321.00,"Sherbrooke, Quebec",12.111.9,v44416070
2015,437.00,"Sherbrooke, Quebec",12.111.9,v44416070
1998,1243.00,"Montreal, Quebec",14.111.9,v44336670
1999,1512.00,"Montreal, Quebec",14.111.9,v44336670
2000,1583.00,"Montreal, Quebec",14.111.9,v44336670
2001,1896.00,"Montreal, Quebec",14.111.9,v44336670
2002,1856.00,"Montreal, Quebec",14.111.9,v44336670
2003,1951.00,"Montreal, Quebec",14.111.9,v44336670
2004,2072.00,"Montreal, Quebec",14.111.9,v44336670
2005,2341.00,"Montreal, Quebec",14.111.9,v44336670
2006,3232.00,"Montreal, Quebec",14.111.9,v44336670
2007,3863.00,"Montreal, Quebec",14.111.9,v44336670
2008,3266.00,"Montreal, Quebec",14.111.9,v44336670
2009,3213.00,"Montreal, Quebec",14.111.9,v44336670
2010,3048.00,"Montreal, Quebec",14.111.9,v44336670
2011,2521.00,"Montreal, Quebec",14.111.9,v44336670
2012,2940.00,"Montreal, Quebec",14.111.9,v44336670
2013,2721.00,"Montreal, Quebec",14.111.9,v44336670
2014,3413.00,"Montreal, Quebec",14.111.9,v44336670
2015,3575.00,"Montreal, Quebec",14.111.9,v44336670
1998,506.00,"Ottawa-Gatineau, Quebec part",15.111.9,v44346322
1999,400.00,"Ottawa-Gatineau, Quebec part",15.111.9,v44346322
2000,397.00,"Ottawa-Gatineau, Quebec part",15.111.9,v44346322
2001,288.00,"Ottawa-Gatineau, Quebec part",15.111.9,v44346322
2002,279.00,"Ottawa-Gatineau, Quebec part",15.111.9,v44346322
2003,204.00,"Ottawa-Gatineau, Quebec part",15.111.9,v44346322
2004,148.00,"Ottawa-Gatineau, Quebec part",15.111.9,v44346322
2005,167.00,"Ottawa-Gatineau, Quebec part",15.111.9,v44346322
2006,311.00,"Ottawa-Gatineau, Quebec part",15.111.9,v44346322
2007,532.00,"Ottawa-Gatineau, Quebec part",15.111.9,v44346322
2008,530.00,"Ottawa-Gatineau, Quebec part",15.111.9,v44346322
2009,591.00,"Ottawa-Gatineau, Quebec part",15.111.9,v44346322
2010,488.00,"Ottawa-Gatineau, Quebec part",15.111.9,v44346322
2011,423.00,"Ottawa-Gatineau, Quebec part",15.111.9,v44346322
2012,484.00,"Ottawa-Gatineau, Quebec part",15.111.9,v44346322
2013,450.00,"Ottawa-Gatineau, Quebec part",15.111.9,v44346322
2014,532.00,"Ottawa-Gatineau, Quebec part",15.111.9,v44346322
2015,534.00,"Ottawa-Gatineau, Quebec part",15.111.9,v44346322
1998,5779.00,"Ontario",16.111.9,v44365575
1999,5347.00,"Ontario",16.111.9,v44365575
2000,6040.00,"Ontario",16.111.9,v44365575
2001,6330.00,"Ontario",16.111.9,v44365575
2002,6397.00,"Ontario",16.111.9,v44365575
2003,6839.00,"Ontario",16.111.9,v44365575
2004,7311.00,"Ontario",16.111.9,v44365575
2005,7754.00,"Ontario",16.111.9,v44365575
2006,9141.00,"Ontario",16.111.9,v44365575
2007,9318.00,"Ontario",16.111.9,v44365575
2008,9557.00,"Ontario",16.111.9,v44365575
2009,8803.00,"Ontario",16.111.9,v44365575
2010,8753.00,"Ontario",16.111.9,v44365575
2011,8701.00,"Ontario",16.111.9,v44365575
2012,9252.00,"Ontario",16.111.9,v44365575
2013,9067.00,"Ontario",16.111.9,v44365575
2014,8885.00,"Ontario",16.111.9,v44365575
2015,9157.00,"Ontario",16.111.9,v44365575
1998,710.00,"Ottawa-Gatineau, Ontario/Quebec",17.111.9,v52147125
1999,507.00,"Ottawa-Gatineau, Ontario/Quebec",17.111.9,v52147125
2000,548.00,"Ottawa-Gatineau, Ontario/Quebec",17.111.9,v52147125
2001,554.00,"Ottawa-Gatineau, Ontario/Quebec",17.111.9,v52147125
2002,513.00,"Ottawa-Gatineau, Ontario/Quebec",17.111.9,v52147125
2003,385.00,"Ottawa-Gatineau, Ontario/Quebec",17.111.9,v52147125
2004,344.00,"Ottawa-Gatineau, Ontario/Quebec",17.111.9,v52147125
2005,400.00,"Ottawa-Gatineau, Ontario/Quebec",17.111.9,v52147125
2006,563.00,"Ottawa-Gatineau, Ontario/Quebec",17.111.9,v52147125
2007,706.00,"Ottawa-Gatineau, Ontario/Quebec",17.111.9,v52147125
2008,751.00,"Ottawa-Gatineau, Ontario/Quebec",17.111.9,v52147125
2009,801.00,"Ottawa-Gatineau, Ontario/Quebec",17.111.9,v52147125
2010,709.00,"Ottawa-Gatineau, Ontario/Quebec",17.111.9,v52147125
2011,580.00,"Ottawa-Gatineau, Ontario/Quebec",17.111.9,v52147125
2012,714.00,"Ottawa-Gatineau, Ontario/Quebec",17.111.9,v52147125
2013,637.00,"Ottawa-Gatineau, Ontario/Quebec",17.111.9,v52147125
2014,781.00,"Ottawa-Gatineau, Ontario/Quebec",17.111.9,v52147125
2015,766.00,"Ottawa-Gatineau, Ontario/Quebec",17.111.9,v52147125
1998,204.00,"Ottawa-Gatineau, Ontario part",18.111.9,v44392241
1999,107.00,"Ottawa-Gatineau, Ontario part",18.111.9,v44392241
2000,151.00,"Ottawa-Gatineau, Ontario part",18.111.9,v44392241
2001,266.00,"Ottawa-Gatineau, Ontario part",18.111.9,v44392241
2002,234.00,"Ottawa-Gatineau, Ontario part",18.111.9,v44392241
2003,181.00,"Ottawa-Gatineau, Ontario part",18.111.9,v44392241
2004,196.00,"Ottawa-Gatineau, Ontario part",18.111.9,v44392241
2005,233.00,"Ottawa-Gatineau, Ontario part",18.111.9,v44392241
2006,252.00,"Ottawa-Gatineau, Ontario part",18.111.9,v44392241
2007,174.00,"Ottawa-Gatineau, Ontario part",18.111.9,v44392241
2008,221.00,"Ottawa-Gatineau, Ontario part",18.111.9,v44392241
2009,210.00,"Ottawa-Gatineau, Ontario part",18.111.9,v44392241
2010,221.00,"Ottawa-Gatineau, Ontario part",18.111.9,v44392241
2011,157.00,"Ottawa-Gatineau, Ontario part",18.111.9,v44392241
2012,230.00,"Ottawa-Gatineau, Ontario part",18.111.9,v44392241
2013,187.00,"Ottawa-Gatineau, Ontario part",18.111.9,v44392241
2014,249.00,"Ottawa-Gatineau, Ontario part",18.111.9,v44392241
2015,232.00,"Ottawa-Gatineau, Ontario part",18.111.9,v44392241
2000,..,"Kingston, Ontario",27.111.9,v44402824
2001,144.00,"Kingston, Ontario",27.111.9,v44402824
2002,146.00,"Kingston, Ontario",27.111.9,v44402824
2003,132.00,"Kingston, Ontario",27.111.9,v44402824
2004,102.00,"Kingston, Ontario",27.111.9,v44402824
2005,132.00,"Kingston, Ontario",27.111.9,v44402824
2006,164.00,"Kingston, Ontario",27.111.9,v44402824
2007,172.00,"Kingston, Ontario",27.111.9,v44402824
2008,207.00,"Kingston, Ontario",27.111.9,v44402824
2009,186.00,"Kingston, Ontario",27.111.9,v44402824
2010,192.00,"Kingston, Ontario",27.111.9,v44402824
2011,226.00,"Kingston, Ontario",27.111.9,v44402824
2012,278.00,"Kingston, Ontario",27.111.9,v44402824
2013,322.00,"Kingston, Ontario",27.111.9,v44402824
2014,286.00,"Kingston, Ontario",27.111.9,v44402824
2015,280.00,"Kingston, Ontario",27.111.9,v44402824
2005,..,"Peterborough, Ontario",44.111.9,v52122857
2006,226.00,"Peterborough, Ontario",44.111.9,v52122857
2007,254.00,"Peterborough, Ontario",44.111.9,v52122857
2008,219.00,"Peterborough, Ontario",44.111.9,v52122857
2009,206.00,"Peterborough, Ontario",44.111.9,v52122857
2010,274.00,"Peterborough, Ontario",44.111.9,v52122857
2011,237.00,"Peterborough, Ontario",44.111.9,v52122857
2012,311.00,"Peterborough, Ontario",44.111.9,v52122857
2013,256.00,"Peterborough, Ontario",44.111.9,v52122857
2014,230.00,"Peterborough, Ontario",44.111.9,v52122857
2015,225.00,"Peterborough, Ontario",44.111.9,v52122857
1998,1703.00,"Toronto, Ontario",19.111.9,v44343819
1999,1708.00,"Toronto, Ontario",19.111.9,v44343819
2000,1935.00,"Toronto, Ontario",19.111.9,v44343819
2001,1908.00,"Toronto, Ontario",19.111.9,v44343819
2002,1856.00,"Toronto, Ontario",19.111.9,v44343819
2003,2217.00,"Toronto, Ontario",19.111.9,v44343819
2004,2439.00,"Toronto, Ontario",19.111.9,v44343819
2005,2511.00,"Toronto, Ontario",19.111.9,v44343819
2006,2321.00,"Toronto, Ontario",19.111.9,v44343819
2007,2524.00,"Toronto, Ontario",19.111.9,v44343819
2008,3183.00,"Toronto, Ontario",19.111.9,v44343819
2009,2608.00,"Toronto, Ontario",19.111.9,v44343819
2010,2351.00,"Toronto, Ontario",19.111.9,v44343819
2011,2240.00,"Toronto, Ontario",19.111.9,v44343819
2012,2362.00,"Toronto, Ontario",19.111.9,v44343819
2013,2371.00,"Toronto, Ontario",19.111.9,v44343819
2014,2423.00,"Toronto, Ontario",19.111.9,v44343819
2015,2593.00,"Toronto, Ontario",19.111.9,v44343819
1998,236.00,"Hamilton, Ontario",20.111.9,v44359879
1999,209.00,"Hamilton, Ontario",20.111.9,v44359879
2000,214.00,"Hamilton, Ontario",20.111.9,v44359879
2001,243.00,"Hamilton, Ontario",20.111.9,v44359879
2002,198.00,"Hamilton, Ontario",20.111.9,v44359879
2003,185.00,"Hamilton, Ontario",20.111.9,v44359879
2004,189.00,"Hamilton, Ontario",20.111.9,v44359879
2005,215.00,"Hamilton, Ontario",20.111.9,v44359879
2006,835.00,"Hamilton, Ontario",20.111.9,v44359879
2007,780.00,"Hamilton, Ontario",20.111.9,v44359879
2008,727.00,"Hamilton, Ontario",20.111.9,v44359879
2009,700.00,"Hamilton, Ontario",20.111.9,v44359879
2010,604.00,"Hamilton, Ontario",20.111.9,v44359879
2011,586.00,"Hamilton, Ontario",20.111.9,v44359879
2012,540.00,"Hamilton, Ontario",20.111.9,v44359879
2013,606.00,"Hamilton, Ontario",20.111.9,v44359879
2014,547.00,"Hamilton, Ontario",20.111.9,v44359879
2015,610.00,"Hamilton, Ontario",20.111.9,v44359879
1998,51.00,"St.Catharines-Niagara, Ontario",21.111.9,v44364078
1999,64.00,"St.Catharines-Niagara, Ontario",21.111.9,v44364078
2000,98.00,"St.Catharines-Niagara, Ontario",21.111.9,v44364078
2001,95.00,"St.Catharines-Niagara, Ontario",21.111.9,v44364078
2002,135.00,"St.Catharines-Niagara, Ontario",21.111.9,v44364078
2003,102.00,"St.Catharines-Niagara, Ontario",21.111.9,v44364078
2004,91.00,"St.Catharines-Niagara, Ontario",21.111.9,v44364078
2005,111.00,"St.Catharines-Niagara, Ontario",21.111.9,v44364078
2006,288.00,"St.Catharines-Niagara, Ontario",21.111.9,v44364078
2007,309.00,"St.Catharines-Niagara, Ontario",21.111.9,v44364078
2008,291.00,"St.Catharines-Niagara, Ontario",21.111.9,v44364078
2009,289.00,"St.Catharines-Niagara, Ontario",21.111.9,v44364078
2010,325.00,"St.Catharines-Niagara, Ontario",21.111.9,v44364078
2011,309.00,"St.Catharines-Niagara, Ontario",21.111.9,v44364078
2012,358.00,"St.Catharines-Niagara, Ontario",21.111.9,v44364078
2013,367.00,"St.Catharines-Niagara, Ontario",21.111.9,v44364078
2014,368.00,"St.Catharines-Niagara, Ontario",21.111.9,v44364078
2015,333.00,"St.Catharines-Niagara, Ontario",21.111.9,v44364078
1998,312.00,"Kitchener-Cambridge-Waterloo, Ontario",22.111.9,v44408325
1999,329.00,"Kitchener-Cambridge-Waterloo, Ontario",22.111.9,v44408325
2000,396.00,"Kitchener-Cambridge-Waterloo, Ontario",22.111.9,v44408325
2001,346.00,"Kitchener-Cambridge-Waterloo, Ontario",22.111.9,v44408325
2002,409.00,"Kitchener-Cambridge-Waterloo, Ontario",22.111.9,v44408325
2003,395.00,"Kitchener-Cambridge-Waterloo, Ontario",22.111.9,v44408325
2004,399.00,"Kitchener-Cambridge-Waterloo, Ontario",22.111.9,v44408325
2005,457.00,"Kitchener-Cambridge-Waterloo, Ontario",22.111.9,v44408325
2006,539.00,"Kitchener-Cambridge-Waterloo, Ontario",22.111.9,v44408325
2007,632.00,"Kitchener-Cambridge-Waterloo, Ontario",22.111.9,v44408325
2008,412.00,"Kitchener-Cambridge-Waterloo, Ontario",22.111.9,v44408325
2009,540.00,"Kitchener-Cambridge-Waterloo, Ontario",22.111.9,v44408325
2010,610.00,"Kitchener-Cambridge-Waterloo, Ontario",22.111.9,v44408325
2011,586.00,"Kitchener-Cambridge-Waterloo, Ontario",22.111.9,v44408325
2012,673.00,"Kitchener-Cambridge-Waterloo, Ontario",22.111.9,v44408325
2013,667.00,"Kitchener-Cambridge-Waterloo, Ontario",22.111.9,v44408325
2014,721.00,"Kitchener-Cambridge-Waterloo, Ontario",22.111.9,v44408325
2015,754.00,"Kitchener-Cambridge-Waterloo, Ontario",22.111.9,v44408325
2005,..,"Brantford, Ontario",45.111.9,v52124469
2006,247.00,"Brantford, Ontario",45.111.9,v52124469
2007,228.00,"Brantford, Ontario",45.111.9,v52124469
2008,159.00,"Brantford, Ontario",45.111.9,v52124469
2009,149.00,"Brantford, Ontario",45.111.9,v52124469
2010,158.00,"Brantford, Ontario",45.111.9,v52124469
2011,156.00,"Brantford, Ontario",45.111.9,v52124469
2012,137.00,"Brantford, Ontario",45.111.9,v52124469
2013,121.00,"Brantford, Ontario",45.111.9,v52124469
2014,120.00,"Brantford, Ontario",45.111.9,v52124469
2015,110.00,"Brantford, Ontario",45.111.9,v52124469
2005,..,"Guelph, Ontario",46.111.9,v52125333
2006,102.00,"Guelph, Ontario",46.111.9,v52125333
2007,81.00,"Guelph, Ontario",46.111.9,v52125333
2008,63.00,"Guelph, Ontario",46.111.9,v52125333
2009,86.00,"Guelph, Ontario",46.111.9,v52125333
2010,94.00,"Guelph, Ontario",46.111.9,v52125333
2011,91.00,"Guelph, Ontario",46.111.9,v52125333
2012,84.00,"Guelph, Ontario",46.111.9,v52125333
2013,103.00,"Guelph, Ontario",46.111.9,v52125333
2014,100.00,"Guelph, Ontario",46.111.9,v52125333
2015,129.00,"Guelph, Ontario",46.111.9,v52125333
1998,208.00,"London, Ontario",23.111.9,v44371815
1999,267.00,"London, Ontario",23.111.9,v44371815
2000,328.00,"London, Ontario",23.111.9,v44371815
2001,296.00,"London, Ontario",23.111.9,v44371815
2002,293.00,"London, Ontario",23.111.9,v44371815
2003,321.00,"London, Ontario",23.111.9,v44371815
2004,404.00,"London, Ontario",23.111.9,v44371815
2005,516.00,"London, Ontario",23.111.9,v44371815
2006,620.00,"London, Ontario",23.111.9,v44371815
2007,524.00,"London, Ontario",23.111.9,v44371815
2008,551.00,"London, Ontario",23.111.9,v44371815
2009,527.00,"London, Ontario",23.111.9,v44371815
2010,586.00,"London, Ontario",23.111.9,v44371815
2011,676.00,"London, Ontario",23.111.9,v44371815
2012,695.00,"London, Ontario",23.111.9,v44371815
2013,644.00,"London, Ontario",23.111.9,v44371815
2014,461.00,"London, Ontario",23.111.9,v44371815
2015,350.00,"London, Ontario",23.111.9,v44371815
1998,225.00,"Windsor, Ontario",24.111.9,v44406168
1999,173.00,"Windsor, Ontario",24.111.9,v44406168
2000,238.00,"Windsor, Ontario",24.111.9,v44406168
2001,362.00,"Windsor, Ontario",24.111.9,v44406168
2002,331.00,"Windsor, Ontario",24.111.9,v44406168
2003,452.00,"Windsor, Ontario",24.111.9,v44406168
2004,584.00,"Windsor, Ontario",24.111.9,v44406168
2005,480.00,"Windsor, Ontario",24.111.9,v44406168
2006,618.00,"Windsor, Ontario",24.111.9,v44406168
2007,550.00,"Windsor, Ontario",24.111.9,v44406168
2008,424.00,"Windsor, Ontario",24.111.9,v44406168
2009,323.00,"Windsor, Ontario",24.111.9,v44406168
2010,384.00,"Windsor, Ontario",24.111.9,v44406168
2011,362.00,"Windsor, Ontario",24.111.9,v44406168
2012,319.00,"Windsor, Ontario",24.111.9,v44406168
2013,388.00,"Windsor, Ontario",24.111.9,v44406168
2014,382.00,"Windsor, Ontario",24.111.9,v44406168
2015,387.00,"Windsor, Ontario",24.111.9,v44406168
2005,..,"Barrie, Ontario",47.111.9,v52145350
2006,255.00,"Barrie, Ontario",47.111.9,v52145350
2007,323.00,"Barrie, Ontario",47.111.9,v52145350
2008,256.00,"Barrie, Ontario",47.111.9,v52145350
2009,211.00,"Barrie, Ontario",47.111.9,v52145350
2010,198.00,"Barrie, Ontario",47.111.9,v52145350
2011,192.00,"Barrie, Ontario",47.111.9,v52145350
2012,196.00,"Barrie, Ontario",47.111.9,v52145350
2013,194.00,"Barrie, Ontario",47.111.9,v52145350
2014,227.00,"Barrie, Ontario",47.111.9,v52145350
2015,207.00,"Barrie, Ontario",47.111.9,v52145350
1998,84.00,"Sudbury, Ontario",25.111.9,v44406570
1999,103.00,"Sudbury, Ontario",25.111.9,v44406570
2000,126.00,"Sudbury, Ontario",25.111.9,v44406570
2001,146.00,"Sudbury, Ontario",25.111.9,v44406570
2002,130.00,"Sudbury, Ontario",25.111.9,v44406570
2003,130.00,"Sudbury, Ontario",25.111.9,v44406570
2004,130.00,"Sudbury, Ontario",25.111.9,v44406570
2005,139.00,"Sudbury, Ontario",25.111.9,v44406570
2006,174.00,"Sudbury, Ontario",25.111.9,v44406570
2007,161.00,"Sudbury, Ontario",25.111.9,v44406570
2008,185.00,"Sudbury, Ontario",25.111.9,v44406570
2009,190.00,"Sudbury, Ontario",25.111.9,v44406570
2010,177.00,"Sudbury, Ontario",25.111.9,v44406570
2011,201.00,"Sudbury, Ontario",25.111.9,v44406570
2012,258.00,"Sudbury, Ontario",25.111.9,v44406570
2013,253.00,"Sudbury, Ontario",25.111.9,v44406570
2014,222.00,"Sudbury, Ontario",25.111.9,v44406570
2015,242.00,"Sudbury, Ontario",25.111.9,v44406570
1998,224.00,"Thunder Bay, Ontario",26.111.9,v44412504
1999,215.00,"Thunder Bay, Ontario",26.111.9,v44412504
2000,291.00,"Thunder Bay, Ontario",26.111.9,v44412504
2001,277.00,"Thunder Bay, Ontario",26.111.9,v44412504
2002,265.00,"Thunder Bay, Ontario",26.111.9,v44412504
2003,292.00,"Thunder Bay, Ontario",26.111.9,v44412504
2004,295.00,"Thunder Bay, Ontario",26.111.9,v44412504
2005,279.00,"Thunder Bay, Ontario",26.111.9,v44412504
2006,353.00,"Thunder Bay, Ontario",26.111.9,v44412504
2007,354.00,"Thunder Bay, Ontario",26.111.9,v44412504
2008,329.00,"Thunder Bay, Ontario",26.111.9,v44412504
2009,297.00,"Thunder Bay, Ontario",26.111.9,v44412504
2010,339.00,"Thunder Bay, Ontario",26.111.9,v44412504
2011,394.00,"Thunder Bay, Ontario",26.111.9,v44412504
2012,415.00,"Thunder Bay, Ontario",26.111.9,v44412504
2013,345.00,"Thunder Bay, Ontario",26.111.9,v44412504
2014,320.00,"Thunder Bay, Ontario",26.111.9,v44412504
2015,297.00,"Thunder Bay, Ontario",26.111.9,v44412504
1998,1109.00,"Manitoba",28.111.9,v44351230
1999,891.00,"Manitoba",28.111.9,v44351230
2000,1024.00,"Manitoba",28.111.9,v44351230
2001,1259.00,"Manitoba",28.111.9,v44351230
2002,1363.00,"Manitoba",28.111.9,v44351230
2003,1363.00,"Manitoba",28.111.9,v44351230
2004,1283.00,"Manitoba",28.111.9,v44351230
2005,1086.00,"Manitoba",28.111.9,v44351230
2006,1111.00,"Manitoba",28.111.9,v44351230
2007,1117.00,"Manitoba",28.111.9,v44351230
2008,1234.00,"Manitoba",28.111.9,v44351230
2009,1214.00,"Manitoba",28.111.9,v44351230
2010,1339.00,"Manitoba",28.111.9,v44351230
2011,1382.00,"Manitoba",28.111.9,v44351230
2012,1897.00,"Manitoba",28.111.9,v44351230
2013,2057.00,"Manitoba",28.111.9,v44351230
2014,2087.00,"Manitoba",28.111.9,v44351230
2015,1913.00,"Manitoba",28.111.9,v44351230
1998,442.00,"Winnipeg, Manitoba",29.111.9,v44362609
1999,435.00,"Winnipeg, Manitoba",29.111.9,v44362609
2000,506.00,"Winnipeg, Manitoba",29.111.9,v44362609
2001,664.00,"Winnipeg, Manitoba",29.111.9,v44362609
2002,767.00,"Winnipeg, Manitoba",29.111.9,v44362609
2003,755.00,"Winnipeg, Manitoba",29.111.9,v44362609
2004,717.00,"Winnipeg, Manitoba",29.111.9,v44362609
2005,459.00,"Winnipeg, Manitoba",29.111.9,v44362609
2006,420.00,"Winnipeg, Manitoba",29.111.9,v44362609
2007,444.00,"Winnipeg, Manitoba",29.111.9,v44362609
2008,490.00,"Winnipeg, Manitoba",29.111.9,v44362609
2009,554.00,"Winnipeg, Manitoba",29.111.9,v44362609
2010,574.00,"Winnipeg, Manitoba",29.111.9,v44362609
2011,578.00,"Winnipeg, Manitoba",29.111.9,v44362609
2012,697.00,"Winnipeg, Manitoba",29.111.9,v44362609
2013,798.00,"Winnipeg, Manitoba",29.111.9,v44362609
2014,760.00,"Winnipeg, Manitoba",29.111.9,v44362609
2015,756.00,"Winnipeg, Manitoba",29.111.9,v44362609
1998,1999.00,"Saskatchewan",30.111.9,v44401451
1999,1512.00,"Saskatchewan",30.111.9,v44401451
2000,1657.00,"Saskatchewan",30.111.9,v44401451
2001,2016.00,"Saskatchewan",30.111.9,v44401451
2002,1919.00,"Saskatchewan",30.111.9,v44401451
2003,2121.00,"Saskatchewan",30.111.9,v44401451
2004,2166.00,"Saskatchewan",30.111.9,v44401451
2005,2039.00,"Saskatchewan",30.111.9,v44401451
2006,2835.00,"Saskatchewan",30.111.9,v44401451
2007,2847.00,"Saskatchewan",30.111.9,v44401451
2008,3022.00,"Saskatchewan",30.111.9,v44401451
2009,3256.00,"Saskatchewan",30.111.9,v44401451
2010,3278.00,"Saskatchewan",30.111.9,v44401451
2011,3225.00,"Saskatchewan",30.111.9,v44401451
2012,3343.00,"Saskatchewan",30.111.9,v44401451
2013,3361.00,"Saskatchewan",30.111.9,v44401451
2014,3517.00,"Saskatchewan",30.111.9,v44401451
2015,3367.00,"Saskatchewan",30.111.9,v44401451
1998,438.00,"Regina, Saskatchewan",31.111.9,v44389537
1999,490.00,"Regina, Saskatchewan",31.111.9,v44389537
2000,422.00,"Regina, Saskatchewan",31.111.9,v44389537
2001,520.00,"Regina, Saskatchewan",31.111.9,v44389537
2002,522.00,"Regina, Saskatchewan",31.111.9,v44389537
2003,521.00,"Regina, Saskatchewan",31.111.9,v44389537
2004,520.00,"Regina, Saskatchewan",31.111.9,v44389537
2005,551.00,"Regina, Saskatchewan",31.111.9,v44389537
2006,665.00,"Regina, Saskatchewan",31.111.9,v44389537
2007,545.00,"Regina, Saskatchewan",31.111.9,v44389537
2008,529.00,"Regina, Saskatchewan",31.111.9,v44389537
2009,694.00,"Regina, Saskatchewan",31.111.9,v44389537
2010,608.00,"Regina, Saskatchewan",31.111.9,v44389537
2011,570.00,"Regina, Saskatchewan",31.111.9,v44389537
2012,645.00,"Regina, Saskatchewan",31.111.9,v44389537
2013,565.00,"Regina, Saskatchewan",31.111.9,v44389537
2014,512.00,"Regina, Saskatchewan",31.111.9,v44389537
2015,590.00,"Regina, Saskatchewan",31.111.9,v44389537
1998,484.00,"Saskatoon, Saskatchewan",32.111.9,v44416054
1999,236.00,"Saskatoon, Saskatchewan",32.111.9,v44416054
2000,422.00,"Saskatoon, Saskatchewan",32.111.9,v44416054
2001,519.00,"Saskatoon, Saskatchewan",32.111.9,v44416054
2002,572.00,"Saskatoon, Saskatchewan",32.111.9,v44416054
2003,549.00,"Saskatoon, Saskatchewan",32.111.9,v44416054
2004,569.00,"Saskatoon, Saskatchewan",32.111.9,v44416054
2005,576.00,"Saskatoon, Saskatchewan",32.111.9,v44416054
2006,631.00,"Saskatoon, Saskatchewan",32.111.9,v44416054
2007,818.00,"Saskatoon, Saskatchewan",32.111.9,v44416054
2008,960.00,"Saskatoon, Saskatchewan",32.111.9,v44416054
2009,996.00,"Saskatoon, Saskatchewan",32.111.9,v44416054
2010,1006.00,"Saskatoon, Saskatchewan",32.111.9,v44416054
2011,1029.00,"Saskatoon, Saskatchewan",32.111.9,v44416054
2012,999.00,"Saskatoon, Saskatchewan",32.111.9,v44416054
2013,986.00,"Saskatoon, Saskatchewan",32.111.9,v44416054
2014,1041.00,"Saskatoon, Saskatchewan",32.111.9,v44416054
2015,1097.00,"Saskatoon, Saskatchewan",32.111.9,v44416054
1998,1313.00,"Alberta",33.111.9,v44378191
1999,1133.00,"Alberta",33.111.9,v44378191
2000,1295.00,"Alberta",33.111.9,v44378191
2001,1332.00,"Alberta",33.111.9,v44378191
2002,1383.00,"Alberta",33.111.9,v44378191
2003,1244.00,"Alberta",33.111.9,v44378191
2004,1416.00,"Alberta",33.111.9,v44378191
2005,1437.00,"Alberta",33.111.9,v44378191
2006,1614.00,"Alberta",33.111.9,v44378191
2007,1620.00,"Alberta",33.111.9,v44378191
2008,1744.00,"Alberta",33.111.9,v44378191
2009,1973.00,"Alberta",33.111.9,v44378191
2010,2098.00,"Alberta",33.111.9,v44378191
2011,1970.00,"Alberta",33.111.9,v44378191
2012,2169.00,"Alberta",33.111.9,v44378191
2013,1916.00,"Alberta",33.111.9,v44378191
2014,1730.00,"Alberta",33.111.9,v44378191
2015,1704.00,"Alberta",33.111.9,v44378191
1998,161.00,"Calgary, Alberta",34.111.9,v44346789
1999,158.00,"Calgary, Alberta",34.111.9,v44346789
2000,253.00,"Calgary, Alberta",34.111.9,v44346789
2001,262.00,"Calgary, Alberta",34.111.9,v44346789
2002,368.00,"Calgary, Alberta",34.111.9,v44346789
2003,288.00,"Calgary, Alberta",34.111.9,v44346789
2004,395.00,"Calgary, Alberta",34.111.9,v44346789
2005,388.00,"Calgary, Alberta",34.111.9,v44346789
2006,405.00,"Calgary, Alberta",34.111.9,v44346789
2007,295.00,"Calgary, Alberta",34.111.9,v44346789
2008,317.00,"Calgary, Alberta",34.111.9,v44346789
2009,428.00,"Calgary, Alberta",34.111.9,v44346789
2010,406.00,"Calgary, Alberta",34.111.9,v44346789
2011,389.00,"Calgary, Alberta",34.111.9,v44346789
2012,357.00,"Calgary, Alberta",34.111.9,v44346789
2013,281.00,"Calgary, Alberta",34.111.9,v44346789
2014,236.00,"Calgary, Alberta",34.111.9,v44346789
2015,275.00,"Calgary, Alberta",34.111.9,v44346789
1998,258.00,"Edmonton, Alberta",35.111.9,v44370947
1999,213.00,"Edmonton, Alberta",35.111.9,v44370947
2000,276.00,"Edmonton, Alberta",35.111.9,v44370947
2001,240.00,"Edmonton, Alberta",35.111.9,v44370947
2002,234.00,"Edmonton, Alberta",35.111.9,v44370947
2003,240.00,"Edmonton, Alberta",35.111.9,v44370947
2004,225.00,"Edmonton, Alberta",35.111.9,v44370947
2005,205.00,"Edmonton, Alberta",35.111.9,v44370947
2006,238.00,"Edmonton, Alberta",35.111.9,v44370947
2007,337.00,"Edmonton, Alberta",35.111.9,v44370947
2008,370.00,"Edmonton, Alberta",35.111.9,v44370947
2009,470.00,"Edmonton, Alberta",35.111.9,v44370947
2010,539.00,"Edmonton, Alberta",35.111.9,v44370947
2011,491.00,"Edmonton, Alberta",35.111.9,v44370947
2012,704.00,"Edmonton, Alberta",35.111.9,v44370947
2013,564.00,"Edmonton, Alberta",35.111.9,v44370947
2014,473.00,"Edmonton, Alberta",35.111.9,v44370947
2015,503.00,"Edmonton, Alberta",35.111.9,v44370947
1998,2311.00,"British Columbia",36.111.9,v44359376
1999,2045.00,"British Columbia",36.111.9,v44359376
2000,2115.00,"British Columbia",36.111.9,v44359376
2001,2099.00,"British Columbia",36.111.9,v44359376
2002,2120.00,"British Columbia",36.111.9,v44359376
2003,2216.00,"British Columbia",36.111.9,v44359376
2004,2543.00,"British Columbia",36.111.9,v44359376
2005,2562.00,"British Columbia",36.111.9,v44359376
2006,2920.00,"British Columbia",36.111.9,v44359376
2007,2779.00,"British Columbia",36.111.9,v44359376
2008,3152.00,"British Columbia",36.111.9,v44359376
2009,3590.00,"British Columbia",36.111.9,v44359376
2010,4029.00,"British Columbia",36.111.9,v44359376
2011,3840.00,"British Columbia",36.111.9,v44359376
2012,4094.00,"British Columbia",36.111.9,v44359376
2013,4023.00,"British Columbia",36.111.9,v44359376
2014,4110.00,"British Columbia",36.111.9,v44359376
2015,4444.00,"British Columbia",36.111.9,v44359376
2005,..,"Kelowna, British Columbia",48.111.9,v52144438
2006,110.00,"Kelowna, British Columbia",48.111.9,v52144438
2007,89.00,"Kelowna, British Columbia",48.111.9,v52144438
2008,85.00,"Kelowna, British Columbia",48.111.9,v52144438
2009,130.00,"Kelowna, British Columbia",48.111.9,v52144438
2010,104.00,"Kelowna, British Columbia",48.111.9,v52144438
2011,79.00,"Kelowna, British Columbia",48.111.9,v52144438
2012,125.00,"Kelowna, British Columbia",48.111.9,v52144438
2013,172.00,"Kelowna, British Columbia",48.111.9,v52144438
2014,128.00,"Kelowna, British Columbia",48.111.9,v52144438
2015,95.00,"Kelowna, British Columbia",48.111.9,v52144438
2000,..,"Abbotsford-Mission, British Columbia",39.111.9,v44412143
2001,81.00,"Abbotsford-Mission, British Columbia",39.111.9,v44412143
2002,86.00,"Abbotsford-Mission, British Columbia",39.111.9,v44412143
2003,97.00,"Abbotsford-Mission, British Columbia",39.111.9,v44412143
2004,109.00,"Abbotsford-Mission, British Columbia",39.111.9,v44412143
2005,105.00,"Abbotsford-Mission, British Columbia",39.111.9,v44412143
2006,99.00,"Abbotsford-Mission, British Columbia",39.111.9,v44412143
2007,76.00,"Abbotsford-Mission, British Columbia",39.111.9,v44412143
2008,67.00,"Abbotsford-Mission, British Columbia",39.111.9,v44412143
2009,125.00,"Abbotsford-Mission, British Columbia",39.111.9,v44412143
2010,139.00,"Abbotsford-Mission, British Columbia",39.111.9,v44412143
2011,120.00,"Abbotsford-Mission, British Columbia",39.111.9,v44412143
2012,142.00,"Abbotsford-Mission, British Columbia",39.111.9,v44412143
2013,160.00,"Abbotsford-Mission, British Columbia",39.111.9,v44412143
2014,109.00,"Abbotsford-Mission, British Columbia",39.111.9,v44412143
2015,145.00,"Abbotsford-Mission, British Columbia",39.111.9,v44412143
1998,770.00,"Vancouver, British Columbia",37.111.9,v44330009
1999,799.00,"Vancouver, British Columbia",37.111.9,v44330009
2000,808.00,"Vancouver, British Columbia",37.111.9,v44330009
2001,801.00,"Vancouver, British Columbia",37.111.9,v44330009
2002,908.00,"Vancouver, British Columbia",37.111.9,v44330009
2003,1033.00,"Vancouver, British Columbia",37.111.9,v44330009
2004,1108.00,"Vancouver, British Columbia",37.111.9,v44330009
2005,936.00,"Vancouver, British Columbia",37.111.9,v44330009
2006,1108.00,"Vancouver, British Columbia",37.111.9,v44330009
2007,981.00,"Vancouver, British Columbia",37.111.9,v44330009
2008,1085.00,"Vancouver, British Columbia",37.111.9,v44330009
2009,1172.00,"Vancouver, British Columbia",37.111.9,v44330009
2010,1255.00,"Vancouver, British Columbia",37.111.9,v44330009
2011,1391.00,"Vancouver, British Columbia",37.111.9,v44330009
2012,1513.00,"Vancouver, British Columbia",37.111.9,v44330009
2013,1338.00,"Vancouver, British Columbia",37.111.9,v44330009
2014,1515.00,"Vancouver, British Columbia",37.111.9,v44330009
2015,1606.00,"Vancouver, British Columbia",37.111.9,v44330009
1998,293.00,"Victoria, British Columbia",38.111.9,v44357166
1999,252.00,"Victoria, British Columbia",38.111.9,v44357166
2000,242.00,"Victoria, British Columbia",38.111.9,v44357166
2001,242.00,"Victoria, British Columbia",38.111.9,v44357166
2002,211.00,"Victoria, British Columbia",38.111.9,v44357166
2003,252.00,"Victoria, British Columbia",38.111.9,v44357166
2004,549.00,"Victoria, British Columbia",38.111.9,v44357166
2005,669.00,"Victoria, British Columbia",38.111.9,v44357166
2006,680.00,"Victoria, British Columbia",38.111.9,v44357166
2007,572.00,"Victoria, British Columbia",38.111.9,v44357166
2008,479.00,"Victoria, British Columbia",38.111.9,v44357166
2009,443.00,"Victoria, British Columbia",38.111.9,v44357166
2010,451.00,"Victoria, British Columbia",38.111.9,v44357166
2011,278.00,"Victoria, British Columbia",38.111.9,v44357166
2012,275.00,"Victoria, British Columbia",38.111.9,v44357166
2013,258.00,"Victoria, British Columbia",38.111.9,v44357166
2014,326.00,"Victoria, British Columbia",38.111.9,v44357166
2015,433.00,"Victoria, British Columbia",38.111.9,v44357166
1998,83.00,"Yukon",40.111.9,v44406565
1999,65.00,"Yukon",40.111.9,v44406565
2000,61.00,"Yukon",40.111.9,v44406565
2001,59.00,"Yukon",40.111.9,v44406565
2002,51.00,"Yukon",40.111.9,v44406565
2003,34.00,"Yukon",40.111.9,v44406565
2004,37.00,"Yukon",40.111.9,v44406565
2005,115.00,"Yukon",40.111.9,v44406565
2006,122.00,"Yukon",40.111.9,v44406565
2007,114.00,"Yukon",40.111.9,v44406565
2008,115.00,"Yukon",40.111.9,v44406565
2009,168.00,"Yukon",40.111.9,v44406565
2010,170.00,"Yukon",40.111.9,v44406565
2011,133.00,"Yukon",40.111.9,v44406565
2012,151.00,"Yukon",40.111.9,v44406565
2013,179.00,"Yukon",40.111.9,v44406565
2014,105.00,"Yukon",40.111.9,v44406565
2015,110.00,"Yukon",40.111.9,v44406565
1998,177.00,"Northwest Territories",41.111.9,v44386900
1999,63.00,"Northwest Territories",41.111.9,v44386900
2000,63.00,"Northwest Territories",41.111.9,v44386900
2001,85.00,"Northwest Territories",41.111.9,v44386900
2002,64.00,"Northwest Territories",41.111.9,v44386900
2003,65.00,"Northwest Territories",41.111.9,v44386900
2004,79.00,"Northwest Territories",41.111.9,v44386900
2005,86.00,"Northwest Territories",41.111.9,v44386900
2006,179.00,"Northwest Territories",41.111.9,v44386900
2007,209.00,"Northwest Territories",41.111.9,v44386900
2008,253.00,"Northwest Territories",41.111.9,v44386900
2009,248.00,"Northwest Territories",41.111.9,v44386900
2010,258.00,"Northwest Territories",41.111.9,v44386900
2011,303.00,"Northwest Territories",41.111.9,v44386900
2012,245.00,"Northwest Territories",41.111.9,v44386900
2013,230.00,"Northwest Territories",41.111.9,v44386900
2014,207.00,"Northwest Territories",41.111.9,v44386900
2015,195.00,"Northwest Territories",41.111.9,v44386900
1998,..,"Nunavut",42.111.9,v44379115
1999,25.00,"Nunavut",42.111.9,v44379115
2000,44.00,"Nunavut",42.111.9,v44379115
2001,52.00,"Nunavut",42.111.9,v44379115
2002,56.00,"Nunavut",42.111.9,v44379115
2003,54.00,"Nunavut",42.111.9,v44379115
2004,52.00,"Nunavut",42.111.9,v44379115
2005,54.00,"Nunavut",42.111.9,v44379115
2006,102.00,"Nunavut",42.111.9,v44379115
2007,125.00,"Nunavut",42.111.9,v44379115
2008,179.00,"Nunavut",42.111.9,v44379115
2009,149.00,"Nunavut",42.111.9,v44379115
2010,125.00,"Nunavut",42.111.9,v44379115
2011,114.00,"Nunavut",42.111.9,v44379115
2012,104.00,"Nunavut",42.111.9,v44379115
2013,91.00,"Nunavut",42.111.9,v44379115
2014,77.00,"Nunavut",42.111.9,v44379115
2015,62.00,"Nunavut",42.111.9,v44379115
