2006,..,"Canada",1.229.1,v61986422
2007,..,"Canada",1.229.1,v61986422
2008,..,"Canada",1.229.1,v61986422
2009,..,"Canada",1.229.1,v61986422
2010,..,"Canada",1.229.1,v61986422
2011,52.00,"Canada",1.229.1,v61986422
2012,224.00,"Canada",1.229.1,v61986422
2013,119.00,"Canada",1.229.1,v61986422
2014,140.00,"Canada",1.229.1,v61986422
2015,104.00,"Canada",1.229.1,v61986422
2006,..,"Newfoundland and Labrador",2.229.1,v61986464
2007,..,"Newfoundland and Labrador",2.229.1,v61986464
2008,..,"Newfoundland and Labrador",2.229.1,v61986464
2009,..,"Newfoundland and Labrador",2.229.1,v61986464
2010,..,"Newfoundland and Labrador",2.229.1,v61986464
2011,0.00,"Newfoundland and Labrador",2.229.1,v61986464
2012,0.00,"Newfoundland and Labrador",2.229.1,v61986464
2013,0.00,"Newfoundland and Labrador",2.229.1,v61986464
2014,0.00,"Newfoundland and Labrador",2.229.1,v61986464
2015,0.00,"Newfoundland and Labrador",2.229.1,v61986464
2006,..,"St. John's, Newfoundland and Labrador",3.229.1,v61986506
2007,..,"St. John's, Newfoundland and Labrador",3.229.1,v61986506
2008,..,"St. John's, Newfoundland and Labrador",3.229.1,v61986506
2009,..,"St. John's, Newfoundland and Labrador",3.229.1,v61986506
2010,..,"St. John's, Newfoundland and Labrador",3.229.1,v61986506
2011,0.00,"St. John's, Newfoundland and Labrador",3.229.1,v61986506
2012,0.00,"St. John's, Newfoundland and Labrador",3.229.1,v61986506
2013,0.00,"St. John's, Newfoundland and Labrador",3.229.1,v61986506
2014,0.00,"St. John's, Newfoundland and Labrador",3.229.1,v61986506
2015,0.00,"St. John's, Newfoundland and Labrador",3.229.1,v61986506
2006,..,"Prince Edward Island",4.229.1,v61986548
2007,..,"Prince Edward Island",4.229.1,v61986548
2008,..,"Prince Edward Island",4.229.1,v61986548
2009,..,"Prince Edward Island",4.229.1,v61986548
2010,..,"Prince Edward Island",4.229.1,v61986548
2011,0.00,"Prince Edward Island",4.229.1,v61986548
2012,0.00,"Prince Edward Island",4.229.1,v61986548
2013,1.00,"Prince Edward Island",4.229.1,v61986548
2014,0.00,"Prince Edward Island",4.229.1,v61986548
2015,0.00,"Prince Edward Island",4.229.1,v61986548
2006,..,"Nova Scotia",5.229.1,v61986590
2007,..,"Nova Scotia",5.229.1,v61986590
2008,..,"Nova Scotia",5.229.1,v61986590
2009,..,"Nova Scotia",5.229.1,v61986590
2010,..,"Nova Scotia",5.229.1,v61986590
2011,0.00,"Nova Scotia",5.229.1,v61986590
2012,3.00,"Nova Scotia",5.229.1,v61986590
2013,0.00,"Nova Scotia",5.229.1,v61986590
2014,2.00,"Nova Scotia",5.229.1,v61986590
2015,3.00,"Nova Scotia",5.229.1,v61986590
2006,..,"Halifax, Nova Scotia",6.229.1,v61986632
2007,..,"Halifax, Nova Scotia",6.229.1,v61986632
2008,..,"Halifax, Nova Scotia",6.229.1,v61986632
2009,..,"Halifax, Nova Scotia",6.229.1,v61986632
2010,..,"Halifax, Nova Scotia",6.229.1,v61986632
2011,0.00,"Halifax, Nova Scotia",6.229.1,v61986632
2012,1.00,"Halifax, Nova Scotia",6.229.1,v61986632
2013,0.00,"Halifax, Nova Scotia",6.229.1,v61986632
2014,0.00,"Halifax, Nova Scotia",6.229.1,v61986632
2015,2.00,"Halifax, Nova Scotia",6.229.1,v61986632
2006,..,"New Brunswick",7.229.1,v61986674
2007,..,"New Brunswick",7.229.1,v61986674
2008,..,"New Brunswick",7.229.1,v61986674
2009,..,"New Brunswick",7.229.1,v61986674
2010,..,"New Brunswick",7.229.1,v61986674
2011,0.00,"New Brunswick",7.229.1,v61986674
2012,2.00,"New Brunswick",7.229.1,v61986674
2013,1.00,"New Brunswick",7.229.1,v61986674
2014,1.00,"New Brunswick",7.229.1,v61986674
2015,1.00,"New Brunswick",7.229.1,v61986674
2006,..,"Moncton, New Brunswick",43.229.1,v61988186
2007,..,"Moncton, New Brunswick",43.229.1,v61988186
2008,..,"Moncton, New Brunswick",43.229.1,v61988186
2009,..,"Moncton, New Brunswick",43.229.1,v61988186
2010,..,"Moncton, New Brunswick",43.229.1,v61988186
2011,0.00,"Moncton, New Brunswick",43.229.1,v61988186
2012,0.00,"Moncton, New Brunswick",43.229.1,v61988186
2013,0.00,"Moncton, New Brunswick",43.229.1,v61988186
2014,0.00,"Moncton, New Brunswick",43.229.1,v61988186
2015,0.00,"Moncton, New Brunswick",43.229.1,v61988186
2006,..,"Saint John, New Brunswick",8.229.1,v61986716
2007,..,"Saint John, New Brunswick",8.229.1,v61986716
2008,..,"Saint John, New Brunswick",8.229.1,v61986716
2009,..,"Saint John, New Brunswick",8.229.1,v61986716
2010,..,"Saint John, New Brunswick",8.229.1,v61986716
2011,0.00,"Saint John, New Brunswick",8.229.1,v61986716
2012,1.00,"Saint John, New Brunswick",8.229.1,v61986716
2013,0.00,"Saint John, New Brunswick",8.229.1,v61986716
2014,0.00,"Saint John, New Brunswick",8.229.1,v61986716
2015,0.00,"Saint John, New Brunswick",8.229.1,v61986716
2006,..,"Quebec",9.229.1,v61986758
2007,..,"Quebec",9.229.1,v61986758
2008,..,"Quebec",9.229.1,v61986758
2009,..,"Quebec",9.229.1,v61986758
2010,..,"Quebec",9.229.1,v61986758
2011,39.00,"Quebec",9.229.1,v61986758
2012,66.00,"Quebec",9.229.1,v61986758
2013,85.00,"Quebec",9.229.1,v61986758
2014,103.00,"Quebec",9.229.1,v61986758
2015,66.00,"Quebec",9.229.1,v61986758
2006,..,"Saguenay, Quebec",10.229.1,v61986800
2007,..,"Saguenay, Quebec",10.229.1,v61986800
2008,..,"Saguenay, Quebec",10.229.1,v61986800
2009,..,"Saguenay, Quebec",10.229.1,v61986800
2010,..,"Saguenay, Quebec",10.229.1,v61986800
2011,1.00,"Saguenay, Quebec",10.229.1,v61986800
2012,0.00,"Saguenay, Quebec",10.229.1,v61986800
2013,1.00,"Saguenay, Quebec",10.229.1,v61986800
2014,1.00,"Saguenay, Quebec",10.229.1,v61986800
2015,2.00,"Saguenay, Quebec",10.229.1,v61986800
2006,..,"Sherbrooke, Quebec",12.229.1,v61986884
2007,..,"Sherbrooke, Quebec",12.229.1,v61986884
2008,..,"Sherbrooke, Quebec",12.229.1,v61986884
2009,..,"Sherbrooke, Quebec",12.229.1,v61986884
2010,..,"Sherbrooke, Quebec",12.229.1,v61986884
2011,1.00,"Sherbrooke, Quebec",12.229.1,v61986884
2012,9.00,"Sherbrooke, Quebec",12.229.1,v61986884
2013,1.00,"Sherbrooke, Quebec",12.229.1,v61986884
2014,9.00,"Sherbrooke, Quebec",12.229.1,v61986884
2015,4.00,"Sherbrooke, Quebec",12.229.1,v61986884
2006,..,"Ottawa-Gatineau, Quebec part",15.229.1,v61987010
2007,..,"Ottawa-Gatineau, Quebec part",15.229.1,v61987010
2008,..,"Ottawa-Gatineau, Quebec part",15.229.1,v61987010
2009,..,"Ottawa-Gatineau, Quebec part",15.229.1,v61987010
2010,..,"Ottawa-Gatineau, Quebec part",15.229.1,v61987010
2011,1.00,"Ottawa-Gatineau, Quebec part",15.229.1,v61987010
2012,0.00,"Ottawa-Gatineau, Quebec part",15.229.1,v61987010
2013,0.00,"Ottawa-Gatineau, Quebec part",15.229.1,v61987010
2014,0.00,"Ottawa-Gatineau, Quebec part",15.229.1,v61987010
2015,0.00,"Ottawa-Gatineau, Quebec part",15.229.1,v61987010
2006,..,"Ontario",16.229.1,v61987052
2007,..,"Ontario",16.229.1,v61987052
2008,..,"Ontario",16.229.1,v61987052
2009,..,"Ontario",16.229.1,v61987052
2010,..,"Ontario",16.229.1,v61987052
2011,5.00,"Ontario",16.229.1,v61987052
2012,10.00,"Ontario",16.229.1,v61987052
2013,9.00,"Ontario",16.229.1,v61987052
2014,15.00,"Ontario",16.229.1,v61987052
2015,10.00,"Ontario",16.229.1,v61987052
2006,..,"Ottawa-Gatineau, Ontario/Quebec",17.229.1,v61987094
2007,..,"Ottawa-Gatineau, Ontario/Quebec",17.229.1,v61987094
2008,..,"Ottawa-Gatineau, Ontario/Quebec",17.229.1,v61987094
2009,..,"Ottawa-Gatineau, Ontario/Quebec",17.229.1,v61987094
2010,..,"Ottawa-Gatineau, Ontario/Quebec",17.229.1,v61987094
2011,1.00,"Ottawa-Gatineau, Ontario/Quebec",17.229.1,v61987094
2012,0.00,"Ottawa-Gatineau, Ontario/Quebec",17.229.1,v61987094
2013,0.00,"Ottawa-Gatineau, Ontario/Quebec",17.229.1,v61987094
2014,0.00,"Ottawa-Gatineau, Ontario/Quebec",17.229.1,v61987094
2015,0.00,"Ottawa-Gatineau, Ontario/Quebec",17.229.1,v61987094
2006,..,"Ottawa-Gatineau, Ontario part",18.229.1,v61987136
2007,..,"Ottawa-Gatineau, Ontario part",18.229.1,v61987136
2008,..,"Ottawa-Gatineau, Ontario part",18.229.1,v61987136
2009,..,"Ottawa-Gatineau, Ontario part",18.229.1,v61987136
2010,..,"Ottawa-Gatineau, Ontario part",18.229.1,v61987136
2011,0.00,"Ottawa-Gatineau, Ontario part",18.229.1,v61987136
2012,0.00,"Ottawa-Gatineau, Ontario part",18.229.1,v61987136
2013,0.00,"Ottawa-Gatineau, Ontario part",18.229.1,v61987136
2014,0.00,"Ottawa-Gatineau, Ontario part",18.229.1,v61987136
2015,0.00,"Ottawa-Gatineau, Ontario part",18.229.1,v61987136
2006,..,"Kingston, Ontario",27.229.1,v61987514
2007,..,"Kingston, Ontario",27.229.1,v61987514
2008,..,"Kingston, Ontario",27.229.1,v61987514
2009,..,"Kingston, Ontario",27.229.1,v61987514
2010,..,"Kingston, Ontario",27.229.1,v61987514
2011,0.00,"Kingston, Ontario",27.229.1,v61987514
2012,0.00,"Kingston, Ontario",27.229.1,v61987514
2013,0.00,"Kingston, Ontario",27.229.1,v61987514
2014,0.00,"Kingston, Ontario",27.229.1,v61987514
2015,0.00,"Kingston, Ontario",27.229.1,v61987514
2006,..,"Peterborough, Ontario",44.229.1,v61988228
2007,..,"Peterborough, Ontario",44.229.1,v61988228
2008,..,"Peterborough, Ontario",44.229.1,v61988228
2009,..,"Peterborough, Ontario",44.229.1,v61988228
2010,..,"Peterborough, Ontario",44.229.1,v61988228
2011,0.00,"Peterborough, Ontario",44.229.1,v61988228
2012,0.00,"Peterborough, Ontario",44.229.1,v61988228
2013,0.00,"Peterborough, Ontario",44.229.1,v61988228
2014,0.00,"Peterborough, Ontario",44.229.1,v61988228
2015,0.00,"Peterborough, Ontario",44.229.1,v61988228
2006,..,"Toronto, Ontario",19.229.1,v61987178
2007,..,"Toronto, Ontario",19.229.1,v61987178
2008,..,"Toronto, Ontario",19.229.1,v61987178
2009,..,"Toronto, Ontario",19.229.1,v61987178
2010,..,"Toronto, Ontario",19.229.1,v61987178
2011,1.00,"Toronto, Ontario",19.229.1,v61987178
2012,2.00,"Toronto, Ontario",19.229.1,v61987178
2013,1.00,"Toronto, Ontario",19.229.1,v61987178
2014,3.00,"Toronto, Ontario",19.229.1,v61987178
2015,2.00,"Toronto, Ontario",19.229.1,v61987178
2006,..,"Hamilton, Ontario",20.229.1,v61987220
2007,..,"Hamilton, Ontario",20.229.1,v61987220
2008,..,"Hamilton, Ontario",20.229.1,v61987220
2009,..,"Hamilton, Ontario",20.229.1,v61987220
2010,..,"Hamilton, Ontario",20.229.1,v61987220
2011,1.00,"Hamilton, Ontario",20.229.1,v61987220
2012,0.00,"Hamilton, Ontario",20.229.1,v61987220
2013,0.00,"Hamilton, Ontario",20.229.1,v61987220
2014,3.00,"Hamilton, Ontario",20.229.1,v61987220
2015,2.00,"Hamilton, Ontario",20.229.1,v61987220
2006,..,"St.Catharines-Niagara, Ontario",21.229.1,v61987262
2007,..,"St.Catharines-Niagara, Ontario",21.229.1,v61987262
2008,..,"St.Catharines-Niagara, Ontario",21.229.1,v61987262
2009,..,"St.Catharines-Niagara, Ontario",21.229.1,v61987262
2010,..,"St.Catharines-Niagara, Ontario",21.229.1,v61987262
2011,0.00,"St.Catharines-Niagara, Ontario",21.229.1,v61987262
2012,0.00,"St.Catharines-Niagara, Ontario",21.229.1,v61987262
2013,1.00,"St.Catharines-Niagara, Ontario",21.229.1,v61987262
2014,0.00,"St.Catharines-Niagara, Ontario",21.229.1,v61987262
2015,0.00,"St.Catharines-Niagara, Ontario",21.229.1,v61987262
2006,..,"Kitchener-Cambridge-Waterloo, Ontario",22.229.1,v61987304
2007,..,"Kitchener-Cambridge-Waterloo, Ontario",22.229.1,v61987304
2008,..,"Kitchener-Cambridge-Waterloo, Ontario",22.229.1,v61987304
2009,..,"Kitchener-Cambridge-Waterloo, Ontario",22.229.1,v61987304
2010,..,"Kitchener-Cambridge-Waterloo, Ontario",22.229.1,v61987304
2011,0.00,"Kitchener-Cambridge-Waterloo, Ontario",22.229.1,v61987304
2012,0.00,"Kitchener-Cambridge-Waterloo, Ontario",22.229.1,v61987304
2013,0.00,"Kitchener-Cambridge-Waterloo, Ontario",22.229.1,v61987304
2014,1.00,"Kitchener-Cambridge-Waterloo, Ontario",22.229.1,v61987304
2015,1.00,"Kitchener-Cambridge-Waterloo, Ontario",22.229.1,v61987304
2006,..,"Brantford, Ontario",45.229.1,v61988270
2007,..,"Brantford, Ontario",45.229.1,v61988270
2008,..,"Brantford, Ontario",45.229.1,v61988270
2009,..,"Brantford, Ontario",45.229.1,v61988270
2010,..,"Brantford, Ontario",45.229.1,v61988270
2011,0.00,"Brantford, Ontario",45.229.1,v61988270
2012,0.00,"Brantford, Ontario",45.229.1,v61988270
2013,0.00,"Brantford, Ontario",45.229.1,v61988270
2014,0.00,"Brantford, Ontario",45.229.1,v61988270
2015,0.00,"Brantford, Ontario",45.229.1,v61988270
2006,..,"Guelph, Ontario",46.229.1,v61988312
2007,..,"Guelph, Ontario",46.229.1,v61988312
2008,..,"Guelph, Ontario",46.229.1,v61988312
2009,..,"Guelph, Ontario",46.229.1,v61988312
2010,..,"Guelph, Ontario",46.229.1,v61988312
2011,0.00,"Guelph, Ontario",46.229.1,v61988312
2012,0.00,"Guelph, Ontario",46.229.1,v61988312
2013,0.00,"Guelph, Ontario",46.229.1,v61988312
2014,0.00,"Guelph, Ontario",46.229.1,v61988312
2015,0.00,"Guelph, Ontario",46.229.1,v61988312
2006,..,"London, Ontario",23.229.1,v61987346
2007,..,"London, Ontario",23.229.1,v61987346
2008,..,"London, Ontario",23.229.1,v61987346
2009,..,"London, Ontario",23.229.1,v61987346
2010,..,"London, Ontario",23.229.1,v61987346
2011,0.00,"London, Ontario",23.229.1,v61987346
2012,0.00,"London, Ontario",23.229.1,v61987346
2013,0.00,"London, Ontario",23.229.1,v61987346
2014,0.00,"London, Ontario",23.229.1,v61987346
2015,0.00,"London, Ontario",23.229.1,v61987346
2006,..,"Windsor, Ontario",24.229.1,v61987388
2007,..,"Windsor, Ontario",24.229.1,v61987388
2008,..,"Windsor, Ontario",24.229.1,v61987388
2009,..,"Windsor, Ontario",24.229.1,v61987388
2010,..,"Windsor, Ontario",24.229.1,v61987388
2011,0.00,"Windsor, Ontario",24.229.1,v61987388
2012,0.00,"Windsor, Ontario",24.229.1,v61987388
2013,0.00,"Windsor, Ontario",24.229.1,v61987388
2014,2.00,"Windsor, Ontario",24.229.1,v61987388
2015,0.00,"Windsor, Ontario",24.229.1,v61987388
2006,..,"Barrie, Ontario",47.229.1,v61988354
2007,..,"Barrie, Ontario",47.229.1,v61988354
2008,..,"Barrie, Ontario",47.229.1,v61988354
2009,..,"Barrie, Ontario",47.229.1,v61988354
2010,..,"Barrie, Ontario",47.229.1,v61988354
2011,0.00,"Barrie, Ontario",47.229.1,v61988354
2012,0.00,"Barrie, Ontario",47.229.1,v61988354
2013,0.00,"Barrie, Ontario",47.229.1,v61988354
2014,0.00,"Barrie, Ontario",47.229.1,v61988354
2015,1.00,"Barrie, Ontario",47.229.1,v61988354
2006,..,"Sudbury, Ontario",25.229.1,v61987430
2007,..,"Sudbury, Ontario",25.229.1,v61987430
2008,..,"Sudbury, Ontario",25.229.1,v61987430
2009,..,"Sudbury, Ontario",25.229.1,v61987430
2010,..,"Sudbury, Ontario",25.229.1,v61987430
2011,0.00,"Sudbury, Ontario",25.229.1,v61987430
2012,0.00,"Sudbury, Ontario",25.229.1,v61987430
2013,0.00,"Sudbury, Ontario",25.229.1,v61987430
2014,0.00,"Sudbury, Ontario",25.229.1,v61987430
2015,0.00,"Sudbury, Ontario",25.229.1,v61987430
2006,..,"Thunder Bay, Ontario",26.229.1,v61987472
2007,..,"Thunder Bay, Ontario",26.229.1,v61987472
2008,..,"Thunder Bay, Ontario",26.229.1,v61987472
2009,..,"Thunder Bay, Ontario",26.229.1,v61987472
2010,..,"Thunder Bay, Ontario",26.229.1,v61987472
2011,0.00,"Thunder Bay, Ontario",26.229.1,v61987472
2012,0.00,"Thunder Bay, Ontario",26.229.1,v61987472
2013,0.00,"Thunder Bay, Ontario",26.229.1,v61987472
2014,0.00,"Thunder Bay, Ontario",26.229.1,v61987472
2015,0.00,"Thunder Bay, Ontario",26.229.1,v61987472
2006,..,"Manitoba",28.229.1,v61987556
2007,..,"Manitoba",28.229.1,v61987556
2008,..,"Manitoba",28.229.1,v61987556
2009,..,"Manitoba",28.229.1,v61987556
2010,..,"Manitoba",28.229.1,v61987556
2011,0.00,"Manitoba",28.229.1,v61987556
2012,134.00,"Manitoba",28.229.1,v61987556
2013,1.00,"Manitoba",28.229.1,v61987556
2014,0.00,"Manitoba",28.229.1,v61987556
2015,1.00,"Manitoba",28.229.1,v61987556
2006,..,"Winnipeg, Manitoba",29.229.1,v61987598
2007,..,"Winnipeg, Manitoba",29.229.1,v61987598
2008,..,"Winnipeg, Manitoba",29.229.1,v61987598
2009,..,"Winnipeg, Manitoba",29.229.1,v61987598
2010,..,"Winnipeg, Manitoba",29.229.1,v61987598
2011,0.00,"Winnipeg, Manitoba",29.229.1,v61987598
2012,0.00,"Winnipeg, Manitoba",29.229.1,v61987598
2013,0.00,"Winnipeg, Manitoba",29.229.1,v61987598
2014,0.00,"Winnipeg, Manitoba",29.229.1,v61987598
2015,1.00,"Winnipeg, Manitoba",29.229.1,v61987598
2006,..,"Saskatchewan",30.229.1,v61987640
2007,..,"Saskatchewan",30.229.1,v61987640
2008,..,"Saskatchewan",30.229.1,v61987640
2009,..,"Saskatchewan",30.229.1,v61987640
2010,..,"Saskatchewan",30.229.1,v61987640
2011,1.00,"Saskatchewan",30.229.1,v61987640
2012,1.00,"Saskatchewan",30.229.1,v61987640
2013,1.00,"Saskatchewan",30.229.1,v61987640
2014,1.00,"Saskatchewan",30.229.1,v61987640
2015,0.00,"Saskatchewan",30.229.1,v61987640
2006,..,"Regina, Saskatchewan",31.229.1,v61987682
2007,..,"Regina, Saskatchewan",31.229.1,v61987682
2008,..,"Regina, Saskatchewan",31.229.1,v61987682
2009,..,"Regina, Saskatchewan",31.229.1,v61987682
2010,..,"Regina, Saskatchewan",31.229.1,v61987682
2011,0.00,"Regina, Saskatchewan",31.229.1,v61987682
2012,0.00,"Regina, Saskatchewan",31.229.1,v61987682
2013,0.00,"Regina, Saskatchewan",31.229.1,v61987682
2014,0.00,"Regina, Saskatchewan",31.229.1,v61987682
2015,0.00,"Regina, Saskatchewan",31.229.1,v61987682
2006,..,"Saskatoon, Saskatchewan",32.229.1,v61987724
2007,..,"Saskatoon, Saskatchewan",32.229.1,v61987724
2008,..,"Saskatoon, Saskatchewan",32.229.1,v61987724
2009,..,"Saskatoon, Saskatchewan",32.229.1,v61987724
2010,..,"Saskatoon, Saskatchewan",32.229.1,v61987724
2011,1.00,"Saskatoon, Saskatchewan",32.229.1,v61987724
2012,0.00,"Saskatoon, Saskatchewan",32.229.1,v61987724
2013,0.00,"Saskatoon, Saskatchewan",32.229.1,v61987724
2014,0.00,"Saskatoon, Saskatchewan",32.229.1,v61987724
2015,0.00,"Saskatoon, Saskatchewan",32.229.1,v61987724
2006,..,"Alberta",33.229.1,v61987766
2007,..,"Alberta",33.229.1,v61987766
2008,..,"Alberta",33.229.1,v61987766
2009,..,"Alberta",33.229.1,v61987766
2010,..,"Alberta",33.229.1,v61987766
2011,4.00,"Alberta",33.229.1,v61987766
2012,5.00,"Alberta",33.229.1,v61987766
2013,20.00,"Alberta",33.229.1,v61987766
2014,15.00,"Alberta",33.229.1,v61987766
2015,20.00,"Alberta",33.229.1,v61987766
2006,..,"Calgary, Alberta",34.229.1,v61987808
2007,..,"Calgary, Alberta",34.229.1,v61987808
2008,..,"Calgary, Alberta",34.229.1,v61987808
2009,..,"Calgary, Alberta",34.229.1,v61987808
2010,..,"Calgary, Alberta",34.229.1,v61987808
2011,1.00,"Calgary, Alberta",34.229.1,v61987808
2012,2.00,"Calgary, Alberta",34.229.1,v61987808
2013,3.00,"Calgary, Alberta",34.229.1,v61987808
2014,3.00,"Calgary, Alberta",34.229.1,v61987808
2015,2.00,"Calgary, Alberta",34.229.1,v61987808
2006,..,"Edmonton, Alberta",35.229.1,v61987850
2007,..,"Edmonton, Alberta",35.229.1,v61987850
2008,..,"Edmonton, Alberta",35.229.1,v61987850
2009,..,"Edmonton, Alberta",35.229.1,v61987850
2010,..,"Edmonton, Alberta",35.229.1,v61987850
2011,0.00,"Edmonton, Alberta",35.229.1,v61987850
2012,1.00,"Edmonton, Alberta",35.229.1,v61987850
2013,13.00,"Edmonton, Alberta",35.229.1,v61987850
2014,6.00,"Edmonton, Alberta",35.229.1,v61987850
2015,11.00,"Edmonton, Alberta",35.229.1,v61987850
2006,..,"British Columbia",36.229.1,v61987892
2007,..,"British Columbia",36.229.1,v61987892
2008,..,"British Columbia",36.229.1,v61987892
2009,..,"British Columbia",36.229.1,v61987892
2010,..,"British Columbia",36.229.1,v61987892
2011,3.00,"British Columbia",36.229.1,v61987892
2012,3.00,"British Columbia",36.229.1,v61987892
2013,1.00,"British Columbia",36.229.1,v61987892
2014,3.00,"British Columbia",36.229.1,v61987892
2015,3.00,"British Columbia",36.229.1,v61987892
2006,..,"Kelowna, British Columbia",48.229.1,v61988396
2007,..,"Kelowna, British Columbia",48.229.1,v61988396
2008,..,"Kelowna, British Columbia",48.229.1,v61988396
2009,..,"Kelowna, British Columbia",48.229.1,v61988396
2010,..,"Kelowna, British Columbia",48.229.1,v61988396
2011,0.00,"Kelowna, British Columbia",48.229.1,v61988396
2012,0.00,"Kelowna, British Columbia",48.229.1,v61988396
2013,0.00,"Kelowna, British Columbia",48.229.1,v61988396
2014,0.00,"Kelowna, British Columbia",48.229.1,v61988396
2015,0.00,"Kelowna, British Columbia",48.229.1,v61988396
2006,..,"Abbotsford-Mission, British Columbia",39.229.1,v61988018
2007,..,"Abbotsford-Mission, British Columbia",39.229.1,v61988018
2008,..,"Abbotsford-Mission, British Columbia",39.229.1,v61988018
2009,..,"Abbotsford-Mission, British Columbia",39.229.1,v61988018
2010,..,"Abbotsford-Mission, British Columbia",39.229.1,v61988018
2011,0.00,"Abbotsford-Mission, British Columbia",39.229.1,v61988018
2012,0.00,"Abbotsford-Mission, British Columbia",39.229.1,v61988018
2013,0.00,"Abbotsford-Mission, British Columbia",39.229.1,v61988018
2014,0.00,"Abbotsford-Mission, British Columbia",39.229.1,v61988018
2015,0.00,"Abbotsford-Mission, British Columbia",39.229.1,v61988018
2006,..,"Vancouver, British Columbia",37.229.1,v61987934
2007,..,"Vancouver, British Columbia",37.229.1,v61987934
2008,..,"Vancouver, British Columbia",37.229.1,v61987934
2009,..,"Vancouver, British Columbia",37.229.1,v61987934
2010,..,"Vancouver, British Columbia",37.229.1,v61987934
2011,2.00,"Vancouver, British Columbia",37.229.1,v61987934
2012,1.00,"Vancouver, British Columbia",37.229.1,v61987934
2013,0.00,"Vancouver, British Columbia",37.229.1,v61987934
2014,2.00,"Vancouver, British Columbia",37.229.1,v61987934
2015,3.00,"Vancouver, British Columbia",37.229.1,v61987934
2006,..,"Victoria, British Columbia",38.229.1,v61987976
2007,..,"Victoria, British Columbia",38.229.1,v61987976
2008,..,"Victoria, British Columbia",38.229.1,v61987976
2009,..,"Victoria, British Columbia",38.229.1,v61987976
2010,..,"Victoria, British Columbia",38.229.1,v61987976
2011,0.00,"Victoria, British Columbia",38.229.1,v61987976
2012,1.00,"Victoria, British Columbia",38.229.1,v61987976
2013,0.00,"Victoria, British Columbia",38.229.1,v61987976
2014,0.00,"Victoria, British Columbia",38.229.1,v61987976
2015,0.00,"Victoria, British Columbia",38.229.1,v61987976
2006,..,"Yukon",40.229.1,v61988060
2007,..,"Yukon",40.229.1,v61988060
2008,..,"Yukon",40.229.1,v61988060
2009,..,"Yukon",40.229.1,v61988060
2010,..,"Yukon",40.229.1,v61988060
2011,0.00,"Yukon",40.229.1,v61988060
2012,0.00,"Yukon",40.229.1,v61988060
2013,0.00,"Yukon",40.229.1,v61988060
2014,0.00,"Yukon",40.229.1,v61988060
2015,0.00,"Yukon",40.229.1,v61988060
2006,..,"Northwest Territories",41.229.1,v61988102
2007,..,"Northwest Territories",41.229.1,v61988102
2008,..,"Northwest Territories",41.229.1,v61988102
2009,..,"Northwest Territories",41.229.1,v61988102
2010,..,"Northwest Territories",41.229.1,v61988102
2011,0.00,"Northwest Territories",41.229.1,v61988102
2012,0.00,"Northwest Territories",41.229.1,v61988102
2013,0.00,"Northwest Territories",41.229.1,v61988102
2014,0.00,"Northwest Territories",41.229.1,v61988102
2015,0.00,"Northwest Territories",41.229.1,v61988102
2006,..,"Nunavut",42.229.1,v61988144
2007,..,"Nunavut",42.229.1,v61988144
2008,..,"Nunavut",42.229.1,v61988144
2009,..,"Nunavut",42.229.1,v61988144
2010,..,"Nunavut",42.229.1,v61988144
2011,0.00,"Nunavut",42.229.1,v61988144
2012,0.00,"Nunavut",42.229.1,v61988144
2013,0.00,"Nunavut",42.229.1,v61988144
2014,0.00,"Nunavut",42.229.1,v61988144
2015,0.00,"Nunavut",42.229.1,v61988144
2006,..,"Canada",1.229.1,v61986422
2007,..,"Canada",1.229.1,v61986422
2008,..,"Canada",1.229.1,v61986422
2009,..,"Canada",1.229.1,v61986422
2010,..,"Canada",1.229.1,v61986422
2011,52.00,"Canada",1.229.1,v61986422
2012,224.00,"Canada",1.229.1,v61986422
2013,119.00,"Canada",1.229.1,v61986422
2014,140.00,"Canada",1.229.1,v61986422
2015,104.00,"Canada",1.229.1,v61986422
2006,..,"Newfoundland and Labrador",2.229.1,v61986464
2007,..,"Newfoundland and Labrador",2.229.1,v61986464
2008,..,"Newfoundland and Labrador",2.229.1,v61986464
2009,..,"Newfoundland and Labrador",2.229.1,v61986464
2010,..,"Newfoundland and Labrador",2.229.1,v61986464
2011,0.00,"Newfoundland and Labrador",2.229.1,v61986464
2012,0.00,"Newfoundland and Labrador",2.229.1,v61986464
2013,0.00,"Newfoundland and Labrador",2.229.1,v61986464
2014,0.00,"Newfoundland and Labrador",2.229.1,v61986464
2015,0.00,"Newfoundland and Labrador",2.229.1,v61986464
2006,..,"St. John's, Newfoundland and Labrador",3.229.1,v61986506
2007,..,"St. John's, Newfoundland and Labrador",3.229.1,v61986506
2008,..,"St. John's, Newfoundland and Labrador",3.229.1,v61986506
2009,..,"St. John's, Newfoundland and Labrador",3.229.1,v61986506
2010,..,"St. John's, Newfoundland and Labrador",3.229.1,v61986506
2011,0.00,"St. John's, Newfoundland and Labrador",3.229.1,v61986506
2012,0.00,"St. John's, Newfoundland and Labrador",3.229.1,v61986506
2013,0.00,"St. John's, Newfoundland and Labrador",3.229.1,v61986506
2014,0.00,"St. John's, Newfoundland and Labrador",3.229.1,v61986506
2015,0.00,"St. John's, Newfoundland and Labrador",3.229.1,v61986506
2006,..,"Prince Edward Island",4.229.1,v61986548
2007,..,"Prince Edward Island",4.229.1,v61986548
2008,..,"Prince Edward Island",4.229.1,v61986548
2009,..,"Prince Edward Island",4.229.1,v61986548
2010,..,"Prince Edward Island",4.229.1,v61986548
2011,0.00,"Prince Edward Island",4.229.1,v61986548
2012,0.00,"Prince Edward Island",4.229.1,v61986548
2013,1.00,"Prince Edward Island",4.229.1,v61986548
2014,0.00,"Prince Edward Island",4.229.1,v61986548
2015,0.00,"Prince Edward Island",4.229.1,v61986548
2006,..,"Nova Scotia",5.229.1,v61986590
2007,..,"Nova Scotia",5.229.1,v61986590
2008,..,"Nova Scotia",5.229.1,v61986590
2009,..,"Nova Scotia",5.229.1,v61986590
2010,..,"Nova Scotia",5.229.1,v61986590
2011,0.00,"Nova Scotia",5.229.1,v61986590
2012,3.00,"Nova Scotia",5.229.1,v61986590
2013,0.00,"Nova Scotia",5.229.1,v61986590
2014,2.00,"Nova Scotia",5.229.1,v61986590
2015,3.00,"Nova Scotia",5.229.1,v61986590
2006,..,"Halifax, Nova Scotia",6.229.1,v61986632
2007,..,"Halifax, Nova Scotia",6.229.1,v61986632
2008,..,"Halifax, Nova Scotia",6.229.1,v61986632
2009,..,"Halifax, Nova Scotia",6.229.1,v61986632
2010,..,"Halifax, Nova Scotia",6.229.1,v61986632
2011,0.00,"Halifax, Nova Scotia",6.229.1,v61986632
2012,1.00,"Halifax, Nova Scotia",6.229.1,v61986632
2013,0.00,"Halifax, Nova Scotia",6.229.1,v61986632
2014,0.00,"Halifax, Nova Scotia",6.229.1,v61986632
2015,2.00,"Halifax, Nova Scotia",6.229.1,v61986632
2006,..,"New Brunswick",7.229.1,v61986674
2007,..,"New Brunswick",7.229.1,v61986674
2008,..,"New Brunswick",7.229.1,v61986674
2009,..,"New Brunswick",7.229.1,v61986674
2010,..,"New Brunswick",7.229.1,v61986674
2011,0.00,"New Brunswick",7.229.1,v61986674
2012,2.00,"New Brunswick",7.229.1,v61986674
2013,1.00,"New Brunswick",7.229.1,v61986674
2014,1.00,"New Brunswick",7.229.1,v61986674
2015,1.00,"New Brunswick",7.229.1,v61986674
2006,..,"Moncton, New Brunswick",43.229.1,v61988186
2007,..,"Moncton, New Brunswick",43.229.1,v61988186
2008,..,"Moncton, New Brunswick",43.229.1,v61988186
2009,..,"Moncton, New Brunswick",43.229.1,v61988186
2010,..,"Moncton, New Brunswick",43.229.1,v61988186
2011,0.00,"Moncton, New Brunswick",43.229.1,v61988186
2012,0.00,"Moncton, New Brunswick",43.229.1,v61988186
2013,0.00,"Moncton, New Brunswick",43.229.1,v61988186
2014,0.00,"Moncton, New Brunswick",43.229.1,v61988186
2015,0.00,"Moncton, New Brunswick",43.229.1,v61988186
2006,..,"Saint John, New Brunswick",8.229.1,v61986716
2007,..,"Saint John, New Brunswick",8.229.1,v61986716
2008,..,"Saint John, New Brunswick",8.229.1,v61986716
2009,..,"Saint John, New Brunswick",8.229.1,v61986716
2010,..,"Saint John, New Brunswick",8.229.1,v61986716
2011,0.00,"Saint John, New Brunswick",8.229.1,v61986716
2012,1.00,"Saint John, New Brunswick",8.229.1,v61986716
2013,0.00,"Saint John, New Brunswick",8.229.1,v61986716
2014,0.00,"Saint John, New Brunswick",8.229.1,v61986716
2015,0.00,"Saint John, New Brunswick",8.229.1,v61986716
2006,..,"Quebec",9.229.1,v61986758
2007,..,"Quebec",9.229.1,v61986758
2008,..,"Quebec",9.229.1,v61986758
2009,..,"Quebec",9.229.1,v61986758
2010,..,"Quebec",9.229.1,v61986758
2011,39.00,"Quebec",9.229.1,v61986758
2012,66.00,"Quebec",9.229.1,v61986758
2013,85.00,"Quebec",9.229.1,v61986758
2014,103.00,"Quebec",9.229.1,v61986758
2015,66.00,"Quebec",9.229.1,v61986758
2006,..,"Saguenay, Quebec",10.229.1,v61986800
2007,..,"Saguenay, Quebec",10.229.1,v61986800
2008,..,"Saguenay, Quebec",10.229.1,v61986800
2009,..,"Saguenay, Quebec",10.229.1,v61986800
2010,..,"Saguenay, Quebec",10.229.1,v61986800
2011,1.00,"Saguenay, Quebec",10.229.1,v61986800
2012,0.00,"Saguenay, Quebec",10.229.1,v61986800
2013,1.00,"Saguenay, Quebec",10.229.1,v61986800
2014,1.00,"Saguenay, Quebec",10.229.1,v61986800
2015,2.00,"Saguenay, Quebec",10.229.1,v61986800
2006,..,"Quebec, Quebec",11.229.1,v61986842
2007,..,"Quebec, Quebec",11.229.1,v61986842
2008,..,"Quebec, Quebec",11.229.1,v61986842
2009,..,"Quebec, Quebec",11.229.1,v61986842
2010,..,"Quebec, Quebec",11.229.1,v61986842
2011,1.00,"Quebec, Quebec",11.229.1,v61986842
2012,2.00,"Quebec, Quebec",11.229.1,v61986842
2013,2.00,"Quebec, Quebec",11.229.1,v61986842
2014,0.00,"Quebec, Quebec",11.229.1,v61986842
2015,1.00,"Quebec, Quebec",11.229.1,v61986842
2006,..,"Sherbrooke, Quebec",12.229.1,v61986884
2007,..,"Sherbrooke, Quebec",12.229.1,v61986884
2008,..,"Sherbrooke, Quebec",12.229.1,v61986884
2009,..,"Sherbrooke, Quebec",12.229.1,v61986884
2010,..,"Sherbrooke, Quebec",12.229.1,v61986884
2011,1.00,"Sherbrooke, Quebec",12.229.1,v61986884
2012,9.00,"Sherbrooke, Quebec",12.229.1,v61986884
2013,1.00,"Sherbrooke, Quebec",12.229.1,v61986884
2014,9.00,"Sherbrooke, Quebec",12.229.1,v61986884
2015,4.00,"Sherbrooke, Quebec",12.229.1,v61986884
2006,..,"Montreal, Quebec",14.229.1,v61986968
2007,..,"Montreal, Quebec",14.229.1,v61986968
2008,..,"Montreal, Quebec",14.229.1,v61986968
2009,..,"Montreal, Quebec",14.229.1,v61986968
2010,..,"Montreal, Quebec",14.229.1,v61986968
2011,22.00,"Montreal, Quebec",14.229.1,v61986968
2012,48.00,"Montreal, Quebec",14.229.1,v61986968
2013,65.00,"Montreal, Quebec",14.229.1,v61986968
2014,77.00,"Montreal, Quebec",14.229.1,v61986968
2015,44.00,"Montreal, Quebec",14.229.1,v61986968
2006,..,"Ottawa-Gatineau, Quebec part",15.229.1,v61987010
2007,..,"Ottawa-Gatineau, Quebec part",15.229.1,v61987010
2008,..,"Ottawa-Gatineau, Quebec part",15.229.1,v61987010
2009,..,"Ottawa-Gatineau, Quebec part",15.229.1,v61987010
2010,..,"Ottawa-Gatineau, Quebec part",15.229.1,v61987010
2011,1.00,"Ottawa-Gatineau, Quebec part",15.229.1,v61987010
2012,0.00,"Ottawa-Gatineau, Quebec part",15.229.1,v61987010
2013,0.00,"Ottawa-Gatineau, Quebec part",15.229.1,v61987010
2014,0.00,"Ottawa-Gatineau, Quebec part",15.229.1,v61987010
2015,0.00,"Ottawa-Gatineau, Quebec part",15.229.1,v61987010
2006,..,"Ontario",16.229.1,v61987052
2007,..,"Ontario",16.229.1,v61987052
2008,..,"Ontario",16.229.1,v61987052
2009,..,"Ontario",16.229.1,v61987052
2010,..,"Ontario",16.229.1,v61987052
2011,5.00,"Ontario",16.229.1,v61987052
2012,10.00,"Ontario",16.229.1,v61987052
2013,9.00,"Ontario",16.229.1,v61987052
2014,15.00,"Ontario",16.229.1,v61987052
2015,10.00,"Ontario",16.229.1,v61987052
2006,..,"Ottawa-Gatineau, Ontario/Quebec",17.229.1,v61987094
2007,..,"Ottawa-Gatineau, Ontario/Quebec",17.229.1,v61987094
2008,..,"Ottawa-Gatineau, Ontario/Quebec",17.229.1,v61987094
2009,..,"Ottawa-Gatineau, Ontario/Quebec",17.229.1,v61987094
2010,..,"Ottawa-Gatineau, Ontario/Quebec",17.229.1,v61987094
2011,1.00,"Ottawa-Gatineau, Ontario/Quebec",17.229.1,v61987094
2012,0.00,"Ottawa-Gatineau, Ontario/Quebec",17.229.1,v61987094
2013,0.00,"Ottawa-Gatineau, Ontario/Quebec",17.229.1,v61987094
2014,0.00,"Ottawa-Gatineau, Ontario/Quebec",17.229.1,v61987094
2015,0.00,"Ottawa-Gatineau, Ontario/Quebec",17.229.1,v61987094
2006,..,"Ottawa-Gatineau, Ontario part",18.229.1,v61987136
2007,..,"Ottawa-Gatineau, Ontario part",18.229.1,v61987136
2008,..,"Ottawa-Gatineau, Ontario part",18.229.1,v61987136
2009,..,"Ottawa-Gatineau, Ontario part",18.229.1,v61987136
2010,..,"Ottawa-Gatineau, Ontario part",18.229.1,v61987136
2011,0.00,"Ottawa-Gatineau, Ontario part",18.229.1,v61987136
2012,0.00,"Ottawa-Gatineau, Ontario part",18.229.1,v61987136
2013,0.00,"Ottawa-Gatineau, Ontario part",18.229.1,v61987136
2014,0.00,"Ottawa-Gatineau, Ontario part",18.229.1,v61987136
2015,0.00,"Ottawa-Gatineau, Ontario part",18.229.1,v61987136
2006,..,"Kingston, Ontario",27.229.1,v61987514
2007,..,"Kingston, Ontario",27.229.1,v61987514
2008,..,"Kingston, Ontario",27.229.1,v61987514
2009,..,"Kingston, Ontario",27.229.1,v61987514
2010,..,"Kingston, Ontario",27.229.1,v61987514
2011,0.00,"Kingston, Ontario",27.229.1,v61987514
2012,0.00,"Kingston, Ontario",27.229.1,v61987514
2013,0.00,"Kingston, Ontario",27.229.1,v61987514
2014,0.00,"Kingston, Ontario",27.229.1,v61987514
2015,0.00,"Kingston, Ontario",27.229.1,v61987514
2006,..,"Peterborough, Ontario",44.229.1,v61988228
2007,..,"Peterborough, Ontario",44.229.1,v61988228
2008,..,"Peterborough, Ontario",44.229.1,v61988228
2009,..,"Peterborough, Ontario",44.229.1,v61988228
2010,..,"Peterborough, Ontario",44.229.1,v61988228
2011,0.00,"Peterborough, Ontario",44.229.1,v61988228
2012,0.00,"Peterborough, Ontario",44.229.1,v61988228
2013,0.00,"Peterborough, Ontario",44.229.1,v61988228
2014,0.00,"Peterborough, Ontario",44.229.1,v61988228
2015,0.00,"Peterborough, Ontario",44.229.1,v61988228
2006,..,"Toronto, Ontario",19.229.1,v61987178
2007,..,"Toronto, Ontario",19.229.1,v61987178
2008,..,"Toronto, Ontario",19.229.1,v61987178
2009,..,"Toronto, Ontario",19.229.1,v61987178
2010,..,"Toronto, Ontario",19.229.1,v61987178
2011,1.00,"Toronto, Ontario",19.229.1,v61987178
2012,2.00,"Toronto, Ontario",19.229.1,v61987178
2013,1.00,"Toronto, Ontario",19.229.1,v61987178
2014,3.00,"Toronto, Ontario",19.229.1,v61987178
2015,2.00,"Toronto, Ontario",19.229.1,v61987178
2006,..,"Hamilton, Ontario",20.229.1,v61987220
2007,..,"Hamilton, Ontario",20.229.1,v61987220
2008,..,"Hamilton, Ontario",20.229.1,v61987220
2009,..,"Hamilton, Ontario",20.229.1,v61987220
2010,..,"Hamilton, Ontario",20.229.1,v61987220
2011,1.00,"Hamilton, Ontario",20.229.1,v61987220
2012,0.00,"Hamilton, Ontario",20.229.1,v61987220
2013,0.00,"Hamilton, Ontario",20.229.1,v61987220
2014,3.00,"Hamilton, Ontario",20.229.1,v61987220
2015,2.00,"Hamilton, Ontario",20.229.1,v61987220
2006,..,"St.Catharines-Niagara, Ontario",21.229.1,v61987262
2007,..,"St.Catharines-Niagara, Ontario",21.229.1,v61987262
2008,..,"St.Catharines-Niagara, Ontario",21.229.1,v61987262
2009,..,"St.Catharines-Niagara, Ontario",21.229.1,v61987262
2010,..,"St.Catharines-Niagara, Ontario",21.229.1,v61987262
2011,0.00,"St.Catharines-Niagara, Ontario",21.229.1,v61987262
2012,0.00,"St.Catharines-Niagara, Ontario",21.229.1,v61987262
2013,1.00,"St.Catharines-Niagara, Ontario",21.229.1,v61987262
2014,0.00,"St.Catharines-Niagara, Ontario",21.229.1,v61987262
2015,0.00,"St.Catharines-Niagara, Ontario",21.229.1,v61987262
2006,..,"Kitchener-Cambridge-Waterloo, Ontario",22.229.1,v61987304
2007,..,"Kitchener-Cambridge-Waterloo, Ontario",22.229.1,v61987304
2008,..,"Kitchener-Cambridge-Waterloo, Ontario",22.229.1,v61987304
2009,..,"Kitchener-Cambridge-Waterloo, Ontario",22.229.1,v61987304
2010,..,"Kitchener-Cambridge-Waterloo, Ontario",22.229.1,v61987304
2011,0.00,"Kitchener-Cambridge-Waterloo, Ontario",22.229.1,v61987304
2012,0.00,"Kitchener-Cambridge-Waterloo, Ontario",22.229.1,v61987304
2013,0.00,"Kitchener-Cambridge-Waterloo, Ontario",22.229.1,v61987304
2014,1.00,"Kitchener-Cambridge-Waterloo, Ontario",22.229.1,v61987304
2015,1.00,"Kitchener-Cambridge-Waterloo, Ontario",22.229.1,v61987304
2006,..,"Brantford, Ontario",45.229.1,v61988270
2007,..,"Brantford, Ontario",45.229.1,v61988270
2008,..,"Brantford, Ontario",45.229.1,v61988270
2009,..,"Brantford, Ontario",45.229.1,v61988270
2010,..,"Brantford, Ontario",45.229.1,v61988270
2011,0.00,"Brantford, Ontario",45.229.1,v61988270
2012,0.00,"Brantford, Ontario",45.229.1,v61988270
2013,0.00,"Brantford, Ontario",45.229.1,v61988270
2014,0.00,"Brantford, Ontario",45.229.1,v61988270
2015,0.00,"Brantford, Ontario",45.229.1,v61988270
2006,..,"Guelph, Ontario",46.229.1,v61988312
2007,..,"Guelph, Ontario",46.229.1,v61988312
2008,..,"Guelph, Ontario",46.229.1,v61988312
2009,..,"Guelph, Ontario",46.229.1,v61988312
2010,..,"Guelph, Ontario",46.229.1,v61988312
2011,0.00,"Guelph, Ontario",46.229.1,v61988312
2012,0.00,"Guelph, Ontario",46.229.1,v61988312
2013,0.00,"Guelph, Ontario",46.229.1,v61988312
2014,0.00,"Guelph, Ontario",46.229.1,v61988312
2015,0.00,"Guelph, Ontario",46.229.1,v61988312
2006,..,"London, Ontario",23.229.1,v61987346
2007,..,"London, Ontario",23.229.1,v61987346
2008,..,"London, Ontario",23.229.1,v61987346
2009,..,"London, Ontario",23.229.1,v61987346
2010,..,"London, Ontario",23.229.1,v61987346
2011,0.00,"London, Ontario",23.229.1,v61987346
2012,0.00,"London, Ontario",23.229.1,v61987346
2013,0.00,"London, Ontario",23.229.1,v61987346
2014,0.00,"London, Ontario",23.229.1,v61987346
2015,0.00,"London, Ontario",23.229.1,v61987346
2006,..,"Windsor, Ontario",24.229.1,v61987388
2007,..,"Windsor, Ontario",24.229.1,v61987388
2008,..,"Windsor, Ontario",24.229.1,v61987388
2009,..,"Windsor, Ontario",24.229.1,v61987388
2010,..,"Windsor, Ontario",24.229.1,v61987388
2011,0.00,"Windsor, Ontario",24.229.1,v61987388
2012,0.00,"Windsor, Ontario",24.229.1,v61987388
2013,0.00,"Windsor, Ontario",24.229.1,v61987388
2014,2.00,"Windsor, Ontario",24.229.1,v61987388
2015,0.00,"Windsor, Ontario",24.229.1,v61987388
2006,..,"Barrie, Ontario",47.229.1,v61988354
2007,..,"Barrie, Ontario",47.229.1,v61988354
2008,..,"Barrie, Ontario",47.229.1,v61988354
2009,..,"Barrie, Ontario",47.229.1,v61988354
2010,..,"Barrie, Ontario",47.229.1,v61988354
2011,0.00,"Barrie, Ontario",47.229.1,v61988354
2012,0.00,"Barrie, Ontario",47.229.1,v61988354
2013,0.00,"Barrie, Ontario",47.229.1,v61988354
2014,0.00,"Barrie, Ontario",47.229.1,v61988354
2015,1.00,"Barrie, Ontario",47.229.1,v61988354
2006,..,"Sudbury, Ontario",25.229.1,v61987430
2007,..,"Sudbury, Ontario",25.229.1,v61987430
2008,..,"Sudbury, Ontario",25.229.1,v61987430
2009,..,"Sudbury, Ontario",25.229.1,v61987430
2010,..,"Sudbury, Ontario",25.229.1,v61987430
2011,0.00,"Sudbury, Ontario",25.229.1,v61987430
2012,0.00,"Sudbury, Ontario",25.229.1,v61987430
2013,0.00,"Sudbury, Ontario",25.229.1,v61987430
2014,0.00,"Sudbury, Ontario",25.229.1,v61987430
2015,0.00,"Sudbury, Ontario",25.229.1,v61987430
2006,..,"Thunder Bay, Ontario",26.229.1,v61987472
2007,..,"Thunder Bay, Ontario",26.229.1,v61987472
2008,..,"Thunder Bay, Ontario",26.229.1,v61987472
2009,..,"Thunder Bay, Ontario",26.229.1,v61987472
2010,..,"Thunder Bay, Ontario",26.229.1,v61987472
2011,0.00,"Thunder Bay, Ontario",26.229.1,v61987472
2012,0.00,"Thunder Bay, Ontario",26.229.1,v61987472
2013,0.00,"Thunder Bay, Ontario",26.229.1,v61987472
2014,0.00,"Thunder Bay, Ontario",26.229.1,v61987472
2015,0.00,"Thunder Bay, Ontario",26.229.1,v61987472
2006,..,"Manitoba",28.229.1,v61987556
2007,..,"Manitoba",28.229.1,v61987556
2008,..,"Manitoba",28.229.1,v61987556
2009,..,"Manitoba",28.229.1,v61987556
2010,..,"Manitoba",28.229.1,v61987556
2011,0.00,"Manitoba",28.229.1,v61987556
2012,134.00,"Manitoba",28.229.1,v61987556
2013,1.00,"Manitoba",28.229.1,v61987556
2014,0.00,"Manitoba",28.229.1,v61987556
2015,1.00,"Manitoba",28.229.1,v61987556
2006,..,"Winnipeg, Manitoba",29.229.1,v61987598
2007,..,"Winnipeg, Manitoba",29.229.1,v61987598
2008,..,"Winnipeg, Manitoba",29.229.1,v61987598
2009,..,"Winnipeg, Manitoba",29.229.1,v61987598
2010,..,"Winnipeg, Manitoba",29.229.1,v61987598
2011,0.00,"Winnipeg, Manitoba",29.229.1,v61987598
2012,0.00,"Winnipeg, Manitoba",29.229.1,v61987598
2013,0.00,"Winnipeg, Manitoba",29.229.1,v61987598
2014,0.00,"Winnipeg, Manitoba",29.229.1,v61987598
2015,1.00,"Winnipeg, Manitoba",29.229.1,v61987598
2006,..,"Saskatchewan",30.229.1,v61987640
2007,..,"Saskatchewan",30.229.1,v61987640
2008,..,"Saskatchewan",30.229.1,v61987640
2009,..,"Saskatchewan",30.229.1,v61987640
2010,..,"Saskatchewan",30.229.1,v61987640
2011,1.00,"Saskatchewan",30.229.1,v61987640
2012,1.00,"Saskatchewan",30.229.1,v61987640
2013,1.00,"Saskatchewan",30.229.1,v61987640
2014,1.00,"Saskatchewan",30.229.1,v61987640
2015,0.00,"Saskatchewan",30.229.1,v61987640
2006,..,"Regina, Saskatchewan",31.229.1,v61987682
2007,..,"Regina, Saskatchewan",31.229.1,v61987682
2008,..,"Regina, Saskatchewan",31.229.1,v61987682
2009,..,"Regina, Saskatchewan",31.229.1,v61987682
2010,..,"Regina, Saskatchewan",31.229.1,v61987682
2011,0.00,"Regina, Saskatchewan",31.229.1,v61987682
2012,0.00,"Regina, Saskatchewan",31.229.1,v61987682
2013,0.00,"Regina, Saskatchewan",31.229.1,v61987682
2014,0.00,"Regina, Saskatchewan",31.229.1,v61987682
2015,0.00,"Regina, Saskatchewan",31.229.1,v61987682
2006,..,"Saskatoon, Saskatchewan",32.229.1,v61987724
2007,..,"Saskatoon, Saskatchewan",32.229.1,v61987724
2008,..,"Saskatoon, Saskatchewan",32.229.1,v61987724
2009,..,"Saskatoon, Saskatchewan",32.229.1,v61987724
2010,..,"Saskatoon, Saskatchewan",32.229.1,v61987724
2011,1.00,"Saskatoon, Saskatchewan",32.229.1,v61987724
2012,0.00,"Saskatoon, Saskatchewan",32.229.1,v61987724
2013,0.00,"Saskatoon, Saskatchewan",32.229.1,v61987724
2014,0.00,"Saskatoon, Saskatchewan",32.229.1,v61987724
2015,0.00,"Saskatoon, Saskatchewan",32.229.1,v61987724
2006,..,"Alberta",33.229.1,v61987766
2007,..,"Alberta",33.229.1,v61987766
2008,..,"Alberta",33.229.1,v61987766
2009,..,"Alberta",33.229.1,v61987766
2010,..,"Alberta",33.229.1,v61987766
2011,4.00,"Alberta",33.229.1,v61987766
2012,5.00,"Alberta",33.229.1,v61987766
2013,20.00,"Alberta",33.229.1,v61987766
2014,15.00,"Alberta",33.229.1,v61987766
2015,20.00,"Alberta",33.229.1,v61987766
2006,..,"Calgary, Alberta",34.229.1,v61987808
2007,..,"Calgary, Alberta",34.229.1,v61987808
2008,..,"Calgary, Alberta",34.229.1,v61987808
2009,..,"Calgary, Alberta",34.229.1,v61987808
2010,..,"Calgary, Alberta",34.229.1,v61987808
2011,1.00,"Calgary, Alberta",34.229.1,v61987808
2012,2.00,"Calgary, Alberta",34.229.1,v61987808
2013,3.00,"Calgary, Alberta",34.229.1,v61987808
2014,3.00,"Calgary, Alberta",34.229.1,v61987808
2015,2.00,"Calgary, Alberta",34.229.1,v61987808
2006,..,"Edmonton, Alberta",35.229.1,v61987850
2007,..,"Edmonton, Alberta",35.229.1,v61987850
2008,..,"Edmonton, Alberta",35.229.1,v61987850
2009,..,"Edmonton, Alberta",35.229.1,v61987850
2010,..,"Edmonton, Alberta",35.229.1,v61987850
2011,0.00,"Edmonton, Alberta",35.229.1,v61987850
2012,1.00,"Edmonton, Alberta",35.229.1,v61987850
2013,13.00,"Edmonton, Alberta",35.229.1,v61987850
2014,6.00,"Edmonton, Alberta",35.229.1,v61987850
2015,11.00,"Edmonton, Alberta",35.229.1,v61987850
2006,..,"British Columbia",36.229.1,v61987892
2007,..,"British Columbia",36.229.1,v61987892
2008,..,"British Columbia",36.229.1,v61987892
2009,..,"British Columbia",36.229.1,v61987892
2010,..,"British Columbia",36.229.1,v61987892
2011,3.00,"British Columbia",36.229.1,v61987892
2012,3.00,"British Columbia",36.229.1,v61987892
2013,1.00,"British Columbia",36.229.1,v61987892
2014,3.00,"British Columbia",36.229.1,v61987892
2015,3.00,"British Columbia",36.229.1,v61987892
2006,..,"Kelowna, British Columbia",48.229.1,v61988396
2007,..,"Kelowna, British Columbia",48.229.1,v61988396
2008,..,"Kelowna, British Columbia",48.229.1,v61988396
2009,..,"Kelowna, British Columbia",48.229.1,v61988396
2010,..,"Kelowna, British Columbia",48.229.1,v61988396
2011,0.00,"Kelowna, British Columbia",48.229.1,v61988396
2012,0.00,"Kelowna, British Columbia",48.229.1,v61988396
2013,0.00,"Kelowna, British Columbia",48.229.1,v61988396
2014,0.00,"Kelowna, British Columbia",48.229.1,v61988396
2015,0.00,"Kelowna, British Columbia",48.229.1,v61988396
2006,..,"Abbotsford-Mission, British Columbia",39.229.1,v61988018
2007,..,"Abbotsford-Mission, British Columbia",39.229.1,v61988018
2008,..,"Abbotsford-Mission, British Columbia",39.229.1,v61988018
2009,..,"Abbotsford-Mission, British Columbia",39.229.1,v61988018
2010,..,"Abbotsford-Mission, British Columbia",39.229.1,v61988018
2011,0.00,"Abbotsford-Mission, British Columbia",39.229.1,v61988018
2012,0.00,"Abbotsford-Mission, British Columbia",39.229.1,v61988018
2013,0.00,"Abbotsford-Mission, British Columbia",39.229.1,v61988018
2014,0.00,"Abbotsford-Mission, British Columbia",39.229.1,v61988018
2015,0.00,"Abbotsford-Mission, British Columbia",39.229.1,v61988018
2006,..,"Vancouver, British Columbia",37.229.1,v61987934
2007,..,"Vancouver, British Columbia",37.229.1,v61987934
2008,..,"Vancouver, British Columbia",37.229.1,v61987934
2009,..,"Vancouver, British Columbia",37.229.1,v61987934
2010,..,"Vancouver, British Columbia",37.229.1,v61987934
2011,2.00,"Vancouver, British Columbia",37.229.1,v61987934
2012,1.00,"Vancouver, British Columbia",37.229.1,v61987934
2013,0.00,"Vancouver, British Columbia",37.229.1,v61987934
2014,2.00,"Vancouver, British Columbia",37.229.1,v61987934
2015,3.00,"Vancouver, British Columbia",37.229.1,v61987934
2006,..,"Victoria, British Columbia",38.229.1,v61987976
2007,..,"Victoria, British Columbia",38.229.1,v61987976
2008,..,"Victoria, British Columbia",38.229.1,v61987976
2009,..,"Victoria, British Columbia",38.229.1,v61987976
2010,..,"Victoria, British Columbia",38.229.1,v61987976
2011,0.00,"Victoria, British Columbia",38.229.1,v61987976
2012,1.00,"Victoria, British Columbia",38.229.1,v61987976
2013,0.00,"Victoria, British Columbia",38.229.1,v61987976
2014,0.00,"Victoria, British Columbia",38.229.1,v61987976
2015,0.00,"Victoria, British Columbia",38.229.1,v61987976
2006,..,"Yukon",40.229.1,v61988060
2007,..,"Yukon",40.229.1,v61988060
2008,..,"Yukon",40.229.1,v61988060
2009,..,"Yukon",40.229.1,v61988060
2010,..,"Yukon",40.229.1,v61988060
2011,0.00,"Yukon",40.229.1,v61988060
2012,0.00,"Yukon",40.229.1,v61988060
2013,0.00,"Yukon",40.229.1,v61988060
2014,0.00,"Yukon",40.229.1,v61988060
2015,0.00,"Yukon",40.229.1,v61988060
2006,..,"Northwest Territories",41.229.1,v61988102
2007,..,"Northwest Territories",41.229.1,v61988102
2008,..,"Northwest Territories",41.229.1,v61988102
2009,..,"Northwest Territories",41.229.1,v61988102
2010,..,"Northwest Territories",41.229.1,v61988102
2011,0.00,"Northwest Territories",41.229.1,v61988102
2012,0.00,"Northwest Territories",41.229.1,v61988102
2013,0.00,"Northwest Territories",41.229.1,v61988102
2014,0.00,"Northwest Territories",41.229.1,v61988102
2015,0.00,"Northwest Territories",41.229.1,v61988102
2006,..,"Nunavut",42.229.1,v61988144
2007,..,"Nunavut",42.229.1,v61988144
2008,..,"Nunavut",42.229.1,v61988144
2009,..,"Nunavut",42.229.1,v61988144
2010,..,"Nunavut",42.229.1,v61988144
2011,0.00,"Nunavut",42.229.1,v61988144
2012,0.00,"Nunavut",42.229.1,v61988144
2013,0.00,"Nunavut",42.229.1,v61988144
2014,0.00,"Nunavut",42.229.1,v61988144
2015,0.00,"Nunavut",42.229.1,v61988144
