2006,..,"Canada",1.229.6,v61986427
2007,..,"Canada",1.229.6,v61986427
2008,..,"Canada",1.229.6,v61986427
2009,..,"Canada",1.229.6,v61986427
2010,..,"Canada",1.229.6,v61986427
2011,8.00,"Canada",1.229.6,v61986427
2012,41.00,"Canada",1.229.6,v61986427
2013,13.00,"Canada",1.229.6,v61986427
2014,19.00,"Canada",1.229.6,v61986427
2015,13.00,"Canada",1.229.6,v61986427
2006,..,"Newfoundland and Labrador",2.229.6,v61986469
2007,..,"Newfoundland and Labrador",2.229.6,v61986469
2008,..,"Newfoundland and Labrador",2.229.6,v61986469
2009,..,"Newfoundland and Labrador",2.229.6,v61986469
2010,..,"Newfoundland and Labrador",2.229.6,v61986469
2011,0.00,"Newfoundland and Labrador",2.229.6,v61986469
2012,0.00,"Newfoundland and Labrador",2.229.6,v61986469
2013,0.00,"Newfoundland and Labrador",2.229.6,v61986469
2014,0.00,"Newfoundland and Labrador",2.229.6,v61986469
2015,0.00,"Newfoundland and Labrador",2.229.6,v61986469
2006,..,"St. John's, Newfoundland and Labrador",3.229.6,v61986511
2007,..,"St. John's, Newfoundland and Labrador",3.229.6,v61986511
2008,..,"St. John's, Newfoundland and Labrador",3.229.6,v61986511
2009,..,"St. John's, Newfoundland and Labrador",3.229.6,v61986511
2010,..,"St. John's, Newfoundland and Labrador",3.229.6,v61986511
2011,0.00,"St. John's, Newfoundland and Labrador",3.229.6,v61986511
2012,0.00,"St. John's, Newfoundland and Labrador",3.229.6,v61986511
2013,0.00,"St. John's, Newfoundland and Labrador",3.229.6,v61986511
2014,0.00,"St. John's, Newfoundland and Labrador",3.229.6,v61986511
2015,0.00,"St. John's, Newfoundland and Labrador",3.229.6,v61986511
2006,..,"Prince Edward Island",4.229.6,v61986553
2007,..,"Prince Edward Island",4.229.6,v61986553
2008,..,"Prince Edward Island",4.229.6,v61986553
2009,..,"Prince Edward Island",4.229.6,v61986553
2010,..,"Prince Edward Island",4.229.6,v61986553
2011,0.00,"Prince Edward Island",4.229.6,v61986553
2012,0.00,"Prince Edward Island",4.229.6,v61986553
2013,0.00,"Prince Edward Island",4.229.6,v61986553
2014,0.00,"Prince Edward Island",4.229.6,v61986553
2015,0.00,"Prince Edward Island",4.229.6,v61986553
2006,..,"Nova Scotia",5.229.6,v61986595
2007,..,"Nova Scotia",5.229.6,v61986595
2008,..,"Nova Scotia",5.229.6,v61986595
2009,..,"Nova Scotia",5.229.6,v61986595
2010,..,"Nova Scotia",5.229.6,v61986595
2011,0.00,"Nova Scotia",5.229.6,v61986595
2012,0.00,"Nova Scotia",5.229.6,v61986595
2013,0.00,"Nova Scotia",5.229.6,v61986595
2014,1.00,"Nova Scotia",5.229.6,v61986595
2015,0.00,"Nova Scotia",5.229.6,v61986595
2006,..,"Halifax, Nova Scotia",6.229.6,v61986637
2007,..,"Halifax, Nova Scotia",6.229.6,v61986637
2008,..,"Halifax, Nova Scotia",6.229.6,v61986637
2009,..,"Halifax, Nova Scotia",6.229.6,v61986637
2010,..,"Halifax, Nova Scotia",6.229.6,v61986637
2011,0.00,"Halifax, Nova Scotia",6.229.6,v61986637
2012,0.00,"Halifax, Nova Scotia",6.229.6,v61986637
2013,0.00,"Halifax, Nova Scotia",6.229.6,v61986637
2014,0.00,"Halifax, Nova Scotia",6.229.6,v61986637
2015,0.00,"Halifax, Nova Scotia",6.229.6,v61986637
2006,..,"New Brunswick",7.229.6,v61986679
2007,..,"New Brunswick",7.229.6,v61986679
2008,..,"New Brunswick",7.229.6,v61986679
2009,..,"New Brunswick",7.229.6,v61986679
2010,..,"New Brunswick",7.229.6,v61986679
2011,0.00,"New Brunswick",7.229.6,v61986679
2012,2.00,"New Brunswick",7.229.6,v61986679
2013,0.00,"New Brunswick",7.229.6,v61986679
2014,0.00,"New Brunswick",7.229.6,v61986679
2015,0.00,"New Brunswick",7.229.6,v61986679
2006,..,"Moncton, New Brunswick",43.229.6,v61988191
2007,..,"Moncton, New Brunswick",43.229.6,v61988191
2008,..,"Moncton, New Brunswick",43.229.6,v61988191
2009,..,"Moncton, New Brunswick",43.229.6,v61988191
2010,..,"Moncton, New Brunswick",43.229.6,v61988191
2011,0.00,"Moncton, New Brunswick",43.229.6,v61988191
2012,0.00,"Moncton, New Brunswick",43.229.6,v61988191
2013,0.00,"Moncton, New Brunswick",43.229.6,v61988191
2014,0.00,"Moncton, New Brunswick",43.229.6,v61988191
2015,0.00,"Moncton, New Brunswick",43.229.6,v61988191
2006,..,"Saint John, New Brunswick",8.229.6,v61986721
2007,..,"Saint John, New Brunswick",8.229.6,v61986721
2008,..,"Saint John, New Brunswick",8.229.6,v61986721
2009,..,"Saint John, New Brunswick",8.229.6,v61986721
2010,..,"Saint John, New Brunswick",8.229.6,v61986721
2011,0.00,"Saint John, New Brunswick",8.229.6,v61986721
2012,1.00,"Saint John, New Brunswick",8.229.6,v61986721
2013,0.00,"Saint John, New Brunswick",8.229.6,v61986721
2014,0.00,"Saint John, New Brunswick",8.229.6,v61986721
2015,0.00,"Saint John, New Brunswick",8.229.6,v61986721
2006,..,"Quebec",9.229.6,v61986763
2007,..,"Quebec",9.229.6,v61986763
2008,..,"Quebec",9.229.6,v61986763
2009,..,"Quebec",9.229.6,v61986763
2010,..,"Quebec",9.229.6,v61986763
2011,6.00,"Quebec",9.229.6,v61986763
2012,9.00,"Quebec",9.229.6,v61986763
2013,11.00,"Quebec",9.229.6,v61986763
2014,14.00,"Quebec",9.229.6,v61986763
2015,11.00,"Quebec",9.229.6,v61986763
2006,..,"Saguenay, Quebec",10.229.6,v61986805
2007,..,"Saguenay, Quebec",10.229.6,v61986805
2008,..,"Saguenay, Quebec",10.229.6,v61986805
2009,..,"Saguenay, Quebec",10.229.6,v61986805
2010,..,"Saguenay, Quebec",10.229.6,v61986805
2011,0.00,"Saguenay, Quebec",10.229.6,v61986805
2012,0.00,"Saguenay, Quebec",10.229.6,v61986805
2013,0.00,"Saguenay, Quebec",10.229.6,v61986805
2014,0.00,"Saguenay, Quebec",10.229.6,v61986805
2015,1.00,"Saguenay, Quebec",10.229.6,v61986805
2006,..,"Sherbrooke, Quebec",12.229.6,v61986889
2007,..,"Sherbrooke, Quebec",12.229.6,v61986889
2008,..,"Sherbrooke, Quebec",12.229.6,v61986889
2009,..,"Sherbrooke, Quebec",12.229.6,v61986889
2010,..,"Sherbrooke, Quebec",12.229.6,v61986889
2011,0.00,"Sherbrooke, Quebec",12.229.6,v61986889
2012,0.00,"Sherbrooke, Quebec",12.229.6,v61986889
2013,0.00,"Sherbrooke, Quebec",12.229.6,v61986889
2014,0.00,"Sherbrooke, Quebec",12.229.6,v61986889
2015,0.00,"Sherbrooke, Quebec",12.229.6,v61986889
2006,..,"Ottawa-Gatineau, Quebec part",15.229.6,v61987015
2007,..,"Ottawa-Gatineau, Quebec part",15.229.6,v61987015
2008,..,"Ottawa-Gatineau, Quebec part",15.229.6,v61987015
2009,..,"Ottawa-Gatineau, Quebec part",15.229.6,v61987015
2010,..,"Ottawa-Gatineau, Quebec part",15.229.6,v61987015
2011,0.00,"Ottawa-Gatineau, Quebec part",15.229.6,v61987015
2012,0.00,"Ottawa-Gatineau, Quebec part",15.229.6,v61987015
2013,0.00,"Ottawa-Gatineau, Quebec part",15.229.6,v61987015
2014,0.00,"Ottawa-Gatineau, Quebec part",15.229.6,v61987015
2015,0.00,"Ottawa-Gatineau, Quebec part",15.229.6,v61987015
2006,..,"Ontario",16.229.6,v61987057
2007,..,"Ontario",16.229.6,v61987057
2008,..,"Ontario",16.229.6,v61987057
2009,..,"Ontario",16.229.6,v61987057
2010,..,"Ontario",16.229.6,v61987057
2011,0.00,"Ontario",16.229.6,v61987057
2012,0.00,"Ontario",16.229.6,v61987057
2013,0.00,"Ontario",16.229.6,v61987057
2014,2.00,"Ontario",16.229.6,v61987057
2015,2.00,"Ontario",16.229.6,v61987057
2006,..,"Ottawa-Gatineau, Ontario/Quebec",17.229.6,v61987099
2007,..,"Ottawa-Gatineau, Ontario/Quebec",17.229.6,v61987099
2008,..,"Ottawa-Gatineau, Ontario/Quebec",17.229.6,v61987099
2009,..,"Ottawa-Gatineau, Ontario/Quebec",17.229.6,v61987099
2010,..,"Ottawa-Gatineau, Ontario/Quebec",17.229.6,v61987099
2011,0.00,"Ottawa-Gatineau, Ontario/Quebec",17.229.6,v61987099
2012,0.00,"Ottawa-Gatineau, Ontario/Quebec",17.229.6,v61987099
2013,0.00,"Ottawa-Gatineau, Ontario/Quebec",17.229.6,v61987099
2014,0.00,"Ottawa-Gatineau, Ontario/Quebec",17.229.6,v61987099
2015,0.00,"Ottawa-Gatineau, Ontario/Quebec",17.229.6,v61987099
2006,..,"Ottawa-Gatineau, Ontario part",18.229.6,v61987141
2007,..,"Ottawa-Gatineau, Ontario part",18.229.6,v61987141
2008,..,"Ottawa-Gatineau, Ontario part",18.229.6,v61987141
2009,..,"Ottawa-Gatineau, Ontario part",18.229.6,v61987141
2010,..,"Ottawa-Gatineau, Ontario part",18.229.6,v61987141
2011,0.00,"Ottawa-Gatineau, Ontario part",18.229.6,v61987141
2012,0.00,"Ottawa-Gatineau, Ontario part",18.229.6,v61987141
2013,0.00,"Ottawa-Gatineau, Ontario part",18.229.6,v61987141
2014,0.00,"Ottawa-Gatineau, Ontario part",18.229.6,v61987141
2015,0.00,"Ottawa-Gatineau, Ontario part",18.229.6,v61987141
2006,..,"Kingston, Ontario",27.229.6,v61987519
2007,..,"Kingston, Ontario",27.229.6,v61987519
2008,..,"Kingston, Ontario",27.229.6,v61987519
2009,..,"Kingston, Ontario",27.229.6,v61987519
2010,..,"Kingston, Ontario",27.229.6,v61987519
2011,0.00,"Kingston, Ontario",27.229.6,v61987519
2012,0.00,"Kingston, Ontario",27.229.6,v61987519
2013,0.00,"Kingston, Ontario",27.229.6,v61987519
2014,0.00,"Kingston, Ontario",27.229.6,v61987519
2015,0.00,"Kingston, Ontario",27.229.6,v61987519
2006,..,"Peterborough, Ontario",44.229.6,v61988233
2007,..,"Peterborough, Ontario",44.229.6,v61988233
2008,..,"Peterborough, Ontario",44.229.6,v61988233
2009,..,"Peterborough, Ontario",44.229.6,v61988233
2010,..,"Peterborough, Ontario",44.229.6,v61988233
2011,0.00,"Peterborough, Ontario",44.229.6,v61988233
2012,0.00,"Peterborough, Ontario",44.229.6,v61988233
2013,0.00,"Peterborough, Ontario",44.229.6,v61988233
2014,0.00,"Peterborough, Ontario",44.229.6,v61988233
2015,0.00,"Peterborough, Ontario",44.229.6,v61988233
2006,..,"Toronto, Ontario",19.229.6,v61987183
2007,..,"Toronto, Ontario",19.229.6,v61987183
2008,..,"Toronto, Ontario",19.229.6,v61987183
2009,..,"Toronto, Ontario",19.229.6,v61987183
2010,..,"Toronto, Ontario",19.229.6,v61987183
2011,0.00,"Toronto, Ontario",19.229.6,v61987183
2012,0.00,"Toronto, Ontario",19.229.6,v61987183
2013,0.00,"Toronto, Ontario",19.229.6,v61987183
2014,1.00,"Toronto, Ontario",19.229.6,v61987183
2015,0.00,"Toronto, Ontario",19.229.6,v61987183
2006,..,"Hamilton, Ontario",20.229.6,v61987225
2007,..,"Hamilton, Ontario",20.229.6,v61987225
2008,..,"Hamilton, Ontario",20.229.6,v61987225
2009,..,"Hamilton, Ontario",20.229.6,v61987225
2010,..,"Hamilton, Ontario",20.229.6,v61987225
2011,0.00,"Hamilton, Ontario",20.229.6,v61987225
2012,0.00,"Hamilton, Ontario",20.229.6,v61987225
2013,0.00,"Hamilton, Ontario",20.229.6,v61987225
2014,0.00,"Hamilton, Ontario",20.229.6,v61987225
2015,1.00,"Hamilton, Ontario",20.229.6,v61987225
2006,..,"St.Catharines-Niagara, Ontario",21.229.6,v61987267
2007,..,"St.Catharines-Niagara, Ontario",21.229.6,v61987267
2008,..,"St.Catharines-Niagara, Ontario",21.229.6,v61987267
2009,..,"St.Catharines-Niagara, Ontario",21.229.6,v61987267
2010,..,"St.Catharines-Niagara, Ontario",21.229.6,v61987267
2011,0.00,"St.Catharines-Niagara, Ontario",21.229.6,v61987267
2012,0.00,"St.Catharines-Niagara, Ontario",21.229.6,v61987267
2013,0.00,"St.Catharines-Niagara, Ontario",21.229.6,v61987267
2014,0.00,"St.Catharines-Niagara, Ontario",21.229.6,v61987267
2015,0.00,"St.Catharines-Niagara, Ontario",21.229.6,v61987267
2006,..,"Kitchener-Cambridge-Waterloo, Ontario",22.229.6,v61987309
2007,..,"Kitchener-Cambridge-Waterloo, Ontario",22.229.6,v61987309
2008,..,"Kitchener-Cambridge-Waterloo, Ontario",22.229.6,v61987309
2009,..,"Kitchener-Cambridge-Waterloo, Ontario",22.229.6,v61987309
2010,..,"Kitchener-Cambridge-Waterloo, Ontario",22.229.6,v61987309
2011,0.00,"Kitchener-Cambridge-Waterloo, Ontario",22.229.6,v61987309
2012,0.00,"Kitchener-Cambridge-Waterloo, Ontario",22.229.6,v61987309
2013,0.00,"Kitchener-Cambridge-Waterloo, Ontario",22.229.6,v61987309
2014,0.00,"Kitchener-Cambridge-Waterloo, Ontario",22.229.6,v61987309
2015,0.00,"Kitchener-Cambridge-Waterloo, Ontario",22.229.6,v61987309
2006,..,"Brantford, Ontario",45.229.6,v61988275
2007,..,"Brantford, Ontario",45.229.6,v61988275
2008,..,"Brantford, Ontario",45.229.6,v61988275
2009,..,"Brantford, Ontario",45.229.6,v61988275
2010,..,"Brantford, Ontario",45.229.6,v61988275
2011,0.00,"Brantford, Ontario",45.229.6,v61988275
2012,0.00,"Brantford, Ontario",45.229.6,v61988275
2013,0.00,"Brantford, Ontario",45.229.6,v61988275
2014,0.00,"Brantford, Ontario",45.229.6,v61988275
2015,0.00,"Brantford, Ontario",45.229.6,v61988275
2006,..,"Guelph, Ontario",46.229.6,v61988317
2007,..,"Guelph, Ontario",46.229.6,v61988317
2008,..,"Guelph, Ontario",46.229.6,v61988317
2009,..,"Guelph, Ontario",46.229.6,v61988317
2010,..,"Guelph, Ontario",46.229.6,v61988317
2011,0.00,"Guelph, Ontario",46.229.6,v61988317
2012,0.00,"Guelph, Ontario",46.229.6,v61988317
2013,0.00,"Guelph, Ontario",46.229.6,v61988317
2014,0.00,"Guelph, Ontario",46.229.6,v61988317
2015,0.00,"Guelph, Ontario",46.229.6,v61988317
2006,..,"London, Ontario",23.229.6,v61987351
2007,..,"London, Ontario",23.229.6,v61987351
2008,..,"London, Ontario",23.229.6,v61987351
2009,..,"London, Ontario",23.229.6,v61987351
2010,..,"London, Ontario",23.229.6,v61987351
2011,0.00,"London, Ontario",23.229.6,v61987351
2012,0.00,"London, Ontario",23.229.6,v61987351
2013,0.00,"London, Ontario",23.229.6,v61987351
2014,0.00,"London, Ontario",23.229.6,v61987351
2015,0.00,"London, Ontario",23.229.6,v61987351
2006,..,"Windsor, Ontario",24.229.6,v61987393
2007,..,"Windsor, Ontario",24.229.6,v61987393
2008,..,"Windsor, Ontario",24.229.6,v61987393
2009,..,"Windsor, Ontario",24.229.6,v61987393
2010,..,"Windsor, Ontario",24.229.6,v61987393
2011,0.00,"Windsor, Ontario",24.229.6,v61987393
2012,0.00,"Windsor, Ontario",24.229.6,v61987393
2013,0.00,"Windsor, Ontario",24.229.6,v61987393
2014,1.00,"Windsor, Ontario",24.229.6,v61987393
2015,0.00,"Windsor, Ontario",24.229.6,v61987393
2006,..,"Barrie, Ontario",47.229.6,v61988359
2007,..,"Barrie, Ontario",47.229.6,v61988359
2008,..,"Barrie, Ontario",47.229.6,v61988359
2009,..,"Barrie, Ontario",47.229.6,v61988359
2010,..,"Barrie, Ontario",47.229.6,v61988359
2011,0.00,"Barrie, Ontario",47.229.6,v61988359
2012,0.00,"Barrie, Ontario",47.229.6,v61988359
2013,0.00,"Barrie, Ontario",47.229.6,v61988359
2014,0.00,"Barrie, Ontario",47.229.6,v61988359
2015,0.00,"Barrie, Ontario",47.229.6,v61988359
2006,..,"Sudbury, Ontario",25.229.6,v61987435
2007,..,"Sudbury, Ontario",25.229.6,v61987435
2008,..,"Sudbury, Ontario",25.229.6,v61987435
2009,..,"Sudbury, Ontario",25.229.6,v61987435
2010,..,"Sudbury, Ontario",25.229.6,v61987435
2011,0.00,"Sudbury, Ontario",25.229.6,v61987435
2012,0.00,"Sudbury, Ontario",25.229.6,v61987435
2013,0.00,"Sudbury, Ontario",25.229.6,v61987435
2014,0.00,"Sudbury, Ontario",25.229.6,v61987435
2015,0.00,"Sudbury, Ontario",25.229.6,v61987435
2006,..,"Thunder Bay, Ontario",26.229.6,v61987477
2007,..,"Thunder Bay, Ontario",26.229.6,v61987477
2008,..,"Thunder Bay, Ontario",26.229.6,v61987477
2009,..,"Thunder Bay, Ontario",26.229.6,v61987477
2010,..,"Thunder Bay, Ontario",26.229.6,v61987477
2011,0.00,"Thunder Bay, Ontario",26.229.6,v61987477
2012,0.00,"Thunder Bay, Ontario",26.229.6,v61987477
2013,0.00,"Thunder Bay, Ontario",26.229.6,v61987477
2014,0.00,"Thunder Bay, Ontario",26.229.6,v61987477
2015,0.00,"Thunder Bay, Ontario",26.229.6,v61987477
2006,..,"Manitoba",28.229.6,v61987561
2007,..,"Manitoba",28.229.6,v61987561
2008,..,"Manitoba",28.229.6,v61987561
2009,..,"Manitoba",28.229.6,v61987561
2010,..,"Manitoba",28.229.6,v61987561
2011,0.00,"Manitoba",28.229.6,v61987561
2012,29.00,"Manitoba",28.229.6,v61987561
2013,0.00,"Manitoba",28.229.6,v61987561
2014,0.00,"Manitoba",28.229.6,v61987561
2015,0.00,"Manitoba",28.229.6,v61987561
2006,..,"Winnipeg, Manitoba",29.229.6,v61987603
2007,..,"Winnipeg, Manitoba",29.229.6,v61987603
2008,..,"Winnipeg, Manitoba",29.229.6,v61987603
2009,..,"Winnipeg, Manitoba",29.229.6,v61987603
2010,..,"Winnipeg, Manitoba",29.229.6,v61987603
2011,0.00,"Winnipeg, Manitoba",29.229.6,v61987603
2012,0.00,"Winnipeg, Manitoba",29.229.6,v61987603
2013,0.00,"Winnipeg, Manitoba",29.229.6,v61987603
2014,0.00,"Winnipeg, Manitoba",29.229.6,v61987603
2015,0.00,"Winnipeg, Manitoba",29.229.6,v61987603
2006,..,"Saskatchewan",30.229.6,v61987645
2007,..,"Saskatchewan",30.229.6,v61987645
2008,..,"Saskatchewan",30.229.6,v61987645
2009,..,"Saskatchewan",30.229.6,v61987645
2010,..,"Saskatchewan",30.229.6,v61987645
2011,0.00,"Saskatchewan",30.229.6,v61987645
2012,1.00,"Saskatchewan",30.229.6,v61987645
2013,0.00,"Saskatchewan",30.229.6,v61987645
2014,0.00,"Saskatchewan",30.229.6,v61987645
2015,0.00,"Saskatchewan",30.229.6,v61987645
2006,..,"Regina, Saskatchewan",31.229.6,v61987687
2007,..,"Regina, Saskatchewan",31.229.6,v61987687
2008,..,"Regina, Saskatchewan",31.229.6,v61987687
2009,..,"Regina, Saskatchewan",31.229.6,v61987687
2010,..,"Regina, Saskatchewan",31.229.6,v61987687
2011,0.00,"Regina, Saskatchewan",31.229.6,v61987687
2012,0.00,"Regina, Saskatchewan",31.229.6,v61987687
2013,0.00,"Regina, Saskatchewan",31.229.6,v61987687
2014,0.00,"Regina, Saskatchewan",31.229.6,v61987687
2015,0.00,"Regina, Saskatchewan",31.229.6,v61987687
2006,..,"Saskatoon, Saskatchewan",32.229.6,v61987729
2007,..,"Saskatoon, Saskatchewan",32.229.6,v61987729
2008,..,"Saskatoon, Saskatchewan",32.229.6,v61987729
2009,..,"Saskatoon, Saskatchewan",32.229.6,v61987729
2010,..,"Saskatoon, Saskatchewan",32.229.6,v61987729
2011,0.00,"Saskatoon, Saskatchewan",32.229.6,v61987729
2012,0.00,"Saskatoon, Saskatchewan",32.229.6,v61987729
2013,0.00,"Saskatoon, Saskatchewan",32.229.6,v61987729
2014,0.00,"Saskatoon, Saskatchewan",32.229.6,v61987729
2015,0.00,"Saskatoon, Saskatchewan",32.229.6,v61987729
2006,..,"Alberta",33.229.6,v61987771
2007,..,"Alberta",33.229.6,v61987771
2008,..,"Alberta",33.229.6,v61987771
2009,..,"Alberta",33.229.6,v61987771
2010,..,"Alberta",33.229.6,v61987771
2011,2.00,"Alberta",33.229.6,v61987771
2012,0.00,"Alberta",33.229.6,v61987771
2013,2.00,"Alberta",33.229.6,v61987771
2014,1.00,"Alberta",33.229.6,v61987771
2015,0.00,"Alberta",33.229.6,v61987771
2006,..,"Calgary, Alberta",34.229.6,v61987813
2007,..,"Calgary, Alberta",34.229.6,v61987813
2008,..,"Calgary, Alberta",34.229.6,v61987813
2009,..,"Calgary, Alberta",34.229.6,v61987813
2010,..,"Calgary, Alberta",34.229.6,v61987813
2011,0.00,"Calgary, Alberta",34.229.6,v61987813
2012,0.00,"Calgary, Alberta",34.229.6,v61987813
2013,0.00,"Calgary, Alberta",34.229.6,v61987813
2014,0.00,"Calgary, Alberta",34.229.6,v61987813
2015,0.00,"Calgary, Alberta",34.229.6,v61987813
2006,..,"Edmonton, Alberta",35.229.6,v61987855
2007,..,"Edmonton, Alberta",35.229.6,v61987855
2008,..,"Edmonton, Alberta",35.229.6,v61987855
2009,..,"Edmonton, Alberta",35.229.6,v61987855
2010,..,"Edmonton, Alberta",35.229.6,v61987855
2011,0.00,"Edmonton, Alberta",35.229.6,v61987855
2012,0.00,"Edmonton, Alberta",35.229.6,v61987855
2013,0.00,"Edmonton, Alberta",35.229.6,v61987855
2014,1.00,"Edmonton, Alberta",35.229.6,v61987855
2015,0.00,"Edmonton, Alberta",35.229.6,v61987855
2006,..,"British Columbia",36.229.6,v61987897
2007,..,"British Columbia",36.229.6,v61987897
2008,..,"British Columbia",36.229.6,v61987897
2009,..,"British Columbia",36.229.6,v61987897
2010,..,"British Columbia",36.229.6,v61987897
2011,0.00,"British Columbia",36.229.6,v61987897
2012,0.00,"British Columbia",36.229.6,v61987897
2013,0.00,"British Columbia",36.229.6,v61987897
2014,1.00,"British Columbia",36.229.6,v61987897
2015,0.00,"British Columbia",36.229.6,v61987897
2006,..,"Kelowna, British Columbia",48.229.6,v61988401
2007,..,"Kelowna, British Columbia",48.229.6,v61988401
2008,..,"Kelowna, British Columbia",48.229.6,v61988401
2009,..,"Kelowna, British Columbia",48.229.6,v61988401
2010,..,"Kelowna, British Columbia",48.229.6,v61988401
2011,0.00,"Kelowna, British Columbia",48.229.6,v61988401
2012,0.00,"Kelowna, British Columbia",48.229.6,v61988401
2013,0.00,"Kelowna, British Columbia",48.229.6,v61988401
2014,0.00,"Kelowna, British Columbia",48.229.6,v61988401
2015,0.00,"Kelowna, British Columbia",48.229.6,v61988401
2006,..,"Abbotsford-Mission, British Columbia",39.229.6,v61988023
2007,..,"Abbotsford-Mission, British Columbia",39.229.6,v61988023
2008,..,"Abbotsford-Mission, British Columbia",39.229.6,v61988023
2009,..,"Abbotsford-Mission, British Columbia",39.229.6,v61988023
2010,..,"Abbotsford-Mission, British Columbia",39.229.6,v61988023
2011,0.00,"Abbotsford-Mission, British Columbia",39.229.6,v61988023
2012,0.00,"Abbotsford-Mission, British Columbia",39.229.6,v61988023
2013,0.00,"Abbotsford-Mission, British Columbia",39.229.6,v61988023
2014,0.00,"Abbotsford-Mission, British Columbia",39.229.6,v61988023
2015,0.00,"Abbotsford-Mission, British Columbia",39.229.6,v61988023
2006,..,"Vancouver, British Columbia",37.229.6,v61987939
2007,..,"Vancouver, British Columbia",37.229.6,v61987939
2008,..,"Vancouver, British Columbia",37.229.6,v61987939
2009,..,"Vancouver, British Columbia",37.229.6,v61987939
2010,..,"Vancouver, British Columbia",37.229.6,v61987939
2011,0.00,"Vancouver, British Columbia",37.229.6,v61987939
2012,0.00,"Vancouver, British Columbia",37.229.6,v61987939
2013,0.00,"Vancouver, British Columbia",37.229.6,v61987939
2014,1.00,"Vancouver, British Columbia",37.229.6,v61987939
2015,0.00,"Vancouver, British Columbia",37.229.6,v61987939
2006,..,"Victoria, British Columbia",38.229.6,v61987981
2007,..,"Victoria, British Columbia",38.229.6,v61987981
2008,..,"Victoria, British Columbia",38.229.6,v61987981
2009,..,"Victoria, British Columbia",38.229.6,v61987981
2010,..,"Victoria, British Columbia",38.229.6,v61987981
2011,0.00,"Victoria, British Columbia",38.229.6,v61987981
2012,0.00,"Victoria, British Columbia",38.229.6,v61987981
2013,0.00,"Victoria, British Columbia",38.229.6,v61987981
2014,0.00,"Victoria, British Columbia",38.229.6,v61987981
2015,0.00,"Victoria, British Columbia",38.229.6,v61987981
2006,..,"Yukon",40.229.6,v61988065
2007,..,"Yukon",40.229.6,v61988065
2008,..,"Yukon",40.229.6,v61988065
2009,..,"Yukon",40.229.6,v61988065
2010,..,"Yukon",40.229.6,v61988065
2011,0.00,"Yukon",40.229.6,v61988065
2012,0.00,"Yukon",40.229.6,v61988065
2013,0.00,"Yukon",40.229.6,v61988065
2014,0.00,"Yukon",40.229.6,v61988065
2015,0.00,"Yukon",40.229.6,v61988065
2006,..,"Northwest Territories",41.229.6,v61988107
2007,..,"Northwest Territories",41.229.6,v61988107
2008,..,"Northwest Territories",41.229.6,v61988107
2009,..,"Northwest Territories",41.229.6,v61988107
2010,..,"Northwest Territories",41.229.6,v61988107
2011,0.00,"Northwest Territories",41.229.6,v61988107
2012,0.00,"Northwest Territories",41.229.6,v61988107
2013,0.00,"Northwest Territories",41.229.6,v61988107
2014,0.00,"Northwest Territories",41.229.6,v61988107
2015,0.00,"Northwest Territories",41.229.6,v61988107
2006,..,"Nunavut",42.229.6,v61988149
2007,..,"Nunavut",42.229.6,v61988149
2008,..,"Nunavut",42.229.6,v61988149
2009,..,"Nunavut",42.229.6,v61988149
2010,..,"Nunavut",42.229.6,v61988149
2011,0.00,"Nunavut",42.229.6,v61988149
2012,0.00,"Nunavut",42.229.6,v61988149
2013,0.00,"Nunavut",42.229.6,v61988149
2014,0.00,"Nunavut",42.229.6,v61988149
2015,0.00,"Nunavut",42.229.6,v61988149
2006,..,"Canada",1.229.6,v61986427
2007,..,"Canada",1.229.6,v61986427
2008,..,"Canada",1.229.6,v61986427
2009,..,"Canada",1.229.6,v61986427
2010,..,"Canada",1.229.6,v61986427
2011,8.00,"Canada",1.229.6,v61986427
2012,41.00,"Canada",1.229.6,v61986427
2013,13.00,"Canada",1.229.6,v61986427
2014,19.00,"Canada",1.229.6,v61986427
2015,13.00,"Canada",1.229.6,v61986427
2006,..,"Newfoundland and Labrador",2.229.6,v61986469
2007,..,"Newfoundland and Labrador",2.229.6,v61986469
2008,..,"Newfoundland and Labrador",2.229.6,v61986469
2009,..,"Newfoundland and Labrador",2.229.6,v61986469
2010,..,"Newfoundland and Labrador",2.229.6,v61986469
2011,0.00,"Newfoundland and Labrador",2.229.6,v61986469
2012,0.00,"Newfoundland and Labrador",2.229.6,v61986469
2013,0.00,"Newfoundland and Labrador",2.229.6,v61986469
2014,0.00,"Newfoundland and Labrador",2.229.6,v61986469
2015,0.00,"Newfoundland and Labrador",2.229.6,v61986469
2006,..,"St. John's, Newfoundland and Labrador",3.229.6,v61986511
2007,..,"St. John's, Newfoundland and Labrador",3.229.6,v61986511
2008,..,"St. John's, Newfoundland and Labrador",3.229.6,v61986511
2009,..,"St. John's, Newfoundland and Labrador",3.229.6,v61986511
2010,..,"St. John's, Newfoundland and Labrador",3.229.6,v61986511
2011,0.00,"St. John's, Newfoundland and Labrador",3.229.6,v61986511
2012,0.00,"St. John's, Newfoundland and Labrador",3.229.6,v61986511
2013,0.00,"St. John's, Newfoundland and Labrador",3.229.6,v61986511
2014,0.00,"St. John's, Newfoundland and Labrador",3.229.6,v61986511
2015,0.00,"St. John's, Newfoundland and Labrador",3.229.6,v61986511
2006,..,"Prince Edward Island",4.229.6,v61986553
2007,..,"Prince Edward Island",4.229.6,v61986553
2008,..,"Prince Edward Island",4.229.6,v61986553
2009,..,"Prince Edward Island",4.229.6,v61986553
2010,..,"Prince Edward Island",4.229.6,v61986553
2011,0.00,"Prince Edward Island",4.229.6,v61986553
2012,0.00,"Prince Edward Island",4.229.6,v61986553
2013,0.00,"Prince Edward Island",4.229.6,v61986553
2014,0.00,"Prince Edward Island",4.229.6,v61986553
2015,0.00,"Prince Edward Island",4.229.6,v61986553
2006,..,"Nova Scotia",5.229.6,v61986595
2007,..,"Nova Scotia",5.229.6,v61986595
2008,..,"Nova Scotia",5.229.6,v61986595
2009,..,"Nova Scotia",5.229.6,v61986595
2010,..,"Nova Scotia",5.229.6,v61986595
2011,0.00,"Nova Scotia",5.229.6,v61986595
2012,0.00,"Nova Scotia",5.229.6,v61986595
2013,0.00,"Nova Scotia",5.229.6,v61986595
2014,1.00,"Nova Scotia",5.229.6,v61986595
2015,0.00,"Nova Scotia",5.229.6,v61986595
2006,..,"Halifax, Nova Scotia",6.229.6,v61986637
2007,..,"Halifax, Nova Scotia",6.229.6,v61986637
2008,..,"Halifax, Nova Scotia",6.229.6,v61986637
2009,..,"Halifax, Nova Scotia",6.229.6,v61986637
2010,..,"Halifax, Nova Scotia",6.229.6,v61986637
2011,0.00,"Halifax, Nova Scotia",6.229.6,v61986637
2012,0.00,"Halifax, Nova Scotia",6.229.6,v61986637
2013,0.00,"Halifax, Nova Scotia",6.229.6,v61986637
2014,0.00,"Halifax, Nova Scotia",6.229.6,v61986637
2015,0.00,"Halifax, Nova Scotia",6.229.6,v61986637
2006,..,"New Brunswick",7.229.6,v61986679
2007,..,"New Brunswick",7.229.6,v61986679
2008,..,"New Brunswick",7.229.6,v61986679
2009,..,"New Brunswick",7.229.6,v61986679
2010,..,"New Brunswick",7.229.6,v61986679
2011,0.00,"New Brunswick",7.229.6,v61986679
2012,2.00,"New Brunswick",7.229.6,v61986679
2013,0.00,"New Brunswick",7.229.6,v61986679
2014,0.00,"New Brunswick",7.229.6,v61986679
2015,0.00,"New Brunswick",7.229.6,v61986679
2006,..,"Moncton, New Brunswick",43.229.6,v61988191
2007,..,"Moncton, New Brunswick",43.229.6,v61988191
2008,..,"Moncton, New Brunswick",43.229.6,v61988191
2009,..,"Moncton, New Brunswick",43.229.6,v61988191
2010,..,"Moncton, New Brunswick",43.229.6,v61988191
2011,0.00,"Moncton, New Brunswick",43.229.6,v61988191
2012,0.00,"Moncton, New Brunswick",43.229.6,v61988191
2013,0.00,"Moncton, New Brunswick",43.229.6,v61988191
2014,0.00,"Moncton, New Brunswick",43.229.6,v61988191
2015,0.00,"Moncton, New Brunswick",43.229.6,v61988191
2006,..,"Saint John, New Brunswick",8.229.6,v61986721
2007,..,"Saint John, New Brunswick",8.229.6,v61986721
2008,..,"Saint John, New Brunswick",8.229.6,v61986721
2009,..,"Saint John, New Brunswick",8.229.6,v61986721
2010,..,"Saint John, New Brunswick",8.229.6,v61986721
2011,0.00,"Saint John, New Brunswick",8.229.6,v61986721
2012,1.00,"Saint John, New Brunswick",8.229.6,v61986721
2013,0.00,"Saint John, New Brunswick",8.229.6,v61986721
2014,0.00,"Saint John, New Brunswick",8.229.6,v61986721
2015,0.00,"Saint John, New Brunswick",8.229.6,v61986721
2006,..,"Quebec",9.229.6,v61986763
2007,..,"Quebec",9.229.6,v61986763
2008,..,"Quebec",9.229.6,v61986763
2009,..,"Quebec",9.229.6,v61986763
2010,..,"Quebec",9.229.6,v61986763
2011,6.00,"Quebec",9.229.6,v61986763
2012,9.00,"Quebec",9.229.6,v61986763
2013,11.00,"Quebec",9.229.6,v61986763
2014,14.00,"Quebec",9.229.6,v61986763
2015,11.00,"Quebec",9.229.6,v61986763
2006,..,"Saguenay, Quebec",10.229.6,v61986805
2007,..,"Saguenay, Quebec",10.229.6,v61986805
2008,..,"Saguenay, Quebec",10.229.6,v61986805
2009,..,"Saguenay, Quebec",10.229.6,v61986805
2010,..,"Saguenay, Quebec",10.229.6,v61986805
2011,0.00,"Saguenay, Quebec",10.229.6,v61986805
2012,0.00,"Saguenay, Quebec",10.229.6,v61986805
2013,0.00,"Saguenay, Quebec",10.229.6,v61986805
2014,0.00,"Saguenay, Quebec",10.229.6,v61986805
2015,1.00,"Saguenay, Quebec",10.229.6,v61986805
2006,..,"Quebec, Quebec",11.229.6,v61986847
2007,..,"Quebec, Quebec",11.229.6,v61986847
2008,..,"Quebec, Quebec",11.229.6,v61986847
2009,..,"Quebec, Quebec",11.229.6,v61986847
2010,..,"Quebec, Quebec",11.229.6,v61986847
2011,1.00,"Quebec, Quebec",11.229.6,v61986847
2012,1.00,"Quebec, Quebec",11.229.6,v61986847
2013,0.00,"Quebec, Quebec",11.229.6,v61986847
2014,0.00,"Quebec, Quebec",11.229.6,v61986847
2015,0.00,"Quebec, Quebec",11.229.6,v61986847
2006,..,"Sherbrooke, Quebec",12.229.6,v61986889
2007,..,"Sherbrooke, Quebec",12.229.6,v61986889
2008,..,"Sherbrooke, Quebec",12.229.6,v61986889
2009,..,"Sherbrooke, Quebec",12.229.6,v61986889
2010,..,"Sherbrooke, Quebec",12.229.6,v61986889
2011,0.00,"Sherbrooke, Quebec",12.229.6,v61986889
2012,0.00,"Sherbrooke, Quebec",12.229.6,v61986889
2013,0.00,"Sherbrooke, Quebec",12.229.6,v61986889
2014,0.00,"Sherbrooke, Quebec",12.229.6,v61986889
2015,0.00,"Sherbrooke, Quebec",12.229.6,v61986889
2006,..,"Montreal, Quebec",14.229.6,v61986973
2007,..,"Montreal, Quebec",14.229.6,v61986973
2008,..,"Montreal, Quebec",14.229.6,v61986973
2009,..,"Montreal, Quebec",14.229.6,v61986973
2010,..,"Montreal, Quebec",14.229.6,v61986973
2011,3.00,"Montreal, Quebec",14.229.6,v61986973
2012,8.00,"Montreal, Quebec",14.229.6,v61986973
2013,9.00,"Montreal, Quebec",14.229.6,v61986973
2014,9.00,"Montreal, Quebec",14.229.6,v61986973
2015,8.00,"Montreal, Quebec",14.229.6,v61986973
2006,..,"Ottawa-Gatineau, Quebec part",15.229.6,v61987015
2007,..,"Ottawa-Gatineau, Quebec part",15.229.6,v61987015
2008,..,"Ottawa-Gatineau, Quebec part",15.229.6,v61987015
2009,..,"Ottawa-Gatineau, Quebec part",15.229.6,v61987015
2010,..,"Ottawa-Gatineau, Quebec part",15.229.6,v61987015
2011,0.00,"Ottawa-Gatineau, Quebec part",15.229.6,v61987015
2012,0.00,"Ottawa-Gatineau, Quebec part",15.229.6,v61987015
2013,0.00,"Ottawa-Gatineau, Quebec part",15.229.6,v61987015
2014,0.00,"Ottawa-Gatineau, Quebec part",15.229.6,v61987015
2015,0.00,"Ottawa-Gatineau, Quebec part",15.229.6,v61987015
2006,..,"Ontario",16.229.6,v61987057
2007,..,"Ontario",16.229.6,v61987057
2008,..,"Ontario",16.229.6,v61987057
2009,..,"Ontario",16.229.6,v61987057
2010,..,"Ontario",16.229.6,v61987057
2011,0.00,"Ontario",16.229.6,v61987057
2012,0.00,"Ontario",16.229.6,v61987057
2013,0.00,"Ontario",16.229.6,v61987057
2014,2.00,"Ontario",16.229.6,v61987057
2015,2.00,"Ontario",16.229.6,v61987057
2006,..,"Ottawa-Gatineau, Ontario/Quebec",17.229.6,v61987099
2007,..,"Ottawa-Gatineau, Ontario/Quebec",17.229.6,v61987099
2008,..,"Ottawa-Gatineau, Ontario/Quebec",17.229.6,v61987099
2009,..,"Ottawa-Gatineau, Ontario/Quebec",17.229.6,v61987099
2010,..,"Ottawa-Gatineau, Ontario/Quebec",17.229.6,v61987099
2011,0.00,"Ottawa-Gatineau, Ontario/Quebec",17.229.6,v61987099
2012,0.00,"Ottawa-Gatineau, Ontario/Quebec",17.229.6,v61987099
2013,0.00,"Ottawa-Gatineau, Ontario/Quebec",17.229.6,v61987099
2014,0.00,"Ottawa-Gatineau, Ontario/Quebec",17.229.6,v61987099
2015,0.00,"Ottawa-Gatineau, Ontario/Quebec",17.229.6,v61987099
2006,..,"Ottawa-Gatineau, Ontario part",18.229.6,v61987141
2007,..,"Ottawa-Gatineau, Ontario part",18.229.6,v61987141
2008,..,"Ottawa-Gatineau, Ontario part",18.229.6,v61987141
2009,..,"Ottawa-Gatineau, Ontario part",18.229.6,v61987141
2010,..,"Ottawa-Gatineau, Ontario part",18.229.6,v61987141
2011,0.00,"Ottawa-Gatineau, Ontario part",18.229.6,v61987141
2012,0.00,"Ottawa-Gatineau, Ontario part",18.229.6,v61987141
2013,0.00,"Ottawa-Gatineau, Ontario part",18.229.6,v61987141
2014,0.00,"Ottawa-Gatineau, Ontario part",18.229.6,v61987141
2015,0.00,"Ottawa-Gatineau, Ontario part",18.229.6,v61987141
2006,..,"Kingston, Ontario",27.229.6,v61987519
2007,..,"Kingston, Ontario",27.229.6,v61987519
2008,..,"Kingston, Ontario",27.229.6,v61987519
2009,..,"Kingston, Ontario",27.229.6,v61987519
2010,..,"Kingston, Ontario",27.229.6,v61987519
2011,0.00,"Kingston, Ontario",27.229.6,v61987519
2012,0.00,"Kingston, Ontario",27.229.6,v61987519
2013,0.00,"Kingston, Ontario",27.229.6,v61987519
2014,0.00,"Kingston, Ontario",27.229.6,v61987519
2015,0.00,"Kingston, Ontario",27.229.6,v61987519
2006,..,"Peterborough, Ontario",44.229.6,v61988233
2007,..,"Peterborough, Ontario",44.229.6,v61988233
2008,..,"Peterborough, Ontario",44.229.6,v61988233
2009,..,"Peterborough, Ontario",44.229.6,v61988233
2010,..,"Peterborough, Ontario",44.229.6,v61988233
2011,0.00,"Peterborough, Ontario",44.229.6,v61988233
2012,0.00,"Peterborough, Ontario",44.229.6,v61988233
2013,0.00,"Peterborough, Ontario",44.229.6,v61988233
2014,0.00,"Peterborough, Ontario",44.229.6,v61988233
2015,0.00,"Peterborough, Ontario",44.229.6,v61988233
2006,..,"Toronto, Ontario",19.229.6,v61987183
2007,..,"Toronto, Ontario",19.229.6,v61987183
2008,..,"Toronto, Ontario",19.229.6,v61987183
2009,..,"Toronto, Ontario",19.229.6,v61987183
2010,..,"Toronto, Ontario",19.229.6,v61987183
2011,0.00,"Toronto, Ontario",19.229.6,v61987183
2012,0.00,"Toronto, Ontario",19.229.6,v61987183
2013,0.00,"Toronto, Ontario",19.229.6,v61987183
2014,1.00,"Toronto, Ontario",19.229.6,v61987183
2015,0.00,"Toronto, Ontario",19.229.6,v61987183
2006,..,"Hamilton, Ontario",20.229.6,v61987225
2007,..,"Hamilton, Ontario",20.229.6,v61987225
2008,..,"Hamilton, Ontario",20.229.6,v61987225
2009,..,"Hamilton, Ontario",20.229.6,v61987225
2010,..,"Hamilton, Ontario",20.229.6,v61987225
2011,0.00,"Hamilton, Ontario",20.229.6,v61987225
2012,0.00,"Hamilton, Ontario",20.229.6,v61987225
2013,0.00,"Hamilton, Ontario",20.229.6,v61987225
2014,0.00,"Hamilton, Ontario",20.229.6,v61987225
2015,1.00,"Hamilton, Ontario",20.229.6,v61987225
2006,..,"St.Catharines-Niagara, Ontario",21.229.6,v61987267
2007,..,"St.Catharines-Niagara, Ontario",21.229.6,v61987267
2008,..,"St.Catharines-Niagara, Ontario",21.229.6,v61987267
2009,..,"St.Catharines-Niagara, Ontario",21.229.6,v61987267
2010,..,"St.Catharines-Niagara, Ontario",21.229.6,v61987267
2011,0.00,"St.Catharines-Niagara, Ontario",21.229.6,v61987267
2012,0.00,"St.Catharines-Niagara, Ontario",21.229.6,v61987267
2013,0.00,"St.Catharines-Niagara, Ontario",21.229.6,v61987267
2014,0.00,"St.Catharines-Niagara, Ontario",21.229.6,v61987267
2015,0.00,"St.Catharines-Niagara, Ontario",21.229.6,v61987267
2006,..,"Kitchener-Cambridge-Waterloo, Ontario",22.229.6,v61987309
2007,..,"Kitchener-Cambridge-Waterloo, Ontario",22.229.6,v61987309
2008,..,"Kitchener-Cambridge-Waterloo, Ontario",22.229.6,v61987309
2009,..,"Kitchener-Cambridge-Waterloo, Ontario",22.229.6,v61987309
2010,..,"Kitchener-Cambridge-Waterloo, Ontario",22.229.6,v61987309
2011,0.00,"Kitchener-Cambridge-Waterloo, Ontario",22.229.6,v61987309
2012,0.00,"Kitchener-Cambridge-Waterloo, Ontario",22.229.6,v61987309
2013,0.00,"Kitchener-Cambridge-Waterloo, Ontario",22.229.6,v61987309
2014,0.00,"Kitchener-Cambridge-Waterloo, Ontario",22.229.6,v61987309
2015,0.00,"Kitchener-Cambridge-Waterloo, Ontario",22.229.6,v61987309
2006,..,"Brantford, Ontario",45.229.6,v61988275
2007,..,"Brantford, Ontario",45.229.6,v61988275
2008,..,"Brantford, Ontario",45.229.6,v61988275
2009,..,"Brantford, Ontario",45.229.6,v61988275
2010,..,"Brantford, Ontario",45.229.6,v61988275
2011,0.00,"Brantford, Ontario",45.229.6,v61988275
2012,0.00,"Brantford, Ontario",45.229.6,v61988275
2013,0.00,"Brantford, Ontario",45.229.6,v61988275
2014,0.00,"Brantford, Ontario",45.229.6,v61988275
2015,0.00,"Brantford, Ontario",45.229.6,v61988275
2006,..,"Guelph, Ontario",46.229.6,v61988317
2007,..,"Guelph, Ontario",46.229.6,v61988317
2008,..,"Guelph, Ontario",46.229.6,v61988317
2009,..,"Guelph, Ontario",46.229.6,v61988317
2010,..,"Guelph, Ontario",46.229.6,v61988317
2011,0.00,"Guelph, Ontario",46.229.6,v61988317
2012,0.00,"Guelph, Ontario",46.229.6,v61988317
2013,0.00,"Guelph, Ontario",46.229.6,v61988317
2014,0.00,"Guelph, Ontario",46.229.6,v61988317
2015,0.00,"Guelph, Ontario",46.229.6,v61988317
2006,..,"London, Ontario",23.229.6,v61987351
2007,..,"London, Ontario",23.229.6,v61987351
2008,..,"London, Ontario",23.229.6,v61987351
2009,..,"London, Ontario",23.229.6,v61987351
2010,..,"London, Ontario",23.229.6,v61987351
2011,0.00,"London, Ontario",23.229.6,v61987351
2012,0.00,"London, Ontario",23.229.6,v61987351
2013,0.00,"London, Ontario",23.229.6,v61987351
2014,0.00,"London, Ontario",23.229.6,v61987351
2015,0.00,"London, Ontario",23.229.6,v61987351
2006,..,"Windsor, Ontario",24.229.6,v61987393
2007,..,"Windsor, Ontario",24.229.6,v61987393
2008,..,"Windsor, Ontario",24.229.6,v61987393
2009,..,"Windsor, Ontario",24.229.6,v61987393
2010,..,"Windsor, Ontario",24.229.6,v61987393
2011,0.00,"Windsor, Ontario",24.229.6,v61987393
2012,0.00,"Windsor, Ontario",24.229.6,v61987393
2013,0.00,"Windsor, Ontario",24.229.6,v61987393
2014,1.00,"Windsor, Ontario",24.229.6,v61987393
2015,0.00,"Windsor, Ontario",24.229.6,v61987393
2006,..,"Barrie, Ontario",47.229.6,v61988359
2007,..,"Barrie, Ontario",47.229.6,v61988359
2008,..,"Barrie, Ontario",47.229.6,v61988359
2009,..,"Barrie, Ontario",47.229.6,v61988359
2010,..,"Barrie, Ontario",47.229.6,v61988359
2011,0.00,"Barrie, Ontario",47.229.6,v61988359
2012,0.00,"Barrie, Ontario",47.229.6,v61988359
2013,0.00,"Barrie, Ontario",47.229.6,v61988359
2014,0.00,"Barrie, Ontario",47.229.6,v61988359
2015,0.00,"Barrie, Ontario",47.229.6,v61988359
2006,..,"Sudbury, Ontario",25.229.6,v61987435
2007,..,"Sudbury, Ontario",25.229.6,v61987435
2008,..,"Sudbury, Ontario",25.229.6,v61987435
2009,..,"Sudbury, Ontario",25.229.6,v61987435
2010,..,"Sudbury, Ontario",25.229.6,v61987435
2011,0.00,"Sudbury, Ontario",25.229.6,v61987435
2012,0.00,"Sudbury, Ontario",25.229.6,v61987435
2013,0.00,"Sudbury, Ontario",25.229.6,v61987435
2014,0.00,"Sudbury, Ontario",25.229.6,v61987435
2015,0.00,"Sudbury, Ontario",25.229.6,v61987435
2006,..,"Thunder Bay, Ontario",26.229.6,v61987477
2007,..,"Thunder Bay, Ontario",26.229.6,v61987477
2008,..,"Thunder Bay, Ontario",26.229.6,v61987477
2009,..,"Thunder Bay, Ontario",26.229.6,v61987477
2010,..,"Thunder Bay, Ontario",26.229.6,v61987477
2011,0.00,"Thunder Bay, Ontario",26.229.6,v61987477
2012,0.00,"Thunder Bay, Ontario",26.229.6,v61987477
2013,0.00,"Thunder Bay, Ontario",26.229.6,v61987477
2014,0.00,"Thunder Bay, Ontario",26.229.6,v61987477
2015,0.00,"Thunder Bay, Ontario",26.229.6,v61987477
2006,..,"Manitoba",28.229.6,v61987561
2007,..,"Manitoba",28.229.6,v61987561
2008,..,"Manitoba",28.229.6,v61987561
2009,..,"Manitoba",28.229.6,v61987561
2010,..,"Manitoba",28.229.6,v61987561
2011,0.00,"Manitoba",28.229.6,v61987561
2012,29.00,"Manitoba",28.229.6,v61987561
2013,0.00,"Manitoba",28.229.6,v61987561
2014,0.00,"Manitoba",28.229.6,v61987561
2015,0.00,"Manitoba",28.229.6,v61987561
2006,..,"Winnipeg, Manitoba",29.229.6,v61987603
2007,..,"Winnipeg, Manitoba",29.229.6,v61987603
2008,..,"Winnipeg, Manitoba",29.229.6,v61987603
2009,..,"Winnipeg, Manitoba",29.229.6,v61987603
2010,..,"Winnipeg, Manitoba",29.229.6,v61987603
2011,0.00,"Winnipeg, Manitoba",29.229.6,v61987603
2012,0.00,"Winnipeg, Manitoba",29.229.6,v61987603
2013,0.00,"Winnipeg, Manitoba",29.229.6,v61987603
2014,0.00,"Winnipeg, Manitoba",29.229.6,v61987603
2015,0.00,"Winnipeg, Manitoba",29.229.6,v61987603
2006,..,"Saskatchewan",30.229.6,v61987645
2007,..,"Saskatchewan",30.229.6,v61987645
2008,..,"Saskatchewan",30.229.6,v61987645
2009,..,"Saskatchewan",30.229.6,v61987645
2010,..,"Saskatchewan",30.229.6,v61987645
2011,0.00,"Saskatchewan",30.229.6,v61987645
2012,1.00,"Saskatchewan",30.229.6,v61987645
2013,0.00,"Saskatchewan",30.229.6,v61987645
2014,0.00,"Saskatchewan",30.229.6,v61987645
2015,0.00,"Saskatchewan",30.229.6,v61987645
2006,..,"Regina, Saskatchewan",31.229.6,v61987687
2007,..,"Regina, Saskatchewan",31.229.6,v61987687
2008,..,"Regina, Saskatchewan",31.229.6,v61987687
2009,..,"Regina, Saskatchewan",31.229.6,v61987687
2010,..,"Regina, Saskatchewan",31.229.6,v61987687
2011,0.00,"Regina, Saskatchewan",31.229.6,v61987687
2012,0.00,"Regina, Saskatchewan",31.229.6,v61987687
2013,0.00,"Regina, Saskatchewan",31.229.6,v61987687
2014,0.00,"Regina, Saskatchewan",31.229.6,v61987687
2015,0.00,"Regina, Saskatchewan",31.229.6,v61987687
2006,..,"Saskatoon, Saskatchewan",32.229.6,v61987729
2007,..,"Saskatoon, Saskatchewan",32.229.6,v61987729
2008,..,"Saskatoon, Saskatchewan",32.229.6,v61987729
2009,..,"Saskatoon, Saskatchewan",32.229.6,v61987729
2010,..,"Saskatoon, Saskatchewan",32.229.6,v61987729
2011,0.00,"Saskatoon, Saskatchewan",32.229.6,v61987729
2012,0.00,"Saskatoon, Saskatchewan",32.229.6,v61987729
2013,0.00,"Saskatoon, Saskatchewan",32.229.6,v61987729
2014,0.00,"Saskatoon, Saskatchewan",32.229.6,v61987729
2015,0.00,"Saskatoon, Saskatchewan",32.229.6,v61987729
2006,..,"Alberta",33.229.6,v61987771
2007,..,"Alberta",33.229.6,v61987771
2008,..,"Alberta",33.229.6,v61987771
2009,..,"Alberta",33.229.6,v61987771
2010,..,"Alberta",33.229.6,v61987771
2011,2.00,"Alberta",33.229.6,v61987771
2012,0.00,"Alberta",33.229.6,v61987771
2013,2.00,"Alberta",33.229.6,v61987771
2014,1.00,"Alberta",33.229.6,v61987771
2015,0.00,"Alberta",33.229.6,v61987771
2006,..,"Calgary, Alberta",34.229.6,v61987813
2007,..,"Calgary, Alberta",34.229.6,v61987813
2008,..,"Calgary, Alberta",34.229.6,v61987813
2009,..,"Calgary, Alberta",34.229.6,v61987813
2010,..,"Calgary, Alberta",34.229.6,v61987813
2011,0.00,"Calgary, Alberta",34.229.6,v61987813
2012,0.00,"Calgary, Alberta",34.229.6,v61987813
2013,0.00,"Calgary, Alberta",34.229.6,v61987813
2014,0.00,"Calgary, Alberta",34.229.6,v61987813
2015,0.00,"Calgary, Alberta",34.229.6,v61987813
2006,..,"Edmonton, Alberta",35.229.6,v61987855
2007,..,"Edmonton, Alberta",35.229.6,v61987855
2008,..,"Edmonton, Alberta",35.229.6,v61987855
2009,..,"Edmonton, Alberta",35.229.6,v61987855
2010,..,"Edmonton, Alberta",35.229.6,v61987855
2011,0.00,"Edmonton, Alberta",35.229.6,v61987855
2012,0.00,"Edmonton, Alberta",35.229.6,v61987855
2013,0.00,"Edmonton, Alberta",35.229.6,v61987855
2014,1.00,"Edmonton, Alberta",35.229.6,v61987855
2015,0.00,"Edmonton, Alberta",35.229.6,v61987855
2006,..,"British Columbia",36.229.6,v61987897
2007,..,"British Columbia",36.229.6,v61987897
2008,..,"British Columbia",36.229.6,v61987897
2009,..,"British Columbia",36.229.6,v61987897
2010,..,"British Columbia",36.229.6,v61987897
2011,0.00,"British Columbia",36.229.6,v61987897
2012,0.00,"British Columbia",36.229.6,v61987897
2013,0.00,"British Columbia",36.229.6,v61987897
2014,1.00,"British Columbia",36.229.6,v61987897
2015,0.00,"British Columbia",36.229.6,v61987897
2006,..,"Kelowna, British Columbia",48.229.6,v61988401
2007,..,"Kelowna, British Columbia",48.229.6,v61988401
2008,..,"Kelowna, British Columbia",48.229.6,v61988401
2009,..,"Kelowna, British Columbia",48.229.6,v61988401
2010,..,"Kelowna, British Columbia",48.229.6,v61988401
2011,0.00,"Kelowna, British Columbia",48.229.6,v61988401
2012,0.00,"Kelowna, British Columbia",48.229.6,v61988401
2013,0.00,"Kelowna, British Columbia",48.229.6,v61988401
2014,0.00,"Kelowna, British Columbia",48.229.6,v61988401
2015,0.00,"Kelowna, British Columbia",48.229.6,v61988401
2006,..,"Abbotsford-Mission, British Columbia",39.229.6,v61988023
2007,..,"Abbotsford-Mission, British Columbia",39.229.6,v61988023
2008,..,"Abbotsford-Mission, British Columbia",39.229.6,v61988023
2009,..,"Abbotsford-Mission, British Columbia",39.229.6,v61988023
2010,..,"Abbotsford-Mission, British Columbia",39.229.6,v61988023
2011,0.00,"Abbotsford-Mission, British Columbia",39.229.6,v61988023
2012,0.00,"Abbotsford-Mission, British Columbia",39.229.6,v61988023
2013,0.00,"Abbotsford-Mission, British Columbia",39.229.6,v61988023
2014,0.00,"Abbotsford-Mission, British Columbia",39.229.6,v61988023
2015,0.00,"Abbotsford-Mission, British Columbia",39.229.6,v61988023
2006,..,"Vancouver, British Columbia",37.229.6,v61987939
2007,..,"Vancouver, British Columbia",37.229.6,v61987939
2008,..,"Vancouver, British Columbia",37.229.6,v61987939
2009,..,"Vancouver, British Columbia",37.229.6,v61987939
2010,..,"Vancouver, British Columbia",37.229.6,v61987939
2011,0.00,"Vancouver, British Columbia",37.229.6,v61987939
2012,0.00,"Vancouver, British Columbia",37.229.6,v61987939
2013,0.00,"Vancouver, British Columbia",37.229.6,v61987939
2014,1.00,"Vancouver, British Columbia",37.229.6,v61987939
2015,0.00,"Vancouver, British Columbia",37.229.6,v61987939
2006,..,"Victoria, British Columbia",38.229.6,v61987981
2007,..,"Victoria, British Columbia",38.229.6,v61987981
2008,..,"Victoria, British Columbia",38.229.6,v61987981
2009,..,"Victoria, British Columbia",38.229.6,v61987981
2010,..,"Victoria, British Columbia",38.229.6,v61987981
2011,0.00,"Victoria, British Columbia",38.229.6,v61987981
2012,0.00,"Victoria, British Columbia",38.229.6,v61987981
2013,0.00,"Victoria, British Columbia",38.229.6,v61987981
2014,0.00,"Victoria, British Columbia",38.229.6,v61987981
2015,0.00,"Victoria, British Columbia",38.229.6,v61987981
2006,..,"Yukon",40.229.6,v61988065
2007,..,"Yukon",40.229.6,v61988065
2008,..,"Yukon",40.229.6,v61988065
2009,..,"Yukon",40.229.6,v61988065
2010,..,"Yukon",40.229.6,v61988065
2011,0.00,"Yukon",40.229.6,v61988065
2012,0.00,"Yukon",40.229.6,v61988065
2013,0.00,"Yukon",40.229.6,v61988065
2014,0.00,"Yukon",40.229.6,v61988065
2015,0.00,"Yukon",40.229.6,v61988065
2006,..,"Northwest Territories",41.229.6,v61988107
2007,..,"Northwest Territories",41.229.6,v61988107
2008,..,"Northwest Territories",41.229.6,v61988107
2009,..,"Northwest Territories",41.229.6,v61988107
2010,..,"Northwest Territories",41.229.6,v61988107
2011,0.00,"Northwest Territories",41.229.6,v61988107
2012,0.00,"Northwest Territories",41.229.6,v61988107
2013,0.00,"Northwest Territories",41.229.6,v61988107
2014,0.00,"Northwest Territories",41.229.6,v61988107
2015,0.00,"Northwest Territories",41.229.6,v61988107
2006,..,"Nunavut",42.229.6,v61988149
2007,..,"Nunavut",42.229.6,v61988149
2008,..,"Nunavut",42.229.6,v61988149
2009,..,"Nunavut",42.229.6,v61988149
2010,..,"Nunavut",42.229.6,v61988149
2011,0.00,"Nunavut",42.229.6,v61988149
2012,0.00,"Nunavut",42.229.6,v61988149
2013,0.00,"Nunavut",42.229.6,v61988149
2014,0.00,"Nunavut",42.229.6,v61988149
2015,0.00,"Nunavut",42.229.6,v61988149
