1998,159.00,"Canada",1.88.11,v44353921
1999,37.00,"Canada",1.88.11,v44353921
2000,17.00,"Canada",1.88.11,v44353921
2001,1.00,"Canada",1.88.11,v44353921
2002,7.00,"Canada",1.88.11,v44353921
2003,23.00,"Canada",1.88.11,v44353921
2004,61.00,"Canada",1.88.11,v44353921
2005,4.00,"Canada",1.88.11,v44353921
2006,0.00,"Canada",1.88.11,v44353921
2007,0.00,"Canada",1.88.11,v44353921
2008,0.00,"Canada",1.88.11,v44353921
2009,0.00,"Canada",1.88.11,v44353921
2010,0.00,"Canada",1.88.11,v44353921
2011,0.00,"Canada",1.88.11,v44353921
2012,0.00,"Canada",1.88.11,v44353921
2013,0.00,"Canada",1.88.11,v44353921
2014,0.00,"Canada",1.88.11,v44353921
2015,0.00,"Canada",1.88.11,v44353921
1998,0.00,"Newfoundland and Labrador",2.88.11,v44349719
1999,0.00,"Newfoundland and Labrador",2.88.11,v44349719
2000,0.00,"Newfoundland and Labrador",2.88.11,v44349719
2001,0.00,"Newfoundland and Labrador",2.88.11,v44349719
2002,0.00,"Newfoundland and Labrador",2.88.11,v44349719
2003,0.00,"Newfoundland and Labrador",2.88.11,v44349719
2004,0.00,"Newfoundland and Labrador",2.88.11,v44349719
2005,0.00,"Newfoundland and Labrador",2.88.11,v44349719
2006,0.00,"Newfoundland and Labrador",2.88.11,v44349719
2007,0.00,"Newfoundland and Labrador",2.88.11,v44349719
2008,0.00,"Newfoundland and Labrador",2.88.11,v44349719
2009,0.00,"Newfoundland and Labrador",2.88.11,v44349719
2010,0.00,"Newfoundland and Labrador",2.88.11,v44349719
2011,0.00,"Newfoundland and Labrador",2.88.11,v44349719
2012,0.00,"Newfoundland and Labrador",2.88.11,v44349719
2013,0.00,"Newfoundland and Labrador",2.88.11,v44349719
2014,0.00,"Newfoundland and Labrador",2.88.11,v44349719
2015,0.00,"Newfoundland and Labrador",2.88.11,v44349719
1998,0.00,"St. John's, Newfoundland and Labrador",3.88.11,v44412541
1999,..,"St. John's, Newfoundland and Labrador",3.88.11,v44412541
2000,..,"St. John's, Newfoundland and Labrador",3.88.11,v44412541
2001,0.00,"St. John's, Newfoundland and Labrador",3.88.11,v44412541
2002,..,"St. John's, Newfoundland and Labrador",3.88.11,v44412541
2003,..,"St. John's, Newfoundland and Labrador",3.88.11,v44412541
2004,..,"St. John's, Newfoundland and Labrador",3.88.11,v44412541
2005,..,"St. John's, Newfoundland and Labrador",3.88.11,v44412541
2006,0.00,"St. John's, Newfoundland and Labrador",3.88.11,v44412541
2007,0.00,"St. John's, Newfoundland and Labrador",3.88.11,v44412541
2008,0.00,"St. John's, Newfoundland and Labrador",3.88.11,v44412541
2009,0.00,"St. John's, Newfoundland and Labrador",3.88.11,v44412541
2010,0.00,"St. John's, Newfoundland and Labrador",3.88.11,v44412541
2011,0.00,"St. John's, Newfoundland and Labrador",3.88.11,v44412541
2012,0.00,"St. John's, Newfoundland and Labrador",3.88.11,v44412541
2013,0.00,"St. John's, Newfoundland and Labrador",3.88.11,v44412541
2014,0.00,"St. John's, Newfoundland and Labrador",3.88.11,v44412541
2015,0.00,"St. John's, Newfoundland and Labrador",3.88.11,v44412541
1998,0.00,"Prince Edward Island",4.88.11,v44392717
1999,0.00,"Prince Edward Island",4.88.11,v44392717
2000,0.00,"Prince Edward Island",4.88.11,v44392717
2001,0.00,"Prince Edward Island",4.88.11,v44392717
2002,0.00,"Prince Edward Island",4.88.11,v44392717
2003,0.00,"Prince Edward Island",4.88.11,v44392717
2004,0.00,"Prince Edward Island",4.88.11,v44392717
2005,0.00,"Prince Edward Island",4.88.11,v44392717
2006,0.00,"Prince Edward Island",4.88.11,v44392717
2007,0.00,"Prince Edward Island",4.88.11,v44392717
2008,0.00,"Prince Edward Island",4.88.11,v44392717
2009,0.00,"Prince Edward Island",4.88.11,v44392717
2010,0.00,"Prince Edward Island",4.88.11,v44392717
2011,0.00,"Prince Edward Island",4.88.11,v44392717
2012,0.00,"Prince Edward Island",4.88.11,v44392717
2013,0.00,"Prince Edward Island",4.88.11,v44392717
2014,0.00,"Prince Edward Island",4.88.11,v44392717
2015,0.00,"Prince Edward Island",4.88.11,v44392717
1998,2.00,"Nova Scotia",5.88.11,v44362774
1999,0.00,"Nova Scotia",5.88.11,v44362774
2000,0.00,"Nova Scotia",5.88.11,v44362774
2001,0.00,"Nova Scotia",5.88.11,v44362774
2002,1.00,"Nova Scotia",5.88.11,v44362774
2003,0.00,"Nova Scotia",5.88.11,v44362774
2004,0.00,"Nova Scotia",5.88.11,v44362774
2005,0.00,"Nova Scotia",5.88.11,v44362774
2006,0.00,"Nova Scotia",5.88.11,v44362774
2007,0.00,"Nova Scotia",5.88.11,v44362774
2008,0.00,"Nova Scotia",5.88.11,v44362774
2009,0.00,"Nova Scotia",5.88.11,v44362774
2010,0.00,"Nova Scotia",5.88.11,v44362774
2011,0.00,"Nova Scotia",5.88.11,v44362774
2012,0.00,"Nova Scotia",5.88.11,v44362774
2013,0.00,"Nova Scotia",5.88.11,v44362774
2014,0.00,"Nova Scotia",5.88.11,v44362774
2015,0.00,"Nova Scotia",5.88.11,v44362774
1998,2.00,"Halifax, Nova Scotia",6.88.11,v44386762
1999,0.00,"Halifax, Nova Scotia",6.88.11,v44386762
2000,0.00,"Halifax, Nova Scotia",6.88.11,v44386762
2001,0.00,"Halifax, Nova Scotia",6.88.11,v44386762
2002,1.00,"Halifax, Nova Scotia",6.88.11,v44386762
2003,0.00,"Halifax, Nova Scotia",6.88.11,v44386762
2004,0.00,"Halifax, Nova Scotia",6.88.11,v44386762
2005,0.00,"Halifax, Nova Scotia",6.88.11,v44386762
2006,0.00,"Halifax, Nova Scotia",6.88.11,v44386762
2007,0.00,"Halifax, Nova Scotia",6.88.11,v44386762
2008,0.00,"Halifax, Nova Scotia",6.88.11,v44386762
2009,0.00,"Halifax, Nova Scotia",6.88.11,v44386762
2010,0.00,"Halifax, Nova Scotia",6.88.11,v44386762
2011,0.00,"Halifax, Nova Scotia",6.88.11,v44386762
2012,0.00,"Halifax, Nova Scotia",6.88.11,v44386762
2013,0.00,"Halifax, Nova Scotia",6.88.11,v44386762
2014,0.00,"Halifax, Nova Scotia",6.88.11,v44386762
2015,0.00,"Halifax, Nova Scotia",6.88.11,v44386762
1998,0.00,"New Brunswick",7.88.11,v44383958
1999,1.00,"New Brunswick",7.88.11,v44383958
2000,0.00,"New Brunswick",7.88.11,v44383958
2001,0.00,"New Brunswick",7.88.11,v44383958
2002,0.00,"New Brunswick",7.88.11,v44383958
2003,1.00,"New Brunswick",7.88.11,v44383958
2004,1.00,"New Brunswick",7.88.11,v44383958
2005,0.00,"New Brunswick",7.88.11,v44383958
2006,0.00,"New Brunswick",7.88.11,v44383958
2007,0.00,"New Brunswick",7.88.11,v44383958
2008,0.00,"New Brunswick",7.88.11,v44383958
2009,0.00,"New Brunswick",7.88.11,v44383958
2010,0.00,"New Brunswick",7.88.11,v44383958
2011,0.00,"New Brunswick",7.88.11,v44383958
2012,0.00,"New Brunswick",7.88.11,v44383958
2013,0.00,"New Brunswick",7.88.11,v44383958
2014,0.00,"New Brunswick",7.88.11,v44383958
2015,0.00,"New Brunswick",7.88.11,v44383958
2006,0.00,"Moncton, New Brunswick",43.88.11,v62126231
2007,0.00,"Moncton, New Brunswick",43.88.11,v62126231
2008,0.00,"Moncton, New Brunswick",43.88.11,v62126231
2009,0.00,"Moncton, New Brunswick",43.88.11,v62126231
2010,0.00,"Moncton, New Brunswick",43.88.11,v62126231
2011,0.00,"Moncton, New Brunswick",43.88.11,v62126231
2012,0.00,"Moncton, New Brunswick",43.88.11,v62126231
2013,0.00,"Moncton, New Brunswick",43.88.11,v62126231
2014,0.00,"Moncton, New Brunswick",43.88.11,v62126231
2015,0.00,"Moncton, New Brunswick",43.88.11,v62126231
1998,0.00,"Saint John, New Brunswick",8.88.11,v44366840
1999,1.00,"Saint John, New Brunswick",8.88.11,v44366840
2000,0.00,"Saint John, New Brunswick",8.88.11,v44366840
2001,0.00,"Saint John, New Brunswick",8.88.11,v44366840
2002,0.00,"Saint John, New Brunswick",8.88.11,v44366840
2003,1.00,"Saint John, New Brunswick",8.88.11,v44366840
2004,1.00,"Saint John, New Brunswick",8.88.11,v44366840
2005,0.00,"Saint John, New Brunswick",8.88.11,v44366840
2006,0.00,"Saint John, New Brunswick",8.88.11,v44366840
2007,0.00,"Saint John, New Brunswick",8.88.11,v44366840
2008,0.00,"Saint John, New Brunswick",8.88.11,v44366840
2009,0.00,"Saint John, New Brunswick",8.88.11,v44366840
2010,0.00,"Saint John, New Brunswick",8.88.11,v44366840
2011,0.00,"Saint John, New Brunswick",8.88.11,v44366840
2012,0.00,"Saint John, New Brunswick",8.88.11,v44366840
2013,0.00,"Saint John, New Brunswick",8.88.11,v44366840
2014,0.00,"Saint John, New Brunswick",8.88.11,v44366840
2015,0.00,"Saint John, New Brunswick",8.88.11,v44366840
1998,11.00,"Quebec",9.88.11,v44386848
1999,0.00,"Quebec",9.88.11,v44386848
2000,0.00,"Quebec",9.88.11,v44386848
2001,0.00,"Quebec",9.88.11,v44386848
2002,0.00,"Quebec",9.88.11,v44386848
2003,0.00,"Quebec",9.88.11,v44386848
2004,1.00,"Quebec",9.88.11,v44386848
2005,0.00,"Quebec",9.88.11,v44386848
2006,0.00,"Quebec",9.88.11,v44386848
2007,0.00,"Quebec",9.88.11,v44386848
2008,0.00,"Quebec",9.88.11,v44386848
2009,0.00,"Quebec",9.88.11,v44386848
2010,0.00,"Quebec",9.88.11,v44386848
2011,0.00,"Quebec",9.88.11,v44386848
2012,0.00,"Quebec",9.88.11,v44386848
2013,0.00,"Quebec",9.88.11,v44386848
2014,0.00,"Quebec",9.88.11,v44386848
2015,0.00,"Quebec",9.88.11,v44386848
1998,0.00,"Saguenay, Quebec",10.88.11,v44384037
1999,0.00,"Saguenay, Quebec",10.88.11,v44384037
2000,0.00,"Saguenay, Quebec",10.88.11,v44384037
2001,0.00,"Saguenay, Quebec",10.88.11,v44384037
2002,..,"Saguenay, Quebec",10.88.11,v44384037
2003,..,"Saguenay, Quebec",10.88.11,v44384037
2004,..,"Saguenay, Quebec",10.88.11,v44384037
2005,0.00,"Saguenay, Quebec",10.88.11,v44384037
2006,0.00,"Saguenay, Quebec",10.88.11,v44384037
2007,0.00,"Saguenay, Quebec",10.88.11,v44384037
2008,0.00,"Saguenay, Quebec",10.88.11,v44384037
2009,0.00,"Saguenay, Quebec",10.88.11,v44384037
2010,0.00,"Saguenay, Quebec",10.88.11,v44384037
2011,0.00,"Saguenay, Quebec",10.88.11,v44384037
2012,0.00,"Saguenay, Quebec",10.88.11,v44384037
2013,0.00,"Saguenay, Quebec",10.88.11,v44384037
2014,0.00,"Saguenay, Quebec",10.88.11,v44384037
2015,0.00,"Saguenay, Quebec",10.88.11,v44384037
1998,0.00,"Sherbrooke, Quebec",12.88.11,v44411562
1999,..,"Sherbrooke, Quebec",12.88.11,v44411562
2000,..,"Sherbrooke, Quebec",12.88.11,v44411562
2001,..,"Sherbrooke, Quebec",12.88.11,v44411562
2002,..,"Sherbrooke, Quebec",12.88.11,v44411562
2003,0.00,"Sherbrooke, Quebec",12.88.11,v44411562
2004,..,"Sherbrooke, Quebec",12.88.11,v44411562
2005,0.00,"Sherbrooke, Quebec",12.88.11,v44411562
2006,0.00,"Sherbrooke, Quebec",12.88.11,v44411562
2007,0.00,"Sherbrooke, Quebec",12.88.11,v44411562
2008,0.00,"Sherbrooke, Quebec",12.88.11,v44411562
2009,0.00,"Sherbrooke, Quebec",12.88.11,v44411562
2010,0.00,"Sherbrooke, Quebec",12.88.11,v44411562
2011,0.00,"Sherbrooke, Quebec",12.88.11,v44411562
2012,0.00,"Sherbrooke, Quebec",12.88.11,v44411562
2013,0.00,"Sherbrooke, Quebec",12.88.11,v44411562
2014,0.00,"Sherbrooke, Quebec",12.88.11,v44411562
2015,0.00,"Sherbrooke, Quebec",12.88.11,v44411562
1998,0.00,"Ottawa-Gatineau, Quebec part",15.88.11,v44366303
1999,0.00,"Ottawa-Gatineau, Quebec part",15.88.11,v44366303
2000,0.00,"Ottawa-Gatineau, Quebec part",15.88.11,v44366303
2001,0.00,"Ottawa-Gatineau, Quebec part",15.88.11,v44366303
2002,0.00,"Ottawa-Gatineau, Quebec part",15.88.11,v44366303
2003,0.00,"Ottawa-Gatineau, Quebec part",15.88.11,v44366303
2004,..,"Ottawa-Gatineau, Quebec part",15.88.11,v44366303
2005,0.00,"Ottawa-Gatineau, Quebec part",15.88.11,v44366303
2006,0.00,"Ottawa-Gatineau, Quebec part",15.88.11,v44366303
2007,0.00,"Ottawa-Gatineau, Quebec part",15.88.11,v44366303
2008,0.00,"Ottawa-Gatineau, Quebec part",15.88.11,v44366303
2009,0.00,"Ottawa-Gatineau, Quebec part",15.88.11,v44366303
2010,0.00,"Ottawa-Gatineau, Quebec part",15.88.11,v44366303
2011,0.00,"Ottawa-Gatineau, Quebec part",15.88.11,v44366303
2012,0.00,"Ottawa-Gatineau, Quebec part",15.88.11,v44366303
2013,0.00,"Ottawa-Gatineau, Quebec part",15.88.11,v44366303
2014,0.00,"Ottawa-Gatineau, Quebec part",15.88.11,v44366303
2015,0.00,"Ottawa-Gatineau, Quebec part",15.88.11,v44366303
1998,85.00,"Ontario",16.88.11,v44338081
1999,21.00,"Ontario",16.88.11,v44338081
2000,12.00,"Ontario",16.88.11,v44338081
2001,1.00,"Ontario",16.88.11,v44338081
2002,3.00,"Ontario",16.88.11,v44338081
2003,16.00,"Ontario",16.88.11,v44338081
2004,41.00,"Ontario",16.88.11,v44338081
2005,2.00,"Ontario",16.88.11,v44338081
2006,0.00,"Ontario",16.88.11,v44338081
2007,0.00,"Ontario",16.88.11,v44338081
2008,0.00,"Ontario",16.88.11,v44338081
2009,0.00,"Ontario",16.88.11,v44338081
2010,0.00,"Ontario",16.88.11,v44338081
2011,0.00,"Ontario",16.88.11,v44338081
2012,0.00,"Ontario",16.88.11,v44338081
2013,0.00,"Ontario",16.88.11,v44338081
2014,0.00,"Ontario",16.88.11,v44338081
2015,0.00,"Ontario",16.88.11,v44338081
1998,3.00,"Ottawa-Gatineau, Ontario/Quebec",17.88.11,v52148444
1999,0.00,"Ottawa-Gatineau, Ontario/Quebec",17.88.11,v52148444
2000,0.00,"Ottawa-Gatineau, Ontario/Quebec",17.88.11,v52148444
2001,0.00,"Ottawa-Gatineau, Ontario/Quebec",17.88.11,v52148444
2002,0.00,"Ottawa-Gatineau, Ontario/Quebec",17.88.11,v52148444
2003,0.00,"Ottawa-Gatineau, Ontario/Quebec",17.88.11,v52148444
2004,0.00,"Ottawa-Gatineau, Ontario/Quebec",17.88.11,v52148444
2005,0.00,"Ottawa-Gatineau, Ontario/Quebec",17.88.11,v52148444
2006,0.00,"Ottawa-Gatineau, Ontario/Quebec",17.88.11,v52148444
2007,0.00,"Ottawa-Gatineau, Ontario/Quebec",17.88.11,v52148444
2008,0.00,"Ottawa-Gatineau, Ontario/Quebec",17.88.11,v52148444
2009,0.00,"Ottawa-Gatineau, Ontario/Quebec",17.88.11,v52148444
2010,0.00,"Ottawa-Gatineau, Ontario/Quebec",17.88.11,v52148444
2011,0.00,"Ottawa-Gatineau, Ontario/Quebec",17.88.11,v52148444
2012,0.00,"Ottawa-Gatineau, Ontario/Quebec",17.88.11,v52148444
2013,0.00,"Ottawa-Gatineau, Ontario/Quebec",17.88.11,v52148444
2014,0.00,"Ottawa-Gatineau, Ontario/Quebec",17.88.11,v52148444
2015,0.00,"Ottawa-Gatineau, Ontario/Quebec",17.88.11,v52148444
1998,3.00,"Ottawa-Gatineau, Ontario part",18.88.11,v44404522
1999,0.00,"Ottawa-Gatineau, Ontario part",18.88.11,v44404522
2000,0.00,"Ottawa-Gatineau, Ontario part",18.88.11,v44404522
2001,0.00,"Ottawa-Gatineau, Ontario part",18.88.11,v44404522
2002,..,"Ottawa-Gatineau, Ontario part",18.88.11,v44404522
2003,..,"Ottawa-Gatineau, Ontario part",18.88.11,v44404522
2004,0.00,"Ottawa-Gatineau, Ontario part",18.88.11,v44404522
2005,0.00,"Ottawa-Gatineau, Ontario part",18.88.11,v44404522
2006,0.00,"Ottawa-Gatineau, Ontario part",18.88.11,v44404522
2007,0.00,"Ottawa-Gatineau, Ontario part",18.88.11,v44404522
2008,0.00,"Ottawa-Gatineau, Ontario part",18.88.11,v44404522
2009,0.00,"Ottawa-Gatineau, Ontario part",18.88.11,v44404522
2010,0.00,"Ottawa-Gatineau, Ontario part",18.88.11,v44404522
2011,0.00,"Ottawa-Gatineau, Ontario part",18.88.11,v44404522
2012,0.00,"Ottawa-Gatineau, Ontario part",18.88.11,v44404522
2013,0.00,"Ottawa-Gatineau, Ontario part",18.88.11,v44404522
2014,0.00,"Ottawa-Gatineau, Ontario part",18.88.11,v44404522
2015,0.00,"Ottawa-Gatineau, Ontario part",18.88.11,v44404522
2000,..,"Kingston, Ontario",27.88.11,v44360851
2001,0.00,"Kingston, Ontario",27.88.11,v44360851
2002,0.00,"Kingston, Ontario",27.88.11,v44360851
2003,0.00,"Kingston, Ontario",27.88.11,v44360851
2004,0.00,"Kingston, Ontario",27.88.11,v44360851
2005,0.00,"Kingston, Ontario",27.88.11,v44360851
2006,0.00,"Kingston, Ontario",27.88.11,v44360851
2007,0.00,"Kingston, Ontario",27.88.11,v44360851
2008,0.00,"Kingston, Ontario",27.88.11,v44360851
2009,0.00,"Kingston, Ontario",27.88.11,v44360851
2010,0.00,"Kingston, Ontario",27.88.11,v44360851
2011,0.00,"Kingston, Ontario",27.88.11,v44360851
2012,0.00,"Kingston, Ontario",27.88.11,v44360851
2013,0.00,"Kingston, Ontario",27.88.11,v44360851
2014,0.00,"Kingston, Ontario",27.88.11,v44360851
2015,0.00,"Kingston, Ontario",27.88.11,v44360851
2006,0.00,"Peterborough, Ontario",44.88.11,v62129381
2007,0.00,"Peterborough, Ontario",44.88.11,v62129381
2008,0.00,"Peterborough, Ontario",44.88.11,v62129381
2009,0.00,"Peterborough, Ontario",44.88.11,v62129381
2010,0.00,"Peterborough, Ontario",44.88.11,v62129381
2011,0.00,"Peterborough, Ontario",44.88.11,v62129381
2012,0.00,"Peterborough, Ontario",44.88.11,v62129381
2013,0.00,"Peterborough, Ontario",44.88.11,v62129381
2014,0.00,"Peterborough, Ontario",44.88.11,v62129381
2015,0.00,"Peterborough, Ontario",44.88.11,v62129381
1998,51.00,"Toronto, Ontario",19.88.11,v44329026
1999,5.00,"Toronto, Ontario",19.88.11,v44329026
2000,0.00,"Toronto, Ontario",19.88.11,v44329026
2001,0.00,"Toronto, Ontario",19.88.11,v44329026
2002,0.00,"Toronto, Ontario",19.88.11,v44329026
2003,10.00,"Toronto, Ontario",19.88.11,v44329026
2004,38.00,"Toronto, Ontario",19.88.11,v44329026
2005,2.00,"Toronto, Ontario",19.88.11,v44329026
2006,0.00,"Toronto, Ontario",19.88.11,v44329026
2007,0.00,"Toronto, Ontario",19.88.11,v44329026
2008,0.00,"Toronto, Ontario",19.88.11,v44329026
2009,0.00,"Toronto, Ontario",19.88.11,v44329026
2010,0.00,"Toronto, Ontario",19.88.11,v44329026
2011,0.00,"Toronto, Ontario",19.88.11,v44329026
2012,0.00,"Toronto, Ontario",19.88.11,v44329026
2013,0.00,"Toronto, Ontario",19.88.11,v44329026
2014,0.00,"Toronto, Ontario",19.88.11,v44329026
2015,0.00,"Toronto, Ontario",19.88.11,v44329026
1998,6.00,"Hamilton, Ontario",20.88.11,v44336483
1999,4.00,"Hamilton, Ontario",20.88.11,v44336483
2000,1.00,"Hamilton, Ontario",20.88.11,v44336483
2001,0.00,"Hamilton, Ontario",20.88.11,v44336483
2002,1.00,"Hamilton, Ontario",20.88.11,v44336483
2003,1.00,"Hamilton, Ontario",20.88.11,v44336483
2004,0.00,"Hamilton, Ontario",20.88.11,v44336483
2005,0.00,"Hamilton, Ontario",20.88.11,v44336483
2006,0.00,"Hamilton, Ontario",20.88.11,v44336483
2007,0.00,"Hamilton, Ontario",20.88.11,v44336483
2008,0.00,"Hamilton, Ontario",20.88.11,v44336483
2009,0.00,"Hamilton, Ontario",20.88.11,v44336483
2010,0.00,"Hamilton, Ontario",20.88.11,v44336483
2011,0.00,"Hamilton, Ontario",20.88.11,v44336483
2012,0.00,"Hamilton, Ontario",20.88.11,v44336483
2013,0.00,"Hamilton, Ontario",20.88.11,v44336483
2014,0.00,"Hamilton, Ontario",20.88.11,v44336483
2015,0.00,"Hamilton, Ontario",20.88.11,v44336483
1998,1.00,"St.Catharines-Niagara, Ontario",21.88.11,v44380858
1999,0.00,"St.Catharines-Niagara, Ontario",21.88.11,v44380858
2000,0.00,"St.Catharines-Niagara, Ontario",21.88.11,v44380858
2001,0.00,"St.Catharines-Niagara, Ontario",21.88.11,v44380858
2002,..,"St.Catharines-Niagara, Ontario",21.88.11,v44380858
2003,1.00,"St.Catharines-Niagara, Ontario",21.88.11,v44380858
2004,..,"St.Catharines-Niagara, Ontario",21.88.11,v44380858
2005,0.00,"St.Catharines-Niagara, Ontario",21.88.11,v44380858
2006,0.00,"St.Catharines-Niagara, Ontario",21.88.11,v44380858
2007,0.00,"St.Catharines-Niagara, Ontario",21.88.11,v44380858
2008,0.00,"St.Catharines-Niagara, Ontario",21.88.11,v44380858
2009,0.00,"St.Catharines-Niagara, Ontario",21.88.11,v44380858
2010,0.00,"St.Catharines-Niagara, Ontario",21.88.11,v44380858
2011,0.00,"St.Catharines-Niagara, Ontario",21.88.11,v44380858
2012,0.00,"St.Catharines-Niagara, Ontario",21.88.11,v44380858
2013,0.00,"St.Catharines-Niagara, Ontario",21.88.11,v44380858
2014,0.00,"St.Catharines-Niagara, Ontario",21.88.11,v44380858
2015,0.00,"St.Catharines-Niagara, Ontario",21.88.11,v44380858
1998,2.00,"Kitchener-Cambridge-Waterloo, Ontario",22.88.11,v44378521
1999,1.00,"Kitchener-Cambridge-Waterloo, Ontario",22.88.11,v44378521
2000,2.00,"Kitchener-Cambridge-Waterloo, Ontario",22.88.11,v44378521
2001,0.00,"Kitchener-Cambridge-Waterloo, Ontario",22.88.11,v44378521
2002,0.00,"Kitchener-Cambridge-Waterloo, Ontario",22.88.11,v44378521
2003,2.00,"Kitchener-Cambridge-Waterloo, Ontario",22.88.11,v44378521
2004,..,"Kitchener-Cambridge-Waterloo, Ontario",22.88.11,v44378521
2005,..,"Kitchener-Cambridge-Waterloo, Ontario",22.88.11,v44378521
2006,0.00,"Kitchener-Cambridge-Waterloo, Ontario",22.88.11,v44378521
2007,0.00,"Kitchener-Cambridge-Waterloo, Ontario",22.88.11,v44378521
2008,0.00,"Kitchener-Cambridge-Waterloo, Ontario",22.88.11,v44378521
2009,0.00,"Kitchener-Cambridge-Waterloo, Ontario",22.88.11,v44378521
2010,0.00,"Kitchener-Cambridge-Waterloo, Ontario",22.88.11,v44378521
2011,0.00,"Kitchener-Cambridge-Waterloo, Ontario",22.88.11,v44378521
2012,0.00,"Kitchener-Cambridge-Waterloo, Ontario",22.88.11,v44378521
2013,0.00,"Kitchener-Cambridge-Waterloo, Ontario",22.88.11,v44378521
2014,0.00,"Kitchener-Cambridge-Waterloo, Ontario",22.88.11,v44378521
2015,0.00,"Kitchener-Cambridge-Waterloo, Ontario",22.88.11,v44378521
2006,0.00,"Brantford, Ontario",45.88.11,v62132531
2007,0.00,"Brantford, Ontario",45.88.11,v62132531
2008,0.00,"Brantford, Ontario",45.88.11,v62132531
2009,0.00,"Brantford, Ontario",45.88.11,v62132531
2010,0.00,"Brantford, Ontario",45.88.11,v62132531
2011,0.00,"Brantford, Ontario",45.88.11,v62132531
2012,0.00,"Brantford, Ontario",45.88.11,v62132531
2013,0.00,"Brantford, Ontario",45.88.11,v62132531
2014,0.00,"Brantford, Ontario",45.88.11,v62132531
2015,0.00,"Brantford, Ontario",45.88.11,v62132531
2006,0.00,"Guelph, Ontario",46.88.11,v62135681
2007,0.00,"Guelph, Ontario",46.88.11,v62135681
2008,0.00,"Guelph, Ontario",46.88.11,v62135681
2009,0.00,"Guelph, Ontario",46.88.11,v62135681
2010,0.00,"Guelph, Ontario",46.88.11,v62135681
2011,0.00,"Guelph, Ontario",46.88.11,v62135681
2012,0.00,"Guelph, Ontario",46.88.11,v62135681
2013,0.00,"Guelph, Ontario",46.88.11,v62135681
2014,0.00,"Guelph, Ontario",46.88.11,v62135681
2015,0.00,"Guelph, Ontario",46.88.11,v62135681
1998,4.00,"London, Ontario",23.88.11,v44362366
1999,0.00,"London, Ontario",23.88.11,v44362366
2000,0.00,"London, Ontario",23.88.11,v44362366
2001,0.00,"London, Ontario",23.88.11,v44362366
2002,0.00,"London, Ontario",23.88.11,v44362366
2003,0.00,"London, Ontario",23.88.11,v44362366
2004,0.00,"London, Ontario",23.88.11,v44362366
2005,0.00,"London, Ontario",23.88.11,v44362366
2006,0.00,"London, Ontario",23.88.11,v44362366
2007,0.00,"London, Ontario",23.88.11,v44362366
2008,0.00,"London, Ontario",23.88.11,v44362366
2009,0.00,"London, Ontario",23.88.11,v44362366
2010,0.00,"London, Ontario",23.88.11,v44362366
2011,0.00,"London, Ontario",23.88.11,v44362366
2012,0.00,"London, Ontario",23.88.11,v44362366
2013,0.00,"London, Ontario",23.88.11,v44362366
2014,0.00,"London, Ontario",23.88.11,v44362366
2015,0.00,"London, Ontario",23.88.11,v44362366
1998,2.00,"Windsor, Ontario",24.88.11,v44328458
1999,1.00,"Windsor, Ontario",24.88.11,v44328458
2000,1.00,"Windsor, Ontario",24.88.11,v44328458
2001,0.00,"Windsor, Ontario",24.88.11,v44328458
2002,0.00,"Windsor, Ontario",24.88.11,v44328458
2003,0.00,"Windsor, Ontario",24.88.11,v44328458
2004,0.00,"Windsor, Ontario",24.88.11,v44328458
2005,0.00,"Windsor, Ontario",24.88.11,v44328458
2006,0.00,"Windsor, Ontario",24.88.11,v44328458
2007,0.00,"Windsor, Ontario",24.88.11,v44328458
2008,0.00,"Windsor, Ontario",24.88.11,v44328458
2009,0.00,"Windsor, Ontario",24.88.11,v44328458
2010,0.00,"Windsor, Ontario",24.88.11,v44328458
2011,0.00,"Windsor, Ontario",24.88.11,v44328458
2012,0.00,"Windsor, Ontario",24.88.11,v44328458
2013,0.00,"Windsor, Ontario",24.88.11,v44328458
2014,0.00,"Windsor, Ontario",24.88.11,v44328458
2015,0.00,"Windsor, Ontario",24.88.11,v44328458
2006,0.00,"Barrie, Ontario",47.88.11,v62138831
2007,0.00,"Barrie, Ontario",47.88.11,v62138831
2008,0.00,"Barrie, Ontario",47.88.11,v62138831
2009,0.00,"Barrie, Ontario",47.88.11,v62138831
2010,0.00,"Barrie, Ontario",47.88.11,v62138831
2011,0.00,"Barrie, Ontario",47.88.11,v62138831
2012,0.00,"Barrie, Ontario",47.88.11,v62138831
2013,0.00,"Barrie, Ontario",47.88.11,v62138831
2014,0.00,"Barrie, Ontario",47.88.11,v62138831
2015,0.00,"Barrie, Ontario",47.88.11,v62138831
1998,1.00,"Sudbury, Ontario",25.88.11,v44373618
1999,0.00,"Sudbury, Ontario",25.88.11,v44373618
2000,0.00,"Sudbury, Ontario",25.88.11,v44373618
2001,0.00,"Sudbury, Ontario",25.88.11,v44373618
2002,0.00,"Sudbury, Ontario",25.88.11,v44373618
2003,0.00,"Sudbury, Ontario",25.88.11,v44373618
2004,2.00,"Sudbury, Ontario",25.88.11,v44373618
2005,0.00,"Sudbury, Ontario",25.88.11,v44373618
2006,0.00,"Sudbury, Ontario",25.88.11,v44373618
2007,0.00,"Sudbury, Ontario",25.88.11,v44373618
2008,0.00,"Sudbury, Ontario",25.88.11,v44373618
2009,0.00,"Sudbury, Ontario",25.88.11,v44373618
2010,0.00,"Sudbury, Ontario",25.88.11,v44373618
2011,0.00,"Sudbury, Ontario",25.88.11,v44373618
2012,0.00,"Sudbury, Ontario",25.88.11,v44373618
2013,0.00,"Sudbury, Ontario",25.88.11,v44373618
2014,0.00,"Sudbury, Ontario",25.88.11,v44373618
2015,0.00,"Sudbury, Ontario",25.88.11,v44373618
1998,1.00,"Thunder Bay, Ontario",26.88.11,v44408245
1999,0.00,"Thunder Bay, Ontario",26.88.11,v44408245
2000,0.00,"Thunder Bay, Ontario",26.88.11,v44408245
2001,1.00,"Thunder Bay, Ontario",26.88.11,v44408245
2002,1.00,"Thunder Bay, Ontario",26.88.11,v44408245
2003,1.00,"Thunder Bay, Ontario",26.88.11,v44408245
2004,0.00,"Thunder Bay, Ontario",26.88.11,v44408245
2005,0.00,"Thunder Bay, Ontario",26.88.11,v44408245
2006,0.00,"Thunder Bay, Ontario",26.88.11,v44408245
2007,0.00,"Thunder Bay, Ontario",26.88.11,v44408245
2008,0.00,"Thunder Bay, Ontario",26.88.11,v44408245
2009,0.00,"Thunder Bay, Ontario",26.88.11,v44408245
2010,0.00,"Thunder Bay, Ontario",26.88.11,v44408245
2011,0.00,"Thunder Bay, Ontario",26.88.11,v44408245
2012,0.00,"Thunder Bay, Ontario",26.88.11,v44408245
2013,0.00,"Thunder Bay, Ontario",26.88.11,v44408245
2014,0.00,"Thunder Bay, Ontario",26.88.11,v44408245
2015,0.00,"Thunder Bay, Ontario",26.88.11,v44408245
1998,15.00,"Manitoba",28.88.11,v44332207
1999,9.00,"Manitoba",28.88.11,v44332207
2000,1.00,"Manitoba",28.88.11,v44332207
2001,0.00,"Manitoba",28.88.11,v44332207
2002,0.00,"Manitoba",28.88.11,v44332207
2003,0.00,"Manitoba",28.88.11,v44332207
2004,4.00,"Manitoba",28.88.11,v44332207
2005,0.00,"Manitoba",28.88.11,v44332207
2006,0.00,"Manitoba",28.88.11,v44332207
2007,0.00,"Manitoba",28.88.11,v44332207
2008,0.00,"Manitoba",28.88.11,v44332207
2009,0.00,"Manitoba",28.88.11,v44332207
2010,0.00,"Manitoba",28.88.11,v44332207
2011,0.00,"Manitoba",28.88.11,v44332207
2012,0.00,"Manitoba",28.88.11,v44332207
2013,0.00,"Manitoba",28.88.11,v44332207
2014,0.00,"Manitoba",28.88.11,v44332207
2015,0.00,"Manitoba",28.88.11,v44332207
1998,13.00,"Winnipeg, Manitoba",29.88.11,v44405212
1999,9.00,"Winnipeg, Manitoba",29.88.11,v44405212
2000,0.00,"Winnipeg, Manitoba",29.88.11,v44405212
2001,0.00,"Winnipeg, Manitoba",29.88.11,v44405212
2002,0.00,"Winnipeg, Manitoba",29.88.11,v44405212
2003,0.00,"Winnipeg, Manitoba",29.88.11,v44405212
2004,0.00,"Winnipeg, Manitoba",29.88.11,v44405212
2005,0.00,"Winnipeg, Manitoba",29.88.11,v44405212
2006,0.00,"Winnipeg, Manitoba",29.88.11,v44405212
2007,0.00,"Winnipeg, Manitoba",29.88.11,v44405212
2008,0.00,"Winnipeg, Manitoba",29.88.11,v44405212
2009,0.00,"Winnipeg, Manitoba",29.88.11,v44405212
2010,0.00,"Winnipeg, Manitoba",29.88.11,v44405212
2011,0.00,"Winnipeg, Manitoba",29.88.11,v44405212
2012,0.00,"Winnipeg, Manitoba",29.88.11,v44405212
2013,0.00,"Winnipeg, Manitoba",29.88.11,v44405212
2014,0.00,"Winnipeg, Manitoba",29.88.11,v44405212
2015,0.00,"Winnipeg, Manitoba",29.88.11,v44405212
1998,10.00,"Saskatchewan",30.88.11,v44371914
1999,0.00,"Saskatchewan",30.88.11,v44371914
2000,0.00,"Saskatchewan",30.88.11,v44371914
2001,0.00,"Saskatchewan",30.88.11,v44371914
2002,1.00,"Saskatchewan",30.88.11,v44371914
2003,1.00,"Saskatchewan",30.88.11,v44371914
2004,2.00,"Saskatchewan",30.88.11,v44371914
2005,0.00,"Saskatchewan",30.88.11,v44371914
2006,0.00,"Saskatchewan",30.88.11,v44371914
2007,0.00,"Saskatchewan",30.88.11,v44371914
2008,0.00,"Saskatchewan",30.88.11,v44371914
2009,0.00,"Saskatchewan",30.88.11,v44371914
2010,0.00,"Saskatchewan",30.88.11,v44371914
2011,0.00,"Saskatchewan",30.88.11,v44371914
2012,0.00,"Saskatchewan",30.88.11,v44371914
2013,0.00,"Saskatchewan",30.88.11,v44371914
2014,0.00,"Saskatchewan",30.88.11,v44371914
2015,0.00,"Saskatchewan",30.88.11,v44371914
1998,4.00,"Regina, Saskatchewan",31.88.11,v44396575
1999,0.00,"Regina, Saskatchewan",31.88.11,v44396575
2000,0.00,"Regina, Saskatchewan",31.88.11,v44396575
2001,0.00,"Regina, Saskatchewan",31.88.11,v44396575
2002,0.00,"Regina, Saskatchewan",31.88.11,v44396575
2003,0.00,"Regina, Saskatchewan",31.88.11,v44396575
2004,0.00,"Regina, Saskatchewan",31.88.11,v44396575
2005,0.00,"Regina, Saskatchewan",31.88.11,v44396575
2006,0.00,"Regina, Saskatchewan",31.88.11,v44396575
2007,0.00,"Regina, Saskatchewan",31.88.11,v44396575
2008,0.00,"Regina, Saskatchewan",31.88.11,v44396575
2009,0.00,"Regina, Saskatchewan",31.88.11,v44396575
2010,0.00,"Regina, Saskatchewan",31.88.11,v44396575
2011,0.00,"Regina, Saskatchewan",31.88.11,v44396575
2012,0.00,"Regina, Saskatchewan",31.88.11,v44396575
2013,0.00,"Regina, Saskatchewan",31.88.11,v44396575
2014,0.00,"Regina, Saskatchewan",31.88.11,v44396575
2015,0.00,"Regina, Saskatchewan",31.88.11,v44396575
1998,4.00,"Saskatoon, Saskatchewan",32.88.11,v44393705
1999,0.00,"Saskatoon, Saskatchewan",32.88.11,v44393705
2000,0.00,"Saskatoon, Saskatchewan",32.88.11,v44393705
2001,0.00,"Saskatoon, Saskatchewan",32.88.11,v44393705
2002,0.00,"Saskatoon, Saskatchewan",32.88.11,v44393705
2003,0.00,"Saskatoon, Saskatchewan",32.88.11,v44393705
2004,0.00,"Saskatoon, Saskatchewan",32.88.11,v44393705
2005,0.00,"Saskatoon, Saskatchewan",32.88.11,v44393705
2006,0.00,"Saskatoon, Saskatchewan",32.88.11,v44393705
2007,0.00,"Saskatoon, Saskatchewan",32.88.11,v44393705
2008,0.00,"Saskatoon, Saskatchewan",32.88.11,v44393705
2009,0.00,"Saskatoon, Saskatchewan",32.88.11,v44393705
2010,0.00,"Saskatoon, Saskatchewan",32.88.11,v44393705
2011,0.00,"Saskatoon, Saskatchewan",32.88.11,v44393705
2012,0.00,"Saskatoon, Saskatchewan",32.88.11,v44393705
2013,0.00,"Saskatoon, Saskatchewan",32.88.11,v44393705
2014,0.00,"Saskatoon, Saskatchewan",32.88.11,v44393705
2015,0.00,"Saskatoon, Saskatchewan",32.88.11,v44393705
1998,20.00,"Alberta",33.88.11,v44359684
1999,2.00,"Alberta",33.88.11,v44359684
2000,1.00,"Alberta",33.88.11,v44359684
2001,0.00,"Alberta",33.88.11,v44359684
2002,0.00,"Alberta",33.88.11,v44359684
2003,0.00,"Alberta",33.88.11,v44359684
2004,2.00,"Alberta",33.88.11,v44359684
2005,0.00,"Alberta",33.88.11,v44359684
2006,0.00,"Alberta",33.88.11,v44359684
2007,0.00,"Alberta",33.88.11,v44359684
2008,0.00,"Alberta",33.88.11,v44359684
2009,0.00,"Alberta",33.88.11,v44359684
2010,0.00,"Alberta",33.88.11,v44359684
2011,0.00,"Alberta",33.88.11,v44359684
2012,0.00,"Alberta",33.88.11,v44359684
2013,0.00,"Alberta",33.88.11,v44359684
2014,0.00,"Alberta",33.88.11,v44359684
2015,0.00,"Alberta",33.88.11,v44359684
1998,10.00,"Calgary, Alberta",34.88.11,v44344842
1999,0.00,"Calgary, Alberta",34.88.11,v44344842
2000,0.00,"Calgary, Alberta",34.88.11,v44344842
2001,0.00,"Calgary, Alberta",34.88.11,v44344842
2002,0.00,"Calgary, Alberta",34.88.11,v44344842
2003,0.00,"Calgary, Alberta",34.88.11,v44344842
2004,0.00,"Calgary, Alberta",34.88.11,v44344842
2005,0.00,"Calgary, Alberta",34.88.11,v44344842
2006,0.00,"Calgary, Alberta",34.88.11,v44344842
2007,0.00,"Calgary, Alberta",34.88.11,v44344842
2008,0.00,"Calgary, Alberta",34.88.11,v44344842
2009,0.00,"Calgary, Alberta",34.88.11,v44344842
2010,0.00,"Calgary, Alberta",34.88.11,v44344842
2011,0.00,"Calgary, Alberta",34.88.11,v44344842
2012,0.00,"Calgary, Alberta",34.88.11,v44344842
2013,0.00,"Calgary, Alberta",34.88.11,v44344842
2014,0.00,"Calgary, Alberta",34.88.11,v44344842
2015,0.00,"Calgary, Alberta",34.88.11,v44344842
1998,7.00,"Edmonton, Alberta",35.88.11,v44386820
1999,2.00,"Edmonton, Alberta",35.88.11,v44386820
2000,0.00,"Edmonton, Alberta",35.88.11,v44386820
2001,0.00,"Edmonton, Alberta",35.88.11,v44386820
2002,0.00,"Edmonton, Alberta",35.88.11,v44386820
2003,0.00,"Edmonton, Alberta",35.88.11,v44386820
2004,1.00,"Edmonton, Alberta",35.88.11,v44386820
2005,0.00,"Edmonton, Alberta",35.88.11,v44386820
2006,0.00,"Edmonton, Alberta",35.88.11,v44386820
2007,0.00,"Edmonton, Alberta",35.88.11,v44386820
2008,0.00,"Edmonton, Alberta",35.88.11,v44386820
2009,0.00,"Edmonton, Alberta",35.88.11,v44386820
2010,0.00,"Edmonton, Alberta",35.88.11,v44386820
2011,0.00,"Edmonton, Alberta",35.88.11,v44386820
2012,0.00,"Edmonton, Alberta",35.88.11,v44386820
2013,0.00,"Edmonton, Alberta",35.88.11,v44386820
2014,0.00,"Edmonton, Alberta",35.88.11,v44386820
2015,0.00,"Edmonton, Alberta",35.88.11,v44386820
1998,16.00,"British Columbia",36.88.11,v44410883
1999,4.00,"British Columbia",36.88.11,v44410883
2000,3.00,"British Columbia",36.88.11,v44410883
2001,0.00,"British Columbia",36.88.11,v44410883
2002,2.00,"British Columbia",36.88.11,v44410883
2003,5.00,"British Columbia",36.88.11,v44410883
2004,10.00,"British Columbia",36.88.11,v44410883
2005,2.00,"British Columbia",36.88.11,v44410883
2006,0.00,"British Columbia",36.88.11,v44410883
2007,0.00,"British Columbia",36.88.11,v44410883
2008,0.00,"British Columbia",36.88.11,v44410883
2009,0.00,"British Columbia",36.88.11,v44410883
2010,0.00,"British Columbia",36.88.11,v44410883
2011,0.00,"British Columbia",36.88.11,v44410883
2012,0.00,"British Columbia",36.88.11,v44410883
2013,0.00,"British Columbia",36.88.11,v44410883
2014,0.00,"British Columbia",36.88.11,v44410883
2015,0.00,"British Columbia",36.88.11,v44410883
2006,0.00,"Kelowna, British Columbia",48.88.11,v62141981
2007,0.00,"Kelowna, British Columbia",48.88.11,v62141981
2008,0.00,"Kelowna, British Columbia",48.88.11,v62141981
2009,0.00,"Kelowna, British Columbia",48.88.11,v62141981
2010,0.00,"Kelowna, British Columbia",48.88.11,v62141981
2011,0.00,"Kelowna, British Columbia",48.88.11,v62141981
2012,0.00,"Kelowna, British Columbia",48.88.11,v62141981
2013,0.00,"Kelowna, British Columbia",48.88.11,v62141981
2014,0.00,"Kelowna, British Columbia",48.88.11,v62141981
2015,0.00,"Kelowna, British Columbia",48.88.11,v62141981
2000,..,"Abbotsford-Mission, British Columbia",39.88.11,v44328824
2001,0.00,"Abbotsford-Mission, British Columbia",39.88.11,v44328824
2002,0.00,"Abbotsford-Mission, British Columbia",39.88.11,v44328824
2003,0.00,"Abbotsford-Mission, British Columbia",39.88.11,v44328824
2004,1.00,"Abbotsford-Mission, British Columbia",39.88.11,v44328824
2005,0.00,"Abbotsford-Mission, British Columbia",39.88.11,v44328824
2006,0.00,"Abbotsford-Mission, British Columbia",39.88.11,v44328824
2007,0.00,"Abbotsford-Mission, British Columbia",39.88.11,v44328824
2008,0.00,"Abbotsford-Mission, British Columbia",39.88.11,v44328824
2009,0.00,"Abbotsford-Mission, British Columbia",39.88.11,v44328824
2010,0.00,"Abbotsford-Mission, British Columbia",39.88.11,v44328824
2011,0.00,"Abbotsford-Mission, British Columbia",39.88.11,v44328824
2012,0.00,"Abbotsford-Mission, British Columbia",39.88.11,v44328824
2013,0.00,"Abbotsford-Mission, British Columbia",39.88.11,v44328824
2014,0.00,"Abbotsford-Mission, British Columbia",39.88.11,v44328824
2015,0.00,"Abbotsford-Mission, British Columbia",39.88.11,v44328824
1998,8.00,"Vancouver, British Columbia",37.88.11,v44382391
1999,3.00,"Vancouver, British Columbia",37.88.11,v44382391
2000,1.00,"Vancouver, British Columbia",37.88.11,v44382391
2001,0.00,"Vancouver, British Columbia",37.88.11,v44382391
2002,0.00,"Vancouver, British Columbia",37.88.11,v44382391
2003,3.00,"Vancouver, British Columbia",37.88.11,v44382391
2004,7.00,"Vancouver, British Columbia",37.88.11,v44382391
2005,1.00,"Vancouver, British Columbia",37.88.11,v44382391
2006,0.00,"Vancouver, British Columbia",37.88.11,v44382391
2007,0.00,"Vancouver, British Columbia",37.88.11,v44382391
2008,0.00,"Vancouver, British Columbia",37.88.11,v44382391
2009,0.00,"Vancouver, British Columbia",37.88.11,v44382391
2010,0.00,"Vancouver, British Columbia",37.88.11,v44382391
2011,0.00,"Vancouver, British Columbia",37.88.11,v44382391
2012,0.00,"Vancouver, British Columbia",37.88.11,v44382391
2013,0.00,"Vancouver, British Columbia",37.88.11,v44382391
2014,0.00,"Vancouver, British Columbia",37.88.11,v44382391
2015,0.00,"Vancouver, British Columbia",37.88.11,v44382391
1998,3.00,"Victoria, British Columbia",38.88.11,v44412663
1999,0.00,"Victoria, British Columbia",38.88.11,v44412663
2000,1.00,"Victoria, British Columbia",38.88.11,v44412663
2001,0.00,"Victoria, British Columbia",38.88.11,v44412663
2002,0.00,"Victoria, British Columbia",38.88.11,v44412663
2003,0.00,"Victoria, British Columbia",38.88.11,v44412663
2004,1.00,"Victoria, British Columbia",38.88.11,v44412663
2005,0.00,"Victoria, British Columbia",38.88.11,v44412663
2006,0.00,"Victoria, British Columbia",38.88.11,v44412663
2007,0.00,"Victoria, British Columbia",38.88.11,v44412663
2008,0.00,"Victoria, British Columbia",38.88.11,v44412663
2009,0.00,"Victoria, British Columbia",38.88.11,v44412663
2010,0.00,"Victoria, British Columbia",38.88.11,v44412663
2011,0.00,"Victoria, British Columbia",38.88.11,v44412663
2012,0.00,"Victoria, British Columbia",38.88.11,v44412663
2013,0.00,"Victoria, British Columbia",38.88.11,v44412663
2014,0.00,"Victoria, British Columbia",38.88.11,v44412663
2015,0.00,"Victoria, British Columbia",38.88.11,v44412663
1998,0.00,"Yukon",40.88.11,v44408734
1999,0.00,"Yukon",40.88.11,v44408734
2000,0.00,"Yukon",40.88.11,v44408734
2001,0.00,"Yukon",40.88.11,v44408734
2002,0.00,"Yukon",40.88.11,v44408734
2003,0.00,"Yukon",40.88.11,v44408734
2004,0.00,"Yukon",40.88.11,v44408734
2005,0.00,"Yukon",40.88.11,v44408734
2006,0.00,"Yukon",40.88.11,v44408734
2007,0.00,"Yukon",40.88.11,v44408734
2008,0.00,"Yukon",40.88.11,v44408734
2009,0.00,"Yukon",40.88.11,v44408734
2010,0.00,"Yukon",40.88.11,v44408734
2011,0.00,"Yukon",40.88.11,v44408734
2012,0.00,"Yukon",40.88.11,v44408734
2013,0.00,"Yukon",40.88.11,v44408734
2014,0.00,"Yukon",40.88.11,v44408734
2015,0.00,"Yukon",40.88.11,v44408734
1998,0.00,"Northwest Territories",41.88.11,v44383994
1999,0.00,"Northwest Territories",41.88.11,v44383994
2000,0.00,"Northwest Territories",41.88.11,v44383994
2001,0.00,"Northwest Territories",41.88.11,v44383994
2002,0.00,"Northwest Territories",41.88.11,v44383994
2003,0.00,"Northwest Territories",41.88.11,v44383994
2004,0.00,"Northwest Territories",41.88.11,v44383994
2005,0.00,"Northwest Territories",41.88.11,v44383994
2006,0.00,"Northwest Territories",41.88.11,v44383994
2007,0.00,"Northwest Territories",41.88.11,v44383994
2008,0.00,"Northwest Territories",41.88.11,v44383994
2009,0.00,"Northwest Territories",41.88.11,v44383994
2010,0.00,"Northwest Territories",41.88.11,v44383994
2011,0.00,"Northwest Territories",41.88.11,v44383994
2012,0.00,"Northwest Territories",41.88.11,v44383994
2013,0.00,"Northwest Territories",41.88.11,v44383994
2014,0.00,"Northwest Territories",41.88.11,v44383994
2015,0.00,"Northwest Territories",41.88.11,v44383994
1998,..,"Nunavut",42.88.11,v44346424
1999,0.00,"Nunavut",42.88.11,v44346424
2000,0.00,"Nunavut",42.88.11,v44346424
2001,0.00,"Nunavut",42.88.11,v44346424
2002,0.00,"Nunavut",42.88.11,v44346424
2003,0.00,"Nunavut",42.88.11,v44346424
2004,0.00,"Nunavut",42.88.11,v44346424
2005,0.00,"Nunavut",42.88.11,v44346424
2006,0.00,"Nunavut",42.88.11,v44346424
2007,0.00,"Nunavut",42.88.11,v44346424
2008,0.00,"Nunavut",42.88.11,v44346424
2009,0.00,"Nunavut",42.88.11,v44346424
2010,0.00,"Nunavut",42.88.11,v44346424
2011,0.00,"Nunavut",42.88.11,v44346424
2012,0.00,"Nunavut",42.88.11,v44346424
2013,0.00,"Nunavut",42.88.11,v44346424
2014,0.00,"Nunavut",42.88.11,v44346424
2015,0.00,"Nunavut",42.88.11,v44346424
