1998,11.71,"Canada",1.91.8,v44415770
1999,2.31,"Canada",1.91.8,v44415770
2000,0.60,"Canada",1.91.8,v44415770
2001,0.39,"Canada",1.91.8,v44415770
2002,0.18,"Canada",1.91.8,v44415770
2003,0.24,"Canada",1.91.8,v44415770
2004,1.57,"Canada",1.91.8,v44415770
2005,0.06,"Canada",1.91.8,v44415770
2006,0.00,"Canada",1.91.8,v44415770
2007,0.00,"Canada",1.91.8,v44415770
2008,0.00,"Canada",1.91.8,v44415770
2009,..,"Canada",1.91.8,v44415770
2010,..,"Canada",1.91.8,v44415770
2011,..,"Canada",1.91.8,v44415770
2012,..,"Canada",1.91.8,v44415770
2013,0.00,"Canada",1.91.8,v44415770
2014,0.00,"Canada",1.91.8,v44415770
2015,0.00,"Canada",1.91.8,v44415770
1998,3.02,"Newfoundland and Labrador",2.91.8,v44387781
1999,0.00,"Newfoundland and Labrador",2.91.8,v44387781
2000,0.22,"Newfoundland and Labrador",2.91.8,v44387781
2001,0.00,"Newfoundland and Labrador",2.91.8,v44387781
2002,0.00,"Newfoundland and Labrador",2.91.8,v44387781
2003,0.22,"Newfoundland and Labrador",2.91.8,v44387781
2004,0.00,"Newfoundland and Labrador",2.91.8,v44387781
2005,0.00,"Newfoundland and Labrador",2.91.8,v44387781
2006,0.00,"Newfoundland and Labrador",2.91.8,v44387781
2007,0.00,"Newfoundland and Labrador",2.91.8,v44387781
2008,0.00,"Newfoundland and Labrador",2.91.8,v44387781
2009,..,"Newfoundland and Labrador",2.91.8,v44387781
2010,..,"Newfoundland and Labrador",2.91.8,v44387781
2011,..,"Newfoundland and Labrador",2.91.8,v44387781
2012,..,"Newfoundland and Labrador",2.91.8,v44387781
2013,0.00,"Newfoundland and Labrador",2.91.8,v44387781
2014,0.00,"Newfoundland and Labrador",2.91.8,v44387781
2015,0.00,"Newfoundland and Labrador",2.91.8,v44387781
1998,0.00,"St. John's, Newfoundland and Labrador",3.91.8,v44367369
1999,..,"St. John's, Newfoundland and Labrador",3.91.8,v44367369
2000,..,"St. John's, Newfoundland and Labrador",3.91.8,v44367369
2001,..,"St. John's, Newfoundland and Labrador",3.91.8,v44367369
2002,..,"St. John's, Newfoundland and Labrador",3.91.8,v44367369
2003,..,"St. John's, Newfoundland and Labrador",3.91.8,v44367369
2004,0.00,"St. John's, Newfoundland and Labrador",3.91.8,v44367369
2005,0.00,"St. John's, Newfoundland and Labrador",3.91.8,v44367369
2006,0.00,"St. John's, Newfoundland and Labrador",3.91.8,v44367369
2007,0.00,"St. John's, Newfoundland and Labrador",3.91.8,v44367369
2008,0.00,"St. John's, Newfoundland and Labrador",3.91.8,v44367369
2009,..,"St. John's, Newfoundland and Labrador",3.91.8,v44367369
2010,..,"St. John's, Newfoundland and Labrador",3.91.8,v44367369
2011,..,"St. John's, Newfoundland and Labrador",3.91.8,v44367369
2012,..,"St. John's, Newfoundland and Labrador",3.91.8,v44367369
2013,0.00,"St. John's, Newfoundland and Labrador",3.91.8,v44367369
2014,0.00,"St. John's, Newfoundland and Labrador",3.91.8,v44367369
2015,0.00,"St. John's, Newfoundland and Labrador",3.91.8,v44367369
1998,3.52,"Prince Edward Island",4.91.8,v44382666
1999,1.74,"Prince Edward Island",4.91.8,v44382666
2000,0.87,"Prince Edward Island",4.91.8,v44382666
2001,0.00,"Prince Edward Island",4.91.8,v44382666
2002,0.00,"Prince Edward Island",4.91.8,v44382666
2003,0.00,"Prince Edward Island",4.91.8,v44382666
2004,1.69,"Prince Edward Island",4.91.8,v44382666
2005,0.00,"Prince Edward Island",4.91.8,v44382666
2006,0.00,"Prince Edward Island",4.91.8,v44382666
2007,0.00,"Prince Edward Island",4.91.8,v44382666
2008,0.00,"Prince Edward Island",4.91.8,v44382666
2009,..,"Prince Edward Island",4.91.8,v44382666
2010,..,"Prince Edward Island",4.91.8,v44382666
2011,..,"Prince Edward Island",4.91.8,v44382666
2012,..,"Prince Edward Island",4.91.8,v44382666
2013,0.00,"Prince Edward Island",4.91.8,v44382666
2014,0.00,"Prince Edward Island",4.91.8,v44382666
2015,0.00,"Prince Edward Island",4.91.8,v44382666
1998,11.60,"Nova Scotia",5.91.8,v44380225
1999,1.75,"Nova Scotia",5.91.8,v44380225
2000,1.00,"Nova Scotia",5.91.8,v44380225
2001,1.87,"Nova Scotia",5.91.8,v44380225
2002,1.48,"Nova Scotia",5.91.8,v44380225
2003,0.37,"Nova Scotia",5.91.8,v44380225
2004,1.10,"Nova Scotia",5.91.8,v44380225
2005,0.00,"Nova Scotia",5.91.8,v44380225
2006,0.00,"Nova Scotia",5.91.8,v44380225
2007,0.00,"Nova Scotia",5.91.8,v44380225
2008,0.00,"Nova Scotia",5.91.8,v44380225
2009,..,"Nova Scotia",5.91.8,v44380225
2010,..,"Nova Scotia",5.91.8,v44380225
2011,..,"Nova Scotia",5.91.8,v44380225
2012,..,"Nova Scotia",5.91.8,v44380225
2013,0.00,"Nova Scotia",5.91.8,v44380225
2014,0.00,"Nova Scotia",5.91.8,v44380225
2015,0.00,"Nova Scotia",5.91.8,v44380225
1998,0.00,"Halifax, Nova Scotia",6.91.8,v44400501
1999,0.00,"Halifax, Nova Scotia",6.91.8,v44400501
2000,0.00,"Halifax, Nova Scotia",6.91.8,v44400501
2001,0.00,"Halifax, Nova Scotia",6.91.8,v44400501
2002,0.00,"Halifax, Nova Scotia",6.91.8,v44400501
2003,0.00,"Halifax, Nova Scotia",6.91.8,v44400501
2004,0.00,"Halifax, Nova Scotia",6.91.8,v44400501
2005,0.00,"Halifax, Nova Scotia",6.91.8,v44400501
2006,0.00,"Halifax, Nova Scotia",6.91.8,v44400501
2007,0.00,"Halifax, Nova Scotia",6.91.8,v44400501
2008,0.00,"Halifax, Nova Scotia",6.91.8,v44400501
2009,..,"Halifax, Nova Scotia",6.91.8,v44400501
2010,..,"Halifax, Nova Scotia",6.91.8,v44400501
2011,..,"Halifax, Nova Scotia",6.91.8,v44400501
2012,..,"Halifax, Nova Scotia",6.91.8,v44400501
2013,0.00,"Halifax, Nova Scotia",6.91.8,v44400501
2014,0.00,"Halifax, Nova Scotia",6.91.8,v44400501
2015,0.00,"Halifax, Nova Scotia",6.91.8,v44400501
1998,4.05,"New Brunswick",7.91.8,v44407598
1999,1.86,"New Brunswick",7.91.8,v44407598
2000,0.62,"New Brunswick",7.91.8,v44407598
2001,0.31,"New Brunswick",7.91.8,v44407598
2002,0.15,"New Brunswick",7.91.8,v44407598
2003,0.46,"New Brunswick",7.91.8,v44407598
2004,1.84,"New Brunswick",7.91.8,v44407598
2005,0.00,"New Brunswick",7.91.8,v44407598
2006,0.00,"New Brunswick",7.91.8,v44407598
2007,0.00,"New Brunswick",7.91.8,v44407598
2008,0.00,"New Brunswick",7.91.8,v44407598
2009,..,"New Brunswick",7.91.8,v44407598
2010,..,"New Brunswick",7.91.8,v44407598
2011,..,"New Brunswick",7.91.8,v44407598
2012,..,"New Brunswick",7.91.8,v44407598
2013,0.00,"New Brunswick",7.91.8,v44407598
2014,0.00,"New Brunswick",7.91.8,v44407598
2015,0.00,"New Brunswick",7.91.8,v44407598
2006,0.00,"Moncton, New Brunswick",43.91.8,v62126270
2007,0.00,"Moncton, New Brunswick",43.91.8,v62126270
2008,0.00,"Moncton, New Brunswick",43.91.8,v62126270
2009,..,"Moncton, New Brunswick",43.91.8,v62126270
2010,..,"Moncton, New Brunswick",43.91.8,v62126270
2011,..,"Moncton, New Brunswick",43.91.8,v62126270
2012,..,"Moncton, New Brunswick",43.91.8,v62126270
2013,0.00,"Moncton, New Brunswick",43.91.8,v62126270
2014,0.00,"Moncton, New Brunswick",43.91.8,v62126270
2015,0.00,"Moncton, New Brunswick",43.91.8,v62126270
1998,0.00,"Saint John, New Brunswick",8.91.8,v44343687
1999,0.00,"Saint John, New Brunswick",8.91.8,v44343687
2000,0.00,"Saint John, New Brunswick",8.91.8,v44343687
2001,0.00,"Saint John, New Brunswick",8.91.8,v44343687
2002,0.00,"Saint John, New Brunswick",8.91.8,v44343687
2003,0.00,"Saint John, New Brunswick",8.91.8,v44343687
2004,5.64,"Saint John, New Brunswick",8.91.8,v44343687
2005,0.00,"Saint John, New Brunswick",8.91.8,v44343687
2006,0.00,"Saint John, New Brunswick",8.91.8,v44343687
2007,0.00,"Saint John, New Brunswick",8.91.8,v44343687
2008,0.00,"Saint John, New Brunswick",8.91.8,v44343687
2009,..,"Saint John, New Brunswick",8.91.8,v44343687
2010,..,"Saint John, New Brunswick",8.91.8,v44343687
2011,..,"Saint John, New Brunswick",8.91.8,v44343687
2012,..,"Saint John, New Brunswick",8.91.8,v44343687
2013,0.00,"Saint John, New Brunswick",8.91.8,v44343687
2014,0.00,"Saint John, New Brunswick",8.91.8,v44343687
2015,0.00,"Saint John, New Brunswick",8.91.8,v44343687
1998,2.41,"Quebec",9.91.8,v44337511
1999,0.37,"Quebec",9.91.8,v44337511
2000,0.08,"Quebec",9.91.8,v44337511
2001,0.11,"Quebec",9.91.8,v44337511
2002,0.02,"Quebec",9.91.8,v44337511
2003,0.11,"Quebec",9.91.8,v44337511
2004,0.35,"Quebec",9.91.8,v44337511
2005,0.00,"Quebec",9.91.8,v44337511
2006,0.00,"Quebec",9.91.8,v44337511
2007,0.00,"Quebec",9.91.8,v44337511
2008,0.00,"Quebec",9.91.8,v44337511
2009,..,"Quebec",9.91.8,v44337511
2010,..,"Quebec",9.91.8,v44337511
2011,..,"Quebec",9.91.8,v44337511
2012,..,"Quebec",9.91.8,v44337511
2013,0.00,"Quebec",9.91.8,v44337511
2014,0.00,"Quebec",9.91.8,v44337511
2015,0.00,"Quebec",9.91.8,v44337511
1998,0.00,"Saguenay, Quebec",10.91.8,v44358426
1999,0.00,"Saguenay, Quebec",10.91.8,v44358426
2000,0.00,"Saguenay, Quebec",10.91.8,v44358426
2001,0.00,"Saguenay, Quebec",10.91.8,v44358426
2002,..,"Saguenay, Quebec",10.91.8,v44358426
2003,..,"Saguenay, Quebec",10.91.8,v44358426
2004,0.00,"Saguenay, Quebec",10.91.8,v44358426
2005,0.00,"Saguenay, Quebec",10.91.8,v44358426
2006,0.00,"Saguenay, Quebec",10.91.8,v44358426
2007,0.00,"Saguenay, Quebec",10.91.8,v44358426
2008,0.00,"Saguenay, Quebec",10.91.8,v44358426
2009,..,"Saguenay, Quebec",10.91.8,v44358426
2010,..,"Saguenay, Quebec",10.91.8,v44358426
2011,..,"Saguenay, Quebec",10.91.8,v44358426
2012,..,"Saguenay, Quebec",10.91.8,v44358426
2013,0.00,"Saguenay, Quebec",10.91.8,v44358426
2014,0.00,"Saguenay, Quebec",10.91.8,v44358426
2015,0.00,"Saguenay, Quebec",10.91.8,v44358426
1998,0.00,"Sherbrooke, Quebec",12.91.8,v44398771
1999,..,"Sherbrooke, Quebec",12.91.8,v44398771
2000,..,"Sherbrooke, Quebec",12.91.8,v44398771
2001,..,"Sherbrooke, Quebec",12.91.8,v44398771
2002,..,"Sherbrooke, Quebec",12.91.8,v44398771
2003,0.00,"Sherbrooke, Quebec",12.91.8,v44398771
2004,0.00,"Sherbrooke, Quebec",12.91.8,v44398771
2005,0.00,"Sherbrooke, Quebec",12.91.8,v44398771
2006,0.00,"Sherbrooke, Quebec",12.91.8,v44398771
2007,0.00,"Sherbrooke, Quebec",12.91.8,v44398771
2008,0.00,"Sherbrooke, Quebec",12.91.8,v44398771
2009,..,"Sherbrooke, Quebec",12.91.8,v44398771
2010,..,"Sherbrooke, Quebec",12.91.8,v44398771
2011,..,"Sherbrooke, Quebec",12.91.8,v44398771
2012,..,"Sherbrooke, Quebec",12.91.8,v44398771
2013,0.00,"Sherbrooke, Quebec",12.91.8,v44398771
2014,0.00,"Sherbrooke, Quebec",12.91.8,v44398771
2015,0.00,"Sherbrooke, Quebec",12.91.8,v44398771
1998,0.00,"Ottawa-Gatineau, Quebec part",15.91.8,v44409139
1999,0.00,"Ottawa-Gatineau, Quebec part",15.91.8,v44409139
2000,0.00,"Ottawa-Gatineau, Quebec part",15.91.8,v44409139
2001,0.00,"Ottawa-Gatineau, Quebec part",15.91.8,v44409139
2002,0.00,"Ottawa-Gatineau, Quebec part",15.91.8,v44409139
2003,0.00,"Ottawa-Gatineau, Quebec part",15.91.8,v44409139
2004,0.00,"Ottawa-Gatineau, Quebec part",15.91.8,v44409139
2005,0.00,"Ottawa-Gatineau, Quebec part",15.91.8,v44409139
2006,0.00,"Ottawa-Gatineau, Quebec part",15.91.8,v44409139
2007,0.00,"Ottawa-Gatineau, Quebec part",15.91.8,v44409139
2008,0.00,"Ottawa-Gatineau, Quebec part",15.91.8,v44409139
2009,..,"Ottawa-Gatineau, Quebec part",15.91.8,v44409139
2010,..,"Ottawa-Gatineau, Quebec part",15.91.8,v44409139
2011,..,"Ottawa-Gatineau, Quebec part",15.91.8,v44409139
2012,..,"Ottawa-Gatineau, Quebec part",15.91.8,v44409139
2013,0.00,"Ottawa-Gatineau, Quebec part",15.91.8,v44409139
2014,0.00,"Ottawa-Gatineau, Quebec part",15.91.8,v44409139
2015,0.00,"Ottawa-Gatineau, Quebec part",15.91.8,v44409139
1998,14.44,"Ontario",16.91.8,v44392881
1999,2.18,"Ontario",16.91.8,v44392881
2000,0.86,"Ontario",16.91.8,v44392881
2001,0.47,"Ontario",16.91.8,v44392881
2002,0.12,"Ontario",16.91.8,v44392881
2003,0.27,"Ontario",16.91.8,v44392881
2004,2.01,"Ontario",16.91.8,v44392881
2005,0.08,"Ontario",16.91.8,v44392881
2006,0.00,"Ontario",16.91.8,v44392881
2007,0.00,"Ontario",16.91.8,v44392881
2008,0.00,"Ontario",16.91.8,v44392881
2009,..,"Ontario",16.91.8,v44392881
2010,..,"Ontario",16.91.8,v44392881
2011,..,"Ontario",16.91.8,v44392881
2012,..,"Ontario",16.91.8,v44392881
2013,0.00,"Ontario",16.91.8,v44392881
2014,0.00,"Ontario",16.91.8,v44392881
2015,0.00,"Ontario",16.91.8,v44392881
1998,0.00,"Ottawa-Gatineau, Ontario/Quebec",17.91.8,v52148488
1999,0.00,"Ottawa-Gatineau, Ontario/Quebec",17.91.8,v52148488
2000,0.00,"Ottawa-Gatineau, Ontario/Quebec",17.91.8,v52148488
2001,0.00,"Ottawa-Gatineau, Ontario/Quebec",17.91.8,v52148488
2002,0.00,"Ottawa-Gatineau, Ontario/Quebec",17.91.8,v52148488
2003,0.00,"Ottawa-Gatineau, Ontario/Quebec",17.91.8,v52148488
2004,0.00,"Ottawa-Gatineau, Ontario/Quebec",17.91.8,v52148488
2005,0.00,"Ottawa-Gatineau, Ontario/Quebec",17.91.8,v52148488
2006,0.00,"Ottawa-Gatineau, Ontario/Quebec",17.91.8,v52148488
2007,0.00,"Ottawa-Gatineau, Ontario/Quebec",17.91.8,v52148488
2008,0.00,"Ottawa-Gatineau, Ontario/Quebec",17.91.8,v52148488
2009,..,"Ottawa-Gatineau, Ontario/Quebec",17.91.8,v52148488
2010,..,"Ottawa-Gatineau, Ontario/Quebec",17.91.8,v52148488
2011,..,"Ottawa-Gatineau, Ontario/Quebec",17.91.8,v52148488
2012,..,"Ottawa-Gatineau, Ontario/Quebec",17.91.8,v52148488
2013,0.00,"Ottawa-Gatineau, Ontario/Quebec",17.91.8,v52148488
2014,0.00,"Ottawa-Gatineau, Ontario/Quebec",17.91.8,v52148488
2015,0.00,"Ottawa-Gatineau, Ontario/Quebec",17.91.8,v52148488
1998,0.00,"Ottawa-Gatineau, Ontario part",18.91.8,v44362997
1999,0.00,"Ottawa-Gatineau, Ontario part",18.91.8,v44362997
2000,0.00,"Ottawa-Gatineau, Ontario part",18.91.8,v44362997
2001,0.00,"Ottawa-Gatineau, Ontario part",18.91.8,v44362997
2002,..,"Ottawa-Gatineau, Ontario part",18.91.8,v44362997
2003,..,"Ottawa-Gatineau, Ontario part",18.91.8,v44362997
2004,0.00,"Ottawa-Gatineau, Ontario part",18.91.8,v44362997
2005,0.00,"Ottawa-Gatineau, Ontario part",18.91.8,v44362997
2006,0.00,"Ottawa-Gatineau, Ontario part",18.91.8,v44362997
2007,0.00,"Ottawa-Gatineau, Ontario part",18.91.8,v44362997
2008,0.00,"Ottawa-Gatineau, Ontario part",18.91.8,v44362997
2009,..,"Ottawa-Gatineau, Ontario part",18.91.8,v44362997
2010,..,"Ottawa-Gatineau, Ontario part",18.91.8,v44362997
2011,..,"Ottawa-Gatineau, Ontario part",18.91.8,v44362997
2012,..,"Ottawa-Gatineau, Ontario part",18.91.8,v44362997
2013,0.00,"Ottawa-Gatineau, Ontario part",18.91.8,v44362997
2014,0.00,"Ottawa-Gatineau, Ontario part",18.91.8,v44362997
2015,0.00,"Ottawa-Gatineau, Ontario part",18.91.8,v44362997
2000,..,"Kingston, Ontario",27.91.8,v44340037
2001,0.00,"Kingston, Ontario",27.91.8,v44340037
2002,0.00,"Kingston, Ontario",27.91.8,v44340037
2003,0.00,"Kingston, Ontario",27.91.8,v44340037
2004,0.74,"Kingston, Ontario",27.91.8,v44340037
2005,0.00,"Kingston, Ontario",27.91.8,v44340037
2006,0.00,"Kingston, Ontario",27.91.8,v44340037
2007,0.00,"Kingston, Ontario",27.91.8,v44340037
2008,0.00,"Kingston, Ontario",27.91.8,v44340037
2009,..,"Kingston, Ontario",27.91.8,v44340037
2010,..,"Kingston, Ontario",27.91.8,v44340037
2011,..,"Kingston, Ontario",27.91.8,v44340037
2012,..,"Kingston, Ontario",27.91.8,v44340037
2013,0.00,"Kingston, Ontario",27.91.8,v44340037
2014,0.00,"Kingston, Ontario",27.91.8,v44340037
2015,0.00,"Kingston, Ontario",27.91.8,v44340037
2005,..,"Peterborough, Ontario",44.91.8,v52122652
2006,0.00,"Peterborough, Ontario",44.91.8,v52122652
2007,0.00,"Peterborough, Ontario",44.91.8,v52122652
2008,0.00,"Peterborough, Ontario",44.91.8,v52122652
2009,..,"Peterborough, Ontario",44.91.8,v52122652
2010,..,"Peterborough, Ontario",44.91.8,v52122652
2011,..,"Peterborough, Ontario",44.91.8,v52122652
2012,..,"Peterborough, Ontario",44.91.8,v52122652
2013,0.00,"Peterborough, Ontario",44.91.8,v52122652
2014,0.00,"Peterborough, Ontario",44.91.8,v52122652
2015,0.00,"Peterborough, Ontario",44.91.8,v52122652
1998,0.00,"Toronto, Ontario",19.91.8,v44369828
1999,0.00,"Toronto, Ontario",19.91.8,v44369828
2000,0.00,"Toronto, Ontario",19.91.8,v44369828
2001,0.00,"Toronto, Ontario",19.91.8,v44369828
2002,0.00,"Toronto, Ontario",19.91.8,v44369828
2003,0.00,"Toronto, Ontario",19.91.8,v44369828
2004,3.43,"Toronto, Ontario",19.91.8,v44369828
2005,0.20,"Toronto, Ontario",19.91.8,v44369828
2006,0.00,"Toronto, Ontario",19.91.8,v44369828
2007,0.00,"Toronto, Ontario",19.91.8,v44369828
2008,0.00,"Toronto, Ontario",19.91.8,v44369828
2009,..,"Toronto, Ontario",19.91.8,v44369828
2010,..,"Toronto, Ontario",19.91.8,v44369828
2011,..,"Toronto, Ontario",19.91.8,v44369828
2012,..,"Toronto, Ontario",19.91.8,v44369828
2013,0.00,"Toronto, Ontario",19.91.8,v44369828
2014,0.00,"Toronto, Ontario",19.91.8,v44369828
2015,0.00,"Toronto, Ontario",19.91.8,v44369828
1998,0.00,"Hamilton, Ontario",20.91.8,v44384534
1999,0.00,"Hamilton, Ontario",20.91.8,v44384534
2000,0.00,"Hamilton, Ontario",20.91.8,v44384534
2001,0.00,"Hamilton, Ontario",20.91.8,v44384534
2002,0.00,"Hamilton, Ontario",20.91.8,v44384534
2003,0.00,"Hamilton, Ontario",20.91.8,v44384534
2004,1.01,"Hamilton, Ontario",20.91.8,v44384534
2005,0.00,"Hamilton, Ontario",20.91.8,v44384534
2006,0.00,"Hamilton, Ontario",20.91.8,v44384534
2007,0.00,"Hamilton, Ontario",20.91.8,v44384534
2008,0.00,"Hamilton, Ontario",20.91.8,v44384534
2009,..,"Hamilton, Ontario",20.91.8,v44384534
2010,..,"Hamilton, Ontario",20.91.8,v44384534
2011,..,"Hamilton, Ontario",20.91.8,v44384534
2012,..,"Hamilton, Ontario",20.91.8,v44384534
2013,0.00,"Hamilton, Ontario",20.91.8,v44384534
2014,0.00,"Hamilton, Ontario",20.91.8,v44384534
2015,0.00,"Hamilton, Ontario",20.91.8,v44384534
1998,0.00,"St.Catharines-Niagara, Ontario",21.91.8,v44354639
1999,0.00,"St.Catharines-Niagara, Ontario",21.91.8,v44354639
2000,0.00,"St.Catharines-Niagara, Ontario",21.91.8,v44354639
2001,0.00,"St.Catharines-Niagara, Ontario",21.91.8,v44354639
2002,..,"St.Catharines-Niagara, Ontario",21.91.8,v44354639
2003,0.00,"St.Catharines-Niagara, Ontario",21.91.8,v44354639
2004,0.00,"St.Catharines-Niagara, Ontario",21.91.8,v44354639
2005,0.00,"St.Catharines-Niagara, Ontario",21.91.8,v44354639
2006,0.00,"St.Catharines-Niagara, Ontario",21.91.8,v44354639
2007,0.00,"St.Catharines-Niagara, Ontario",21.91.8,v44354639
2008,0.00,"St.Catharines-Niagara, Ontario",21.91.8,v44354639
2009,..,"St.Catharines-Niagara, Ontario",21.91.8,v44354639
2010,..,"St.Catharines-Niagara, Ontario",21.91.8,v44354639
2011,..,"St.Catharines-Niagara, Ontario",21.91.8,v44354639
2012,..,"St.Catharines-Niagara, Ontario",21.91.8,v44354639
2013,0.00,"St.Catharines-Niagara, Ontario",21.91.8,v44354639
2014,0.00,"St.Catharines-Niagara, Ontario",21.91.8,v44354639
2015,0.00,"St.Catharines-Niagara, Ontario",21.91.8,v44354639
1998,0.00,"Kitchener-Cambridge-Waterloo, Ontario",22.91.8,v44375502
1999,0.00,"Kitchener-Cambridge-Waterloo, Ontario",22.91.8,v44375502
2000,0.00,"Kitchener-Cambridge-Waterloo, Ontario",22.91.8,v44375502
2001,0.00,"Kitchener-Cambridge-Waterloo, Ontario",22.91.8,v44375502
2002,0.00,"Kitchener-Cambridge-Waterloo, Ontario",22.91.8,v44375502
2003,0.00,"Kitchener-Cambridge-Waterloo, Ontario",22.91.8,v44375502
2004,0.00,"Kitchener-Cambridge-Waterloo, Ontario",22.91.8,v44375502
2005,0.00,"Kitchener-Cambridge-Waterloo, Ontario",22.91.8,v44375502
2006,0.00,"Kitchener-Cambridge-Waterloo, Ontario",22.91.8,v44375502
2007,0.00,"Kitchener-Cambridge-Waterloo, Ontario",22.91.8,v44375502
2008,0.00,"Kitchener-Cambridge-Waterloo, Ontario",22.91.8,v44375502
2009,..,"Kitchener-Cambridge-Waterloo, Ontario",22.91.8,v44375502
2010,..,"Kitchener-Cambridge-Waterloo, Ontario",22.91.8,v44375502
2011,..,"Kitchener-Cambridge-Waterloo, Ontario",22.91.8,v44375502
2012,..,"Kitchener-Cambridge-Waterloo, Ontario",22.91.8,v44375502
2013,0.00,"Kitchener-Cambridge-Waterloo, Ontario",22.91.8,v44375502
2014,0.00,"Kitchener-Cambridge-Waterloo, Ontario",22.91.8,v44375502
2015,0.00,"Kitchener-Cambridge-Waterloo, Ontario",22.91.8,v44375502
2005,..,"Brantford, Ontario",45.91.8,v52119300
2006,0.00,"Brantford, Ontario",45.91.8,v52119300
2007,0.00,"Brantford, Ontario",45.91.8,v52119300
2008,0.00,"Brantford, Ontario",45.91.8,v52119300
2009,..,"Brantford, Ontario",45.91.8,v52119300
2010,..,"Brantford, Ontario",45.91.8,v52119300
2011,..,"Brantford, Ontario",45.91.8,v52119300
2012,..,"Brantford, Ontario",45.91.8,v52119300
2013,0.00,"Brantford, Ontario",45.91.8,v52119300
2014,0.00,"Brantford, Ontario",45.91.8,v52119300
2015,0.00,"Brantford, Ontario",45.91.8,v52119300
2005,..,"Guelph, Ontario",46.91.8,v52119733
2006,0.00,"Guelph, Ontario",46.91.8,v52119733
2007,0.00,"Guelph, Ontario",46.91.8,v52119733
2008,0.00,"Guelph, Ontario",46.91.8,v52119733
2009,..,"Guelph, Ontario",46.91.8,v52119733
2010,..,"Guelph, Ontario",46.91.8,v52119733
2011,..,"Guelph, Ontario",46.91.8,v52119733
2012,..,"Guelph, Ontario",46.91.8,v52119733
2013,0.00,"Guelph, Ontario",46.91.8,v52119733
2014,0.00,"Guelph, Ontario",46.91.8,v52119733
2015,0.00,"Guelph, Ontario",46.91.8,v52119733
1998,0.00,"London, Ontario",23.91.8,v44375675
1999,0.00,"London, Ontario",23.91.8,v44375675
2000,0.00,"London, Ontario",23.91.8,v44375675
2001,0.00,"London, Ontario",23.91.8,v44375675
2002,0.00,"London, Ontario",23.91.8,v44375675
2003,0.00,"London, Ontario",23.91.8,v44375675
2004,0.00,"London, Ontario",23.91.8,v44375675
2005,0.00,"London, Ontario",23.91.8,v44375675
2006,0.00,"London, Ontario",23.91.8,v44375675
2007,0.00,"London, Ontario",23.91.8,v44375675
2008,0.00,"London, Ontario",23.91.8,v44375675
2009,..,"London, Ontario",23.91.8,v44375675
2010,..,"London, Ontario",23.91.8,v44375675
2011,..,"London, Ontario",23.91.8,v44375675
2012,..,"London, Ontario",23.91.8,v44375675
2013,0.00,"London, Ontario",23.91.8,v44375675
2014,0.00,"London, Ontario",23.91.8,v44375675
2015,0.00,"London, Ontario",23.91.8,v44375675
1998,0.00,"Windsor, Ontario",24.91.8,v44342499
1999,0.00,"Windsor, Ontario",24.91.8,v44342499
2000,0.00,"Windsor, Ontario",24.91.8,v44342499
2001,0.00,"Windsor, Ontario",24.91.8,v44342499
2002,0.00,"Windsor, Ontario",24.91.8,v44342499
2003,0.00,"Windsor, Ontario",24.91.8,v44342499
2004,0.35,"Windsor, Ontario",24.91.8,v44342499
2005,0.00,"Windsor, Ontario",24.91.8,v44342499
2006,0.00,"Windsor, Ontario",24.91.8,v44342499
2007,0.00,"Windsor, Ontario",24.91.8,v44342499
2008,0.00,"Windsor, Ontario",24.91.8,v44342499
2009,..,"Windsor, Ontario",24.91.8,v44342499
2010,..,"Windsor, Ontario",24.91.8,v44342499
2011,..,"Windsor, Ontario",24.91.8,v44342499
2012,..,"Windsor, Ontario",24.91.8,v44342499
2013,0.00,"Windsor, Ontario",24.91.8,v44342499
2014,0.00,"Windsor, Ontario",24.91.8,v44342499
2015,0.00,"Windsor, Ontario",24.91.8,v44342499
2005,..,"Barrie, Ontario",47.91.8,v52145144
2006,0.00,"Barrie, Ontario",47.91.8,v52145144
2007,0.00,"Barrie, Ontario",47.91.8,v52145144
2008,0.00,"Barrie, Ontario",47.91.8,v52145144
2009,..,"Barrie, Ontario",47.91.8,v52145144
2010,..,"Barrie, Ontario",47.91.8,v52145144
2011,..,"Barrie, Ontario",47.91.8,v52145144
2012,..,"Barrie, Ontario",47.91.8,v52145144
2013,0.00,"Barrie, Ontario",47.91.8,v52145144
2014,0.00,"Barrie, Ontario",47.91.8,v52145144
2015,0.00,"Barrie, Ontario",47.91.8,v52145144
1998,0.00,"Sudbury, Ontario",25.91.8,v44372503
1999,0.00,"Sudbury, Ontario",25.91.8,v44372503
2000,0.00,"Sudbury, Ontario",25.91.8,v44372503
2001,0.00,"Sudbury, Ontario",25.91.8,v44372503
2002,0.00,"Sudbury, Ontario",25.91.8,v44372503
2003,0.00,"Sudbury, Ontario",25.91.8,v44372503
2004,0.00,"Sudbury, Ontario",25.91.8,v44372503
2005,0.00,"Sudbury, Ontario",25.91.8,v44372503
2006,0.00,"Sudbury, Ontario",25.91.8,v44372503
2007,0.00,"Sudbury, Ontario",25.91.8,v44372503
2008,0.00,"Sudbury, Ontario",25.91.8,v44372503
2009,..,"Sudbury, Ontario",25.91.8,v44372503
2010,..,"Sudbury, Ontario",25.91.8,v44372503
2011,..,"Sudbury, Ontario",25.91.8,v44372503
2012,..,"Sudbury, Ontario",25.91.8,v44372503
2013,0.00,"Sudbury, Ontario",25.91.8,v44372503
2014,0.00,"Sudbury, Ontario",25.91.8,v44372503
2015,0.00,"Sudbury, Ontario",25.91.8,v44372503
1998,0.00,"Thunder Bay, Ontario",26.91.8,v44356558
1999,0.00,"Thunder Bay, Ontario",26.91.8,v44356558
2000,0.00,"Thunder Bay, Ontario",26.91.8,v44356558
2001,0.00,"Thunder Bay, Ontario",26.91.8,v44356558
2002,0.00,"Thunder Bay, Ontario",26.91.8,v44356558
2003,0.00,"Thunder Bay, Ontario",26.91.8,v44356558
2004,0.91,"Thunder Bay, Ontario",26.91.8,v44356558
2005,0.00,"Thunder Bay, Ontario",26.91.8,v44356558
2006,0.00,"Thunder Bay, Ontario",26.91.8,v44356558
2007,0.00,"Thunder Bay, Ontario",26.91.8,v44356558
2008,0.00,"Thunder Bay, Ontario",26.91.8,v44356558
2009,..,"Thunder Bay, Ontario",26.91.8,v44356558
2010,..,"Thunder Bay, Ontario",26.91.8,v44356558
2011,..,"Thunder Bay, Ontario",26.91.8,v44356558
2012,..,"Thunder Bay, Ontario",26.91.8,v44356558
2013,0.00,"Thunder Bay, Ontario",26.91.8,v44356558
2014,0.00,"Thunder Bay, Ontario",26.91.8,v44356558
2015,0.00,"Thunder Bay, Ontario",26.91.8,v44356558
1998,25.00,"Manitoba",28.91.8,v44353385
1999,9.26,"Manitoba",28.91.8,v44353385
2000,0.63,"Manitoba",28.91.8,v44353385
2001,0.31,"Manitoba",28.91.8,v44353385
2002,0.62,"Manitoba",28.91.8,v44353385
2003,0.51,"Manitoba",28.91.8,v44353385
2004,2.82,"Manitoba",28.91.8,v44353385
2005,0.10,"Manitoba",28.91.8,v44353385
2006,0.00,"Manitoba",28.91.8,v44353385
2007,0.00,"Manitoba",28.91.8,v44353385
2008,0.00,"Manitoba",28.91.8,v44353385
2009,..,"Manitoba",28.91.8,v44353385
2010,..,"Manitoba",28.91.8,v44353385
2011,..,"Manitoba",28.91.8,v44353385
2012,..,"Manitoba",28.91.8,v44353385
2013,0.00,"Manitoba",28.91.8,v44353385
2014,0.00,"Manitoba",28.91.8,v44353385
2015,0.00,"Manitoba",28.91.8,v44353385
1998,0.00,"Winnipeg, Manitoba",29.91.8,v44325682
1999,0.00,"Winnipeg, Manitoba",29.91.8,v44325682
2000,0.00,"Winnipeg, Manitoba",29.91.8,v44325682
2001,0.00,"Winnipeg, Manitoba",29.91.8,v44325682
2002,0.00,"Winnipeg, Manitoba",29.91.8,v44325682
2003,0.00,"Winnipeg, Manitoba",29.91.8,v44325682
2004,0.17,"Winnipeg, Manitoba",29.91.8,v44325682
2005,0.00,"Winnipeg, Manitoba",29.91.8,v44325682
2006,0.00,"Winnipeg, Manitoba",29.91.8,v44325682
2007,0.00,"Winnipeg, Manitoba",29.91.8,v44325682
2008,0.00,"Winnipeg, Manitoba",29.91.8,v44325682
2009,..,"Winnipeg, Manitoba",29.91.8,v44325682
2010,..,"Winnipeg, Manitoba",29.91.8,v44325682
2011,..,"Winnipeg, Manitoba",29.91.8,v44325682
2012,..,"Winnipeg, Manitoba",29.91.8,v44325682
2013,0.00,"Winnipeg, Manitoba",29.91.8,v44325682
2014,0.00,"Winnipeg, Manitoba",29.91.8,v44325682
2015,0.00,"Winnipeg, Manitoba",29.91.8,v44325682
1998,20.94,"Saskatchewan",30.91.8,v44385465
1999,3.09,"Saskatchewan",30.91.8,v44385465
2000,1.19,"Saskatchewan",30.91.8,v44385465
2001,0.48,"Saskatchewan",30.91.8,v44385465
2002,0.24,"Saskatchewan",30.91.8,v44385465
2003,0.36,"Saskatchewan",30.91.8,v44385465
2004,1.89,"Saskatchewan",30.91.8,v44385465
2005,0.12,"Saskatchewan",30.91.8,v44385465
2006,0.00,"Saskatchewan",30.91.8,v44385465
2007,0.00,"Saskatchewan",30.91.8,v44385465
2008,0.00,"Saskatchewan",30.91.8,v44385465
2009,..,"Saskatchewan",30.91.8,v44385465
2010,..,"Saskatchewan",30.91.8,v44385465
2011,..,"Saskatchewan",30.91.8,v44385465
2012,..,"Saskatchewan",30.91.8,v44385465
2013,0.00,"Saskatchewan",30.91.8,v44385465
2014,0.00,"Saskatchewan",30.91.8,v44385465
2015,0.00,"Saskatchewan",30.91.8,v44385465
1998,0.00,"Regina, Saskatchewan",31.91.8,v44396611
1999,0.00,"Regina, Saskatchewan",31.91.8,v44396611
2000,0.00,"Regina, Saskatchewan",31.91.8,v44396611
2001,0.00,"Regina, Saskatchewan",31.91.8,v44396611
2002,0.00,"Regina, Saskatchewan",31.91.8,v44396611
2003,0.00,"Regina, Saskatchewan",31.91.8,v44396611
2004,0.00,"Regina, Saskatchewan",31.91.8,v44396611
2005,0.00,"Regina, Saskatchewan",31.91.8,v44396611
2006,0.00,"Regina, Saskatchewan",31.91.8,v44396611
2007,0.00,"Regina, Saskatchewan",31.91.8,v44396611
2008,0.00,"Regina, Saskatchewan",31.91.8,v44396611
2009,..,"Regina, Saskatchewan",31.91.8,v44396611
2010,..,"Regina, Saskatchewan",31.91.8,v44396611
2011,..,"Regina, Saskatchewan",31.91.8,v44396611
2012,..,"Regina, Saskatchewan",31.91.8,v44396611
2013,0.00,"Regina, Saskatchewan",31.91.8,v44396611
2014,0.00,"Regina, Saskatchewan",31.91.8,v44396611
2015,0.00,"Regina, Saskatchewan",31.91.8,v44396611
1998,0.00,"Saskatoon, Saskatchewan",32.91.8,v44377823
1999,0.00,"Saskatoon, Saskatchewan",32.91.8,v44377823
2000,0.00,"Saskatoon, Saskatchewan",32.91.8,v44377823
2001,0.00,"Saskatoon, Saskatchewan",32.91.8,v44377823
2002,0.00,"Saskatoon, Saskatchewan",32.91.8,v44377823
2003,0.00,"Saskatoon, Saskatchewan",32.91.8,v44377823
2004,0.00,"Saskatoon, Saskatchewan",32.91.8,v44377823
2005,0.00,"Saskatoon, Saskatchewan",32.91.8,v44377823
2006,0.00,"Saskatoon, Saskatchewan",32.91.8,v44377823
2007,0.00,"Saskatoon, Saskatchewan",32.91.8,v44377823
2008,0.00,"Saskatoon, Saskatchewan",32.91.8,v44377823
2009,..,"Saskatoon, Saskatchewan",32.91.8,v44377823
2010,..,"Saskatoon, Saskatchewan",32.91.8,v44377823
2011,..,"Saskatoon, Saskatchewan",32.91.8,v44377823
2012,..,"Saskatoon, Saskatchewan",32.91.8,v44377823
2013,0.00,"Saskatoon, Saskatchewan",32.91.8,v44377823
2014,0.00,"Saskatoon, Saskatchewan",32.91.8,v44377823
2015,0.00,"Saskatoon, Saskatchewan",32.91.8,v44377823
1998,19.80,"Alberta",33.91.8,v44404632
1999,5.46,"Alberta",33.91.8,v44404632
2000,0.44,"Alberta",33.91.8,v44404632
2001,0.31,"Alberta",33.91.8,v44404632
2002,0.15,"Alberta",33.91.8,v44404632
2003,0.19,"Alberta",33.91.8,v44404632
2004,1.49,"Alberta",33.91.8,v44404632
2005,0.04,"Alberta",33.91.8,v44404632
2006,0.00,"Alberta",33.91.8,v44404632
2007,0.00,"Alberta",33.91.8,v44404632
2008,0.00,"Alberta",33.91.8,v44404632
2009,..,"Alberta",33.91.8,v44404632
2010,..,"Alberta",33.91.8,v44404632
2011,..,"Alberta",33.91.8,v44404632
2012,..,"Alberta",33.91.8,v44404632
2013,0.00,"Alberta",33.91.8,v44404632
2014,0.00,"Alberta",33.91.8,v44404632
2015,0.00,"Alberta",33.91.8,v44404632
1998,0.00,"Calgary, Alberta",34.91.8,v44344614
1999,0.00,"Calgary, Alberta",34.91.8,v44344614
2000,0.00,"Calgary, Alberta",34.91.8,v44344614
2001,0.00,"Calgary, Alberta",34.91.8,v44344614
2002,0.00,"Calgary, Alberta",34.91.8,v44344614
2003,0.00,"Calgary, Alberta",34.91.8,v44344614
2004,0.11,"Calgary, Alberta",34.91.8,v44344614
2005,0.00,"Calgary, Alberta",34.91.8,v44344614
2006,0.00,"Calgary, Alberta",34.91.8,v44344614
2007,0.00,"Calgary, Alberta",34.91.8,v44344614
2008,0.00,"Calgary, Alberta",34.91.8,v44344614
2009,..,"Calgary, Alberta",34.91.8,v44344614
2010,..,"Calgary, Alberta",34.91.8,v44344614
2011,..,"Calgary, Alberta",34.91.8,v44344614
2012,..,"Calgary, Alberta",34.91.8,v44344614
2013,0.00,"Calgary, Alberta",34.91.8,v44344614
2014,0.00,"Calgary, Alberta",34.91.8,v44344614
2015,0.00,"Calgary, Alberta",34.91.8,v44344614
1998,0.00,"Edmonton, Alberta",35.91.8,v44367447
1999,0.00,"Edmonton, Alberta",35.91.8,v44367447
2000,0.00,"Edmonton, Alberta",35.91.8,v44367447
2001,0.00,"Edmonton, Alberta",35.91.8,v44367447
2002,0.00,"Edmonton, Alberta",35.91.8,v44367447
2003,0.00,"Edmonton, Alberta",35.91.8,v44367447
2004,0.46,"Edmonton, Alberta",35.91.8,v44367447
2005,0.00,"Edmonton, Alberta",35.91.8,v44367447
2006,0.00,"Edmonton, Alberta",35.91.8,v44367447
2007,0.00,"Edmonton, Alberta",35.91.8,v44367447
2008,0.00,"Edmonton, Alberta",35.91.8,v44367447
2009,..,"Edmonton, Alberta",35.91.8,v44367447
2010,..,"Edmonton, Alberta",35.91.8,v44367447
2011,..,"Edmonton, Alberta",35.91.8,v44367447
2012,..,"Edmonton, Alberta",35.91.8,v44367447
2013,0.00,"Edmonton, Alberta",35.91.8,v44367447
2014,0.00,"Edmonton, Alberta",35.91.8,v44367447
2015,0.00,"Edmonton, Alberta",35.91.8,v44367447
1998,11.79,"British Columbia",36.91.8,v44396441
1999,2.42,"British Columbia",36.91.8,v44396441
2000,0.72,"British Columbia",36.91.8,v44396441
2001,0.51,"British Columbia",36.91.8,v44396441
2002,0.28,"British Columbia",36.91.8,v44396441
2003,0.25,"British Columbia",36.91.8,v44396441
2004,2.41,"British Columbia",36.91.8,v44396441
2005,0.11,"British Columbia",36.91.8,v44396441
2006,0.00,"British Columbia",36.91.8,v44396441
2007,0.00,"British Columbia",36.91.8,v44396441
2008,0.00,"British Columbia",36.91.8,v44396441
2009,..,"British Columbia",36.91.8,v44396441
2010,..,"British Columbia",36.91.8,v44396441
2011,..,"British Columbia",36.91.8,v44396441
2012,..,"British Columbia",36.91.8,v44396441
2013,0.00,"British Columbia",36.91.8,v44396441
2014,0.00,"British Columbia",36.91.8,v44396441
2015,0.00,"British Columbia",36.91.8,v44396441
2005,..,"Kelowna, British Columbia",48.91.8,v52144243
2006,0.00,"Kelowna, British Columbia",48.91.8,v52144243
2007,0.00,"Kelowna, British Columbia",48.91.8,v52144243
2008,0.00,"Kelowna, British Columbia",48.91.8,v52144243
2009,..,"Kelowna, British Columbia",48.91.8,v52144243
2010,..,"Kelowna, British Columbia",48.91.8,v52144243
2011,..,"Kelowna, British Columbia",48.91.8,v52144243
2012,..,"Kelowna, British Columbia",48.91.8,v52144243
2013,0.00,"Kelowna, British Columbia",48.91.8,v52144243
2014,0.00,"Kelowna, British Columbia",48.91.8,v52144243
2015,0.00,"Kelowna, British Columbia",48.91.8,v52144243
2000,..,"Abbotsford-Mission, British Columbia",39.91.8,v44333599
2001,0.00,"Abbotsford-Mission, British Columbia",39.91.8,v44333599
2002,0.00,"Abbotsford-Mission, British Columbia",39.91.8,v44333599
2003,0.00,"Abbotsford-Mission, British Columbia",39.91.8,v44333599
2004,5.99,"Abbotsford-Mission, British Columbia",39.91.8,v44333599
2005,0.00,"Abbotsford-Mission, British Columbia",39.91.8,v44333599
2006,0.00,"Abbotsford-Mission, British Columbia",39.91.8,v44333599
2007,0.00,"Abbotsford-Mission, British Columbia",39.91.8,v44333599
2008,0.00,"Abbotsford-Mission, British Columbia",39.91.8,v44333599
2009,..,"Abbotsford-Mission, British Columbia",39.91.8,v44333599
2010,..,"Abbotsford-Mission, British Columbia",39.91.8,v44333599
2011,..,"Abbotsford-Mission, British Columbia",39.91.8,v44333599
2012,..,"Abbotsford-Mission, British Columbia",39.91.8,v44333599
2013,0.00,"Abbotsford-Mission, British Columbia",39.91.8,v44333599
2014,0.00,"Abbotsford-Mission, British Columbia",39.91.8,v44333599
2015,0.00,"Abbotsford-Mission, British Columbia",39.91.8,v44333599
1998,0.00,"Vancouver, British Columbia",37.91.8,v44327580
1999,0.00,"Vancouver, British Columbia",37.91.8,v44327580
2000,0.00,"Vancouver, British Columbia",37.91.8,v44327580
2001,0.00,"Vancouver, British Columbia",37.91.8,v44327580
2002,0.00,"Vancouver, British Columbia",37.91.8,v44327580
2003,0.00,"Vancouver, British Columbia",37.91.8,v44327580
2004,1.88,"Vancouver, British Columbia",37.91.8,v44327580
2005,0.11,"Vancouver, British Columbia",37.91.8,v44327580
2006,0.00,"Vancouver, British Columbia",37.91.8,v44327580
2007,0.00,"Vancouver, British Columbia",37.91.8,v44327580
2008,0.00,"Vancouver, British Columbia",37.91.8,v44327580
2009,..,"Vancouver, British Columbia",37.91.8,v44327580
2010,..,"Vancouver, British Columbia",37.91.8,v44327580
2011,..,"Vancouver, British Columbia",37.91.8,v44327580
2012,..,"Vancouver, British Columbia",37.91.8,v44327580
2013,0.00,"Vancouver, British Columbia",37.91.8,v44327580
2014,0.00,"Vancouver, British Columbia",37.91.8,v44327580
2015,0.00,"Vancouver, British Columbia",37.91.8,v44327580
1998,0.00,"Victoria, British Columbia",38.91.8,v44412753
1999,0.00,"Victoria, British Columbia",38.91.8,v44412753
2000,0.00,"Victoria, British Columbia",38.91.8,v44412753
2001,0.00,"Victoria, British Columbia",38.91.8,v44412753
2002,0.00,"Victoria, British Columbia",38.91.8,v44412753
2003,0.00,"Victoria, British Columbia",38.91.8,v44412753
2004,2.02,"Victoria, British Columbia",38.91.8,v44412753
2005,0.00,"Victoria, British Columbia",38.91.8,v44412753
2006,0.00,"Victoria, British Columbia",38.91.8,v44412753
2007,0.00,"Victoria, British Columbia",38.91.8,v44412753
2008,0.00,"Victoria, British Columbia",38.91.8,v44412753
2009,..,"Victoria, British Columbia",38.91.8,v44412753
2010,..,"Victoria, British Columbia",38.91.8,v44412753
2011,..,"Victoria, British Columbia",38.91.8,v44412753
2012,..,"Victoria, British Columbia",38.91.8,v44412753
2013,0.00,"Victoria, British Columbia",38.91.8,v44412753
2014,0.00,"Victoria, British Columbia",38.91.8,v44412753
2015,0.00,"Victoria, British Columbia",38.91.8,v44412753
1998,11.71,"Yukon",40.91.8,v44356987
1999,0.00,"Yukon",40.91.8,v44356987
2000,0.00,"Yukon",40.91.8,v44356987
2001,0.00,"Yukon",40.91.8,v44356987
2002,0.00,"Yukon",40.91.8,v44356987
2003,0.00,"Yukon",40.91.8,v44356987
2004,0.00,"Yukon",40.91.8,v44356987
2005,0.00,"Yukon",40.91.8,v44356987
2006,0.00,"Yukon",40.91.8,v44356987
2007,0.00,"Yukon",40.91.8,v44356987
2008,0.00,"Yukon",40.91.8,v44356987
2009,..,"Yukon",40.91.8,v44356987
2010,..,"Yukon",40.91.8,v44356987
2011,..,"Yukon",40.91.8,v44356987
2012,..,"Yukon",40.91.8,v44356987
2013,0.00,"Yukon",40.91.8,v44356987
2014,0.00,"Yukon",40.91.8,v44356987
2015,0.00,"Yukon",40.91.8,v44356987
1998,44.29,"Northwest Territories",41.91.8,v44381835
1999,0.00,"Northwest Territories",41.91.8,v44381835
2000,0.00,"Northwest Territories",41.91.8,v44381835
2001,0.00,"Northwest Territories",41.91.8,v44381835
2002,0.00,"Northwest Territories",41.91.8,v44381835
2003,0.00,"Northwest Territories",41.91.8,v44381835
2004,0.00,"Northwest Territories",41.91.8,v44381835
2005,0.00,"Northwest Territories",41.91.8,v44381835
2006,0.00,"Northwest Territories",41.91.8,v44381835
2007,0.00,"Northwest Territories",41.91.8,v44381835
2008,0.00,"Northwest Territories",41.91.8,v44381835
2009,..,"Northwest Territories",41.91.8,v44381835
2010,..,"Northwest Territories",41.91.8,v44381835
2011,..,"Northwest Territories",41.91.8,v44381835
2012,..,"Northwest Territories",41.91.8,v44381835
2013,0.00,"Northwest Territories",41.91.8,v44381835
2014,0.00,"Northwest Territories",41.91.8,v44381835
2015,0.00,"Northwest Territories",41.91.8,v44381835
1998,..,"Nunavut",42.91.8,v44387670
1999,0.00,"Nunavut",42.91.8,v44387670
2000,0.00,"Nunavut",42.91.8,v44387670
2001,0.00,"Nunavut",42.91.8,v44387670
2002,0.00,"Nunavut",42.91.8,v44387670
2003,0.00,"Nunavut",42.91.8,v44387670
2004,0.00,"Nunavut",42.91.8,v44387670
2005,0.00,"Nunavut",42.91.8,v44387670
2006,0.00,"Nunavut",42.91.8,v44387670
2007,0.00,"Nunavut",42.91.8,v44387670
2008,0.00,"Nunavut",42.91.8,v44387670
2009,..,"Nunavut",42.91.8,v44387670
2010,..,"Nunavut",42.91.8,v44387670
2011,..,"Nunavut",42.91.8,v44387670
2012,..,"Nunavut",42.91.8,v44387670
2013,0.00,"Nunavut",42.91.8,v44387670
2014,0.00,"Nunavut",42.91.8,v44387670
2015,0.00,"Nunavut",42.91.8,v44387670
