1998,584.00,"Canada",1.91.13,v53098876
1999,153.00,"Canada",1.91.13,v53098876
2000,133.00,"Canada",1.91.13,v53098876
2001,97.00,"Canada",1.91.13,v53098876
2002,39.00,"Canada",1.91.13,v53098876
2003,152.00,"Canada",1.91.13,v53098876
2004,73.00,"Canada",1.91.13,v53098876
2005,11.00,"Canada",1.91.13,v53098876
2006,1.00,"Canada",1.91.13,v53098876
2007,0.00,"Canada",1.91.13,v53098876
2008,0.00,"Canada",1.91.13,v53098876
2009,..,"Canada",1.91.13,v53098876
2010,..,"Canada",1.91.13,v53098876
2011,..,"Canada",1.91.13,v53098876
2012,..,"Canada",1.91.13,v53098876
2013,0.00,"Canada",1.91.13,v53098876
2014,0.00,"Canada",1.91.13,v53098876
2015,0.00,"Canada",1.91.13,v53098876
1998,1.00,"Newfoundland and Labrador",2.91.13,v53099596
1999,0.00,"Newfoundland and Labrador",2.91.13,v53099596
2000,0.00,"Newfoundland and Labrador",2.91.13,v53099596
2001,0.00,"Newfoundland and Labrador",2.91.13,v53099596
2002,0.00,"Newfoundland and Labrador",2.91.13,v53099596
2003,0.00,"Newfoundland and Labrador",2.91.13,v53099596
2004,0.00,"Newfoundland and Labrador",2.91.13,v53099596
2005,0.00,"Newfoundland and Labrador",2.91.13,v53099596
2006,0.00,"Newfoundland and Labrador",2.91.13,v53099596
2007,0.00,"Newfoundland and Labrador",2.91.13,v53099596
2008,0.00,"Newfoundland and Labrador",2.91.13,v53099596
2009,..,"Newfoundland and Labrador",2.91.13,v53099596
2010,..,"Newfoundland and Labrador",2.91.13,v53099596
2011,..,"Newfoundland and Labrador",2.91.13,v53099596
2012,..,"Newfoundland and Labrador",2.91.13,v53099596
2013,0.00,"Newfoundland and Labrador",2.91.13,v53099596
2014,0.00,"Newfoundland and Labrador",2.91.13,v53099596
2015,0.00,"Newfoundland and Labrador",2.91.13,v53099596
1998,0.00,"St. John's, Newfoundland and Labrador",3.91.13,v53122724
1999,..,"St. John's, Newfoundland and Labrador",3.91.13,v53122724
2000,..,"St. John's, Newfoundland and Labrador",3.91.13,v53122724
2001,..,"St. John's, Newfoundland and Labrador",3.91.13,v53122724
2002,..,"St. John's, Newfoundland and Labrador",3.91.13,v53122724
2003,..,"St. John's, Newfoundland and Labrador",3.91.13,v53122724
2004,..,"St. John's, Newfoundland and Labrador",3.91.13,v53122724
2005,..,"St. John's, Newfoundland and Labrador",3.91.13,v53122724
2006,0.00,"St. John's, Newfoundland and Labrador",3.91.13,v53122724
2007,0.00,"St. John's, Newfoundland and Labrador",3.91.13,v53122724
2008,0.00,"St. John's, Newfoundland and Labrador",3.91.13,v53122724
2009,..,"St. John's, Newfoundland and Labrador",3.91.13,v53122724
2010,..,"St. John's, Newfoundland and Labrador",3.91.13,v53122724
2011,..,"St. John's, Newfoundland and Labrador",3.91.13,v53122724
2012,..,"St. John's, Newfoundland and Labrador",3.91.13,v53122724
2013,0.00,"St. John's, Newfoundland and Labrador",3.91.13,v53122724
2014,0.00,"St. John's, Newfoundland and Labrador",3.91.13,v53122724
2015,0.00,"St. John's, Newfoundland and Labrador",3.91.13,v53122724
1998,0.00,"Prince Edward Island",4.91.13,v53101144
1999,0.00,"Prince Edward Island",4.91.13,v53101144
2000,0.00,"Prince Edward Island",4.91.13,v53101144
2001,0.00,"Prince Edward Island",4.91.13,v53101144
2002,0.00,"Prince Edward Island",4.91.13,v53101144
2003,0.00,"Prince Edward Island",4.91.13,v53101144
2004,0.00,"Prince Edward Island",4.91.13,v53101144
2005,0.00,"Prince Edward Island",4.91.13,v53101144
2006,0.00,"Prince Edward Island",4.91.13,v53101144
2007,0.00,"Prince Edward Island",4.91.13,v53101144
2008,0.00,"Prince Edward Island",4.91.13,v53101144
2009,..,"Prince Edward Island",4.91.13,v53101144
2010,..,"Prince Edward Island",4.91.13,v53101144
2011,..,"Prince Edward Island",4.91.13,v53101144
2012,..,"Prince Edward Island",4.91.13,v53101144
2013,0.00,"Prince Edward Island",4.91.13,v53101144
2014,0.00,"Prince Edward Island",4.91.13,v53101144
2015,0.00,"Prince Edward Island",4.91.13,v53101144
1998,2.00,"Nova Scotia",5.91.13,v53101966
1999,0.00,"Nova Scotia",5.91.13,v53101966
2000,5.00,"Nova Scotia",5.91.13,v53101966
2001,10.00,"Nova Scotia",5.91.13,v53101966
2002,1.00,"Nova Scotia",5.91.13,v53101966
2003,1.00,"Nova Scotia",5.91.13,v53101966
2004,1.00,"Nova Scotia",5.91.13,v53101966
2005,0.00,"Nova Scotia",5.91.13,v53101966
2006,0.00,"Nova Scotia",5.91.13,v53101966
2007,0.00,"Nova Scotia",5.91.13,v53101966
2008,0.00,"Nova Scotia",5.91.13,v53101966
2009,..,"Nova Scotia",5.91.13,v53101966
2010,..,"Nova Scotia",5.91.13,v53101966
2011,..,"Nova Scotia",5.91.13,v53101966
2012,..,"Nova Scotia",5.91.13,v53101966
2013,0.00,"Nova Scotia",5.91.13,v53101966
2014,0.00,"Nova Scotia",5.91.13,v53101966
2015,0.00,"Nova Scotia",5.91.13,v53101966
1998,0.00,"Halifax, Nova Scotia",6.91.13,v53124282
1999,0.00,"Halifax, Nova Scotia",6.91.13,v53124282
2000,3.00,"Halifax, Nova Scotia",6.91.13,v53124282
2001,8.00,"Halifax, Nova Scotia",6.91.13,v53124282
2002,1.00,"Halifax, Nova Scotia",6.91.13,v53124282
2003,1.00,"Halifax, Nova Scotia",6.91.13,v53124282
2004,0.00,"Halifax, Nova Scotia",6.91.13,v53124282
2005,0.00,"Halifax, Nova Scotia",6.91.13,v53124282
2006,0.00,"Halifax, Nova Scotia",6.91.13,v53124282
2007,0.00,"Halifax, Nova Scotia",6.91.13,v53124282
2008,0.00,"Halifax, Nova Scotia",6.91.13,v53124282
2009,..,"Halifax, Nova Scotia",6.91.13,v53124282
2010,..,"Halifax, Nova Scotia",6.91.13,v53124282
2011,..,"Halifax, Nova Scotia",6.91.13,v53124282
2012,..,"Halifax, Nova Scotia",6.91.13,v53124282
2013,0.00,"Halifax, Nova Scotia",6.91.13,v53124282
2014,0.00,"Halifax, Nova Scotia",6.91.13,v53124282
2015,0.00,"Halifax, Nova Scotia",6.91.13,v53124282
1998,2.00,"New Brunswick",7.91.13,v53102102
1999,1.00,"New Brunswick",7.91.13,v53102102
2000,0.00,"New Brunswick",7.91.13,v53102102
2001,1.00,"New Brunswick",7.91.13,v53102102
2002,0.00,"New Brunswick",7.91.13,v53102102
2003,1.00,"New Brunswick",7.91.13,v53102102
2004,0.00,"New Brunswick",7.91.13,v53102102
2005,0.00,"New Brunswick",7.91.13,v53102102
2006,1.00,"New Brunswick",7.91.13,v53102102
2007,0.00,"New Brunswick",7.91.13,v53102102
2008,0.00,"New Brunswick",7.91.13,v53102102
2009,..,"New Brunswick",7.91.13,v53102102
2010,..,"New Brunswick",7.91.13,v53102102
2011,..,"New Brunswick",7.91.13,v53102102
2012,..,"New Brunswick",7.91.13,v53102102
2013,0.00,"New Brunswick",7.91.13,v53102102
2014,0.00,"New Brunswick",7.91.13,v53102102
2015,0.00,"New Brunswick",7.91.13,v53102102
2006,0.00,"Moncton, New Brunswick",43.91.13,v62126275
2007,0.00,"Moncton, New Brunswick",43.91.13,v62126275
2008,0.00,"Moncton, New Brunswick",43.91.13,v62126275
2009,..,"Moncton, New Brunswick",43.91.13,v62126275
2010,..,"Moncton, New Brunswick",43.91.13,v62126275
2011,..,"Moncton, New Brunswick",43.91.13,v62126275
2012,..,"Moncton, New Brunswick",43.91.13,v62126275
2013,0.00,"Moncton, New Brunswick",43.91.13,v62126275
2014,0.00,"Moncton, New Brunswick",43.91.13,v62126275
2015,0.00,"Moncton, New Brunswick",43.91.13,v62126275
1998,0.00,"Saint John, New Brunswick",8.91.13,v53102216
1999,0.00,"Saint John, New Brunswick",8.91.13,v53102216
2000,0.00,"Saint John, New Brunswick",8.91.13,v53102216
2001,0.00,"Saint John, New Brunswick",8.91.13,v53102216
2002,0.00,"Saint John, New Brunswick",8.91.13,v53102216
2003,0.00,"Saint John, New Brunswick",8.91.13,v53102216
2004,0.00,"Saint John, New Brunswick",8.91.13,v53102216
2005,0.00,"Saint John, New Brunswick",8.91.13,v53102216
2006,0.00,"Saint John, New Brunswick",8.91.13,v53102216
2007,0.00,"Saint John, New Brunswick",8.91.13,v53102216
2008,0.00,"Saint John, New Brunswick",8.91.13,v53102216
2009,..,"Saint John, New Brunswick",8.91.13,v53102216
2010,..,"Saint John, New Brunswick",8.91.13,v53102216
2011,..,"Saint John, New Brunswick",8.91.13,v53102216
2012,..,"Saint John, New Brunswick",8.91.13,v53102216
2013,0.00,"Saint John, New Brunswick",8.91.13,v53102216
2014,0.00,"Saint John, New Brunswick",8.91.13,v53102216
2015,0.00,"Saint John, New Brunswick",8.91.13,v53102216
1998,21.00,"Quebec",9.91.13,v53102256
1999,2.00,"Quebec",9.91.13,v53102256
2000,0.00,"Quebec",9.91.13,v53102256
2001,0.00,"Quebec",9.91.13,v53102256
2002,1.00,"Quebec",9.91.13,v53102256
2003,0.00,"Quebec",9.91.13,v53102256
2004,1.00,"Quebec",9.91.13,v53102256
2005,0.00,"Quebec",9.91.13,v53102256
2006,0.00,"Quebec",9.91.13,v53102256
2007,0.00,"Quebec",9.91.13,v53102256
2008,0.00,"Quebec",9.91.13,v53102256
2009,..,"Quebec",9.91.13,v53102256
2010,..,"Quebec",9.91.13,v53102256
2011,..,"Quebec",9.91.13,v53102256
2012,..,"Quebec",9.91.13,v53102256
2013,0.00,"Quebec",9.91.13,v53102256
2014,0.00,"Quebec",9.91.13,v53102256
2015,0.00,"Quebec",9.91.13,v53102256
1998,0.00,"Saguenay, Quebec",10.91.13,v53098950
1999,0.00,"Saguenay, Quebec",10.91.13,v53098950
2000,0.00,"Saguenay, Quebec",10.91.13,v53098950
2001,0.00,"Saguenay, Quebec",10.91.13,v53098950
2002,..,"Saguenay, Quebec",10.91.13,v53098950
2003,..,"Saguenay, Quebec",10.91.13,v53098950
2004,..,"Saguenay, Quebec",10.91.13,v53098950
2005,0.00,"Saguenay, Quebec",10.91.13,v53098950
2006,0.00,"Saguenay, Quebec",10.91.13,v53098950
2007,0.00,"Saguenay, Quebec",10.91.13,v53098950
2008,0.00,"Saguenay, Quebec",10.91.13,v53098950
2009,..,"Saguenay, Quebec",10.91.13,v53098950
2010,..,"Saguenay, Quebec",10.91.13,v53098950
2011,..,"Saguenay, Quebec",10.91.13,v53098950
2012,..,"Saguenay, Quebec",10.91.13,v53098950
2013,0.00,"Saguenay, Quebec",10.91.13,v53098950
2014,0.00,"Saguenay, Quebec",10.91.13,v53098950
2015,0.00,"Saguenay, Quebec",10.91.13,v53098950
1998,0.00,"Sherbrooke, Quebec",12.91.13,v53099140
1999,..,"Sherbrooke, Quebec",12.91.13,v53099140
2000,..,"Sherbrooke, Quebec",12.91.13,v53099140
2001,..,"Sherbrooke, Quebec",12.91.13,v53099140
2002,..,"Sherbrooke, Quebec",12.91.13,v53099140
2003,0.00,"Sherbrooke, Quebec",12.91.13,v53099140
2004,..,"Sherbrooke, Quebec",12.91.13,v53099140
2005,0.00,"Sherbrooke, Quebec",12.91.13,v53099140
2006,0.00,"Sherbrooke, Quebec",12.91.13,v53099140
2007,0.00,"Sherbrooke, Quebec",12.91.13,v53099140
2008,0.00,"Sherbrooke, Quebec",12.91.13,v53099140
2009,..,"Sherbrooke, Quebec",12.91.13,v53099140
2010,..,"Sherbrooke, Quebec",12.91.13,v53099140
2011,..,"Sherbrooke, Quebec",12.91.13,v53099140
2012,..,"Sherbrooke, Quebec",12.91.13,v53099140
2013,0.00,"Sherbrooke, Quebec",12.91.13,v53099140
2014,0.00,"Sherbrooke, Quebec",12.91.13,v53099140
2015,0.00,"Sherbrooke, Quebec",12.91.13,v53099140
1998,1.00,"Ottawa-Gatineau, Quebec part",15.91.13,v53105270
1999,0.00,"Ottawa-Gatineau, Quebec part",15.91.13,v53105270
2000,0.00,"Ottawa-Gatineau, Quebec part",15.91.13,v53105270
2001,0.00,"Ottawa-Gatineau, Quebec part",15.91.13,v53105270
2002,0.00,"Ottawa-Gatineau, Quebec part",15.91.13,v53105270
2003,0.00,"Ottawa-Gatineau, Quebec part",15.91.13,v53105270
2004,..,"Ottawa-Gatineau, Quebec part",15.91.13,v53105270
2005,0.00,"Ottawa-Gatineau, Quebec part",15.91.13,v53105270
2006,0.00,"Ottawa-Gatineau, Quebec part",15.91.13,v53105270
2007,0.00,"Ottawa-Gatineau, Quebec part",15.91.13,v53105270
2008,0.00,"Ottawa-Gatineau, Quebec part",15.91.13,v53105270
2009,..,"Ottawa-Gatineau, Quebec part",15.91.13,v53105270
2010,..,"Ottawa-Gatineau, Quebec part",15.91.13,v53105270
2011,..,"Ottawa-Gatineau, Quebec part",15.91.13,v53105270
2012,..,"Ottawa-Gatineau, Quebec part",15.91.13,v53105270
2013,0.00,"Ottawa-Gatineau, Quebec part",15.91.13,v53105270
2014,0.00,"Ottawa-Gatineau, Quebec part",15.91.13,v53105270
2015,0.00,"Ottawa-Gatineau, Quebec part",15.91.13,v53105270
1998,230.00,"Ontario",16.91.13,v53099382
1999,49.00,"Ontario",16.91.13,v53099382
2000,44.00,"Ontario",16.91.13,v53099382
2001,25.00,"Ontario",16.91.13,v53099382
2002,9.00,"Ontario",16.91.13,v53099382
2003,57.00,"Ontario",16.91.13,v53099382
2004,20.00,"Ontario",16.91.13,v53099382
2005,3.00,"Ontario",16.91.13,v53099382
2006,0.00,"Ontario",16.91.13,v53099382
2007,0.00,"Ontario",16.91.13,v53099382
2008,0.00,"Ontario",16.91.13,v53099382
2009,..,"Ontario",16.91.13,v53099382
2010,..,"Ontario",16.91.13,v53099382
2011,..,"Ontario",16.91.13,v53099382
2012,..,"Ontario",16.91.13,v53099382
2013,0.00,"Ontario",16.91.13,v53099382
2014,0.00,"Ontario",16.91.13,v53099382
2015,0.00,"Ontario",16.91.13,v53099382
1998,20.00,"Ottawa-Gatineau, Ontario/Quebec",17.91.13,v53099430
1999,0.00,"Ottawa-Gatineau, Ontario/Quebec",17.91.13,v53099430
2000,0.00,"Ottawa-Gatineau, Ontario/Quebec",17.91.13,v53099430
2001,0.00,"Ottawa-Gatineau, Ontario/Quebec",17.91.13,v53099430
2002,0.00,"Ottawa-Gatineau, Ontario/Quebec",17.91.13,v53099430
2003,0.00,"Ottawa-Gatineau, Ontario/Quebec",17.91.13,v53099430
2004,0.00,"Ottawa-Gatineau, Ontario/Quebec",17.91.13,v53099430
2005,0.00,"Ottawa-Gatineau, Ontario/Quebec",17.91.13,v53099430
2006,0.00,"Ottawa-Gatineau, Ontario/Quebec",17.91.13,v53099430
2007,0.00,"Ottawa-Gatineau, Ontario/Quebec",17.91.13,v53099430
2008,0.00,"Ottawa-Gatineau, Ontario/Quebec",17.91.13,v53099430
2009,..,"Ottawa-Gatineau, Ontario/Quebec",17.91.13,v53099430
2010,..,"Ottawa-Gatineau, Ontario/Quebec",17.91.13,v53099430
2011,..,"Ottawa-Gatineau, Ontario/Quebec",17.91.13,v53099430
2012,..,"Ottawa-Gatineau, Ontario/Quebec",17.91.13,v53099430
2013,0.00,"Ottawa-Gatineau, Ontario/Quebec",17.91.13,v53099430
2014,0.00,"Ottawa-Gatineau, Ontario/Quebec",17.91.13,v53099430
2015,0.00,"Ottawa-Gatineau, Ontario/Quebec",17.91.13,v53099430
1998,19.00,"Ottawa-Gatineau, Ontario part",18.91.13,v53099492
1999,0.00,"Ottawa-Gatineau, Ontario part",18.91.13,v53099492
2000,0.00,"Ottawa-Gatineau, Ontario part",18.91.13,v53099492
2001,0.00,"Ottawa-Gatineau, Ontario part",18.91.13,v53099492
2002,..,"Ottawa-Gatineau, Ontario part",18.91.13,v53099492
2003,..,"Ottawa-Gatineau, Ontario part",18.91.13,v53099492
2004,0.00,"Ottawa-Gatineau, Ontario part",18.91.13,v53099492
2005,0.00,"Ottawa-Gatineau, Ontario part",18.91.13,v53099492
2006,0.00,"Ottawa-Gatineau, Ontario part",18.91.13,v53099492
2007,0.00,"Ottawa-Gatineau, Ontario part",18.91.13,v53099492
2008,0.00,"Ottawa-Gatineau, Ontario part",18.91.13,v53099492
2009,..,"Ottawa-Gatineau, Ontario part",18.91.13,v53099492
2010,..,"Ottawa-Gatineau, Ontario part",18.91.13,v53099492
2011,..,"Ottawa-Gatineau, Ontario part",18.91.13,v53099492
2012,..,"Ottawa-Gatineau, Ontario part",18.91.13,v53099492
2013,0.00,"Ottawa-Gatineau, Ontario part",18.91.13,v53099492
2014,0.00,"Ottawa-Gatineau, Ontario part",18.91.13,v53099492
2015,0.00,"Ottawa-Gatineau, Ontario part",18.91.13,v53099492
2000,..,"Kingston, Ontario",27.91.13,v53100220
2001,0.00,"Kingston, Ontario",27.91.13,v53100220
2002,1.00,"Kingston, Ontario",27.91.13,v53100220
2003,0.00,"Kingston, Ontario",27.91.13,v53100220
2004,0.00,"Kingston, Ontario",27.91.13,v53100220
2005,0.00,"Kingston, Ontario",27.91.13,v53100220
2006,0.00,"Kingston, Ontario",27.91.13,v53100220
2007,0.00,"Kingston, Ontario",27.91.13,v53100220
2008,0.00,"Kingston, Ontario",27.91.13,v53100220
2009,..,"Kingston, Ontario",27.91.13,v53100220
2010,..,"Kingston, Ontario",27.91.13,v53100220
2011,..,"Kingston, Ontario",27.91.13,v53100220
2012,..,"Kingston, Ontario",27.91.13,v53100220
2013,0.00,"Kingston, Ontario",27.91.13,v53100220
2014,0.00,"Kingston, Ontario",27.91.13,v53100220
2015,0.00,"Kingston, Ontario",27.91.13,v53100220
2005,..,"Peterborough, Ontario",44.91.13,v53101612
2006,0.00,"Peterborough, Ontario",44.91.13,v53101612
2007,0.00,"Peterborough, Ontario",44.91.13,v53101612
2008,0.00,"Peterborough, Ontario",44.91.13,v53101612
2009,..,"Peterborough, Ontario",44.91.13,v53101612
2010,..,"Peterborough, Ontario",44.91.13,v53101612
2011,..,"Peterborough, Ontario",44.91.13,v53101612
2012,..,"Peterborough, Ontario",44.91.13,v53101612
2013,0.00,"Peterborough, Ontario",44.91.13,v53101612
2014,0.00,"Peterborough, Ontario",44.91.13,v53101612
2015,0.00,"Peterborough, Ontario",44.91.13,v53101612
1998,52.00,"Toronto, Ontario",19.91.13,v53099536
1999,5.00,"Toronto, Ontario",19.91.13,v53099536
2000,6.00,"Toronto, Ontario",19.91.13,v53099536
2001,3.00,"Toronto, Ontario",19.91.13,v53099536
2002,2.00,"Toronto, Ontario",19.91.13,v53099536
2003,14.00,"Toronto, Ontario",19.91.13,v53099536
2004,7.00,"Toronto, Ontario",19.91.13,v53099536
2005,1.00,"Toronto, Ontario",19.91.13,v53099536
2006,0.00,"Toronto, Ontario",19.91.13,v53099536
2007,0.00,"Toronto, Ontario",19.91.13,v53099536
2008,0.00,"Toronto, Ontario",19.91.13,v53099536
2009,..,"Toronto, Ontario",19.91.13,v53099536
2010,..,"Toronto, Ontario",19.91.13,v53099536
2011,..,"Toronto, Ontario",19.91.13,v53099536
2012,..,"Toronto, Ontario",19.91.13,v53099536
2013,0.00,"Toronto, Ontario",19.91.13,v53099536
2014,0.00,"Toronto, Ontario",19.91.13,v53099536
2015,0.00,"Toronto, Ontario",19.91.13,v53099536
1998,31.00,"Hamilton, Ontario",20.91.13,v53099654
1999,14.00,"Hamilton, Ontario",20.91.13,v53099654
2000,7.00,"Hamilton, Ontario",20.91.13,v53099654
2001,9.00,"Hamilton, Ontario",20.91.13,v53099654
2002,3.00,"Hamilton, Ontario",20.91.13,v53099654
2003,6.00,"Hamilton, Ontario",20.91.13,v53099654
2004,3.00,"Hamilton, Ontario",20.91.13,v53099654
2005,2.00,"Hamilton, Ontario",20.91.13,v53099654
2006,0.00,"Hamilton, Ontario",20.91.13,v53099654
2007,0.00,"Hamilton, Ontario",20.91.13,v53099654
2008,0.00,"Hamilton, Ontario",20.91.13,v53099654
2009,..,"Hamilton, Ontario",20.91.13,v53099654
2010,..,"Hamilton, Ontario",20.91.13,v53099654
2011,..,"Hamilton, Ontario",20.91.13,v53099654
2012,..,"Hamilton, Ontario",20.91.13,v53099654
2013,0.00,"Hamilton, Ontario",20.91.13,v53099654
2014,0.00,"Hamilton, Ontario",20.91.13,v53099654
2015,0.00,"Hamilton, Ontario",20.91.13,v53099654
1998,25.00,"St.Catharines-Niagara, Ontario",21.91.13,v53105490
1999,4.00,"St.Catharines-Niagara, Ontario",21.91.13,v53105490
2000,1.00,"St.Catharines-Niagara, Ontario",21.91.13,v53105490
2001,0.00,"St.Catharines-Niagara, Ontario",21.91.13,v53105490
2002,..,"St.Catharines-Niagara, Ontario",21.91.13,v53105490
2003,0.00,"St.Catharines-Niagara, Ontario",21.91.13,v53105490
2004,..,"St.Catharines-Niagara, Ontario",21.91.13,v53105490
2005,0.00,"St.Catharines-Niagara, Ontario",21.91.13,v53105490
2006,0.00,"St.Catharines-Niagara, Ontario",21.91.13,v53105490
2007,0.00,"St.Catharines-Niagara, Ontario",21.91.13,v53105490
2008,0.00,"St.Catharines-Niagara, Ontario",21.91.13,v53105490
2009,..,"St.Catharines-Niagara, Ontario",21.91.13,v53105490
2010,..,"St.Catharines-Niagara, Ontario",21.91.13,v53105490
2011,..,"St.Catharines-Niagara, Ontario",21.91.13,v53105490
2012,..,"St.Catharines-Niagara, Ontario",21.91.13,v53105490
2013,0.00,"St.Catharines-Niagara, Ontario",21.91.13,v53105490
2014,0.00,"St.Catharines-Niagara, Ontario",21.91.13,v53105490
2015,0.00,"St.Catharines-Niagara, Ontario",21.91.13,v53105490
1998,24.00,"Kitchener-Cambridge-Waterloo, Ontario",22.91.13,v53105538
1999,0.00,"Kitchener-Cambridge-Waterloo, Ontario",22.91.13,v53105538
2000,13.00,"Kitchener-Cambridge-Waterloo, Ontario",22.91.13,v53105538
2001,0.00,"Kitchener-Cambridge-Waterloo, Ontario",22.91.13,v53105538
2002,0.00,"Kitchener-Cambridge-Waterloo, Ontario",22.91.13,v53105538
2003,26.00,"Kitchener-Cambridge-Waterloo, Ontario",22.91.13,v53105538
2004,1.00,"Kitchener-Cambridge-Waterloo, Ontario",22.91.13,v53105538
2005,0.00,"Kitchener-Cambridge-Waterloo, Ontario",22.91.13,v53105538
2006,0.00,"Kitchener-Cambridge-Waterloo, Ontario",22.91.13,v53105538
2007,0.00,"Kitchener-Cambridge-Waterloo, Ontario",22.91.13,v53105538
2008,0.00,"Kitchener-Cambridge-Waterloo, Ontario",22.91.13,v53105538
2009,..,"Kitchener-Cambridge-Waterloo, Ontario",22.91.13,v53105538
2010,..,"Kitchener-Cambridge-Waterloo, Ontario",22.91.13,v53105538
2011,..,"Kitchener-Cambridge-Waterloo, Ontario",22.91.13,v53105538
2012,..,"Kitchener-Cambridge-Waterloo, Ontario",22.91.13,v53105538
2013,0.00,"Kitchener-Cambridge-Waterloo, Ontario",22.91.13,v53105538
2014,0.00,"Kitchener-Cambridge-Waterloo, Ontario",22.91.13,v53105538
2015,0.00,"Kitchener-Cambridge-Waterloo, Ontario",22.91.13,v53105538
2005,..,"Brantford, Ontario",45.91.13,v53101692
2006,0.00,"Brantford, Ontario",45.91.13,v53101692
2007,0.00,"Brantford, Ontario",45.91.13,v53101692
2008,0.00,"Brantford, Ontario",45.91.13,v53101692
2009,..,"Brantford, Ontario",45.91.13,v53101692
2010,..,"Brantford, Ontario",45.91.13,v53101692
2011,..,"Brantford, Ontario",45.91.13,v53101692
2012,..,"Brantford, Ontario",45.91.13,v53101692
2013,0.00,"Brantford, Ontario",45.91.13,v53101692
2014,0.00,"Brantford, Ontario",45.91.13,v53101692
2015,0.00,"Brantford, Ontario",45.91.13,v53101692
2005,..,"Guelph, Ontario",46.91.13,v53101738
2006,0.00,"Guelph, Ontario",46.91.13,v53101738
2007,0.00,"Guelph, Ontario",46.91.13,v53101738
2008,0.00,"Guelph, Ontario",46.91.13,v53101738
2009,..,"Guelph, Ontario",46.91.13,v53101738
2010,..,"Guelph, Ontario",46.91.13,v53101738
2011,..,"Guelph, Ontario",46.91.13,v53101738
2012,..,"Guelph, Ontario",46.91.13,v53101738
2013,0.00,"Guelph, Ontario",46.91.13,v53101738
2014,0.00,"Guelph, Ontario",46.91.13,v53101738
2015,0.00,"Guelph, Ontario",46.91.13,v53101738
1998,6.00,"London, Ontario",23.91.13,v53099862
1999,4.00,"London, Ontario",23.91.13,v53099862
2000,0.00,"London, Ontario",23.91.13,v53099862
2001,0.00,"London, Ontario",23.91.13,v53099862
2002,0.00,"London, Ontario",23.91.13,v53099862
2003,0.00,"London, Ontario",23.91.13,v53099862
2004,0.00,"London, Ontario",23.91.13,v53099862
2005,0.00,"London, Ontario",23.91.13,v53099862
2006,0.00,"London, Ontario",23.91.13,v53099862
2007,0.00,"London, Ontario",23.91.13,v53099862
2008,0.00,"London, Ontario",23.91.13,v53099862
2009,..,"London, Ontario",23.91.13,v53099862
2010,..,"London, Ontario",23.91.13,v53099862
2011,..,"London, Ontario",23.91.13,v53099862
2012,..,"London, Ontario",23.91.13,v53099862
2013,0.00,"London, Ontario",23.91.13,v53099862
2014,0.00,"London, Ontario",23.91.13,v53099862
2015,0.00,"London, Ontario",23.91.13,v53099862
1998,2.00,"Windsor, Ontario",24.91.13,v53099950
1999,1.00,"Windsor, Ontario",24.91.13,v53099950
2000,0.00,"Windsor, Ontario",24.91.13,v53099950
2001,0.00,"Windsor, Ontario",24.91.13,v53099950
2002,0.00,"Windsor, Ontario",24.91.13,v53099950
2003,0.00,"Windsor, Ontario",24.91.13,v53099950
2004,3.00,"Windsor, Ontario",24.91.13,v53099950
2005,0.00,"Windsor, Ontario",24.91.13,v53099950
2006,0.00,"Windsor, Ontario",24.91.13,v53099950
2007,0.00,"Windsor, Ontario",24.91.13,v53099950
2008,0.00,"Windsor, Ontario",24.91.13,v53099950
2009,..,"Windsor, Ontario",24.91.13,v53099950
2010,..,"Windsor, Ontario",24.91.13,v53099950
2011,..,"Windsor, Ontario",24.91.13,v53099950
2012,..,"Windsor, Ontario",24.91.13,v53099950
2013,0.00,"Windsor, Ontario",24.91.13,v53099950
2014,0.00,"Windsor, Ontario",24.91.13,v53099950
2015,0.00,"Windsor, Ontario",24.91.13,v53099950
2005,..,"Barrie, Ontario",47.91.13,v53101838
2006,0.00,"Barrie, Ontario",47.91.13,v53101838
2007,0.00,"Barrie, Ontario",47.91.13,v53101838
2008,0.00,"Barrie, Ontario",47.91.13,v53101838
2009,..,"Barrie, Ontario",47.91.13,v53101838
2010,..,"Barrie, Ontario",47.91.13,v53101838
2011,..,"Barrie, Ontario",47.91.13,v53101838
2012,..,"Barrie, Ontario",47.91.13,v53101838
2013,0.00,"Barrie, Ontario",47.91.13,v53101838
2014,0.00,"Barrie, Ontario",47.91.13,v53101838
2015,0.00,"Barrie, Ontario",47.91.13,v53101838
1998,5.00,"Sudbury, Ontario",25.91.13,v53105680
1999,0.00,"Sudbury, Ontario",25.91.13,v53105680
2000,0.00,"Sudbury, Ontario",25.91.13,v53105680
2001,0.00,"Sudbury, Ontario",25.91.13,v53105680
2002,0.00,"Sudbury, Ontario",25.91.13,v53105680
2003,1.00,"Sudbury, Ontario",25.91.13,v53105680
2004,0.00,"Sudbury, Ontario",25.91.13,v53105680
2005,0.00,"Sudbury, Ontario",25.91.13,v53105680
2006,0.00,"Sudbury, Ontario",25.91.13,v53105680
2007,0.00,"Sudbury, Ontario",25.91.13,v53105680
2008,0.00,"Sudbury, Ontario",25.91.13,v53105680
2009,..,"Sudbury, Ontario",25.91.13,v53105680
2010,..,"Sudbury, Ontario",25.91.13,v53105680
2011,..,"Sudbury, Ontario",25.91.13,v53105680
2012,..,"Sudbury, Ontario",25.91.13,v53105680
2013,0.00,"Sudbury, Ontario",25.91.13,v53105680
2014,0.00,"Sudbury, Ontario",25.91.13,v53105680
2015,0.00,"Sudbury, Ontario",25.91.13,v53105680
1998,5.00,"Thunder Bay, Ontario",26.91.13,v53100120
1999,1.00,"Thunder Bay, Ontario",26.91.13,v53100120
2000,0.00,"Thunder Bay, Ontario",26.91.13,v53100120
2001,0.00,"Thunder Bay, Ontario",26.91.13,v53100120
2002,0.00,"Thunder Bay, Ontario",26.91.13,v53100120
2003,0.00,"Thunder Bay, Ontario",26.91.13,v53100120
2004,0.00,"Thunder Bay, Ontario",26.91.13,v53100120
2005,0.00,"Thunder Bay, Ontario",26.91.13,v53100120
2006,0.00,"Thunder Bay, Ontario",26.91.13,v53100120
2007,0.00,"Thunder Bay, Ontario",26.91.13,v53100120
2008,0.00,"Thunder Bay, Ontario",26.91.13,v53100120
2009,..,"Thunder Bay, Ontario",26.91.13,v53100120
2010,..,"Thunder Bay, Ontario",26.91.13,v53100120
2011,..,"Thunder Bay, Ontario",26.91.13,v53100120
2012,..,"Thunder Bay, Ontario",26.91.13,v53100120
2013,0.00,"Thunder Bay, Ontario",26.91.13,v53100120
2014,0.00,"Thunder Bay, Ontario",26.91.13,v53100120
2015,0.00,"Thunder Bay, Ontario",26.91.13,v53100120
1998,24.00,"Manitoba",28.91.13,v53100278
1999,6.00,"Manitoba",28.91.13,v53100278
2000,5.00,"Manitoba",28.91.13,v53100278
2001,2.00,"Manitoba",28.91.13,v53100278
2002,4.00,"Manitoba",28.91.13,v53100278
2003,4.00,"Manitoba",28.91.13,v53100278
2004,5.00,"Manitoba",28.91.13,v53100278
2005,0.00,"Manitoba",28.91.13,v53100278
2006,0.00,"Manitoba",28.91.13,v53100278
2007,0.00,"Manitoba",28.91.13,v53100278
2008,0.00,"Manitoba",28.91.13,v53100278
2009,..,"Manitoba",28.91.13,v53100278
2010,..,"Manitoba",28.91.13,v53100278
2011,..,"Manitoba",28.91.13,v53100278
2012,..,"Manitoba",28.91.13,v53100278
2013,0.00,"Manitoba",28.91.13,v53100278
2014,0.00,"Manitoba",28.91.13,v53100278
2015,0.00,"Manitoba",28.91.13,v53100278
1998,2.00,"Winnipeg, Manitoba",29.91.13,v53100354
1999,2.00,"Winnipeg, Manitoba",29.91.13,v53100354
2000,0.00,"Winnipeg, Manitoba",29.91.13,v53100354
2001,0.00,"Winnipeg, Manitoba",29.91.13,v53100354
2002,0.00,"Winnipeg, Manitoba",29.91.13,v53100354
2003,0.00,"Winnipeg, Manitoba",29.91.13,v53100354
2004,0.00,"Winnipeg, Manitoba",29.91.13,v53100354
2005,0.00,"Winnipeg, Manitoba",29.91.13,v53100354
2006,0.00,"Winnipeg, Manitoba",29.91.13,v53100354
2007,0.00,"Winnipeg, Manitoba",29.91.13,v53100354
2008,0.00,"Winnipeg, Manitoba",29.91.13,v53100354
2009,..,"Winnipeg, Manitoba",29.91.13,v53100354
2010,..,"Winnipeg, Manitoba",29.91.13,v53100354
2011,..,"Winnipeg, Manitoba",29.91.13,v53100354
2012,..,"Winnipeg, Manitoba",29.91.13,v53100354
2013,0.00,"Winnipeg, Manitoba",29.91.13,v53100354
2014,0.00,"Winnipeg, Manitoba",29.91.13,v53100354
2015,0.00,"Winnipeg, Manitoba",29.91.13,v53100354
1998,18.00,"Saskatchewan",30.91.13,v53100496
1999,3.00,"Saskatchewan",30.91.13,v53100496
2000,2.00,"Saskatchewan",30.91.13,v53100496
2001,0.00,"Saskatchewan",30.91.13,v53100496
2002,1.00,"Saskatchewan",30.91.13,v53100496
2003,4.00,"Saskatchewan",30.91.13,v53100496
2004,2.00,"Saskatchewan",30.91.13,v53100496
2005,1.00,"Saskatchewan",30.91.13,v53100496
2006,0.00,"Saskatchewan",30.91.13,v53100496
2007,0.00,"Saskatchewan",30.91.13,v53100496
2008,0.00,"Saskatchewan",30.91.13,v53100496
2009,..,"Saskatchewan",30.91.13,v53100496
2010,..,"Saskatchewan",30.91.13,v53100496
2011,..,"Saskatchewan",30.91.13,v53100496
2012,..,"Saskatchewan",30.91.13,v53100496
2013,0.00,"Saskatchewan",30.91.13,v53100496
2014,0.00,"Saskatchewan",30.91.13,v53100496
2015,0.00,"Saskatchewan",30.91.13,v53100496
1998,2.00,"Regina, Saskatchewan",31.91.13,v53100568
1999,0.00,"Regina, Saskatchewan",31.91.13,v53100568
2000,0.00,"Regina, Saskatchewan",31.91.13,v53100568
2001,0.00,"Regina, Saskatchewan",31.91.13,v53100568
2002,0.00,"Regina, Saskatchewan",31.91.13,v53100568
2003,0.00,"Regina, Saskatchewan",31.91.13,v53100568
2004,0.00,"Regina, Saskatchewan",31.91.13,v53100568
2005,0.00,"Regina, Saskatchewan",31.91.13,v53100568
2006,0.00,"Regina, Saskatchewan",31.91.13,v53100568
2007,0.00,"Regina, Saskatchewan",31.91.13,v53100568
2008,0.00,"Regina, Saskatchewan",31.91.13,v53100568
2009,..,"Regina, Saskatchewan",31.91.13,v53100568
2010,..,"Regina, Saskatchewan",31.91.13,v53100568
2011,..,"Regina, Saskatchewan",31.91.13,v53100568
2012,..,"Regina, Saskatchewan",31.91.13,v53100568
2013,0.00,"Regina, Saskatchewan",31.91.13,v53100568
2014,0.00,"Regina, Saskatchewan",31.91.13,v53100568
2015,0.00,"Regina, Saskatchewan",31.91.13,v53100568
1998,2.00,"Saskatoon, Saskatchewan",32.91.13,v53100670
1999,1.00,"Saskatoon, Saskatchewan",32.91.13,v53100670
2000,0.00,"Saskatoon, Saskatchewan",32.91.13,v53100670
2001,0.00,"Saskatoon, Saskatchewan",32.91.13,v53100670
2002,0.00,"Saskatoon, Saskatchewan",32.91.13,v53100670
2003,0.00,"Saskatoon, Saskatchewan",32.91.13,v53100670
2004,0.00,"Saskatoon, Saskatchewan",32.91.13,v53100670
2005,0.00,"Saskatoon, Saskatchewan",32.91.13,v53100670
2006,0.00,"Saskatoon, Saskatchewan",32.91.13,v53100670
2007,0.00,"Saskatoon, Saskatchewan",32.91.13,v53100670
2008,0.00,"Saskatoon, Saskatchewan",32.91.13,v53100670
2009,..,"Saskatoon, Saskatchewan",32.91.13,v53100670
2010,..,"Saskatoon, Saskatchewan",32.91.13,v53100670
2011,..,"Saskatoon, Saskatchewan",32.91.13,v53100670
2012,..,"Saskatoon, Saskatchewan",32.91.13,v53100670
2013,0.00,"Saskatoon, Saskatchewan",32.91.13,v53100670
2014,0.00,"Saskatoon, Saskatchewan",32.91.13,v53100670
2015,0.00,"Saskatoon, Saskatchewan",32.91.13,v53100670
1998,70.00,"Alberta",33.91.13,v53100714
1999,17.00,"Alberta",33.91.13,v53100714
2000,12.00,"Alberta",33.91.13,v53100714
2001,13.00,"Alberta",33.91.13,v53100714
2002,2.00,"Alberta",33.91.13,v53100714
2003,22.00,"Alberta",33.91.13,v53100714
2004,9.00,"Alberta",33.91.13,v53100714
2005,0.00,"Alberta",33.91.13,v53100714
2006,0.00,"Alberta",33.91.13,v53100714
2007,0.00,"Alberta",33.91.13,v53100714
2008,0.00,"Alberta",33.91.13,v53100714
2009,..,"Alberta",33.91.13,v53100714
2010,..,"Alberta",33.91.13,v53100714
2011,..,"Alberta",33.91.13,v53100714
2012,..,"Alberta",33.91.13,v53100714
2013,0.00,"Alberta",33.91.13,v53100714
2014,0.00,"Alberta",33.91.13,v53100714
2015,0.00,"Alberta",33.91.13,v53100714
1998,20.00,"Calgary, Alberta",34.91.13,v53100774
1999,0.00,"Calgary, Alberta",34.91.13,v53100774
2000,1.00,"Calgary, Alberta",34.91.13,v53100774
2001,1.00,"Calgary, Alberta",34.91.13,v53100774
2002,0.00,"Calgary, Alberta",34.91.13,v53100774
2003,0.00,"Calgary, Alberta",34.91.13,v53100774
2004,0.00,"Calgary, Alberta",34.91.13,v53100774
2005,0.00,"Calgary, Alberta",34.91.13,v53100774
2006,0.00,"Calgary, Alberta",34.91.13,v53100774
2007,0.00,"Calgary, Alberta",34.91.13,v53100774
2008,0.00,"Calgary, Alberta",34.91.13,v53100774
2009,..,"Calgary, Alberta",34.91.13,v53100774
2010,..,"Calgary, Alberta",34.91.13,v53100774
2011,..,"Calgary, Alberta",34.91.13,v53100774
2012,..,"Calgary, Alberta",34.91.13,v53100774
2013,0.00,"Calgary, Alberta",34.91.13,v53100774
2014,0.00,"Calgary, Alberta",34.91.13,v53100774
2015,0.00,"Calgary, Alberta",34.91.13,v53100774
1998,13.00,"Edmonton, Alberta",35.91.13,v53100816
1999,11.00,"Edmonton, Alberta",35.91.13,v53100816
2000,2.00,"Edmonton, Alberta",35.91.13,v53100816
2001,2.00,"Edmonton, Alberta",35.91.13,v53100816
2002,0.00,"Edmonton, Alberta",35.91.13,v53100816
2003,9.00,"Edmonton, Alberta",35.91.13,v53100816
2004,3.00,"Edmonton, Alberta",35.91.13,v53100816
2005,0.00,"Edmonton, Alberta",35.91.13,v53100816
2006,0.00,"Edmonton, Alberta",35.91.13,v53100816
2007,0.00,"Edmonton, Alberta",35.91.13,v53100816
2008,0.00,"Edmonton, Alberta",35.91.13,v53100816
2009,..,"Edmonton, Alberta",35.91.13,v53100816
2010,..,"Edmonton, Alberta",35.91.13,v53100816
2011,..,"Edmonton, Alberta",35.91.13,v53100816
2012,..,"Edmonton, Alberta",35.91.13,v53100816
2013,0.00,"Edmonton, Alberta",35.91.13,v53100816
2014,0.00,"Edmonton, Alberta",35.91.13,v53100816
2015,0.00,"Edmonton, Alberta",35.91.13,v53100816
1998,214.00,"British Columbia",36.91.13,v53100850
1999,75.00,"British Columbia",36.91.13,v53100850
2000,65.00,"British Columbia",36.91.13,v53100850
2001,46.00,"British Columbia",36.91.13,v53100850
2002,21.00,"British Columbia",36.91.13,v53100850
2003,63.00,"British Columbia",36.91.13,v53100850
2004,35.00,"British Columbia",36.91.13,v53100850
2005,7.00,"British Columbia",36.91.13,v53100850
2006,0.00,"British Columbia",36.91.13,v53100850
2007,0.00,"British Columbia",36.91.13,v53100850
2008,0.00,"British Columbia",36.91.13,v53100850
2009,..,"British Columbia",36.91.13,v53100850
2010,..,"British Columbia",36.91.13,v53100850
2011,..,"British Columbia",36.91.13,v53100850
2012,..,"British Columbia",36.91.13,v53100850
2013,0.00,"British Columbia",36.91.13,v53100850
2014,0.00,"British Columbia",36.91.13,v53100850
2015,0.00,"British Columbia",36.91.13,v53100850
2005,..,"Kelowna, British Columbia",48.91.13,v53101910
2006,0.00,"Kelowna, British Columbia",48.91.13,v53101910
2007,0.00,"Kelowna, British Columbia",48.91.13,v53101910
2008,0.00,"Kelowna, British Columbia",48.91.13,v53101910
2009,..,"Kelowna, British Columbia",48.91.13,v53101910
2010,..,"Kelowna, British Columbia",48.91.13,v53101910
2011,..,"Kelowna, British Columbia",48.91.13,v53101910
2012,..,"Kelowna, British Columbia",48.91.13,v53101910
2013,0.00,"Kelowna, British Columbia",48.91.13,v53101910
2014,0.00,"Kelowna, British Columbia",48.91.13,v53101910
2015,0.00,"Kelowna, British Columbia",48.91.13,v53101910
2000,..,"Abbotsford-Mission, British Columbia",39.91.13,v53101064
2001,2.00,"Abbotsford-Mission, British Columbia",39.91.13,v53101064
2002,0.00,"Abbotsford-Mission, British Columbia",39.91.13,v53101064
2003,1.00,"Abbotsford-Mission, British Columbia",39.91.13,v53101064
2004,2.00,"Abbotsford-Mission, British Columbia",39.91.13,v53101064
2005,0.00,"Abbotsford-Mission, British Columbia",39.91.13,v53101064
2006,0.00,"Abbotsford-Mission, British Columbia",39.91.13,v53101064
2007,0.00,"Abbotsford-Mission, British Columbia",39.91.13,v53101064
2008,0.00,"Abbotsford-Mission, British Columbia",39.91.13,v53101064
2009,..,"Abbotsford-Mission, British Columbia",39.91.13,v53101064
2010,..,"Abbotsford-Mission, British Columbia",39.91.13,v53101064
2011,..,"Abbotsford-Mission, British Columbia",39.91.13,v53101064
2012,..,"Abbotsford-Mission, British Columbia",39.91.13,v53101064
2013,0.00,"Abbotsford-Mission, British Columbia",39.91.13,v53101064
2014,0.00,"Abbotsford-Mission, British Columbia",39.91.13,v53101064
2015,0.00,"Abbotsford-Mission, British Columbia",39.91.13,v53101064
1998,90.00,"Vancouver, British Columbia",37.91.13,v53100892
1999,36.00,"Vancouver, British Columbia",37.91.13,v53100892
2000,41.00,"Vancouver, British Columbia",37.91.13,v53100892
2001,23.00,"Vancouver, British Columbia",37.91.13,v53100892
2002,10.00,"Vancouver, British Columbia",37.91.13,v53100892
2003,29.00,"Vancouver, British Columbia",37.91.13,v53100892
2004,13.00,"Vancouver, British Columbia",37.91.13,v53100892
2005,3.00,"Vancouver, British Columbia",37.91.13,v53100892
2006,0.00,"Vancouver, British Columbia",37.91.13,v53100892
2007,0.00,"Vancouver, British Columbia",37.91.13,v53100892
2008,0.00,"Vancouver, British Columbia",37.91.13,v53100892
2009,..,"Vancouver, British Columbia",37.91.13,v53100892
2010,..,"Vancouver, British Columbia",37.91.13,v53100892
2011,..,"Vancouver, British Columbia",37.91.13,v53100892
2012,..,"Vancouver, British Columbia",37.91.13,v53100892
2013,0.00,"Vancouver, British Columbia",37.91.13,v53100892
2014,0.00,"Vancouver, British Columbia",37.91.13,v53100892
2015,0.00,"Vancouver, British Columbia",37.91.13,v53100892
1998,45.00,"Victoria, British Columbia",38.91.13,v53100958
1999,7.00,"Victoria, British Columbia",38.91.13,v53100958
2000,8.00,"Victoria, British Columbia",38.91.13,v53100958
2001,4.00,"Victoria, British Columbia",38.91.13,v53100958
2002,2.00,"Victoria, British Columbia",38.91.13,v53100958
2003,5.00,"Victoria, British Columbia",38.91.13,v53100958
2004,1.00,"Victoria, British Columbia",38.91.13,v53100958
2005,0.00,"Victoria, British Columbia",38.91.13,v53100958
2006,0.00,"Victoria, British Columbia",38.91.13,v53100958
2007,0.00,"Victoria, British Columbia",38.91.13,v53100958
2008,0.00,"Victoria, British Columbia",38.91.13,v53100958
2009,..,"Victoria, British Columbia",38.91.13,v53100958
2010,..,"Victoria, British Columbia",38.91.13,v53100958
2011,..,"Victoria, British Columbia",38.91.13,v53100958
2012,..,"Victoria, British Columbia",38.91.13,v53100958
2013,0.00,"Victoria, British Columbia",38.91.13,v53100958
2014,0.00,"Victoria, British Columbia",38.91.13,v53100958
2015,0.00,"Victoria, British Columbia",38.91.13,v53100958
1998,0.00,"Yukon",40.91.13,v53101260
1999,0.00,"Yukon",40.91.13,v53101260
2000,0.00,"Yukon",40.91.13,v53101260
2001,0.00,"Yukon",40.91.13,v53101260
2002,0.00,"Yukon",40.91.13,v53101260
2003,0.00,"Yukon",40.91.13,v53101260
2004,0.00,"Yukon",40.91.13,v53101260
2005,0.00,"Yukon",40.91.13,v53101260
2006,0.00,"Yukon",40.91.13,v53101260
2007,0.00,"Yukon",40.91.13,v53101260
2008,0.00,"Yukon",40.91.13,v53101260
2009,..,"Yukon",40.91.13,v53101260
2010,..,"Yukon",40.91.13,v53101260
2011,..,"Yukon",40.91.13,v53101260
2012,..,"Yukon",40.91.13,v53101260
2013,0.00,"Yukon",40.91.13,v53101260
2014,0.00,"Yukon",40.91.13,v53101260
2015,0.00,"Yukon",40.91.13,v53101260
1998,2.00,"Northwest Territories",41.91.13,v53101378
1999,0.00,"Northwest Territories",41.91.13,v53101378
2000,0.00,"Northwest Territories",41.91.13,v53101378
2001,0.00,"Northwest Territories",41.91.13,v53101378
2002,0.00,"Northwest Territories",41.91.13,v53101378
2003,0.00,"Northwest Territories",41.91.13,v53101378
2004,0.00,"Northwest Territories",41.91.13,v53101378
2005,0.00,"Northwest Territories",41.91.13,v53101378
2006,0.00,"Northwest Territories",41.91.13,v53101378
2007,0.00,"Northwest Territories",41.91.13,v53101378
2008,0.00,"Northwest Territories",41.91.13,v53101378
2009,..,"Northwest Territories",41.91.13,v53101378
2010,..,"Northwest Territories",41.91.13,v53101378
2011,..,"Northwest Territories",41.91.13,v53101378
2012,..,"Northwest Territories",41.91.13,v53101378
2013,0.00,"Northwest Territories",41.91.13,v53101378
2014,0.00,"Northwest Territories",41.91.13,v53101378
2015,0.00,"Northwest Territories",41.91.13,v53101378
1998,..,"Nunavut",42.91.13,v53101498
1999,0.00,"Nunavut",42.91.13,v53101498
2000,0.00,"Nunavut",42.91.13,v53101498
2001,0.00,"Nunavut",42.91.13,v53101498
2002,0.00,"Nunavut",42.91.13,v53101498
2003,0.00,"Nunavut",42.91.13,v53101498
2004,0.00,"Nunavut",42.91.13,v53101498
2005,0.00,"Nunavut",42.91.13,v53101498
2006,0.00,"Nunavut",42.91.13,v53101498
2007,0.00,"Nunavut",42.91.13,v53101498
2008,0.00,"Nunavut",42.91.13,v53101498
2009,..,"Nunavut",42.91.13,v53101498
2010,..,"Nunavut",42.91.13,v53101498
2011,..,"Nunavut",42.91.13,v53101498
2012,..,"Nunavut",42.91.13,v53101498
2013,0.00,"Nunavut",42.91.13,v53101498
2014,0.00,"Nunavut",42.91.13,v53101498
2015,0.00,"Nunavut",42.91.13,v53101498
