1998,1748.00,"Canada",1.22.9,v44344768
1999,1795.00,"Canada",1.22.9,v44344768
2000,1804.00,"Canada",1.22.9,v44344768
2001,1943.00,"Canada",1.22.9,v44344768
2002,2026.00,"Canada",1.22.9,v44344768
2003,2199.00,"Canada",1.22.9,v44344768
2004,2010.00,"Canada",1.22.9,v44344768
2005,2095.00,"Canada",1.22.9,v44344768
2006,2318.00,"Canada",1.22.9,v44344768
2007,2496.00,"Canada",1.22.9,v44344768
2008,2495.00,"Canada",1.22.9,v44344768
2009,2568.00,"Canada",1.22.9,v44344768
2010,2598.00,"Canada",1.22.9,v44344768
2011,2574.00,"Canada",1.22.9,v44344768
2012,2703.00,"Canada",1.22.9,v44344768
2013,2572.00,"Canada",1.22.9,v44344768
2014,2512.00,"Canada",1.22.9,v44344768
2015,2640.00,"Canada",1.22.9,v44344768
1998,12.00,"Newfoundland and Labrador",2.22.9,v44352992
1999,22.00,"Newfoundland and Labrador",2.22.9,v44352992
2000,9.00,"Newfoundland and Labrador",2.22.9,v44352992
2001,19.00,"Newfoundland and Labrador",2.22.9,v44352992
2002,6.00,"Newfoundland and Labrador",2.22.9,v44352992
2003,16.00,"Newfoundland and Labrador",2.22.9,v44352992
2004,14.00,"Newfoundland and Labrador",2.22.9,v44352992
2005,17.00,"Newfoundland and Labrador",2.22.9,v44352992
2006,22.00,"Newfoundland and Labrador",2.22.9,v44352992
2007,14.00,"Newfoundland and Labrador",2.22.9,v44352992
2008,26.00,"Newfoundland and Labrador",2.22.9,v44352992
2009,29.00,"Newfoundland and Labrador",2.22.9,v44352992
2010,23.00,"Newfoundland and Labrador",2.22.9,v44352992
2011,31.00,"Newfoundland and Labrador",2.22.9,v44352992
2012,26.00,"Newfoundland and Labrador",2.22.9,v44352992
2013,17.00,"Newfoundland and Labrador",2.22.9,v44352992
2014,24.00,"Newfoundland and Labrador",2.22.9,v44352992
2015,30.00,"Newfoundland and Labrador",2.22.9,v44352992
1998,3.00,"St. John's, Newfoundland and Labrador",3.22.9,v44358630
1999,6.00,"St. John's, Newfoundland and Labrador",3.22.9,v44358630
2000,1.00,"St. John's, Newfoundland and Labrador",3.22.9,v44358630
2001,2.00,"St. John's, Newfoundland and Labrador",3.22.9,v44358630
2002,0.00,"St. John's, Newfoundland and Labrador",3.22.9,v44358630
2003,4.00,"St. John's, Newfoundland and Labrador",3.22.9,v44358630
2004,4.00,"St. John's, Newfoundland and Labrador",3.22.9,v44358630
2005,5.00,"St. John's, Newfoundland and Labrador",3.22.9,v44358630
2006,7.00,"St. John's, Newfoundland and Labrador",3.22.9,v44358630
2007,6.00,"St. John's, Newfoundland and Labrador",3.22.9,v44358630
2008,2.00,"St. John's, Newfoundland and Labrador",3.22.9,v44358630
2009,7.00,"St. John's, Newfoundland and Labrador",3.22.9,v44358630
2010,6.00,"St. John's, Newfoundland and Labrador",3.22.9,v44358630
2011,7.00,"St. John's, Newfoundland and Labrador",3.22.9,v44358630
2012,5.00,"St. John's, Newfoundland and Labrador",3.22.9,v44358630
2013,3.00,"St. John's, Newfoundland and Labrador",3.22.9,v44358630
2014,7.00,"St. John's, Newfoundland and Labrador",3.22.9,v44358630
2015,8.00,"St. John's, Newfoundland and Labrador",3.22.9,v44358630
1998,..,"Prince Edward Island",4.22.9,v44328350
1999,2.00,"Prince Edward Island",4.22.9,v44328350
2000,4.00,"Prince Edward Island",4.22.9,v44328350
2001,1.00,"Prince Edward Island",4.22.9,v44328350
2002,2.00,"Prince Edward Island",4.22.9,v44328350
2003,3.00,"Prince Edward Island",4.22.9,v44328350
2004,4.00,"Prince Edward Island",4.22.9,v44328350
2005,2.00,"Prince Edward Island",4.22.9,v44328350
2006,6.00,"Prince Edward Island",4.22.9,v44328350
2007,3.00,"Prince Edward Island",4.22.9,v44328350
2008,2.00,"Prince Edward Island",4.22.9,v44328350
2009,4.00,"Prince Edward Island",4.22.9,v44328350
2010,5.00,"Prince Edward Island",4.22.9,v44328350
2011,6.00,"Prince Edward Island",4.22.9,v44328350
2012,1.00,"Prince Edward Island",4.22.9,v44328350
2013,3.00,"Prince Edward Island",4.22.9,v44328350
2014,9.00,"Prince Edward Island",4.22.9,v44328350
2015,1.00,"Prince Edward Island",4.22.9,v44328350
1998,53.00,"Nova Scotia",5.22.9,v44351833
1999,57.00,"Nova Scotia",5.22.9,v44351833
2000,39.00,"Nova Scotia",5.22.9,v44351833
2001,43.00,"Nova Scotia",5.22.9,v44351833
2002,52.00,"Nova Scotia",5.22.9,v44351833
2003,49.00,"Nova Scotia",5.22.9,v44351833
2004,36.00,"Nova Scotia",5.22.9,v44351833
2005,59.00,"Nova Scotia",5.22.9,v44351833
2006,64.00,"Nova Scotia",5.22.9,v44351833
2007,76.00,"Nova Scotia",5.22.9,v44351833
2008,63.00,"Nova Scotia",5.22.9,v44351833
2009,61.00,"Nova Scotia",5.22.9,v44351833
2010,68.00,"Nova Scotia",5.22.9,v44351833
2011,64.00,"Nova Scotia",5.22.9,v44351833
2012,55.00,"Nova Scotia",5.22.9,v44351833
2013,47.00,"Nova Scotia",5.22.9,v44351833
2014,71.00,"Nova Scotia",5.22.9,v44351833
2015,63.00,"Nova Scotia",5.22.9,v44351833
1998,33.00,"Halifax, Nova Scotia",6.22.9,v44390336
1999,32.00,"Halifax, Nova Scotia",6.22.9,v44390336
2000,12.00,"Halifax, Nova Scotia",6.22.9,v44390336
2001,13.00,"Halifax, Nova Scotia",6.22.9,v44390336
2002,12.00,"Halifax, Nova Scotia",6.22.9,v44390336
2003,14.00,"Halifax, Nova Scotia",6.22.9,v44390336
2004,18.00,"Halifax, Nova Scotia",6.22.9,v44390336
2005,27.00,"Halifax, Nova Scotia",6.22.9,v44390336
2006,30.00,"Halifax, Nova Scotia",6.22.9,v44390336
2007,35.00,"Halifax, Nova Scotia",6.22.9,v44390336
2008,26.00,"Halifax, Nova Scotia",6.22.9,v44390336
2009,30.00,"Halifax, Nova Scotia",6.22.9,v44390336
2010,38.00,"Halifax, Nova Scotia",6.22.9,v44390336
2011,28.00,"Halifax, Nova Scotia",6.22.9,v44390336
2012,19.00,"Halifax, Nova Scotia",6.22.9,v44390336
2013,16.00,"Halifax, Nova Scotia",6.22.9,v44390336
2014,23.00,"Halifax, Nova Scotia",6.22.9,v44390336
2015,32.00,"Halifax, Nova Scotia",6.22.9,v44390336
1998,18.00,"New Brunswick",7.22.9,v44339682
1999,35.00,"New Brunswick",7.22.9,v44339682
2000,36.00,"New Brunswick",7.22.9,v44339682
2001,30.00,"New Brunswick",7.22.9,v44339682
2002,37.00,"New Brunswick",7.22.9,v44339682
2003,25.00,"New Brunswick",7.22.9,v44339682
2004,25.00,"New Brunswick",7.22.9,v44339682
2005,45.00,"New Brunswick",7.22.9,v44339682
2006,38.00,"New Brunswick",7.22.9,v44339682
2007,39.00,"New Brunswick",7.22.9,v44339682
2008,36.00,"New Brunswick",7.22.9,v44339682
2009,31.00,"New Brunswick",7.22.9,v44339682
2010,43.00,"New Brunswick",7.22.9,v44339682
2011,36.00,"New Brunswick",7.22.9,v44339682
2012,31.00,"New Brunswick",7.22.9,v44339682
2013,32.00,"New Brunswick",7.22.9,v44339682
2014,40.00,"New Brunswick",7.22.9,v44339682
2015,55.00,"New Brunswick",7.22.9,v44339682
2005,..,"Moncton, New Brunswick",43.22.9,v52118551
2006,9.00,"Moncton, New Brunswick",43.22.9,v52118551
2007,3.00,"Moncton, New Brunswick",43.22.9,v52118551
2008,7.00,"Moncton, New Brunswick",43.22.9,v52118551
2009,6.00,"Moncton, New Brunswick",43.22.9,v52118551
2010,6.00,"Moncton, New Brunswick",43.22.9,v52118551
2011,10.00,"Moncton, New Brunswick",43.22.9,v52118551
2012,7.00,"Moncton, New Brunswick",43.22.9,v52118551
2013,8.00,"Moncton, New Brunswick",43.22.9,v52118551
2014,8.00,"Moncton, New Brunswick",43.22.9,v52118551
2015,14.00,"Moncton, New Brunswick",43.22.9,v52118551
1998,4.00,"Saint John, New Brunswick",8.22.9,v44372123
1999,9.00,"Saint John, New Brunswick",8.22.9,v44372123
2000,2.00,"Saint John, New Brunswick",8.22.9,v44372123
2001,0.00,"Saint John, New Brunswick",8.22.9,v44372123
2002,5.00,"Saint John, New Brunswick",8.22.9,v44372123
2003,6.00,"Saint John, New Brunswick",8.22.9,v44372123
2004,2.00,"Saint John, New Brunswick",8.22.9,v44372123
2005,7.00,"Saint John, New Brunswick",8.22.9,v44372123
2006,4.00,"Saint John, New Brunswick",8.22.9,v44372123
2007,9.00,"Saint John, New Brunswick",8.22.9,v44372123
2008,3.00,"Saint John, New Brunswick",8.22.9,v44372123
2009,4.00,"Saint John, New Brunswick",8.22.9,v44372123
2010,13.00,"Saint John, New Brunswick",8.22.9,v44372123
2011,6.00,"Saint John, New Brunswick",8.22.9,v44372123
2012,9.00,"Saint John, New Brunswick",8.22.9,v44372123
2013,8.00,"Saint John, New Brunswick",8.22.9,v44372123
2014,4.00,"Saint John, New Brunswick",8.22.9,v44372123
2015,9.00,"Saint John, New Brunswick",8.22.9,v44372123
1998,237.00,"Quebec",9.22.9,v44349385
1999,196.00,"Quebec",9.22.9,v44349385
2000,205.00,"Quebec",9.22.9,v44349385
2001,201.00,"Quebec",9.22.9,v44349385
2002,189.00,"Quebec",9.22.9,v44349385
2003,214.00,"Quebec",9.22.9,v44349385
2004,186.00,"Quebec",9.22.9,v44349385
2005,165.00,"Quebec",9.22.9,v44349385
2006,163.00,"Quebec",9.22.9,v44349385
2007,155.00,"Quebec",9.22.9,v44349385
2008,150.00,"Quebec",9.22.9,v44349385
2009,184.00,"Quebec",9.22.9,v44349385
2010,154.00,"Quebec",9.22.9,v44349385
2011,121.00,"Quebec",9.22.9,v44349385
2012,170.00,"Quebec",9.22.9,v44349385
2013,165.00,"Quebec",9.22.9,v44349385
2014,139.00,"Quebec",9.22.9,v44349385
2015,148.00,"Quebec",9.22.9,v44349385
1998,4.00,"Saguenay, Quebec",10.22.9,v44339044
1999,2.00,"Saguenay, Quebec",10.22.9,v44339044
2000,7.00,"Saguenay, Quebec",10.22.9,v44339044
2001,1.00,"Saguenay, Quebec",10.22.9,v44339044
2002,6.00,"Saguenay, Quebec",10.22.9,v44339044
2003,2.00,"Saguenay, Quebec",10.22.9,v44339044
2004,5.00,"Saguenay, Quebec",10.22.9,v44339044
2005,1.00,"Saguenay, Quebec",10.22.9,v44339044
2006,4.00,"Saguenay, Quebec",10.22.9,v44339044
2007,3.00,"Saguenay, Quebec",10.22.9,v44339044
2008,3.00,"Saguenay, Quebec",10.22.9,v44339044
2009,5.00,"Saguenay, Quebec",10.22.9,v44339044
2010,2.00,"Saguenay, Quebec",10.22.9,v44339044
2011,2.00,"Saguenay, Quebec",10.22.9,v44339044
2012,4.00,"Saguenay, Quebec",10.22.9,v44339044
2013,1.00,"Saguenay, Quebec",10.22.9,v44339044
2014,1.00,"Saguenay, Quebec",10.22.9,v44339044
2015,1.00,"Saguenay, Quebec",10.22.9,v44339044
1998,6.00,"Sherbrooke, Quebec",12.22.9,v44334782
1999,2.00,"Sherbrooke, Quebec",12.22.9,v44334782
2000,4.00,"Sherbrooke, Quebec",12.22.9,v44334782
2001,2.00,"Sherbrooke, Quebec",12.22.9,v44334782
2002,1.00,"Sherbrooke, Quebec",12.22.9,v44334782
2003,3.00,"Sherbrooke, Quebec",12.22.9,v44334782
2004,5.00,"Sherbrooke, Quebec",12.22.9,v44334782
2005,6.00,"Sherbrooke, Quebec",12.22.9,v44334782
2006,1.00,"Sherbrooke, Quebec",12.22.9,v44334782
2007,0.00,"Sherbrooke, Quebec",12.22.9,v44334782
2008,4.00,"Sherbrooke, Quebec",12.22.9,v44334782
2009,4.00,"Sherbrooke, Quebec",12.22.9,v44334782
2010,8.00,"Sherbrooke, Quebec",12.22.9,v44334782
2011,5.00,"Sherbrooke, Quebec",12.22.9,v44334782
2012,6.00,"Sherbrooke, Quebec",12.22.9,v44334782
2013,3.00,"Sherbrooke, Quebec",12.22.9,v44334782
2014,4.00,"Sherbrooke, Quebec",12.22.9,v44334782
2015,7.00,"Sherbrooke, Quebec",12.22.9,v44334782
1998,11.00,"Ottawa-Gatineau, Quebec part",15.22.9,v44335126
1999,6.00,"Ottawa-Gatineau, Quebec part",15.22.9,v44335126
2000,16.00,"Ottawa-Gatineau, Quebec part",15.22.9,v44335126
2001,16.00,"Ottawa-Gatineau, Quebec part",15.22.9,v44335126
2002,17.00,"Ottawa-Gatineau, Quebec part",15.22.9,v44335126
2003,11.00,"Ottawa-Gatineau, Quebec part",15.22.9,v44335126
2004,10.00,"Ottawa-Gatineau, Quebec part",15.22.9,v44335126
2005,26.00,"Ottawa-Gatineau, Quebec part",15.22.9,v44335126
2006,23.00,"Ottawa-Gatineau, Quebec part",15.22.9,v44335126
2007,8.00,"Ottawa-Gatineau, Quebec part",15.22.9,v44335126
2008,8.00,"Ottawa-Gatineau, Quebec part",15.22.9,v44335126
2009,21.00,"Ottawa-Gatineau, Quebec part",15.22.9,v44335126
2010,7.00,"Ottawa-Gatineau, Quebec part",15.22.9,v44335126
2011,7.00,"Ottawa-Gatineau, Quebec part",15.22.9,v44335126
2012,23.00,"Ottawa-Gatineau, Quebec part",15.22.9,v44335126
2013,8.00,"Ottawa-Gatineau, Quebec part",15.22.9,v44335126
2014,2.00,"Ottawa-Gatineau, Quebec part",15.22.9,v44335126
2015,4.00,"Ottawa-Gatineau, Quebec part",15.22.9,v44335126
1998,685.00,"Ontario",16.22.9,v44372891
1999,723.00,"Ontario",16.22.9,v44372891
2000,779.00,"Ontario",16.22.9,v44372891
2001,764.00,"Ontario",16.22.9,v44372891
2002,742.00,"Ontario",16.22.9,v44372891
2003,826.00,"Ontario",16.22.9,v44372891
2004,723.00,"Ontario",16.22.9,v44372891
2005,783.00,"Ontario",16.22.9,v44372891
2006,846.00,"Ontario",16.22.9,v44372891
2007,916.00,"Ontario",16.22.9,v44372891
2008,921.00,"Ontario",16.22.9,v44372891
2009,913.00,"Ontario",16.22.9,v44372891
2010,849.00,"Ontario",16.22.9,v44372891
2011,790.00,"Ontario",16.22.9,v44372891
2012,858.00,"Ontario",16.22.9,v44372891
2013,833.00,"Ontario",16.22.9,v44372891
2014,783.00,"Ontario",16.22.9,v44372891
2015,873.00,"Ontario",16.22.9,v44372891
1998,33.00,"Ottawa-Gatineau, Ontario/Quebec",17.22.9,v52149259
1999,40.00,"Ottawa-Gatineau, Ontario/Quebec",17.22.9,v52149259
2000,57.00,"Ottawa-Gatineau, Ontario/Quebec",17.22.9,v52149259
2001,66.00,"Ottawa-Gatineau, Ontario/Quebec",17.22.9,v52149259
2002,74.00,"Ottawa-Gatineau, Ontario/Quebec",17.22.9,v52149259
2003,53.00,"Ottawa-Gatineau, Ontario/Quebec",17.22.9,v52149259
2004,61.00,"Ottawa-Gatineau, Ontario/Quebec",17.22.9,v52149259
2005,71.00,"Ottawa-Gatineau, Ontario/Quebec",17.22.9,v52149259
2006,65.00,"Ottawa-Gatineau, Ontario/Quebec",17.22.9,v52149259
2007,74.00,"Ottawa-Gatineau, Ontario/Quebec",17.22.9,v52149259
2008,81.00,"Ottawa-Gatineau, Ontario/Quebec",17.22.9,v52149259
2009,104.00,"Ottawa-Gatineau, Ontario/Quebec",17.22.9,v52149259
2010,66.00,"Ottawa-Gatineau, Ontario/Quebec",17.22.9,v52149259
2011,66.00,"Ottawa-Gatineau, Ontario/Quebec",17.22.9,v52149259
2012,83.00,"Ottawa-Gatineau, Ontario/Quebec",17.22.9,v52149259
2013,64.00,"Ottawa-Gatineau, Ontario/Quebec",17.22.9,v52149259
2014,55.00,"Ottawa-Gatineau, Ontario/Quebec",17.22.9,v52149259
2015,71.00,"Ottawa-Gatineau, Ontario/Quebec",17.22.9,v52149259
1998,22.00,"Ottawa-Gatineau, Ontario part",18.22.9,v44326819
1999,34.00,"Ottawa-Gatineau, Ontario part",18.22.9,v44326819
2000,41.00,"Ottawa-Gatineau, Ontario part",18.22.9,v44326819
2001,50.00,"Ottawa-Gatineau, Ontario part",18.22.9,v44326819
2002,57.00,"Ottawa-Gatineau, Ontario part",18.22.9,v44326819
2003,42.00,"Ottawa-Gatineau, Ontario part",18.22.9,v44326819
2004,51.00,"Ottawa-Gatineau, Ontario part",18.22.9,v44326819
2005,45.00,"Ottawa-Gatineau, Ontario part",18.22.9,v44326819
2006,42.00,"Ottawa-Gatineau, Ontario part",18.22.9,v44326819
2007,66.00,"Ottawa-Gatineau, Ontario part",18.22.9,v44326819
2008,73.00,"Ottawa-Gatineau, Ontario part",18.22.9,v44326819
2009,83.00,"Ottawa-Gatineau, Ontario part",18.22.9,v44326819
2010,59.00,"Ottawa-Gatineau, Ontario part",18.22.9,v44326819
2011,59.00,"Ottawa-Gatineau, Ontario part",18.22.9,v44326819
2012,60.00,"Ottawa-Gatineau, Ontario part",18.22.9,v44326819
2013,56.00,"Ottawa-Gatineau, Ontario part",18.22.9,v44326819
2014,53.00,"Ottawa-Gatineau, Ontario part",18.22.9,v44326819
2015,67.00,"Ottawa-Gatineau, Ontario part",18.22.9,v44326819
2000,..,"Kingston, Ontario",27.22.9,v44376615
2001,7.00,"Kingston, Ontario",27.22.9,v44376615
2002,8.00,"Kingston, Ontario",27.22.9,v44376615
2003,6.00,"Kingston, Ontario",27.22.9,v44376615
2004,12.00,"Kingston, Ontario",27.22.9,v44376615
2005,13.00,"Kingston, Ontario",27.22.9,v44376615
2006,7.00,"Kingston, Ontario",27.22.9,v44376615
2007,11.00,"Kingston, Ontario",27.22.9,v44376615
2008,13.00,"Kingston, Ontario",27.22.9,v44376615
2009,9.00,"Kingston, Ontario",27.22.9,v44376615
2010,5.00,"Kingston, Ontario",27.22.9,v44376615
2011,9.00,"Kingston, Ontario",27.22.9,v44376615
2012,7.00,"Kingston, Ontario",27.22.9,v44376615
2013,8.00,"Kingston, Ontario",27.22.9,v44376615
2014,8.00,"Kingston, Ontario",27.22.9,v44376615
2015,2.00,"Kingston, Ontario",27.22.9,v44376615
2005,..,"Peterborough, Ontario",44.22.9,v52120024
2006,2.00,"Peterborough, Ontario",44.22.9,v52120024
2007,11.00,"Peterborough, Ontario",44.22.9,v52120024
2008,9.00,"Peterborough, Ontario",44.22.9,v52120024
2009,8.00,"Peterborough, Ontario",44.22.9,v52120024
2010,4.00,"Peterborough, Ontario",44.22.9,v52120024
2011,10.00,"Peterborough, Ontario",44.22.9,v52120024
2012,10.00,"Peterborough, Ontario",44.22.9,v52120024
2013,11.00,"Peterborough, Ontario",44.22.9,v52120024
2014,5.00,"Peterborough, Ontario",44.22.9,v52120024
2015,13.00,"Peterborough, Ontario",44.22.9,v52120024
1998,215.00,"Toronto, Ontario",19.22.9,v44332934
1999,231.00,"Toronto, Ontario",19.22.9,v44332934
2000,292.00,"Toronto, Ontario",19.22.9,v44332934
2001,299.00,"Toronto, Ontario",19.22.9,v44332934
2002,268.00,"Toronto, Ontario",19.22.9,v44332934
2003,291.00,"Toronto, Ontario",19.22.9,v44332934
2004,285.00,"Toronto, Ontario",19.22.9,v44332934
2005,331.00,"Toronto, Ontario",19.22.9,v44332934
2006,320.00,"Toronto, Ontario",19.22.9,v44332934
2007,328.00,"Toronto, Ontario",19.22.9,v44332934
2008,312.00,"Toronto, Ontario",19.22.9,v44332934
2009,281.00,"Toronto, Ontario",19.22.9,v44332934
2010,272.00,"Toronto, Ontario",19.22.9,v44332934
2011,253.00,"Toronto, Ontario",19.22.9,v44332934
2012,275.00,"Toronto, Ontario",19.22.9,v44332934
2013,241.00,"Toronto, Ontario",19.22.9,v44332934
2014,263.00,"Toronto, Ontario",19.22.9,v44332934
2015,273.00,"Toronto, Ontario",19.22.9,v44332934
1998,26.00,"Hamilton, Ontario",20.22.9,v44400171
1999,19.00,"Hamilton, Ontario",20.22.9,v44400171
2000,38.00,"Hamilton, Ontario",20.22.9,v44400171
2001,32.00,"Hamilton, Ontario",20.22.9,v44400171
2002,31.00,"Hamilton, Ontario",20.22.9,v44400171
2003,26.00,"Hamilton, Ontario",20.22.9,v44400171
2004,23.00,"Hamilton, Ontario",20.22.9,v44400171
2005,32.00,"Hamilton, Ontario",20.22.9,v44400171
2006,43.00,"Hamilton, Ontario",20.22.9,v44400171
2007,41.00,"Hamilton, Ontario",20.22.9,v44400171
2008,37.00,"Hamilton, Ontario",20.22.9,v44400171
2009,52.00,"Hamilton, Ontario",20.22.9,v44400171
2010,52.00,"Hamilton, Ontario",20.22.9,v44400171
2011,31.00,"Hamilton, Ontario",20.22.9,v44400171
2012,31.00,"Hamilton, Ontario",20.22.9,v44400171
2013,28.00,"Hamilton, Ontario",20.22.9,v44400171
2014,31.00,"Hamilton, Ontario",20.22.9,v44400171
2015,32.00,"Hamilton, Ontario",20.22.9,v44400171
1998,7.00,"St.Catharines-Niagara, Ontario",21.22.9,v44401277
1999,19.00,"St.Catharines-Niagara, Ontario",21.22.9,v44401277
2000,10.00,"St.Catharines-Niagara, Ontario",21.22.9,v44401277
2001,15.00,"St.Catharines-Niagara, Ontario",21.22.9,v44401277
2002,11.00,"St.Catharines-Niagara, Ontario",21.22.9,v44401277
2003,21.00,"St.Catharines-Niagara, Ontario",21.22.9,v44401277
2004,16.00,"St.Catharines-Niagara, Ontario",21.22.9,v44401277
2005,30.00,"St.Catharines-Niagara, Ontario",21.22.9,v44401277
2006,30.00,"St.Catharines-Niagara, Ontario",21.22.9,v44401277
2007,28.00,"St.Catharines-Niagara, Ontario",21.22.9,v44401277
2008,37.00,"St.Catharines-Niagara, Ontario",21.22.9,v44401277
2009,36.00,"St.Catharines-Niagara, Ontario",21.22.9,v44401277
2010,26.00,"St.Catharines-Niagara, Ontario",21.22.9,v44401277
2011,26.00,"St.Catharines-Niagara, Ontario",21.22.9,v44401277
2012,33.00,"St.Catharines-Niagara, Ontario",21.22.9,v44401277
2013,16.00,"St.Catharines-Niagara, Ontario",21.22.9,v44401277
2014,28.00,"St.Catharines-Niagara, Ontario",21.22.9,v44401277
2015,35.00,"St.Catharines-Niagara, Ontario",21.22.9,v44401277
1998,30.00,"Kitchener-Cambridge-Waterloo, Ontario",22.22.9,v44372284
1999,21.00,"Kitchener-Cambridge-Waterloo, Ontario",22.22.9,v44372284
2000,23.00,"Kitchener-Cambridge-Waterloo, Ontario",22.22.9,v44372284
2001,26.00,"Kitchener-Cambridge-Waterloo, Ontario",22.22.9,v44372284
2002,36.00,"Kitchener-Cambridge-Waterloo, Ontario",22.22.9,v44372284
2003,39.00,"Kitchener-Cambridge-Waterloo, Ontario",22.22.9,v44372284
2004,33.00,"Kitchener-Cambridge-Waterloo, Ontario",22.22.9,v44372284
2005,24.00,"Kitchener-Cambridge-Waterloo, Ontario",22.22.9,v44372284
2006,38.00,"Kitchener-Cambridge-Waterloo, Ontario",22.22.9,v44372284
2007,33.00,"Kitchener-Cambridge-Waterloo, Ontario",22.22.9,v44372284
2008,33.00,"Kitchener-Cambridge-Waterloo, Ontario",22.22.9,v44372284
2009,39.00,"Kitchener-Cambridge-Waterloo, Ontario",22.22.9,v44372284
2010,29.00,"Kitchener-Cambridge-Waterloo, Ontario",22.22.9,v44372284
2011,21.00,"Kitchener-Cambridge-Waterloo, Ontario",22.22.9,v44372284
2012,25.00,"Kitchener-Cambridge-Waterloo, Ontario",22.22.9,v44372284
2013,40.00,"Kitchener-Cambridge-Waterloo, Ontario",22.22.9,v44372284
2014,34.00,"Kitchener-Cambridge-Waterloo, Ontario",22.22.9,v44372284
2015,32.00,"Kitchener-Cambridge-Waterloo, Ontario",22.22.9,v44372284
2005,..,"Brantford, Ontario",45.22.9,v52125286
2006,15.00,"Brantford, Ontario",45.22.9,v52125286
2007,30.00,"Brantford, Ontario",45.22.9,v52125286
2008,11.00,"Brantford, Ontario",45.22.9,v52125286
2009,10.00,"Brantford, Ontario",45.22.9,v52125286
2010,21.00,"Brantford, Ontario",45.22.9,v52125286
2011,13.00,"Brantford, Ontario",45.22.9,v52125286
2012,14.00,"Brantford, Ontario",45.22.9,v52125286
2013,18.00,"Brantford, Ontario",45.22.9,v52125286
2014,10.00,"Brantford, Ontario",45.22.9,v52125286
2015,12.00,"Brantford, Ontario",45.22.9,v52125286
2005,..,"Guelph, Ontario",46.22.9,v52126368
2006,9.00,"Guelph, Ontario",46.22.9,v52126368
2007,8.00,"Guelph, Ontario",46.22.9,v52126368
2008,3.00,"Guelph, Ontario",46.22.9,v52126368
2009,6.00,"Guelph, Ontario",46.22.9,v52126368
2010,3.00,"Guelph, Ontario",46.22.9,v52126368
2011,7.00,"Guelph, Ontario",46.22.9,v52126368
2012,8.00,"Guelph, Ontario",46.22.9,v52126368
2013,6.00,"Guelph, Ontario",46.22.9,v52126368
2014,5.00,"Guelph, Ontario",46.22.9,v52126368
2015,5.00,"Guelph, Ontario",46.22.9,v52126368
1998,24.00,"London, Ontario",23.22.9,v44398116
1999,20.00,"London, Ontario",23.22.9,v44398116
2000,39.00,"London, Ontario",23.22.9,v44398116
2001,28.00,"London, Ontario",23.22.9,v44398116
2002,35.00,"London, Ontario",23.22.9,v44398116
2003,34.00,"London, Ontario",23.22.9,v44398116
2004,19.00,"London, Ontario",23.22.9,v44398116
2005,15.00,"London, Ontario",23.22.9,v44398116
2006,22.00,"London, Ontario",23.22.9,v44398116
2007,26.00,"London, Ontario",23.22.9,v44398116
2008,28.00,"London, Ontario",23.22.9,v44398116
2009,36.00,"London, Ontario",23.22.9,v44398116
2010,26.00,"London, Ontario",23.22.9,v44398116
2011,21.00,"London, Ontario",23.22.9,v44398116
2012,27.00,"London, Ontario",23.22.9,v44398116
2013,27.00,"London, Ontario",23.22.9,v44398116
2014,24.00,"London, Ontario",23.22.9,v44398116
2015,21.00,"London, Ontario",23.22.9,v44398116
1998,67.00,"Windsor, Ontario",24.22.9,v44409680
1999,48.00,"Windsor, Ontario",24.22.9,v44409680
2000,38.00,"Windsor, Ontario",24.22.9,v44409680
2001,41.00,"Windsor, Ontario",24.22.9,v44409680
2002,18.00,"Windsor, Ontario",24.22.9,v44409680
2003,25.00,"Windsor, Ontario",24.22.9,v44409680
2004,16.00,"Windsor, Ontario",24.22.9,v44409680
2005,17.00,"Windsor, Ontario",24.22.9,v44409680
2006,24.00,"Windsor, Ontario",24.22.9,v44409680
2007,16.00,"Windsor, Ontario",24.22.9,v44409680
2008,17.00,"Windsor, Ontario",24.22.9,v44409680
2009,18.00,"Windsor, Ontario",24.22.9,v44409680
2010,24.00,"Windsor, Ontario",24.22.9,v44409680
2011,23.00,"Windsor, Ontario",24.22.9,v44409680
2012,33.00,"Windsor, Ontario",24.22.9,v44409680
2013,29.00,"Windsor, Ontario",24.22.9,v44409680
2014,18.00,"Windsor, Ontario",24.22.9,v44409680
2015,20.00,"Windsor, Ontario",24.22.9,v44409680
2005,..,"Barrie, Ontario",47.22.9,v52143715
2006,8.00,"Barrie, Ontario",47.22.9,v52143715
2007,10.00,"Barrie, Ontario",47.22.9,v52143715
2008,16.00,"Barrie, Ontario",47.22.9,v52143715
2009,10.00,"Barrie, Ontario",47.22.9,v52143715
2010,6.00,"Barrie, Ontario",47.22.9,v52143715
2011,11.00,"Barrie, Ontario",47.22.9,v52143715
2012,13.00,"Barrie, Ontario",47.22.9,v52143715
2013,5.00,"Barrie, Ontario",47.22.9,v52143715
2014,23.00,"Barrie, Ontario",47.22.9,v52143715
2015,13.00,"Barrie, Ontario",47.22.9,v52143715
1998,24.00,"Sudbury, Ontario",25.22.9,v44407460
1999,19.00,"Sudbury, Ontario",25.22.9,v44407460
2000,10.00,"Sudbury, Ontario",25.22.9,v44407460
2001,12.00,"Sudbury, Ontario",25.22.9,v44407460
2002,21.00,"Sudbury, Ontario",25.22.9,v44407460
2003,23.00,"Sudbury, Ontario",25.22.9,v44407460
2004,9.00,"Sudbury, Ontario",25.22.9,v44407460
2005,12.00,"Sudbury, Ontario",25.22.9,v44407460
2006,16.00,"Sudbury, Ontario",25.22.9,v44407460
2007,19.00,"Sudbury, Ontario",25.22.9,v44407460
2008,8.00,"Sudbury, Ontario",25.22.9,v44407460
2009,15.00,"Sudbury, Ontario",25.22.9,v44407460
2010,7.00,"Sudbury, Ontario",25.22.9,v44407460
2011,10.00,"Sudbury, Ontario",25.22.9,v44407460
2012,21.00,"Sudbury, Ontario",25.22.9,v44407460
2013,14.00,"Sudbury, Ontario",25.22.9,v44407460
2014,11.00,"Sudbury, Ontario",25.22.9,v44407460
2015,13.00,"Sudbury, Ontario",25.22.9,v44407460
1998,28.00,"Thunder Bay, Ontario",26.22.9,v44348411
1999,23.00,"Thunder Bay, Ontario",26.22.9,v44348411
2000,29.00,"Thunder Bay, Ontario",26.22.9,v44348411
2001,15.00,"Thunder Bay, Ontario",26.22.9,v44348411
2002,20.00,"Thunder Bay, Ontario",26.22.9,v44348411
2003,18.00,"Thunder Bay, Ontario",26.22.9,v44348411
2004,20.00,"Thunder Bay, Ontario",26.22.9,v44348411
2005,18.00,"Thunder Bay, Ontario",26.22.9,v44348411
2006,29.00,"Thunder Bay, Ontario",26.22.9,v44348411
2007,28.00,"Thunder Bay, Ontario",26.22.9,v44348411
2008,26.00,"Thunder Bay, Ontario",26.22.9,v44348411
2009,39.00,"Thunder Bay, Ontario",26.22.9,v44348411
2010,29.00,"Thunder Bay, Ontario",26.22.9,v44348411
2011,28.00,"Thunder Bay, Ontario",26.22.9,v44348411
2012,21.00,"Thunder Bay, Ontario",26.22.9,v44348411
2013,34.00,"Thunder Bay, Ontario",26.22.9,v44348411
2014,23.00,"Thunder Bay, Ontario",26.22.9,v44348411
2015,35.00,"Thunder Bay, Ontario",26.22.9,v44348411
1998,162.00,"Manitoba",28.22.9,v44330519
1999,168.00,"Manitoba",28.22.9,v44330519
2000,144.00,"Manitoba",28.22.9,v44330519
2001,185.00,"Manitoba",28.22.9,v44330519
2002,245.00,"Manitoba",28.22.9,v44330519
2003,226.00,"Manitoba",28.22.9,v44330519
2004,217.00,"Manitoba",28.22.9,v44330519
2005,239.00,"Manitoba",28.22.9,v44330519
2006,239.00,"Manitoba",28.22.9,v44330519
2007,270.00,"Manitoba",28.22.9,v44330519
2008,264.00,"Manitoba",28.22.9,v44330519
2009,307.00,"Manitoba",28.22.9,v44330519
2010,287.00,"Manitoba",28.22.9,v44330519
2011,312.00,"Manitoba",28.22.9,v44330519
2012,325.00,"Manitoba",28.22.9,v44330519
2013,290.00,"Manitoba",28.22.9,v44330519
2014,317.00,"Manitoba",28.22.9,v44330519
2015,348.00,"Manitoba",28.22.9,v44330519
1998,85.00,"Winnipeg, Manitoba",29.22.9,v44356279
1999,79.00,"Winnipeg, Manitoba",29.22.9,v44356279
2000,83.00,"Winnipeg, Manitoba",29.22.9,v44356279
2001,93.00,"Winnipeg, Manitoba",29.22.9,v44356279
2002,116.00,"Winnipeg, Manitoba",29.22.9,v44356279
2003,85.00,"Winnipeg, Manitoba",29.22.9,v44356279
2004,85.00,"Winnipeg, Manitoba",29.22.9,v44356279
2005,84.00,"Winnipeg, Manitoba",29.22.9,v44356279
2006,121.00,"Winnipeg, Manitoba",29.22.9,v44356279
2007,114.00,"Winnipeg, Manitoba",29.22.9,v44356279
2008,129.00,"Winnipeg, Manitoba",29.22.9,v44356279
2009,141.00,"Winnipeg, Manitoba",29.22.9,v44356279
2010,144.00,"Winnipeg, Manitoba",29.22.9,v44356279
2011,128.00,"Winnipeg, Manitoba",29.22.9,v44356279
2012,112.00,"Winnipeg, Manitoba",29.22.9,v44356279
2013,113.00,"Winnipeg, Manitoba",29.22.9,v44356279
2014,111.00,"Winnipeg, Manitoba",29.22.9,v44356279
2015,126.00,"Winnipeg, Manitoba",29.22.9,v44356279
1998,144.00,"Saskatchewan",30.22.9,v44349932
1999,156.00,"Saskatchewan",30.22.9,v44349932
2000,137.00,"Saskatchewan",30.22.9,v44349932
2001,172.00,"Saskatchewan",30.22.9,v44349932
2002,228.00,"Saskatchewan",30.22.9,v44349932
2003,207.00,"Saskatchewan",30.22.9,v44349932
2004,222.00,"Saskatchewan",30.22.9,v44349932
2005,191.00,"Saskatchewan",30.22.9,v44349932
2006,250.00,"Saskatchewan",30.22.9,v44349932
2007,303.00,"Saskatchewan",30.22.9,v44349932
2008,270.00,"Saskatchewan",30.22.9,v44349932
2009,288.00,"Saskatchewan",30.22.9,v44349932
2010,306.00,"Saskatchewan",30.22.9,v44349932
2011,303.00,"Saskatchewan",30.22.9,v44349932
2012,330.00,"Saskatchewan",30.22.9,v44349932
2013,299.00,"Saskatchewan",30.22.9,v44349932
2014,303.00,"Saskatchewan",30.22.9,v44349932
2015,297.00,"Saskatchewan",30.22.9,v44349932
1998,22.00,"Regina, Saskatchewan",31.22.9,v44342421
1999,26.00,"Regina, Saskatchewan",31.22.9,v44342421
2000,32.00,"Regina, Saskatchewan",31.22.9,v44342421
2001,48.00,"Regina, Saskatchewan",31.22.9,v44342421
2002,40.00,"Regina, Saskatchewan",31.22.9,v44342421
2003,35.00,"Regina, Saskatchewan",31.22.9,v44342421
2004,33.00,"Regina, Saskatchewan",31.22.9,v44342421
2005,38.00,"Regina, Saskatchewan",31.22.9,v44342421
2006,53.00,"Regina, Saskatchewan",31.22.9,v44342421
2007,48.00,"Regina, Saskatchewan",31.22.9,v44342421
2008,44.00,"Regina, Saskatchewan",31.22.9,v44342421
2009,59.00,"Regina, Saskatchewan",31.22.9,v44342421
2010,50.00,"Regina, Saskatchewan",31.22.9,v44342421
2011,50.00,"Regina, Saskatchewan",31.22.9,v44342421
2012,60.00,"Regina, Saskatchewan",31.22.9,v44342421
2013,51.00,"Regina, Saskatchewan",31.22.9,v44342421
2014,46.00,"Regina, Saskatchewan",31.22.9,v44342421
2015,50.00,"Regina, Saskatchewan",31.22.9,v44342421
1998,42.00,"Saskatoon, Saskatchewan",32.22.9,v44356603
1999,47.00,"Saskatoon, Saskatchewan",32.22.9,v44356603
2000,45.00,"Saskatoon, Saskatchewan",32.22.9,v44356603
2001,36.00,"Saskatoon, Saskatchewan",32.22.9,v44356603
2002,33.00,"Saskatoon, Saskatchewan",32.22.9,v44356603
2003,42.00,"Saskatoon, Saskatchewan",32.22.9,v44356603
2004,43.00,"Saskatoon, Saskatchewan",32.22.9,v44356603
2005,41.00,"Saskatoon, Saskatchewan",32.22.9,v44356603
2006,31.00,"Saskatoon, Saskatchewan",32.22.9,v44356603
2007,63.00,"Saskatoon, Saskatchewan",32.22.9,v44356603
2008,51.00,"Saskatoon, Saskatchewan",32.22.9,v44356603
2009,37.00,"Saskatoon, Saskatchewan",32.22.9,v44356603
2010,54.00,"Saskatoon, Saskatchewan",32.22.9,v44356603
2011,53.00,"Saskatoon, Saskatchewan",32.22.9,v44356603
2012,45.00,"Saskatoon, Saskatchewan",32.22.9,v44356603
2013,41.00,"Saskatoon, Saskatchewan",32.22.9,v44356603
2014,47.00,"Saskatoon, Saskatchewan",32.22.9,v44356603
2015,44.00,"Saskatoon, Saskatchewan",32.22.9,v44356603
1998,251.00,"Alberta",33.22.9,v44356942
1999,258.00,"Alberta",33.22.9,v44356942
2000,262.00,"Alberta",33.22.9,v44356942
2001,310.00,"Alberta",33.22.9,v44356942
2002,330.00,"Alberta",33.22.9,v44356942
2003,397.00,"Alberta",33.22.9,v44356942
2004,344.00,"Alberta",33.22.9,v44356942
2005,378.00,"Alberta",33.22.9,v44356942
2006,414.00,"Alberta",33.22.9,v44356942
2007,412.00,"Alberta",33.22.9,v44356942
2008,458.00,"Alberta",33.22.9,v44356942
2009,435.00,"Alberta",33.22.9,v44356942
2010,470.00,"Alberta",33.22.9,v44356942
2011,502.00,"Alberta",33.22.9,v44356942
2012,551.00,"Alberta",33.22.9,v44356942
2013,538.00,"Alberta",33.22.9,v44356942
2014,515.00,"Alberta",33.22.9,v44356942
2015,519.00,"Alberta",33.22.9,v44356942
1998,45.00,"Calgary, Alberta",34.22.9,v44389464
1999,38.00,"Calgary, Alberta",34.22.9,v44389464
2000,60.00,"Calgary, Alberta",34.22.9,v44389464
2001,49.00,"Calgary, Alberta",34.22.9,v44389464
2002,60.00,"Calgary, Alberta",34.22.9,v44389464
2003,97.00,"Calgary, Alberta",34.22.9,v44389464
2004,73.00,"Calgary, Alberta",34.22.9,v44389464
2005,89.00,"Calgary, Alberta",34.22.9,v44389464
2006,81.00,"Calgary, Alberta",34.22.9,v44389464
2007,82.00,"Calgary, Alberta",34.22.9,v44389464
2008,66.00,"Calgary, Alberta",34.22.9,v44389464
2009,60.00,"Calgary, Alberta",34.22.9,v44389464
2010,71.00,"Calgary, Alberta",34.22.9,v44389464
2011,76.00,"Calgary, Alberta",34.22.9,v44389464
2012,80.00,"Calgary, Alberta",34.22.9,v44389464
2013,98.00,"Calgary, Alberta",34.22.9,v44389464
2014,95.00,"Calgary, Alberta",34.22.9,v44389464
2015,75.00,"Calgary, Alberta",34.22.9,v44389464
1998,112.00,"Edmonton, Alberta",35.22.9,v44371302
1999,125.00,"Edmonton, Alberta",35.22.9,v44371302
2000,125.00,"Edmonton, Alberta",35.22.9,v44371302
2001,126.00,"Edmonton, Alberta",35.22.9,v44371302
2002,114.00,"Edmonton, Alberta",35.22.9,v44371302
2003,119.00,"Edmonton, Alberta",35.22.9,v44371302
2004,111.00,"Edmonton, Alberta",35.22.9,v44371302
2005,123.00,"Edmonton, Alberta",35.22.9,v44371302
2006,107.00,"Edmonton, Alberta",35.22.9,v44371302
2007,120.00,"Edmonton, Alberta",35.22.9,v44371302
2008,139.00,"Edmonton, Alberta",35.22.9,v44371302
2009,169.00,"Edmonton, Alberta",35.22.9,v44371302
2010,171.00,"Edmonton, Alberta",35.22.9,v44371302
2011,206.00,"Edmonton, Alberta",35.22.9,v44371302
2012,204.00,"Edmonton, Alberta",35.22.9,v44371302
2013,192.00,"Edmonton, Alberta",35.22.9,v44371302
2014,179.00,"Edmonton, Alberta",35.22.9,v44371302
2015,199.00,"Edmonton, Alberta",35.22.9,v44371302
1998,162.00,"British Columbia",36.22.9,v44370578
1999,149.00,"British Columbia",36.22.9,v44370578
2000,170.00,"British Columbia",36.22.9,v44370578
2001,197.00,"British Columbia",36.22.9,v44370578
2002,181.00,"British Columbia",36.22.9,v44370578
2003,199.00,"British Columbia",36.22.9,v44370578
2004,201.00,"British Columbia",36.22.9,v44370578
2005,184.00,"British Columbia",36.22.9,v44370578
2006,226.00,"British Columbia",36.22.9,v44370578
2007,266.00,"British Columbia",36.22.9,v44370578
2008,245.00,"British Columbia",36.22.9,v44370578
2009,258.00,"British Columbia",36.22.9,v44370578
2010,326.00,"British Columbia",36.22.9,v44370578
2011,334.00,"British Columbia",36.22.9,v44370578
2012,278.00,"British Columbia",36.22.9,v44370578
2013,282.00,"British Columbia",36.22.9,v44370578
2014,258.00,"British Columbia",36.22.9,v44370578
2015,248.00,"British Columbia",36.22.9,v44370578
2005,..,"Kelowna, British Columbia",48.22.9,v52143192
2006,2.00,"Kelowna, British Columbia",48.22.9,v52143192
2007,3.00,"Kelowna, British Columbia",48.22.9,v52143192
2008,6.00,"Kelowna, British Columbia",48.22.9,v52143192
2009,10.00,"Kelowna, British Columbia",48.22.9,v52143192
2010,10.00,"Kelowna, British Columbia",48.22.9,v52143192
2011,12.00,"Kelowna, British Columbia",48.22.9,v52143192
2012,12.00,"Kelowna, British Columbia",48.22.9,v52143192
2013,10.00,"Kelowna, British Columbia",48.22.9,v52143192
2014,7.00,"Kelowna, British Columbia",48.22.9,v52143192
2015,6.00,"Kelowna, British Columbia",48.22.9,v52143192
2000,..,"Abbotsford-Mission, British Columbia",39.22.9,v44405362
2001,13.00,"Abbotsford-Mission, British Columbia",39.22.9,v44405362
2002,7.00,"Abbotsford-Mission, British Columbia",39.22.9,v44405362
2003,12.00,"Abbotsford-Mission, British Columbia",39.22.9,v44405362
2004,5.00,"Abbotsford-Mission, British Columbia",39.22.9,v44405362
2005,5.00,"Abbotsford-Mission, British Columbia",39.22.9,v44405362
2006,6.00,"Abbotsford-Mission, British Columbia",39.22.9,v44405362
2007,12.00,"Abbotsford-Mission, British Columbia",39.22.9,v44405362
2008,14.00,"Abbotsford-Mission, British Columbia",39.22.9,v44405362
2009,5.00,"Abbotsford-Mission, British Columbia",39.22.9,v44405362
2010,10.00,"Abbotsford-Mission, British Columbia",39.22.9,v44405362
2011,6.00,"Abbotsford-Mission, British Columbia",39.22.9,v44405362
2012,2.00,"Abbotsford-Mission, British Columbia",39.22.9,v44405362
2013,15.00,"Abbotsford-Mission, British Columbia",39.22.9,v44405362
2014,13.00,"Abbotsford-Mission, British Columbia",39.22.9,v44405362
2015,10.00,"Abbotsford-Mission, British Columbia",39.22.9,v44405362
1998,69.00,"Vancouver, British Columbia",37.22.9,v44395647
1999,68.00,"Vancouver, British Columbia",37.22.9,v44395647
2000,56.00,"Vancouver, British Columbia",37.22.9,v44395647
2001,63.00,"Vancouver, British Columbia",37.22.9,v44395647
2002,66.00,"Vancouver, British Columbia",37.22.9,v44395647
2003,68.00,"Vancouver, British Columbia",37.22.9,v44395647
2004,74.00,"Vancouver, British Columbia",37.22.9,v44395647
2005,69.00,"Vancouver, British Columbia",37.22.9,v44395647
2006,76.00,"Vancouver, British Columbia",37.22.9,v44395647
2007,104.00,"Vancouver, British Columbia",37.22.9,v44395647
2008,94.00,"Vancouver, British Columbia",37.22.9,v44395647
2009,106.00,"Vancouver, British Columbia",37.22.9,v44395647
2010,126.00,"Vancouver, British Columbia",37.22.9,v44395647
2011,118.00,"Vancouver, British Columbia",37.22.9,v44395647
2012,108.00,"Vancouver, British Columbia",37.22.9,v44395647
2013,107.00,"Vancouver, British Columbia",37.22.9,v44395647
2014,88.00,"Vancouver, British Columbia",37.22.9,v44395647
2015,92.00,"Vancouver, British Columbia",37.22.9,v44395647
1998,16.00,"Victoria, British Columbia",38.22.9,v44402525
1999,10.00,"Victoria, British Columbia",38.22.9,v44402525
2000,10.00,"Victoria, British Columbia",38.22.9,v44402525
2001,25.00,"Victoria, British Columbia",38.22.9,v44402525
2002,13.00,"Victoria, British Columbia",38.22.9,v44402525
2003,20.00,"Victoria, British Columbia",38.22.9,v44402525
2004,12.00,"Victoria, British Columbia",38.22.9,v44402525
2005,7.00,"Victoria, British Columbia",38.22.9,v44402525
2006,14.00,"Victoria, British Columbia",38.22.9,v44402525
2007,20.00,"Victoria, British Columbia",38.22.9,v44402525
2008,11.00,"Victoria, British Columbia",38.22.9,v44402525
2009,16.00,"Victoria, British Columbia",38.22.9,v44402525
2010,17.00,"Victoria, British Columbia",38.22.9,v44402525
2011,26.00,"Victoria, British Columbia",38.22.9,v44402525
2012,18.00,"Victoria, British Columbia",38.22.9,v44402525
2013,24.00,"Victoria, British Columbia",38.22.9,v44402525
2014,23.00,"Victoria, British Columbia",38.22.9,v44402525
2015,15.00,"Victoria, British Columbia",38.22.9,v44402525
1998,6.00,"Yukon",40.22.9,v44386821
1999,9.00,"Yukon",40.22.9,v44386821
2000,3.00,"Yukon",40.22.9,v44386821
2001,6.00,"Yukon",40.22.9,v44386821
2002,2.00,"Yukon",40.22.9,v44386821
2003,14.00,"Yukon",40.22.9,v44386821
2004,10.00,"Yukon",40.22.9,v44386821
2005,5.00,"Yukon",40.22.9,v44386821
2006,14.00,"Yukon",40.22.9,v44386821
2007,13.00,"Yukon",40.22.9,v44386821
2008,10.00,"Yukon",40.22.9,v44386821
2009,10.00,"Yukon",40.22.9,v44386821
2010,14.00,"Yukon",40.22.9,v44386821
2011,22.00,"Yukon",40.22.9,v44386821
2012,17.00,"Yukon",40.22.9,v44386821
2013,12.00,"Yukon",40.22.9,v44386821
2014,15.00,"Yukon",40.22.9,v44386821
2015,13.00,"Yukon",40.22.9,v44386821
1998,18.00,"Northwest Territories",41.22.9,v44366143
1999,18.00,"Northwest Territories",41.22.9,v44366143
2000,8.00,"Northwest Territories",41.22.9,v44366143
2001,9.00,"Northwest Territories",41.22.9,v44366143
2002,7.00,"Northwest Territories",41.22.9,v44366143
2003,11.00,"Northwest Territories",41.22.9,v44366143
2004,20.00,"Northwest Territories",41.22.9,v44366143
2005,20.00,"Northwest Territories",41.22.9,v44366143
2006,19.00,"Northwest Territories",41.22.9,v44366143
2007,12.00,"Northwest Territories",41.22.9,v44366143
2008,19.00,"Northwest Territories",41.22.9,v44366143
2009,27.00,"Northwest Territories",41.22.9,v44366143
2010,28.00,"Northwest Territories",41.22.9,v44366143
2011,26.00,"Northwest Territories",41.22.9,v44366143
2012,29.00,"Northwest Territories",41.22.9,v44366143
2013,19.00,"Northwest Territories",41.22.9,v44366143
2014,6.00,"Northwest Territories",41.22.9,v44366143
2015,24.00,"Northwest Territories",41.22.9,v44366143
1998,..,"Nunavut",42.22.9,v44393755
1999,2.00,"Nunavut",42.22.9,v44393755
2000,8.00,"Nunavut",42.22.9,v44393755
2001,6.00,"Nunavut",42.22.9,v44393755
2002,5.00,"Nunavut",42.22.9,v44393755
2003,12.00,"Nunavut",42.22.9,v44393755
2004,8.00,"Nunavut",42.22.9,v44393755
2005,7.00,"Nunavut",42.22.9,v44393755
2006,17.00,"Nunavut",42.22.9,v44393755
2007,17.00,"Nunavut",42.22.9,v44393755
2008,31.00,"Nunavut",42.22.9,v44393755
2009,21.00,"Nunavut",42.22.9,v44393755
2010,25.00,"Nunavut",42.22.9,v44393755
2011,27.00,"Nunavut",42.22.9,v44393755
2012,32.00,"Nunavut",42.22.9,v44393755
2013,35.00,"Nunavut",42.22.9,v44393755
2014,32.00,"Nunavut",42.22.9,v44393755
2015,21.00,"Nunavut",42.22.9,v44393755
1998,1748.00,"Canada",1.22.9,v44344768
1999,1795.00,"Canada",1.22.9,v44344768
2000,1804.00,"Canada",1.22.9,v44344768
2001,1943.00,"Canada",1.22.9,v44344768
2002,2026.00,"Canada",1.22.9,v44344768
2003,2199.00,"Canada",1.22.9,v44344768
2004,2010.00,"Canada",1.22.9,v44344768
2005,2095.00,"Canada",1.22.9,v44344768
2006,2318.00,"Canada",1.22.9,v44344768
2007,2496.00,"Canada",1.22.9,v44344768
2008,2495.00,"Canada",1.22.9,v44344768
2009,2568.00,"Canada",1.22.9,v44344768
2010,2598.00,"Canada",1.22.9,v44344768
2011,2574.00,"Canada",1.22.9,v44344768
2012,2703.00,"Canada",1.22.9,v44344768
2013,2572.00,"Canada",1.22.9,v44344768
2014,2512.00,"Canada",1.22.9,v44344768
2015,2640.00,"Canada",1.22.9,v44344768
1998,12.00,"Newfoundland and Labrador",2.22.9,v44352992
1999,22.00,"Newfoundland and Labrador",2.22.9,v44352992
2000,9.00,"Newfoundland and Labrador",2.22.9,v44352992
2001,19.00,"Newfoundland and Labrador",2.22.9,v44352992
2002,6.00,"Newfoundland and Labrador",2.22.9,v44352992
2003,16.00,"Newfoundland and Labrador",2.22.9,v44352992
2004,14.00,"Newfoundland and Labrador",2.22.9,v44352992
2005,17.00,"Newfoundland and Labrador",2.22.9,v44352992
2006,22.00,"Newfoundland and Labrador",2.22.9,v44352992
2007,14.00,"Newfoundland and Labrador",2.22.9,v44352992
2008,26.00,"Newfoundland and Labrador",2.22.9,v44352992
2009,29.00,"Newfoundland and Labrador",2.22.9,v44352992
2010,23.00,"Newfoundland and Labrador",2.22.9,v44352992
2011,31.00,"Newfoundland and Labrador",2.22.9,v44352992
2012,26.00,"Newfoundland and Labrador",2.22.9,v44352992
2013,17.00,"Newfoundland and Labrador",2.22.9,v44352992
2014,24.00,"Newfoundland and Labrador",2.22.9,v44352992
2015,30.00,"Newfoundland and Labrador",2.22.9,v44352992
1998,3.00,"St. John's, Newfoundland and Labrador",3.22.9,v44358630
1999,6.00,"St. John's, Newfoundland and Labrador",3.22.9,v44358630
2000,1.00,"St. John's, Newfoundland and Labrador",3.22.9,v44358630
2001,2.00,"St. John's, Newfoundland and Labrador",3.22.9,v44358630
2002,0.00,"St. John's, Newfoundland and Labrador",3.22.9,v44358630
2003,4.00,"St. John's, Newfoundland and Labrador",3.22.9,v44358630
2004,4.00,"St. John's, Newfoundland and Labrador",3.22.9,v44358630
2005,5.00,"St. John's, Newfoundland and Labrador",3.22.9,v44358630
2006,7.00,"St. John's, Newfoundland and Labrador",3.22.9,v44358630
2007,6.00,"St. John's, Newfoundland and Labrador",3.22.9,v44358630
2008,2.00,"St. John's, Newfoundland and Labrador",3.22.9,v44358630
2009,7.00,"St. John's, Newfoundland and Labrador",3.22.9,v44358630
2010,6.00,"St. John's, Newfoundland and Labrador",3.22.9,v44358630
2011,7.00,"St. John's, Newfoundland and Labrador",3.22.9,v44358630
2012,5.00,"St. John's, Newfoundland and Labrador",3.22.9,v44358630
2013,3.00,"St. John's, Newfoundland and Labrador",3.22.9,v44358630
2014,7.00,"St. John's, Newfoundland and Labrador",3.22.9,v44358630
2015,8.00,"St. John's, Newfoundland and Labrador",3.22.9,v44358630
1998,..,"Prince Edward Island",4.22.9,v44328350
1999,2.00,"Prince Edward Island",4.22.9,v44328350
2000,4.00,"Prince Edward Island",4.22.9,v44328350
2001,1.00,"Prince Edward Island",4.22.9,v44328350
2002,2.00,"Prince Edward Island",4.22.9,v44328350
2003,3.00,"Prince Edward Island",4.22.9,v44328350
2004,4.00,"Prince Edward Island",4.22.9,v44328350
2005,2.00,"Prince Edward Island",4.22.9,v44328350
2006,6.00,"Prince Edward Island",4.22.9,v44328350
2007,3.00,"Prince Edward Island",4.22.9,v44328350
2008,2.00,"Prince Edward Island",4.22.9,v44328350
2009,4.00,"Prince Edward Island",4.22.9,v44328350
2010,5.00,"Prince Edward Island",4.22.9,v44328350
2011,6.00,"Prince Edward Island",4.22.9,v44328350
2012,1.00,"Prince Edward Island",4.22.9,v44328350
2013,3.00,"Prince Edward Island",4.22.9,v44328350
2014,9.00,"Prince Edward Island",4.22.9,v44328350
2015,1.00,"Prince Edward Island",4.22.9,v44328350
1998,53.00,"Nova Scotia",5.22.9,v44351833
1999,57.00,"Nova Scotia",5.22.9,v44351833
2000,39.00,"Nova Scotia",5.22.9,v44351833
2001,43.00,"Nova Scotia",5.22.9,v44351833
2002,52.00,"Nova Scotia",5.22.9,v44351833
2003,49.00,"Nova Scotia",5.22.9,v44351833
2004,36.00,"Nova Scotia",5.22.9,v44351833
2005,59.00,"Nova Scotia",5.22.9,v44351833
2006,64.00,"Nova Scotia",5.22.9,v44351833
2007,76.00,"Nova Scotia",5.22.9,v44351833
2008,63.00,"Nova Scotia",5.22.9,v44351833
2009,61.00,"Nova Scotia",5.22.9,v44351833
2010,68.00,"Nova Scotia",5.22.9,v44351833
2011,64.00,"Nova Scotia",5.22.9,v44351833
2012,55.00,"Nova Scotia",5.22.9,v44351833
2013,47.00,"Nova Scotia",5.22.9,v44351833
2014,71.00,"Nova Scotia",5.22.9,v44351833
2015,63.00,"Nova Scotia",5.22.9,v44351833
1998,33.00,"Halifax, Nova Scotia",6.22.9,v44390336
1999,32.00,"Halifax, Nova Scotia",6.22.9,v44390336
2000,12.00,"Halifax, Nova Scotia",6.22.9,v44390336
2001,13.00,"Halifax, Nova Scotia",6.22.9,v44390336
2002,12.00,"Halifax, Nova Scotia",6.22.9,v44390336
2003,14.00,"Halifax, Nova Scotia",6.22.9,v44390336
2004,18.00,"Halifax, Nova Scotia",6.22.9,v44390336
2005,27.00,"Halifax, Nova Scotia",6.22.9,v44390336
2006,30.00,"Halifax, Nova Scotia",6.22.9,v44390336
2007,35.00,"Halifax, Nova Scotia",6.22.9,v44390336
2008,26.00,"Halifax, Nova Scotia",6.22.9,v44390336
2009,30.00,"Halifax, Nova Scotia",6.22.9,v44390336
2010,38.00,"Halifax, Nova Scotia",6.22.9,v44390336
2011,28.00,"Halifax, Nova Scotia",6.22.9,v44390336
2012,19.00,"Halifax, Nova Scotia",6.22.9,v44390336
2013,16.00,"Halifax, Nova Scotia",6.22.9,v44390336
2014,23.00,"Halifax, Nova Scotia",6.22.9,v44390336
2015,32.00,"Halifax, Nova Scotia",6.22.9,v44390336
1998,18.00,"New Brunswick",7.22.9,v44339682
1999,35.00,"New Brunswick",7.22.9,v44339682
2000,36.00,"New Brunswick",7.22.9,v44339682
2001,30.00,"New Brunswick",7.22.9,v44339682
2002,37.00,"New Brunswick",7.22.9,v44339682
2003,25.00,"New Brunswick",7.22.9,v44339682
2004,25.00,"New Brunswick",7.22.9,v44339682
2005,45.00,"New Brunswick",7.22.9,v44339682
2006,38.00,"New Brunswick",7.22.9,v44339682
2007,39.00,"New Brunswick",7.22.9,v44339682
2008,36.00,"New Brunswick",7.22.9,v44339682
2009,31.00,"New Brunswick",7.22.9,v44339682
2010,43.00,"New Brunswick",7.22.9,v44339682
2011,36.00,"New Brunswick",7.22.9,v44339682
2012,31.00,"New Brunswick",7.22.9,v44339682
2013,32.00,"New Brunswick",7.22.9,v44339682
2014,40.00,"New Brunswick",7.22.9,v44339682
2015,55.00,"New Brunswick",7.22.9,v44339682
2005,..,"Moncton, New Brunswick",43.22.9,v52118551
2006,9.00,"Moncton, New Brunswick",43.22.9,v52118551
2007,3.00,"Moncton, New Brunswick",43.22.9,v52118551
2008,7.00,"Moncton, New Brunswick",43.22.9,v52118551
2009,6.00,"Moncton, New Brunswick",43.22.9,v52118551
2010,6.00,"Moncton, New Brunswick",43.22.9,v52118551
2011,10.00,"Moncton, New Brunswick",43.22.9,v52118551
2012,7.00,"Moncton, New Brunswick",43.22.9,v52118551
2013,8.00,"Moncton, New Brunswick",43.22.9,v52118551
2014,8.00,"Moncton, New Brunswick",43.22.9,v52118551
2015,14.00,"Moncton, New Brunswick",43.22.9,v52118551
1998,4.00,"Saint John, New Brunswick",8.22.9,v44372123
1999,9.00,"Saint John, New Brunswick",8.22.9,v44372123
2000,2.00,"Saint John, New Brunswick",8.22.9,v44372123
2001,0.00,"Saint John, New Brunswick",8.22.9,v44372123
2002,5.00,"Saint John, New Brunswick",8.22.9,v44372123
2003,6.00,"Saint John, New Brunswick",8.22.9,v44372123
2004,2.00,"Saint John, New Brunswick",8.22.9,v44372123
2005,7.00,"Saint John, New Brunswick",8.22.9,v44372123
2006,4.00,"Saint John, New Brunswick",8.22.9,v44372123
2007,9.00,"Saint John, New Brunswick",8.22.9,v44372123
2008,3.00,"Saint John, New Brunswick",8.22.9,v44372123
2009,4.00,"Saint John, New Brunswick",8.22.9,v44372123
2010,13.00,"Saint John, New Brunswick",8.22.9,v44372123
2011,6.00,"Saint John, New Brunswick",8.22.9,v44372123
2012,9.00,"Saint John, New Brunswick",8.22.9,v44372123
2013,8.00,"Saint John, New Brunswick",8.22.9,v44372123
2014,4.00,"Saint John, New Brunswick",8.22.9,v44372123
2015,9.00,"Saint John, New Brunswick",8.22.9,v44372123
1998,237.00,"Quebec",9.22.9,v44349385
1999,196.00,"Quebec",9.22.9,v44349385
2000,205.00,"Quebec",9.22.9,v44349385
2001,201.00,"Quebec",9.22.9,v44349385
2002,189.00,"Quebec",9.22.9,v44349385
2003,214.00,"Quebec",9.22.9,v44349385
2004,186.00,"Quebec",9.22.9,v44349385
2005,165.00,"Quebec",9.22.9,v44349385
2006,163.00,"Quebec",9.22.9,v44349385
2007,155.00,"Quebec",9.22.9,v44349385
2008,150.00,"Quebec",9.22.9,v44349385
2009,184.00,"Quebec",9.22.9,v44349385
2010,154.00,"Quebec",9.22.9,v44349385
2011,121.00,"Quebec",9.22.9,v44349385
2012,170.00,"Quebec",9.22.9,v44349385
2013,165.00,"Quebec",9.22.9,v44349385
2014,139.00,"Quebec",9.22.9,v44349385
2015,148.00,"Quebec",9.22.9,v44349385
1998,4.00,"Saguenay, Quebec",10.22.9,v44339044
1999,2.00,"Saguenay, Quebec",10.22.9,v44339044
2000,7.00,"Saguenay, Quebec",10.22.9,v44339044
2001,1.00,"Saguenay, Quebec",10.22.9,v44339044
2002,6.00,"Saguenay, Quebec",10.22.9,v44339044
2003,2.00,"Saguenay, Quebec",10.22.9,v44339044
2004,5.00,"Saguenay, Quebec",10.22.9,v44339044
2005,1.00,"Saguenay, Quebec",10.22.9,v44339044
2006,4.00,"Saguenay, Quebec",10.22.9,v44339044
2007,3.00,"Saguenay, Quebec",10.22.9,v44339044
2008,3.00,"Saguenay, Quebec",10.22.9,v44339044
2009,5.00,"Saguenay, Quebec",10.22.9,v44339044
2010,2.00,"Saguenay, Quebec",10.22.9,v44339044
2011,2.00,"Saguenay, Quebec",10.22.9,v44339044
2012,4.00,"Saguenay, Quebec",10.22.9,v44339044
2013,1.00,"Saguenay, Quebec",10.22.9,v44339044
2014,1.00,"Saguenay, Quebec",10.22.9,v44339044
2015,1.00,"Saguenay, Quebec",10.22.9,v44339044
1998,4.00,"Quebec, Quebec",11.22.9,v44387598
1999,7.00,"Quebec, Quebec",11.22.9,v44387598
2000,10.00,"Quebec, Quebec",11.22.9,v44387598
2001,11.00,"Quebec, Quebec",11.22.9,v44387598
2002,8.00,"Quebec, Quebec",11.22.9,v44387598
2003,10.00,"Quebec, Quebec",11.22.9,v44387598
2004,9.00,"Quebec, Quebec",11.22.9,v44387598
2005,5.00,"Quebec, Quebec",11.22.9,v44387598
2006,8.00,"Quebec, Quebec",11.22.9,v44387598
2007,1.00,"Quebec, Quebec",11.22.9,v44387598
2008,3.00,"Quebec, Quebec",11.22.9,v44387598
2009,3.00,"Quebec, Quebec",11.22.9,v44387598
2010,17.00,"Quebec, Quebec",11.22.9,v44387598
2011,7.00,"Quebec, Quebec",11.22.9,v44387598
2012,6.00,"Quebec, Quebec",11.22.9,v44387598
2013,8.00,"Quebec, Quebec",11.22.9,v44387598
2014,5.00,"Quebec, Quebec",11.22.9,v44387598
2015,7.00,"Quebec, Quebec",11.22.9,v44387598
1998,6.00,"Sherbrooke, Quebec",12.22.9,v44334782
1999,2.00,"Sherbrooke, Quebec",12.22.9,v44334782
2000,4.00,"Sherbrooke, Quebec",12.22.9,v44334782
2001,2.00,"Sherbrooke, Quebec",12.22.9,v44334782
2002,1.00,"Sherbrooke, Quebec",12.22.9,v44334782
2003,3.00,"Sherbrooke, Quebec",12.22.9,v44334782
2004,5.00,"Sherbrooke, Quebec",12.22.9,v44334782
2005,6.00,"Sherbrooke, Quebec",12.22.9,v44334782
2006,1.00,"Sherbrooke, Quebec",12.22.9,v44334782
2007,0.00,"Sherbrooke, Quebec",12.22.9,v44334782
2008,4.00,"Sherbrooke, Quebec",12.22.9,v44334782
2009,4.00,"Sherbrooke, Quebec",12.22.9,v44334782
2010,8.00,"Sherbrooke, Quebec",12.22.9,v44334782
2011,5.00,"Sherbrooke, Quebec",12.22.9,v44334782
2012,6.00,"Sherbrooke, Quebec",12.22.9,v44334782
2013,3.00,"Sherbrooke, Quebec",12.22.9,v44334782
2014,4.00,"Sherbrooke, Quebec",12.22.9,v44334782
2015,7.00,"Sherbrooke, Quebec",12.22.9,v44334782
1998,104.00,"Montreal, Quebec",14.22.9,v44381996
1999,100.00,"Montreal, Quebec",14.22.9,v44381996
2000,87.00,"Montreal, Quebec",14.22.9,v44381996
2001,84.00,"Montreal, Quebec",14.22.9,v44381996
2002,73.00,"Montreal, Quebec",14.22.9,v44381996
2003,97.00,"Montreal, Quebec",14.22.9,v44381996
2004,90.00,"Montreal, Quebec",14.22.9,v44381996
2005,65.00,"Montreal, Quebec",14.22.9,v44381996
2006,62.00,"Montreal, Quebec",14.22.9,v44381996
2007,65.00,"Montreal, Quebec",14.22.9,v44381996
2008,64.00,"Montreal, Quebec",14.22.9,v44381996
2009,91.00,"Montreal, Quebec",14.22.9,v44381996
2010,69.00,"Montreal, Quebec",14.22.9,v44381996
2011,57.00,"Montreal, Quebec",14.22.9,v44381996
2012,73.00,"Montreal, Quebec",14.22.9,v44381996
2013,88.00,"Montreal, Quebec",14.22.9,v44381996
2014,75.00,"Montreal, Quebec",14.22.9,v44381996
2015,88.00,"Montreal, Quebec",14.22.9,v44381996
1998,11.00,"Ottawa-Gatineau, Quebec part",15.22.9,v44335126
1999,6.00,"Ottawa-Gatineau, Quebec part",15.22.9,v44335126
2000,16.00,"Ottawa-Gatineau, Quebec part",15.22.9,v44335126
2001,16.00,"Ottawa-Gatineau, Quebec part",15.22.9,v44335126
2002,17.00,"Ottawa-Gatineau, Quebec part",15.22.9,v44335126
2003,11.00,"Ottawa-Gatineau, Quebec part",15.22.9,v44335126
2004,10.00,"Ottawa-Gatineau, Quebec part",15.22.9,v44335126
2005,26.00,"Ottawa-Gatineau, Quebec part",15.22.9,v44335126
2006,23.00,"Ottawa-Gatineau, Quebec part",15.22.9,v44335126
2007,8.00,"Ottawa-Gatineau, Quebec part",15.22.9,v44335126
2008,8.00,"Ottawa-Gatineau, Quebec part",15.22.9,v44335126
2009,21.00,"Ottawa-Gatineau, Quebec part",15.22.9,v44335126
2010,7.00,"Ottawa-Gatineau, Quebec part",15.22.9,v44335126
2011,7.00,"Ottawa-Gatineau, Quebec part",15.22.9,v44335126
2012,23.00,"Ottawa-Gatineau, Quebec part",15.22.9,v44335126
2013,8.00,"Ottawa-Gatineau, Quebec part",15.22.9,v44335126
2014,2.00,"Ottawa-Gatineau, Quebec part",15.22.9,v44335126
2015,4.00,"Ottawa-Gatineau, Quebec part",15.22.9,v44335126
1998,685.00,"Ontario",16.22.9,v44372891
1999,723.00,"Ontario",16.22.9,v44372891
2000,779.00,"Ontario",16.22.9,v44372891
2001,764.00,"Ontario",16.22.9,v44372891
2002,742.00,"Ontario",16.22.9,v44372891
2003,826.00,"Ontario",16.22.9,v44372891
2004,723.00,"Ontario",16.22.9,v44372891
2005,783.00,"Ontario",16.22.9,v44372891
2006,846.00,"Ontario",16.22.9,v44372891
2007,916.00,"Ontario",16.22.9,v44372891
2008,921.00,"Ontario",16.22.9,v44372891
2009,913.00,"Ontario",16.22.9,v44372891
2010,849.00,"Ontario",16.22.9,v44372891
2011,790.00,"Ontario",16.22.9,v44372891
2012,858.00,"Ontario",16.22.9,v44372891
2013,833.00,"Ontario",16.22.9,v44372891
2014,783.00,"Ontario",16.22.9,v44372891
2015,873.00,"Ontario",16.22.9,v44372891
1998,33.00,"Ottawa-Gatineau, Ontario/Quebec",17.22.9,v52149259
1999,40.00,"Ottawa-Gatineau, Ontario/Quebec",17.22.9,v52149259
2000,57.00,"Ottawa-Gatineau, Ontario/Quebec",17.22.9,v52149259
2001,66.00,"Ottawa-Gatineau, Ontario/Quebec",17.22.9,v52149259
2002,74.00,"Ottawa-Gatineau, Ontario/Quebec",17.22.9,v52149259
2003,53.00,"Ottawa-Gatineau, Ontario/Quebec",17.22.9,v52149259
2004,61.00,"Ottawa-Gatineau, Ontario/Quebec",17.22.9,v52149259
2005,71.00,"Ottawa-Gatineau, Ontario/Quebec",17.22.9,v52149259
2006,65.00,"Ottawa-Gatineau, Ontario/Quebec",17.22.9,v52149259
2007,74.00,"Ottawa-Gatineau, Ontario/Quebec",17.22.9,v52149259
2008,81.00,"Ottawa-Gatineau, Ontario/Quebec",17.22.9,v52149259
2009,104.00,"Ottawa-Gatineau, Ontario/Quebec",17.22.9,v52149259
2010,66.00,"Ottawa-Gatineau, Ontario/Quebec",17.22.9,v52149259
2011,66.00,"Ottawa-Gatineau, Ontario/Quebec",17.22.9,v52149259
2012,83.00,"Ottawa-Gatineau, Ontario/Quebec",17.22.9,v52149259
2013,64.00,"Ottawa-Gatineau, Ontario/Quebec",17.22.9,v52149259
2014,55.00,"Ottawa-Gatineau, Ontario/Quebec",17.22.9,v52149259
2015,71.00,"Ottawa-Gatineau, Ontario/Quebec",17.22.9,v52149259
1998,22.00,"Ottawa-Gatineau, Ontario part",18.22.9,v44326819
1999,34.00,"Ottawa-Gatineau, Ontario part",18.22.9,v44326819
2000,41.00,"Ottawa-Gatineau, Ontario part",18.22.9,v44326819
2001,50.00,"Ottawa-Gatineau, Ontario part",18.22.9,v44326819
2002,57.00,"Ottawa-Gatineau, Ontario part",18.22.9,v44326819
2003,42.00,"Ottawa-Gatineau, Ontario part",18.22.9,v44326819
2004,51.00,"Ottawa-Gatineau, Ontario part",18.22.9,v44326819
2005,45.00,"Ottawa-Gatineau, Ontario part",18.22.9,v44326819
2006,42.00,"Ottawa-Gatineau, Ontario part",18.22.9,v44326819
2007,66.00,"Ottawa-Gatineau, Ontario part",18.22.9,v44326819
2008,73.00,"Ottawa-Gatineau, Ontario part",18.22.9,v44326819
2009,83.00,"Ottawa-Gatineau, Ontario part",18.22.9,v44326819
2010,59.00,"Ottawa-Gatineau, Ontario part",18.22.9,v44326819
2011,59.00,"Ottawa-Gatineau, Ontario part",18.22.9,v44326819
2012,60.00,"Ottawa-Gatineau, Ontario part",18.22.9,v44326819
2013,56.00,"Ottawa-Gatineau, Ontario part",18.22.9,v44326819
2014,53.00,"Ottawa-Gatineau, Ontario part",18.22.9,v44326819
2015,67.00,"Ottawa-Gatineau, Ontario part",18.22.9,v44326819
2000,..,"Kingston, Ontario",27.22.9,v44376615
2001,7.00,"Kingston, Ontario",27.22.9,v44376615
2002,8.00,"Kingston, Ontario",27.22.9,v44376615
2003,6.00,"Kingston, Ontario",27.22.9,v44376615
2004,12.00,"Kingston, Ontario",27.22.9,v44376615
2005,13.00,"Kingston, Ontario",27.22.9,v44376615
2006,7.00,"Kingston, Ontario",27.22.9,v44376615
2007,11.00,"Kingston, Ontario",27.22.9,v44376615
2008,13.00,"Kingston, Ontario",27.22.9,v44376615
2009,9.00,"Kingston, Ontario",27.22.9,v44376615
2010,5.00,"Kingston, Ontario",27.22.9,v44376615
2011,9.00,"Kingston, Ontario",27.22.9,v44376615
2012,7.00,"Kingston, Ontario",27.22.9,v44376615
2013,8.00,"Kingston, Ontario",27.22.9,v44376615
2014,8.00,"Kingston, Ontario",27.22.9,v44376615
2015,2.00,"Kingston, Ontario",27.22.9,v44376615
2005,..,"Peterborough, Ontario",44.22.9,v52120024
2006,2.00,"Peterborough, Ontario",44.22.9,v52120024
2007,11.00,"Peterborough, Ontario",44.22.9,v52120024
2008,9.00,"Peterborough, Ontario",44.22.9,v52120024
2009,8.00,"Peterborough, Ontario",44.22.9,v52120024
2010,4.00,"Peterborough, Ontario",44.22.9,v52120024
2011,10.00,"Peterborough, Ontario",44.22.9,v52120024
2012,10.00,"Peterborough, Ontario",44.22.9,v52120024
2013,11.00,"Peterborough, Ontario",44.22.9,v52120024
2014,5.00,"Peterborough, Ontario",44.22.9,v52120024
2015,13.00,"Peterborough, Ontario",44.22.9,v52120024
1998,215.00,"Toronto, Ontario",19.22.9,v44332934
1999,231.00,"Toronto, Ontario",19.22.9,v44332934
2000,292.00,"Toronto, Ontario",19.22.9,v44332934
2001,299.00,"Toronto, Ontario",19.22.9,v44332934
2002,268.00,"Toronto, Ontario",19.22.9,v44332934
2003,291.00,"Toronto, Ontario",19.22.9,v44332934
2004,285.00,"Toronto, Ontario",19.22.9,v44332934
2005,331.00,"Toronto, Ontario",19.22.9,v44332934
2006,320.00,"Toronto, Ontario",19.22.9,v44332934
2007,328.00,"Toronto, Ontario",19.22.9,v44332934
2008,312.00,"Toronto, Ontario",19.22.9,v44332934
2009,281.00,"Toronto, Ontario",19.22.9,v44332934
2010,272.00,"Toronto, Ontario",19.22.9,v44332934
2011,253.00,"Toronto, Ontario",19.22.9,v44332934
2012,275.00,"Toronto, Ontario",19.22.9,v44332934
2013,241.00,"Toronto, Ontario",19.22.9,v44332934
2014,263.00,"Toronto, Ontario",19.22.9,v44332934
2015,273.00,"Toronto, Ontario",19.22.9,v44332934
1998,26.00,"Hamilton, Ontario",20.22.9,v44400171
1999,19.00,"Hamilton, Ontario",20.22.9,v44400171
2000,38.00,"Hamilton, Ontario",20.22.9,v44400171
2001,32.00,"Hamilton, Ontario",20.22.9,v44400171
2002,31.00,"Hamilton, Ontario",20.22.9,v44400171
2003,26.00,"Hamilton, Ontario",20.22.9,v44400171
2004,23.00,"Hamilton, Ontario",20.22.9,v44400171
2005,32.00,"Hamilton, Ontario",20.22.9,v44400171
2006,43.00,"Hamilton, Ontario",20.22.9,v44400171
2007,41.00,"Hamilton, Ontario",20.22.9,v44400171
2008,37.00,"Hamilton, Ontario",20.22.9,v44400171
2009,52.00,"Hamilton, Ontario",20.22.9,v44400171
2010,52.00,"Hamilton, Ontario",20.22.9,v44400171
2011,31.00,"Hamilton, Ontario",20.22.9,v44400171
2012,31.00,"Hamilton, Ontario",20.22.9,v44400171
2013,28.00,"Hamilton, Ontario",20.22.9,v44400171
2014,31.00,"Hamilton, Ontario",20.22.9,v44400171
2015,32.00,"Hamilton, Ontario",20.22.9,v44400171
1998,7.00,"St.Catharines-Niagara, Ontario",21.22.9,v44401277
1999,19.00,"St.Catharines-Niagara, Ontario",21.22.9,v44401277
2000,10.00,"St.Catharines-Niagara, Ontario",21.22.9,v44401277
2001,15.00,"St.Catharines-Niagara, Ontario",21.22.9,v44401277
2002,11.00,"St.Catharines-Niagara, Ontario",21.22.9,v44401277
2003,21.00,"St.Catharines-Niagara, Ontario",21.22.9,v44401277
2004,16.00,"St.Catharines-Niagara, Ontario",21.22.9,v44401277
2005,30.00,"St.Catharines-Niagara, Ontario",21.22.9,v44401277
2006,30.00,"St.Catharines-Niagara, Ontario",21.22.9,v44401277
2007,28.00,"St.Catharines-Niagara, Ontario",21.22.9,v44401277
2008,37.00,"St.Catharines-Niagara, Ontario",21.22.9,v44401277
2009,36.00,"St.Catharines-Niagara, Ontario",21.22.9,v44401277
2010,26.00,"St.Catharines-Niagara, Ontario",21.22.9,v44401277
2011,26.00,"St.Catharines-Niagara, Ontario",21.22.9,v44401277
2012,33.00,"St.Catharines-Niagara, Ontario",21.22.9,v44401277
2013,16.00,"St.Catharines-Niagara, Ontario",21.22.9,v44401277
2014,28.00,"St.Catharines-Niagara, Ontario",21.22.9,v44401277
2015,35.00,"St.Catharines-Niagara, Ontario",21.22.9,v44401277
1998,30.00,"Kitchener-Cambridge-Waterloo, Ontario",22.22.9,v44372284
1999,21.00,"Kitchener-Cambridge-Waterloo, Ontario",22.22.9,v44372284
2000,23.00,"Kitchener-Cambridge-Waterloo, Ontario",22.22.9,v44372284
2001,26.00,"Kitchener-Cambridge-Waterloo, Ontario",22.22.9,v44372284
2002,36.00,"Kitchener-Cambridge-Waterloo, Ontario",22.22.9,v44372284
2003,39.00,"Kitchener-Cambridge-Waterloo, Ontario",22.22.9,v44372284
2004,33.00,"Kitchener-Cambridge-Waterloo, Ontario",22.22.9,v44372284
2005,24.00,"Kitchener-Cambridge-Waterloo, Ontario",22.22.9,v44372284
2006,38.00,"Kitchener-Cambridge-Waterloo, Ontario",22.22.9,v44372284
2007,33.00,"Kitchener-Cambridge-Waterloo, Ontario",22.22.9,v44372284
2008,33.00,"Kitchener-Cambridge-Waterloo, Ontario",22.22.9,v44372284
2009,39.00,"Kitchener-Cambridge-Waterloo, Ontario",22.22.9,v44372284
2010,29.00,"Kitchener-Cambridge-Waterloo, Ontario",22.22.9,v44372284
2011,21.00,"Kitchener-Cambridge-Waterloo, Ontario",22.22.9,v44372284
2012,25.00,"Kitchener-Cambridge-Waterloo, Ontario",22.22.9,v44372284
2013,40.00,"Kitchener-Cambridge-Waterloo, Ontario",22.22.9,v44372284
2014,34.00,"Kitchener-Cambridge-Waterloo, Ontario",22.22.9,v44372284
2015,32.00,"Kitchener-Cambridge-Waterloo, Ontario",22.22.9,v44372284
2005,..,"Brantford, Ontario",45.22.9,v52125286
2006,15.00,"Brantford, Ontario",45.22.9,v52125286
2007,30.00,"Brantford, Ontario",45.22.9,v52125286
2008,11.00,"Brantford, Ontario",45.22.9,v52125286
2009,10.00,"Brantford, Ontario",45.22.9,v52125286
2010,21.00,"Brantford, Ontario",45.22.9,v52125286
2011,13.00,"Brantford, Ontario",45.22.9,v52125286
2012,14.00,"Brantford, Ontario",45.22.9,v52125286
2013,18.00,"Brantford, Ontario",45.22.9,v52125286
2014,10.00,"Brantford, Ontario",45.22.9,v52125286
2015,12.00,"Brantford, Ontario",45.22.9,v52125286
2005,..,"Guelph, Ontario",46.22.9,v52126368
2006,9.00,"Guelph, Ontario",46.22.9,v52126368
2007,8.00,"Guelph, Ontario",46.22.9,v52126368
2008,3.00,"Guelph, Ontario",46.22.9,v52126368
2009,6.00,"Guelph, Ontario",46.22.9,v52126368
2010,3.00,"Guelph, Ontario",46.22.9,v52126368
2011,7.00,"Guelph, Ontario",46.22.9,v52126368
2012,8.00,"Guelph, Ontario",46.22.9,v52126368
2013,6.00,"Guelph, Ontario",46.22.9,v52126368
2014,5.00,"Guelph, Ontario",46.22.9,v52126368
2015,5.00,"Guelph, Ontario",46.22.9,v52126368
1998,24.00,"London, Ontario",23.22.9,v44398116
1999,20.00,"London, Ontario",23.22.9,v44398116
2000,39.00,"London, Ontario",23.22.9,v44398116
2001,28.00,"London, Ontario",23.22.9,v44398116
2002,35.00,"London, Ontario",23.22.9,v44398116
2003,34.00,"London, Ontario",23.22.9,v44398116
2004,19.00,"London, Ontario",23.22.9,v44398116
2005,15.00,"London, Ontario",23.22.9,v44398116
2006,22.00,"London, Ontario",23.22.9,v44398116
2007,26.00,"London, Ontario",23.22.9,v44398116
2008,28.00,"London, Ontario",23.22.9,v44398116
2009,36.00,"London, Ontario",23.22.9,v44398116
2010,26.00,"London, Ontario",23.22.9,v44398116
2011,21.00,"London, Ontario",23.22.9,v44398116
2012,27.00,"London, Ontario",23.22.9,v44398116
2013,27.00,"London, Ontario",23.22.9,v44398116
2014,24.00,"London, Ontario",23.22.9,v44398116
2015,21.00,"London, Ontario",23.22.9,v44398116
1998,67.00,"Windsor, Ontario",24.22.9,v44409680
1999,48.00,"Windsor, Ontario",24.22.9,v44409680
2000,38.00,"Windsor, Ontario",24.22.9,v44409680
2001,41.00,"Windsor, Ontario",24.22.9,v44409680
2002,18.00,"Windsor, Ontario",24.22.9,v44409680
2003,25.00,"Windsor, Ontario",24.22.9,v44409680
2004,16.00,"Windsor, Ontario",24.22.9,v44409680
2005,17.00,"Windsor, Ontario",24.22.9,v44409680
2006,24.00,"Windsor, Ontario",24.22.9,v44409680
2007,16.00,"Windsor, Ontario",24.22.9,v44409680
2008,17.00,"Windsor, Ontario",24.22.9,v44409680
2009,18.00,"Windsor, Ontario",24.22.9,v44409680
2010,24.00,"Windsor, Ontario",24.22.9,v44409680
2011,23.00,"Windsor, Ontario",24.22.9,v44409680
2012,33.00,"Windsor, Ontario",24.22.9,v44409680
2013,29.00,"Windsor, Ontario",24.22.9,v44409680
2014,18.00,"Windsor, Ontario",24.22.9,v44409680
2015,20.00,"Windsor, Ontario",24.22.9,v44409680
2005,..,"Barrie, Ontario",47.22.9,v52143715
2006,8.00,"Barrie, Ontario",47.22.9,v52143715
2007,10.00,"Barrie, Ontario",47.22.9,v52143715
2008,16.00,"Barrie, Ontario",47.22.9,v52143715
2009,10.00,"Barrie, Ontario",47.22.9,v52143715
2010,6.00,"Barrie, Ontario",47.22.9,v52143715
2011,11.00,"Barrie, Ontario",47.22.9,v52143715
2012,13.00,"Barrie, Ontario",47.22.9,v52143715
2013,5.00,"Barrie, Ontario",47.22.9,v52143715
2014,23.00,"Barrie, Ontario",47.22.9,v52143715
2015,13.00,"Barrie, Ontario",47.22.9,v52143715
1998,24.00,"Sudbury, Ontario",25.22.9,v44407460
1999,19.00,"Sudbury, Ontario",25.22.9,v44407460
2000,10.00,"Sudbury, Ontario",25.22.9,v44407460
2001,12.00,"Sudbury, Ontario",25.22.9,v44407460
2002,21.00,"Sudbury, Ontario",25.22.9,v44407460
2003,23.00,"Sudbury, Ontario",25.22.9,v44407460
2004,9.00,"Sudbury, Ontario",25.22.9,v44407460
2005,12.00,"Sudbury, Ontario",25.22.9,v44407460
2006,16.00,"Sudbury, Ontario",25.22.9,v44407460
2007,19.00,"Sudbury, Ontario",25.22.9,v44407460
2008,8.00,"Sudbury, Ontario",25.22.9,v44407460
2009,15.00,"Sudbury, Ontario",25.22.9,v44407460
2010,7.00,"Sudbury, Ontario",25.22.9,v44407460
2011,10.00,"Sudbury, Ontario",25.22.9,v44407460
2012,21.00,"Sudbury, Ontario",25.22.9,v44407460
2013,14.00,"Sudbury, Ontario",25.22.9,v44407460
2014,11.00,"Sudbury, Ontario",25.22.9,v44407460
2015,13.00,"Sudbury, Ontario",25.22.9,v44407460
1998,28.00,"Thunder Bay, Ontario",26.22.9,v44348411
1999,23.00,"Thunder Bay, Ontario",26.22.9,v44348411
2000,29.00,"Thunder Bay, Ontario",26.22.9,v44348411
2001,15.00,"Thunder Bay, Ontario",26.22.9,v44348411
2002,20.00,"Thunder Bay, Ontario",26.22.9,v44348411
2003,18.00,"Thunder Bay, Ontario",26.22.9,v44348411
2004,20.00,"Thunder Bay, Ontario",26.22.9,v44348411
2005,18.00,"Thunder Bay, Ontario",26.22.9,v44348411
2006,29.00,"Thunder Bay, Ontario",26.22.9,v44348411
2007,28.00,"Thunder Bay, Ontario",26.22.9,v44348411
2008,26.00,"Thunder Bay, Ontario",26.22.9,v44348411
2009,39.00,"Thunder Bay, Ontario",26.22.9,v44348411
2010,29.00,"Thunder Bay, Ontario",26.22.9,v44348411
2011,28.00,"Thunder Bay, Ontario",26.22.9,v44348411
2012,21.00,"Thunder Bay, Ontario",26.22.9,v44348411
2013,34.00,"Thunder Bay, Ontario",26.22.9,v44348411
2014,23.00,"Thunder Bay, Ontario",26.22.9,v44348411
2015,35.00,"Thunder Bay, Ontario",26.22.9,v44348411
1998,162.00,"Manitoba",28.22.9,v44330519
1999,168.00,"Manitoba",28.22.9,v44330519
2000,144.00,"Manitoba",28.22.9,v44330519
2001,185.00,"Manitoba",28.22.9,v44330519
2002,245.00,"Manitoba",28.22.9,v44330519
2003,226.00,"Manitoba",28.22.9,v44330519
2004,217.00,"Manitoba",28.22.9,v44330519
2005,239.00,"Manitoba",28.22.9,v44330519
2006,239.00,"Manitoba",28.22.9,v44330519
2007,270.00,"Manitoba",28.22.9,v44330519
2008,264.00,"Manitoba",28.22.9,v44330519
2009,307.00,"Manitoba",28.22.9,v44330519
2010,287.00,"Manitoba",28.22.9,v44330519
2011,312.00,"Manitoba",28.22.9,v44330519
2012,325.00,"Manitoba",28.22.9,v44330519
2013,290.00,"Manitoba",28.22.9,v44330519
2014,317.00,"Manitoba",28.22.9,v44330519
2015,348.00,"Manitoba",28.22.9,v44330519
1998,85.00,"Winnipeg, Manitoba",29.22.9,v44356279
1999,79.00,"Winnipeg, Manitoba",29.22.9,v44356279
2000,83.00,"Winnipeg, Manitoba",29.22.9,v44356279
2001,93.00,"Winnipeg, Manitoba",29.22.9,v44356279
2002,116.00,"Winnipeg, Manitoba",29.22.9,v44356279
2003,85.00,"Winnipeg, Manitoba",29.22.9,v44356279
2004,85.00,"Winnipeg, Manitoba",29.22.9,v44356279
2005,84.00,"Winnipeg, Manitoba",29.22.9,v44356279
2006,121.00,"Winnipeg, Manitoba",29.22.9,v44356279
2007,114.00,"Winnipeg, Manitoba",29.22.9,v44356279
2008,129.00,"Winnipeg, Manitoba",29.22.9,v44356279
2009,141.00,"Winnipeg, Manitoba",29.22.9,v44356279
2010,144.00,"Winnipeg, Manitoba",29.22.9,v44356279
2011,128.00,"Winnipeg, Manitoba",29.22.9,v44356279
2012,112.00,"Winnipeg, Manitoba",29.22.9,v44356279
2013,113.00,"Winnipeg, Manitoba",29.22.9,v44356279
2014,111.00,"Winnipeg, Manitoba",29.22.9,v44356279
2015,126.00,"Winnipeg, Manitoba",29.22.9,v44356279
1998,144.00,"Saskatchewan",30.22.9,v44349932
1999,156.00,"Saskatchewan",30.22.9,v44349932
2000,137.00,"Saskatchewan",30.22.9,v44349932
2001,172.00,"Saskatchewan",30.22.9,v44349932
2002,228.00,"Saskatchewan",30.22.9,v44349932
2003,207.00,"Saskatchewan",30.22.9,v44349932
2004,222.00,"Saskatchewan",30.22.9,v44349932
2005,191.00,"Saskatchewan",30.22.9,v44349932
2006,250.00,"Saskatchewan",30.22.9,v44349932
2007,303.00,"Saskatchewan",30.22.9,v44349932
2008,270.00,"Saskatchewan",30.22.9,v44349932
2009,288.00,"Saskatchewan",30.22.9,v44349932
2010,306.00,"Saskatchewan",30.22.9,v44349932
2011,303.00,"Saskatchewan",30.22.9,v44349932
2012,330.00,"Saskatchewan",30.22.9,v44349932
2013,299.00,"Saskatchewan",30.22.9,v44349932
2014,303.00,"Saskatchewan",30.22.9,v44349932
2015,297.00,"Saskatchewan",30.22.9,v44349932
1998,22.00,"Regina, Saskatchewan",31.22.9,v44342421
1999,26.00,"Regina, Saskatchewan",31.22.9,v44342421
2000,32.00,"Regina, Saskatchewan",31.22.9,v44342421
2001,48.00,"Regina, Saskatchewan",31.22.9,v44342421
2002,40.00,"Regina, Saskatchewan",31.22.9,v44342421
2003,35.00,"Regina, Saskatchewan",31.22.9,v44342421
2004,33.00,"Regina, Saskatchewan",31.22.9,v44342421
2005,38.00,"Regina, Saskatchewan",31.22.9,v44342421
2006,53.00,"Regina, Saskatchewan",31.22.9,v44342421
2007,48.00,"Regina, Saskatchewan",31.22.9,v44342421
2008,44.00,"Regina, Saskatchewan",31.22.9,v44342421
2009,59.00,"Regina, Saskatchewan",31.22.9,v44342421
2010,50.00,"Regina, Saskatchewan",31.22.9,v44342421
2011,50.00,"Regina, Saskatchewan",31.22.9,v44342421
2012,60.00,"Regina, Saskatchewan",31.22.9,v44342421
2013,51.00,"Regina, Saskatchewan",31.22.9,v44342421
2014,46.00,"Regina, Saskatchewan",31.22.9,v44342421
2015,50.00,"Regina, Saskatchewan",31.22.9,v44342421
1998,42.00,"Saskatoon, Saskatchewan",32.22.9,v44356603
1999,47.00,"Saskatoon, Saskatchewan",32.22.9,v44356603
2000,45.00,"Saskatoon, Saskatchewan",32.22.9,v44356603
2001,36.00,"Saskatoon, Saskatchewan",32.22.9,v44356603
2002,33.00,"Saskatoon, Saskatchewan",32.22.9,v44356603
2003,42.00,"Saskatoon, Saskatchewan",32.22.9,v44356603
2004,43.00,"Saskatoon, Saskatchewan",32.22.9,v44356603
2005,41.00,"Saskatoon, Saskatchewan",32.22.9,v44356603
2006,31.00,"Saskatoon, Saskatchewan",32.22.9,v44356603
2007,63.00,"Saskatoon, Saskatchewan",32.22.9,v44356603
2008,51.00,"Saskatoon, Saskatchewan",32.22.9,v44356603
2009,37.00,"Saskatoon, Saskatchewan",32.22.9,v44356603
2010,54.00,"Saskatoon, Saskatchewan",32.22.9,v44356603
2011,53.00,"Saskatoon, Saskatchewan",32.22.9,v44356603
2012,45.00,"Saskatoon, Saskatchewan",32.22.9,v44356603
2013,41.00,"Saskatoon, Saskatchewan",32.22.9,v44356603
2014,47.00,"Saskatoon, Saskatchewan",32.22.9,v44356603
2015,44.00,"Saskatoon, Saskatchewan",32.22.9,v44356603
1998,251.00,"Alberta",33.22.9,v44356942
1999,258.00,"Alberta",33.22.9,v44356942
2000,262.00,"Alberta",33.22.9,v44356942
2001,310.00,"Alberta",33.22.9,v44356942
2002,330.00,"Alberta",33.22.9,v44356942
2003,397.00,"Alberta",33.22.9,v44356942
2004,344.00,"Alberta",33.22.9,v44356942
2005,378.00,"Alberta",33.22.9,v44356942
2006,414.00,"Alberta",33.22.9,v44356942
2007,412.00,"Alberta",33.22.9,v44356942
2008,458.00,"Alberta",33.22.9,v44356942
2009,435.00,"Alberta",33.22.9,v44356942
2010,470.00,"Alberta",33.22.9,v44356942
2011,502.00,"Alberta",33.22.9,v44356942
2012,551.00,"Alberta",33.22.9,v44356942
2013,538.00,"Alberta",33.22.9,v44356942
2014,515.00,"Alberta",33.22.9,v44356942
2015,519.00,"Alberta",33.22.9,v44356942
1998,45.00,"Calgary, Alberta",34.22.9,v44389464
1999,38.00,"Calgary, Alberta",34.22.9,v44389464
2000,60.00,"Calgary, Alberta",34.22.9,v44389464
2001,49.00,"Calgary, Alberta",34.22.9,v44389464
2002,60.00,"Calgary, Alberta",34.22.9,v44389464
2003,97.00,"Calgary, Alberta",34.22.9,v44389464
2004,73.00,"Calgary, Alberta",34.22.9,v44389464
2005,89.00,"Calgary, Alberta",34.22.9,v44389464
2006,81.00,"Calgary, Alberta",34.22.9,v44389464
2007,82.00,"Calgary, Alberta",34.22.9,v44389464
2008,66.00,"Calgary, Alberta",34.22.9,v44389464
2009,60.00,"Calgary, Alberta",34.22.9,v44389464
2010,71.00,"Calgary, Alberta",34.22.9,v44389464
2011,76.00,"Calgary, Alberta",34.22.9,v44389464
2012,80.00,"Calgary, Alberta",34.22.9,v44389464
2013,98.00,"Calgary, Alberta",34.22.9,v44389464
2014,95.00,"Calgary, Alberta",34.22.9,v44389464
2015,75.00,"Calgary, Alberta",34.22.9,v44389464
1998,112.00,"Edmonton, Alberta",35.22.9,v44371302
1999,125.00,"Edmonton, Alberta",35.22.9,v44371302
2000,125.00,"Edmonton, Alberta",35.22.9,v44371302
2001,126.00,"Edmonton, Alberta",35.22.9,v44371302
2002,114.00,"Edmonton, Alberta",35.22.9,v44371302
2003,119.00,"Edmonton, Alberta",35.22.9,v44371302
2004,111.00,"Edmonton, Alberta",35.22.9,v44371302
2005,123.00,"Edmonton, Alberta",35.22.9,v44371302
2006,107.00,"Edmonton, Alberta",35.22.9,v44371302
2007,120.00,"Edmonton, Alberta",35.22.9,v44371302
2008,139.00,"Edmonton, Alberta",35.22.9,v44371302
2009,169.00,"Edmonton, Alberta",35.22.9,v44371302
2010,171.00,"Edmonton, Alberta",35.22.9,v44371302
2011,206.00,"Edmonton, Alberta",35.22.9,v44371302
2012,204.00,"Edmonton, Alberta",35.22.9,v44371302
2013,192.00,"Edmonton, Alberta",35.22.9,v44371302
2014,179.00,"Edmonton, Alberta",35.22.9,v44371302
2015,199.00,"Edmonton, Alberta",35.22.9,v44371302
1998,162.00,"British Columbia",36.22.9,v44370578
1999,149.00,"British Columbia",36.22.9,v44370578
2000,170.00,"British Columbia",36.22.9,v44370578
2001,197.00,"British Columbia",36.22.9,v44370578
2002,181.00,"British Columbia",36.22.9,v44370578
2003,199.00,"British Columbia",36.22.9,v44370578
2004,201.00,"British Columbia",36.22.9,v44370578
2005,184.00,"British Columbia",36.22.9,v44370578
2006,226.00,"British Columbia",36.22.9,v44370578
2007,266.00,"British Columbia",36.22.9,v44370578
2008,245.00,"British Columbia",36.22.9,v44370578
2009,258.00,"British Columbia",36.22.9,v44370578
2010,326.00,"British Columbia",36.22.9,v44370578
2011,334.00,"British Columbia",36.22.9,v44370578
2012,278.00,"British Columbia",36.22.9,v44370578
2013,282.00,"British Columbia",36.22.9,v44370578
2014,258.00,"British Columbia",36.22.9,v44370578
2015,248.00,"British Columbia",36.22.9,v44370578
2005,..,"Kelowna, British Columbia",48.22.9,v52143192
2006,2.00,"Kelowna, British Columbia",48.22.9,v52143192
2007,3.00,"Kelowna, British Columbia",48.22.9,v52143192
2008,6.00,"Kelowna, British Columbia",48.22.9,v52143192
2009,10.00,"Kelowna, British Columbia",48.22.9,v52143192
2010,10.00,"Kelowna, British Columbia",48.22.9,v52143192
2011,12.00,"Kelowna, British Columbia",48.22.9,v52143192
2012,12.00,"Kelowna, British Columbia",48.22.9,v52143192
2013,10.00,"Kelowna, British Columbia",48.22.9,v52143192
2014,7.00,"Kelowna, British Columbia",48.22.9,v52143192
2015,6.00,"Kelowna, British Columbia",48.22.9,v52143192
2000,..,"Abbotsford-Mission, British Columbia",39.22.9,v44405362
2001,13.00,"Abbotsford-Mission, British Columbia",39.22.9,v44405362
2002,7.00,"Abbotsford-Mission, British Columbia",39.22.9,v44405362
2003,12.00,"Abbotsford-Mission, British Columbia",39.22.9,v44405362
2004,5.00,"Abbotsford-Mission, British Columbia",39.22.9,v44405362
2005,5.00,"Abbotsford-Mission, British Columbia",39.22.9,v44405362
2006,6.00,"Abbotsford-Mission, British Columbia",39.22.9,v44405362
2007,12.00,"Abbotsford-Mission, British Columbia",39.22.9,v44405362
2008,14.00,"Abbotsford-Mission, British Columbia",39.22.9,v44405362
2009,5.00,"Abbotsford-Mission, British Columbia",39.22.9,v44405362
2010,10.00,"Abbotsford-Mission, British Columbia",39.22.9,v44405362
2011,6.00,"Abbotsford-Mission, British Columbia",39.22.9,v44405362
2012,2.00,"Abbotsford-Mission, British Columbia",39.22.9,v44405362
2013,15.00,"Abbotsford-Mission, British Columbia",39.22.9,v44405362
2014,13.00,"Abbotsford-Mission, British Columbia",39.22.9,v44405362
2015,10.00,"Abbotsford-Mission, British Columbia",39.22.9,v44405362
1998,69.00,"Vancouver, British Columbia",37.22.9,v44395647
1999,68.00,"Vancouver, British Columbia",37.22.9,v44395647
2000,56.00,"Vancouver, British Columbia",37.22.9,v44395647
2001,63.00,"Vancouver, British Columbia",37.22.9,v44395647
2002,66.00,"Vancouver, British Columbia",37.22.9,v44395647
2003,68.00,"Vancouver, British Columbia",37.22.9,v44395647
2004,74.00,"Vancouver, British Columbia",37.22.9,v44395647
2005,69.00,"Vancouver, British Columbia",37.22.9,v44395647
2006,76.00,"Vancouver, British Columbia",37.22.9,v44395647
2007,104.00,"Vancouver, British Columbia",37.22.9,v44395647
2008,94.00,"Vancouver, British Columbia",37.22.9,v44395647
2009,106.00,"Vancouver, British Columbia",37.22.9,v44395647
2010,126.00,"Vancouver, British Columbia",37.22.9,v44395647
2011,118.00,"Vancouver, British Columbia",37.22.9,v44395647
2012,108.00,"Vancouver, British Columbia",37.22.9,v44395647
2013,107.00,"Vancouver, British Columbia",37.22.9,v44395647
2014,88.00,"Vancouver, British Columbia",37.22.9,v44395647
2015,92.00,"Vancouver, British Columbia",37.22.9,v44395647
1998,16.00,"Victoria, British Columbia",38.22.9,v44402525
1999,10.00,"Victoria, British Columbia",38.22.9,v44402525
2000,10.00,"Victoria, British Columbia",38.22.9,v44402525
2001,25.00,"Victoria, British Columbia",38.22.9,v44402525
2002,13.00,"Victoria, British Columbia",38.22.9,v44402525
2003,20.00,"Victoria, British Columbia",38.22.9,v44402525
2004,12.00,"Victoria, British Columbia",38.22.9,v44402525
2005,7.00,"Victoria, British Columbia",38.22.9,v44402525
2006,14.00,"Victoria, British Columbia",38.22.9,v44402525
2007,20.00,"Victoria, British Columbia",38.22.9,v44402525
2008,11.00,"Victoria, British Columbia",38.22.9,v44402525
2009,16.00,"Victoria, British Columbia",38.22.9,v44402525
2010,17.00,"Victoria, British Columbia",38.22.9,v44402525
2011,26.00,"Victoria, British Columbia",38.22.9,v44402525
2012,18.00,"Victoria, British Columbia",38.22.9,v44402525
2013,24.00,"Victoria, British Columbia",38.22.9,v44402525
2014,23.00,"Victoria, British Columbia",38.22.9,v44402525
2015,15.00,"Victoria, British Columbia",38.22.9,v44402525
1998,6.00,"Yukon",40.22.9,v44386821
1999,9.00,"Yukon",40.22.9,v44386821
2000,3.00,"Yukon",40.22.9,v44386821
2001,6.00,"Yukon",40.22.9,v44386821
2002,2.00,"Yukon",40.22.9,v44386821
2003,14.00,"Yukon",40.22.9,v44386821
2004,10.00,"Yukon",40.22.9,v44386821
2005,5.00,"Yukon",40.22.9,v44386821
2006,14.00,"Yukon",40.22.9,v44386821
2007,13.00,"Yukon",40.22.9,v44386821
2008,10.00,"Yukon",40.22.9,v44386821
2009,10.00,"Yukon",40.22.9,v44386821
2010,14.00,"Yukon",40.22.9,v44386821
2011,22.00,"Yukon",40.22.9,v44386821
2012,17.00,"Yukon",40.22.9,v44386821
2013,12.00,"Yukon",40.22.9,v44386821
2014,15.00,"Yukon",40.22.9,v44386821
2015,13.00,"Yukon",40.22.9,v44386821
1998,18.00,"Northwest Territories",41.22.9,v44366143
1999,18.00,"Northwest Territories",41.22.9,v44366143
2000,8.00,"Northwest Territories",41.22.9,v44366143
2001,9.00,"Northwest Territories",41.22.9,v44366143
2002,7.00,"Northwest Territories",41.22.9,v44366143
2003,11.00,"Northwest Territories",41.22.9,v44366143
2004,20.00,"Northwest Territories",41.22.9,v44366143
2005,20.00,"Northwest Territories",41.22.9,v44366143
2006,19.00,"Northwest Territories",41.22.9,v44366143
2007,12.00,"Northwest Territories",41.22.9,v44366143
2008,19.00,"Northwest Territories",41.22.9,v44366143
2009,27.00,"Northwest Territories",41.22.9,v44366143
2010,28.00,"Northwest Territories",41.22.9,v44366143
2011,26.00,"Northwest Territories",41.22.9,v44366143
2012,29.00,"Northwest Territories",41.22.9,v44366143
2013,19.00,"Northwest Territories",41.22.9,v44366143
2014,6.00,"Northwest Territories",41.22.9,v44366143
2015,24.00,"Northwest Territories",41.22.9,v44366143
1998,..,"Nunavut",42.22.9,v44393755
1999,2.00,"Nunavut",42.22.9,v44393755
2000,8.00,"Nunavut",42.22.9,v44393755
2001,6.00,"Nunavut",42.22.9,v44393755
2002,5.00,"Nunavut",42.22.9,v44393755
2003,12.00,"Nunavut",42.22.9,v44393755
2004,8.00,"Nunavut",42.22.9,v44393755
2005,7.00,"Nunavut",42.22.9,v44393755
2006,17.00,"Nunavut",42.22.9,v44393755
2007,17.00,"Nunavut",42.22.9,v44393755
2008,31.00,"Nunavut",42.22.9,v44393755
2009,21.00,"Nunavut",42.22.9,v44393755
2010,25.00,"Nunavut",42.22.9,v44393755
2011,27.00,"Nunavut",42.22.9,v44393755
2012,32.00,"Nunavut",42.22.9,v44393755
2013,35.00,"Nunavut",42.22.9,v44393755
2014,32.00,"Nunavut",42.22.9,v44393755
2015,21.00,"Nunavut",42.22.9,v44393755
