1998,1084.05,"Canada",1.81.2,v44360619
1999,1027.06,"Canada",1.81.2,v44360619
2000,1063.49,"Canada",1.81.2,v44360619
2001,1073.97,"Canada",1.81.2,v44360619
2002,1063.14,"Canada",1.81.2,v44360619
2003,1130.13,"Canada",1.81.2,v44360619
2004,1106.80,"Canada",1.81.2,v44360619
2005,1099.86,"Canada",1.81.2,v44360619
2006,1163.76,"Canada",1.81.2,v44360619
2007,1149.93,"Canada",1.81.2,v44360619
2008,1122.14,"Canada",1.81.2,v44360619
2009,1077.44,"Canada",1.81.2,v44360619
2010,1000.11,"Canada",1.81.2,v44360619
2011,919.33,"Canada",1.81.2,v44360619
2012,880.89,"Canada",1.81.2,v44360619
2013,778.17,"Canada",1.81.2,v44360619
2014,745.24,"Canada",1.81.2,v44360619
2015,766.28,"Canada",1.81.2,v44360619
1998,874.74,"Newfoundland and Labrador",2.81.2,v44340846
1999,886.94,"Newfoundland and Labrador",2.81.2,v44340846
2000,991.96,"Newfoundland and Labrador",2.81.2,v44340846
2001,1047.06,"Newfoundland and Labrador",2.81.2,v44340846
2002,1131.98,"Newfoundland and Labrador",2.81.2,v44340846
2003,1228.11,"Newfoundland and Labrador",2.81.2,v44340846
2004,1241.67,"Newfoundland and Labrador",2.81.2,v44340846
2005,1285.86,"Newfoundland and Labrador",2.81.2,v44340846
2006,1579.96,"Newfoundland and Labrador",2.81.2,v44340846
2007,1756.45,"Newfoundland and Labrador",2.81.2,v44340846
2008,1837.58,"Newfoundland and Labrador",2.81.2,v44340846
2009,1817.01,"Newfoundland and Labrador",2.81.2,v44340846
2010,1676.53,"Newfoundland and Labrador",2.81.2,v44340846
2011,1555.70,"Newfoundland and Labrador",2.81.2,v44340846
2012,1522.69,"Newfoundland and Labrador",2.81.2,v44340846
2013,1390.67,"Newfoundland and Labrador",2.81.2,v44340846
2014,1313.63,"Newfoundland and Labrador",2.81.2,v44340846
2015,1396.29,"Newfoundland and Labrador",2.81.2,v44340846
1998,984.57,"St. John's, Newfoundland and Labrador",3.81.2,v44329418
1999,878.36,"St. John's, Newfoundland and Labrador",3.81.2,v44329418
2000,1028.87,"St. John's, Newfoundland and Labrador",3.81.2,v44329418
2001,1015.37,"St. John's, Newfoundland and Labrador",3.81.2,v44329418
2002,1094.48,"St. John's, Newfoundland and Labrador",3.81.2,v44329418
2003,936.01,"St. John's, Newfoundland and Labrador",3.81.2,v44329418
2004,878.51,"St. John's, Newfoundland and Labrador",3.81.2,v44329418
2005,878.29,"St. John's, Newfoundland and Labrador",3.81.2,v44329418
2006,1164.40,"St. John's, Newfoundland and Labrador",3.81.2,v44329418
2007,1371.57,"St. John's, Newfoundland and Labrador",3.81.2,v44329418
2008,1454.38,"St. John's, Newfoundland and Labrador",3.81.2,v44329418
2009,1505.15,"St. John's, Newfoundland and Labrador",3.81.2,v44329418
2010,1458.32,"St. John's, Newfoundland and Labrador",3.81.2,v44329418
2011,1106.02,"St. John's, Newfoundland and Labrador",3.81.2,v44329418
2012,1164.75,"St. John's, Newfoundland and Labrador",3.81.2,v44329418
2013,1111.53,"St. John's, Newfoundland and Labrador",3.81.2,v44329418
2014,900.10,"St. John's, Newfoundland and Labrador",3.81.2,v44329418
2015,860.16,"St. John's, Newfoundland and Labrador",3.81.2,v44329418
1998,1041.09,"Prince Edward Island",4.81.2,v44404498
1999,1308.92,"Prince Edward Island",4.81.2,v44404498
2000,1249.95,"Prince Edward Island",4.81.2,v44404498
2001,1181.74,"Prince Edward Island",4.81.2,v44404498
2002,1341.36,"Prince Edward Island",4.81.2,v44404498
2003,1495.40,"Prince Edward Island",4.81.2,v44404498
2004,1522.44,"Prince Edward Island",4.81.2,v44404498
2005,1644.27,"Prince Edward Island",4.81.2,v44404498
2006,1593.59,"Prince Edward Island",4.81.2,v44404498
2007,1583.64,"Prince Edward Island",4.81.2,v44404498
2008,1383.64,"Prince Edward Island",4.81.2,v44404498
2009,1401.63,"Prince Edward Island",4.81.2,v44404498
2010,1285.31,"Prince Edward Island",4.81.2,v44404498
2011,1405.88,"Prince Edward Island",4.81.2,v44404498
2012,1255.00,"Prince Edward Island",4.81.2,v44404498
2013,1055.41,"Prince Edward Island",4.81.2,v44404498
2014,916.11,"Prince Edward Island",4.81.2,v44404498
2015,833.07,"Prince Edward Island",4.81.2,v44404498
1998,1281.46,"Nova Scotia",5.81.2,v44391451
1999,1330.62,"Nova Scotia",5.81.2,v44391451
2000,1224.46,"Nova Scotia",5.81.2,v44391451
2001,1216.57,"Nova Scotia",5.81.2,v44391451
2002,1266.50,"Nova Scotia",5.81.2,v44391451
2003,1484.39,"Nova Scotia",5.81.2,v44391451
2004,1452.56,"Nova Scotia",5.81.2,v44391451
2005,1541.04,"Nova Scotia",5.81.2,v44391451
2006,1614.51,"Nova Scotia",5.81.2,v44391451
2007,1482.88,"Nova Scotia",5.81.2,v44391451
2008,1359.28,"Nova Scotia",5.81.2,v44391451
2009,1349.51,"Nova Scotia",5.81.2,v44391451
2010,1344.06,"Nova Scotia",5.81.2,v44391451
2011,1267.59,"Nova Scotia",5.81.2,v44391451
2012,1177.77,"Nova Scotia",5.81.2,v44391451
2013,975.09,"Nova Scotia",5.81.2,v44391451
2014,919.26,"Nova Scotia",5.81.2,v44391451
2015,870.20,"Nova Scotia",5.81.2,v44391451
1998,1243.45,"Halifax, Nova Scotia",6.81.2,v44352658
1999,1323.04,"Halifax, Nova Scotia",6.81.2,v44352658
2000,1138.38,"Halifax, Nova Scotia",6.81.2,v44352658
2001,1246.87,"Halifax, Nova Scotia",6.81.2,v44352658
2002,1233.49,"Halifax, Nova Scotia",6.81.2,v44352658
2003,1310.65,"Halifax, Nova Scotia",6.81.2,v44352658
2004,1337.14,"Halifax, Nova Scotia",6.81.2,v44352658
2005,1355.60,"Halifax, Nova Scotia",6.81.2,v44352658
2006,1447.28,"Halifax, Nova Scotia",6.81.2,v44352658
2007,1287.74,"Halifax, Nova Scotia",6.81.2,v44352658
2008,1191.61,"Halifax, Nova Scotia",6.81.2,v44352658
2009,1144.37,"Halifax, Nova Scotia",6.81.2,v44352658
2010,1216.07,"Halifax, Nova Scotia",6.81.2,v44352658
2011,1073.20,"Halifax, Nova Scotia",6.81.2,v44352658
2012,792.86,"Halifax, Nova Scotia",6.81.2,v44352658
2013,644.38,"Halifax, Nova Scotia",6.81.2,v44352658
2014,599.66,"Halifax, Nova Scotia",6.81.2,v44352658
2015,619.81,"Halifax, Nova Scotia",6.81.2,v44352658
1998,958.36,"New Brunswick",7.81.2,v44379260
1999,978.67,"New Brunswick",7.81.2,v44379260
2000,952.01,"New Brunswick",7.81.2,v44379260
2001,968.12,"New Brunswick",7.81.2,v44379260
2002,1005.70,"New Brunswick",7.81.2,v44379260
2003,1092.49,"New Brunswick",7.81.2,v44379260
2004,1271.20,"New Brunswick",7.81.2,v44379260
2005,1176.13,"New Brunswick",7.81.2,v44379260
2006,1153.96,"New Brunswick",7.81.2,v44379260
2007,1051.91,"New Brunswick",7.81.2,v44379260
2008,996.98,"New Brunswick",7.81.2,v44379260
2009,1043.40,"New Brunswick",7.81.2,v44379260
2010,946.96,"New Brunswick",7.81.2,v44379260
2011,861.65,"New Brunswick",7.81.2,v44379260
2012,918.30,"New Brunswick",7.81.2,v44379260
2013,791.04,"New Brunswick",7.81.2,v44379260
2014,764.53,"New Brunswick",7.81.2,v44379260
2015,803.32,"New Brunswick",7.81.2,v44379260
2005,..,"Moncton, New Brunswick",43.81.2,v52123829
2006,1568.68,"Moncton, New Brunswick",43.81.2,v52123829
2007,1145.59,"Moncton, New Brunswick",43.81.2,v52123829
2008,942.09,"Moncton, New Brunswick",43.81.2,v52123829
2009,951.37,"Moncton, New Brunswick",43.81.2,v52123829
2010,882.39,"Moncton, New Brunswick",43.81.2,v52123829
2011,969.88,"Moncton, New Brunswick",43.81.2,v52123829
2012,1126.22,"Moncton, New Brunswick",43.81.2,v52123829
2013,952.24,"Moncton, New Brunswick",43.81.2,v52123829
2014,991.21,"Moncton, New Brunswick",43.81.2,v52123829
2015,1200.67,"Moncton, New Brunswick",43.81.2,v52123829
1998,1249.47,"Saint John, New Brunswick",8.81.2,v44385874
1999,1013.00,"Saint John, New Brunswick",8.81.2,v44385874
2000,918.47,"Saint John, New Brunswick",8.81.2,v44385874
2001,995.59,"Saint John, New Brunswick",8.81.2,v44385874
2002,1215.40,"Saint John, New Brunswick",8.81.2,v44385874
2003,1285.47,"Saint John, New Brunswick",8.81.2,v44385874
2004,1328.07,"Saint John, New Brunswick",8.81.2,v44385874
2005,1174.26,"Saint John, New Brunswick",8.81.2,v44385874
2006,1096.52,"Saint John, New Brunswick",8.81.2,v44385874
2007,1230.00,"Saint John, New Brunswick",8.81.2,v44385874
2008,1130.94,"Saint John, New Brunswick",8.81.2,v44385874
2009,1164.10,"Saint John, New Brunswick",8.81.2,v44385874
2010,1067.94,"Saint John, New Brunswick",8.81.2,v44385874
2011,836.33,"Saint John, New Brunswick",8.81.2,v44385874
2012,818.61,"Saint John, New Brunswick",8.81.2,v44385874
2013,727.08,"Saint John, New Brunswick",8.81.2,v44385874
2014,707.55,"Saint John, New Brunswick",8.81.2,v44385874
2015,715.92,"Saint John, New Brunswick",8.81.2,v44385874
1998,749.47,"Quebec",9.81.2,v44328819
1999,699.06,"Quebec",9.81.2,v44328819
2000,742.22,"Quebec",9.81.2,v44328819
2001,701.82,"Quebec",9.81.2,v44328819
2002,672.03,"Quebec",9.81.2,v44328819
2003,690.92,"Quebec",9.81.2,v44328819
2004,637.71,"Quebec",9.81.2,v44328819
2005,590.73,"Quebec",9.81.2,v44328819
2006,617.16,"Quebec",9.81.2,v44328819
2007,606.55,"Quebec",9.81.2,v44328819
2008,623.67,"Quebec",9.81.2,v44328819
2009,630.40,"Quebec",9.81.2,v44328819
2010,583.69,"Quebec",9.81.2,v44328819
2011,523.29,"Quebec",9.81.2,v44328819
2012,499.17,"Quebec",9.81.2,v44328819
2013,418.26,"Quebec",9.81.2,v44328819
2014,360.69,"Quebec",9.81.2,v44328819
2015,364.02,"Quebec",9.81.2,v44328819
1998,771.22,"Saguenay, Quebec",10.81.2,v44366745
1999,720.99,"Saguenay, Quebec",10.81.2,v44366745
2000,725.94,"Saguenay, Quebec",10.81.2,v44366745
2001,671.66,"Saguenay, Quebec",10.81.2,v44366745
2002,604.23,"Saguenay, Quebec",10.81.2,v44366745
2003,558.17,"Saguenay, Quebec",10.81.2,v44366745
2004,532.83,"Saguenay, Quebec",10.81.2,v44366745
2005,508.13,"Saguenay, Quebec",10.81.2,v44366745
2006,529.01,"Saguenay, Quebec",10.81.2,v44366745
2007,505.76,"Saguenay, Quebec",10.81.2,v44366745
2008,497.65,"Saguenay, Quebec",10.81.2,v44366745
2009,561.69,"Saguenay, Quebec",10.81.2,v44366745
2010,546.70,"Saguenay, Quebec",10.81.2,v44366745
2011,486.06,"Saguenay, Quebec",10.81.2,v44366745
2012,485.00,"Saguenay, Quebec",10.81.2,v44366745
2013,382.81,"Saguenay, Quebec",10.81.2,v44366745
2014,335.53,"Saguenay, Quebec",10.81.2,v44366745
2015,428.04,"Saguenay, Quebec",10.81.2,v44366745
1998,813.04,"Sherbrooke, Quebec",12.81.2,v44417214
1999,675.07,"Sherbrooke, Quebec",12.81.2,v44417214
2000,763.33,"Sherbrooke, Quebec",12.81.2,v44417214
2001,788.34,"Sherbrooke, Quebec",12.81.2,v44417214
2002,887.84,"Sherbrooke, Quebec",12.81.2,v44417214
2003,792.33,"Sherbrooke, Quebec",12.81.2,v44417214
2004,668.46,"Sherbrooke, Quebec",12.81.2,v44417214
2005,527.45,"Sherbrooke, Quebec",12.81.2,v44417214
2006,570.20,"Sherbrooke, Quebec",12.81.2,v44417214
2007,633.24,"Sherbrooke, Quebec",12.81.2,v44417214
2008,561.55,"Sherbrooke, Quebec",12.81.2,v44417214
2009,628.21,"Sherbrooke, Quebec",12.81.2,v44417214
2010,481.67,"Sherbrooke, Quebec",12.81.2,v44417214
2011,484.38,"Sherbrooke, Quebec",12.81.2,v44417214
2012,507.39,"Sherbrooke, Quebec",12.81.2,v44417214
2013,452.74,"Sherbrooke, Quebec",12.81.2,v44417214
2014,405.31,"Sherbrooke, Quebec",12.81.2,v44417214
2015,370.57,"Sherbrooke, Quebec",12.81.2,v44417214
1998,755.84,"Ottawa-Gatineau, Quebec part",15.81.2,v44411734
1999,692.87,"Ottawa-Gatineau, Quebec part",15.81.2,v44411734
2000,858.49,"Ottawa-Gatineau, Quebec part",15.81.2,v44411734
2001,832.99,"Ottawa-Gatineau, Quebec part",15.81.2,v44411734
2002,774.88,"Ottawa-Gatineau, Quebec part",15.81.2,v44411734
2003,861.53,"Ottawa-Gatineau, Quebec part",15.81.2,v44411734
2004,801.03,"Ottawa-Gatineau, Quebec part",15.81.2,v44411734
2005,702.97,"Ottawa-Gatineau, Quebec part",15.81.2,v44411734
2006,729.45,"Ottawa-Gatineau, Quebec part",15.81.2,v44411734
2007,762.82,"Ottawa-Gatineau, Quebec part",15.81.2,v44411734
2008,722.68,"Ottawa-Gatineau, Quebec part",15.81.2,v44411734
2009,800.02,"Ottawa-Gatineau, Quebec part",15.81.2,v44411734
2010,639.01,"Ottawa-Gatineau, Quebec part",15.81.2,v44411734
2011,614.41,"Ottawa-Gatineau, Quebec part",15.81.2,v44411734
2012,558.87,"Ottawa-Gatineau, Quebec part",15.81.2,v44411734
2013,441.09,"Ottawa-Gatineau, Quebec part",15.81.2,v44411734
2014,386.51,"Ottawa-Gatineau, Quebec part",15.81.2,v44411734
2015,390.73,"Ottawa-Gatineau, Quebec part",15.81.2,v44411734
1998,936.50,"Ontario",16.81.2,v44418154
1999,845.36,"Ontario",16.81.2,v44418154
2000,866.66,"Ontario",16.81.2,v44418154
2001,829.54,"Ontario",16.81.2,v44418154
2002,798.71,"Ontario",16.81.2,v44418154
2003,798.63,"Ontario",16.81.2,v44418154
2004,740.11,"Ontario",16.81.2,v44418154
2005,703.41,"Ontario",16.81.2,v44418154
2006,802.28,"Ontario",16.81.2,v44418154
2007,753.05,"Ontario",16.81.2,v44418154
2008,696.24,"Ontario",16.81.2,v44418154
2009,664.65,"Ontario",16.81.2,v44418154
2010,589.71,"Ontario",16.81.2,v44418154
2011,528.52,"Ontario",16.81.2,v44418154
2012,503.93,"Ontario",16.81.2,v44418154
2013,427.54,"Ontario",16.81.2,v44418154
2014,403.31,"Ontario",16.81.2,v44418154
2015,402.24,"Ontario",16.81.2,v44418154
1998,965.60,"Ottawa-Gatineau, Ontario/Quebec",17.81.2,v52148363
1999,812.66,"Ottawa-Gatineau, Ontario/Quebec",17.81.2,v52148363
2000,841.21,"Ottawa-Gatineau, Ontario/Quebec",17.81.2,v52148363
2001,818.47,"Ottawa-Gatineau, Ontario/Quebec",17.81.2,v52148363
2002,819.91,"Ottawa-Gatineau, Ontario/Quebec",17.81.2,v52148363
2003,864.89,"Ottawa-Gatineau, Ontario/Quebec",17.81.2,v52148363
2004,819.98,"Ottawa-Gatineau, Ontario/Quebec",17.81.2,v52148363
2005,871.12,"Ottawa-Gatineau, Ontario/Quebec",17.81.2,v52148363
2006,920.60,"Ottawa-Gatineau, Ontario/Quebec",17.81.2,v52148363
2007,977.18,"Ottawa-Gatineau, Ontario/Quebec",17.81.2,v52148363
2008,883.32,"Ottawa-Gatineau, Ontario/Quebec",17.81.2,v52148363
2009,829.22,"Ottawa-Gatineau, Ontario/Quebec",17.81.2,v52148363
2010,682.38,"Ottawa-Gatineau, Ontario/Quebec",17.81.2,v52148363
2011,625.86,"Ottawa-Gatineau, Ontario/Quebec",17.81.2,v52148363
2012,575.59,"Ottawa-Gatineau, Ontario/Quebec",17.81.2,v52148363
2013,476.18,"Ottawa-Gatineau, Ontario/Quebec",17.81.2,v52148363
2014,460.47,"Ottawa-Gatineau, Ontario/Quebec",17.81.2,v52148363
2015,409.29,"Ottawa-Gatineau, Ontario/Quebec",17.81.2,v52148363
1998,1035.33,"Ottawa-Gatineau, Ontario part",18.81.2,v44339164
1999,851.14,"Ottawa-Gatineau, Ontario part",18.81.2,v44339164
2000,835.71,"Ottawa-Gatineau, Ontario part",18.81.2,v44339164
2001,813.90,"Ottawa-Gatineau, Ontario part",18.81.2,v44339164
2002,834.15,"Ottawa-Gatineau, Ontario part",18.81.2,v44339164
2003,865.96,"Ottawa-Gatineau, Ontario part",18.81.2,v44339164
2004,826.02,"Ottawa-Gatineau, Ontario part",18.81.2,v44339164
2005,925.04,"Ottawa-Gatineau, Ontario part",18.81.2,v44339164
2006,982.24,"Ottawa-Gatineau, Ontario part",18.81.2,v44339164
2007,1046.73,"Ottawa-Gatineau, Ontario part",18.81.2,v44339164
2008,935.44,"Ottawa-Gatineau, Ontario part",18.81.2,v44339164
2009,838.76,"Ottawa-Gatineau, Ontario part",18.81.2,v44339164
2010,696.70,"Ottawa-Gatineau, Ontario part",18.81.2,v44339164
2011,629.66,"Ottawa-Gatineau, Ontario part",18.81.2,v44339164
2012,581.14,"Ottawa-Gatineau, Ontario part",18.81.2,v44339164
2013,487.80,"Ottawa-Gatineau, Ontario part",18.81.2,v44339164
2014,484.90,"Ottawa-Gatineau, Ontario part",18.81.2,v44339164
2015,415.40,"Ottawa-Gatineau, Ontario part",18.81.2,v44339164
2000,..,"Kingston, Ontario",27.81.2,v44362677
2001,786.48,"Kingston, Ontario",27.81.2,v44362677
2002,945.43,"Kingston, Ontario",27.81.2,v44362677
2003,1114.55,"Kingston, Ontario",27.81.2,v44362677
2004,1121.70,"Kingston, Ontario",27.81.2,v44362677
2005,976.31,"Kingston, Ontario",27.81.2,v44362677
2006,1256.69,"Kingston, Ontario",27.81.2,v44362677
2007,1027.87,"Kingston, Ontario",27.81.2,v44362677
2008,1062.47,"Kingston, Ontario",27.81.2,v44362677
2009,915.33,"Kingston, Ontario",27.81.2,v44362677
2010,900.58,"Kingston, Ontario",27.81.2,v44362677
2011,818.22,"Kingston, Ontario",27.81.2,v44362677
2012,905.86,"Kingston, Ontario",27.81.2,v44362677
2013,730.75,"Kingston, Ontario",27.81.2,v44362677
2014,707.68,"Kingston, Ontario",27.81.2,v44362677
2015,670.88,"Kingston, Ontario",27.81.2,v44362677
2005,..,"Peterborough, Ontario",44.81.2,v52124309
2006,937.14,"Peterborough, Ontario",44.81.2,v52124309
2007,777.23,"Peterborough, Ontario",44.81.2,v52124309
2008,744.58,"Peterborough, Ontario",44.81.2,v52124309
2009,724.09,"Peterborough, Ontario",44.81.2,v52124309
2010,646.82,"Peterborough, Ontario",44.81.2,v52124309
2011,579.26,"Peterborough, Ontario",44.81.2,v52124309
2012,616.65,"Peterborough, Ontario",44.81.2,v52124309
2013,530.82,"Peterborough, Ontario",44.81.2,v52124309
2014,465.14,"Peterborough, Ontario",44.81.2,v52124309
2015,476.68,"Peterborough, Ontario",44.81.2,v52124309
1998,641.49,"Toronto, Ontario",19.81.2,v44358120
1999,571.67,"Toronto, Ontario",19.81.2,v44358120
2000,566.37,"Toronto, Ontario",19.81.2,v44358120
2001,584.85,"Toronto, Ontario",19.81.2,v44358120
2002,551.45,"Toronto, Ontario",19.81.2,v44358120
2003,509.98,"Toronto, Ontario",19.81.2,v44358120
2004,467.14,"Toronto, Ontario",19.81.2,v44358120
2005,431.31,"Toronto, Ontario",19.81.2,v44358120
2006,506.36,"Toronto, Ontario",19.81.2,v44358120
2007,483.73,"Toronto, Ontario",19.81.2,v44358120
2008,443.80,"Toronto, Ontario",19.81.2,v44358120
2009,389.33,"Toronto, Ontario",19.81.2,v44358120
2010,359.11,"Toronto, Ontario",19.81.2,v44358120
2011,325.35,"Toronto, Ontario",19.81.2,v44358120
2012,298.83,"Toronto, Ontario",19.81.2,v44358120
2013,257.12,"Toronto, Ontario",19.81.2,v44358120
2014,258.00,"Toronto, Ontario",19.81.2,v44358120
2015,263.65,"Toronto, Ontario",19.81.2,v44358120
1998,849.46,"Hamilton, Ontario",20.81.2,v44351448
1999,801.51,"Hamilton, Ontario",20.81.2,v44351448
2000,824.31,"Hamilton, Ontario",20.81.2,v44351448
2001,948.36,"Hamilton, Ontario",20.81.2,v44351448
2002,832.63,"Hamilton, Ontario",20.81.2,v44351448
2003,798.80,"Hamilton, Ontario",20.81.2,v44351448
2004,700.30,"Hamilton, Ontario",20.81.2,v44351448
2005,687.89,"Hamilton, Ontario",20.81.2,v44351448
2006,782.27,"Hamilton, Ontario",20.81.2,v44351448
2007,818.40,"Hamilton, Ontario",20.81.2,v44351448
2008,785.08,"Hamilton, Ontario",20.81.2,v44351448
2009,787.69,"Hamilton, Ontario",20.81.2,v44351448
2010,702.38,"Hamilton, Ontario",20.81.2,v44351448
2011,574.38,"Hamilton, Ontario",20.81.2,v44351448
2012,530.10,"Hamilton, Ontario",20.81.2,v44351448
2013,435.70,"Hamilton, Ontario",20.81.2,v44351448
2014,357.49,"Hamilton, Ontario",20.81.2,v44351448
2015,364.98,"Hamilton, Ontario",20.81.2,v44351448
1998,964.45,"St.Catharines-Niagara, Ontario",21.81.2,v44415157
1999,872.02,"St.Catharines-Niagara, Ontario",21.81.2,v44415157
2000,901.64,"St.Catharines-Niagara, Ontario",21.81.2,v44415157
2001,929.12,"St.Catharines-Niagara, Ontario",21.81.2,v44415157
2002,945.31,"St.Catharines-Niagara, Ontario",21.81.2,v44415157
2003,909.22,"St.Catharines-Niagara, Ontario",21.81.2,v44415157
2004,787.92,"St.Catharines-Niagara, Ontario",21.81.2,v44415157
2005,812.05,"St.Catharines-Niagara, Ontario",21.81.2,v44415157
2006,949.80,"St.Catharines-Niagara, Ontario",21.81.2,v44415157
2007,831.61,"St.Catharines-Niagara, Ontario",21.81.2,v44415157
2008,762.87,"St.Catharines-Niagara, Ontario",21.81.2,v44415157
2009,725.04,"St.Catharines-Niagara, Ontario",21.81.2,v44415157
2010,646.61,"St.Catharines-Niagara, Ontario",21.81.2,v44415157
2011,544.94,"St.Catharines-Niagara, Ontario",21.81.2,v44415157
2012,555.64,"St.Catharines-Niagara, Ontario",21.81.2,v44415157
2013,443.55,"St.Catharines-Niagara, Ontario",21.81.2,v44415157
2014,388.48,"St.Catharines-Niagara, Ontario",21.81.2,v44415157
2015,413.05,"St.Catharines-Niagara, Ontario",21.81.2,v44415157
1998,993.12,"Kitchener-Cambridge-Waterloo, Ontario",22.81.2,v44389667
1999,935.98,"Kitchener-Cambridge-Waterloo, Ontario",22.81.2,v44389667
2000,1002.15,"Kitchener-Cambridge-Waterloo, Ontario",22.81.2,v44389667
2001,926.70,"Kitchener-Cambridge-Waterloo, Ontario",22.81.2,v44389667
2002,928.57,"Kitchener-Cambridge-Waterloo, Ontario",22.81.2,v44389667
2003,867.77,"Kitchener-Cambridge-Waterloo, Ontario",22.81.2,v44389667
2004,741.51,"Kitchener-Cambridge-Waterloo, Ontario",22.81.2,v44389667
2005,713.61,"Kitchener-Cambridge-Waterloo, Ontario",22.81.2,v44389667
2006,807.00,"Kitchener-Cambridge-Waterloo, Ontario",22.81.2,v44389667
2007,666.76,"Kitchener-Cambridge-Waterloo, Ontario",22.81.2,v44389667
2008,724.73,"Kitchener-Cambridge-Waterloo, Ontario",22.81.2,v44389667
2009,752.29,"Kitchener-Cambridge-Waterloo, Ontario",22.81.2,v44389667
2010,683.19,"Kitchener-Cambridge-Waterloo, Ontario",22.81.2,v44389667
2011,594.36,"Kitchener-Cambridge-Waterloo, Ontario",22.81.2,v44389667
2012,517.46,"Kitchener-Cambridge-Waterloo, Ontario",22.81.2,v44389667
2013,504.18,"Kitchener-Cambridge-Waterloo, Ontario",22.81.2,v44389667
2014,489.16,"Kitchener-Cambridge-Waterloo, Ontario",22.81.2,v44389667
2015,458.61,"Kitchener-Cambridge-Waterloo, Ontario",22.81.2,v44389667
2005,..,"Brantford, Ontario",45.81.2,v52122089
2006,1447.29,"Brantford, Ontario",45.81.2,v52122089
2007,1257.97,"Brantford, Ontario",45.81.2,v52122089
2008,1254.14,"Brantford, Ontario",45.81.2,v52122089
2009,1243.83,"Brantford, Ontario",45.81.2,v52122089
2010,1056.16,"Brantford, Ontario",45.81.2,v52122089
2011,1008.11,"Brantford, Ontario",45.81.2,v52122089
2012,990.76,"Brantford, Ontario",45.81.2,v52122089
2013,968.10,"Brantford, Ontario",45.81.2,v52122089
2014,726.01,"Brantford, Ontario",45.81.2,v52122089
2015,730.78,"Brantford, Ontario",45.81.2,v52122089
2005,..,"Guelph, Ontario",46.81.2,v52127041
2006,703.78,"Guelph, Ontario",46.81.2,v52127041
2007,898.82,"Guelph, Ontario",46.81.2,v52127041
2008,825.54,"Guelph, Ontario",46.81.2,v52127041
2009,910.58,"Guelph, Ontario",46.81.2,v52127041
2010,872.03,"Guelph, Ontario",46.81.2,v52127041
2011,782.13,"Guelph, Ontario",46.81.2,v52127041
2012,679.37,"Guelph, Ontario",46.81.2,v52127041
2013,469.73,"Guelph, Ontario",46.81.2,v52127041
2014,461.60,"Guelph, Ontario",46.81.2,v52127041
2015,408.62,"Guelph, Ontario",46.81.2,v52127041
1998,1132.55,"London, Ontario",23.81.2,v44364169
1999,1052.66,"London, Ontario",23.81.2,v44364169
2000,1148.78,"London, Ontario",23.81.2,v44364169
2001,1049.72,"London, Ontario",23.81.2,v44364169
2002,984.07,"London, Ontario",23.81.2,v44364169
2003,923.87,"London, Ontario",23.81.2,v44364169
2004,875.17,"London, Ontario",23.81.2,v44364169
2005,882.31,"London, Ontario",23.81.2,v44364169
2006,1154.59,"London, Ontario",23.81.2,v44364169
2007,1008.46,"London, Ontario",23.81.2,v44364169
2008,941.38,"London, Ontario",23.81.2,v44364169
2009,1008.82,"London, Ontario",23.81.2,v44364169
2010,740.65,"London, Ontario",23.81.2,v44364169
2011,669.97,"London, Ontario",23.81.2,v44364169
2012,608.33,"London, Ontario",23.81.2,v44364169
2013,510.19,"London, Ontario",23.81.2,v44364169
2014,553.14,"London, Ontario",23.81.2,v44364169
2015,614.19,"London, Ontario",23.81.2,v44364169
1998,1258.39,"Windsor, Ontario",24.81.2,v44331707
1999,919.28,"Windsor, Ontario",24.81.2,v44331707
2000,931.81,"Windsor, Ontario",24.81.2,v44331707
2001,916.40,"Windsor, Ontario",24.81.2,v44331707
2002,1020.04,"Windsor, Ontario",24.81.2,v44331707
2003,1071.01,"Windsor, Ontario",24.81.2,v44331707
2004,1040.12,"Windsor, Ontario",24.81.2,v44331707
2005,899.47,"Windsor, Ontario",24.81.2,v44331707
2006,986.05,"Windsor, Ontario",24.81.2,v44331707
2007,864.20,"Windsor, Ontario",24.81.2,v44331707
2008,834.44,"Windsor, Ontario",24.81.2,v44331707
2009,818.52,"Windsor, Ontario",24.81.2,v44331707
2010,636.84,"Windsor, Ontario",24.81.2,v44331707
2011,595.35,"Windsor, Ontario",24.81.2,v44331707
2012,636.94,"Windsor, Ontario",24.81.2,v44331707
2013,519.03,"Windsor, Ontario",24.81.2,v44331707
2014,484.45,"Windsor, Ontario",24.81.2,v44331707
2015,495.90,"Windsor, Ontario",24.81.2,v44331707
2005,..,"Barrie, Ontario",47.81.2,v52144761
2006,1014.48,"Barrie, Ontario",47.81.2,v52144761
2007,975.93,"Barrie, Ontario",47.81.2,v52144761
2008,747.69,"Barrie, Ontario",47.81.2,v52144761
2009,831.70,"Barrie, Ontario",47.81.2,v52144761
2010,811.29,"Barrie, Ontario",47.81.2,v52144761
2011,664.44,"Barrie, Ontario",47.81.2,v52144761
2012,675.00,"Barrie, Ontario",47.81.2,v52144761
2013,506.35,"Barrie, Ontario",47.81.2,v52144761
2014,460.32,"Barrie, Ontario",47.81.2,v52144761
2015,460.80,"Barrie, Ontario",47.81.2,v52144761
1998,791.70,"Sudbury, Ontario",25.81.2,v44327817
1999,697.74,"Sudbury, Ontario",25.81.2,v44327817
2000,754.57,"Sudbury, Ontario",25.81.2,v44327817
2001,836.42,"Sudbury, Ontario",25.81.2,v44327817
2002,754.22,"Sudbury, Ontario",25.81.2,v44327817
2003,976.73,"Sudbury, Ontario",25.81.2,v44327817
2004,828.92,"Sudbury, Ontario",25.81.2,v44327817
2005,780.95,"Sudbury, Ontario",25.81.2,v44327817
2006,912.74,"Sudbury, Ontario",25.81.2,v44327817
2007,926.22,"Sudbury, Ontario",25.81.2,v44327817
2008,773.71,"Sudbury, Ontario",25.81.2,v44327817
2009,751.28,"Sudbury, Ontario",25.81.2,v44327817
2010,779.46,"Sudbury, Ontario",25.81.2,v44327817
2011,627.63,"Sudbury, Ontario",25.81.2,v44327817
2012,593.44,"Sudbury, Ontario",25.81.2,v44327817
2013,499.61,"Sudbury, Ontario",25.81.2,v44327817
2014,475.97,"Sudbury, Ontario",25.81.2,v44327817
2015,571.03,"Sudbury, Ontario",25.81.2,v44327817
1998,1363.92,"Thunder Bay, Ontario",26.81.2,v44333427
1999,1076.37,"Thunder Bay, Ontario",26.81.2,v44333427
2000,1141.17,"Thunder Bay, Ontario",26.81.2,v44333427
2001,1175.17,"Thunder Bay, Ontario",26.81.2,v44333427
2002,1329.71,"Thunder Bay, Ontario",26.81.2,v44333427
2003,1263.12,"Thunder Bay, Ontario",26.81.2,v44333427
2004,1493.59,"Thunder Bay, Ontario",26.81.2,v44333427
2005,1227.27,"Thunder Bay, Ontario",26.81.2,v44333427
2006,1382.80,"Thunder Bay, Ontario",26.81.2,v44333427
2007,1295.26,"Thunder Bay, Ontario",26.81.2,v44333427
2008,1237.00,"Thunder Bay, Ontario",26.81.2,v44333427
2009,1595.87,"Thunder Bay, Ontario",26.81.2,v44333427
2010,1369.29,"Thunder Bay, Ontario",26.81.2,v44333427
2011,1237.07,"Thunder Bay, Ontario",26.81.2,v44333427
2012,1200.93,"Thunder Bay, Ontario",26.81.2,v44333427
2013,979.93,"Thunder Bay, Ontario",26.81.2,v44333427
2014,839.55,"Thunder Bay, Ontario",26.81.2,v44333427
2015,918.12,"Thunder Bay, Ontario",26.81.2,v44333427
1998,1875.93,"Manitoba",28.81.2,v44391712
1999,1997.83,"Manitoba",28.81.2,v44391712
2000,1938.86,"Manitoba",28.81.2,v44391712
2001,2248.32,"Manitoba",28.81.2,v44391712
2002,2277.60,"Manitoba",28.81.2,v44391712
2003,2586.23,"Manitoba",28.81.2,v44391712
2004,2596.36,"Manitoba",28.81.2,v44391712
2005,2751.50,"Manitoba",28.81.2,v44391712
2006,2757.53,"Manitoba",28.81.2,v44391712
2007,2685.04,"Manitoba",28.81.2,v44391712
2008,2528.77,"Manitoba",28.81.2,v44391712
2009,2481.74,"Manitoba",28.81.2,v44391712
2010,2411.77,"Manitoba",28.81.2,v44391712
2011,2131.83,"Manitoba",28.81.2,v44391712
2012,2139.71,"Manitoba",28.81.2,v44391712
2013,1792.80,"Manitoba",28.81.2,v44391712
2014,1770.60,"Manitoba",28.81.2,v44391712
2015,1950.09,"Manitoba",28.81.2,v44391712
1998,1747.68,"Winnipeg, Manitoba",29.81.2,v44359954
1999,1955.07,"Winnipeg, Manitoba",29.81.2,v44359954
2000,1917.81,"Winnipeg, Manitoba",29.81.2,v44359954
2001,2224.73,"Winnipeg, Manitoba",29.81.2,v44359954
2002,2288.05,"Winnipeg, Manitoba",29.81.2,v44359954
2003,2637.09,"Winnipeg, Manitoba",29.81.2,v44359954
2004,2660.29,"Winnipeg, Manitoba",29.81.2,v44359954
2005,2905.34,"Winnipeg, Manitoba",29.81.2,v44359954
2006,2798.78,"Winnipeg, Manitoba",29.81.2,v44359954
2007,2543.77,"Winnipeg, Manitoba",29.81.2,v44359954
2008,2204.52,"Winnipeg, Manitoba",29.81.2,v44359954
2009,2089.68,"Winnipeg, Manitoba",29.81.2,v44359954
2010,1958.23,"Winnipeg, Manitoba",29.81.2,v44359954
2011,1711.64,"Winnipeg, Manitoba",29.81.2,v44359954
2012,1627.60,"Winnipeg, Manitoba",29.81.2,v44359954
2013,1151.85,"Winnipeg, Manitoba",29.81.2,v44359954
2014,1203.61,"Winnipeg, Manitoba",29.81.2,v44359954
2015,1339.19,"Winnipeg, Manitoba",29.81.2,v44359954
1998,1710.75,"Saskatchewan",30.81.2,v44379146
1999,1658.90,"Saskatchewan",30.81.2,v44379146
2000,1934.77,"Saskatchewan",30.81.2,v44379146
2001,2065.94,"Saskatchewan",30.81.2,v44379146
2002,2116.27,"Saskatchewan",30.81.2,v44379146
2003,2493.87,"Saskatchewan",30.81.2,v44379146
2004,2754.33,"Saskatchewan",30.81.2,v44379146
2005,3055.42,"Saskatchewan",30.81.2,v44379146
2006,3197.41,"Saskatchewan",30.81.2,v44379146
2007,3376.78,"Saskatchewan",30.81.2,v44379146
2008,3148.58,"Saskatchewan",30.81.2,v44379146
2009,3249.67,"Saskatchewan",30.81.2,v44379146
2010,3070.59,"Saskatchewan",30.81.2,v44379146
2011,2980.26,"Saskatchewan",30.81.2,v44379146
2012,2759.51,"Saskatchewan",30.81.2,v44379146
2013,2468.44,"Saskatchewan",30.81.2,v44379146
2014,2311.89,"Saskatchewan",30.81.2,v44379146
2015,2528.59,"Saskatchewan",30.81.2,v44379146
1998,1687.94,"Regina, Saskatchewan",31.81.2,v44354253
1999,1647.57,"Regina, Saskatchewan",31.81.2,v44354253
2000,1845.62,"Regina, Saskatchewan",31.81.2,v44354253
2001,1917.36,"Regina, Saskatchewan",31.81.2,v44354253
2002,1881.13,"Regina, Saskatchewan",31.81.2,v44354253
2003,2126.31,"Regina, Saskatchewan",31.81.2,v44354253
2004,2024.09,"Regina, Saskatchewan",31.81.2,v44354253
2005,1706.72,"Regina, Saskatchewan",31.81.2,v44354253
2006,1787.35,"Regina, Saskatchewan",31.81.2,v44354253
2007,1866.92,"Regina, Saskatchewan",31.81.2,v44354253
2008,1990.83,"Regina, Saskatchewan",31.81.2,v44354253
2009,1839.45,"Regina, Saskatchewan",31.81.2,v44354253
2010,1617.70,"Regina, Saskatchewan",31.81.2,v44354253
2011,1383.54,"Regina, Saskatchewan",31.81.2,v44354253
2012,1279.08,"Regina, Saskatchewan",31.81.2,v44354253
2013,1192.10,"Regina, Saskatchewan",31.81.2,v44354253
2014,1138.36,"Regina, Saskatchewan",31.81.2,v44354253
2015,1219.13,"Regina, Saskatchewan",31.81.2,v44354253
1998,1446.92,"Saskatoon, Saskatchewan",32.81.2,v44341957
1999,1338.03,"Saskatoon, Saskatchewan",32.81.2,v44341957
2000,1865.53,"Saskatoon, Saskatchewan",32.81.2,v44341957
2001,1915.34,"Saskatoon, Saskatchewan",32.81.2,v44341957
2002,1753.95,"Saskatoon, Saskatchewan",32.81.2,v44341957
2003,2155.63,"Saskatoon, Saskatchewan",32.81.2,v44341957
2004,1901.86,"Saskatoon, Saskatchewan",32.81.2,v44341957
2005,2073.38,"Saskatoon, Saskatchewan",32.81.2,v44341957
2006,2105.28,"Saskatoon, Saskatchewan",32.81.2,v44341957
2007,2426.47,"Saskatoon, Saskatchewan",32.81.2,v44341957
2008,1839.78,"Saskatoon, Saskatchewan",32.81.2,v44341957
2009,1800.81,"Saskatoon, Saskatchewan",32.81.2,v44341957
2010,1371.93,"Saskatoon, Saskatchewan",32.81.2,v44341957
2011,1587.56,"Saskatoon, Saskatchewan",32.81.2,v44341957
2012,1296.87,"Saskatoon, Saskatchewan",32.81.2,v44341957
2013,1118.22,"Saskatoon, Saskatchewan",32.81.2,v44341957
2014,1025.98,"Saskatoon, Saskatchewan",32.81.2,v44341957
2015,1076.26,"Saskatoon, Saskatchewan",32.81.2,v44341957
1998,1341.81,"Alberta",33.81.2,v44413066
1999,1286.68,"Alberta",33.81.2,v44413066
2000,1348.58,"Alberta",33.81.2,v44413066
2001,1430.18,"Alberta",33.81.2,v44413066
2002,1412.11,"Alberta",33.81.2,v44413066
2003,1528.87,"Alberta",33.81.2,v44413066
2004,1589.09,"Alberta",33.81.2,v44413066
2005,1663.05,"Alberta",33.81.2,v44413066
2006,1748.84,"Alberta",33.81.2,v44413066
2007,1767.06,"Alberta",33.81.2,v44413066
2008,1719.08,"Alberta",33.81.2,v44413066
2009,1607.79,"Alberta",33.81.2,v44413066
2010,1495.22,"Alberta",33.81.2,v44413066
2011,1382.44,"Alberta",33.81.2,v44413066
2012,1309.74,"Alberta",33.81.2,v44413066
2013,1232.41,"Alberta",33.81.2,v44413066
2014,1193.28,"Alberta",33.81.2,v44413066
2015,1251.13,"Alberta",33.81.2,v44413066
1998,1005.77,"Calgary, Alberta",34.81.2,v44334638
1999,939.66,"Calgary, Alberta",34.81.2,v44334638
2000,941.13,"Calgary, Alberta",34.81.2,v44334638
2001,993.85,"Calgary, Alberta",34.81.2,v44334638
2002,953.09,"Calgary, Alberta",34.81.2,v44334638
2003,940.98,"Calgary, Alberta",34.81.2,v44334638
2004,839.33,"Calgary, Alberta",34.81.2,v44334638
2005,874.56,"Calgary, Alberta",34.81.2,v44334638
2006,932.56,"Calgary, Alberta",34.81.2,v44334638
2007,878.34,"Calgary, Alberta",34.81.2,v44334638
2008,810.03,"Calgary, Alberta",34.81.2,v44334638
2009,735.35,"Calgary, Alberta",34.81.2,v44334638
2010,646.93,"Calgary, Alberta",34.81.2,v44334638
2011,616.32,"Calgary, Alberta",34.81.2,v44334638
2012,569.99,"Calgary, Alberta",34.81.2,v44334638
2013,533.35,"Calgary, Alberta",34.81.2,v44334638
2014,497.04,"Calgary, Alberta",34.81.2,v44334638
2015,539.25,"Calgary, Alberta",34.81.2,v44334638
1998,1205.51,"Edmonton, Alberta",35.81.2,v44327407
1999,1178.35,"Edmonton, Alberta",35.81.2,v44327407
2000,1217.09,"Edmonton, Alberta",35.81.2,v44327407
2001,1268.96,"Edmonton, Alberta",35.81.2,v44327407
2002,1253.67,"Edmonton, Alberta",35.81.2,v44327407
2003,1380.54,"Edmonton, Alberta",35.81.2,v44327407
2004,1468.26,"Edmonton, Alberta",35.81.2,v44327407
2005,1471.15,"Edmonton, Alberta",35.81.2,v44327407
2006,1572.12,"Edmonton, Alberta",35.81.2,v44327407
2007,1544.90,"Edmonton, Alberta",35.81.2,v44327407
2008,1381.14,"Edmonton, Alberta",35.81.2,v44327407
2009,1332.48,"Edmonton, Alberta",35.81.2,v44327407
2010,1227.50,"Edmonton, Alberta",35.81.2,v44327407
2011,1048.82,"Edmonton, Alberta",35.81.2,v44327407
2012,984.61,"Edmonton, Alberta",35.81.2,v44327407
2013,940.72,"Edmonton, Alberta",35.81.2,v44327407
2014,847.65,"Edmonton, Alberta",35.81.2,v44327407
2015,932.48,"Edmonton, Alberta",35.81.2,v44327407
1998,1465.65,"British Columbia",36.81.2,v44335522
1999,1377.92,"British Columbia",36.81.2,v44335522
2000,1415.45,"British Columbia",36.81.2,v44335522
2001,1477.04,"British Columbia",36.81.2,v44335522
2002,1479.49,"British Columbia",36.81.2,v44335522
2003,1565.86,"British Columbia",36.81.2,v44335522
2004,1499.19,"British Columbia",36.81.2,v44335522
2005,1468.36,"British Columbia",36.81.2,v44335522
2006,1460.17,"British Columbia",36.81.2,v44335522
2007,1484.32,"British Columbia",36.81.2,v44335522
2008,1544.07,"British Columbia",36.81.2,v44335522
2009,1350.65,"British Columbia",36.81.2,v44335522
2010,1229.89,"British Columbia",36.81.2,v44335522
2011,1120.81,"British Columbia",36.81.2,v44335522
2012,1062.70,"British Columbia",36.81.2,v44335522
2013,965.17,"British Columbia",36.81.2,v44335522
2014,977.66,"British Columbia",36.81.2,v44335522
2015,963.20,"British Columbia",36.81.2,v44335522
2005,..,"Kelowna, British Columbia",48.81.2,v52142823
2006,1408.03,"Kelowna, British Columbia",48.81.2,v52142823
2007,1308.65,"Kelowna, British Columbia",48.81.2,v52142823
2008,1410.16,"Kelowna, British Columbia",48.81.2,v52142823
2009,1337.93,"Kelowna, British Columbia",48.81.2,v52142823
2010,1172.07,"Kelowna, British Columbia",48.81.2,v52142823
2011,1091.33,"Kelowna, British Columbia",48.81.2,v52142823
2012,1149.90,"Kelowna, British Columbia",48.81.2,v52142823
2013,967.60,"Kelowna, British Columbia",48.81.2,v52142823
2014,979.60,"Kelowna, British Columbia",48.81.2,v52142823
2015,944.77,"Kelowna, British Columbia",48.81.2,v52142823
2000,..,"Abbotsford-Mission, British Columbia",39.81.2,v44335056
2001,1606.10,"Abbotsford-Mission, British Columbia",39.81.2,v44335056
2002,1725.15,"Abbotsford-Mission, British Columbia",39.81.2,v44335056
2003,1569.11,"Abbotsford-Mission, British Columbia",39.81.2,v44335056
2004,1513.27,"Abbotsford-Mission, British Columbia",39.81.2,v44335056
2005,1536.88,"Abbotsford-Mission, British Columbia",39.81.2,v44335056
2006,1394.23,"Abbotsford-Mission, British Columbia",39.81.2,v44335056
2007,1469.15,"Abbotsford-Mission, British Columbia",39.81.2,v44335056
2008,1447.75,"Abbotsford-Mission, British Columbia",39.81.2,v44335056
2009,1149.99,"Abbotsford-Mission, British Columbia",39.81.2,v44335056
2010,1121.59,"Abbotsford-Mission, British Columbia",39.81.2,v44335056
2011,995.77,"Abbotsford-Mission, British Columbia",39.81.2,v44335056
2012,858.65,"Abbotsford-Mission, British Columbia",39.81.2,v44335056
2013,858.61,"Abbotsford-Mission, British Columbia",39.81.2,v44335056
2014,800.70,"Abbotsford-Mission, British Columbia",39.81.2,v44335056
2015,935.71,"Abbotsford-Mission, British Columbia",39.81.2,v44335056
1998,1204.07,"Vancouver, British Columbia",37.81.2,v44358209
1999,1119.16,"Vancouver, British Columbia",37.81.2,v44358209
2000,1139.51,"Vancouver, British Columbia",37.81.2,v44358209
2001,1190.74,"Vancouver, British Columbia",37.81.2,v44358209
2002,1144.48,"Vancouver, British Columbia",37.81.2,v44358209
2003,1225.10,"Vancouver, British Columbia",37.81.2,v44358209
2004,1145.70,"Vancouver, British Columbia",37.81.2,v44358209
2005,1117.56,"Vancouver, British Columbia",37.81.2,v44358209
2006,1084.77,"Vancouver, British Columbia",37.81.2,v44358209
2007,1098.33,"Vancouver, British Columbia",37.81.2,v44358209
2008,1165.82,"Vancouver, British Columbia",37.81.2,v44358209
2009,947.81,"Vancouver, British Columbia",37.81.2,v44358209
2010,879.57,"Vancouver, British Columbia",37.81.2,v44358209
2011,816.50,"Vancouver, British Columbia",37.81.2,v44358209
2012,789.48,"Vancouver, British Columbia",37.81.2,v44358209
2013,734.28,"Vancouver, British Columbia",37.81.2,v44358209
2014,782.78,"Vancouver, British Columbia",37.81.2,v44358209
2015,710.89,"Vancouver, British Columbia",37.81.2,v44358209
1998,1738.41,"Victoria, British Columbia",38.81.2,v44417763
1999,1777.36,"Victoria, British Columbia",38.81.2,v44417763
2000,1734.10,"Victoria, British Columbia",38.81.2,v44417763
2001,1648.65,"Victoria, British Columbia",38.81.2,v44417763
2002,1581.20,"Victoria, British Columbia",38.81.2,v44417763
2003,1655.08,"Victoria, British Columbia",38.81.2,v44417763
2004,1606.89,"Victoria, British Columbia",38.81.2,v44417763
2005,1599.72,"Victoria, British Columbia",38.81.2,v44417763
2006,1607.78,"Victoria, British Columbia",38.81.2,v44417763
2007,1669.25,"Victoria, British Columbia",38.81.2,v44417763
2008,1797.13,"Victoria, British Columbia",38.81.2,v44417763
2009,1613.66,"Victoria, British Columbia",38.81.2,v44417763
2010,1240.92,"Victoria, British Columbia",38.81.2,v44417763
2011,1177.71,"Victoria, British Columbia",38.81.2,v44417763
2012,951.11,"Victoria, British Columbia",38.81.2,v44417763
2013,795.84,"Victoria, British Columbia",38.81.2,v44417763
2014,748.99,"Victoria, British Columbia",38.81.2,v44417763
2015,806.90,"Victoria, British Columbia",38.81.2,v44417763
1998,2520.71,"Yukon",40.81.2,v44349752
1999,2609.09,"Yukon",40.81.2,v44349752
2000,3681.67,"Yukon",40.81.2,v44349752
2001,4612.68,"Yukon",40.81.2,v44349752
2002,5566.90,"Yukon",40.81.2,v44349752
2003,5832.77,"Yukon",40.81.2,v44349752
2004,5388.75,"Yukon",40.81.2,v44349752
2005,5572.97,"Yukon",40.81.2,v44349752
2006,5286.48,"Yukon",40.81.2,v44349752
2007,5421.26,"Yukon",40.81.2,v44349752
2008,6271.16,"Yukon",40.81.2,v44349752
2009,5250.21,"Yukon",40.81.2,v44349752
2010,5058.39,"Yukon",40.81.2,v44349752
2011,5462.97,"Yukon",40.81.2,v44349752
2012,4669.93,"Yukon",40.81.2,v44349752
2013,5262.29,"Yukon",40.81.2,v44349752
2014,5371.72,"Yukon",40.81.2,v44349752
2015,5274.13,"Yukon",40.81.2,v44349752
1998,5505.28,"Northwest Territories",41.81.2,v44353106
1999,6717.67,"Northwest Territories",41.81.2,v44353106
2000,7676.73,"Northwest Territories",41.81.2,v44353106
2001,7991.38,"Northwest Territories",41.81.2,v44353106
2002,9201.97,"Northwest Territories",41.81.2,v44353106
2003,11940.51,"Northwest Territories",41.81.2,v44353106
2004,13376.13,"Northwest Territories",41.81.2,v44353106
2005,12472.64,"Northwest Territories",41.81.2,v44353106
2006,12904.72,"Northwest Territories",41.81.2,v44353106
2007,14517.91,"Northwest Territories",41.81.2,v44353106
2008,14980.39,"Northwest Territories",41.81.2,v44353106
2009,15001.51,"Northwest Territories",41.81.2,v44353106
2010,17690.28,"Northwest Territories",41.81.2,v44353106
2011,18153.61,"Northwest Territories",41.81.2,v44353106
2012,19116.57,"Northwest Territories",41.81.2,v44353106
2013,19615.35,"Northwest Territories",41.81.2,v44353106
2014,19117.78,"Northwest Territories",41.81.2,v44353106
2015,19236.53,"Northwest Territories",41.81.2,v44353106
1998,..,"Nunavut",42.81.2,v44375115
1999,3918.43,"Nunavut",42.81.2,v44375115
2000,4738.18,"Nunavut",42.81.2,v44375115
2001,6063.84,"Nunavut",42.81.2,v44375115
2002,6561.64,"Nunavut",42.81.2,v44375115
2003,8509.55,"Nunavut",42.81.2,v44375115
2004,9586.66,"Nunavut",42.81.2,v44375115
2005,9090.61,"Nunavut",42.81.2,v44375115
2006,9538.49,"Nunavut",42.81.2,v44375115
2007,9418.70,"Nunavut",42.81.2,v44375115
2008,11335.13,"Nunavut",42.81.2,v44375115
2009,12472.39,"Nunavut",42.81.2,v44375115
2010,12322.73,"Nunavut",42.81.2,v44375115
2011,12603.81,"Nunavut",42.81.2,v44375115
2012,12303.84,"Nunavut",42.81.2,v44375115
2013,9420.06,"Nunavut",42.81.2,v44375115
2014,10644.90,"Nunavut",42.81.2,v44375115
2015,11817.76,"Nunavut",42.81.2,v44375115
