1998,57299.00,"Canada",1.81.4,v44353210
1999,56152.00,"Canada",1.81.4,v44353210
2000,56275.00,"Canada",1.81.4,v44353210
2001,54970.00,"Canada",1.81.4,v44353210
2002,57115.00,"Canada",1.81.4,v44353210
2003,58560.00,"Canada",1.81.4,v44353210
2004,62265.00,"Canada",1.81.4,v44353210
2005,68292.00,"Canada",1.81.4,v44353210
2006,78845.00,"Canada",1.81.4,v44353210
2007,81630.00,"Canada",1.81.4,v44353210
2008,87313.00,"Canada",1.81.4,v44353210
2009,88458.00,"Canada",1.81.4,v44353210
2010,87658.00,"Canada",1.81.4,v44353210
2011,84738.00,"Canada",1.81.4,v44353210
2012,81780.00,"Canada",1.81.4,v44353210
2013,75555.00,"Canada",1.81.4,v44353210
2014,72095.00,"Canada",1.81.4,v44353210
2015,72393.00,"Canada",1.81.4,v44353210
1998,1052.00,"Newfoundland and Labrador",2.81.4,v44375769
1999,966.00,"Newfoundland and Labrador",2.81.4,v44375769
2000,873.00,"Newfoundland and Labrador",2.81.4,v44375769
2001,1121.00,"Newfoundland and Labrador",2.81.4,v44375769
2002,1236.00,"Newfoundland and Labrador",2.81.4,v44375769
2003,1788.00,"Newfoundland and Labrador",2.81.4,v44375769
2004,1955.00,"Newfoundland and Labrador",2.81.4,v44375769
2005,1989.00,"Newfoundland and Labrador",2.81.4,v44375769
2006,3123.00,"Newfoundland and Labrador",2.81.4,v44375769
2007,3638.00,"Newfoundland and Labrador",2.81.4,v44375769
2008,3742.00,"Newfoundland and Labrador",2.81.4,v44375769
2009,3423.00,"Newfoundland and Labrador",2.81.4,v44375769
2010,2854.00,"Newfoundland and Labrador",2.81.4,v44375769
2011,2440.00,"Newfoundland and Labrador",2.81.4,v44375769
2012,1927.00,"Newfoundland and Labrador",2.81.4,v44375769
2013,1694.00,"Newfoundland and Labrador",2.81.4,v44375769
2014,1581.00,"Newfoundland and Labrador",2.81.4,v44375769
2015,1326.00,"Newfoundland and Labrador",2.81.4,v44375769
1998,196.00,"St. John's, Newfoundland and Labrador",3.81.4,v44382315
1999,150.00,"St. John's, Newfoundland and Labrador",3.81.4,v44382315
2000,166.00,"St. John's, Newfoundland and Labrador",3.81.4,v44382315
2001,211.00,"St. John's, Newfoundland and Labrador",3.81.4,v44382315
2002,175.00,"St. John's, Newfoundland and Labrador",3.81.4,v44382315
2003,155.00,"St. John's, Newfoundland and Labrador",3.81.4,v44382315
2004,153.00,"St. John's, Newfoundland and Labrador",3.81.4,v44382315
2005,147.00,"St. John's, Newfoundland and Labrador",3.81.4,v44382315
2006,124.00,"St. John's, Newfoundland and Labrador",3.81.4,v44382315
2007,205.00,"St. John's, Newfoundland and Labrador",3.81.4,v44382315
2008,215.00,"St. John's, Newfoundland and Labrador",3.81.4,v44382315
2009,178.00,"St. John's, Newfoundland and Labrador",3.81.4,v44382315
2010,159.00,"St. John's, Newfoundland and Labrador",3.81.4,v44382315
2011,181.00,"St. John's, Newfoundland and Labrador",3.81.4,v44382315
2012,258.00,"St. John's, Newfoundland and Labrador",3.81.4,v44382315
2013,231.00,"St. John's, Newfoundland and Labrador",3.81.4,v44382315
2014,191.00,"St. John's, Newfoundland and Labrador",3.81.4,v44382315
2015,204.00,"St. John's, Newfoundland and Labrador",3.81.4,v44382315
1998,470.00,"Prince Edward Island",4.81.4,v44415896
1999,323.00,"Prince Edward Island",4.81.4,v44415896
2000,352.00,"Prince Edward Island",4.81.4,v44415896
2001,182.00,"Prince Edward Island",4.81.4,v44415896
2002,212.00,"Prince Edward Island",4.81.4,v44415896
2003,249.00,"Prince Edward Island",4.81.4,v44415896
2004,318.00,"Prince Edward Island",4.81.4,v44415896
2005,416.00,"Prince Edward Island",4.81.4,v44415896
2006,439.00,"Prince Edward Island",4.81.4,v44415896
2007,388.00,"Prince Edward Island",4.81.4,v44415896
2008,388.00,"Prince Edward Island",4.81.4,v44415896
2009,357.00,"Prince Edward Island",4.81.4,v44415896
2010,370.00,"Prince Edward Island",4.81.4,v44415896
2011,278.00,"Prince Edward Island",4.81.4,v44415896
2012,258.00,"Prince Edward Island",4.81.4,v44415896
2013,253.00,"Prince Edward Island",4.81.4,v44415896
2014,189.00,"Prince Edward Island",4.81.4,v44415896
2015,140.00,"Prince Edward Island",4.81.4,v44415896
1998,2097.00,"Nova Scotia",5.81.4,v44377395
1999,2390.00,"Nova Scotia",5.81.4,v44377395
2000,2240.00,"Nova Scotia",5.81.4,v44377395
2001,1889.00,"Nova Scotia",5.81.4,v44377395
2002,2118.00,"Nova Scotia",5.81.4,v44377395
2003,2704.00,"Nova Scotia",5.81.4,v44377395
2004,2323.00,"Nova Scotia",5.81.4,v44377395
2005,2644.00,"Nova Scotia",5.81.4,v44377395
2006,2941.00,"Nova Scotia",5.81.4,v44377395
2007,2826.00,"Nova Scotia",5.81.4,v44377395
2008,2631.00,"Nova Scotia",5.81.4,v44377395
2009,2681.00,"Nova Scotia",5.81.4,v44377395
2010,2499.00,"Nova Scotia",5.81.4,v44377395
2011,2845.00,"Nova Scotia",5.81.4,v44377395
2012,2811.00,"Nova Scotia",5.81.4,v44377395
2013,2392.00,"Nova Scotia",5.81.4,v44377395
2014,2191.00,"Nova Scotia",5.81.4,v44377395
2015,2083.00,"Nova Scotia",5.81.4,v44377395
1998,462.00,"Halifax, Nova Scotia",6.81.4,v44412908
1999,429.00,"Halifax, Nova Scotia",6.81.4,v44412908
2000,424.00,"Halifax, Nova Scotia",6.81.4,v44412908
2001,505.00,"Halifax, Nova Scotia",6.81.4,v44412908
2002,595.00,"Halifax, Nova Scotia",6.81.4,v44412908
2003,585.00,"Halifax, Nova Scotia",6.81.4,v44412908
2004,436.00,"Halifax, Nova Scotia",6.81.4,v44412908
2005,464.00,"Halifax, Nova Scotia",6.81.4,v44412908
2006,445.00,"Halifax, Nova Scotia",6.81.4,v44412908
2007,485.00,"Halifax, Nova Scotia",6.81.4,v44412908
2008,425.00,"Halifax, Nova Scotia",6.81.4,v44412908
2009,409.00,"Halifax, Nova Scotia",6.81.4,v44412908
2010,395.00,"Halifax, Nova Scotia",6.81.4,v44412908
2011,490.00,"Halifax, Nova Scotia",6.81.4,v44412908
2012,446.00,"Halifax, Nova Scotia",6.81.4,v44412908
2013,347.00,"Halifax, Nova Scotia",6.81.4,v44412908
2014,279.00,"Halifax, Nova Scotia",6.81.4,v44412908
2015,325.00,"Halifax, Nova Scotia",6.81.4,v44412908
1998,1885.00,"New Brunswick",7.81.4,v44405995
1999,1732.00,"New Brunswick",7.81.4,v44405995
2000,1147.00,"New Brunswick",7.81.4,v44405995
2001,1364.00,"New Brunswick",7.81.4,v44405995
2002,1142.00,"New Brunswick",7.81.4,v44405995
2003,1229.00,"New Brunswick",7.81.4,v44405995
2004,1958.00,"New Brunswick",7.81.4,v44405995
2005,2146.00,"New Brunswick",7.81.4,v44405995
2006,2149.00,"New Brunswick",7.81.4,v44405995
2007,1915.00,"New Brunswick",7.81.4,v44405995
2008,1908.00,"New Brunswick",7.81.4,v44405995
2009,1904.00,"New Brunswick",7.81.4,v44405995
2010,1662.00,"New Brunswick",7.81.4,v44405995
2011,1268.00,"New Brunswick",7.81.4,v44405995
2012,1205.00,"New Brunswick",7.81.4,v44405995
2013,984.00,"New Brunswick",7.81.4,v44405995
2014,909.00,"New Brunswick",7.81.4,v44405995
2015,794.00,"New Brunswick",7.81.4,v44405995
2005,..,"Moncton, New Brunswick",43.81.4,v52123831
2006,560.00,"Moncton, New Brunswick",43.81.4,v52123831
2007,393.00,"Moncton, New Brunswick",43.81.4,v52123831
2008,362.00,"Moncton, New Brunswick",43.81.4,v52123831
2009,303.00,"Moncton, New Brunswick",43.81.4,v52123831
2010,279.00,"Moncton, New Brunswick",43.81.4,v52123831
2011,256.00,"Moncton, New Brunswick",43.81.4,v52123831
2012,183.00,"Moncton, New Brunswick",43.81.4,v52123831
2013,146.00,"Moncton, New Brunswick",43.81.4,v52123831
2014,177.00,"Moncton, New Brunswick",43.81.4,v52123831
2015,153.00,"Moncton, New Brunswick",43.81.4,v52123831
1998,316.00,"Saint John, New Brunswick",8.81.4,v44354974
1999,252.00,"Saint John, New Brunswick",8.81.4,v44354974
2000,254.00,"Saint John, New Brunswick",8.81.4,v44354974
2001,306.00,"Saint John, New Brunswick",8.81.4,v44354974
2002,259.00,"Saint John, New Brunswick",8.81.4,v44354974
2003,262.00,"Saint John, New Brunswick",8.81.4,v44354974
2004,352.00,"Saint John, New Brunswick",8.81.4,v44354974
2005,274.00,"Saint John, New Brunswick",8.81.4,v44354974
2006,298.00,"Saint John, New Brunswick",8.81.4,v44354974
2007,333.00,"Saint John, New Brunswick",8.81.4,v44354974
2008,387.00,"Saint John, New Brunswick",8.81.4,v44354974
2009,321.00,"Saint John, New Brunswick",8.81.4,v44354974
2010,296.00,"Saint John, New Brunswick",8.81.4,v44354974
2011,250.00,"Saint John, New Brunswick",8.81.4,v44354974
2012,297.00,"Saint John, New Brunswick",8.81.4,v44354974
2013,234.00,"Saint John, New Brunswick",8.81.4,v44354974
2014,225.00,"Saint John, New Brunswick",8.81.4,v44354974
2015,191.00,"Saint John, New Brunswick",8.81.4,v44354974
1998,7279.00,"Quebec",9.81.4,v44389625
1999,7212.00,"Quebec",9.81.4,v44389625
2000,7592.00,"Quebec",9.81.4,v44389625
2001,7483.00,"Quebec",9.81.4,v44389625
2002,7157.00,"Quebec",9.81.4,v44389625
2003,7843.00,"Quebec",9.81.4,v44389625
2004,7115.00,"Quebec",9.81.4,v44389625
2005,7131.00,"Quebec",9.81.4,v44389625
2006,6768.00,"Quebec",9.81.4,v44389625
2007,6856.00,"Quebec",9.81.4,v44389625
2008,7265.00,"Quebec",9.81.4,v44389625
2009,7156.00,"Quebec",9.81.4,v44389625
2010,7048.00,"Quebec",9.81.4,v44389625
2011,6317.00,"Quebec",9.81.4,v44389625
2012,6103.00,"Quebec",9.81.4,v44389625
2013,5303.00,"Quebec",9.81.4,v44389625
2014,4775.00,"Quebec",9.81.4,v44389625
2015,5095.00,"Quebec",9.81.4,v44389625
1998,154.00,"Saguenay, Quebec",10.81.4,v44366019
1999,145.00,"Saguenay, Quebec",10.81.4,v44366019
2000,170.00,"Saguenay, Quebec",10.81.4,v44366019
2001,134.00,"Saguenay, Quebec",10.81.4,v44366019
2002,152.00,"Saguenay, Quebec",10.81.4,v44366019
2003,124.00,"Saguenay, Quebec",10.81.4,v44366019
2004,114.00,"Saguenay, Quebec",10.81.4,v44366019
2005,88.00,"Saguenay, Quebec",10.81.4,v44366019
2006,113.00,"Saguenay, Quebec",10.81.4,v44366019
2007,115.00,"Saguenay, Quebec",10.81.4,v44366019
2008,126.00,"Saguenay, Quebec",10.81.4,v44366019
2009,130.00,"Saguenay, Quebec",10.81.4,v44366019
2010,92.00,"Saguenay, Quebec",10.81.4,v44366019
2011,147.00,"Saguenay, Quebec",10.81.4,v44366019
2012,132.00,"Saguenay, Quebec",10.81.4,v44366019
2013,110.00,"Saguenay, Quebec",10.81.4,v44366019
2014,77.00,"Saguenay, Quebec",10.81.4,v44366019
2015,91.00,"Saguenay, Quebec",10.81.4,v44366019
1998,139.00,"Sherbrooke, Quebec",12.81.4,v44335224
1999,106.00,"Sherbrooke, Quebec",12.81.4,v44335224
2000,95.00,"Sherbrooke, Quebec",12.81.4,v44335224
2001,138.00,"Sherbrooke, Quebec",12.81.4,v44335224
2002,183.00,"Sherbrooke, Quebec",12.81.4,v44335224
2003,151.00,"Sherbrooke, Quebec",12.81.4,v44335224
2004,90.00,"Sherbrooke, Quebec",12.81.4,v44335224
2005,137.00,"Sherbrooke, Quebec",12.81.4,v44335224
2006,173.00,"Sherbrooke, Quebec",12.81.4,v44335224
2007,139.00,"Sherbrooke, Quebec",12.81.4,v44335224
2008,125.00,"Sherbrooke, Quebec",12.81.4,v44335224
2009,216.00,"Sherbrooke, Quebec",12.81.4,v44335224
2010,185.00,"Sherbrooke, Quebec",12.81.4,v44335224
2011,136.00,"Sherbrooke, Quebec",12.81.4,v44335224
2012,162.00,"Sherbrooke, Quebec",12.81.4,v44335224
2013,167.00,"Sherbrooke, Quebec",12.81.4,v44335224
2014,116.00,"Sherbrooke, Quebec",12.81.4,v44335224
2015,113.00,"Sherbrooke, Quebec",12.81.4,v44335224
1998,260.00,"Ottawa-Gatineau, Quebec part",15.81.4,v44382712
1999,275.00,"Ottawa-Gatineau, Quebec part",15.81.4,v44382712
2000,304.00,"Ottawa-Gatineau, Quebec part",15.81.4,v44382712
2001,340.00,"Ottawa-Gatineau, Quebec part",15.81.4,v44382712
2002,355.00,"Ottawa-Gatineau, Quebec part",15.81.4,v44382712
2003,339.00,"Ottawa-Gatineau, Quebec part",15.81.4,v44382712
2004,373.00,"Ottawa-Gatineau, Quebec part",15.81.4,v44382712
2005,296.00,"Ottawa-Gatineau, Quebec part",15.81.4,v44382712
2006,359.00,"Ottawa-Gatineau, Quebec part",15.81.4,v44382712
2007,338.00,"Ottawa-Gatineau, Quebec part",15.81.4,v44382712
2008,417.00,"Ottawa-Gatineau, Quebec part",15.81.4,v44382712
2009,379.00,"Ottawa-Gatineau, Quebec part",15.81.4,v44382712
2010,302.00,"Ottawa-Gatineau, Quebec part",15.81.4,v44382712
2011,360.00,"Ottawa-Gatineau, Quebec part",15.81.4,v44382712
2012,317.00,"Ottawa-Gatineau, Quebec part",15.81.4,v44382712
2013,251.00,"Ottawa-Gatineau, Quebec part",15.81.4,v44382712
2014,216.00,"Ottawa-Gatineau, Quebec part",15.81.4,v44382712
2015,224.00,"Ottawa-Gatineau, Quebec part",15.81.4,v44382712
1998,18417.00,"Ontario",16.81.4,v44344126
1999,18076.00,"Ontario",16.81.4,v44344126
2000,19035.00,"Ontario",16.81.4,v44344126
2001,16422.00,"Ontario",16.81.4,v44344126
2002,17601.00,"Ontario",16.81.4,v44344126
2003,14501.00,"Ontario",16.81.4,v44344126
2004,13618.00,"Ontario",16.81.4,v44344126
2005,13352.00,"Ontario",16.81.4,v44344126
2006,14555.00,"Ontario",16.81.4,v44344126
2007,14901.00,"Ontario",16.81.4,v44344126
2008,15090.00,"Ontario",16.81.4,v44344126
2009,14088.00,"Ontario",16.81.4,v44344126
2010,13498.00,"Ontario",16.81.4,v44344126
2011,13358.00,"Ontario",16.81.4,v44344126
2012,13291.00,"Ontario",16.81.4,v44344126
2013,12285.00,"Ontario",16.81.4,v44344126
2014,11335.00,"Ontario",16.81.4,v44344126
2015,11574.00,"Ontario",16.81.4,v44344126
1998,1047.00,"Ottawa-Gatineau, Ontario/Quebec",17.81.4,v52148365
1999,892.00,"Ottawa-Gatineau, Ontario/Quebec",17.81.4,v52148365
2000,817.00,"Ottawa-Gatineau, Ontario/Quebec",17.81.4,v52148365
2001,939.00,"Ottawa-Gatineau, Ontario/Quebec",17.81.4,v52148365
2002,1076.00,"Ottawa-Gatineau, Ontario/Quebec",17.81.4,v52148365
2003,1116.00,"Ottawa-Gatineau, Ontario/Quebec",17.81.4,v52148365
2004,1165.00,"Ottawa-Gatineau, Ontario/Quebec",17.81.4,v52148365
2005,1127.00,"Ottawa-Gatineau, Ontario/Quebec",17.81.4,v52148365
2006,1469.00,"Ottawa-Gatineau, Ontario/Quebec",17.81.4,v52148365
2007,1548.00,"Ottawa-Gatineau, Ontario/Quebec",17.81.4,v52148365
2008,1862.00,"Ottawa-Gatineau, Ontario/Quebec",17.81.4,v52148365
2009,1680.00,"Ottawa-Gatineau, Ontario/Quebec",17.81.4,v52148365
2010,1323.00,"Ottawa-Gatineau, Ontario/Quebec",17.81.4,v52148365
2011,1317.00,"Ottawa-Gatineau, Ontario/Quebec",17.81.4,v52148365
2012,1120.00,"Ottawa-Gatineau, Ontario/Quebec",17.81.4,v52148365
2013,997.00,"Ottawa-Gatineau, Ontario/Quebec",17.81.4,v52148365
2014,840.00,"Ottawa-Gatineau, Ontario/Quebec",17.81.4,v52148365
2015,810.00,"Ottawa-Gatineau, Ontario/Quebec",17.81.4,v52148365
1998,787.00,"Ottawa-Gatineau, Ontario part",18.81.4,v44342040
1999,617.00,"Ottawa-Gatineau, Ontario part",18.81.4,v44342040
2000,513.00,"Ottawa-Gatineau, Ontario part",18.81.4,v44342040
2001,599.00,"Ottawa-Gatineau, Ontario part",18.81.4,v44342040
2002,721.00,"Ottawa-Gatineau, Ontario part",18.81.4,v44342040
2003,777.00,"Ottawa-Gatineau, Ontario part",18.81.4,v44342040
2004,792.00,"Ottawa-Gatineau, Ontario part",18.81.4,v44342040
2005,831.00,"Ottawa-Gatineau, Ontario part",18.81.4,v44342040
2006,1110.00,"Ottawa-Gatineau, Ontario part",18.81.4,v44342040
2007,1210.00,"Ottawa-Gatineau, Ontario part",18.81.4,v44342040
2008,1445.00,"Ottawa-Gatineau, Ontario part",18.81.4,v44342040
2009,1301.00,"Ottawa-Gatineau, Ontario part",18.81.4,v44342040
2010,1021.00,"Ottawa-Gatineau, Ontario part",18.81.4,v44342040
2011,957.00,"Ottawa-Gatineau, Ontario part",18.81.4,v44342040
2012,803.00,"Ottawa-Gatineau, Ontario part",18.81.4,v44342040
2013,746.00,"Ottawa-Gatineau, Ontario part",18.81.4,v44342040
2014,624.00,"Ottawa-Gatineau, Ontario part",18.81.4,v44342040
2015,586.00,"Ottawa-Gatineau, Ontario part",18.81.4,v44342040
2000,..,"Kingston, Ontario",27.81.4,v44342404
2001,288.00,"Kingston, Ontario",27.81.4,v44342404
2002,186.00,"Kingston, Ontario",27.81.4,v44342404
2003,225.00,"Kingston, Ontario",27.81.4,v44342404
2004,214.00,"Kingston, Ontario",27.81.4,v44342404
2005,170.00,"Kingston, Ontario",27.81.4,v44342404
2006,220.00,"Kingston, Ontario",27.81.4,v44342404
2007,200.00,"Kingston, Ontario",27.81.4,v44342404
2008,189.00,"Kingston, Ontario",27.81.4,v44342404
2009,164.00,"Kingston, Ontario",27.81.4,v44342404
2010,179.00,"Kingston, Ontario",27.81.4,v44342404
2011,185.00,"Kingston, Ontario",27.81.4,v44342404
2012,321.00,"Kingston, Ontario",27.81.4,v44342404
2013,219.00,"Kingston, Ontario",27.81.4,v44342404
2014,177.00,"Kingston, Ontario",27.81.4,v44342404
2015,170.00,"Kingston, Ontario",27.81.4,v44342404
2005,..,"Peterborough, Ontario",44.81.4,v52124311
2006,169.00,"Peterborough, Ontario",44.81.4,v52124311
2007,143.00,"Peterborough, Ontario",44.81.4,v52124311
2008,155.00,"Peterborough, Ontario",44.81.4,v52124311
2009,159.00,"Peterborough, Ontario",44.81.4,v52124311
2010,140.00,"Peterborough, Ontario",44.81.4,v52124311
2011,161.00,"Peterborough, Ontario",44.81.4,v52124311
2012,162.00,"Peterborough, Ontario",44.81.4,v52124311
2013,141.00,"Peterborough, Ontario",44.81.4,v52124311
2014,147.00,"Peterborough, Ontario",44.81.4,v52124311
2015,168.00,"Peterborough, Ontario",44.81.4,v52124311
1998,4802.00,"Toronto, Ontario",19.81.4,v44382008
1999,5338.00,"Toronto, Ontario",19.81.4,v44382008
2000,6067.00,"Toronto, Ontario",19.81.4,v44382008
2001,5026.00,"Toronto, Ontario",19.81.4,v44382008
2002,4821.00,"Toronto, Ontario",19.81.4,v44382008
2003,3907.00,"Toronto, Ontario",19.81.4,v44382008
2004,3416.00,"Toronto, Ontario",19.81.4,v44382008
2005,3525.00,"Toronto, Ontario",19.81.4,v44382008
2006,4078.00,"Toronto, Ontario",19.81.4,v44382008
2007,4131.00,"Toronto, Ontario",19.81.4,v44382008
2008,4176.00,"Toronto, Ontario",19.81.4,v44382008
2009,3251.00,"Toronto, Ontario",19.81.4,v44382008
2010,3405.00,"Toronto, Ontario",19.81.4,v44382008
2011,3121.00,"Toronto, Ontario",19.81.4,v44382008
2012,3251.00,"Toronto, Ontario",19.81.4,v44382008
2013,3077.00,"Toronto, Ontario",19.81.4,v44382008
2014,2921.00,"Toronto, Ontario",19.81.4,v44382008
2015,3066.00,"Toronto, Ontario",19.81.4,v44382008
1998,793.00,"Hamilton, Ontario",20.81.4,v44335222
1999,690.00,"Hamilton, Ontario",20.81.4,v44335222
2000,788.00,"Hamilton, Ontario",20.81.4,v44335222
2001,836.00,"Hamilton, Ontario",20.81.4,v44335222
2002,710.00,"Hamilton, Ontario",20.81.4,v44335222
2003,718.00,"Hamilton, Ontario",20.81.4,v44335222
2004,699.00,"Hamilton, Ontario",20.81.4,v44335222
2005,599.00,"Hamilton, Ontario",20.81.4,v44335222
2006,596.00,"Hamilton, Ontario",20.81.4,v44335222
2007,751.00,"Hamilton, Ontario",20.81.4,v44335222
2008,669.00,"Hamilton, Ontario",20.81.4,v44335222
2009,754.00,"Hamilton, Ontario",20.81.4,v44335222
2010,657.00,"Hamilton, Ontario",20.81.4,v44335222
2011,634.00,"Hamilton, Ontario",20.81.4,v44335222
2012,549.00,"Hamilton, Ontario",20.81.4,v44335222
2013,540.00,"Hamilton, Ontario",20.81.4,v44335222
2014,543.00,"Hamilton, Ontario",20.81.4,v44335222
2015,499.00,"Hamilton, Ontario",20.81.4,v44335222
1998,502.00,"St.Catharines-Niagara, Ontario",21.81.4,v44377550
1999,523.00,"St.Catharines-Niagara, Ontario",21.81.4,v44377550
2000,535.00,"St.Catharines-Niagara, Ontario",21.81.4,v44377550
2001,631.00,"St.Catharines-Niagara, Ontario",21.81.4,v44377550
2002,673.00,"St.Catharines-Niagara, Ontario",21.81.4,v44377550
2003,664.00,"St.Catharines-Niagara, Ontario",21.81.4,v44377550
2004,459.00,"St.Catharines-Niagara, Ontario",21.81.4,v44377550
2005,437.00,"St.Catharines-Niagara, Ontario",21.81.4,v44377550
2006,492.00,"St.Catharines-Niagara, Ontario",21.81.4,v44377550
2007,501.00,"St.Catharines-Niagara, Ontario",21.81.4,v44377550
2008,548.00,"St.Catharines-Niagara, Ontario",21.81.4,v44377550
2009,489.00,"St.Catharines-Niagara, Ontario",21.81.4,v44377550
2010,459.00,"St.Catharines-Niagara, Ontario",21.81.4,v44377550
2011,462.00,"St.Catharines-Niagara, Ontario",21.81.4,v44377550
2012,489.00,"St.Catharines-Niagara, Ontario",21.81.4,v44377550
2013,390.00,"St.Catharines-Niagara, Ontario",21.81.4,v44377550
2014,305.00,"St.Catharines-Niagara, Ontario",21.81.4,v44377550
2015,334.00,"St.Catharines-Niagara, Ontario",21.81.4,v44377550
1998,521.00,"Kitchener-Cambridge-Waterloo, Ontario",22.81.4,v44360994
1999,497.00,"Kitchener-Cambridge-Waterloo, Ontario",22.81.4,v44360994
2000,558.00,"Kitchener-Cambridge-Waterloo, Ontario",22.81.4,v44360994
2001,413.00,"Kitchener-Cambridge-Waterloo, Ontario",22.81.4,v44360994
2002,450.00,"Kitchener-Cambridge-Waterloo, Ontario",22.81.4,v44360994
2003,463.00,"Kitchener-Cambridge-Waterloo, Ontario",22.81.4,v44360994
2004,654.00,"Kitchener-Cambridge-Waterloo, Ontario",22.81.4,v44360994
2005,647.00,"Kitchener-Cambridge-Waterloo, Ontario",22.81.4,v44360994
2006,611.00,"Kitchener-Cambridge-Waterloo, Ontario",22.81.4,v44360994
2007,622.00,"Kitchener-Cambridge-Waterloo, Ontario",22.81.4,v44360994
2008,761.00,"Kitchener-Cambridge-Waterloo, Ontario",22.81.4,v44360994
2009,668.00,"Kitchener-Cambridge-Waterloo, Ontario",22.81.4,v44360994
2010,740.00,"Kitchener-Cambridge-Waterloo, Ontario",22.81.4,v44360994
2011,617.00,"Kitchener-Cambridge-Waterloo, Ontario",22.81.4,v44360994
2012,560.00,"Kitchener-Cambridge-Waterloo, Ontario",22.81.4,v44360994
2013,537.00,"Kitchener-Cambridge-Waterloo, Ontario",22.81.4,v44360994
2014,513.00,"Kitchener-Cambridge-Waterloo, Ontario",22.81.4,v44360994
2015,489.00,"Kitchener-Cambridge-Waterloo, Ontario",22.81.4,v44360994
2005,..,"Brantford, Ontario",45.81.4,v52122091
2006,261.00,"Brantford, Ontario",45.81.4,v52122091
2007,256.00,"Brantford, Ontario",45.81.4,v52122091
2008,258.00,"Brantford, Ontario",45.81.4,v52122091
2009,315.00,"Brantford, Ontario",45.81.4,v52122091
2010,319.00,"Brantford, Ontario",45.81.4,v52122091
2011,293.00,"Brantford, Ontario",45.81.4,v52122091
2012,273.00,"Brantford, Ontario",45.81.4,v52122091
2013,248.00,"Brantford, Ontario",45.81.4,v52122091
2014,209.00,"Brantford, Ontario",45.81.4,v52122091
2015,232.00,"Brantford, Ontario",45.81.4,v52122091
2005,..,"Guelph, Ontario",46.81.4,v52127043
2006,111.00,"Guelph, Ontario",46.81.4,v52127043
2007,174.00,"Guelph, Ontario",46.81.4,v52127043
2008,156.00,"Guelph, Ontario",46.81.4,v52127043
2009,151.00,"Guelph, Ontario",46.81.4,v52127043
2010,236.00,"Guelph, Ontario",46.81.4,v52127043
2011,142.00,"Guelph, Ontario",46.81.4,v52127043
2012,187.00,"Guelph, Ontario",46.81.4,v52127043
2013,138.00,"Guelph, Ontario",46.81.4,v52127043
2014,135.00,"Guelph, Ontario",46.81.4,v52127043
2015,128.00,"Guelph, Ontario",46.81.4,v52127043
1998,679.00,"London, Ontario",23.81.4,v44390119
1999,688.00,"London, Ontario",23.81.4,v44390119
2000,734.00,"London, Ontario",23.81.4,v44390119
2001,640.00,"London, Ontario",23.81.4,v44390119
2002,632.00,"London, Ontario",23.81.4,v44390119
2003,488.00,"London, Ontario",23.81.4,v44390119
2004,518.00,"London, Ontario",23.81.4,v44390119
2005,587.00,"London, Ontario",23.81.4,v44390119
2006,657.00,"London, Ontario",23.81.4,v44390119
2007,607.00,"London, Ontario",23.81.4,v44390119
2008,678.00,"London, Ontario",23.81.4,v44390119
2009,588.00,"London, Ontario",23.81.4,v44390119
2010,633.00,"London, Ontario",23.81.4,v44390119
2011,651.00,"London, Ontario",23.81.4,v44390119
2012,603.00,"London, Ontario",23.81.4,v44390119
2013,495.00,"London, Ontario",23.81.4,v44390119
2014,544.00,"London, Ontario",23.81.4,v44390119
2015,582.00,"London, Ontario",23.81.4,v44390119
1998,512.00,"Windsor, Ontario",24.81.4,v44363463
1999,411.00,"Windsor, Ontario",24.81.4,v44363463
2000,382.00,"Windsor, Ontario",24.81.4,v44363463
2001,408.00,"Windsor, Ontario",24.81.4,v44363463
2002,485.00,"Windsor, Ontario",24.81.4,v44363463
2003,376.00,"Windsor, Ontario",24.81.4,v44363463
2004,348.00,"Windsor, Ontario",24.81.4,v44363463
2005,330.00,"Windsor, Ontario",24.81.4,v44363463
2006,350.00,"Windsor, Ontario",24.81.4,v44363463
2007,332.00,"Windsor, Ontario",24.81.4,v44363463
2008,368.00,"Windsor, Ontario",24.81.4,v44363463
2009,352.00,"Windsor, Ontario",24.81.4,v44363463
2010,295.00,"Windsor, Ontario",24.81.4,v44363463
2011,243.00,"Windsor, Ontario",24.81.4,v44363463
2012,276.00,"Windsor, Ontario",24.81.4,v44363463
2013,276.00,"Windsor, Ontario",24.81.4,v44363463
2014,204.00,"Windsor, Ontario",24.81.4,v44363463
2015,285.00,"Windsor, Ontario",24.81.4,v44363463
2005,..,"Barrie, Ontario",47.81.4,v52144763
2006,355.00,"Barrie, Ontario",47.81.4,v52144763
2007,299.00,"Barrie, Ontario",47.81.4,v52144763
2008,218.00,"Barrie, Ontario",47.81.4,v52144763
2009,270.00,"Barrie, Ontario",47.81.4,v52144763
2010,246.00,"Barrie, Ontario",47.81.4,v52144763
2011,240.00,"Barrie, Ontario",47.81.4,v52144763
2012,212.00,"Barrie, Ontario",47.81.4,v52144763
2013,195.00,"Barrie, Ontario",47.81.4,v52144763
2014,180.00,"Barrie, Ontario",47.81.4,v52144763
2015,200.00,"Barrie, Ontario",47.81.4,v52144763
1998,210.00,"Sudbury, Ontario",25.81.4,v44387850
1999,196.00,"Sudbury, Ontario",25.81.4,v44387850
2000,203.00,"Sudbury, Ontario",25.81.4,v44387850
2001,253.00,"Sudbury, Ontario",25.81.4,v44387850
2002,216.00,"Sudbury, Ontario",25.81.4,v44387850
2003,238.00,"Sudbury, Ontario",25.81.4,v44387850
2004,246.00,"Sudbury, Ontario",25.81.4,v44387850
2005,176.00,"Sudbury, Ontario",25.81.4,v44387850
2006,215.00,"Sudbury, Ontario",25.81.4,v44387850
2007,287.00,"Sudbury, Ontario",25.81.4,v44387850
2008,230.00,"Sudbury, Ontario",25.81.4,v44387850
2009,212.00,"Sudbury, Ontario",25.81.4,v44387850
2010,207.00,"Sudbury, Ontario",25.81.4,v44387850
2011,219.00,"Sudbury, Ontario",25.81.4,v44387850
2012,203.00,"Sudbury, Ontario",25.81.4,v44387850
2013,193.00,"Sudbury, Ontario",25.81.4,v44387850
2014,225.00,"Sudbury, Ontario",25.81.4,v44387850
2015,200.00,"Sudbury, Ontario",25.81.4,v44387850
1998,359.00,"Thunder Bay, Ontario",26.81.4,v44406719
1999,338.00,"Thunder Bay, Ontario",26.81.4,v44406719
2000,259.00,"Thunder Bay, Ontario",26.81.4,v44406719
2001,301.00,"Thunder Bay, Ontario",26.81.4,v44406719
2002,279.00,"Thunder Bay, Ontario",26.81.4,v44406719
2003,268.00,"Thunder Bay, Ontario",26.81.4,v44406719
2004,265.00,"Thunder Bay, Ontario",26.81.4,v44406719
2005,290.00,"Thunder Bay, Ontario",26.81.4,v44406719
2006,265.00,"Thunder Bay, Ontario",26.81.4,v44406719
2007,279.00,"Thunder Bay, Ontario",26.81.4,v44406719
2008,276.00,"Thunder Bay, Ontario",26.81.4,v44406719
2009,239.00,"Thunder Bay, Ontario",26.81.4,v44406719
2010,236.00,"Thunder Bay, Ontario",26.81.4,v44406719
2011,242.00,"Thunder Bay, Ontario",26.81.4,v44406719
2012,213.00,"Thunder Bay, Ontario",26.81.4,v44406719
2013,172.00,"Thunder Bay, Ontario",26.81.4,v44406719
2014,194.00,"Thunder Bay, Ontario",26.81.4,v44406719
2015,193.00,"Thunder Bay, Ontario",26.81.4,v44406719
1998,3598.00,"Manitoba",28.81.4,v44343437
1999,3558.00,"Manitoba",28.81.4,v44343437
2000,2933.00,"Manitoba",28.81.4,v44343437
2001,2882.00,"Manitoba",28.81.4,v44343437
2002,2850.00,"Manitoba",28.81.4,v44343437
2003,2853.00,"Manitoba",28.81.4,v44343437
2004,3162.00,"Manitoba",28.81.4,v44343437
2005,4146.00,"Manitoba",28.81.4,v44343437
2006,5154.00,"Manitoba",28.81.4,v44343437
2007,4935.00,"Manitoba",28.81.4,v44343437
2008,6356.00,"Manitoba",28.81.4,v44343437
2009,6562.00,"Manitoba",28.81.4,v44343437
2010,7046.00,"Manitoba",28.81.4,v44343437
2011,6404.00,"Manitoba",28.81.4,v44343437
2012,6853.00,"Manitoba",28.81.4,v44343437
2013,7039.00,"Manitoba",28.81.4,v44343437
2014,6925.00,"Manitoba",28.81.4,v44343437
2015,7375.00,"Manitoba",28.81.4,v44343437
1998,874.00,"Winnipeg, Manitoba",29.81.4,v44415115
1999,747.00,"Winnipeg, Manitoba",29.81.4,v44415115
2000,900.00,"Winnipeg, Manitoba",29.81.4,v44415115
2001,933.00,"Winnipeg, Manitoba",29.81.4,v44415115
2002,1137.00,"Winnipeg, Manitoba",29.81.4,v44415115
2003,889.00,"Winnipeg, Manitoba",29.81.4,v44415115
2004,900.00,"Winnipeg, Manitoba",29.81.4,v44415115
2005,732.00,"Winnipeg, Manitoba",29.81.4,v44415115
2006,873.00,"Winnipeg, Manitoba",29.81.4,v44415115
2007,768.00,"Winnipeg, Manitoba",29.81.4,v44415115
2008,1116.00,"Winnipeg, Manitoba",29.81.4,v44415115
2009,899.00,"Winnipeg, Manitoba",29.81.4,v44415115
2010,852.00,"Winnipeg, Manitoba",29.81.4,v44415115
2011,665.00,"Winnipeg, Manitoba",29.81.4,v44415115
2012,952.00,"Winnipeg, Manitoba",29.81.4,v44415115
2013,636.00,"Winnipeg, Manitoba",29.81.4,v44415115
2014,594.00,"Winnipeg, Manitoba",29.81.4,v44415115
2015,606.00,"Winnipeg, Manitoba",29.81.4,v44415115
1998,4328.00,"Saskatchewan",30.81.4,v44402409
1999,4293.00,"Saskatchewan",30.81.4,v44402409
2000,4466.00,"Saskatchewan",30.81.4,v44402409
2001,5037.00,"Saskatchewan",30.81.4,v44402409
2002,5288.00,"Saskatchewan",30.81.4,v44402409
2003,5755.00,"Saskatchewan",30.81.4,v44402409
2004,8118.00,"Saskatchewan",30.81.4,v44402409
2005,11485.00,"Saskatchewan",30.81.4,v44402409
2006,13267.00,"Saskatchewan",30.81.4,v44402409
2007,13518.00,"Saskatchewan",30.81.4,v44402409
2008,13682.00,"Saskatchewan",30.81.4,v44402409
2009,15153.00,"Saskatchewan",30.81.4,v44402409
2010,15723.00,"Saskatchewan",30.81.4,v44402409
2011,15445.00,"Saskatchewan",30.81.4,v44402409
2012,14599.00,"Saskatchewan",30.81.4,v44402409
2013,12072.00,"Saskatchewan",30.81.4,v44402409
2014,10369.00,"Saskatchewan",30.81.4,v44402409
2015,10366.00,"Saskatchewan",30.81.4,v44402409
1998,409.00,"Regina, Saskatchewan",31.81.4,v44412476
1999,401.00,"Regina, Saskatchewan",31.81.4,v44412476
2000,429.00,"Regina, Saskatchewan",31.81.4,v44412476
2001,464.00,"Regina, Saskatchewan",31.81.4,v44412476
2002,516.00,"Regina, Saskatchewan",31.81.4,v44412476
2003,472.00,"Regina, Saskatchewan",31.81.4,v44412476
2004,478.00,"Regina, Saskatchewan",31.81.4,v44412476
2005,544.00,"Regina, Saskatchewan",31.81.4,v44412476
2006,459.00,"Regina, Saskatchewan",31.81.4,v44412476
2007,566.00,"Regina, Saskatchewan",31.81.4,v44412476
2008,568.00,"Regina, Saskatchewan",31.81.4,v44412476
2009,555.00,"Regina, Saskatchewan",31.81.4,v44412476
2010,513.00,"Regina, Saskatchewan",31.81.4,v44412476
2011,488.00,"Regina, Saskatchewan",31.81.4,v44412476
2012,590.00,"Regina, Saskatchewan",31.81.4,v44412476
2013,543.00,"Regina, Saskatchewan",31.81.4,v44412476
2014,426.00,"Regina, Saskatchewan",31.81.4,v44412476
2015,406.00,"Regina, Saskatchewan",31.81.4,v44412476
1998,535.00,"Saskatoon, Saskatchewan",32.81.4,v44399243
1999,529.00,"Saskatoon, Saskatchewan",32.81.4,v44399243
2000,541.00,"Saskatoon, Saskatchewan",32.81.4,v44399243
2001,796.00,"Saskatoon, Saskatchewan",32.81.4,v44399243
2002,691.00,"Saskatoon, Saskatchewan",32.81.4,v44399243
2003,699.00,"Saskatoon, Saskatchewan",32.81.4,v44399243
2004,732.00,"Saskatoon, Saskatchewan",32.81.4,v44399243
2005,606.00,"Saskatoon, Saskatchewan",32.81.4,v44399243
2006,765.00,"Saskatoon, Saskatchewan",32.81.4,v44399243
2007,845.00,"Saskatoon, Saskatchewan",32.81.4,v44399243
2008,715.00,"Saskatoon, Saskatchewan",32.81.4,v44399243
2009,719.00,"Saskatoon, Saskatchewan",32.81.4,v44399243
2010,750.00,"Saskatoon, Saskatchewan",32.81.4,v44399243
2011,794.00,"Saskatoon, Saskatchewan",32.81.4,v44399243
2012,692.00,"Saskatoon, Saskatchewan",32.81.4,v44399243
2013,543.00,"Saskatoon, Saskatchewan",32.81.4,v44399243
2014,494.00,"Saskatoon, Saskatchewan",32.81.4,v44399243
2015,504.00,"Saskatoon, Saskatchewan",32.81.4,v44399243
1998,7820.00,"Alberta",33.81.4,v44334203
1999,7533.00,"Alberta",33.81.4,v44334203
2000,8011.00,"Alberta",33.81.4,v44334203
2001,8510.00,"Alberta",33.81.4,v44334203
2002,8803.00,"Alberta",33.81.4,v44334203
2003,9492.00,"Alberta",33.81.4,v44334203
2004,10931.00,"Alberta",33.81.4,v44334203
2005,12561.00,"Alberta",33.81.4,v44334203
2006,16053.00,"Alberta",33.81.4,v44334203
2007,17829.00,"Alberta",33.81.4,v44334203
2008,19558.00,"Alberta",33.81.4,v44334203
2009,19294.00,"Alberta",33.81.4,v44334203
2010,18421.00,"Alberta",33.81.4,v44334203
2011,17882.00,"Alberta",33.81.4,v44334203
2012,16890.00,"Alberta",33.81.4,v44334203
2013,16697.00,"Alberta",33.81.4,v44334203
2014,16729.00,"Alberta",33.81.4,v44334203
2015,16182.00,"Alberta",33.81.4,v44334203
1998,1080.00,"Calgary, Alberta",34.81.4,v44346750
1999,1065.00,"Calgary, Alberta",34.81.4,v44346750
2000,1256.00,"Calgary, Alberta",34.81.4,v44346750
2001,1269.00,"Calgary, Alberta",34.81.4,v44346750
2002,1369.00,"Calgary, Alberta",34.81.4,v44346750
2003,1341.00,"Calgary, Alberta",34.81.4,v44346750
2004,1331.00,"Calgary, Alberta",34.81.4,v44346750
2005,1345.00,"Calgary, Alberta",34.81.4,v44346750
2006,1466.00,"Calgary, Alberta",34.81.4,v44346750
2007,1357.00,"Calgary, Alberta",34.81.4,v44346750
2008,1281.00,"Calgary, Alberta",34.81.4,v44346750
2009,1234.00,"Calgary, Alberta",34.81.4,v44346750
2010,1239.00,"Calgary, Alberta",34.81.4,v44346750
2011,1586.00,"Calgary, Alberta",34.81.4,v44346750
2012,1521.00,"Calgary, Alberta",34.81.4,v44346750
2013,1329.00,"Calgary, Alberta",34.81.4,v44346750
2014,1569.00,"Calgary, Alberta",34.81.4,v44346750
2015,1342.00,"Calgary, Alberta",34.81.4,v44346750
1998,1807.00,"Edmonton, Alberta",35.81.4,v44396320
1999,1760.00,"Edmonton, Alberta",35.81.4,v44396320
2000,1822.00,"Edmonton, Alberta",35.81.4,v44396320
2001,1664.00,"Edmonton, Alberta",35.81.4,v44396320
2002,1668.00,"Edmonton, Alberta",35.81.4,v44396320
2003,1768.00,"Edmonton, Alberta",35.81.4,v44396320
2004,1753.00,"Edmonton, Alberta",35.81.4,v44396320
2005,1848.00,"Edmonton, Alberta",35.81.4,v44396320
2006,2350.00,"Edmonton, Alberta",35.81.4,v44396320
2007,2697.00,"Edmonton, Alberta",35.81.4,v44396320
2008,2846.00,"Edmonton, Alberta",35.81.4,v44396320
2009,2958.00,"Edmonton, Alberta",35.81.4,v44396320
2010,2876.00,"Edmonton, Alberta",35.81.4,v44396320
2011,2689.00,"Edmonton, Alberta",35.81.4,v44396320
2012,2605.00,"Edmonton, Alberta",35.81.4,v44396320
2013,2359.00,"Edmonton, Alberta",35.81.4,v44396320
2014,2302.00,"Edmonton, Alberta",35.81.4,v44396320
2015,2294.00,"Edmonton, Alberta",35.81.4,v44396320
1998,8050.00,"British Columbia",36.81.4,v44350021
1999,7546.00,"British Columbia",36.81.4,v44350021
2000,6709.00,"British Columbia",36.81.4,v44350021
2001,6824.00,"British Columbia",36.81.4,v44350021
2002,6658.00,"British Columbia",36.81.4,v44350021
2003,6831.00,"British Columbia",36.81.4,v44350021
2004,6302.00,"British Columbia",36.81.4,v44350021
2005,6054.00,"British Columbia",36.81.4,v44350021
2006,6806.00,"British Columbia",36.81.4,v44350021
2007,6781.00,"British Columbia",36.81.4,v44350021
2008,7492.00,"British Columbia",36.81.4,v44350021
2009,8081.00,"British Columbia",36.81.4,v44350021
2010,7816.00,"British Columbia",36.81.4,v44350021
2011,7509.00,"British Columbia",36.81.4,v44350021
2012,7133.00,"British Columbia",36.81.4,v44350021
2013,6590.00,"British Columbia",36.81.4,v44350021
2014,6751.00,"British Columbia",36.81.4,v44350021
2015,6997.00,"British Columbia",36.81.4,v44350021
2005,..,"Kelowna, British Columbia",48.81.4,v52142825
2006,234.00,"Kelowna, British Columbia",48.81.4,v52142825
2007,338.00,"Kelowna, British Columbia",48.81.4,v52142825
2008,363.00,"Kelowna, British Columbia",48.81.4,v52142825
2009,447.00,"Kelowna, British Columbia",48.81.4,v52142825
2010,446.00,"Kelowna, British Columbia",48.81.4,v52142825
2011,415.00,"Kelowna, British Columbia",48.81.4,v52142825
2012,401.00,"Kelowna, British Columbia",48.81.4,v52142825
2013,375.00,"Kelowna, British Columbia",48.81.4,v52142825
2014,420.00,"Kelowna, British Columbia",48.81.4,v52142825
2015,380.00,"Kelowna, British Columbia",48.81.4,v52142825
2000,..,"Abbotsford-Mission, British Columbia",39.81.4,v44350726
2001,122.00,"Abbotsford-Mission, British Columbia",39.81.4,v44350726
2002,127.00,"Abbotsford-Mission, British Columbia",39.81.4,v44350726
2003,143.00,"Abbotsford-Mission, British Columbia",39.81.4,v44350726
2004,123.00,"Abbotsford-Mission, British Columbia",39.81.4,v44350726
2005,172.00,"Abbotsford-Mission, British Columbia",39.81.4,v44350726
2006,241.00,"Abbotsford-Mission, British Columbia",39.81.4,v44350726
2007,175.00,"Abbotsford-Mission, British Columbia",39.81.4,v44350726
2008,169.00,"Abbotsford-Mission, British Columbia",39.81.4,v44350726
2009,196.00,"Abbotsford-Mission, British Columbia",39.81.4,v44350726
2010,177.00,"Abbotsford-Mission, British Columbia",39.81.4,v44350726
2011,136.00,"Abbotsford-Mission, British Columbia",39.81.4,v44350726
2012,127.00,"Abbotsford-Mission, British Columbia",39.81.4,v44350726
2013,112.00,"Abbotsford-Mission, British Columbia",39.81.4,v44350726
2014,98.00,"Abbotsford-Mission, British Columbia",39.81.4,v44350726
2015,111.00,"Abbotsford-Mission, British Columbia",39.81.4,v44350726
1998,2264.00,"Vancouver, British Columbia",37.81.4,v44333695
1999,2178.00,"Vancouver, British Columbia",37.81.4,v44333695
2000,1925.00,"Vancouver, British Columbia",37.81.4,v44333695
2001,1941.00,"Vancouver, British Columbia",37.81.4,v44333695
2002,1895.00,"Vancouver, British Columbia",37.81.4,v44333695
2003,1993.00,"Vancouver, British Columbia",37.81.4,v44333695
2004,1830.00,"Vancouver, British Columbia",37.81.4,v44333695
2005,1830.00,"Vancouver, British Columbia",37.81.4,v44333695
2006,2010.00,"Vancouver, British Columbia",37.81.4,v44333695
2007,1955.00,"Vancouver, British Columbia",37.81.4,v44333695
2008,2111.00,"Vancouver, British Columbia",37.81.4,v44333695
2009,2075.00,"Vancouver, British Columbia",37.81.4,v44333695
2010,1959.00,"Vancouver, British Columbia",37.81.4,v44333695
2011,1905.00,"Vancouver, British Columbia",37.81.4,v44333695
2012,1862.00,"Vancouver, British Columbia",37.81.4,v44333695
2013,1863.00,"Vancouver, British Columbia",37.81.4,v44333695
2014,1842.00,"Vancouver, British Columbia",37.81.4,v44333695
2015,1535.00,"Vancouver, British Columbia",37.81.4,v44333695
1998,845.00,"Victoria, British Columbia",38.81.4,v44349983
1999,718.00,"Victoria, British Columbia",38.81.4,v44349983
2000,660.00,"Victoria, British Columbia",38.81.4,v44349983
2001,678.00,"Victoria, British Columbia",38.81.4,v44349983
2002,690.00,"Victoria, British Columbia",38.81.4,v44349983
2003,668.00,"Victoria, British Columbia",38.81.4,v44349983
2004,532.00,"Victoria, British Columbia",38.81.4,v44349983
2005,502.00,"Victoria, British Columbia",38.81.4,v44349983
2006,524.00,"Victoria, British Columbia",38.81.4,v44349983
2007,642.00,"Victoria, British Columbia",38.81.4,v44349983
2008,694.00,"Victoria, British Columbia",38.81.4,v44349983
2009,677.00,"Victoria, British Columbia",38.81.4,v44349983
2010,650.00,"Victoria, British Columbia",38.81.4,v44349983
2011,557.00,"Victoria, British Columbia",38.81.4,v44349983
2012,426.00,"Victoria, British Columbia",38.81.4,v44349983
2013,371.00,"Victoria, British Columbia",38.81.4,v44349983
2014,372.00,"Victoria, British Columbia",38.81.4,v44349983
2015,357.00,"Victoria, British Columbia",38.81.4,v44349983
1998,251.00,"Yukon",40.81.4,v44331717
1999,285.00,"Yukon",40.81.4,v44331717
2000,420.00,"Yukon",40.81.4,v44331717
2001,541.00,"Yukon",40.81.4,v44331717
2002,652.00,"Yukon",40.81.4,v44331717
2003,769.00,"Yukon",40.81.4,v44331717
2004,903.00,"Yukon",40.81.4,v44331717
2005,1070.00,"Yukon",40.81.4,v44331717
2006,1089.00,"Yukon",40.81.4,v44331717
2007,1075.00,"Yukon",40.81.4,v44331717
2008,1302.00,"Yukon",40.81.4,v44331717
2009,1211.00,"Yukon",40.81.4,v44331717
2010,1117.00,"Yukon",40.81.4,v44331717
2011,1170.00,"Yukon",40.81.4,v44331717
2012,1016.00,"Yukon",40.81.4,v44331717
2013,1228.00,"Yukon",40.81.4,v44331717
2014,1239.00,"Yukon",40.81.4,v44331717
2015,1185.00,"Yukon",40.81.4,v44331717
1998,2052.00,"Northwest Territories",41.81.4,v44410844
1999,1659.00,"Northwest Territories",41.81.4,v44410844
2000,1760.00,"Northwest Territories",41.81.4,v44410844
2001,1841.00,"Northwest Territories",41.81.4,v44410844
2002,2228.00,"Northwest Territories",41.81.4,v44410844
2003,2999.00,"Northwest Territories",41.81.4,v44410844
2004,3730.00,"Northwest Territories",41.81.4,v44410844
2005,3519.00,"Northwest Territories",41.81.4,v44410844
2006,4033.00,"Northwest Territories",41.81.4,v44410844
2007,4562.00,"Northwest Territories",41.81.4,v44410844
2008,4901.00,"Northwest Territories",41.81.4,v44410844
2009,5106.00,"Northwest Territories",41.81.4,v44410844
2010,6145.00,"Northwest Territories",41.81.4,v44410844
2011,6162.00,"Northwest Territories",41.81.4,v44410844
2012,6175.00,"Northwest Territories",41.81.4,v44410844
2013,6328.00,"Northwest Territories",41.81.4,v44410844
2014,6056.00,"Northwest Territories",41.81.4,v44410844
2015,5878.00,"Northwest Territories",41.81.4,v44410844
1998,..,"Nunavut",42.81.4,v44373425
1999,579.00,"Nunavut",42.81.4,v44373425
2000,737.00,"Nunavut",42.81.4,v44373425
2001,874.00,"Nunavut",42.81.4,v44373425
2002,1170.00,"Nunavut",42.81.4,v44373425
2003,1547.00,"Nunavut",42.81.4,v44373425
2004,1832.00,"Nunavut",42.81.4,v44373425
2005,1779.00,"Nunavut",42.81.4,v44373425
2006,2468.00,"Nunavut",42.81.4,v44373425
2007,2406.00,"Nunavut",42.81.4,v44373425
2008,2998.00,"Nunavut",42.81.4,v44373425
2009,3442.00,"Nunavut",42.81.4,v44373425
2010,3459.00,"Nunavut",42.81.4,v44373425
2011,3660.00,"Nunavut",42.81.4,v44373425
2012,3519.00,"Nunavut",42.81.4,v44373425
2013,2690.00,"Nunavut",42.81.4,v44373425
2014,3046.00,"Nunavut",42.81.4,v44373425
2015,3398.00,"Nunavut",42.81.4,v44373425
