1998,8.00,"Canada",1.101.1,v44409254
1999,28.00,"Canada",1.101.1,v44409254
2000,7.00,"Canada",1.101.1,v44409254
2001,22.00,"Canada",1.101.1,v44409254
2002,36.00,"Canada",1.101.1,v44409254
2003,13.00,"Canada",1.101.1,v44409254
2004,25.00,"Canada",1.101.1,v44409254
2005,51.00,"Canada",1.101.1,v44409254
2006,34.00,"Canada",1.101.1,v44409254
2007,47.00,"Canada",1.101.1,v44409254
2008,37.00,"Canada",1.101.1,v44409254
2009,42.00,"Canada",1.101.1,v44409254
2010,33.00,"Canada",1.101.1,v44409254
2011,39.00,"Canada",1.101.1,v44409254
2012,37.00,"Canada",1.101.1,v44409254
2013,62.00,"Canada",1.101.1,v44409254
2014,45.00,"Canada",1.101.1,v44409254
2015,2.00,"Canada",1.101.1,v44409254
1998,0.00,"Newfoundland and Labrador",2.101.1,v44344747
1999,0.00,"Newfoundland and Labrador",2.101.1,v44344747
2000,0.00,"Newfoundland and Labrador",2.101.1,v44344747
2001,0.00,"Newfoundland and Labrador",2.101.1,v44344747
2002,0.00,"Newfoundland and Labrador",2.101.1,v44344747
2003,0.00,"Newfoundland and Labrador",2.101.1,v44344747
2004,0.00,"Newfoundland and Labrador",2.101.1,v44344747
2005,0.00,"Newfoundland and Labrador",2.101.1,v44344747
2006,0.00,"Newfoundland and Labrador",2.101.1,v44344747
2007,0.00,"Newfoundland and Labrador",2.101.1,v44344747
2008,0.00,"Newfoundland and Labrador",2.101.1,v44344747
2009,0.00,"Newfoundland and Labrador",2.101.1,v44344747
2010,0.00,"Newfoundland and Labrador",2.101.1,v44344747
2011,0.00,"Newfoundland and Labrador",2.101.1,v44344747
2012,0.00,"Newfoundland and Labrador",2.101.1,v44344747
2013,0.00,"Newfoundland and Labrador",2.101.1,v44344747
2014,0.00,"Newfoundland and Labrador",2.101.1,v44344747
2015,0.00,"Newfoundland and Labrador",2.101.1,v44344747
1998,0.00,"St. John's, Newfoundland and Labrador",3.101.1,v44403161
1999,0.00,"St. John's, Newfoundland and Labrador",3.101.1,v44403161
2000,0.00,"St. John's, Newfoundland and Labrador",3.101.1,v44403161
2001,..,"St. John's, Newfoundland and Labrador",3.101.1,v44403161
2002,..,"St. John's, Newfoundland and Labrador",3.101.1,v44403161
2003,..,"St. John's, Newfoundland and Labrador",3.101.1,v44403161
2004,0.00,"St. John's, Newfoundland and Labrador",3.101.1,v44403161
2005,..,"St. John's, Newfoundland and Labrador",3.101.1,v44403161
2006,0.00,"St. John's, Newfoundland and Labrador",3.101.1,v44403161
2007,0.00,"St. John's, Newfoundland and Labrador",3.101.1,v44403161
2008,0.00,"St. John's, Newfoundland and Labrador",3.101.1,v44403161
2009,0.00,"St. John's, Newfoundland and Labrador",3.101.1,v44403161
2010,0.00,"St. John's, Newfoundland and Labrador",3.101.1,v44403161
2011,0.00,"St. John's, Newfoundland and Labrador",3.101.1,v44403161
2012,0.00,"St. John's, Newfoundland and Labrador",3.101.1,v44403161
2013,0.00,"St. John's, Newfoundland and Labrador",3.101.1,v44403161
2014,0.00,"St. John's, Newfoundland and Labrador",3.101.1,v44403161
2015,0.00,"St. John's, Newfoundland and Labrador",3.101.1,v44403161
1998,0.00,"Prince Edward Island",4.101.1,v44370073
1999,..,"Prince Edward Island",4.101.1,v44370073
2000,0.00,"Prince Edward Island",4.101.1,v44370073
2001,..,"Prince Edward Island",4.101.1,v44370073
2002,..,"Prince Edward Island",4.101.1,v44370073
2003,0.00,"Prince Edward Island",4.101.1,v44370073
2004,..,"Prince Edward Island",4.101.1,v44370073
2005,..,"Prince Edward Island",4.101.1,v44370073
2006,0.00,"Prince Edward Island",4.101.1,v44370073
2007,0.00,"Prince Edward Island",4.101.1,v44370073
2008,0.00,"Prince Edward Island",4.101.1,v44370073
2009,0.00,"Prince Edward Island",4.101.1,v44370073
2010,0.00,"Prince Edward Island",4.101.1,v44370073
2011,0.00,"Prince Edward Island",4.101.1,v44370073
2012,0.00,"Prince Edward Island",4.101.1,v44370073
2013,0.00,"Prince Edward Island",4.101.1,v44370073
2014,0.00,"Prince Edward Island",4.101.1,v44370073
2015,0.00,"Prince Edward Island",4.101.1,v44370073
1998,0.00,"Nova Scotia",5.101.1,v44393207
1999,1.00,"Nova Scotia",5.101.1,v44393207
2000,0.00,"Nova Scotia",5.101.1,v44393207
2001,0.00,"Nova Scotia",5.101.1,v44393207
2002,0.00,"Nova Scotia",5.101.1,v44393207
2003,0.00,"Nova Scotia",5.101.1,v44393207
2004,1.00,"Nova Scotia",5.101.1,v44393207
2005,0.00,"Nova Scotia",5.101.1,v44393207
2006,0.00,"Nova Scotia",5.101.1,v44393207
2007,5.00,"Nova Scotia",5.101.1,v44393207
2008,1.00,"Nova Scotia",5.101.1,v44393207
2009,2.00,"Nova Scotia",5.101.1,v44393207
2010,1.00,"Nova Scotia",5.101.1,v44393207
2011,1.00,"Nova Scotia",5.101.1,v44393207
2012,0.00,"Nova Scotia",5.101.1,v44393207
2013,9.00,"Nova Scotia",5.101.1,v44393207
2014,7.00,"Nova Scotia",5.101.1,v44393207
2015,0.00,"Nova Scotia",5.101.1,v44393207
1998,0.00,"Halifax, Nova Scotia",6.101.1,v44337240
1999,1.00,"Halifax, Nova Scotia",6.101.1,v44337240
2000,0.00,"Halifax, Nova Scotia",6.101.1,v44337240
2001,0.00,"Halifax, Nova Scotia",6.101.1,v44337240
2002,0.00,"Halifax, Nova Scotia",6.101.1,v44337240
2003,0.00,"Halifax, Nova Scotia",6.101.1,v44337240
2004,1.00,"Halifax, Nova Scotia",6.101.1,v44337240
2005,0.00,"Halifax, Nova Scotia",6.101.1,v44337240
2006,0.00,"Halifax, Nova Scotia",6.101.1,v44337240
2007,4.00,"Halifax, Nova Scotia",6.101.1,v44337240
2008,0.00,"Halifax, Nova Scotia",6.101.1,v44337240
2009,2.00,"Halifax, Nova Scotia",6.101.1,v44337240
2010,0.00,"Halifax, Nova Scotia",6.101.1,v44337240
2011,1.00,"Halifax, Nova Scotia",6.101.1,v44337240
2012,0.00,"Halifax, Nova Scotia",6.101.1,v44337240
2013,7.00,"Halifax, Nova Scotia",6.101.1,v44337240
2014,7.00,"Halifax, Nova Scotia",6.101.1,v44337240
2015,0.00,"Halifax, Nova Scotia",6.101.1,v44337240
1998,1.00,"New Brunswick",7.101.1,v44362422
1999,0.00,"New Brunswick",7.101.1,v44362422
2000,1.00,"New Brunswick",7.101.1,v44362422
2001,1.00,"New Brunswick",7.101.1,v44362422
2002,0.00,"New Brunswick",7.101.1,v44362422
2003,0.00,"New Brunswick",7.101.1,v44362422
2004,0.00,"New Brunswick",7.101.1,v44362422
2005,1.00,"New Brunswick",7.101.1,v44362422
2006,0.00,"New Brunswick",7.101.1,v44362422
2007,2.00,"New Brunswick",7.101.1,v44362422
2008,2.00,"New Brunswick",7.101.1,v44362422
2009,2.00,"New Brunswick",7.101.1,v44362422
2010,0.00,"New Brunswick",7.101.1,v44362422
2011,0.00,"New Brunswick",7.101.1,v44362422
2012,0.00,"New Brunswick",7.101.1,v44362422
2013,0.00,"New Brunswick",7.101.1,v44362422
2014,0.00,"New Brunswick",7.101.1,v44362422
2015,0.00,"New Brunswick",7.101.1,v44362422
2006,0.00,"Moncton, New Brunswick",43.101.1,v52121165
2007,1.00,"Moncton, New Brunswick",43.101.1,v52121165
2008,2.00,"Moncton, New Brunswick",43.101.1,v52121165
2009,0.00,"Moncton, New Brunswick",43.101.1,v52121165
2010,0.00,"Moncton, New Brunswick",43.101.1,v52121165
2011,0.00,"Moncton, New Brunswick",43.101.1,v52121165
2012,0.00,"Moncton, New Brunswick",43.101.1,v52121165
2013,0.00,"Moncton, New Brunswick",43.101.1,v52121165
2014,0.00,"Moncton, New Brunswick",43.101.1,v52121165
2015,0.00,"Moncton, New Brunswick",43.101.1,v52121165
1998,1.00,"Saint John, New Brunswick",8.101.1,v44410103
1999,0.00,"Saint John, New Brunswick",8.101.1,v44410103
2000,1.00,"Saint John, New Brunswick",8.101.1,v44410103
2001,1.00,"Saint John, New Brunswick",8.101.1,v44410103
2002,0.00,"Saint John, New Brunswick",8.101.1,v44410103
2003,0.00,"Saint John, New Brunswick",8.101.1,v44410103
2004,0.00,"Saint John, New Brunswick",8.101.1,v44410103
2005,0.00,"Saint John, New Brunswick",8.101.1,v44410103
2006,0.00,"Saint John, New Brunswick",8.101.1,v44410103
2007,1.00,"Saint John, New Brunswick",8.101.1,v44410103
2008,0.00,"Saint John, New Brunswick",8.101.1,v44410103
2009,0.00,"Saint John, New Brunswick",8.101.1,v44410103
2010,0.00,"Saint John, New Brunswick",8.101.1,v44410103
2011,0.00,"Saint John, New Brunswick",8.101.1,v44410103
2012,0.00,"Saint John, New Brunswick",8.101.1,v44410103
2013,0.00,"Saint John, New Brunswick",8.101.1,v44410103
2014,0.00,"Saint John, New Brunswick",8.101.1,v44410103
2015,0.00,"Saint John, New Brunswick",8.101.1,v44410103
1998,0.00,"Quebec",9.101.1,v44363564
1999,1.00,"Quebec",9.101.1,v44363564
2000,1.00,"Quebec",9.101.1,v44363564
2001,3.00,"Quebec",9.101.1,v44363564
2002,13.00,"Quebec",9.101.1,v44363564
2003,1.00,"Quebec",9.101.1,v44363564
2004,7.00,"Quebec",9.101.1,v44363564
2005,29.00,"Quebec",9.101.1,v44363564
2006,24.00,"Quebec",9.101.1,v44363564
2007,32.00,"Quebec",9.101.1,v44363564
2008,30.00,"Quebec",9.101.1,v44363564
2009,15.00,"Quebec",9.101.1,v44363564
2010,17.00,"Quebec",9.101.1,v44363564
2011,12.00,"Quebec",9.101.1,v44363564
2012,12.00,"Quebec",9.101.1,v44363564
2013,10.00,"Quebec",9.101.1,v44363564
2014,10.00,"Quebec",9.101.1,v44363564
2015,2.00,"Quebec",9.101.1,v44363564
1998,0.00,"Saguenay, Quebec",10.101.1,v44366529
1999,..,"Saguenay, Quebec",10.101.1,v44366529
2000,..,"Saguenay, Quebec",10.101.1,v44366529
2001,..,"Saguenay, Quebec",10.101.1,v44366529
2002,0.00,"Saguenay, Quebec",10.101.1,v44366529
2003,0.00,"Saguenay, Quebec",10.101.1,v44366529
2004,..,"Saguenay, Quebec",10.101.1,v44366529
2005,..,"Saguenay, Quebec",10.101.1,v44366529
2006,0.00,"Saguenay, Quebec",10.101.1,v44366529
2007,0.00,"Saguenay, Quebec",10.101.1,v44366529
2008,0.00,"Saguenay, Quebec",10.101.1,v44366529
2009,0.00,"Saguenay, Quebec",10.101.1,v44366529
2010,0.00,"Saguenay, Quebec",10.101.1,v44366529
2011,0.00,"Saguenay, Quebec",10.101.1,v44366529
2012,0.00,"Saguenay, Quebec",10.101.1,v44366529
2013,0.00,"Saguenay, Quebec",10.101.1,v44366529
2014,0.00,"Saguenay, Quebec",10.101.1,v44366529
2015,0.00,"Saguenay, Quebec",10.101.1,v44366529
1998,..,"Sherbrooke, Quebec",12.101.1,v44370021
1999,0.00,"Sherbrooke, Quebec",12.101.1,v44370021
2000,..,"Sherbrooke, Quebec",12.101.1,v44370021
2001,..,"Sherbrooke, Quebec",12.101.1,v44370021
2002,..,"Sherbrooke, Quebec",12.101.1,v44370021
2003,..,"Sherbrooke, Quebec",12.101.1,v44370021
2004,0.00,"Sherbrooke, Quebec",12.101.1,v44370021
2005,0.00,"Sherbrooke, Quebec",12.101.1,v44370021
2006,0.00,"Sherbrooke, Quebec",12.101.1,v44370021
2007,0.00,"Sherbrooke, Quebec",12.101.1,v44370021
2008,0.00,"Sherbrooke, Quebec",12.101.1,v44370021
2009,0.00,"Sherbrooke, Quebec",12.101.1,v44370021
2010,0.00,"Sherbrooke, Quebec",12.101.1,v44370021
2011,0.00,"Sherbrooke, Quebec",12.101.1,v44370021
2012,1.00,"Sherbrooke, Quebec",12.101.1,v44370021
2013,0.00,"Sherbrooke, Quebec",12.101.1,v44370021
2014,0.00,"Sherbrooke, Quebec",12.101.1,v44370021
2015,0.00,"Sherbrooke, Quebec",12.101.1,v44370021
1998,0.00,"Ottawa-Gatineau, Quebec part",15.101.1,v44370352
1999,0.00,"Ottawa-Gatineau, Quebec part",15.101.1,v44370352
2000,0.00,"Ottawa-Gatineau, Quebec part",15.101.1,v44370352
2001,..,"Ottawa-Gatineau, Quebec part",15.101.1,v44370352
2002,0.00,"Ottawa-Gatineau, Quebec part",15.101.1,v44370352
2003,0.00,"Ottawa-Gatineau, Quebec part",15.101.1,v44370352
2004,..,"Ottawa-Gatineau, Quebec part",15.101.1,v44370352
2005,..,"Ottawa-Gatineau, Quebec part",15.101.1,v44370352
2006,0.00,"Ottawa-Gatineau, Quebec part",15.101.1,v44370352
2007,0.00,"Ottawa-Gatineau, Quebec part",15.101.1,v44370352
2008,0.00,"Ottawa-Gatineau, Quebec part",15.101.1,v44370352
2009,0.00,"Ottawa-Gatineau, Quebec part",15.101.1,v44370352
2010,0.00,"Ottawa-Gatineau, Quebec part",15.101.1,v44370352
2011,0.00,"Ottawa-Gatineau, Quebec part",15.101.1,v44370352
2012,0.00,"Ottawa-Gatineau, Quebec part",15.101.1,v44370352
2013,0.00,"Ottawa-Gatineau, Quebec part",15.101.1,v44370352
2014,0.00,"Ottawa-Gatineau, Quebec part",15.101.1,v44370352
2015,0.00,"Ottawa-Gatineau, Quebec part",15.101.1,v44370352
1998,0.00,"Ontario",16.101.1,v44359360
1999,3.00,"Ontario",16.101.1,v44359360
2000,0.00,"Ontario",16.101.1,v44359360
2001,0.00,"Ontario",16.101.1,v44359360
2002,7.00,"Ontario",16.101.1,v44359360
2003,2.00,"Ontario",16.101.1,v44359360
2004,0.00,"Ontario",16.101.1,v44359360
2005,4.00,"Ontario",16.101.1,v44359360
2006,3.00,"Ontario",16.101.1,v44359360
2007,2.00,"Ontario",16.101.1,v44359360
2008,3.00,"Ontario",16.101.1,v44359360
2009,10.00,"Ontario",16.101.1,v44359360
2010,9.00,"Ontario",16.101.1,v44359360
2011,16.00,"Ontario",16.101.1,v44359360
2012,14.00,"Ontario",16.101.1,v44359360
2013,32.00,"Ontario",16.101.1,v44359360
2014,18.00,"Ontario",16.101.1,v44359360
2015,0.00,"Ontario",16.101.1,v44359360
1998,0.00,"Ottawa-Gatineau, Ontario/Quebec",17.101.1,v52146982
1999,0.00,"Ottawa-Gatineau, Ontario/Quebec",17.101.1,v52146982
2000,0.00,"Ottawa-Gatineau, Ontario/Quebec",17.101.1,v52146982
2001,..,"Ottawa-Gatineau, Ontario/Quebec",17.101.1,v52146982
2002,0.00,"Ottawa-Gatineau, Ontario/Quebec",17.101.1,v52146982
2003,0.00,"Ottawa-Gatineau, Ontario/Quebec",17.101.1,v52146982
2004,..,"Ottawa-Gatineau, Ontario/Quebec",17.101.1,v52146982
2005,..,"Ottawa-Gatineau, Ontario/Quebec",17.101.1,v52146982
2006,0.00,"Ottawa-Gatineau, Ontario/Quebec",17.101.1,v52146982
2007,0.00,"Ottawa-Gatineau, Ontario/Quebec",17.101.1,v52146982
2008,0.00,"Ottawa-Gatineau, Ontario/Quebec",17.101.1,v52146982
2009,0.00,"Ottawa-Gatineau, Ontario/Quebec",17.101.1,v52146982
2010,0.00,"Ottawa-Gatineau, Ontario/Quebec",17.101.1,v52146982
2011,0.00,"Ottawa-Gatineau, Ontario/Quebec",17.101.1,v52146982
2012,0.00,"Ottawa-Gatineau, Ontario/Quebec",17.101.1,v52146982
2013,2.00,"Ottawa-Gatineau, Ontario/Quebec",17.101.1,v52146982
2014,0.00,"Ottawa-Gatineau, Ontario/Quebec",17.101.1,v52146982
2015,0.00,"Ottawa-Gatineau, Ontario/Quebec",17.101.1,v52146982
1998,0.00,"Ottawa-Gatineau, Ontario part",18.101.1,v44326247
1999,0.00,"Ottawa-Gatineau, Ontario part",18.101.1,v44326247
2000,..,"Ottawa-Gatineau, Ontario part",18.101.1,v44326247
2001,..,"Ottawa-Gatineau, Ontario part",18.101.1,v44326247
2002,..,"Ottawa-Gatineau, Ontario part",18.101.1,v44326247
2003,..,"Ottawa-Gatineau, Ontario part",18.101.1,v44326247
2004,..,"Ottawa-Gatineau, Ontario part",18.101.1,v44326247
2005,..,"Ottawa-Gatineau, Ontario part",18.101.1,v44326247
2006,0.00,"Ottawa-Gatineau, Ontario part",18.101.1,v44326247
2007,0.00,"Ottawa-Gatineau, Ontario part",18.101.1,v44326247
2008,0.00,"Ottawa-Gatineau, Ontario part",18.101.1,v44326247
2009,0.00,"Ottawa-Gatineau, Ontario part",18.101.1,v44326247
2010,0.00,"Ottawa-Gatineau, Ontario part",18.101.1,v44326247
2011,0.00,"Ottawa-Gatineau, Ontario part",18.101.1,v44326247
2012,0.00,"Ottawa-Gatineau, Ontario part",18.101.1,v44326247
2013,2.00,"Ottawa-Gatineau, Ontario part",18.101.1,v44326247
2014,0.00,"Ottawa-Gatineau, Ontario part",18.101.1,v44326247
2015,0.00,"Ottawa-Gatineau, Ontario part",18.101.1,v44326247
2004,..,"Kingston, Ontario",27.101.1,v44406425
2005,0.00,"Kingston, Ontario",27.101.1,v44406425
2006,0.00,"Kingston, Ontario",27.101.1,v44406425
2007,0.00,"Kingston, Ontario",27.101.1,v44406425
2008,0.00,"Kingston, Ontario",27.101.1,v44406425
2009,0.00,"Kingston, Ontario",27.101.1,v44406425
2010,1.00,"Kingston, Ontario",27.101.1,v44406425
2011,0.00,"Kingston, Ontario",27.101.1,v44406425
2012,0.00,"Kingston, Ontario",27.101.1,v44406425
2013,1.00,"Kingston, Ontario",27.101.1,v44406425
2014,0.00,"Kingston, Ontario",27.101.1,v44406425
2015,0.00,"Kingston, Ontario",27.101.1,v44406425
2006,0.00,"Peterborough, Ontario",44.101.1,v62129553
2007,0.00,"Peterborough, Ontario",44.101.1,v62129553
2008,0.00,"Peterborough, Ontario",44.101.1,v62129553
2009,0.00,"Peterborough, Ontario",44.101.1,v62129553
2010,0.00,"Peterborough, Ontario",44.101.1,v62129553
2011,0.00,"Peterborough, Ontario",44.101.1,v62129553
2012,0.00,"Peterborough, Ontario",44.101.1,v62129553
2013,0.00,"Peterborough, Ontario",44.101.1,v62129553
2014,0.00,"Peterborough, Ontario",44.101.1,v62129553
2015,0.00,"Peterborough, Ontario",44.101.1,v62129553
1998,0.00,"Toronto, Ontario",19.101.1,v44375909
1999,1.00,"Toronto, Ontario",19.101.1,v44375909
2000,0.00,"Toronto, Ontario",19.101.1,v44375909
2001,0.00,"Toronto, Ontario",19.101.1,v44375909
2002,6.00,"Toronto, Ontario",19.101.1,v44375909
2003,2.00,"Toronto, Ontario",19.101.1,v44375909
2004,0.00,"Toronto, Ontario",19.101.1,v44375909
2005,2.00,"Toronto, Ontario",19.101.1,v44375909
2006,3.00,"Toronto, Ontario",19.101.1,v44375909
2007,0.00,"Toronto, Ontario",19.101.1,v44375909
2008,1.00,"Toronto, Ontario",19.101.1,v44375909
2009,5.00,"Toronto, Ontario",19.101.1,v44375909
2010,2.00,"Toronto, Ontario",19.101.1,v44375909
2011,7.00,"Toronto, Ontario",19.101.1,v44375909
2012,12.00,"Toronto, Ontario",19.101.1,v44375909
2013,19.00,"Toronto, Ontario",19.101.1,v44375909
2014,14.00,"Toronto, Ontario",19.101.1,v44375909
2015,0.00,"Toronto, Ontario",19.101.1,v44375909
1998,0.00,"Hamilton, Ontario",20.101.1,v44403786
1999,0.00,"Hamilton, Ontario",20.101.1,v44403786
2000,0.00,"Hamilton, Ontario",20.101.1,v44403786
2001,..,"Hamilton, Ontario",20.101.1,v44403786
2002,0.00,"Hamilton, Ontario",20.101.1,v44403786
2003,0.00,"Hamilton, Ontario",20.101.1,v44403786
2004,0.00,"Hamilton, Ontario",20.101.1,v44403786
2005,0.00,"Hamilton, Ontario",20.101.1,v44403786
2006,0.00,"Hamilton, Ontario",20.101.1,v44403786
2007,1.00,"Hamilton, Ontario",20.101.1,v44403786
2008,0.00,"Hamilton, Ontario",20.101.1,v44403786
2009,2.00,"Hamilton, Ontario",20.101.1,v44403786
2010,4.00,"Hamilton, Ontario",20.101.1,v44403786
2011,5.00,"Hamilton, Ontario",20.101.1,v44403786
2012,0.00,"Hamilton, Ontario",20.101.1,v44403786
2013,1.00,"Hamilton, Ontario",20.101.1,v44403786
2014,0.00,"Hamilton, Ontario",20.101.1,v44403786
2015,0.00,"Hamilton, Ontario",20.101.1,v44403786
1999,..,"St.Catharines-Niagara, Ontario",21.101.1,v44348911
2000,0.00,"St.Catharines-Niagara, Ontario",21.101.1,v44348911
2001,..,"St.Catharines-Niagara, Ontario",21.101.1,v44348911
2002,0.00,"St.Catharines-Niagara, Ontario",21.101.1,v44348911
2003,0.00,"St.Catharines-Niagara, Ontario",21.101.1,v44348911
2004,0.00,"St.Catharines-Niagara, Ontario",21.101.1,v44348911
2005,0.00,"St.Catharines-Niagara, Ontario",21.101.1,v44348911
2006,0.00,"St.Catharines-Niagara, Ontario",21.101.1,v44348911
2007,0.00,"St.Catharines-Niagara, Ontario",21.101.1,v44348911
2008,1.00,"St.Catharines-Niagara, Ontario",21.101.1,v44348911
2009,1.00,"St.Catharines-Niagara, Ontario",21.101.1,v44348911
2010,0.00,"St.Catharines-Niagara, Ontario",21.101.1,v44348911
2011,2.00,"St.Catharines-Niagara, Ontario",21.101.1,v44348911
2012,1.00,"St.Catharines-Niagara, Ontario",21.101.1,v44348911
2013,3.00,"St.Catharines-Niagara, Ontario",21.101.1,v44348911
2014,0.00,"St.Catharines-Niagara, Ontario",21.101.1,v44348911
2015,0.00,"St.Catharines-Niagara, Ontario",21.101.1,v44348911
1998,..,"Kitchener-Cambridge-Waterloo, Ontario",22.101.1,v44368548
1999,0.00,"Kitchener-Cambridge-Waterloo, Ontario",22.101.1,v44368548
2000,..,"Kitchener-Cambridge-Waterloo, Ontario",22.101.1,v44368548
2001,0.00,"Kitchener-Cambridge-Waterloo, Ontario",22.101.1,v44368548
2002,..,"Kitchener-Cambridge-Waterloo, Ontario",22.101.1,v44368548
2003,0.00,"Kitchener-Cambridge-Waterloo, Ontario",22.101.1,v44368548
2004,..,"Kitchener-Cambridge-Waterloo, Ontario",22.101.1,v44368548
2005,0.00,"Kitchener-Cambridge-Waterloo, Ontario",22.101.1,v44368548
2006,0.00,"Kitchener-Cambridge-Waterloo, Ontario",22.101.1,v44368548
2007,0.00,"Kitchener-Cambridge-Waterloo, Ontario",22.101.1,v44368548
2008,1.00,"Kitchener-Cambridge-Waterloo, Ontario",22.101.1,v44368548
2009,1.00,"Kitchener-Cambridge-Waterloo, Ontario",22.101.1,v44368548
2010,0.00,"Kitchener-Cambridge-Waterloo, Ontario",22.101.1,v44368548
2011,1.00,"Kitchener-Cambridge-Waterloo, Ontario",22.101.1,v44368548
2012,1.00,"Kitchener-Cambridge-Waterloo, Ontario",22.101.1,v44368548
2013,0.00,"Kitchener-Cambridge-Waterloo, Ontario",22.101.1,v44368548
2014,0.00,"Kitchener-Cambridge-Waterloo, Ontario",22.101.1,v44368548
2015,0.00,"Kitchener-Cambridge-Waterloo, Ontario",22.101.1,v44368548
2006,0.00,"Brantford, Ontario",45.101.1,v62132703
2007,0.00,"Brantford, Ontario",45.101.1,v62132703
2008,0.00,"Brantford, Ontario",45.101.1,v62132703
2009,0.00,"Brantford, Ontario",45.101.1,v62132703
2010,0.00,"Brantford, Ontario",45.101.1,v62132703
2011,0.00,"Brantford, Ontario",45.101.1,v62132703
2012,0.00,"Brantford, Ontario",45.101.1,v62132703
2013,0.00,"Brantford, Ontario",45.101.1,v62132703
2014,0.00,"Brantford, Ontario",45.101.1,v62132703
2015,0.00,"Brantford, Ontario",45.101.1,v62132703
2005,..,"Guelph, Ontario",46.101.1,v52119636
2006,0.00,"Guelph, Ontario",46.101.1,v52119636
2007,0.00,"Guelph, Ontario",46.101.1,v52119636
2008,0.00,"Guelph, Ontario",46.101.1,v52119636
2009,0.00,"Guelph, Ontario",46.101.1,v52119636
2010,0.00,"Guelph, Ontario",46.101.1,v52119636
2011,0.00,"Guelph, Ontario",46.101.1,v52119636
2012,0.00,"Guelph, Ontario",46.101.1,v52119636
2013,2.00,"Guelph, Ontario",46.101.1,v52119636
2014,0.00,"Guelph, Ontario",46.101.1,v52119636
2015,0.00,"Guelph, Ontario",46.101.1,v52119636
1998,0.00,"London, Ontario",23.101.1,v44332527
1999,1.00,"London, Ontario",23.101.1,v44332527
2000,0.00,"London, Ontario",23.101.1,v44332527
2001,0.00,"London, Ontario",23.101.1,v44332527
2002,0.00,"London, Ontario",23.101.1,v44332527
2003,0.00,"London, Ontario",23.101.1,v44332527
2004,0.00,"London, Ontario",23.101.1,v44332527
2005,1.00,"London, Ontario",23.101.1,v44332527
2006,0.00,"London, Ontario",23.101.1,v44332527
2007,1.00,"London, Ontario",23.101.1,v44332527
2008,0.00,"London, Ontario",23.101.1,v44332527
2009,0.00,"London, Ontario",23.101.1,v44332527
2010,0.00,"London, Ontario",23.101.1,v44332527
2011,0.00,"London, Ontario",23.101.1,v44332527
2012,0.00,"London, Ontario",23.101.1,v44332527
2013,0.00,"London, Ontario",23.101.1,v44332527
2014,1.00,"London, Ontario",23.101.1,v44332527
2015,0.00,"London, Ontario",23.101.1,v44332527
1998,..,"Windsor, Ontario",24.101.1,v44391682
1999,0.00,"Windsor, Ontario",24.101.1,v44391682
2000,0.00,"Windsor, Ontario",24.101.1,v44391682
2001,0.00,"Windsor, Ontario",24.101.1,v44391682
2002,0.00,"Windsor, Ontario",24.101.1,v44391682
2003,0.00,"Windsor, Ontario",24.101.1,v44391682
2004,0.00,"Windsor, Ontario",24.101.1,v44391682
2005,..,"Windsor, Ontario",24.101.1,v44391682
2006,0.00,"Windsor, Ontario",24.101.1,v44391682
2007,0.00,"Windsor, Ontario",24.101.1,v44391682
2008,0.00,"Windsor, Ontario",24.101.1,v44391682
2009,0.00,"Windsor, Ontario",24.101.1,v44391682
2010,0.00,"Windsor, Ontario",24.101.1,v44391682
2011,1.00,"Windsor, Ontario",24.101.1,v44391682
2012,0.00,"Windsor, Ontario",24.101.1,v44391682
2013,0.00,"Windsor, Ontario",24.101.1,v44391682
2014,0.00,"Windsor, Ontario",24.101.1,v44391682
2015,0.00,"Windsor, Ontario",24.101.1,v44391682
2006,0.00,"Barrie, Ontario",47.101.1,v62139003
2007,0.00,"Barrie, Ontario",47.101.1,v62139003
2008,0.00,"Barrie, Ontario",47.101.1,v62139003
2009,0.00,"Barrie, Ontario",47.101.1,v62139003
2010,0.00,"Barrie, Ontario",47.101.1,v62139003
2011,0.00,"Barrie, Ontario",47.101.1,v62139003
2012,0.00,"Barrie, Ontario",47.101.1,v62139003
2013,0.00,"Barrie, Ontario",47.101.1,v62139003
2014,0.00,"Barrie, Ontario",47.101.1,v62139003
2015,0.00,"Barrie, Ontario",47.101.1,v62139003
1998,0.00,"Sudbury, Ontario",25.101.1,v44413281
1999,..,"Sudbury, Ontario",25.101.1,v44413281
2000,..,"Sudbury, Ontario",25.101.1,v44413281
2001,0.00,"Sudbury, Ontario",25.101.1,v44413281
2002,0.00,"Sudbury, Ontario",25.101.1,v44413281
2003,0.00,"Sudbury, Ontario",25.101.1,v44413281
2004,..,"Sudbury, Ontario",25.101.1,v44413281
2005,0.00,"Sudbury, Ontario",25.101.1,v44413281
2006,0.00,"Sudbury, Ontario",25.101.1,v44413281
2007,0.00,"Sudbury, Ontario",25.101.1,v44413281
2008,0.00,"Sudbury, Ontario",25.101.1,v44413281
2009,0.00,"Sudbury, Ontario",25.101.1,v44413281
2010,0.00,"Sudbury, Ontario",25.101.1,v44413281
2011,0.00,"Sudbury, Ontario",25.101.1,v44413281
2012,0.00,"Sudbury, Ontario",25.101.1,v44413281
2013,0.00,"Sudbury, Ontario",25.101.1,v44413281
2014,0.00,"Sudbury, Ontario",25.101.1,v44413281
2015,0.00,"Sudbury, Ontario",25.101.1,v44413281
2000,..,"Thunder Bay, Ontario",26.101.1,v44326808
2001,0.00,"Thunder Bay, Ontario",26.101.1,v44326808
2002,0.00,"Thunder Bay, Ontario",26.101.1,v44326808
2003,..,"Thunder Bay, Ontario",26.101.1,v44326808
2004,..,"Thunder Bay, Ontario",26.101.1,v44326808
2005,..,"Thunder Bay, Ontario",26.101.1,v44326808
2006,0.00,"Thunder Bay, Ontario",26.101.1,v44326808
2007,0.00,"Thunder Bay, Ontario",26.101.1,v44326808
2008,0.00,"Thunder Bay, Ontario",26.101.1,v44326808
2009,0.00,"Thunder Bay, Ontario",26.101.1,v44326808
2010,0.00,"Thunder Bay, Ontario",26.101.1,v44326808
2011,0.00,"Thunder Bay, Ontario",26.101.1,v44326808
2012,0.00,"Thunder Bay, Ontario",26.101.1,v44326808
2013,0.00,"Thunder Bay, Ontario",26.101.1,v44326808
2014,0.00,"Thunder Bay, Ontario",26.101.1,v44326808
2015,0.00,"Thunder Bay, Ontario",26.101.1,v44326808
1998,0.00,"Manitoba",28.101.1,v44364940
1999,1.00,"Manitoba",28.101.1,v44364940
2000,0.00,"Manitoba",28.101.1,v44364940
2001,0.00,"Manitoba",28.101.1,v44364940
2002,2.00,"Manitoba",28.101.1,v44364940
2003,0.00,"Manitoba",28.101.1,v44364940
2004,1.00,"Manitoba",28.101.1,v44364940
2005,2.00,"Manitoba",28.101.1,v44364940
2006,2.00,"Manitoba",28.101.1,v44364940
2007,0.00,"Manitoba",28.101.1,v44364940
2008,0.00,"Manitoba",28.101.1,v44364940
2009,0.00,"Manitoba",28.101.1,v44364940
2010,0.00,"Manitoba",28.101.1,v44364940
2011,1.00,"Manitoba",28.101.1,v44364940
2012,3.00,"Manitoba",28.101.1,v44364940
2013,2.00,"Manitoba",28.101.1,v44364940
2014,2.00,"Manitoba",28.101.1,v44364940
2015,0.00,"Manitoba",28.101.1,v44364940
1998,0.00,"Winnipeg, Manitoba",29.101.1,v44406757
1999,1.00,"Winnipeg, Manitoba",29.101.1,v44406757
2000,0.00,"Winnipeg, Manitoba",29.101.1,v44406757
2001,0.00,"Winnipeg, Manitoba",29.101.1,v44406757
2002,2.00,"Winnipeg, Manitoba",29.101.1,v44406757
2003,..,"Winnipeg, Manitoba",29.101.1,v44406757
2004,1.00,"Winnipeg, Manitoba",29.101.1,v44406757
2005,2.00,"Winnipeg, Manitoba",29.101.1,v44406757
2006,2.00,"Winnipeg, Manitoba",29.101.1,v44406757
2007,0.00,"Winnipeg, Manitoba",29.101.1,v44406757
2008,0.00,"Winnipeg, Manitoba",29.101.1,v44406757
2009,0.00,"Winnipeg, Manitoba",29.101.1,v44406757
2010,0.00,"Winnipeg, Manitoba",29.101.1,v44406757
2011,0.00,"Winnipeg, Manitoba",29.101.1,v44406757
2012,2.00,"Winnipeg, Manitoba",29.101.1,v44406757
2013,2.00,"Winnipeg, Manitoba",29.101.1,v44406757
2014,2.00,"Winnipeg, Manitoba",29.101.1,v44406757
2015,0.00,"Winnipeg, Manitoba",29.101.1,v44406757
1998,2.00,"Saskatchewan",30.101.1,v44393365
1999,1.00,"Saskatchewan",30.101.1,v44393365
2000,0.00,"Saskatchewan",30.101.1,v44393365
2001,5.00,"Saskatchewan",30.101.1,v44393365
2002,1.00,"Saskatchewan",30.101.1,v44393365
2003,2.00,"Saskatchewan",30.101.1,v44393365
2004,2.00,"Saskatchewan",30.101.1,v44393365
2005,3.00,"Saskatchewan",30.101.1,v44393365
2006,1.00,"Saskatchewan",30.101.1,v44393365
2007,0.00,"Saskatchewan",30.101.1,v44393365
2008,0.00,"Saskatchewan",30.101.1,v44393365
2009,1.00,"Saskatchewan",30.101.1,v44393365
2010,0.00,"Saskatchewan",30.101.1,v44393365
2011,3.00,"Saskatchewan",30.101.1,v44393365
2012,2.00,"Saskatchewan",30.101.1,v44393365
2013,0.00,"Saskatchewan",30.101.1,v44393365
2014,1.00,"Saskatchewan",30.101.1,v44393365
2015,0.00,"Saskatchewan",30.101.1,v44393365
2000,..,"Regina, Saskatchewan",31.101.1,v44370561
2001,5.00,"Regina, Saskatchewan",31.101.1,v44370561
2002,1.00,"Regina, Saskatchewan",31.101.1,v44370561
2003,0.00,"Regina, Saskatchewan",31.101.1,v44370561
2004,0.00,"Regina, Saskatchewan",31.101.1,v44370561
2005,..,"Regina, Saskatchewan",31.101.1,v44370561
2006,0.00,"Regina, Saskatchewan",31.101.1,v44370561
2007,0.00,"Regina, Saskatchewan",31.101.1,v44370561
2008,0.00,"Regina, Saskatchewan",31.101.1,v44370561
2009,0.00,"Regina, Saskatchewan",31.101.1,v44370561
2010,0.00,"Regina, Saskatchewan",31.101.1,v44370561
2011,0.00,"Regina, Saskatchewan",31.101.1,v44370561
2012,2.00,"Regina, Saskatchewan",31.101.1,v44370561
2013,0.00,"Regina, Saskatchewan",31.101.1,v44370561
2014,0.00,"Regina, Saskatchewan",31.101.1,v44370561
2015,0.00,"Regina, Saskatchewan",31.101.1,v44370561
1998,2.00,"Saskatoon, Saskatchewan",32.101.1,v44376894
1999,1.00,"Saskatoon, Saskatchewan",32.101.1,v44376894
2000,..,"Saskatoon, Saskatchewan",32.101.1,v44376894
2001,..,"Saskatoon, Saskatchewan",32.101.1,v44376894
2002,..,"Saskatoon, Saskatchewan",32.101.1,v44376894
2003,2.00,"Saskatoon, Saskatchewan",32.101.1,v44376894
2004,2.00,"Saskatoon, Saskatchewan",32.101.1,v44376894
2005,2.00,"Saskatoon, Saskatchewan",32.101.1,v44376894
2006,1.00,"Saskatoon, Saskatchewan",32.101.1,v44376894
2007,0.00,"Saskatoon, Saskatchewan",32.101.1,v44376894
2008,0.00,"Saskatoon, Saskatchewan",32.101.1,v44376894
2009,1.00,"Saskatoon, Saskatchewan",32.101.1,v44376894
2010,0.00,"Saskatoon, Saskatchewan",32.101.1,v44376894
2011,0.00,"Saskatoon, Saskatchewan",32.101.1,v44376894
2012,0.00,"Saskatoon, Saskatchewan",32.101.1,v44376894
2013,0.00,"Saskatoon, Saskatchewan",32.101.1,v44376894
2014,0.00,"Saskatoon, Saskatchewan",32.101.1,v44376894
2015,0.00,"Saskatoon, Saskatchewan",32.101.1,v44376894
1998,5.00,"Alberta",33.101.1,v44352882
1999,16.00,"Alberta",33.101.1,v44352882
2000,3.00,"Alberta",33.101.1,v44352882
2001,0.00,"Alberta",33.101.1,v44352882
2002,1.00,"Alberta",33.101.1,v44352882
2003,3.00,"Alberta",33.101.1,v44352882
2004,0.00,"Alberta",33.101.1,v44352882
2005,1.00,"Alberta",33.101.1,v44352882
2006,0.00,"Alberta",33.101.1,v44352882
2007,0.00,"Alberta",33.101.1,v44352882
2008,0.00,"Alberta",33.101.1,v44352882
2009,1.00,"Alberta",33.101.1,v44352882
2010,2.00,"Alberta",33.101.1,v44352882
2011,4.00,"Alberta",33.101.1,v44352882
2012,4.00,"Alberta",33.101.1,v44352882
2013,4.00,"Alberta",33.101.1,v44352882
2014,2.00,"Alberta",33.101.1,v44352882
2015,0.00,"Alberta",33.101.1,v44352882
1998,4.00,"Calgary, Alberta",34.101.1,v44416356
1999,13.00,"Calgary, Alberta",34.101.1,v44416356
2000,2.00,"Calgary, Alberta",34.101.1,v44416356
2001,0.00,"Calgary, Alberta",34.101.1,v44416356
2002,1.00,"Calgary, Alberta",34.101.1,v44416356
2003,2.00,"Calgary, Alberta",34.101.1,v44416356
2004,0.00,"Calgary, Alberta",34.101.1,v44416356
2005,1.00,"Calgary, Alberta",34.101.1,v44416356
2006,0.00,"Calgary, Alberta",34.101.1,v44416356
2007,0.00,"Calgary, Alberta",34.101.1,v44416356
2008,0.00,"Calgary, Alberta",34.101.1,v44416356
2009,1.00,"Calgary, Alberta",34.101.1,v44416356
2010,0.00,"Calgary, Alberta",34.101.1,v44416356
2011,3.00,"Calgary, Alberta",34.101.1,v44416356
2012,2.00,"Calgary, Alberta",34.101.1,v44416356
2013,0.00,"Calgary, Alberta",34.101.1,v44416356
2014,0.00,"Calgary, Alberta",34.101.1,v44416356
2015,0.00,"Calgary, Alberta",34.101.1,v44416356
1998,0.00,"Edmonton, Alberta",35.101.1,v44387207
1999,3.00,"Edmonton, Alberta",35.101.1,v44387207
2000,1.00,"Edmonton, Alberta",35.101.1,v44387207
2001,0.00,"Edmonton, Alberta",35.101.1,v44387207
2002,0.00,"Edmonton, Alberta",35.101.1,v44387207
2003,0.00,"Edmonton, Alberta",35.101.1,v44387207
2004,0.00,"Edmonton, Alberta",35.101.1,v44387207
2005,0.00,"Edmonton, Alberta",35.101.1,v44387207
2006,0.00,"Edmonton, Alberta",35.101.1,v44387207
2007,0.00,"Edmonton, Alberta",35.101.1,v44387207
2008,0.00,"Edmonton, Alberta",35.101.1,v44387207
2009,0.00,"Edmonton, Alberta",35.101.1,v44387207
2010,1.00,"Edmonton, Alberta",35.101.1,v44387207
2011,1.00,"Edmonton, Alberta",35.101.1,v44387207
2012,2.00,"Edmonton, Alberta",35.101.1,v44387207
2013,2.00,"Edmonton, Alberta",35.101.1,v44387207
2014,0.00,"Edmonton, Alberta",35.101.1,v44387207
2015,0.00,"Edmonton, Alberta",35.101.1,v44387207
1998,0.00,"British Columbia",36.101.1,v44399495
1999,5.00,"British Columbia",36.101.1,v44399495
2000,2.00,"British Columbia",36.101.1,v44399495
2001,13.00,"British Columbia",36.101.1,v44399495
2002,12.00,"British Columbia",36.101.1,v44399495
2003,5.00,"British Columbia",36.101.1,v44399495
2004,14.00,"British Columbia",36.101.1,v44399495
2005,11.00,"British Columbia",36.101.1,v44399495
2006,4.00,"British Columbia",36.101.1,v44399495
2007,6.00,"British Columbia",36.101.1,v44399495
2008,1.00,"British Columbia",36.101.1,v44399495
2009,11.00,"British Columbia",36.101.1,v44399495
2010,4.00,"British Columbia",36.101.1,v44399495
2011,2.00,"British Columbia",36.101.1,v44399495
2012,2.00,"British Columbia",36.101.1,v44399495
2013,4.00,"British Columbia",36.101.1,v44399495
2014,5.00,"British Columbia",36.101.1,v44399495
2015,0.00,"British Columbia",36.101.1,v44399495
2005,..,"Kelowna, British Columbia",48.101.1,v52146466
2006,0.00,"Kelowna, British Columbia",48.101.1,v52146466
2007,0.00,"Kelowna, British Columbia",48.101.1,v52146466
2008,0.00,"Kelowna, British Columbia",48.101.1,v52146466
2009,0.00,"Kelowna, British Columbia",48.101.1,v52146466
2010,0.00,"Kelowna, British Columbia",48.101.1,v52146466
2011,0.00,"Kelowna, British Columbia",48.101.1,v52146466
2012,1.00,"Kelowna, British Columbia",48.101.1,v52146466
2013,0.00,"Kelowna, British Columbia",48.101.1,v52146466
2014,0.00,"Kelowna, British Columbia",48.101.1,v52146466
2015,0.00,"Kelowna, British Columbia",48.101.1,v52146466
2000,..,"Abbotsford-Mission, British Columbia",39.101.1,v44406112
2001,2.00,"Abbotsford-Mission, British Columbia",39.101.1,v44406112
2002,3.00,"Abbotsford-Mission, British Columbia",39.101.1,v44406112
2003,0.00,"Abbotsford-Mission, British Columbia",39.101.1,v44406112
2004,2.00,"Abbotsford-Mission, British Columbia",39.101.1,v44406112
2005,0.00,"Abbotsford-Mission, British Columbia",39.101.1,v44406112
2006,0.00,"Abbotsford-Mission, British Columbia",39.101.1,v44406112
2007,0.00,"Abbotsford-Mission, British Columbia",39.101.1,v44406112
2008,0.00,"Abbotsford-Mission, British Columbia",39.101.1,v44406112
2009,0.00,"Abbotsford-Mission, British Columbia",39.101.1,v44406112
2010,0.00,"Abbotsford-Mission, British Columbia",39.101.1,v44406112
2011,0.00,"Abbotsford-Mission, British Columbia",39.101.1,v44406112
2012,0.00,"Abbotsford-Mission, British Columbia",39.101.1,v44406112
2013,1.00,"Abbotsford-Mission, British Columbia",39.101.1,v44406112
2014,0.00,"Abbotsford-Mission, British Columbia",39.101.1,v44406112
2015,0.00,"Abbotsford-Mission, British Columbia",39.101.1,v44406112
1998,0.00,"Vancouver, British Columbia",37.101.1,v44333334
1999,2.00,"Vancouver, British Columbia",37.101.1,v44333334
2000,0.00,"Vancouver, British Columbia",37.101.1,v44333334
2001,9.00,"Vancouver, British Columbia",37.101.1,v44333334
2002,6.00,"Vancouver, British Columbia",37.101.1,v44333334
2003,4.00,"Vancouver, British Columbia",37.101.1,v44333334
2004,5.00,"Vancouver, British Columbia",37.101.1,v44333334
2005,3.00,"Vancouver, British Columbia",37.101.1,v44333334
2006,3.00,"Vancouver, British Columbia",37.101.1,v44333334
2007,3.00,"Vancouver, British Columbia",37.101.1,v44333334
2008,1.00,"Vancouver, British Columbia",37.101.1,v44333334
2009,6.00,"Vancouver, British Columbia",37.101.1,v44333334
2010,2.00,"Vancouver, British Columbia",37.101.1,v44333334
2011,2.00,"Vancouver, British Columbia",37.101.1,v44333334
2012,0.00,"Vancouver, British Columbia",37.101.1,v44333334
2013,2.00,"Vancouver, British Columbia",37.101.1,v44333334
2014,4.00,"Vancouver, British Columbia",37.101.1,v44333334
2015,0.00,"Vancouver, British Columbia",37.101.1,v44333334
1998,0.00,"Victoria, British Columbia",38.101.1,v44404496
1999,1.00,"Victoria, British Columbia",38.101.1,v44404496
2000,0.00,"Victoria, British Columbia",38.101.1,v44404496
2001,0.00,"Victoria, British Columbia",38.101.1,v44404496
2002,0.00,"Victoria, British Columbia",38.101.1,v44404496
2003,0.00,"Victoria, British Columbia",38.101.1,v44404496
2004,..,"Victoria, British Columbia",38.101.1,v44404496
2005,..,"Victoria, British Columbia",38.101.1,v44404496
2006,0.00,"Victoria, British Columbia",38.101.1,v44404496
2007,0.00,"Victoria, British Columbia",38.101.1,v44404496
2008,0.00,"Victoria, British Columbia",38.101.1,v44404496
2009,4.00,"Victoria, British Columbia",38.101.1,v44404496
2010,1.00,"Victoria, British Columbia",38.101.1,v44404496
2011,0.00,"Victoria, British Columbia",38.101.1,v44404496
2012,1.00,"Victoria, British Columbia",38.101.1,v44404496
2013,1.00,"Victoria, British Columbia",38.101.1,v44404496
2014,0.00,"Victoria, British Columbia",38.101.1,v44404496
2015,0.00,"Victoria, British Columbia",38.101.1,v44404496
1998,0.00,"Yukon",40.101.1,v44397277
1999,0.00,"Yukon",40.101.1,v44397277
2000,..,"Yukon",40.101.1,v44397277
2001,..,"Yukon",40.101.1,v44397277
2002,..,"Yukon",40.101.1,v44397277
2003,0.00,"Yukon",40.101.1,v44397277
2004,0.00,"Yukon",40.101.1,v44397277
2005,0.00,"Yukon",40.101.1,v44397277
2006,0.00,"Yukon",40.101.1,v44397277
2007,0.00,"Yukon",40.101.1,v44397277
2008,0.00,"Yukon",40.101.1,v44397277
2009,0.00,"Yukon",40.101.1,v44397277
2010,0.00,"Yukon",40.101.1,v44397277
2011,0.00,"Yukon",40.101.1,v44397277
2012,0.00,"Yukon",40.101.1,v44397277
2013,0.00,"Yukon",40.101.1,v44397277
2014,0.00,"Yukon",40.101.1,v44397277
2015,0.00,"Yukon",40.101.1,v44397277
1998,0.00,"Northwest Territories",41.101.1,v44403417
1999,..,"Northwest Territories",41.101.1,v44403417
2000,0.00,"Northwest Territories",41.101.1,v44403417
2001,..,"Northwest Territories",41.101.1,v44403417
2002,0.00,"Northwest Territories",41.101.1,v44403417
2003,..,"Northwest Territories",41.101.1,v44403417
2004,0.00,"Northwest Territories",41.101.1,v44403417
2005,0.00,"Northwest Territories",41.101.1,v44403417
2006,0.00,"Northwest Territories",41.101.1,v44403417
2007,0.00,"Northwest Territories",41.101.1,v44403417
2008,0.00,"Northwest Territories",41.101.1,v44403417
2009,0.00,"Northwest Territories",41.101.1,v44403417
2010,0.00,"Northwest Territories",41.101.1,v44403417
2011,0.00,"Northwest Territories",41.101.1,v44403417
2012,0.00,"Northwest Territories",41.101.1,v44403417
2013,0.00,"Northwest Territories",41.101.1,v44403417
2014,0.00,"Northwest Territories",41.101.1,v44403417
2015,0.00,"Northwest Territories",41.101.1,v44403417
2001,..,"Nunavut",42.101.1,v44379450
2002,0.00,"Nunavut",42.101.1,v44379450
2003,0.00,"Nunavut",42.101.1,v44379450
2004,0.00,"Nunavut",42.101.1,v44379450
2005,..,"Nunavut",42.101.1,v44379450
2006,0.00,"Nunavut",42.101.1,v44379450
2007,0.00,"Nunavut",42.101.1,v44379450
2008,0.00,"Nunavut",42.101.1,v44379450
2009,0.00,"Nunavut",42.101.1,v44379450
2010,0.00,"Nunavut",42.101.1,v44379450
2011,0.00,"Nunavut",42.101.1,v44379450
2012,0.00,"Nunavut",42.101.1,v44379450
2013,1.00,"Nunavut",42.101.1,v44379450
2014,0.00,"Nunavut",42.101.1,v44379450
2015,0.00,"Nunavut",42.101.1,v44379450
