1998,0.01,"Canada",1.101.8,v44403304
1999,0.04,"Canada",1.101.8,v44403304
2000,0.03,"Canada",1.101.8,v44403304
2001,0.03,"Canada",1.101.8,v44403304
2002,0.04,"Canada",1.101.8,v44403304
2003,0.03,"Canada",1.101.8,v44403304
2004,0.03,"Canada",1.101.8,v44403304
2005,0.04,"Canada",1.101.8,v44403304
2006,0.07,"Canada",1.101.8,v44403304
2007,0.02,"Canada",1.101.8,v44403304
2008,0.03,"Canada",1.101.8,v44403304
2009,0.04,"Canada",1.101.8,v44403304
2010,0.03,"Canada",1.101.8,v44403304
2011,0.05,"Canada",1.101.8,v44403304
2012,0.10,"Canada",1.101.8,v44403304
2013,0.12,"Canada",1.101.8,v44403304
2014,0.06,"Canada",1.101.8,v44403304
2015,0.01,"Canada",1.101.8,v44403304
1998,0.00,"Newfoundland and Labrador",2.101.8,v44409348
1999,0.00,"Newfoundland and Labrador",2.101.8,v44409348
2000,0.00,"Newfoundland and Labrador",2.101.8,v44409348
2001,0.00,"Newfoundland and Labrador",2.101.8,v44409348
2002,0.00,"Newfoundland and Labrador",2.101.8,v44409348
2003,0.00,"Newfoundland and Labrador",2.101.8,v44409348
2004,0.00,"Newfoundland and Labrador",2.101.8,v44409348
2005,0.00,"Newfoundland and Labrador",2.101.8,v44409348
2006,0.00,"Newfoundland and Labrador",2.101.8,v44409348
2007,0.00,"Newfoundland and Labrador",2.101.8,v44409348
2008,0.00,"Newfoundland and Labrador",2.101.8,v44409348
2009,0.00,"Newfoundland and Labrador",2.101.8,v44409348
2010,0.00,"Newfoundland and Labrador",2.101.8,v44409348
2011,0.00,"Newfoundland and Labrador",2.101.8,v44409348
2012,0.00,"Newfoundland and Labrador",2.101.8,v44409348
2013,0.00,"Newfoundland and Labrador",2.101.8,v44409348
2014,0.00,"Newfoundland and Labrador",2.101.8,v44409348
2015,0.00,"Newfoundland and Labrador",2.101.8,v44409348
1998,0.00,"St. John's, Newfoundland and Labrador",3.101.8,v44340432
1999,0.00,"St. John's, Newfoundland and Labrador",3.101.8,v44340432
2000,0.00,"St. John's, Newfoundland and Labrador",3.101.8,v44340432
2001,..,"St. John's, Newfoundland and Labrador",3.101.8,v44340432
2002,..,"St. John's, Newfoundland and Labrador",3.101.8,v44340432
2003,..,"St. John's, Newfoundland and Labrador",3.101.8,v44340432
2004,0.00,"St. John's, Newfoundland and Labrador",3.101.8,v44340432
2005,0.00,"St. John's, Newfoundland and Labrador",3.101.8,v44340432
2006,0.00,"St. John's, Newfoundland and Labrador",3.101.8,v44340432
2007,0.00,"St. John's, Newfoundland and Labrador",3.101.8,v44340432
2008,0.00,"St. John's, Newfoundland and Labrador",3.101.8,v44340432
2009,0.00,"St. John's, Newfoundland and Labrador",3.101.8,v44340432
2010,0.00,"St. John's, Newfoundland and Labrador",3.101.8,v44340432
2011,0.00,"St. John's, Newfoundland and Labrador",3.101.8,v44340432
2012,0.00,"St. John's, Newfoundland and Labrador",3.101.8,v44340432
2013,0.00,"St. John's, Newfoundland and Labrador",3.101.8,v44340432
2014,0.00,"St. John's, Newfoundland and Labrador",3.101.8,v44340432
2015,0.00,"St. John's, Newfoundland and Labrador",3.101.8,v44340432
1998,0.00,"Prince Edward Island",4.101.8,v44364376
1999,..,"Prince Edward Island",4.101.8,v44364376
2000,0.00,"Prince Edward Island",4.101.8,v44364376
2001,..,"Prince Edward Island",4.101.8,v44364376
2002,..,"Prince Edward Island",4.101.8,v44364376
2003,0.00,"Prince Edward Island",4.101.8,v44364376
2004,0.00,"Prince Edward Island",4.101.8,v44364376
2005,0.00,"Prince Edward Island",4.101.8,v44364376
2006,0.00,"Prince Edward Island",4.101.8,v44364376
2007,0.00,"Prince Edward Island",4.101.8,v44364376
2008,0.00,"Prince Edward Island",4.101.8,v44364376
2009,0.00,"Prince Edward Island",4.101.8,v44364376
2010,0.00,"Prince Edward Island",4.101.8,v44364376
2011,0.00,"Prince Edward Island",4.101.8,v44364376
2012,0.00,"Prince Edward Island",4.101.8,v44364376
2013,0.00,"Prince Edward Island",4.101.8,v44364376
2014,0.00,"Prince Edward Island",4.101.8,v44364376
2015,0.00,"Prince Edward Island",4.101.8,v44364376
1998,0.00,"Nova Scotia",5.101.8,v44390721
1999,0.00,"Nova Scotia",5.101.8,v44390721
2000,0.00,"Nova Scotia",5.101.8,v44390721
2001,0.00,"Nova Scotia",5.101.8,v44390721
2002,0.00,"Nova Scotia",5.101.8,v44390721
2003,0.00,"Nova Scotia",5.101.8,v44390721
2004,0.12,"Nova Scotia",5.101.8,v44390721
2005,0.00,"Nova Scotia",5.101.8,v44390721
2006,0.00,"Nova Scotia",5.101.8,v44390721
2007,0.00,"Nova Scotia",5.101.8,v44390721
2008,0.00,"Nova Scotia",5.101.8,v44390721
2009,0.12,"Nova Scotia",5.101.8,v44390721
2010,0.00,"Nova Scotia",5.101.8,v44390721
2011,0.00,"Nova Scotia",5.101.8,v44390721
2012,0.00,"Nova Scotia",5.101.8,v44390721
2013,0.12,"Nova Scotia",5.101.8,v44390721
2014,0.12,"Nova Scotia",5.101.8,v44390721
2015,0.00,"Nova Scotia",5.101.8,v44390721
1998,0.00,"Halifax, Nova Scotia",6.101.8,v44360199
1999,0.00,"Halifax, Nova Scotia",6.101.8,v44360199
2000,0.00,"Halifax, Nova Scotia",6.101.8,v44360199
2001,0.00,"Halifax, Nova Scotia",6.101.8,v44360199
2002,0.00,"Halifax, Nova Scotia",6.101.8,v44360199
2003,0.00,"Halifax, Nova Scotia",6.101.8,v44360199
2004,0.30,"Halifax, Nova Scotia",6.101.8,v44360199
2005,0.00,"Halifax, Nova Scotia",6.101.8,v44360199
2006,0.00,"Halifax, Nova Scotia",6.101.8,v44360199
2007,0.00,"Halifax, Nova Scotia",6.101.8,v44360199
2008,0.00,"Halifax, Nova Scotia",6.101.8,v44360199
2009,0.29,"Halifax, Nova Scotia",6.101.8,v44360199
2010,0.00,"Halifax, Nova Scotia",6.101.8,v44360199
2011,0.00,"Halifax, Nova Scotia",6.101.8,v44360199
2012,0.00,"Halifax, Nova Scotia",6.101.8,v44360199
2013,0.00,"Halifax, Nova Scotia",6.101.8,v44360199
2014,0.27,"Halifax, Nova Scotia",6.101.8,v44360199
2015,0.00,"Halifax, Nova Scotia",6.101.8,v44360199
1998,0.00,"New Brunswick",7.101.8,v44385847
1999,0.00,"New Brunswick",7.101.8,v44385847
2000,0.00,"New Brunswick",7.101.8,v44385847
2001,0.00,"New Brunswick",7.101.8,v44385847
2002,0.00,"New Brunswick",7.101.8,v44385847
2003,0.00,"New Brunswick",7.101.8,v44385847
2004,0.00,"New Brunswick",7.101.8,v44385847
2005,0.00,"New Brunswick",7.101.8,v44385847
2006,0.00,"New Brunswick",7.101.8,v44385847
2007,0.31,"New Brunswick",7.101.8,v44385847
2008,0.00,"New Brunswick",7.101.8,v44385847
2009,0.00,"New Brunswick",7.101.8,v44385847
2010,0.00,"New Brunswick",7.101.8,v44385847
2011,0.00,"New Brunswick",7.101.8,v44385847
2012,0.00,"New Brunswick",7.101.8,v44385847
2013,0.00,"New Brunswick",7.101.8,v44385847
2014,0.00,"New Brunswick",7.101.8,v44385847
2015,0.00,"New Brunswick",7.101.8,v44385847
2006,0.00,"Moncton, New Brunswick",43.101.8,v52121174
2007,0.87,"Moncton, New Brunswick",43.101.8,v52121174
2008,0.00,"Moncton, New Brunswick",43.101.8,v52121174
2009,0.00,"Moncton, New Brunswick",43.101.8,v52121174
2010,0.00,"Moncton, New Brunswick",43.101.8,v52121174
2011,0.00,"Moncton, New Brunswick",43.101.8,v52121174
2012,0.00,"Moncton, New Brunswick",43.101.8,v52121174
2013,0.00,"Moncton, New Brunswick",43.101.8,v52121174
2014,0.00,"Moncton, New Brunswick",43.101.8,v52121174
2015,0.00,"Moncton, New Brunswick",43.101.8,v52121174
1998,0.00,"Saint John, New Brunswick",8.101.8,v44395153
1999,0.00,"Saint John, New Brunswick",8.101.8,v44395153
2000,0.00,"Saint John, New Brunswick",8.101.8,v44395153
2001,0.00,"Saint John, New Brunswick",8.101.8,v44395153
2002,0.00,"Saint John, New Brunswick",8.101.8,v44395153
2003,0.00,"Saint John, New Brunswick",8.101.8,v44395153
2004,0.00,"Saint John, New Brunswick",8.101.8,v44395153
2005,0.00,"Saint John, New Brunswick",8.101.8,v44395153
2006,0.00,"Saint John, New Brunswick",8.101.8,v44395153
2007,0.80,"Saint John, New Brunswick",8.101.8,v44395153
2008,0.00,"Saint John, New Brunswick",8.101.8,v44395153
2009,0.00,"Saint John, New Brunswick",8.101.8,v44395153
2010,0.00,"Saint John, New Brunswick",8.101.8,v44395153
2011,0.00,"Saint John, New Brunswick",8.101.8,v44395153
2012,0.00,"Saint John, New Brunswick",8.101.8,v44395153
2013,0.00,"Saint John, New Brunswick",8.101.8,v44395153
2014,0.00,"Saint John, New Brunswick",8.101.8,v44395153
2015,0.00,"Saint John, New Brunswick",8.101.8,v44395153
1998,0.00,"Quebec",9.101.8,v44415671
1999,0.00,"Quebec",9.101.8,v44415671
2000,0.00,"Quebec",9.101.8,v44415671
2001,0.06,"Quebec",9.101.8,v44415671
2002,0.05,"Quebec",9.101.8,v44415671
2003,0.02,"Quebec",9.101.8,v44415671
2004,0.00,"Quebec",9.101.8,v44415671
2005,0.09,"Quebec",9.101.8,v44415671
2006,0.15,"Quebec",9.101.8,v44415671
2007,0.03,"Quebec",9.101.8,v44415671
2008,0.13,"Quebec",9.101.8,v44415671
2009,0.01,"Quebec",9.101.8,v44415671
2010,0.06,"Quebec",9.101.8,v44415671
2011,0.04,"Quebec",9.101.8,v44415671
2012,0.01,"Quebec",9.101.8,v44415671
2013,0.11,"Quebec",9.101.8,v44415671
2014,0.00,"Quebec",9.101.8,v44415671
2015,0.00,"Quebec",9.101.8,v44415671
1998,0.00,"Saguenay, Quebec",10.101.8,v44330999
1999,..,"Saguenay, Quebec",10.101.8,v44330999
2000,..,"Saguenay, Quebec",10.101.8,v44330999
2001,..,"Saguenay, Quebec",10.101.8,v44330999
2002,0.00,"Saguenay, Quebec",10.101.8,v44330999
2003,0.00,"Saguenay, Quebec",10.101.8,v44330999
2004,0.00,"Saguenay, Quebec",10.101.8,v44330999
2005,0.00,"Saguenay, Quebec",10.101.8,v44330999
2006,0.00,"Saguenay, Quebec",10.101.8,v44330999
2007,0.00,"Saguenay, Quebec",10.101.8,v44330999
2008,0.00,"Saguenay, Quebec",10.101.8,v44330999
2009,0.00,"Saguenay, Quebec",10.101.8,v44330999
2010,0.00,"Saguenay, Quebec",10.101.8,v44330999
2011,0.00,"Saguenay, Quebec",10.101.8,v44330999
2012,0.00,"Saguenay, Quebec",10.101.8,v44330999
2013,0.00,"Saguenay, Quebec",10.101.8,v44330999
2014,0.00,"Saguenay, Quebec",10.101.8,v44330999
2015,0.00,"Saguenay, Quebec",10.101.8,v44330999
1998,..,"Sherbrooke, Quebec",12.101.8,v44386478
1999,0.00,"Sherbrooke, Quebec",12.101.8,v44386478
2000,..,"Sherbrooke, Quebec",12.101.8,v44386478
2001,..,"Sherbrooke, Quebec",12.101.8,v44386478
2002,..,"Sherbrooke, Quebec",12.101.8,v44386478
2003,..,"Sherbrooke, Quebec",12.101.8,v44386478
2004,0.00,"Sherbrooke, Quebec",12.101.8,v44386478
2005,0.00,"Sherbrooke, Quebec",12.101.8,v44386478
2006,0.00,"Sherbrooke, Quebec",12.101.8,v44386478
2007,0.00,"Sherbrooke, Quebec",12.101.8,v44386478
2008,0.00,"Sherbrooke, Quebec",12.101.8,v44386478
2009,0.00,"Sherbrooke, Quebec",12.101.8,v44386478
2010,0.00,"Sherbrooke, Quebec",12.101.8,v44386478
2011,0.00,"Sherbrooke, Quebec",12.101.8,v44386478
2012,0.00,"Sherbrooke, Quebec",12.101.8,v44386478
2013,0.00,"Sherbrooke, Quebec",12.101.8,v44386478
2014,0.00,"Sherbrooke, Quebec",12.101.8,v44386478
2015,0.00,"Sherbrooke, Quebec",12.101.8,v44386478
1998,0.00,"Ottawa-Gatineau, Quebec part",15.101.8,v44368079
1999,0.00,"Ottawa-Gatineau, Quebec part",15.101.8,v44368079
2000,0.00,"Ottawa-Gatineau, Quebec part",15.101.8,v44368079
2001,..,"Ottawa-Gatineau, Quebec part",15.101.8,v44368079
2002,0.00,"Ottawa-Gatineau, Quebec part",15.101.8,v44368079
2003,0.00,"Ottawa-Gatineau, Quebec part",15.101.8,v44368079
2004,0.00,"Ottawa-Gatineau, Quebec part",15.101.8,v44368079
2005,0.00,"Ottawa-Gatineau, Quebec part",15.101.8,v44368079
2006,0.00,"Ottawa-Gatineau, Quebec part",15.101.8,v44368079
2007,0.00,"Ottawa-Gatineau, Quebec part",15.101.8,v44368079
2008,0.00,"Ottawa-Gatineau, Quebec part",15.101.8,v44368079
2009,0.00,"Ottawa-Gatineau, Quebec part",15.101.8,v44368079
2010,0.00,"Ottawa-Gatineau, Quebec part",15.101.8,v44368079
2011,0.00,"Ottawa-Gatineau, Quebec part",15.101.8,v44368079
2012,0.00,"Ottawa-Gatineau, Quebec part",15.101.8,v44368079
2013,0.00,"Ottawa-Gatineau, Quebec part",15.101.8,v44368079
2014,0.00,"Ottawa-Gatineau, Quebec part",15.101.8,v44368079
2015,0.00,"Ottawa-Gatineau, Quebec part",15.101.8,v44368079
1998,0.00,"Ontario",16.101.8,v44354958
1999,0.02,"Ontario",16.101.8,v44354958
2000,0.00,"Ontario",16.101.8,v44354958
2001,0.00,"Ontario",16.101.8,v44354958
2002,0.03,"Ontario",16.101.8,v44354958
2003,0.02,"Ontario",16.101.8,v44354958
2004,0.00,"Ontario",16.101.8,v44354958
2005,0.02,"Ontario",16.101.8,v44354958
2006,0.05,"Ontario",16.101.8,v44354958
2007,0.00,"Ontario",16.101.8,v44354958
2008,0.01,"Ontario",16.101.8,v44354958
2009,0.06,"Ontario",16.101.8,v44354958
2010,0.04,"Ontario",16.101.8,v44354958
2011,0.03,"Ontario",16.101.8,v44354958
2012,0.18,"Ontario",16.101.8,v44354958
2013,0.18,"Ontario",16.101.8,v44354958
2014,0.13,"Ontario",16.101.8,v44354958
2015,0.02,"Ontario",16.101.8,v44354958
1998,0.00,"Ottawa-Gatineau, Ontario/Quebec",17.101.8,v52146992
1999,0.00,"Ottawa-Gatineau, Ontario/Quebec",17.101.8,v52146992
2000,0.00,"Ottawa-Gatineau, Ontario/Quebec",17.101.8,v52146992
2001,..,"Ottawa-Gatineau, Ontario/Quebec",17.101.8,v52146992
2002,0.00,"Ottawa-Gatineau, Ontario/Quebec",17.101.8,v52146992
2003,0.00,"Ottawa-Gatineau, Ontario/Quebec",17.101.8,v52146992
2004,0.00,"Ottawa-Gatineau, Ontario/Quebec",17.101.8,v52146992
2005,0.00,"Ottawa-Gatineau, Ontario/Quebec",17.101.8,v52146992
2006,0.00,"Ottawa-Gatineau, Ontario/Quebec",17.101.8,v52146992
2007,0.00,"Ottawa-Gatineau, Ontario/Quebec",17.101.8,v52146992
2008,0.00,"Ottawa-Gatineau, Ontario/Quebec",17.101.8,v52146992
2009,0.00,"Ottawa-Gatineau, Ontario/Quebec",17.101.8,v52146992
2010,0.00,"Ottawa-Gatineau, Ontario/Quebec",17.101.8,v52146992
2011,0.00,"Ottawa-Gatineau, Ontario/Quebec",17.101.8,v52146992
2012,0.00,"Ottawa-Gatineau, Ontario/Quebec",17.101.8,v52146992
2013,0.00,"Ottawa-Gatineau, Ontario/Quebec",17.101.8,v52146992
2014,0.00,"Ottawa-Gatineau, Ontario/Quebec",17.101.8,v52146992
2015,0.00,"Ottawa-Gatineau, Ontario/Quebec",17.101.8,v52146992
1998,0.00,"Ottawa-Gatineau, Ontario part",18.101.8,v44379050
1999,0.00,"Ottawa-Gatineau, Ontario part",18.101.8,v44379050
2000,..,"Ottawa-Gatineau, Ontario part",18.101.8,v44379050
2001,..,"Ottawa-Gatineau, Ontario part",18.101.8,v44379050
2002,..,"Ottawa-Gatineau, Ontario part",18.101.8,v44379050
2003,..,"Ottawa-Gatineau, Ontario part",18.101.8,v44379050
2004,0.00,"Ottawa-Gatineau, Ontario part",18.101.8,v44379050
2005,0.00,"Ottawa-Gatineau, Ontario part",18.101.8,v44379050
2006,0.00,"Ottawa-Gatineau, Ontario part",18.101.8,v44379050
2007,0.00,"Ottawa-Gatineau, Ontario part",18.101.8,v44379050
2008,0.00,"Ottawa-Gatineau, Ontario part",18.101.8,v44379050
2009,0.00,"Ottawa-Gatineau, Ontario part",18.101.8,v44379050
2010,0.00,"Ottawa-Gatineau, Ontario part",18.101.8,v44379050
2011,0.00,"Ottawa-Gatineau, Ontario part",18.101.8,v44379050
2012,0.00,"Ottawa-Gatineau, Ontario part",18.101.8,v44379050
2013,0.00,"Ottawa-Gatineau, Ontario part",18.101.8,v44379050
2014,0.00,"Ottawa-Gatineau, Ontario part",18.101.8,v44379050
2015,0.00,"Ottawa-Gatineau, Ontario part",18.101.8,v44379050
2004,0.00,"Kingston, Ontario",27.101.8,v44402971
2005,0.00,"Kingston, Ontario",27.101.8,v44402971
2006,0.00,"Kingston, Ontario",27.101.8,v44402971
2007,0.00,"Kingston, Ontario",27.101.8,v44402971
2008,0.00,"Kingston, Ontario",27.101.8,v44402971
2009,0.00,"Kingston, Ontario",27.101.8,v44402971
2010,0.70,"Kingston, Ontario",27.101.8,v44402971
2011,0.00,"Kingston, Ontario",27.101.8,v44402971
2012,0.00,"Kingston, Ontario",27.101.8,v44402971
2013,0.00,"Kingston, Ontario",27.101.8,v44402971
2014,0.00,"Kingston, Ontario",27.101.8,v44402971
2015,0.00,"Kingston, Ontario",27.101.8,v44402971
2006,0.00,"Peterborough, Ontario",44.101.8,v62129560
2007,0.00,"Peterborough, Ontario",44.101.8,v62129560
2008,0.00,"Peterborough, Ontario",44.101.8,v62129560
2009,0.00,"Peterborough, Ontario",44.101.8,v62129560
2010,0.00,"Peterborough, Ontario",44.101.8,v62129560
2011,0.00,"Peterborough, Ontario",44.101.8,v62129560
2012,0.00,"Peterborough, Ontario",44.101.8,v62129560
2013,0.00,"Peterborough, Ontario",44.101.8,v62129560
2014,0.00,"Peterborough, Ontario",44.101.8,v62129560
2015,0.00,"Peterborough, Ontario",44.101.8,v62129560
1998,0.00,"Toronto, Ontario",19.101.8,v44397797
1999,0.00,"Toronto, Ontario",19.101.8,v44397797
2000,0.00,"Toronto, Ontario",19.101.8,v44397797
2001,0.00,"Toronto, Ontario",19.101.8,v44397797
2002,0.00,"Toronto, Ontario",19.101.8,v44397797
2003,0.00,"Toronto, Ontario",19.101.8,v44397797
2004,0.00,"Toronto, Ontario",19.101.8,v44397797
2005,0.04,"Toronto, Ontario",19.101.8,v44397797
2006,0.11,"Toronto, Ontario",19.101.8,v44397797
2007,0.00,"Toronto, Ontario",19.101.8,v44397797
2008,0.00,"Toronto, Ontario",19.101.8,v44397797
2009,0.13,"Toronto, Ontario",19.101.8,v44397797
2010,0.00,"Toronto, Ontario",19.101.8,v44397797
2011,0.06,"Toronto, Ontario",19.101.8,v44397797
2012,0.40,"Toronto, Ontario",19.101.8,v44397797
2013,0.35,"Toronto, Ontario",19.101.8,v44397797
2014,0.27,"Toronto, Ontario",19.101.8,v44397797
2015,0.06,"Toronto, Ontario",19.101.8,v44397797
1998,0.00,"Hamilton, Ontario",20.101.8,v44333631
1999,0.00,"Hamilton, Ontario",20.101.8,v44333631
2000,0.00,"Hamilton, Ontario",20.101.8,v44333631
2001,..,"Hamilton, Ontario",20.101.8,v44333631
2002,0.00,"Hamilton, Ontario",20.101.8,v44333631
2003,0.00,"Hamilton, Ontario",20.101.8,v44333631
2004,0.00,"Hamilton, Ontario",20.101.8,v44333631
2005,0.00,"Hamilton, Ontario",20.101.8,v44333631
2006,0.00,"Hamilton, Ontario",20.101.8,v44333631
2007,0.00,"Hamilton, Ontario",20.101.8,v44333631
2008,0.00,"Hamilton, Ontario",20.101.8,v44333631
2009,0.00,"Hamilton, Ontario",20.101.8,v44333631
2010,0.00,"Hamilton, Ontario",20.101.8,v44333631
2011,0.00,"Hamilton, Ontario",20.101.8,v44333631
2012,0.00,"Hamilton, Ontario",20.101.8,v44333631
2013,0.00,"Hamilton, Ontario",20.101.8,v44333631
2014,0.00,"Hamilton, Ontario",20.101.8,v44333631
2015,0.00,"Hamilton, Ontario",20.101.8,v44333631
1999,..,"St.Catharines-Niagara, Ontario",21.101.8,v44396074
2000,0.00,"St.Catharines-Niagara, Ontario",21.101.8,v44396074
2001,..,"St.Catharines-Niagara, Ontario",21.101.8,v44396074
2002,0.00,"St.Catharines-Niagara, Ontario",21.101.8,v44396074
2003,0.00,"St.Catharines-Niagara, Ontario",21.101.8,v44396074
2004,0.00,"St.Catharines-Niagara, Ontario",21.101.8,v44396074
2005,0.00,"St.Catharines-Niagara, Ontario",21.101.8,v44396074
2006,0.00,"St.Catharines-Niagara, Ontario",21.101.8,v44396074
2007,0.00,"St.Catharines-Niagara, Ontario",21.101.8,v44396074
2008,0.26,"St.Catharines-Niagara, Ontario",21.101.8,v44396074
2009,0.26,"St.Catharines-Niagara, Ontario",21.101.8,v44396074
2010,0.00,"St.Catharines-Niagara, Ontario",21.101.8,v44396074
2011,0.00,"St.Catharines-Niagara, Ontario",21.101.8,v44396074
2012,0.25,"St.Catharines-Niagara, Ontario",21.101.8,v44396074
2013,0.25,"St.Catharines-Niagara, Ontario",21.101.8,v44396074
2014,0.00,"St.Catharines-Niagara, Ontario",21.101.8,v44396074
2015,0.00,"St.Catharines-Niagara, Ontario",21.101.8,v44396074
1998,..,"Kitchener-Cambridge-Waterloo, Ontario",22.101.8,v44405100
1999,0.00,"Kitchener-Cambridge-Waterloo, Ontario",22.101.8,v44405100
2000,..,"Kitchener-Cambridge-Waterloo, Ontario",22.101.8,v44405100
2001,0.00,"Kitchener-Cambridge-Waterloo, Ontario",22.101.8,v44405100
2002,..,"Kitchener-Cambridge-Waterloo, Ontario",22.101.8,v44405100
2003,0.00,"Kitchener-Cambridge-Waterloo, Ontario",22.101.8,v44405100
2004,0.00,"Kitchener-Cambridge-Waterloo, Ontario",22.101.8,v44405100
2005,0.00,"Kitchener-Cambridge-Waterloo, Ontario",22.101.8,v44405100
2006,0.00,"Kitchener-Cambridge-Waterloo, Ontario",22.101.8,v44405100
2007,0.00,"Kitchener-Cambridge-Waterloo, Ontario",22.101.8,v44405100
2008,0.00,"Kitchener-Cambridge-Waterloo, Ontario",22.101.8,v44405100
2009,0.00,"Kitchener-Cambridge-Waterloo, Ontario",22.101.8,v44405100
2010,0.00,"Kitchener-Cambridge-Waterloo, Ontario",22.101.8,v44405100
2011,0.00,"Kitchener-Cambridge-Waterloo, Ontario",22.101.8,v44405100
2012,0.00,"Kitchener-Cambridge-Waterloo, Ontario",22.101.8,v44405100
2013,0.00,"Kitchener-Cambridge-Waterloo, Ontario",22.101.8,v44405100
2014,0.00,"Kitchener-Cambridge-Waterloo, Ontario",22.101.8,v44405100
2015,0.00,"Kitchener-Cambridge-Waterloo, Ontario",22.101.8,v44405100
2006,0.00,"Brantford, Ontario",45.101.8,v62132710
2007,0.00,"Brantford, Ontario",45.101.8,v62132710
2008,0.00,"Brantford, Ontario",45.101.8,v62132710
2009,0.00,"Brantford, Ontario",45.101.8,v62132710
2010,0.00,"Brantford, Ontario",45.101.8,v62132710
2011,0.00,"Brantford, Ontario",45.101.8,v62132710
2012,0.00,"Brantford, Ontario",45.101.8,v62132710
2013,0.00,"Brantford, Ontario",45.101.8,v62132710
2014,0.00,"Brantford, Ontario",45.101.8,v62132710
2015,0.00,"Brantford, Ontario",45.101.8,v62132710
2005,..,"Guelph, Ontario",46.101.8,v52119644
2006,0.00,"Guelph, Ontario",46.101.8,v52119644
2007,0.00,"Guelph, Ontario",46.101.8,v52119644
2008,0.00,"Guelph, Ontario",46.101.8,v52119644
2009,0.00,"Guelph, Ontario",46.101.8,v52119644
2010,0.00,"Guelph, Ontario",46.101.8,v52119644
2011,0.00,"Guelph, Ontario",46.101.8,v52119644
2012,0.00,"Guelph, Ontario",46.101.8,v52119644
2013,0.00,"Guelph, Ontario",46.101.8,v52119644
2014,0.00,"Guelph, Ontario",46.101.8,v52119644
2015,0.00,"Guelph, Ontario",46.101.8,v52119644
1998,0.00,"London, Ontario",23.101.8,v44351652
1999,0.00,"London, Ontario",23.101.8,v44351652
2000,0.00,"London, Ontario",23.101.8,v44351652
2001,0.00,"London, Ontario",23.101.8,v44351652
2002,0.00,"London, Ontario",23.101.8,v44351652
2003,0.00,"London, Ontario",23.101.8,v44351652
2004,0.00,"London, Ontario",23.101.8,v44351652
2005,0.00,"London, Ontario",23.101.8,v44351652
2006,0.00,"London, Ontario",23.101.8,v44351652
2007,0.00,"London, Ontario",23.101.8,v44351652
2008,0.00,"London, Ontario",23.101.8,v44351652
2009,0.00,"London, Ontario",23.101.8,v44351652
2010,0.00,"London, Ontario",23.101.8,v44351652
2011,0.00,"London, Ontario",23.101.8,v44351652
2012,0.00,"London, Ontario",23.101.8,v44351652
2013,0.00,"London, Ontario",23.101.8,v44351652
2014,0.00,"London, Ontario",23.101.8,v44351652
2015,0.00,"London, Ontario",23.101.8,v44351652
1998,..,"Windsor, Ontario",24.101.8,v44342339
1999,0.00,"Windsor, Ontario",24.101.8,v44342339
2000,0.00,"Windsor, Ontario",24.101.8,v44342339
2001,0.00,"Windsor, Ontario",24.101.8,v44342339
2002,0.00,"Windsor, Ontario",24.101.8,v44342339
2003,0.00,"Windsor, Ontario",24.101.8,v44342339
2004,0.00,"Windsor, Ontario",24.101.8,v44342339
2005,0.00,"Windsor, Ontario",24.101.8,v44342339
2006,0.00,"Windsor, Ontario",24.101.8,v44342339
2007,0.00,"Windsor, Ontario",24.101.8,v44342339
2008,0.00,"Windsor, Ontario",24.101.8,v44342339
2009,0.00,"Windsor, Ontario",24.101.8,v44342339
2010,0.00,"Windsor, Ontario",24.101.8,v44342339
2011,0.00,"Windsor, Ontario",24.101.8,v44342339
2012,0.00,"Windsor, Ontario",24.101.8,v44342339
2013,0.00,"Windsor, Ontario",24.101.8,v44342339
2014,0.00,"Windsor, Ontario",24.101.8,v44342339
2015,0.00,"Windsor, Ontario",24.101.8,v44342339
2006,0.00,"Barrie, Ontario",47.101.8,v62139010
2007,0.00,"Barrie, Ontario",47.101.8,v62139010
2008,0.00,"Barrie, Ontario",47.101.8,v62139010
2009,0.00,"Barrie, Ontario",47.101.8,v62139010
2010,0.00,"Barrie, Ontario",47.101.8,v62139010
2011,0.00,"Barrie, Ontario",47.101.8,v62139010
2012,0.00,"Barrie, Ontario",47.101.8,v62139010
2013,0.00,"Barrie, Ontario",47.101.8,v62139010
2014,0.00,"Barrie, Ontario",47.101.8,v62139010
2015,0.00,"Barrie, Ontario",47.101.8,v62139010
1998,0.00,"Sudbury, Ontario",25.101.8,v44367650
1999,..,"Sudbury, Ontario",25.101.8,v44367650
2000,..,"Sudbury, Ontario",25.101.8,v44367650
2001,0.00,"Sudbury, Ontario",25.101.8,v44367650
2002,0.00,"Sudbury, Ontario",25.101.8,v44367650
2003,0.00,"Sudbury, Ontario",25.101.8,v44367650
2004,0.00,"Sudbury, Ontario",25.101.8,v44367650
2005,0.00,"Sudbury, Ontario",25.101.8,v44367650
2006,0.00,"Sudbury, Ontario",25.101.8,v44367650
2007,0.00,"Sudbury, Ontario",25.101.8,v44367650
2008,0.00,"Sudbury, Ontario",25.101.8,v44367650
2009,0.00,"Sudbury, Ontario",25.101.8,v44367650
2010,0.00,"Sudbury, Ontario",25.101.8,v44367650
2011,0.00,"Sudbury, Ontario",25.101.8,v44367650
2012,0.00,"Sudbury, Ontario",25.101.8,v44367650
2013,0.00,"Sudbury, Ontario",25.101.8,v44367650
2014,0.00,"Sudbury, Ontario",25.101.8,v44367650
2015,0.00,"Sudbury, Ontario",25.101.8,v44367650
2000,..,"Thunder Bay, Ontario",26.101.8,v44404082
2001,0.00,"Thunder Bay, Ontario",26.101.8,v44404082
2002,0.00,"Thunder Bay, Ontario",26.101.8,v44404082
2003,..,"Thunder Bay, Ontario",26.101.8,v44404082
2004,0.00,"Thunder Bay, Ontario",26.101.8,v44404082
2005,0.00,"Thunder Bay, Ontario",26.101.8,v44404082
2006,0.00,"Thunder Bay, Ontario",26.101.8,v44404082
2007,0.00,"Thunder Bay, Ontario",26.101.8,v44404082
2008,0.00,"Thunder Bay, Ontario",26.101.8,v44404082
2009,0.00,"Thunder Bay, Ontario",26.101.8,v44404082
2010,0.00,"Thunder Bay, Ontario",26.101.8,v44404082
2011,0.00,"Thunder Bay, Ontario",26.101.8,v44404082
2012,0.00,"Thunder Bay, Ontario",26.101.8,v44404082
2013,0.00,"Thunder Bay, Ontario",26.101.8,v44404082
2014,0.00,"Thunder Bay, Ontario",26.101.8,v44404082
2015,0.00,"Thunder Bay, Ontario",26.101.8,v44404082
1998,0.00,"Manitoba",28.101.8,v44368774
1999,0.00,"Manitoba",28.101.8,v44368774
2000,0.00,"Manitoba",28.101.8,v44368774
2001,0.00,"Manitoba",28.101.8,v44368774
2002,0.21,"Manitoba",28.101.8,v44368774
2003,0.00,"Manitoba",28.101.8,v44368774
2004,0.20,"Manitoba",28.101.8,v44368774
2005,0.20,"Manitoba",28.101.8,v44368774
2006,0.20,"Manitoba",28.101.8,v44368774
2007,0.00,"Manitoba",28.101.8,v44368774
2008,0.00,"Manitoba",28.101.8,v44368774
2009,0.00,"Manitoba",28.101.8,v44368774
2010,0.00,"Manitoba",28.101.8,v44368774
2011,0.00,"Manitoba",28.101.8,v44368774
2012,0.28,"Manitoba",28.101.8,v44368774
2013,0.19,"Manitoba",28.101.8,v44368774
2014,0.00,"Manitoba",28.101.8,v44368774
2015,0.00,"Manitoba",28.101.8,v44368774
1998,0.00,"Winnipeg, Manitoba",29.101.8,v44344449
1999,0.00,"Winnipeg, Manitoba",29.101.8,v44344449
2000,0.00,"Winnipeg, Manitoba",29.101.8,v44344449
2001,0.00,"Winnipeg, Manitoba",29.101.8,v44344449
2002,0.00,"Winnipeg, Manitoba",29.101.8,v44344449
2003,..,"Winnipeg, Manitoba",29.101.8,v44344449
2004,0.33,"Winnipeg, Manitoba",29.101.8,v44344449
2005,0.33,"Winnipeg, Manitoba",29.101.8,v44344449
2006,0.32,"Winnipeg, Manitoba",29.101.8,v44344449
2007,0.00,"Winnipeg, Manitoba",29.101.8,v44344449
2008,0.00,"Winnipeg, Manitoba",29.101.8,v44344449
2009,0.00,"Winnipeg, Manitoba",29.101.8,v44344449
2010,0.00,"Winnipeg, Manitoba",29.101.8,v44344449
2011,0.00,"Winnipeg, Manitoba",29.101.8,v44344449
2012,0.29,"Winnipeg, Manitoba",29.101.8,v44344449
2013,0.29,"Winnipeg, Manitoba",29.101.8,v44344449
2014,0.00,"Winnipeg, Manitoba",29.101.8,v44344449
2015,0.00,"Winnipeg, Manitoba",29.101.8,v44344449
1998,0.00,"Saskatchewan",30.101.8,v44348597
1999,0.00,"Saskatchewan",30.101.8,v44348597
2000,0.00,"Saskatchewan",30.101.8,v44348597
2001,0.00,"Saskatchewan",30.101.8,v44348597
2002,0.00,"Saskatchewan",30.101.8,v44348597
2003,0.00,"Saskatchewan",30.101.8,v44348597
2004,0.00,"Saskatchewan",30.101.8,v44348597
2005,0.00,"Saskatchewan",30.101.8,v44348597
2006,0.00,"Saskatchewan",30.101.8,v44348597
2007,0.00,"Saskatchewan",30.101.8,v44348597
2008,0.00,"Saskatchewan",30.101.8,v44348597
2009,0.00,"Saskatchewan",30.101.8,v44348597
2010,0.00,"Saskatchewan",30.101.8,v44348597
2011,0.11,"Saskatchewan",30.101.8,v44348597
2012,0.22,"Saskatchewan",30.101.8,v44348597
2013,0.00,"Saskatchewan",30.101.8,v44348597
2014,0.00,"Saskatchewan",30.101.8,v44348597
2015,0.00,"Saskatchewan",30.101.8,v44348597
2000,..,"Regina, Saskatchewan",31.101.8,v44370340
2001,0.00,"Regina, Saskatchewan",31.101.8,v44370340
2002,0.00,"Regina, Saskatchewan",31.101.8,v44370340
2003,0.00,"Regina, Saskatchewan",31.101.8,v44370340
2004,0.00,"Regina, Saskatchewan",31.101.8,v44370340
2005,0.00,"Regina, Saskatchewan",31.101.8,v44370340
2006,0.00,"Regina, Saskatchewan",31.101.8,v44370340
2007,0.00,"Regina, Saskatchewan",31.101.8,v44370340
2008,0.00,"Regina, Saskatchewan",31.101.8,v44370340
2009,0.00,"Regina, Saskatchewan",31.101.8,v44370340
2010,0.00,"Regina, Saskatchewan",31.101.8,v44370340
2011,0.00,"Regina, Saskatchewan",31.101.8,v44370340
2012,1.02,"Regina, Saskatchewan",31.101.8,v44370340
2013,0.00,"Regina, Saskatchewan",31.101.8,v44370340
2014,0.00,"Regina, Saskatchewan",31.101.8,v44370340
2015,0.00,"Regina, Saskatchewan",31.101.8,v44370340
1998,0.00,"Saskatoon, Saskatchewan",32.101.8,v44368082
1999,0.00,"Saskatoon, Saskatchewan",32.101.8,v44368082
2000,..,"Saskatoon, Saskatchewan",32.101.8,v44368082
2001,..,"Saskatoon, Saskatchewan",32.101.8,v44368082
2002,..,"Saskatoon, Saskatchewan",32.101.8,v44368082
2003,0.00,"Saskatoon, Saskatchewan",32.101.8,v44368082
2004,0.00,"Saskatoon, Saskatchewan",32.101.8,v44368082
2005,0.00,"Saskatoon, Saskatchewan",32.101.8,v44368082
2006,0.00,"Saskatoon, Saskatchewan",32.101.8,v44368082
2007,0.00,"Saskatoon, Saskatchewan",32.101.8,v44368082
2008,0.00,"Saskatoon, Saskatchewan",32.101.8,v44368082
2009,0.00,"Saskatoon, Saskatchewan",32.101.8,v44368082
2010,0.00,"Saskatoon, Saskatchewan",32.101.8,v44368082
2011,0.00,"Saskatoon, Saskatchewan",32.101.8,v44368082
2012,0.00,"Saskatoon, Saskatchewan",32.101.8,v44368082
2013,0.00,"Saskatoon, Saskatchewan",32.101.8,v44368082
2014,0.00,"Saskatoon, Saskatchewan",32.101.8,v44368082
2015,0.00,"Saskatoon, Saskatchewan",32.101.8,v44368082
1998,0.08,"Alberta",33.101.8,v44399739
1999,0.29,"Alberta",33.101.8,v44399739
2000,0.24,"Alberta",33.101.8,v44399739
2001,0.00,"Alberta",33.101.8,v44399739
2002,0.04,"Alberta",33.101.8,v44399739
2003,0.15,"Alberta",33.101.8,v44399739
2004,0.00,"Alberta",33.101.8,v44399739
2005,0.04,"Alberta",33.101.8,v44399739
2006,0.00,"Alberta",33.101.8,v44399739
2007,0.00,"Alberta",33.101.8,v44399739
2008,0.00,"Alberta",33.101.8,v44399739
2009,0.00,"Alberta",33.101.8,v44399739
2010,0.00,"Alberta",33.101.8,v44399739
2011,0.19,"Alberta",33.101.8,v44399739
2012,0.09,"Alberta",33.101.8,v44399739
2013,0.03,"Alberta",33.101.8,v44399739
2014,0.00,"Alberta",33.101.8,v44399739
2015,0.00,"Alberta",33.101.8,v44399739
1998,0.00,"Calgary, Alberta",34.101.8,v44333904
1999,0.00,"Calgary, Alberta",34.101.8,v44333904
2000,0.00,"Calgary, Alberta",34.101.8,v44333904
2001,0.00,"Calgary, Alberta",34.101.8,v44333904
2002,0.00,"Calgary, Alberta",34.101.8,v44333904
2003,0.00,"Calgary, Alberta",34.101.8,v44333904
2004,0.00,"Calgary, Alberta",34.101.8,v44333904
2005,0.11,"Calgary, Alberta",34.101.8,v44333904
2006,0.00,"Calgary, Alberta",34.101.8,v44333904
2007,0.00,"Calgary, Alberta",34.101.8,v44333904
2008,0.00,"Calgary, Alberta",34.101.8,v44333904
2009,0.00,"Calgary, Alberta",34.101.8,v44333904
2010,0.00,"Calgary, Alberta",34.101.8,v44333904
2011,0.46,"Calgary, Alberta",34.101.8,v44333904
2012,0.09,"Calgary, Alberta",34.101.8,v44333904
2013,0.00,"Calgary, Alberta",34.101.8,v44333904
2014,0.00,"Calgary, Alberta",34.101.8,v44333904
2015,0.00,"Calgary, Alberta",34.101.8,v44333904
1998,0.00,"Edmonton, Alberta",35.101.8,v44330405
1999,0.00,"Edmonton, Alberta",35.101.8,v44330405
2000,0.00,"Edmonton, Alberta",35.101.8,v44330405
2001,0.00,"Edmonton, Alberta",35.101.8,v44330405
2002,0.00,"Edmonton, Alberta",35.101.8,v44330405
2003,0.00,"Edmonton, Alberta",35.101.8,v44330405
2004,0.00,"Edmonton, Alberta",35.101.8,v44330405
2005,0.00,"Edmonton, Alberta",35.101.8,v44330405
2006,0.00,"Edmonton, Alberta",35.101.8,v44330405
2007,0.00,"Edmonton, Alberta",35.101.8,v44330405
2008,0.00,"Edmonton, Alberta",35.101.8,v44330405
2009,0.00,"Edmonton, Alberta",35.101.8,v44330405
2010,0.00,"Edmonton, Alberta",35.101.8,v44330405
2011,0.10,"Edmonton, Alberta",35.101.8,v44330405
2012,0.19,"Edmonton, Alberta",35.101.8,v44330405
2013,0.09,"Edmonton, Alberta",35.101.8,v44330405
2014,0.00,"Edmonton, Alberta",35.101.8,v44330405
2015,0.00,"Edmonton, Alberta",35.101.8,v44330405
1998,0.00,"British Columbia",36.101.8,v44362394
1999,0.06,"British Columbia",36.101.8,v44362394
2000,0.06,"British Columbia",36.101.8,v44362394
2001,0.14,"British Columbia",36.101.8,v44362394
2002,0.06,"British Columbia",36.101.8,v44362394
2003,0.03,"British Columbia",36.101.8,v44362394
2004,0.11,"British Columbia",36.101.8,v44362394
2005,0.03,"British Columbia",36.101.8,v44362394
2006,0.05,"British Columbia",36.101.8,v44362394
2007,0.03,"British Columbia",36.101.8,v44362394
2008,0.00,"British Columbia",36.101.8,v44362394
2009,0.05,"British Columbia",36.101.8,v44362394
2010,0.05,"British Columbia",36.101.8,v44362394
2011,0.05,"British Columbia",36.101.8,v44362394
2012,0.00,"British Columbia",36.101.8,v44362394
2013,0.10,"British Columbia",36.101.8,v44362394
2014,0.05,"British Columbia",36.101.8,v44362394
2015,0.02,"British Columbia",36.101.8,v44362394
2005,..,"Kelowna, British Columbia",48.101.8,v52146474
2006,0.00,"Kelowna, British Columbia",48.101.8,v52146474
2007,0.00,"Kelowna, British Columbia",48.101.8,v52146474
2008,0.00,"Kelowna, British Columbia",48.101.8,v52146474
2009,0.00,"Kelowna, British Columbia",48.101.8,v52146474
2010,0.00,"Kelowna, British Columbia",48.101.8,v52146474
2011,0.00,"Kelowna, British Columbia",48.101.8,v52146474
2012,0.00,"Kelowna, British Columbia",48.101.8,v52146474
2013,0.00,"Kelowna, British Columbia",48.101.8,v52146474
2014,0.00,"Kelowna, British Columbia",48.101.8,v52146474
2015,0.00,"Kelowna, British Columbia",48.101.8,v52146474
2000,..,"Abbotsford-Mission, British Columbia",39.101.8,v44347836
2001,0.00,"Abbotsford-Mission, British Columbia",39.101.8,v44347836
2002,0.00,"Abbotsford-Mission, British Columbia",39.101.8,v44347836
2003,0.00,"Abbotsford-Mission, British Columbia",39.101.8,v44347836
2004,0.75,"Abbotsford-Mission, British Columbia",39.101.8,v44347836
2005,0.00,"Abbotsford-Mission, British Columbia",39.101.8,v44347836
2006,0.00,"Abbotsford-Mission, British Columbia",39.101.8,v44347836
2007,0.00,"Abbotsford-Mission, British Columbia",39.101.8,v44347836
2008,0.00,"Abbotsford-Mission, British Columbia",39.101.8,v44347836
2009,0.00,"Abbotsford-Mission, British Columbia",39.101.8,v44347836
2010,0.00,"Abbotsford-Mission, British Columbia",39.101.8,v44347836
2011,0.00,"Abbotsford-Mission, British Columbia",39.101.8,v44347836
2012,0.00,"Abbotsford-Mission, British Columbia",39.101.8,v44347836
2013,0.00,"Abbotsford-Mission, British Columbia",39.101.8,v44347836
2014,0.00,"Abbotsford-Mission, British Columbia",39.101.8,v44347836
2015,0.00,"Abbotsford-Mission, British Columbia",39.101.8,v44347836
1998,0.00,"Vancouver, British Columbia",37.101.8,v44377982
1999,0.00,"Vancouver, British Columbia",37.101.8,v44377982
2000,0.00,"Vancouver, British Columbia",37.101.8,v44377982
2001,0.00,"Vancouver, British Columbia",37.101.8,v44377982
2002,0.00,"Vancouver, British Columbia",37.101.8,v44377982
2003,0.00,"Vancouver, British Columbia",37.101.8,v44377982
2004,0.05,"Vancouver, British Columbia",37.101.8,v44377982
2005,0.00,"Vancouver, British Columbia",37.101.8,v44377982
2006,0.10,"Vancouver, British Columbia",37.101.8,v44377982
2007,0.00,"Vancouver, British Columbia",37.101.8,v44377982
2008,0.00,"Vancouver, British Columbia",37.101.8,v44377982
2009,0.05,"Vancouver, British Columbia",37.101.8,v44377982
2010,0.10,"Vancouver, British Columbia",37.101.8,v44377982
2011,0.10,"Vancouver, British Columbia",37.101.8,v44377982
2012,0.00,"Vancouver, British Columbia",37.101.8,v44377982
2013,0.19,"Vancouver, British Columbia",37.101.8,v44377982
2014,0.09,"Vancouver, British Columbia",37.101.8,v44377982
2015,0.00,"Vancouver, British Columbia",37.101.8,v44377982
1998,0.00,"Victoria, British Columbia",38.101.8,v44372836
1999,0.00,"Victoria, British Columbia",38.101.8,v44372836
2000,0.00,"Victoria, British Columbia",38.101.8,v44372836
2001,0.00,"Victoria, British Columbia",38.101.8,v44372836
2002,0.00,"Victoria, British Columbia",38.101.8,v44372836
2003,0.00,"Victoria, British Columbia",38.101.8,v44372836
2004,0.00,"Victoria, British Columbia",38.101.8,v44372836
2005,0.00,"Victoria, British Columbia",38.101.8,v44372836
2006,0.00,"Victoria, British Columbia",38.101.8,v44372836
2007,0.00,"Victoria, British Columbia",38.101.8,v44372836
2008,0.00,"Victoria, British Columbia",38.101.8,v44372836
2009,0.32,"Victoria, British Columbia",38.101.8,v44372836
2010,0.00,"Victoria, British Columbia",38.101.8,v44372836
2011,0.00,"Victoria, British Columbia",38.101.8,v44372836
2012,0.00,"Victoria, British Columbia",38.101.8,v44372836
2013,0.00,"Victoria, British Columbia",38.101.8,v44372836
2014,0.00,"Victoria, British Columbia",38.101.8,v44372836
2015,0.00,"Victoria, British Columbia",38.101.8,v44372836
1998,0.00,"Yukon",40.101.8,v44378221
1999,0.00,"Yukon",40.101.8,v44378221
2000,..,"Yukon",40.101.8,v44378221
2001,..,"Yukon",40.101.8,v44378221
2002,..,"Yukon",40.101.8,v44378221
2003,0.00,"Yukon",40.101.8,v44378221
2004,0.00,"Yukon",40.101.8,v44378221
2005,0.00,"Yukon",40.101.8,v44378221
2006,0.00,"Yukon",40.101.8,v44378221
2007,0.00,"Yukon",40.101.8,v44378221
2008,0.00,"Yukon",40.101.8,v44378221
2009,0.00,"Yukon",40.101.8,v44378221
2010,0.00,"Yukon",40.101.8,v44378221
2011,0.00,"Yukon",40.101.8,v44378221
2012,0.00,"Yukon",40.101.8,v44378221
2013,0.00,"Yukon",40.101.8,v44378221
2014,0.00,"Yukon",40.101.8,v44378221
2015,0.00,"Yukon",40.101.8,v44378221
1998,0.00,"Northwest Territories",41.101.8,v44417051
1999,..,"Northwest Territories",41.101.8,v44417051
2000,0.00,"Northwest Territories",41.101.8,v44417051
2001,..,"Northwest Territories",41.101.8,v44417051
2002,0.00,"Northwest Territories",41.101.8,v44417051
2003,..,"Northwest Territories",41.101.8,v44417051
2004,0.00,"Northwest Territories",41.101.8,v44417051
2005,0.00,"Northwest Territories",41.101.8,v44417051
2006,0.00,"Northwest Territories",41.101.8,v44417051
2007,0.00,"Northwest Territories",41.101.8,v44417051
2008,0.00,"Northwest Territories",41.101.8,v44417051
2009,0.00,"Northwest Territories",41.101.8,v44417051
2010,0.00,"Northwest Territories",41.101.8,v44417051
2011,0.00,"Northwest Territories",41.101.8,v44417051
2012,0.00,"Northwest Territories",41.101.8,v44417051
2013,0.00,"Northwest Territories",41.101.8,v44417051
2014,0.00,"Northwest Territories",41.101.8,v44417051
2015,0.00,"Northwest Territories",41.101.8,v44417051
2001,..,"Nunavut",42.101.8,v44365409
2002,0.00,"Nunavut",42.101.8,v44365409
2003,0.00,"Nunavut",42.101.8,v44365409
2004,0.00,"Nunavut",42.101.8,v44365409
2005,0.00,"Nunavut",42.101.8,v44365409
2006,0.00,"Nunavut",42.101.8,v44365409
2007,0.00,"Nunavut",42.101.8,v44365409
2008,0.00,"Nunavut",42.101.8,v44365409
2009,0.00,"Nunavut",42.101.8,v44365409
2010,0.00,"Nunavut",42.101.8,v44365409
2011,0.00,"Nunavut",42.101.8,v44365409
2012,0.00,"Nunavut",42.101.8,v44365409
2013,0.00,"Nunavut",42.101.8,v44365409
2014,0.00,"Nunavut",42.101.8,v44365409
2015,0.00,"Nunavut",42.101.8,v44365409
